key,jobs,base_seed,tariff,algorithm_seed,mode,individuals,ND_candidates,unique_ND_split_credit
n100_i1315001_H_a1101_BASE,100,1315001,H,1101,0,10,4,4.0
n100_i1315001_H_a1101_BASE,100,1315001,H,1101,1,10,5,5.0
n100_i1315001_H_a1101_BASE,100,1315001,H,1101,2,10,2,2.0
n100_i1315001_H_a1101_BASE,100,1315001,H,1101,3,10,0,0
n100_i1315001_H_a1101_BASE,100,1315001,H,1101,4,10,1,1.0
n100_i1315001_H_a1101_BASE,100,1315001,H,1101,5,10,0,0
n100_i1315001_H_a1101_BASE,100,1315001,H,1101,6,10,1,1.0
n100_i1315001_H_a1101_BASE,100,1315001,H,1101,7,10,0,0
n100_i1315001_H_a1101_BASE,100,1315001,H,1101,8,10,1,1.0
n100_i1315001_H_a1101_BASE,100,1315001,H,1101,9,10,0,0
n100_i1315001_H_a2202_BASE,100,1315001,H,2202,0,10,2,2.0
n100_i1315001_H_a2202_BASE,100,1315001,H,2202,1,10,3,3.0
n100_i1315001_H_a2202_BASE,100,1315001,H,2202,2,10,1,1.0
n100_i1315001_H_a2202_BASE,100,1315001,H,2202,3,10,0,0
n100_i1315001_H_a2202_BASE,100,1315001,H,2202,4,10,0,0
n100_i1315001_H_a2202_BASE,100,1315001,H,2202,5,10,0,0
n100_i1315001_H_a2202_BASE,100,1315001,H,2202,6,10,1,1.0
n100_i1315001_H_a2202_BASE,100,1315001,H,2202,7,10,1,1.0
n100_i1315001_H_a2202_BASE,100,1315001,H,2202,8,10,2,2.0
n100_i1315001_H_a2202_BASE,100,1315001,H,2202,9,10,1,1.0
n100_i1315001_T_a1101_BASE,100,1315001,T,1101,0,10,3,3.0
n100_i1315001_T_a1101_BASE,100,1315001,T,1101,1,10,5,5.0
n100_i1315001_T_a1101_BASE,100,1315001,T,1101,2,10,2,2.0
n100_i1315001_T_a1101_BASE,100,1315001,T,1101,3,10,0,0
n100_i1315001_T_a1101_BASE,100,1315001,T,1101,4,10,1,1.0
n100_i1315001_T_a1101_BASE,100,1315001,T,1101,5,10,0,0
n100_i1315001_T_a1101_BASE,100,1315001,T,1101,6,10,1,1.0
n100_i1315001_T_a1101_BASE,100,1315001,T,1101,7,10,0,0
n100_i1315001_T_a1101_BASE,100,1315001,T,1101,8,10,1,1.0
n100_i1315001_T_a1101_BASE,100,1315001,T,1101,9,10,0,0
n100_i1315001_T_a2202_BASE,100,1315001,T,2202,0,10,2,2.0
n100_i1315001_T_a2202_BASE,100,1315001,T,2202,1,10,3,3.0
n100_i1315001_T_a2202_BASE,100,1315001,T,2202,2,10,2,2.0
n100_i1315001_T_a2202_BASE,100,1315001,T,2202,3,10,1,1.0
n100_i1315001_T_a2202_BASE,100,1315001,T,2202,4,10,0,0
n100_i1315001_T_a2202_BASE,100,1315001,T,2202,5,10,0,0
n100_i1315001_T_a2202_BASE,100,1315001,T,2202,6,10,1,1.0
n100_i1315001_T_a2202_BASE,100,1315001,T,2202,7,10,0,0
n100_i1315001_T_a2202_BASE,100,1315001,T,2202,8,10,2,2.0
n100_i1315001_T_a2202_BASE,100,1315001,T,2202,9,10,1,1.0
n100_i1315003_H_a1101_BASE,100,1315003,H,1101,0,10,0,0
n100_i1315003_H_a1101_BASE,100,1315003,H,1101,1,10,2,2.0
n100_i1315003_H_a1101_BASE,100,1315003,H,1101,2,10,2,2.0
n100_i1315003_H_a1101_BASE,100,1315003,H,1101,3,10,0,0
n100_i1315003_H_a1101_BASE,100,1315003,H,1101,4,10,1,1.0
n100_i1315003_H_a1101_BASE,100,1315003,H,1101,5,10,0,0
n100_i1315003_H_a1101_BASE,100,1315003,H,1101,6,10,2,2.0
n100_i1315003_H_a1101_BASE,100,1315003,H,1101,7,10,0,0
n100_i1315003_H_a1101_BASE,100,1315003,H,1101,8,10,1,1.0
n100_i1315003_H_a1101_BASE,100,1315003,H,1101,9,10,1,1.0
n100_i1315003_H_a2202_BASE,100,1315003,H,2202,0,10,0,0
n100_i1315003_H_a2202_BASE,100,1315003,H,2202,1,10,3,3.0
n100_i1315003_H_a2202_BASE,100,1315003,H,2202,2,10,1,1.0
n100_i1315003_H_a2202_BASE,100,1315003,H,2202,3,10,0,0
n100_i1315003_H_a2202_BASE,100,1315003,H,2202,4,10,2,2.0
n100_i1315003_H_a2202_BASE,100,1315003,H,2202,5,10,0,0
n100_i1315003_H_a2202_BASE,100,1315003,H,2202,6,10,1,1.0
n100_i1315003_H_a2202_BASE,100,1315003,H,2202,7,10,1,1.0
n100_i1315003_H_a2202_BASE,100,1315003,H,2202,8,10,2,2.0
n100_i1315003_H_a2202_BASE,100,1315003,H,2202,9,10,2,2.0
n100_i1315003_T_a1101_BASE,100,1315003,T,1101,0,10,0,0
n100_i1315003_T_a1101_BASE,100,1315003,T,1101,1,10,2,2.0
n100_i1315003_T_a1101_BASE,100,1315003,T,1101,2,10,2,2.0
n100_i1315003_T_a1101_BASE,100,1315003,T,1101,3,10,0,0
n100_i1315003_T_a1101_BASE,100,1315003,T,1101,4,10,1,1.0
n100_i1315003_T_a1101_BASE,100,1315003,T,1101,5,10,0,0
n100_i1315003_T_a1101_BASE,100,1315003,T,1101,6,10,2,2.0
n100_i1315003_T_a1101_BASE,100,1315003,T,1101,7,10,1,1.0
n100_i1315003_T_a1101_BASE,100,1315003,T,1101,8,10,1,1.0
n100_i1315003_T_a1101_BASE,100,1315003,T,1101,9,10,1,1.0
n100_i1315003_T_a2202_BASE,100,1315003,T,2202,0,10,0,0
n100_i1315003_T_a2202_BASE,100,1315003,T,2202,1,10,3,3.0
n100_i1315003_T_a2202_BASE,100,1315003,T,2202,2,10,1,1.0
n100_i1315003_T_a2202_BASE,100,1315003,T,2202,3,10,0,0
n100_i1315003_T_a2202_BASE,100,1315003,T,2202,4,10,1,1.0
n100_i1315003_T_a2202_BASE,100,1315003,T,2202,5,10,1,1.0
n100_i1315003_T_a2202_BASE,100,1315003,T,2202,6,10,1,1.0
n100_i1315003_T_a2202_BASE,100,1315003,T,2202,7,10,1,1.0
n100_i1315003_T_a2202_BASE,100,1315003,T,2202,8,10,2,2.0
n100_i1315003_T_a2202_BASE,100,1315003,T,2202,9,10,2,2.0
n100_i1315005_H_a1101_BASE,100,1315005,H,1101,0,10,0,0
n100_i1315005_H_a1101_BASE,100,1315005,H,1101,1,10,4,4.0
n100_i1315005_H_a1101_BASE,100,1315005,H,1101,2,10,3,3.0
n100_i1315005_H_a1101_BASE,100,1315005,H,1101,3,10,0,0
n100_i1315005_H_a1101_BASE,100,1315005,H,1101,4,10,1,1.0
n100_i1315005_H_a1101_BASE,100,1315005,H,1101,5,10,0,0
n100_i1315005_H_a1101_BASE,100,1315005,H,1101,6,10,3,3.0
n100_i1315005_H_a1101_BASE,100,1315005,H,1101,7,10,1,1.0
n100_i1315005_H_a1101_BASE,100,1315005,H,1101,8,10,2,2.0
n100_i1315005_H_a1101_BASE,100,1315005,H,1101,9,10,1,1.0
n100_i1315005_H_a2202_BASE,100,1315005,H,2202,0,10,1,1.0
n100_i1315005_H_a2202_BASE,100,1315005,H,2202,1,10,3,3.0
n100_i1315005_H_a2202_BASE,100,1315005,H,2202,2,10,2,2.0
n100_i1315005_H_a2202_BASE,100,1315005,H,2202,3,10,1,1.0
n100_i1315005_H_a2202_BASE,100,1315005,H,2202,4,10,0,0
n100_i1315005_H_a2202_BASE,100,1315005,H,2202,5,10,0,0
n100_i1315005_H_a2202_BASE,100,1315005,H,2202,6,10,2,2.0
n100_i1315005_H_a2202_BASE,100,1315005,H,2202,7,10,0,0
n100_i1315005_H_a2202_BASE,100,1315005,H,2202,8,10,2,2.0
n100_i1315005_H_a2202_BASE,100,1315005,H,2202,9,10,1,1.0
n100_i1315005_T_a1101_BASE,100,1315005,T,1101,0,10,0,0
n100_i1315005_T_a1101_BASE,100,1315005,T,1101,1,10,5,5.0
n100_i1315005_T_a1101_BASE,100,1315005,T,1101,2,10,3,3.0
n100_i1315005_T_a1101_BASE,100,1315005,T,1101,3,10,0,0
n100_i1315005_T_a1101_BASE,100,1315005,T,1101,4,10,0,0
n100_i1315005_T_a1101_BASE,100,1315005,T,1101,5,10,0,0
n100_i1315005_T_a1101_BASE,100,1315005,T,1101,6,10,4,4.0
n100_i1315005_T_a1101_BASE,100,1315005,T,1101,7,10,0,0
n100_i1315005_T_a1101_BASE,100,1315005,T,1101,8,10,2,2.0
n100_i1315005_T_a1101_BASE,100,1315005,T,1101,9,10,1,1.0
n100_i1315005_T_a2202_BASE,100,1315005,T,2202,0,10,1,1.0
n100_i1315005_T_a2202_BASE,100,1315005,T,2202,1,10,2,2.0
n100_i1315005_T_a2202_BASE,100,1315005,T,2202,2,10,2,2.0
n100_i1315005_T_a2202_BASE,100,1315005,T,2202,3,10,0,0
n100_i1315005_T_a2202_BASE,100,1315005,T,2202,4,10,0,0
n100_i1315005_T_a2202_BASE,100,1315005,T,2202,5,10,0,0
n100_i1315005_T_a2202_BASE,100,1315005,T,2202,6,10,2,2.0
n100_i1315005_T_a2202_BASE,100,1315005,T,2202,7,10,0,0
n100_i1315005_T_a2202_BASE,100,1315005,T,2202,8,10,1,1.0
n100_i1315005_T_a2202_BASE,100,1315005,T,2202,9,10,2,2.0
n100_i1315007_H_a1101_BASE,100,1315007,H,1101,0,10,1,1.0
n100_i1315007_H_a1101_BASE,100,1315007,H,1101,1,10,3,3.0
n100_i1315007_H_a1101_BASE,100,1315007,H,1101,2,10,1,1.0
n100_i1315007_H_a1101_BASE,100,1315007,H,1101,3,10,0,0
n100_i1315007_H_a1101_BASE,100,1315007,H,1101,4,10,0,0
n100_i1315007_H_a1101_BASE,100,1315007,H,1101,5,10,0,0
n100_i1315007_H_a1101_BASE,100,1315007,H,1101,6,10,1,1.0
n100_i1315007_H_a1101_BASE,100,1315007,H,1101,7,10,0,0
n100_i1315007_H_a1101_BASE,100,1315007,H,1101,8,10,1,1.0
n100_i1315007_H_a1101_BASE,100,1315007,H,1101,9,10,1,1.0
n100_i1315007_H_a2202_BASE,100,1315007,H,2202,0,10,1,1.0
n100_i1315007_H_a2202_BASE,100,1315007,H,2202,1,10,2,2.0
n100_i1315007_H_a2202_BASE,100,1315007,H,2202,2,10,4,4.0
n100_i1315007_H_a2202_BASE,100,1315007,H,2202,3,10,1,1.0
n100_i1315007_H_a2202_BASE,100,1315007,H,2202,4,10,1,1.0
n100_i1315007_H_a2202_BASE,100,1315007,H,2202,5,10,1,1.0
n100_i1315007_H_a2202_BASE,100,1315007,H,2202,6,10,1,1.0
n100_i1315007_H_a2202_BASE,100,1315007,H,2202,7,10,0,0
n100_i1315007_H_a2202_BASE,100,1315007,H,2202,8,10,0,0
n100_i1315007_H_a2202_BASE,100,1315007,H,2202,9,10,1,1.0
n100_i1315007_T_a1101_BASE,100,1315007,T,1101,0,10,1,1.0
n100_i1315007_T_a1101_BASE,100,1315007,T,1101,1,10,3,3.0
n100_i1315007_T_a1101_BASE,100,1315007,T,1101,2,10,1,1.0
n100_i1315007_T_a1101_BASE,100,1315007,T,1101,3,10,1,1.0
n100_i1315007_T_a1101_BASE,100,1315007,T,1101,4,10,0,0
n100_i1315007_T_a1101_BASE,100,1315007,T,1101,5,10,0,0
n100_i1315007_T_a1101_BASE,100,1315007,T,1101,6,10,1,1.0
n100_i1315007_T_a1101_BASE,100,1315007,T,1101,7,10,0,0
n100_i1315007_T_a1101_BASE,100,1315007,T,1101,8,10,2,2.0
n100_i1315007_T_a1101_BASE,100,1315007,T,1101,9,10,1,1.0
n100_i1315007_T_a2202_BASE,100,1315007,T,2202,0,10,2,2.0
n100_i1315007_T_a2202_BASE,100,1315007,T,2202,1,10,1,1.0
n100_i1315007_T_a2202_BASE,100,1315007,T,2202,2,10,4,4.0
n100_i1315007_T_a2202_BASE,100,1315007,T,2202,3,10,1,1.0
n100_i1315007_T_a2202_BASE,100,1315007,T,2202,4,10,0,0
n100_i1315007_T_a2202_BASE,100,1315007,T,2202,5,10,1,1.0
n100_i1315007_T_a2202_BASE,100,1315007,T,2202,6,10,1,1.0
n100_i1315007_T_a2202_BASE,100,1315007,T,2202,7,10,0,0
n100_i1315007_T_a2202_BASE,100,1315007,T,2202,8,10,0,0
n100_i1315007_T_a2202_BASE,100,1315007,T,2202,9,10,1,1.0
n100_i1315009_H_a1101_BASE,100,1315009,H,1101,0,10,3,3.0
n100_i1315009_H_a1101_BASE,100,1315009,H,1101,1,10,1,1.0
n100_i1315009_H_a1101_BASE,100,1315009,H,1101,2,10,2,2.0
n100_i1315009_H_a1101_BASE,100,1315009,H,1101,3,10,1,1.0
n100_i1315009_H_a1101_BASE,100,1315009,H,1101,4,10,0,0
n100_i1315009_H_a1101_BASE,100,1315009,H,1101,5,10,1,1.0
n100_i1315009_H_a1101_BASE,100,1315009,H,1101,6,10,1,1.0
n100_i1315009_H_a1101_BASE,100,1315009,H,1101,7,10,0,0
n100_i1315009_H_a1101_BASE,100,1315009,H,1101,8,10,0,0
n100_i1315009_H_a1101_BASE,100,1315009,H,1101,9,10,0,0
n100_i1315009_H_a2202_BASE,100,1315009,H,2202,0,10,0,0
n100_i1315009_H_a2202_BASE,100,1315009,H,2202,1,10,2,2.0
n100_i1315009_H_a2202_BASE,100,1315009,H,2202,2,10,2,2.0
n100_i1315009_H_a2202_BASE,100,1315009,H,2202,3,10,0,0
n100_i1315009_H_a2202_BASE,100,1315009,H,2202,4,10,0,0
n100_i1315009_H_a2202_BASE,100,1315009,H,2202,5,10,0,0
n100_i1315009_H_a2202_BASE,100,1315009,H,2202,6,10,0,0
n100_i1315009_H_a2202_BASE,100,1315009,H,2202,7,10,0,0
n100_i1315009_H_a2202_BASE,100,1315009,H,2202,8,10,1,1.0
n100_i1315009_H_a2202_BASE,100,1315009,H,2202,9,10,3,3.0
n100_i1315009_T_a1101_BASE,100,1315009,T,1101,0,10,2,2.0
n100_i1315009_T_a1101_BASE,100,1315009,T,1101,1,10,4,4.0
n100_i1315009_T_a1101_BASE,100,1315009,T,1101,2,10,2,2.0
n100_i1315009_T_a1101_BASE,100,1315009,T,1101,3,10,1,1.0
n100_i1315009_T_a1101_BASE,100,1315009,T,1101,4,10,0,0
n100_i1315009_T_a1101_BASE,100,1315009,T,1101,5,10,1,1.0
n100_i1315009_T_a1101_BASE,100,1315009,T,1101,6,10,0,0
n100_i1315009_T_a1101_BASE,100,1315009,T,1101,7,10,1,1.0
n100_i1315009_T_a1101_BASE,100,1315009,T,1101,8,10,0,0
n100_i1315009_T_a1101_BASE,100,1315009,T,1101,9,10,0,0
n100_i1315009_T_a2202_BASE,100,1315009,T,2202,0,10,0,0
n100_i1315009_T_a2202_BASE,100,1315009,T,2202,1,10,2,2.0
n100_i1315009_T_a2202_BASE,100,1315009,T,2202,2,10,2,2.0
n100_i1315009_T_a2202_BASE,100,1315009,T,2202,3,10,0,0
n100_i1315009_T_a2202_BASE,100,1315009,T,2202,4,10,0,0
n100_i1315009_T_a2202_BASE,100,1315009,T,2202,5,10,0,0
n100_i1315009_T_a2202_BASE,100,1315009,T,2202,6,10,0,0
n100_i1315009_T_a2202_BASE,100,1315009,T,2202,7,10,0,0
n100_i1315009_T_a2202_BASE,100,1315009,T,2202,8,10,1,1.0
n100_i1315009_T_a2202_BASE,100,1315009,T,2202,9,10,2,2.0
n100_i1315011_H_a1101_BASE,100,1315011,H,1101,0,10,0,0
n100_i1315011_H_a1101_BASE,100,1315011,H,1101,1,10,3,3.0
n100_i1315011_H_a1101_BASE,100,1315011,H,1101,2,10,1,1.0
n100_i1315011_H_a1101_BASE,100,1315011,H,1101,3,10,1,1.0
n100_i1315011_H_a1101_BASE,100,1315011,H,1101,4,10,0,0
n100_i1315011_H_a1101_BASE,100,1315011,H,1101,5,10,0,0
n100_i1315011_H_a1101_BASE,100,1315011,H,1101,6,10,0,0
n100_i1315011_H_a1101_BASE,100,1315011,H,1101,7,10,0,0
n100_i1315011_H_a1101_BASE,100,1315011,H,1101,8,10,1,1.0
n100_i1315011_H_a1101_BASE,100,1315011,H,1101,9,10,1,1.0
n100_i1315011_H_a2202_BASE,100,1315011,H,2202,0,10,4,4.0
n100_i1315011_H_a2202_BASE,100,1315011,H,2202,1,10,1,1.0
n100_i1315011_H_a2202_BASE,100,1315011,H,2202,2,10,2,2.0
n100_i1315011_H_a2202_BASE,100,1315011,H,2202,3,10,1,1.0
n100_i1315011_H_a2202_BASE,100,1315011,H,2202,4,10,0,0
n100_i1315011_H_a2202_BASE,100,1315011,H,2202,5,10,0,0
n100_i1315011_H_a2202_BASE,100,1315011,H,2202,6,10,0,0
n100_i1315011_H_a2202_BASE,100,1315011,H,2202,7,10,0,0
n100_i1315011_H_a2202_BASE,100,1315011,H,2202,8,10,0,0
n100_i1315011_H_a2202_BASE,100,1315011,H,2202,9,10,1,1.0
n100_i1315011_T_a1101_BASE,100,1315011,T,1101,0,10,1,1.0
n100_i1315011_T_a1101_BASE,100,1315011,T,1101,1,10,2,2.0
n100_i1315011_T_a1101_BASE,100,1315011,T,1101,2,10,1,1.0
n100_i1315011_T_a1101_BASE,100,1315011,T,1101,3,10,0,0
n100_i1315011_T_a1101_BASE,100,1315011,T,1101,4,10,0,0
n100_i1315011_T_a1101_BASE,100,1315011,T,1101,5,10,0,0
n100_i1315011_T_a1101_BASE,100,1315011,T,1101,6,10,0,0
n100_i1315011_T_a1101_BASE,100,1315011,T,1101,7,10,1,1.0
n100_i1315011_T_a1101_BASE,100,1315011,T,1101,8,10,1,1.0
n100_i1315011_T_a1101_BASE,100,1315011,T,1101,9,10,1,1.0
n100_i1315011_T_a2202_BASE,100,1315011,T,2202,0,10,4,4.0
n100_i1315011_T_a2202_BASE,100,1315011,T,2202,1,10,1,1.0
n100_i1315011_T_a2202_BASE,100,1315011,T,2202,2,10,2,2.0
n100_i1315011_T_a2202_BASE,100,1315011,T,2202,3,10,0,0
n100_i1315011_T_a2202_BASE,100,1315011,T,2202,4,10,1,1.0
n100_i1315011_T_a2202_BASE,100,1315011,T,2202,5,10,0,0
n100_i1315011_T_a2202_BASE,100,1315011,T,2202,6,10,0,0
n100_i1315011_T_a2202_BASE,100,1315011,T,2202,7,10,0,0
n100_i1315011_T_a2202_BASE,100,1315011,T,2202,8,10,0,0
n100_i1315011_T_a2202_BASE,100,1315011,T,2202,9,10,1,1.0
n100_i1315013_H_a1101_BASE,100,1315013,H,1101,0,10,1,1.0
n100_i1315013_H_a1101_BASE,100,1315013,H,1101,1,10,5,5.0
n100_i1315013_H_a1101_BASE,100,1315013,H,1101,2,10,0,0
n100_i1315013_H_a1101_BASE,100,1315013,H,1101,3,10,0,0
n100_i1315013_H_a1101_BASE,100,1315013,H,1101,4,10,0,0
n100_i1315013_H_a1101_BASE,100,1315013,H,1101,5,10,0,0
n100_i1315013_H_a1101_BASE,100,1315013,H,1101,6,10,0,0
n100_i1315013_H_a1101_BASE,100,1315013,H,1101,7,10,0,0
n100_i1315013_H_a1101_BASE,100,1315013,H,1101,8,10,3,3.0
n100_i1315013_H_a1101_BASE,100,1315013,H,1101,9,10,1,1.0
n100_i1315013_H_a2202_BASE,100,1315013,H,2202,0,10,2,2.0
n100_i1315013_H_a2202_BASE,100,1315013,H,2202,1,10,1,1.0
n100_i1315013_H_a2202_BASE,100,1315013,H,2202,2,10,1,1.0
n100_i1315013_H_a2202_BASE,100,1315013,H,2202,3,10,0,0
n100_i1315013_H_a2202_BASE,100,1315013,H,2202,4,10,0,0
n100_i1315013_H_a2202_BASE,100,1315013,H,2202,5,10,0,0
n100_i1315013_H_a2202_BASE,100,1315013,H,2202,6,10,0,0
n100_i1315013_H_a2202_BASE,100,1315013,H,2202,7,10,0,0
n100_i1315013_H_a2202_BASE,100,1315013,H,2202,8,10,3,3.0
n100_i1315013_H_a2202_BASE,100,1315013,H,2202,9,10,2,2.0
n100_i1315013_T_a1101_BASE,100,1315013,T,1101,0,10,1,1.0
n100_i1315013_T_a1101_BASE,100,1315013,T,1101,1,10,5,5.0
n100_i1315013_T_a1101_BASE,100,1315013,T,1101,2,10,0,0
n100_i1315013_T_a1101_BASE,100,1315013,T,1101,3,10,0,0
n100_i1315013_T_a1101_BASE,100,1315013,T,1101,4,10,0,0
n100_i1315013_T_a1101_BASE,100,1315013,T,1101,5,10,0,0
n100_i1315013_T_a1101_BASE,100,1315013,T,1101,6,10,0,0
n100_i1315013_T_a1101_BASE,100,1315013,T,1101,7,10,0,0
n100_i1315013_T_a1101_BASE,100,1315013,T,1101,8,10,2,2.0
n100_i1315013_T_a1101_BASE,100,1315013,T,1101,9,10,1,1.0
n100_i1315013_T_a2202_BASE,100,1315013,T,2202,0,10,2,2.0
n100_i1315013_T_a2202_BASE,100,1315013,T,2202,1,10,1,1.0
n100_i1315013_T_a2202_BASE,100,1315013,T,2202,2,10,1,1.0
n100_i1315013_T_a2202_BASE,100,1315013,T,2202,3,10,0,0
n100_i1315013_T_a2202_BASE,100,1315013,T,2202,4,10,0,0
n100_i1315013_T_a2202_BASE,100,1315013,T,2202,5,10,0,0
n100_i1315013_T_a2202_BASE,100,1315013,T,2202,6,10,0,0
n100_i1315013_T_a2202_BASE,100,1315013,T,2202,7,10,0,0
n100_i1315013_T_a2202_BASE,100,1315013,T,2202,8,10,2,2.0
n100_i1315013_T_a2202_BASE,100,1315013,T,2202,9,10,1,1.0
n100_i1315015_H_a1101_BASE,100,1315015,H,1101,0,10,2,2.0
n100_i1315015_H_a1101_BASE,100,1315015,H,1101,1,10,2,2.0
n100_i1315015_H_a1101_BASE,100,1315015,H,1101,2,10,1,1.0
n100_i1315015_H_a1101_BASE,100,1315015,H,1101,3,10,0,0
n100_i1315015_H_a1101_BASE,100,1315015,H,1101,4,10,3,3.0
n100_i1315015_H_a1101_BASE,100,1315015,H,1101,5,10,0,0
n100_i1315015_H_a1101_BASE,100,1315015,H,1101,6,10,1,1.0
n100_i1315015_H_a1101_BASE,100,1315015,H,1101,7,10,0,0
n100_i1315015_H_a1101_BASE,100,1315015,H,1101,8,10,3,3.0
n100_i1315015_H_a1101_BASE,100,1315015,H,1101,9,10,0,0
n100_i1315015_H_a2202_BASE,100,1315015,H,2202,0,10,2,2.0
n100_i1315015_H_a2202_BASE,100,1315015,H,2202,1,10,3,3.0
n100_i1315015_H_a2202_BASE,100,1315015,H,2202,2,10,2,2.0
n100_i1315015_H_a2202_BASE,100,1315015,H,2202,3,10,0,0
n100_i1315015_H_a2202_BASE,100,1315015,H,2202,4,10,2,2.0
n100_i1315015_H_a2202_BASE,100,1315015,H,2202,5,10,0,0
n100_i1315015_H_a2202_BASE,100,1315015,H,2202,6,10,0,0
n100_i1315015_H_a2202_BASE,100,1315015,H,2202,7,10,0,0
n100_i1315015_H_a2202_BASE,100,1315015,H,2202,8,10,0,0
n100_i1315015_H_a2202_BASE,100,1315015,H,2202,9,10,0,0
n100_i1315015_T_a1101_BASE,100,1315015,T,1101,0,10,3,3.0
n100_i1315015_T_a1101_BASE,100,1315015,T,1101,1,10,2,2.0
n100_i1315015_T_a1101_BASE,100,1315015,T,1101,2,10,1,1.0
n100_i1315015_T_a1101_BASE,100,1315015,T,1101,3,10,0,0
n100_i1315015_T_a1101_BASE,100,1315015,T,1101,4,10,2,2.0
n100_i1315015_T_a1101_BASE,100,1315015,T,1101,5,10,0,0
n100_i1315015_T_a1101_BASE,100,1315015,T,1101,6,10,0,0
n100_i1315015_T_a1101_BASE,100,1315015,T,1101,7,10,0,0
n100_i1315015_T_a1101_BASE,100,1315015,T,1101,8,10,3,3.0
n100_i1315015_T_a1101_BASE,100,1315015,T,1101,9,10,0,0
n100_i1315015_T_a2202_BASE,100,1315015,T,2202,0,10,2,2.0
n100_i1315015_T_a2202_BASE,100,1315015,T,2202,1,10,3,3.0
n100_i1315015_T_a2202_BASE,100,1315015,T,2202,2,10,2,2.0
n100_i1315015_T_a2202_BASE,100,1315015,T,2202,3,10,0,0
n100_i1315015_T_a2202_BASE,100,1315015,T,2202,4,10,2,2.0
n100_i1315015_T_a2202_BASE,100,1315015,T,2202,5,10,2,2.0
n100_i1315015_T_a2202_BASE,100,1315015,T,2202,6,10,0,0
n100_i1315015_T_a2202_BASE,100,1315015,T,2202,7,10,0,0
n100_i1315015_T_a2202_BASE,100,1315015,T,2202,8,10,0,0
n100_i1315015_T_a2202_BASE,100,1315015,T,2202,9,10,0,0
n100_i1315017_H_a1101_BASE,100,1315017,H,1101,0,10,1,1.0
n100_i1315017_H_a1101_BASE,100,1315017,H,1101,1,10,1,1.0
n100_i1315017_H_a1101_BASE,100,1315017,H,1101,2,10,3,3.0
n100_i1315017_H_a1101_BASE,100,1315017,H,1101,3,10,0,0
n100_i1315017_H_a1101_BASE,100,1315017,H,1101,4,10,0,0
n100_i1315017_H_a1101_BASE,100,1315017,H,1101,5,10,0,0
n100_i1315017_H_a1101_BASE,100,1315017,H,1101,6,10,0,0
n100_i1315017_H_a1101_BASE,100,1315017,H,1101,7,10,2,2.0
n100_i1315017_H_a1101_BASE,100,1315017,H,1101,8,10,1,1.0
n100_i1315017_H_a1101_BASE,100,1315017,H,1101,9,10,0,0
n100_i1315017_H_a2202_BASE,100,1315017,H,2202,0,10,0,0
n100_i1315017_H_a2202_BASE,100,1315017,H,2202,1,10,3,3.0
n100_i1315017_H_a2202_BASE,100,1315017,H,2202,2,10,3,3.0
n100_i1315017_H_a2202_BASE,100,1315017,H,2202,3,10,0,0
n100_i1315017_H_a2202_BASE,100,1315017,H,2202,4,10,1,1.0
n100_i1315017_H_a2202_BASE,100,1315017,H,2202,5,10,0,0
n100_i1315017_H_a2202_BASE,100,1315017,H,2202,6,10,0,0
n100_i1315017_H_a2202_BASE,100,1315017,H,2202,7,10,0,0
n100_i1315017_H_a2202_BASE,100,1315017,H,2202,8,10,1,1.0
n100_i1315017_H_a2202_BASE,100,1315017,H,2202,9,10,3,3.0
n100_i1315017_T_a1101_BASE,100,1315017,T,1101,0,10,1,1.0
n100_i1315017_T_a1101_BASE,100,1315017,T,1101,1,10,3,3.0
n100_i1315017_T_a1101_BASE,100,1315017,T,1101,2,10,3,3.0
n100_i1315017_T_a1101_BASE,100,1315017,T,1101,3,10,0,0
n100_i1315017_T_a1101_BASE,100,1315017,T,1101,4,10,0,0
n100_i1315017_T_a1101_BASE,100,1315017,T,1101,5,10,0,0
n100_i1315017_T_a1101_BASE,100,1315017,T,1101,6,10,0,0
n100_i1315017_T_a1101_BASE,100,1315017,T,1101,7,10,2,2.0
n100_i1315017_T_a1101_BASE,100,1315017,T,1101,8,10,2,2.0
n100_i1315017_T_a1101_BASE,100,1315017,T,1101,9,10,0,0
n100_i1315017_T_a2202_BASE,100,1315017,T,2202,0,10,0,0
n100_i1315017_T_a2202_BASE,100,1315017,T,2202,1,10,3,3.0
n100_i1315017_T_a2202_BASE,100,1315017,T,2202,2,10,2,2.0
n100_i1315017_T_a2202_BASE,100,1315017,T,2202,3,10,0,0
n100_i1315017_T_a2202_BASE,100,1315017,T,2202,4,10,1,1.0
n100_i1315017_T_a2202_BASE,100,1315017,T,2202,5,10,0,0
n100_i1315017_T_a2202_BASE,100,1315017,T,2202,6,10,0,0
n100_i1315017_T_a2202_BASE,100,1315017,T,2202,7,10,1,1.0
n100_i1315017_T_a2202_BASE,100,1315017,T,2202,8,10,2,2.0
n100_i1315017_T_a2202_BASE,100,1315017,T,2202,9,10,3,3.0
n100_i1315019_H_a1101_BASE,100,1315019,H,1101,0,10,1,1.0
n100_i1315019_H_a1101_BASE,100,1315019,H,1101,1,10,4,4.0
n100_i1315019_H_a1101_BASE,100,1315019,H,1101,2,10,1,1.0
n100_i1315019_H_a1101_BASE,100,1315019,H,1101,3,10,0,0
n100_i1315019_H_a1101_BASE,100,1315019,H,1101,4,10,0,0
n100_i1315019_H_a1101_BASE,100,1315019,H,1101,5,10,0,0
n100_i1315019_H_a1101_BASE,100,1315019,H,1101,6,10,0,0
n100_i1315019_H_a1101_BASE,100,1315019,H,1101,7,10,0,0
n100_i1315019_H_a1101_BASE,100,1315019,H,1101,8,10,3,3.0
n100_i1315019_H_a1101_BASE,100,1315019,H,1101,9,10,0,0
n100_i1315019_H_a2202_BASE,100,1315019,H,2202,0,10,0,0
n100_i1315019_H_a2202_BASE,100,1315019,H,2202,1,10,2,2.0
n100_i1315019_H_a2202_BASE,100,1315019,H,2202,2,10,2,2.0
n100_i1315019_H_a2202_BASE,100,1315019,H,2202,3,10,0,0
n100_i1315019_H_a2202_BASE,100,1315019,H,2202,4,10,0,0
n100_i1315019_H_a2202_BASE,100,1315019,H,2202,5,10,1,1.0
n100_i1315019_H_a2202_BASE,100,1315019,H,2202,6,10,0,0
n100_i1315019_H_a2202_BASE,100,1315019,H,2202,7,10,0,0
n100_i1315019_H_a2202_BASE,100,1315019,H,2202,8,10,3,3.0
n100_i1315019_H_a2202_BASE,100,1315019,H,2202,9,10,2,2.0
n100_i1315019_T_a1101_BASE,100,1315019,T,1101,0,10,1,1.0
n100_i1315019_T_a1101_BASE,100,1315019,T,1101,1,10,3,3.0
n100_i1315019_T_a1101_BASE,100,1315019,T,1101,2,10,1,1.0
n100_i1315019_T_a1101_BASE,100,1315019,T,1101,3,10,0,0
n100_i1315019_T_a1101_BASE,100,1315019,T,1101,4,10,0,0
n100_i1315019_T_a1101_BASE,100,1315019,T,1101,5,10,0,0
n100_i1315019_T_a1101_BASE,100,1315019,T,1101,6,10,0,0
n100_i1315019_T_a1101_BASE,100,1315019,T,1101,7,10,0,0
n100_i1315019_T_a1101_BASE,100,1315019,T,1101,8,10,3,3.0
n100_i1315019_T_a1101_BASE,100,1315019,T,1101,9,10,0,0
n100_i1315019_T_a2202_BASE,100,1315019,T,2202,0,10,0,0
n100_i1315019_T_a2202_BASE,100,1315019,T,2202,1,10,3,3.0
n100_i1315019_T_a2202_BASE,100,1315019,T,2202,2,10,2,2.0
n100_i1315019_T_a2202_BASE,100,1315019,T,2202,3,10,1,1.0
n100_i1315019_T_a2202_BASE,100,1315019,T,2202,4,10,1,1.0
n100_i1315019_T_a2202_BASE,100,1315019,T,2202,5,10,1,1.0
n100_i1315019_T_a2202_BASE,100,1315019,T,2202,6,10,0,0
n100_i1315019_T_a2202_BASE,100,1315019,T,2202,7,10,0,0
n100_i1315019_T_a2202_BASE,100,1315019,T,2202,8,10,4,4.0
n100_i1315019_T_a2202_BASE,100,1315019,T,2202,9,10,1,1.0
n100_i1315021_H_a1101_BASE,100,1315021,H,1101,0,10,3,3.0
n100_i1315021_H_a1101_BASE,100,1315021,H,1101,1,10,1,1.0
n100_i1315021_H_a1101_BASE,100,1315021,H,1101,2,10,3,3.0
n100_i1315021_H_a1101_BASE,100,1315021,H,1101,3,10,0,0
n100_i1315021_H_a1101_BASE,100,1315021,H,1101,4,10,1,1.0
n100_i1315021_H_a1101_BASE,100,1315021,H,1101,5,10,1,1.0
n100_i1315021_H_a1101_BASE,100,1315021,H,1101,6,10,0,0
n100_i1315021_H_a1101_BASE,100,1315021,H,1101,7,10,0,0
n100_i1315021_H_a1101_BASE,100,1315021,H,1101,8,10,0,0
n100_i1315021_H_a1101_BASE,100,1315021,H,1101,9,10,4,4.0
n100_i1315021_H_a2202_BASE,100,1315021,H,2202,0,10,1,1.0
n100_i1315021_H_a2202_BASE,100,1315021,H,2202,1,10,4,4.0
n100_i1315021_H_a2202_BASE,100,1315021,H,2202,2,10,2,2.0
n100_i1315021_H_a2202_BASE,100,1315021,H,2202,3,10,0,0
n100_i1315021_H_a2202_BASE,100,1315021,H,2202,4,10,0,0
n100_i1315021_H_a2202_BASE,100,1315021,H,2202,5,10,0,0
n100_i1315021_H_a2202_BASE,100,1315021,H,2202,6,10,0,0
n100_i1315021_H_a2202_BASE,100,1315021,H,2202,7,10,0,0
n100_i1315021_H_a2202_BASE,100,1315021,H,2202,8,10,1,1.0
n100_i1315021_H_a2202_BASE,100,1315021,H,2202,9,10,0,0
n100_i1315021_T_a1101_BASE,100,1315021,T,1101,0,10,3,3.0
n100_i1315021_T_a1101_BASE,100,1315021,T,1101,1,10,1,1.0
n100_i1315021_T_a1101_BASE,100,1315021,T,1101,2,10,2,2.0
n100_i1315021_T_a1101_BASE,100,1315021,T,1101,3,10,0,0
n100_i1315021_T_a1101_BASE,100,1315021,T,1101,4,10,1,1.0
n100_i1315021_T_a1101_BASE,100,1315021,T,1101,5,10,1,1.0
n100_i1315021_T_a1101_BASE,100,1315021,T,1101,6,10,0,0
n100_i1315021_T_a1101_BASE,100,1315021,T,1101,7,10,0,0
n100_i1315021_T_a1101_BASE,100,1315021,T,1101,8,10,0,0
n100_i1315021_T_a1101_BASE,100,1315021,T,1101,9,10,3,3.0
n100_i1315021_T_a2202_BASE,100,1315021,T,2202,0,10,1,1.0
n100_i1315021_T_a2202_BASE,100,1315021,T,2202,1,10,3,3.0
n100_i1315021_T_a2202_BASE,100,1315021,T,2202,2,10,2,2.0
n100_i1315021_T_a2202_BASE,100,1315021,T,2202,3,10,0,0
n100_i1315021_T_a2202_BASE,100,1315021,T,2202,4,10,1,1.0
n100_i1315021_T_a2202_BASE,100,1315021,T,2202,5,10,0,0
n100_i1315021_T_a2202_BASE,100,1315021,T,2202,6,10,0,0
n100_i1315021_T_a2202_BASE,100,1315021,T,2202,7,10,2,2.0
n100_i1315021_T_a2202_BASE,100,1315021,T,2202,8,10,0,0
n100_i1315021_T_a2202_BASE,100,1315021,T,2202,9,10,0,0
n100_i1315023_H_a1101_BASE,100,1315023,H,1101,0,10,2,2.0
n100_i1315023_H_a1101_BASE,100,1315023,H,1101,1,10,3,3.0
n100_i1315023_H_a1101_BASE,100,1315023,H,1101,2,10,0,0
n100_i1315023_H_a1101_BASE,100,1315023,H,1101,3,10,0,0
n100_i1315023_H_a1101_BASE,100,1315023,H,1101,4,10,2,2.0
n100_i1315023_H_a1101_BASE,100,1315023,H,1101,5,10,0,0
n100_i1315023_H_a1101_BASE,100,1315023,H,1101,6,10,0,0
n100_i1315023_H_a1101_BASE,100,1315023,H,1101,7,10,1,1.0
n100_i1315023_H_a1101_BASE,100,1315023,H,1101,8,10,1,1.0
n100_i1315023_H_a1101_BASE,100,1315023,H,1101,9,10,1,1.0
n100_i1315023_H_a2202_BASE,100,1315023,H,2202,0,10,0,0
n100_i1315023_H_a2202_BASE,100,1315023,H,2202,1,10,3,3.0
n100_i1315023_H_a2202_BASE,100,1315023,H,2202,2,10,1,1.0
n100_i1315023_H_a2202_BASE,100,1315023,H,2202,3,10,0,0
n100_i1315023_H_a2202_BASE,100,1315023,H,2202,4,10,0,0
n100_i1315023_H_a2202_BASE,100,1315023,H,2202,5,10,2,2.0
n100_i1315023_H_a2202_BASE,100,1315023,H,2202,6,10,0,0
n100_i1315023_H_a2202_BASE,100,1315023,H,2202,7,10,0,0
n100_i1315023_H_a2202_BASE,100,1315023,H,2202,8,10,0,0
n100_i1315023_H_a2202_BASE,100,1315023,H,2202,9,10,2,2.0
n100_i1315023_T_a1101_BASE,100,1315023,T,1101,0,10,2,2.0
n100_i1315023_T_a1101_BASE,100,1315023,T,1101,1,10,2,2.0
n100_i1315023_T_a1101_BASE,100,1315023,T,1101,2,10,0,0
n100_i1315023_T_a1101_BASE,100,1315023,T,1101,3,10,1,1.0
n100_i1315023_T_a1101_BASE,100,1315023,T,1101,4,10,2,2.0
n100_i1315023_T_a1101_BASE,100,1315023,T,1101,5,10,0,0
n100_i1315023_T_a1101_BASE,100,1315023,T,1101,6,10,0,0
n100_i1315023_T_a1101_BASE,100,1315023,T,1101,7,10,0,0
n100_i1315023_T_a1101_BASE,100,1315023,T,1101,8,10,1,1.0
n100_i1315023_T_a1101_BASE,100,1315023,T,1101,9,10,1,1.0
n100_i1315023_T_a2202_BASE,100,1315023,T,2202,0,10,0,0
n100_i1315023_T_a2202_BASE,100,1315023,T,2202,1,10,3,3.0
n100_i1315023_T_a2202_BASE,100,1315023,T,2202,2,10,2,2.0
n100_i1315023_T_a2202_BASE,100,1315023,T,2202,3,10,1,1.0
n100_i1315023_T_a2202_BASE,100,1315023,T,2202,4,10,0,0
n100_i1315023_T_a2202_BASE,100,1315023,T,2202,5,10,2,2.0
n100_i1315023_T_a2202_BASE,100,1315023,T,2202,6,10,1,1.0
n100_i1315023_T_a2202_BASE,100,1315023,T,2202,7,10,0,0
n100_i1315023_T_a2202_BASE,100,1315023,T,2202,8,10,0,0
n100_i1315023_T_a2202_BASE,100,1315023,T,2202,9,10,2,2.0
n100_i1315025_H_a1101_BASE,100,1315025,H,1101,0,10,1,1.0
n100_i1315025_H_a1101_BASE,100,1315025,H,1101,1,10,1,1.0
n100_i1315025_H_a1101_BASE,100,1315025,H,1101,2,10,1,1.0
n100_i1315025_H_a1101_BASE,100,1315025,H,1101,3,10,2,2.0
n100_i1315025_H_a1101_BASE,100,1315025,H,1101,4,10,0,0
n100_i1315025_H_a1101_BASE,100,1315025,H,1101,5,10,1,1.0
n100_i1315025_H_a1101_BASE,100,1315025,H,1101,6,10,1,1.0
n100_i1315025_H_a1101_BASE,100,1315025,H,1101,7,10,0,0
n100_i1315025_H_a1101_BASE,100,1315025,H,1101,8,10,1,1.0
n100_i1315025_H_a1101_BASE,100,1315025,H,1101,9,10,2,2.0
n100_i1315025_H_a2202_BASE,100,1315025,H,2202,0,10,1,1.0
n100_i1315025_H_a2202_BASE,100,1315025,H,2202,1,10,1,1.0
n100_i1315025_H_a2202_BASE,100,1315025,H,2202,2,10,0,0
n100_i1315025_H_a2202_BASE,100,1315025,H,2202,3,10,1,1.0
n100_i1315025_H_a2202_BASE,100,1315025,H,2202,4,10,0,0
n100_i1315025_H_a2202_BASE,100,1315025,H,2202,5,10,1,1.0
n100_i1315025_H_a2202_BASE,100,1315025,H,2202,6,10,4,4.0
n100_i1315025_H_a2202_BASE,100,1315025,H,2202,7,10,0,0
n100_i1315025_H_a2202_BASE,100,1315025,H,2202,8,10,1,1.0
n100_i1315025_H_a2202_BASE,100,1315025,H,2202,9,10,2,2.0
n100_i1315025_T_a1101_BASE,100,1315025,T,1101,0,10,1,1.0
n100_i1315025_T_a1101_BASE,100,1315025,T,1101,1,10,1,1.0
n100_i1315025_T_a1101_BASE,100,1315025,T,1101,2,10,1,1.0
n100_i1315025_T_a1101_BASE,100,1315025,T,1101,3,10,2,2.0
n100_i1315025_T_a1101_BASE,100,1315025,T,1101,4,10,0,0
n100_i1315025_T_a1101_BASE,100,1315025,T,1101,5,10,1,1.0
n100_i1315025_T_a1101_BASE,100,1315025,T,1101,6,10,1,1.0
n100_i1315025_T_a1101_BASE,100,1315025,T,1101,7,10,0,0
n100_i1315025_T_a1101_BASE,100,1315025,T,1101,8,10,1,1.0
n100_i1315025_T_a1101_BASE,100,1315025,T,1101,9,10,2,2.0
n100_i1315025_T_a2202_BASE,100,1315025,T,2202,0,10,2,2.0
n100_i1315025_T_a2202_BASE,100,1315025,T,2202,1,10,1,1.0
n100_i1315025_T_a2202_BASE,100,1315025,T,2202,2,10,0,0
n100_i1315025_T_a2202_BASE,100,1315025,T,2202,3,10,1,1.0
n100_i1315025_T_a2202_BASE,100,1315025,T,2202,4,10,0,0
n100_i1315025_T_a2202_BASE,100,1315025,T,2202,5,10,0,0
n100_i1315025_T_a2202_BASE,100,1315025,T,2202,6,10,4,4.0
n100_i1315025_T_a2202_BASE,100,1315025,T,2202,7,10,0,0
n100_i1315025_T_a2202_BASE,100,1315025,T,2202,8,10,1,1.0
n100_i1315025_T_a2202_BASE,100,1315025,T,2202,9,10,1,1.0
n100_i1315027_H_a1101_BASE,100,1315027,H,1101,0,10,1,1.0
n100_i1315027_H_a1101_BASE,100,1315027,H,1101,1,10,1,1.0
n100_i1315027_H_a1101_BASE,100,1315027,H,1101,2,10,1,1.0
n100_i1315027_H_a1101_BASE,100,1315027,H,1101,3,10,1,1.0
n100_i1315027_H_a1101_BASE,100,1315027,H,1101,4,10,0,0
n100_i1315027_H_a1101_BASE,100,1315027,H,1101,5,10,1,1.0
n100_i1315027_H_a1101_BASE,100,1315027,H,1101,6,10,2,2.0
n100_i1315027_H_a1101_BASE,100,1315027,H,1101,7,10,1,1.0
n100_i1315027_H_a1101_BASE,100,1315027,H,1101,8,10,0,0
n100_i1315027_H_a1101_BASE,100,1315027,H,1101,9,10,2,2.0
n100_i1315027_H_a2202_BASE,100,1315027,H,2202,0,10,2,2.0
n100_i1315027_H_a2202_BASE,100,1315027,H,2202,1,10,1,1.0
n100_i1315027_H_a2202_BASE,100,1315027,H,2202,2,10,2,2.0
n100_i1315027_H_a2202_BASE,100,1315027,H,2202,3,10,0,0
n100_i1315027_H_a2202_BASE,100,1315027,H,2202,4,10,0,0
n100_i1315027_H_a2202_BASE,100,1315027,H,2202,5,10,0,0
n100_i1315027_H_a2202_BASE,100,1315027,H,2202,6,10,0,0
n100_i1315027_H_a2202_BASE,100,1315027,H,2202,7,10,0,0
n100_i1315027_H_a2202_BASE,100,1315027,H,2202,8,10,0,0
n100_i1315027_H_a2202_BASE,100,1315027,H,2202,9,10,1,1.0
n100_i1315027_T_a1101_BASE,100,1315027,T,1101,0,10,1,1.0
n100_i1315027_T_a1101_BASE,100,1315027,T,1101,1,10,3,3.0
n100_i1315027_T_a1101_BASE,100,1315027,T,1101,2,10,1,1.0
n100_i1315027_T_a1101_BASE,100,1315027,T,1101,3,10,1,1.0
n100_i1315027_T_a1101_BASE,100,1315027,T,1101,4,10,0,0
n100_i1315027_T_a1101_BASE,100,1315027,T,1101,5,10,1,1.0
n100_i1315027_T_a1101_BASE,100,1315027,T,1101,6,10,2,2.0
n100_i1315027_T_a1101_BASE,100,1315027,T,1101,7,10,0,0
n100_i1315027_T_a1101_BASE,100,1315027,T,1101,8,10,0,0
n100_i1315027_T_a1101_BASE,100,1315027,T,1101,9,10,3,3.0
n100_i1315027_T_a2202_BASE,100,1315027,T,2202,0,10,1,1.0
n100_i1315027_T_a2202_BASE,100,1315027,T,2202,1,10,2,2.0
n100_i1315027_T_a2202_BASE,100,1315027,T,2202,2,10,2,2.0
n100_i1315027_T_a2202_BASE,100,1315027,T,2202,3,10,0,0
n100_i1315027_T_a2202_BASE,100,1315027,T,2202,4,10,0,0
n100_i1315027_T_a2202_BASE,100,1315027,T,2202,5,10,0,0
n100_i1315027_T_a2202_BASE,100,1315027,T,2202,6,10,0,0
n100_i1315027_T_a2202_BASE,100,1315027,T,2202,7,10,0,0
n100_i1315027_T_a2202_BASE,100,1315027,T,2202,8,10,0,0
n100_i1315027_T_a2202_BASE,100,1315027,T,2202,9,10,1,1.0
n100_i1315029_H_a1101_BASE,100,1315029,H,1101,0,10,2,2.0
n100_i1315029_H_a1101_BASE,100,1315029,H,1101,1,10,4,4.0
n100_i1315029_H_a1101_BASE,100,1315029,H,1101,2,10,1,1.0
n100_i1315029_H_a1101_BASE,100,1315029,H,1101,3,10,1,1.0
n100_i1315029_H_a1101_BASE,100,1315029,H,1101,4,10,1,1.0
n100_i1315029_H_a1101_BASE,100,1315029,H,1101,5,10,1,1.0
n100_i1315029_H_a1101_BASE,100,1315029,H,1101,6,10,0,0
n100_i1315029_H_a1101_BASE,100,1315029,H,1101,7,10,0,0
n100_i1315029_H_a1101_BASE,100,1315029,H,1101,8,10,2,2.0
n100_i1315029_H_a1101_BASE,100,1315029,H,1101,9,10,1,1.0
n100_i1315029_H_a2202_BASE,100,1315029,H,2202,0,10,1,1.0
n100_i1315029_H_a2202_BASE,100,1315029,H,2202,1,10,2,2.0
n100_i1315029_H_a2202_BASE,100,1315029,H,2202,2,10,1,1.0
n100_i1315029_H_a2202_BASE,100,1315029,H,2202,3,10,0,0
n100_i1315029_H_a2202_BASE,100,1315029,H,2202,4,10,0,0
n100_i1315029_H_a2202_BASE,100,1315029,H,2202,5,10,0,0
n100_i1315029_H_a2202_BASE,100,1315029,H,2202,6,10,0,0
n100_i1315029_H_a2202_BASE,100,1315029,H,2202,7,10,0,0
n100_i1315029_H_a2202_BASE,100,1315029,H,2202,8,10,2,2.0
n100_i1315029_H_a2202_BASE,100,1315029,H,2202,9,10,0,0
n100_i1315029_T_a1101_BASE,100,1315029,T,1101,0,10,2,2.0
n100_i1315029_T_a1101_BASE,100,1315029,T,1101,1,10,4,4.0
n100_i1315029_T_a1101_BASE,100,1315029,T,1101,2,10,2,2.0
n100_i1315029_T_a1101_BASE,100,1315029,T,1101,3,10,2,2.0
n100_i1315029_T_a1101_BASE,100,1315029,T,1101,4,10,1,1.0
n100_i1315029_T_a1101_BASE,100,1315029,T,1101,5,10,0,0
n100_i1315029_T_a1101_BASE,100,1315029,T,1101,6,10,1,1.0
n100_i1315029_T_a1101_BASE,100,1315029,T,1101,7,10,0,0
n100_i1315029_T_a1101_BASE,100,1315029,T,1101,8,10,2,2.0
n100_i1315029_T_a1101_BASE,100,1315029,T,1101,9,10,1,1.0
n100_i1315029_T_a2202_BASE,100,1315029,T,2202,0,10,1,1.0
n100_i1315029_T_a2202_BASE,100,1315029,T,2202,1,10,2,2.0
n100_i1315029_T_a2202_BASE,100,1315029,T,2202,2,10,1,1.0
n100_i1315029_T_a2202_BASE,100,1315029,T,2202,3,10,0,0
n100_i1315029_T_a2202_BASE,100,1315029,T,2202,4,10,0,0
n100_i1315029_T_a2202_BASE,100,1315029,T,2202,5,10,0,0
n100_i1315029_T_a2202_BASE,100,1315029,T,2202,6,10,0,0
n100_i1315029_T_a2202_BASE,100,1315029,T,2202,7,10,0,0
n100_i1315029_T_a2202_BASE,100,1315029,T,2202,8,10,1,1.0
n100_i1315029_T_a2202_BASE,100,1315029,T,2202,9,10,0,0
n100_i1315031_H_a1101_BASE,100,1315031,H,1101,0,10,3,3.0
n100_i1315031_H_a1101_BASE,100,1315031,H,1101,1,10,1,1.0
n100_i1315031_H_a1101_BASE,100,1315031,H,1101,2,10,1,1.0
n100_i1315031_H_a1101_BASE,100,1315031,H,1101,3,10,0,0
n100_i1315031_H_a1101_BASE,100,1315031,H,1101,4,10,2,2.0
n100_i1315031_H_a1101_BASE,100,1315031,H,1101,5,10,0,0
n100_i1315031_H_a1101_BASE,100,1315031,H,1101,6,10,0,0
n100_i1315031_H_a1101_BASE,100,1315031,H,1101,7,10,0,0
n100_i1315031_H_a1101_BASE,100,1315031,H,1101,8,10,1,1.0
n100_i1315031_H_a1101_BASE,100,1315031,H,1101,9,10,1,1.0
n100_i1315031_H_a2202_BASE,100,1315031,H,2202,0,10,3,3.0
n100_i1315031_H_a2202_BASE,100,1315031,H,2202,1,10,1,1.0
n100_i1315031_H_a2202_BASE,100,1315031,H,2202,2,10,1,1.0
n100_i1315031_H_a2202_BASE,100,1315031,H,2202,3,10,0,0
n100_i1315031_H_a2202_BASE,100,1315031,H,2202,4,10,2,2.0
n100_i1315031_H_a2202_BASE,100,1315031,H,2202,5,10,0,0
n100_i1315031_H_a2202_BASE,100,1315031,H,2202,6,10,1,1.0
n100_i1315031_H_a2202_BASE,100,1315031,H,2202,7,10,0,0
n100_i1315031_H_a2202_BASE,100,1315031,H,2202,8,10,0,0
n100_i1315031_H_a2202_BASE,100,1315031,H,2202,9,10,1,1.0
n100_i1315031_T_a1101_BASE,100,1315031,T,1101,0,10,3,3.0
n100_i1315031_T_a1101_BASE,100,1315031,T,1101,1,10,1,1.0
n100_i1315031_T_a1101_BASE,100,1315031,T,1101,2,10,1,1.0
n100_i1315031_T_a1101_BASE,100,1315031,T,1101,3,10,0,0
n100_i1315031_T_a1101_BASE,100,1315031,T,1101,4,10,2,2.0
n100_i1315031_T_a1101_BASE,100,1315031,T,1101,5,10,0,0
n100_i1315031_T_a1101_BASE,100,1315031,T,1101,6,10,0,0
n100_i1315031_T_a1101_BASE,100,1315031,T,1101,7,10,0,0
n100_i1315031_T_a1101_BASE,100,1315031,T,1101,8,10,0,0
n100_i1315031_T_a1101_BASE,100,1315031,T,1101,9,10,2,2.0
n100_i1315031_T_a2202_BASE,100,1315031,T,2202,0,10,3,3.0
n100_i1315031_T_a2202_BASE,100,1315031,T,2202,1,10,1,1.0
n100_i1315031_T_a2202_BASE,100,1315031,T,2202,2,10,1,1.0
n100_i1315031_T_a2202_BASE,100,1315031,T,2202,3,10,0,0
n100_i1315031_T_a2202_BASE,100,1315031,T,2202,4,10,2,2.0
n100_i1315031_T_a2202_BASE,100,1315031,T,2202,5,10,2,2.0
n100_i1315031_T_a2202_BASE,100,1315031,T,2202,6,10,1,1.0
n100_i1315031_T_a2202_BASE,100,1315031,T,2202,7,10,0,0
n100_i1315031_T_a2202_BASE,100,1315031,T,2202,8,10,1,1.0
n100_i1315031_T_a2202_BASE,100,1315031,T,2202,9,10,2,2.0
n50_i1305001_H_a1101_BASE,50,1305001,H,1101,0,10,1,1.0
n50_i1305001_H_a1101_BASE,50,1305001,H,1101,1,10,0,0
n50_i1305001_H_a1101_BASE,50,1305001,H,1101,2,10,0,0
n50_i1305001_H_a1101_BASE,50,1305001,H,1101,3,10,0,0
n50_i1305001_H_a1101_BASE,50,1305001,H,1101,4,10,1,1.0
n50_i1305001_H_a1101_BASE,50,1305001,H,1101,5,10,2,2.0
n50_i1305001_H_a1101_BASE,50,1305001,H,1101,6,10,1,1.0
n50_i1305001_H_a1101_BASE,50,1305001,H,1101,7,10,0,0
n50_i1305001_H_a1101_BASE,50,1305001,H,1101,8,10,3,3.0
n50_i1305001_H_a1101_BASE,50,1305001,H,1101,9,10,0,0
n50_i1305001_H_a2202_BASE,50,1305001,H,2202,0,10,2,1.5
n50_i1305001_H_a2202_BASE,50,1305001,H,2202,1,10,2,2.0
n50_i1305001_H_a2202_BASE,50,1305001,H,2202,2,10,1,1.0
n50_i1305001_H_a2202_BASE,50,1305001,H,2202,3,10,0,0
n50_i1305001_H_a2202_BASE,50,1305001,H,2202,4,10,0,0
n50_i1305001_H_a2202_BASE,50,1305001,H,2202,5,10,0,0
n50_i1305001_H_a2202_BASE,50,1305001,H,2202,6,10,0,0
n50_i1305001_H_a2202_BASE,50,1305001,H,2202,7,10,1,1.0
n50_i1305001_H_a2202_BASE,50,1305001,H,2202,8,10,2,2.0
n50_i1305001_H_a2202_BASE,50,1305001,H,2202,9,10,2,1.5
n50_i1305001_T_a1101_BASE,50,1305001,T,1101,0,10,1,1.0
n50_i1305001_T_a1101_BASE,50,1305001,T,1101,1,10,0,0
n50_i1305001_T_a1101_BASE,50,1305001,T,1101,2,10,0,0
n50_i1305001_T_a1101_BASE,50,1305001,T,1101,3,10,0,0
n50_i1305001_T_a1101_BASE,50,1305001,T,1101,4,10,1,1.0
n50_i1305001_T_a1101_BASE,50,1305001,T,1101,5,10,1,1.0
n50_i1305001_T_a1101_BASE,50,1305001,T,1101,6,10,1,1.0
n50_i1305001_T_a1101_BASE,50,1305001,T,1101,7,10,0,0
n50_i1305001_T_a1101_BASE,50,1305001,T,1101,8,10,3,3.0
n50_i1305001_T_a1101_BASE,50,1305001,T,1101,9,10,0,0
n50_i1305001_T_a2202_BASE,50,1305001,T,2202,0,10,1,1.0
n50_i1305001_T_a2202_BASE,50,1305001,T,2202,1,10,2,2.0
n50_i1305001_T_a2202_BASE,50,1305001,T,2202,2,10,1,1.0
n50_i1305001_T_a2202_BASE,50,1305001,T,2202,3,10,0,0
n50_i1305001_T_a2202_BASE,50,1305001,T,2202,4,10,0,0
n50_i1305001_T_a2202_BASE,50,1305001,T,2202,5,10,0,0
n50_i1305001_T_a2202_BASE,50,1305001,T,2202,6,10,0,0
n50_i1305001_T_a2202_BASE,50,1305001,T,2202,7,10,1,1.0
n50_i1305001_T_a2202_BASE,50,1305001,T,2202,8,10,2,2.0
n50_i1305001_T_a2202_BASE,50,1305001,T,2202,9,10,3,3.0
n50_i1305003_H_a1101_BASE,50,1305003,H,1101,0,10,2,2.0
n50_i1305003_H_a1101_BASE,50,1305003,H,1101,1,10,1,1.0
n50_i1305003_H_a1101_BASE,50,1305003,H,1101,2,10,1,1.0
n50_i1305003_H_a1101_BASE,50,1305003,H,1101,3,10,0,0
n50_i1305003_H_a1101_BASE,50,1305003,H,1101,4,10,0,0
n50_i1305003_H_a1101_BASE,50,1305003,H,1101,5,10,1,1.0
n50_i1305003_H_a1101_BASE,50,1305003,H,1101,6,10,0,0
n50_i1305003_H_a1101_BASE,50,1305003,H,1101,7,10,0,0
n50_i1305003_H_a1101_BASE,50,1305003,H,1101,8,10,2,2.0
n50_i1305003_H_a1101_BASE,50,1305003,H,1101,9,10,1,1.0
n50_i1305003_H_a2202_BASE,50,1305003,H,2202,0,10,0,0
n50_i1305003_H_a2202_BASE,50,1305003,H,2202,1,10,0,0
n50_i1305003_H_a2202_BASE,50,1305003,H,2202,2,10,4,4.0
n50_i1305003_H_a2202_BASE,50,1305003,H,2202,3,10,1,1.0
n50_i1305003_H_a2202_BASE,50,1305003,H,2202,4,10,0,0
n50_i1305003_H_a2202_BASE,50,1305003,H,2202,5,10,0,0
n50_i1305003_H_a2202_BASE,50,1305003,H,2202,6,10,0,0
n50_i1305003_H_a2202_BASE,50,1305003,H,2202,7,10,0,0
n50_i1305003_H_a2202_BASE,50,1305003,H,2202,8,10,2,2.0
n50_i1305003_H_a2202_BASE,50,1305003,H,2202,9,10,0,0
n50_i1305003_T_a1101_BASE,50,1305003,T,1101,0,10,2,2.0
n50_i1305003_T_a1101_BASE,50,1305003,T,1101,1,10,1,1.0
n50_i1305003_T_a1101_BASE,50,1305003,T,1101,2,10,1,1.0
n50_i1305003_T_a1101_BASE,50,1305003,T,1101,3,10,0,0
n50_i1305003_T_a1101_BASE,50,1305003,T,1101,4,10,0,0
n50_i1305003_T_a1101_BASE,50,1305003,T,1101,5,10,1,1.0
n50_i1305003_T_a1101_BASE,50,1305003,T,1101,6,10,0,0
n50_i1305003_T_a1101_BASE,50,1305003,T,1101,7,10,1,1.0
n50_i1305003_T_a1101_BASE,50,1305003,T,1101,8,10,3,3.0
n50_i1305003_T_a1101_BASE,50,1305003,T,1101,9,10,1,1.0
n50_i1305003_T_a2202_BASE,50,1305003,T,2202,0,10,0,0
n50_i1305003_T_a2202_BASE,50,1305003,T,2202,1,10,0,0
n50_i1305003_T_a2202_BASE,50,1305003,T,2202,2,10,4,4.0
n50_i1305003_T_a2202_BASE,50,1305003,T,2202,3,10,2,2.0
n50_i1305003_T_a2202_BASE,50,1305003,T,2202,4,10,0,0
n50_i1305003_T_a2202_BASE,50,1305003,T,2202,5,10,0,0
n50_i1305003_T_a2202_BASE,50,1305003,T,2202,6,10,0,0
n50_i1305003_T_a2202_BASE,50,1305003,T,2202,7,10,0,0
n50_i1305003_T_a2202_BASE,50,1305003,T,2202,8,10,2,2.0
n50_i1305003_T_a2202_BASE,50,1305003,T,2202,9,10,1,1.0
n50_i1305005_H_a1101_BASE,50,1305005,H,1101,0,10,1,1.0
n50_i1305005_H_a1101_BASE,50,1305005,H,1101,1,10,0,0
n50_i1305005_H_a1101_BASE,50,1305005,H,1101,2,10,1,1.0
n50_i1305005_H_a1101_BASE,50,1305005,H,1101,3,10,0,0
n50_i1305005_H_a1101_BASE,50,1305005,H,1101,4,10,2,2.0
n50_i1305005_H_a1101_BASE,50,1305005,H,1101,5,10,0,0
n50_i1305005_H_a1101_BASE,50,1305005,H,1101,6,10,2,2.0
n50_i1305005_H_a1101_BASE,50,1305005,H,1101,7,10,1,1.0
n50_i1305005_H_a1101_BASE,50,1305005,H,1101,8,10,1,1.0
n50_i1305005_H_a1101_BASE,50,1305005,H,1101,9,10,1,1.0
n50_i1305005_H_a2202_BASE,50,1305005,H,2202,0,10,4,4.0
n50_i1305005_H_a2202_BASE,50,1305005,H,2202,1,10,0,0
n50_i1305005_H_a2202_BASE,50,1305005,H,2202,2,10,1,1.0
n50_i1305005_H_a2202_BASE,50,1305005,H,2202,3,10,1,1.0
n50_i1305005_H_a2202_BASE,50,1305005,H,2202,4,10,0,0
n50_i1305005_H_a2202_BASE,50,1305005,H,2202,5,10,2,2.0
n50_i1305005_H_a2202_BASE,50,1305005,H,2202,6,10,2,2.0
n50_i1305005_H_a2202_BASE,50,1305005,H,2202,7,10,1,1.0
n50_i1305005_H_a2202_BASE,50,1305005,H,2202,8,10,3,3.0
n50_i1305005_H_a2202_BASE,50,1305005,H,2202,9,10,0,0
n50_i1305005_T_a1101_BASE,50,1305005,T,1101,0,10,2,2.0
n50_i1305005_T_a1101_BASE,50,1305005,T,1101,1,10,0,0
n50_i1305005_T_a1101_BASE,50,1305005,T,1101,2,10,1,1.0
n50_i1305005_T_a1101_BASE,50,1305005,T,1101,3,10,0,0
n50_i1305005_T_a1101_BASE,50,1305005,T,1101,4,10,2,2.0
n50_i1305005_T_a1101_BASE,50,1305005,T,1101,5,10,0,0
n50_i1305005_T_a1101_BASE,50,1305005,T,1101,6,10,1,1.0
n50_i1305005_T_a1101_BASE,50,1305005,T,1101,7,10,1,1.0
n50_i1305005_T_a1101_BASE,50,1305005,T,1101,8,10,1,1.0
n50_i1305005_T_a1101_BASE,50,1305005,T,1101,9,10,2,2.0
n50_i1305005_T_a2202_BASE,50,1305005,T,2202,0,10,2,2.0
n50_i1305005_T_a2202_BASE,50,1305005,T,2202,1,10,0,0
n50_i1305005_T_a2202_BASE,50,1305005,T,2202,2,10,3,3.0
n50_i1305005_T_a2202_BASE,50,1305005,T,2202,3,10,0,0
n50_i1305005_T_a2202_BASE,50,1305005,T,2202,4,10,0,0
n50_i1305005_T_a2202_BASE,50,1305005,T,2202,5,10,3,3.0
n50_i1305005_T_a2202_BASE,50,1305005,T,2202,6,10,2,2.0
n50_i1305005_T_a2202_BASE,50,1305005,T,2202,7,10,0,0
n50_i1305005_T_a2202_BASE,50,1305005,T,2202,8,10,2,2.0
n50_i1305005_T_a2202_BASE,50,1305005,T,2202,9,10,0,0
n50_i1305007_H_a1101_BASE,50,1305007,H,1101,0,10,1,1.0
n50_i1305007_H_a1101_BASE,50,1305007,H,1101,1,10,1,1.0
n50_i1305007_H_a1101_BASE,50,1305007,H,1101,2,10,1,1.0
n50_i1305007_H_a1101_BASE,50,1305007,H,1101,3,10,0,0
n50_i1305007_H_a1101_BASE,50,1305007,H,1101,4,10,1,1.0
n50_i1305007_H_a1101_BASE,50,1305007,H,1101,5,10,0,0
n50_i1305007_H_a1101_BASE,50,1305007,H,1101,6,10,0,0
n50_i1305007_H_a1101_BASE,50,1305007,H,1101,7,10,0,0
n50_i1305007_H_a1101_BASE,50,1305007,H,1101,8,10,1,1.0
n50_i1305007_H_a1101_BASE,50,1305007,H,1101,9,10,2,2.0
n50_i1305007_H_a2202_BASE,50,1305007,H,2202,0,10,2,2.0
n50_i1305007_H_a2202_BASE,50,1305007,H,2202,1,10,1,1.0
n50_i1305007_H_a2202_BASE,50,1305007,H,2202,2,10,0,0
n50_i1305007_H_a2202_BASE,50,1305007,H,2202,3,10,0,0
n50_i1305007_H_a2202_BASE,50,1305007,H,2202,4,10,0,0
n50_i1305007_H_a2202_BASE,50,1305007,H,2202,5,10,0,0
n50_i1305007_H_a2202_BASE,50,1305007,H,2202,6,10,3,3.0
n50_i1305007_H_a2202_BASE,50,1305007,H,2202,7,10,0,0
n50_i1305007_H_a2202_BASE,50,1305007,H,2202,8,10,1,1.0
n50_i1305007_H_a2202_BASE,50,1305007,H,2202,9,10,0,0
n50_i1305007_T_a1101_BASE,50,1305007,T,1101,0,10,2,2.0
n50_i1305007_T_a1101_BASE,50,1305007,T,1101,1,10,1,1.0
n50_i1305007_T_a1101_BASE,50,1305007,T,1101,2,10,1,1.0
n50_i1305007_T_a1101_BASE,50,1305007,T,1101,3,10,0,0
n50_i1305007_T_a1101_BASE,50,1305007,T,1101,4,10,1,1.0
n50_i1305007_T_a1101_BASE,50,1305007,T,1101,5,10,0,0
n50_i1305007_T_a1101_BASE,50,1305007,T,1101,6,10,0,0
n50_i1305007_T_a1101_BASE,50,1305007,T,1101,7,10,0,0
n50_i1305007_T_a1101_BASE,50,1305007,T,1101,8,10,1,1.0
n50_i1305007_T_a1101_BASE,50,1305007,T,1101,9,10,2,2.0
n50_i1305007_T_a2202_BASE,50,1305007,T,2202,0,10,2,2.0
n50_i1305007_T_a2202_BASE,50,1305007,T,2202,1,10,1,1.0
n50_i1305007_T_a2202_BASE,50,1305007,T,2202,2,10,0,0
n50_i1305007_T_a2202_BASE,50,1305007,T,2202,3,10,0,0
n50_i1305007_T_a2202_BASE,50,1305007,T,2202,4,10,0,0
n50_i1305007_T_a2202_BASE,50,1305007,T,2202,5,10,0,0
n50_i1305007_T_a2202_BASE,50,1305007,T,2202,6,10,4,4.0
n50_i1305007_T_a2202_BASE,50,1305007,T,2202,7,10,0,0
n50_i1305007_T_a2202_BASE,50,1305007,T,2202,8,10,1,1.0
n50_i1305007_T_a2202_BASE,50,1305007,T,2202,9,10,0,0
n50_i1305009_H_a1101_BASE,50,1305009,H,1101,0,10,3,3.0
n50_i1305009_H_a1101_BASE,50,1305009,H,1101,1,10,1,1.0
n50_i1305009_H_a1101_BASE,50,1305009,H,1101,2,10,1,1.0
n50_i1305009_H_a1101_BASE,50,1305009,H,1101,3,10,0,0
n50_i1305009_H_a1101_BASE,50,1305009,H,1101,4,10,0,0
n50_i1305009_H_a1101_BASE,50,1305009,H,1101,5,10,3,3.0
n50_i1305009_H_a1101_BASE,50,1305009,H,1101,6,10,2,2.0
n50_i1305009_H_a1101_BASE,50,1305009,H,1101,7,10,1,1.0
n50_i1305009_H_a1101_BASE,50,1305009,H,1101,8,10,1,1.0
n50_i1305009_H_a1101_BASE,50,1305009,H,1101,9,10,3,3.0
n50_i1305009_H_a2202_BASE,50,1305009,H,2202,0,10,3,3.0
n50_i1305009_H_a2202_BASE,50,1305009,H,2202,1,10,2,2.0
n50_i1305009_H_a2202_BASE,50,1305009,H,2202,2,10,0,0
n50_i1305009_H_a2202_BASE,50,1305009,H,2202,3,10,1,1.0
n50_i1305009_H_a2202_BASE,50,1305009,H,2202,4,10,1,1.0
n50_i1305009_H_a2202_BASE,50,1305009,H,2202,5,10,0,0
n50_i1305009_H_a2202_BASE,50,1305009,H,2202,6,10,0,0
n50_i1305009_H_a2202_BASE,50,1305009,H,2202,7,10,0,0
n50_i1305009_H_a2202_BASE,50,1305009,H,2202,8,10,1,1.0
n50_i1305009_H_a2202_BASE,50,1305009,H,2202,9,10,1,1.0
n50_i1305009_T_a1101_BASE,50,1305009,T,1101,0,10,3,3.0
n50_i1305009_T_a1101_BASE,50,1305009,T,1101,1,10,1,1.0
n50_i1305009_T_a1101_BASE,50,1305009,T,1101,2,10,1,1.0
n50_i1305009_T_a1101_BASE,50,1305009,T,1101,3,10,0,0
n50_i1305009_T_a1101_BASE,50,1305009,T,1101,4,10,0,0
n50_i1305009_T_a1101_BASE,50,1305009,T,1101,5,10,2,2.0
n50_i1305009_T_a1101_BASE,50,1305009,T,1101,6,10,3,3.0
n50_i1305009_T_a1101_BASE,50,1305009,T,1101,7,10,0,0
n50_i1305009_T_a1101_BASE,50,1305009,T,1101,8,10,1,1.0
n50_i1305009_T_a1101_BASE,50,1305009,T,1101,9,10,3,3.0
n50_i1305009_T_a2202_BASE,50,1305009,T,2202,0,10,4,4.0
n50_i1305009_T_a2202_BASE,50,1305009,T,2202,1,10,1,1.0
n50_i1305009_T_a2202_BASE,50,1305009,T,2202,2,10,0,0
n50_i1305009_T_a2202_BASE,50,1305009,T,2202,3,10,1,1.0
n50_i1305009_T_a2202_BASE,50,1305009,T,2202,4,10,2,2.0
n50_i1305009_T_a2202_BASE,50,1305009,T,2202,5,10,0,0
n50_i1305009_T_a2202_BASE,50,1305009,T,2202,6,10,0,0
n50_i1305009_T_a2202_BASE,50,1305009,T,2202,7,10,0,0
n50_i1305009_T_a2202_BASE,50,1305009,T,2202,8,10,1,1.0
n50_i1305009_T_a2202_BASE,50,1305009,T,2202,9,10,1,1.0
n50_i1305011_H_a1101_BASE,50,1305011,H,1101,0,10,1,1.0
n50_i1305011_H_a1101_BASE,50,1305011,H,1101,1,10,1,1.0
n50_i1305011_H_a1101_BASE,50,1305011,H,1101,2,10,1,1.0
n50_i1305011_H_a1101_BASE,50,1305011,H,1101,3,10,0,0
n50_i1305011_H_a1101_BASE,50,1305011,H,1101,4,10,1,1.0
n50_i1305011_H_a1101_BASE,50,1305011,H,1101,5,10,0,0
n50_i1305011_H_a1101_BASE,50,1305011,H,1101,6,10,2,2.0
n50_i1305011_H_a1101_BASE,50,1305011,H,1101,7,10,1,1.0
n50_i1305011_H_a1101_BASE,50,1305011,H,1101,8,10,1,1.0
n50_i1305011_H_a1101_BASE,50,1305011,H,1101,9,10,1,1.0
n50_i1305011_H_a2202_BASE,50,1305011,H,2202,0,10,0,0
n50_i1305011_H_a2202_BASE,50,1305011,H,2202,1,10,1,1.0
n50_i1305011_H_a2202_BASE,50,1305011,H,2202,2,10,1,1.0
n50_i1305011_H_a2202_BASE,50,1305011,H,2202,3,10,2,2.0
n50_i1305011_H_a2202_BASE,50,1305011,H,2202,4,10,2,2.0
n50_i1305011_H_a2202_BASE,50,1305011,H,2202,5,10,2,2.0
n50_i1305011_H_a2202_BASE,50,1305011,H,2202,6,10,0,0
n50_i1305011_H_a2202_BASE,50,1305011,H,2202,7,10,0,0
n50_i1305011_H_a2202_BASE,50,1305011,H,2202,8,10,2,2.0
n50_i1305011_H_a2202_BASE,50,1305011,H,2202,9,10,0,0
n50_i1305011_T_a1101_BASE,50,1305011,T,1101,0,10,1,1.0
n50_i1305011_T_a1101_BASE,50,1305011,T,1101,1,10,2,2.0
n50_i1305011_T_a1101_BASE,50,1305011,T,1101,2,10,1,1.0
n50_i1305011_T_a1101_BASE,50,1305011,T,1101,3,10,0,0
n50_i1305011_T_a1101_BASE,50,1305011,T,1101,4,10,1,1.0
n50_i1305011_T_a1101_BASE,50,1305011,T,1101,5,10,1,1.0
n50_i1305011_T_a1101_BASE,50,1305011,T,1101,6,10,2,2.0
n50_i1305011_T_a1101_BASE,50,1305011,T,1101,7,10,1,1.0
n50_i1305011_T_a1101_BASE,50,1305011,T,1101,8,10,1,1.0
n50_i1305011_T_a1101_BASE,50,1305011,T,1101,9,10,1,1.0
n50_i1305011_T_a2202_BASE,50,1305011,T,2202,0,10,0,0
n50_i1305011_T_a2202_BASE,50,1305011,T,2202,1,10,1,1.0
n50_i1305011_T_a2202_BASE,50,1305011,T,2202,2,10,1,1.0
n50_i1305011_T_a2202_BASE,50,1305011,T,2202,3,10,2,2.0
n50_i1305011_T_a2202_BASE,50,1305011,T,2202,4,10,1,1.0
n50_i1305011_T_a2202_BASE,50,1305011,T,2202,5,10,2,2.0
n50_i1305011_T_a2202_BASE,50,1305011,T,2202,6,10,0,0
n50_i1305011_T_a2202_BASE,50,1305011,T,2202,7,10,0,0
n50_i1305011_T_a2202_BASE,50,1305011,T,2202,8,10,2,2.0
n50_i1305011_T_a2202_BASE,50,1305011,T,2202,9,10,0,0
n50_i1305013_H_a1101_BASE,50,1305013,H,1101,0,10,1,1.0
n50_i1305013_H_a1101_BASE,50,1305013,H,1101,1,10,0,0
n50_i1305013_H_a1101_BASE,50,1305013,H,1101,2,10,1,1.0
n50_i1305013_H_a1101_BASE,50,1305013,H,1101,3,10,0,0
n50_i1305013_H_a1101_BASE,50,1305013,H,1101,4,10,0,0
n50_i1305013_H_a1101_BASE,50,1305013,H,1101,5,10,1,1.0
n50_i1305013_H_a1101_BASE,50,1305013,H,1101,6,10,1,1.0
n50_i1305013_H_a1101_BASE,50,1305013,H,1101,7,10,0,0
n50_i1305013_H_a1101_BASE,50,1305013,H,1101,8,10,0,0
n50_i1305013_H_a1101_BASE,50,1305013,H,1101,9,10,2,2.0
n50_i1305013_H_a2202_BASE,50,1305013,H,2202,0,10,2,2.0
n50_i1305013_H_a2202_BASE,50,1305013,H,2202,1,10,0,0
n50_i1305013_H_a2202_BASE,50,1305013,H,2202,2,10,2,2.0
n50_i1305013_H_a2202_BASE,50,1305013,H,2202,3,10,0,0
n50_i1305013_H_a2202_BASE,50,1305013,H,2202,4,10,0,0
n50_i1305013_H_a2202_BASE,50,1305013,H,2202,5,10,0,0
n50_i1305013_H_a2202_BASE,50,1305013,H,2202,6,10,1,1.0
n50_i1305013_H_a2202_BASE,50,1305013,H,2202,7,10,0,0
n50_i1305013_H_a2202_BASE,50,1305013,H,2202,8,10,1,1.0
n50_i1305013_H_a2202_BASE,50,1305013,H,2202,9,10,1,1.0
n50_i1305013_T_a1101_BASE,50,1305013,T,1101,0,10,2,2.0
n50_i1305013_T_a1101_BASE,50,1305013,T,1101,1,10,0,0
n50_i1305013_T_a1101_BASE,50,1305013,T,1101,2,10,2,2.0
n50_i1305013_T_a1101_BASE,50,1305013,T,1101,3,10,0,0
n50_i1305013_T_a1101_BASE,50,1305013,T,1101,4,10,0,0
n50_i1305013_T_a1101_BASE,50,1305013,T,1101,5,10,1,1.0
n50_i1305013_T_a1101_BASE,50,1305013,T,1101,6,10,2,2.0
n50_i1305013_T_a1101_BASE,50,1305013,T,1101,7,10,0,0
n50_i1305013_T_a1101_BASE,50,1305013,T,1101,8,10,0,0
n50_i1305013_T_a1101_BASE,50,1305013,T,1101,9,10,1,1.0
n50_i1305013_T_a2202_BASE,50,1305013,T,2202,0,10,2,2.0
n50_i1305013_T_a2202_BASE,50,1305013,T,2202,1,10,1,1.0
n50_i1305013_T_a2202_BASE,50,1305013,T,2202,2,10,1,1.0
n50_i1305013_T_a2202_BASE,50,1305013,T,2202,3,10,0,0
n50_i1305013_T_a2202_BASE,50,1305013,T,2202,4,10,0,0
n50_i1305013_T_a2202_BASE,50,1305013,T,2202,5,10,0,0
n50_i1305013_T_a2202_BASE,50,1305013,T,2202,6,10,1,1.0
n50_i1305013_T_a2202_BASE,50,1305013,T,2202,7,10,1,1.0
n50_i1305013_T_a2202_BASE,50,1305013,T,2202,8,10,1,1.0
n50_i1305013_T_a2202_BASE,50,1305013,T,2202,9,10,1,1.0
n50_i1305015_H_a1101_BASE,50,1305015,H,1101,0,10,2,2.0
n50_i1305015_H_a1101_BASE,50,1305015,H,1101,1,10,2,2.0
n50_i1305015_H_a1101_BASE,50,1305015,H,1101,2,10,0,0
n50_i1305015_H_a1101_BASE,50,1305015,H,1101,3,10,0,0
n50_i1305015_H_a1101_BASE,50,1305015,H,1101,4,10,0,0
n50_i1305015_H_a1101_BASE,50,1305015,H,1101,5,10,0,0
n50_i1305015_H_a1101_BASE,50,1305015,H,1101,6,10,1,1.0
n50_i1305015_H_a1101_BASE,50,1305015,H,1101,7,10,1,1.0
n50_i1305015_H_a1101_BASE,50,1305015,H,1101,8,10,1,1.0
n50_i1305015_H_a1101_BASE,50,1305015,H,1101,9,10,2,2.0
n50_i1305015_H_a2202_BASE,50,1305015,H,2202,0,10,1,1.0
n50_i1305015_H_a2202_BASE,50,1305015,H,2202,1,10,0,0
n50_i1305015_H_a2202_BASE,50,1305015,H,2202,2,10,0,0
n50_i1305015_H_a2202_BASE,50,1305015,H,2202,3,10,2,2.0
n50_i1305015_H_a2202_BASE,50,1305015,H,2202,4,10,1,1.0
n50_i1305015_H_a2202_BASE,50,1305015,H,2202,5,10,0,0
n50_i1305015_H_a2202_BASE,50,1305015,H,2202,6,10,3,3.0
n50_i1305015_H_a2202_BASE,50,1305015,H,2202,7,10,1,1.0
n50_i1305015_H_a2202_BASE,50,1305015,H,2202,8,10,3,3.0
n50_i1305015_H_a2202_BASE,50,1305015,H,2202,9,10,1,1.0
n50_i1305015_T_a1101_BASE,50,1305015,T,1101,0,10,2,2.0
n50_i1305015_T_a1101_BASE,50,1305015,T,1101,1,10,2,2.0
n50_i1305015_T_a1101_BASE,50,1305015,T,1101,2,10,0,0
n50_i1305015_T_a1101_BASE,50,1305015,T,1101,3,10,0,0
n50_i1305015_T_a1101_BASE,50,1305015,T,1101,4,10,0,0
n50_i1305015_T_a1101_BASE,50,1305015,T,1101,5,10,0,0
n50_i1305015_T_a1101_BASE,50,1305015,T,1101,6,10,1,1.0
n50_i1305015_T_a1101_BASE,50,1305015,T,1101,7,10,1,1.0
n50_i1305015_T_a1101_BASE,50,1305015,T,1101,8,10,0,0
n50_i1305015_T_a1101_BASE,50,1305015,T,1101,9,10,1,1.0
n50_i1305015_T_a2202_BASE,50,1305015,T,2202,0,10,1,1.0
n50_i1305015_T_a2202_BASE,50,1305015,T,2202,1,10,0,0
n50_i1305015_T_a2202_BASE,50,1305015,T,2202,2,10,0,0
n50_i1305015_T_a2202_BASE,50,1305015,T,2202,3,10,2,2.0
n50_i1305015_T_a2202_BASE,50,1305015,T,2202,4,10,1,1.0
n50_i1305015_T_a2202_BASE,50,1305015,T,2202,5,10,1,1.0
n50_i1305015_T_a2202_BASE,50,1305015,T,2202,6,10,2,2.0
n50_i1305015_T_a2202_BASE,50,1305015,T,2202,7,10,1,1.0
n50_i1305015_T_a2202_BASE,50,1305015,T,2202,8,10,3,3.0
n50_i1305015_T_a2202_BASE,50,1305015,T,2202,9,10,1,1.0
n50_i1305017_H_a1101_BASE,50,1305017,H,1101,0,10,2,2.0
n50_i1305017_H_a1101_BASE,50,1305017,H,1101,1,10,1,1.0
n50_i1305017_H_a1101_BASE,50,1305017,H,1101,2,10,0,0
n50_i1305017_H_a1101_BASE,50,1305017,H,1101,3,10,0,0
n50_i1305017_H_a1101_BASE,50,1305017,H,1101,4,10,1,1.0
n50_i1305017_H_a1101_BASE,50,1305017,H,1101,5,10,0,0
n50_i1305017_H_a1101_BASE,50,1305017,H,1101,6,10,1,1.0
n50_i1305017_H_a1101_BASE,50,1305017,H,1101,7,10,0,0
n50_i1305017_H_a1101_BASE,50,1305017,H,1101,8,10,2,2.0
n50_i1305017_H_a1101_BASE,50,1305017,H,1101,9,10,2,2.0
n50_i1305017_H_a2202_BASE,50,1305017,H,2202,0,10,1,1.0
n50_i1305017_H_a2202_BASE,50,1305017,H,2202,1,10,1,1.0
n50_i1305017_H_a2202_BASE,50,1305017,H,2202,2,10,1,1.0
n50_i1305017_H_a2202_BASE,50,1305017,H,2202,3,10,1,1.0
n50_i1305017_H_a2202_BASE,50,1305017,H,2202,4,10,1,1.0
n50_i1305017_H_a2202_BASE,50,1305017,H,2202,5,10,0,0
n50_i1305017_H_a2202_BASE,50,1305017,H,2202,6,10,2,2.0
n50_i1305017_H_a2202_BASE,50,1305017,H,2202,7,10,1,1.0
n50_i1305017_H_a2202_BASE,50,1305017,H,2202,8,10,1,1.0
n50_i1305017_H_a2202_BASE,50,1305017,H,2202,9,10,3,3.0
n50_i1305017_T_a1101_BASE,50,1305017,T,1101,0,10,2,2.0
n50_i1305017_T_a1101_BASE,50,1305017,T,1101,1,10,1,1.0
n50_i1305017_T_a1101_BASE,50,1305017,T,1101,2,10,0,0
n50_i1305017_T_a1101_BASE,50,1305017,T,1101,3,10,0,0
n50_i1305017_T_a1101_BASE,50,1305017,T,1101,4,10,1,1.0
n50_i1305017_T_a1101_BASE,50,1305017,T,1101,5,10,1,1.0
n50_i1305017_T_a1101_BASE,50,1305017,T,1101,6,10,1,1.0
n50_i1305017_T_a1101_BASE,50,1305017,T,1101,7,10,0,0
n50_i1305017_T_a1101_BASE,50,1305017,T,1101,8,10,1,1.0
n50_i1305017_T_a1101_BASE,50,1305017,T,1101,9,10,1,1.0
n50_i1305017_T_a2202_BASE,50,1305017,T,2202,0,10,1,1.0
n50_i1305017_T_a2202_BASE,50,1305017,T,2202,1,10,1,1.0
n50_i1305017_T_a2202_BASE,50,1305017,T,2202,2,10,1,1.0
n50_i1305017_T_a2202_BASE,50,1305017,T,2202,3,10,2,2.0
n50_i1305017_T_a2202_BASE,50,1305017,T,2202,4,10,1,1.0
n50_i1305017_T_a2202_BASE,50,1305017,T,2202,5,10,0,0
n50_i1305017_T_a2202_BASE,50,1305017,T,2202,6,10,3,3.0
n50_i1305017_T_a2202_BASE,50,1305017,T,2202,7,10,1,1.0
n50_i1305017_T_a2202_BASE,50,1305017,T,2202,8,10,1,1.0
n50_i1305017_T_a2202_BASE,50,1305017,T,2202,9,10,3,3.0
n50_i1305019_H_a1101_BASE,50,1305019,H,1101,0,10,1,1.0
n50_i1305019_H_a1101_BASE,50,1305019,H,1101,1,10,4,4.0
n50_i1305019_H_a1101_BASE,50,1305019,H,1101,2,10,1,1.0
n50_i1305019_H_a1101_BASE,50,1305019,H,1101,3,10,1,1.0
n50_i1305019_H_a1101_BASE,50,1305019,H,1101,4,10,0,0
n50_i1305019_H_a1101_BASE,50,1305019,H,1101,5,10,0,0
n50_i1305019_H_a1101_BASE,50,1305019,H,1101,6,10,0,0
n50_i1305019_H_a1101_BASE,50,1305019,H,1101,7,10,4,4.0
n50_i1305019_H_a1101_BASE,50,1305019,H,1101,8,10,0,0
n50_i1305019_H_a1101_BASE,50,1305019,H,1101,9,10,1,1.0
n50_i1305019_H_a2202_BASE,50,1305019,H,2202,0,10,1,1.0
n50_i1305019_H_a2202_BASE,50,1305019,H,2202,1,10,1,1.0
n50_i1305019_H_a2202_BASE,50,1305019,H,2202,2,10,1,1.0
n50_i1305019_H_a2202_BASE,50,1305019,H,2202,3,10,2,2.0
n50_i1305019_H_a2202_BASE,50,1305019,H,2202,4,10,0,0
n50_i1305019_H_a2202_BASE,50,1305019,H,2202,5,10,0,0
n50_i1305019_H_a2202_BASE,50,1305019,H,2202,6,10,2,2.0
n50_i1305019_H_a2202_BASE,50,1305019,H,2202,7,10,1,1.0
n50_i1305019_H_a2202_BASE,50,1305019,H,2202,8,10,0,0
n50_i1305019_H_a2202_BASE,50,1305019,H,2202,9,10,1,1.0
n50_i1305019_T_a1101_BASE,50,1305019,T,1101,0,10,1,1.0
n50_i1305019_T_a1101_BASE,50,1305019,T,1101,1,10,3,3.0
n50_i1305019_T_a1101_BASE,50,1305019,T,1101,2,10,1,1.0
n50_i1305019_T_a1101_BASE,50,1305019,T,1101,3,10,1,1.0
n50_i1305019_T_a1101_BASE,50,1305019,T,1101,4,10,0,0
n50_i1305019_T_a1101_BASE,50,1305019,T,1101,5,10,1,1.0
n50_i1305019_T_a1101_BASE,50,1305019,T,1101,6,10,0,0
n50_i1305019_T_a1101_BASE,50,1305019,T,1101,7,10,2,2.0
n50_i1305019_T_a1101_BASE,50,1305019,T,1101,8,10,0,0
n50_i1305019_T_a1101_BASE,50,1305019,T,1101,9,10,1,1.0
n50_i1305019_T_a2202_BASE,50,1305019,T,2202,0,10,2,2.0
n50_i1305019_T_a2202_BASE,50,1305019,T,2202,1,10,1,1.0
n50_i1305019_T_a2202_BASE,50,1305019,T,2202,2,10,1,1.0
n50_i1305019_T_a2202_BASE,50,1305019,T,2202,3,10,2,2.0
n50_i1305019_T_a2202_BASE,50,1305019,T,2202,4,10,0,0
n50_i1305019_T_a2202_BASE,50,1305019,T,2202,5,10,0,0
n50_i1305019_T_a2202_BASE,50,1305019,T,2202,6,10,1,1.0
n50_i1305019_T_a2202_BASE,50,1305019,T,2202,7,10,0,0
n50_i1305019_T_a2202_BASE,50,1305019,T,2202,8,10,0,0
n50_i1305019_T_a2202_BASE,50,1305019,T,2202,9,10,0,0
n50_i1305021_H_a1101_BASE,50,1305021,H,1101,0,10,3,3.0
n50_i1305021_H_a1101_BASE,50,1305021,H,1101,1,10,2,2.0
n50_i1305021_H_a1101_BASE,50,1305021,H,1101,2,10,2,2.0
n50_i1305021_H_a1101_BASE,50,1305021,H,1101,3,10,0,0
n50_i1305021_H_a1101_BASE,50,1305021,H,1101,4,10,0,0
n50_i1305021_H_a1101_BASE,50,1305021,H,1101,5,10,0,0
n50_i1305021_H_a1101_BASE,50,1305021,H,1101,6,10,0,0
n50_i1305021_H_a1101_BASE,50,1305021,H,1101,7,10,0,0
n50_i1305021_H_a1101_BASE,50,1305021,H,1101,8,10,2,2.0
n50_i1305021_H_a1101_BASE,50,1305021,H,1101,9,10,1,1.0
n50_i1305021_H_a2202_BASE,50,1305021,H,2202,0,10,2,2.0
n50_i1305021_H_a2202_BASE,50,1305021,H,2202,1,10,1,1.0
n50_i1305021_H_a2202_BASE,50,1305021,H,2202,2,10,2,2.0
n50_i1305021_H_a2202_BASE,50,1305021,H,2202,3,10,2,2.0
n50_i1305021_H_a2202_BASE,50,1305021,H,2202,4,10,0,0
n50_i1305021_H_a2202_BASE,50,1305021,H,2202,5,10,0,0
n50_i1305021_H_a2202_BASE,50,1305021,H,2202,6,10,2,2.0
n50_i1305021_H_a2202_BASE,50,1305021,H,2202,7,10,1,1.0
n50_i1305021_H_a2202_BASE,50,1305021,H,2202,8,10,4,4.0
n50_i1305021_H_a2202_BASE,50,1305021,H,2202,9,10,2,2.0
n50_i1305021_T_a1101_BASE,50,1305021,T,1101,0,10,1,1.0
n50_i1305021_T_a1101_BASE,50,1305021,T,1101,1,10,2,2.0
n50_i1305021_T_a1101_BASE,50,1305021,T,1101,2,10,2,2.0
n50_i1305021_T_a1101_BASE,50,1305021,T,1101,3,10,0,0
n50_i1305021_T_a1101_BASE,50,1305021,T,1101,4,10,0,0
n50_i1305021_T_a1101_BASE,50,1305021,T,1101,5,10,0,0
n50_i1305021_T_a1101_BASE,50,1305021,T,1101,6,10,0,0
n50_i1305021_T_a1101_BASE,50,1305021,T,1101,7,10,1,1.0
n50_i1305021_T_a1101_BASE,50,1305021,T,1101,8,10,3,3.0
n50_i1305021_T_a1101_BASE,50,1305021,T,1101,9,10,1,1.0
n50_i1305021_T_a2202_BASE,50,1305021,T,2202,0,10,2,2.0
n50_i1305021_T_a2202_BASE,50,1305021,T,2202,1,10,1,1.0
n50_i1305021_T_a2202_BASE,50,1305021,T,2202,2,10,1,1.0
n50_i1305021_T_a2202_BASE,50,1305021,T,2202,3,10,1,1.0
n50_i1305021_T_a2202_BASE,50,1305021,T,2202,4,10,0,0
n50_i1305021_T_a2202_BASE,50,1305021,T,2202,5,10,1,1.0
n50_i1305021_T_a2202_BASE,50,1305021,T,2202,6,10,2,2.0
n50_i1305021_T_a2202_BASE,50,1305021,T,2202,7,10,1,1.0
n50_i1305021_T_a2202_BASE,50,1305021,T,2202,8,10,2,2.0
n50_i1305021_T_a2202_BASE,50,1305021,T,2202,9,10,2,2.0
n50_i1305023_H_a1101_BASE,50,1305023,H,1101,0,10,1,1.0
n50_i1305023_H_a1101_BASE,50,1305023,H,1101,1,10,1,1.0
n50_i1305023_H_a1101_BASE,50,1305023,H,1101,2,10,2,2.0
n50_i1305023_H_a1101_BASE,50,1305023,H,1101,3,10,1,1.0
n50_i1305023_H_a1101_BASE,50,1305023,H,1101,4,10,0,0
n50_i1305023_H_a1101_BASE,50,1305023,H,1101,5,10,0,0
n50_i1305023_H_a1101_BASE,50,1305023,H,1101,6,10,2,2.0
n50_i1305023_H_a1101_BASE,50,1305023,H,1101,7,10,1,1.0
n50_i1305023_H_a1101_BASE,50,1305023,H,1101,8,10,1,1.0
n50_i1305023_H_a1101_BASE,50,1305023,H,1101,9,10,1,1.0
n50_i1305023_H_a2202_BASE,50,1305023,H,2202,0,10,0,0
n50_i1305023_H_a2202_BASE,50,1305023,H,2202,1,10,1,1.0
n50_i1305023_H_a2202_BASE,50,1305023,H,2202,2,10,1,1.0
n50_i1305023_H_a2202_BASE,50,1305023,H,2202,3,10,1,1.0
n50_i1305023_H_a2202_BASE,50,1305023,H,2202,4,10,1,1.0
n50_i1305023_H_a2202_BASE,50,1305023,H,2202,5,10,1,1.0
n50_i1305023_H_a2202_BASE,50,1305023,H,2202,6,10,2,2.0
n50_i1305023_H_a2202_BASE,50,1305023,H,2202,7,10,1,1.0
n50_i1305023_H_a2202_BASE,50,1305023,H,2202,8,10,2,2.0
n50_i1305023_H_a2202_BASE,50,1305023,H,2202,9,10,4,4.0
n50_i1305023_T_a1101_BASE,50,1305023,T,1101,0,10,1,1.0
n50_i1305023_T_a1101_BASE,50,1305023,T,1101,1,10,1,1.0
n50_i1305023_T_a1101_BASE,50,1305023,T,1101,2,10,1,1.0
n50_i1305023_T_a1101_BASE,50,1305023,T,1101,3,10,2,2.0
n50_i1305023_T_a1101_BASE,50,1305023,T,1101,4,10,1,1.0
n50_i1305023_T_a1101_BASE,50,1305023,T,1101,5,10,1,1.0
n50_i1305023_T_a1101_BASE,50,1305023,T,1101,6,10,2,2.0
n50_i1305023_T_a1101_BASE,50,1305023,T,1101,7,10,0,0
n50_i1305023_T_a1101_BASE,50,1305023,T,1101,8,10,1,1.0
n50_i1305023_T_a1101_BASE,50,1305023,T,1101,9,10,1,1.0
n50_i1305023_T_a2202_BASE,50,1305023,T,2202,0,10,0,0
n50_i1305023_T_a2202_BASE,50,1305023,T,2202,1,10,0,0
n50_i1305023_T_a2202_BASE,50,1305023,T,2202,2,10,1,1.0
n50_i1305023_T_a2202_BASE,50,1305023,T,2202,3,10,1,1.0
n50_i1305023_T_a2202_BASE,50,1305023,T,2202,4,10,1,1.0
n50_i1305023_T_a2202_BASE,50,1305023,T,2202,5,10,1,1.0
n50_i1305023_T_a2202_BASE,50,1305023,T,2202,6,10,2,2.0
n50_i1305023_T_a2202_BASE,50,1305023,T,2202,7,10,1,1.0
n50_i1305023_T_a2202_BASE,50,1305023,T,2202,8,10,2,2.0
n50_i1305023_T_a2202_BASE,50,1305023,T,2202,9,10,3,3.0
n50_i1305025_H_a1101_BASE,50,1305025,H,1101,0,10,1,1.0
n50_i1305025_H_a1101_BASE,50,1305025,H,1101,1,10,1,1.0
n50_i1305025_H_a1101_BASE,50,1305025,H,1101,2,10,3,3.0
n50_i1305025_H_a1101_BASE,50,1305025,H,1101,3,10,0,0
n50_i1305025_H_a1101_BASE,50,1305025,H,1101,4,10,0,0
n50_i1305025_H_a1101_BASE,50,1305025,H,1101,5,10,0,0
n50_i1305025_H_a1101_BASE,50,1305025,H,1101,6,10,0,0
n50_i1305025_H_a1101_BASE,50,1305025,H,1101,7,10,0,0
n50_i1305025_H_a1101_BASE,50,1305025,H,1101,8,10,1,1.0
n50_i1305025_H_a1101_BASE,50,1305025,H,1101,9,10,1,1.0
n50_i1305025_H_a2202_BASE,50,1305025,H,2202,0,10,0,0
n50_i1305025_H_a2202_BASE,50,1305025,H,2202,1,10,0,0
n50_i1305025_H_a2202_BASE,50,1305025,H,2202,2,10,1,1.0
n50_i1305025_H_a2202_BASE,50,1305025,H,2202,3,10,0,0
n50_i1305025_H_a2202_BASE,50,1305025,H,2202,4,10,0,0
n50_i1305025_H_a2202_BASE,50,1305025,H,2202,5,10,1,1.0
n50_i1305025_H_a2202_BASE,50,1305025,H,2202,6,10,2,2.0
n50_i1305025_H_a2202_BASE,50,1305025,H,2202,7,10,0,0
n50_i1305025_H_a2202_BASE,50,1305025,H,2202,8,10,1,1.0
n50_i1305025_H_a2202_BASE,50,1305025,H,2202,9,10,1,1.0
n50_i1305025_T_a1101_BASE,50,1305025,T,1101,0,10,1,1.0
n50_i1305025_T_a1101_BASE,50,1305025,T,1101,1,10,1,1.0
n50_i1305025_T_a1101_BASE,50,1305025,T,1101,2,10,3,3.0
n50_i1305025_T_a1101_BASE,50,1305025,T,1101,3,10,0,0
n50_i1305025_T_a1101_BASE,50,1305025,T,1101,4,10,0,0
n50_i1305025_T_a1101_BASE,50,1305025,T,1101,5,10,0,0
n50_i1305025_T_a1101_BASE,50,1305025,T,1101,6,10,0,0
n50_i1305025_T_a1101_BASE,50,1305025,T,1101,7,10,0,0
n50_i1305025_T_a1101_BASE,50,1305025,T,1101,8,10,1,1.0
n50_i1305025_T_a1101_BASE,50,1305025,T,1101,9,10,0,0
n50_i1305025_T_a2202_BASE,50,1305025,T,2202,0,10,1,1.0
n50_i1305025_T_a2202_BASE,50,1305025,T,2202,1,10,0,0
n50_i1305025_T_a2202_BASE,50,1305025,T,2202,2,10,1,1.0
n50_i1305025_T_a2202_BASE,50,1305025,T,2202,3,10,0,0
n50_i1305025_T_a2202_BASE,50,1305025,T,2202,4,10,1,1.0
n50_i1305025_T_a2202_BASE,50,1305025,T,2202,5,10,1,1.0
n50_i1305025_T_a2202_BASE,50,1305025,T,2202,6,10,2,2.0
n50_i1305025_T_a2202_BASE,50,1305025,T,2202,7,10,0,0
n50_i1305025_T_a2202_BASE,50,1305025,T,2202,8,10,1,1.0
n50_i1305025_T_a2202_BASE,50,1305025,T,2202,9,10,0,0
n50_i1305027_H_a1101_BASE,50,1305027,H,1101,0,10,1,1.0
n50_i1305027_H_a1101_BASE,50,1305027,H,1101,1,10,1,1.0
n50_i1305027_H_a1101_BASE,50,1305027,H,1101,2,10,0,0
n50_i1305027_H_a1101_BASE,50,1305027,H,1101,3,10,0,0
n50_i1305027_H_a1101_BASE,50,1305027,H,1101,4,10,2,2.0
n50_i1305027_H_a1101_BASE,50,1305027,H,1101,5,10,0,0
n50_i1305027_H_a1101_BASE,50,1305027,H,1101,6,10,1,1.0
n50_i1305027_H_a1101_BASE,50,1305027,H,1101,7,10,2,2.0
n50_i1305027_H_a1101_BASE,50,1305027,H,1101,8,10,1,1.0
n50_i1305027_H_a1101_BASE,50,1305027,H,1101,9,10,3,3.0
n50_i1305027_H_a2202_BASE,50,1305027,H,2202,0,10,0,0
n50_i1305027_H_a2202_BASE,50,1305027,H,2202,1,10,1,1.0
n50_i1305027_H_a2202_BASE,50,1305027,H,2202,2,10,0,0
n50_i1305027_H_a2202_BASE,50,1305027,H,2202,3,10,0,0
n50_i1305027_H_a2202_BASE,50,1305027,H,2202,4,10,0,0
n50_i1305027_H_a2202_BASE,50,1305027,H,2202,5,10,1,1.0
n50_i1305027_H_a2202_BASE,50,1305027,H,2202,6,10,0,0
n50_i1305027_H_a2202_BASE,50,1305027,H,2202,7,10,0,0
n50_i1305027_H_a2202_BASE,50,1305027,H,2202,8,10,2,2.0
n50_i1305027_H_a2202_BASE,50,1305027,H,2202,9,10,0,0
n50_i1305027_T_a1101_BASE,50,1305027,T,1101,0,10,0,0
n50_i1305027_T_a1101_BASE,50,1305027,T,1101,1,10,0,0
n50_i1305027_T_a1101_BASE,50,1305027,T,1101,2,10,0,0
n50_i1305027_T_a1101_BASE,50,1305027,T,1101,3,10,0,0
n50_i1305027_T_a1101_BASE,50,1305027,T,1101,4,10,2,2.0
n50_i1305027_T_a1101_BASE,50,1305027,T,1101,5,10,1,1.0
n50_i1305027_T_a1101_BASE,50,1305027,T,1101,6,10,2,2.0
n50_i1305027_T_a1101_BASE,50,1305027,T,1101,7,10,1,1.0
n50_i1305027_T_a1101_BASE,50,1305027,T,1101,8,10,1,1.0
n50_i1305027_T_a1101_BASE,50,1305027,T,1101,9,10,3,3.0
n50_i1305027_T_a2202_BASE,50,1305027,T,2202,0,10,0,0
n50_i1305027_T_a2202_BASE,50,1305027,T,2202,1,10,3,3.0
n50_i1305027_T_a2202_BASE,50,1305027,T,2202,2,10,0,0
n50_i1305027_T_a2202_BASE,50,1305027,T,2202,3,10,0,0
n50_i1305027_T_a2202_BASE,50,1305027,T,2202,4,10,0,0
n50_i1305027_T_a2202_BASE,50,1305027,T,2202,5,10,2,2.0
n50_i1305027_T_a2202_BASE,50,1305027,T,2202,6,10,0,0
n50_i1305027_T_a2202_BASE,50,1305027,T,2202,7,10,0,0
n50_i1305027_T_a2202_BASE,50,1305027,T,2202,8,10,2,2.0
n50_i1305027_T_a2202_BASE,50,1305027,T,2202,9,10,0,0
n50_i1305029_H_a1101_BASE,50,1305029,H,1101,0,10,0,0
n50_i1305029_H_a1101_BASE,50,1305029,H,1101,1,10,1,1.0
n50_i1305029_H_a1101_BASE,50,1305029,H,1101,2,10,0,0
n50_i1305029_H_a1101_BASE,50,1305029,H,1101,3,10,0,0
n50_i1305029_H_a1101_BASE,50,1305029,H,1101,4,10,3,3.0
n50_i1305029_H_a1101_BASE,50,1305029,H,1101,5,10,1,1.0
n50_i1305029_H_a1101_BASE,50,1305029,H,1101,6,10,1,1.0
n50_i1305029_H_a1101_BASE,50,1305029,H,1101,7,10,0,0
n50_i1305029_H_a1101_BASE,50,1305029,H,1101,8,10,0,0
n50_i1305029_H_a1101_BASE,50,1305029,H,1101,9,10,1,1.0
n50_i1305029_H_a2202_BASE,50,1305029,H,2202,0,10,0,0
n50_i1305029_H_a2202_BASE,50,1305029,H,2202,1,10,1,1.0
n50_i1305029_H_a2202_BASE,50,1305029,H,2202,2,10,1,1.0
n50_i1305029_H_a2202_BASE,50,1305029,H,2202,3,10,0,0
n50_i1305029_H_a2202_BASE,50,1305029,H,2202,4,10,0,0
n50_i1305029_H_a2202_BASE,50,1305029,H,2202,5,10,2,2.0
n50_i1305029_H_a2202_BASE,50,1305029,H,2202,6,10,1,1.0
n50_i1305029_H_a2202_BASE,50,1305029,H,2202,7,10,2,2.0
n50_i1305029_H_a2202_BASE,50,1305029,H,2202,8,10,0,0
n50_i1305029_H_a2202_BASE,50,1305029,H,2202,9,10,2,2.0
n50_i1305029_T_a1101_BASE,50,1305029,T,1101,0,10,0,0
n50_i1305029_T_a1101_BASE,50,1305029,T,1101,1,10,1,1.0
n50_i1305029_T_a1101_BASE,50,1305029,T,1101,2,10,0,0
n50_i1305029_T_a1101_BASE,50,1305029,T,1101,3,10,1,1.0
n50_i1305029_T_a1101_BASE,50,1305029,T,1101,4,10,2,2.0
n50_i1305029_T_a1101_BASE,50,1305029,T,1101,5,10,1,1.0
n50_i1305029_T_a1101_BASE,50,1305029,T,1101,6,10,1,1.0
n50_i1305029_T_a1101_BASE,50,1305029,T,1101,7,10,0,0
n50_i1305029_T_a1101_BASE,50,1305029,T,1101,8,10,0,0
n50_i1305029_T_a1101_BASE,50,1305029,T,1101,9,10,1,1.0
n50_i1305029_T_a2202_BASE,50,1305029,T,2202,0,10,2,2.0
n50_i1305029_T_a2202_BASE,50,1305029,T,2202,1,10,2,2.0
n50_i1305029_T_a2202_BASE,50,1305029,T,2202,2,10,1,1.0
n50_i1305029_T_a2202_BASE,50,1305029,T,2202,3,10,1,1.0
n50_i1305029_T_a2202_BASE,50,1305029,T,2202,4,10,1,1.0
n50_i1305029_T_a2202_BASE,50,1305029,T,2202,5,10,1,1.0
n50_i1305029_T_a2202_BASE,50,1305029,T,2202,6,10,2,2.0
n50_i1305029_T_a2202_BASE,50,1305029,T,2202,7,10,2,2.0
n50_i1305029_T_a2202_BASE,50,1305029,T,2202,8,10,0,0
n50_i1305029_T_a2202_BASE,50,1305029,T,2202,9,10,1,1.0
n50_i1305031_H_a1101_BASE,50,1305031,H,1101,0,10,2,2.0
n50_i1305031_H_a1101_BASE,50,1305031,H,1101,1,10,2,2.0
n50_i1305031_H_a1101_BASE,50,1305031,H,1101,2,10,1,1.0
n50_i1305031_H_a1101_BASE,50,1305031,H,1101,3,10,0,0
n50_i1305031_H_a1101_BASE,50,1305031,H,1101,4,10,1,1.0
n50_i1305031_H_a1101_BASE,50,1305031,H,1101,5,10,0,0
n50_i1305031_H_a1101_BASE,50,1305031,H,1101,6,10,3,3.0
n50_i1305031_H_a1101_BASE,50,1305031,H,1101,7,10,0,0
n50_i1305031_H_a1101_BASE,50,1305031,H,1101,8,10,1,1.0
n50_i1305031_H_a1101_BASE,50,1305031,H,1101,9,10,2,2.0
n50_i1305031_H_a2202_BASE,50,1305031,H,2202,0,10,1,1.0
n50_i1305031_H_a2202_BASE,50,1305031,H,2202,1,10,1,1.0
n50_i1305031_H_a2202_BASE,50,1305031,H,2202,2,10,0,0
n50_i1305031_H_a2202_BASE,50,1305031,H,2202,3,10,2,2.0
n50_i1305031_H_a2202_BASE,50,1305031,H,2202,4,10,1,1.0
n50_i1305031_H_a2202_BASE,50,1305031,H,2202,5,10,0,0
n50_i1305031_H_a2202_BASE,50,1305031,H,2202,6,10,1,1.0
n50_i1305031_H_a2202_BASE,50,1305031,H,2202,7,10,0,0
n50_i1305031_H_a2202_BASE,50,1305031,H,2202,8,10,3,3.0
n50_i1305031_H_a2202_BASE,50,1305031,H,2202,9,10,0,0
n50_i1305031_T_a1101_BASE,50,1305031,T,1101,0,10,2,2.0
n50_i1305031_T_a1101_BASE,50,1305031,T,1101,1,10,1,1.0
n50_i1305031_T_a1101_BASE,50,1305031,T,1101,2,10,0,0
n50_i1305031_T_a1101_BASE,50,1305031,T,1101,3,10,0,0
n50_i1305031_T_a1101_BASE,50,1305031,T,1101,4,10,1,1.0
n50_i1305031_T_a1101_BASE,50,1305031,T,1101,5,10,0,0
n50_i1305031_T_a1101_BASE,50,1305031,T,1101,6,10,3,3.0
n50_i1305031_T_a1101_BASE,50,1305031,T,1101,7,10,0,0
n50_i1305031_T_a1101_BASE,50,1305031,T,1101,8,10,1,1.0
n50_i1305031_T_a1101_BASE,50,1305031,T,1101,9,10,2,2.0
n50_i1305031_T_a2202_BASE,50,1305031,T,2202,0,10,1,1.0
n50_i1305031_T_a2202_BASE,50,1305031,T,2202,1,10,1,1.0
n50_i1305031_T_a2202_BASE,50,1305031,T,2202,2,10,0,0
n50_i1305031_T_a2202_BASE,50,1305031,T,2202,3,10,2,2.0
n50_i1305031_T_a2202_BASE,50,1305031,T,2202,4,10,0,0
n50_i1305031_T_a2202_BASE,50,1305031,T,2202,5,10,0,0
n50_i1305031_T_a2202_BASE,50,1305031,T,2202,6,10,1,1.0
n50_i1305031_T_a2202_BASE,50,1305031,T,2202,7,10,0,0
n50_i1305031_T_a2202_BASE,50,1305031,T,2202,8,10,2,2.0
n50_i1305031_T_a2202_BASE,50,1305031,T,2202,9,10,1,1.0
n100_i1315002_H_a1101_BASE,100,1315002,H,1101,0,10,3,3.0
n100_i1315002_H_a1101_BASE,100,1315002,H,1101,1,10,0,0
n100_i1315002_H_a1101_BASE,100,1315002,H,1101,2,10,1,1.0
n100_i1315002_H_a1101_BASE,100,1315002,H,1101,3,10,2,2.0
n100_i1315002_H_a1101_BASE,100,1315002,H,1101,4,10,0,0
n100_i1315002_H_a1101_BASE,100,1315002,H,1101,5,10,0,0
n100_i1315002_H_a1101_BASE,100,1315002,H,1101,6,10,3,3.0
n100_i1315002_H_a1101_BASE,100,1315002,H,1101,7,10,1,1.0
n100_i1315002_H_a1101_BASE,100,1315002,H,1101,8,10,3,3.0
n100_i1315002_H_a1101_BASE,100,1315002,H,1101,9,10,0,0
n100_i1315002_H_a2202_BASE,100,1315002,H,2202,0,10,2,2.0
n100_i1315002_H_a2202_BASE,100,1315002,H,2202,1,10,2,2.0
n100_i1315002_H_a2202_BASE,100,1315002,H,2202,2,10,0,0
n100_i1315002_H_a2202_BASE,100,1315002,H,2202,3,10,0,0
n100_i1315002_H_a2202_BASE,100,1315002,H,2202,4,10,2,2.0
n100_i1315002_H_a2202_BASE,100,1315002,H,2202,5,10,0,0
n100_i1315002_H_a2202_BASE,100,1315002,H,2202,6,10,3,3.0
n100_i1315002_H_a2202_BASE,100,1315002,H,2202,7,10,0,0
n100_i1315002_H_a2202_BASE,100,1315002,H,2202,8,10,0,0
n100_i1315002_H_a2202_BASE,100,1315002,H,2202,9,10,2,2.0
n100_i1315002_T_a1101_BASE,100,1315002,T,1101,0,10,2,2.0
n100_i1315002_T_a1101_BASE,100,1315002,T,1101,1,10,1,1.0
n100_i1315002_T_a1101_BASE,100,1315002,T,1101,2,10,1,1.0
n100_i1315002_T_a1101_BASE,100,1315002,T,1101,3,10,2,2.0
n100_i1315002_T_a1101_BASE,100,1315002,T,1101,4,10,0,0
n100_i1315002_T_a1101_BASE,100,1315002,T,1101,5,10,0,0
n100_i1315002_T_a1101_BASE,100,1315002,T,1101,6,10,3,3.0
n100_i1315002_T_a1101_BASE,100,1315002,T,1101,7,10,1,1.0
n100_i1315002_T_a1101_BASE,100,1315002,T,1101,8,10,2,2.0
n100_i1315002_T_a1101_BASE,100,1315002,T,1101,9,10,0,0
n100_i1315002_T_a2202_BASE,100,1315002,T,2202,0,10,2,2.0
n100_i1315002_T_a2202_BASE,100,1315002,T,2202,1,10,2,2.0
n100_i1315002_T_a2202_BASE,100,1315002,T,2202,2,10,0,0
n100_i1315002_T_a2202_BASE,100,1315002,T,2202,3,10,0,0
n100_i1315002_T_a2202_BASE,100,1315002,T,2202,4,10,2,2.0
n100_i1315002_T_a2202_BASE,100,1315002,T,2202,5,10,0,0
n100_i1315002_T_a2202_BASE,100,1315002,T,2202,6,10,3,3.0
n100_i1315002_T_a2202_BASE,100,1315002,T,2202,7,10,0,0
n100_i1315002_T_a2202_BASE,100,1315002,T,2202,8,10,0,0
n100_i1315002_T_a2202_BASE,100,1315002,T,2202,9,10,3,3.0
n100_i1315004_H_a1101_BASE,100,1315004,H,1101,0,10,0,0
n100_i1315004_H_a1101_BASE,100,1315004,H,1101,1,10,3,3.0
n100_i1315004_H_a1101_BASE,100,1315004,H,1101,2,10,1,1.0
n100_i1315004_H_a1101_BASE,100,1315004,H,1101,3,10,0,0
n100_i1315004_H_a1101_BASE,100,1315004,H,1101,4,10,2,2.0
n100_i1315004_H_a1101_BASE,100,1315004,H,1101,5,10,0,0
n100_i1315004_H_a1101_BASE,100,1315004,H,1101,6,10,0,0
n100_i1315004_H_a1101_BASE,100,1315004,H,1101,7,10,0,0
n100_i1315004_H_a1101_BASE,100,1315004,H,1101,8,10,3,3.0
n100_i1315004_H_a1101_BASE,100,1315004,H,1101,9,10,2,2.0
n100_i1315004_H_a2202_BASE,100,1315004,H,2202,0,10,2,2.0
n100_i1315004_H_a2202_BASE,100,1315004,H,2202,1,10,1,1.0
n100_i1315004_H_a2202_BASE,100,1315004,H,2202,2,10,3,3.0
n100_i1315004_H_a2202_BASE,100,1315004,H,2202,3,10,0,0
n100_i1315004_H_a2202_BASE,100,1315004,H,2202,4,10,0,0
n100_i1315004_H_a2202_BASE,100,1315004,H,2202,5,10,0,0
n100_i1315004_H_a2202_BASE,100,1315004,H,2202,6,10,0,0
n100_i1315004_H_a2202_BASE,100,1315004,H,2202,7,10,0,0
n100_i1315004_H_a2202_BASE,100,1315004,H,2202,8,10,1,1.0
n100_i1315004_H_a2202_BASE,100,1315004,H,2202,9,10,2,2.0
n100_i1315004_T_a1101_BASE,100,1315004,T,1101,0,10,0,0
n100_i1315004_T_a1101_BASE,100,1315004,T,1101,1,10,3,3.0
n100_i1315004_T_a1101_BASE,100,1315004,T,1101,2,10,2,2.0
n100_i1315004_T_a1101_BASE,100,1315004,T,1101,3,10,0,0
n100_i1315004_T_a1101_BASE,100,1315004,T,1101,4,10,2,2.0
n100_i1315004_T_a1101_BASE,100,1315004,T,1101,5,10,0,0
n100_i1315004_T_a1101_BASE,100,1315004,T,1101,6,10,0,0
n100_i1315004_T_a1101_BASE,100,1315004,T,1101,7,10,0,0
n100_i1315004_T_a1101_BASE,100,1315004,T,1101,8,10,3,3.0
n100_i1315004_T_a1101_BASE,100,1315004,T,1101,9,10,2,2.0
n100_i1315004_T_a2202_BASE,100,1315004,T,2202,0,10,3,3.0
n100_i1315004_T_a2202_BASE,100,1315004,T,2202,1,10,1,1.0
n100_i1315004_T_a2202_BASE,100,1315004,T,2202,2,10,2,2.0
n100_i1315004_T_a2202_BASE,100,1315004,T,2202,3,10,1,1.0
n100_i1315004_T_a2202_BASE,100,1315004,T,2202,4,10,0,0
n100_i1315004_T_a2202_BASE,100,1315004,T,2202,5,10,0,0
n100_i1315004_T_a2202_BASE,100,1315004,T,2202,6,10,0,0
n100_i1315004_T_a2202_BASE,100,1315004,T,2202,7,10,0,0
n100_i1315004_T_a2202_BASE,100,1315004,T,2202,8,10,0,0
n100_i1315004_T_a2202_BASE,100,1315004,T,2202,9,10,2,2.0
n100_i1315006_H_a1101_BASE,100,1315006,H,1101,0,10,2,2.0
n100_i1315006_H_a1101_BASE,100,1315006,H,1101,1,10,1,1.0
n100_i1315006_H_a1101_BASE,100,1315006,H,1101,2,10,0,0
n100_i1315006_H_a1101_BASE,100,1315006,H,1101,3,10,2,2.0
n100_i1315006_H_a1101_BASE,100,1315006,H,1101,4,10,2,2.0
n100_i1315006_H_a1101_BASE,100,1315006,H,1101,5,10,0,0
n100_i1315006_H_a1101_BASE,100,1315006,H,1101,6,10,0,0
n100_i1315006_H_a1101_BASE,100,1315006,H,1101,7,10,1,1.0
n100_i1315006_H_a1101_BASE,100,1315006,H,1101,8,10,2,2.0
n100_i1315006_H_a1101_BASE,100,1315006,H,1101,9,10,2,2.0
n100_i1315006_H_a2202_BASE,100,1315006,H,2202,0,10,0,0
n100_i1315006_H_a2202_BASE,100,1315006,H,2202,1,10,3,3.0
n100_i1315006_H_a2202_BASE,100,1315006,H,2202,2,10,1,1.0
n100_i1315006_H_a2202_BASE,100,1315006,H,2202,3,10,0,0
n100_i1315006_H_a2202_BASE,100,1315006,H,2202,4,10,1,1.0
n100_i1315006_H_a2202_BASE,100,1315006,H,2202,5,10,1,1.0
n100_i1315006_H_a2202_BASE,100,1315006,H,2202,6,10,0,0
n100_i1315006_H_a2202_BASE,100,1315006,H,2202,7,10,0,0
n100_i1315006_H_a2202_BASE,100,1315006,H,2202,8,10,1,1.0
n100_i1315006_H_a2202_BASE,100,1315006,H,2202,9,10,1,1.0
n100_i1315006_T_a1101_BASE,100,1315006,T,1101,0,10,2,2.0
n100_i1315006_T_a1101_BASE,100,1315006,T,1101,1,10,1,1.0
n100_i1315006_T_a1101_BASE,100,1315006,T,1101,2,10,0,0
n100_i1315006_T_a1101_BASE,100,1315006,T,1101,3,10,2,2.0
n100_i1315006_T_a1101_BASE,100,1315006,T,1101,4,10,2,2.0
n100_i1315006_T_a1101_BASE,100,1315006,T,1101,5,10,2,2.0
n100_i1315006_T_a1101_BASE,100,1315006,T,1101,6,10,0,0
n100_i1315006_T_a1101_BASE,100,1315006,T,1101,7,10,0,0
n100_i1315006_T_a1101_BASE,100,1315006,T,1101,8,10,3,3.0
n100_i1315006_T_a1101_BASE,100,1315006,T,1101,9,10,1,1.0
n100_i1315006_T_a2202_BASE,100,1315006,T,2202,0,10,0,0
n100_i1315006_T_a2202_BASE,100,1315006,T,2202,1,10,3,3.0
n100_i1315006_T_a2202_BASE,100,1315006,T,2202,2,10,1,1.0
n100_i1315006_T_a2202_BASE,100,1315006,T,2202,3,10,0,0
n100_i1315006_T_a2202_BASE,100,1315006,T,2202,4,10,2,2.0
n100_i1315006_T_a2202_BASE,100,1315006,T,2202,5,10,1,1.0
n100_i1315006_T_a2202_BASE,100,1315006,T,2202,6,10,0,0
n100_i1315006_T_a2202_BASE,100,1315006,T,2202,7,10,0,0
n100_i1315006_T_a2202_BASE,100,1315006,T,2202,8,10,1,1.0
n100_i1315006_T_a2202_BASE,100,1315006,T,2202,9,10,1,1.0
n100_i1315008_H_a1101_BASE,100,1315008,H,1101,0,10,0,0
n100_i1315008_H_a1101_BASE,100,1315008,H,1101,1,10,3,3.0
n100_i1315008_H_a1101_BASE,100,1315008,H,1101,2,10,1,1.0
n100_i1315008_H_a1101_BASE,100,1315008,H,1101,3,10,1,1.0
n100_i1315008_H_a1101_BASE,100,1315008,H,1101,4,10,0,0
n100_i1315008_H_a1101_BASE,100,1315008,H,1101,5,10,0,0
n100_i1315008_H_a1101_BASE,100,1315008,H,1101,6,10,3,3.0
n100_i1315008_H_a1101_BASE,100,1315008,H,1101,7,10,0,0
n100_i1315008_H_a1101_BASE,100,1315008,H,1101,8,10,2,2.0
n100_i1315008_H_a1101_BASE,100,1315008,H,1101,9,10,1,1.0
n100_i1315008_H_a2202_BASE,100,1315008,H,2202,0,10,3,3.0
n100_i1315008_H_a2202_BASE,100,1315008,H,2202,1,10,0,0
n100_i1315008_H_a2202_BASE,100,1315008,H,2202,2,10,2,2.0
n100_i1315008_H_a2202_BASE,100,1315008,H,2202,3,10,0,0
n100_i1315008_H_a2202_BASE,100,1315008,H,2202,4,10,0,0
n100_i1315008_H_a2202_BASE,100,1315008,H,2202,5,10,2,2.0
n100_i1315008_H_a2202_BASE,100,1315008,H,2202,6,10,0,0
n100_i1315008_H_a2202_BASE,100,1315008,H,2202,7,10,0,0
n100_i1315008_H_a2202_BASE,100,1315008,H,2202,8,10,1,1.0
n100_i1315008_H_a2202_BASE,100,1315008,H,2202,9,10,0,0
n100_i1315008_T_a1101_BASE,100,1315008,T,1101,0,10,0,0
n100_i1315008_T_a1101_BASE,100,1315008,T,1101,1,10,3,3.0
n100_i1315008_T_a1101_BASE,100,1315008,T,1101,2,10,0,0
n100_i1315008_T_a1101_BASE,100,1315008,T,1101,3,10,2,2.0
n100_i1315008_T_a1101_BASE,100,1315008,T,1101,4,10,0,0
n100_i1315008_T_a1101_BASE,100,1315008,T,1101,5,10,0,0
n100_i1315008_T_a1101_BASE,100,1315008,T,1101,6,10,3,3.0
n100_i1315008_T_a1101_BASE,100,1315008,T,1101,7,10,0,0
n100_i1315008_T_a1101_BASE,100,1315008,T,1101,8,10,3,3.0
n100_i1315008_T_a1101_BASE,100,1315008,T,1101,9,10,0,0
n100_i1315008_T_a2202_BASE,100,1315008,T,2202,0,10,3,3.0
n100_i1315008_T_a2202_BASE,100,1315008,T,2202,1,10,0,0
n100_i1315008_T_a2202_BASE,100,1315008,T,2202,2,10,2,2.0
n100_i1315008_T_a2202_BASE,100,1315008,T,2202,3,10,0,0
n100_i1315008_T_a2202_BASE,100,1315008,T,2202,4,10,0,0
n100_i1315008_T_a2202_BASE,100,1315008,T,2202,5,10,2,2.0
n100_i1315008_T_a2202_BASE,100,1315008,T,2202,6,10,0,0
n100_i1315008_T_a2202_BASE,100,1315008,T,2202,7,10,0,0
n100_i1315008_T_a2202_BASE,100,1315008,T,2202,8,10,1,1.0
n100_i1315008_T_a2202_BASE,100,1315008,T,2202,9,10,0,0
n100_i1315010_H_a1101_BASE,100,1315010,H,1101,0,10,2,2.0
n100_i1315010_H_a1101_BASE,100,1315010,H,1101,1,10,4,4.0
n100_i1315010_H_a1101_BASE,100,1315010,H,1101,2,10,1,1.0
n100_i1315010_H_a1101_BASE,100,1315010,H,1101,3,10,0,0
n100_i1315010_H_a1101_BASE,100,1315010,H,1101,4,10,2,2.0
n100_i1315010_H_a1101_BASE,100,1315010,H,1101,5,10,0,0
n100_i1315010_H_a1101_BASE,100,1315010,H,1101,6,10,1,1.0
n100_i1315010_H_a1101_BASE,100,1315010,H,1101,7,10,0,0
n100_i1315010_H_a1101_BASE,100,1315010,H,1101,8,10,0,0
n100_i1315010_H_a1101_BASE,100,1315010,H,1101,9,10,2,2.0
n100_i1315010_H_a2202_BASE,100,1315010,H,2202,0,10,0,0
n100_i1315010_H_a2202_BASE,100,1315010,H,2202,1,10,2,2.0
n100_i1315010_H_a2202_BASE,100,1315010,H,2202,2,10,1,1.0
n100_i1315010_H_a2202_BASE,100,1315010,H,2202,3,10,0,0
n100_i1315010_H_a2202_BASE,100,1315010,H,2202,4,10,1,1.0
n100_i1315010_H_a2202_BASE,100,1315010,H,2202,5,10,1,1.0
n100_i1315010_H_a2202_BASE,100,1315010,H,2202,6,10,0,0
n100_i1315010_H_a2202_BASE,100,1315010,H,2202,7,10,0,0
n100_i1315010_H_a2202_BASE,100,1315010,H,2202,8,10,3,3.0
n100_i1315010_H_a2202_BASE,100,1315010,H,2202,9,10,0,0
n100_i1315010_T_a1101_BASE,100,1315010,T,1101,0,10,1,1.0
n100_i1315010_T_a1101_BASE,100,1315010,T,1101,1,10,3,3.0
n100_i1315010_T_a1101_BASE,100,1315010,T,1101,2,10,1,1.0
n100_i1315010_T_a1101_BASE,100,1315010,T,1101,3,10,0,0
n100_i1315010_T_a1101_BASE,100,1315010,T,1101,4,10,3,3.0
n100_i1315010_T_a1101_BASE,100,1315010,T,1101,5,10,0,0
n100_i1315010_T_a1101_BASE,100,1315010,T,1101,6,10,1,1.0
n100_i1315010_T_a1101_BASE,100,1315010,T,1101,7,10,0,0
n100_i1315010_T_a1101_BASE,100,1315010,T,1101,8,10,0,0
n100_i1315010_T_a1101_BASE,100,1315010,T,1101,9,10,2,2.0
n100_i1315010_T_a2202_BASE,100,1315010,T,2202,0,10,0,0
n100_i1315010_T_a2202_BASE,100,1315010,T,2202,1,10,1,1.0
n100_i1315010_T_a2202_BASE,100,1315010,T,2202,2,10,1,1.0
n100_i1315010_T_a2202_BASE,100,1315010,T,2202,3,10,0,0
n100_i1315010_T_a2202_BASE,100,1315010,T,2202,4,10,1,1.0
n100_i1315010_T_a2202_BASE,100,1315010,T,2202,5,10,1,1.0
n100_i1315010_T_a2202_BASE,100,1315010,T,2202,6,10,0,0
n100_i1315010_T_a2202_BASE,100,1315010,T,2202,7,10,0,0
n100_i1315010_T_a2202_BASE,100,1315010,T,2202,8,10,2,2.0
n100_i1315010_T_a2202_BASE,100,1315010,T,2202,9,10,0,0
n100_i1315012_H_a1101_BASE,100,1315012,H,1101,0,10,1,1.0
n100_i1315012_H_a1101_BASE,100,1315012,H,1101,1,10,5,5.0
n100_i1315012_H_a1101_BASE,100,1315012,H,1101,2,10,2,2.0
n100_i1315012_H_a1101_BASE,100,1315012,H,1101,3,10,1,1.0
n100_i1315012_H_a1101_BASE,100,1315012,H,1101,4,10,0,0
n100_i1315012_H_a1101_BASE,100,1315012,H,1101,5,10,1,1.0
n100_i1315012_H_a1101_BASE,100,1315012,H,1101,6,10,0,0
n100_i1315012_H_a1101_BASE,100,1315012,H,1101,7,10,1,1.0
n100_i1315012_H_a1101_BASE,100,1315012,H,1101,8,10,1,1.0
n100_i1315012_H_a1101_BASE,100,1315012,H,1101,9,10,2,2.0
n100_i1315012_H_a2202_BASE,100,1315012,H,2202,0,10,2,2.0
n100_i1315012_H_a2202_BASE,100,1315012,H,2202,1,10,3,3.0
n100_i1315012_H_a2202_BASE,100,1315012,H,2202,2,10,3,3.0
n100_i1315012_H_a2202_BASE,100,1315012,H,2202,3,10,0,0
n100_i1315012_H_a2202_BASE,100,1315012,H,2202,4,10,0,0
n100_i1315012_H_a2202_BASE,100,1315012,H,2202,5,10,1,1.0
n100_i1315012_H_a2202_BASE,100,1315012,H,2202,6,10,1,1.0
n100_i1315012_H_a2202_BASE,100,1315012,H,2202,7,10,0,0
n100_i1315012_H_a2202_BASE,100,1315012,H,2202,8,10,0,0
n100_i1315012_H_a2202_BASE,100,1315012,H,2202,9,10,0,0
n100_i1315012_T_a1101_BASE,100,1315012,T,1101,0,10,1,1.0
n100_i1315012_T_a1101_BASE,100,1315012,T,1101,1,10,3,3.0
n100_i1315012_T_a1101_BASE,100,1315012,T,1101,2,10,3,3.0
n100_i1315012_T_a1101_BASE,100,1315012,T,1101,3,10,0,0
n100_i1315012_T_a1101_BASE,100,1315012,T,1101,4,10,0,0
n100_i1315012_T_a1101_BASE,100,1315012,T,1101,5,10,1,1.0
n100_i1315012_T_a1101_BASE,100,1315012,T,1101,6,10,0,0
n100_i1315012_T_a1101_BASE,100,1315012,T,1101,7,10,0,0
n100_i1315012_T_a1101_BASE,100,1315012,T,1101,8,10,1,1.0
n100_i1315012_T_a1101_BASE,100,1315012,T,1101,9,10,2,2.0
n100_i1315012_T_a2202_BASE,100,1315012,T,2202,0,10,3,3.0
n100_i1315012_T_a2202_BASE,100,1315012,T,2202,1,10,3,3.0
n100_i1315012_T_a2202_BASE,100,1315012,T,2202,2,10,2,2.0
n100_i1315012_T_a2202_BASE,100,1315012,T,2202,3,10,0,0
n100_i1315012_T_a2202_BASE,100,1315012,T,2202,4,10,0,0
n100_i1315012_T_a2202_BASE,100,1315012,T,2202,5,10,1,1.0
n100_i1315012_T_a2202_BASE,100,1315012,T,2202,6,10,1,1.0
n100_i1315012_T_a2202_BASE,100,1315012,T,2202,7,10,0,0
n100_i1315012_T_a2202_BASE,100,1315012,T,2202,8,10,1,1.0
n100_i1315012_T_a2202_BASE,100,1315012,T,2202,9,10,0,0
n100_i1315014_H_a1101_BASE,100,1315014,H,1101,0,10,0,0
n100_i1315014_H_a1101_BASE,100,1315014,H,1101,1,10,2,2.0
n100_i1315014_H_a1101_BASE,100,1315014,H,1101,2,10,0,0
n100_i1315014_H_a1101_BASE,100,1315014,H,1101,3,10,0,0
n100_i1315014_H_a1101_BASE,100,1315014,H,1101,4,10,3,3.0
n100_i1315014_H_a1101_BASE,100,1315014,H,1101,5,10,1,1.0
n100_i1315014_H_a1101_BASE,100,1315014,H,1101,6,10,0,0
n100_i1315014_H_a1101_BASE,100,1315014,H,1101,7,10,0,0
n100_i1315014_H_a1101_BASE,100,1315014,H,1101,8,10,0,0
n100_i1315014_H_a1101_BASE,100,1315014,H,1101,9,10,1,1.0
n100_i1315014_H_a2202_BASE,100,1315014,H,2202,0,10,1,1.0
n100_i1315014_H_a2202_BASE,100,1315014,H,2202,1,10,4,4.0
n100_i1315014_H_a2202_BASE,100,1315014,H,2202,2,10,1,1.0
n100_i1315014_H_a2202_BASE,100,1315014,H,2202,3,10,0,0
n100_i1315014_H_a2202_BASE,100,1315014,H,2202,4,10,0,0
n100_i1315014_H_a2202_BASE,100,1315014,H,2202,5,10,0,0
n100_i1315014_H_a2202_BASE,100,1315014,H,2202,6,10,0,0
n100_i1315014_H_a2202_BASE,100,1315014,H,2202,7,10,0,0
n100_i1315014_H_a2202_BASE,100,1315014,H,2202,8,10,2,2.0
n100_i1315014_H_a2202_BASE,100,1315014,H,2202,9,10,1,1.0
n100_i1315014_T_a1101_BASE,100,1315014,T,1101,0,10,0,0
n100_i1315014_T_a1101_BASE,100,1315014,T,1101,1,10,1,1.0
n100_i1315014_T_a1101_BASE,100,1315014,T,1101,2,10,0,0
n100_i1315014_T_a1101_BASE,100,1315014,T,1101,3,10,1,1.0
n100_i1315014_T_a1101_BASE,100,1315014,T,1101,4,10,3,3.0
n100_i1315014_T_a1101_BASE,100,1315014,T,1101,5,10,1,1.0
n100_i1315014_T_a1101_BASE,100,1315014,T,1101,6,10,0,0
n100_i1315014_T_a1101_BASE,100,1315014,T,1101,7,10,0,0
n100_i1315014_T_a1101_BASE,100,1315014,T,1101,8,10,0,0
n100_i1315014_T_a1101_BASE,100,1315014,T,1101,9,10,1,1.0
n100_i1315014_T_a2202_BASE,100,1315014,T,2202,0,10,2,2.0
n100_i1315014_T_a2202_BASE,100,1315014,T,2202,1,10,3,3.0
n100_i1315014_T_a2202_BASE,100,1315014,T,2202,2,10,1,1.0
n100_i1315014_T_a2202_BASE,100,1315014,T,2202,3,10,0,0
n100_i1315014_T_a2202_BASE,100,1315014,T,2202,4,10,0,0
n100_i1315014_T_a2202_BASE,100,1315014,T,2202,5,10,0,0
n100_i1315014_T_a2202_BASE,100,1315014,T,2202,6,10,0,0
n100_i1315014_T_a2202_BASE,100,1315014,T,2202,7,10,0,0
n100_i1315014_T_a2202_BASE,100,1315014,T,2202,8,10,1,1.0
n100_i1315014_T_a2202_BASE,100,1315014,T,2202,9,10,2,2.0
n100_i1315016_H_a1101_BASE,100,1315016,H,1101,0,10,0,0
n100_i1315016_H_a1101_BASE,100,1315016,H,1101,1,10,2,2.0
n100_i1315016_H_a1101_BASE,100,1315016,H,1101,2,10,1,1.0
n100_i1315016_H_a1101_BASE,100,1315016,H,1101,3,10,1,1.0
n100_i1315016_H_a1101_BASE,100,1315016,H,1101,4,10,1,1.0
n100_i1315016_H_a1101_BASE,100,1315016,H,1101,5,10,0,0
n100_i1315016_H_a1101_BASE,100,1315016,H,1101,6,10,0,0
n100_i1315016_H_a1101_BASE,100,1315016,H,1101,7,10,0,0
n100_i1315016_H_a1101_BASE,100,1315016,H,1101,8,10,0,0
n100_i1315016_H_a1101_BASE,100,1315016,H,1101,9,10,2,2.0
n100_i1315016_H_a2202_BASE,100,1315016,H,2202,0,10,1,1.0
n100_i1315016_H_a2202_BASE,100,1315016,H,2202,1,10,0,0
n100_i1315016_H_a2202_BASE,100,1315016,H,2202,2,10,2,2.0
n100_i1315016_H_a2202_BASE,100,1315016,H,2202,3,10,1,1.0
n100_i1315016_H_a2202_BASE,100,1315016,H,2202,4,10,2,2.0
n100_i1315016_H_a2202_BASE,100,1315016,H,2202,5,10,0,0
n100_i1315016_H_a2202_BASE,100,1315016,H,2202,6,10,0,0
n100_i1315016_H_a2202_BASE,100,1315016,H,2202,7,10,0,0
n100_i1315016_H_a2202_BASE,100,1315016,H,2202,8,10,1,1.0
n100_i1315016_H_a2202_BASE,100,1315016,H,2202,9,10,0,0
n100_i1315016_T_a1101_BASE,100,1315016,T,1101,0,10,0,0
n100_i1315016_T_a1101_BASE,100,1315016,T,1101,1,10,2,2.0
n100_i1315016_T_a1101_BASE,100,1315016,T,1101,2,10,1,1.0
n100_i1315016_T_a1101_BASE,100,1315016,T,1101,3,10,1,1.0
n100_i1315016_T_a1101_BASE,100,1315016,T,1101,4,10,1,1.0
n100_i1315016_T_a1101_BASE,100,1315016,T,1101,5,10,0,0
n100_i1315016_T_a1101_BASE,100,1315016,T,1101,6,10,0,0
n100_i1315016_T_a1101_BASE,100,1315016,T,1101,7,10,0,0
n100_i1315016_T_a1101_BASE,100,1315016,T,1101,8,10,2,2.0
n100_i1315016_T_a1101_BASE,100,1315016,T,1101,9,10,1,1.0
n100_i1315016_T_a2202_BASE,100,1315016,T,2202,0,10,1,1.0
n100_i1315016_T_a2202_BASE,100,1315016,T,2202,1,10,0,0
n100_i1315016_T_a2202_BASE,100,1315016,T,2202,2,10,3,3.0
n100_i1315016_T_a2202_BASE,100,1315016,T,2202,3,10,2,2.0
n100_i1315016_T_a2202_BASE,100,1315016,T,2202,4,10,2,2.0
n100_i1315016_T_a2202_BASE,100,1315016,T,2202,5,10,0,0
n100_i1315016_T_a2202_BASE,100,1315016,T,2202,6,10,0,0
n100_i1315016_T_a2202_BASE,100,1315016,T,2202,7,10,1,1.0
n100_i1315016_T_a2202_BASE,100,1315016,T,2202,8,10,1,1.0
n100_i1315016_T_a2202_BASE,100,1315016,T,2202,9,10,0,0
n100_i1315018_H_a1101_BASE,100,1315018,H,1101,0,10,1,1.0
n100_i1315018_H_a1101_BASE,100,1315018,H,1101,1,10,1,1.0
n100_i1315018_H_a1101_BASE,100,1315018,H,1101,2,10,1,1.0
n100_i1315018_H_a1101_BASE,100,1315018,H,1101,3,10,1,1.0
n100_i1315018_H_a1101_BASE,100,1315018,H,1101,4,10,1,1.0
n100_i1315018_H_a1101_BASE,100,1315018,H,1101,5,10,1,1.0
n100_i1315018_H_a1101_BASE,100,1315018,H,1101,6,10,0,0
n100_i1315018_H_a1101_BASE,100,1315018,H,1101,7,10,0,0
n100_i1315018_H_a1101_BASE,100,1315018,H,1101,8,10,1,1.0
n100_i1315018_H_a1101_BASE,100,1315018,H,1101,9,10,1,1.0
n100_i1315018_H_a2202_BASE,100,1315018,H,2202,0,10,1,1.0
n100_i1315018_H_a2202_BASE,100,1315018,H,2202,1,10,2,2.0
n100_i1315018_H_a2202_BASE,100,1315018,H,2202,2,10,2,2.0
n100_i1315018_H_a2202_BASE,100,1315018,H,2202,3,10,0,0
n100_i1315018_H_a2202_BASE,100,1315018,H,2202,4,10,0,0
n100_i1315018_H_a2202_BASE,100,1315018,H,2202,5,10,0,0
n100_i1315018_H_a2202_BASE,100,1315018,H,2202,6,10,1,1.0
n100_i1315018_H_a2202_BASE,100,1315018,H,2202,7,10,0,0
n100_i1315018_H_a2202_BASE,100,1315018,H,2202,8,10,2,2.0
n100_i1315018_H_a2202_BASE,100,1315018,H,2202,9,10,0,0
n100_i1315018_T_a1101_BASE,100,1315018,T,1101,0,10,2,2.0
n100_i1315018_T_a1101_BASE,100,1315018,T,1101,1,10,1,1.0
n100_i1315018_T_a1101_BASE,100,1315018,T,1101,2,10,1,1.0
n100_i1315018_T_a1101_BASE,100,1315018,T,1101,3,10,0,0
n100_i1315018_T_a1101_BASE,100,1315018,T,1101,4,10,1,1.0
n100_i1315018_T_a1101_BASE,100,1315018,T,1101,5,10,1,1.0
n100_i1315018_T_a1101_BASE,100,1315018,T,1101,6,10,0,0
n100_i1315018_T_a1101_BASE,100,1315018,T,1101,7,10,0,0
n100_i1315018_T_a1101_BASE,100,1315018,T,1101,8,10,2,2.0
n100_i1315018_T_a1101_BASE,100,1315018,T,1101,9,10,2,2.0
n100_i1315018_T_a2202_BASE,100,1315018,T,2202,0,10,1,1.0
n100_i1315018_T_a2202_BASE,100,1315018,T,2202,1,10,2,2.0
n100_i1315018_T_a2202_BASE,100,1315018,T,2202,2,10,2,2.0
n100_i1315018_T_a2202_BASE,100,1315018,T,2202,3,10,1,1.0
n100_i1315018_T_a2202_BASE,100,1315018,T,2202,4,10,0,0
n100_i1315018_T_a2202_BASE,100,1315018,T,2202,5,10,0,0
n100_i1315018_T_a2202_BASE,100,1315018,T,2202,6,10,1,1.0
n100_i1315018_T_a2202_BASE,100,1315018,T,2202,7,10,0,0
n100_i1315018_T_a2202_BASE,100,1315018,T,2202,8,10,1,1.0
n100_i1315018_T_a2202_BASE,100,1315018,T,2202,9,10,0,0
n100_i1315020_H_a1101_BASE,100,1315020,H,1101,0,10,0,0
n100_i1315020_H_a1101_BASE,100,1315020,H,1101,1,10,2,2.0
n100_i1315020_H_a1101_BASE,100,1315020,H,1101,2,10,2,2.0
n100_i1315020_H_a1101_BASE,100,1315020,H,1101,3,10,0,0
n100_i1315020_H_a1101_BASE,100,1315020,H,1101,4,10,3,3.0
n100_i1315020_H_a1101_BASE,100,1315020,H,1101,5,10,0,0
n100_i1315020_H_a1101_BASE,100,1315020,H,1101,6,10,1,1.0
n100_i1315020_H_a1101_BASE,100,1315020,H,1101,7,10,0,0
n100_i1315020_H_a1101_BASE,100,1315020,H,1101,8,10,3,3.0
n100_i1315020_H_a1101_BASE,100,1315020,H,1101,9,10,0,0
n100_i1315020_H_a2202_BASE,100,1315020,H,2202,0,10,1,1.0
n100_i1315020_H_a2202_BASE,100,1315020,H,2202,1,10,3,3.0
n100_i1315020_H_a2202_BASE,100,1315020,H,2202,2,10,1,1.0
n100_i1315020_H_a2202_BASE,100,1315020,H,2202,3,10,0,0
n100_i1315020_H_a2202_BASE,100,1315020,H,2202,4,10,2,2.0
n100_i1315020_H_a2202_BASE,100,1315020,H,2202,5,10,0,0
n100_i1315020_H_a2202_BASE,100,1315020,H,2202,6,10,0,0
n100_i1315020_H_a2202_BASE,100,1315020,H,2202,7,10,1,1.0
n100_i1315020_H_a2202_BASE,100,1315020,H,2202,8,10,2,2.0
n100_i1315020_H_a2202_BASE,100,1315020,H,2202,9,10,1,1.0
n100_i1315020_T_a1101_BASE,100,1315020,T,1101,0,10,1,1.0
n100_i1315020_T_a1101_BASE,100,1315020,T,1101,1,10,1,1.0
n100_i1315020_T_a1101_BASE,100,1315020,T,1101,2,10,2,2.0
n100_i1315020_T_a1101_BASE,100,1315020,T,1101,3,10,0,0
n100_i1315020_T_a1101_BASE,100,1315020,T,1101,4,10,3,3.0
n100_i1315020_T_a1101_BASE,100,1315020,T,1101,5,10,0,0
n100_i1315020_T_a1101_BASE,100,1315020,T,1101,6,10,1,1.0
n100_i1315020_T_a1101_BASE,100,1315020,T,1101,7,10,0,0
n100_i1315020_T_a1101_BASE,100,1315020,T,1101,8,10,3,3.0
n100_i1315020_T_a1101_BASE,100,1315020,T,1101,9,10,0,0
n100_i1315020_T_a2202_BASE,100,1315020,T,2202,0,10,1,1.0
n100_i1315020_T_a2202_BASE,100,1315020,T,2202,1,10,3,3.0
n100_i1315020_T_a2202_BASE,100,1315020,T,2202,2,10,1,1.0
n100_i1315020_T_a2202_BASE,100,1315020,T,2202,3,10,0,0
n100_i1315020_T_a2202_BASE,100,1315020,T,2202,4,10,2,2.0
n100_i1315020_T_a2202_BASE,100,1315020,T,2202,5,10,1,1.0
n100_i1315020_T_a2202_BASE,100,1315020,T,2202,6,10,0,0
n100_i1315020_T_a2202_BASE,100,1315020,T,2202,7,10,0,0
n100_i1315020_T_a2202_BASE,100,1315020,T,2202,8,10,2,2.0
n100_i1315020_T_a2202_BASE,100,1315020,T,2202,9,10,1,1.0
n100_i1315022_H_a1101_BASE,100,1315022,H,1101,0,10,2,2.0
n100_i1315022_H_a1101_BASE,100,1315022,H,1101,1,10,2,2.0
n100_i1315022_H_a1101_BASE,100,1315022,H,1101,2,10,2,2.0
n100_i1315022_H_a1101_BASE,100,1315022,H,1101,3,10,0,0
n100_i1315022_H_a1101_BASE,100,1315022,H,1101,4,10,1,1.0
n100_i1315022_H_a1101_BASE,100,1315022,H,1101,5,10,0,0
n100_i1315022_H_a1101_BASE,100,1315022,H,1101,6,10,0,0
n100_i1315022_H_a1101_BASE,100,1315022,H,1101,7,10,0,0
n100_i1315022_H_a1101_BASE,100,1315022,H,1101,8,10,0,0
n100_i1315022_H_a1101_BASE,100,1315022,H,1101,9,10,0,0
n100_i1315022_H_a2202_BASE,100,1315022,H,2202,0,10,0,0
n100_i1315022_H_a2202_BASE,100,1315022,H,2202,1,10,3,3.0
n100_i1315022_H_a2202_BASE,100,1315022,H,2202,2,10,1,1.0
n100_i1315022_H_a2202_BASE,100,1315022,H,2202,3,10,1,1.0
n100_i1315022_H_a2202_BASE,100,1315022,H,2202,4,10,0,0
n100_i1315022_H_a2202_BASE,100,1315022,H,2202,5,10,0,0
n100_i1315022_H_a2202_BASE,100,1315022,H,2202,6,10,1,1.0
n100_i1315022_H_a2202_BASE,100,1315022,H,2202,7,10,0,0
n100_i1315022_H_a2202_BASE,100,1315022,H,2202,8,10,2,2.0
n100_i1315022_H_a2202_BASE,100,1315022,H,2202,9,10,0,0
n100_i1315022_T_a1101_BASE,100,1315022,T,1101,0,10,2,2.0
n100_i1315022_T_a1101_BASE,100,1315022,T,1101,1,10,2,2.0
n100_i1315022_T_a1101_BASE,100,1315022,T,1101,2,10,2,2.0
n100_i1315022_T_a1101_BASE,100,1315022,T,1101,3,10,0,0
n100_i1315022_T_a1101_BASE,100,1315022,T,1101,4,10,1,1.0
n100_i1315022_T_a1101_BASE,100,1315022,T,1101,5,10,0,0
n100_i1315022_T_a1101_BASE,100,1315022,T,1101,6,10,0,0
n100_i1315022_T_a1101_BASE,100,1315022,T,1101,7,10,0,0
n100_i1315022_T_a1101_BASE,100,1315022,T,1101,8,10,0,0
n100_i1315022_T_a1101_BASE,100,1315022,T,1101,9,10,1,1.0
n100_i1315022_T_a2202_BASE,100,1315022,T,2202,0,10,0,0
n100_i1315022_T_a2202_BASE,100,1315022,T,2202,1,10,4,4.0
n100_i1315022_T_a2202_BASE,100,1315022,T,2202,2,10,1,1.0
n100_i1315022_T_a2202_BASE,100,1315022,T,2202,3,10,1,1.0
n100_i1315022_T_a2202_BASE,100,1315022,T,2202,4,10,0,0
n100_i1315022_T_a2202_BASE,100,1315022,T,2202,5,10,0,0
n100_i1315022_T_a2202_BASE,100,1315022,T,2202,6,10,1,1.0
n100_i1315022_T_a2202_BASE,100,1315022,T,2202,7,10,0,0
n100_i1315022_T_a2202_BASE,100,1315022,T,2202,8,10,2,2.0
n100_i1315022_T_a2202_BASE,100,1315022,T,2202,9,10,1,1.0
n100_i1315024_H_a1101_BASE,100,1315024,H,1101,0,10,3,3.0
n100_i1315024_H_a1101_BASE,100,1315024,H,1101,1,10,1,1.0
n100_i1315024_H_a1101_BASE,100,1315024,H,1101,2,10,3,3.0
n100_i1315024_H_a1101_BASE,100,1315024,H,1101,3,10,1,1.0
n100_i1315024_H_a1101_BASE,100,1315024,H,1101,4,10,0,0
n100_i1315024_H_a1101_BASE,100,1315024,H,1101,5,10,0,0
n100_i1315024_H_a1101_BASE,100,1315024,H,1101,6,10,2,2.0
n100_i1315024_H_a1101_BASE,100,1315024,H,1101,7,10,3,3.0
n100_i1315024_H_a1101_BASE,100,1315024,H,1101,8,10,2,2.0
n100_i1315024_H_a1101_BASE,100,1315024,H,1101,9,10,1,1.0
n100_i1315024_H_a2202_BASE,100,1315024,H,2202,0,10,1,1.0
n100_i1315024_H_a2202_BASE,100,1315024,H,2202,1,10,3,3.0
n100_i1315024_H_a2202_BASE,100,1315024,H,2202,2,10,1,1.0
n100_i1315024_H_a2202_BASE,100,1315024,H,2202,3,10,1,1.0
n100_i1315024_H_a2202_BASE,100,1315024,H,2202,4,10,0,0
n100_i1315024_H_a2202_BASE,100,1315024,H,2202,5,10,0,0
n100_i1315024_H_a2202_BASE,100,1315024,H,2202,6,10,0,0
n100_i1315024_H_a2202_BASE,100,1315024,H,2202,7,10,1,1.0
n100_i1315024_H_a2202_BASE,100,1315024,H,2202,8,10,3,3.0
n100_i1315024_H_a2202_BASE,100,1315024,H,2202,9,10,0,0
n100_i1315024_T_a1101_BASE,100,1315024,T,1101,0,10,2,2.0
n100_i1315024_T_a1101_BASE,100,1315024,T,1101,1,10,2,2.0
n100_i1315024_T_a1101_BASE,100,1315024,T,1101,2,10,4,4.0
n100_i1315024_T_a1101_BASE,100,1315024,T,1101,3,10,1,1.0
n100_i1315024_T_a1101_BASE,100,1315024,T,1101,4,10,0,0
n100_i1315024_T_a1101_BASE,100,1315024,T,1101,5,10,0,0
n100_i1315024_T_a1101_BASE,100,1315024,T,1101,6,10,2,2.0
n100_i1315024_T_a1101_BASE,100,1315024,T,1101,7,10,2,2.0
n100_i1315024_T_a1101_BASE,100,1315024,T,1101,8,10,2,2.0
n100_i1315024_T_a1101_BASE,100,1315024,T,1101,9,10,1,1.0
n100_i1315024_T_a2202_BASE,100,1315024,T,2202,0,10,0,0
n100_i1315024_T_a2202_BASE,100,1315024,T,2202,1,10,3,3.0
n100_i1315024_T_a2202_BASE,100,1315024,T,2202,2,10,2,2.0
n100_i1315024_T_a2202_BASE,100,1315024,T,2202,3,10,1,1.0
n100_i1315024_T_a2202_BASE,100,1315024,T,2202,4,10,0,0
n100_i1315024_T_a2202_BASE,100,1315024,T,2202,5,10,1,1.0
n100_i1315024_T_a2202_BASE,100,1315024,T,2202,6,10,0,0
n100_i1315024_T_a2202_BASE,100,1315024,T,2202,7,10,2,2.0
n100_i1315024_T_a2202_BASE,100,1315024,T,2202,8,10,3,3.0
n100_i1315024_T_a2202_BASE,100,1315024,T,2202,9,10,0,0
n100_i1315026_H_a1101_BASE,100,1315026,H,1101,0,10,1,1.0
n100_i1315026_H_a1101_BASE,100,1315026,H,1101,1,10,1,1.0
n100_i1315026_H_a1101_BASE,100,1315026,H,1101,2,10,0,0
n100_i1315026_H_a1101_BASE,100,1315026,H,1101,3,10,0,0
n100_i1315026_H_a1101_BASE,100,1315026,H,1101,4,10,2,2.0
n100_i1315026_H_a1101_BASE,100,1315026,H,1101,5,10,3,3.0
n100_i1315026_H_a1101_BASE,100,1315026,H,1101,6,10,1,1.0
n100_i1315026_H_a1101_BASE,100,1315026,H,1101,7,10,0,0
n100_i1315026_H_a1101_BASE,100,1315026,H,1101,8,10,2,2.0
n100_i1315026_H_a1101_BASE,100,1315026,H,1101,9,10,0,0
n100_i1315026_H_a2202_BASE,100,1315026,H,2202,0,10,2,2.0
n100_i1315026_H_a2202_BASE,100,1315026,H,2202,1,10,2,2.0
n100_i1315026_H_a2202_BASE,100,1315026,H,2202,2,10,2,2.0
n100_i1315026_H_a2202_BASE,100,1315026,H,2202,3,10,1,1.0
n100_i1315026_H_a2202_BASE,100,1315026,H,2202,4,10,1,1.0
n100_i1315026_H_a2202_BASE,100,1315026,H,2202,5,10,2,2.0
n100_i1315026_H_a2202_BASE,100,1315026,H,2202,6,10,1,1.0
n100_i1315026_H_a2202_BASE,100,1315026,H,2202,7,10,0,0
n100_i1315026_H_a2202_BASE,100,1315026,H,2202,8,10,1,1.0
n100_i1315026_H_a2202_BASE,100,1315026,H,2202,9,10,2,2.0
n100_i1315026_T_a1101_BASE,100,1315026,T,1101,0,10,2,2.0
n100_i1315026_T_a1101_BASE,100,1315026,T,1101,1,10,0,0
n100_i1315026_T_a1101_BASE,100,1315026,T,1101,2,10,0,0
n100_i1315026_T_a1101_BASE,100,1315026,T,1101,3,10,1,1.0
n100_i1315026_T_a1101_BASE,100,1315026,T,1101,4,10,2,2.0
n100_i1315026_T_a1101_BASE,100,1315026,T,1101,5,10,3,3.0
n100_i1315026_T_a1101_BASE,100,1315026,T,1101,6,10,1,1.0
n100_i1315026_T_a1101_BASE,100,1315026,T,1101,7,10,0,0
n100_i1315026_T_a1101_BASE,100,1315026,T,1101,8,10,2,2.0
n100_i1315026_T_a1101_BASE,100,1315026,T,1101,9,10,0,0
n100_i1315026_T_a2202_BASE,100,1315026,T,2202,0,10,2,2.0
n100_i1315026_T_a2202_BASE,100,1315026,T,2202,1,10,0,0
n100_i1315026_T_a2202_BASE,100,1315026,T,2202,2,10,2,2.0
n100_i1315026_T_a2202_BASE,100,1315026,T,2202,3,10,1,1.0
n100_i1315026_T_a2202_BASE,100,1315026,T,2202,4,10,1,1.0
n100_i1315026_T_a2202_BASE,100,1315026,T,2202,5,10,3,3.0
n100_i1315026_T_a2202_BASE,100,1315026,T,2202,6,10,1,1.0
n100_i1315026_T_a2202_BASE,100,1315026,T,2202,7,10,0,0
n100_i1315026_T_a2202_BASE,100,1315026,T,2202,8,10,1,1.0
n100_i1315026_T_a2202_BASE,100,1315026,T,2202,9,10,2,2.0
n100_i1315028_H_a1101_BASE,100,1315028,H,1101,0,10,2,2.0
n100_i1315028_H_a1101_BASE,100,1315028,H,1101,1,10,1,1.0
n100_i1315028_H_a1101_BASE,100,1315028,H,1101,2,10,0,0
n100_i1315028_H_a1101_BASE,100,1315028,H,1101,3,10,2,2.0
n100_i1315028_H_a1101_BASE,100,1315028,H,1101,4,10,0,0
n100_i1315028_H_a1101_BASE,100,1315028,H,1101,5,10,0,0
n100_i1315028_H_a1101_BASE,100,1315028,H,1101,6,10,0,0
n100_i1315028_H_a1101_BASE,100,1315028,H,1101,7,10,0,0
n100_i1315028_H_a1101_BASE,100,1315028,H,1101,8,10,3,3.0
n100_i1315028_H_a1101_BASE,100,1315028,H,1101,9,10,0,0
n100_i1315028_H_a2202_BASE,100,1315028,H,2202,0,10,3,3.0
n100_i1315028_H_a2202_BASE,100,1315028,H,2202,1,10,3,3.0
n100_i1315028_H_a2202_BASE,100,1315028,H,2202,2,10,1,1.0
n100_i1315028_H_a2202_BASE,100,1315028,H,2202,3,10,1,1.0
n100_i1315028_H_a2202_BASE,100,1315028,H,2202,4,10,0,0
n100_i1315028_H_a2202_BASE,100,1315028,H,2202,5,10,0,0
n100_i1315028_H_a2202_BASE,100,1315028,H,2202,6,10,0,0
n100_i1315028_H_a2202_BASE,100,1315028,H,2202,7,10,1,1.0
n100_i1315028_H_a2202_BASE,100,1315028,H,2202,8,10,1,1.0
n100_i1315028_H_a2202_BASE,100,1315028,H,2202,9,10,1,1.0
n100_i1315028_T_a1101_BASE,100,1315028,T,1101,0,10,2,2.0
n100_i1315028_T_a1101_BASE,100,1315028,T,1101,1,10,2,2.0
n100_i1315028_T_a1101_BASE,100,1315028,T,1101,2,10,0,0
n100_i1315028_T_a1101_BASE,100,1315028,T,1101,3,10,2,2.0
n100_i1315028_T_a1101_BASE,100,1315028,T,1101,4,10,0,0
n100_i1315028_T_a1101_BASE,100,1315028,T,1101,5,10,1,1.0
n100_i1315028_T_a1101_BASE,100,1315028,T,1101,6,10,2,2.0
n100_i1315028_T_a1101_BASE,100,1315028,T,1101,7,10,0,0
n100_i1315028_T_a1101_BASE,100,1315028,T,1101,8,10,2,2.0
n100_i1315028_T_a1101_BASE,100,1315028,T,1101,9,10,0,0
n100_i1315028_T_a2202_BASE,100,1315028,T,2202,0,10,3,3.0
n100_i1315028_T_a2202_BASE,100,1315028,T,2202,1,10,2,2.0
n100_i1315028_T_a2202_BASE,100,1315028,T,2202,2,10,1,1.0
n100_i1315028_T_a2202_BASE,100,1315028,T,2202,3,10,0,0
n100_i1315028_T_a2202_BASE,100,1315028,T,2202,4,10,0,0
n100_i1315028_T_a2202_BASE,100,1315028,T,2202,5,10,0,0
n100_i1315028_T_a2202_BASE,100,1315028,T,2202,6,10,0,0
n100_i1315028_T_a2202_BASE,100,1315028,T,2202,7,10,1,1.0
n100_i1315028_T_a2202_BASE,100,1315028,T,2202,8,10,2,2.0
n100_i1315028_T_a2202_BASE,100,1315028,T,2202,9,10,1,1.0
n100_i1315030_H_a1101_BASE,100,1315030,H,1101,0,10,1,1.0
n100_i1315030_H_a1101_BASE,100,1315030,H,1101,1,10,4,4.0
n100_i1315030_H_a1101_BASE,100,1315030,H,1101,2,10,0,0
n100_i1315030_H_a1101_BASE,100,1315030,H,1101,3,10,1,1.0
n100_i1315030_H_a1101_BASE,100,1315030,H,1101,4,10,0,0
n100_i1315030_H_a1101_BASE,100,1315030,H,1101,5,10,0,0
n100_i1315030_H_a1101_BASE,100,1315030,H,1101,6,10,1,1.0
n100_i1315030_H_a1101_BASE,100,1315030,H,1101,7,10,0,0
n100_i1315030_H_a1101_BASE,100,1315030,H,1101,8,10,0,0
n100_i1315030_H_a1101_BASE,100,1315030,H,1101,9,10,1,1.0
n100_i1315030_H_a2202_BASE,100,1315030,H,2202,0,10,1,1.0
n100_i1315030_H_a2202_BASE,100,1315030,H,2202,1,10,4,4.0
n100_i1315030_H_a2202_BASE,100,1315030,H,2202,2,10,3,3.0
n100_i1315030_H_a2202_BASE,100,1315030,H,2202,3,10,0,0
n100_i1315030_H_a2202_BASE,100,1315030,H,2202,4,10,0,0
n100_i1315030_H_a2202_BASE,100,1315030,H,2202,5,10,0,0
n100_i1315030_H_a2202_BASE,100,1315030,H,2202,6,10,0,0
n100_i1315030_H_a2202_BASE,100,1315030,H,2202,7,10,0,0
n100_i1315030_H_a2202_BASE,100,1315030,H,2202,8,10,1,1.0
n100_i1315030_H_a2202_BASE,100,1315030,H,2202,9,10,0,0
n100_i1315030_T_a1101_BASE,100,1315030,T,1101,0,10,1,1.0
n100_i1315030_T_a1101_BASE,100,1315030,T,1101,1,10,3,3.0
n100_i1315030_T_a1101_BASE,100,1315030,T,1101,2,10,0,0
n100_i1315030_T_a1101_BASE,100,1315030,T,1101,3,10,1,1.0
n100_i1315030_T_a1101_BASE,100,1315030,T,1101,4,10,0,0
n100_i1315030_T_a1101_BASE,100,1315030,T,1101,5,10,0,0
n100_i1315030_T_a1101_BASE,100,1315030,T,1101,6,10,1,1.0
n100_i1315030_T_a1101_BASE,100,1315030,T,1101,7,10,0,0
n100_i1315030_T_a1101_BASE,100,1315030,T,1101,8,10,0,0
n100_i1315030_T_a1101_BASE,100,1315030,T,1101,9,10,1,1.0
n100_i1315030_T_a2202_BASE,100,1315030,T,2202,0,10,0,0
n100_i1315030_T_a2202_BASE,100,1315030,T,2202,1,10,3,3.0
n100_i1315030_T_a2202_BASE,100,1315030,T,2202,2,10,3,3.0
n100_i1315030_T_a2202_BASE,100,1315030,T,2202,3,10,0,0
n100_i1315030_T_a2202_BASE,100,1315030,T,2202,4,10,0,0
n100_i1315030_T_a2202_BASE,100,1315030,T,2202,5,10,0,0
n100_i1315030_T_a2202_BASE,100,1315030,T,2202,6,10,0,0
n100_i1315030_T_a2202_BASE,100,1315030,T,2202,7,10,0,0
n100_i1315030_T_a2202_BASE,100,1315030,T,2202,8,10,1,1.0
n100_i1315030_T_a2202_BASE,100,1315030,T,2202,9,10,0,0
n100_i1315032_H_a1101_BASE,100,1315032,H,1101,0,10,1,1.0
n100_i1315032_H_a1101_BASE,100,1315032,H,1101,1,10,2,2.0
n100_i1315032_H_a1101_BASE,100,1315032,H,1101,2,10,1,1.0
n100_i1315032_H_a1101_BASE,100,1315032,H,1101,3,10,1,1.0
n100_i1315032_H_a1101_BASE,100,1315032,H,1101,4,10,2,2.0
n100_i1315032_H_a1101_BASE,100,1315032,H,1101,5,10,0,0
n100_i1315032_H_a1101_BASE,100,1315032,H,1101,6,10,0,0
n100_i1315032_H_a1101_BASE,100,1315032,H,1101,7,10,0,0
n100_i1315032_H_a1101_BASE,100,1315032,H,1101,8,10,2,2.0
n100_i1315032_H_a1101_BASE,100,1315032,H,1101,9,10,0,0
n100_i1315032_H_a2202_BASE,100,1315032,H,2202,0,10,2,2.0
n100_i1315032_H_a2202_BASE,100,1315032,H,2202,1,10,2,2.0
n100_i1315032_H_a2202_BASE,100,1315032,H,2202,2,10,3,3.0
n100_i1315032_H_a2202_BASE,100,1315032,H,2202,3,10,0,0
n100_i1315032_H_a2202_BASE,100,1315032,H,2202,4,10,0,0
n100_i1315032_H_a2202_BASE,100,1315032,H,2202,5,10,0,0
n100_i1315032_H_a2202_BASE,100,1315032,H,2202,6,10,1,1.0
n100_i1315032_H_a2202_BASE,100,1315032,H,2202,7,10,0,0
n100_i1315032_H_a2202_BASE,100,1315032,H,2202,8,10,0,0
n100_i1315032_H_a2202_BASE,100,1315032,H,2202,9,10,0,0
n100_i1315032_T_a1101_BASE,100,1315032,T,1101,0,10,1,1.0
n100_i1315032_T_a1101_BASE,100,1315032,T,1101,1,10,1,1.0
n100_i1315032_T_a1101_BASE,100,1315032,T,1101,2,10,1,1.0
n100_i1315032_T_a1101_BASE,100,1315032,T,1101,3,10,0,0
n100_i1315032_T_a1101_BASE,100,1315032,T,1101,4,10,2,2.0
n100_i1315032_T_a1101_BASE,100,1315032,T,1101,5,10,0,0
n100_i1315032_T_a1101_BASE,100,1315032,T,1101,6,10,0,0
n100_i1315032_T_a1101_BASE,100,1315032,T,1101,7,10,0,0
n100_i1315032_T_a1101_BASE,100,1315032,T,1101,8,10,2,2.0
n100_i1315032_T_a1101_BASE,100,1315032,T,1101,9,10,0,0
n100_i1315032_T_a2202_BASE,100,1315032,T,2202,0,10,2,2.0
n100_i1315032_T_a2202_BASE,100,1315032,T,2202,1,10,2,2.0
n100_i1315032_T_a2202_BASE,100,1315032,T,2202,2,10,2,2.0
n100_i1315032_T_a2202_BASE,100,1315032,T,2202,3,10,1,1.0
n100_i1315032_T_a2202_BASE,100,1315032,T,2202,4,10,0,0
n100_i1315032_T_a2202_BASE,100,1315032,T,2202,5,10,0,0
n100_i1315032_T_a2202_BASE,100,1315032,T,2202,6,10,0,0
n100_i1315032_T_a2202_BASE,100,1315032,T,2202,7,10,0,0
n100_i1315032_T_a2202_BASE,100,1315032,T,2202,8,10,0,0
n100_i1315032_T_a2202_BASE,100,1315032,T,2202,9,10,0,0
n50_i1305002_H_a1101_BASE,50,1305002,H,1101,0,10,1,1.0
n50_i1305002_H_a1101_BASE,50,1305002,H,1101,1,10,1,1.0
n50_i1305002_H_a1101_BASE,50,1305002,H,1101,2,10,0,0
n50_i1305002_H_a1101_BASE,50,1305002,H,1101,3,10,0,0
n50_i1305002_H_a1101_BASE,50,1305002,H,1101,4,10,1,1.0
n50_i1305002_H_a1101_BASE,50,1305002,H,1101,5,10,1,1.0
n50_i1305002_H_a1101_BASE,50,1305002,H,1101,6,10,2,2.0
n50_i1305002_H_a1101_BASE,50,1305002,H,1101,7,10,1,1.0
n50_i1305002_H_a1101_BASE,50,1305002,H,1101,8,10,1,1.0
n50_i1305002_H_a1101_BASE,50,1305002,H,1101,9,10,3,3.0
n50_i1305002_H_a2202_BASE,50,1305002,H,2202,0,10,2,2.0
n50_i1305002_H_a2202_BASE,50,1305002,H,2202,1,10,1,1.0
n50_i1305002_H_a2202_BASE,50,1305002,H,2202,2,10,0,0
n50_i1305002_H_a2202_BASE,50,1305002,H,2202,3,10,0,0
n50_i1305002_H_a2202_BASE,50,1305002,H,2202,4,10,3,3.0
n50_i1305002_H_a2202_BASE,50,1305002,H,2202,5,10,0,0
n50_i1305002_H_a2202_BASE,50,1305002,H,2202,6,10,1,1.0
n50_i1305002_H_a2202_BASE,50,1305002,H,2202,7,10,0,0
n50_i1305002_H_a2202_BASE,50,1305002,H,2202,8,10,2,2.0
n50_i1305002_H_a2202_BASE,50,1305002,H,2202,9,10,3,3.0
n50_i1305002_T_a1101_BASE,50,1305002,T,1101,0,10,1,1.0
n50_i1305002_T_a1101_BASE,50,1305002,T,1101,1,10,1,1.0
n50_i1305002_T_a1101_BASE,50,1305002,T,1101,2,10,1,1.0
n50_i1305002_T_a1101_BASE,50,1305002,T,1101,3,10,0,0
n50_i1305002_T_a1101_BASE,50,1305002,T,1101,4,10,1,1.0
n50_i1305002_T_a1101_BASE,50,1305002,T,1101,5,10,1,1.0
n50_i1305002_T_a1101_BASE,50,1305002,T,1101,6,10,2,2.0
n50_i1305002_T_a1101_BASE,50,1305002,T,1101,7,10,1,1.0
n50_i1305002_T_a1101_BASE,50,1305002,T,1101,8,10,1,1.0
n50_i1305002_T_a1101_BASE,50,1305002,T,1101,9,10,2,2.0
n50_i1305002_T_a2202_BASE,50,1305002,T,2202,0,10,2,2.0
n50_i1305002_T_a2202_BASE,50,1305002,T,2202,1,10,1,1.0
n50_i1305002_T_a2202_BASE,50,1305002,T,2202,2,10,0,0
n50_i1305002_T_a2202_BASE,50,1305002,T,2202,3,10,0,0
n50_i1305002_T_a2202_BASE,50,1305002,T,2202,4,10,3,3.0
n50_i1305002_T_a2202_BASE,50,1305002,T,2202,5,10,0,0
n50_i1305002_T_a2202_BASE,50,1305002,T,2202,6,10,1,1.0
n50_i1305002_T_a2202_BASE,50,1305002,T,2202,7,10,0,0
n50_i1305002_T_a2202_BASE,50,1305002,T,2202,8,10,2,2.0
n50_i1305002_T_a2202_BASE,50,1305002,T,2202,9,10,2,2.0
n50_i1305004_H_a1101_BASE,50,1305004,H,1101,0,10,2,2.0
n50_i1305004_H_a1101_BASE,50,1305004,H,1101,1,10,3,3.0
n50_i1305004_H_a1101_BASE,50,1305004,H,1101,2,10,0,0
n50_i1305004_H_a1101_BASE,50,1305004,H,1101,3,10,0,0
n50_i1305004_H_a1101_BASE,50,1305004,H,1101,4,10,0,0
n50_i1305004_H_a1101_BASE,50,1305004,H,1101,5,10,0,0
n50_i1305004_H_a1101_BASE,50,1305004,H,1101,6,10,2,2.0
n50_i1305004_H_a1101_BASE,50,1305004,H,1101,7,10,0,0
n50_i1305004_H_a1101_BASE,50,1305004,H,1101,8,10,2,2.0
n50_i1305004_H_a1101_BASE,50,1305004,H,1101,9,10,1,1.0
n50_i1305004_H_a2202_BASE,50,1305004,H,2202,0,10,0,0
n50_i1305004_H_a2202_BASE,50,1305004,H,2202,1,10,2,2.0
n50_i1305004_H_a2202_BASE,50,1305004,H,2202,2,10,1,1.0
n50_i1305004_H_a2202_BASE,50,1305004,H,2202,3,10,0,0
n50_i1305004_H_a2202_BASE,50,1305004,H,2202,4,10,0,0
n50_i1305004_H_a2202_BASE,50,1305004,H,2202,5,10,0,0
n50_i1305004_H_a2202_BASE,50,1305004,H,2202,6,10,0,0
n50_i1305004_H_a2202_BASE,50,1305004,H,2202,7,10,0,0
n50_i1305004_H_a2202_BASE,50,1305004,H,2202,8,10,1,1.0
n50_i1305004_H_a2202_BASE,50,1305004,H,2202,9,10,1,1.0
n50_i1305004_T_a1101_BASE,50,1305004,T,1101,0,10,2,2.0
n50_i1305004_T_a1101_BASE,50,1305004,T,1101,1,10,3,3.0
n50_i1305004_T_a1101_BASE,50,1305004,T,1101,2,10,0,0
n50_i1305004_T_a1101_BASE,50,1305004,T,1101,3,10,0,0
n50_i1305004_T_a1101_BASE,50,1305004,T,1101,4,10,0,0
n50_i1305004_T_a1101_BASE,50,1305004,T,1101,5,10,0,0
n50_i1305004_T_a1101_BASE,50,1305004,T,1101,6,10,2,2.0
n50_i1305004_T_a1101_BASE,50,1305004,T,1101,7,10,1,1.0
n50_i1305004_T_a1101_BASE,50,1305004,T,1101,8,10,2,2.0
n50_i1305004_T_a1101_BASE,50,1305004,T,1101,9,10,1,1.0
n50_i1305004_T_a2202_BASE,50,1305004,T,2202,0,10,0,0
n50_i1305004_T_a2202_BASE,50,1305004,T,2202,1,10,2,2.0
n50_i1305004_T_a2202_BASE,50,1305004,T,2202,2,10,1,1.0
n50_i1305004_T_a2202_BASE,50,1305004,T,2202,3,10,0,0
n50_i1305004_T_a2202_BASE,50,1305004,T,2202,4,10,1,1.0
n50_i1305004_T_a2202_BASE,50,1305004,T,2202,5,10,0,0
n50_i1305004_T_a2202_BASE,50,1305004,T,2202,6,10,0,0
n50_i1305004_T_a2202_BASE,50,1305004,T,2202,7,10,0,0
n50_i1305004_T_a2202_BASE,50,1305004,T,2202,8,10,1,1.0
n50_i1305004_T_a2202_BASE,50,1305004,T,2202,9,10,1,1.0
n50_i1305006_H_a1101_BASE,50,1305006,H,1101,0,10,1,1.0
n50_i1305006_H_a1101_BASE,50,1305006,H,1101,1,10,1,1.0
n50_i1305006_H_a1101_BASE,50,1305006,H,1101,2,10,0,0
n50_i1305006_H_a1101_BASE,50,1305006,H,1101,3,10,1,1.0
n50_i1305006_H_a1101_BASE,50,1305006,H,1101,4,10,1,1.0
n50_i1305006_H_a1101_BASE,50,1305006,H,1101,5,10,0,0
n50_i1305006_H_a1101_BASE,50,1305006,H,1101,6,10,0,0
n50_i1305006_H_a1101_BASE,50,1305006,H,1101,7,10,0,0
n50_i1305006_H_a1101_BASE,50,1305006,H,1101,8,10,1,1.0
n50_i1305006_H_a1101_BASE,50,1305006,H,1101,9,10,1,1.0
n50_i1305006_H_a2202_BASE,50,1305006,H,2202,0,10,4,3.5
n50_i1305006_H_a2202_BASE,50,1305006,H,2202,1,10,1,1.0
n50_i1305006_H_a2202_BASE,50,1305006,H,2202,2,10,2,2.0
n50_i1305006_H_a2202_BASE,50,1305006,H,2202,3,10,1,1.0
n50_i1305006_H_a2202_BASE,50,1305006,H,2202,4,10,0,0
n50_i1305006_H_a2202_BASE,50,1305006,H,2202,5,10,0,0
n50_i1305006_H_a2202_BASE,50,1305006,H,2202,6,10,1,1.0
n50_i1305006_H_a2202_BASE,50,1305006,H,2202,7,10,1,1.0
n50_i1305006_H_a2202_BASE,50,1305006,H,2202,8,10,4,3.5
n50_i1305006_H_a2202_BASE,50,1305006,H,2202,9,10,0,0
n50_i1305006_T_a1101_BASE,50,1305006,T,1101,0,10,1,1.0
n50_i1305006_T_a1101_BASE,50,1305006,T,1101,1,10,1,1.0
n50_i1305006_T_a1101_BASE,50,1305006,T,1101,2,10,0,0
n50_i1305006_T_a1101_BASE,50,1305006,T,1101,3,10,1,1.0
n50_i1305006_T_a1101_BASE,50,1305006,T,1101,4,10,1,1.0
n50_i1305006_T_a1101_BASE,50,1305006,T,1101,5,10,0,0
n50_i1305006_T_a1101_BASE,50,1305006,T,1101,6,10,0,0
n50_i1305006_T_a1101_BASE,50,1305006,T,1101,7,10,0,0
n50_i1305006_T_a1101_BASE,50,1305006,T,1101,8,10,1,1.0
n50_i1305006_T_a1101_BASE,50,1305006,T,1101,9,10,1,1.0
n50_i1305006_T_a2202_BASE,50,1305006,T,2202,0,10,2,2.0
n50_i1305006_T_a2202_BASE,50,1305006,T,2202,1,10,1,1.0
n50_i1305006_T_a2202_BASE,50,1305006,T,2202,2,10,2,2.0
n50_i1305006_T_a2202_BASE,50,1305006,T,2202,3,10,0,0
n50_i1305006_T_a2202_BASE,50,1305006,T,2202,4,10,0,0
n50_i1305006_T_a2202_BASE,50,1305006,T,2202,5,10,0,0
n50_i1305006_T_a2202_BASE,50,1305006,T,2202,6,10,1,1.0
n50_i1305006_T_a2202_BASE,50,1305006,T,2202,7,10,1,1.0
n50_i1305006_T_a2202_BASE,50,1305006,T,2202,8,10,4,4.0
n50_i1305006_T_a2202_BASE,50,1305006,T,2202,9,10,0,0
n50_i1305008_H_a1101_BASE,50,1305008,H,1101,0,10,0,0
n50_i1305008_H_a1101_BASE,50,1305008,H,1101,1,10,0,0
n50_i1305008_H_a1101_BASE,50,1305008,H,1101,2,10,1,1.0
n50_i1305008_H_a1101_BASE,50,1305008,H,1101,3,10,1,1.0
n50_i1305008_H_a1101_BASE,50,1305008,H,1101,4,10,0,0
n50_i1305008_H_a1101_BASE,50,1305008,H,1101,5,10,2,2.0
n50_i1305008_H_a1101_BASE,50,1305008,H,1101,6,10,0,0
n50_i1305008_H_a1101_BASE,50,1305008,H,1101,7,10,0,0
n50_i1305008_H_a1101_BASE,50,1305008,H,1101,8,10,1,1.0
n50_i1305008_H_a1101_BASE,50,1305008,H,1101,9,10,1,1.0
n50_i1305008_H_a2202_BASE,50,1305008,H,2202,0,10,0,0
n50_i1305008_H_a2202_BASE,50,1305008,H,2202,1,10,1,1.0
n50_i1305008_H_a2202_BASE,50,1305008,H,2202,2,10,4,4.0
n50_i1305008_H_a2202_BASE,50,1305008,H,2202,3,10,0,0
n50_i1305008_H_a2202_BASE,50,1305008,H,2202,4,10,0,0
n50_i1305008_H_a2202_BASE,50,1305008,H,2202,5,10,0,0
n50_i1305008_H_a2202_BASE,50,1305008,H,2202,6,10,1,1.0
n50_i1305008_H_a2202_BASE,50,1305008,H,2202,7,10,1,1.0
n50_i1305008_H_a2202_BASE,50,1305008,H,2202,8,10,0,0
n50_i1305008_H_a2202_BASE,50,1305008,H,2202,9,10,2,2.0
n50_i1305008_T_a1101_BASE,50,1305008,T,1101,0,10,1,1.0
n50_i1305008_T_a1101_BASE,50,1305008,T,1101,1,10,0,0
n50_i1305008_T_a1101_BASE,50,1305008,T,1101,2,10,1,1.0
n50_i1305008_T_a1101_BASE,50,1305008,T,1101,3,10,0,0
n50_i1305008_T_a1101_BASE,50,1305008,T,1101,4,10,1,1.0
n50_i1305008_T_a1101_BASE,50,1305008,T,1101,5,10,1,1.0
n50_i1305008_T_a1101_BASE,50,1305008,T,1101,6,10,0,0
n50_i1305008_T_a1101_BASE,50,1305008,T,1101,7,10,0,0
n50_i1305008_T_a1101_BASE,50,1305008,T,1101,8,10,1,1.0
n50_i1305008_T_a1101_BASE,50,1305008,T,1101,9,10,1,1.0
n50_i1305008_T_a2202_BASE,50,1305008,T,2202,0,10,0,0
n50_i1305008_T_a2202_BASE,50,1305008,T,2202,1,10,1,1.0
n50_i1305008_T_a2202_BASE,50,1305008,T,2202,2,10,4,4.0
n50_i1305008_T_a2202_BASE,50,1305008,T,2202,3,10,0,0
n50_i1305008_T_a2202_BASE,50,1305008,T,2202,4,10,0,0
n50_i1305008_T_a2202_BASE,50,1305008,T,2202,5,10,0,0
n50_i1305008_T_a2202_BASE,50,1305008,T,2202,6,10,1,1.0
n50_i1305008_T_a2202_BASE,50,1305008,T,2202,7,10,1,1.0
n50_i1305008_T_a2202_BASE,50,1305008,T,2202,8,10,0,0
n50_i1305008_T_a2202_BASE,50,1305008,T,2202,9,10,2,2.0
n50_i1305010_H_a1101_BASE,50,1305010,H,1101,0,10,0,0
n50_i1305010_H_a1101_BASE,50,1305010,H,1101,1,10,0,0
n50_i1305010_H_a1101_BASE,50,1305010,H,1101,2,10,1,1.0
n50_i1305010_H_a1101_BASE,50,1305010,H,1101,3,10,1,1.0
n50_i1305010_H_a1101_BASE,50,1305010,H,1101,4,10,1,1.0
n50_i1305010_H_a1101_BASE,50,1305010,H,1101,5,10,1,1.0
n50_i1305010_H_a1101_BASE,50,1305010,H,1101,6,10,2,2.0
n50_i1305010_H_a1101_BASE,50,1305010,H,1101,7,10,1,1.0
n50_i1305010_H_a1101_BASE,50,1305010,H,1101,8,10,0,0
n50_i1305010_H_a1101_BASE,50,1305010,H,1101,9,10,0,0
n50_i1305010_H_a2202_BASE,50,1305010,H,2202,0,10,3,3.0
n50_i1305010_H_a2202_BASE,50,1305010,H,2202,1,10,0,0
n50_i1305010_H_a2202_BASE,50,1305010,H,2202,2,10,2,2.0
n50_i1305010_H_a2202_BASE,50,1305010,H,2202,3,10,0,0
n50_i1305010_H_a2202_BASE,50,1305010,H,2202,4,10,2,2.0
n50_i1305010_H_a2202_BASE,50,1305010,H,2202,5,10,3,3.0
n50_i1305010_H_a2202_BASE,50,1305010,H,2202,6,10,1,1.0
n50_i1305010_H_a2202_BASE,50,1305010,H,2202,7,10,0,0
n50_i1305010_H_a2202_BASE,50,1305010,H,2202,8,10,1,1.0
n50_i1305010_H_a2202_BASE,50,1305010,H,2202,9,10,1,1.0
n50_i1305010_T_a1101_BASE,50,1305010,T,1101,0,10,0,0
n50_i1305010_T_a1101_BASE,50,1305010,T,1101,1,10,0,0
n50_i1305010_T_a1101_BASE,50,1305010,T,1101,2,10,1,1.0
n50_i1305010_T_a1101_BASE,50,1305010,T,1101,3,10,1,1.0
n50_i1305010_T_a1101_BASE,50,1305010,T,1101,4,10,1,1.0
n50_i1305010_T_a1101_BASE,50,1305010,T,1101,5,10,1,1.0
n50_i1305010_T_a1101_BASE,50,1305010,T,1101,6,10,2,2.0
n50_i1305010_T_a1101_BASE,50,1305010,T,1101,7,10,2,2.0
n50_i1305010_T_a1101_BASE,50,1305010,T,1101,8,10,0,0
n50_i1305010_T_a1101_BASE,50,1305010,T,1101,9,10,0,0
n50_i1305010_T_a2202_BASE,50,1305010,T,2202,0,10,2,2.0
n50_i1305010_T_a2202_BASE,50,1305010,T,2202,1,10,0,0
n50_i1305010_T_a2202_BASE,50,1305010,T,2202,2,10,2,2.0
n50_i1305010_T_a2202_BASE,50,1305010,T,2202,3,10,1,1.0
n50_i1305010_T_a2202_BASE,50,1305010,T,2202,4,10,2,2.0
n50_i1305010_T_a2202_BASE,50,1305010,T,2202,5,10,2,2.0
n50_i1305010_T_a2202_BASE,50,1305010,T,2202,6,10,2,2.0
n50_i1305010_T_a2202_BASE,50,1305010,T,2202,7,10,1,1.0
n50_i1305010_T_a2202_BASE,50,1305010,T,2202,8,10,0,0
n50_i1305010_T_a2202_BASE,50,1305010,T,2202,9,10,1,1.0
n50_i1305012_H_a1101_BASE,50,1305012,H,1101,0,10,1,1.0
n50_i1305012_H_a1101_BASE,50,1305012,H,1101,1,10,1,1.0
n50_i1305012_H_a1101_BASE,50,1305012,H,1101,2,10,1,1.0
n50_i1305012_H_a1101_BASE,50,1305012,H,1101,3,10,0,0
n50_i1305012_H_a1101_BASE,50,1305012,H,1101,4,10,0,0
n50_i1305012_H_a1101_BASE,50,1305012,H,1101,5,10,0,0
n50_i1305012_H_a1101_BASE,50,1305012,H,1101,6,10,1,1.0
n50_i1305012_H_a1101_BASE,50,1305012,H,1101,7,10,0,0
n50_i1305012_H_a1101_BASE,50,1305012,H,1101,8,10,0,0
n50_i1305012_H_a1101_BASE,50,1305012,H,1101,9,10,1,1.0
n50_i1305012_H_a2202_BASE,50,1305012,H,2202,0,10,0,0
n50_i1305012_H_a2202_BASE,50,1305012,H,2202,1,10,2,2.0
n50_i1305012_H_a2202_BASE,50,1305012,H,2202,2,10,1,1.0
n50_i1305012_H_a2202_BASE,50,1305012,H,2202,3,10,1,1.0
n50_i1305012_H_a2202_BASE,50,1305012,H,2202,4,10,0,0
n50_i1305012_H_a2202_BASE,50,1305012,H,2202,5,10,0,0
n50_i1305012_H_a2202_BASE,50,1305012,H,2202,6,10,2,2.0
n50_i1305012_H_a2202_BASE,50,1305012,H,2202,7,10,1,1.0
n50_i1305012_H_a2202_BASE,50,1305012,H,2202,8,10,2,2.0
n50_i1305012_H_a2202_BASE,50,1305012,H,2202,9,10,3,3.0
n50_i1305012_T_a1101_BASE,50,1305012,T,1101,0,10,2,2.0
n50_i1305012_T_a1101_BASE,50,1305012,T,1101,1,10,1,1.0
n50_i1305012_T_a1101_BASE,50,1305012,T,1101,2,10,1,1.0
n50_i1305012_T_a1101_BASE,50,1305012,T,1101,3,10,0,0
n50_i1305012_T_a1101_BASE,50,1305012,T,1101,4,10,1,1.0
n50_i1305012_T_a1101_BASE,50,1305012,T,1101,5,10,0,0
n50_i1305012_T_a1101_BASE,50,1305012,T,1101,6,10,1,1.0
n50_i1305012_T_a1101_BASE,50,1305012,T,1101,7,10,0,0
n50_i1305012_T_a1101_BASE,50,1305012,T,1101,8,10,0,0
n50_i1305012_T_a1101_BASE,50,1305012,T,1101,9,10,1,1.0
n50_i1305012_T_a2202_BASE,50,1305012,T,2202,0,10,0,0
n50_i1305012_T_a2202_BASE,50,1305012,T,2202,1,10,3,3.0
n50_i1305012_T_a2202_BASE,50,1305012,T,2202,2,10,2,2.0
n50_i1305012_T_a2202_BASE,50,1305012,T,2202,3,10,0,0
n50_i1305012_T_a2202_BASE,50,1305012,T,2202,4,10,0,0
n50_i1305012_T_a2202_BASE,50,1305012,T,2202,5,10,0,0
n50_i1305012_T_a2202_BASE,50,1305012,T,2202,6,10,1,1.0
n50_i1305012_T_a2202_BASE,50,1305012,T,2202,7,10,3,3.0
n50_i1305012_T_a2202_BASE,50,1305012,T,2202,8,10,2,2.0
n50_i1305012_T_a2202_BASE,50,1305012,T,2202,9,10,5,5.0
n50_i1305014_H_a1101_BASE,50,1305014,H,1101,0,10,4,4.0
n50_i1305014_H_a1101_BASE,50,1305014,H,1101,1,10,0,0
n50_i1305014_H_a1101_BASE,50,1305014,H,1101,2,10,0,0
n50_i1305014_H_a1101_BASE,50,1305014,H,1101,3,10,0,0
n50_i1305014_H_a1101_BASE,50,1305014,H,1101,4,10,2,2.0
n50_i1305014_H_a1101_BASE,50,1305014,H,1101,5,10,0,0
n50_i1305014_H_a1101_BASE,50,1305014,H,1101,6,10,0,0
n50_i1305014_H_a1101_BASE,50,1305014,H,1101,7,10,0,0
n50_i1305014_H_a1101_BASE,50,1305014,H,1101,8,10,0,0
n50_i1305014_H_a1101_BASE,50,1305014,H,1101,9,10,3,3.0
n50_i1305014_H_a2202_BASE,50,1305014,H,2202,0,10,1,1.0
n50_i1305014_H_a2202_BASE,50,1305014,H,2202,1,10,0,0
n50_i1305014_H_a2202_BASE,50,1305014,H,2202,2,10,1,1.0
n50_i1305014_H_a2202_BASE,50,1305014,H,2202,3,10,1,1.0
n50_i1305014_H_a2202_BASE,50,1305014,H,2202,4,10,2,2.0
n50_i1305014_H_a2202_BASE,50,1305014,H,2202,5,10,1,1.0
n50_i1305014_H_a2202_BASE,50,1305014,H,2202,6,10,2,2.0
n50_i1305014_H_a2202_BASE,50,1305014,H,2202,7,10,0,0
n50_i1305014_H_a2202_BASE,50,1305014,H,2202,8,10,0,0
n50_i1305014_H_a2202_BASE,50,1305014,H,2202,9,10,3,3.0
n50_i1305014_T_a1101_BASE,50,1305014,T,1101,0,10,3,3.0
n50_i1305014_T_a1101_BASE,50,1305014,T,1101,1,10,0,0
n50_i1305014_T_a1101_BASE,50,1305014,T,1101,2,10,0,0
n50_i1305014_T_a1101_BASE,50,1305014,T,1101,3,10,0,0
n50_i1305014_T_a1101_BASE,50,1305014,T,1101,4,10,2,2.0
n50_i1305014_T_a1101_BASE,50,1305014,T,1101,5,10,1,1.0
n50_i1305014_T_a1101_BASE,50,1305014,T,1101,6,10,0,0
n50_i1305014_T_a1101_BASE,50,1305014,T,1101,7,10,0,0
n50_i1305014_T_a1101_BASE,50,1305014,T,1101,8,10,1,1.0
n50_i1305014_T_a1101_BASE,50,1305014,T,1101,9,10,2,2.0
n50_i1305014_T_a2202_BASE,50,1305014,T,2202,0,10,2,2.0
n50_i1305014_T_a2202_BASE,50,1305014,T,2202,1,10,0,0
n50_i1305014_T_a2202_BASE,50,1305014,T,2202,2,10,1,1.0
n50_i1305014_T_a2202_BASE,50,1305014,T,2202,3,10,1,1.0
n50_i1305014_T_a2202_BASE,50,1305014,T,2202,4,10,1,1.0
n50_i1305014_T_a2202_BASE,50,1305014,T,2202,5,10,0,0
n50_i1305014_T_a2202_BASE,50,1305014,T,2202,6,10,2,2.0
n50_i1305014_T_a2202_BASE,50,1305014,T,2202,7,10,0,0
n50_i1305014_T_a2202_BASE,50,1305014,T,2202,8,10,1,1.0
n50_i1305014_T_a2202_BASE,50,1305014,T,2202,9,10,3,3.0
n50_i1305016_H_a1101_BASE,50,1305016,H,1101,0,10,1,1.0
n50_i1305016_H_a1101_BASE,50,1305016,H,1101,1,10,0,0
n50_i1305016_H_a1101_BASE,50,1305016,H,1101,2,10,2,2.0
n50_i1305016_H_a1101_BASE,50,1305016,H,1101,3,10,0,0
n50_i1305016_H_a1101_BASE,50,1305016,H,1101,4,10,1,1.0
n50_i1305016_H_a1101_BASE,50,1305016,H,1101,5,10,1,1.0
n50_i1305016_H_a1101_BASE,50,1305016,H,1101,6,10,2,2.0
n50_i1305016_H_a1101_BASE,50,1305016,H,1101,7,10,1,1.0
n50_i1305016_H_a1101_BASE,50,1305016,H,1101,8,10,0,0
n50_i1305016_H_a1101_BASE,50,1305016,H,1101,9,10,1,1.0
n50_i1305016_H_a2202_BASE,50,1305016,H,2202,0,10,1,1.0
n50_i1305016_H_a2202_BASE,50,1305016,H,2202,1,10,0,0
n50_i1305016_H_a2202_BASE,50,1305016,H,2202,2,10,1,1.0
n50_i1305016_H_a2202_BASE,50,1305016,H,2202,3,10,1,1.0
n50_i1305016_H_a2202_BASE,50,1305016,H,2202,4,10,0,0
n50_i1305016_H_a2202_BASE,50,1305016,H,2202,5,10,0,0
n50_i1305016_H_a2202_BASE,50,1305016,H,2202,6,10,1,1.0
n50_i1305016_H_a2202_BASE,50,1305016,H,2202,7,10,1,1.0
n50_i1305016_H_a2202_BASE,50,1305016,H,2202,8,10,0,0
n50_i1305016_H_a2202_BASE,50,1305016,H,2202,9,10,0,0
n50_i1305016_T_a1101_BASE,50,1305016,T,1101,0,10,1,1.0
n50_i1305016_T_a1101_BASE,50,1305016,T,1101,1,10,0,0
n50_i1305016_T_a1101_BASE,50,1305016,T,1101,2,10,2,2.0
n50_i1305016_T_a1101_BASE,50,1305016,T,1101,3,10,0,0
n50_i1305016_T_a1101_BASE,50,1305016,T,1101,4,10,0,0
n50_i1305016_T_a1101_BASE,50,1305016,T,1101,5,10,2,2.0
n50_i1305016_T_a1101_BASE,50,1305016,T,1101,6,10,2,2.0
n50_i1305016_T_a1101_BASE,50,1305016,T,1101,7,10,0,0
n50_i1305016_T_a1101_BASE,50,1305016,T,1101,8,10,0,0
n50_i1305016_T_a1101_BASE,50,1305016,T,1101,9,10,1,1.0
n50_i1305016_T_a2202_BASE,50,1305016,T,2202,0,10,1,1.0
n50_i1305016_T_a2202_BASE,50,1305016,T,2202,1,10,0,0
n50_i1305016_T_a2202_BASE,50,1305016,T,2202,2,10,1,1.0
n50_i1305016_T_a2202_BASE,50,1305016,T,2202,3,10,1,1.0
n50_i1305016_T_a2202_BASE,50,1305016,T,2202,4,10,0,0
n50_i1305016_T_a2202_BASE,50,1305016,T,2202,5,10,0,0
n50_i1305016_T_a2202_BASE,50,1305016,T,2202,6,10,2,2.0
n50_i1305016_T_a2202_BASE,50,1305016,T,2202,7,10,1,1.0
n50_i1305016_T_a2202_BASE,50,1305016,T,2202,8,10,0,0
n50_i1305016_T_a2202_BASE,50,1305016,T,2202,9,10,0,0
n50_i1305018_H_a1101_BASE,50,1305018,H,1101,0,10,3,3.0
n50_i1305018_H_a1101_BASE,50,1305018,H,1101,1,10,0,0
n50_i1305018_H_a1101_BASE,50,1305018,H,1101,2,10,1,1.0
n50_i1305018_H_a1101_BASE,50,1305018,H,1101,3,10,2,2.0
n50_i1305018_H_a1101_BASE,50,1305018,H,1101,4,10,0,0
n50_i1305018_H_a1101_BASE,50,1305018,H,1101,5,10,1,1.0
n50_i1305018_H_a1101_BASE,50,1305018,H,1101,6,10,1,1.0
n50_i1305018_H_a1101_BASE,50,1305018,H,1101,7,10,1,1.0
n50_i1305018_H_a1101_BASE,50,1305018,H,1101,8,10,1,1.0
n50_i1305018_H_a1101_BASE,50,1305018,H,1101,9,10,1,1.0
n50_i1305018_H_a2202_BASE,50,1305018,H,2202,0,10,1,1.0
n50_i1305018_H_a2202_BASE,50,1305018,H,2202,1,10,0,0
n50_i1305018_H_a2202_BASE,50,1305018,H,2202,2,10,2,2.0
n50_i1305018_H_a2202_BASE,50,1305018,H,2202,3,10,0,0
n50_i1305018_H_a2202_BASE,50,1305018,H,2202,4,10,0,0
n50_i1305018_H_a2202_BASE,50,1305018,H,2202,5,10,0,0
n50_i1305018_H_a2202_BASE,50,1305018,H,2202,6,10,0,0
n50_i1305018_H_a2202_BASE,50,1305018,H,2202,7,10,1,1.0
n50_i1305018_H_a2202_BASE,50,1305018,H,2202,8,10,0,0
n50_i1305018_H_a2202_BASE,50,1305018,H,2202,9,10,1,1.0
n50_i1305018_T_a1101_BASE,50,1305018,T,1101,0,10,3,3.0
n50_i1305018_T_a1101_BASE,50,1305018,T,1101,1,10,0,0
n50_i1305018_T_a1101_BASE,50,1305018,T,1101,2,10,1,1.0
n50_i1305018_T_a1101_BASE,50,1305018,T,1101,3,10,1,1.0
n50_i1305018_T_a1101_BASE,50,1305018,T,1101,4,10,0,0
n50_i1305018_T_a1101_BASE,50,1305018,T,1101,5,10,1,1.0
n50_i1305018_T_a1101_BASE,50,1305018,T,1101,6,10,1,1.0
n50_i1305018_T_a1101_BASE,50,1305018,T,1101,7,10,0,0
n50_i1305018_T_a1101_BASE,50,1305018,T,1101,8,10,1,1.0
n50_i1305018_T_a1101_BASE,50,1305018,T,1101,9,10,1,1.0
n50_i1305018_T_a2202_BASE,50,1305018,T,2202,0,10,1,1.0
n50_i1305018_T_a2202_BASE,50,1305018,T,2202,1,10,0,0
n50_i1305018_T_a2202_BASE,50,1305018,T,2202,2,10,2,2.0
n50_i1305018_T_a2202_BASE,50,1305018,T,2202,3,10,0,0
n50_i1305018_T_a2202_BASE,50,1305018,T,2202,4,10,0,0
n50_i1305018_T_a2202_BASE,50,1305018,T,2202,5,10,0,0
n50_i1305018_T_a2202_BASE,50,1305018,T,2202,6,10,1,1.0
n50_i1305018_T_a2202_BASE,50,1305018,T,2202,7,10,1,1.0
n50_i1305018_T_a2202_BASE,50,1305018,T,2202,8,10,0,0
n50_i1305018_T_a2202_BASE,50,1305018,T,2202,9,10,1,1.0
n50_i1305020_H_a1101_BASE,50,1305020,H,1101,0,10,2,2.0
n50_i1305020_H_a1101_BASE,50,1305020,H,1101,1,10,0,0
n50_i1305020_H_a1101_BASE,50,1305020,H,1101,2,10,2,2.0
n50_i1305020_H_a1101_BASE,50,1305020,H,1101,3,10,1,1.0
n50_i1305020_H_a1101_BASE,50,1305020,H,1101,4,10,0,0
n50_i1305020_H_a1101_BASE,50,1305020,H,1101,5,10,0,0
n50_i1305020_H_a1101_BASE,50,1305020,H,1101,6,10,2,2.0
n50_i1305020_H_a1101_BASE,50,1305020,H,1101,7,10,1,1.0
n50_i1305020_H_a1101_BASE,50,1305020,H,1101,8,10,2,2.0
n50_i1305020_H_a1101_BASE,50,1305020,H,1101,9,10,3,3.0
n50_i1305020_H_a2202_BASE,50,1305020,H,2202,0,10,3,3.0
n50_i1305020_H_a2202_BASE,50,1305020,H,2202,1,10,1,1.0
n50_i1305020_H_a2202_BASE,50,1305020,H,2202,2,10,1,1.0
n50_i1305020_H_a2202_BASE,50,1305020,H,2202,3,10,2,2.0
n50_i1305020_H_a2202_BASE,50,1305020,H,2202,4,10,0,0
n50_i1305020_H_a2202_BASE,50,1305020,H,2202,5,10,0,0
n50_i1305020_H_a2202_BASE,50,1305020,H,2202,6,10,0,0
n50_i1305020_H_a2202_BASE,50,1305020,H,2202,7,10,1,1.0
n50_i1305020_H_a2202_BASE,50,1305020,H,2202,8,10,2,2.0
n50_i1305020_H_a2202_BASE,50,1305020,H,2202,9,10,1,1.0
n50_i1305020_T_a1101_BASE,50,1305020,T,1101,0,10,2,2.0
n50_i1305020_T_a1101_BASE,50,1305020,T,1101,1,10,0,0
n50_i1305020_T_a1101_BASE,50,1305020,T,1101,2,10,2,2.0
n50_i1305020_T_a1101_BASE,50,1305020,T,1101,3,10,2,2.0
n50_i1305020_T_a1101_BASE,50,1305020,T,1101,4,10,1,1.0
n50_i1305020_T_a1101_BASE,50,1305020,T,1101,5,10,0,0
n50_i1305020_T_a1101_BASE,50,1305020,T,1101,6,10,1,1.0
n50_i1305020_T_a1101_BASE,50,1305020,T,1101,7,10,1,1.0
n50_i1305020_T_a1101_BASE,50,1305020,T,1101,8,10,2,2.0
n50_i1305020_T_a1101_BASE,50,1305020,T,1101,9,10,4,4.0
n50_i1305020_T_a2202_BASE,50,1305020,T,2202,0,10,3,3.0
n50_i1305020_T_a2202_BASE,50,1305020,T,2202,1,10,1,1.0
n50_i1305020_T_a2202_BASE,50,1305020,T,2202,2,10,1,1.0
n50_i1305020_T_a2202_BASE,50,1305020,T,2202,3,10,2,2.0
n50_i1305020_T_a2202_BASE,50,1305020,T,2202,4,10,0,0
n50_i1305020_T_a2202_BASE,50,1305020,T,2202,5,10,0,0
n50_i1305020_T_a2202_BASE,50,1305020,T,2202,6,10,0,0
n50_i1305020_T_a2202_BASE,50,1305020,T,2202,7,10,1,1.0
n50_i1305020_T_a2202_BASE,50,1305020,T,2202,8,10,2,2.0
n50_i1305020_T_a2202_BASE,50,1305020,T,2202,9,10,1,1.0
n50_i1305022_H_a1101_BASE,50,1305022,H,1101,0,10,0,0
n50_i1305022_H_a1101_BASE,50,1305022,H,1101,1,10,0,0
n50_i1305022_H_a1101_BASE,50,1305022,H,1101,2,10,3,3.0
n50_i1305022_H_a1101_BASE,50,1305022,H,1101,3,10,0,0
n50_i1305022_H_a1101_BASE,50,1305022,H,1101,4,10,1,1.0
n50_i1305022_H_a1101_BASE,50,1305022,H,1101,5,10,0,0
n50_i1305022_H_a1101_BASE,50,1305022,H,1101,6,10,0,0
n50_i1305022_H_a1101_BASE,50,1305022,H,1101,7,10,1,1.0
n50_i1305022_H_a1101_BASE,50,1305022,H,1101,8,10,2,2.0
n50_i1305022_H_a1101_BASE,50,1305022,H,1101,9,10,0,0
n50_i1305022_H_a2202_BASE,50,1305022,H,2202,0,10,2,2.0
n50_i1305022_H_a2202_BASE,50,1305022,H,2202,1,10,1,1.0
n50_i1305022_H_a2202_BASE,50,1305022,H,2202,2,10,0,0
n50_i1305022_H_a2202_BASE,50,1305022,H,2202,3,10,1,1.0
n50_i1305022_H_a2202_BASE,50,1305022,H,2202,4,10,1,1.0
n50_i1305022_H_a2202_BASE,50,1305022,H,2202,5,10,2,2.0
n50_i1305022_H_a2202_BASE,50,1305022,H,2202,6,10,4,4.0
n50_i1305022_H_a2202_BASE,50,1305022,H,2202,7,10,1,1.0
n50_i1305022_H_a2202_BASE,50,1305022,H,2202,8,10,2,2.0
n50_i1305022_H_a2202_BASE,50,1305022,H,2202,9,10,1,1.0
n50_i1305022_T_a1101_BASE,50,1305022,T,1101,0,10,0,0
n50_i1305022_T_a1101_BASE,50,1305022,T,1101,1,10,0,0
n50_i1305022_T_a1101_BASE,50,1305022,T,1101,2,10,3,3.0
n50_i1305022_T_a1101_BASE,50,1305022,T,1101,3,10,0,0
n50_i1305022_T_a1101_BASE,50,1305022,T,1101,4,10,1,1.0
n50_i1305022_T_a1101_BASE,50,1305022,T,1101,5,10,1,1.0
n50_i1305022_T_a1101_BASE,50,1305022,T,1101,6,10,0,0
n50_i1305022_T_a1101_BASE,50,1305022,T,1101,7,10,1,1.0
n50_i1305022_T_a1101_BASE,50,1305022,T,1101,8,10,1,1.0
n50_i1305022_T_a1101_BASE,50,1305022,T,1101,9,10,0,0
n50_i1305022_T_a2202_BASE,50,1305022,T,2202,0,10,2,2.0
n50_i1305022_T_a2202_BASE,50,1305022,T,2202,1,10,0,0
n50_i1305022_T_a2202_BASE,50,1305022,T,2202,2,10,0,0
n50_i1305022_T_a2202_BASE,50,1305022,T,2202,3,10,1,1.0
n50_i1305022_T_a2202_BASE,50,1305022,T,2202,4,10,0,0
n50_i1305022_T_a2202_BASE,50,1305022,T,2202,5,10,1,1.0
n50_i1305022_T_a2202_BASE,50,1305022,T,2202,6,10,3,3.0
n50_i1305022_T_a2202_BASE,50,1305022,T,2202,7,10,1,1.0
n50_i1305022_T_a2202_BASE,50,1305022,T,2202,8,10,3,3.0
n50_i1305022_T_a2202_BASE,50,1305022,T,2202,9,10,2,2.0
n50_i1305024_H_a1101_BASE,50,1305024,H,1101,0,10,2,2.0
n50_i1305024_H_a1101_BASE,50,1305024,H,1101,1,10,1,1.0
n50_i1305024_H_a1101_BASE,50,1305024,H,1101,2,10,2,2.0
n50_i1305024_H_a1101_BASE,50,1305024,H,1101,3,10,1,1.0
n50_i1305024_H_a1101_BASE,50,1305024,H,1101,4,10,0,0
n50_i1305024_H_a1101_BASE,50,1305024,H,1101,5,10,0,0
n50_i1305024_H_a1101_BASE,50,1305024,H,1101,6,10,1,1.0
n50_i1305024_H_a1101_BASE,50,1305024,H,1101,7,10,1,1.0
n50_i1305024_H_a1101_BASE,50,1305024,H,1101,8,10,0,0
n50_i1305024_H_a1101_BASE,50,1305024,H,1101,9,10,1,1.0
n50_i1305024_H_a2202_BASE,50,1305024,H,2202,0,10,1,1.0
n50_i1305024_H_a2202_BASE,50,1305024,H,2202,1,10,1,1.0
n50_i1305024_H_a2202_BASE,50,1305024,H,2202,2,10,3,3.0
n50_i1305024_H_a2202_BASE,50,1305024,H,2202,3,10,0,0
n50_i1305024_H_a2202_BASE,50,1305024,H,2202,4,10,1,1.0
n50_i1305024_H_a2202_BASE,50,1305024,H,2202,5,10,0,0
n50_i1305024_H_a2202_BASE,50,1305024,H,2202,6,10,3,3.0
n50_i1305024_H_a2202_BASE,50,1305024,H,2202,7,10,0,0
n50_i1305024_H_a2202_BASE,50,1305024,H,2202,8,10,0,0
n50_i1305024_H_a2202_BASE,50,1305024,H,2202,9,10,5,5.0
n50_i1305024_T_a1101_BASE,50,1305024,T,1101,0,10,2,2.0
n50_i1305024_T_a1101_BASE,50,1305024,T,1101,1,10,0,0
n50_i1305024_T_a1101_BASE,50,1305024,T,1101,2,10,3,3.0
n50_i1305024_T_a1101_BASE,50,1305024,T,1101,3,10,1,1.0
n50_i1305024_T_a1101_BASE,50,1305024,T,1101,4,10,1,1.0
n50_i1305024_T_a1101_BASE,50,1305024,T,1101,5,10,0,0
n50_i1305024_T_a1101_BASE,50,1305024,T,1101,6,10,1,1.0
n50_i1305024_T_a1101_BASE,50,1305024,T,1101,7,10,1,1.0
n50_i1305024_T_a1101_BASE,50,1305024,T,1101,8,10,0,0
n50_i1305024_T_a1101_BASE,50,1305024,T,1101,9,10,1,1.0
n50_i1305024_T_a2202_BASE,50,1305024,T,2202,0,10,1,1.0
n50_i1305024_T_a2202_BASE,50,1305024,T,2202,1,10,1,1.0
n50_i1305024_T_a2202_BASE,50,1305024,T,2202,2,10,2,2.0
n50_i1305024_T_a2202_BASE,50,1305024,T,2202,3,10,0,0
n50_i1305024_T_a2202_BASE,50,1305024,T,2202,4,10,0,0
n50_i1305024_T_a2202_BASE,50,1305024,T,2202,5,10,0,0
n50_i1305024_T_a2202_BASE,50,1305024,T,2202,6,10,2,2.0
n50_i1305024_T_a2202_BASE,50,1305024,T,2202,7,10,0,0
n50_i1305024_T_a2202_BASE,50,1305024,T,2202,8,10,0,0
n50_i1305024_T_a2202_BASE,50,1305024,T,2202,9,10,4,4.0
n50_i1305026_H_a1101_BASE,50,1305026,H,1101,0,10,2,2.0
n50_i1305026_H_a1101_BASE,50,1305026,H,1101,1,10,1,1.0
n50_i1305026_H_a1101_BASE,50,1305026,H,1101,2,10,0,0
n50_i1305026_H_a1101_BASE,50,1305026,H,1101,3,10,0,0
n50_i1305026_H_a1101_BASE,50,1305026,H,1101,4,10,0,0
n50_i1305026_H_a1101_BASE,50,1305026,H,1101,5,10,1,1.0
n50_i1305026_H_a1101_BASE,50,1305026,H,1101,6,10,1,1.0
n50_i1305026_H_a1101_BASE,50,1305026,H,1101,7,10,2,2.0
n50_i1305026_H_a1101_BASE,50,1305026,H,1101,8,10,0,0
n50_i1305026_H_a1101_BASE,50,1305026,H,1101,9,10,1,1.0
n50_i1305026_H_a2202_BASE,50,1305026,H,2202,0,10,3,3.0
n50_i1305026_H_a2202_BASE,50,1305026,H,2202,1,10,0,0
n50_i1305026_H_a2202_BASE,50,1305026,H,2202,2,10,0,0
n50_i1305026_H_a2202_BASE,50,1305026,H,2202,3,10,2,2.0
n50_i1305026_H_a2202_BASE,50,1305026,H,2202,4,10,0,0
n50_i1305026_H_a2202_BASE,50,1305026,H,2202,5,10,1,1.0
n50_i1305026_H_a2202_BASE,50,1305026,H,2202,6,10,2,2.0
n50_i1305026_H_a2202_BASE,50,1305026,H,2202,7,10,1,1.0
n50_i1305026_H_a2202_BASE,50,1305026,H,2202,8,10,0,0
n50_i1305026_H_a2202_BASE,50,1305026,H,2202,9,10,3,3.0
n50_i1305026_T_a1101_BASE,50,1305026,T,1101,0,10,2,2.0
n50_i1305026_T_a1101_BASE,50,1305026,T,1101,1,10,1,1.0
n50_i1305026_T_a1101_BASE,50,1305026,T,1101,2,10,0,0
n50_i1305026_T_a1101_BASE,50,1305026,T,1101,3,10,0,0
n50_i1305026_T_a1101_BASE,50,1305026,T,1101,4,10,0,0
n50_i1305026_T_a1101_BASE,50,1305026,T,1101,5,10,1,1.0
n50_i1305026_T_a1101_BASE,50,1305026,T,1101,6,10,1,1.0
n50_i1305026_T_a1101_BASE,50,1305026,T,1101,7,10,0,0
n50_i1305026_T_a1101_BASE,50,1305026,T,1101,8,10,0,0
n50_i1305026_T_a1101_BASE,50,1305026,T,1101,9,10,1,1.0
n50_i1305026_T_a2202_BASE,50,1305026,T,2202,0,10,1,1.0
n50_i1305026_T_a2202_BASE,50,1305026,T,2202,1,10,0,0
n50_i1305026_T_a2202_BASE,50,1305026,T,2202,2,10,0,0
n50_i1305026_T_a2202_BASE,50,1305026,T,2202,3,10,2,2.0
n50_i1305026_T_a2202_BASE,50,1305026,T,2202,4,10,0,0
n50_i1305026_T_a2202_BASE,50,1305026,T,2202,5,10,1,1.0
n50_i1305026_T_a2202_BASE,50,1305026,T,2202,6,10,2,2.0
n50_i1305026_T_a2202_BASE,50,1305026,T,2202,7,10,1,1.0
n50_i1305026_T_a2202_BASE,50,1305026,T,2202,8,10,1,1.0
n50_i1305026_T_a2202_BASE,50,1305026,T,2202,9,10,2,2.0
n50_i1305028_H_a1101_BASE,50,1305028,H,1101,0,10,1,1.0
n50_i1305028_H_a1101_BASE,50,1305028,H,1101,1,10,1,1.0
n50_i1305028_H_a1101_BASE,50,1305028,H,1101,2,10,0,0
n50_i1305028_H_a1101_BASE,50,1305028,H,1101,3,10,0,0
n50_i1305028_H_a1101_BASE,50,1305028,H,1101,4,10,1,1.0
n50_i1305028_H_a1101_BASE,50,1305028,H,1101,5,10,0,0
n50_i1305028_H_a1101_BASE,50,1305028,H,1101,6,10,3,3.0
n50_i1305028_H_a1101_BASE,50,1305028,H,1101,7,10,1,1.0
n50_i1305028_H_a1101_BASE,50,1305028,H,1101,8,10,2,2.0
n50_i1305028_H_a1101_BASE,50,1305028,H,1101,9,10,0,0
n50_i1305028_H_a2202_BASE,50,1305028,H,2202,0,10,2,2.0
n50_i1305028_H_a2202_BASE,50,1305028,H,2202,1,10,2,2.0
n50_i1305028_H_a2202_BASE,50,1305028,H,2202,2,10,0,0
n50_i1305028_H_a2202_BASE,50,1305028,H,2202,3,10,0,0
n50_i1305028_H_a2202_BASE,50,1305028,H,2202,4,10,1,1.0
n50_i1305028_H_a2202_BASE,50,1305028,H,2202,5,10,0,0
n50_i1305028_H_a2202_BASE,50,1305028,H,2202,6,10,1,1.0
n50_i1305028_H_a2202_BASE,50,1305028,H,2202,7,10,0,0
n50_i1305028_H_a2202_BASE,50,1305028,H,2202,8,10,0,0
n50_i1305028_H_a2202_BASE,50,1305028,H,2202,9,10,2,2.0
n50_i1305028_T_a1101_BASE,50,1305028,T,1101,0,10,1,1.0
n50_i1305028_T_a1101_BASE,50,1305028,T,1101,1,10,0,0
n50_i1305028_T_a1101_BASE,50,1305028,T,1101,2,10,0,0
n50_i1305028_T_a1101_BASE,50,1305028,T,1101,3,10,0,0
n50_i1305028_T_a1101_BASE,50,1305028,T,1101,4,10,1,1.0
n50_i1305028_T_a1101_BASE,50,1305028,T,1101,5,10,0,0
n50_i1305028_T_a1101_BASE,50,1305028,T,1101,6,10,2,2.0
n50_i1305028_T_a1101_BASE,50,1305028,T,1101,7,10,1,1.0
n50_i1305028_T_a1101_BASE,50,1305028,T,1101,8,10,2,2.0
n50_i1305028_T_a1101_BASE,50,1305028,T,1101,9,10,0,0
n50_i1305028_T_a2202_BASE,50,1305028,T,2202,0,10,2,2.0
n50_i1305028_T_a2202_BASE,50,1305028,T,2202,1,10,3,3.0
n50_i1305028_T_a2202_BASE,50,1305028,T,2202,2,10,0,0
n50_i1305028_T_a2202_BASE,50,1305028,T,2202,3,10,0,0
n50_i1305028_T_a2202_BASE,50,1305028,T,2202,4,10,1,1.0
n50_i1305028_T_a2202_BASE,50,1305028,T,2202,5,10,0,0
n50_i1305028_T_a2202_BASE,50,1305028,T,2202,6,10,1,1.0
n50_i1305028_T_a2202_BASE,50,1305028,T,2202,7,10,0,0
n50_i1305028_T_a2202_BASE,50,1305028,T,2202,8,10,0,0
n50_i1305028_T_a2202_BASE,50,1305028,T,2202,9,10,2,2.0
n50_i1305030_H_a1101_BASE,50,1305030,H,1101,0,10,0,0
n50_i1305030_H_a1101_BASE,50,1305030,H,1101,1,10,2,2.0
n50_i1305030_H_a1101_BASE,50,1305030,H,1101,2,10,3,3.0
n50_i1305030_H_a1101_BASE,50,1305030,H,1101,3,10,0,0
n50_i1305030_H_a1101_BASE,50,1305030,H,1101,4,10,0,0
n50_i1305030_H_a1101_BASE,50,1305030,H,1101,5,10,0,0
n50_i1305030_H_a1101_BASE,50,1305030,H,1101,6,10,0,0
n50_i1305030_H_a1101_BASE,50,1305030,H,1101,7,10,0,0
n50_i1305030_H_a1101_BASE,50,1305030,H,1101,8,10,3,3.0
n50_i1305030_H_a1101_BASE,50,1305030,H,1101,9,10,0,0
n50_i1305030_H_a2202_BASE,50,1305030,H,2202,0,10,1,0.5
n50_i1305030_H_a2202_BASE,50,1305030,H,2202,1,10,0,0
n50_i1305030_H_a2202_BASE,50,1305030,H,2202,2,10,3,3.0
n50_i1305030_H_a2202_BASE,50,1305030,H,2202,3,10,2,2.0
n50_i1305030_H_a2202_BASE,50,1305030,H,2202,4,10,1,1.0
n50_i1305030_H_a2202_BASE,50,1305030,H,2202,5,10,2,2.0
n50_i1305030_H_a2202_BASE,50,1305030,H,2202,6,10,0,0
n50_i1305030_H_a2202_BASE,50,1305030,H,2202,7,10,0,0
n50_i1305030_H_a2202_BASE,50,1305030,H,2202,8,10,2,2.0
n50_i1305030_H_a2202_BASE,50,1305030,H,2202,9,10,2,1.5
n50_i1305030_T_a1101_BASE,50,1305030,T,1101,0,10,0,0
n50_i1305030_T_a1101_BASE,50,1305030,T,1101,1,10,1,1.0
n50_i1305030_T_a1101_BASE,50,1305030,T,1101,2,10,3,3.0
n50_i1305030_T_a1101_BASE,50,1305030,T,1101,3,10,0,0
n50_i1305030_T_a1101_BASE,50,1305030,T,1101,4,10,0,0
n50_i1305030_T_a1101_BASE,50,1305030,T,1101,5,10,1,1.0
n50_i1305030_T_a1101_BASE,50,1305030,T,1101,6,10,0,0
n50_i1305030_T_a1101_BASE,50,1305030,T,1101,7,10,0,0
n50_i1305030_T_a1101_BASE,50,1305030,T,1101,8,10,3,3.0
n50_i1305030_T_a1101_BASE,50,1305030,T,1101,9,10,1,1.0
n50_i1305030_T_a2202_BASE,50,1305030,T,2202,0,10,3,2.5
n50_i1305030_T_a2202_BASE,50,1305030,T,2202,1,10,1,1.0
n50_i1305030_T_a2202_BASE,50,1305030,T,2202,2,10,4,4.0
n50_i1305030_T_a2202_BASE,50,1305030,T,2202,3,10,2,2.0
n50_i1305030_T_a2202_BASE,50,1305030,T,2202,4,10,1,1.0
n50_i1305030_T_a2202_BASE,50,1305030,T,2202,5,10,2,2.0
n50_i1305030_T_a2202_BASE,50,1305030,T,2202,6,10,0,0
n50_i1305030_T_a2202_BASE,50,1305030,T,2202,7,10,0,0
n50_i1305030_T_a2202_BASE,50,1305030,T,2202,8,10,2,2.0
n50_i1305030_T_a2202_BASE,50,1305030,T,2202,9,10,2,1.5
n50_i1305032_H_a1101_BASE,50,1305032,H,1101,0,10,0,0
n50_i1305032_H_a1101_BASE,50,1305032,H,1101,1,10,0,0
n50_i1305032_H_a1101_BASE,50,1305032,H,1101,2,10,1,1.0
n50_i1305032_H_a1101_BASE,50,1305032,H,1101,3,10,1,1.0
n50_i1305032_H_a1101_BASE,50,1305032,H,1101,4,10,0,0
n50_i1305032_H_a1101_BASE,50,1305032,H,1101,5,10,0,0
n50_i1305032_H_a1101_BASE,50,1305032,H,1101,6,10,2,2.0
n50_i1305032_H_a1101_BASE,50,1305032,H,1101,7,10,1,1.0
n50_i1305032_H_a1101_BASE,50,1305032,H,1101,8,10,1,1.0
n50_i1305032_H_a1101_BASE,50,1305032,H,1101,9,10,3,3.0
n50_i1305032_H_a2202_BASE,50,1305032,H,2202,0,10,1,1.0
n50_i1305032_H_a2202_BASE,50,1305032,H,2202,1,10,0,0
n50_i1305032_H_a2202_BASE,50,1305032,H,2202,2,10,3,3.0
n50_i1305032_H_a2202_BASE,50,1305032,H,2202,3,10,0,0
n50_i1305032_H_a2202_BASE,50,1305032,H,2202,4,10,0,0
n50_i1305032_H_a2202_BASE,50,1305032,H,2202,5,10,0,0
n50_i1305032_H_a2202_BASE,50,1305032,H,2202,6,10,0,0
n50_i1305032_H_a2202_BASE,50,1305032,H,2202,7,10,0,0
n50_i1305032_H_a2202_BASE,50,1305032,H,2202,8,10,0,0
n50_i1305032_H_a2202_BASE,50,1305032,H,2202,9,10,0,0
n50_i1305032_T_a1101_BASE,50,1305032,T,1101,0,10,0,0
n50_i1305032_T_a1101_BASE,50,1305032,T,1101,1,10,0,0
n50_i1305032_T_a1101_BASE,50,1305032,T,1101,2,10,1,1.0
n50_i1305032_T_a1101_BASE,50,1305032,T,1101,3,10,1,1.0
n50_i1305032_T_a1101_BASE,50,1305032,T,1101,4,10,0,0
n50_i1305032_T_a1101_BASE,50,1305032,T,1101,5,10,0,0
n50_i1305032_T_a1101_BASE,50,1305032,T,1101,6,10,2,2.0
n50_i1305032_T_a1101_BASE,50,1305032,T,1101,7,10,0,0
n50_i1305032_T_a1101_BASE,50,1305032,T,1101,8,10,1,1.0
n50_i1305032_T_a1101_BASE,50,1305032,T,1101,9,10,3,3.0
n50_i1305032_T_a2202_BASE,50,1305032,T,2202,0,10,1,1.0
n50_i1305032_T_a2202_BASE,50,1305032,T,2202,1,10,0,0
n50_i1305032_T_a2202_BASE,50,1305032,T,2202,2,10,3,3.0
n50_i1305032_T_a2202_BASE,50,1305032,T,2202,3,10,0,0
n50_i1305032_T_a2202_BASE,50,1305032,T,2202,4,10,0,0
n50_i1305032_T_a2202_BASE,50,1305032,T,2202,5,10,1,1.0
n50_i1305032_T_a2202_BASE,50,1305032,T,2202,6,10,0,0
n50_i1305032_T_a2202_BASE,50,1305032,T,2202,7,10,0,0
n50_i1305032_T_a2202_BASE,50,1305032,T,2202,8,10,1,1.0
n50_i1305032_T_a2202_BASE,50,1305032,T,2202,9,10,0,0
