key,block,jobs,base_seed,tariff,algorithm_seed,arm,node,order,hv,hv101,hv150,igd,middle_igd,min_flow,min_bill,exact_rate,offspring_rate,elapsed,overshoot,rss,archive_size,trigger_rate
n50_i970001_H_a2202_F6,n50_i970001_H_a2202,50,970001,H,2202,F6,0,0,1.0372550354443837,0.8590308414876332,2.0253625641410515,0.0663292860266431,0.05864146437396245,33630.0,2717.445,92.25840936045775,7.2265855887131965,1800.02019491978,0.020194919779896736,0.09473037719726562,1010,0.29481857318573185
n50_i970001_H_a2202_RDIR,n50_i970001_H_a2202,50,970001,H,2202,RDIR,0,1,1.0881794420394089,0.9061857628584957,2.093040238399023,0.027347111024784543,0.028929685388978155,33630.0,2631.6000000000004,88.535362173867,7.706286614244034,1800.2185351317748,0.21853513177484274,0.09473037719726562,635,0.2853744683918403
n50_i970001_H_a2202_RPERM,n50_i970001_H_a2202,50,970001,H,2202,RPERM,0,2,1.151411467518631,0.9615114675186311,2.191411467518632,0.018989466777216794,0.021758234287714666,33600.0,2455.9049999999997,113.1132884822713,13.146545749848656,1800.1686869170517,0.16868691705167294,0.09473037719726562,768,0.21004817037099638
n50_i970001_H_a2202_A7B,n50_i970001_H_a2202,50,970001,H,2202,A7B,0,3,1.0954525379567737,0.9121007112077621,2.1063495457301524,0.026590520961068086,0.02081539373764418,33630.0,2600.6699999999996,127.90538353614238,18.31559991961192,1800.4324261685833,0.4324261685833335,0.10177230834960938,1104,0.14222464822901504
n50_i970001_H_a3303_F6,n50_i970001_H_a3303,50,970001,H,3303,F6,0,0,1.0249327108701818,0.8494663073438994,2.0007833932092156,0.053071093020224516,0.040881259136059105,33630.0,2780.25,117.70823432718387,14.801088743447654,1800.2054079836234,0.20540798362344503,0.10177230834960938,651,0.2055920435353725
n50_i970001_H_a3303_A7B,n50_i970001_H_a3303,50,970001,H,3303,A7B,0,1,1.0925679902163976,0.9106647262126499,2.0970269413441613,0.01900841977457619,0.004066310152458194,33600.0,2638.02,100.0570036728239,11.185458821411387,1800.2837721286342,0.2837721286341548,0.10177230834960938,281,0.2509311218155634
n50_i970001_H_a3303_RPERM,n50_i970001_H_a3303,50,970001,H,3303,RPERM,0,2,1.0642798482258495,0.8830959859387183,2.0655414583908813,0.05358377293868229,0.04105603405675147,33630.0,2650.0425,101.58734593238421,8.542534403728618,1800.5195265337825,0.5195265337824821,0.10177230834960938,1053,0.2670827644496457
n50_i970001_H_a3303_RDIR,n50_i970001_H_a3303,50,970001,H,3303,RDIR,0,3,1.075723980306357,0.8933594192402761,2.082233140600053,0.05577008987607538,0.060653710772125294,33750.0,2605.71,101.72001557040612,11.27691848521898,1800.225835329853,0.22583532985299826,0.10177230834960938,621,0.21196000197034628
n50_i970001_H_a4404_RPERM,n50_i970001_H_a4404,50,970001,H,4404,RPERM,0,0,1.1111850737771976,0.9265905435449115,2.1276052081429127,0.02892199278406744,0.03421937354884449,33600.0,2576.73,103.36094086787408,8.935629037340151,1800.5447554690763,0.5447554690763354,0.10177230834960938,1373,0.2805022064764746
n50_i970001_H_a4404_F6,n50_i970001_H_a4404,50,970001,H,4404,F6,0,1,1.0708759759545599,0.8909977187475765,2.0663348968744857,0.030927172170898663,0.028783504077193982,33660.0,2675.415,105.27187667167536,10.633853983706466,1800.005908424966,0.005908424966037273,0.10177230834960938,523,0.24847186667363252
n50_i970001_H_a4404_RDIR,n50_i970001_H_a4404,50,970001,H,4404,RDIR,0,2,1.0647472553686648,0.885749320619466,2.0562936320317697,0.02979199315332122,0.01669309404935622,33600.0,2704.185,89.33135435623039,8.2948162431149,1800.0398757951334,0.039875795133411884,0.10177230834960938,436,0.28524546246065235
n50_i970001_H_a4404_A7B,n50_i970001_H_a4404,50,970001,H,4404,A7B,0,3,1.0886405413493936,0.9058515062656353,2.097036252832762,0.03348751473725946,0.030242265010106968,33690.0,2604.765,91.66149827659332,12.428122285613373,1800.3524173479527,0.3524173479527235,0.10235214233398438,765,0.1681340782122905
n50_i970001_H_a1101_F6,n50_i970001_H_a1101,50,970001,H,1101,F6,0,0,1.056336609690114,0.87555300111769,2.055819314456444,0.05472425881932683,0.055815293463945,33720.0,2646.075,101.92554483344102,10.772392743757361,1800.157166683115,0.1571666831150651,0.10177230834960938,681,0.21993605610561057
n50_i970001_H_a1101_RPERM,n50_i970001_H_a1101,50,970001,H,1101,RPERM,0,1,1.0931918256964082,0.9111220718093275,2.098390731861205,0.01814172800852038,0.008502310041720834,33630.0,2629.8675000000003,111.12294246264432,10.44478343868098,1800.4202873520553,0.4202873520553112,0.10177230834960938,622,0.2533368784897634
n50_i970001_H_a1101_RDIR,n50_i970001_H_a1101,50,970001,H,1101,RDIR,0,2,1.0312644522711465,0.8538225910571713,2.0158949465554805,0.07149025062206826,0.07124435519864529,33600.0,2739.6225,68.77875773849141,6.4091455599613365,1800.3959953859448,0.3959953859448433,0.10177230834960938,1679,0.27350723632897134
n50_i970001_H_a1101_A7B,n50_i970001_H_a1101,50,970001,H,1101,A7B,0,3,1.0734260143060599,0.8919680013964116,2.0759060716822675,0.05355248950655127,0.05844361125401669,33600.0,2648.16,85.45896443819363,7.050675584530442,1800.5366787621751,0.5366787621751428,0.10235214233398438,1513,0.29460417487199686
n50_i970001_H_a5505_RPERM,n50_i970001_H_a5505,50,970001,H,5505,RPERM,0,0,1.0834217493951428,0.9026135001013674,2.083013968478588,0.021939543129016085,0.012734888043056378,33600.0,2662.9575,106.37367028188733,9.876015603154503,1800.219918073155,0.2199180731549859,0.10235214233398438,761,0.2910737386804657
n50_i970001_H_a5505_RDIR,n50_i970001_H_a5505,50,970001,H,5505,RDIR,0,1,1.0989642105617194,0.9160786824523904,2.107788779936514,0.02125920471447762,0.011653010285225501,33690.0,2602.5675,118.51649237429419,13.077574639136397,1800.0279600434005,0.027960043400526047,0.10235214233398438,248,0.21015293118096856
n50_i970001_H_a5505_F6,n50_i970001_H_a5505,50,970001,H,5505,F6,0,2,1.10899273984168,0.9247983428041657,2.1236345044528524,0.021252631178527097,0.018213507274146615,33600.0,2585.8424999999997,102.03567863439886,9.612580021620552,1800.0370307536796,0.037030753679573536,0.10235214233398438,477,0.26561867884181933
n50_i970001_H_a5505_A7B,n50_i970001_H_a5505,50,970001,H,5505,A7B,0,3,1.0877891131570097,0.9036137582693962,2.102346245990843,0.05017610269936821,0.06309147519344263,33720.0,2568.8325,91.74990294825773,7.919300420964974,1800.2852830607444,0.2852830607444048,0.10235214233398438,1825,0.2595216384933717
n50_i970001_T_a1101_F6,n50_i970001_T_a1101,50,970001,T,1101,F6,0,0,1.0235362169654698,0.8460174629793332,2.008508456903853,0.09014467391792406,0.10066198016017164,33660.0,2565.852,118.61848798937753,12.829745797442413,1800.191552088596,0.19155208859592676,0.09473037719726562,354,0.21817630758572912
n50_i970001_T_a1101_RPERM,n50_i970001_T_a1101,50,970001,T,1101,RPERM,0,1,1.0137908979477583,0.8391411177454967,1.9860121432911408,0.05820465278539366,0.039592591316270145,33750.0,2623.4385,99.99143808165203,11.46711444696498,1800.1041234452277,0.1041234452277422,0.09473037719726562,527,0.2018699738397442
n50_i970001_T_a1101_A7B,n50_i970001_T_a1101,50,970001,T,1101,A7B,0,2,1.0462788178857558,0.868148641923907,2.0339684888273086,0.046499273530267594,0.026351891099010073,33600.0,2559.8039999999996,103.87562774138827,8.059871453857932,1800.152779490687,0.15277949068695307,0.09473037719726562,270,0.3300709904197395
n50_i970001_T_a1101_RDIR,n50_i970001_T_a1101,50,970001,T,1101,RDIR,0,3,1.0471789677968595,0.8688739028421146,2.0356459231512853,0.05493634940398347,0.04775499338077572,33600.0,2555.457,97.33208085418205,9.225576422322273,1800.3211116231978,0.32111162319779396,0.09473037719726562,623,0.26527786140044557
n50_i970001_T_a4404_RPERM,n50_i970001_T_a4404,50,970001,T,4404,RPERM,0,0,1.0405335979043124,0.8623864037588891,2.0282989052173037,0.05973174870108588,0.0603578974872783,33600.0,2559.3810000000003,135.4108513216544,16.0955246758471,1800.0034533496946,0.003453349694609642,0.09473037719726562,215,0.20133232086152147
n50_i970001_T_a4404_F6,n50_i970001_T_a4404,50,970001,T,4404,F6,0,1,1.0603430319628067,0.8815902529534972,2.050799827559736,0.03006106665295272,0.009553959572240738,33720.0,2526.03,127.13373695386638,12.49038662933893,1800.1044056704268,0.10440567042678595,0.09473037719726562,1661,0.23647927415050704
n50_i970001_T_a4404_A7B,n50_i970001_T_a4404,50,970001,T,4404,A7B,0,2,1.008903739383429,0.8346223153938892,1.9794878460036067,0.059970187144573875,0.041627360073749564,33630.0,2650.893,109.34669475475444,9.617700565894946,1800.118425540626,0.11842554062604904,0.09473037719726562,637,0.28533471957488593
n50_i970001_T_a4404_RDIR,n50_i970001_T_a4404,50,970001,T,4404,RDIR,0,3,1.0679830679891136,0.8865226130160839,2.070473978980356,0.04818838864213713,0.04544970147952143,33660.0,2467.8779999999997,105.45528624961986,11.229886270310148,1800.3744217297062,0.3744217297062278,0.10177230834960938,1322,0.24502918191710357
n50_i970001_T_a3303_F6,n50_i970001_T_a3303,50,970001,T,3303,F6,0,0,1.1132104797922944,0.9294134772582717,2.126086046610173,0.009470261798197675,0.0011234120408627985,33630.0,2414.3759999999997,98.05635066851956,10.247686693322558,1800.015998929739,0.015998929738998413,0.10177230834960938,785,0.23099859048032093
n50_i970001_T_a3303_A7B,n50_i970001_T_a3303,50,970001,T,3303,A7B,0,1,1.0237995158472526,0.8472352156625114,2.0045297388905463,0.07241011662922671,0.06045864875142105,33690.0,2585.0009999999997,99.22612727606781,8.871885115331443,1800.1811105962843,0.1811105962842703,0.10177230834960938,1497,0.26541857116022793
n50_i970001_T_a3303_RDIR,n50_i970001_T_a3303,50,970001,T,3303,RDIR,0,2,1.0385824202556686,0.861434204025358,2.021907825723716,0.04707069177952939,0.026092421840014153,33660.0,2575.062,78.63508381386559,7.509661614012779,1800.2142699444667,0.21426994446665049,0.10177230834960938,447,0.2628152969894223
n50_i970001_T_a3303_RPERM,n50_i970001_T_a3303,50,970001,T,3303,RPERM,0,3,0.9991129731622436,0.8217452924861826,1.98341377616696,0.11219457698651637,0.11809114586645202,33750.0,2555.883,104.94104430420649,9.502323381829088,1800.2965498641133,0.29654986411333084,0.10235214233398438,1704,0.24621499970772198
n50_i970001_T_a5505_RPERM,n50_i970001_T_a5505,50,970001,T,5505,RPERM,0,0,1.0099495953610722,0.8348157059752422,1.9843224370758727,0.06989675619504579,0.04603638268843489,33600.0,2634.279,125.3013159752719,10.8437835862431,1800.7552294544876,0.7552294544875622,0.10177230834960938,1367,0.28278793465458085
n50_i970001_T_a5505_RDIR,n50_i970001_T_a5505,50,970001,T,5505,RDIR,0,1,1.0645972013143903,0.885060900187017,2.058536317436052,0.03861250249807412,0.022625017981575513,33630.0,2520.279,100.80659029067839,9.561347807037988,1800.269203399308,0.26920339930802584,0.10177230834960938,300,0.28426189507930055
n50_i970001_T_a5505_A7B,n50_i970001_T_a5505,50,970001,T,5505,A7B,0,2,0.902159271928977,0.7364302312070944,1.8347327862484566,0.14979988045629447,0.15074053145236838,33720.0,2849.745,90.14486897280662,8.190594724023821,1800.2355746831745,0.23557468317449093,0.10177230834960938,143,0.28904713462190573
n50_i970001_T_a5505_F6,n50_i970001_T_a5505,50,970001,T,5505,F6,0,3,1.0120451214138648,0.8359623996153603,1.990634996073886,0.07570822204815664,0.05058719629031119,33690.0,2596.971,101.22982329826705,7.3326207604766935,1800.4476750195026,0.44767501950263977,0.10235214233398438,2166,0.2949553098015452
n50_i970001_T_a2202_F6,n50_i970001_T_a2202,50,970001,T,2202,F6,0,0,0.9314104277801536,0.7636882590815416,1.8728422886628728,0.11904701358667472,0.11059676488089568,33600.0,2818.503,80.01342432068714,6.7724475977160825,1800.235413281247,0.23541328124701977,0.10235214233398438,1765,0.32988845144356954
n50_i970001_T_a2202_RDIR,n50_i970001_T_a2202,50,970001,T,2202,RDIR,0,1,1.1548171727752607,0.9649171727752602,2.1948171727752595,0.012345229696020461,0.023691410083008003,33600.0,2267.256,98.54536102532985,8.616088018172494,1800.2369482861832,0.23694828618317842,0.10235214233398438,454,0.2782541422216491
n50_i970001_T_a2202_A7B,n50_i970001_T_a2202,50,970001,T,2202,A7B,0,2,0.9828817461631958,0.8107441433533848,1.9439377586512432,0.08607513716684516,0.07786630644702769,33600.0,2708.754,115.22440321211116,10.246341429042642,1800.2523269150406,0.2523269150406122,0.10235214233398438,389,0.2888973219126098
n50_i970001_T_a2202_RPERM,n50_i970001_T_a2202,50,970001,T,2202,RPERM,0,3,0.968426083641871,0.7964293535738648,1.9288559950552284,0.11084262943955868,0.10025231733284685,33600.0,2712.2555,115.41067507381815,10.704495800207953,1800.0847830334678,0.08478303346782923,0.10235214233398438,1119,0.2540349784628159
n50_i970002_H_a2202_F6,n50_i970002_H_a2202,50,970002,H,2202,F6,1,0,1.0779903712100758,0.8964217805588066,2.080961885215712,0.06355360573529792,0.07160513924263884,33690.0,2832.855,128.76576352091865,14.516524229997666,1800.3620967334136,0.3620967334136367,0.09302139282226562,746,0.2090300363497226
n50_i970002_H_a2202_RDIR,n50_i970002_H_a2202,50,970002,H,2202,RDIR,1,1,1.035589202550398,0.8591518182636665,2.0157553549358713,0.06907463407642063,0.07228908323474051,33660.0,2924.745,101.87765736864078,10.955751413925405,1800.4242022987455,0.42420229874551296,0.09302139282226562,1178,0.2598225602027883
n50_i970002_H_a2202_RPERM,n50_i970002_H_a2202,50,970002,H,2202,RPERM,1,2,1.133379588629611,0.9437881164212572,2.1720083540000723,0.0769151595577904,0.09788221200341303,33690.0,2692.0200000000004,137.9358697949567,15.460939984910073,1800.2786394078285,0.2786394078284502,0.09302139282226562,246,0.18391176259251277
n50_i970002_H_a2202_A7B,n50_i970002_H_a2202,50,970002,H,2202,A7B,1,3,1.1183035159372612,0.933480942948891,2.1357371736633457,0.0347240957490357,0.03338365438291234,33660.0,2777.55,132.9837310508716,13.092497361612383,1800.1149321673438,0.1149321673437953,0.09302139282226562,231,0.22110488798370673
n50_i970002_H_a3303_F6,n50_i970002_H_a3303,50,970002,H,3303,F6,1,0,1.172403442000813,0.9829564879914662,2.2103899042645776,0.02574703616823635,0.042866575585617954,33750.0,2690.925,126.02917954101567,13.977194910021533,1800.1466075256467,0.14660752564668655,0.09302139282226562,701,0.22530900997575612
n50_i970002_H_a3303_A7B,n50_i970002_H_a3303,50,970002,H,3303,A7B,1,1,1.1414194583814201,0.9543376467474787,2.168894176754491,0.025819589605599692,0.02502458807388567,33690.0,2736.075,149.24740511122033,15.481817052819526,1800.1116990931332,0.11169909313321114,0.09302139282226562,324,0.20843948473213966
n50_i970002_H_a3303_RPERM,n50_i970002_H_a3303,50,970002,H,3303,RPERM,1,2,1.1565733321328895,0.9679580698494804,2.1908633867258147,0.03524915314080926,0.060220083195463785,33660.0,2710.9725,97.37646025072928,8.1183161243505,1800.003815590404,0.0038155904039740562,0.09302139282226562,2220,0.2907000615889961
n50_i970002_H_a3303_RDIR,n50_i970002_H_a3303,50,970002,H,3303,RDIR,1,3,1.183897809462229,0.9941482011071369,2.2232294021515226,0.0021545072566189235,0.0008608421611434717,33660.0,2691.06,120.9738037533487,11.708773106957716,1800.0177992582321,0.0177992582321167,0.09302139282226562,364,0.2590624406908332
n50_i970002_H_a4404_RPERM,n50_i970002_H_a4404,50,970002,H,4404,RPERM,1,0,1.1512948741034181,0.9646319285408329,2.1769079654926866,0.011856945387628638,0.005412693831557295,33780.0,2737.98,130.60763612689843,12.44350488346029,1800.0555478362367,0.05554783623665571,0.121246337890625,287,0.23996606991383543
n50_i970002_H_a4404_F6,n50_i970002_H_a4404,50,970002,H,4404,F6,1,1,1.0470098987193444,0.8686455723731419,2.0357402380358,0.08581064169377806,0.10197500265837306,33870.0,2878.2075,126.94524979347449,11.350605311594151,1800.2564126802608,0.2564126802608371,0.121246337890625,291,0.24317314280121366
n50_i970002_H_a4404_RDIR,n50_i970002_H_a4404,50,970002,H,4404,RDIR,1,2,1.0967127637225778,0.9147271829667887,2.101537567081638,0.044811212873061335,0.060581408118854096,33930.0,2811.0075,77.80493341886687,6.951876325829544,1800.9526368416846,0.9526368416845798,0.121246337890625,908,0.24624600638977637
n50_i970002_H_a4404_A7B,n50_i970002_H_a4404,50,970002,H,4404,A7B,1,3,1.1046458225907223,0.9220398173687898,2.1122280680215306,0.03092218350933992,0.030551837306354166,33660.0,2816.46,119.75345191806204,9.737601940544376,1800.3405876560137,0.3405876560136676,0.121246337890625,796,0.303291312532086
n50_i970002_H_a1101_F6,n50_i970002_H_a1101,50,970002,H,1101,F6,1,0,1.0386996447776589,0.8614009265246326,2.0226939481244433,0.07615443829909672,0.08294298352766755,33660.0,2909.625,109.27201767807414,10.385301965815154,1800.3328224392608,0.3328224392607808,0.121246337890625,771,0.2745895063379152
n50_i970002_H_a1101_RPERM,n50_i970002_H_a1101,50,970002,H,1101,RPERM,1,1,0.9943836292155375,0.8208776002575502,1.96152153569548,0.09579425746653639,0.10071222770178914,33660.0,2976.2025,106.18928296884421,10.206042195962358,1800.0121542969719,0.012154296971857548,0.121246337890625,451,0.27554297534157096
n50_i970002_H_a1101_RDIR,n50_i970002_H_a1101,50,970002,H,1101,RDIR,1,2,1.1645306763502494,0.9748375729019736,2.2036111361203656,0.03302757709613879,0.03561048925224248,33720.0,2688.42,86.61358204368756,7.844018377022192,1800.3527428451926,0.3527428451925516,0.121246337890625,114,0.257824670726526
n50_i970002_H_a1101_A7B,n50_i970002_H_a1101,50,970002,H,1101,A7B,1,3,1.065144863599532,0.8848994090540774,2.062235772690441,0.07225246573100555,0.08344124152234149,33660.0,2857.8975,121.63964274647358,15.315086866808228,1800.12038062606,0.12038062606006861,0.121246337890625,221,0.19859262214806486
n50_i970002_H_a5505_RPERM,n50_i970002_H_a5505,50,970002,H,5505,RPERM,1,0,1.113691207564981,0.9294625106744036,2.128485415967545,0.04580460827536969,0.0657756344839082,33660.0,2787.9750000000004,141.16009056126205,13.792336306792025,1800.2751272656024,0.27512726560235023,0.13296890258789062,101,0.2396294804671768
n50_i970002_H_a5505_RDIR,n50_i970002_H_a5505,50,970002,H,5505,RDIR,1,1,1.1308525281626927,0.9447738431401437,2.153868906040689,0.03822863297232249,0.04402442555377415,33660.0,2755.5000000000005,112.79818418778058,14.334759981785046,1800.0998993208632,0.09989932086318731,0.13296890258789062,419,0.19186947760037204
n50_i970002_H_a5505_F6,n50_i970002_H_a5505,50,970002,H,5505,F6,1,2,1.0531756931882974,0.8738881308811536,2.0460093034422746,0.072982901654494,0.08122146006089215,33660.0,2874.7125,106.52330980736718,10.111959929358976,1800.2444755686447,0.24447556864470243,0.13296890258789062,478,0.28202592836739176
n50_i970002_H_a5505_A7B,n50_i970002_H_a5505,50,970002,H,5505,A7B,1,3,1.140243590128348,0.9534505447924821,2.1664349027321927,0.030770542756332328,0.0363886629310485,33660.0,2742.96,123.55420763932857,10.024319348361576,1800.221977460198,0.22197746019810438,0.13296890258789062,326,0.3046104399867007
n50_i970002_T_a1101_F6,n50_i970002_T_a1101,50,970002,T,1101,F6,1,0,1.1533931115902842,0.963493111590284,2.193393111590283,0.025982221000966532,0.03970412879559048,33660.0,2522.763,112.12665833410688,10.544229556316882,1800.3211992504075,0.32119925040751696,0.09302139282226562,343,0.2811462887847021
n50_i970002_T_a1101_RPERM,n50_i970002_T_a1101,50,970002,T,1101,RPERM,1,1,1.0892595018568028,0.906908836702477,2.0957069025426964,0.03406061831254779,0.03391441217438033,33720.0,2685.573,113.44654583753547,10.923288841678916,1800.0988791007549,0.09887910075485706,0.09302139282226562,255,0.26582922239739615
n50_i970002_T_a1101_A7B,n50_i970002_T_a1101,50,970002,T,1101,A7B,1,2,1.0606448582246304,0.8799918980381451,2.0595469034978984,0.05895530565131947,0.060954737768617505,33660.0,2732.214,110.17500857255186,10.293095773689686,1800.235848126933,0.23584812693297863,0.09302139282226562,824,0.2658931462493254
n50_i970002_T_a1101_RDIR,n50_i970002_T_a1101,50,970002,T,1101,RDIR,1,3,1.0512635998389173,0.8684987670873393,2.059551745401486,0.09387820364593776,0.10208389579217475,33960.0,2643.444,136.93268101921063,16.288945606394417,1800.3006891058758,0.3006891058757901,0.09302139282226562,558,0.17312872975277066
n50_i970002_T_a4404_RPERM,n50_i970002_T_a4404,50,970002,T,4404,RPERM,1,0,1.046655142197356,0.8673427417279513,2.0395991442835975,0.058090649858971694,0.05235651848450436,33690.0,2758.4849999999997,127.48076022192687,13.366284745196998,1800.2010625014082,0.20106250140815973,0.09302139282226562,758,0.2546754218269471
n50_i970002_T_a4404_F6,n50_i970002_T_a4404,50,970002,T,4404,F6,1,1,1.121694287887099,0.9366277360076788,2.1402122962400782,0.01591013248666491,0.00694426794719726,33660.0,2632.2435,124.72567409109827,13.074667600830978,1800.1987292207778,0.19872922077775002,0.09302139282226562,478,0.25878404214640777
n50_i970002_T_a4404_A7B,n50_i970002_T_a4404,50,970002,T,4404,A7B,1,2,1.0772678969315728,0.8957517792064537,2.0800061979321,0.039085005561129094,0.026555481833624554,33720.0,2704.476,111.8102370921378,10.130329104748576,1800.2376636955887,0.23766369558870792,0.09302139282226562,1101,0.2805834292920985
n50_i970002_T_a4404_RDIR,n50_i970002_T_a4404,50,970002,T,4404,RDIR,1,3,1.1191639897455783,0.9337564519256268,2.1391974911675833,0.027090794192690962,0.03515813795394842,33720.0,2616.333,115.65558380780844,13.111887918039177,1800.1984266145155,0.19842661451548338,0.09302139282226562,1081,0.21559905100830368
n50_i970002_T_a3303_F6,n50_i970002_T_a3303,50,970002,T,3303,F6,1,0,1.1436781276962553,0.9551038517734594,2.1777860206864554,0.024869661386673313,0.022192254440487412,33750.0,2540.511,116.48121653478817,12.348108932697746,1800.032711174339,0.032711174339056015,0.121246337890625,144,0.24587213749043957
n50_i970002_T_a3303_A7B,n50_i970002_T_a3303,50,970002,T,3303,A7B,1,1,1.03633450871171,0.8578664567363847,2.025525850824263,0.07131402886433685,0.07076538708803115,33690.0,2777.6099999999997,119.26383791497291,11.24499519383704,1800.000769328326,0.0007693283259868622,0.121246337890625,239,0.2140704510646707
n50_i970002_T_a3303_RDIR,n50_i970002_T_a3303,50,970002,T,3303,RDIR,1,2,1.0952468769766177,0.91217371600075,2.1049053702026983,0.027044082744660632,0.02266612194603058,33660.0,2677.395,74.30281655896896,7.8067895509916845,1800.2278539985418,0.22785399854183197,0.121246337890625,243,0.24263554859826383
n50_i970002_T_a3303_RPERM,n50_i970002_T_a3303,50,970002,T,3303,RPERM,1,3,1.1180396521555194,0.9317201509406777,2.1421263242214765,0.0370149636125155,0.03685981862113164,33750.0,2591.583,98.48757076693529,7.627707335647381,1800.4099260363728,0.4099260363727808,0.121246337890625,1544,0.3094007136095536
n50_i970002_T_a5505_RPERM,n50_i970002_T_a5505,50,970002,T,5505,RPERM,1,0,1.0332699819377051,0.8560454739776507,2.0169344617601674,0.061205102034725276,0.048385595470855025,33660.0,2809.8705,115.8450926659354,11.700884854181416,1800.205733370036,0.20573337003588676,0.121246337890625,602,0.27834219521458414
n50_i970002_T_a5505_RDIR,n50_i970002_T_a5505,50,970002,T,5505,RDIR,1,1,1.1023128529056232,0.9176447010685856,2.1190601944035663,0.029100808348122294,0.01511849443701961,33660.0,2641.2675,127.47724328237749,11.056696838403454,1800.2664168979973,0.2664168979972601,0.121246337890625,948,0.25777442853554383
n50_i970002_T_a5505_A7B,n50_i970002_T_a5505,50,970002,T,5505,A7B,1,2,1.1021564462203481,0.914393608149832,2.1326579487559685,0.04195476749593348,0.04582077888945777,33660.0,2571.1710000000003,86.40431130182364,8.317729011824042,1800.7319039497524,0.73190394975245,0.121246337890625,897,0.24522633195353186
n50_i970002_T_a5505_F6,n50_i970002_T_a5505,50,970002,T,5505,F6,1,3,1.0689096723426372,0.8884022712141894,2.067164788469068,0.042731392675410845,0.03563878659084371,33660.0,2735.511,115.02889913792974,13.596692844686306,1800.2171763088554,0.2171763088554144,0.121246337890625,370,0.22224945867549128
n50_i970002_T_a2202_F6,n50_i970002_T_a2202,50,970002,T,2202,F6,1,0,1.000416589701529,0.8259012136786164,1.9720404831366949,0.07830378416125727,0.06855291819604642,33720.0,2863.047,111.0673484855832,10.892626706932782,1800.0249643661082,0.024964366108179092,0.13296890258789062,1028,0.26312031417350945
n50_i970002_T_a2202_RDIR,n50_i970002_T_a2202,50,970002,T,2202,RDIR,1,1,1.0829540619868394,0.9020117054929709,2.083142313070694,0.023199796386458707,0.005223678464927067,33660.0,2725.659,109.61104861475604,11.56575012394697,1800.2291054939851,0.22910549398511648,0.13296890258789062,474,0.25579943326449256
n50_i970002_T_a2202_A7B,n50_i970002_T_a2202,50,970002,T,2202,A7B,1,2,1.0489651687433392,0.8689543761783612,2.0450131356987984,0.07391075445505657,0.07240196908409295,33690.0,2742.6659999999997,110.1581760420619,9.888725155070917,1800.0298037277535,0.029803727753460407,0.13296890258789062,580,0.28398876404494383
n50_i970002_T_a2202_RPERM,n50_i970002_T_a2202,50,970002,T,2202,RPERM,1,3,1.0614160060608049,0.8797699595984593,2.064731768115672,0.07144802422260511,0.07639859226363958,33660.0,2709.72,103.39256124319141,9.530248599948008,1800.4776916410774,0.47769164107739925,0.13296890258789062,1365,0.26569147386211317
n50_i970003_H_a4404_RDIR,n50_i970003_H_a4404,50,970003,H,4404,RDIR,0,0,1.1580629430890244,0.9686700403600857,2.1958091774398567,0.04177684597860701,0.057279066867842496,34050.0,2773.815,125.92693862150202,8.930834942942209,1800.6155194602907,0.6155194602906704,0.054241180419921875,1137,0.2615508985759592
n50_i970003_H_a4404_A7B,n50_i970003_H_a4404,50,970003,H,4404,A7B,0,1,1.1071067878070429,0.9236469258900193,2.118483951882702,0.03693199240026597,0.03958375628645337,34320.0,2871.12,137.07275807918086,12.143620149088678,1800.2045297538862,0.20452975388616323,0.05449676513671875,347,0.24760989890672888
n50_i970003_H_a4404_F6,n50_i970003_H_a4404,50,970003,H,4404,F6,0,2,1.1184996956187612,0.9327689917848682,2.1399694904360573,0.053018690348384065,0.06735829989204206,34020.0,2851.1100000000006,151.24070212680124,15.586115579185213,1800.2561226654798,0.25612266547977924,0.09473037719726562,249,0.1949107238319256
n50_i970003_H_a4404_RPERM,n50_i970003_H_a4404,50,970003,H,4404,RPERM,0,3,1.0675730591099235,0.8875572218460238,2.063643446949476,0.059272604149139055,0.0661876593839043,34110.0,2959.7400000000002,129.3496701449535,13.698722742795738,1800.3138294750825,0.31382947508245707,0.09473037719726562,1195,0.20574162679425836
n50_i970003_H_a1101_RPERM,n50_i970003_H_a1101,50,970003,H,1101,RPERM,0,0,1.0883610153567886,0.9066466253735666,2.09198052639333,0.045906650747184446,0.044380293555637794,34260.0,2911.965,108.69617959163429,9.07389168429977,1800.3300643609837,0.33006436098366976,0.10177230834960938,1182,0.2610798237022527
n50_i970003_H_a1101_A7B,n50_i970003_H_a1101,50,970003,H,1101,A7B,0,1,1.0738091151348095,0.8931256166267338,2.0728468862818104,0.05981477719603097,0.0755557071985338,34110.0,2946.1275,111.46291225195947,11.261219769083052,1800.2490330273286,0.24903302732855082,0.10177230834960938,321,0.23962906328614414
n50_i970003_H_a1101_F6,n50_i970003_H_a1101,50,970003,H,1101,F6,0,2,1.083716621417431,0.9015158775279513,2.0894977053706714,0.056212871055635674,0.061270258848914384,34020.0,2923.0800000000004,94.70690461344853,7.433983432583708,1800.1116253966466,0.11162539664655924,0.10177230834960938,641,0.26991481094006875
n50_i970003_H_a1101_RDIR,n50_i970003_H_a1101,50,970003,H,1101,RDIR,0,3,1.1013909836163487,0.9190784110666881,2.1076690838370635,0.027371009876585705,0.020792204966710175,34020.0,2920.8,130.30165396941734,15.324867828119881,1800.0155244003981,0.015524400398135185,0.10235214233398438,660,0.21373935109661046
n50_i970003_H_a5505_A7B,n50_i970003_H_a5505,50,970003,H,5505,A7B,0,0,1.0748617799990023,0.8936102980172238,2.0764239221402394,0.05538104078724515,0.051067540088825664,34050.0,2939.805,126.95705830120184,12.111543156043439,1800.1834876937792,0.1834876937791705,0.10235214233398438,493,0.23707746640370592
n50_i970003_H_a5505_F6,n50_i970003_H_a5505,50,970003,H,5505,F6,0,1,1.1250761832923162,0.9378170723970602,2.1533388983823403,0.053223053484381576,0.06510631426660221,34230.0,2801.5462500000003,106.07862033956195,10.741681712528262,1800.183669326827,0.18366932682693005,0.10235214233398438,322,0.20158245849925013
n50_i970003_H_a5505_RPERM,n50_i970003_H_a5505,50,970003,H,5505,RPERM,0,2,1.1269089599109186,0.9410734398968268,2.14884460441799,0.036037324179477345,0.03963771166352559,34140.0,2838.4575,144.8914732365432,16.468715098516473,1800.1404373478144,0.14043734781444073,0.10235214233398438,467,0.18903056061526008
n50_i970003_H_a5505_RDIR,n50_i970003_H_a5505,50,970003,H,5505,RDIR,0,3,1.1726528435344588,0.9828817833625377,2.2120797776318795,0.020861136235465427,0.034805683275794114,34050.0,2766.105,81.46798600806585,7.089002934857029,1800.2531692078337,0.25316920783370733,0.10235214233398438,1069,0.2589719479705375
n50_i970003_H_a2202_RDIR,n50_i970003_H_a2202,50,970003,H,2202,RDIR,0,0,1.0987348796072063,0.9156354715988532,2.1085100263109995,0.04436684958713382,0.041717661828699036,34080.0,2899.5,124.87784233804494,12.502839194355772,1800.071139854379,0.07113985437899828,0.10235214233398438,533,0.24860037323380432
n50_i970003_H_a2202_F6,n50_i970003_H_a2202,50,970003,H,2202,F6,0,1,1.0464309261879596,0.8677976752956036,2.036356485709542,0.07884326004960071,0.08602739190758645,34080.0,2990.5575,132.0178435399714,14.142487251551955,1800.0369770321995,0.03697703219950199,0.10235214233398438,233,0.21593274934202775
n50_i970003_H_a2202_RPERM,n50_i970003_H_a2202,50,970003,H,2202,RPERM,0,2,1.0929788699222847,0.9105307708937986,2.0998593100488914,0.04699730572881637,0.0512324033281715,34170.0,2904.8925000000004,145.09833206557576,14.731423953380745,1800.1654207985848,0.16542079858481884,0.10235214233398438,282,0.2246313963573287
n50_i970003_H_a2202_A7B,n50_i970003_H_a2202,50,970003,H,2202,A7B,0,3,1.0670609081030986,0.8865475378614427,2.065342553621574,0.059982686155605355,0.058489354530715645,34080.0,2952.2250000000004,132.7542925950775,14.644194568302424,1800.2355730142444,0.23557301424443722,0.10235214233398438,232,0.2116602814550696
n50_i970003_H_a3303_RDIR,n50_i970003_H_a3303,50,970003,H,3303,RDIR,0,0,1.0902199163238522,0.9028960799116111,2.118770300378258,0.10299369408160308,0.12427128777413009,34320.0,2792.34,94.69221843299476,10.132102927467372,1800.0211930889636,0.021193088963627815,0.10235214233398438,2037,0.2017765105823007
n50_i970003_H_a3303_RPERM,n50_i970003_H_a3303,50,970003,H,3303,RPERM,0,1,1.15005489636867,0.9635544682439837,2.1749456880339406,0.00726307202642342,0.002286994314009417,34110.0,2827.53,138.8850284422767,17.269378901606323,1800.006831577979,0.006831577979028225,0.10235214233398438,869,0.1736850571014959
n50_i970003_H_a3303_F6,n50_i970003_H_a3303,50,970003,H,3303,F6,0,2,1.1462654389449187,0.9587223131240903,2.1757904425930423,0.033602316914569684,0.045679274044837924,34080.0,2808.8999999999996,117.04916285551464,8.907587234627261,1800.0385039923713,0.03850399237126112,0.10235214233398438,395,0.28745166521142573
n50_i970003_H_a3303_A7B,n50_i970003_H_a3303,50,970003,H,3303,A7B,0,3,1.1635072272684368,0.9757073369581136,2.1941734064254304,0.00561604870530324,0.007985949822927364,34080.0,2803.665,108.66201640063646,9.788690334516547,1800.4451461555436,0.44514615554362535,0.10235214233398438,1867,0.26134816159782115
n50_i970003_T_a1101_RPERM,n50_i970003_T_a1101,50,970003,T,1101,RPERM,0,0,0.9259534689233944,0.7562517648286431,1.8761832649000645,0.09460087693022518,0.08347400935743825,34080.0,2891.265,121.59704056363262,10.21112111760798,1800.4878982678056,0.4878982678055763,0.052074432373046875,827,0.26809899374490076
n50_i970003_T_a1101_A7B,n50_i970003_T_a1101,50,970003,T,1101,A7B,0,1,0.981304778273172,0.8072891774635214,1.9507074485382836,0.056763085124591835,0.047439764323921205,34050.0,2816.979,97.26003444418537,11.79377495316405,1800.1021796930581,0.10217969305813313,0.09186172485351562,1719,0.18940178991992462
n50_i970003_T_a1101_RDIR,n50_i970003_T_a1101,50,970003,T,1101,RDIR,0,2,0.9764933496641148,0.7978600692133363,1.966419040556462,0.08159489309312844,0.08513637183286694,34020.0,2737.14,117.71918199384993,11.728815524413667,1800.352299517952,0.3522995179519057,0.09473037719726562,1590,0.21443455199848457
n50_i970003_T_a1101_F6,n50_i970003_T_a1101,50,970003,T,1101,F6,0,3,0.986511668606707,0.8104417583246968,1.9650446031934172,0.06344884635569774,0.05650144824653659,34230.0,2752.008,131.73526498764144,14.062746759637017,1800.00397025235,0.003970252349972725,0.09473037719726562,1160,0.21542290522656343
n50_i970003_T_a3303_RDIR,n50_i970003_T_a3303,50,970003,T,3303,RDIR,0,0,1.0003230673300287,0.8248231329773384,1.976322775564207,0.04331546921874393,0.022489397697555508,34020.0,2794.4159999999997,120.02199111577569,11.443918536406994,1800.1701020905748,0.17010209057480097,0.09473037719726562,2261,0.24974515800203873
n50_i970003_T_a3303_RPERM,n50_i970003_T_a3303,50,970003,T,3303,RPERM,0,1,0.7846280264372257,0.6275666776585388,1.6786784654536095,0.18459535384349937,0.1830117064002039,34110.0,3117.7545,96.97039896363762,9.11809473842011,1801.034149250947,1.034149250946939,0.09473037719726562,1790,0.2730483497746925
n50_i970003_T_a3303_A7B,n50_i970003_T_a3303,50,970003,T,3303,A7B,0,2,0.8875603286620413,0.7167487610589881,1.8427228513422744,0.14458401690770667,0.14937912332223724,34020.0,2880.117,114.93328744620779,13.051170991738687,1800.3748487299308,0.3748487299308181,0.09473037719726562,727,0.20368557688215516
n50_i970003_T_a3303_F6,n50_i970003_T_a3303,50,970003,T,3303,F6,0,3,0.9550461405358968,0.7781339547540099,1.937322521788726,0.0912647604651119,0.07132500890857493,34320.0,2722.902,149.4029351529245,15.53200755963642,1800.0248771868646,0.024877186864614487,0.09473037719726562,241,0.1644609771800558
n50_i970003_T_a5505_A7B,n50_i970003_T_a5505,50,970003,T,5505,A7B,0,0,0.943392818609797,0.7703796795742646,1.9083401032121592,0.0946169443090489,0.09649787829888735,34170.0,2817.024,141.00623167620623,12.163831823555737,1800.0906554460526,0.09065544605255127,0.10177230834960938,478,0.23835403726708074
n50_i970003_T_a5505_F6,n50_i970003_T_a5505,50,970003,T,5505,F6,0,1,0.8584796911233287,0.6947813377766835,1.7820279282195288,0.13529694688373023,0.12934579565804974,34020.0,3010.143,127.25113676077379,12.68861924520534,1800.2746838377789,0.2746838377788663,0.10177230834960938,494,0.24453880838768988
n50_i970003_T_a5505_RDIR,n50_i970003_T_a5505,50,970003,T,5505,RDIR,0,2,0.9083794485423358,0.739101265331635,1.8567269294787825,0.1137803033945929,0.1129809821536673,34140.0,2889.867,114.41995051887768,12.922216633985391,1800.0007784133777,0.0007784133777022362,0.10177230834960938,1187,0.20275150472914874
n50_i970003_T_a5505_RPERM,n50_i970003_T_a5505,50,970003,T,5505,RPERM,0,3,0.9171744784939208,0.7439159074170318,1.8832125721689845,0.12543374753965464,0.1511531034902108,34020.0,2835.387,125.23534093268798,11.490010788867478,1800.3464383203536,0.3464383203536272,0.10177230834960938,876,0.2251281059653872
n50_i970003_T_a4404_RDIR,n50_i970003_T_a4404,50,970003,T,4404,RDIR,0,0,0.9759181404386416,0.8010958504416501,1.9489060959808246,0.07163902184261553,0.07860528150140898,34020.0,2806.803,122.22407824165758,14.60372672959566,1800.4308411711827,0.43084117118269205,0.10177230834960938,627,0.20035750960331647
n50_i970003_T_a4404_A7B,n50_i970003_T_a4404,50,970003,T,4404,A7B,0,1,0.9438112087716152,0.7722679130031314,1.9022258566315435,0.08010988593554205,0.06655415914814698,34170.0,2843.892,127.55464179146571,14.321603106274567,1800.2872868822888,0.287286882288754,0.10177230834960938,403,0.20897490594577822
n50_i970003_T_a4404_RPERM,n50_i970003_T_a4404,50,970003,T,4404,RPERM,0,2,0.8973769036960042,0.7275774808452692,1.8480410052548242,0.12537575775879145,0.12398560917160026,34140.0,2880.339,114.60407509160758,9.76527488929192,1800.1541379317641,0.15413793176412582,0.10177230834960938,496,0.27709198475453667
n50_i970003_T_a4404_F6,n50_i970003_T_a4404,50,970003,T,4404,F6,0,3,1.0295344587592052,0.851198964079372,2.0181366573362385,0.025085342412348714,0.001740030018286875,34170.0,2719.734,117.39861133873165,10.281488460843859,1800.2257232004777,0.2257232004776597,0.10177230834960938,215,0.2587930196120806
n50_i970003_T_a2202_RDIR,n50_i970003_T_a2202,50,970003,T,2202,RDIR,0,0,0.9280212312821587,0.7586761083302178,1.876666222179672,0.08838968264792647,0.07609370057507571,34050.0,2902.353,120.22248865098776,11.934415742998041,1800.0043288758025,0.004328875802457333,0.10177230834960938,473,0.25062843310678706
n50_i970003_T_a2202_F6,n50_i970003_T_a2202,50,970003,T,2202,F6,0,1,1.09525329933451,0.9068532993345103,2.1285866326678446,0.01293367297303161,0.013515148868395308,34200.0,2531.1899999999996,89.70142771713054,9.254913615395107,1801.097308166325,1.0973081663250923,0.10177230834960938,1882,0.2423060771491991
n50_i970003_T_a2202_A7B,n50_i970003_T_a2202,50,970003,T,2202,A7B,0,2,0.8707690486104147,0.7036101725470649,1.8096973866697457,0.14277598489990692,0.13725819602218226,34170.0,2924.037,82.67879232711606,6.443578282473302,1800.0867672469467,0.08676724694669247,0.10177230834960938,320,0.2864040003448573
n50_i970003_T_a2202_RPERM,n50_i970003_T_a2202,50,970003,T,2202,RPERM,0,3,0.9956361710598698,0.8171013615738333,1.985124213220031,0.06645699335424192,0.055260326981733554,34020.0,2738.9399999999996,111.23711308391098,9.84376126560527,1800.2265111729503,0.2265111729502678,0.10235214233398438,590,0.2824332712600869
n50_i970004_H_a4404_RDIR,n50_i970004_H_a4404,50,970004,H,4404,RDIR,1,0,1.0057858017957741,0.8321884221390138,1.9733297113813748,0.0982417682617713,0.10655218855750334,35220.0,2904.99,97.37205029747744,8.062632618173073,1800.2804651279002,0.2804651279002428,0.05663299560546875,382,0.3446090251464003
n50_i970004_H_a4404_A7B,n50_i970004_H_a4404,50,970004,H,4404,A7B,1,1,1.1273589321777602,0.9427035436845514,2.1440495477031267,0.026389598873699332,0.018788234706868325,35250.0,2625.585,112.75496349105778,10.954904296888024,1800.1070082923397,0.10700829233974218,0.06235504150390625,602,0.23970588235294119
n50_i970004_H_a4404_F6,n50_i970004_H_a4404,50,970004,H,4404,F6,1,2,1.0315413368450832,0.8556965566023035,2.009073693479658,0.08457001734641043,0.09268113397260087,35220.0,2849.0625,123.986479194392,14.075206879108876,1800.1156372064725,0.11563720647245646,0.057529449462890625,270,0.22117851363618424
n50_i970004_H_a4404_RPERM,n50_i970004_H_a4404,50,970004,H,4404,RPERM,1,3,1.156110221960613,0.9694015488756396,2.181926546782714,0.007319680433581659,0.003617013149411294,35220.0,2578.71,115.1920961809236,12.546212780436386,1800.383940181695,0.38394018169492483,0.08176040649414062,881,0.23720559589162388
n50_i970004_H_a1101_RPERM,n50_i970004_H_a1101,50,970004,H,1101,RPERM,1,0,1.0917738350727042,0.9104652598443461,2.0935897249765163,0.04920279023643726,0.058120371890077224,35280.0,2704.65,108.92290139047469,12.25117385563668,1800.154030942358,0.15403094235807657,0.121246337890625,346,0.2224086333544935
n50_i970004_H_a1101_A7B,n50_i970004_H_a1101,50,970004,H,1101,A7B,1,1,1.1013409869062925,0.9181337621260498,2.111595319262927,0.061279060385289415,0.07508321852775994,35220.0,2665.8450000000003,111.74553181045486,11.429233565462505,1800.295696307905,0.29569630790501833,0.121246337890625,930,0.2535478227060653
n50_i970004_H_a1101_F6,n50_i970004_H_a1101,50,970004,H,1101,F6,1,2,1.0575892566029748,0.8778797843004126,2.052298022392137,0.08404905714083809,0.090189762461357,35310.0,2740.2225,98.5141252047175,13.180798599700909,1800.422016958706,0.4220169587060809,0.121246337890625,800,0.16556403017150562
n50_i970004_H_a1101_RDIR,n50_i970004_H_a1101,50,970004,H,1101,RDIR,1,3,1.0675762325676637,0.8887782166614264,2.0582340810398274,0.057112046104463327,0.05221903340182626,35220.0,2775.5699999999997,100.41211322425767,7.9816580025279675,1800.0019539110363,0.0019539110362529755,0.121246337890625,633,0.32686016565740933
n50_i970004_H_a5505_A7B,n50_i970004_H_a5505,50,970004,H,5505,A7B,1,0,1.0821120785693457,0.901928311302707,2.078928821976629,0.045251093198159266,0.03950198806071189,35220.0,2741.085,101.38208835220198,11.135669256800947,1800.0714225377887,0.07142253778874874,0.121246337890625,414,0.2435520079820404
n50_i970004_H_a5505_F6,n50_i970004_H_a5505,50,970004,H,5505,F6,1,1,1.1323925012890925,0.9476738491333786,2.1493642886478193,0.022148197990616837,0.01815408872157597,35220.0,2628.2325,126.62410009624722,11.836966578123251,1800.123355875723,0.12335587572306395,0.13296890258789062,197,0.26741130091984233
n50_i970004_H_a5505_RPERM,n50_i970004_H_a5505,50,970004,H,5505,RPERM,1,2,1.0395578356502801,0.8625813685092173,2.022119911832784,0.08804090580688881,0.10023929838109884,35220.0,2820.9,95.1101929510715,8.131036964468336,1800.3853707676753,0.3853707676753402,0.13296890258789062,858,0.2957852312316415
n50_i970004_H_a5505_RDIR,n50_i970004_H_a5505,50,970004,H,5505,RDIR,1,3,1.1397317067031627,0.9543949214373606,2.159450752328947,0.013799274394627198,0.0069433291951012605,35220.0,2612.85,96.16292795842135,10.037000398882963,1800.5379378097132,0.5379378097131848,0.13296890258789062,1395,0.23721779548472777
n50_i970004_H_a2202_RDIR,n50_i970004_H_a2202,50,970004,H,2202,RDIR,1,0,1.0231602477424606,0.8480891133766173,1.9972541782573208,0.09101217095573913,0.09894305505837622,35220.0,2868.3149999999996,116.37000391507559,10.069856116965566,1800.025719281286,0.025719281286001205,0.121246337890625,483,0.3030453492221119
n50_i970004_H_a2202_F6,n50_i970004_H_a2202,50,970004,H,2202,F6,1,1,1.1056152585937196,0.9223031531102532,2.116335727409123,0.052420259844564825,0.06141324304902749,35220.0,2663.235,112.82721128393223,10.934727292728565,1800.3192464699969,0.31924646999686956,0.13296890258789062,1033,0.22325510515086863
n50_i970004_H_a2202_RPERM,n50_i970004_H_a2202,50,970004,H,2202,RPERM,1,2,1.085011191492266,0.9025785167329524,2.0918230793114363,0.07574953844186708,0.08055375817897678,35220.0,2685.12,110.67377296221358,14.59820724061959,1800.426556958817,0.42655695881694555,0.13296890258789062,1027,0.17357227104972797
n50_i970004_H_a2202_A7B,n50_i970004_H_a2202,50,970004,H,2202,A7B,1,3,1.0921573528373254,0.9106535353404643,2.0948409861567048,0.051882045806586,0.05688740330450267,35220.0,2708.235,123.27883942884351,11.934511166412864,1800.0737273981795,0.07372739817947149,0.13296890258789062,862,0.22594609691383885
n50_i970004_H_a3303_RDIR,n50_i970004_H_a3303,50,970004,H,3303,RDIR,1,0,1.0763310474610899,0.8963534250249233,2.0722315916218257,0.05913861899484448,0.060332756033365284,35220.0,2746.215,112.20246846750811,12.78049237822965,1800.1653863657266,0.16538636572659016,0.121246337890625,829,0.23901421306558873
n50_i970004_H_a3303_RPERM,n50_i970004_H_a3303,50,970004,H,3303,RPERM,1,1,1.1737957509461567,0.9844047047633095,2.211533733981029,0.012776650847704962,0.005829873144719208,35310.0,2499.2925,112.34990650446716,10.633646865477566,1800.1350093865767,0.13500938657671213,0.13296890258789062,391,0.25472782363389407
n50_i970004_H_a3303_F6,n50_i970004_H_a3303,50,970004,H,3303,F6,1,2,1.0877209224339175,0.9059506838403634,2.0915886495163796,0.06455275752089956,0.06867535809030258,35220.0,2701.605,128.84139218659456,10.662850842425335,1800.0814494779333,0.08144947793334723,0.13296890258789062,268,0.2635719495675732
n50_i970004_H_a3303_A7B,n50_i970004_H_a3303,50,970004,H,3303,A7B,1,3,1.1111955392469972,0.9277995969194341,2.1222886162583863,0.043488224542589896,0.04838941051368852,35280.0,2652.705,130.56091999161558,12.725484901247013,1800.324323810637,0.3243238106369972,0.13296890258789062,420,0.22767350501964206
n50_i970004_T_a1101_RPERM,n50_i970004_T_a1101,50,970004,T,1101,RPERM,1,0,1.0301362990030642,0.8547229884941344,2.005751012376086,0.05627374998855025,0.054336762838266425,35220.0,2745.528,105.97776296984384,10.22405342696053,1800.2644578777254,0.2644578777253628,0.057689666748046875,643,0.2777355210257525
n50_i970004_T_a1101_A7B,n50_i970004_T_a1101,50,970004,T,1101,A7B,1,1,1.125725429825583,0.941785876899912,2.1392345539396733,0.00901005694374607,0.0013048364245035714,35220.0,2540.0294999999996,92.50757013928437,10.727470932800516,1800.8904541451484,0.8904541451483965,0.08574676513671875,1823,0.20989699259796055
n50_i970004_T_a1101_RDIR,n50_i970004_T_a1101,50,970004,T,1101,RDIR,1,2,1.1049611348543504,0.922080275129004,2.1137649558558906,0.03450227077832193,0.038215276171629516,35220.0,2565.5460000000003,97.23197655189456,9.399690976046935,1800.271949697286,0.2719496972858906,0.08176040649414062,764,0.2624394279635977
n50_i970004_T_a1101_F6,n50_i970004_T_a1101,50,970004,T,1101,F6,1,3,1.0195773139454765,0.8440803585208314,1.9955637824994557,0.08511429673827303,0.09307805595519882,35220.0,2743.512,114.43659979158095,11.044116295082475,1800.0534826721996,0.053482672199606895,0.08176040649414062,360,0.24451710261569418
n50_i970004_T_a3303_RDIR,n50_i970004_T_a3303,50,970004,T,3303,RDIR,1,0,1.0693895228349535,0.8896457830995383,2.064250588325686,0.04930204771894543,0.05252666054681841,35220.0,2641.1565,95.99020714036773,8.290580952923747,1800.235723497346,0.2357234973460436,0.09302139282226562,873,0.2968174204355109
n50_i970004_T_a3303_RPERM,n50_i970004_T_a3303,50,970004,T,3303,RPERM,1,1,1.0473569664492939,0.8692960205204491,2.0347389483552725,0.06333716769007412,0.07131041911252257,35220.0,2681.715,123.62660196945878,13.655067357176193,1800.284052577801,0.28405257780104876,0.09302139282226562,416,0.21523003701745108
n50_i970004_T_a3303_A7B,n50_i970004_T_a3303,50,970004,T,3303,A7B,1,2,1.1382323289221934,0.9483323289221929,2.178232328922193,0.01774551272044933,0.02979080496635596,35220.0,2396.3715,108.25509805590796,20.28293534442762,1800.0353193469346,0.03531934693455696,0.09302139282226562,634,0.1267050123253903
n50_i970004_T_a3303_F6,n50_i970004_T_a3303,50,970004,T,3303,F6,1,3,1.0874676756287645,0.9060376568819579,2.089823314503457,0.04353066284090043,0.04502315126617156,35220.0,2600.514,92.56398655378926,7.708064293509568,1800.1925608851016,0.19256088510155678,0.09302139282226562,997,0.29842894205823006
n50_i970004_T_a5505_A7B,n50_i970004_T_a5505,50,970004,T,5505,A7B,1,0,1.0650410126858705,0.8861210882401317,2.0562406768891512,0.044921103599394704,0.04109547009767382,35220.0,2661.012,113.4777966727331,12.05414123376431,1800.21119540371,0.21119540371000767,0.09302139282226562,1377,0.23138248847926268
n50_i970004_T_a5505_F6,n50_i970004_T_a5505,50,970004,T,5505,F6,1,1,1.0342272237852472,0.8577712146766918,2.0144761531566027,0.06911859579893867,0.0690980807907247,35220.0,2720.397,125.13326473786901,14.254788295658724,1800.0968844844028,0.09688448440283537,0.09302139282226562,653,0.23070927513639908
n50_i970004_T_a5505_RDIR,n50_i970004_T_a5505,50,970004,T,5505,RDIR,1,2,1.0982767234916586,0.9148917537832053,2.109321033307004,0.04060096769135074,0.05648207134310769,35220.0,2553.396,110.51955749511595,11.589003046485349,1800.5862899767235,0.5862899767234921,0.09302139282226562,1002,0.20946949729237552
n50_i970004_T_a5505_RPERM,n50_i970004_T_a5505,50,970004,T,5505,RPERM,1,3,1.0942171722983782,0.912463589625378,2.098010873067267,0.03806388956245563,0.04103654356471712,35220.0,2592.7155,114.99168764131122,10.910967323998436,1800.5736262071878,0.5736262071877718,0.121246337890625,1233,0.2830601649190675
n50_i970004_T_a4404_RDIR,n50_i970004_T_a4404,50,970004,T,4404,RDIR,1,0,1.0782814299351002,0.8980607998154658,2.0752620082445907,0.045832052391533484,0.05426656831983095,35280.0,2623.752,118.68137728244969,18.361437486000206,1800.2403148012236,0.24031480122357607,0.09302139282226562,1016,0.14805626985327486
n50_i970004_T_a4404_A7B,n50_i970004_T_a4404,50,970004,T,4404,A7B,1,1,1.1070383489973823,0.9246399637507273,2.1136978389825156,0.02626005851770605,0.02930361720109579,35280.0,2571.264,114.27407613708534,9.620378547083716,1800.137064798735,0.13706479873508215,0.09302139282226562,2217,0.2851368518304654
n50_i970004_T_a4404_RPERM,n50_i970004_T_a4404,50,970004,T,4404,RPERM,1,2,0.9996639248125508,0.8265742501467399,1.9649513677717108,0.08228802008298257,0.08113363165454263,35220.0,2801.532,92.21456055704587,8.651069884956764,1800.008577791974,0.008577791973948479,0.09302139282226562,826,0.29996146930387874
n50_i970004_T_a4404_F6,n50_i970004_T_a4404,50,970004,T,4404,F6,1,3,1.120525739778334,0.9366844571814688,2.133598106875511,0.021264438308449273,0.024262090532080064,35220.0,2542.398,139.0353297152443,14.478102278921972,1800.30500530079,0.3050053007900715,0.121246337890625,782,0.21534624976021485
n50_i970004_T_a2202_RDIR,n50_i970004_T_a2202,50,970004,T,2202,RDIR,1,0,1.0933336087749552,0.9121754360042237,2.0944810433115375,0.028193465145069634,0.025981005909790064,35220.0,2607.066,106.14770192898814,9.906911480688173,1800.3592779412866,0.3592779412865639,0.121246337890625,938,0.2784256559766764
n50_i970004_T_a2202_F6,n50_i970004_T_a2202,50,970004,T,2202,F6,1,1,1.108013598968944,0.925584582431441,2.1148092280245128,0.019131992903703612,0.013957194893176445,35250.0,2573.4809999999998,74.05231998434492,8.391237075217214,1800.092151443474,0.09215144347399473,0.121246337890625,1788,0.22886461436610395
n50_i970004_T_a2202_A7B,n50_i970004_T_a2202,50,970004,T,2202,A7B,1,2,1.117300453836533,0.9340856368063285,2.12758852952633,0.011924652716916772,0.002349751499064014,35220.0,2557.4970000000003,95.05117509652858,12.177744405205804,1800.2512838607654,0.25128386076539755,0.121246337890625,192,0.17949185786616795
n50_i970004_T_a2202_RPERM,n50_i970004_T_a2202,50,970004,T,2202,RPERM,1,3,1.0781627435033867,0.8975648174077078,2.076820192817513,0.05070357841615831,0.05618401053515846,35220.0,2620.569,91.12762524649297,9.4616872402189,1800.1017754636705,0.10177546367049217,0.121246337890625,1577,0.26139032409581964
n50_i970005_H_a1101_A7B,n50_i970005_H_a1101,50,970005,H,1101,A7B,0,0,0.9090814706418827,0.7426324796458119,1.8448547639577493,0.16986602207096985,0.18725285504562586,31860.0,2575.23,76.0745546471665,6.831227580060364,1800.1156974909827,0.11569749098271132,0.07207489013671875,1235,0.321948442709604
n50_i970005_H_a1101_RPERM,n50_i970005_H_a1101,50,970005,H,1101,RPERM,0,1,1.0190869232116508,0.8424271772451795,2.000241349729302,0.08643249980735454,0.08198126550459896,31860.0,2472.6,96.5511925468399,8.04764564707571,1800.0295533966273,0.029553396627306938,0.06318283081054688,720,0.3134060472180036
n50_i970005_H_a1101_F6,n50_i970005_H_a1101,50,970005,H,1101,F6,0,2,0.9959956918351104,0.8221012964912863,1.9648596711409954,0.10659113384917804,0.10736072314812496,31860.0,2500.395,103.68375213467422,12.774725277877446,1800.195268373005,0.19526837300509214,0.09473037719726562,167,0.23555246336478672
n50_i970005_H_a1101_RDIR,n50_i970005_H_a1101,50,970005,H,1101,RDIR,0,3,1.1075358633740693,0.9233411712156137,2.1221789396338737,0.03698757430769942,0.029205615519035808,31860.0,2396.865,90.94464196765075,8.838631013529257,1800.3919357694685,0.3919357694685459,0.09473037719726562,814,0.26707723245145476
n50_i970005_H_a3303_F6,n50_i970005_H_a3303,50,970005,H,3303,F6,0,0,1.0836630905201714,0.9020158638300695,2.0869840980317376,0.04567960377473233,0.04598672366669378,31860.0,2422.4700000000003,113.60774076687099,14.234647316952824,1800.044597486034,0.04459748603403568,0.09473037719726562,958,0.2156656129258869
n50_i970005_H_a3303_RPERM,n50_i970005_H_a3303,50,970005,H,3303,RPERM,0,1,1.0621883342729697,0.8811820779511501,2.06266058459217,0.05979257299451324,0.06597210580955633,31860.0,2428.9125000000004,118.13149124934156,16.872752722873972,1800.0026728790253,0.0026728790253400803,0.09473037719726562,213,0.18965460472160944
n50_i970005_H_a3303_RDIR,n50_i970005_H_a3303,50,970005,H,3303,RDIR,0,2,0.9882088418425724,0.81393687838891,1.9587509016366258,0.11843470138827823,0.13588413882958658,31860.0,2496.6,102.7444712021046,10.77348820304715,1800.2525862064213,0.25258620642125607,0.09473037719726562,929,0.28306264501160094
n50_i970005_H_a3303_A7B,n50_i970005_H_a3303,50,970005,H,3303,A7B,0,3,0.9637622083671878,0.7924242326761408,1.9212643225496222,0.12909553681044297,0.1370321462472152,31860.0,2526.0899999999997,97.68978306426887,9.387193206482682,1800.7512605926022,0.7512605926021934,0.10080718994140625,2383,0.29070042593469003
n50_i970005_H_a5505_F6,n50_i970005_H_a5505,50,970005,H,5505,F6,0,0,1.0437154838990494,0.8659976518065896,2.0295725154210946,0.07159447733210622,0.0638213252908104,31860.0,2461.965,134.89915513005107,11.683579563555655,1800.2188358101994,0.21883581019937992,0.10177230834960938,364,0.2508439119478914
n50_i970005_H_a5505_A7B,n50_i970005_H_a5505,50,970005,H,5505,A7B,0,1,1.0764262129603528,0.8917584413915467,2.09317186437727,0.07386845599416814,0.07073625633114809,31860.0,2392.11,102.81227920128957,11.15650964020908,1800.5631373813376,0.5631373813375831,0.10177230834960938,1405,0.23581242532855437
n50_i970005_H_a5505_RPERM,n50_i970005_H_a5505,50,970005,H,5505,RPERM,0,2,1.0124474770756302,0.836120528296881,1.9921228049811803,0.10128690353724545,0.10602665188645734,31860.0,2475.9449999999997,110.53936281821734,12.362768648666341,1800.0013291845098,0.0013291845098137856,0.10177230834960938,904,0.2346649889902485
n50_i970005_H_a5505_RDIR,n50_i970005_H_a5505,50,970005,H,5505,RDIR,0,3,0.948690885800985,0.7796481660503753,1.8959918624703591,0.13466752489223527,0.14668754414504814,31860.0,2549.1600000000003,106.41455193678759,8.873941901803748,1800.6653837515041,0.6653837515041232,0.10177230834960938,1722,0.34770636460354215
n50_i970005_H_a2202_A7B,n50_i970005_H_a2202,50,970005,H,2202,A7B,0,0,1.1444177759215348,0.9545177759215344,2.1844177759215353,0.02618376664957271,0.04325521193826803,31860.0,2339.52,118.40508347076872,8.981114026153525,1800.5561395734549,0.5561395734548569,0.10177230834960938,1256,0.29039638859687095
n50_i970005_H_a2202_RDIR,n50_i970005_H_a2202,50,970005,H,2202,RDIR,0,1,0.9419018081441621,0.7723322838766642,1.8915441382219302,0.1440479961939115,0.1537912220168409,31860.0,2543.8650000000002,69.43437895568425,6.671606993581625,1800.0160998022184,0.01609980221837759,0.12607574462890625,3363,0.2690482138396203
n50_i970005_H_a2202_F6,n50_i970005_H_a2202,50,970005,H,2202,F6,0,2,0.946281443281875,0.7768522012370044,1.8953002968146324,0.13422986912430288,0.14354382503754765,31860.0,2545.2749999999996,87.75013219421278,7.198871424193686,1800.282188183628,0.28218818362802267,0.10235214233398438,519,0.3429012345679012
n50_i970005_H_a2202_RPERM,n50_i970005_H_a2202,50,970005,H,2202,RPERM,0,3,1.0906578216459115,0.9096523115061271,2.0911267556005098,0.032663463977681086,0.021303718823327784,31860.0,2428.92,82.05172345427,8.238778473910791,1800.2668777862564,0.26687778625637293,0.10235214233398438,1210,0.2851267529665588
n50_i970005_H_a4404_F6,n50_i970005_H_a4404,50,970005,H,4404,F6,0,0,1.115264469713301,0.9315547958777589,2.1277519089823738,0.022642884476244445,0.0054241739175032505,31860.0,2401.74,103.79190736820823,17.231614394354718,1800.0054603219032,0.00546032190322876,0.10235214233398438,649,0.1549795273559661
n50_i970005_H_a4404_RDIR,n50_i970005_H_a4404,50,970005,H,4404,RDIR,0,1,1.0440734180940852,0.8664645285787719,2.0294462603843666,0.06920705036565557,0.06097750898845217,31860.0,2463.06,95.87497058077594,10.120459801174576,1800.313459857367,0.3134598573669791,0.10235214233398438,1046,0.25197585071350165
n50_i970005_H_a4404_RPERM,n50_i970005_H_a4404,50,970005,H,4404,RPERM,0,2,1.1342375625963816,0.9461081919387472,2.166368098852538,0.023167042322681564,0.03246417838309527,31890.0,2354.49,98.39529560181387,10.465870820822433,1800.1368756163865,0.13687561638653278,0.10235214233398438,374,0.2461783439490446
n50_i970005_H_a4404_A7B,n50_i970005_H_a4404,50,970005,H,4404,A7B,0,3,1.0251552421360708,0.8495058266453311,2.0018193109837994,0.07821981264591027,0.07847095403056341,31860.0,2482.755,120.5520410568085,16.2174769083657,1800.2183795273304,0.21837952733039856,0.10235214233398438,406,0.1995204658331906
n50_i970005_T_a4404_F6,n50_i970005_T_a4404,50,970005,T,4404,F6,0,0,0.9524236754153258,0.7829072526163066,1.901829998966522,0.15403521310635196,0.14389869793346383,31860.0,2458.008,121.80047520231697,10.583810680121251,1800.2967528309673,0.2967528309673071,0.04346466064453125,372,0.3264406423848011
n50_i970005_T_a4404_RDIR,n50_i970005_T_a4404,50,970005,T,4404,RDIR,0,1,0.888735363524511,0.7230530668344173,1.821101126591592,0.21572772306288332,0.2063807481171828,31860.0,2504.598,91.59238873362509,10.177055522804983,1800.2260043630376,0.22600436303764582,0.051868438720703125,659,0.23797827629496207
n50_i970005_T_a4404_A7B,n50_i970005_T_a4404,50,970005,T,4404,A7B,0,2,0.9558637322957704,0.7862848475582092,1.9055476644627085,0.1526495155323756,0.14532697505697456,31860.0,2457.249,128.3463005221832,12.663319453479321,1800.2388776298612,0.23887762986123562,0.09473037719726562,93,0.28376540772908715
n50_i970005_T_a4404_RPERM,n50_i970005_T_a4404,50,970005,T,4404,RPERM,0,3,1.0399905946083385,0.8613767015589783,2.0298301192721633,0.10674586680273399,0.09590574027766241,31860.0,2347.4610000000002,105.95601936952168,9.419893061820597,1800.0204342789948,0.02043427899479866,0.09473037719726562,455,0.26928520877565465
n50_i970005_T_a3303_F6,n50_i970005_T_a3303,50,970005,T,3303,F6,0,0,0.8924433196492556,0.7241773700467407,1.836291984549322,0.2547384167330798,0.26400120188456044,31860.0,2473.203,108.88306011723243,10.727321200787088,1800.169831642881,0.1698316428810358,0.044849395751953125,256,0.2775620112889027
n50_i970005_T_a3303_RPERM,n50_i970005_T_a3303,50,970005,T,3303,RPERM,0,1,1.1842520725816565,0.9943520725816567,2.224252072581656,0.0005007232669411372,0.0,31860.0,2210.319,110.52054657790036,10.030201807865485,1800.0634828545153,0.0634828545153141,0.0437469482421875,468,0.2830240930490169
n50_i970005_T_a3303_A7B,n50_i970005_T_a3303,50,970005,T,3303,A7B,0,2,0.9160148397783745,0.7482287114310233,1.8577309657666008,0.19477249731063917,0.1896228275494833,31860.0,2479.0335,110.85766365206909,11.201177145193581,1800.525046481751,0.5250464817509055,0.09473037719726562,807,0.24707457358191193
n50_i970005_T_a3303_RDIR,n50_i970005_T_a3303,50,970005,T,3303,RDIR,0,3,0.9974213216064344,0.8238283314982984,1.9649457220870374,0.13019678806923168,0.1246309801950909,31860.0,2408.4719999999998,100.59508591007548,9.745813819911778,1800.1575162615627,0.15751626156270504,0.09473037719726562,721,0.2955996352029184
n50_i970005_T_a1101_A7B,n50_i970005_T_a1101,50,970005,T,1101,A7B,0,0,0.9091500011327053,0.7414629971660842,1.8504255743176878,0.21553445350333678,0.21320129481645525,31860.0,2480.2380000000003,125.21354810537406,12.892929791385948,1800.444148506038,0.4441485060378909,0.10177230834960938,650,0.21823977943393788
n50_i970005_T_a1101_RPERM,n50_i970005_T_a1101,50,970005,T,1101,RPERM,0,1,1.0417388196013622,0.863353295299635,2.0305633720534804,0.11316970247753577,0.10874763055222728,31860.0,2350.236,95.48730604379622,12.282094993573766,1801.0770973172039,1.0770973172038794,0.11456298828125,2953,0.19000045205912933
n50_i970005_T_a1101_RDIR,n50_i970005_T_a1101,50,970005,T,1101,RDIR,0,2,1.0466551708233809,0.8683906202366166,2.034942062320108,0.08657283624891915,0.07196168947582886,31860.0,2351.706,86.32135800480486,8.558276172233967,1800.7130980417132,0.7130980417132378,0.10177230834960938,785,0.25858153267146844
n50_i970005_T_a1101_F6,n50_i970005_T_a1101,50,970005,T,1101,F6,0,3,1.0004675261524338,0.8266992476001678,1.968770986384725,0.13411797965520378,0.13079243077761427,31860.0,2406.3419999999996,104.89176214215631,13.086127317777027,1800.303437977098,0.3034379770979285,0.10177230834960938,1451,0.21826053737425188
n50_i970005_T_a2202_A7B,n50_i970005_T_a2202,50,970005,T,2202,A7B,0,0,0.9612828694872263,0.7885362016135657,1.9250458378146074,0.19386035667873805,0.20181818468920673,31860.0,2418.756,113.713182747749,14.478626494521924,1800.2398231532425,0.23982315324246883,0.10177230834960938,535,0.21392672165739499
n50_i970005_T_a2202_RDIR,n50_i970005_T_a2202,50,970005,T,2202,RDIR,0,1,0.899714773251953,0.7332481224956615,1.8355665543910265,0.2067059026263121,0.19984180604537652,31860.0,2495.067,94.88089720706162,11.259409410197316,1800.1832300052047,0.18323000520467758,0.10177230834960938,454,0.23104247866199615
n50_i970005_T_a2202_RPERM,n50_i970005_T_a2202,50,970005,T,2202,RPERM,0,2,0.9161907976080308,0.7490597789599739,1.8549953249327282,0.20461207194638353,0.2008418421450913,31860.0,2486.994,86.5917398916558,9.980524317730566,1800.5066094649956,0.506609464995563,0.10177230834960938,807,0.22582081246521982
n50_i970005_T_a2202_F6,n50_i970005_T_a2202,50,970005,T,2202,F6,0,3,1.0773490953674612,0.8951188288961082,2.0832613907956974,0.09653363131078899,0.0997577596291823,31860.0,2303.517,110.37602481991001,11.7813453903376,1800.2188457520679,0.21884575206786394,0.10235214233398438,326,0.22061389032957707
n50_i970005_T_a5505_F6,n50_i970005_T_a5505,50,970005,T,5505,F6,0,0,0.9551798834476425,0.7843154678247509,1.910577286216047,0.15669204771282835,0.14498267401724899,31860.0,2441.628,91.21476880949396,8.824422078300975,1800.004562231712,0.004562231712043285,0.10235214233398438,770,0.2907328128934777
n50_i970005_T_a5505_A7B,n50_i970005_T_a5505,50,970005,T,5505,A7B,0,1,0.9798124327940213,0.8059870003335641,1.9483699103960537,0.14535847333766416,0.1448591282856945,31860.0,2405.6475,108.98633584878482,12.058117057190334,1800.1981484377757,0.19814843777567148,0.10235214233398438,178,0.19892200672594093
n50_i970005_T_a5505_RDIR,n50_i970005_T_a5505,50,970005,T,5505,RDIR,0,2,1.0586098936388397,0.8802094327865919,2.047500830759939,0.07914071072797321,0.06337163751802243,31860.0,2350.0545,97.38814481086656,11.27697807134275,1800.393675642088,0.3936756420880556,0.10235214233398438,1485,0.22080480717135398
n50_i970005_T_a5505_RPERM,n50_i970005_T_a5505,50,970005,T,5505,RPERM,0,3,1.0390417334050603,0.8595173279867542,2.0329279797086417,0.11661579999273623,0.11191583315199831,31860.0,2336.397,122.34005640639387,13.295694603890784,1800.0563876517117,0.05638765171170235,0.10235214233398438,678,0.23996155935319433
n50_i970006_H_a1101_A7B,n50_i970006_H_a1101,50,970006,H,1101,A7B,1,0,0.9425730450878067,0.7729944153977576,1.892255843710247,0.12205559103972356,0.11494784928326496,36120.0,3002.7975,90.62511028475119,7.842765939058076,1800.1302231512964,0.13022315129637718,0.06963348388671875,1023,0.3156962742598102
n50_i970006_H_a1101_RPERM,n50_i970006_H_a1101,50,970006,H,1101,RPERM,1,1,1.0531638906126974,0.8744067943647365,2.0436398739369688,0.0498668337330411,0.03841756413434597,36120.0,2791.8075,120.21563975102939,13.753025179541313,1800.0403312593699,0.04033125936985016,0.046710968017578125,353,0.21162546453385037
n50_i970006_H_a1101_F6,n50_i970006_H_a1101,50,970006,H,1101,F6,1,2,1.009832322789407,0.8344693537845134,1.9852232961444913,0.08712728494951416,0.09069831431113086,36120.0,2869.83,111.27026092757635,13.406269699444994,1800.2024829471484,0.20248294714838266,0.057529449462890625,497,0.22283914808983177
n50_i970006_H_a1101_RDIR,n50_i970006_H_a1101,50,970006,H,1101,RDIR,1,3,1.0768433118094705,0.8957635401944618,2.0776422967650623,0.046696887585904255,0.04538268518562634,36120.0,2738.415,116.27662228354554,11.04684854211941,1800.0608883323148,0.060888332314789295,0.08176040649414062,644,0.2850389741010812
n50_i970006_H_a3303_F6,n50_i970006_H_a3303,50,970006,H,3303,F6,1,0,1.0547694469320958,0.8751539493790779,2.0490605471677306,0.05890313746951049,0.044288108690676516,36120.0,2772.075,131.94359179087778,16.42961711644191,1800.0419480502605,0.04194805026054382,0.08176040649414062,262,0.2010211672414959
n50_i970006_H_a3303_RPERM,n50_i970006_H_a3303,50,970006,H,3303,RPERM,1,1,1.0434378204786774,0.8657048677869975,2.029362054663924,0.059226703267153284,0.04704019065818606,36120.0,2815.3500000000004,87.50300226325692,7.615476487491693,1800.5439347783104,0.5439347783103585,0.1119842529296875,2408,0.2966015169194866
n50_i970006_H_a3303_RDIR,n50_i970006_H_a3303,50,970006,H,3303,RDIR,1,2,1.082701984299513,0.9018780038753683,2.082364119517928,0.02716428740452118,0.013514076489316962,36120.0,2744.295,96.00855013709605,9.809126030810521,1800.0584297254682,0.05842972546815872,0.09302139282226562,832,0.27949255252874217
n50_i970006_H_a3303_A7B,n50_i970006_H_a3303,50,970006,H,3303,A7B,1,3,1.0522807127937128,0.8732505333483627,2.043970399217494,0.05919931018844217,0.05526708294271161,36120.0,2785.5299999999997,106.96173406938998,10.592630155536616,1800.2138958880678,0.21389588806778193,0.09302139282226562,694,0.2649326131417484
n50_i970006_H_a5505_F6,n50_i970006_H_a5505,50,970006,H,5505,F6,1,0,1.0393727740679768,0.862326281408923,2.022246074774883,0.053493941008281524,0.042999382091698866,36120.0,2831.13,112.39926677226859,14.801933556445485,1800.3053383789957,0.30533837899565697,0.09302139282226562,264,0.20545631942359652
n50_i970006_H_a5505_A7B,n50_i970006_H_a5505,50,970006,H,5505,A7B,1,1,1.1332219369164604,0.9475783806358725,2.154304409274624,0.008330779522029923,0.006536759317380518,36120.0,2633.505,112.00452974550355,11.079751614653418,1800.311116507277,0.31111650727689266,0.09302139282226562,776,0.2662054444277335
n50_i970006_H_a5505_RPERM,n50_i970006_H_a5505,50,970006,H,5505,RPERM,1,2,1.0780758360057525,0.896752671242294,2.0799565682877894,0.05097780723763298,0.05278469162045644,36120.0,2732.8199999999997,111.88022582313175,12.534762435393546,1800.273448843509,0.2734488435089588,0.09302139282226562,814,0.23433484002481608
n50_i970006_H_a5505_RDIR,n50_i970006_H_a5505,50,970006,H,5505,RDIR,1,3,1.0542937369398295,0.87311347592841,2.0555393414350256,0.0744497082622491,0.08199475307267819,36120.0,2736.105,121.43487980682761,11.706407296358057,1800.125304589048,0.125304589048028,0.121246337890625,310,0.278318227115266
n50_i970006_H_a2202_A7B,n50_i970006_H_a2202,50,970006,H,2202,A7B,1,0,1.038463214343076,0.8613531261625382,2.0216191618121337,0.05576692098295453,0.04482432800571501,36210.0,2815.53,115.74193524140108,11.520750751342387,1800.0563025446609,0.05630254466086626,0.121246337890625,239,0.2663709132992574
n50_i970006_H_a2202_RDIR,n50_i970006_H_a2202,50,970006,H,2202,RDIR,1,1,1.0458844903906461,0.8674180956108744,2.035068467189631,0.06323700998894478,0.05558725078206579,36120.0,2798.4900000000002,86.38506257732308,8.088426586962381,1800.1028807591647,0.10288075916469097,0.121246337890625,385,0.2831730769230769
n50_i970006_H_a2202_F6,n50_i970006_H_a2202,50,970006,H,2202,F6,1,2,1.1222295096993642,0.9329445438679289,2.1594960245057426,0.033456041320162534,0.02679922979448492,36210.0,2535.66,88.83320714248738,10.213918919139587,1800.092613379471,0.09261337947100401,0.121246337890625,621,0.19569237463287284
n50_i970006_H_a2202_RPERM,n50_i970006_H_a2202,50,970006,H,2202,RPERM,1,3,1.0668607257831775,0.8858885299651561,2.067181596085489,0.06033629943001142,0.056559889949415444,36180.0,2731.4625,113.96070321731084,13.420342320212859,1800.25214137882,0.2521413788199425,0.121246337890625,227,0.20558774834437085
n50_i970006_H_a4404_F6,n50_i970006_H_a4404,50,970006,H,4404,F6,1,0,1.0760988314024627,0.895785128302951,2.0734930674002876,0.031146061065090876,0.01675443956185834,36120.0,2756.025,99.60646524896244,10.421413091230626,1800.0437978785485,0.04379787854850292,0.13296890258789062,2173,0.24532224532224534
n50_i970006_H_a4404_RDIR,n50_i970006_H_a4404,50,970006,H,4404,RDIR,1,1,1.1631001852629457,0.9733998589986718,2.2022127464374983,0.005995663779437555,0.008650358414768923,36120.0,2540.2500000000005,115.62379686145468,11.89439641076036,1800.511708238162,0.5117082381621003,0.13296890258789062,1639,0.24178184534927158
n50_i970006_H_a4404_RPERM,n50_i970006_H_a4404,50,970006,H,4404,RPERM,1,2,1.0976488228763206,0.9144806336430404,2.1077296639131142,0.03688088081587645,0.04326263135792459,36120.0,2690.4075000000003,98.86603404068076,10.323532776545784,1800.0620913626626,0.06209136266261339,0.13296890258789062,681,0.2386051767744713
n50_i970006_H_a4404_A7B,n50_i970006_H_a4404,50,970006,H,4404,A7B,1,3,1.058659547647921,0.879543234434217,2.0507320508199345,0.04864101870014165,0.03866471051956104,36120.0,2783.55,72.96958689857273,7.907440412252769,1800.7091116281226,0.7091116281226277,0.13296890258789062,2498,0.22965095863473559
n50_i970006_T_a4404_F6,n50_i970006_T_a4404,50,970006,T,4404,F6,1,0,1.1199546334388948,0.9344305177169513,2.1405062588697525,0.04660302812283623,0.06489132186064568,36120.0,2607.8430000000003,117.15506005343184,15.030846340431957,1800.2978266905993,0.2978266905993223,0.0557403564453125,955,0.20388026607538803
n50_i970006_T_a4404_RDIR,n50_i970006_T_a4404,50,970006,T,4404,RDIR,1,1,1.1546525029908015,0.9665730335134612,2.186561256223426,0.022259634244308775,0.0319066375494514,36120.0,2540.355,93.06570781552051,8.894642876193396,1800.0722707882524,0.07227078825235367,0.06916427612304688,1322,0.24633064767972018
n50_i970006_T_a4404_A7B,n50_i970006_T_a4404,50,970006,T,4404,A7B,1,2,1.0495833166237154,0.8713788081781899,2.0376033541593865,0.07336929271108084,0.0718461547531984,36120.0,2801.157,115.5047508858812,9.889345080753234,1800.2203234517947,0.22032345179468393,0.08176040649414062,533,0.311689041172836
n50_i970006_T_a4404_RPERM,n50_i970006_T_a4404,50,970006,T,4404,RPERM,1,3,1.1362693965750936,0.9507513012011694,2.1567942649036445,0.015550184067796905,0.019609854042112608,36120.0,2608.002,109.6398329426893,11.027149544620249,1800.0118634179235,0.01186341792345047,0.08176040649414062,577,0.2574436999345055
n50_i970006_T_a3303_F6,n50_i970006_T_a3303,50,970006,T,3303,F6,1,0,1.0807792934119165,0.8994170556346739,2.0828336835329924,0.06499590882089087,0.06766295984591568,36120.0,2717.7599999999998,92.24363513579982,8.28114513769651,1800.1133601851761,0.11336018517613411,0.07060623168945312,1376,0.28684510632588717
n50_i970006_T_a3303_RPERM,n50_i970006_T_a3303,50,970006,T,3303,RPERM,1,1,1.1283483728035193,0.9403955434659124,2.1596942809706627,0.06131653901563695,0.06474471446748421,36150.0,2537.31,115.61604616065908,11.101020321968713,1800.1048030201346,0.10480302013456821,0.057529449462890625,679,0.2302957513886804
n50_i970006_T_a3303_A7B,n50_i970006_T_a3303,50,970006,T,3303,A7B,1,2,1.0845213405329974,0.9029480498006727,2.0875137437877713,0.05743824249727197,0.0574754298960075,36120.0,2712.1859999999997,103.3177436683685,10.998034011747103,1800.0489886514843,0.04898865148425102,0.057529449462890625,318,0.2577158155276052
n50_i970006_T_a3303_RDIR,n50_i970006_T_a3303,50,970006,T,3303,RDIR,1,3,1.1015164229451029,0.9187333830353699,2.1098854892105807,0.039542610893679615,0.0277135036336361,36120.0,2680.2360000000003,115.36733411794253,15.801750687681134,1800.180281427689,0.18028142768889666,0.08176040649414062,244,0.18825142375026366
n50_i970006_T_a1101_A7B,n50_i970006_T_a1101,50,970006,T,1101,A7B,1,0,1.0724218860149881,0.8922082852031876,2.0693712229563226,0.057012108932111887,0.0463814888197184,36120.0,2748.096,119.65750115384013,14.150194354815993,1800.0459471661597,0.04594716615974903,0.09302139282226562,524,0.21337992226453614
n50_i970006_T_a1101_RPERM,n50_i970006_T_a1101,50,970006,T,1101,RPERM,1,1,1.0422239402536542,0.8650700393331846,2.0255746110112955,0.07438078220238482,0.07698359375768679,36120.0,2828.904,105.31031170718559,10.611788738106853,1800.4504680149257,0.4504680149257183,0.09302139282226562,415,0.2888621375484141
n50_i970006_T_a1101_RDIR,n50_i970006_T_a1101,50,970006,T,1101,RDIR,1,2,1.0950740934643939,0.9128771855504753,2.1008381286373616,0.05020083998977138,0.05541617752756071,36120.0,2695.7160000000003,88.97162255917436,11.051809643676654,1800.2481621988118,0.24816219881176949,0.09302139282226562,1028,0.2155709690390028
n50_i970006_T_a1101_F6,n50_i970006_T_a1101,50,970006,T,1101,F6,1,3,1.0279288178836785,0.8509155432056155,2.010654483119513,0.09867275338362577,0.09780434176409526,36120.0,2832.618,106.18744629396589,10.265434580518942,1800.1186267426237,0.1186267426237464,0.121246337890625,836,0.3025596623193896
n50_i970006_T_a2202_A7B,n50_i970006_T_a2202,50,970006,T,2202,A7B,1,0,1.1391406225645944,0.9528385188505316,2.1631499724048733,0.02521353981407137,0.03189286209554448,36120.0,2587.296,112.42114512868247,9.32130097997768,1800.0706163272262,0.07061632722616196,0.121246337890625,497,0.3131295071219977
n50_i970006_T_a2202_RDIR,n50_i970006_T_a2202,50,970006,T,2202,RDIR,1,1,1.1266985014570592,0.941786302995087,2.1445304946213755,0.028205176313107115,0.02707584195105859,36120.0,2624.004,80.15894066201709,8.054662196204125,1800.4479451458901,0.4479451458901167,0.121246337890625,548,0.2651358433319542
n50_i970006_T_a2202_RPERM,n50_i970006_T_a2202,50,970006,T,2202,RPERM,1,2,1.111397096732259,0.9275783297803089,2.124369394296477,0.041652140536994606,0.04660041828287501,36120.0,2652.882,87.79094303052219,8.61831683309175,1800.0034461989999,0.0034461989998817444,0.121246337890625,427,0.26332753174756657
n50_i970006_T_a2202_F6,n50_i970006_T_a2202,50,970006,T,2202,F6,1,3,1.1055055505176767,0.9230154630143794,2.112572606087886,0.02857588341558971,0.025578442552320287,36120.0,2687.973,79.54692617641209,10.066140501151834,1802.080946309492,2.080946309491992,0.14140701293945312,3468,0.21041896361631754
n50_i970006_T_a5505_F6,n50_i970006_T_a5505,50,970006,T,5505,F6,1,0,1.1798909348156081,0.9899909348156087,2.219890934815608,0.003036059839720273,0.0005626956119451611,36120.0,2492.274,96.33084311182448,9.646081276799832,1800.4202433759347,0.42024337593466043,0.13296890258789062,909,0.2781136638452237
n50_i970006_T_a5505_A7B,n50_i970006_T_a5505,50,970006,T,5505,A7B,1,1,1.1462272698137697,0.960106344497638,2.1694313823299103,0.011036333128110455,0.017430003216169315,36120.0,2592.081,109.09469367081743,12.061515464937084,1800.1883812295273,0.18838122952729464,0.13296890258789062,379,0.2350665499930917
n50_i970006_T_a5505_RDIR,n50_i970006_T_a5505,50,970006,T,5505,RDIR,1,2,1.0758844468832915,0.8949722441667283,2.075938681179124,0.06102606424745848,0.06447651753379846,36150.0,2723.2560000000003,103.96079636400374,10.72809337909627,1800.226686843671,0.22668684367090464,0.13296890258789062,312,0.23662817791125149
n50_i970006_T_a5505_RPERM,n50_i970006_T_a5505,50,970006,T,5505,RPERM,1,3,1.07143973608019,0.8892320226248153,2.0772517958818524,0.0822702669838105,0.0958380899544374,36150.0,2689.0409999999997,111.75685501778453,14.237557475611665,1800.2385622607544,0.23856226075440645,0.13296890258789062,612,0.19570051890289103
n50_i970007_H_a4404_RDIR,n50_i970007_H_a4404,50,970007,H,4404,RDIR,0,0,1.1564200314661097,0.9689497821393718,2.1856211395849394,0.007308573298794677,0.004982945929588064,34140.0,2671.11,75.66960968118659,7.221511905266235,1801.4233266739175,1.4233266739174724,0.12862014770507812,3235,0.28703205473133986
n50_i970007_H_a4404_F6,n50_i970007_H_a4404,50,970007,H,4404,F6,0,1,1.1203665815223218,0.9357551636368309,2.136861772124507,0.03553350295557725,0.04058043269628917,34260.0,2722.175,137.5127869509554,11.801934789981374,1800.2980340169743,0.29803401697427034,0.09473037719726562,627,0.266202287381748
n50_i970007_H_a4404_RPERM,n50_i970007_H_a4404,50,970007,H,4404,RPERM,0,2,1.1236570042610392,0.9373891481339071,2.147514142603846,0.047151884763508733,0.052870182468135164,34140.0,2699.6475,103.58459072325508,9.76910230078232,1800.2677685739473,0.26776857394725084,0.09473037719726562,1299,0.24211064991186673
n50_i970007_H_a4404_A7B,n50_i970007_H_a4404,50,970007,H,4404,A7B,0,3,1.117242265594356,0.9323196896263731,2.1351203810076114,0.02951778445364659,0.024171186095818798,34260.0,2714.79,136.3123582788744,12.719516774601011,1800.2256222283468,0.22562222834676504,0.09473037719726562,228,0.22346929862870119
n50_i970007_H_a2202_RPERM,n50_i970007_H_a2202,50,970007,H,2202,RPERM,0,0,1.1421574104541474,0.9548388427925374,2.1706843778390774,0.03688433292824319,0.0416076345333692,34140.0,2674.71,140.9969265876447,14.004544186974965,1800.3442070931196,0.3442070931196213,0.09473037719726562,539,0.22829492722008488
n50_i970007_H_a2202_RDIR,n50_i970007_H_a2202,50,970007,H,2202,RDIR,0,1,1.1346473455436124,0.9480088173473253,2.160151915304889,0.04087037194524673,0.04840731398962554,34140.0,2690.85,115.74329590007046,14.144995425278605,1800.0005821492523,0.0005821492522954941,0.09473037719726562,767,0.19897097521699855
n50_i970007_H_a2202_F6,n50_i970007_H_a2202,50,970007,H,2202,F6,0,2,1.1083467992130949,0.9238720001607083,2.124234795001482,0.053952977075081315,0.06866589287055848,34260.0,2725.4175,111.07679216902258,8.599196104830856,1800.051982917823,0.051982917822897434,0.09473037719726562,392,0.3126816977840946
n50_i970007_H_a2202_A7B,n50_i970007_H_a2202,50,970007,H,2202,A7B,0,3,1.0968253876924883,0.9138656539244102,2.105979759995055,0.057704597036740836,0.06307003402571848,34230.0,2765.5725,126.30227583696248,10.649241953463061,1800.3159364564344,0.3159364564344287,0.09473037719726562,1004,0.2799394950970165
n50_i970007_H_a3303_RPERM,n50_i970007_H_a3303,50,970007,H,3303,RPERM,0,0,1.0726431032332562,0.8926349598238599,2.0686792961639076,0.04515119925360609,0.041050073784333965,34140.0,2848.215,124.97267654074335,12.639246710913106,1800.2655158517882,0.2655158517882228,0.09473037719726562,287,0.2565702733585304
n50_i970007_H_a3303_A7B,n50_i970007_H_a3303,50,970007,H,3303,A7B,0,1,1.0892367213165959,0.9077520650461101,2.091835193629868,0.03990568004424473,0.04600102897322908,34170.0,2808.975,98.03574975169246,10.3083847647027,1800.2820445299149,0.28204452991485596,0.09473037719726562,1734,0.23871106800301756
n50_i970007_H_a3303_F6,n50_i970007_H_a3303,50,970007,H,3303,F6,0,2,1.0964882014369046,0.9129545786733196,2.1081931914972802,0.0568930552708683,0.06074931986836075,34170.0,2760.3450000000003,110.25977185667672,10.510584723331908,1800.3755735866725,0.3755735866725445,0.09473037719726562,411,0.23939121703746763
n50_i970007_H_a3303_RDIR,n50_i970007_H_a3303,50,970007,H,3303,RDIR,0,3,1.1304068183546325,0.9456722110591653,2.1474495174455965,0.010932685208868306,0.004564700706612909,34140.0,2736.0375,85.52006046444093,7.240231436525588,1800.0805795034394,0.08057950343936682,0.10177230834960938,1747,0.30207933706744416
n50_i970007_H_a5505_RDIR,n50_i970007_H_a5505,50,970007,H,5505,RDIR,0,0,1.0453704831637858,0.8678707752914369,2.0302580737075573,0.054787778251046484,0.043286605180429205,34140.0,2907.75,111.30647748170232,11.273180296286872,1800.2905539162457,0.29055391624569893,0.10177230834960938,1006,0.2775067750677507
n50_i970007_H_a5505_RPERM,n50_i970007_H_a5505,50,970007,H,5505,RPERM,0,1,1.1088538062341915,0.9258542560290183,2.1181851404794076,0.01972924079552782,0.004635655075823301,34230.0,2764.6275,89.86369776609766,9.016091935618675,1800.003828253597,0.003828253597021103,0.10177230834960938,1693,0.24782796228972825
n50_i970007_H_a5505_F6,n50_i970007_H_a5505,50,970007,H,5505,F6,0,2,1.1399535432132126,0.9535245253168827,2.16452695608579,0.02360903880419991,0.017702410995430174,34140.0,2695.8224999999998,110.79766056303804,12.250812689000812,1800.696864772588,0.6968647725880146,0.10177230834960938,1705,0.22624660018132367
n50_i970007_H_a5505_A7B,n50_i970007_H_a5505,50,970007,H,5505,A7B,0,3,1.0608101074175196,0.8811232482738129,2.0554183702784345,0.06513324714543173,0.06826927344713506,34290.0,2834.8575,90.48545246256862,9.348786067751943,1800.554625810124,0.55462581012398,0.10177230834960938,2322,0.2408364522069744
n50_i970007_H_a1101_RPERM,n50_i970007_H_a1101,50,970007,H,1101,RPERM,0,0,1.1580955665679034,0.968372383856705,2.1973097119510077,0.03142367394520299,0.039847454718055446,34170.0,2613.4425,95.86831226677351,10.411862502977145,1801.0226311227307,1.0226311227306724,0.10235214233398438,1936,0.21800341296928327
n50_i970007_H_a1101_F6,n50_i970007_H_a1101,50,970007,H,1101,F6,0,1,1.040166340956375,0.8630387405166802,2.023400120688354,0.06352606942042639,0.056123930176608355,34170.0,2912.3849999999998,102.19190634588735,11.610431519774911,1800.191488524899,0.19148852489888668,0.10235214233398438,1819,0.22003731878857472
n50_i970007_H_a1101_RDIR,n50_i970007_H_a1101,50,970007,H,1101,RDIR,0,2,1.129615014098094,0.9441905712297649,2.149723649068441,0.02885315993969438,0.03818564290140646,34140.0,2719.665,107.941442708391,9.89898218808405,1800.7911986606196,0.7911986606195569,0.10235214233398438,1542,0.28037697744867046
n50_i970007_H_a1101_A7B,n50_i970007_H_a1101,50,970007,H,1101,A7B,0,3,1.05329729429083,0.8751779036157409,2.0409390306245587,0.05438243742384624,0.048546048775965064,34140.0,2893.0425,101.38206629659743,10.399927015175182,1800.0126320775598,0.012632077559828758,0.10235214233398438,1489,0.253258547008547
n50_i970007_T_a5505_RDIR,n50_i970007_T_a5505,50,970007,T,5505,RDIR,0,0,1.0717201849877445,0.8921665516210878,2.065736333283998,0.0641887645382382,0.067723337847047,34140.0,2757.7439999999997,110.22588831030174,12.294778481957318,1800.4391077468172,0.4391077468171716,0.09473037719726562,736,0.23671846765449947
n50_i970007_T_a5505_RPERM,n50_i970007_T_a5505,50,970007,T,5505,RPERM,0,1,1.082417718010597,0.9001336161709376,2.0885692817424197,0.0723632105124327,0.07237854046347779,34140.0,2692.28475,108.39534746431684,11.665371258293133,1800.1141613963991,0.11416139639914036,0.09473037719726562,912,0.22434401638173246
n50_i970007_T_a5505_A7B,n50_i970007_T_a5505,50,970007,T,5505,A7B,0,2,1.1003400617721386,0.9177304704499922,2.107938245426116,0.04478667823972542,0.04448837354129973,34290.0,2663.0339999999997,82.24309040462083,6.88288980485079,1800.4065663330257,0.4065663330256939,0.09999847412109375,2399,0.3025338928340865
n50_i970007_T_a5505_F6,n50_i970007_T_a5505,50,970007,T,5505,F6,0,3,1.0683392147072377,0.8883313322975348,2.064374247639251,0.0740519895653246,0.08078729347582286,34140.0,2746.8540000000003,111.1961037175353,13.34697625370226,1800.3328651562333,0.3328651562333107,0.09473037719726562,401,0.21628032793707602
n50_i970007_T_a1101_RPERM,n50_i970007_T_a1101,50,970007,T,1101,RPERM,0,0,1.1220669425409464,0.9369256705323938,2.140917040356743,0.049611222741290525,0.0540643639715609,34140.0,2623.788,121.05537115255129,11.06229534405581,1800.3496906002983,0.3496906002983451,0.10177230834960938,1048,0.2574312110865636
n50_i970007_T_a1101_F6,n50_i970007_T_a1101,50,970007,T,1101,F6,0,1,1.0965167310617887,0.9124515787903357,2.110584074490474,0.06467727608623637,0.07048376052527829,34140.0,2649.5865,96.73269867006938,9.048050052764177,1800.1668762899935,0.16687628999352455,0.10177230834960938,393,0.2588408644400786
n50_i970007_T_a1101_A7B,n50_i970007_T_a1101,50,970007,T,1101,A7B,0,2,1.0585113364285363,0.8795972181402504,2.049685195487587,0.07417642552959614,0.08589494767601087,34140.0,2773.0755,106.3515758001917,10.196178593186021,1800.0861628949642,0.08616289496421814,0.10896682739257812,2702,0.2403835676146889
n50_i970007_T_a1101_RDIR,n50_i970007_T_a1101,50,970007,T,1101,RDIR,0,3,1.1762272039051789,0.9866850567878821,2.2146367466487167,0.011194460468842276,0.012456671727714426,34200.0,2509.7039999999997,95.06698856189402,9.560532057208842,1800.0044241286814,0.00442412868142128,0.10177230834960938,1612,0.2505084548782614
n50_i970007_T_a4404_RDIR,n50_i970007_T_a4404,50,970007,T,4404,RDIR,0,0,1.1468438982558284,0.9592584208868831,2.1765571310066965,0.043507171174206175,0.06467607420399495,34170.0,2560.902,119.98084287861225,9.501739412051727,1800.5124386278912,0.5124386278912425,0.10177230834960938,1079,0.27718026654196865
n50_i970007_T_a4404_F6,n50_i970007_T_a4404,50,970007,T,4404,F6,0,1,1.0036777361992895,0.8297768755315285,1.9725704502782293,0.10994219359715163,0.11234429014586199,34140.0,2893.2615,93.8065554876165,8.266607911353269,1800.0127935865894,0.012793586589396,0.10177230834960938,382,0.3116263440860215
n50_i970007_T_a4404_A7B,n50_i970007_T_a4404,50,970007,T,4404,A7B,0,2,1.082520744549913,0.9019825295108904,2.0809128113900104,0.05191307418193065,0.04761802593272697,34140.0,2734.14,109.65825972566248,10.409071991202145,1800.2565469658002,0.25654696580022573,0.10177230834960938,175,0.2753615454399915
n50_i970007_T_a4404_RPERM,n50_i970007_T_a4404,50,970007,T,4404,RPERM,0,3,1.1662765626375262,0.9783265396454838,2.1976099981577124,0.00612380795069762,0.002336247176901213,34200.0,2547.873,136.5989790666709,14.098081521525307,1800.3868087474257,0.3868087474256754,0.10177230834960938,223,0.22078638405169018
n50_i970007_T_a2202_RPERM,n50_i970007_T_a2202,50,970007,T,2202,RPERM,0,0,1.140394542931245,0.9541127679534569,2.164313542832526,0.028441145214663146,0.02376266876856442,34140.0,2596.446,111.97600832274432,12.991065531629946,1800.314219265245,0.3142192652449012,0.10177230834960938,429,0.21865914144005472
n50_i970007_T_a2202_RDIR,n50_i970007_T_a2202,50,970007,T,2202,RDIR,0,1,1.1294027749897662,0.941868936981621,2.1588864994704102,0.06979592062160027,0.07623915836681115,34140.0,2566.4294999999997,102.14693299600175,7.731410302350492,1800.318370862864,0.3183708628639579,0.10177230834960938,559,0.27904303470076874
n50_i970007_T_a2202_A7B,n50_i970007_T_a2202,50,970007,T,2202,A7B,0,2,1.0905276649371314,0.9078231950264382,2.09854753120688,0.07449162319355256,0.08358060293311452,34140.0,2682.207,110.04483692819328,9.091194230580305,1800.093539411202,0.0935394112020731,0.10177230834960938,203,0.2604338527344944
n50_i970007_T_a2202_F6,n50_i970007_T_a2202,50,970007,T,2202,F6,0,3,1.0414226323088813,0.8637938636199475,2.0268838264819236,0.09059922556853897,0.08960783155523365,34140.0,2803.89,69.67504491561847,6.517522141205835,1800.07060134504,0.07060134503990412,0.1236114501953125,3369,0.2656836004091374
n50_i970007_T_a3303_RPERM,n50_i970007_T_a3303,50,970007,T,3303,RPERM,0,0,1.1356053390022223,0.9477379268966423,2.166571615027019,0.057424753808130426,0.07348625060240961,34170.0,2554.143,91.22749897908145,9.173134643999756,1800.1480018394068,0.14800183940678835,0.10235214233398438,805,0.23575364864046508
n50_i970007_T_a3303_A7B,n50_i970007_T_a3303,50,970007,T,3303,A7B,0,1,1.0027915621747765,0.8290039731900956,1.9711808465511365,0.11231939018356166,0.11849412685623552,34200.0,2887.398,116.66259095114921,11.706642150123889,1800.2600344093516,0.2600344093516469,0.10235214233398438,524,0.254282325029656
n50_i970007_T_a3303_RDIR,n50_i970007_T_a3303,50,970007,T,3303,RDIR,0,2,1.0881692079945118,0.9068084643163877,2.0902169576750644,0.053474698403764,0.050023620326543596,34140.0,2714.421,104.2685056222368,12.743348343797166,1800.3902413267642,0.39024132676422596,0.10235214233398438,1026,0.20686048032079501
n50_i970007_T_a3303_F6,n50_i970007_T_a3303,50,970007,T,3303,F6,0,3,1.1140182647422356,0.9290940659542835,2.1319035926886833,0.060822692011858644,0.06907025801344832,34200.0,2620.4129999999996,106.74860922632665,13.63815303856174,1800.463738056831,0.46373805683106184,0.10235214233398438,1269,0.18423946243127673
n50_i970008_H_a4404_RDIR,n50_i970008_H_a4404,50,970008,H,4404,RDIR,1,0,1.0535356891645138,0.8739868637830654,2.0475304686376177,0.03632084436579376,0.016138470460761608,32520.0,2650.725,120.12171858926031,11.18901865027089,1800.5153650818393,0.5153650818392634,0.0539398193359375,417,0.2578675667626328
n50_i970008_H_a4404_F6,n50_i970008_H_a4404,50,970008,H,4404,F6,1,1,1.0545733262498473,0.8677452654184578,2.080920263278241,0.0717362904228728,0.07402699557269506,32730.0,2538.45,111.8636813810625,9.872203909222423,1800.0033390112221,0.0033390112221240997,0.057529449462890625,504,0.24676420934158694
n50_i970008_H_a4404_RPERM,n50_i970008_H_a4404,50,970008,H,4404,RPERM,1,2,1.0651258650469684,0.8820297832322352,2.0748862286680017,0.048463834774203525,0.041164307732099725,32640.0,2594.1525,130.64931176526898,17.585580773547445,1800.3386073904112,0.33860739041119814,0.057529449462890625,368,0.17618445988629186
n50_i970008_H_a4404_A7B,n50_i970008_H_a4404,50,970008,H,4404,A7B,1,3,1.1101142376183626,0.9224684685572686,2.1400954334454463,0.022747449261741177,0.014017817206318393,32550.0,2547.2700000000004,97.64849864640007,9.859848404029746,1800.027675146237,0.027675146237015724,0.08176040649414062,1166,0.2710727969348659
n50_i970008_H_a2202_RPERM,n50_i970008_H_a2202,50,970008,H,2202,RPERM,1,0,1.025071894877759,0.8454043966941794,2.019594109027002,0.0774043528810019,0.08432495501549349,32520.0,2649.255,117.02458496465698,11.961088639528175,1800.2541949935257,0.2541949935257435,0.08176040649414062,1387,0.23847118376445456
n50_i970008_H_a2202_RDIR,n50_i970008_H_a2202,50,970008,H,2202,RDIR,1,1,1.114560760912263,0.9298436139033028,2.131525858729868,0.010747172924199402,0.004181457266499813,32520.0,2586.705,110.57559553038986,12.91027254659034,1800.1169159002602,0.11691590026021004,0.09302139282226562,765,0.21480206540447505
n50_i970008_H_a2202_F6,n50_i970008_H_a2202,50,970008,H,2202,F6,1,2,1.124195279052569,0.9342952790525693,2.1641952790525685,0.03379240868452344,0.04649765388108435,32520.0,2522.505,138.62656734688204,16.744786685431354,1800.0229304935783,0.02293049357831478,0.09302139282226562,493,0.19777047874987558
n50_i970008_H_a2202_A7B,n50_i970008_H_a2202,50,970008,H,2202,A7B,1,3,1.0303775882800157,0.8501149628372312,2.02754481247017,0.07640469512553698,0.07940453619071713,32550.0,2638.725,135.76092156069697,19.508539053555698,1800.0835379622877,0.08353796228766441,0.09302139282226562,354,0.16741179485719168
n50_i970008_H_a3303_RPERM,n50_i970008_H_a3303,50,970008,H,3303,RPERM,1,0,1.051194728961712,0.871489085948876,2.045886475685428,0.04338045992815982,0.03927628553597418,32520.0,2648.7825000000003,70.41732400890399,8.417524305809737,1800.0542023433372,0.054202343337237835,0.12631988525390625,2432,0.2107312565997888
n50_i970008_H_a3303_A7B,n50_i970008_H_a3303,50,970008,H,3303,A7B,1,1,1.0121324082262675,0.8356418293936205,1.9925349808158102,0.05678844667519434,0.04158087388962616,32520.0,2688.6075,104.35065762376978,10.217193021051836,1800.5923899151385,0.592389915138483,0.09701919555664062,2241,0.2561830733271729
n50_i970008_H_a3303_F6,n50_i970008_H_a3303,50,970008,H,3303,F6,1,2,1.1271017537728987,0.9405669753761924,2.1521452133138146,0.010722801875940819,0.007286218702681328,32520.0,2564.19,108.32914273493331,10.543303968981268,1800.005013213493,0.0050132134929299355,0.09302139282226562,814,0.23727473917167247
n50_i970008_H_a3303_RDIR,n50_i970008_H_a3303,50,970008,H,3303,RDIR,1,3,1.1059934058214238,0.919480424470007,2.1309399896054977,0.034221319291130106,0.045206355974476274,32520.0,2564.46,120.63472903711528,11.842478488791913,1800.0454904921353,0.04549049213528633,0.09302139282226562,799,0.25852605901393255
n50_i970008_H_a5505_RDIR,n50_i970008_H_a5505,50,970008,H,5505,RDIR,1,0,1.0412090114274215,0.8574988199880271,2.0536987511580604,0.08923598123713339,0.10783303398301976,32550.0,2596.02,110.4358343504205,11.41516505341167,1800.411987372674,0.41198737267404795,0.09302139282226562,729,0.22304398598676528
n50_i970008_H_a5505_RPERM,n50_i970008_H_a5505,50,970008,H,5505,RPERM,1,1,1.0491096265671318,0.8637530995630146,2.0689164132520976,0.09211680190080429,0.10746891194864104,32520.0,2578.785,112.14698334843558,11.700472671482082,1800.0127508807927,0.012750880792737007,0.09302139282226562,776,0.23109064147001568
n50_i970008_H_a5505_F6,n50_i970008_H_a5505,50,970008,H,5505,F6,1,2,0.8516782043954975,0.6880272961852775,1.7750155742186995,0.17431618775436636,0.17564535728184802,32520.0,2847.6524999999997,116.07736413297856,14.158838433488521,1800.0064143482596,0.006414348259568214,0.09302139282226562,153,0.218472887075257
n50_i970008_H_a5505_A7B,n50_i970008_H_a5505,50,970008,H,5505,A7B,1,3,0.9417963569135244,0.7699685293523713,1.9014755905186476,0.1178007171563802,0.10808017028386807,32520.0,2746.365,110.25913314943894,11.795783131292117,1800.3043768806383,0.3043768806383014,0.121246337890625,448,0.23714447165191185
n50_i970008_H_a1101_RPERM,n50_i970008_H_a1101,50,970008,H,1101,RPERM,1,0,1.004741040688657,0.827101878663953,1.9902484274651158,0.09151526150053176,0.0895682428536527,32520.0,2674.38,126.31404724253144,12.0630801127521,1800.2035796018317,0.20357960183173418,0.13296890258789062,1639,0.2503223429729232
n50_i970008_H_a1101_F6,n50_i970008_H_a1101,50,970008,H,1101,F6,1,1,1.0947687037942933,0.9092353785339394,2.115361260506975,0.029008177392199366,0.028200260915613264,32520.0,2576.5950000000003,113.81321364608132,10.967291528920255,1800.3533459408209,0.3533459408208728,0.13296890258789062,565,0.26381362370220307
n50_i970008_H_a1101_RDIR,n50_i970008_H_a1101,50,970008,H,1101,RDIR,1,2,0.9753407578828002,0.8023153037776891,1.940342776127734,0.08769363448162945,0.08049182396579031,32520.0,2731.53,113.78110369438633,13.723284937931428,1800.0792165817693,0.07921658176928759,0.13296890258789062,745,0.1864550864267498
n50_i970008_H_a1101_A7B,n50_i970008_H_a1101,50,970008,H,1101,A7B,1,3,0.9417782441657857,0.7703548728894472,1.8996598942828435,0.12219950020577287,0.12306914473300187,32520.0,2751.375,103.34204034538261,10.859107168783822,1800.332172445953,0.3321724459528923,0.13296890258789062,776,0.24751918158567776
n50_i970008_T_a5505_RDIR,n50_i970008_T_a5505,50,970008,T,5505,RDIR,1,0,1.0526422514287386,0.8724660380167958,2.04942542214848,0.06332662423119738,0.059367064375324304,32520.0,2544.105,121.32183536090614,13.791306925084116,1800.0469523919746,0.04695239197462797,0.08950042724609375,458,0.22525679758308156
n50_i970008_T_a5505_RPERM,n50_i970008_T_a5505,50,970008,T,5505,RPERM,1,1,1.0099036684170026,0.8323968560005434,1.9948228347123746,0.10004055640184885,0.10947065906321461,32670.0,2567.1240000000003,109.83773192135429,10.699061169225208,1800.0644818628207,0.06448186282068491,0.09302139282226562,789,0.25177838932447166
n50_i970008_T_a5505_A7B,n50_i970008_T_a5505,50,970008,T,5505,A7B,1,2,0.9638073870381763,0.7922458086157576,1.9223032911378137,0.11723932152741301,0.13427690965351802,32520.0,2667.0389999999998,127.21553750891388,11.38450121909437,1800.078862096183,0.078862096183002,0.09302139282226562,299,0.2997608939637925
n50_i970008_T_a5505_F6,n50_i970008_T_a5505,50,970008,T,5505,F6,1,3,0.9991632520866891,0.8247152727075093,1.9704876048830424,0.09499455014886227,0.11226017331087387,32520.0,2625.849,118.69035622486092,13.060533621463167,1800.0030229520053,0.0030229520052671432,0.09302139282226562,1298,0.24730954102684077
n50_i970008_T_a1101_RPERM,n50_i970008_T_a1101,50,970008,T,1101,RPERM,1,0,1.008774554903234,0.8316607014867138,1.9919472367544362,0.11150342818321532,0.12827818320441906,32520.0,2587.806,93.24527271828958,10.904677867564414,1800.144877125509,0.14487712550908327,0.1065216064453125,2649,0.20682628629648497
n50_i970008_T_a1101_F6,n50_i970008_T_a1101,50,970008,T,1101,F6,1,1,1.0283727141625973,0.8513063717887742,2.011334235824035,0.06832206962208168,0.06602389878231689,32520.0,2588.484,114.3621951343263,11.364776474151412,1800.0354029424489,0.035402942448854446,0.09302139282226562,178,0.25810236105000733
n50_i970008_T_a1101_A7B,n50_i970008_T_a1101,50,970008,T,1101,A7B,1,2,0.9721855320901323,0.7981062888564848,1.9418710575730087,0.1305595499347038,0.14287150362314352,32520.0,2631.111,97.94706607238355,9.22699010210011,1800.3704150738195,0.3704150738194585,0.09302139282226562,573,0.27185167348904404
n50_i970008_T_a1101_RDIR,n50_i970008_T_a1101,50,970008,T,1101,RDIR,1,3,1.1137647293943107,0.9287556338560039,2.1320273762312283,0.02973938982384676,0.03011025830126054,32520.0,2475.138,119.87573771332843,11.785145905763194,1800.1474202899262,0.1474202899262309,0.09302139282226562,188,0.2436483620080132
n50_i970008_T_a4404_RDIR,n50_i970008_T_a4404,50,970008,T,4404,RDIR,1,0,0.9337597686344414,0.7656900416243901,1.8767363331235574,0.12296151918417073,0.13408090445136958,32520.0,2716.8689999999997,105.28720300332476,8.641026759299095,1800.133298194036,0.13329819403588772,0.09302139282226562,73,0.3521054323368692
n50_i970008_T_a4404_F6,n50_i970008_T_a4404,50,970008,T,4404,F6,1,1,1.0620066501773717,0.8824686824540472,2.0559531733921457,0.04590684095840615,0.04200661726411515,32520.0,2553.2129999999997,105.48123979089601,10.814700314859339,1800.2348130950704,0.2348130950704217,0.09302139282226562,451,0.26041399147362476
n50_i970008_T_a4404_A7B,n50_i970008_T_a4404,50,970008,T,4404,A7B,1,2,0.9761427371250292,0.8021336905736232,1.9455162773535,0.11443872978482954,0.1219852696234217,32580.0,2626.083,115.29945712089787,13.76355123879187,1800.4074362842366,0.40743628423660994,0.09302139282226562,1304,0.19850686037126716
n50_i970008_T_a4404_RPERM,n50_i970008_T_a4404,50,970008,T,4404,RPERM,1,3,0.9762455443661375,0.7996746761981773,1.957004958445959,0.1745490758678303,0.21311262066136535,32610.0,2586.51,103.1044569021083,8.967657170544388,1800.8047913610935,0.8047913610935211,0.13581466674804688,3927,0.22694903709208
n50_i970008_T_a2202_RPERM,n50_i970008_T_a2202,50,970008,T,2202,RPERM,1,0,1.0061589702455624,0.8274450784883207,1.9964429336110814,0.12292887831396396,0.14653629720162464,32550.0,2561.958,117.90141200901856,12.927026247441015,1800.1820027716458,0.18200277164578438,0.121246337890625,632,0.19333075501697392
n50_i970008_T_a2202_RDIR,n50_i970008_T_a2202,50,970008,T,2202,RDIR,1,1,1.1673157653608834,0.9774157653608834,2.2073157653608835,0.009652551841623905,0.013917599361997546,32520.0,2405.343,66.00579792535646,5.561574956452945,1800.5690974965692,0.5690974965691566,0.121246337890625,858,0.311064509686439
n50_i970008_T_a2202_A7B,n50_i970008_T_a2202,50,970008,T,2202,A7B,1,2,0.9769789885894957,0.8015700668378939,1.9525741963743928,0.12980031455272573,0.14862624479896858,32520.0,2612.136,90.04620661082745,7.777669782649865,1800.1535667190328,0.15356671903282404,0.121246337890625,438,0.27012356260267123
n50_i970008_T_a2202_F6,n50_i970008_T_a2202,50,970008,T,2202,F6,1,3,0.9911982013834926,0.8161508680984333,1.9651863493170898,0.10312364704185724,0.10297471515591207,32520.0,2617.296,111.10564036813142,9.449995741554002,1800.1066312864423,0.10663128644227982,0.121246337890625,305,0.2601845864440656
n50_i970008_T_a3303_RPERM,n50_i970008_T_a3303,50,970008,T,3303,RPERM,1,0,0.9631982069105566,0.7908213538790558,1.9253175537172293,0.12805791671527222,0.1518066855650065,32580.0,2649.375,118.45673526777439,10.800511156586307,1800.007399477996,0.007399477995932102,0.13296890258789062,1405,0.239699603929839
n50_i970008_T_a3303_A7B,n50_i970008_T_a3303,50,970008,T,3303,A7B,1,1,1.0206595605283935,0.8442629977210835,2.0006442841164342,0.07719460997083046,0.08534746252365033,32520.0,2598.042,102.6295610430556,9.377737668251532,1800.007698780857,0.007698780857026577,0.13296890258789062,456,0.2789099526066351
n50_i970008_T_a3303_RDIR,n50_i970008_T_a3303,50,970008,T,3303,RDIR,1,2,1.070514657671326,0.8892395937276282,2.072181608532199,0.05244499100160055,0.06173732043713262,32520.0,2528.424,124.83835234297051,13.345480897825931,1800.1599330836907,0.15993308369070292,0.13296890258789062,927,0.22523310023310023
n50_i970008_T_a3303_F6,n50_i970008_T_a3303,50,970008,T,3303,F6,1,3,1.1330822826509506,0.9473598907946332,2.1545151353456955,0.010959540914226695,0.00805046053916258,32520.0,2464.959,109.96934751784097,10.50818950306368,1800.1198012735695,0.11980127356946468,0.13296890258789062,449,0.28441530979065344
n50_i970009_H_a3303_A7B,n50_i970009_H_a3303,50,970009,H,3303,A7B,0,0,1.151924012377292,0.9621316678796835,2.191445543477768,0.03027491561224424,0.03675388839372785,33750.0,2690.7300000000005,129.8332877349954,11.15661500932464,1800.0083343572915,0.008334357291460037,0.09473037719726562,240,0.2702420077681506
n50_i970009_H_a3303_RPERM,n50_i970009_H_a3303,50,970009,H,3303,RPERM,0,1,1.086997590941976,0.9039473850916451,2.0965540613878932,0.04815052462022671,0.041066150064567514,33810.0,2818.02,121.19319588715334,14.823408364630113,1800.1258107190952,0.1258107190951705,0.09473037719726562,1307,0.17639784140308798
n50_i970009_H_a3303_F6,n50_i970009_H_a3303,50,970009,H,3303,F6,0,2,1.1049203740010813,0.9206372320221189,2.1199565605742463,0.03606964449295283,0.03565753380817462,33840.0,2791.875,108.85799033839947,10.725234317298545,1800.5201032161713,0.5201032161712646,0.09473037719726562,1727,0.2159908860235099
n50_i970009_H_a3303_RDIR,n50_i970009_H_a3303,50,970009,H,3303,RDIR,0,3,1.1153752238769175,0.9305983236997659,2.1326058913309205,0.024336556840040626,0.01249329823867487,33810.0,2784.3450000000003,108.03296080599083,11.958546434774574,1800.3024127911776,0.3024127911776304,0.09473037719726562,581,0.24353198011983837
n50_i970009_H_a5505_F6,n50_i970009_H_a5505,50,970009,H,5505,F6,0,0,1.1087870661799837,0.9202113708630474,2.1429012675885857,0.05581660610400303,0.06417176999883165,33900.0,2703.96,150.09207190058993,19.69737305106163,1800.3415941847488,0.3415941847488284,0.09473037719726562,1322,0.13236704077604197
n50_i970009_H_a5505_RPERM,n50_i970009_H_a5505,50,970009,H,5505,RPERM,0,1,1.046256986688407,0.8678231148926229,2.0352964168918937,0.04683846249505559,0.026602328297494947,33780.0,2910.15,122.26248964912656,11.319695656837352,1800.2250782856718,0.22507828567177057,0.09473037719726562,946,0.24384139758563156
n50_i970009_H_a5505_RDIR,n50_i970009_H_a5505,50,970009,H,5505,RDIR,0,2,1.0899772201282223,0.9071208572949252,2.098672166053985,0.041990373445634194,0.04424909376147605,33780.0,2823.9,90.33475496867838,9.406062683362721,1800.1155818309635,0.1155818309634924,0.09473037719726562,521,0.23830616583982991
n50_i970009_H_a5505_A7B,n50_i970009_H_a5505,50,970009,H,5505,A7B,0,3,1.0981768536000807,0.9148682429876435,2.1088817896553556,0.02553889678535478,0.004827185008192689,33780.0,2815.08,120.23498069789673,13.950455006387706,1800.2997026620433,0.29970266204327345,0.09473037719726562,1465,0.2068086800716703
n50_i970009_H_a4404_A7B,n50_i970009_H_a4404,50,970009,H,4404,A7B,0,0,1.0672426481389345,0.8862552459342745,2.0676311023818688,0.05110731664683078,0.03621783100940298,33810.0,2858.2500000000005,131.67038133205418,11.5961825237728,1800.4200914567336,0.420091456733644,0.09473037719726562,587,0.25620270140818086
n50_i970009_H_a4404_RDIR,n50_i970009_H_a4404,50,970009,H,4404,RDIR,0,1,1.1251484350752294,0.9395913212740661,2.1458467186359558,0.019348182932540682,0.007765988371696422,33720.0,2775.4275000000002,120.54601822544782,13.799989366540807,1800.001386974007,0.0013869740068912506,0.09473037719726562,636,0.21831723027375202
n50_i970009_H_a4404_F6,n50_i970009_H_a4404,50,970009,H,4404,F6,0,2,1.113824441202418,0.9291652402835688,2.1305320008417485,0.021500279461653574,0.00751277878971974,33780.0,2788.7400000000002,130.57527002501968,15.795319403806856,1800.0269113359973,0.02691133599728346,0.09473037719726562,491,0.1889420371412493
n50_i970009_H_a4404_RPERM,n50_i970009_H_a4404,50,970009,H,4404,RPERM,0,3,1.1058496470808603,0.9213896505409185,2.1216718539250476,0.02769143985422569,0.017723507287791092,33780.0,2792.625,112.92183839202085,15.158017043083769,1800.1035308539867,0.10353085398674011,0.09473037719726562,546,0.1723594517334897
n50_i970009_H_a2202_A7B,n50_i970009_H_a2202,50,970009,H,2202,A7B,0,0,1.1051423245180445,0.9205854628202347,2.1213950431749744,0.03714836078591657,0.027166644045580224,33720.0,2794.935,133.0277952211031,13.96243295910816,1800.1876946240664,0.18769462406635284,0.10235214233398438,228,0.20883230555002985
n50_i970009_H_a2202_F6,n50_i970009_H_a2202,50,970009,H,2202,F6,0,1,1.1221337726513525,0.9368293176859841,2.1417091280529856,0.021514524362214214,0.015644423350521866,33720.0,2780.355,133.53751811591485,20.726875175368722,1800.0783853968605,0.07838539686053991,0.10235214233398438,385,0.13457518091664433
n50_i970009_H_a2202_RPERM,n50_i970009_H_a2202,50,970009,H,2202,RPERM,0,2,1.0137062453939416,0.8385500163036106,1.9881783746843014,0.0561468681000895,0.04115615902358554,33780.0,2974.0725,113.0545224562252,11.527729084500036,1800.0076032234356,0.0076032234355807304,0.10235214233398438,878,0.23575903614457833
n50_i970009_H_a2202_RDIR,n50_i970009_H_a2202,50,970009,H,2202,RDIR,0,3,1.1046298315814251,0.9213996721143491,2.114986095879541,0.021394855165142262,0.00803201712259235,33780.0,2816.61,93.54103860502428,8.233219721310462,1800.6321344282478,0.6321344282478094,0.10235214233398438,1100,0.2889038785834739
n50_i970009_H_a1101_RDIR,n50_i970009_H_a1101,50,970009,H,1101,RDIR,0,0,1.1243649190219946,0.9383640178593283,2.1470355908560683,0.025726556546585833,0.017206102792510426,33720.0,2766.7725,128.59412402999115,13.43007535082308,1800.3621996445581,0.3621996445581317,0.10235214233398438,796,0.22974481988502418
n50_i970009_H_a1101_A7B,n50_i970009_H_a1101,50,970009,H,1101,A7B,0,1,1.1202373887551276,0.9327239956576322,2.1496302469662187,0.04000795306801383,0.03323370012878358,33720.0,2737.275,99.40867829027258,8.81422873451137,1800.044051259756,0.04405125975608826,0.10235214233398438,1599,0.24007311231564352
n50_i970009_H_a1101_F6,n50_i970009_H_a1101,50,970009,H,1101,F6,0,2,1.056830110573623,0.8776197806371664,2.049320465846763,0.04013758783670371,0.01844975021173107,33810.0,2892.9075000000003,102.14779367035733,11.418083365150585,1800.1269865250215,0.12698652502149343,0.10235214233398438,683,0.2276929064902209
n50_i970009_H_a1101_RPERM,n50_i970009_H_a1101,50,970009,H,1101,RPERM,0,3,1.141850518146914,0.9557106539805522,2.1651388033307417,0.009255875220628772,0.009666442188713159,33900.0,2751.4649999999997,111.68202558257595,11.863975828133377,1800.1553871473297,0.15538714732974768,0.10235214233398438,240,0.19778058716111813
n50_i970009_T_a4404_A7B,n50_i970009_T_a4404,50,970009,T,4404,A7B,0,0,1.1012801438778441,0.9177139178183783,2.1131300374754693,0.026352264608565393,0.03492081581355093,33840.0,2767.017,133.14473831917658,15.289095421470122,1800.041090812534,0.04109081253409386,0.044116973876953125,525,0.20882235383888667
n50_i970009_T_a4404_RDIR,n50_i970009_T_a4404,50,970009,T,4404,RDIR,0,1,1.075046892996432,0.8918842220872636,2.0851032081482908,0.06696002272472541,0.08995038174745178,33990.0,2758.734,108.41695112758707,9.228735446079744,1800.3549995636567,0.35499956365674734,0.051738739013671875,913,0.23888052964188985
n50_i970009_T_a4404_RPERM,n50_i970009_T_a4404,50,970009,T,4404,RPERM,0,2,1.1122101518026608,0.9274705566239955,2.129275019263397,0.01945565562932076,0.02227010703501637,33720.0,2754.516,115.51459476054458,11.755418542815075,1800.3612481271848,0.36124812718480825,0.09473037719726562,1452,0.20704970704970704
n50_i970009_T_a4404_F6,n50_i970009_T_a4404,50,970009,T,4404,F6,0,3,1.139794722437701,0.9505122181495363,2.177050297051766,0.007138315851065723,0.0018675207682659018,33840.0,2638.464,106.61718951054257,9.475108296643468,1800.0849664211273,0.08496642112731934,0.09473037719726562,1266,0.2585014071294559
n50_i970009_T_a1101_RDIR,n50_i970009_T_a1101,50,970009,T,1101,RDIR,0,0,1.0212252640040649,0.844044186496313,2.0046967195940737,0.08407157043676003,0.10334050555704792,33720.0,2924.499,97.1155428374882,10.672007157976722,1800.504789358005,0.5047893580049276,0.07697677612304688,1437,0.21191777257351027
n50_i970009_T_a1101_A7B,n50_i970009_T_a1101,50,970009,T,1101,A7B,0,1,1.0840155953562667,0.9002000546755164,2.0969735539373753,0.05561268774805981,0.0826987320945586,33720.0,2775.297,113.63090862066746,9.874958599648908,1800.108812672086,0.10881267208606005,0.057132720947265625,766,0.27137713771377137
n50_i970009_T_a1101_RPERM,n50_i970009_T_a1101,50,970009,T,1101,RPERM,0,2,1.1247336952301044,0.9381189110695975,2.1501327359434614,0.01745821454802363,0.014638349246954388,33720.0,2712.3450000000003,121.92264371591057,13.054985645195194,1800.0019792169333,0.0019792169332504272,0.09473037719726562,416,0.22158389718711435
n50_i970009_T_a1101_F6,n50_i970009_T_a1101,50,970009,T,1101,F6,0,3,1.08539823141498,0.9025110139984128,2.094230308821942,0.04287166921413375,0.04622895515815149,33720.0,2796.174,123.13983648685141,10.89417979537562,1800.3191032633185,0.31910326331853867,0.09473037719726562,1148,0.24611227247233977
n50_i970009_T_a2202_A7B,n50_i970009_T_a2202,50,970009,T,2202,A7B,0,0,1.0998522084595914,0.916087115919468,2.112585953082358,0.024862677511162886,0.03130867325885941,33870.0,2759.0730000000003,133.63258621840896,17.708013476641536,1800.0325130792335,0.03251307923346758,0.04428863525390625,269,0.17207843137254902
n50_i970009_T_a2202_F6,n50_i970009_T_a2202,50,970009,T,2202,F6,0,1,1.0642740473095775,0.8839993461961815,2.0614949411468872,0.04331377991392495,0.043902844735826306,33750.0,2851.455,122.64870832513056,10.499541354203753,1800.1738706836477,0.1738706836476922,0.06884384155273438,1305,0.3060684619861383
n50_i970009_T_a2202_RDIR,n50_i970009_T_a2202,50,970009,T,2202,RDIR,0,2,1.1244142676271773,0.9373935504744444,2.151617454972657,0.028764313332058353,0.04185502143921379,33720.0,2703.2160000000003,128.97191903726215,15.36358805351398,1800.0352459121495,0.03524591214954853,0.09473037719726562,835,0.19157476044114988
n50_i970009_T_a2202_RPERM,n50_i970009_T_a2202,50,970009,T,2202,RPERM,0,3,1.090579011882915,0.9043965183327679,2.114056760994679,0.06685262701560339,0.10460446892611226,34050.0,2683.878,125.4212509722395,12.992657207506479,1800.0936703300104,0.09367033001035452,0.09473037719726562,220,0.21994185052163504
n50_i970009_T_a3303_A7B,n50_i970009_T_a3303,50,970009,T,3303,A7B,0,0,1.1339813501917733,0.9454594947013693,2.1678562634824594,0.02418844186850722,0.029231079574149093,33720.0,2669.4570000000003,140.65935147079585,17.9781754136665,1800.349549120292,0.34954912029206753,0.09473037719726562,410,0.1661877838539253
n50_i970009_T_a3303_RPERM,n50_i970009_T_a3303,50,970009,T,3303,RPERM,0,1,1.0742521328653303,0.8918429072108458,2.0809598024408134,0.056976897031929805,0.0697015667733975,33870.0,2789.565,89.1462196504779,9.587884790424031,1800.1885063573718,0.1885063573718071,0.09473037719726562,378,0.22079953650057937
n50_i970009_T_a3303_RDIR,n50_i970009_T_a3303,50,970009,T,3303,RDIR,0,2,1.1109478939598834,0.92698354275078,2.124567232667014,0.01816616521543283,0.02477164558036853,33780.0,2765.007,116.43308490442261,12.096482175163915,1800.192790322937,0.19279032293707132,0.09473037719726562,946,0.23957567964731816
n50_i970009_T_a3303_F6,n50_i970009_T_a3303,50,970009,T,3303,F6,0,3,1.0891762038734947,0.9060547379080125,2.0990493859423025,0.032627420142847544,0.026135810631430098,33720.0,2790.906,106.98490511040367,8.71701288614638,1800.2726627765223,0.2726627765223384,0.10177230834960938,282,0.296501624928312
n50_i970009_T_a5505_F6,n50_i970009_T_a5505,50,970009,T,5505,F6,0,0,1.0936438262866162,0.9100037599063653,2.105821899087732,0.031990223772001065,0.032346647008999745,33900.0,2758.413,122.64513428857747,14.329756047559927,1800.030643535778,0.030643535777926445,0.10235214233398438,602,0.2040784678607428
n50_i970009_T_a5505_RPERM,n50_i970009_T_a5505,50,970009,T,5505,RPERM,0,1,1.119293765743275,0.9329280921013777,2.1435856485961486,0.0276552685226207,0.038962328693452876,33900.0,2697.1169999999997,129.23003126971562,12.428378868081827,1800.1543272435665,0.15432724356651306,0.10235214233398438,229,0.2223662450274885
n50_i970009_T_a5505_A7B,n50_i970009_T_a5505,50,970009,T,5505,A7B,0,2,1.0875075798414933,0.9046188556804011,2.096346353890791,0.03545285772583368,0.03808940413216139,33810.0,2785.725,98.80637399729656,9.676824151667272,1800.1773853665218,0.17738536652177572,0.10235214233398438,1534,0.23553386911595867
n50_i970009_T_a5505_RDIR,n50_i970009_T_a5505,50,970009,T,5505,RDIR,0,3,1.1057670057266011,0.9226028834460536,2.1158297714179195,0.014545494173880772,0.009909687117787011,33750.0,2786.475,81.36256591246723,7.720685397514548,1801.1354282712564,1.1354282712563872,0.10235214233398438,1866,0.2699554149288077
n50_i970010_H_a3303_A7B,n50_i970010_H_a3303,50,970010,H,3303,A7B,1,0,1.0119015276675145,0.8327657225550857,2.00406066150053,0.05396677263121498,0.04255080417033183,36450.0,2823.105,130.87454497041853,14.997036821793158,1800.288971803151,0.28897180315107107,0.08950042724609375,459,0.19878514019037744
n50_i970010_H_a3303_RPERM,n50_i970010_H_a3303,50,970010,H,3303,RPERM,1,1,1.03005266761155,0.8514957969130057,2.019638759605083,0.02787425859988856,0.003763420004245634,36450.0,2836.2375,127.8513043133254,11.332428721058,1800.2319275205955,0.23192752059549093,0.09302139282226562,589,0.28675064947796675
n50_i970010_H_a3303_F6,n50_i970010_H_a3303,50,970010,H,3303,F6,1,2,0.9958991331443389,0.8187062067476197,1.9794232504630884,0.05916436471333596,0.044978478502727424,36990.0,2798.6175,102.62086025295955,9.661616164126798,1800.4234182462096,0.42341824620962143,0.09302139282226562,1631,0.2344351825237137
n50_i970010_H_a3303_RDIR,n50_i970010_H_a3303,50,970010,H,3303,RDIR,1,3,1.061550176997105,0.8760588071939766,2.081956265011004,0.04315189742185427,0.01784328454874893,36360.0,2690.3625,106.54737936379254,8.552515337300376,1800.5229330416769,0.5229330416768789,0.09302139282226562,1959,0.24865250990324048
n50_i970010_H_a5505_F6,n50_i970010_H_a5505,50,970010,H,5505,F6,1,0,0.9956475200035708,0.8192729237938928,1.9755346142688053,0.05065137984031055,0.038548890279314706,36780.0,2843.8425,84.57386770406876,6.7104573338711315,1800.4734102124348,0.4734102124348283,0.08950042724609375,1454,0.25318655851680183
n50_i970010_H_a5505_RPERM,n50_i970010_H_a5505,50,970010,H,5505,RPERM,1,1,1.00219202158432,0.8243736109273512,1.988496068948626,0.056718802005770105,0.04478834365354503,36750.0,2814.8999999999996,100.86158282894094,8.795015363059413,1800.1105565428734,0.11055654287338257,0.09302139282226562,802,0.2854977261243052
n50_i970010_H_a5505_RDIR,n50_i970010_H_a5505,50,970010,H,5505,RDIR,1,2,1.0646292058573292,0.8806767222585048,2.0781957996298797,0.027980088062743075,0.01866883480953303,36480.0,2710.0350000000003,117.98328765345086,10.282699907550866,1800.110882007517,0.11088200751692057,0.09302139282226562,1185,0.25505132360886007
n50_i970010_H_a5505_A7B,n50_i970010_H_a5505,50,970010,H,5505,A7B,1,3,0.9879325890541272,0.8128095917839965,1.9622570213658181,0.056092255918177236,0.033180384591590076,37080.0,2834.1450000000004,101.22679252235883,7.406553992744414,1800.4324295837432,0.4324295837432146,0.09302139282226562,1082,0.31046119235095615
n50_i970010_H_a4404_A7B,n50_i970010_H_a4404,50,970010,H,4404,A7B,1,0,0.9228441266904592,0.7524814581900988,1.876011542247617,0.08989511050986107,0.0654921531386005,36540.0,3010.6875,118.64149422439449,9.725605075806959,1800.1964776003733,0.19647760037332773,0.09302139282226562,294,0.28129997715330135
n50_i970010_H_a4404_RDIR,n50_i970010_H_a4404,50,970010,H,4404,RDIR,1,1,0.9515691486488912,0.7798318674539223,1.9108459539598617,0.06874862321203445,0.04563890352142517,36450.0,2990.9325000000003,84.91330472606518,7.510174992616926,1800.2243640515953,0.22436405159533024,0.09302139282226562,753,0.26789940828402364
n50_i970010_H_a4404_F6,n50_i970010_H_a4404,50,970010,H,4404,F6,1,2,1.0506011654925262,0.8668401978953791,2.063316577035398,0.048577829180690944,0.03972960356850793,36630.0,2695.335,134.70784033463266,9.855519681412309,1800.3109499607235,0.3109499607235193,0.09302139282226562,311,0.2800541058445584
n50_i970010_H_a4404_RPERM,n50_i970010_H_a4404,50,970010,H,4404,RPERM,1,3,1.1199959022761936,0.930767544067237,2.157010827649327,0.011020346779441807,0.014309005444273716,36480.0,2590.3575,132.13429905956318,13.996780832924593,1800.3425431028008,0.3425431028008461,0.09302139282226562,440,0.22576292710028176
n50_i970010_H_a2202_A7B,n50_i970010_H_a2202,50,970010,H,2202,A7B,1,0,0.9961527541265921,0.8194797982236856,1.9773658914728467,0.05182937453853196,0.030720652020109533,36660.0,2852.3100000000004,114.44157417322947,11.796582757630981,1800.097573703155,0.09757370315492153,0.13296890258789062,421,0.23908641393925123
n50_i970010_H_a2202_F6,n50_i970010_H_a2202,50,970010,H,2202,F6,1,1,1.0128257269256626,0.8344355749238028,2.0016708469339264,0.050044379614131,0.03724148578728472,36600.0,2820.975,146.72332815880478,15.798358872649898,1800.3135787248611,0.313578724861145,0.13296890258789062,429,0.1907038886154279
n50_i970010_H_a2202_RPERM,n50_i970010_H_a2202,50,970010,H,2202,RPERM,1,2,1.0100735365518863,0.8334821156682284,1.9909242960348053,0.03491611512993146,0.015710103059522043,36540.0,2869.395,120.23382505492273,11.612897896992108,1800.0674926638603,0.06749266386032104,0.13296890258789062,203,0.24770378874856486
n50_i970010_H_a2202_RDIR,n50_i970010_H_a2202,50,970010,H,2202,RDIR,1,3,1.0172927475792273,0.8393125468441518,2.004315861957337,0.034421404801742626,0.019538305514061237,36420.0,2853.1275,109.5000365112561,9.347103448428449,1800.2368426583707,0.23684265837073326,0.13296890258789062,648,0.29250609140072503
n50_i970010_H_a1101_RDIR,n50_i970010_H_a1101,50,970010,H,1101,RDIR,1,0,0.9881053340168201,0.8131051080803354,1.9618841159567488,0.04190014009374971,0.00788932907006804,36420.0,2920.725,104.15050047726665,9.544768843397348,1800.5674398168921,0.5674398168921471,0.13296890258789062,1354,0.2879087629465844
n50_i970010_H_a1101_A7B,n50_i970010_H_a1101,50,970010,H,1101,A7B,1,1,1.0149838950482655,0.834101548508765,2.0149054352238194,0.0679071619250304,0.0671796182774789,36540.0,2772.06,148.93830715735143,13.300592485381433,1800.295740683563,0.2957406835630536,0.13296890258789062,216,0.20843599916475256
n50_i970010_H_a1101_F6,n50_i970010_H_a1101,50,970010,H,1101,F6,1,2,0.997795288747825,0.8205286199774764,1.9816471499493722,0.06158349194045365,0.07137001628799725,36600.0,2846.46,129.48991583303956,11.181255527140136,1800.1556221609935,0.15562216099351645,0.13296890258789062,532,0.2614268680445151
n50_i970010_H_a1101_RPERM,n50_i970010_H_a1101,50,970010,H,1101,RPERM,1,3,1.0252323854283627,0.8441714674505015,2.025947576441085,0.05101121487967259,0.04049090039497644,36360.0,2790.8625,92.65230806292327,8.114379452754878,1800.7538450816646,0.7538450816646218,0.13296890258789062,1770,0.2960580344921982
n50_i970010_T_a4404_A7B,n50_i970010_T_a4404,50,970010,T,4404,A7B,1,0,1.0327575730630956,0.8453275559104368,2.061779871519356,0.028749964012514007,0.021688986843168792,36840.0,2435.685,157.99526753345336,12.924724141243853,1800.1931604677811,0.1931604677811265,0.041873931884765625,374,0.22826320539820347
n50_i970010_T_a4404_RDIR,n50_i970010_T_a4404,50,970010,T,4404,RDIR,1,1,0.9974964777744529,0.8198396173244423,1.9830825242189407,0.040884852375466574,0.0453306653062507,36510.0,2722.752,120.87683864939652,11.976869218382408,1800.3035356607288,0.3035356607288122,0.053466796875,832,0.22804007049438826
n50_i970010_T_a4404_RPERM,n50_i970010_T_a4404,50,970010,T,4404,RPERM,1,2,0.9781488924413899,0.8037870868600506,1.94909025058067,0.03316682947677269,0.01610206754157188,36720.0,2778.1679999999997,120.56966431969757,10.349062812184101,1800.4528852663934,0.4528852663934231,0.057529449462890625,607,0.25621209681747437
n50_i970010_T_a4404_F6,n50_i970010_T_a4404,50,970010,T,4404,F6,1,3,0.9559588363060757,0.7821962070938885,1.9242371883602343,0.06761977657759949,0.0836840064597525,36930.0,2766.12,144.85686761504002,11.801267732215978,1800.3150578476489,0.315057847648859,0.08176040649414062,878,0.2570836863409583
n50_i970010_T_a1101_RDIR,n50_i970010_T_a1101,50,970010,T,1101,RDIR,1,0,0.962182680532757,0.789562802314335,1.9253821392812982,0.03769988140617905,0.02409571930525047,36720.0,2821.7595,123.88692159611854,11.300674505559575,1800.2465242221951,0.24652422219514847,0.043903350830078125,633,0.26263271726307513
n50_i970010_T_a1101_A7B,n50_i970010_T_a1101,50,970010,T,1101,A7B,1,1,1.0040751645913464,0.8262749592431701,1.9902982994721332,0.033136823212301415,0.041101972565174325,36480.0,2723.028,110.56080588659059,10.767207012832372,1800.0954172145575,0.0954172145575285,0.057514190673828125,1016,0.260860592302136
n50_i970010_T_a1101_RPERM,n50_i970010_T_a1101,50,970010,T,1101,RPERM,1,2,0.956822339786449,0.7841316518285878,1.9203365084880533,0.045673829216985505,0.0333691243621613,36960.0,2789.082,131.0336602698007,12.434978304251015,1800.0031405240297,0.0031405240297317505,0.08176040649414062,444,0.23115757494527098
n50_i970010_T_a1101_F6,n50_i970010_T_a1101,50,970010,T,1101,F6,1,3,1.008474510378263,0.8303693384559351,1.9960530522552755,0.025579575377569618,0.019527218589162627,36360.0,2730.8489999999997,123.02955438407301,12.578332138389623,1800.0796727966517,0.079672796651721,0.08176040649414062,358,0.24405971203957247
n50_i970010_T_a2202_A7B,n50_i970010_T_a2202,50,970010,T,2202,A7B,1,0,1.006092703153185,0.8274362691240826,1.9961212988380832,0.04925361090511581,0.06914429111886217,36960.0,2639.79,99.28829476644422,8.751307165276497,1800.6452867435291,0.645286743529141,0.05878448486328125,1072,0.26837162076405635
n50_i970010_T_a2202_F6,n50_i970010_T_a2202,50,970010,T,2202,F6,1,1,1.0173830448962378,0.8399007733956234,2.002193140454522,0.011840004923222352,0.0024023572869351986,36360.0,2746.437,123.80488376326984,11.451800364790177,1800.0663077728823,0.06630777288228273,0.053333282470703125,250,0.2694285437081595
n50_i970010_T_a2202_RDIR,n50_i970010_T_a2202,50,970010,T,2202,RDIR,1,2,1.0019681440793897,0.8248622880850558,1.9851052818319856,0.026270916099553777,0.018125952991326785,36480.0,2740.404,129.95581063610425,12.93870033060677,1800.2580943079665,0.2580943079665303,0.057529449462890625,387,0.24758511140686043
n50_i970010_T_a2202_RPERM,n50_i970010_T_a2202,50,970010,T,2202,RPERM,1,3,0.9563168933090813,0.7853775959942946,1.912047103597022,0.03154556831279534,0.008892319978442625,36690.0,2867.679,102.66310668958491,10.612814135337532,1800.55918781925,0.559187819249928,0.10757064819335938,2742,0.23193259720550527
n50_i970010_T_a3303_A7B,n50_i970010_T_a3303,50,970010,T,3303,A7B,1,0,0.9598479993317935,0.7879404127921085,1.9198817172859495,0.030908621111307013,0.010319856539220573,36480.0,2870.49,129.15256235487567,10.342760526339262,1800.0030023502186,0.0030023502185940742,0.09302139282226562,223,0.3040232045979481
n50_i970010_T_a3303_RPERM,n50_i970010_T_a3303,50,970010,T,3303,RPERM,1,1,1.0090004508220225,0.8307067613689169,1.9974168483913803,0.030749607910632228,0.042620367115734956,36420.0,2718.4049999999997,114.07152182535872,10.778822707132955,1800.0110519640148,0.0110519640147686,0.09302139282226562,540,0.25353056385939593
n50_i970010_T_a3303_RDIR,n50_i970010_T_a3303,50,970010,T,3303,RDIR,1,2,0.973206754590525,0.7993868526029497,1.9417396523130825,0.0335075169132863,0.020881850330286222,36570.0,2811.045,75.48498267153599,7.27909350192996,1800.636301281862,0.6363012818619609,0.0955657958984375,2225,0.25795376516365304
n50_i970010_T_a3303_F6,n50_i970010_T_a3303,50,970010,T,3303,F6,1,3,0.9490078113223909,0.7778267346689792,1.9058125964486625,0.0409877343823986,0.02942015471095383,36450.0,2892.534,130.70964114517247,10.0898007602733,1800.035543963313,0.03554396331310272,0.09302139282226562,220,0.2777777777777778
n50_i970010_T_a5505_F6,n50_i970010_T_a5505,50,970010,T,5505,F6,1,0,1.0228072989711745,0.8444228945348301,2.011626874243813,0.018725431059505155,0.022762853287590493,36720.0,2677.503,113.79173872769587,8.097474977425854,1800.561291099526,0.5612910995259881,0.13296890258789062,1057,0.29622770919067215
n50_i970010_T_a5505_RPERM,n50_i970010_T_a5505,50,970010,T,5505,RPERM,1,1,1.0206558460394555,0.8411081612864717,2.0146455560527214,0.027417393046411245,0.02836572777115937,36570.0,2667.708,130.42106108632927,10.858144158476694,1800.0313603077084,0.031360307708382607,0.13296890258789062,372,0.2739319519058583
n50_i970010_T_a5505_A7B,n50_i970010_T_a5505,50,970010,T,5505,A7B,1,2,0.9947073713881086,0.8171550268081207,1.9798289028547247,0.04270695943267404,0.04307329893348543,36750.0,2694.462,140.40390146440745,11.483991070053973,1800.0710618719459,0.071061871945858,0.13296890258789062,704,0.24206656346749225
n50_i970010_T_a5505_RDIR,n50_i970010_T_a5505,50,970010,T,5505,RDIR,1,3,0.9628286910265433,0.7898245249606703,1.9277360957637566,0.0484272759388266,0.052579778674910704,36840.0,2796.69,126.50784084268088,9.145700584296694,1800.299479328096,0.29947932809591293,0.13296890258789062,504,0.2886729426055269
n50_i970011_H_a1101_F6,n50_i970011_H_a1101,50,970011,H,1101,F6,0,0,0.9839298544315768,0.8079219872859226,1.9621870417455962,0.0613980817761088,0.06167599103625298,35190.0,2993.685,142.53076536231924,16.146102322147193,1800.1867831675336,0.1867831675335765,0.03765869140625,374,0.17205669854813183
n50_i970011_H_a1101_RDIR,n50_i970011_H_a1101,50,970011,H,1101,RDIR,0,1,1.0467894650182423,0.8659434217102109,2.046549657498383,0.020320586385910968,0.01022689537663739,35040.0,2907.3,87.54297437175659,9.811497080087854,1800.13303330075,0.13303330074995756,0.0863189697265625,2246,0.20439361340731513
n50_i970011_H_a1101_RPERM,n50_i970011_H_a1101,50,970011,H,1101,RPERM,0,2,1.034717696760002,0.8536366840352907,2.035522197758716,0.03348747376053274,0.03180104120703552,35040.0,2902.05,135.4234759953986,15.158336975673377,1800.1974783772603,0.19747837726026773,0.09473037719726562,215,0.19876868953386104
n50_i970011_H_a1101_A7B,n50_i970011_H_a1101,50,970011,H,1101,A7B,0,3,0.9868713889432187,0.8099756418985213,1.9690747091418728,0.05811057564956873,0.057650302598547934,35160.0,2978.19,102.090901656595,10.638867061686698,1800.0036929650232,0.0036929650232195854,0.09473037719726562,1057,0.21968668407310704
n50_i970011_H_a4404_RPERM,n50_i970011_H_a4404,50,970011,H,4404,RPERM,0,0,1.0068788070055992,0.8274458745544129,2.000358506788649,0.048880432062402154,0.04971481124127262,34980.0,2947.56,130.22936022511095,13.31276916840932,1800.001164060086,0.0011640600860118866,0.03863525390625,257,0.240620957309185
n50_i970011_H_a4404_RDIR,n50_i970011_H_a4404,50,970011,H,4404,RDIR,0,1,1.083509580668725,0.8947758873641887,2.11832599535555,0.023509493067818722,0.03654212241979059,34980.0,2739.75,100.78700905000136,10.967354342893193,1800.2518549785018,0.2518549785017967,0.061420440673828125,1156,0.23065235008103727
n50_i970011_H_a4404_F6,n50_i970011_H_a4404,50,970011,H,4404,F6,0,2,1.0016143153721506,0.8248989720601554,1.9830158412032386,0.03333402784274238,0.0038384989476763385,34980.0,3008.28,116.84025307890224,10.41429064041333,1800.2186272051185,0.21862720511853695,0.09473037719726562,876,0.2693087262641348
n50_i970011_H_a4404_A7B,n50_i970011_H_a4404,50,970011,H,4404,A7B,0,3,1.0052749808360848,0.8246195360769766,2.004188068654344,0.0476867573380134,0.03899222083223293,34980.0,2920.245,130.12607430070486,13.376460487346735,1800.1772608514875,0.17726085148751736,0.09473037719726562,787,0.22753322259136213
n50_i970011_H_a5505_RPERM,n50_i970011_H_a5505,50,970011,H,5505,RPERM,0,0,1.0382710668541117,0.8551206137350571,2.048273080716574,0.03987062321804642,0.05144083700155752,35010.0,2860.155,93.78482933974354,8.327850669494358,1800.3444820307195,0.34448203071951866,0.09473037719726562,1078,0.2680584272660575
n50_i970011_H_a5505_A7B,n50_i970011_H_a5505,50,970011,H,5505,A7B,0,1,1.0479975472766294,0.8661018931918236,2.052422676542433,0.03076222856574665,0.04106316569748709,35070.0,2879.505,115.17996344200473,11.486445972748657,1800.295761548914,0.2957615489140153,0.09473037719726562,476,0.24614343053339136
n50_i970011_H_a5505_F6,n50_i970011_H_a5505,50,970011,H,5505,F6,0,2,0.9862409766878505,0.8085679028184088,1.9718990827742582,0.05984453538141633,0.05693712618572693,34920.0,2995.5675,121.51882380839358,13.636076243588564,1800.3712770044804,0.37127700448036194,0.09473037719726562,764,0.1925050916496945
n50_i970011_H_a5505_RDIR,n50_i970011_H_a5505,50,970011,H,5505,RDIR,0,3,1.028930346619563,0.8493826459993896,2.0229201271536645,0.03235653337909758,0.026561419598070322,35010.0,2940.6525,111.75321980053926,17.59332526796167,1800.341863608919,0.34186360891908407,0.09473037719726562,752,0.15451158679042748
n50_i970011_H_a2202_F6,n50_i970011_H_a2202,50,970011,H,2202,F6,0,0,1.0303708745221911,0.8471629905567575,2.040628136590786,0.050961283925619105,0.05538497031499153,34980.0,2863.215,119.47316048884784,12.177296466620326,1800.1532655535266,0.15326555352658033,0.10177230834960938,1106,0.23557319465352858
n50_i970011_H_a2202_A7B,n50_i970011_H_a2202,50,970011,H,2202,A7B,0,1,1.0391830388314571,0.8577392908916384,2.041599696341762,0.031237826977073363,0.03451614191792948,35160.0,2876.5725,138.0384440567137,13.309729047259946,1800.1869095098227,0.18690950982272625,0.10177230834960938,253,0.24862270450751253
n50_i970011_H_a2202_RPERM,n50_i970011_H_a2202,50,970011,H,2202,RPERM,0,2,1.0207971302621022,0.8409916657993634,2.015932527874274,0.042581047597582945,0.03974392465264518,35040.0,2930.55,124.47729657887794,13.395855119999114,1800.1836974183097,0.18369741830974817,0.10177230834960938,741,0.2120257101389177
n50_i970011_H_a2202_RDIR,n50_i970011_H_a2202,50,970011,H,2202,RDIR,0,3,1.0439560169216004,0.8634862291762593,2.0420439624564475,0.023051342897000893,0.02026449940295091,35010.0,2920.05,118.96472066632073,11.756371098385005,1800.130314269103,0.13031426910310984,0.10177230834960938,588,0.25865898029579926
n50_i970011_H_a3303_RPERM,n50_i970011_H_a3303,50,970011,H,3303,RPERM,0,0,1.0206583413055437,0.8402927288931907,2.0182832853604444,0.04325708440714253,0.0382425497507231,34800.0,2952.78,114.08584802681021,11.669366738212984,1800.3547639995813,0.354763999581337,0.10177230834960938,1901,0.22019134656575753
n50_i970011_H_a3303_F6,n50_i970011_H_a3303,50,970011,H,3303,F6,0,1,0.9996935835764204,0.8216174316712576,1.9871431475993633,0.05366244360260616,0.05925436407131483,34980.0,2977.8750000000005,126.47357527526212,12.84806690897786,1800.1151584787294,0.11515847872942686,0.10177230834960938,717,0.2387149775164303
n50_i970011_H_a3303_RDIR,n50_i970011_H_a3303,50,970011,H,3303,RDIR,0,2,1.016018576189573,0.8357827508491248,2.0130666888137827,0.04837159271144519,0.06343915560109473,35010.0,2925.2775,98.66919789959563,10.338465801874884,1800.4605670431629,0.46056704316288233,0.10177230834960938,1087,0.23981949070592026
n50_i970011_H_a3303_A7B,n50_i970011_H_a3303,50,970011,H,3303,A7B,0,3,0.9844976033425599,0.8085281200932246,1.9625841955618337,0.06088002460106993,0.08130861979800631,34980.0,3024.945,101.26615341154645,9.10803733265109,1800.0584979187697,0.058497918769717216,0.10177230834960938,781,0.2655687709667582
n50_i970011_T_a2202_F6,n50_i970011_T_a2202,50,970011,T,2202,F6,0,0,0.8717488304930263,0.7057227064265893,1.8056427152327463,0.1280942733560908,0.11867276538122273,35010.0,3103.677,90.49063605465007,9.611325597546116,1800.584094707854,0.5840947078540921,0.07399368286132812,1543,0.2314226279902924
n50_i970011_T_a2202_A7B,n50_i970011_T_a2202,50,970011,T,2202,A7B,0,1,0.8618801840556825,0.6976813386761473,1.7876528301869474,0.13877624050683857,0.14456572334031906,35010.0,3147.996,90.74120852819023,8.889825684918005,1800.372759519145,0.3727595191448927,0.06185150146484375,752,0.25392064979693846
n50_i970011_T_a2202_RDIR,n50_i970011_T_a2202,50,970011,T,2202,RDIR,0,2,0.976529677869424,0.7990883320886076,1.9611578813397177,0.07666254660631902,0.07623021525753097,35130.0,2810.052,124.2822787279353,13.131050110742896,1800.312983396463,0.31298339646309614,0.09473037719726562,439,0.20799492385786802
n50_i970011_T_a2202_RPERM,n50_i970011_T_a2202,50,970011,T,2202,RPERM,0,3,0.9592488220188208,0.7845384659155045,1.9317392935891167,0.08498743092428522,0.0953369819288772,35040.0,2888.859,121.79714443373473,15.608395737678354,1800.313143788837,0.3131437888368964,0.09473037719726562,430,0.1579003558718861
n50_i970011_T_a1101_F6,n50_i970011_T_a1101,50,970011,T,1101,F6,0,0,0.923824168710177,0.7518943292610638,1.8839567884840114,0.11078116735970187,0.12886866998011476,34920.0,2973.0570000000002,132.62566890176393,17.802047282173717,1800.0738618467003,0.07386184670031071,0.09473037719726562,356,0.18274301763145576
n50_i970011_T_a1101_RDIR,n50_i970011_T_a1101,50,970011,T,1101,RDIR,0,1,1.0142407190560074,0.8344540216243739,2.009292707641045,0.04858649745320594,0.048471400879347724,35310.0,2728.029,83.32037375939066,8.428576628478247,1800.303974069655,0.30397406965494156,0.09473037719726562,860,0.245353894820087
n50_i970011_T_a1101_A7B,n50_i970011_T_a1101,50,970011,T,1101,A7B,0,2,0.9049575583164547,0.7340001730091174,1.8607681596824055,0.12564973728699214,0.1388973026229534,34920.0,2996.6430000000005,114.29819550116764,14.667760089929512,1800.0021706195548,0.0021706195548176765,0.09473037719726562,641,0.18426634345882886
n50_i970011_T_a1101_RPERM,n50_i970011_T_a1101,50,970011,T,1101,RPERM,0,3,0.9579839697469619,0.7822778394641908,1.9349001043370562,0.08805323207976778,0.08921340697130702,34860.0,2889.8460000000005,139.90449252831752,14.348466546252572,1800.1923701558262,0.19237015582621098,0.09473037719726562,344,0.21885404568331399
n50_i970011_T_a5505_RPERM,n50_i970011_T_a5505,50,970011,T,5505,RPERM,0,0,0.9495993683932576,0.7763140717853919,1.9157562422059902,0.07760066422221784,0.06209029551841036,35100.0,2915.043,126.1575897208233,13.895544509853167,1800.1453618649393,0.145361864939332,0.09473037719726562,458,0.2193171823778684
n50_i970011_T_a5505_A7B,n50_i970011_T_a5505,50,970011,T,5505,A7B,0,1,0.952309726380815,0.7792831459892896,1.9173167503431476,0.08050270406436452,0.07010637432522704,34980.0,2938.077,123.8348590662835,12.82958250090508,1800.0585754346102,0.05857543461024761,0.09473037719726562,380,0.23404347449553997
n50_i970011_T_a5505_RDIR,n50_i970011_T_a5505,50,970011,T,5505,RDIR,0,2,0.9707533322627211,0.7965579568626299,1.9409550007075715,0.06240567705569669,0.047673064637316236,34860.0,2926.4880000000003,69.74681525594247,6.57330656179876,1800.311591851525,0.3115918515250087,0.13257598876953125,3493,0.25916849754943383
n50_i970011_T_a5505_F6,n50_i970011_T_a5505,50,970011,T,5505,F6,0,3,1.0898411167836453,0.9008048403920903,2.1260023451905554,0.01619083951328039,0.016661885164798017,34950.0,2553.966,116.76525558763291,11.678303078257699,1800.2615499114618,0.26154991146177053,0.10177230834960938,1006,0.2398687214611872
n50_i970011_T_a4404_RPERM,n50_i970011_T_a4404,50,970011,T,4404,RPERM,0,0,1.0010808782056235,0.8236473315692158,1.9856744188118782,0.05278887651695501,0.06104422063271148,34980.0,2831.19,111.32764548912134,10.019188118328755,1800.1458588251844,0.14585882518440485,0.09473037719726562,742,0.28121534708361057
n50_i970011_T_a4404_RDIR,n50_i970011_T_a4404,50,970011,T,4404,RDIR,0,1,1.0412084518109708,0.8608355258531288,2.038865900512488,0.016118829573013964,0.0003099994427657328,34980.0,2759.8979999999997,100.4497177987719,11.25607948852894,1800.0050568804145,0.005056880414485931,0.09473037719726562,1756,0.23207146735106857
n50_i970011_T_a4404_A7B,n50_i970011_T_a4404,50,970011,T,4404,A7B,0,2,1.0006137005948774,0.8234932144307193,1.9838158613244654,0.0459379620283603,0.02964963187354878,34980.0,2838.783,102.12564446910477,10.535305010003581,1800.5174014410004,0.517401441000402,0.09473037719726562,914,0.23359164953344932
n50_i970011_T_a4404_F6,n50_i970011_T_a4404,50,970011,T,4404,F6,0,3,0.9849505559452111,0.8102238506263537,1.9575136906956858,0.0496847224179171,0.024789247914214323,34980.0,2896.842,125.48388662836524,11.725591772060975,1800.0797239327803,0.07972393278032541,0.10177230834960938,357,0.2700525891884209
n50_i970011_T_a3303_RPERM,n50_i970011_T_a3303,50,970011,T,3303,RPERM,0,0,1.02800060277255,0.8475119025744763,2.0261726036528764,0.03388029000915913,0.028722251228116804,34980.0,2757.09,119.05661111634777,11.393328017349628,1800.0008398573846,0.0008398573845624924,0.10235214233398438,1091,0.23829724985371561
n50_i970011_T_a3303_F6,n50_i970011_T_a3303,50,970011,T,3303,F6,0,1,1.0109283339851938,0.8299359001286505,2.0113391511253877,0.05298818763253249,0.05469555919603342,34800.0,2770.011,107.53077823011614,11.661717426422218,1800.1636664969847,0.16366649698466063,0.10235214233398438,1516,0.2236936121564331
n50_i970011_T_a3303_A7B,n50_i970011_T_a3303,50,970011,T,3303,A7B,0,2,0.9933082369570837,0.8170934849885602,1.9724849123727444,0.04969700093313339,0.03147179262265116,35010.0,2856.561,104.93646950345683,9.241295858891357,1800.6132748136297,0.6132748136296868,0.10235214233398438,1609,0.2775841346153846
n50_i970011_T_a3303_RDIR,n50_i970011_T_a3303,50,970011,T,3303,RDIR,0,3,1.0342439434483564,0.8556173518321033,2.02413990618726,0.02327834406892525,0.008440968170806928,35010.0,2798.064,97.91072397354986,9.86638235782337,1800.558640007861,0.5586400078609586,0.10235214233398438,1030,0.25443287362792005
n50_i970012_H_a1101_F6,n50_i970012_H_a1101,50,970012,H,1101,F6,1,0,1.0292313557875195,0.8530240881661474,2.008374767438062,0.07848560816931834,0.06706017023563537,36480.0,3080.0099999999998,90.93917066017002,8.345713263460889,1800.4452735977247,0.44527359772473574,0.07080078125,1349,0.3093970451217889
n50_i970012_H_a1101_RDIR,n50_i970012_H_a1101,50,970012,H,1101,RDIR,1,1,1.0815497840854442,0.8994427752343256,2.0869142678681927,0.055360385344166214,0.04721500309629623,36480.0,2946.255,112.22307600781497,11.824853570695067,1800.3605602998286,0.36056029982864857,0.053333282470703125,934,0.2534642303537038
n50_i970012_H_a1101_RPERM,n50_i970012_H_a1101,50,970012,H,1101,RPERM,1,2,1.1305223901385533,0.9460348419867021,2.146467048591225,0.015166049169177005,0.003598454274410841,36480.0,2892.285,117.69561943185336,10.65020943234916,1800.0584985464811,0.05849854648113251,0.08176040649414062,671,0.271660320275416
n50_i970012_H_a1101_A7B,n50_i970012_H_a1101,50,970012,H,1101,A7B,1,3,1.0606803861790555,0.8816827004084788,2.0522256562705077,0.0579530249093108,0.04484904071539071,36480.0,3016.7475000000004,90.94149867096505,8.573558799207113,1800.0693016098812,0.06930160988122225,0.08176040649414062,1614,0.2827058899760254
n50_i970012_H_a4404_RPERM,n50_i970012_H_a4404,50,970012,H,4404,RPERM,1,0,1.1625844840740907,0.9744119550873159,2.1949068351264187,0.03154797347324612,0.03946112296005232,36510.0,2804.9700000000003,106.59487883007941,10.207570832909703,1800.330392099917,0.33039209991693497,0.05753326416015625,817,0.2510747129564129
n50_i970012_H_a4404_RDIR,n50_i970012_H_a4404,50,970012,H,4404,RDIR,1,1,1.172971241459639,0.9849426576386604,2.2046538362195407,0.002855244552577806,0.00371891506006142,36480.0,2812.005,120.77251313370796,13.287193106517257,1800.0039442693815,0.003944269381463528,0.06786346435546875,1313,0.2277459547602124
n50_i970012_H_a4404_F6,n50_i970012_H_a4404,50,970012,H,4404,F6,1,2,1.080569554778518,0.8999492251405017,2.07932657539192,0.04905906322902623,0.04521110272780954,36480.0,2979.96,104.10136004897987,9.037997585648736,1800.6200871132314,0.6200871132314205,0.08176040649414062,1573,0.26692884355413543
n50_i970012_H_a4404_A7B,n50_i970012_H_a4404,50,970012,H,4404,A7B,1,3,1.0966061485241416,0.9128478394038643,2.109309744614256,0.06943913398572167,0.06436795610304026,36510.0,2905.04625,104.73666988102366,11.410428511012919,1800.458236969076,0.458236969076097,0.08176040649414062,1586,0.23111370716510904
n50_i970012_H_a5505_RPERM,n50_i970012_H_a5505,50,970012,H,5505,RPERM,1,0,1.0807598280026836,0.8981505611897773,2.088356569393372,0.0841283617334759,0.08201645807835319,36540.0,2927.3250000000003,96.97626276132587,8.169959881026635,1800.1312386067584,0.1312386067584157,0.09302139282226562,1744,0.2575644251036921
n50_i970012_H_a5505_A7B,n50_i970012_H_a5505,50,970012,H,5505,A7B,1,1,1.1303530491194405,0.9444651233026017,2.1525216083053897,0.041044022682552236,0.02886563893242327,36510.0,2856.7650000000003,103.20027471460178,9.207347962040902,1800.5184629000723,0.5184629000723362,0.09302139282226562,1749,0.28206056219085535
n50_i970012_H_a5505_F6,n50_i970012_H_a5505,50,970012,H,5505,F6,1,2,1.1084486462964274,0.9246834735449427,2.121182747414133,0.046572855444264157,0.0380928635374699,36570.0,2897.3475,66.44843565533428,5.630762132130667,1800.6443465519696,0.6443465519696474,0.09822463989257812,2223,0.2846434559621264
n50_i970012_H_a5505_RDIR,n50_i970012_H_a5505,50,970012,H,5505,RDIR,1,3,1.1154052013837323,0.9323394928531349,2.1250305726308265,0.023195917659477764,0.02150234958820106,36480.0,2924.52,109.05560598243007,9.92773027163394,1800.2100692708045,0.21006927080452442,0.09302139282226562,730,0.28844001790510293
n50_i970012_H_a2202_F6,n50_i970012_H_a2202,50,970012,H,2202,F6,1,0,1.1781806118855487,0.9884469704807433,2.2174412403513535,0.018551672560952057,0.0175463913902474,36510.0,2769.5775,132.64359838313342,18.18909988005751,1800.0340982181951,0.03409821819514036,0.09302139282226562,197,0.1637701963898476
n50_i970012_H_a2202_A7B,n50_i970012_H_a2202,50,970012,H,2202,A7B,1,1,1.0904119858274273,0.9083429796447798,2.0956075688614075,0.054579652449801015,0.05075913007338856,36510.0,2943.3450000000003,102.23169436142943,11.606039106212586,1800.0973293995485,0.09732939954847097,0.09302139282226562,1816,0.19237028527666092
n50_i970012_H_a2202_RPERM,n50_i970012_H_a2202,50,970012,H,2202,RPERM,1,2,1.0780856680615993,0.8973674174073216,2.077277893191719,0.04859321655052431,0.03494621727434985,36480.0,2977.7400000000002,76.1104246218026,5.978386841657687,1800.3184278747067,0.31842787470668554,0.1381072998046875,3262,0.33726656136764843
n50_i970012_H_a2202_RDIR,n50_i970012_H_a2202,50,970012,H,2202,RDIR,1,3,1.0818712072544379,0.9001682470329179,2.0854399193500823,0.06779608190507501,0.06824846961921505,36510.0,2951.64375,96.474583078922,10.528045329805256,1800.0492405127734,0.049240512773394585,0.121246337890625,1274,0.22389319824811355
n50_i970012_H_a3303_RPERM,n50_i970012_H_a3303,50,970012,H,3303,RPERM,1,0,1.057296118413589,0.877405813873158,2.052808583037732,0.06002836522534025,0.04302095409138849,36540.0,2988.9675,92.02921560568663,8.782590075995715,1800.7216394199058,0.7216394199058414,0.09302139282226562,1965,0.24723363895036357
n50_i970012_H_a3303_F6,n50_i970012_H_a3303,50,970012,H,3303,F6,1,1,1.0430995733345532,0.8658829914543528,2.026728826135446,0.06354272091217926,0.05652998103278056,36480.0,3057.1275,123.41114565808111,10.338882931252087,1800.2912039691582,0.2912039691582322,0.09302139282226562,800,0.2788910976199431
n50_i970012_H_a3303_RDIR,n50_i970012_H_a3303,50,970012,H,3303,RDIR,1,2,1.0809766686205247,0.9007609248030753,2.077935530031411,0.03413258972660531,0.019123632337223345,36480.0,2989.1325,112.51031163831108,13.802720950177694,1800.2972087673843,0.2972087673842907,0.09302139282226562,291,0.21191999678055454
n50_i970012_H_a3303_A7B,n50_i970012_H_a3303,50,970012,H,3303,A7B,1,3,1.1000026386325708,0.9149437333115117,2.1184866622817182,0.06089900188385071,0.04292210507220667,36510.0,2875.5600000000004,116.3981980161722,10.791231075625006,1800.1653253333643,0.16532533336430788,0.09302139282226562,947,0.2198085040667147
n50_i970012_T_a2202_F6,n50_i970012_T_a2202,50,970012,T,2202,F6,1,0,1.1005192991624446,0.9177919293482832,2.108640942780931,0.028810645839012532,0.024509582911976854,36480.0,2826.732,97.93653356253223,9.729044898439684,1800.0739212138578,0.07392121385782957,0.05585479736328125,425,0.24924341917432763
n50_i970012_T_a2202_A7B,n50_i970012_T_a2202,50,970012,T,2202,A7B,1,1,1.0914891721995472,0.9086887276388436,2.0999355924693393,0.05550730571512814,0.06302584189142726,36480.0,2824.851,91.43840486837159,7.534585419769931,1800.8953703539446,0.8953703539445996,0.10337066650390625,2604,0.2625838307907731
n50_i970012_T_a2202_RDIR,n50_i970012_T_a2202,50,970012,T,2202,RDIR,1,2,1.0818075005221441,0.9006232665638186,2.0830707625591462,0.04384945258893955,0.04914926395170642,36480.0,2866.4534999999996,108.45891338183942,14.13019881081684,1800.2577557880431,0.25775578804314137,0.08176040649414062,1624,0.18547055586130984
n50_i970012_T_a2202_RPERM,n50_i970012_T_a2202,50,970012,T,2202,RPERM,1,3,1.1354054571130463,0.9501878940873894,2.154594626115965,0.009144211779164815,0.005850052114584274,36510.0,2758.752,75.3640489382374,7.6945493445215645,1800.8851954229176,0.8851954229176044,0.10942840576171875,2827,0.24781698780399797
n50_i970012_T_a1101_F6,n50_i970012_T_a1101,50,970012,T,1101,F6,1,0,1.0395202420579905,0.8615997220786573,2.026278108632801,0.07743125794073573,0.08951480935094297,36480.0,2950.464,56.9911601425542,5.102632944811334,1800.0510911410674,0.05109114106744528,0.10202789306640625,1364,0.2675013609145346
n50_i970012_T_a1101_RDIR,n50_i970012_T_a1101,50,970012,T,1101,RDIR,1,1,1.0595583889701492,0.8815726028695017,2.0466063271952466,0.03681013234873234,0.02530847195445064,36480.0,2948.784,102.24651879580314,10.909294991610452,1800.2079891599715,0.2079891599714756,0.09302139282226562,216,0.2537298233107592
n50_i970012_T_a1101_A7B,n50_i970012_T_a1101,50,970012,T,1101,A7B,1,2,1.0483564794254905,0.8681535099464667,2.0452585659989286,0.08394031010966255,0.09561990408359644,36480.0,2891.712,90.33780721813382,8.738139412510268,1800.154387269169,0.15438726916909218,0.09302139282226562,465,0.222822631913541
n50_i970012_T_a1101_RPERM,n50_i970012_T_a1101,50,970012,T,1101,RPERM,1,3,1.151667067899046,0.9617670678990454,2.191667067899045,0.004278066426566228,0.0002466634022648915,36480.0,2642.103,127.99838748353086,19.686162660758658,1800.1476778732613,0.1476778732612729,0.09302139282226562,612,0.13403690953214065
n50_i970012_T_a5505_RPERM,n50_i970012_T_a5505,50,970012,T,5505,RPERM,1,0,1.1356722694324353,0.9480975518740539,2.1653376808030163,0.027946472340186556,0.032546853935733255,36570.0,2690.316,115.7502791167982,12.838242043324836,1800.090691701509,0.09069170150905848,0.09302139282226562,609,0.19173517957594116
n50_i970012_T_a5505_A7B,n50_i970012_T_a5505,50,970012,T,5505,A7B,1,1,1.084179215479089,0.90245414681369,2.087846187325305,0.05491851549745156,0.08075089824413766,36480.0,2852.532,105.48893333720997,11.526152908024832,1800.3405095860362,0.3405095860362053,0.09302139282226562,749,0.22524215700448172
n50_i970012_T_a5505_RDIR,n50_i970012_T_a5505,50,970012,T,5505,RDIR,1,2,1.0457553087327682,0.8681609445400413,2.0310635940337765,0.06224944639498346,0.07024058678881002,36480.0,2958.8595,124.01068403887314,14.815710995246349,1800.1836029710248,0.18360297102481127,0.09302139282226562,648,0.19125642083161487
n50_i970012_T_a5505_F6,n50_i970012_T_a5505,50,970012,T,5505,F6,1,3,1.078828894777015,0.8960256544633696,2.0872877406154355,0.0662895780795911,0.0791297178704947,36540.0,2817.018,122.03147002758399,12.04572216250687,1800.2241548867896,0.22415488678961992,0.09302139282226562,415,0.2272538621166705
n50_i970012_T_a4404_RPERM,n50_i970012_T_a4404,50,970012,T,4404,RPERM,1,0,1.0221744078963524,0.8468401745207598,1.9974376673434293,0.06777881333162986,0.06181300457909818,36480.0,3017.0370000000003,97.38050635178324,8.797274931224209,1800.2165584014729,0.21655840147286654,0.09302139282226562,889,0.2913430573972343
n50_i970012_T_a4404_RDIR,n50_i970012_T_a4404,50,970012,T,4404,RDIR,1,1,1.1008274200877803,0.9171231562935133,2.1132908147289666,0.027434892104929005,0.018517050537719914,36480.0,2801.586,117.78325383515461,12.24212645379301,1800.3408217672259,0.34082176722586155,0.09302139282226562,508,0.2364337568058076
n50_i970012_T_a4404_A7B,n50_i970012_T_a4404,50,970012,T,4404,A7B,1,2,1.0343554778011064,0.8577389982349704,2.0153176092061544,0.06301356276752368,0.05759480247668294,36480.0,2984.031,95.6871185054274,9.712629400448739,1800.3363743284717,0.3363743284717202,0.09302139282226562,437,0.26592702733615464
n50_i970012_T_a4404_F6,n50_i970012_T_a4404,50,970012,T,4404,F6,1,3,1.0280915246726485,0.8523550312344035,2.0051426066204034,0.061657348316268706,0.06150491752511233,36510.0,3002.8019999999997,129.37191476226243,12.024403429344474,1800.089303988032,0.08930398803204298,0.09302139282226562,489,0.25534765534765536
n50_i970012_T_a3303_RPERM,n50_i970012_T_a3303,50,970012,T,3303,RPERM,1,0,1.0824860404373995,0.9007179660599212,2.0863441487817527,0.05428410632734189,0.0642483074635065,36480.0,2851.425,125.51096910683579,13.166189370826883,1800.2171571766958,0.21715717669576406,0.13296890258789062,248,0.21753438528394228
n50_i970012_T_a3303_F6,n50_i970012_T_a3303,50,970012,T,3303,F6,1,1,1.009753091821658,0.8345824913024761,1.9842890941291293,0.08821922086716151,0.09957047143454162,36540.0,3013.4880000000003,94.25580197851595,8.647183686047264,1800.2393108773977,0.23931087739765644,0.13296890258789062,1783,0.24609751397186355
n50_i970012_T_a3303_A7B,n50_i970012_T_a3303,50,970012,T,3303,A7B,1,2,1.1037141309289005,0.9207357196409697,2.1129515144308146,0.03854040388215297,0.04960157574731862,36480.0,2820.27,110.59454324187176,10.435763713774348,1800.2515690540895,0.2515690540894866,0.13296890258789062,530,0.2583701495715122
n50_i970012_T_a3303_RDIR,n50_i970012_T_a3303,50,970012,T,3303,RDIR,1,3,1.0834832927499176,0.9028792286746933,2.0821680219731356,0.03556606737283486,0.03189821753096417,36510.0,2877.507,96.62427449799516,11.340405202945938,1800.0238646408543,0.02386464085429907,0.13296890258789062,1129,0.23068632734042033
n100_i980001_H_a2202_RDIR,n100_i980001_H_a2202,100,980001,H,2202,RDIR,0,0,1.0451777489704925,0.8641918563328459,2.045559494026698,0.04941274265355258,0.05838396366333359,69720.0,3998.115,54.366689566218724,3.2832863567494113,3600.6606538286433,0.6606538286432624,0.09473037719726562,883,0.20834038233801389
n100_i980001_H_a2202_RPERM,n100_i980001_H_a2202,100,980001,H,2202,RPERM,0,1,1.0511731116247012,0.871151811476304,2.0472677789509137,0.037406452530269585,0.05500275281116842,69450.0,4017.12,49.93789686452176,3.1274025222444912,3600.4319622786716,0.43196227867156267,0.09473037719726562,349,0.2515985790408526
n100_i980001_H_a2202_F6,n100_i980001_H_a2202,100,980001,H,2202,F6,0,2,0.9872332739158393,0.8085345286554533,1.9774499195175563,0.08676808631306478,0.11112937479571292,69720.0,4032.39,57.5104405061788,3.4437655649525696,3600.1289188135415,0.12891881354153156,0.09473037719726562,204,0.1902726246168737
n100_i980001_H_a2202_A7B,n100_i980001_H_a2202,100,980001,H,2202,A7B,0,3,0.9705601726165081,0.797452856622164,1.935926021480254,0.057654301743922214,0.04199556021247412,69300.0,4123.259999999999,54.480695501091304,4.4501578826408625,3601.220546020195,1.2205460201948881,0.09473037719726562,201,0.16747784849619368
n100_i980001_H_a1101_RDIR,n100_i980001_H_a1101,100,980001,H,1101,RDIR,0,0,1.0794034998810353,0.896176913713515,2.0897438828477974,0.03286595002958861,0.03548879490196121,69930.0,3960.9974999999995,53.797329565831824,4.0306332575887325,3600.1786996321753,0.17869963217526674,0.09473037719726562,643,0.16814830128867755
n100_i980001_H_a1101_F6,n100_i980001_H_a1101,100,980001,H,1101,F6,0,1,0.9814514240285761,0.8068058725726639,1.9536538749437387,0.06240282692838832,0.06459463858625342,69480.0,4097.175,55.44846828122126,3.555275466901425,3601.127428575419,1.1274285754188895,0.09473037719726562,438,0.1972975083964696
n100_i980001_H_a1101_RPERM,n100_i980001_H_a1101,100,980001,H,1101,RPERM,0,2,1.1332447992545926,0.9444579926578917,2.1682972730177106,0.021528438836635203,0.006749219186597661,69930.0,3877.6725000000006,62.26399951407872,3.860121384174791,3601.1820915760472,1.1820915760472417,0.10177230834960938,249,0.191425077332566
n100_i980001_H_a1101_A7B,n100_i980001_H_a1101,100,980001,H,1101,A7B,0,3,1.0425872822857,0.862993607017857,2.0367813945872233,0.0373505864081058,0.04062417567338706,69930.0,4015.44,55.219802131668764,3.310183414431657,3601.008919334039,1.008919334039092,0.10177230834960938,158,0.20528523489932887
n100_i980001_H_a5505_A7B,n100_i980001_H_a5505,100,980001,H,5505,A7B,0,0,0.9612123439033973,0.7896926061747943,1.9195222893638513,0.06351234211301456,0.04945936031941082,71100.0,4116.72,54.28702768049751,3.816774528288271,3600.1602657316253,0.16026573162525892,0.09473037719726562,490,0.1947456516992941
n100_i980001_H_a5505_RPERM,n100_i980001_H_a5505,100,980001,H,5505,RPERM,0,1,1.0570790587434513,0.8768104366195826,2.0542729348495334,0.027757391097761177,0.033231009538808615,69660.0,4009.8750000000005,60.596689960262054,5.996586505962096,3600.048123801127,0.04812380112707615,0.09473037719726562,414,0.11858439874004076
n100_i980001_H_a5505_F6,n100_i980001_H_a5505,100,980001,H,5505,F6,0,2,1.131594708023261,0.944241193905553,2.160276992990845,0.016740261855211064,0.006162407374226846,70890.0,3882.9749999999995,52.9323646701201,3.6892220496019017,3600.21701633092,0.21701633092015982,0.10177230834960938,380,0.20418611654871255
n100_i980001_H_a5505_RDIR,n100_i980001_H_a5505,100,980001,H,5505,RDIR,0,3,1.014043268527055,0.8377499518617675,1.9935691203727794,0.04659552507749111,0.037039697828765074,71160.0,4044.1724999999997,53.17853429748291,3.4727954649500075,3601.133474810049,1.1334748100489378,0.10177230834960938,161,0.20486166640012793
n100_i980001_H_a3303_RDIR,n100_i980001_H_a3303,100,980001,H,3303,RDIR,0,0,1.0729013308072022,0.8864943483685757,2.0973768083122057,0.055566885177318136,0.07850741380792142,69720.0,3916.875,63.00316121141255,3.844030062144187,3601.1685070637614,1.1685070637613535,0.10177230834960938,276,0.1782128151412266
n100_i980001_H_a3303_A7B,n100_i980001_H_a3303,100,980001,H,3303,A7B,0,1,1.0810056871486957,0.8970726868622448,2.09448568842181,0.0385383616336407,0.05934527822431939,69570.0,3956.477500000001,54.052333111082675,3.3036084900518383,3601.2136534415185,1.2136534415185452,0.10177230834960938,319,0.21644111960998572
n100_i980001_H_a3303_F6,n100_i980001_H_a3303,100,980001,H,3303,F6,0,2,1.0470330434845976,0.8659932798032589,2.0476542154016557,0.05124222385089893,0.08034018486281232,69300.0,4004.385,49.94246028711363,3.125361503786507,3600.5434847669676,0.5434847669675946,0.10177230834960938,290,0.21825291033502178
n100_i980001_H_a3303_RPERM,n100_i980001_H_a3303,100,980001,H,3303,RPERM,0,3,1.0845323068067654,0.8991853195858716,2.104296694455182,0.04190248203472718,0.05722372471531974,69720.0,3932.7599999999998,58.05424811323483,4.413285957832415,3600.7184106884524,0.7184106884524226,0.10177230834960938,350,0.1270530488956013
n100_i980001_H_a4404_A7B,n100_i980001_H_a4404,100,980001,H,4404,A7B,0,0,0.9624226110610252,0.7880619095062908,1.9333590624153978,0.08181330980344471,0.08862898122647787,69120.0,4107.51,55.036619443036535,3.573561360076138,3603.1282808938995,3.1282808938995004,0.10235214233398438,1283,0.1827430879155017
n100_i980001_H_a4404_F6,n100_i980001_H_a4404,100,980001,H,4404,F6,0,1,1.0837302364938228,0.8993098812714196,2.0993762597045054,0.030047276403881787,0.04470522146270215,68940.0,3959.7899999999995,64.3290216860762,3.1473553453189558,3600.8009126950055,0.8009126950055361,0.10235214233398438,165,0.22280067060795905
n100_i980001_H_a4404_RPERM,n100_i980001_H_a4404,100,980001,H,4404,RPERM,0,2,0.9960145776798254,0.819818577833993,1.9751079103279687,0.0661195102525773,0.06859962399484183,69630.0,4071.4125000000004,56.51406264720124,4.1006469454891326,3601.139087636955,1.1390876369550824,0.10235214233398438,246,0.17606826031015102
n100_i980001_H_a4404_RDIR,n100_i980001_H_a4404,100,980001,H,4404,RDIR,0,3,0.9522620940365331,0.7827878007409875,1.9014811753500678,0.04987606129727543,0.007173176189230292,69540.0,4173.66,49.50591259729157,3.808574406850301,3600.5598250450566,0.5598250450566411,0.10235214233398438,125,0.18179829359002406
n100_i980001_T_a4404_A7B,n100_i980001_T_a4404,100,980001,T,4404,A7B,0,0,0.9299547945229656,0.7575945997968957,1.8920001044166108,0.09324065019659877,0.0941989220450809,69930.0,4030.8209999999995,56.081099041143396,3.2622469344480667,3600.892340783961,0.8923407839611173,0.041553497314453125,212,0.2029454328764791
n100_i980001_T_a4404_F6,n100_i980001_T_a4404,100,980001,T,4404,F6,0,1,0.9547434744704026,0.7831407454635075,1.9134222700566024,0.05615950457711383,0.030757058713630218,69990.0,4041.6914999999995,56.963374266695524,4.001288521785473,3600.840059784241,0.8400597842410207,0.09473037719726562,354,0.18593836757357024
n100_i980001_T_a4404_RDIR,n100_i980001_T_a4404,100,980001,T,4404,RDIR,0,2,0.9377904096018,0.7686928894503813,1.8853349436081024,0.05465604130342054,0.018211104959282326,69360.0,4093.4445000000005,53.50229423903205,3.313025613358264,3600.032535791397,0.03253579139709473,0.09473037719726562,345,0.2557223107235684
n100_i980001_T_a4404_RPERM,n100_i980001_T_a4404,100,980001,T,4404,RPERM,0,3,0.9373520535208363,0.7649393773827147,1.8996306141347095,0.08112061075535451,0.0834737334126884,69330.0,4041.432,59.19588814661138,3.238043359290911,3600.013559593819,0.013559593819081783,0.09473037719726562,460,0.22750278802436305
n100_i980001_T_a1101_RDIR,n100_i980001_T_a1101,100,980001,T,1101,RDIR,0,0,1.0183744965517187,0.8394507071386861,2.0095913383874198,0.03682919052517511,0.032834629831025246,68700.0,3950.1690000000003,53.29032739863825,4.652208954051717,3601.085025514476,1.0850255144760013,0.04953765869140625,350,0.15364412344057782
n100_i980001_T_a1101_F6,n100_i980001_T_a1101,100,980001,T,1101,F6,0,1,1.0144172085294498,0.833857274472619,2.012905804337584,0.0638455588450863,0.09455804665078922,70200.0,3895.608,54.231687412556944,3.382173940148507,3601.234062924981,1.2340629249811172,0.09473037719726562,1108,0.18596059113300492
n100_i980001_T_a1101_A7B,n100_i980001_T_a1101,100,980001,T,1101,A7B,0,2,1.0093731363099632,0.8291524531074609,2.006353950543309,0.060542940072814896,0.086300649606138,69360.0,3917.01,54.31119069290027,3.3071398703763406,3600.6943965889513,0.6943965889513493,0.09473037719726562,211,0.20213301981860934
n100_i980001_T_a1101_RPERM,n100_i980001_T_a1101,100,980001,T,1101,RPERM,0,3,1.0532710215821857,0.8705655947923057,2.061295140648317,0.025903061977624972,0.020009400929959058,69750.0,3870.159,49.597482535244175,2.9985623888596007,3601.392467310652,1.3924673106521368,0.09473037719726562,547,0.22418742476155198
n100_i980001_T_a5505_A7B,n100_i980001_T_a5505,100,980001,T,5505,A7B,0,0,1.0519937725435218,0.8692914240263899,2.060004210397439,0.030983896887936513,0.04083284795738256,69720.0,3870.78,61.55636914699004,3.5309416145109864,3600.4560221992433,0.4560221992433071,0.09473037719726562,212,0.2144261779281051
n100_i980001_T_a5505_RPERM,n100_i980001_T_a5505,100,980001,T,5505,RPERM,0,1,1.0397421038181496,0.8608658400163607,2.0307477207149893,0.019937370595562335,0.019495666166264785,70410.0,3918.3089999999997,54.87072246247737,3.6196049650884756,3600.116622030735,0.11662203073501587,0.09473037719726562,242,0.2162535492287622
n100_i980001_T_a5505_RDIR,n100_i980001_T_a5505,100,980001,T,5505,RDIR,0,2,0.9795135480130247,0.8039802380060261,1.9556615924885699,0.04910628054312387,0.02388611883829098,68430.0,4009.098,50.90151428718375,3.2804031249704804,3600.7769624674693,0.776962467469275,0.10177230834960938,273,0.22917372163901117
n100_i980001_T_a5505_F6,n100_i980001_T_a5505,100,980001,T,5505,F6,0,3,1.0276749138985157,0.8490290586755023,2.0176564926674665,0.025115344445128845,0.012006399842189569,69840.0,3932.835,55.87431129915758,2.867449586224651,3601.458260891959,1.4582608919590712,0.10177230834960938,301,0.25593105451728476
n100_i980001_T_a3303_RDIR,n100_i980001_T_a3303,100,980001,T,3303,RDIR,0,0,0.9955833888528257,0.8173579945467278,1.9836962524354802,0.048648033230884145,0.028299005553320447,69720.0,3941.7929999999997,61.7568650458765,6.772154821090343,3601.364801059477,1.3648010594770312,0.09473037719726562,234,0.0984460207470581
n100_i980001_T_a3303_A7B,n100_i980001_T_a3303,100,980001,T,3303,A7B,0,1,1.054385260348524,0.8660363625529325,2.087491472773372,0.07324470310557744,0.0900254984145575,69720.0,3781.215,61.58465352634384,3.1003283525739556,3600.2638206798583,0.2638206798583269,0.09473037719726562,476,0.19575344920265186
n100_i980001_T_a3303_RPERM,n100_i980001_T_a3303,100,980001,T,3303,RPERM,0,2,1.0357142427764003,0.8537360462873429,2.040506227172212,0.046104918718051995,0.04167533038096527,69360.0,3889.1325,58.012937150923,3.2960318395451704,3601.300162694417,1.3001626944169402,0.10177230834960938,274,0.2100252737994945
n100_i980001_T_a3303_F6,n100_i980001_T_a3303,100,980001,T,3303,F6,0,3,0.9899781120145287,0.8130983950862988,1.9721101872511064,0.0565648695960233,0.0654868215681581,69720.0,3963.1380000000004,59.33917839909656,3.6838816661557403,3601.3643222814426,1.3643222814425826,0.10177230834960938,362,0.19424135071983115
n100_i980001_T_a2202_RDIR,n100_i980001_T_a2202,100,980001,T,2202,RDIR,0,0,0.8567669049276497,0.6940897110262955,1.7757766556003343,0.10355090907576682,0.07003290462675635,69720.0,4188.4169999999995,52.730050179604866,3.615747894258469,3601.1913387756795,1.191338775679469,0.10235214233398438,1401,0.1962982873819215
n100_i980001_T_a2202_RPERM,n100_i980001_T_a2202,100,980001,T,2202,RPERM,0,1,1.007143987401311,0.830261420296341,1.989288730090068,0.03775231067923862,0.0297764137805478,69510.0,3967.098,55.260363345288695,3.054112865849519,3600.7182717332616,0.7182717332616448,0.10235214233398438,366,0.24152041465854324
n100_i980001_T_a2202_A7B,n100_i980001_T_a2202,100,980001,T,2202,A7B,0,2,1.0715125480831147,0.8853046359071273,2.095103268865279,0.03794363876673466,0.03068497834852593,69390.0,3821.4689999999996,59.694344328391104,3.070044053777787,3600.27406981308,0.274069813080132,0.10235214233398438,299,0.21623088754184383
n100_i980001_T_a2202_F6,n100_i980001_T_a2202,100,980001,T,2202,F6,0,3,0.8884224168648233,0.7205384066299906,1.8305735734640778,0.09976882054816998,0.07857705086424283,69720.0,4105.827,57.07162623293242,3.507238345879937,3601.1239483729005,1.123948372900486,0.10235214233398438,166,0.1920031670625495
n100_i980002_H_a2202_RDIR,n100_i980002_H_a2202,100,980002,H,2202,RDIR,1,0,0.9141315973151916,0.7423208407142382,1.8737349599860906,0.04603580828287532,0.05218811767222578,74580.0,4160.8724999999995,64.82321864810372,3.761284517962144,3601.1633619619533,1.163361961953342,0.08950042724609375,451,0.18087855297157623
n100_i980002_H_a2202_RPERM,n100_i980002_H_a2202,100,980002,H,2202,RPERM,1,1,0.8914579509986276,0.7204250028607344,1.84760438716704,0.07158789123031783,0.06922887872161075,75510.0,4156.725,64.30353052770514,3.149514196717386,3600.2377801053226,0.2377801053225994,0.09302139282226562,357,0.20398624217303113
n100_i980002_H_a2202_F6,n100_i980002_H_a2202,100,980002,H,2202,F6,1,2,0.8386171514544838,0.6764926935549119,1.755170297674803,0.06829017822203233,0.05968260485153318,75720.0,4282.672500000001,63.37630055698073,4.321805689893053,3600.8097347812727,0.8097347812727094,0.09302139282226562,329,0.17176455468448784
n100_i980002_H_a2202_A7B,n100_i980002_H_a2202,100,980002,H,2202,A7B,1,3,0.847932587938906,0.6844289655199667,1.7706153542453014,0.06295614941879094,0.05006214356007043,75060.0,4273.597500000001,59.4608251602717,3.6082984132308704,3600.589117674157,0.5891176741570234,0.09302139282226562,241,0.2014316502463054
n100_i980002_H_a1101_RDIR,n100_i980002_H_a1101,100,980002,H,1101,RDIR,1,0,0.8475481319439259,0.6799679800357809,1.7883488070912368,0.07105889611679402,0.053047842787662156,75240.0,4211.3775000000005,68.5074971325583,5.853190690529121,3600.087732336484,0.08773233648389578,0.09302139282226562,328,0.10971905846621109
n100_i980002_H_a1101_F6,n100_i980002_H_a1101,100,980002,H,1101,F6,1,1,0.9034456915626102,0.7303795087902188,1.8686287261065733,0.0709913043234878,0.08501718055708778,74910.0,4137.15,75.2411876124553,4.155021228546132,3600.2222797870636,0.22227978706359863,0.09302139282226562,236,0.15722976134768366
n100_i980002_H_a1101_RPERM,n100_i980002_H_a1101,100,980002,H,1101,RPERM,1,2,0.9188710333714118,0.7474914415989112,1.8765581079158544,0.05479144187247426,0.07227006076031874,75810.0,4146.705,60.068594953746654,2.8568386814851423,3600.8333500484005,0.8333500484004617,0.09302139282226562,256,0.24234470691163604
n100_i980002_H_a1101_A7B,n100_i980002_H_a1101,100,980002,H,1101,A7B,1,3,0.8514848224924794,0.6852133270057946,1.7864692468777432,0.07747573225172054,0.06764743831369299,75120.0,4232.385,51.234445867268185,2.894675220430811,3600.058454381302,0.05845438130199909,0.10431671142578125,1605,0.19009691968141254
n100_i980002_H_a5505_A7B,n100_i980002_H_a5505,100,980002,H,5505,A7B,1,0,0.8457517704029115,0.6834931586603172,1.7629011559255523,0.060363175570630326,0.04717086216491576,75660.0,4281.72,57.600320792687334,4.674259616676123,3600.570225059055,0.5702250590547919,0.09302139282226562,306,0.15276292335115865
n100_i980002_H_a5505_RPERM,n100_i980002_H_a5505,100,980002,H,5505,RPERM,1,1,0.9382381729965147,0.7500874108013919,1.9704637827526117,0.11291880827066407,0.1529963951608507,75660.0,3905.5200000000004,72.1610489824139,3.112827385652081,3600.5851309522986,0.5851309522986412,0.09302139282226562,269,0.17389364739471805
n100_i980002_H_a5505_F6,n100_i980002_H_a5505,100,980002,H,5505,F6,1,2,0.8753422201846784,0.7082102473491346,1.8141509883426477,0.061369717213651497,0.06367264141539748,75660.0,4210.9125,62.35897587593085,3.324156496226005,3600.0110143991187,0.011014399118721485,0.09302139282226562,426,0.20589955711540067
n100_i980002_H_a5505_RDIR,n100_i980002_H_a5505,100,980002,H,5505,RDIR,1,3,0.878072856645451,0.708904677141641,1.825931432217941,0.0790500519624921,0.10151407343124187,75480.0,4184.3175,59.336537957899104,3.829391231688222,3600.311163276434,0.3111632764339447,0.09302139282226562,181,0.1704504243127584
n100_i980002_H_a3303_RDIR,n100_i980002_H_a3303,100,980002,H,3303,RDIR,1,0,0.9225472034292715,0.7501306460982654,1.8848430137893002,0.0525143839354841,0.055239228398923826,76020.0,4128.150000000001,68.51586462825458,4.896013411059894,3601.2973249154165,1.2973249154165387,0.09302139282226562,311,0.1330535390199637
n100_i980002_H_a3303_A7B,n100_i980002_H_a3303,100,980002,H,3303,A7B,1,1,0.9565903219536261,0.7826727923576144,1.9255571201581203,0.027887076201368443,0.012242301647083537,75900.0,4108.335,60.51178753916747,3.4868723782201236,3600.93477421999,0.9347742199897766,0.09302139282226562,386,0.20117871933736858
n100_i980002_H_a3303_F6,n100_i980002_H_a3303,100,980002,H,3303,F6,1,2,0.9635418165229869,0.7894314749575927,1.9333655568136254,0.023302020017945145,0.0097042136345748,76470.0,4096.0650000000005,59.41469284521605,3.199380838615938,3601.6343727884814,1.6343727884814143,0.121246337890625,375,0.1978651392866441
n100_i980002_H_a3303_RPERM,n100_i980002_H_a3303,100,980002,H,3303,RPERM,1,3,0.9503743666166149,0.7777878214654125,1.9134256783997348,0.02324939379972446,0.01348186826516445,76470.0,4118.205,47.74502411782586,4.127831093344082,3600.4380179131404,0.43801791314035654,0.121246337890625,646,0.15220024222850223
n100_i980002_H_a4404_A7B,n100_i980002_H_a4404,100,980002,H,4404,A7B,1,0,0.7530344229583937,0.5970937345544819,1.6421041491980002,0.11227986663087251,0.09044973120018913,74550.0,4391.955000000001,61.80066245413965,3.3843821657363318,3600.6571962740272,0.6571962740272284,0.121246337890625,272,0.23157721976038076
n100_i980002_H_a4404_F6,n100_i980002_H_a4404,100,980002,H,4404,F6,1,1,0.8504122761562757,0.6813399205450255,1.7978449677618324,0.1031803922027655,0.10592904308438549,74850.0,4196.174999999999,71.28890749877358,3.65417486647211,3600.265581351705,0.2655813517048955,0.13296890258789062,216,0.17087260565521434
n100_i980002_H_a4404_RPERM,n100_i980002_H_a4404,100,980002,H,4404,RPERM,1,2,0.8416049566385411,0.680282583925835,1.7545932798061246,0.0506908406876444,0.011239152250606859,74970.0,4306.785,57.499727344900315,4.343453632739206,3600.5909864259884,0.5909864259883761,0.13296890258789062,771,0.1681053775816868
n100_i980002_H_a4404_RDIR,n100_i980002_H_a4404,100,980002,H,4404,RDIR,1,3,0.917059063254265,0.7385214638874601,1.9065595048845116,0.06212550882887083,0.04343568137040909,74130.0,4070.6100000000006,65.7828724968243,4.603042746337395,3600.010017978959,0.010017978958785534,0.13296890258789062,203,0.15315913342586446
n100_i980002_T_a4404_A7B,n100_i980002_T_a4404,100,980002,T,4404,A7B,1,0,0.8924949173522655,0.7125118646017985,1.8884195962432306,0.1691370257026286,0.19806149367583037,75270.0,3998.2380000000003,68.1261149597674,3.1361333203304618,3600.293369801715,0.29336980171501637,0.04468536376953125,370,0.20821893543530245
n100_i980002_T_a4404_F6,n100_i980002_T_a4404,100,980002,T,4404,F6,1,1,0.9270976511196164,0.7492232486214595,1.913650551111425,0.11102159269766987,0.1053184069202913,75270.0,4029.6060000000007,61.142557735411756,3.0323443035206594,3601.174176468514,1.174176468513906,0.057529449462890625,319,0.225
n100_i980002_T_a4404_RDIR,n100_i980002_T_a4404,100,980002,T,4404,RDIR,1,2,0.8318602449128087,0.6699431187397674,1.7474919167929903,0.1355901919620273,0.13361491181700813,74370.0,4288.777500000001,45.75041644526924,2.907944287061755,3601.169405683875,1.169405683875084,0.08176040649414062,918,0.26059969442322384
n100_i980002_T_a4404_RPERM,n100_i980002_T_a4404,100,980002,T,4404,RPERM,1,3,0.7645452124580823,0.6028694351818963,1.679104222574462,0.21161350899089473,0.21978945933463948,74730.0,4283.650500000001,56.53879343978531,3.6833162551709333,3601.1026697419584,1.1026697419583797,0.09302139282226562,341,0.18101628468033776
n100_i980002_T_a1101_RDIR,n100_i980002_T_a1101,100,980002,T,1101,RDIR,1,0,0.9888362717874474,0.8005966081954775,2.0214569988628677,0.11441746898486599,0.1513359574524902,75390.0,3872.5080000000003,59.76642965139471,3.3612940224886665,3600.3991079125553,0.39910791255533695,0.05175018310546875,303,0.19120806478268054
n100_i980002_T_a1101_F6,n100_i980002_T_a1101,100,980002,T,1101,F6,1,1,0.8434480895196707,0.6771543527642931,1.778531363988019,0.16493470883023434,0.18221188887343182,75300.0,4201.152,66.1132282556647,4.23655736721437,3601.745161787607,1.7451617876067758,0.057529449462890625,389,0.15630119929222097
n100_i980002_T_a1101_A7B,n100_i980002_T_a1101,100,980002,T,1101,A7B,1,2,0.7801914656445232,0.6211160453688958,1.6831933335361968,0.18578034859271858,0.19375530347816158,75690.0,4299.087,65.26621893976997,3.074067077817362,3600.116627207026,0.11662720702588558,0.08176040649414062,251,0.21785488388903948
n100_i980002_T_a1101_RPERM,n100_i980002_T_a1101,100,980002,T,1101,RPERM,1,3,0.8681430916275972,0.7004671803103316,1.809369364148771,0.15043921098183208,0.16383702992588178,75570.0,4174.053,55.61324589650595,3.9405408081591973,3601.282334296964,1.282334296964109,0.09302139282226562,538,0.16806426608413783
n100_i980002_T_a5505_A7B,n100_i980002_T_a5505,100,980002,T,5505,A7B,1,0,0.8363849384364731,0.6700444491785978,1.7716760018048108,0.18374484818040845,0.20823751180669575,75540.0,4194.645,60.42008918775176,3.749124483194257,3600.573963470757,0.5739634707570076,0.09302139282226562,303,0.17623527668716202
n100_i980002_T_a5505_RPERM,n100_i980002_T_a5505,100,980002,T,5505,RPERM,1,1,0.8875835796283086,0.7075960709028779,1.8835280628524431,0.18580051448961013,0.2059704438571448,75660.0,3988.728,64.66466812881869,3.6287087861670893,3600.7298380648717,0.7298380648717284,0.09302139282226562,220,0.18222868513699678
n100_i980002_T_a5505_RDIR,n100_i980002_T_a5505,100,980002,T,5505,RDIR,1,2,1.0675019149124987,0.879991486143822,2.0968815983288374,0.035900374771778265,0.03970611048827324,75390.0,3883.3559999999998,46.253988399051664,2.861503797738857,3600.554368699901,0.554368699900806,0.09302139282226562,729,0.21741240415412985
n100_i980002_T_a5505_F6,n100_i980002_T_a5505,100,980002,T,5505,F6,1,3,0.7422071523231061,0.5856731432354355,1.63391385937942,0.21084789238252039,0.20170047325314305,74850.0,4357.233,57.63910525231649,3.3867779260955015,3600.472267769277,0.4722677692770958,0.09302139282226562,358,0.21026734459570282
n100_i980002_T_a3303_RDIR,n100_i980002_T_a3303,100,980002,T,3303,RDIR,1,0,0.832034088216978,0.662415579831381,1.7818941254862992,0.1899578670868994,0.21464447967705297,76470.0,4123.362,68.82309262876318,3.8448375903078995,3601.712601569481,1.712601569481194,0.09302139282226562,280,0.17034950895436163
n100_i980002_T_a3303_A7B,n100_i980002_T_a3303,100,980002,T,3303,A7B,1,1,0.9294366510996143,0.7557004666570472,1.8975974708443544,0.1116910111409143,0.11562957242976223,76470.0,4062.108,59.47524076023115,3.687174996374656,3600.8597403308377,0.859740330837667,0.09302139282226562,369,0.19552609776304888
n100_i980002_T_a3303_RPERM,n100_i980002_T_a3303,100,980002,T,3303,RPERM,1,2,0.8557330154560027,0.6824100506353741,1.8220573035476855,0.16073489743289518,0.17932854868912568,76470.0,4068.255,65.24829173774538,3.5413779554824707,3600.293490352109,0.2934903521090746,0.09302139282226562,394,0.16392156862745097
n100_i980002_T_a3303_F6,n100_i980002_T_a3303,100,980002,T,3303,F6,1,3,0.9826803775985335,0.802260078392906,1.980548374067992,0.10416274086646969,0.13825882339330567,76470.0,3962.6760000000004,55.72561293634235,2.205426674137769,3602.02408593148,2.024085931479931,0.115753173828125,1887,0.27517623363544813
n100_i980002_T_a2202_RDIR,n100_i980002_T_a2202,100,980002,T,2202,RDIR,1,0,1.0086225255142982,0.8322943636173328,1.9883032450563691,0.024884177812780624,0.0005684313877477203,75930.0,4036.626,47.989279435014154,2.9322477507208218,3600.991763879545,0.991763879545033,0.121246337890625,661,0.2397954351737854
n100_i980002_T_a2202_RPERM,n100_i980002_T_a2202,100,980002,T,2202,RPERM,1,1,0.8405647722669228,0.6684657887692351,1.801449143367756,0.18598259412525403,0.20129643098614977,75090.0,4119.879,58.73164700126173,3.090847048230237,3601.601705388166,1.6017053881660104,0.13296890258789062,468,0.18954365792310457
n100_i980002_T_a2202_A7B,n100_i980002_T_a2202,100,980002,T,2202,A7B,1,2,0.9303680410294506,0.7622865735092984,1.8733967855634592,0.06532348205313622,0.04451937685111033,75570.0,4168.02,58.019850261563924,3.9004264581863426,3600.88830043748,0.8883004374802113,0.13296890258789062,276,0.19622641509433963
n100_i980002_T_a2202_F6,n100_i980002_T_a2202,100,980002,T,2202,F6,1,3,0.8856135203397613,0.716426778660928,1.8335545944679073,0.12925116139107012,0.12668946255239963,75030.0,4164.654,60.24888781597515,3.586990628627095,3600.2324335435405,0.23243354354053736,0.13296890258789062,717,0.19095555211398482
n100_i980003_H_a3303_F6,n100_i980003_H_a3303,100,980003,H,3303,F6,0,0,0.8795595618665953,0.7134542156132293,1.8138055452148882,0.0772874005251751,0.07994729237848128,73140.0,4157.79,63.52005130582375,4.375301129080199,3600.437897930853,0.43789793085306883,0.03639984130859375,114,0.1776804418206056
n100_i980003_H_a3303_RDIR,n100_i980003_H_a3303,100,980003,H,3303,RDIR,0,1,0.9050812236157989,0.7359949642633624,1.852575709626625,0.06272555406341028,0.04292104506595428,71730.0,4144.7925000000005,53.82535113503908,3.879051841038001,3600.1065652845427,0.10656528454273939,0.09473037719726562,142,0.21267454350161116
n100_i980003_H_a3303_RPERM,n100_i980003_H_a3303,100,980003,H,3303,RPERM,0,2,0.8217090147988011,0.6580020861044992,1.7452953645512548,0.12814566457293386,0.16093453765535426,72120.0,4217.092500000001,62.71983117858968,3.9451972675756397,3600.0734657123685,0.07346571236848831,0.09473037719726562,242,0.18031401816517637
n100_i980003_H_a3303_A7B,n100_i980003_H_a3303,100,980003,H,3303,A7B,0,3,0.8260231765794477,0.664322562622815,1.7406925719422575,0.1051832597011729,0.09910795991243332,73350.0,4219.47,59.23538363217582,3.845836688053801,3600.516902606003,0.5169026060029864,0.09473037719726562,322,0.19419368816350113
n100_i980003_H_a5505_RPERM,n100_i980003_H_a5505,100,980003,H,5505,RPERM,0,0,0.9098760520466374,0.7222756512450337,1.9396556111648733,0.09089524977684582,0.13826852386821775,72840.0,3840.36,69.08011864719121,3.189820711641662,3602.39682376571,2.3968237657099962,0.09473037719726562,496,0.16839265512139936
n100_i980003_H_a5505_F6,n100_i980003_H_a5505,100,980003,H,5505,F6,0,1,0.9434278674027987,0.7704798461415012,1.9080857396752322,0.05555537007678519,0.08218046820929752,72090.0,4078.3799999999997,59.495782395865845,3.377447386347713,3600.944325339049,0.9443253390491009,0.09473037719726562,210,0.2252096694622595
n100_i980003_H_a5505_RDIR,n100_i980003_H_a5505,100,980003,H,5505,RDIR,0,2,0.9317515962048732,0.7596772495003266,1.892526470447303,0.05777147592719213,0.08848596544910832,72840.0,4074.5550000000003,61.004350551570944,4.958082242701741,3600.9890772346407,0.9890772346407175,0.09473037719726562,394,0.1571076509465666
n100_i980003_H_a5505_A7B,n100_i980003_H_a5505,100,980003,H,5505,A7B,0,3,0.8666433350657833,0.7010704678516404,1.7985227449064134,0.08682691096592401,0.09428754571182868,72480.0,4180.785,64.09337905812852,4.1005789472490015,3601.1988038681448,1.1988038681447506,0.09473037719726562,146,0.18168890092774428
n100_i980003_H_a4404_F6,n100_i980003_H_a4404,100,980003,H,4404,F6,0,0,0.8722579636201603,0.7042029513282729,1.8151691293618795,0.10222328969416913,0.13421075090913542,72870.0,4134.5025000000005,61.94368733651523,3.158275089357122,3600.3830186668783,0.38301866687834263,0.10177230834960938,305,0.20860082666432153
n100_i980003_H_a4404_A7B,n100_i980003_H_a4404,100,980003,H,4404,A7B,0,1,0.9439638599438781,0.773386299572539,1.8980863504831635,0.03804322075909303,0.028257107044122244,73380.0,4084.8899999999994,57.36230832398107,3.0523475855623485,3601.1626107040793,1.1626107040792704,0.10177230834960938,363,0.17758369723435224
n100_i980003_H_a4404_RPERM,n100_i980003_H_a4404,100,980003,H,4404,RPERM,0,2,0.8164127509195003,0.6517182454407621,1.7443883308250017,0.11685277110485533,0.11106288450258667,73380.0,4173.63,66.14653775861116,3.998328466075902,3601.004800421186,1.0048004211857915,0.10235214233398438,184,0.17266286984303375
n100_i980003_H_a4404_RDIR,n100_i980003_H_a4404,100,980003,H,4404,RDIR,0,3,0.8440321199722884,0.684164628306379,1.7505543051541086,0.0684566417725049,0.017682181078498158,72990.0,4255.282499999999,53.90170648588607,4.166903193847619,3600.2756248693913,0.27562486939132214,0.10235214233398438,811,0.1786428476203173
n100_i980003_H_a2202_F6,n100_i980003_H_a2202,100,980003,H,2202,F6,0,0,0.8132433931661608,0.6489003912115758,1.7396567351865404,0.11849672326974178,0.13837656319026462,73290.0,4180.9725,58.906070366528915,3.8580954749432097,3601.258727326989,1.258727326989174,0.10235214233398438,438,0.15654239239959694
n100_i980003_H_a2202_RPERM,n100_i980003_H_a2202,100,980003,H,2202,RPERM,0,1,0.7877739277060272,0.6311642543816535,1.679816920258798,0.11606021313062156,0.1118230063295819,72120.0,4324.147499999999,56.96260265648666,3.112490431207187,3600.0110675534233,0.011067553423345089,0.10235214233398438,184,0.2539045069165551
n100_i980003_H_a2202_RDIR,n100_i980003_H_a2202,100,980003,H,2202,RDIR,0,2,0.8372005703708312,0.6731339037041641,1.762385755556015,0.10468401661012965,0.12176003591683497,71310.0,4230.030000000001,55.28279587703061,4.383718997257241,3600.595752117224,0.5957521172240376,0.10235214233398438,203,0.17200963000506841
n100_i980003_H_a2202_A7B,n100_i980003_H_a2202,100,980003,H,2202,A7B,0,3,0.7749974792686228,0.6200946683564244,1.6594544166561702,0.12338699665520844,0.11518263032412583,73470.0,4319.2875,53.74221747914907,2.835802341351395,3600.7446115352213,0.7446115352213383,0.10235214233398438,304,0.24297326412692194
n100_i980003_H_a1101_A7B,n100_i980003_H_a1101,100,980003,H,1101,A7B,0,0,0.8136927911998316,0.6524310003946727,1.7264118614449802,0.12377834024867879,0.12936513161053903,74250.0,4205.6849999999995,64.01532624096184,3.0234953230563972,3600.1378659307957,0.13786593079566956,0.10235214233398438,251,0.22535599448782728
n100_i980003_H_a1101_RDIR,n100_i980003_H_a1101,100,980003,H,1101,RDIR,0,1,0.9314746656089523,0.7564651097829002,1.9052949137247366,0.06151427248819467,0.0860006239300085,73440.0,4016.6775000000002,68.54755039025244,5.009185319108613,3600.7851279117167,0.7851279117166996,0.10235214233398438,281,0.12740477906525474
n100_i980003_H_a1101_F6,n100_i980003_H_a1101,100,980003,H,1101,F6,0,2,0.8119385340999331,0.6504211804586808,1.725793439172166,0.12612020485338526,0.13328465462711173,73200.0,4225.635,58.71194847333921,3.1069401169223307,3600.9705945290625,0.9705945290625095,0.10235214233398438,186,0.235073292813729
n100_i980003_H_a1101_RPERM,n100_i980003_H_a1101,100,980003,H,1101,RPERM,0,3,0.908561720032481,0.7402775411735697,1.8524914038498639,0.060880621966260026,0.047265530032942586,74100.0,4103.16,60.15980626385666,3.5345646241562547,3600.726356230676,0.7263562306761742,0.10235214233398438,109,0.21096880647442445
n100_i980003_T_a2202_F6,n100_i980003_T_a2202,100,980003,T,2202,F6,0,0,0.7445812091961241,0.5915229838318021,1.6208399885931104,0.09235926478770864,0.04226212584654995,73410.0,4059.639,65.80892513049953,3.8868589040460946,3601.3656130991876,1.3656130991876125,0.04805755615234375,230,0.1588798399771396
n100_i980003_T_a2202_RPERM,n100_i980003_T_a2202,100,980003,T,2202,RPERM,0,1,0.739339808489922,0.5845776759943592,1.6231715084702047,0.10408137279113658,0.07075618218870856,71970.0,4059.03,62.68951246666996,3.511696980402696,3600.538449234329,0.538449234329164,0.09473037719726562,213,0.1939259727934198
n100_i980003_T_a2202_A7B,n100_i980003_T_a2202,100,980003,T,2202,A7B,0,2,0.6984519655245377,0.5476470696543837,1.5646959471696653,0.12803731261614892,0.09155849333816349,71490.0,4152.282,58.25375948280959,4.3912018230489895,3600.608816704713,0.6088167047128081,0.09473037719726562,490,0.15912971981531845
n100_i980003_T_a2202_RDIR,n100_i980003_T_a2202,100,980003,T,2202,RDIR,0,3,0.7366050398338407,0.5831248841246909,1.6147390652078388,0.10336652958389958,0.06450243653438963,71580.0,4094.871,51.13618451181645,3.6319362098217587,3601.109503143467,1.109503143467009,0.09473037719726562,520,0.19183423809159722
n100_i980003_T_a5505_RPERM,n100_i980003_T_a5505,100,980003,T,5505,RPERM,0,0,0.7925270243303643,0.631552765819799,1.7039681732662109,0.08237116082855693,0.0701936930764512,72720.0,3912.7260000000006,66.3422668114021,3.7118768750649282,3601.14315477293,1.1431547729298472,0.051891326904296875,435,0.18650407720505724
n100_i980003_T_a5505_F6,n100_i980003_T_a5505,100,980003,T,5505,F6,0,1,0.6672636745608406,0.521148669059401,1.5126636990116828,0.1406195428871161,0.10996471939937999,72420.0,4226.805,57.64016235870494,3.9725978827467823,3600.6664712084457,0.6664712084457278,0.09473037719726562,105,0.19623881431767337
n100_i980003_T_a5505_A7B,n100_i980003_T_a5505,100,980003,T,5505,A7B,0,2,0.6233621108061073,0.48083742631825244,1.4528051529743515,0.1697370118823957,0.13294558031739317,71970.0,4311.759,51.161425329896275,4.240981831021119,3601.0529185226187,1.052918522618711,0.09473037719726562,401,0.17744892613933996
n100_i980003_T_a5505_RDIR,n100_i980003_T_a5505,100,980003,T,5505,RDIR,0,3,0.7637188463681712,0.608992555658166,1.6473912495237482,0.08008396834022892,0.03416508482479089,72660.0,4043.2005,65.17636663144388,4.965426885768859,3600.093287292868,0.09328729286789894,0.09473037719726562,159,0.14729245916312375
n100_i980003_T_a4404_F6,n100_i980003_T_a4404,100,980003,T,4404,F6,0,0,0.7042845213343484,0.5552851219039395,1.5625040743583873,0.11221983229574858,0.05934327166808652,73110.0,4150.6665,60.451188461964,4.214714888975973,3600.243527667597,0.24352766759693623,0.10177230834960938,235,0.1575721629102412
n100_i980003_T_a4404_A7B,n100_i980003_T_a4404,100,980003,T,4404,A7B,0,1,0.7125242352302155,0.5613806369948654,1.5802735607206615,0.11021850426746214,0.05471483779577623,72420.0,4122.954,50.66837835170126,3.070911794471461,3600.8849293254316,0.8849293254315853,0.10177230834960938,178,0.18592873937420873
n100_i980003_T_a4404_RDIR,n100_i980003_T_a4404,100,980003,T,4404,RDIR,0,2,0.8082104406998445,0.6463964647237539,1.7233836672602458,0.0646695836621906,0.04172268576183491,71730.0,3919.1580000000004,59.764354408691666,4.123451098953909,3601.109760648571,1.1097606485709548,0.10235214233398438,503,0.18014681123307966
n100_i980003_T_a4404_RPERM,n100_i980003_T_a4404,100,980003,T,4404,RPERM,0,3,0.7712112763601179,0.6133598577139147,1.6687731370099117,0.09228376808819093,0.05270207667430402,72450.0,3983.7030000000004,59.69985647256008,2.9426866696112746,3601.130935696885,1.1309356968849897,0.10235214233398438,214,0.22666792488440124
n100_i980003_T_a1101_A7B,n100_i980003_T_a1101,100,980003,T,1101,A7B,0,0,0.8658872555921414,0.700202993098649,1.7982617555632199,0.036094413531095965,0.024898087225937237,74250.0,3778.713,60.684795429664874,3.3617946176232243,3600.160443042405,0.16044304240494967,0.10177230834960938,225,0.20631248450797324
n100_i980003_T_a1101_RDIR,n100_i980003_T_a1101,100,980003,T,1101,RDIR,0,1,0.7062808818098314,0.5567989167796401,1.5666451708329003,0.11900111435144524,0.08471062789165197,74070.0,4117.647,55.11412602998355,2.581413671253657,3601.1275928067043,1.1275928067043424,0.10177230834960938,368,0.26731927710843373
n100_i980003_T_a1101_RPERM,n100_i980003_T_a1101,100,980003,T,1101,RPERM,0,2,0.8462503262645978,0.6792897950026714,1.7842971318731564,0.06357783476404345,0.06539009567141885,73530.0,3769.6455000000005,64.44583408048959,3.5218670105736276,3600.930972670205,0.9309726702049375,0.10235214233398438,279,0.19389686169373915
n100_i980003_T_a1101_F6,n100_i980003_T_a1101,100,980003,T,1101,F6,0,3,0.7768241944275127,0.6195348629410921,1.6718878899227134,0.08106123777443297,0.037128020409255884,74460.0,3947.0429999999997,56.003509782923274,3.726604472103894,3600.0600816179067,0.060081617906689644,0.10235214233398438,261,0.17389683959451402
n100_i980003_T_a3303_F6,n100_i980003_T_a3303,100,980003,T,3303,F6,0,0,0.7379383993671856,0.5832840846136771,1.6212909093827783,0.1092165158325371,0.06487515723413396,72870.0,4039.6440000000007,59.21005481330907,3.416071502398035,3601.212677007541,1.2126770075410604,0.10235214233398438,107,0.21134774833360429
n100_i980003_T_a3303_RDIR,n100_i980003_T_a3303,100,980003,T,3303,RDIR,0,1,0.9362915117077953,0.7477868605450051,1.9700899613201976,0.028058995291028756,0.024874657246926467,72690.0,3344.8859999999995,69.21478393336147,3.0098818888202845,3600.1412680838257,0.14126808382570744,0.10235214233398438,346,0.19739756367663344
n100_i980003_T_a3303_A7B,n100_i980003_T_a3303,100,980003,T,3303,A7B,0,2,0.6634266557372335,0.5160455999225361,1.5144535704692181,0.15442106269168937,0.11773277418365716,71880.0,4213.626,59.663113970259666,4.243283009530398,3600.985361023806,0.9853610238060355,0.10235214233398438,227,0.1699607329842932
n100_i980003_T_a3303_RPERM,n100_i980003_T_a3303,100,980003,T,3303,RPERM,0,3,0.705743848937186,0.5552802774416135,1.5704708333619544,0.1188968628468329,0.07321648021948234,71850.0,4150.686,62.359048765865104,4.340155579414719,3600.79257852491,0.7925785249099135,0.10235214233398438,160,0.18460455592526234
n100_i980004_H_a3303_F6,n100_i980004_H_a3303,100,980004,H,3303,F6,1,0,0.9623957477808999,0.7855830167520597,1.9442301079090791,0.07080403619055771,0.0770706825768365,76710.0,4150.62,68.88844806153935,4.741938476606945,3602.113372888416,2.113372888416052,0.040203094482421875,261,0.14606873133891457
n100_i980004_H_a3303_RDIR,n100_i980004_H_a3303,100,980004,H,3303,RDIR,1,1,0.9622996192116375,0.7855885655247834,1.9436820800420995,0.07415623849339545,0.06197106541740507,77040.0,4144.889999999999,61.97870529369844,3.4350848357141883,3601.075545905158,1.0755459051579237,0.057529449462890625,282,0.20024252223120453
n100_i980004_H_a3303_RPERM,n100_i980004_H_a3303,100,980004,H,3303,RPERM,1,2,0.9009862326470317,0.7341984156593588,1.838265419258906,0.05454371063903349,0.03617264659884037,76380.0,4297.139999999999,52.344390955103,3.703278528192156,3600.863369709812,0.8633697098121047,0.08176040649414062,481,0.18965129358830146
n100_i980004_H_a3303_A7B,n100_i980004_H_a3303,100,980004,H,3303,A7B,1,3,0.9701301391526955,0.7974374527151867,1.9336531899860652,0.03178803613613571,0.025539411120198984,76530.0,4211.797500000001,63.72818848666665,5.1395312800063895,3601.106597404927,1.1065974049270153,0.09302139282226562,240,0.14464015560838556
n100_i980004_H_a5505_RPERM,n100_i980004_H_a5505,100,980004,H,5505,RPERM,1,0,1.0068036838138041,0.8281756970847546,1.9967058470540209,0.052686015205456634,0.05817814569252992,76710.0,4125.3825,62.217871353269665,3.057182554569177,3601.682203616947,1.6822036169469357,0.08176040649414062,438,0.23885205703387521
n100_i980004_H_a5505_F6,n100_i980004_H_a5505,100,980004,H,5505,F6,1,1,0.9377641482621892,0.7671529277015153,1.8920362396429589,0.0593286192910127,0.05892393350289151,76860.0,4233.5925,67.0737753132542,4.677860465550653,3600.3639108156785,0.3639108156785369,0.09302139282226562,177,0.15449471559197245
n100_i980004_H_a5505_RDIR,n100_i980004_H_a5505,100,980004,H,5505,RDIR,1,2,0.9653781624899069,0.7903272526535376,1.939382206207103,0.06465453806256727,0.08340868801779107,76860.0,4171.8675,57.249512303041726,3.6996709031854644,3601.1311137238517,1.1311137238517404,0.09302139282226562,156,0.18486827291150643
n100_i980004_H_a5505_A7B,n100_i980004_H_a5505,100,980004,H,5505,A7B,1,3,0.9532566795514498,0.7789706449179512,1.9238612779225563,0.07038396240678395,0.0712154770895182,76650.0,4187.0475,65.4702140308543,3.584954871141453,3600.324261792004,0.32426179200410843,0.09302139282226562,282,0.18276904005578368
n100_i980004_H_a4404_F6,n100_i980004_H_a4404,100,980004,H,4404,F6,1,0,1.0042033585974743,0.8269783208358394,1.9878701930936258,0.01834469532584262,0.018678915912174028,74760.0,4187.099999999999,52.487239855026786,3.4264980122719266,3600.7608805876225,0.7608805876225233,0.121246337890625,323,0.21997082185119143
n100_i980004_H_a4404_A7B,n100_i980004_H_a4404,100,980004,H,4404,A7B,1,1,0.9437257490414639,0.7649515420749796,1.9342777800036193,0.09076499084383985,0.09808343612038227,76860.0,4120.1025,50.71638911810574,3.1180134087691695,3600.6900959517807,0.6900959517806768,0.121246337890625,303,0.17938897301149015
n100_i980004_H_a4404_RPERM,n100_i980004_H_a4404,100,980004,H,4404,RPERM,1,2,1.0007826765172794,0.8254782242799897,1.9759135753496788,0.02275381957541434,0.0008481933557461748,76860.0,4168.3425,62.79784160451991,3.280838711105657,3600.2988991858438,0.29889918584376574,0.121246337890625,768,0.20098205215035558
n100_i980004_H_a4404_RDIR,n100_i980004_H_a4404,100,980004,H,4404,RDIR,1,3,1.039670443696468,0.8530401984648605,2.0651382002813907,0.0814541947750921,0.11176117616010385,76860.0,4010.879999999999,58.16197944466403,3.3337441885050096,3601.356109265238,1.3561092652380466,0.13296890258789062,316,0.20248209228718975
n100_i980004_H_a2202_F6,n100_i980004_H_a2202,100,980004,H,2202,F6,1,0,1.0056573860933926,0.8232033934450574,2.012564020085993,0.08314915583025616,0.13024592316028116,75570.0,4096.8675,61.534522448354565,3.342465156710821,3600.33670832403,0.3367083240300417,0.13296890258789062,189,0.20458700349011136
n100_i980004_H_a2202_RPERM,n100_i980004_H_a2202,100,980004,H,2202,RPERM,1,1,0.9512887316918077,0.7797597480315385,1.909639770181894,0.027334823821072374,0.00600484621333592,75420.0,4252.005,54.359812021261774,3.2059995493579523,3601.0610177135095,1.0610177135095,0.13296890258789062,627,0.23923776526634907
n100_i980004_H_a2202_RDIR,n100_i980004_H_a2202,100,980004,H,2202,RDIR,1,2,0.9225692511278134,0.7507007306774831,1.8824293420181704,0.07507183219726338,0.08143736857599625,75450.0,4246.635,59.90838877505158,3.595986379273045,3600.681046688929,0.6810466889292002,0.13296890258789062,541,0.2007259808464628
n100_i980004_H_a2202_A7B,n100_i980004_H_a2202,100,980004,H,2202,A7B,1,3,0.9908621731095824,0.8138288537033989,1.973676926025953,0.04869303113344793,0.0684470217820933,75900.0,4165.0875,61.18251806276946,3.3467910952719087,3601.0613321596757,1.0613321596756577,0.13296890258789062,709,0.209840690341852
n100_i980004_H_a1101_A7B,n100_i980004_H_a1101,100,980004,H,1101,A7B,1,0,0.9361335498314713,0.7659730895389265,1.8884022622427825,0.048287417920137146,0.037982301366812556,76890.0,4239.21,63.26992491204644,4.421105864198107,3600.0042724348605,0.004272434860467911,0.13296890258789062,215,0.17001759235988942
n100_i980004_H_a1101_RDIR,n100_i980004_H_a1101,100,980004,H,1101,RDIR,1,1,1.0056657618576528,0.8284688547601066,1.9892075711800807,0.04237927060578755,0.05271602705620516,77160.0,4135.5375,63.310567793814414,3.3315796523113406,3600.3941828850657,0.3941828850656748,0.13296890258789062,413,0.21742392663609839
n100_i980004_H_a1101_F6,n100_i980004_H_a1101,100,980004,H,1101,F6,1,2,1.0394513434529582,0.8577607889389435,2.0429649190707955,0.04009253171828905,0.050854658847798724,77040.0,4075.6599999999994,63.163099330386345,3.3369425561662895,3601.2007392197847,1.2007392197847366,0.13296890258789062,236,0.22384954647582592
n100_i980004_H_a1101_RPERM,n100_i980004_H_a1101,100,980004,H,1101,RPERM,1,3,0.9999965596028783,0.8198490821337976,1.9966520150210134,0.0653843031685121,0.06959855252388303,77640.0,4084.125,69.42765463146074,4.007817785685165,3601.4611371690407,1.4611371690407395,0.13296890258789062,177,0.16828322017458777
n100_i980004_T_a2202_F6,n100_i980004_T_a2202,100,980004,T,2202,F6,1,0,0.7809137792268722,0.6205198674025529,1.6897756095571805,0.12296775624218141,0.10288001903062016,75810.0,4060.8929999999996,53.986973115240794,2.8640650328835555,3600.127749061212,0.12774906121194363,0.09202957153320312,1335,0.23896809232858113
n100_i980004_T_a2202_RPERM,n100_i980004_T_a2202,100,980004,T,2202,RPERM,1,1,0.8202819381940035,0.6581030250743278,1.7370771076147846,0.07287217780770823,0.020433909053497467,75810.0,4025.754,55.056874047870544,2.704118470227418,3600.803776611574,0.8037766115739942,0.07280349731445312,529,0.2924925541747972
n100_i980004_T_a2202_A7B,n100_i980004_T_a2202,100,980004,T,2202,A7B,1,2,0.8430507312103753,0.6759827570852339,1.7815750606554477,0.07861820580929278,0.05825661818008393,76620.0,3902.322,62.43800375658299,3.069350988034014,3600.435415526852,0.4354155268520117,0.08176040649414062,275,0.2389828974753416
n100_i980004_T_a2202_RDIR,n100_i980004_T_a2202,100,980004,T,2202,RDIR,1,3,0.7353244277729037,0.5826770079527829,1.6097574047512155,0.12798628903695836,0.09247266887357604,76260.0,4198.284,54.371892277464525,3.6157758288228687,3600.6103852512315,0.6103852512314916,0.09302139282226562,98,0.22044703894308318
n100_i980004_T_a5505_RPERM,n100_i980004_T_a5505,100,980004,T,5505,RPERM,1,0,0.7934499174417999,0.6317351005352895,1.7081824370262846,0.09534728742047162,0.054872745778873834,76290.0,4018.779,62.59358763928431,3.521665346085403,3600.001349955797,0.0013499557971954346,0.044200897216796875,324,0.20531629594573275
n100_i980004_T_a5505_F6,n100_i980004_T_a5505,100,980004,T,5505,F6,1,1,0.7120302505914647,0.5598535427154275,1.58437117448496,0.16221309644525403,0.139479050041317,76620.0,4195.467,56.78853231615543,2.9265825035963777,3600.4452247805893,0.4452247805893421,0.057529449462890625,269,0.24627503084369365
n100_i980004_T_a5505_A7B,n100_i980004_T_a5505,100,980004,T,5505,A7B,1,2,0.7766925242836819,0.6147610466718346,1.6923879803363324,0.12025705616162473,0.09935332856818793,76860.0,3995.3820000000005,66.06386251269276,4.200773838199721,3600.289037812501,0.2890378125011921,0.08176040649414062,290,0.16801110817244116
n100_i980004_T_a5505_RDIR,n100_i980004_T_a5505,100,980004,T,5505,RDIR,1,3,0.7290911672625372,0.5717430644443974,1.6244160686764928,0.14478711519301554,0.10566764472783347,76380.0,4101.72,64.9145405229682,4.422791034129349,3600.4414129266515,0.4414129266515374,0.09302139282226562,273,0.1455036423009294
n100_i980004_T_a4404_F6,n100_i980004_T_a4404,100,980004,T,4404,F6,1,0,0.6673777820697213,0.5186187087919855,1.5245292188596595,0.18948844564583406,0.15756784434955484,76860.0,4254.69,54.02623205721943,2.5261477667837666,3600.343621853739,0.3436218537390232,0.121246337890625,154,0.2668499175371083
n100_i980004_T_a4404_A7B,n100_i980004_T_a4404,100,980004,T,4404,A7B,1,1,0.6881493955525677,0.5399969301170722,1.5426047974881016,0.16104209103734438,0.12723770190707215,76860.0,4266.6314999999995,53.63156450679281,2.917035364813286,3600.230606279336,0.23060627933591604,0.121246337890625,174,0.21367358598362216
n100_i980004_T_a4404_RDIR,n100_i980004_T_a4404,100,980004,T,4404,RDIR,1,2,0.8125039885238798,0.6527739267501639,1.7184153741848354,0.07800056463303949,0.026063869556800366,76140.0,4062.885,58.60984796836335,3.5538791175062974,3601.1354288775474,1.1354288775473833,0.121246337890625,472,0.2059696827629317
n100_i980004_T_a4404_RPERM,n100_i980004_T_a4404,100,980004,T,4404,RPERM,1,3,0.6949104599016034,0.5452714944118732,1.5559725287448474,0.15262028274238962,0.1162717665393193,75990.0,4266.57,58.55143321602711,2.9667318547272625,3600.5950396154076,0.5950396154075861,0.13296890258789062,124,0.26118704362478934
n100_i980004_T_a1101_A7B,n100_i980004_T_a1101,100,980004,T,1101,A7B,1,0,0.9355802769450592,0.748800481548639,1.9617127009291453,0.07119048698348901,0.10607440338613121,77640.0,3480.045,57.74809949302719,2.00932032616932,3600.2223765840754,0.2223765840753913,0.121246337890625,543,0.2405308266519215
n100_i980004_T_a1101_RDIR,n100_i980004_T_a1101,100,980004,T,1101,RDIR,1,1,0.7802102781740584,0.6246090510366523,1.6677712876736377,0.09868515210139768,0.060959416065952454,77160.0,4109.928,50.64360571107033,3.694953117506807,3600.316317132674,0.3163171326741576,0.121246337890625,122,0.17582500187927536
n100_i980004_T_a1101_RPERM,n100_i980004_T_a1101,100,980004,T,1101,RPERM,1,2,0.864470264534141,0.6976897071632934,1.8017171861823529,0.053730276645810086,0.011665344756270525,77640.0,3873.7439999999997,54.99734501878462,3.0538806996974146,3600.9920102935284,0.9920102935284376,0.13296890258789062,348,0.2508866054378467
n100_i980004_T_a1101_F6,n100_i980004_T_a1101,100,980004,T,1101,F6,1,3,0.7543154531519094,0.5935971822601387,1.6646188793375534,0.13953007855471433,0.11356381767095403,77460.0,3999.126,58.841636404484376,3.848668885398247,3600.20578869991,0.20578869991004467,0.13296890258789062,297,0.16144630484988454
n100_i980004_T_a3303_F6,n100_i980004_T_a3303,100,980004,T,3303,F6,1,0,0.6757271117534956,0.5268944855324317,1.5332054505137804,0.18302017077620303,0.15477657626505753,77340.0,4237.131,62.472903845425925,3.9345795257108556,3601.4013460408896,1.4013460408896208,0.13296890258789062,175,0.19237826393789698
n100_i980004_T_a3303_RDIR,n100_i980004_T_a3303,100,980004,T,3303,RDIR,1,1,0.7519295831991603,0.5925987601681694,1.6560665744480085,0.14656602348300904,0.15727687074300928,76500.0,4058.6610000000005,62.437006329935976,5.400970426592478,3601.389836209826,1.3898362098261714,0.13296890258789062,352,0.12487789830857025
n100_i980004_T_a3303_A7B,n100_i980004_T_a3303,100,980004,T,3303,A7B,1,2,0.6650562162531385,0.5166140346934573,1.5207992454072763,0.19330971871488137,0.15993128811598123,77250.0,4247.838,67.80562171394331,3.6689887205095006,3601.264818869531,1.2648188695311546,0.13296890258789062,163,0.19541360781048966
n100_i980004_T_a3303_RPERM,n100_i980004_T_a3303,100,980004,T,3303,RPERM,1,3,0.7934712975237529,0.6319703264993994,1.7072533909653251,0.11573326980207216,0.11565213067418079,76440.0,4017.954,62.68407110059113,3.109246808048747,3600.228830668144,0.22883066814392805,0.13296890258789062,243,0.2141325710201894
n100_i980005_H_a4404_RDIR,n100_i980005_H_a4404,100,980005,H,4404,RDIR,0,0,1.0368717999053343,0.8600558467944543,2.018720480398131,0.03330363433192977,0.029790527761983886,71400.0,4144.304999999999,48.22953262532464,3.9868939854245875,3601.2996714962646,1.2996714962646365,0.055637359619140625,498,0.21005711101824767
n100_i980005_H_a4404_RPERM,n100_i980005_H_a4404,100,980005,H,4404,RPERM,0,1,1.0357199868039983,0.8584607466378054,2.0195388319870777,0.03390425613017006,0.026616246407059424,71040.0,4146.2325,49.113255027389556,2.9232261829841777,3600.4740451714024,0.47404517140239477,0.09473037719726562,668,0.25292161520190026
n100_i980005_H_a4404_F6,n100_i980005_H_a4404,100,980005,H,4404,F6,0,2,1.0368618052792948,0.8590584231024596,2.0230990593985627,0.03847130517339375,0.02718762307789303,70590.0,4148.775,52.37611204259355,3.0879397110294424,3600.7827355843037,0.7827355843037367,0.09473037719726562,338,0.2535299937044698
n100_i980005_H_a4404_A7B,n100_i980005_H_a4404,100,980005,H,4404,A7B,0,3,0.9618100069519745,0.78954004153778,1.9234542976817282,0.07626819081749638,0.08366830514376795,71400.0,4205.025000000001,41.510636740957644,2.146230542724912,3601.1974697681144,1.197469768114388,0.09874343872070312,1348,0.276879285806702
n100_i980005_H_a1101_RPERM,n100_i980005_H_a1101,100,980005,H,1101,RPERM,0,0,1.073168993471097,0.8875626339004602,2.0940861471183707,0.05194148470354195,0.05380719031474901,70530.0,4045.8599999999997,59.265938985025805,3.1936268735019437,3600.921602776274,0.921602776274085,0.04261016845703125,204,0.23695652173913043
n100_i980005_H_a1101_RDIR,n100_i980005_H_a1101,100,980005,H,1101,RDIR,0,1,1.0036955926116027,0.8287093071896583,1.977412416709131,0.020525717785097992,0.0006450396793897901,69270.0,4215.18,40.04999035675589,3.3056517699452748,3600.500242709182,0.5002427091822028,0.09473037719726562,251,0.22609645437741557
n100_i980005_H_a1101_F6,n100_i980005_H_a1101,100,980005,H,1101,F6,0,2,1.006986804228712,0.8317703258412388,1.981726708173038,0.04532997844824158,0.027022430224293622,70890.0,4176.787499999999,48.89700981573256,2.911845653035127,3600.4655635068193,0.4655635068193078,0.09473037719726562,659,0.2479969477298741
n100_i980005_H_a1101_A7B,n100_i980005_H_a1101,100,980005,H,1101,A7B,0,3,1.129956215907222,0.942807961779388,2.1577262342531514,0.03197425632211005,0.045056620132737965,70680.0,4021.995000000001,54.23384393387243,3.0698873907531308,3600.132054775022,0.13205477502197027,0.09473037719726562,285,0.22457473760405355
n100_i980005_H_a2202_RPERM,n100_i980005_H_a2202,100,980005,H,2202,RPERM,0,0,1.0140228342649462,0.8361065891211686,2.0007617015706236,0.0791047235660781,0.08292309292538208,71910.0,4118.49,63.1921854894876,3.032598388663461,3600.872453412041,0.8724534120410681,0.0349273681640625,80,0.2336080586080586
n100_i980005_H_a2202_A7B,n100_i980005_H_a2202,100,980005,H,2202,A7B,0,1,1.082902889234439,0.8971349295547237,2.104538265588729,0.05166253326764692,0.04738662876928479,70560.0,4043.0474999999997,55.90304762617104,3.206388434089233,3600.000510630198,0.0005106301978230476,0.09473037719726562,105,0.21008403361344538
n100_i980005_H_a2202_F6,n100_i980005_H_a2202,100,980005,H,2202,F6,0,2,1.0611527703369494,0.8744845440039786,2.0867893318168185,0.09588030869384898,0.13243729130825538,71250.0,4015.9800000000005,56.186177963312595,2.9971700625613247,3601.063594895415,1.063594895415008,0.09473037719726562,345,0.20504030390067637
n100_i980005_H_a2202_RDIR,n100_i980005_H_a2202,100,980005,H,2202,RDIR,0,3,1.0181031535835396,0.8416407094180401,1.9983806832079787,0.052295217258342935,0.055715064178130255,71190.0,4153.6050000000005,53.02000263684311,2.99937666178753,3600.414758699946,0.4147586999461055,0.09473037719726562,240,0.2716918233169738
n100_i980005_H_a5505_RDIR,n100_i980005_H_a5505,100,980005,H,5505,RDIR,0,0,1.0538776554309977,0.8755548126473343,2.0424236233583914,0.02799071370670257,0.01603012182306844,71160.0,4129.41,52.60481971978321,3.64965987020751,3600.335501744412,0.33550174441188574,0.10177230834960938,400,0.20745814307458144
n100_i980005_H_a5505_A7B,n100_i980005_H_a5505,100,980005,H,5505,A7B,0,1,0.9746456062905673,0.801459358041952,1.9403622651733008,0.058609691424748055,0.04983546044611603,71280.0,4195.4025,46.497995808785426,3.0141678253486766,3600.993915706873,0.9939157068729401,0.10177230834960938,112,0.22397272894785333
n100_i980005_H_a5505_F6,n100_i980005_H_a5505,100,980005,H,5505,F6,0,2,1.0835858744691533,0.900900402470733,2.0915213055732464,0.02369635173067078,0.014279517905284984,70800.0,4078.9875,53.83477277252163,4.683941308368355,3600.386702085845,0.3867020858451724,0.10235214233398438,168,0.1774193548387097
n100_i980005_H_a5505_RPERM,n100_i980005_H_a5505,100,980005,H,5505,RPERM,0,3,1.0950590422248034,0.9083310275663624,2.1209613295956506,0.05448934754374874,0.05152044081070657,70740.0,4026.3000000000006,59.38421003068672,3.2163890112806417,3601.243493674323,1.2434936743229628,0.10235214233398438,361,0.22533022533022534
n100_i980005_H_a3303_RDIR,n100_i980005_H_a3303,100,980005,H,3303,RDIR,0,0,1.0804648318492087,0.8985738584860077,2.084869157907882,0.02435224237379917,0.02132712310711078,70350.0,4099.41,45.96021392565153,3.6648296908269544,3600.4401604328305,0.4401604328304529,0.10177230834960938,504,0.19060250094732853
n100_i980005_H_a3303_F6,n100_i980005_H_a3303,100,980005,H,3303,F6,0,1,0.9321087882932781,0.7607350184296373,1.889769987687235,0.08206734901491416,0.08533515046376201,70380.0,4239.2325,45.51636110976565,2.9900975306176134,3600.5514501649886,0.551450164988637,0.10177230834960938,222,0.2154003343860301
n100_i980005_H_a3303_RPERM,n100_i980005_H_a3303,100,980005,H,3303,RPERM,0,2,1.1347149610318898,0.9486747708754735,2.157560250615963,0.013030622181612442,0.02389780043523668,70440.0,4042.0274999999992,52.358141310012186,3.5603613852211398,3600.7580728223547,0.7580728223547339,0.10235214233398438,225,0.22776911076443057
n100_i980005_H_a3303_A7B,n100_i980005_H_a3303,100,980005,H,3303,A7B,0,3,0.8851958113704904,0.7200686271119082,1.815094408075299,0.07493753599317793,0.06105567036347544,70470.0,4320.705,43.58856847905507,3.3691620297386002,3600.3017643354833,0.3017643354833126,0.10235214233398438,214,0.20750206100577082
n100_i980005_T_a3303_RDIR,n100_i980005_T_a3303,100,980005,T,3303,RDIR,0,0,1.0175563189936327,0.8386217140579026,2.0088212298190977,0.053338473925841755,0.06811845932049919,70350.0,3974.8215,52.4471582815286,3.285620506679316,3600.2331906417385,0.23319064173847437,0.09473037719726562,412,0.232479499535041
n100_i980005_T_a3303_F6,n100_i980005_T_a3303,100,980005,T,3303,F6,0,1,0.994943030250181,0.8119679940662781,2.004165413289746,0.10607075726253971,0.14890417160550157,70680.0,3902.6684999999998,58.76153903199682,2.92161888741659,3600.058873284608,0.05887328460812569,0.09473037719726562,428,0.23996957596501237
n100_i980005_T_a3303_A7B,n100_i980005_T_a3303,100,980005,T,3303,A7B,0,2,0.933922668129173,0.7566616690924785,1.9177493305144813,0.12552587054870107,0.15942140992887974,70740.0,3987.6180000000004,60.30976310231834,2.7281354756971954,3600.627640197985,0.6276401979848742,0.09473037719726562,210,0.2503308561539245
n100_i980005_T_a3303_RPERM,n100_i980005_T_a3303,100,980005,T,3303,RPERM,0,3,0.9025850463022306,0.7357079121625716,1.8402611980340462,0.060339719135648257,0.028165189183006593,69420.0,4188.363,46.96898837361849,3.130154824106607,3600.1414093682542,0.14140936825424433,0.09473037719726562,227,0.26009406335965923
n100_i980005_T_a5505_RDIR,n100_i980005_T_a5505,100,980005,T,5505,RDIR,0,0,1.0121752408290516,0.8361680527997404,1.9904294098482127,0.026408321325008213,0.006949487023414048,71160.0,3993.0570000000002,51.62717515638358,3.602438567548537,3600.0613908665255,0.06139086652547121,0.09473037719726562,461,0.21528259696198626
n100_i980005_T_a5505_A7B,n100_i980005_T_a5505,100,980005,T,5505,A7B,0,1,1.0274406898320498,0.839909110884682,2.056914374042577,0.08049066447303817,0.10948646185411812,70530.0,3838.2419999999993,63.52271568934658,2.932184989904364,3601.750925116241,1.7509251162409782,0.09473037719726562,292,0.22090711106902755
n100_i980005_T_a5505_RPERM,n100_i980005_T_a5505,100,980005,T,5505,RPERM,0,2,0.9951470452688412,0.8099982454785088,2.014030599892535,0.0858445776851816,0.08909490365627147,71070.0,3856.9559999999997,60.33529175116011,3.3103567453039484,3601.4245343534276,1.424534353427589,0.09473037719726562,283,0.2143096795839624
n100_i980005_T_a5505_F6,n100_i980005_T_a5505,100,980005,T,5505,F6,0,3,0.9596075944717049,0.7834080131188751,1.9387168449287238,0.0890357326838551,0.10713667432957844,70710.0,4004.7329999999997,50.68777590170853,3.079427454672867,3600.01986186672,0.01986186672002077,0.09473037719726562,273,0.22370557459859283
n100_i980005_T_a2202_RPERM,n100_i980005_T_a2202,100,980005,T,2202,RPERM,0,0,0.8768263163151542,0.7135855293294123,1.7983409251406737,0.0707242924283953,0.020304953102587533,71850.0,4164.813,58.471723855580656,4.269734287290542,3600.458240635693,0.4582406356930733,0.09473037719726562,79,0.17309568724386912
n100_i980005_T_a2202_A7B,n100_i980005_T_a2202,100,980005,T,2202,A7B,0,1,0.922799406540539,0.7532576933817189,1.8723181316908524,0.07651573827657336,0.055040983161136224,71880.0,4068.018,58.94119444235655,3.3410157198796813,3600.402095813304,0.40209581330418587,0.09473037719726562,221,0.21863829079724
n100_i980005_T_a2202_RDIR,n100_i980005_T_a2202,100,980005,T,2202,RDIR,0,2,0.9055051467498151,0.7379219970856321,1.8463191452572927,0.07313654750388225,0.05964712266528929,70260.0,4150.3695,45.05684692054717,3.158545856761331,3600.0743746235967,0.07437462359666824,0.10177230834960938,217,0.24527306305514027
n100_i980005_T_a2202_F6,n100_i980005_T_a2202,100,980005,T,2202,F6,0,3,0.9812880073930068,0.8009872515667362,1.9786246999542085,0.0891154589909239,0.09409660528081164,71880.0,3904.3994999999995,53.81529221376709,2.7799690505094556,3601.838660097681,1.838660097680986,0.10177230834960938,690,0.21332268051533007
n100_i980005_T_a4404_RDIR,n100_i980005_T_a4404,100,980005,T,4404,RDIR,0,0,0.9867828999975482,0.8098718355241805,1.969054297656961,0.05840879542485822,0.0558284580961578,70980.0,3985.152,55.51732741774544,3.264973514330644,3600.0292034251615,0.02920342516154051,0.10177230834960938,244,0.21754296409732857
n100_i980005_T_a4404_RPERM,n100_i980005_T_a4404,100,980005,T,4404,RPERM,0,1,0.9298799224117409,0.7614495599829332,1.87445931098422,0.06040517741011618,0.04141022562673933,71610.0,4093.6800000000003,46.27973522129595,2.4020431642298,3601.1009830348194,1.1009830348193645,0.10177230834960938,269,0.2707514450867052
n100_i980005_T_a4404_A7B,n100_i980005_T_a4404,100,980005,T,4404,A7B,0,2,0.9043524889111412,0.7354912873806596,1.8508467179355004,0.09184618661561243,0.07868602193785505,71610.0,4087.1280000000006,55.008653213059844,3.8239571847597724,3600.197213208303,0.1972132083028555,0.10235214233398438,328,0.18043146655044673
n100_i980005_T_a4404_F6,n100_i980005_T_a4404,100,980005,T,4404,F6,0,3,0.9079110017090612,0.738695059002195,1.8559818581840204,0.0946657654449076,0.08946742515446189,71100.0,4098.282,57.704293378973944,3.088365156921769,3600.286700256169,0.2867002561688423,0.10235214233398438,273,0.22286176814461733
n100_i980005_T_a1101_RPERM,n100_i980005_T_a1101,100,980005,T,1101,RPERM,0,0,0.9984873144308158,0.8212835533472185,1.9820595859134682,0.03569664379149059,0.013139974127647589,70440.0,3998.2230000000004,53.508068381024714,3.513871489487425,3600.0178258782253,0.017825878225266933,0.10235214233398438,554,0.2276679841897233
n100_i980005_T_a1101_RDIR,n100_i980005_T_a1101,100,980005,T,1101,RDIR,0,1,0.9679001927303388,0.7964991065943646,1.9256827977791129,0.032115865400412245,0.00030585116329513533,70860.0,4072.839,54.41682759947965,5.921380385921863,3601.0184467621148,1.0184467621147633,0.10235214233398438,381,0.13811377385921306
n100_i980005_T_a1101_A7B,n100_i980005_T_a1101,100,980005,T,1101,A7B,0,2,0.9292896170367111,0.7539627197936304,1.9045202714504008,0.09607501899375169,0.09000074835913326,71130.0,4004.376,64.61895633879593,3.5007210199010816,3601.5437757894397,1.5437757894396782,0.10235214233398438,267,0.19820748730964466
n100_i980005_T_a1101_F6,n100_i980005_T_a1101,100,980005,T,1101,F6,0,3,0.9629863553016591,0.7880644547049773,1.9364170246202435,0.07267554823494461,0.07860079556484549,71130.0,4010.535,63.728413013077756,3.505840433451305,3600.277947497554,0.2779474975541234,0.10235214233398438,362,0.20282047219141183
n100_i980006_H_a4404_RDIR,n100_i980006_H_a4404,100,980006,H,4404,RDIR,1,0,1.0193104752199404,0.8404762062346547,2.0101294484878784,0.042876461138366025,0.05875123379378844,72960.0,4044.87,53.57740586181984,3.0180502526904047,3600.0063253799453,0.006325379945337772,0.0478057861328125,312,0.20736309249884952
n100_i980006_H_a4404_RPERM,n100_i980006_H_a4404,100,980006,H,4404,RPERM,1,1,0.9241574116795016,0.7527535264593671,1.8819524571023178,0.07944781734064536,0.07705086956269439,70920.0,4193.737500000001,62.086849029085414,2.9803175887848625,3601.294050133787,1.2940501337870955,0.057529449462890625,319,0.2396347712661884
n100_i980006_H_a4404_F6,n100_i980006_H_a4404,100,980006,H,4404,F6,1,2,0.8688072094420068,0.7041767963024936,1.7964979345065084,0.09133183114285968,0.06522532410877366,73170.0,4241.685,64.09143275978613,3.4598752703663433,3600.4188089361414,0.41880893614143133,0.08176040649414062,153,0.19073613229509512
n100_i980006_H_a4404_A7B,n100_i980006_H_a4404,100,980006,H,4404,A7B,1,3,0.8398577301241332,0.6756759233911751,1.7655546489372813,0.12342545903337432,0.11713177799136243,70920.0,4296.09,61.95403463053052,3.131659992488179,3600.007672302425,0.007672302424907684,0.09302139282226562,371,0.21962036544261132
n100_i980006_H_a1101_RPERM,n100_i980006_H_a1101,100,980006,H,1101,RPERM,1,0,0.9709670309520211,0.7920360461249828,1.9622158524055273,0.08858718736298771,0.09531562209186585,72690.0,4049.265,66.12381198506978,3.0222187072984177,3600.0041868994012,0.004186899401247501,0.04460906982421875,344,0.21847426470588235
n100_i980006_H_a1101_RDIR,n100_i980006_H_a1101,100,980006,H,1101,RDIR,1,1,1.0410421179999472,0.8584085389787186,2.04874691364985,0.0320005899463735,0.01641546605962841,72510.0,4000.6349999999998,62.563687041379104,4.927779043244987,3600.810800217092,0.8108002170920372,0.057529449462890625,268,0.1435414788097385
n100_i980006_H_a1101_F6,n100_i980006_H_a1101,100,980006,H,1101,F6,1,2,0.9338457019283617,0.7616061765573412,1.895354703577339,0.08403901221047759,0.08790648592560171,72570.0,4146.66,59.67909301834646,3.051850692250838,3601.0936013041064,1.0936013041064143,0.08176040649414062,495,0.2356687898089172
n100_i980006_H_a1101_A7B,n100_i980006_H_a1101,100,980006,H,1101,A7B,1,3,1.035841787555956,0.8516441000856331,2.050498176312948,0.061779679814892845,0.07573328325289001,72900.0,3970.14,62.04545880628578,3.6177980554546645,3601.085466989316,1.0854669893160462,0.09302139282226562,329,0.17984341418483266
n100_i980006_H_a2202_RPERM,n100_i980006_H_a2202,100,980006,H,2202,RPERM,1,0,0.9996460087351207,0.8234441038930598,1.9787655858109467,0.02985248808583794,0.004927006339867955,73260.0,4075.7699999999995,65.43009916023514,5.309736821116295,3600.7434349600226,0.7434349600225687,0.03685760498046875,122,0.12856320937287516
n100_i980006_H_a2202_A7B,n100_i980006_H_a2202,100,980006,H,2202,A7B,1,1,1.067857241738683,0.8821611593680151,2.0891731633860964,0.050661270642002584,0.07572005885062574,73590.0,3934.17,63.590475426028945,3.676731020989631,3600.2089694440365,0.20896944403648376,0.057529449462890625,344,0.1916597416333006
n100_i980006_H_a2202_F6,n100_i980006_H_a2202,100,980006,H,2202,F6,1,2,1.010260332646108,0.8322682193487406,1.9973363917455202,0.046745566256129474,0.04072257046661155,73920.0,4036.3050000000003,55.37888839049388,3.216163010329769,3600.2528363177553,0.2528363177552819,0.08176040649414062,315,0.20390361861991538
n100_i980006_H_a2202_RDIR,n100_i980006_H_a2202,100,980006,H,2202,RDIR,1,3,0.8955330326064861,0.7295784812263896,1.829108816518028,0.06408611322007993,0.030175657192040125,71580.0,4256.8724999999995,48.7598891133504,3.7604827349850325,3600.069712872617,0.0697128726169467,0.09302139282226562,335,0.20268872802481902
n100_i980006_H_a5505_RDIR,n100_i980006_H_a5505,100,980006,H,5505,RDIR,1,0,0.959333851850574,0.7864067080707866,1.9238989353162939,0.0511674283079312,0.035512055120243594,72330.0,4142.04,54.02567938201481,3.594695119851545,3600.8617054941133,0.8617054941132665,0.121246337890625,253,0.19020395550061805
n100_i980006_H_a5505_A7B,n100_i980006_H_a5505,100,980006,H,5505,A7B,1,1,0.9629241074681184,0.7860664609898279,1.9449580918160736,0.08276167104876446,0.0802398004121536,72390.0,4085.0550000000003,51.21096618319459,2.886533240994957,3600.166404603049,0.16640460304915905,0.121246337890625,195,0.20034642032332564
n100_i980006_H_a5505_F6,n100_i980006_H_a5505,100,980006,H,5505,F6,1,2,0.9309940073314409,0.760403773753379,1.8851728232339378,0.08068862177754521,0.07768769798945843,74190.0,4135.44,61.695320174162894,3.825986726194088,3601.4238903820515,1.423890382051468,0.121246337890625,219,0.18956382901516802
n100_i980006_H_a5505_RPERM,n100_i980006_H_a5505,100,980006,H,5505,RPERM,1,3,0.9860740228586053,0.8085249291333421,1.971181106081998,0.05738579261684874,0.048497686265110126,72780.0,4066.9275000000002,57.86980250276531,3.75206533650453,3600.1505273850635,0.1505273850634694,0.13296890258789062,232,0.19336689369262658
n100_i980006_H_a3303_RDIR,n100_i980006_H_a3303,100,980006,H,3303,RDIR,1,0,0.9529532492844999,0.7814577374808654,1.9111555239673161,0.04592077958790089,0.03123514257157519,72060.0,4168.095,54.986030622916445,5.531679830431235,3600.7145407125354,0.7145407125353813,0.121246337890625,185,0.12646852093583694
n100_i980006_H_a3303_F6,n100_i980006_H_a3303,100,980006,H,3303,F6,1,1,0.9363417597858419,0.7664334567783808,1.8874897731523301,0.06439518386083481,0.05311948577652154,74520.0,4138.0575,54.32212259811974,3.545271275924536,3600.006602223031,0.00660222303122282,0.121246337890625,113,0.15584110318890543
n100_i980006_H_a3303_RPERM,n100_i980006_H_a3303,100,980006,H,3303,RPERM,1,2,1.0514283967858071,0.8705886733843047,2.0511605007924874,0.010300350012301337,0.006325448719110966,70800.0,4062.5737499999996,57.49960504650721,2.9634648932776586,3601.189953087829,1.1899530878290534,0.121246337890625,472,0.23884932533733133
n100_i980006_H_a3303_A7B,n100_i980006_H_a3303,100,980006,H,3303,A7B,1,3,0.9237287220833339,0.7565535352224737,1.8627295525760463,0.04681696267861735,0.004967956215755003,73410.0,4200.494999999999,64.60184469732602,6.4113280557050265,3600.3461060551926,0.34610605519264936,0.13296890258789062,94,0.10427587401984144
n100_i980006_T_a3303_RDIR,n100_i980006_T_a3303,100,980006,T,3303,RDIR,1,0,0.9477607378853767,0.7766800502531296,1.9041193495842532,0.04554717645685521,0.030625233955222386,72480.0,3987.1680000000006,50.47381443396983,2.7102439487102585,3600.0449349377304,0.04493493773043156,0.08176040649414062,248,0.2635031259608486
n100_i980006_T_a3303_F6,n100_i980006_T_a3303,100,980006,T,3303,F6,1,1,1.094634302209914,0.90766729378809,2.1215987840846835,0.04331366763160188,0.05309016449845335,73860.0,3696.54,62.627904825901524,3.303937599057045,3600.8549324283376,0.8549324283376336,0.09302139282226562,177,0.2161049003950576
n100_i980006_T_a3303_A7B,n100_i980006_T_a3303,100,980006,T,3303,A7B,1,2,0.8988579552141693,0.7315516740145551,1.8384414272124519,0.08709796933018933,0.07506883167339094,74100.0,4020.483,61.453507304179254,2.9871458566247457,3601.0963362045586,1.096336204558611,0.09302139282226562,322,0.23398717114437112
n100_i980006_T_a3303_RPERM,n100_i980006_T_a3303,100,980006,T,3303,RPERM,1,3,1.061583544851785,0.8786345349501151,2.0706902555258733,0.02606429042799613,0.027767182659009668,72390.0,3790.611,60.08244995552192,2.9232092652626958,3600.1527927061543,0.15279270615428686,0.09302139282226562,395,0.24496389205625238
n100_i980006_T_a5505_RDIR,n100_i980006_T_a5505,100,980006,T,5505,RDIR,1,0,0.9824749205198959,0.8075408744660022,1.955959569648308,0.04093283608971599,0.007106359794182236,73590.0,3902.451,63.00102058049494,4.915672346428643,3601.3384848283604,1.3384848283603787,0.08176040649414062,268,0.1439868948765746
n100_i980006_T_a5505_A7B,n100_i980006_T_a5505,100,980006,T,5505,A7B,1,1,0.9750295914398548,0.7998640760460398,1.9495429931901413,0.06671077996570277,0.0658421307020778,74310.0,3885.3765000000003,60.176986710858635,2.7446218513973286,3600.496000922285,0.49600092228502035,0.09302139282226562,706,0.23972879983808945
n100_i980006_T_a5505_RPERM,n100_i980006_T_a5505,100,980006,T,5505,RPERM,1,2,0.9013584068797122,0.7334647217005099,1.8435525632317171,0.0728011600210444,0.04755237975336102,72060.0,4048.098,56.85755926637573,3.9077751607581312,3600.7701111622155,0.7701111622154713,0.09302139282226562,289,0.18371117902068082
n100_i980006_T_a5505_F6,n100_i980006_T_a5505,100,980006,T,5505,F6,1,3,0.9319819238217735,0.759842706884302,1.893045110210536,0.08513007230558468,0.08074166894030826,74310.0,3935.9175000000005,59.136298823574904,3.176178723057106,3600.867897317745,0.8678973177447915,0.09302139282226562,512,0.2020634781848387
n100_i980006_T_a2202_RPERM,n100_i980006_T_a2202,100,980006,T,2202,RPERM,1,0,0.9126067783554024,0.7425415737453087,1.8644521321780363,0.09583778467521303,0.09653842725514639,73800.0,3979.911,53.93980478672609,2.990870324879862,3600.9585271580145,0.9585271580144763,0.09302139282226562,894,0.21114206128133706
n100_i980006_T_a2202_A7B,n100_i980006_T_a2202,100,980006,T,2202,A7B,1,1,0.9299660789058962,0.7579808323112435,1.8903449526599077,0.08944907010646014,0.09052766618294765,74220.0,3940.1400000000003,57.99326921225568,2.603520939571098,3600.124684053473,0.12468405347317457,0.09302139282226562,359,0.2546676624346527
n100_i980006_T_a2202_RDIR,n100_i980006_T_a2202,100,980006,T,2202,RDIR,1,2,1.0070682546432135,0.8311670921093632,1.9848511992381017,0.019771568591794433,0.010139591826488078,71760.0,3919.8720000000003,54.5386065938414,3.5773037604902975,3600.4770246949047,0.477024694904685,0.09302139282226562,328,0.21444099378881987
n100_i980006_T_a2202_F6,n100_i980006_T_a2202,100,980006,T,2202,F6,1,3,1.0384591156440646,0.8546630059666483,2.0513307142103576,0.06504296874460137,0.08480474706832995,74220.0,3742.8915,60.99253821113662,2.6429618477676913,3600.5060035344213,0.5060035344213247,0.09302139282226562,577,0.2262505254308533
n100_i980006_T_a4404_RDIR,n100_i980006_T_a4404,100,980006,T,4404,RDIR,1,0,1.0640002317273975,0.88109518999237,2.0729115283275195,0.015882790173337696,0.02057122485503141,71190.0,3813.36,55.424141101516135,3.7902570332494068,3600.019703228958,0.01970322895795107,0.121246337890625,250,0.17955294979846098
n100_i980006_T_a4404_RPERM,n100_i980006_T_a4404,100,980006,T,4404,RPERM,1,1,0.8384393209771299,0.6765845910306624,1.7537936762947632,0.1050870354629627,0.07913856337047197,73380.0,4124.736,52.71611273135134,2.4301202579358745,3600.6448534494266,0.6448534494265914,0.121246337890625,287,0.23234285714285716
n100_i980006_T_a4404_A7B,n100_i980006_T_a4404,100,980006,T,4404,A7B,1,2,0.8561067170572829,0.6915043172509411,1.7836729384188001,0.10868891476062198,0.09447296403901377,73320.0,4079.949,59.06216246404461,3.239459938667295,3600.2914747567847,0.2914747567847371,0.121246337890625,534,0.18622995798679584
n100_i980006_T_a4404_F6,n100_i980006_T_a4404,100,980006,T,4404,F6,1,3,0.9054487493927394,0.73719385134561,1.8492482962688697,0.08279735436920405,0.07263147143105074,73980.0,4006.8420000000006,64.48680805075759,3.4864188022257387,3601.403248509392,1.4032485093921423,0.13296890258789062,326,0.19409047467346288
n100_i980006_T_a1101_RPERM,n100_i980006_T_a1101,100,980006,T,1101,RPERM,1,0,0.9894851421794868,0.8128072991655553,1.9707200000191771,0.04275794177265367,0.016239259223592924,72900.0,3885.987,60.947587534028806,4.257854303289623,3600.4050181228667,0.40501812286674976,0.13296890258789062,165,0.1609915198956295
n100_i980006_T_a1101_RDIR,n100_i980006_T_a1101,100,980006,T,1101,RDIR,1,1,0.9367673137594391,0.7661478027994616,1.8910762513593349,0.04672609019753046,0.033821818074910394,71250.0,4017.435,54.50860106969197,4.752073187716557,3600.954641067423,0.9546410674229264,0.13296890258789062,201,0.1658485273492286
n100_i980006_T_a1101_A7B,n100_i980006_T_a1101,100,980006,T,1101,A7B,1,2,0.8725951385754155,0.7072615401587959,1.8034111315381656,0.07881319404018129,0.04241075714181505,72630.0,4080.3959999999997,55.34385255588846,3.852984481673026,3601.1045634876937,1.1045634876936674,0.13296890258789062,403,0.1783783783783784
n100_i980006_T_a1101_F6,n100_i980006_T_a1101,100,980006,T,1101,F6,1,3,1.0587824435001425,0.8728317318154081,2.081230050987848,0.05377993209867244,0.047353726933289896,72780.0,3733.326,57.69460649072784,3.3873148718502764,3600.787190278992,0.7871902789920568,0.13296890258789062,451,0.1912765434123145
n100_i980007_H_a5505_F6,n100_i980007_H_a5505,100,980007,H,5505,F6,0,0,0.9873160068991018,0.8039516230179965,1.9982688241484576,0.0801651653333798,0.08326442590214901,69780.0,3962.43,52.50570941452504,3.452448468238449,3600.922682661563,0.922682661563158,0.03949737548828125,172,0.2249034749034749
n100_i980007_H_a5505_RDIR,n100_i980007_H_a5505,100,980007,H,5505,RDIR,0,1,1.0025211990610718,0.8259591895908931,1.9832412411507567,0.03915179065793304,0.05321914285907232,69270.0,4082.7525000000005,51.331611425208145,3.4404729091548165,3600.958451680839,0.9584516808390617,0.09473037719726562,362,0.22544192428767454
n100_i980007_H_a5505_RPERM,n100_i980007_H_a5505,100,980007,H,5505,RPERM,0,2,0.9517322908160356,0.7800796191644852,1.9106330537118175,0.06303777230139382,0.0663615328363247,69780.0,4132.2225,47.59116094903026,3.3010374986475126,3600.0802792664617,0.08027926646173,0.09473037719726562,182,0.24267923258162236
n100_i980007_H_a5505_A7B,n100_i980007_H_a5505,100,980007,H,5505,A7B,0,3,0.9711799543692454,0.7955375577589177,1.9478128281929252,0.06451267552718033,0.07983961473780828,69750.0,4075.6575000000003,55.0419029769118,3.5964445885604825,3601.0564548093826,1.0564548093825579,0.09473037719726562,216,0.2126476719944406
n100_i980007_H_a2202_A7B,n100_i980007_H_a2202,100,980007,H,2202,A7B,0,0,0.9969926242264148,0.8166758918489839,1.9944003236816612,0.04956212735481579,0.0701554998027609,70200.0,3988.74,54.874054557397315,3.701621628213135,3600.043802000582,0.04380200058221817,0.09473037719726562,400,0.19180549302116165
n100_i980007_H_a2202_RPERM,n100_i980007_H_a2202,100,980007,H,2202,RPERM,0,1,1.0063821989394528,0.826758729143854,2.000708731364334,0.04730268095549928,0.06807697009030435,70080.0,4003.897499999999,57.69314835759537,3.550860375540413,3600.254205448553,0.2542054485529661,0.09473037719726562,226,0.20940237797246558
n100_i980007_H_a2202_F6,n100_i980007_H_a2202,100,980007,H,2202,F6,0,2,0.9214132650763289,0.7501419538011442,1.8786190929660358,0.09828023672730804,0.11550209401625089,70200.0,4119.8775000000005,48.87412599412804,3.550144348440677,3600.6986604966223,0.698660496622324,0.10177230834960938,257,0.23093170617226003
n100_i980007_H_a2202_RDIR,n100_i980007_H_a2202,100,980007,H,2202,RDIR,0,3,0.9346199356911157,0.7628490599180029,1.894046050238284,0.06954365029588083,0.06171746613487871,68790.0,4172.64,54.078897057757636,4.662366499787882,3600.961014275439,0.9610142754390836,0.10177230834960938,280,0.16534635773423076
n100_i980007_H_a1101_A7B,n100_i980007_H_a1101,100,980007,H,1101,A7B,0,0,0.915468281037464,0.7373700462224321,1.9030159913264941,0.12483795242699892,0.15505021426881466,70650.0,4001.7525000000005,50.788860031933616,2.784476975434957,3600.317075142637,0.3170751426368952,0.10177230834960938,296,0.20967581047381545
n100_i980007_H_a1101_F6,n100_i980007_H_a1101,100,980007,H,1101,F6,0,1,0.9082421828863027,0.7386894462941447,1.8578099010736728,0.08922035333614857,0.10779234893460658,70470.0,4133.3025,49.45690566586163,3.020220288050074,3600.7307291552424,0.7307291552424431,0.10177230834960938,343,0.2111264367816092
n100_i980007_H_a1101_RPERM,n100_i980007_H_a1101,100,980007,H,1101,RPERM,0,2,0.8794081167345326,0.713058136907831,1.8147413604087619,0.09856901962137979,0.091916790419598,70470.0,4179.735,49.89240253201772,3.456888280985874,3600.3477660696954,0.3477660696953535,0.10235214233398438,196,0.2206331351438213
n100_i980007_H_a1101_RDIR,n100_i980007_H_a1101,100,980007,H,1101,RDIR,0,3,0.9654374564087354,0.7918557257678688,1.932911814812587,0.05889526710096738,0.06514026385147259,70320.0,4081.2749999999996,51.30299092088266,4.105361366893145,3600.413868362084,0.4138683620840311,0.10235214233398438,403,0.18496718760571004
n100_i980007_H_a4404_F6,n100_i980007_H_a4404,100,980007,H,4404,F6,0,0,0.8729636647110095,0.7095373465320893,1.7953028566173208,0.0940544273427559,0.08241080693067317,70140.0,4236.165,49.80999271168027,3.4084745273275665,3601.0244176955894,1.0244176955893636,0.10235214233398438,290,0.22413231220466026
n100_i980007_H_a4404_RPERM,n100_i980007_H_a4404,100,980007,H,4404,RPERM,0,1,0.9802279407222237,0.8046934969043537,1.9563810243572033,0.058120834366995944,0.07924273042775223,70500.0,4045.3050000000003,52.03144270039391,3.2314854871831646,3601.1302065737545,1.130206573754549,0.10235214233398438,315,0.22643292944917076
n100_i980007_H_a4404_RDIR,n100_i980007_H_a4404,100,980007,H,4404,RDIR,0,2,1.0949653641094732,0.9056818024656376,2.1322256380820757,0.00733167561353293,0.0,69000.0,3909.81,52.520146586770956,5.364038532354451,3601.018129062839,1.0181290628388524,0.10235214233398438,253,0.12901221785048664
n100_i980007_H_a4404_A7B,n100_i980007_H_a4404,100,980007,H,4404,A7B,0,3,0.8446352144842076,0.679451030260037,1.7747871443694088,0.1344899601105134,0.1476658446355025,69480.0,4238.7675,56.60641966285115,3.8946020975593973,3600.881334909238,0.8813349092379212,0.10235214233398438,151,0.1829720479178551
n100_i980007_H_a3303_A7B,n100_i980007_H_a3303,100,980007,H,3303,A7B,0,0,0.9635029333959897,0.7920259395184402,1.9216229061850962,0.04757021820717387,0.040977481980444215,69990.0,4125.8325,49.66536810365582,3.43080119603938,3600.0337222274393,0.033722227439284325,0.10235214233398438,135,0.22921220953768925
n100_i980007_H_a3303_RDIR,n100_i980007_H_a3303,100,980007,H,3303,RDIR,0,1,0.964564888706251,0.7882861352230556,1.9440260152982307,0.05998460507239576,0.04900825674773497,69870.0,4061.325,51.45462541229872,4.191037820498854,3601.0173723995686,1.0173723995685577,0.10235214233398438,510,0.17313808640339254
n100_i980007_H_a3303_F6,n100_i980007_H_a3303,100,980007,H,3303,F6,0,2,0.9871332469858278,0.8059938985975337,1.9881970176004657,0.056232709117180375,0.03719254952189299,70050.0,3983.1975000000007,53.369989131617466,3.563702681135057,3600.1881043324247,0.18810433242470026,0.10235214233398438,196,0.17326578332034295
n100_i980007_H_a3303_RPERM,n100_i980007_H_a3303,100,980007,H,3303,RPERM,0,3,0.9552510645368719,0.7802424604485693,1.9290670827071028,0.08046885439481061,0.11385803231866362,69900.0,4078.4624999999996,53.09631559090387,3.4525562636074425,3600.2309740819037,0.23097408190369606,0.10235214233398438,164,0.21407884151246984
n100_i980007_T_a2202_A7B,n100_i980007_T_a2202,100,980007,T,2202,A7B,0,0,1.0500788917541821,0.8624931774684675,2.079793177468467,0.07709904143679995,0.11437907250955855,70200.0,3850.248,55.55578254027293,3.273608118144992,3600.0032913768664,0.003291376866400242,0.04404449462890625,264,0.2082308018667798
n100_i980007_T_a2202_RPERM,n100_i980007_T_a2202,100,980007,T,2202,RPERM,0,1,0.9067452452968923,0.7405246927756899,1.8415032565022362,0.06792667103393815,0.041878682541989974,70200.0,4173.8775000000005,46.323041913624984,2.7286259071042798,3600.71344863344,0.7134486334398389,0.09473037719726562,425,0.2831552162849873
n100_i980007_T_a2202_RDIR,n100_i980007_T_a2202,100,980007,T,2202,RDIR,0,2,0.9521288614647936,0.7806858863709386,1.9100976396597031,0.06290392293385867,0.05421693405811837,69720.0,4110.351,40.74793011440726,3.246346849006469,3600.3546582143754,0.3546582143753767,0.09473037719726562,280,0.2123545516769336
n100_i980007_T_a2202_F6,n100_i980007_T_a2202,100,980007,T,2202,F6,0,3,0.9905508635383667,0.8109508058832151,1.9847733420057074,0.08750434473844575,0.11030981516544512,70200.0,3971.2110000000002,56.983768035260276,3.91396141586073,3600.955273316242,0.9552733162418008,0.09473037719726562,224,0.1866751809280545
n100_i980007_T_a4404_F6,n100_i980007_T_a4404,100,980007,T,4404,F6,0,0,0.9160454312536191,0.7467452624692624,1.8644906258507592,0.07720146358160467,0.06467508141655993,69690.0,4143.782999999999,47.71257020197621,3.572832005099781,3600.2252503447235,0.22525034472346306,0.09473037719726562,590,0.21262535955842338
n100_i980007_T_a4404_RPERM,n100_i980007_T_a4404,100,980007,T,4404,RPERM,0,1,1.0096691117711454,0.8283069295896676,2.0117232547999326,0.09887461346220579,0.13765666290968115,70440.0,3936.7290000000003,56.43470297657974,3.109614020745035,3600.125264844857,0.12526484485715628,0.09473037719726562,261,0.23251451540866458
n100_i980007_T_a4404_A7B,n100_i980007_T_a4404,100,980007,T,4404,A7B,0,2,0.9994785149680192,0.823576875317119,1.9772635800831317,0.04066795925289584,0.03515443910176019,69690.0,4043.7870000000003,54.91702054530432,5.010889943034191,3600.1588949440047,0.1588949440047145,0.09473037719726562,670,0.1560421286031042
n100_i980007_T_a4404_RDIR,n100_i980007_T_a4404,100,980007,T,4404,RDIR,0,3,1.0383221568056655,0.8603249997327873,2.025420632685126,0.016900165475395676,0.0077305562526244955,69810.0,4008.1499999999996,49.54348766310168,3.4737202769928417,3601.038368820213,1.0383688202127814,0.09473037719726562,721,0.22767607322727637
n100_i980007_T_a1101_A7B,n100_i980007_T_a1101,100,980007,T,1101,A7B,0,0,0.9891911730402753,0.8150991864461986,1.9589333356806167,0.04381462131054858,0.041824927732042855,70110.0,4057.566,47.65680154697758,3.8745751017292567,3600.1366946725175,0.13669467251747847,0.10177230834960938,486,0.2301240232274715
n100_i980007_T_a1101_F6,n100_i980007_T_a1101,100,980007,T,1101,F6,0,1,1.0193077735114504,0.8427817827010652,1.9998677326687164,0.028480063551907703,0.027817802805382406,69870.0,4028.487,53.26321006692745,3.67276927793205,3600.008331436664,0.008331436663866043,0.10177230834960938,812,0.20261685070337315
n100_i980007_T_a1101_RDIR,n100_i980007_T_a1101,100,980007,T,1101,RDIR,0,2,0.955689226628758,0.785919345724056,1.906222030649654,0.043523156138448156,0.030313548006342773,70470.0,4111.35,46.185156338487474,3.631008087447059,3600.3775494731963,0.3775494731962681,0.10177230834960938,347,0.19750631071674443
n100_i980007_T_a1101_RPERM,n100_i980007_T_a1101,100,980007,T,1101,RPERM,0,3,1.0307919535539654,0.8526062469702749,2.018728427259255,0.016192877101507745,0.0006501385253897343,70470.0,3983.8710000000005,47.45063368987289,3.7671927656449524,3601.0899478560314,1.0899478560313582,0.10177230834960938,162,0.17698658410732715
n100_i980007_T_a3303_A7B,n100_i980007_T_a3303,100,980007,T,3303,A7B,0,0,0.8475813308594644,0.6856863638021213,1.7631145177809862,0.1239552645860073,0.137769780888153,69750.0,4254.006,49.78272930715965,3.69658614247937,3601.9720592983067,1.9720592983067036,0.10177230834960938,224,0.20045061960195268
n100_i980007_T_a3303_RDIR,n100_i980007_T_a3303,100,980007,T,3303,RDIR,0,1,0.9430277231999423,0.771647176092162,1.9007190436789654,0.08205976685063587,0.08911178775724495,70290.0,4092.795,42.83644759395397,3.0092476700700046,3601.2323305206373,1.2323305206373334,0.10177230834960938,194,0.22035618713666144
n100_i980007_T_a3303_RPERM,n100_i980007_T_a3303,100,980007,T,3303,RPERM,0,2,0.9056261000533797,0.736737047710424,1.8522441104665164,0.10065648949080655,0.09963251951205888,70290.0,4130.535,52.782224779961325,3.8793425530701335,3600.094554410316,0.09455441031605005,0.10235214233398438,193,0.1880996706286696
n100_i980007_T_a3303_F6,n100_i980007_T_a3303,100,980007,T,3303,F6,0,3,0.8958670074209788,0.7297873213994924,1.8299989452942522,0.071329529380512,0.04952174221596149,69120.0,4211.067,50.35849623811197,3.2221483590581332,3600.703228758648,0.7032287586480379,0.10235214233398438,151,0.23720048267540078
n100_i980007_T_a5505_F6,n100_i980007_T_a5505,100,980007,T,5505,F6,0,0,0.9766097635887288,0.8004613055339515,1.955491799387735,0.08862069914503332,0.11740642264469874,69780.0,4037.127,51.034550365061946,2.9856947832621277,3600.5019870968536,0.5019870968535542,0.10235214233398438,216,0.2649302325581395
n100_i980007_T_a5505_RDIR,n100_i980007_T_a5505,100,980007,T,5505,RDIR,0,1,0.9867783829018836,0.8119404451518429,1.9598358840131755,0.04985485448691119,0.044046167475170005,69630.0,4061.847,50.25653318034116,3.445451185652669,3600.109051508829,0.10905150882899761,0.10235214233398438,389,0.22339567881328604
n100_i980007_T_a5505_A7B,n100_i980007_T_a5505,100,980007,T,5505,A7B,0,2,1.015687131835389,0.8354544444451427,2.0127212980142604,0.04533029686578313,0.049307385490856684,69780.0,3975.2610000000004,57.11912399812666,4.0128183796078405,3600.212776490487,0.2127764904871583,0.10235214233398438,71,0.17982972243372328
n100_i980007_T_a5505_RPERM,n100_i980007_T_a5505,100,980007,T,5505,RPERM,0,3,0.9805733962028077,0.8071244430179109,1.947457632580128,0.0416000500377025,0.033909010684762056,69540.0,4085.808,47.808728642354296,3.82430944446974,3600.3885668590665,0.38856685906648636,0.10235214233398438,475,0.22187522695911105
n100_i980008_H_a5505_F6,n100_i980008_H_a5505,100,980008,H,5505,F6,1,0,1.0774116954983706,0.8899966894959696,2.106367277731263,0.035902835125644926,0.05386743983806678,83580.0,4025.5800000000004,71.79069068421649,2.5965906179313145,3601.260797687806,1.260797687806189,0.038906097412109375,181,0.22382632873489466
n100_i980008_H_a5505_RDIR,n100_i980008_H_a5505,100,980008,H,5505,RDIR,1,1,0.8895465945870165,0.723329477285862,1.8242893381476994,0.080046265895696,0.0478080654338597,82770.0,4323.585,54.89859734245923,3.3490332636123785,3601.0391807788983,1.0391807788982987,0.057529449462890625,442,0.22064676616915424
n100_i980008_H_a5505_RPERM,n100_i980008_H_a5505,100,980008,H,5505,RPERM,1,2,0.950255485471929,0.7781693765782586,1.9110826361104627,0.056267423816566256,0.044023855966628195,83400.0,4236.112499999999,67.34546452316482,3.492900443756496,3600.73245788645,0.7324578864499927,0.08176040649414062,275,0.2026715432933132
n100_i980008_H_a5505_A7B,n100_i980008_H_a5505,100,980008,H,5505,A7B,1,3,1.021583544803186,0.8385849888155008,2.0309104603040087,0.06653450606305908,0.0619748417996132,83580.0,4085.6025,69.41844996816215,3.780951039611644,3600.1524107009172,0.15241070091724396,0.09302139282226562,350,0.1600058771672054
n100_i980008_H_a2202_A7B,n100_i980008_H_a2202,100,980008,H,2202,A7B,1,0,0.9820619522948992,0.8073999903630641,1.9543373386586078,0.04552013229658153,0.03208010644725664,84330.0,4189.724999999999,57.807167205871295,3.258799310072659,3600.712680811994,0.7126808119937778,0.09302139282226562,241,0.20138060337480826
n100_i980008_H_a2202_RPERM,n100_i980008_H_a2202,100,980008,H,2202,RPERM,1,1,0.9138057584212925,0.7432879443134065,1.8676627100118972,0.0786322093430507,0.07172641728069498,81240.0,4283.8575,70.18110372977479,4.424166201352545,3600.0003786319867,0.00037863198667764664,0.09302139282226562,214,0.14899227726502165
n100_i980008_H_a2202_F6,n100_i980008_H_a2202,100,980008,H,2202,F6,1,2,0.8948989487877969,0.7272990322666896,1.8357874666593825,0.07990298588945016,0.07943543558847277,84300.0,4286.069999999999,55.52552200661628,2.9130317699900914,3602.7756745116785,2.775674511678517,0.09302139282226562,1031,0.2100047641734159
n100_i980008_H_a2202_RDIR,n100_i980008_H_a2202,100,980008,H,2202,RDIR,1,3,0.8718455451443798,0.7060094860842407,1.8048946965227766,0.08535946093782938,0.05943468489092022,80820.0,4352.625,67.90336076187101,3.6765751309801975,3601.7215827899054,1.7215827899053693,0.09302139282226562,368,0.18471529980365503
n100_i980008_H_a1101_A7B,n100_i980008_H_a1101,100,980008,H,1101,A7B,1,0,0.9628759155236711,0.7878028543439355,1.9369784096558271,0.05672738738841371,0.05790780102865375,82080.0,4211.67,66.26962041220183,3.254778955601399,3602.087932829745,2.087932829745114,0.121246337890625,359,0.1960934834527465
n100_i980008_H_a1101_F6,n100_i980008_H_a1101,100,980008,H,1101,F6,1,1,0.9864775862763434,0.8087178397828283,1.9725209040253016,0.05169085970343535,0.06154404319339284,82920.0,4164.8775,55.97405749025284,2.303396305484077,3601.2040048213676,1.2040048213675618,0.121246337890625,374,0.2321880650994575
n100_i980008_H_a1101_RPERM,n100_i980008_H_a1101,100,980008,H,1101,RPERM,1,2,0.9872572340767958,0.8087974591170717,1.9764117894533464,0.06069297120257558,0.05595720838804249,82650.0,4158.6675,72.1565821069691,4.0118305489530535,3601.348517516628,1.3485175166279078,0.121246337890625,363,0.15822259136212624
n100_i980008_H_a1101_RDIR,n100_i980008_H_a1101,100,980008,H,1101,RDIR,1,3,0.9335621741829286,0.7622174069303975,1.8910944730830628,0.061273723061146236,0.05881610269000504,82080.0,4262.339999999999,63.33341474082036,2.6622139678160286,3600.01116208639,0.011162086389958858,0.13296890258789062,357,0.2346619365609349
n100_i980008_H_a4404_F6,n100_i980008_H_a4404,100,980008,H,4404,F6,1,0,0.9163743122089417,0.7481709845745425,1.859944657250716,0.06238030621954806,0.025747053744673443,82320.0,4302.0975,69.66223868290977,4.365764731084792,3600.056569263339,0.056569263339042664,0.121246337890625,156,0.1552459120697334
n100_i980008_H_a4404_RPERM,n100_i980008_H_a4404,100,980008,H,4404,RPERM,1,1,1.0582659230424243,0.8752469486303305,2.0676835870961754,0.02750374946013888,0.046006788031696846,83580.0,4085.3250000000003,69.0847399107091,2.720359366385437,3600.2596278348938,0.25962783489376307,0.13296890258789062,370,0.2261588727792526
n100_i980008_H_a4404_RDIR,n100_i980008_H_a4404,100,980008,H,4404,RDIR,1,2,0.8633924945431928,0.6990303064009876,1.7898911085085474,0.08960325026072534,0.05872696243243629,82050.0,4357.605,65.05856425219868,3.417454848297153,3600.6327943531796,0.6327943531796336,0.13296890258789062,666,0.17594473791141813
n100_i980008_H_a4404_A7B,n100_i980008_H_a4404,100,980008,H,4404,A7B,1,3,0.9329971083155132,0.7633977814641999,1.8827718943213507,0.06048078715274047,0.027008157595467003,83250.0,4271.745000000001,69.49641160256641,5.292549580501668,3600.3441649749875,0.34416497498750687,0.13296890258789062,161,0.1262135922330097
n100_i980008_H_a3303_A7B,n100_i980008_H_a3303,100,980008,H,3303,A7B,1,0,0.9149865919094027,0.7449373283385763,1.8667610966686299,0.0851418353863448,0.06820762987823908,82320.0,4277.009999999999,70.9126059953996,3.7105546376454197,3601.348398006521,1.3483980065211654,0.13296890258789062,265,0.17772955174736213
n100_i980008_H_a3303_RDIR,n100_i980008_H_a3303,100,980008,H,3303,RDIR,1,1,0.9907549237442456,0.8163962987363098,1.9616821460017348,0.030745821442185645,0.0008821678799585221,82290.0,4218.81,55.71222939863166,2.878985473021475,3600.573916450143,0.5739164501428604,0.13296890258789062,301,0.23316612000771753
n100_i980008_H_a3303_F6,n100_i980008_H_a3303,100,980008,H,3303,F6,1,2,0.9447854917499238,0.7734394571651876,1.902323423237637,0.060654949177661635,0.03963532389768424,82800.0,4253.5125,68.6099708095707,3.64753713761468,3600.511661572382,0.5116615723818541,0.13296890258789062,205,0.19264448336252188
n100_i980008_H_a3303_RPERM,n100_i980008_H_a3303,100,980008,H,3303,RPERM,1,3,1.0079548197430652,0.827484254962654,2.0060462187671115,0.04748750996610684,0.06959350253860667,82500.0,4133.175,75.1892955654112,3.279363515614498,3600.6987160090357,0.6987160090357065,0.13296890258789062,202,0.19817073170731708
n100_i980008_T_a2202_A7B,n100_i980008_T_a2202,100,980008,T,2202,A7B,1,0,0.6785431171234549,0.5290726739387969,1.5388561979441553,0.15078405163104353,0.10416358364248793,84330.0,4218.0135,67.10683901454874,3.5398899929999823,3600.9593589650467,0.9593589650467038,0.045215606689453125,347,0.18992704165686045
n100_i980008_T_a2202_RPERM,n100_i980008_T_a2202,100,980008,T,2202,RPERM,1,1,0.8057408169035803,0.6449510933431429,1.7163618105055227,0.08339916894617357,0.041907626591605567,82200.0,4043.334,69.29159677137612,4.0260909100557845,3600.018063128926,0.018063128925859928,0.057529449462890625,206,0.16641368842279564
n100_i980008_T_a2202_RDIR,n100_i980008_T_a2202,100,980008,T,2202,RDIR,1,2,0.6259069856642225,0.4823447429830086,1.45996139758073,0.16750033056925648,0.10124865486422427,82350.0,4371.0599999999995,63.03107835414984,3.100490125750207,3600.3985006399453,0.39850063994526863,0.08176040649414062,467,0.21777300008958164
n100_i980008_T_a2202_F6,n100_i980008_T_a2202,100,980008,T,2202,F6,1,3,0.6132189213199399,0.47142226402978865,1.4394262870539452,0.17775805799638808,0.09882029164084392,84540.0,4361.13,69.66422732130017,3.3571682653122417,3600.355729823932,0.35572982393205166,0.09302139282226562,324,0.20476545048399106
n100_i980008_T_a4404_F6,n100_i980008_T_a4404,100,980008,T,4404,F6,1,0,0.7236234005314489,0.5694822577006412,1.6046951464461519,0.12839986326019484,0.08814153393516348,83580.0,4143.3555,68.14875452499994,3.0847345139348916,3601.6065401453525,1.6065401453524828,0.08950042724609375,351,0.22853285328532855
n100_i980008_T_a4404_RPERM,n100_i980008_T_a4404,100,980008,T,4404,RPERM,1,1,0.7041476202375465,0.5527071826326619,1.5732162318148117,0.12521705125451363,0.037065725709896795,81210.0,4242.63,69.14884765348093,3.393319502477463,3600.8987633138895,0.8987633138895035,0.09302139282226562,248,0.23193387347573452
n100_i980008_T_a4404_A7B,n100_i980008_T_a4404,100,980008,T,4404,A7B,1,2,0.7563799135966203,0.6010924437450477,1.642546446270275,0.10234701354264639,0.05786787977228456,83160.0,4129.7535,63.168489585688654,3.230885409688255,3600.5609995070845,0.5609995070844889,0.09302139282226562,235,0.23115275509326916
n100_i980008_T_a4404_RDIR,n100_i980008_T_a4404,100,980008,T,4404,RDIR,1,3,0.6618778821772161,0.512090883087229,1.5235978781327113,0.164809662796559,0.12288427251559493,81270.0,4273.1714999999995,72.09006998564652,4.029710607000382,3600.0103766256943,0.010376625694334507,0.09302139282226562,285,0.1709519542289929
n100_i980008_T_a1101_A7B,n100_i980008_T_a1101,100,980008,T,1101,A7B,1,0,0.6444878756643907,0.4997665562319297,1.48369373980866,0.15011536631665381,0.06235542344883264,82560.0,4344.606,62.592072621107015,3.5799914434737508,3600.008604348637,0.008604348637163639,0.09302139282226562,404,0.20499689633767845
n100_i980008_T_a1101_F6,n100_i980008_T_a1101,100,980008,T,1101,F6,1,1,0.7267231143915429,0.574722936352859,1.5982794612301376,0.10766747813810172,0.0329619522643854,82410.0,4207.8705,70.85912073273465,3.376002757775532,3600.7079591397196,0.7079591397196054,0.09302139282226562,341,0.20903257650542942
n100_i980008_T_a1101_RDIR,n100_i980008_T_a1101,100,980008,T,1101,RDIR,1,2,0.7646966140231894,0.608491823918648,1.654940125598929,0.09389659676616585,0.04150377396326026,82470.0,4125.951,66.84721341695646,3.521445955668468,3601.0775572424755,1.07755724247545,0.121246337890625,401,0.177430801987225
n100_i980008_T_a1101_RPERM,n100_i980008_T_a1101,100,980008,T,1101,RPERM,1,3,0.8338248627777765,0.6709458795705193,1.75373145481003,0.0650150799311832,0.00425314827409193,81900.0,4009.2285,57.811881042934075,2.4827068903627527,3600.5055750636384,0.5055750636383891,0.121246337890625,441,0.23134578811947645
n100_i980008_T_a3303_A7B,n100_i980008_T_a3303,100,980008,T,3303,A7B,1,0,0.7055518917367246,0.555906748550819,1.5666414170074174,0.1189392521798431,0.04336225698452337,83430.0,4232.67,64.42711051680911,3.5100954558880257,3600.4718842618167,0.47188426181674004,0.121246337890625,125,0.20216806456717834
n100_i980008_T_a3303_RDIR,n100_i980008_T_a3303,100,980008,T,3303,RDIR,1,1,0.7679124346413223,0.6105446401052278,1.6633248548017432,0.09806546334255073,0.03405634478843356,81600.0,4121.034,54.36115047182229,2.8693878733900395,3600.0709753455594,0.0709753455594182,0.121246337890625,196,0.189351403678606
n100_i980008_T_a3303_RPERM,n100_i980008_T_a3303,100,980008,T,3303,RPERM,1,2,0.7839708546422072,0.6214763380762822,1.702168706046319,0.10700080803678971,0.06305517868240082,82890.0,3996.798,72.28158282474584,5.584925415832158,3600.585236643441,0.5852366434410214,0.121246337890625,309,0.1141280023869909
n100_i980008_T_a3303_F6,n100_i980008_T_a3303,100,980008,T,3303,F6,1,3,0.7022524925294187,0.5512037596427809,1.5695801942478098,0.12748017915509308,0.06585506684698209,81630.0,4241.745,66.09838942203676,3.7182721594915886,3601.40393860545,1.4039386054500937,0.13296890258789062,670,0.18370547382570382
n100_i980008_T_a5505_F6,n100_i980008_T_a5505,100,980008,T,5505,F6,1,0,1.001587877865922,0.8133140071223501,2.034360636726243,0.026146375063572265,0.04362398542924868,82770.0,3504.2954999999997,79.02916257377544,4.077126014423453,3601.5565739329904,1.5565739329904318,0.13296890258789062,154,0.14239989103786435
n100_i980008_T_a5505_RDIR,n100_i980008_T_a5505,100,980008,T,5505,RDIR,1,1,0.7505354151490921,0.5966273495422547,1.63057126229059,0.09560454492783783,0.015850012475751043,82800.0,4163.439,67.32904753061366,3.2474299317926687,3601.001482900232,1.0014829002320766,0.13296890258789062,226,0.21190354027706515
n100_i980008_T_a5505_A7B,n100_i980008_T_a5505,100,980008,T,5505,A7B,1,2,0.9084433823846781,0.733595849806708,1.8815435271756582,0.05187552360669007,0.04688205866729239,82560.0,3766.2525,72.33729985753112,3.2418888319616896,3601.2956042466685,1.2956042466685176,0.13296890258789062,229,0.195203426124197
n100_i980008_T_a5505_RPERM,n100_i980008_T_a5505,100,980008,T,5505,RPERM,1,3,0.8646246007289874,0.6951745162806091,1.8137360871662243,0.07100346040432746,0.05713939850973752,82560.0,3869.8709999999996,73.49525462229194,3.664001773956736,3600.9807893056422,0.9807893056422472,0.13296890258789062,217,0.1868273457632257
n100_i980009_H_a3303_RPERM,n100_i980009_H_a3303,100,980009,H,3303,RPERM,0,0,0.89674457524909,0.7193666326766168,1.8810909866823056,0.07322958085840663,0.08931654745003838,89220.0,4267.74,65.99774155669948,3.0163065032519425,3601.0929221846163,1.0929221846163273,0.09473037719726562,260,0.21312833732277664
n100_i980009_H_a3303_RDIR,n100_i980009_H_a3303,100,980009,H,3303,RDIR,0,1,0.7314726653818704,0.5749380849241876,1.6231819118604591,0.10099138075364344,0.05146741122932886,85650.0,4569.8775,57.47048217161199,3.106685208082123,3600.300400858745,0.3004008587449789,0.09473037719726562,549,0.19704962002682164
n100_i980009_H_a3303_F6,n100_i980009_H_a3303,100,980009,H,3303,F6,0,2,0.7359853432728065,0.5762631469579438,1.6418617713388612,0.1372313701301588,0.1603757311208799,88470.0,4495.695,79.19833349895488,2.9942905883398447,3601.186886132695,1.1868861326947808,0.10177230834960938,203,0.19465825836965595
n100_i980009_H_a3303_A7B,n100_i980009_H_a3303,100,980009,H,3303,A7B,0,3,0.7653540687867928,0.6083693880322776,1.659063761029081,0.08292796822596185,0.0171990953034487,87300.0,4544.0025,76.4019426685581,3.2552171352791124,3601.2958622481674,1.2958622481673956,0.10177230834960938,222,0.20020472575279366
n100_i980009_H_a5505_RDIR,n100_i980009_H_a5505,100,980009,H,5505,RDIR,0,0,0.9666512325583615,0.7791941322604473,1.9957939005490926,0.059071387866977285,0.08190574079334043,88110.0,4156.53,66.76926943736022,3.2777671650256055,3601.537084745243,1.5370847452431917,0.10177230834960938,262,0.17966963151207116
n100_i980009_H_a5505_F6,n100_i980009_H_a5505,100,980009,H,5505,F6,0,1,0.8482242666485077,0.6825160466007566,1.7807052446385143,0.053836387867248314,0.019350084107417682,89370.0,4410.465,65.47363273512839,4.986864196496276,3600.2584575321525,0.25845753215253353,0.10177230834960938,240,0.13495599866325053
n100_i980009_H_a5505_RPERM,n100_i980009_H_a5505,100,980009,H,5505,RPERM,0,2,0.9037521776225618,0.7288135997442321,1.8772569681929139,0.04262477178067525,0.05416577126465844,88410.0,4307.924999999999,68.23016341609106,3.264036476001947,3601.3690675413236,1.3690675413236022,0.10177230834960938,316,0.18051892811569545
n100_i980009_H_a5505_A7B,n100_i980009_H_a5505,100,980009,H,5505,A7B,0,3,0.9296997273051768,0.7487290058641632,1.9300140448207932,0.0628420042026207,0.08224238274083225,90000.0,4213.634999999999,69.85137780429554,2.426899147742622,3601.303337276913,1.3033372769132257,0.10177230834960938,202,0.20217391304347826
n100_i980009_H_a4404_RPERM,n100_i980009_H_a4404,100,980009,H,4404,RPERM,0,0,0.7063361014298065,0.5508858275448467,1.5932262075851857,0.13976087427485276,0.12035975393465104,87090.0,4565.595,74.6741006259519,3.489228563917285,3601.369119222276,1.3691192222759128,0.10177230834960938,338,0.16353652713671812
n100_i980009_H_a4404_A7B,n100_i980009_H_a4404,100,980009,H,4404,A7B,0,1,0.7918505602691444,0.6279015236970821,1.7165129450338636,0.11025331654857529,0.11381159127036024,90060.0,4423.7699999999995,79.27244895126904,3.9276314249604067,3600.897963622585,0.897963622584939,0.10177230834960938,187,0.15413985717315987
n100_i980009_H_a4404_F6,n100_i980009_H_a4404,100,980009,H,4404,F6,0,2,0.7935587453101642,0.6261467909112851,1.733611875971846,0.10071742585097301,0.09944337637655455,89910.0,4382.714999999999,79.92821312404958,3.1842869560758027,3600.806132789701,0.8061327897012234,0.10177230834960938,161,0.19160997732426305
n100_i980009_H_a4404_RDIR,n100_i980009_H_a4404,100,980009,H,4404,RDIR,0,3,0.9430566163140007,0.7617379563056536,1.944917327462209,0.040853486553739715,0.06217529817876305,86460.0,4252.875,62.68545490195846,2.382724414392184,3600.5003130789846,0.5003130789846182,0.10177230834960938,225,0.21237906515910945
n100_i980009_H_a2202_RPERM,n100_i980009_H_a2202,100,980009,H,2202,RPERM,0,0,0.946386935360581,0.762865356998773,1.9580383947463924,0.04807093452219851,0.04476069791927065,87780.0,4209.344999999999,57.609217537461106,2.423854897113447,3603.763579413295,3.763579413294792,0.10177230834960938,473,0.18992558672009158
n100_i980009_H_a2202_F6,n100_i980009_H_a2202,100,980009,H,2202,F6,0,1,0.8387540157777049,0.6714903321166675,1.7781481653823132,0.07124322829126399,0.0543291830756835,87750.0,4411.125,66.81524707641445,2.6622110118740463,3600.3907869243994,0.3907869243994355,0.10177230834960938,209,0.20594679186228482
n100_i980009_H_a2202_RDIR,n100_i980009_H_a2202,100,980009,H,2202,RDIR,0,2,0.9194983499087934,0.7334595176421542,1.942337604427187,0.08496593626596151,0.10878779388170054,87780.0,4178.16,72.88620101848008,2.5943398165356055,3600.530639996752,0.5306399967521429,0.10235214233398438,272,0.22460122042607858
n100_i980009_H_a2202_A7B,n100_i980009_H_a2202,100,980009,H,2202,A7B,0,3,0.862550668324691,0.6909675061566828,1.8211425001825043,0.06975948221707584,0.06347438815067634,86760.0,4369.7925000000005,73.5526805124335,3.2720443792405915,3600.8069067616016,0.8069067616015673,0.10235214233398438,318,0.19393990833474792
n100_i980009_H_a1101_F6,n100_i980009_H_a1101,100,980009,H,1101,F6,0,0,0.8482400178743682,0.6810075901764027,1.7874952520875473,0.0579505439126734,0.02675641965351486,87840.0,4410.405,66.23219376509573,4.4498961131898565,3600.982942613773,0.9829426137730479,0.10235214233398438,752,0.14833999001497752
n100_i980009_H_a1101_A7B,n100_i980009_H_a1101,100,980009,H,1101,A7B,0,1,0.8433736813207965,0.6757671163180731,1.7842917479995697,0.07054333720168378,0.06316592690411861,87840.0,4405.77,69.86504814516495,3.5363950943882307,3600.842004392296,0.8420043922960758,0.10235214233398438,291,0.19389037223182032
n100_i980009_H_a1101_RPERM,n100_i980009_H_a1101,100,980009,H,1101,RPERM,0,2,0.8500630755323467,0.6832129204669388,1.7876193202674924,0.053218096519635265,0.027065262296761504,87330.0,4421.415,71.72523811156034,4.126532746294592,3600.601500943303,0.6015009433031082,0.10235214233398438,295,0.17795127204199757
n100_i980009_H_a1101_RDIR,n100_i980009_H_a1101,100,980009,H,1101,RDIR,0,3,0.7120962917726618,0.5561319988758512,1.601270926869597,0.13966268160880072,0.14244728927612585,88800.0,4538.19,65.33692456571661,3.7616967404523485,3602.097918815911,2.097918815910816,0.10235214233398438,945,0.15018450184501844
n100_i980009_T_a2202_RPERM,n100_i980009_T_a2202,100,980009,T,2202,RPERM,0,0,0.5877781980227326,0.44578368300933724,1.4148649314155985,0.14959551196609033,0.07929636611923131,87780.0,4483.821,68.01567256456454,3.2182653030549693,3601.0082789007574,1.008278900757432,0.10177230834960938,168,0.20105272240918112
n100_i980009_T_a2202_F6,n100_i980009_T_a2202,100,980009,T,2202,F6,0,1,0.5122002769323125,0.37652861489264494,1.3111854415530573,0.20238983414684678,0.16042191265829012,87480.0,4601.3205,65.98303322371979,3.8148042213029245,3600.971164729446,0.9711647294461727,0.10177230834960938,147,0.14035087719298245
n100_i980009_T_a2202_A7B,n100_i980009_T_a2202,100,980009,T,2202,A7B,0,2,0.5948674805028591,0.45093863803557965,1.4305512248018788,0.1583287316377697,0.11306403078544594,87780.0,4449.342000000001,76.90168854093156,3.980067386408409,3601.1953086387366,1.1953086387366056,0.10235214233398438,352,0.15886415963161934
n100_i980009_T_a2202_RDIR,n100_i980009_T_a2202,100,980009,T,2202,RDIR,0,3,0.6812848724764258,0.5296903794105844,1.551038174991275,0.09938371847995968,0.04335192054562859,86070.0,4340.04,63.33949621542016,2.9854401608699512,3600.139148951508,0.1391489515081048,0.10235214233398438,337,0.21864532936360254
n100_i980009_T_a1101_F6,n100_i980009_T_a1101,100,980009,T,1101,F6,0,0,0.7570612771260379,0.5953199460174474,1.6719116376086607,0.08670432251743894,0.061919349527174726,87270.0,4139.991,69.95028326045168,3.5774307612327165,3600.6287360154092,0.6287360154092312,0.10235214233398438,197,0.18849468208989986
n100_i980009_T_a1101_A7B,n100_i980009_T_a1101,100,980009,T,1101,A7B,0,1,0.8205516286663931,0.6462693306518167,1.7911396198422882,0.08209761262657983,0.10114178362933039,87360.0,3915.0119999999997,66.89995842416752,2.494235766208687,3600.301191113889,0.3011911138892174,0.10235214233398438,381,0.23674832962138084
n100_i980009_T_a1101_RDIR,n100_i980009_T_a1101,100,980009,T,1101,RDIR,0,2,0.8585875274696639,0.6864266199579245,1.8197471164107264,0.03804003168507629,0.02587052248985498,86820.0,3961.4579999999996,69.06765366324188,2.9535436706202653,3600.7593541918322,0.7593541918322444,0.10235214233398438,394,0.21871180065820403
n100_i980009_T_a1101_RPERM,n100_i980009_T_a1101,100,980009,T,1101,RPERM,0,3,0.7397864546257212,0.5824837429706948,1.6349096175369509,0.08075183354882239,0.04821397537476402,88260.0,4203.282,74.68636069633612,3.2294432253965795,3600.001358925365,0.0013589253649115562,0.10235214233398438,331,0.2189059005676931
n100_i980009_T_a4404_RPERM,n100_i980009_T_a4404,100,980009,T,4404,RPERM,0,0,0.6654374080221491,0.5185805056824248,1.5141347517542556,0.10067060937624997,0.02716898074234268,90060.0,4360.701000000001,80.8698113384573,5.43521645112715,3600.9605460958555,0.9605460958555341,0.10235214233398438,144,0.12216431637032496
n100_i980009_T_a4404_A7B,n100_i980009_T_a4404,100,980009,T,4404,A7B,0,1,0.5927636878874665,0.4452956167333145,1.444177337461474,0.1795507784950397,0.14587514827926248,88260.0,4378.5824999999995,77.33165845357468,4.956074979987785,3600.02624497097,0.026244970969855785,0.10235214233398438,194,0.12408922766505998
n100_i980009_T_a4404_RDIR,n100_i980009_T_a4404,100,980009,T,4404,RDIR,0,2,0.5652706180157973,0.4258070787900536,1.3811085701302133,0.1608536104410536,0.09748359483388566,87990.0,4525.5779999999995,71.40132188512953,4.327411747755774,3600.9977576276287,0.9977576276287436,0.10235214233398438,208,0.16325482898029905
n100_i980009_T_a4404_F6,n100_i980009_T_a4404,100,980009,T,4404,F6,0,3,0.6614743003634318,0.5143799733382339,1.5112268649198661,0.10373104061799616,0.03037837659230426,89550.0,4364.621999999999,66.6268134399478,3.999314187959064,3600.367293810472,0.36729381047189236,0.10235214233398438,199,0.18417945690672963
n100_i980009_T_a5505_RDIR,n100_i980009_T_a5505,100,980009,T,5505,RDIR,0,0,0.8879628784890873,0.7114877373998243,1.8682968388858106,0.045792570436219475,0.0455712769281134,90000.0,3833.7210000000005,69.67087180140669,3.1615950887001523,3601.662983567454,1.6629835674539208,0.10235214233398438,306,0.19153420567313603
n100_i980009_T_a5505_F6,n100_i980009_T_a5505,100,980009,T,5505,F6,0,1,0.6860442048382926,0.5373320627690881,1.5429870584792016,0.08865568451948659,0.024980822006967624,88980.0,4344.897,63.213785723034555,3.0380187599368886,3600.7019259575754,0.7019259575754404,0.10235214233398438,417,0.23621903281835635
n100_i980009_T_a5505_A7B,n100_i980009_T_a5505,100,980009,T,5505,A7B,0,2,0.7108585389738312,0.5581641822726421,1.5855001243124487,0.08779918272961804,0.035415747498797674,89580.0,4264.323,64.41725566537293,3.11941445888888,3600.355178195983,0.35517819598317146,0.10235214233398438,434,0.19553022883091442
n100_i980009_T_a5505_RPERM,n100_i980009_T_a5505,100,980009,T,5505,RPERM,0,3,0.684156053706556,0.5329027613319272,1.5523929087049055,0.11280684367585063,0.09426265027714838,89970.0,4283.775000000001,75.75701096749414,3.1813216928428023,3600.07603939157,0.07603939156979322,0.10235214233398438,160,0.2053610407753427
n100_i980009_T_a3303_RPERM,n100_i980009_T_a3303,100,980009,T,3303,RPERM,0,0,0.8020678895129558,0.6348560851100413,1.7412314646370217,0.0713900644703811,0.0724501396874034,86910.0,4048.236,63.97613533026224,2.0556667021850794,3601.2647342737764,1.264734273776412,0.10235214233398438,433,0.3302715115493719
n100_i980009_T_a3303_RDIR,n100_i980009_T_a3303,100,980009,T,3303,RDIR,0,1,0.7661513092712823,0.6056189727654663,1.675628360408245,0.06538607033890127,0.04100781954069964,86310.0,4176.888,67.83063113783865,3.131332413789545,3600.70363349095,0.7036334909498692,0.10235214233398438,317,0.22687361419068736
n100_i980009_T_a3303_A7B,n100_i980009_T_a3303,100,980009,T,3303,A7B,0,2,0.9555856172978525,0.7669501912888844,1.989965288448825,0.04945420770517853,0.08286017570683199,87480.0,3657.252,67.70168325721772,2.190043130622836,3601.2989377779886,1.2989377779886127,0.10235214233398438,307,0.2516799797134525
n100_i980009_T_a3303_F6,n100_i980009_T_a3303,100,980009,T,3303,F6,0,3,0.7767172445473652,0.613095053789006,1.699926981251182,0.08560610200726655,0.08714369079155629,89100.0,4077.21,66.72307032176285,2.4882199369826554,3600.1640638178214,0.16406381782144308,0.10235214233398438,461,0.23822281759321276
n100_i980010_H_a3303_RPERM,n100_i980010_H_a3303,100,980010,H,3303,RPERM,1,0,0.9435723914140529,0.7716586338175722,1.903633536287299,0.022955564694468505,3.6756174485887427e-06,77160.0,4246.815,51.67896068469162,4.4485292893107955,3601.639768563211,1.6397685632109642,0.09302139282226562,708,0.15909374609911373
n100_i980010_H_a3303_RDIR,n100_i980010_H_a3303,100,980010,H,3303,RDIR,1,1,1.0091840913795807,0.8218332992528405,2.037854278609537,0.07719168336780191,0.11031080524294899,77220.0,4047.6,50.33323123945909,2.553032273042903,3600.4245214825496,0.42452148254960775,0.09302139282226562,783,0.23814186248912098
n100_i980010_H_a3303_F6,n100_i980010_H_a3303,100,980010,H,3303,F6,1,2,0.8496165113453568,0.6803822503938971,1.7977687822407338,0.11730060882832312,0.13724542337654222,78090.0,4264.0125,62.822332439398,4.318813179750841,3600.7577435653657,0.7577435653656721,0.09302139282226562,223,0.16989261140762651
n100_i980010_H_a3303_A7B,n100_i980010_H_a3303,100,980010,H,3303,A7B,1,3,0.8952756032388453,0.7217674340097952,1.8624230220346207,0.0991528385622526,0.10452840380383052,78540.0,4200.8475,64.11766438506955,3.7997155023886875,3600.0063666347414,0.006366634741425514,0.09302139282226562,206,0.18605161195993858
n100_i980010_H_a5505_RDIR,n100_i980010_H_a5505,100,980010,H,5505,RDIR,1,0,0.7794272959022478,0.6198552713071817,1.6846362941025417,0.11115917493046658,0.1180932591177636,75510.0,4435.695,51.20921437729871,3.869965029884949,3601.3245319724083,1.3245319724082947,0.09302139282226562,362,0.19207863959245175
n100_i980010_H_a5505_F6,n100_i980010_H_a5505,100,980010,H,5505,F6,1,1,0.8986650007743363,0.7227055239527549,1.8767071199813625,0.1040539750484328,0.13789116011745753,76980.0,4198.222500000001,55.58145321997671,2.48856013382604,3600.877422328107,0.877422328107059,0.09302139282226562,240,0.25108804820890523
n100_i980010_H_a5505_RPERM,n100_i980010_H_a5505,100,980010,H,5505,RPERM,1,2,0.8577268641323883,0.6866725882106924,1.8139680904510362,0.11496600458769116,0.12489161609259959,78180.0,4238.992500000001,62.36708587204646,3.427226790710337,3601.162325602025,1.1623256020247936,0.121246337890625,174,0.18522119591638309
n100_i980010_H_a5505_A7B,n100_i980010_H_a5505,100,980010,H,5505,A7B,1,3,0.8180853064803717,0.6520744033498268,1.7519115426161271,0.1262600082957275,0.14988586468057163,77460.0,4317.022500000001,54.483582031907495,2.937220654556619,3600.001921406947,0.0019214069470763206,0.121246337890625,227,0.19765462455078495
n100_i980010_H_a4404_RPERM,n100_i980010_H_a4404,100,980010,H,4404,RPERM,1,0,0.9367035614437117,0.7587082126859171,1.9237940003672442,0.08146657452838553,0.08939865804851183,78090.0,4151.580000000001,61.165908082206165,3.1616517551902494,3600.649559620768,0.6495596207678318,0.09302139282226562,316,0.22408643710470835
n100_i980010_H_a4404_A7B,n100_i980010_H_a4404,100,980010,H,4404,A7B,1,1,0.8722196551149475,0.7039550386246453,1.8160623950718495,0.06933812754363436,0.056616120256936506,76290.0,4309.724999999999,62.12107639176145,3.9705991624767774,3600.9678678018972,0.9678678018972278,0.09302139282226562,214,0.1658273884459365
n100_i980010_H_a4404_F6,n100_i980010_H_a4404,100,980010,H,4404,F6,1,2,0.8626774240890974,0.6905448498146538,1.8237110875310667,0.1020061914810914,0.0969535348163809,77340.0,4240.68,60.39688629065503,3.009458253935061,3600.980337849818,0.9803378498181701,0.121246337890625,186,0.1902740610870167
n100_i980010_H_a4404_RDIR,n100_i980010_H_a4404,100,980010,H,4404,RDIR,1,3,0.8346188369736298,0.6693962427073435,1.7649414781571229,0.09449422279929817,0.09320599369506448,76650.0,4342.11,46.080632605081114,2.954086092717523,3600.7752198632807,0.775219863280654,0.121246337890625,587,0.21387609288333176
n100_i980010_H_a2202_RPERM,n100_i980010_H_a2202,100,980010,H,2202,RPERM,1,0,0.8350017767748878,0.666543333799679,1.7797059677758154,0.11642947927373173,0.1360307688003933,76140.0,4310.01,54.308841721594504,2.8796819750225295,3601.439356829971,1.439356829971075,0.121246337890625,255,0.23141452126120915
n100_i980010_H_a2202_F6,n100_i980010_H_a2202,100,980010,H,2202,F6,1,1,0.9383432227427538,0.7524883923351134,1.960364691221153,0.09544808176619547,0.09879766440677015,77340.0,4064.58,53.85260030006369,3.774656568402552,3600.3275407254696,0.32754072546958923,0.121246337890625,154,0.1751287711552612
n100_i980010_H_a2202_RDIR,n100_i980010_H_a2202,100,980010,H,2202,RDIR,1,2,0.8809336596493141,0.7097192141817381,1.8378867506163163,0.096794189884107,0.12383355566106104,77340.0,4252.4625,57.81749889027848,3.2174999382448393,3600.0000690966845,6.909668445587158e-05,0.121246337890625,447,0.2189415522748856
n100_i980010_H_a2202_A7B,n100_i980010_H_a2202,100,980010,H,2202,A7B,1,3,0.843795537443525,0.676411024657645,1.7837267053807708,0.0915355310530489,0.11056031142842396,75450.0,4336.545,53.400684934529394,3.3444166093615584,3600.627973887138,0.6279738871380687,0.13296890258789062,310,0.22654044178707855
n100_i980010_H_a1101_F6,n100_i980010_H_a1101,100,980010,H,1101,F6,1,0,0.9168907133402495,0.7434992163560777,1.8835195888254554,0.05999985725015725,0.082003123228998,75660.0,4255.575,62.37512214242711,4.001150447275974,3600.7143919840455,0.7143919840455055,0.13296890258789062,371,0.18539598806135907
n100_i980010_H_a1101_A7B,n100_i980010_H_a1101,100,980010,H,1101,A7B,1,1,0.8424565767845419,0.662957612412209,1.836229751772687,0.1435751930339833,0.13883493850367284,76710.0,4157.79,64.3280497050803,3.121744828049093,3600.870865228586,0.8708652285858989,0.13296890258789062,312,0.17738635352726626
n100_i980010_H_a1101_RPERM,n100_i980010_H_a1101,100,980010,H,1101,RPERM,1,2,0.8517014337717608,0.6788317242749381,1.8160112537576403,0.12538847888142327,0.14208232716171115,76170.0,4252.845,60.69314238761581,2.8933103811867973,3600.719807920046,0.7198079200461507,0.13296890258789062,317,0.21750815895565367
n100_i980010_H_a1101_RDIR,n100_i980010_H_a1101,100,980010,H,1101,RDIR,1,3,0.8504103869595929,0.6815348274450913,1.7969684292462669,0.08658027315244089,0.06513830564764767,76020.0,4306.875,67.57150923159527,3.8806328584478873,3600.185977291316,0.185977291315794,0.13296890258789062,316,0.19504688282871663
n100_i980010_T_a2202_RPERM,n100_i980010_T_a2202,100,980010,T,2202,RPERM,1,0,0.7538924673085795,0.587475991767862,1.6895212474895451,0.14139879766884664,0.15246647829943452,74940.0,4172.585999999999,54.79064914873133,2.8535379057841417,3601.1436817329377,1.1436817329376936,0.121246337890625,137,0.22888283378746593
n100_i980010_T_a2202_F6,n100_i980010_T_a2202,100,980010,T,2202,F6,1,1,0.7679249792350872,0.6024600804015767,1.6993245296062398,0.12587090316576469,0.08589552014478856,77040.0,4139.955,41.52805867348031,1.992509268180319,3600.9870140040293,0.9870140040293336,0.121246337890625,905,0.22662020905923344
n100_i980010_T_a2202_A7B,n100_i980010_T_a2202,100,980010,T,2202,A7B,1,2,0.7482367754509446,0.5878946711575141,1.6568683500884103,0.11504549041198285,0.08116026861104372,76230.0,4237.635,54.829026219495574,3.137792333992182,3600.9393858211115,0.9393858211115003,0.121246337890625,740,0.23002035578369767
n100_i980010_T_a2202_RDIR,n100_i980010_T_a2202,100,980010,T,2202,RDIR,1,3,0.7976124200393563,0.6320491097772102,1.7294493545377827,0.09276672538776286,0.05261882885078943,76680.0,4146.552,59.38012917948511,3.592516702875147,3600.261618727818,0.26161872781813145,0.13296890258789062,442,0.1813050873666306
n100_i980010_T_a1101_F6,n100_i980010_T_a1101,100,980010,T,1101,F6,1,0,0.859872530815874,0.6857905407944427,1.8295702642444585,0.10691562235824016,0.10086978911061809,76830.0,4011.126,54.96627116533098,2.58463831616042,3600.116868120618,0.11686812061816454,0.121246337890625,223,0.2724341751746373
n100_i980010_T_a1101_A7B,n100_i980010_T_a1101,100,980010,T,1101,A7B,1,1,0.9282624851780229,0.7498737601405551,1.917101263122323,0.06365858074926006,0.05553019263692178,76260.0,3957.231,59.21050449537693,2.806482493786896,3600.9488825863227,0.9488825863227248,0.13296890258789062,262,0.23995646150801503
n100_i980010_T_a1101_RDIR,n100_i980010_T_a1101,100,980010,T,1101,RDIR,1,2,1.0335500179739416,0.8470561315110606,2.0584117355867515,0.01519779988984197,0.009609561293569442,77280.0,3808.5855,54.356666301414464,4.277168485520751,3601.2142266882583,1.21422668825835,0.13296890258789062,308,0.17340777770564175
n100_i980010_T_a1101_RPERM,n100_i980010_T_a1101,100,980010,T,1101,RPERM,1,3,0.9710161770227875,0.7834456836112502,2.0006628144073977,0.047219946113544464,0.03374562824372881,75180.0,3839.2785000000003,59.24677214171569,2.9583389750099096,3600.331162173301,0.3311621733009815,0.13296890258789062,448,0.21669326823772417
n100_i980010_T_a4404_RPERM,n100_i980010_T_a4404,100,980010,T,4404,RPERM,1,0,0.9210220399084051,0.7396356642484544,1.9231837095081836,0.057542389141911864,0.038346737239048134,76110.0,3914.1510000000007,56.489291901055715,3.5281505055318445,3600.4699856434017,0.469985643401742,0.13296890258789062,500,0.18759348185468
n100_i980010_T_a4404_A7B,n100_i980010_T_a4404,100,980010,T,4404,A7B,1,1,0.7486083182419236,0.5902711430139428,1.648329097032951,0.11601934616084894,0.09736637835660104,76590.0,4260.5895,56.51173846820845,3.149046837129905,3600.1369894938543,0.1369894938543439,0.13296890258789062,385,0.21892916997442005
n100_i980010_T_a4404_RDIR,n100_i980010_T_a4404,100,980010,T,4404,RDIR,1,2,0.76661843433405,0.6075632467398788,1.6695303791970322,0.09015095682895483,0.06991098792240624,75660.0,4270.443,63.88933144318793,3.895531728539486,3600.022019396536,0.022019396536052227,0.13296890258789062,100,0.2017969195664575
n100_i980010_T_a4404_F6,n100_i980010_T_a4404,100,980010,T,4404,F6,1,3,0.6785145024464367,0.5288135641744869,1.5398520058773215,0.12887201385116906,0.05047674324160548,76290.0,4401.222,60.76243369037721,3.291571585728425,3600.7116027455777,0.711602745577693,0.13296890258789062,244,0.23135335808302396
n100_i980010_T_a5505_RDIR,n100_i980010_T_a5505,100,980010,T,5505,RDIR,1,0,0.9225930827424035,0.7443379926815235,1.9108379274574268,0.07682564652448538,0.05967340020176229,78090.0,3918.0135,63.48774017411451,4.520692200109877,3600.112389780581,0.11238978058099747,0.13296890258789062,151,0.1475268817204301
n100_i980010_T_a5505_F6,n100_i980010_T_a5505,100,980010,T,5505,F6,1,1,0.8042277446741443,0.6347977875224463,1.7532497764594708,0.1224175433534084,0.0942346209469434,78030.0,4056.1590000000006,54.795797681595666,3.3602585572489065,3600.0205918392166,0.020591839216649532,0.13296890258789062,615,0.1758287178639332
n100_i980010_T_a5505_A7B,n100_i980010_T_a5505,100,980010,T,5505,A7B,1,2,0.770870444971485,0.611923227744604,1.6733025215354003,0.0837999502610007,0.04859098788755648,75870.0,4267.378500000001,55.817708901439495,3.161892704237762,3601.007708054036,1.007708054035902,0.13296890258789062,162,0.23888986474617951
n100_i980010_T_a5505_RPERM,n100_i980010_T_a5505,100,980010,T,5505,RPERM,1,3,0.7266671135403446,0.5721884508071265,1.6092389479102038,0.12157101436881285,0.07155726369372703,78300.0,4281.816000000001,58.13656551989981,2.5791565220733808,3600.4018835332245,0.40188353322446346,0.13296890258789062,197,0.2632995907818221
n100_i980010_T_a3303_RPERM,n100_i980010_T_a3303,100,980010,T,3303,RPERM,1,0,0.7653532420082764,0.6079223082559051,1.6610462809077051,0.08993467090444794,0.04281888954941614,77160.0,4261.776,60.70427411601976,3.23997216989408,3600.3395672319457,0.3395672319456935,0.13296890258789062,221,0.21123017573939135
n100_i980010_T_a3303_RDIR,n100_i980010_T_a3303,100,980010,T,3303,RDIR,1,1,0.8790689387309432,0.7046569303670829,1.8502334203480995,0.08062995819813747,0.057784617234590184,76800.0,4006.6874999999995,62.36675658366637,3.2989804079765803,3600.2032540971413,0.20325409714132547,0.13296890258789062,372,0.195167129746569
n100_i980010_T_a3303_A7B,n100_i980010_T_a3303,100,980010,T,3303,A7B,1,2,0.8059833192863288,0.6408698517475255,1.7358209527921242,0.10864019838694085,0.09818061568959345,78330.0,4116.297,70.38328623813076,3.694577614788125,3601.4942402997985,1.4942402997985482,0.13296890258789062,290,0.1915677138133173
n100_i980010_T_a3303_F6,n100_i980010_T_a3303,100,980010,T,3303,F6,1,3,0.7043934988887236,0.5536415544666408,1.5704021407646451,0.11609465731490318,0.05856644557704578,78060.0,4344.996,63.04696317866888,4.297204847558052,3600.712683918886,0.7126839188858867,0.13296890258789062,225,0.16299360175790087
n100_i980011_H_a5505_A7B,n100_i980011_H_a5505,100,980011,H,5505,A7B,0,0,0.8846575108041004,0.71702737618685,1.8256803313252106,0.0764290725284059,0.06630558560887627,72540.0,4220.985,57.15276025663397,3.2848807680040997,3601.348370153457,1.3483701534569263,0.09473037719726562,498,0.1860524091293322
n100_i980011_H_a5505_RDIR,n100_i980011_H_a5505,100,980011,H,5505,RDIR,0,1,0.9324931961820545,0.7563628925000966,1.9112945458796469,0.08345315254305896,0.11226921407408678,72780.0,4097.46,57.92480299149865,3.2721029466840625,3601.048069695011,1.0480696950107813,0.09473037719726562,538,0.18382415344139863
n100_i980011_H_a5505_F6,n100_i980011_H_a5505,100,980011,H,5505,F6,0,2,0.9842513581158878,0.8095202666175464,1.9568339869974076,0.01971656307898308,0.0028840306013102543,72780.0,4116.937499999999,57.68937137879316,4.4366399362052595,3600.9232729543,0.923272954300046,0.10177230834960938,275,0.17044316474712068
n100_i980011_H_a5505_RPERM,n100_i980011_H_a5505,100,980011,H,5505,RPERM,0,3,0.8135154916661683,0.6525448465172905,1.7249405812167335,0.12683096433556942,0.14222759889457318,72780.0,4308.4875,59.412436809819596,3.9578484227593065,3600.946392500773,0.9463925007730722,0.10177230834960938,154,0.17997474038731406
n100_i980011_H_a4404_A7B,n100_i980011_H_a4404,100,980011,H,4404,A7B,0,0,0.9063527560373741,0.7305446781358601,1.8837219911552139,0.09911529177236189,0.09589258211010643,72150.0,4115.595000000001,55.07801458819552,3.134200579064996,3601.2372901057824,1.2372901057824492,0.09473037719726562,325,0.20439443607690264
n100_i980011_H_a4404_RPERM,n100_i980011_H_a4404,100,980011,H,4404,RPERM,0,1,0.8882236892717695,0.710897197805647,1.8723414291212013,0.12860391564007376,0.14938315592445064,71280.0,4113.3075,75.64955256696523,3.75517484085888,3600.3649824485183,0.3649824485182762,0.09473037719726562,206,0.1576923076923077
n100_i980011_H_a4404_F6,n100_i980011_H_a4404,100,980011,H,4404,F6,0,2,0.8690101564920837,0.6980247001753008,1.824945517900004,0.11714686935489739,0.14756072040032034,72150.0,4182.727500000001,55.27911123481965,2.7779410966089215,3600.1483300738037,0.14833007380366325,0.10177230834960938,756,0.22307769223077692
n100_i980011_H_a4404_RDIR,n100_i980011_H_a4404,100,980011,H,4404,RDIR,0,3,0.9320837431059974,0.7554405558919663,1.9131645751683553,0.09057163884297545,0.12540122668679474,72150.0,4103.97,55.710450640665584,2.9076418219671596,3600.168329164386,0.1683291643857956,0.10177230834960938,422,0.20796713794421093
n100_i980011_H_a3303_A7B,n100_i980011_H_a3303,100,980011,H,3303,A7B,0,0,0.854662855590663,0.6840802457197996,1.8088077883500555,0.12473434427309651,0.13047309829696552,71820.0,4195.485000000001,58.17796971874777,4.66512416323615,3600.761611529626,0.7616115296259522,0.09473037719726562,190,0.12662221693058698
n100_i980011_H_a3303_F6,n100_i980011_H_a3303,100,980011,H,3303,F6,0,1,0.8485897970574391,0.6782735460023572,1.8015509128578047,0.13005803499944693,0.13583627918768487,71430.0,4207.6425,59.46589623382081,4.570582643167745,3600.8538265032694,0.8538265032693744,0.09473037719726562,298,0.1391420585733382
n100_i980011_H_a3303_RPERM,n100_i980011_H_a3303,100,980011,H,3303,RPERM,0,2,0.9206517830402401,0.7462436776243645,1.8917989182219095,0.08162501494803258,0.09783812548907538,71400.0,4151.3325,56.91077425235201,3.426351884278006,3600.038880011067,0.038880011066794395,0.10177230834960938,167,0.1982164572355087
n100_i980011_H_a3303_RDIR,n100_i980011_H_a3303,100,980011,H,3303,RDIR,0,3,1.0199174193361644,0.8300174193361638,2.059917419336163,0.07788029709769605,0.13640258284775653,71190.0,3940.2300000000005,60.207188680419016,2.817265926686274,3601.363969191909,1.3639691919088364,0.10177230834960938,432,0.20283855706682435
n100_i980011_H_a1101_RDIR,n100_i980011_H_a1101,100,980011,H,1101,RDIR,0,0,0.912318421444046,0.7403881259241532,1.8724530681991214,0.07778814024719101,0.10638045572307632,72120.0,4170.225,56.21854750389608,4.062495403580666,3600.00407313928,0.004073139280080795,0.10177230834960938,477,0.1452991452991453
n100_i980011_H_a1101_RPERM,n100_i980011_H_a1101,100,980011,H,1101,RPERM,0,1,0.8919452280659163,0.7191485739818134,1.8559303573285966,0.10392867009704941,0.1339105797009792,72120.0,4158.164999999999,51.80713579384691,3.7495239926055897,3600.9904261520132,0.9904261520132422,0.10177230834960938,283,0.1542734409717079
n100_i980011_H_a1101_F6,n100_i980011_H_a1101,100,980011,H,1101,F6,0,2,0.9321353698805673,0.7584621204084231,1.900016478645654,0.07173951190260365,0.08325562071722002,72120.0,4145.962500000001,58.85060986094641,5.478079820257444,3600.1665998129174,0.16659981291741133,0.10235214233398438,245,0.1253929621742217
n100_i980011_H_a1101_A7B,n100_i980011_H_a1101,100,980011,H,1101,A7B,0,3,0.7514503435040191,0.5953407898245996,1.6412705820792164,0.14895048270711067,0.12562656025933785,72120.0,4390.455,57.50182474156963,3.5677571514209983,3600.581389034167,0.5813890341669321,0.10235214233398438,367,0.18605013233691423
n100_i980011_H_a2202_RDIR,n100_i980011_H_a2202,100,980011,H,2202,RDIR,0,0,0.8518245546557307,0.6863255323519543,1.7833757648947381,0.09352480827069513,0.07951103918675609,71520.0,4272.75,57.49609652997671,3.5411606146896517,3601.0792470416054,1.079247041605413,0.10235214233398438,252,0.2023996235884567
n100_i980011_H_a2202_A7B,n100_i980011_H_a2202,100,980011,H,2202,A7B,0,1,0.9436963817419315,0.7664201630108661,1.9275906872133326,0.07059091647305292,0.110560810293312,71520.0,4108.8075,71.68873500408559,3.35168472310288,3601.4723929120228,1.4723929120227695,0.10235214233398438,119,0.20280009941181343
n100_i980011_H_a2202_F6,n100_i980011_H_a2202,100,980011,H,2202,F6,0,2,1.0039809294325743,0.8208740313595388,2.0137893653127295,0.050220720631027074,0.07621962968943118,71520.0,4027.6425,69.93890034636706,3.4223357104441487,3600.7572145517915,0.7572145517915487,0.10235214233398438,148,0.20319727339121968
n100_i980011_H_a2202_RPERM,n100_i980011_H_a2202,100,980011,H,2202,RPERM,0,3,0.9097025406852438,0.7395436084176249,1.8619644618746591,0.06148087367648706,0.04428029856306191,71520.0,4207.8825,55.39199226515238,4.596254562105921,3600.105210973881,0.10521097388118505,0.10235214233398438,181,0.16347374146370944
n100_i980011_T_a5505_A7B,n100_i980011_T_a5505,100,980011,T,5505,A7B,0,0,0.9255697374804491,0.7524524814831455,1.890979764135129,0.08149794271933251,0.09563417183140675,72780.0,4052.6234999999997,59.18967586596193,3.2228331610595258,3601.48956521973,1.4895652197301388,0.050930023193359375,437,0.21211337985698286
n100_i980011_T_a5505_RDIR,n100_i980011_T_a5505,100,980011,T,5505,RDIR,0,1,1.0681961841845455,0.8836585020536742,2.0843636603217526,0.02888994063614948,0.04714844680128244,72450.0,3886.4610000000002,49.800279641846004,3.2955597717381795,3600.6022715047,0.6022715047001839,0.09473037719726562,648,0.20040451710770268
n100_i980011_T_a5505_RPERM,n100_i980011_T_a5505,100,980011,T,5505,RPERM,0,2,0.9995762560549201,0.8133344336923514,2.023317688777445,0.09022393546139702,0.12034168739174342,72030.0,3867.633,63.68799788823752,2.6631643281614665,3601.7304296884686,1.7304296884685755,0.09473037719726562,523,0.2263344453711426
n100_i980011_T_a5505_F6,n100_i980011_T_a5505,100,980011,T,5505,F6,0,3,0.8621239527725072,0.6953956213088079,1.799138759277836,0.09496958415987544,0.060993956445568376,72690.0,4149.999,61.92290469056536,4.691217487217876,3601.623682132922,1.623682132922113,0.09473037719726562,447,0.1465435606060606
n100_i980011_T_a3303_A7B,n100_i980011_T_a3303,100,980011,T,3303,A7B,0,0,0.9581167303537154,0.7806288747089867,1.9429516443302879,0.07224458389388465,0.07959044936823295,71430.0,4008.726,53.71518565191408,2.50175827959228,3601.067326723598,1.0673267235979438,0.0412445068359375,166,0.25574425574425574
n100_i980011_T_a3303_F6,n100_i980011_T_a3303,100,980011,T,3303,F6,0,1,0.9110068059181481,0.7396189124410035,1.868730776927677,0.07788449394395895,0.07182818824184055,71640.0,4096.9349999999995,55.84349253709265,2.507885581999636,3601.4402191340923,1.440219134092331,0.09473037719726562,286,0.24468556244464126
n100_i980011_T_a3303_RDIR,n100_i980011_T_a3303,100,980011,T,3303,RDIR,0,2,1.0041349239493194,0.8233607962032199,2.0035754917097623,0.04886340305165149,0.049655593559941855,71160.0,3963.7290000000003,48.966722048106014,3.561963336318552,3601.384626619518,1.3846266195178032,0.09473037719726562,596,0.17952915497349548
n100_i980011_T_a3303_RPERM,n100_i980011_T_a3303,100,980011,T,3303,RPERM,0,3,1.0479345187737654,0.8594814641113849,2.0815036506065616,0.06860547628283033,0.11168211896827815,71580.0,3841.674,60.22526601447443,2.4108771260959547,3600.349394021556,0.34939402155578136,0.09473037719726562,254,0.2526497695852535
n100_i980011_T_a2202_RDIR,n100_i980011_T_a2202,100,980011,T,2202,RDIR,0,0,0.9557438477876059,0.7821859249932307,1.9231123935403835,0.039028632771240045,0.01599085970714189,71100.0,4073.043,50.940232435540096,3.271100579568027,3600.317297964357,0.31729796435683966,0.10235214233398438,453,0.2256092383459285
n100_i980011_T_a2202_A7B,n100_i980011_T_a2202,100,980011,T,2202,A7B,0,1,0.9397339235755514,0.768363670377624,1.897379493344116,0.040753012602905474,0.006237096433119005,71520.0,4099.131,60.670843894984856,3.7756611242510205,3600.1641971236095,0.16419712360948324,0.10235214233398438,267,0.1611859045096741
n100_i980011_T_a2202_RPERM,n100_i980011_T_a2202,100,980011,T,2202,RPERM,0,2,1.0222672996362214,0.8355801548794128,2.0479879429998213,0.05652187709145271,0.06352686248929842,71520.0,3869.154,68.25689259690273,3.30602229026306,3601.3066321620718,1.3066321620717645,0.10235214233398438,292,0.19074416260708887
n100_i980011_T_a2202_F6,n100_i980011_T_a2202,100,980011,T,2202,F6,0,3,0.8940137439898301,0.7228075311259782,1.8509302456069507,0.0911357301916922,0.08276048506636022,71520.0,4101.594,58.28214215654067,2.8949408328827895,3600.0735771935433,0.07357719354331493,0.10235214233398438,194,0.2339282287468816
n100_i980011_T_a4404_A7B,n100_i980011_T_a4404,100,980011,T,4404,A7B,0,0,0.9115335721478482,0.738831786250537,1.8750970650247858,0.08350459702484246,0.057492824994517265,71580.0,4078.1730000000007,64.73675942531428,2.917233026596405,3602.72899154108,2.728991541080177,0.10235214233398438,413,0.2077069457659372
n100_i980011_T_a4404_RPERM,n100_i980011_T_a4404,100,980011,T,4404,RPERM,0,1,1.0812700912043565,0.8959286664098052,2.1010097569579136,0.012678917456833694,0.0051377335344993235,71040.0,3897.0840000000003,48.555432329474776,2.964178513250445,3600.9976970972493,0.9976970972493291,0.10235214233398438,594,0.22971706951470863
n100_i980011_T_a4404_RDIR,n100_i980011_T_a4404,100,980011,T,4404,RDIR,0,2,1.0656232989751433,0.8806203133623831,2.0838587905874113,0.030785720242007746,0.04061061759978798,72150.0,3884.3025000000002,48.24014189324076,3.1716288733876206,3600.673488573171,0.6734885731711984,0.10235214233398438,531,0.2010507880910683
n100_i980011_T_a4404_F6,n100_i980011_T_a4404,100,980011,T,4404,F6,0,3,0.9084278599372595,0.7386552692588536,1.8589727073968423,0.06035222049591974,0.05668652839892914,70230.0,4143.879000000001,60.268847337181626,2.570369536953259,3600.6495824605227,0.6495824605226517,0.10235214233398438,507,0.2598595353862777
n100_i980011_T_a1101_RDIR,n100_i980011_T_a1101,100,980011,T,1101,RDIR,0,0,1.0150876478401638,0.8315502803869287,2.026809280965653,0.06102100822741129,0.08077335216145969,71430.0,3917.8950000000004,57.228479025281686,2.977658450036617,3600.4801020305604,0.48010203056037426,0.10235214233398438,575,0.2175170226657961
n100_i980011_T_a1101_RPERM,n100_i980011_T_a1101,100,980011,T,1101,RPERM,0,1,1.0171697702228244,0.8334853156021704,2.0295451240923956,0.06252564677582197,0.07793682736885389,72120.0,3904.5825,62.10382396887725,3.0364510558847164,3601.243622487411,1.243622487410903,0.10235214233398438,308,0.20210333790580703
n100_i980011_T_a1101_A7B,n100_i980011_T_a1101,100,980011,T,1101,A7B,0,2,0.9668775398336792,0.7883809511242889,1.9561957118754143,0.07183526026880759,0.06562874290405592,71670.0,3989.718,62.089136933842646,3.3030745459759743,3600.8875471763313,0.8875471763312817,0.10235214233398438,279,0.21296451992601312
n100_i980011_T_a1101_F6,n100_i980011_T_a1101,100,980011,T,1101,F6,0,3,0.8868017148315521,0.7160593366755507,1.8416567288582217,0.09851928770311434,0.08962312294655414,71340.0,4111.455000000001,62.76609222115235,2.742238911086879,3601.801418566145,1.8014185661450028,0.10235214233398438,373,0.23792649589956463
n100_i980012_H_a5505_A7B,n100_i980012_H_a5505,100,980012,H,5505,A7B,1,0,1.0198834948495743,0.8381326493314959,2.0236650304854766,0.07238682721510725,0.10042620243746246,68910.0,3989.2124999999996,53.38365175610674,3.9249826661772103,3601.2897895844653,1.2897895844653249,0.09302139282226562,295,0.20403254333215423
n100_i980012_H_a5505_RDIR,n100_i980012_H_a5505,100,980012,H,5505,RDIR,1,1,1.0299344338312044,0.8506449451567508,2.022776605717663,0.03554649036677789,0.036897700769220054,68220.0,4050.0449999999996,51.155019923013285,4.539835812709865,3600.350469556637,0.3504695566371083,0.09302139282226562,295,0.1854389721627409
n100_i980012_H_a5505_F6,n100_i980012_H_a5505,100,980012,H,5505,F6,1,2,0.9897059029792247,0.8142931063952024,1.9653183322415433,0.04984126840301654,0.035132177841910396,69390.0,4058.7075,54.28754527555805,3.9668271079489226,3600.862757889554,0.8627578895539045,0.09302139282226562,193,0.2126855222626715
n100_i980012_H_a5505_RPERM,n100_i980012_H_a5505,100,980012,H,5505,RPERM,1,3,1.044891577074724,0.8567431989468275,2.0771065909764848,0.09347427715418423,0.14972838907426164,68100.0,3931.6350000000007,52.75894720704854,3.2269946710470347,3601.493397021666,1.4933970216661692,0.09423065185546875,1469,0.20882808466701083
n100_i980012_H_a4404_A7B,n100_i980012_H_a4404,100,980012,H,4404,A7B,1,0,0.871970374872008,0.7043698621225217,1.8128615426475037,0.13464984676914796,0.13981984807608935,69240.0,4173.007500000001,51.70271051922827,3.087077165909704,3600.8170196563005,0.8170196563005447,0.09302139282226562,339,0.2438826916156891
n100_i980012_H_a4404_RPERM,n100_i980012_H_a4404,100,980012,H,4404,RPERM,1,1,1.0367670229733377,0.8496681700743507,2.0643174803021695,0.08995080095697786,0.11563433861027832,68460.0,3932.31,60.26245934031088,2.8945735023939405,3600.184963823296,0.1849638232961297,0.09302139282226562,321,0.24028404183859514
n100_i980012_H_a4404_F6,n100_i980012_H_a4404,100,980012,H,4404,F6,1,2,1.0065911687674935,0.8230702598914427,2.0182396526610513,0.06432583566343375,0.04899038138014436,68910.0,3964.6275,58.3438434996442,3.913885844037683,3600.002800660208,0.0028006602078676224,0.09302139282226562,425,0.18026969481902058
n100_i980012_H_a4404_RDIR,n100_i980012_H_a4404,100,980012,H,4404,RDIR,1,3,0.9980391625429068,0.8225259221665991,1.9740980086598316,0.025909948919704124,0.004054654928423416,67470.0,4131.4574999999995,47.41883502754976,3.6845800843647267,3600.9530791044235,0.953079104423523,0.09302139282226562,607,0.21638528791076272
n100_i980012_H_a3303_A7B,n100_i980012_H_a3303,100,980012,H,3303,A7B,1,0,0.9616961351583375,0.7798348093758132,1.9659686941917767,0.11228383987718578,0.10705918089275232,68040.0,4021.275,55.23231744559187,3.7293758500528886,3600.066214782186,0.06621478218585253,0.09302139282226562,264,0.19998510353046328
n100_i980012_H_a3303_F6,n100_i980012_H_a3303,100,980012,H,3303,F6,1,1,0.9387854440187108,0.7610738669270838,1.9246146755370563,0.09556866210239232,0.09098608083636779,67590.0,4096.290000000001,50.47967696299182,3.733362982993982,3601.310684560798,1.3106845607981086,0.09302139282226562,455,0.19144663443659352
n100_i980012_H_a3303_RPERM,n100_i980012_H_a3303,100,980012,H,3303,RPERM,1,2,0.9106054868338741,0.73891546174211,1.8696722650194924,0.09459413520279988,0.08443725742739139,68190.0,4156.755000000001,48.1876671358449,3.4586602892356617,3600.527070772834,0.5270707728341222,0.09302139282226562,292,0.21858186782301453
n100_i980012_H_a3303_RDIR,n100_i980012_H_a3303,100,980012,H,3303,RDIR,1,3,0.9700228666640038,0.7950407716080063,1.9437210669128853,0.05480862294882714,0.02424345186376614,68790.0,4087.86,56.43856245505503,4.879412220636751,3601.0484881121665,1.048488112166524,0.09302139282226562,304,0.15053212679984065
n100_i980012_H_a1101_RDIR,n100_i980012_H_a1101,100,980012,H,1101,RDIR,1,0,1.0116532112306982,0.8361547735873753,1.9876462674232416,0.023001488410364628,0.0077525864009248754,68520.0,4091.115,47.68392821391638,4.022466237914745,3601.0246309759095,1.0246309759095311,0.121246337890625,478,0.18515705902657922
n100_i980012_H_a1101_RPERM,n100_i980012_H_a1101,100,980012,H,1101,RPERM,1,1,0.9357914486310122,0.7609218041007861,1.90898986876535,0.09393470241908795,0.10239538222765389,68550.0,4098.69,43.22075584977369,2.814120331982399,3600.7699759099633,0.7699759099632502,0.121246337890625,367,0.23004046185729793
n100_i980012_H_a1101_F6,n100_i980012_H_a1101,100,980012,H,1101,F6,1,2,0.8377519150897842,0.6734430479251546,1.7640135469325788,0.1293206444672435,0.12172480873570779,67950.0,4268.5425,56.87819517620726,3.5506859839696117,3600.14939583838,0.14939583837985992,0.121246337890625,299,0.23218336853633734
n100_i980012_H_a1101_A7B,n100_i980012_H_a1101,100,980012,H,1101,A7B,1,3,0.87329587870241,0.7067724418108703,1.809400042664807,0.10321724751880632,0.08313468594312483,68130.0,4230.8325,58.783387164968545,3.569590547833986,3600.132796126418,0.13279612641781569,0.13296890258789062,112,0.2201385106217415
n100_i980012_H_a2202_RDIR,n100_i980012_H_a2202,100,980012,H,2202,RDIR,1,0,0.9634899704340151,0.7877698010723904,1.9404685009301208,0.08459308205414863,0.10196395093625543,68160.0,4101.9375,54.77164826865357,4.184921156639369,3601.02363603469,1.0236360346898437,0.13296890258789062,252,0.19455872594558726
n100_i980012_H_a2202_A7B,n100_i980012_H_a2202,100,980012,H,2202,A7B,1,1,0.8572938563834359,0.6956205257713501,1.771841992437152,0.08802009102357743,0.05930165537301987,67680.0,4315.574999999999,47.65507980815168,3.6758593873570664,3600.5185741111636,0.5185741111636162,0.13296890258789062,95,0.23747638836418586
n100_i980012_H_a2202_F6,n100_i980012_H_a2202,100,980012,H,2202,F6,1,2,0.9458322997056128,0.772225436545809,1.9134183581936324,0.0718485809297479,0.05361919760530244,68010.0,4137.0824999999995,54.96854854100703,4.43884235184319,3600.7135944720358,0.7135944720357656,0.13296890258789062,173,0.17581180003753988
n100_i980012_H_a2202_RPERM,n100_i980012_H_a2202,100,980012,H,2202,RPERM,1,3,0.9227307863127068,0.7502138129659554,1.8854728900760438,0.09156632475337838,0.084697543606166,68610.0,4129.05,59.607946771988495,5.714757654963715,3600.6776214083657,0.6776214083656669,0.13296890258789062,184,0.13539388637799485
n100_i980012_T_a5505_A7B,n100_i980012_T_a5505,100,980012,T,5505,A7B,1,0,1.0116258317167277,0.8333241182723753,2.0000778914694037,0.07177333300412661,0.06327018800998067,68730.0,4030.1205,56.09074150959673,3.725091448641515,3601.2538712015375,1.2538712015375495,0.0423583984375,228,0.21401416325009318
n100_i980012_T_a5505_RDIR,n100_i980012_T_a5505,100,980012,T,5505,RDIR,1,1,0.9656675925176263,0.7929755333279273,1.9291878555829545,0.0691972685155252,0.053685010350051715,68340.0,4118.658,51.233417352830614,3.412321113476961,3600.7748366566375,0.7748366566374898,0.057529449462890625,183,0.23439407503865875
n100_i980012_T_a5505_RPERM,n100_i980012_T_a5505,100,980012,T,5505,RPERM,1,2,1.0442578190689373,0.8624924709353708,2.048103810773672,0.06197695627173767,0.05063540761390166,69360.0,3966.5235000000002,58.13684318841353,3.4876995323624254,3600.3674867870286,0.3674867870286107,0.08176040649414062,174,0.2162937007246954
n100_i980012_T_a5505_F6,n100_i980012_T_a5505,100,980012,T,5505,F6,1,3,1.0453327957717344,0.8662938043292036,2.037061646627426,0.029704849655493273,0.017257765029829366,68280.0,4029.9855,51.21397604977371,4.4652967441122575,3600.2086582928896,0.20865829288959503,0.09302139282226562,236,0.18518288131375965
n100_i980012_T_a3303_A7B,n100_i980012_T_a3303,100,980012,T,3303,A7B,1,0,1.0357291400066693,0.8554911861259966,2.032786712809658,0.041771597225148845,0.016800605742485406,67470.0,4031.5605,53.85027738798545,4.059999970611909,3600.0000260584056,2.605840563774109e-05,0.034992218017578125,103,0.1985495347564313
n100_i980012_T_a3303_F6,n100_i980012_T_a3303,100,980012,T,3303,F6,1,1,1.0093294369721961,0.8271364855528842,2.015075887724689,0.09968286133119203,0.10746603196924222,68250.0,3985.926,61.20608406211031,4.196766452717217,3600.8675179472193,0.8675179472193122,0.057529449462890625,261,0.16463737427210165
n100_i980012_T_a3303_RDIR,n100_i980012_T_a3303,100,980012,T,3303,RDIR,1,2,1.0343871359225227,0.8536617826379403,2.0336109282984416,0.05306183630719981,0.044209541919060374,67500.0,4023.957,51.31980919801189,4.901436204308929,3600.169269669801,0.16926966980099678,0.08176040649414062,181,0.1649665646605463
n100_i980012_T_a3303_RPERM,n100_i980012_T_a3303,100,980012,T,3303,RPERM,1,3,1.0464525411643557,0.8670231215247541,2.039916628451475,0.028362226780656707,0.011853886923741019,68880.0,4010.6789999999996,51.924262883651345,3.1061453917678903,3600.282211398706,0.2822113987058401,0.09302139282226562,399,0.2566395421622105
n100_i980012_T_a2202_RDIR,n100_i980012_T_a2202,100,980012,T,2202,RDIR,1,0,1.091379445842722,0.906614447464051,2.108557216414593,0.02929334761128971,0.013619162352037677,68520.0,3943.239,56.09280569967665,3.8414556299780043,3600.9787258896977,0.9787258896976709,0.121246337890625,259,0.19373960818332972
n100_i980012_T_a2202_A7B,n100_i980012_T_a2202,100,980012,T,2202,A7B,1,1,1.0975873013832478,0.912352380041528,2.116853618457559,0.027618384768297123,0.01514903788690264,69090.0,3923.4930000000004,55.83148430062385,5.640722122628654,3600.6028232667595,0.6028232667595148,0.13296890258789062,178,0.13535204332840964
n100_i980012_T_a2202_RPERM,n100_i980012_T_a2202,100,980012,T,2202,RPERM,1,2,1.0764154603695506,0.8886502312590382,2.106927589749604,0.06346309771939516,0.04267131873947348,68790.0,3894.477,56.576436096175804,3.6936438344020837,3600.509577056393,0.5095770563930273,0.13296890258789062,166,0.20896307993082186
n100_i980012_T_a2202_F6,n100_i980012_T_a2202,100,980012,T,2202,F6,1,3,0.9712120017160346,0.7945130560342112,1.952540649190806,0.09254604533054821,0.0731433342107911,69090.0,4044.6,57.67294358130409,4.219293998940467,3600.1283636111766,0.12836361117661,0.13296890258789062,370,0.1739960500329164
n100_i980012_T_a4404_A7B,n100_i980012_T_a4404,100,980012,T,4404,A7B,1,0,0.9135445248967952,0.7426110093791373,1.8692490383086098,0.10729034319838217,0.07456380745875081,68250.0,4145.673,58.94994758276013,3.9302186458958017,3601.3263574484736,1.3263574484735727,0.121246337890625,297,0.16631340963685176
n100_i980012_T_a4404_RPERM,n100_i980012_T_a4404,100,980012,T,4404,RPERM,1,1,1.071389034180325,0.8877190252857332,2.0837001848229484,0.04535867298031434,0.04146931755556113,69150.0,3944.3189999999995,61.021447375291,3.70568395235964,3600.6848321491852,0.6848321491852403,0.13296890258789062,374,0.18189312748257513
n100_i980012_T_a4404_RDIR,n100_i980012_T_a4404,100,980012,T,4404,RDIR,1,2,1.0428390189929324,0.8634264913178555,2.0362280308821608,0.036101165720087834,0.0012647673261031746,69270.0,4001.9700000000003,57.21268384422855,4.698779157798049,3600.7225348996,0.7225348995998502,0.13296890258789062,334,0.1666765175246764
n100_i980012_T_a4404_F6,n100_i980012_T_a4404,100,980012,T,4404,F6,1,3,1.0075557857631905,0.8310655041174098,1.9879570375222158,0.05158130643461809,0.03690687780900908,68880.0,4052.3789999999995,53.334035454228534,3.2353617241704504,3600.8338458621874,0.8338458621874452,0.13296890258789062,264,0.23124463519313304
n100_i980012_T_a1101_RDIR,n100_i980012_T_a1101,100,980012,T,1101,RDIR,1,0,0.9951890580989239,0.8184275315584448,1.9767958427232726,0.05798098699342468,0.03416466124082298,68430.0,4058.8559999999998,55.659560006733976,4.608158919023249,3600.1362564805895,0.136256480589509,0.13296890258789062,214,0.16986136226642556
n100_i980012_T_a1101_RPERM,n100_i980012_T_a1101,100,980012,T,1101,RPERM,1,1,0.9528972801284973,0.7820333152999206,1.9082926793666173,0.05610774872049029,0.012322073949441181,67980.0,4152.8550000000005,51.414592261965595,2.9088501049045283,3600.047999153845,0.04799915384501219,0.13296890258789062,244,0.28475935828877
n100_i980012_T_a1101_A7B,n100_i980012_T_a1101,100,980012,T,1101,A7B,1,2,1.10406836375155,0.9165814949865453,2.133343336040456,0.03320547664710632,0.037449732250982234,68190.0,3912.1935,57.2378487907234,3.5621920667590525,3600.030475523323,0.030475523322820663,0.13296890258789062,205,0.21085464753587024
n100_i980012_T_a1101_F6,n100_i980012_T_a1101,100,980012,T,1101,F6,1,3,0.966206151411573,0.7947525217736356,1.9242222831357374,0.04803876673982615,0.004992160523135569,68100.0,4141.7355,51.65052244217836,3.4239634811751203,3600.505691073835,0.5056910738348961,0.13296890258789062,157,0.2418883841661259
