jobs,base_seed,tariff,algorithm_seed,arm,preference,condition,progress,calls,construction_seconds,exact_evaluations,proposals,accepted,reward
50,995001,H,1101,LEGACY,Balanced,Demand,Improving,5.0,0.07450080197304487,21.0,21.0,1.0,7.114367784132628
50,995001,H,1101,LEGACY,Electricity,Resource,Improving,3.0,0.05288629326969385,5.0,5.0,0.0,-2.0
50,995001,H,1101,LEGACY,Flow,Compressible,Improving,16.0,0.2596362279728055,62.0,62.0,1.0,4.106447161324767
50,995001,H,1101,LEGACY,Electricity,Compressible,Improving,78.0,1.208165823481977,175.0,175.0,9.0,45.80640815398764
50,995001,H,1101,LEGACY,Flow,TOU,Improving,470.0,7.292641008272767,1464.0,1464.0,90.0,409.71306854654233
50,995001,H,1101,LEGACY,Electricity,Compressible,Stagnating,62.0,1.023108972236514,94.0,94.0,4.0,2.0
50,995001,H,1101,LEGACY,Balanced,Compressible,Stagnating,87.0,1.366930078715086,158.0,158.0,6.0,-14.934486377894919
50,995001,H,1101,LEGACY,Flow,Compressible,Stagnating,25.0,0.37586442567408085,82.0,82.0,4.0,13.011458756118193
50,995001,H,1101,LEGACY,Balanced,Compressible,Improving,113.0,1.7708088662475348,266.0,266.0,6.0,3.67754948878574
50,995001,H,1101,LEGACY,Flow,TOU,Stagnating,957.0,15.517835493199527,3000.0,3000.0,125.0,596.6271860860111
50,995001,H,1101,LEGACY,Flow,Demand,Improving,1.0,0.014469517394900322,0.0,0.0,0.0,-1.0
50,995001,H,1101,LEGACY,Balanced,TOU,Stagnating,20.0,0.3738532392308116,30.0,30.0,0.0,-12.0
50,995001,H,1101,LEGACY,Balanced,TOU,Improving,4.0,0.06321064289659262,9.0,9.0,0.0,-2.0
50,995001,H,1101,LEGACY,Electricity,Normal,Improving,10.0,0.14810558035969734,22.0,22.0,1.0,6.0
50,995001,H,1101,LEGACY,Electricity,TOU,Improving,12.0,0.1822072509676218,20.0,20.0,0.0,-5.0
50,995001,H,1101,LEGACY,Electricity,Normal,Stagnating,18.0,0.2941292440518737,32.0,32.0,1.0,1.0
50,995001,H,1101,LEGACY,Electricity,TOU,Stagnating,50.0,0.8499998645856977,54.0,54.0,0.0,-34.0
50,995001,H,1101,REFERENCE,Balanced,Demand,Improving,1.0,0.016201416961848736,3.0,3.0,1.0,3.07586206183573
50,995001,H,1101,REFERENCE,Electricity,Resource,Improving,44.0,0.933443515561521,92.0,92.0,10.0,81.0
50,995001,H,1101,REFERENCE,Flow,Compressible,Improving,84.0,1.8358516190201044,282.0,282.0,10.0,50.261065540069616
50,995001,H,1101,REFERENCE,Electricity,Compressible,Improving,49.0,1.1122895115986466,119.0,119.0,10.0,52.933958035716536
50,995001,H,1101,REFERENCE,Flow,TOU,Improving,30.0,0.6658204048871994,113.0,113.0,3.0,11.24199686271448
50,995001,H,1101,REFERENCE,Balanced,TOU,Improving,20.0,0.4436725117266178,57.0,57.0,3.0,13.36170603733703
50,995001,H,1101,REFERENCE,Balanced,Compressible,Improving,104.0,2.2484361035749316,376.0,376.0,19.0,103.79850081224903
50,995001,H,1101,REFERENCE,Flow,Compressible,Stagnating,75.0,1.635400458239019,259.0,259.0,6.0,43.55449731201204
50,995001,H,1101,REFERENCE,Electricity,Resource,Stagnating,39.0,0.8447485212236643,92.0,92.0,8.0,49.048366724259566
50,995001,H,1101,REFERENCE,Electricity,Normal,Improving,26.0,0.6101859929040074,42.0,42.0,0.0,-12.0
50,995001,H,1101,REFERENCE,Flow,TOU,Stagnating,194.0,3.816639448516071,677.0,677.0,8.0,35.4231991918891
50,995001,H,1101,REFERENCE,Electricity,TOU,Stagnating,7.0,0.1687373286113143,3.0,3.0,1.0,5.0
50,995001,H,1101,REFERENCE,Balanced,Compressible,Stagnating,25.0,0.5409579947590828,98.0,98.0,0.0,-2.0
50,995001,H,1101,REFERENCE,Flow,Normal,Stagnating,54.0,1.1715841367840767,217.0,217.0,4.0,26.42108696531688
50,995001,H,1101,REFERENCE,Flow,Normal,Improving,14.0,0.29398105200380087,55.0,55.0,0.0,-1.0
50,995001,H,1101,REFERENCE,Balanced,Normal,Stagnating,100.0,2.2873993990942836,205.0,205.0,5.0,4.771745659347303
50,995001,H,1101,REFERENCE,Electricity,Compressible,Stagnating,11.0,0.25237245485186577,21.0,21.0,1.0,7.0
50,995001,H,1101,REFERENCE,Balanced,Normal,Improving,7.0,0.1389242745935917,17.0,17.0,0.0,-2.0
50,995001,H,1101,REFERENCE,Flow,Region,Improving,2.0,0.04651050362735987,2.0,2.0,0.0,-1.0
50,995001,H,1101,REFERENCE,Electricity,TOU,Improving,1.0,0.017939464189112186,0.0,0.0,0.0,-1.0
50,995001,H,1101,REFERENCE,Balanced,TOU,Stagnating,1.0,0.022089877165853977,5.0,5.0,0.0,0.0
50,995001,H,1101,REFERENCE,Electricity,Normal,Stagnating,29.0,0.6471928562968969,29.0,29.0,1.0,-4.0
50,995001,H,1101,REFERENCE,Electricity,Region,Stagnating,1.0,0.01816412713378668,0.0,0.0,0.0,-1.0
50,995001,H,1101,REFERENCE,Flow,Demand,Stagnating,27.0,0.643732980825007,91.0,91.0,1.0,8.820675602729137
50,995001,H,1101,G,Balanced,Demand,Improving,1.0,0.017072943039238453,3.0,3.0,1.0,3.07586206183573
50,995001,H,1101,G,Electricity,Resource,Improving,18.0,0.3383879875764251,39.0,39.0,6.0,52.0
50,995001,H,1101,G,Flow,Compressible,Improving,40.0,0.8369099488481879,146.0,146.0,2.0,5.200581950134248
50,995001,H,1101,G,Electricity,Compressible,Improving,32.0,0.6651527481153607,90.0,90.0,5.0,20.69179774251799
50,995001,H,1101,G,Flow,TOU,Improving,16.0,0.34554093424230814,43.0,43.0,0.0,-3.0
50,995001,H,1101,G,Balanced,TOU,Improving,60.0,1.2141556618735194,203.0,203.0,9.0,26.429302591118372
50,995001,H,1101,G,Balanced,Compressible,Improving,95.0,2.0083807026967406,341.0,341.0,14.0,73.71086595358773
50,995001,H,1101,G,Flow,Compressible,Stagnating,30.0,0.653035874478519,99.0,99.0,1.0,-3.4253038317327382
50,995001,H,1101,G,Electricity,Resource,Stagnating,19.0,0.34916074480861425,71.0,71.0,6.0,44.49401048290212
50,995001,H,1101,G,Electricity,Normal,Improving,30.0,0.5561276441439986,44.0,44.0,0.0,-17.0
50,995001,H,1101,G,Flow,TOU,Stagnating,77.0,1.5375056825578213,239.0,239.0,5.0,16.88464965892535
50,995001,H,1101,G,Electricity,TOU,Stagnating,10.0,0.2245478667318821,3.0,3.0,2.0,5.6456872518194015
50,995001,H,1101,G,Balanced,TOU,Stagnating,80.0,1.7040611766278744,230.0,230.0,8.0,33.12976448810637
50,995001,H,1101,G,Balanced,Compressible,Stagnating,38.0,0.7063367618247867,116.0,116.0,1.0,-1.2406733122948692
50,995001,H,1101,G,Balanced,Normal,Improving,20.0,0.39103686064481735,45.0,45.0,0.0,-9.0
50,995001,H,1101,G,Balanced,Normal,Stagnating,108.0,2.0429902356117964,215.0,215.0,3.0,-16.049018833052827
50,995001,H,1101,G,Electricity,Compressible,Stagnating,1.0,0.01795574463903904,4.0,4.0,0.0,0.0
50,995001,H,1101,G,Flow,Normal,Improving,1.0,0.0178480613976717,4.0,4.0,0.0,0.0
50,995001,H,1101,G,Electricity,Normal,Stagnating,70.0,1.3491027858108282,95.0,95.0,8.0,42.0
50,995001,H,1101,G,Flow,Normal,Stagnating,61.0,1.4023072887212038,180.0,180.0,2.0,9.948448145480562
50,995001,H,1101,G,Flow,Demand,Improving,3.0,0.07045930065214634,6.0,6.0,0.0,0.0
50,995001,H,1101,W,Balanced,Demand,Improving,1.0,0.018581832759082317,4.0,4.0,1.0,3.07586206183573
50,995001,H,1101,W,Electricity,Resource,Improving,41.0,1.1028554448857903,143.0,143.0,5.0,31.51531791614135
50,995001,H,1101,W,Flow,Compressible,Improving,20.0,0.47868970688432455,95.0,95.0,3.0,20.7109139885954
50,995001,H,1101,W,Electricity,Compressible,Improving,41.0,1.0730205168947577,131.0,131.0,13.0,102.31447625955902
50,995001,H,1101,W,Flow,TOU,Improving,294.0,6.193436220288277,1488.0,1488.0,54.0,337.39742675322356
50,995001,H,1101,W,Balanced,TOU,Improving,47.0,1.0721838641911745,225.0,225.0,4.0,13.319105287591348
50,995001,H,1101,W,Balanced,Compressible,Improving,111.0,2.4962822822853923,461.0,461.0,16.0,72.72855832101818
50,995001,H,1101,W,Flow,Compressible,Stagnating,4.0,0.09611673001199961,19.0,19.0,0.0,0.0
50,995001,H,1101,W,Balanced,Normal,Improving,154.0,4.260286840610206,649.0,649.0,15.0,73.91209966293113
50,995001,H,1101,W,Flow,TOU,Stagnating,208.0,4.7772225784137845,1004.0,1004.0,22.0,126.550949274436
50,995001,H,1101,W,Balanced,Compressible,Stagnating,97.0,2.3635952956974506,404.0,404.0,7.0,28.718563601070045
50,995001,H,1101,W,Electricity,Compressible,Stagnating,2.0,0.05669405963271856,0.0,0.0,0.0,-2.0
50,995001,H,1101,W,Electricity,TOU,Improving,1.0,0.0328066935762763,0.0,0.0,0.0,-1.0
50,995001,H,1101,W,Balanced,TOU,Stagnating,104.0,2.281655895523727,492.0,492.0,14.0,81.61478484157887
50,995001,H,1101,W,Balanced,Normal,Stagnating,248.0,6.952108707278967,1071.0,1071.0,19.0,78.29713111326424
50,995001,H,1101,W,Electricity,Resource,Stagnating,114.0,3.045515591278672,397.0,397.0,23.0,131.39010529914944
50,995001,H,1101,W,Electricity,Region,Improving,4.0,0.06229644641280174,12.0,12.0,2.0,18.0
50,995001,H,1101,W,Balanced,Region,Improving,3.0,0.06039796955883503,18.0,18.0,0.0,0.0
50,995001,H,1101,W,Balanced,Region,Stagnating,2.0,0.03805330116301775,6.0,6.0,1.0,-0.856216617511133
50,995001,H,1101,W,Electricity,Normal,Stagnating,53.0,1.530306394211948,196.0,196.0,5.0,28.112365958419716
50,995001,H,1101,W,Electricity,Normal,Improving,23.0,0.5506510436534882,74.0,74.0,2.0,-1.3445211658642326
50,995001,H,1101,GW,Balanced,Demand,Improving,1.0,0.02474330458790064,4.0,4.0,1.0,3.07586206183573
50,995001,H,1101,GW,Electricity,Resource,Improving,31.0,0.7561580017209053,100.0,100.0,3.0,22.0
50,995001,H,1101,GW,Flow,Compressible,Improving,20.0,0.48243483155965805,95.0,95.0,3.0,20.7109139885954
50,995001,H,1101,GW,Electricity,Compressible,Improving,41.0,0.8615056807175279,131.0,131.0,13.0,102.31447625955902
50,995001,H,1101,GW,Flow,TOU,Improving,283.0,6.5566652389243245,1355.0,1355.0,50.0,299.2886687373427
50,995001,H,1101,GW,Balanced,TOU,Improving,21.0,0.5465349880978465,67.0,67.0,0.0,-9.0
50,995001,H,1101,GW,Balanced,Compressible,Improving,69.0,1.4827965842559934,258.0,258.0,9.0,37.49685721148779
50,995001,H,1101,GW,Flow,Compressible,Stagnating,2.0,0.044434876181185246,11.0,11.0,0.0,0.0
50,995001,H,1101,GW,Balanced,Normal,Improving,21.0,0.4975583655759692,96.0,96.0,2.0,2.6987797671104268
50,995001,H,1101,GW,Flow,TOU,Stagnating,418.0,10.173558580689132,1991.0,1991.0,45.0,207.24650840879875
50,995001,H,1101,GW,Balanced,Compressible,Stagnating,24.0,0.5923955626785755,77.0,77.0,1.0,-4.809610005160042
50,995001,H,1101,GW,Electricity,Compressible,Stagnating,2.0,0.04923892207443714,0.0,0.0,0.0,-2.0
50,995001,H,1101,GW,Electricity,TOU,Improving,3.0,0.09603058733046055,10.0,10.0,0.0,-1.0
50,995001,H,1101,GW,Balanced,TOU,Stagnating,114.0,2.9283465994521976,438.0,438.0,18.0,78.01113160520282
50,995001,H,1101,GW,Balanced,Normal,Stagnating,101.0,2.7789288656786084,423.0,423.0,9.0,21.83235525980539
50,995001,H,1101,GW,Electricity,Resource,Stagnating,38.0,1.012422263622284,140.0,140.0,4.0,23.00213886556722
50,995001,H,1101,GW,Electricity,Region,Improving,13.0,0.2829042999073863,27.0,27.0,2.0,13.0
50,995001,H,1101,GW,Balanced,Region,Stagnating,3.0,0.0618734760209918,6.0,6.0,0.0,-2.0
50,995001,H,1101,GW,Electricity,Normal,Stagnating,62.0,1.5825678063556552,278.0,278.0,3.0,18.507849881768692
50,995001,H,1101,GW,Electricity,Normal,Improving,9.0,0.2307919394224882,36.0,36.0,0.0,-2.0
50,995001,H,1101,GW,Electricity,TOU,Stagnating,2.0,0.06010748632252216,11.0,11.0,0.0,0.0
50,995001,H,2202,G,Balanced,Compressible,Improving,56.0,0.8063993873074651,144.0,144.0,6.0,6.226833946840189
50,995001,H,2202,G,Flow,Compressible,Improving,160.0,2.462057619355619,440.0,440.0,24.0,106.11809898490354
50,995001,H,2202,G,Electricity,Resource,Improving,39.0,0.6375873954966664,76.0,76.0,7.0,33.98403013482289
50,995001,H,2202,G,Electricity,TOU,Improving,6.0,0.08913391269743443,3.0,3.0,0.0,-5.0
50,995001,H,2202,G,Electricity,Normal,Improving,46.0,0.6919343434274197,59.0,59.0,1.0,-19.27382293657581
50,995001,H,2202,G,Electricity,Compressible,Improving,9.0,0.1392480656504631,11.0,11.0,0.0,-6.0
50,995001,H,2202,G,Flow,Compressible,Stagnating,134.0,2.103079902008176,297.0,297.0,15.0,66.02523969056125
50,995001,H,2202,G,Balanced,Compressible,Stagnating,42.0,0.6123686404898763,63.0,63.0,4.0,-4.082956253832791
50,995001,H,2202,G,Electricity,Normal,Stagnating,85.0,1.1977691994979978,93.0,93.0,2.0,-39.476481422837395
50,995001,H,2202,G,Balanced,TOU,Improving,11.0,0.16972610354423523,25.0,25.0,0.0,-6.0
50,995001,H,2202,G,Balanced,TOU,Stagnating,12.0,0.21267555560916662,14.0,14.0,0.0,-7.0
50,995001,H,2202,G,Flow,TOU,Improving,9.0,0.14052665699273348,13.0,13.0,0.0,-4.0
50,995001,H,2202,G,Balanced,Normal,Improving,23.0,0.3581071812659502,19.0,19.0,1.0,-12.146836413606293
50,995001,H,2202,G,Balanced,Normal,Stagnating,61.0,0.9517128560692072,69.0,69.0,1.0,-37.09413776062551
50,995001,H,2202,G,Electricity,Resource,Stagnating,3.0,0.04584114346653223,9.0,9.0,0.0,-1.0
50,995001,H,2202,G,Electricity,TOU,Stagnating,5.0,0.05590379983186722,4.0,4.0,1.0,-2.85581458736896
50,995001,H,2202,G,Flow,Demand,Stagnating,1.0,0.014656375162303448,4.0,4.0,0.0,0.0
50,995001,H,2202,G,Flow,Normal,Stagnating,35.0,0.5356266219168901,70.0,70.0,3.0,4.769530253837093
50,995001,H,2202,G,Flow,TOU,Stagnating,22.0,0.33753711450845003,29.0,29.0,2.0,-2.4333234526898435
50,995001,H,2202,G,Flow,Normal,Improving,2.0,0.030698929913342,1.0,1.0,0.0,-1.0
50,995001,H,2202,W,Balanced,Compressible,Improving,186.0,4.352924435399473,813.0,813.0,28.0,198.80417796572962
50,995001,H,2202,W,Flow,Compressible,Improving,47.0,1.1698746057227254,154.0,154.0,1.0,-12.279221771304297
50,995001,H,2202,W,Electricity,Resource,Improving,4.0,0.0801039133220911,17.0,17.0,0.0,-1.0
50,995001,H,2202,W,Flow,Demand,Improving,1.0,0.013540878891944885,6.0,6.0,0.0,0.0
50,995001,H,2202,W,Electricity,Compressible,Improving,97.0,2.6326558170840144,289.0,289.0,15.0,82.19607273527392
50,995001,H,2202,W,Balanced,Compressible,Stagnating,146.0,3.5039649084210396,624.0,624.0,13.0,67.21414704418194
50,995001,H,2202,W,Flow,Compressible,Stagnating,97.0,2.237746015191078,348.0,348.0,2.0,-8.89697838895757
50,995001,H,2202,W,Electricity,Compressible,Stagnating,88.0,2.2254225211218,270.0,270.0,8.0,32.13140466235009
50,995001,H,2202,W,Electricity,TOU,Improving,52.0,1.3823488485068083,228.0,228.0,8.0,57.28019294008839
50,995001,H,2202,W,Balanced,TOU,Stagnating,169.0,4.17112335562706,645.0,645.0,14.0,72.8640836392439
50,995001,H,2202,W,Balanced,TOU,Improving,68.0,1.6334660109132528,289.0,289.0,7.0,21.109217845997314
50,995001,H,2202,W,Electricity,TOU,Stagnating,49.0,1.341412140056491,192.0,192.0,17.0,159.05943799936404
50,995001,H,2202,W,Flow,TOU,Stagnating,17.0,0.4300346663221717,49.0,49.0,0.0,-3.0
50,995001,H,2202,W,Electricity,Normal,Improving,24.0,0.7406260129064322,75.0,75.0,2.0,5.4093289019119
50,995001,H,2202,W,Balanced,Normal,Improving,1.0,0.0333278514444828,6.0,6.0,0.0,0.0
50,995001,H,2202,W,Electricity,Normal,Stagnating,34.0,1.1282938914373517,129.0,129.0,2.0,2.4317164493795014
50,995001,H,2202,W,Balanced,Normal,Stagnating,2.0,0.0442490391433239,9.0,9.0,0.0,0.0
50,995001,H,2202,W,Flow,TOU,Improving,4.0,0.1292937258258462,6.0,6.0,0.0,-2.0
50,995001,H,2202,GW,Balanced,Compressible,Improving,96.0,2.4641326712444425,417.0,417.0,14.0,93.77409110346194
50,995001,H,2202,GW,Flow,Compressible,Improving,61.0,1.3692917302250862,156.0,156.0,4.0,3.1706494662769638
50,995001,H,2202,GW,Electricity,Resource,Improving,5.0,0.09927441831678152,18.0,18.0,0.0,-1.0
50,995001,H,2202,GW,Flow,Demand,Improving,1.0,0.013420258648693562,6.0,6.0,0.0,0.0
50,995001,H,2202,GW,Electricity,Compressible,Improving,32.0,0.7629761695861816,159.0,159.0,4.0,16.028153154132095
50,995001,H,2202,GW,Electricity,Compressible,Stagnating,63.0,1.5508608631789684,233.0,233.0,6.0,34.320723143582555
50,995001,H,2202,GW,Flow,Compressible,Stagnating,31.0,0.7647748328745365,51.0,51.0,2.0,-4.649532954650413
50,995001,H,2202,GW,Balanced,Compressible,Stagnating,39.0,1.0382368182763457,135.0,135.0,2.0,5.7434707455635134
50,995001,H,2202,GW,Electricity,TOU,Stagnating,27.0,0.6245615584775805,113.0,113.0,0.0,-2.0
50,995001,H,2202,GW,Balanced,TOU,Improving,31.0,0.8208045586943626,109.0,109.0,3.0,13.651611525547231
50,995001,H,2202,GW,Flow,TOU,Stagnating,139.0,3.3603577418252826,337.0,337.0,14.0,27.903315765957323
50,995001,H,2202,GW,Flow,TOU,Improving,83.0,1.9607986910268664,188.0,188.0,10.0,20.910742356110873
50,995001,H,2202,GW,Electricity,Normal,Improving,36.0,0.9245967986062169,98.0,98.0,2.0,2.346842469457666
50,995001,H,2202,GW,Electricity,Normal,Stagnating,102.0,2.7882813988253474,187.0,187.0,10.0,53.23606647088056
50,995001,H,2202,GW,Balanced,TOU,Stagnating,102.0,2.6594121158123016,269.0,269.0,13.0,58.04406133255633
50,995001,H,2202,GW,Electricity,TOU,Improving,1.0,0.01924673095345497,2.0,2.0,0.0,0.0
50,995001,H,2202,GW,Balanced,Normal,Stagnating,51.0,1.3917502593249083,117.0,117.0,1.0,-3.917605145216635
50,995001,H,2202,GW,Flow,Demand,Stagnating,1.0,0.024917397648096085,0.0,0.0,0.0,-1.0
50,995001,H,2202,GW,Flow,Normal,Stagnating,1.0,0.025017493404448032,0.0,0.0,0.0,-1.0
50,995001,H,2202,GW,Balanced,Normal,Improving,8.0,0.20270337350666523,7.0,7.0,0.0,-3.0
50,995001,H,2202,GW,Electricity,Region,Stagnating,1.0,0.019393029622733593,0.0,0.0,0.0,-1.0
50,995001,H,2202,LEGACY,Balanced,Compressible,Improving,100.0,2.1166150290519,279.0,279.0,12.0,53.34322262933932
50,995001,H,2202,LEGACY,Flow,Compressible,Improving,113.0,2.272747153416276,302.0,302.0,16.0,85.2796966130953
50,995001,H,2202,LEGACY,Electricity,Resource,Improving,4.0,0.0775563595816493,18.0,18.0,0.0,-1.0
50,995001,H,2202,LEGACY,Balanced,Demand,Improving,1.0,0.02215411700308323,3.0,3.0,0.0,0.0
50,995001,H,2202,LEGACY,Electricity,TOU,Improving,18.0,0.413455949164927,42.0,42.0,1.0,7.0
50,995001,H,2202,LEGACY,Electricity,Compressible,Improving,15.0,0.328733678907156,18.0,18.0,2.0,14.0
50,995001,H,2202,LEGACY,Flow,TOU,Improving,45.0,0.9747362611815333,87.0,87.0,6.0,6.569612375902121
50,995001,H,2202,LEGACY,Electricity,Normal,Stagnating,61.0,1.2349105076864362,64.0,64.0,4.0,-12.894960709187277
50,995001,H,2202,LEGACY,Flow,Compressible,Stagnating,62.0,1.2530037285760045,150.0,150.0,5.0,23.086525880136634
50,995001,H,2202,LEGACY,Electricity,Compressible,Stagnating,5.0,0.11737565416842699,8.0,8.0,0.0,-1.0
50,995001,H,2202,LEGACY,Balanced,TOU,Stagnating,51.0,0.9468149486929178,120.0,120.0,3.0,-8.069679084500029
50,995001,H,2202,LEGACY,Electricity,Normal,Improving,64.0,1.3853766955435276,115.0,115.0,9.0,46.779046861921636
50,995001,H,2202,LEGACY,Balanced,Compressible,Stagnating,30.0,0.6082199215888977,81.0,81.0,3.0,7.70686409683667
50,995001,H,2202,LEGACY,Balanced,Normal,Improving,10.0,0.1902207564562559,19.0,19.0,1.0,-1.6093659741026038
50,995001,H,2202,LEGACY,Balanced,Normal,Stagnating,51.0,1.0889654634520411,106.0,106.0,7.0,2.197732141691569
50,995001,H,2202,LEGACY,Flow,TOU,Stagnating,119.0,2.2238266365602612,282.0,282.0,14.0,44.41762085430507
50,995001,H,2202,LEGACY,Balanced,TOU,Improving,67.0,1.4660900635644794,189.0,189.0,11.0,64.87043367527744
50,995001,H,2202,LEGACY,Electricity,Resource,Stagnating,7.0,0.14299337845295668,19.0,19.0,4.0,39.0
50,995001,H,2202,LEGACY,Flow,Normal,Stagnating,1.0,0.022298146039247513,2.0,2.0,0.0,0.0
50,995001,H,2202,LEGACY,Flow,Demand,Stagnating,6.0,0.12234645895659924,22.0,22.0,0.0,0.0
50,995001,H,2202,REFERENCE,Balanced,Compressible,Improving,89.0,1.7198703764006495,234.0,234.0,12.0,47.55174251656983
50,995001,H,2202,REFERENCE,Flow,Compressible,Improving,90.0,1.7508321069180965,250.0,250.0,13.0,47.1068756060302
50,995001,H,2202,REFERENCE,Electricity,Resource,Improving,22.0,0.45424123853445053,42.0,42.0,5.0,31.702022521750415
50,995001,H,2202,REFERENCE,Electricity,TOU,Improving,42.0,1.0374469188973308,33.0,33.0,4.0,0.6259982760707903
50,995001,H,2202,REFERENCE,Electricity,Normal,Improving,10.0,0.23044429440051317,17.0,17.0,1.0,4.0
50,995001,H,2202,REFERENCE,Electricity,Compressible,Improving,17.0,0.3641595607623458,18.0,18.0,1.0,-2.0
50,995001,H,2202,REFERENCE,Flow,Compressible,Stagnating,88.0,1.8569794669747353,236.0,236.0,12.0,58.29279225161194
50,995001,H,2202,REFERENCE,Balanced,Compressible,Stagnating,15.0,0.3168525183573365,24.0,24.0,1.0,-2.218817794105454
50,995001,H,2202,REFERENCE,Balanced,Normal,Improving,1.0,0.01735739130526781,3.0,3.0,0.0,0.0
50,995001,H,2202,REFERENCE,Electricity,Resource,Stagnating,4.0,0.0673752361908555,2.0,2.0,0.0,-3.0
50,995001,H,2202,REFERENCE,Electricity,TOU,Stagnating,14.0,0.3587803663685918,3.0,3.0,0.0,-13.0
50,995001,H,2202,REFERENCE,Electricity,Normal,Stagnating,15.0,0.3470035083591938,20.0,20.0,0.0,-11.0
50,995001,H,2202,REFERENCE,Electricity,Compressible,Stagnating,3.0,0.07802301365882158,1.0,1.0,0.0,-2.0
50,995001,H,2202,REFERENCE,Flow,Normal,Stagnating,2.0,0.032640635035932064,9.0,9.0,0.0,0.0
50,995001,H,2202,REFERENCE,Flow,TOU,Improving,36.0,0.8532746378332376,107.0,107.0,4.0,17.558719642253546
50,995001,H,2202,REFERENCE,Balanced,TOU,Stagnating,70.0,1.6447688173502684,81.0,81.0,5.0,-4.6146835805535185
50,995001,H,2202,REFERENCE,Balanced,TOU,Improving,62.0,1.414238485507667,73.0,73.0,4.0,-21.098491032336604
50,995001,H,2202,REFERENCE,Flow,TOU,Stagnating,90.0,1.9631593795493245,297.0,297.0,6.0,28.453742751444295
50,995001,T,1101,REFERENCE,Electricity,Compressible,Improving,11.0,0.16611677967011929,38.0,38.0,1.0,9.0
50,995001,T,1101,REFERENCE,Balanced,Compressible,Improving,131.0,1.8828665604814887,413.0,413.0,23.0,143.78961715449188
50,995001,T,1101,REFERENCE,Electricity,Resource,Improving,4.0,0.06258093751966953,9.0,9.0,0.0,-1.0
50,995001,T,1101,REFERENCE,Flow,Compressible,Improving,148.0,2.2704782458022237,445.0,445.0,10.0,67.52721429257772
50,995001,T,1101,REFERENCE,Electricity,Demand,Improving,1.0,0.014156613498926163,4.0,4.0,0.0,0.0
50,995001,T,1101,REFERENCE,Flow,Demand,Improving,1.0,0.013218913227319717,3.0,3.0,0.0,0.0
50,995001,T,1101,REFERENCE,Electricity,Normal,Improving,90.0,1.2877390468493104,203.0,203.0,9.0,32.81668613978867
50,995001,T,1101,REFERENCE,Flow,Compressible,Stagnating,216.0,3.262549496255815,690.0,690.0,14.0,45.080263508452504
50,995001,T,1101,REFERENCE,Balanced,Compressible,Stagnating,12.0,0.1811197167262435,29.0,29.0,0.0,-4.0
50,995001,T,1101,REFERENCE,Electricity,Normal,Stagnating,120.0,1.7192242555320263,297.0,297.0,4.0,-7.8295048584543805
50,995001,T,1101,REFERENCE,Electricity,Resource,Stagnating,6.0,0.10849902033805847,11.0,11.0,2.0,17.0
50,995001,T,1101,REFERENCE,Balanced,Normal,Stagnating,83.0,1.4773838510736823,182.0,182.0,5.0,-9.069668687972113
50,995001,T,1101,REFERENCE,Electricity,Region,Stagnating,9.0,0.13396266289055347,22.0,22.0,2.0,19.0
50,995001,T,1101,REFERENCE,Balanced,Normal,Improving,150.0,2.306914696469903,401.0,401.0,20.0,105.89033934514234
50,995001,T,1101,REFERENCE,Flow,TOU,Stagnating,26.0,0.38771694246679544,82.0,82.0,2.0,3.403458621681807
50,995001,T,1101,REFERENCE,Electricity,Region,Improving,6.0,0.09257899690419436,23.0,23.0,2.0,14.855729959857765
50,995001,T,1101,REFERENCE,Electricity,TOU,Improving,16.0,0.236337810754776,44.0,44.0,1.0,0.4607794766990154
50,995001,T,1101,REFERENCE,Balanced,TOU,Improving,40.0,0.5912163108587265,145.0,145.0,4.0,23.109439401335475
50,995001,T,1101,REFERENCE,Electricity,TOU,Stagnating,35.0,0.4855511402711272,117.0,117.0,2.0,3.524064016558359
50,995001,T,1101,REFERENCE,Flow,TOU,Improving,1.0,0.015726860612630844,1.0,1.0,0.0,0.0
50,995001,T,1101,REFERENCE,Balanced,TOU,Stagnating,17.0,0.2833906915038824,48.0,48.0,0.0,-4.0
50,995001,T,1101,REFERENCE,Flow,Normal,Stagnating,22.0,0.34152293391525745,63.0,63.0,1.0,4.164938429466171
50,995001,T,1101,REFERENCE,Flow,Normal,Improving,1.0,0.013742677867412567,2.0,2.0,0.0,0.0
50,995001,T,1101,G,Electricity,Compressible,Improving,22.0,0.3885482009500265,70.0,70.0,3.0,25.0
50,995001,T,1101,G,Balanced,Compressible,Improving,79.0,1.4388511190190911,217.0,217.0,16.0,84.65624385146148
50,995001,T,1101,G,Electricity,Resource,Improving,14.0,0.21956397872418165,29.0,29.0,0.0,-6.0
50,995001,T,1101,G,Flow,Compressible,Improving,116.0,2.2287079514935613,382.0,382.0,12.0,74.13363675886737
50,995001,T,1101,G,Electricity,Demand,Improving,1.0,0.017057125456631184,4.0,4.0,0.0,0.0
50,995001,T,1101,G,Flow,Demand,Improving,1.0,0.021047095768153667,3.0,3.0,0.0,0.0
50,995001,T,1101,G,Electricity,Normal,Improving,20.0,0.41512330900877714,32.0,32.0,0.0,-11.0
50,995001,T,1101,G,Flow,Compressible,Stagnating,65.0,1.370313972234726,210.0,210.0,3.0,16.41068512624192
50,995001,T,1101,G,Electricity,Compressible,Stagnating,8.0,0.14054041355848312,17.0,17.0,1.0,-2.503858622120654
50,995001,T,1101,G,Balanced,Compressible,Stagnating,26.0,0.5086321206763387,56.0,56.0,5.0,34.0085493985103
50,995001,T,1101,G,Electricity,Normal,Stagnating,17.0,0.3108313921838999,13.0,13.0,0.0,-13.0
50,995001,T,1101,G,Balanced,TOU,Improving,5.0,0.08435796480625868,17.0,17.0,0.0,-2.0
50,995001,T,1101,G,Flow,Normal,Improving,75.0,1.637971774674952,185.0,185.0,5.0,16.73236897601795
50,995001,T,1101,G,Balanced,Normal,Improving,45.0,0.8742969511076808,85.0,85.0,3.0,0.8152662971865778
50,995001,T,1101,G,Electricity,Resource,Stagnating,15.0,0.23291803430765867,18.0,18.0,1.0,-5.600266448750179
50,995001,T,1101,G,Balanced,Normal,Stagnating,70.0,1.2716767629608512,139.0,139.0,1.0,-24.24480231719837
50,995001,T,1101,G,Balanced,TOU,Stagnating,11.0,0.17443179804831743,15.0,15.0,0.0,-6.0
50,995001,T,1101,G,Flow,Normal,Stagnating,136.0,2.828951776959002,404.0,404.0,3.0,-3.6527764717218236
50,995001,T,1101,G,Flow,Demand,Stagnating,1.0,0.023974034935235977,5.0,5.0,0.0,0.0
50,995001,T,1101,G,Flow,TOU,Improving,3.0,0.051509471610188484,11.0,11.0,1.0,2.877538189649264
50,995001,T,1101,G,Electricity,TOU,Improving,12.0,0.23875490855425596,7.0,7.0,1.0,1.0
50,995001,T,1101,G,Electricity,TOU,Stagnating,21.0,0.36705391202121973,8.0,8.0,2.0,3.0
50,995001,T,1101,W,Electricity,Compressible,Improving,38.0,0.8252297593280673,117.0,117.0,3.0,5.530427625998262
50,995001,T,1101,W,Balanced,Compressible,Improving,75.0,1.7385594807565212,302.0,302.0,5.0,16.21562773526583
50,995001,T,1101,W,Flow,Compressible,Improving,89.0,1.8786189872771502,462.0,462.0,6.0,32.75438395222306
50,995001,T,1101,W,Electricity,Demand,Improving,1.0,0.01587918307632208,6.0,6.0,1.0,3.960463061603872
50,995001,T,1101,W,Electricity,Resource,Improving,8.0,0.13154229521751404,45.0,45.0,2.0,20.0
50,995001,T,1101,W,Electricity,Normal,Improving,24.0,0.6016024714335799,61.0,61.0,2.0,0.9678285812933298
50,995001,T,1101,W,Flow,Compressible,Stagnating,79.0,1.5998397581279278,406.0,406.0,2.0,11.33193511511018
50,995001,T,1101,W,Balanced,TOU,Stagnating,3.0,0.05760231427848339,12.0,12.0,1.0,10.0
50,995001,T,1101,W,Balanced,Normal,Stagnating,187.0,4.436688156798482,757.0,757.0,10.0,46.15352039109895
50,995001,T,1101,W,Balanced,Normal,Improving,59.0,1.3619597991928458,231.0,231.0,5.0,23.470769291604487
50,995001,T,1101,W,Balanced,TOU,Improving,1.0,0.025799216702580452,0.0,0.0,0.0,-1.0
50,995001,T,1101,W,Electricity,Compressible,Stagnating,26.0,0.5966232195496559,65.0,65.0,1.0,-7.7306323133351835
50,995001,T,1101,W,Flow,TOU,Improving,44.0,0.8487962009385228,215.0,215.0,0.0,-1.0
50,995001,T,1101,W,Flow,TOU,Stagnating,141.0,2.6661613257601857,764.0,764.0,5.0,16.069147176136653
50,995001,T,1101,W,Balanced,Compressible,Stagnating,111.0,2.6742640286684036,389.0,389.0,4.0,4.301657463351475
50,995001,T,1101,W,Electricity,Normal,Stagnating,37.0,0.7335203131660819,68.0,68.0,6.0,20.324324473237592
50,995001,T,1101,W,Flow,Normal,Stagnating,113.0,2.207546193152666,570.0,570.0,0.0,0.0
50,995001,T,1101,W,Flow,Normal,Improving,5.0,0.09106687549501657,27.0,27.0,0.0,0.0
50,995001,T,1101,W,Electricity,TOU,Stagnating,1.0,0.020053748041391373,5.0,5.0,0.0,0.0
50,995001,T,1101,GW,Electricity,Compressible,Improving,37.0,0.854091502726078,102.0,102.0,7.0,32.52580523419399
50,995001,T,1101,GW,Balanced,Compressible,Improving,42.0,0.9500735988840461,142.0,142.0,12.0,53.044024598093586
50,995001,T,1101,GW,Flow,Compressible,Improving,206.0,4.41456684935838,943.0,943.0,35.0,194.48900802383986
50,995001,T,1101,GW,Electricity,Demand,Improving,1.0,0.016095836646854877,6.0,6.0,1.0,3.960463061603872
50,995001,T,1101,GW,Electricity,Resource,Improving,23.0,0.4872679142281413,108.0,108.0,11.0,89.51779613899049
50,995001,T,1101,GW,Electricity,Normal,Improving,34.0,0.8950610794126987,68.0,68.0,0.0,-19.0
50,995001,T,1101,GW,Flow,Compressible,Stagnating,275.0,6.302684307098389,1253.0,1253.0,22.0,130.2686334673399
50,995001,T,1101,GW,Electricity,Compressible,Stagnating,2.0,0.013291442766785622,1.0,1.0,0.0,-1.0
50,995001,T,1101,GW,Balanced,Normal,Improving,104.0,2.539332924410701,458.0,458.0,8.0,26.18122729810529
50,995001,T,1101,GW,Balanced,KV,Improving,1.0,0.014864691533148289,0.0,0.0,0.0,-1.0
50,995001,T,1101,GW,Balanced,Compressible,Stagnating,11.0,0.2507880665361881,41.0,41.0,1.0,0.260478695686861
50,995001,T,1101,GW,Electricity,Resource,Stagnating,1.0,0.005696825683116913,0.0,0.0,0.0,-1.0
50,995001,T,1101,GW,Electricity,Normal,Stagnating,66.0,1.7696857787668705,122.0,122.0,2.0,-18.0
50,995001,T,1101,GW,Balanced,Demand,Improving,3.0,0.07828797586262226,3.0,3.0,0.0,-2.0
50,995001,T,1101,GW,Balanced,Normal,Stagnating,402.0,10.105766938999295,1897.0,1897.0,24.0,109.65897361244527
50,995001,T,1101,GW,Electricity,TOU,Improving,4.0,0.12210233509540558,8.0,8.0,0.0,-1.0
50,995001,T,1101,GW,Balanced,Demand,Stagnating,2.0,0.04865213390439749,5.0,5.0,1.0,6.332202220780634
50,995001,T,1101,GW,Flow,Normal,Stagnating,1.0,0.029983039945364,4.0,4.0,0.0,0.0
50,995001,T,1101,LEGACY,Electricity,Compressible,Improving,34.0,0.6755863130092621,79.0,79.0,4.0,17.92993909061115
50,995001,T,1101,LEGACY,Balanced,Compressible,Improving,39.0,0.7758451653644443,91.0,91.0,6.0,23.320944536568565
50,995001,T,1101,LEGACY,Flow,Compressible,Improving,113.0,2.461527466773987,404.0,404.0,22.0,116.78255896182165
50,995001,T,1101,LEGACY,Electricity,Resource,Improving,8.0,0.18308473005890846,30.0,30.0,3.0,21.90159392746601
50,995001,T,1101,LEGACY,Balanced,Demand,Improving,1.0,0.02398641314357519,0.0,0.0,0.0,-1.0
50,995001,T,1101,LEGACY,Electricity,Compressible,Stagnating,21.0,0.4443514822050929,50.0,50.0,0.0,-6.0
50,995001,T,1101,LEGACY,Balanced,Compressible,Stagnating,37.0,0.847620221786201,117.0,117.0,2.0,7.0
50,995001,T,1101,LEGACY,Balanced,TOU,Stagnating,63.0,1.3786718929186463,188.0,188.0,2.0,0.849153122358052
50,995001,T,1101,LEGACY,Flow,Compressible,Stagnating,31.0,0.6837714090943336,112.0,112.0,1.0,2.38852773516137
50,995001,T,1101,LEGACY,Balanced,Resource,Stagnating,4.0,0.06419214233756065,9.0,9.0,1.0,1.1140007743334963
50,995001,T,1101,LEGACY,Flow,TOU,Improving,80.0,1.6632692534476519,326.0,326.0,9.0,50.648082516047516
50,995001,T,1101,LEGACY,Balanced,TOU,Improving,37.0,0.8060217583552003,87.0,87.0,1.0,-6.681253339261109
50,995001,T,1101,LEGACY,Electricity,Normal,Stagnating,35.0,0.6686594281345606,48.0,48.0,1.0,-12.0
50,995001,T,1101,LEGACY,Electricity,Normal,Improving,14.0,0.30447506066411734,17.0,17.0,1.0,3.0
50,995001,T,1101,LEGACY,Electricity,TOU,Stagnating,32.0,0.6617333218455315,77.0,77.0,0.0,-12.0
50,995001,T,1101,LEGACY,Electricity,TOU,Improving,9.0,0.1463762940838933,8.0,8.0,0.0,-5.0
50,995001,T,1101,LEGACY,Flow,TOU,Stagnating,342.0,6.968258799053729,1358.0,1358.0,43.0,253.28750594124375
50,995001,T,1101,LEGACY,Flow,Normal,Stagnating,2.0,0.03770295809954405,6.0,6.0,0.0,0.0
50,995001,T,1101,LEGACY,Flow,Normal,Improving,3.0,0.05386454053223133,14.0,14.0,0.0,0.0
50,995001,T,1101,LEGACY,Balanced,Normal,Improving,1.0,0.020182456821203232,0.0,0.0,0.0,-1.0
50,995001,T,1101,LEGACY,Balanced,Normal,Stagnating,8.0,0.17224080115556717,13.0,13.0,1.0,-1.2834587861241107
50,995001,T,1101,LEGACY,Electricity,Region,Stagnating,1.0,0.009674149565398693,0.0,0.0,0.0,-1.0
50,995001,T,2202,W,Balanced,Compressible,Improving,59.0,0.9049737453460693,213.0,213.0,11.0,70.92018994057246
50,995001,T,2202,W,Flow,Compressible,Improving,161.0,2.807679225690663,561.0,561.0,17.0,118.8650670478555
50,995001,T,2202,W,Electricity,Compressible,Improving,23.0,0.4101932579651475,81.0,81.0,7.0,64.0
50,995001,T,2202,W,Electricity,Resource,Improving,10.0,0.17035601940006018,36.0,36.0,3.0,23.619412631626318
50,995001,T,2202,W,Flow,Normal,Improving,5.0,0.07403855677694082,17.0,17.0,0.0,-1.0
50,995001,T,2202,W,Flow,TOU,Stagnating,264.0,5.81099839694798,1098.0,1098.0,19.0,97.8930834085488
50,995001,T,2202,W,Balanced,Resource,Stagnating,2.0,0.03128030151128769,9.0,9.0,0.0,0.0
50,995001,T,2202,W,Electricity,Compressible,Stagnating,3.0,0.05509591102600098,18.0,18.0,0.0,0.0
50,995001,T,2202,W,Balanced,Compressible,Stagnating,29.0,0.5205854987725616,101.0,101.0,6.0,9.844982348571513
50,995001,T,2202,W,Flow,TOU,Improving,121.0,2.615907776169479,515.0,515.0,9.0,42.179210343139836
50,995001,T,2202,W,Electricity,Region,Improving,41.0,0.7905045095831156,118.0,118.0,2.0,-2.561448999831846
50,995001,T,2202,W,Flow,Normal,Stagnating,30.0,0.5182494139298797,99.0,99.0,4.0,24.357809467943284
50,995001,T,2202,W,Electricity,KV,Stagnating,2.0,0.03153967671096325,12.0,12.0,0.0,0.0
50,995001,T,2202,W,Electricity,Region,Stagnating,53.0,1.1031793765723705,126.0,126.0,2.0,-16.6156316766518
50,995001,T,2202,W,Electricity,Normal,Stagnating,34.0,0.6666538733989,82.0,82.0,2.0,-3.676662985498778
50,995001,T,2202,W,Electricity,KV,Improving,2.0,0.039156888611614704,8.0,8.0,0.0,0.0
50,995001,T,2202,W,Electricity,Normal,Improving,22.0,0.37163572292774916,80.0,80.0,1.0,5.297912143419866
50,995001,T,2202,W,Flow,Compressible,Stagnating,196.0,3.5338522996753454,659.0,659.0,15.0,105.63691268842418
50,995001,T,2202,W,Balanced,TOU,Stagnating,319.0,5.990135529078543,1362.0,1362.0,47.0,234.11204444220448
50,995001,T,2202,W,Balanced,TOU,Improving,171.0,2.988765216432512,634.0,634.0,24.0,105.29432644254291
50,995001,T,2202,W,Balanced,Region,Improving,10.0,0.2232924122363329,18.0,18.0,1.0,-0.965769577696471
50,995001,T,2202,W,Balanced,Region,Stagnating,17.0,0.3450144659727812,41.0,41.0,2.0,-2.1718955245370344
50,995001,T,2202,W,Balanced,Normal,Improving,1.0,0.013960056938230991,0.0,0.0,0.0,-1.0
50,995001,T,2202,W,Balanced,Normal,Stagnating,1.0,0.013398979790508747,6.0,6.0,0.0,0.0
50,995001,T,2202,W,Electricity,TOU,Stagnating,2.0,0.03507754486054182,9.0,9.0,1.0,1.1717697343656501
50,995001,T,2202,W,Flow,Demand,Stagnating,71.0,1.370940395630896,222.0,222.0,7.0,46.93950475235238
50,995001,T,2202,W,Flow,Demand,Improving,3.0,0.048125334084033966,13.0,13.0,0.0,0.0
50,995001,T,2202,GW,Balanced,Compressible,Improving,62.0,1.204140636138618,215.0,215.0,16.0,79.22487233013985
50,995001,T,2202,GW,Flow,Compressible,Improving,85.0,1.8719800198450685,324.0,324.0,9.0,54.96327685286365
50,995001,T,2202,GW,Electricity,Compressible,Improving,25.0,0.6484481394290924,83.0,83.0,7.0,63.0
50,995001,T,2202,GW,Electricity,Resource,Improving,12.0,0.2797062685713172,36.0,36.0,3.0,21.619412631626318
50,995001,T,2202,GW,Flow,Normal,Improving,7.0,0.13860720675438643,18.0,18.0,0.0,-1.0
50,995001,T,2202,GW,Flow,TOU,Stagnating,92.0,1.8993879202753305,326.0,326.0,9.0,50.58103724110096
50,995001,T,2202,GW,Balanced,Resource,Stagnating,2.0,0.03706900589168072,9.0,9.0,0.0,0.0
50,995001,T,2202,GW,Electricity,Compressible,Stagnating,2.0,0.045247333124279976,7.0,7.0,0.0,0.0
50,995001,T,2202,GW,Electricity,KV,Improving,3.0,0.06607360113412142,15.0,15.0,1.0,2.8420486363657513
50,995001,T,2202,GW,Electricity,Resource,Stagnating,2.0,0.035884673707187176,6.0,6.0,0.0,-1.0
50,995001,T,2202,GW,Flow,Normal,Stagnating,3.0,0.06511775497347116,12.0,12.0,0.0,0.0
50,995001,T,2202,GW,Flow,Compressible,Stagnating,195.0,4.228256681933999,733.0,733.0,23.0,101.14582127756441
50,995001,T,2202,GW,Balanced,Compressible,Stagnating,10.0,0.18782502133399248,34.0,34.0,0.0,-2.0
50,995001,T,2202,GW,Electricity,Normal,Improving,40.0,0.9633806999772787,113.0,113.0,1.0,-7.325722888203558
50,995001,T,2202,GW,Balanced,Normal,Improving,61.0,1.3398265046998858,174.0,174.0,6.0,6.653526474512647
50,995001,T,2202,GW,Flow,Demand,Improving,1.0,0.018322866410017014,6.0,6.0,0.0,0.0
50,995001,T,2202,GW,Balanced,Normal,Stagnating,168.0,3.5757916318252683,450.0,450.0,20.0,24.51026825901495
50,995001,T,2202,GW,Electricity,Normal,Stagnating,71.0,1.6206681793555617,189.0,189.0,3.0,-6.826654732203467
50,995001,T,2202,GW,Balanced,TOU,Stagnating,2.0,0.03571878466755152,6.0,6.0,0.0,0.0
50,995001,T,2202,GW,Electricity,TOU,Stagnating,1.0,0.02126092929393053,5.0,5.0,0.0,0.0
50,995001,T,2202,GW,Flow,TOU,Improving,5.0,0.10796758811920881,26.0,26.0,0.0,0.0
50,995001,T,2202,GW,Balanced,TOU,Improving,1.0,0.01710657775402069,5.0,5.0,0.0,0.0
50,995001,T,2202,LEGACY,Balanced,Compressible,Improving,64.0,1.0869874246418476,175.0,175.0,15.0,92.86644895419035
50,995001,T,2202,LEGACY,Flow,Compressible,Improving,68.0,1.405078463256359,240.0,240.0,7.0,31.511649088894664
50,995001,T,2202,LEGACY,Balanced,Resource,Improving,2.0,0.041058083064854145,10.0,10.0,0.0,0.0
50,995001,T,2202,LEGACY,Electricity,Resource,Improving,4.0,0.06820319034159184,8.0,8.0,1.0,8.0
50,995001,T,2202,LEGACY,Flow,Demand,Improving,3.0,0.047604973427951336,9.0,9.0,0.0,-1.0
50,995001,T,2202,LEGACY,Electricity,Compressible,Improving,14.0,0.28325790725648403,28.0,28.0,1.0,4.0
50,995001,T,2202,LEGACY,Electricity,KV,Improving,1.0,0.01588419172912836,0.0,0.0,0.0,-1.0
50,995001,T,2202,LEGACY,Flow,Compressible,Stagnating,44.0,0.9080671546980739,131.0,131.0,6.0,16.524688282592447
50,995001,T,2202,LEGACY,Electricity,Compressible,Stagnating,1.0,0.018320413306355476,5.0,5.0,0.0,0.0
50,995001,T,2202,LEGACY,Balanced,Compressible,Stagnating,3.0,0.059357727877795696,2.0,2.0,0.0,-2.0
50,995001,T,2202,LEGACY,Balanced,Normal,Improving,125.0,2.416414951905608,315.0,315.0,16.0,61.54981344663287
50,995001,T,2202,LEGACY,Flow,Demand,Stagnating,3.0,0.07327863294631243,11.0,11.0,0.0,0.0
50,995001,T,2202,LEGACY,Electricity,Normal,Improving,2.0,0.035528261214494705,0.0,0.0,0.0,-2.0
50,995001,T,2202,LEGACY,Electricity,Region,Stagnating,83.0,1.57262032199651,144.0,144.0,3.0,-10.977704777124167
50,995001,T,2202,LEGACY,Electricity,Region,Improving,49.0,0.9885399248450994,78.0,78.0,0.0,-23.0
50,995001,T,2202,LEGACY,Flow,Normal,Improving,132.0,2.5762321781367064,302.0,302.0,14.0,51.98207779696561
50,995001,T,2202,LEGACY,Electricity,Normal,Stagnating,4.0,0.07989855110645294,2.0,2.0,0.0,-3.0
50,995001,T,2202,LEGACY,Balanced,Normal,Stagnating,80.0,1.4423571862280369,187.0,187.0,8.0,22.116885744989652
50,995001,T,2202,LEGACY,Flow,Normal,Stagnating,126.0,2.3410943299531937,307.0,307.0,10.0,21.91389329110371
50,995001,T,2202,LEGACY,Balanced,Region,Stagnating,34.0,0.6278681205585599,61.0,61.0,0.0,-14.0
50,995001,T,2202,LEGACY,Balanced,Region,Improving,8.0,0.14313501119613647,20.0,20.0,0.0,-2.0
50,995001,T,2202,LEGACY,Flow,TOU,Stagnating,1.0,0.020741291344165802,1.0,1.0,0.0,0.0
50,995001,T,2202,REFERENCE,Balanced,Compressible,Improving,90.0,1.7762424042448401,294.0,294.0,13.0,77.69850805217733
50,995001,T,2202,REFERENCE,Flow,Compressible,Improving,50.0,0.9237672025337815,163.0,163.0,8.0,12.271656684773395
50,995001,T,2202,REFERENCE,Electricity,Compressible,Improving,61.0,1.1321352561935782,191.0,191.0,12.0,67.96159434991985
50,995001,T,2202,REFERENCE,Electricity,Resource,Improving,11.0,0.1948596267029643,33.0,33.0,4.0,37.0
50,995001,T,2202,REFERENCE,Flow,Compressible,Stagnating,101.0,2.0414330614730716,286.0,286.0,14.0,22.59572822276338
50,995001,T,2202,REFERENCE,Electricity,KV,Improving,2.0,0.03925140481442213,6.0,6.0,1.0,10.0
50,995001,T,2202,REFERENCE,Balanced,Compressible,Stagnating,59.0,1.2290709959343076,138.0,138.0,7.0,11.90387402616153
50,995001,T,2202,REFERENCE,Electricity,KV,Stagnating,6.0,0.10552036296576262,22.0,22.0,5.0,48.3866673038804
50,995001,T,2202,REFERENCE,Flow,Demand,Improving,9.0,0.16283269319683313,34.0,34.0,2.0,5.220790755669446
50,995001,T,2202,REFERENCE,Electricity,Resource,Stagnating,40.0,0.7818474043160677,84.0,84.0,17.0,142.76589520109542
50,995001,T,2202,REFERENCE,Electricity,TOU,Stagnating,7.0,0.1442261142656207,12.0,12.0,1.0,1.3362480620335742
50,995001,T,2202,REFERENCE,Electricity,Compressible,Stagnating,42.0,0.8240192485973239,130.0,130.0,12.0,82.05959669331544
50,995001,T,2202,REFERENCE,Electricity,Normal,Improving,53.0,1.0553484577685595,147.0,147.0,11.0,80.20238312637937
50,995001,T,2202,REFERENCE,Flow,Normal,Improving,9.0,0.16911174915730953,21.0,21.0,0.0,-1.0
50,995001,T,2202,REFERENCE,Flow,Demand,Stagnating,149.0,3.147817970253527,512.0,512.0,23.0,110.29922259152912
50,995001,T,2202,REFERENCE,Electricity,TOU,Improving,2.0,0.03578408807516098,3.0,3.0,0.0,-1.0
50,995001,T,2202,REFERENCE,Electricity,Region,Improving,36.0,0.8459512600675225,68.0,68.0,3.0,8.819065406386763
50,995001,T,2202,REFERENCE,Balanced,Normal,Improving,16.0,0.35618653148412704,49.0,49.0,2.0,1.3192078675756553
50,995001,T,2202,REFERENCE,Balanced,TOU,Stagnating,119.0,2.544280749745667,332.0,332.0,11.0,24.945699470171558
50,995001,T,2202,REFERENCE,Balanced,Normal,Stagnating,18.0,0.3761146739125252,44.0,44.0,2.0,-0.543384735923454
50,995001,T,2202,REFERENCE,Flow,Normal,Stagnating,93.0,1.941845778375864,284.0,284.0,14.0,67.47400444314475
50,995001,T,2202,REFERENCE,Balanced,TOU,Improving,42.0,0.8696326911449432,135.0,135.0,3.0,10.923929400737467
50,995001,T,2202,REFERENCE,Electricity,Region,Stagnating,83.0,1.8249290846288204,186.0,186.0,8.0,17.322560021612173
50,995001,T,2202,REFERENCE,Electricity,Normal,Stagnating,4.0,0.09939702600240707,7.0,7.0,0.0,-2.0
50,995001,T,2202,REFERENCE,Flow,TOU,Stagnating,51.0,1.109091985039413,145.0,145.0,5.0,18.2401227457247
50,995001,T,2202,REFERENCE,Balanced,Region,Stagnating,3.0,0.06446384638547897,6.0,6.0,0.0,-2.0
50,995001,T,2202,G,Balanced,Compressible,Improving,87.0,1.7671374808996916,237.0,237.0,14.0,56.8156930231548
50,995001,T,2202,G,Flow,Compressible,Improving,139.0,2.4639395605772734,403.0,403.0,31.0,144.30834794504744
50,995001,T,2202,G,Electricity,Compressible,Improving,9.0,0.1742049865424633,24.0,24.0,1.0,6.0
50,995001,T,2202,G,Electricity,Resource,Improving,15.0,0.26599567476660013,38.0,38.0,6.0,47.73931735304467
50,995001,T,2202,G,Balanced,Compressible,Stagnating,81.0,1.666621939279139,229.0,229.0,5.0,10.456632867251663
50,995001,T,2202,G,Flow,Demand,Improving,15.0,0.2582259066402912,43.0,43.0,2.0,4.41563411418256
50,995001,T,2202,G,Flow,Normal,Improving,13.0,0.2148488610982895,22.0,22.0,1.0,3.0
50,995001,T,2202,G,Electricity,TOU,Stagnating,4.0,0.08502902928739786,10.0,10.0,0.0,-1.0
50,995001,T,2202,G,Electricity,Region,Improving,34.0,0.7079986920580268,86.0,86.0,0.0,-7.0
50,995001,T,2202,G,Flow,Compressible,Stagnating,249.0,5.087924940511584,709.0,709.0,40.0,142.8748762960699
50,995001,T,2202,G,Electricity,Normal,Improving,1.0,0.016885490156710148,0.0,0.0,0.0,-1.0
50,995001,T,2202,G,Balanced,TOU,Stagnating,8.0,0.17397622764110565,25.0,25.0,0.0,-1.0
50,995001,T,2202,G,Electricity,TOU,Improving,2.0,0.03547977562993765,0.0,0.0,0.0,-2.0
50,995001,T,2202,G,Flow,Normal,Stagnating,43.0,0.8594962246716022,138.0,138.0,5.0,18.146157467026587
50,995001,T,2202,G,Electricity,Region,Stagnating,91.0,1.9667323771864176,210.0,210.0,1.0,-13.611341810683076
50,995001,T,2202,G,Balanced,Region,Improving,29.0,0.549075061455369,71.0,71.0,1.0,2.0
50,995001,T,2202,G,Balanced,TOU,Improving,7.0,0.14911637920886278,26.0,26.0,0.0,-1.0
50,995001,T,2202,G,Flow,Demand,Stagnating,44.0,0.932335545308888,127.0,127.0,5.0,13.33420673762085
50,995001,T,2202,G,Balanced,Region,Stagnating,85.0,1.8469887990504503,276.0,276.0,7.0,14.867479530787524
50,995001,T,2202,G,Balanced,Normal,Improving,1.0,0.026977277360856533,0.0,0.0,0.0,-1.0
50,995002,H,1101,LEGACY,Electricity,Compressible,Improving,42.0,0.6378490049391985,101.0,101.0,10.0,82.0
50,995002,H,1101,LEGACY,Electricity,Resource,Improving,1.0,0.015771581791341305,5.0,5.0,1.0,10.0
50,995002,H,1101,LEGACY,Flow,Compressible,Improving,77.0,1.1715880557894707,156.0,156.0,6.0,21.653621311951014
50,995002,H,1101,LEGACY,Balanced,Compressible,Improving,17.0,0.2638121359050274,21.0,21.0,0.0,-12.0
50,995002,H,1101,LEGACY,Balanced,TOU,Improving,87.0,1.481161093339324,184.0,184.0,10.0,27.82129615483555
50,995002,H,1101,LEGACY,Balanced,Demand,Stagnating,6.0,0.07966780290007591,12.0,12.0,3.0,13.385902697737606
50,995002,H,1101,LEGACY,Flow,TOU,Improving,48.0,0.7848388832062483,80.0,80.0,1.0,-14.0
50,995002,H,1101,LEGACY,Electricity,TOU,Improving,51.0,0.9106922252103686,55.0,55.0,2.0,-17.0
50,995002,H,1101,LEGACY,Balanced,TOU,Stagnating,81.0,1.4533575642853975,54.0,54.0,1.0,-54.643380600271314
50,995002,H,1101,LEGACY,Flow,Compressible,Stagnating,19.0,0.2932642223313451,47.0,47.0,1.0,0.579551166212509
50,995002,H,1101,LEGACY,Electricity,TOU,Stagnating,79.0,1.419602726586163,31.0,31.0,2.0,-47.0
50,995002,H,1101,LEGACY,Electricity,Compressible,Stagnating,8.0,0.14507489651441574,0.0,0.0,0.0,-8.0
50,995002,H,1101,LEGACY,Balanced,Compressible,Stagnating,16.0,0.2652257336303592,5.0,5.0,1.0,-3.4194705776889602
50,995002,H,1101,LEGACY,Flow,TOU,Stagnating,83.0,1.4442447666078806,106.0,106.0,0.0,-44.0
50,995002,H,1101,REFERENCE,Electricity,Compressible,Improving,25.0,0.4486366556957364,93.0,93.0,14.0,130.12989180179568
50,995002,H,1101,REFERENCE,Balanced,Compressible,Improving,30.0,0.5753009459003806,81.0,81.0,8.0,62.055997673716035
50,995002,H,1101,REFERENCE,Balanced,Demand,Improving,1.0,0.016912337392568588,6.0,6.0,0.0,0.0
50,995002,H,1101,REFERENCE,Electricity,Resource,Improving,10.0,0.18443602323532104,24.0,24.0,4.0,28.313170001930065
50,995002,H,1101,REFERENCE,Electricity,Normal,Improving,2.0,0.04689054563641548,4.0,4.0,0.0,-1.0
50,995002,H,1101,REFERENCE,Flow,Compressible,Improving,38.0,0.6929151490330696,61.0,61.0,6.0,15.726778521362103
50,995002,H,1101,REFERENCE,Electricity,TOU,Improving,65.0,1.3643256332725286,105.0,105.0,12.0,83.91278256998083
50,995002,H,1101,REFERENCE,Balanced,TOU,Stagnating,96.0,2.176843363791704,110.0,110.0,6.0,-13.09617960798694
50,995002,H,1101,REFERENCE,Electricity,Resource,Stagnating,20.0,0.5040585044771433,48.0,48.0,10.0,94.0
50,995002,H,1101,REFERENCE,Flow,Compressible,Stagnating,9.0,0.17784736678004265,13.0,13.0,0.0,-3.0
50,995002,H,1101,REFERENCE,Balanced,TOU,Improving,78.0,1.7332467045634985,53.0,53.0,0.0,-56.0
50,995002,H,1101,REFERENCE,Balanced,Normal,Stagnating,2.0,0.04739162977784872,5.0,5.0,0.0,0.0
50,995002,H,1101,REFERENCE,Electricity,TOU,Stagnating,59.0,1.403820882551372,70.0,70.0,10.0,58.304557967029496
50,995002,H,1101,REFERENCE,Electricity,Demand,Improving,1.0,0.026007945649325848,5.0,5.0,0.0,0.0
50,995002,H,1101,REFERENCE,Flow,TOU,Stagnating,100.0,1.8538392428308725,235.0,235.0,6.0,11.90563964583027
50,995002,H,1101,REFERENCE,Flow,TOU,Improving,52.0,1.0932434564456344,123.0,123.0,1.0,-10.271661553866448
50,995002,H,1101,REFERENCE,Balanced,Normal,Improving,1.0,0.026857799850404263,0.0,0.0,0.0,-1.0
50,995002,H,1101,REFERENCE,Electricity,Normal,Stagnating,2.0,0.04714272264391184,0.0,0.0,0.0,-2.0
50,995002,H,1101,G,Electricity,Compressible,Improving,25.0,0.44734611734747887,93.0,93.0,14.0,130.12989180179568
50,995002,H,1101,G,Balanced,Compressible,Improving,30.0,0.600543636828661,81.0,81.0,8.0,62.055997673716035
50,995002,H,1101,G,Balanced,Demand,Improving,1.0,0.022456267848610878,6.0,6.0,0.0,0.0
50,995002,H,1101,G,Electricity,Resource,Improving,10.0,0.19909076113253832,24.0,24.0,4.0,28.313170001930065
50,995002,H,1101,G,Electricity,Normal,Improving,2.0,0.049904897809028625,4.0,4.0,0.0,-1.0
50,995002,H,1101,G,Flow,Compressible,Improving,43.0,0.8087048260495067,80.0,80.0,8.0,20.771441753557305
50,995002,H,1101,G,Electricity,TOU,Improving,78.0,1.5936331851407886,141.0,141.0,15.0,110.70316851612012
50,995002,H,1101,G,Balanced,TOU,Stagnating,94.0,2.0261345328763127,65.0,65.0,4.0,-41.321060730633654
50,995002,H,1101,G,Electricity,Resource,Stagnating,20.0,0.4446776630356908,49.0,49.0,11.0,101.47294506113697
50,995002,H,1101,G,Flow,Compressible,Stagnating,7.0,0.12495718151330948,12.0,12.0,0.0,-2.0
50,995002,H,1101,G,Balanced,TOU,Improving,65.0,1.3031422169879079,19.0,19.0,1.0,-55.24041745050113
50,995002,H,1101,G,Balanced,Normal,Stagnating,2.0,0.0366032999008894,5.0,5.0,0.0,0.0
50,995002,H,1101,G,Electricity,TOU,Stagnating,65.0,1.4492389094084501,96.0,96.0,13.0,65.35614743579357
50,995002,H,1101,G,Electricity,Demand,Improving,1.0,0.021123209036886692,5.0,5.0,0.0,0.0
50,995002,H,1101,G,Flow,TOU,Stagnating,111.0,2.0392152285203338,230.0,230.0,3.0,2.4232805244561195
50,995002,H,1101,G,Flow,TOU,Improving,68.0,1.324571336619556,124.0,124.0,2.0,-5.860100935745726
50,995002,H,1101,G,Electricity,Normal,Stagnating,2.0,0.05091773718595505,0.0,0.0,0.0,-2.0
50,995002,H,1101,W,Electricity,Compressible,Improving,11.0,0.2625180911272764,42.0,42.0,2.0,20.0
50,995002,H,1101,W,Electricity,Resource,Improving,23.0,0.49053248669952154,109.0,109.0,11.0,106.0
50,995002,H,1101,W,Flow,TOU,Improving,85.0,2.0775472447276115,175.0,175.0,7.0,11.769563683591233
50,995002,H,1101,W,Flow,Compressible,Improving,36.0,0.7577285598963499,142.0,142.0,9.0,66.673658270809
50,995002,H,1101,W,Balanced,Compressible,Improving,4.0,0.07649262808263302,18.0,18.0,1.0,9.361001848233991
50,995002,H,1101,W,Electricity,TOU,Improving,91.0,2.322591023519635,95.0,95.0,6.0,19.723272500146024
50,995002,H,1101,W,Flow,Compressible,Stagnating,5.0,0.10566290281713009,15.0,15.0,0.0,-1.0
50,995002,H,1101,W,Balanced,Compressible,Stagnating,1.0,0.01794927939772606,6.0,6.0,0.0,0.0
50,995002,H,1101,W,Balanced,TOU,Stagnating,118.0,3.4024535873904824,163.0,163.0,9.0,28.388741538367555
50,995002,H,1101,W,Balanced,TOU,Improving,149.0,4.050620751455426,190.0,190.0,10.0,6.362593223394054
50,995002,H,1101,W,Electricity,TOU,Stagnating,42.0,1.072277368977666,30.0,30.0,3.0,6.0
50,995002,H,1101,W,Flow,TOU,Stagnating,57.0,1.557579880580306,116.0,116.0,0.0,-21.0
50,995002,H,1101,GW,Electricity,Compressible,Improving,11.0,0.24085492081940174,42.0,42.0,2.0,20.0
50,995002,H,1101,GW,Electricity,Resource,Improving,23.0,0.458353309892118,109.0,109.0,11.0,106.0
50,995002,H,1101,GW,Flow,TOU,Improving,123.0,3.141548676416278,285.0,285.0,12.0,35.76034678780714
50,995002,H,1101,GW,Flow,Compressible,Improving,38.0,0.7709165792912245,148.0,148.0,9.0,65.673658270809
50,995002,H,1101,GW,Balanced,Compressible,Improving,4.0,0.08184604160487652,18.0,18.0,1.0,9.361001848233991
50,995002,H,1101,GW,Electricity,TOU,Improving,50.0,1.2134768152609468,80.0,80.0,1.0,-16.513306418346218
50,995002,H,1101,GW,Flow,Compressible,Stagnating,4.0,0.07425249833613634,15.0,15.0,0.0,0.0
50,995002,H,1101,GW,Balanced,Compressible,Stagnating,1.0,0.023917018435895443,6.0,6.0,0.0,0.0
50,995002,H,1101,GW,Balanced,TOU,Stagnating,63.0,1.6953504979610443,86.0,86.0,0.0,-23.0
50,995002,H,1101,GW,Balanced,TOU,Improving,148.0,3.9254234051331878,199.0,199.0,8.0,7.8644374133299575
50,995002,H,1101,GW,Electricity,TOU,Stagnating,44.0,1.124704672023654,61.0,61.0,2.0,4.0
50,995002,H,1101,GW,Flow,TOU,Stagnating,103.0,2.624581379815936,201.0,201.0,8.0,18.716791980858453
50,995002,H,1101,GW,Electricity,Normal,Stagnating,2.0,0.05363721866160631,2.0,2.0,0.0,-1.0
50,995002,H,2202,G,Balanced,Compressible,Improving,83.0,1.295654198154807,238.0,238.0,12.0,63.991238520426364
50,995002,H,2202,G,Flow,Compressible,Improving,66.0,0.9210888650268316,200.0,200.0,6.0,12.883095340342573
50,995002,H,2202,G,Electricity,Resource,Improving,2.0,0.03126512095332146,4.0,4.0,0.0,-1.0
50,995002,H,2202,G,Balanced,Demand,Improving,9.0,0.12593516614288092,49.0,49.0,3.0,24.446508601045892
50,995002,H,2202,G,Electricity,TOU,Improving,70.0,1.0316094057634473,93.0,93.0,9.0,21.74746068556496
50,995002,H,2202,G,Balanced,Compressible,Stagnating,8.0,0.12152872327715158,20.0,20.0,0.0,-3.0
50,995002,H,2202,G,Balanced,TOU,Improving,74.0,0.9260573508217931,41.0,41.0,1.0,-59.62905094477267
50,995002,H,2202,G,Flow,TOU,Improving,44.0,0.6296955030411482,87.0,87.0,2.0,-8.514109746380516
50,995002,H,2202,G,Flow,Compressible,Stagnating,32.0,0.4567132433876395,83.0,83.0,1.0,-7.245019821715912
50,995002,H,2202,G,Electricity,TOU,Stagnating,46.0,0.6817736010998487,22.0,22.0,1.0,-25.0
50,995002,H,2202,G,Balanced,TOU,Stagnating,117.0,1.5772081343457103,53.0,53.0,4.0,-65.56777723156556
50,995002,H,2202,G,Flow,TOU,Stagnating,85.0,1.2696052519604564,152.0,152.0,3.0,-28.433546146436647
50,995002,H,2202,W,Balanced,Compressible,Improving,63.0,1.173110312782228,286.0,286.0,19.0,137.11191774733337
50,995002,H,2202,W,Flow,Compressible,Improving,38.0,0.920373416505754,118.0,118.0,3.0,4.246976786510598
50,995002,H,2202,W,Electricity,Resource,Improving,23.0,0.4033305272459984,90.0,90.0,8.0,69.59901151678181
50,995002,H,2202,W,Balanced,Demand,Improving,1.0,0.015958571806550026,6.0,6.0,0.0,0.0
50,995002,H,2202,W,Balanced,TOU,Improving,191.0,4.548916262574494,528.0,528.0,18.0,39.844413648119286
50,995002,H,2202,W,Electricity,TOU,Improving,111.0,2.684925868175924,265.0,265.0,15.0,72.2898425886938
50,995002,H,2202,W,Flow,Compressible,Stagnating,20.0,0.5078314580023289,48.0,48.0,0.0,-11.0
50,995002,H,2202,W,Balanced,TOU,Stagnating,103.0,2.5239055985584855,236.0,236.0,9.0,15.821239208183599
50,995002,H,2202,W,Flow,TOU,Improving,43.0,0.8981406427919865,111.0,111.0,2.0,-6.800801829929771
50,995002,H,2202,W,Electricity,TOU,Stagnating,63.0,1.6882499800994992,139.0,139.0,7.0,29.725611348636505
50,995002,H,2202,W,Electricity,Compressible,Stagnating,1.0,0.024616075679659843,0.0,0.0,0.0,-1.0
50,995002,H,2202,W,Balanced,Compressible,Stagnating,1.0,0.01801234856247902,2.0,2.0,0.0,0.0
50,995002,H,2202,W,Flow,TOU,Stagnating,78.0,1.6739506302401423,141.0,141.0,3.0,-15.247718219767943
50,995002,H,2202,W,Flow,Normal,Improving,1.0,0.024148982018232346,0.0,0.0,0.0,-1.0
50,995002,H,2202,GW,Balanced,Compressible,Improving,63.0,1.1529981838539243,286.0,286.0,19.0,137.11191774733337
50,995002,H,2202,GW,Flow,Compressible,Improving,39.0,0.971201928332448,122.0,122.0,3.0,4.246976786510598
50,995002,H,2202,GW,Electricity,Resource,Improving,23.0,0.40101844165474176,90.0,90.0,8.0,69.59901151678181
50,995002,H,2202,GW,Balanced,Demand,Improving,1.0,0.020565778017044067,6.0,6.0,0.0,0.0
50,995002,H,2202,GW,Balanced,TOU,Improving,171.0,3.928090538829565,509.0,509.0,16.0,42.154623218337704
50,995002,H,2202,GW,Electricity,TOU,Improving,113.0,2.5812444053590298,295.0,295.0,16.0,77.57049350205504
50,995002,H,2202,GW,Flow,Compressible,Stagnating,21.0,0.5551595678552985,44.0,44.0,0.0,-12.0
50,995002,H,2202,GW,Balanced,TOU,Stagnating,103.0,2.430561142973602,223.0,223.0,10.0,18.565737814766962
50,995002,H,2202,GW,Flow,TOU,Improving,63.0,1.4442922119051218,145.0,145.0,3.0,-15.311104007167184
50,995002,H,2202,GW,Electricity,TOU,Stagnating,63.0,1.670990495942533,119.0,119.0,6.0,20.562206136826614
50,995002,H,2202,GW,Electricity,Compressible,Stagnating,1.0,0.024858258664608,0.0,0.0,0.0,-1.0
50,995002,H,2202,GW,Balanced,Compressible,Stagnating,1.0,0.018302186392247677,2.0,2.0,0.0,0.0
50,995002,H,2202,GW,Flow,TOU,Stagnating,70.0,1.6341658858582377,176.0,176.0,2.0,-8.656988036776465
50,995002,H,2202,LEGACY,Balanced,Compressible,Improving,48.0,0.7589958682656288,150.0,150.0,15.0,102.41436247682853
50,995002,H,2202,LEGACY,Flow,Compressible,Improving,23.0,0.4722784152254462,57.0,57.0,1.0,-8.765663909764061
50,995002,H,2202,LEGACY,Electricity,Resource,Improving,23.0,0.37583472579717636,39.0,39.0,4.0,31.0
50,995002,H,2202,LEGACY,Electricity,TOU,Improving,88.0,1.7980629997327924,160.0,160.0,15.0,80.51579317140857
50,995002,H,2202,LEGACY,Flow,Demand,Improving,1.0,0.016148637048900127,2.0,2.0,0.0,0.0
50,995002,H,2202,LEGACY,Flow,TOU,Improving,44.0,0.87064403668046,47.0,47.0,2.0,-19.121911948014905
50,995002,H,2202,LEGACY,Flow,TOU,Stagnating,55.0,1.0420195832848549,32.0,32.0,2.0,-35.40467007778359
50,995002,H,2202,LEGACY,Flow,Compressible,Stagnating,12.0,0.2358050225302577,46.0,46.0,0.0,-3.0
50,995002,H,2202,LEGACY,Balanced,TOU,Improving,97.0,1.8893446549773216,101.0,101.0,3.0,-51.93053523802995
50,995002,H,2202,LEGACY,Electricity,TOU,Stagnating,137.0,2.708265190012753,219.0,219.0,28.0,191.82885986244486
50,995002,H,2202,LEGACY,Balanced,TOU,Stagnating,83.0,1.4778029769659042,46.0,46.0,5.0,-27.82168218619673
50,995002,H,2202,LEGACY,Electricity,Compressible,Stagnating,6.0,0.08974975161254406,7.0,7.0,2.0,16.0
50,995002,H,2202,LEGACY,Electricity,Normal,Stagnating,2.0,0.03387920092791319,3.0,3.0,0.0,-1.0
50,995002,H,2202,LEGACY,Balanced,Compressible,Stagnating,1.0,0.024049674160778522,0.0,0.0,0.0,-1.0
50,995002,H,2202,LEGACY,Electricity,Resource,Stagnating,2.0,0.030188175849616528,2.0,2.0,0.0,-1.0
50,995002,H,2202,REFERENCE,Balanced,Compressible,Improving,57.0,1.1650805501267314,165.0,165.0,7.0,45.6630303113261
50,995002,H,2202,REFERENCE,Flow,Compressible,Improving,24.0,0.4378068298101425,63.0,63.0,1.0,-2.074823706695728
50,995002,H,2202,REFERENCE,Electricity,Resource,Improving,3.0,0.053217070177197456,4.0,4.0,0.0,-2.0
50,995002,H,2202,REFERENCE,Balanced,Demand,Improving,9.0,0.14432864636182785,49.0,49.0,3.0,24.446508601045892
50,995002,H,2202,REFERENCE,Electricity,TOU,Improving,48.0,1.1512212036177516,88.0,88.0,6.0,25.410807437565403
50,995002,H,2202,REFERENCE,Balanced,Compressible,Stagnating,6.0,0.14668724313378334,13.0,13.0,0.0,-2.0
50,995002,H,2202,REFERENCE,Balanced,TOU,Improving,81.0,1.9502634070813656,35.0,35.0,4.0,-35.23035181824455
50,995002,H,2202,REFERENCE,Flow,Compressible,Stagnating,10.0,0.21014648862183094,17.0,17.0,0.0,-3.0
50,995002,H,2202,REFERENCE,Flow,TOU,Improving,158.0,3.275553327985108,516.0,516.0,26.0,143.55574179578508
50,995002,H,2202,REFERENCE,Electricity,TOU,Stagnating,25.0,0.530316973105073,15.0,15.0,0.0,-21.0
50,995002,H,2202,REFERENCE,Flow,TOU,Stagnating,147.0,2.9049918530508876,519.0,519.0,14.0,83.66038027084294
50,995002,H,2202,REFERENCE,Balanced,TOU,Stagnating,89.0,2.0455563412979245,47.0,47.0,0.0,-72.0
50,995002,T,1101,REFERENCE,Flow,Compressible,Improving,3.0,0.04912072233855724,9.0,9.0,0.0,0.0
50,995002,T,1101,REFERENCE,Electricity,Resource,Improving,33.0,0.4737723944708705,89.0,89.0,10.0,82.49413513550289
50,995002,T,1101,REFERENCE,Balanced,Compressible,Improving,6.0,0.09654774609953165,8.0,8.0,0.0,-3.0
50,995002,T,1101,REFERENCE,Balanced,Demand,Improving,1.0,0.010186970233917236,6.0,6.0,1.0,2.0489744490499104
50,995002,T,1101,REFERENCE,Flow,Normal,Improving,57.0,0.7970070727169514,93.0,93.0,4.0,-0.2216474187705444
50,995002,T,1101,REFERENCE,Balanced,Normal,Improving,105.0,1.5142462644726038,90.0,90.0,4.0,-53.40250523753034
50,995002,T,1101,REFERENCE,Flow,Demand,Improving,1.0,0.02392708510160446,4.0,4.0,0.0,0.0
50,995002,T,1101,REFERENCE,Balanced,Resource,Stagnating,3.0,0.037628245539963245,8.0,8.0,1.0,8.63838000276761
50,995002,T,1101,REFERENCE,Electricity,Resource,Stagnating,15.0,0.21792943309992552,45.0,45.0,4.0,36.0
50,995002,T,1101,REFERENCE,Electricity,Region,Improving,6.0,0.10587429255247116,7.0,7.0,0.0,-3.0
50,995002,T,1101,REFERENCE,Balanced,Region,Improving,16.0,0.2781326314434409,43.0,43.0,0.0,-3.0
50,995002,T,1101,REFERENCE,Flow,Normal,Stagnating,67.0,0.8729723086580634,79.0,79.0,1.0,-41.10289344993791
50,995002,T,1101,REFERENCE,Electricity,Normal,Improving,23.0,0.31552840024232864,31.0,31.0,2.0,1.1039364429928415
50,995002,T,1101,REFERENCE,Electricity,Region,Stagnating,16.0,0.28560924157500267,10.0,10.0,0.0,-12.0
50,995002,T,1101,REFERENCE,Balanced,Normal,Stagnating,67.0,1.0075709326192737,44.0,44.0,0.0,-47.0
50,995002,T,1101,REFERENCE,Electricity,Normal,Stagnating,28.0,0.4357941094785929,37.0,37.0,3.0,8.382619277188795
50,995002,T,1101,REFERENCE,Balanced,Region,Stagnating,11.0,0.17311353608965874,33.0,33.0,1.0,2.076241337594456
50,995002,T,1101,REFERENCE,Flow,Region,Stagnating,21.0,0.319704613648355,26.0,26.0,0.0,-10.0
50,995002,T,1101,REFERENCE,Flow,Region,Improving,2.0,0.03185071237385273,0.0,0.0,0.0,-2.0
50,995002,T,1101,G,Flow,Compressible,Improving,2.0,0.048837654292583466,7.0,7.0,0.0,0.0
50,995002,T,1101,G,Electricity,Resource,Improving,54.0,1.0322390533983707,121.0,121.0,21.0,163.5928057733655
50,995002,T,1101,G,Balanced,Compressible,Improving,5.0,0.09654211439192295,8.0,8.0,0.0,-2.0
50,995002,T,1101,G,Balanced,Demand,Improving,1.0,0.016009467653930187,6.0,6.0,1.0,2.0489744490499104
50,995002,T,1101,G,Flow,Normal,Improving,42.0,0.803936280310154,48.0,48.0,3.0,-4.610848539251684
50,995002,T,1101,G,Balanced,Normal,Improving,2.0,0.029838303104043007,0.0,0.0,0.0,-2.0
50,995002,T,1101,G,Flow,Demand,Improving,1.0,0.022420385852456093,2.0,2.0,0.0,0.0
50,995002,T,1101,G,Electricity,Compressible,Improving,2.0,0.045791168697178364,12.0,12.0,1.0,10.0
50,995002,T,1101,G,Balanced,TOU,Improving,1.0,0.021120590157806873,5.0,5.0,1.0,10.0
50,995002,T,1101,G,Electricity,Resource,Stagnating,10.0,0.14904467947781086,20.0,20.0,1.0,5.0
50,995002,T,1101,G,Balanced,Region,Stagnating,96.0,1.8085434883832932,176.0,176.0,6.0,6.140934169269348
50,995002,T,1101,G,Flow,Normal,Stagnating,37.0,0.6051345244050026,30.0,30.0,1.0,-22.244736927616273
50,995002,T,1101,G,Balanced,Region,Improving,115.0,2.1312834238633513,211.0,211.0,9.0,17.297559961032537
50,995002,T,1101,G,Electricity,Region,Improving,15.0,0.3008300894871354,7.0,7.0,0.0,-13.0
50,995002,T,1101,G,Electricity,Region,Stagnating,63.0,1.233810062520206,35.0,35.0,0.0,-46.0
50,995002,T,1101,G,Flow,Region,Stagnating,72.0,1.334587436169386,158.0,158.0,3.0,-5.960704049213659
50,995002,T,1101,G,Flow,Region,Improving,40.0,0.853122959844768,82.0,82.0,4.0,18.259256678837154
50,995002,T,1101,W,Flow,Compressible,Improving,2.0,0.041840894147753716,10.0,10.0,0.0,0.0
50,995002,T,1101,W,Electricity,Resource,Improving,68.0,1.5268239844590425,298.0,298.0,29.0,248.53115071629207
50,995002,T,1101,W,Balanced,Compressible,Improving,5.0,0.09765118360519409,14.0,14.0,0.0,-1.0
50,995002,T,1101,W,Balanced,Demand,Improving,1.0,0.011919055134057999,6.0,6.0,1.0,2.0489744490499104
50,995002,T,1101,W,Flow,Normal,Improving,55.0,1.2790711065754294,109.0,109.0,4.0,1.7077147222878146
50,995002,T,1101,W,Flow,Normal,Stagnating,56.0,1.407359360717237,50.0,50.0,4.0,-18.057929105292345
50,995002,T,1101,W,Balanced,Compressible,Stagnating,2.0,0.041650038212537766,8.0,8.0,1.0,4.158840061281241
50,995002,T,1101,W,Balanced,Normal,Improving,50.0,0.9704365488141775,141.0,141.0,16.0,122.31791344457976
50,995002,T,1101,W,Balanced,Normal,Stagnating,25.0,0.5252391258254647,38.0,38.0,7.0,34.157145706824096
50,995002,T,1101,W,Balanced,Resource,Improving,1.0,0.023980815894901752,6.0,6.0,0.0,0.0
50,995002,T,1101,W,Electricity,Region,Improving,71.0,1.765201193280518,152.0,152.0,13.0,78.82004446171614
50,995002,T,1101,W,Balanced,Region,Stagnating,112.0,2.5647536059841514,185.0,185.0,5.0,-23.981499701729412
50,995002,T,1101,W,Electricity,Region,Stagnating,83.0,2.1843667747452855,112.0,112.0,15.0,96.49409147006756
50,995002,T,1101,W,Balanced,Region,Improving,113.0,2.740570646710694,159.0,159.0,12.0,11.385637250526035
50,995002,T,1101,GW,Flow,Compressible,Improving,2.0,0.0495325680822134,10.0,10.0,0.0,0.0
50,995002,T,1101,GW,Electricity,Resource,Improving,79.0,1.8925805129110813,328.0,328.0,33.0,284.5311507162921
50,995002,T,1101,GW,Balanced,Compressible,Improving,5.0,0.09435239620506763,14.0,14.0,0.0,-1.0
50,995002,T,1101,GW,Balanced,Demand,Improving,1.0,0.01761330384761095,6.0,6.0,1.0,2.0489744490499104
50,995002,T,1101,GW,Flow,Normal,Improving,103.0,2.7197128543630242,241.0,241.0,11.0,52.85704140333255
50,995002,T,1101,GW,Flow,Normal,Stagnating,109.0,2.7183593651279807,268.0,268.0,5.0,0.5177810176942734
50,995002,T,1101,GW,Balanced,Compressible,Stagnating,2.0,0.052638208493590355,8.0,8.0,1.0,4.158840061281241
50,995002,T,1101,GW,Balanced,Normal,Improving,37.0,0.8689625328406692,121.0,121.0,12.0,104.20916183607893
50,995002,T,1101,GW,Balanced,Normal,Stagnating,6.0,0.14853043761104345,24.0,24.0,5.0,28.35106157766945
50,995002,T,1101,GW,Balanced,Resource,Improving,1.0,0.019975513219833374,6.0,6.0,0.0,0.0
50,995002,T,1101,GW,Electricity,Region,Improving,56.0,1.2750181248411536,124.0,124.0,11.0,69.2154232258686
50,995002,T,1101,GW,Balanced,Region,Stagnating,77.0,1.7035455126315355,87.0,87.0,5.0,-32.9153772287594
50,995002,T,1101,GW,Electricity,Region,Stagnating,41.0,0.8494965368881822,64.0,64.0,7.0,31.090772813152597
50,995002,T,1101,GW,Balanced,Region,Improving,116.0,2.5243312176316977,177.0,177.0,6.0,-30.41995000203441
50,995002,T,1101,GW,Flow,Region,Stagnating,5.0,0.11940092779695988,4.0,4.0,1.0,-2.560775346385623
50,995002,T,1101,GW,Flow,Demand,Improving,3.0,0.06668621674180031,12.0,12.0,0.0,0.0
50,995002,T,1101,GW,Flow,Region,Improving,1.0,0.006593146361410618,0.0,0.0,0.0,-1.0
50,995002,T,1101,GW,Electricity,Resource,Stagnating,10.0,0.24112233240157366,15.0,15.0,2.0,14.0
50,995002,T,1101,GW,Flow,Demand,Stagnating,6.0,0.1734956232830882,14.0,14.0,0.0,-2.0
50,995002,T,1101,LEGACY,Flow,Compressible,Improving,3.0,0.06417456641793251,13.0,13.0,1.0,4.433312584926115
50,995002,T,1101,LEGACY,Electricity,Resource,Improving,8.0,0.10052505228668451,11.0,11.0,1.0,5.0
50,995002,T,1101,LEGACY,Balanced,Compressible,Improving,7.0,0.137538549490273,11.0,11.0,2.0,13.407067287461896
50,995002,T,1101,LEGACY,Balanced,Demand,Improving,2.0,0.03682358283549547,12.0,12.0,1.0,8.170913508778204
50,995002,T,1101,LEGACY,Electricity,Compressible,Improving,3.0,0.06756892148405313,2.0,2.0,1.0,8.0
50,995002,T,1101,LEGACY,Flow,Normal,Improving,49.0,1.0169634567573667,70.0,70.0,2.0,-9.043046932800586
50,995002,T,1101,LEGACY,Flow,Compressible,Stagnating,1.0,0.020335801877081394,3.0,3.0,0.0,0.0
50,995002,T,1101,LEGACY,Balanced,Normal,Improving,28.0,0.6585141196846962,20.0,20.0,2.0,-9.971477314011558
50,995002,T,1101,LEGACY,Balanced,Normal,Stagnating,13.0,0.25945908669382334,13.0,13.0,0.0,-6.0
50,995002,T,1101,LEGACY,Balanced,Compressible,Stagnating,7.0,0.15956912655383348,18.0,18.0,2.0,10.994377694160258
50,995002,T,1101,LEGACY,Flow,Normal,Stagnating,48.0,0.9528657691553235,126.0,126.0,3.0,-2.958992190829771
50,995002,T,1101,LEGACY,Electricity,TOU,Stagnating,2.0,0.04487277287989855,3.0,3.0,2.0,20.0
50,995002,T,1101,LEGACY,Electricity,Normal,Stagnating,1.0,0.031476291827857494,0.0,0.0,0.0,-1.0
50,995002,T,1101,LEGACY,Balanced,Resource,Improving,4.0,0.06797142047435045,4.0,4.0,1.0,-0.7638678614633891
50,995002,T,1101,LEGACY,Balanced,Resource,Stagnating,2.0,0.04772448167204857,0.0,0.0,0.0,-2.0
50,995002,T,1101,LEGACY,Balanced,Region,Improving,30.0,0.7662907410413027,9.0,9.0,0.0,-24.0
50,995002,T,1101,LEGACY,Electricity,Resource,Stagnating,3.0,0.07469332404434681,3.0,3.0,0.0,-1.0
50,995002,T,1101,LEGACY,Electricity,Region,Improving,37.0,0.8363608187064528,6.0,6.0,0.0,-34.0
50,995002,T,1101,LEGACY,Electricity,Region,Stagnating,38.0,0.8200534898787737,13.0,13.0,2.0,-21.125243323461753
50,995002,T,1101,LEGACY,Balanced,Region,Stagnating,58.0,1.4301559207960963,29.0,29.0,1.0,-41.522367780211184
50,995002,T,1101,LEGACY,Flow,Region,Improving,21.0,0.4896800434216857,44.0,44.0,1.0,-1.0327257273189057
50,995002,T,1101,LEGACY,Flow,Region,Stagnating,59.0,1.3774506766349077,114.0,114.0,6.0,31.976606550205318
50,995002,T,2202,W,Balanced,Compressible,Improving,50.0,0.8285951483994722,218.0,218.0,18.0,148.95426817276737
50,995002,T,2202,W,Flow,Compressible,Improving,34.0,0.542814620770514,127.0,127.0,5.0,34.42459701141674
50,995002,T,2202,W,Electricity,Resource,Improving,67.0,1.1923809871077538,257.0,257.0,13.0,75.2365289546193
50,995002,T,2202,W,Balanced,Resource,Improving,27.0,0.4779467983171344,113.0,113.0,5.0,48.23448760389309
50,995002,T,2202,W,Balanced,Demand,Improving,6.0,0.08100798539817333,36.0,36.0,2.0,15.466062023054985
50,995002,T,2202,W,Balanced,TOU,Improving,9.0,0.15408128034323454,13.0,13.0,1.0,4.0
50,995002,T,2202,W,Balanced,Normal,Stagnating,39.0,0.7314320523291826,93.0,93.0,13.0,84.02372092754874
50,995002,T,2202,W,Flow,Compressible,Stagnating,16.0,0.2604666631668806,72.0,72.0,4.0,19.965303360329578
50,995002,T,2202,W,Flow,Normal,Improving,24.0,0.4562467494979501,42.0,42.0,3.0,8.030992925831853
50,995002,T,2202,W,Flow,TOU,Stagnating,117.0,2.269227223470807,213.0,213.0,9.0,1.164353296119275
50,995002,T,2202,W,Flow,TOU,Improving,65.0,1.3512537060305476,78.0,78.0,8.0,21.941513708373023
50,995002,T,2202,W,Electricity,Resource,Stagnating,41.0,0.6824280023574829,162.0,162.0,13.0,102.16271979066931
50,995002,T,2202,W,Balanced,Resource,Stagnating,12.0,0.24001681990921497,55.0,55.0,4.0,29.713823308568074
50,995002,T,2202,W,Balanced,Normal,Improving,2.0,0.035136155784130096,8.0,8.0,1.0,2.614638313217252
50,995002,T,2202,W,Electricity,Normal,Improving,19.0,0.3555113207548857,36.0,36.0,4.0,26.63005907918705
50,995002,T,2202,W,Flow,Normal,Stagnating,3.0,0.05039732903242111,7.0,7.0,0.0,-1.0
50,995002,T,2202,W,Electricity,TOU,Stagnating,1.0,0.024796005338430405,0.0,0.0,0.0,-1.0
50,995002,T,2202,W,Electricity,Region,Stagnating,86.0,1.6299156285822392,234.0,234.0,7.0,3.9389379043837742
50,995002,T,2202,W,Electricity,Region,Improving,23.0,0.37821921799331903,71.0,71.0,2.0,8.160559505740686
50,995002,T,2202,W,Balanced,TOU,Stagnating,6.0,0.09366153925657272,14.0,14.0,1.0,0.5288880993494689
50,995002,T,2202,W,Balanced,Region,Improving,101.0,1.8828289899975061,272.0,272.0,13.0,66.35338200438557
50,995002,T,2202,W,Balanced,Region,Stagnating,161.0,3.0838288068771362,288.0,288.0,5.0,-55.12277312873112
50,995002,T,2202,GW,Balanced,Compressible,Improving,48.0,0.9960510097444057,201.0,201.0,16.0,128.24870595855535
50,995002,T,2202,GW,Flow,Compressible,Improving,40.0,0.9896812597289681,137.0,137.0,7.0,49.42879020436514
50,995002,T,2202,GW,Electricity,Resource,Improving,54.0,1.165080163627863,199.0,199.0,13.0,105.37911994679241
50,995002,T,2202,GW,Balanced,Resource,Improving,2.0,0.04188650380820036,9.0,9.0,0.0,0.0
50,995002,T,2202,GW,Balanced,Demand,Improving,6.0,0.12148841191083193,36.0,36.0,2.0,15.466062023054985
50,995002,T,2202,GW,Balanced,TOU,Improving,3.0,0.08172750938683748,9.0,9.0,2.0,14.470522451368579
50,995002,T,2202,GW,Balanced,Normal,Stagnating,138.0,3.757826837711036,385.0,385.0,18.0,65.31259097882783
50,995002,T,2202,GW,Flow,Compressible,Stagnating,4.0,0.09400682523846626,22.0,22.0,0.0,0.0
50,995002,T,2202,GW,Flow,Normal,Improving,73.0,2.069324666634202,193.0,193.0,11.0,46.81600028568678
50,995002,T,2202,GW,Flow,TOU,Improving,3.0,0.07758333534002304,3.0,3.0,0.0,-2.0
50,995002,T,2202,GW,Balanced,Normal,Improving,79.0,2.1510915653780103,131.0,131.0,12.0,53.797827119094414
50,995002,T,2202,GW,Balanced,Compressible,Stagnating,10.0,0.27594382502138615,20.0,20.0,2.0,9.040346270919832
50,995002,T,2202,GW,Flow,TOU,Stagnating,1.0,0.014007212594151497,6.0,6.0,0.0,0.0
50,995002,T,2202,GW,Electricity,Resource,Stagnating,38.0,0.9275608630850911,116.0,116.0,8.0,50.724750369074286
50,995002,T,2202,GW,Electricity,Compressible,Stagnating,2.0,0.05340095795691013,2.0,2.0,0.0,-1.0
50,995002,T,2202,GW,Electricity,Compressible,Improving,21.0,0.5239353161305189,44.0,44.0,4.0,23.16698056394684
50,995002,T,2202,GW,Balanced,Resource,Stagnating,1.0,0.02690849080681801,5.0,5.0,0.0,0.0
50,995002,T,2202,GW,Flow,Normal,Stagnating,284.0,7.568913762457669,930.0,930.0,32.0,142.39523769321352
50,995002,T,2202,GW,Electricity,Normal,Stagnating,92.0,2.704559382982552,170.0,170.0,9.0,22.352961588897685
50,995002,T,2202,GW,Electricity,Normal,Improving,31.0,0.9224274922162294,39.0,39.0,2.0,-3.9647352905851307
50,995002,T,2202,LEGACY,Balanced,Compressible,Improving,61.0,1.140458314679563,168.0,168.0,17.0,113.97541850247096
50,995002,T,2202,LEGACY,Flow,Compressible,Improving,23.0,0.475339331664145,36.0,36.0,1.0,-1.0
50,995002,T,2202,LEGACY,Electricity,Resource,Improving,40.0,0.7914670137688518,136.0,136.0,7.0,52.64845193221904
50,995002,T,2202,LEGACY,Balanced,Demand,Improving,1.0,0.022042972967028618,1.0,1.0,1.0,8.470863926123497
50,995002,T,2202,LEGACY,Electricity,Resource,Stagnating,3.0,0.05300062522292137,10.0,10.0,0.0,0.0
50,995002,T,2202,LEGACY,Balanced,Compressible,Stagnating,4.0,0.07424957118928432,9.0,9.0,0.0,-1.0
50,995002,T,2202,LEGACY,Flow,Normal,Improving,65.0,1.3910230305045843,60.0,60.0,4.0,-18.803466639045446
50,995002,T,2202,LEGACY,Electricity,Normal,Improving,33.0,0.6553263952955604,39.0,39.0,2.0,-4.0
50,995002,T,2202,LEGACY,Flow,Compressible,Stagnating,12.0,0.26795272529125214,18.0,18.0,0.0,-6.0
50,995002,T,2202,LEGACY,Balanced,Normal,Stagnating,89.0,1.869475418701768,92.0,92.0,4.0,-43.04876812646165
50,995002,T,2202,LEGACY,Balanced,TOU,Stagnating,4.0,0.09010805562138557,11.0,11.0,2.0,17.68545947932293
50,995002,T,2202,LEGACY,Flow,Normal,Stagnating,74.0,1.534262872301042,78.0,78.0,1.0,-32.0
50,995002,T,2202,LEGACY,Electricity,Normal,Stagnating,29.0,0.602481790818274,17.0,17.0,0.0,-20.0
50,995002,T,2202,LEGACY,Electricity,Compressible,Stagnating,3.0,0.0518535366281867,1.0,1.0,0.0,-2.0
50,995002,T,2202,LEGACY,Electricity,TOU,Improving,8.0,0.1556223090738058,6.0,6.0,0.0,-7.0
50,995002,T,2202,LEGACY,Balanced,Normal,Improving,110.0,2.347811184823513,83.0,83.0,4.0,-46.2641086076714
50,995002,T,2202,LEGACY,Electricity,TOU,Stagnating,2.0,0.05141398683190346,5.0,5.0,0.0,-1.0
50,995002,T,2202,LEGACY,Flow,TOU,Stagnating,1.0,0.019107289612293243,3.0,3.0,0.0,0.0
50,995002,T,2202,REFERENCE,Balanced,Compressible,Improving,84.0,1.5585178602486849,260.0,260.0,21.0,130.23821490694704
50,995002,T,2202,REFERENCE,Flow,Compressible,Improving,30.0,0.5578878689557314,63.0,63.0,1.0,-2.0
50,995002,T,2202,REFERENCE,Electricity,Resource,Improving,60.0,1.0295205814763904,187.0,187.0,35.0,312.80673827908316
50,995002,T,2202,REFERENCE,Balanced,Resource,Improving,1.0,0.015869896858930588,0.0,0.0,0.0,-1.0
50,995002,T,2202,REFERENCE,Electricity,Compressible,Improving,1.0,0.02465223241597414,2.0,2.0,0.0,0.0
50,995002,T,2202,REFERENCE,Electricity,Resource,Stagnating,1.0,0.01897928211838007,3.0,3.0,0.0,0.0
50,995002,T,2202,REFERENCE,Balanced,Normal,Improving,43.0,0.8260482074692845,114.0,114.0,3.0,16.807990296946738
50,995002,T,2202,REFERENCE,Balanced,Normal,Stagnating,102.0,2.1350262062624097,230.0,230.0,5.0,-10.645517797657469
50,995002,T,2202,REFERENCE,Flow,Normal,Stagnating,42.0,0.8750653509050608,85.0,85.0,0.0,-24.0
50,995002,T,2202,REFERENCE,Balanced,Compressible,Stagnating,49.0,1.0206198571249843,96.0,96.0,4.0,1.4504855361815956
50,995002,T,2202,REFERENCE,Flow,Compressible,Stagnating,40.0,0.7631622925400734,96.0,96.0,0.0,-17.0
50,995002,T,2202,REFERENCE,Flow,Normal,Improving,12.0,0.2392306737601757,21.0,21.0,0.0,-6.0
50,995002,T,2202,REFERENCE,Electricity,Normal,Improving,62.0,1.2491106921806931,96.0,96.0,9.0,39.28268977525212
50,995002,T,2202,REFERENCE,Electricity,Normal,Stagnating,91.0,2.089893533848226,94.0,94.0,3.0,-43.87985774703706
50,995002,T,2202,REFERENCE,Electricity,Compressible,Stagnating,13.0,0.2988559640944004,26.0,26.0,2.0,13.0
50,995002,T,2202,REFERENCE,Flow,TOU,Stagnating,1.0,0.018821366131305695,0.0,0.0,0.0,-1.0
50,995002,T,2202,REFERENCE,Balanced,Demand,Stagnating,1.0,0.017197389155626297,5.0,5.0,0.0,0.0
50,995002,T,2202,G,Balanced,Compressible,Improving,52.0,0.9596407553181052,186.0,186.0,15.0,118.14572997180979
50,995002,T,2202,G,Flow,Compressible,Improving,30.0,0.6260866168886423,58.0,58.0,1.0,0.0
50,995002,T,2202,G,Electricity,Resource,Improving,60.0,1.0938400411978364,187.0,187.0,35.0,312.80673827908316
50,995002,T,2202,G,Balanced,Resource,Improving,1.0,0.016191253438591957,0.0,0.0,0.0,-1.0
50,995002,T,2202,G,Electricity,Compressible,Improving,1.0,0.025578944012522697,2.0,2.0,0.0,0.0
50,995002,T,2202,G,Electricity,Resource,Stagnating,1.0,0.026150296442210674,3.0,3.0,0.0,0.0
50,995002,T,2202,G,Balanced,Normal,Improving,86.0,1.75015180837363,143.0,143.0,4.0,-6.192009703053262
50,995002,T,2202,G,Balanced,Normal,Stagnating,78.0,1.5724504543468356,53.0,53.0,1.0,-53.71789944681571
50,995002,T,2202,G,Flow,Normal,Stagnating,75.0,1.4550895420834422,95.0,95.0,5.0,-27.693402005281584
50,995002,T,2202,G,Balanced,Compressible,Stagnating,8.0,0.18368770647794008,16.0,16.0,1.0,5.746610584147522
50,995002,T,2202,G,Flow,Compressible,Stagnating,13.0,0.27950074430555105,18.0,18.0,1.0,-5.289409916317722
50,995002,T,2202,G,Flow,Normal,Improving,18.0,0.3570563802495599,33.0,33.0,0.0,-8.0
50,995002,T,2202,G,Electricity,Normal,Improving,57.0,1.276042920537293,94.0,94.0,9.0,53.73595591217632
50,995002,T,2202,G,Electricity,Normal,Stagnating,34.0,0.7199767092242837,20.0,20.0,2.0,-10.551006789345813
50,995002,T,2202,G,Electricity,Compressible,Stagnating,1.0,0.023727312684059143,5.0,5.0,1.0,10.0
50,995002,T,2202,G,Flow,TOU,Stagnating,1.0,0.021823693066835403,0.0,0.0,0.0,-1.0
50,995002,T,2202,G,Flow,Demand,Improving,1.0,0.023042860440909863,5.0,5.0,0.0,0.0
50,995003,H,1101,GW,Electricity,Resource,Improving,142.0,2.272108541801572,562.0,562.0,40.0,334.99584894964863
50,995003,H,1101,GW,Flow,Demand,Improving,2.0,0.019947906956076622,12.0,12.0,0.0,0.0
50,995003,H,1101,GW,Balanced,Compressible,Improving,1.0,0.013705955818295479,6.0,6.0,0.0,0.0
50,995003,H,1101,GW,Balanced,Demand,Improving,4.0,0.06843747664242983,22.0,22.0,2.0,1.9288232593188694
50,995003,H,1101,GW,Flow,Compressible,Improving,19.0,0.2919719945639372,88.0,88.0,6.0,23.959139032642074
50,995003,H,1101,GW,Flow,TOU,Improving,58.0,0.9902760125696659,253.0,253.0,8.0,33.82773695946353
50,995003,H,1101,GW,Flow,TOU,Stagnating,164.0,3.051594910211861,656.0,656.0,19.0,52.71378804210135
50,995003,H,1101,GW,Electricity,Resource,Stagnating,123.0,2.0654626097530127,347.0,347.0,17.0,102.46550835751917
50,995003,H,1101,GW,Balanced,Resource,Improving,3.0,0.05375239439308643,15.0,15.0,0.0,0.0
50,995003,H,1101,GW,Balanced,Resource,Stagnating,6.0,0.12483718432486057,19.0,19.0,1.0,9.0
50,995003,H,1101,GW,Balanced,TOU,Stagnating,247.0,5.541712907142937,858.0,858.0,21.0,50.91551792787389
50,995003,H,1101,GW,Balanced,TOU,Improving,62.0,1.380581152625382,166.0,166.0,5.0,2.7501910907726987
50,995003,H,1101,GW,Flow,Compressible,Stagnating,1.0,0.013432963751256466,6.0,6.0,0.0,0.0
50,995003,H,1101,GW,Electricity,TOU,Stagnating,41.0,0.618375607766211,93.0,93.0,3.0,1.1339637303512662
50,995003,H,1101,GW,Electricity,TOU,Improving,6.0,0.12056675180792809,12.0,12.0,0.0,-4.0
50,995003,H,1101,LEGACY,Electricity,Resource,Improving,35.0,0.6932654790580273,116.0,116.0,8.0,65.04139374294263
50,995003,H,1101,LEGACY,Flow,Compressible,Improving,3.0,0.05182199086993933,17.0,17.0,0.0,0.0
50,995003,H,1101,LEGACY,Balanced,TOU,Improving,121.0,1.989442190155387,361.0,361.0,16.0,71.38605160276113
50,995003,H,1101,LEGACY,Balanced,Compressible,Improving,3.0,0.0521995984017849,13.0,13.0,0.0,0.0
50,995003,H,1101,LEGACY,Balanced,Resource,Improving,1.0,0.016120766289532185,5.0,5.0,1.0,6.068498474199162
50,995003,H,1101,LEGACY,Flow,TOU,Improving,111.0,2.1845587007701397,362.0,362.0,19.0,92.73766141895932
50,995003,H,1101,LEGACY,Flow,TOU,Stagnating,241.0,4.368458935059607,706.0,706.0,22.0,69.07500000175271
50,995003,H,1101,LEGACY,Balanced,Region,Improving,1.0,0.02155636716634035,6.0,6.0,0.0,0.0
50,995003,H,1101,LEGACY,Electricity,Resource,Stagnating,69.0,0.9503181865438819,117.0,117.0,2.0,-28.819606356378568
50,995003,H,1101,LEGACY,Balanced,Demand,Improving,3.0,0.04985810536891222,10.0,10.0,1.0,2.2777828376293887
50,995003,H,1101,LEGACY,Balanced,Demand,Stagnating,1.0,0.023180373013019562,5.0,5.0,0.0,0.0
50,995003,H,1101,LEGACY,Balanced,TOU,Stagnating,318.0,5.362040450796485,1140.0,1140.0,32.0,105.73188730682136
50,995003,H,1101,LEGACY,Flow,Compressible,Stagnating,1.0,0.017177771776914597,6.0,6.0,0.0,0.0
50,995003,H,1101,LEGACY,Electricity,TOU,Improving,20.0,0.3041600976139307,51.0,51.0,3.0,8.195921768661233
50,995003,H,1101,LEGACY,Electricity,TOU,Stagnating,40.0,0.6116148252040148,77.0,77.0,4.0,4.823301344604988
50,995003,H,1101,LEGACY,Flow,Demand,Stagnating,1.0,0.015998080372810364,6.0,6.0,0.0,0.0
50,995003,H,1101,LEGACY,Electricity,Demand,Stagnating,5.0,0.09119912143796682,17.0,17.0,3.0,6.035528521113155
50,995003,H,1101,REFERENCE,Electricity,Resource,Improving,79.0,1.2728171218186617,234.0,234.0,25.0,191.21340460480477
50,995003,H,1101,REFERENCE,Flow,Compressible,Improving,22.0,0.4643248999491334,124.0,124.0,7.0,42.66366590479949
50,995003,H,1101,REFERENCE,Balanced,Resource,Improving,2.0,0.03357233200222254,6.0,6.0,0.0,0.0
50,995003,H,1101,REFERENCE,Balanced,TOU,Improving,75.0,1.4646492470055819,167.0,167.0,4.0,2.6955477197026916
50,995003,H,1101,REFERENCE,Electricity,TOU,Improving,61.0,1.2712863208726048,100.0,100.0,9.0,46.685179162660766
50,995003,H,1101,REFERENCE,Flow,Compressible,Stagnating,13.0,0.2562697697430849,67.0,67.0,2.0,9.551385569709238
50,995003,H,1101,REFERENCE,Flow,TOU,Improving,51.0,1.0367438234388828,217.0,217.0,4.0,13.522667049399573
50,995003,H,1101,REFERENCE,Flow,TOU,Stagnating,244.0,4.839256000705063,844.0,844.0,29.0,109.61185756523386
50,995003,H,1101,REFERENCE,Electricity,Resource,Stagnating,60.0,1.1893095560371876,141.0,141.0,14.0,91.14486256899997
50,995003,H,1101,REFERENCE,Balanced,TOU,Stagnating,100.0,2.022599957883358,197.0,197.0,5.0,-25.615713628530607
50,995003,H,1101,REFERENCE,Electricity,TOU,Stagnating,55.0,1.1448484491556883,49.0,49.0,0.0,-33.0
50,995003,H,1101,G,Electricity,Resource,Improving,58.0,0.8855811934918165,204.0,204.0,21.0,168.3629443468501
50,995003,H,1101,G,Flow,Compressible,Improving,22.0,0.4825416300445795,124.0,124.0,7.0,42.66366590479949
50,995003,H,1101,G,Balanced,Resource,Improving,2.0,0.03487853519618511,6.0,6.0,0.0,0.0
50,995003,H,1101,G,Balanced,TOU,Improving,99.0,1.7450304832309484,221.0,221.0,7.0,5.025799583607821
50,995003,H,1101,G,Electricity,TOU,Improving,38.0,0.6785532496869564,110.0,110.0,4.0,14.419622124421238
50,995003,H,1101,G,Flow,Compressible,Stagnating,11.0,0.2282366370782256,59.0,59.0,2.0,9.551385569709238
50,995003,H,1101,G,Flow,TOU,Improving,78.0,1.616818350739777,274.0,274.0,9.0,34.9513222179433
50,995003,H,1101,G,Flow,TOU,Stagnating,144.0,2.872259832918644,415.0,415.0,8.0,10.616427118076306
50,995003,H,1101,G,Electricity,Resource,Stagnating,38.0,0.6013131905347109,69.0,69.0,9.0,58.78967807613954
50,995003,H,1101,G,Balanced,TOU,Stagnating,123.0,2.3690577317029238,203.0,203.0,2.0,-48.035829537867336
50,995003,H,1101,G,Electricity,TOU,Stagnating,113.0,2.055642107501626,257.0,257.0,14.0,86.88178360645689
50,995003,H,1101,G,Balanced,Demand,Stagnating,1.0,0.02384606935083866,2.0,2.0,0.0,0.0
50,995003,H,1101,W,Electricity,Resource,Improving,74.0,1.6352755315601826,329.0,329.0,23.0,210.32855636838852
50,995003,H,1101,W,Flow,Demand,Improving,3.0,0.04834187217056751,18.0,18.0,0.0,0.0
50,995003,H,1101,W,Balanced,Compressible,Improving,1.0,0.02044087927788496,6.0,6.0,0.0,0.0
50,995003,H,1101,W,Balanced,Demand,Improving,3.0,0.07902536820620298,9.0,9.0,0.0,0.0
50,995003,H,1101,W,Flow,Compressible,Improving,8.0,0.17450530640780926,36.0,36.0,2.0,9.944403643778537
50,995003,H,1101,W,Flow,TOU,Improving,52.0,1.221643714234233,223.0,223.0,4.0,20.252058265970568
50,995003,H,1101,W,Flow,TOU,Stagnating,130.0,3.0399049762636423,518.0,518.0,8.0,21.298619915495873
50,995003,H,1101,W,Electricity,Resource,Stagnating,6.0,0.1540079526603222,8.0,8.0,2.0,19.0
50,995003,H,1101,W,Balanced,Resource,Improving,1.0,0.021301056258380413,6.0,6.0,1.0,0.16204468903564503
50,995003,H,1101,W,Balanced,TOU,Stagnating,129.0,3.4878322035074234,277.0,277.0,1.0,-31.534996371931612
50,995003,H,1101,W,Electricity,TOU,Improving,43.0,1.1239518923684955,91.0,91.0,0.0,-11.0
50,995003,H,1101,W,Balanced,TOU,Improving,61.0,1.4761948604136705,149.0,149.0,0.0,-11.0
50,995003,H,1101,W,Electricity,TOU,Stagnating,51.0,1.0887928884476423,114.0,114.0,2.0,2.607131045267179
50,995003,H,1101,W,Flow,Demand,Stagnating,2.0,0.036180649884045124,10.0,10.0,0.0,0.0
50,995003,H,2202,REFERENCE,Balanced,Resource,Improving,14.0,0.228189785964787,63.0,63.0,1.0,10.0
50,995003,H,2202,REFERENCE,Flow,Compressible,Improving,8.0,0.10582821536809206,46.0,46.0,3.0,18.88153040557983
50,995003,H,2202,REFERENCE,Electricity,Resource,Improving,77.0,1.1265295697376132,165.0,165.0,26.0,216.72135663550856
50,995003,H,2202,REFERENCE,Balanced,TOU,Improving,120.0,1.9403841001912951,258.0,258.0,16.0,48.41994736743766
50,995003,H,2202,REFERENCE,Balanced,Demand,Improving,4.0,0.05995495896786451,20.0,20.0,2.0,11.095008817311275
50,995003,H,2202,REFERENCE,Electricity,Compressible,Improving,2.0,0.03695453051477671,0.0,0.0,0.0,-2.0
50,995003,H,2202,REFERENCE,Flow,Demand,Stagnating,4.0,0.058468920178711414,19.0,19.0,0.0,0.0
50,995003,H,2202,REFERENCE,Balanced,TOU,Stagnating,153.0,2.579615560360253,255.0,255.0,7.0,-29.613001088139335
50,995003,H,2202,REFERENCE,Flow,TOU,Stagnating,152.0,2.488951686769724,328.0,328.0,6.0,-13.894982658750948
50,995003,H,2202,REFERENCE,Flow,TOU,Improving,95.0,1.5800263434648514,284.0,284.0,10.0,32.92415328748708
50,995003,H,2202,REFERENCE,Electricity,TOU,Stagnating,69.0,1.124072978273034,196.0,196.0,18.0,121.737353613763
50,995003,H,2202,REFERENCE,Electricity,Resource,Stagnating,33.0,0.5204390063881874,54.0,54.0,5.0,28.7394099512169
50,995003,H,2202,REFERENCE,Flow,Demand,Improving,1.0,0.011491375975310802,6.0,6.0,0.0,0.0
50,995003,H,2202,REFERENCE,Electricity,TOU,Improving,34.0,0.5294376080855727,86.0,86.0,2.0,3.9190617525525706
50,995003,H,2202,REFERENCE,Balanced,Compressible,Improving,1.0,0.01649416983127594,6.0,6.0,0.0,0.0
50,995003,H,2202,REFERENCE,Flow,Compressible,Stagnating,1.0,0.015081970021128654,4.0,4.0,0.0,0.0
50,995003,H,2202,G,Balanced,Resource,Improving,14.0,0.2925996631383896,63.0,63.0,1.0,10.0
50,995003,H,2202,G,Flow,Compressible,Improving,3.0,0.057562380097806454,14.0,14.0,2.0,9.605947689320107
50,995003,H,2202,G,Electricity,Resource,Improving,107.0,2.0710212122648954,213.0,213.0,37.0,305.5465534099907
50,995003,H,2202,G,Balanced,TOU,Improving,102.0,2.057332929223776,132.0,132.0,2.0,-33.0
50,995003,H,2202,G,Balanced,Demand,Improving,5.0,0.11348884087055922,23.0,23.0,2.0,11.095008817311275
50,995003,H,2202,G,Electricity,Compressible,Improving,1.0,0.02464302536100149,0.0,0.0,0.0,-1.0
50,995003,H,2202,G,Flow,Demand,Stagnating,3.0,0.06730921752750874,13.0,13.0,0.0,0.0
50,995003,H,2202,G,Balanced,TOU,Stagnating,71.0,1.3702738136053085,64.0,64.0,1.0,-32.0
50,995003,H,2202,G,Flow,TOU,Stagnating,107.0,1.8831337755545974,198.0,198.0,4.0,-14.6443435120215
50,995003,H,2202,G,Flow,TOU,Improving,96.0,1.8642226653173566,223.0,223.0,4.0,1.030120545622509
50,995003,H,2202,G,Electricity,TOU,Stagnating,6.0,0.128199833445251,14.0,14.0,0.0,-1.0
50,995003,H,2202,G,Electricity,Resource,Stagnating,59.0,1.2084090625867248,113.0,113.0,20.0,144.36549324416887
50,995003,H,2202,G,Flow,Demand,Improving,1.0,0.02177496626973152,5.0,5.0,0.0,0.0
50,995003,H,2202,G,Electricity,TOU,Improving,11.0,0.19258695095777512,17.0,17.0,4.0,35.0
50,995003,H,2202,G,Balanced,Compressible,Stagnating,2.0,0.04143639374524355,4.0,4.0,0.0,0.0
50,995003,H,2202,W,Balanced,Resource,Improving,20.0,0.5547653045505285,91.0,91.0,3.0,20.03243921802616
50,995003,H,2202,W,Flow,Compressible,Improving,16.0,0.40808362141251564,84.0,84.0,5.0,35.16084809095203
50,995003,H,2202,W,Electricity,Resource,Improving,141.0,3.4338733116164804,530.0,530.0,42.0,317.7269847967547
50,995003,H,2202,W,Balanced,Compressible,Improving,9.0,0.20131237618625164,43.0,43.0,3.0,25.393275207326
50,995003,H,2202,W,Flow,TOU,Improving,127.0,3.6510319588705897,610.0,610.0,16.0,80.41632793110993
50,995003,H,2202,W,Balanced,TOU,Improving,27.0,0.6649195244535804,101.0,101.0,5.0,23.00444800832623
50,995003,H,2202,W,Flow,TOU,Stagnating,134.0,4.061330622062087,614.0,614.0,11.0,49.43340009298277
50,995003,H,2202,W,Electricity,Resource,Stagnating,183.0,4.981307975016534,587.0,587.0,55.0,466.24265415400856
50,995003,H,2202,W,Balanced,Demand,Improving,2.0,0.041940413415431976,6.0,6.0,0.0,-1.0
50,995003,H,2202,W,Electricity,Region,Stagnating,7.0,0.154428088106215,22.0,22.0,0.0,0.0
50,995003,H,2202,W,Electricity,Region,Improving,14.0,0.3346763802692294,49.0,49.0,0.0,0.0
50,995003,H,2202,W,Balanced,Region,Improving,89.0,2.390394321642816,332.0,332.0,6.0,43.89596802462839
50,995003,H,2202,W,Balanced,TOU,Stagnating,1.0,0.016642164438962936,6.0,6.0,1.0,0.7717165519786531
50,995003,H,2202,W,Balanced,Region,Stagnating,229.0,6.278217162005603,810.0,810.0,10.0,55.89486179527454
50,995003,H,2202,W,Flow,Region,Improving,4.0,0.1143043003976345,14.0,14.0,0.0,0.0
50,995003,H,2202,W,Flow,Region,Stagnating,24.0,0.7000030213966966,94.0,94.0,1.0,4.84833316702596
50,995003,H,2202,W,Balanced,Resource,Stagnating,2.0,0.06668742001056671,2.0,2.0,0.0,0.0
50,995003,H,2202,GW,Balanced,Resource,Improving,15.0,0.3244266863912344,79.0,79.0,3.0,22.03243921802616
50,995003,H,2202,GW,Flow,Compressible,Improving,16.0,0.32242680713534355,84.0,84.0,5.0,35.16084809095203
50,995003,H,2202,GW,Electricity,Resource,Improving,79.0,1.468486818484962,316.0,316.0,27.0,208.28082845314424
50,995003,H,2202,GW,Balanced,Compressible,Improving,9.0,0.16862141620367765,43.0,43.0,3.0,25.393275207326
50,995003,H,2202,GW,Flow,TOU,Improving,101.0,2.806380300782621,396.0,396.0,7.0,32.25535175572874
50,995003,H,2202,GW,Balanced,TOU,Improving,69.0,1.933528103865683,255.0,255.0,9.0,57.41698148894008
50,995003,H,2202,GW,Flow,TOU,Stagnating,115.0,3.1544538540765643,413.0,413.0,4.0,-5.3783681519116175
50,995003,H,2202,GW,Electricity,Resource,Stagnating,46.0,1.002610963769257,157.0,157.0,6.0,43.91544068033614
50,995003,H,2202,GW,Electricity,Region,Improving,68.0,1.4782700836658478,198.0,198.0,7.0,21.070561398597967
50,995003,H,2202,GW,Balanced,Resource,Stagnating,1.0,0.022172664292156696,6.0,6.0,0.0,0.0
50,995003,H,2202,GW,Balanced,TOU,Stagnating,21.0,0.6227118270471692,55.0,55.0,0.0,-7.0
50,995003,H,2202,GW,Electricity,Region,Stagnating,65.0,1.48561736010015,188.0,188.0,4.0,3.1390198587796334
50,995003,H,2202,GW,Balanced,Region,Improving,48.0,0.9857394956052303,162.0,162.0,3.0,10.161946191903699
50,995003,H,2202,GW,Balanced,Demand,Improving,1.0,0.02690405584871769,0.0,0.0,0.0,-1.0
50,995003,H,2202,GW,Balanced,Demand,Stagnating,2.0,0.05258302949368954,5.0,5.0,0.0,-1.0
50,995003,H,2202,GW,Balanced,Region,Stagnating,90.0,1.8541907556355,291.0,291.0,3.0,9.741909788862344
50,995003,H,2202,GW,Flow,Compressible,Stagnating,1.0,0.020673157647252083,6.0,6.0,0.0,0.0
50,995003,H,2202,GW,Flow,Demand,Improving,1.0,0.03870780020952225,3.0,3.0,0.0,0.0
50,995003,H,2202,LEGACY,Balanced,Resource,Improving,42.0,0.8517816793173552,169.0,169.0,8.0,58.649190014638236
50,995003,H,2202,LEGACY,Flow,Compressible,Improving,20.0,0.41771192476153374,89.0,89.0,4.0,25.734808007851246
50,995003,H,2202,LEGACY,Electricity,Resource,Improving,109.0,2.1839300617575645,261.0,261.0,14.0,90.218734725781
50,995003,H,2202,LEGACY,Balanced,Compressible,Improving,1.0,0.018055553548038006,6.0,6.0,1.0,10.0
50,995003,H,2202,LEGACY,Flow,TOU,Improving,202.0,4.137759640812874,706.0,706.0,36.0,235.8504405596376
50,995003,H,2202,LEGACY,Electricity,Resource,Stagnating,80.0,1.7384519129991531,146.0,146.0,4.0,-8.622164731779707
50,995003,H,2202,LEGACY,Flow,TOU,Stagnating,224.0,4.555100199766457,674.0,674.0,28.0,135.81274636746437
50,995003,H,2202,LEGACY,Balanced,Resource,Stagnating,21.0,0.4398053241893649,69.0,69.0,2.0,15.443284837717403
50,995003,H,2202,LEGACY,Flow,Demand,Stagnating,1.0,0.02940294798463583,1.0,1.0,0.0,0.0
50,995003,H,2202,LEGACY,Balanced,TOU,Improving,18.0,0.39257600624114275,32.0,32.0,1.0,-4.6926236574001186
50,995003,H,2202,LEGACY,Balanced,Region,Improving,5.0,0.10670662112534046,9.0,9.0,0.0,-1.0
50,995003,H,2202,LEGACY,Balanced,TOU,Stagnating,36.0,0.8386853914707899,93.0,93.0,4.0,6.911015335740265
50,995003,H,2202,LEGACY,Balanced,Demand,Stagnating,2.0,0.039204894565045834,2.0,2.0,0.0,-1.0
50,995003,H,2202,LEGACY,Balanced,Region,Stagnating,22.0,0.49611165933310986,34.0,34.0,2.0,2.400115687158305
50,995003,H,2202,LEGACY,Flow,Compressible,Stagnating,1.0,0.017021161504089832,6.0,6.0,0.0,0.0
50,995003,H,2202,LEGACY,Electricity,Region,Stagnating,6.0,0.11291864421218634,16.0,16.0,0.0,-2.0
50,995003,H,2202,LEGACY,Electricity,Region,Improving,10.0,0.23601535614579916,44.0,44.0,2.0,4.662509215140368
50,995003,T,2202,G,Balanced,Resource,Improving,25.0,0.38249887246638536,117.0,117.0,8.0,51.79126614400722
50,995003,T,2202,G,Flow,Compressible,Improving,15.0,0.21190958004444838,79.0,79.0,2.0,9.925579200454537
50,995003,T,2202,G,Electricity,Resource,Improving,6.0,0.10477857850492,29.0,29.0,3.0,30.0
50,995003,T,2202,G,Electricity,Region,Improving,156.0,2.564934707246721,572.0,572.0,18.0,122.26749473243326
50,995003,T,2202,G,Flow,Demand,Improving,18.0,0.25548696145415306,93.0,93.0,6.0,47.75416019458212
50,995003,T,2202,G,Balanced,Compressible,Improving,9.0,0.12590904626995325,42.0,42.0,3.0,9.835369603032209
50,995003,T,2202,G,Balanced,Demand,Improving,1.0,0.014821797609329224,4.0,4.0,0.0,0.0
50,995003,T,2202,G,Electricity,Resource,Stagnating,21.0,0.2925755698233843,56.0,56.0,3.0,28.0
50,995003,T,2202,G,Flow,Compressible,Stagnating,20.0,0.27280566189438105,93.0,93.0,1.0,1.6057276070706128
50,995003,T,2202,G,Electricity,Region,Stagnating,218.0,3.4970099441707134,771.0,771.0,26.0,155.34338369598075
50,995003,T,2202,G,Balanced,TOU,Improving,5.0,0.0617649806663394,17.0,17.0,0.0,-1.0
50,995003,T,2202,G,Balanced,TOU,Stagnating,30.0,0.40891041699796915,92.0,92.0,5.0,31.53217960136802
50,995003,T,2202,G,Flow,TOU,Stagnating,77.0,1.2214005505666137,331.0,331.0,5.0,12.265811705141399
50,995003,T,2202,G,Balanced,Region,Stagnating,375.0,6.093267516233027,1718.0,1718.0,22.0,77.38003061900618
50,995003,T,2202,G,Balanced,Region,Improving,332.0,5.5216570515185595,1586.0,1586.0,30.0,135.03625327123513
50,995003,T,2202,G,Flow,TOU,Improving,64.0,1.0051686288788915,255.0,255.0,7.0,16.144095335400095
50,995003,T,2202,G,Flow,Demand,Stagnating,1.0,0.015723004937171936,4.0,4.0,0.0,0.0
50,995003,T,2202,G,Flow,Region,Stagnating,236.0,4.0292400773614645,1156.0,1156.0,21.0,65.272149323536
50,995003,T,2202,G,Flow,Region,Improving,163.0,2.899728363379836,816.0,816.0,27.0,97.66634959371974
50,995003,T,2202,W,Balanced,Resource,Improving,29.0,0.7173158982768655,132.0,132.0,4.0,14.573760261324574
50,995003,T,2202,W,Flow,Compressible,Improving,45.0,1.0738096153363585,234.0,234.0,18.0,97.38469201159275
50,995003,T,2202,W,Electricity,Resource,Improving,153.0,3.523223776370287,654.0,654.0,38.0,299.6177308924067
50,995003,T,2202,W,Balanced,Compressible,Improving,5.0,0.10512349661439657,25.0,25.0,1.0,10.0
50,995003,T,2202,W,Balanced,Resource,Stagnating,87.0,2.024465008638799,347.0,347.0,26.0,180.614556921042
50,995003,T,2202,W,Flow,TOU,Improving,263.0,5.99679412227124,1310.0,1310.0,46.0,174.11725607295304
50,995003,T,2202,W,Electricity,Resource,Stagnating,177.0,4.451618948020041,670.0,670.0,26.0,206.61946096657402
50,995003,T,2202,W,Balanced,TOU,Stagnating,74.0,2.2653844729065895,294.0,294.0,16.0,62.34043579845299
50,995003,T,2202,W,Flow,TOU,Stagnating,171.0,4.838490376248956,734.0,734.0,16.0,44.54589465341181
50,995003,T,2202,W,Balanced,Compressible,Stagnating,1.0,0.026290840469300747,0.0,0.0,0.0,-1.0
50,995003,T,2202,W,Flow,Compressible,Stagnating,3.0,0.066254161298275,14.0,14.0,0.0,0.0
50,995003,T,2202,W,Balanced,TOU,Improving,113.0,3.6227784361690283,491.0,491.0,23.0,120.99207051014035
50,995003,T,2202,W,Electricity,Region,Stagnating,1.0,0.02334857452660799,6.0,6.0,0.0,0.0
50,995003,T,2202,GW,Balanced,Resource,Improving,157.0,3.5815501185134053,723.0,723.0,45.0,201.11739742165804
50,995003,T,2202,GW,Flow,Compressible,Improving,45.0,1.0942666456103325,234.0,234.0,18.0,97.38469201159275
50,995003,T,2202,GW,Electricity,Resource,Improving,140.0,2.706405261531472,575.0,575.0,47.0,365.0459818962786
50,995003,T,2202,GW,Balanced,Compressible,Improving,5.0,0.10164059419184923,25.0,25.0,1.0,10.0
50,995003,T,2202,GW,Balanced,Resource,Stagnating,114.0,2.9042811300605536,463.0,463.0,34.0,155.17872987293865
50,995003,T,2202,GW,Flow,TOU,Improving,141.0,3.195977747440338,575.0,575.0,26.0,92.18581332870023
50,995003,T,2202,GW,Electricity,Resource,Stagnating,107.0,1.8924941131845117,363.0,363.0,11.0,52.37169895488258
50,995003,T,2202,GW,Balanced,TOU,Stagnating,100.0,2.3210883485153317,396.0,396.0,21.0,56.74375045611687
50,995003,T,2202,GW,Flow,TOU,Stagnating,184.0,4.324844507500529,680.0,680.0,24.0,71.89145767239718
50,995003,T,2202,GW,Balanced,Compressible,Stagnating,1.0,0.019718501716852188,0.0,0.0,0.0,-1.0
50,995003,T,2202,GW,Flow,Compressible,Stagnating,1.0,0.019193660467863083,3.0,3.0,0.0,0.0
50,995003,T,2202,GW,Balanced,TOU,Improving,37.0,0.7458137767389417,123.0,123.0,11.0,50.048322100655426
50,995003,T,2202,GW,Balanced,Region,Stagnating,230.0,4.929550404660404,1100.0,1100.0,18.0,64.75387451895729
50,995003,T,2202,GW,Balanced,Region,Improving,92.0,2.0201364932581782,451.0,451.0,8.0,24.418915762167885
50,995003,T,2202,GW,Electricity,Region,Stagnating,237.0,4.618031036108732,1128.0,1128.0,18.0,60.764412638725844
50,995003,T,2202,GW,Electricity,Region,Improving,6.0,0.1277160383760929,27.0,27.0,0.0,0.0
50,995003,T,2202,LEGACY,Balanced,Resource,Improving,56.0,1.0289791403338313,170.0,170.0,11.0,60.57617189071743
50,995003,T,2202,LEGACY,Flow,Compressible,Improving,3.0,0.06876008491963148,12.0,12.0,0.0,0.0
50,995003,T,2202,LEGACY,Electricity,Resource,Improving,145.0,2.805953662842512,365.0,365.0,45.0,392.9802594609547
50,995003,T,2202,LEGACY,Balanced,Compressible,Improving,7.0,0.13855388760566711,29.0,29.0,1.0,10.0
50,995003,T,2202,LEGACY,Balanced,TOU,Improving,29.0,0.5742209292948246,69.0,69.0,3.0,11.505533747615608
50,995003,T,2202,LEGACY,Flow,Demand,Improving,72.0,1.387645099312067,289.0,289.0,12.0,79.77715453479018
50,995003,T,2202,LEGACY,Balanced,Demand,Improving,1.0,0.025603665970265865,0.0,0.0,0.0,-1.0
50,995003,T,2202,LEGACY,Flow,Region,Improving,84.0,1.6197988791391253,241.0,241.0,4.0,23.43627900383585
50,995003,T,2202,LEGACY,Balanced,TOU,Stagnating,5.0,0.08723815716803074,6.0,6.0,0.0,-2.0
50,995003,T,2202,LEGACY,Balanced,Resource,Stagnating,24.0,0.42977434769272804,73.0,73.0,2.0,6.206021910513616
50,995003,T,2202,LEGACY,Flow,TOU,Improving,2.0,0.04240446723997593,5.0,5.0,0.0,0.0
50,995003,T,2202,LEGACY,Electricity,Resource,Stagnating,54.0,0.9929905580356717,102.0,102.0,14.0,105.77474604486792
50,995003,T,2202,LEGACY,Flow,Region,Stagnating,77.0,1.6573893651366234,204.0,204.0,1.0,-12.899044948446829
50,995003,T,2202,LEGACY,Balanced,Region,Improving,50.0,1.0691498927772045,79.0,79.0,0.0,-22.0
50,995003,T,2202,LEGACY,Flow,Demand,Stagnating,6.0,0.1294021625071764,22.0,22.0,0.0,0.0
50,995003,T,2202,LEGACY,Flow,TOU,Stagnating,4.0,0.07373446878045797,15.0,15.0,0.0,0.0
50,995003,T,2202,LEGACY,Balanced,Region,Stagnating,46.0,0.980692838318646,81.0,81.0,1.0,-4.0
50,995003,T,2202,LEGACY,Electricity,Region,Stagnating,42.0,0.9478767635300756,38.0,38.0,3.0,-6.059449573019112
50,995003,T,2202,LEGACY,Electricity,Region,Improving,6.0,0.11737396940588951,3.0,3.0,0.0,-3.0
50,995003,T,2202,REFERENCE,Balanced,Resource,Improving,25.0,0.42455784138292074,117.0,117.0,8.0,51.79126614400722
50,995003,T,2202,REFERENCE,Flow,Compressible,Improving,19.0,0.33541474398225546,97.0,97.0,2.0,8.925579200454537
50,995003,T,2202,REFERENCE,Electricity,Resource,Improving,11.0,0.19325435627251863,36.0,36.0,3.0,29.0
50,995003,T,2202,REFERENCE,Electricity,Region,Improving,131.0,2.617842538282275,395.0,395.0,19.0,142.98329734731345
50,995003,T,2202,REFERENCE,Flow,Demand,Improving,18.0,0.3093046620488167,93.0,93.0,6.0,47.75416019458212
50,995003,T,2202,REFERENCE,Balanced,Compressible,Improving,9.0,0.18357733078300953,42.0,42.0,3.0,9.835369603032209
50,995003,T,2202,REFERENCE,Balanced,Demand,Improving,1.0,0.02272044401615858,4.0,4.0,0.0,0.0
50,995003,T,2202,REFERENCE,Electricity,Resource,Stagnating,1.0,0.01944283489137888,2.0,2.0,0.0,0.0
50,995003,T,2202,REFERENCE,Flow,Compressible,Stagnating,15.0,0.24898617714643478,65.0,65.0,1.0,1.6057276070706128
50,995003,T,2202,REFERENCE,Electricity,Region,Stagnating,42.0,0.8231182545423508,92.0,92.0,2.0,9.0
50,995003,T,2202,REFERENCE,Balanced,TOU,Improving,4.0,0.08007373847067356,20.0,20.0,0.0,0.0
50,995003,T,2202,REFERENCE,Flow,TOU,Improving,27.0,0.6459486652165651,81.0,81.0,3.0,12.375270179881895
50,995003,T,2202,REFERENCE,Flow,TOU,Stagnating,14.0,0.3207397358492017,40.0,40.0,1.0,-1.8241693980890856
50,995003,T,2202,REFERENCE,Balanced,TOU,Stagnating,2.0,0.03323933947831392,12.0,12.0,0.0,0.0
50,995003,T,2202,REFERENCE,Balanced,Region,Improving,135.0,3.080832022242248,411.0,411.0,3.0,26.0
50,995003,T,2202,REFERENCE,Balanced,Region,Stagnating,168.0,3.578965754248202,488.0,488.0,4.0,9.297839799872005
50,995003,T,2202,REFERENCE,Flow,Normal,Stagnating,1.0,0.019716412760317326,0.0,0.0,0.0,-1.0
50,995003,T,2202,REFERENCE,Flow,Region,Improving,39.0,0.7857170309871435,168.0,168.0,3.0,7.823761684999522
50,995003,T,2202,REFERENCE,Flow,Region,Stagnating,97.0,1.8740489147603512,437.0,437.0,4.0,10.964549193318195
50,995003,T,2202,REFERENCE,Flow,Demand,Stagnating,1.0,0.015529965981841087,6.0,6.0,0.0,0.0
50,995003,T,1101,LEGACY,Balanced,Compressible,Improving,15.0,0.24098446685820818,69.0,69.0,4.0,24.22871800628204
50,995003,T,1101,LEGACY,Electricity,Resource,Improving,113.0,1.6661363132297993,383.0,383.0,31.0,217.40613134884157
50,995003,T,1101,LEGACY,Flow,Compressible,Improving,25.0,0.36407403089106083,99.0,99.0,6.0,25.20919613435444
50,995003,T,1101,LEGACY,Balanced,TOU,Improving,35.0,0.5749001577496529,128.0,128.0,7.0,38.86921594610151
50,995003,T,1101,LEGACY,Balanced,Demand,Improving,8.0,0.1096586799249053,37.0,37.0,2.0,10.41612739264493
50,995003,T,1101,LEGACY,Balanced,Resource,Improving,13.0,0.19683578703552485,9.0,9.0,1.0,-0.22400605964973064
50,995003,T,1101,LEGACY,Flow,TOU,Improving,1.0,0.015013307332992554,5.0,5.0,0.0,0.0
50,995003,T,1101,LEGACY,Flow,Demand,Improving,5.0,0.0855200570076704,15.0,15.0,1.0,5.104560690743944
50,995003,T,1101,LEGACY,Electricity,Resource,Stagnating,193.0,2.8289883537217975,547.0,547.0,47.0,370.56761069051385
50,995003,T,1101,LEGACY,Flow,Demand,Stagnating,1.0,0.01463952288031578,6.0,6.0,0.0,0.0
50,995003,T,1101,LEGACY,Flow,Compressible,Stagnating,5.0,0.08443627133965492,22.0,22.0,0.0,0.0
50,995003,T,1101,LEGACY,Electricity,Demand,Improving,14.0,0.2108207568526268,54.0,54.0,2.0,18.567900444278063
50,995003,T,1101,LEGACY,Balanced,TOU,Stagnating,3.0,0.054775998927652836,8.0,8.0,0.0,-1.0
50,995003,T,1101,LEGACY,Flow,Normal,Improving,162.0,2.4324533231556416,514.0,514.0,15.0,74.2506047285052
50,995003,T,1101,LEGACY,Flow,Normal,Stagnating,316.0,4.822504846379161,1043.0,1043.0,20.0,52.504367776457116
50,995003,T,1101,LEGACY,Balanced,Normal,Improving,83.0,1.1883526984602213,172.0,172.0,7.0,9.823363514747882
50,995003,T,1101,LEGACY,Electricity,Normal,Stagnating,31.0,0.5494326762855053,94.0,94.0,4.0,28.910079621549997
50,995003,T,1101,LEGACY,Electricity,Normal,Improving,1.0,0.021558956243097782,4.0,4.0,0.0,0.0
50,995003,T,1101,LEGACY,Balanced,Normal,Stagnating,166.0,2.5559106273576617,399.0,399.0,9.0,-12.78401291227724
50,995003,T,1101,LEGACY,Balanced,Resource,Stagnating,45.0,0.6742797689512372,65.0,65.0,4.0,11.794689869117995
50,995003,T,1101,REFERENCE,Balanced,Compressible,Improving,6.0,0.1299369130283594,32.0,32.0,2.0,13.01583632195134
50,995003,T,1101,REFERENCE,Electricity,Resource,Improving,134.0,2.6193296844139695,470.0,470.0,44.0,348.2216384058437
50,995003,T,1101,REFERENCE,Balanced,Resource,Improving,16.0,0.3480010321363807,50.0,50.0,3.0,11.987257132811937
50,995003,T,1101,REFERENCE,Flow,Compressible,Improving,8.0,0.12279473338276148,38.0,38.0,3.0,14.264156918085746
50,995003,T,1101,REFERENCE,Balanced,Demand,Improving,10.0,0.20111014693975449,45.0,45.0,2.0,12.001097857694344
50,995003,T,1101,REFERENCE,Flow,Compressible,Stagnating,11.0,0.18372586276382208,55.0,55.0,2.0,5.863278780515705
50,995003,T,1101,REFERENCE,Flow,Resource,Stagnating,1.0,0.026916129514575005,0.0,0.0,0.0,-1.0
50,995003,T,1101,REFERENCE,Flow,TOU,Stagnating,142.0,2.9610403208062053,409.0,409.0,11.0,40.0594022714517
50,995003,T,1101,REFERENCE,Flow,TOU,Improving,55.0,1.1690295170992613,159.0,159.0,3.0,0.17372390182157105
50,995003,T,1101,REFERENCE,Balanced,TOU,Stagnating,93.0,1.9240189865231514,184.0,184.0,0.0,-29.0
50,995003,T,1101,REFERENCE,Flow,Demand,Stagnating,1.0,0.023960277438163757,5.0,5.0,1.0,0.44127806410007325
50,995003,T,1101,REFERENCE,Flow,Demand,Improving,1.0,0.022751307114958763,4.0,4.0,0.0,0.0
50,995003,T,1101,REFERENCE,Electricity,Resource,Stagnating,102.0,2.1867315005511045,253.0,253.0,23.0,171.56717752815092
50,995003,T,1101,REFERENCE,Balanced,TOU,Improving,108.0,2.358011042699218,298.0,298.0,6.0,18.130376930869154
50,995003,T,1101,REFERENCE,Balanced,Normal,Stagnating,13.0,0.2531396457925439,34.0,34.0,1.0,9.0
50,995003,T,1101,REFERENCE,Balanced,Resource,Stagnating,2.0,0.04411398898810148,5.0,5.0,0.0,-1.0
50,995003,T,1101,REFERENCE,Electricity,TOU,Stagnating,26.0,0.6009729523211718,102.0,102.0,4.0,26.76459046579121
50,995003,T,1101,REFERENCE,Electricity,Demand,Improving,2.0,0.04130700696259737,10.0,10.0,0.0,0.0
50,995003,T,1101,REFERENCE,Electricity,TOU,Improving,1.0,0.01341395266354084,2.0,2.0,0.0,0.0
50,995003,T,1101,REFERENCE,Electricity,Normal,Improving,4.0,0.08501167967915535,3.0,3.0,0.0,-1.0
50,995003,T,1101,REFERENCE,Electricity,Demand,Stagnating,2.0,0.041348377242684364,5.0,5.0,0.0,0.0
50,995003,T,1101,REFERENCE,Electricity,Normal,Stagnating,6.0,0.12390383426100016,15.0,15.0,0.0,-2.0
50,995003,T,1101,REFERENCE,Balanced,Normal,Improving,1.0,0.01806806121021509,1.0,1.0,0.0,0.0
50,995003,T,1101,G,Balanced,Compressible,Improving,6.0,0.11815741378813982,32.0,32.0,2.0,13.01583632195134
50,995003,T,1101,G,Electricity,Resource,Improving,104.0,1.976605529896915,385.0,385.0,40.0,322.3046290476838
50,995003,T,1101,G,Balanced,Resource,Improving,8.0,0.1431376440450549,28.0,28.0,1.0,8.0
50,995003,T,1101,G,Flow,Compressible,Improving,8.0,0.12801737617701292,38.0,38.0,3.0,14.264156918085746
50,995003,T,1101,G,Balanced,Demand,Improving,10.0,0.2036451566964388,45.0,45.0,2.0,12.001097857694344
50,995003,T,1101,G,Flow,Compressible,Stagnating,17.0,0.3358963569626212,82.0,82.0,3.0,7.323015535142108
50,995003,T,1101,G,Flow,Resource,Stagnating,1.0,0.020345427095890045,0.0,0.0,0.0,-1.0
50,995003,T,1101,G,Flow,TOU,Stagnating,89.0,1.6148952059447765,319.0,319.0,5.0,19.036662673281217
50,995003,T,1101,G,Flow,TOU,Improving,48.0,0.9106657486408949,167.0,167.0,2.0,3.411830447001771
50,995003,T,1101,G,Balanced,TOU,Stagnating,76.0,1.5203261729329824,130.0,130.0,0.0,-25.0
50,995003,T,1101,G,Flow,Demand,Stagnating,1.0,0.024400818161666393,5.0,5.0,1.0,0.44127806410007325
50,995003,T,1101,G,Flow,Demand,Improving,1.0,0.02333502098917961,4.0,4.0,0.0,0.0
50,995003,T,1101,G,Electricity,Resource,Stagnating,23.0,0.5120746251195669,79.0,79.0,2.0,15.266009539309646
50,995003,T,1101,G,Balanced,TOU,Improving,101.0,2.030986599624157,260.0,260.0,6.0,24.21144552203899
50,995003,T,1101,G,Electricity,TOU,Improving,21.0,0.41787086706608534,26.0,26.0,0.0,-14.0
50,995003,T,1101,G,Flow,Normal,Stagnating,12.0,0.23100700974464417,24.0,24.0,0.0,-5.0
50,995003,T,1101,G,Electricity,TOU,Stagnating,19.0,0.39568627439439297,10.0,10.0,1.0,-11.925843262943859
50,995003,T,1101,G,Flow,Normal,Improving,14.0,0.25435857754200697,47.0,47.0,0.0,-2.0
50,995003,T,1101,G,Electricity,Demand,Stagnating,3.0,0.07415515091270208,1.0,1.0,1.0,8.0
50,995003,T,1101,G,Balanced,Normal,Improving,13.0,0.2565532997250557,19.0,19.0,0.0,-7.0
50,995003,T,1101,G,Balanced,Normal,Stagnating,26.0,0.4696735246106982,51.0,51.0,1.0,-1.0
50,995003,T,1101,G,Electricity,Normal,Stagnating,9.0,0.1406347882002592,7.0,7.0,0.0,-4.0
50,995003,T,1101,G,Electricity,Normal,Improving,2.0,0.037767368368804455,0.0,0.0,0.0,-2.0
50,995003,T,1101,W,Balanced,Compressible,Improving,7.0,0.1564776487648487,42.0,42.0,2.0,10.448680461955263
50,995003,T,1101,W,Electricity,Resource,Improving,130.0,3.037560349330306,519.0,519.0,33.0,274.6873569819925
50,995003,T,1101,W,Flow,Compressible,Improving,14.0,0.30829339288175106,72.0,72.0,1.0,1.2004333365870712
50,995003,T,1101,W,Balanced,Resource,Improving,1.0,0.0230368385091424,6.0,6.0,0.0,0.0
50,995003,T,1101,W,Balanced,TOU,Improving,29.0,0.6729639125987887,91.0,91.0,1.0,0.9049998727645683
50,995003,T,1101,W,Electricity,Normal,Improving,14.0,0.3589048348367214,39.0,39.0,0.0,-4.0
50,995003,T,1101,W,Electricity,Resource,Stagnating,99.0,2.2879757517948747,308.0,308.0,22.0,166.8349463487815
50,995003,T,1101,W,Balanced,Resource,Stagnating,14.0,0.3728339560329914,71.0,71.0,2.0,15.652245322131463
50,995003,T,1101,W,Flow,Compressible,Stagnating,17.0,0.3712092526257038,92.0,92.0,1.0,2.317565850864693
50,995003,T,1101,W,Electricity,TOU,Improving,5.0,0.12181632593274117,21.0,21.0,0.0,-1.0
50,995003,T,1101,W,Balanced,Demand,Improving,1.0,0.026047244668006897,0.0,0.0,0.0,-1.0
50,995003,T,1101,W,Flow,TOU,Improving,54.0,1.1059660008177161,210.0,210.0,3.0,4.699120621343946
50,995003,T,1101,W,Flow,Demand,Improving,1.0,0.023130079731345177,6.0,6.0,0.0,0.0
50,995003,T,1101,W,Balanced,Normal,Improving,76.0,1.8162008002400398,217.0,217.0,2.0,-12.830356103551
50,995003,T,1101,W,Balanced,TOU,Stagnating,17.0,0.4182729944586754,44.0,44.0,1.0,-6.399446827300896
50,995003,T,1101,W,Balanced,Normal,Stagnating,109.0,2.6274123741313815,305.0,305.0,3.0,-4.086968397494966
50,995003,T,1101,W,Flow,TOU,Stagnating,78.0,1.9207152472808957,263.0,263.0,7.0,5.682980393121481
50,995003,T,1101,W,Flow,Normal,Improving,15.0,0.3619457995519042,62.0,62.0,0.0,-2.0
50,995003,T,1101,W,Flow,Normal,Stagnating,54.0,1.2120051980018616,245.0,245.0,5.0,22.216051851598692
50,995003,T,1101,W,Electricity,Normal,Stagnating,8.0,0.24620320182293653,11.0,11.0,1.0,-3.494630836329781
50,995003,T,1101,GW,Balanced,Compressible,Improving,7.0,0.1470136921852827,42.0,42.0,2.0,10.448680461955263
50,995003,T,1101,GW,Electricity,Resource,Improving,120.0,2.4806767143309116,447.0,447.0,32.0,259.6873569819925
50,995003,T,1101,GW,Flow,Compressible,Improving,12.0,0.2223177943378687,60.0,60.0,1.0,1.2004333365870712
50,995003,T,1101,GW,Balanced,Resource,Improving,45.0,0.949984167702496,124.0,124.0,5.0,20.41108430737886
50,995003,T,1101,GW,Balanced,TOU,Improving,45.0,1.0722867771983147,154.0,154.0,3.0,3.004821410416448
50,995003,T,1101,GW,Electricity,Normal,Improving,33.0,0.7251323582604527,104.0,104.0,1.0,0.0
50,995003,T,1101,GW,Electricity,Resource,Stagnating,107.0,2.4242934649810195,306.0,306.0,32.0,262.51952043796723
50,995003,T,1101,GW,Balanced,Resource,Stagnating,32.0,0.7141086049377918,111.0,111.0,3.0,22.652245322131463
50,995003,T,1101,GW,Flow,Compressible,Stagnating,10.0,0.18469406943768263,60.0,60.0,1.0,2.317565850864693
50,995003,T,1101,GW,Electricity,TOU,Improving,4.0,0.07404274120926857,17.0,17.0,0.0,-1.0
50,995003,T,1101,GW,Balanced,Demand,Improving,1.0,0.019802207127213478,0.0,0.0,0.0,-1.0
50,995003,T,1101,GW,Flow,TOU,Improving,41.0,0.8680423684418201,152.0,152.0,2.0,1.8654127203676172
50,995003,T,1101,GW,Flow,Demand,Improving,1.0,0.023724268190562725,6.0,6.0,0.0,0.0
50,995003,T,1101,GW,Balanced,Normal,Improving,31.0,0.7274254485964775,82.0,82.0,0.0,-12.0
50,995003,T,1101,GW,Balanced,TOU,Stagnating,35.0,0.8033749414607882,110.0,110.0,2.0,3.679326414033225
50,995003,T,1101,GW,Balanced,Normal,Stagnating,42.0,0.9626922328025103,92.0,92.0,1.0,-9.0
50,995003,T,1101,GW,Flow,TOU,Stagnating,82.0,1.8181850193068385,370.0,370.0,6.0,27.636819587921472
50,995003,T,1101,GW,Flow,Normal,Improving,99.0,2.1105866925790906,430.0,430.0,9.0,34.735030877861725
50,995003,T,1101,GW,Flow,Normal,Stagnating,116.0,2.5582325309515,461.0,461.0,7.0,23.661977129556085
50,995003,T,1101,GW,Flow,Demand,Stagnating,1.0,0.018826832994818687,0.0,0.0,0.0,-1.0
50,995003,T,1101,GW,Electricity,Normal,Stagnating,6.0,0.13811022136360407,11.0,11.0,0.0,-4.0
50,995003,T,1101,GW,Electricity,TOU,Stagnating,1.0,0.021828748285770416,0.0,0.0,0.0,-1.0
50,995004,H,1101,GW,Flow,Compressible,Improving,108.0,1.9124417770653963,486.0,486.0,23.0,109.94024108074316
50,995004,H,1101,GW,Electricity,Resource,Improving,65.0,1.3319899337366223,234.0,234.0,18.0,154.42010075776795
50,995004,H,1101,GW,Balanced,Compressible,Improving,11.0,0.13971423637121916,43.0,43.0,2.0,-0.342615481554152
50,995004,H,1101,GW,Balanced,Demand,Improving,1.0,0.014244597405195236,6.0,6.0,0.0,0.0
50,995004,H,1101,GW,Flow,Compressible,Stagnating,190.0,3.2864599591121078,899.0,899.0,41.0,197.57367814937567
50,995004,H,1101,GW,Balanced,Resource,Improving,22.0,0.3092751884832978,85.0,85.0,3.0,26.93177416298127
50,995004,H,1101,GW,Electricity,Resource,Stagnating,33.0,0.5749805476516485,66.0,66.0,7.0,36.9134047675353
50,995004,H,1101,GW,Balanced,Resource,Stagnating,4.0,0.06046234164386988,14.0,14.0,0.0,-1.0
50,995004,H,1101,GW,Flow,TOU,Improving,71.0,1.2161503247916698,284.0,284.0,19.0,81.66200952624155
50,995004,H,1101,GW,Balanced,TOU,Improving,35.0,0.518629152327776,103.0,103.0,4.0,6.662956636478967
50,995004,H,1101,GW,Balanced,TOU,Stagnating,63.0,1.014110466465354,180.0,180.0,4.0,5.899814867097298
50,995004,H,1101,GW,Balanced,Normal,Stagnating,145.0,2.571961878798902,377.0,377.0,8.0,-19.116694906530334
50,995004,H,1101,GW,Balanced,Normal,Improving,81.0,1.459513750858605,282.0,282.0,3.0,0.1759480908010005
50,995004,H,1101,GW,Flow,Normal,Stagnating,5.0,0.09367489255964756,15.0,15.0,0.0,-2.0
50,995004,H,1101,GW,Flow,TOU,Stagnating,105.0,1.8518717624247074,415.0,415.0,19.0,74.72936503379395
50,995004,H,1101,GW,Balanced,Compressible,Stagnating,1.0,0.018359260633587837,0.0,0.0,0.0,-1.0
50,995004,H,1101,GW,Flow,Normal,Improving,3.0,0.038376277312636375,5.0,5.0,0.0,-1.0
50,995004,H,1101,GW,Electricity,Normal,Stagnating,13.0,0.174501177854836,23.0,23.0,0.0,-3.0
50,995004,H,1101,GW,Electricity,Normal,Improving,3.0,0.049287169240415096,9.0,9.0,0.0,-1.0
50,995004,H,1101,GW,Electricity,TOU,Improving,17.0,0.2444139402359724,24.0,24.0,2.0,2.1293522455543865
50,995004,H,1101,GW,Electricity,TOU,Stagnating,50.0,0.6074269684031606,43.0,43.0,2.0,-8.140902534288688
50,995004,H,1101,GW,Flow,Region,Stagnating,5.0,0.10773051157593727,18.0,18.0,0.0,-1.0
50,995004,H,1101,GW,Flow,Region,Improving,1.0,0.023851707577705383,1.0,1.0,0.0,0.0
50,995004,H,1101,GW,Balanced,Region,Stagnating,1.0,0.026678336784243584,0.0,0.0,0.0,-1.0
50,995004,H,1101,LEGACY,Flow,Compressible,Improving,59.0,1.0319474851712584,150.0,150.0,7.0,28.606120744391234
50,995004,H,1101,LEGACY,Electricity,Resource,Improving,34.0,0.6815003212541342,30.0,30.0,4.0,16.307292305728936
50,995004,H,1101,LEGACY,Balanced,Compressible,Improving,10.0,0.1804342744871974,25.0,25.0,1.0,-1.5664654309763089
50,995004,H,1101,LEGACY,Balanced,Demand,Improving,1.0,0.011005470529198647,6.0,6.0,0.0,0.0
50,995004,H,1101,LEGACY,Flow,Demand,Improving,1.0,0.018077594228088856,4.0,4.0,1.0,3.770387968716603
50,995004,H,1101,LEGACY,Flow,Compressible,Stagnating,57.0,1.019708282314241,118.0,118.0,10.0,43.82694221715477
50,995004,H,1101,LEGACY,Balanced,Compressible,Stagnating,15.0,0.2743008751422167,20.0,20.0,2.0,-1.488196217887567
50,995004,H,1101,LEGACY,Flow,TOU,Improving,17.0,0.3295270688831806,8.0,8.0,2.0,-4.880164501217836
50,995004,H,1101,LEGACY,Flow,Normal,Improving,1.0,0.02443551179021597,3.0,3.0,0.0,0.0
50,995004,H,1101,LEGACY,Balanced,Normal,Stagnating,50.0,1.0354118878021836,56.0,56.0,2.0,-24.415306954766724
50,995004,H,1101,LEGACY,Balanced,Normal,Improving,59.0,1.04988435190171,82.0,82.0,9.0,43.80622325019694
50,995004,H,1101,LEGACY,Electricity,Resource,Stagnating,17.0,0.3627984831109643,21.0,21.0,1.0,1.0
50,995004,H,1101,LEGACY,Flow,Normal,Stagnating,18.0,0.33717318810522556,34.0,34.0,2.0,4.057105674066518
50,995004,H,1101,LEGACY,Electricity,TOU,Improving,19.0,0.4055848168209195,17.0,17.0,1.0,0.0
50,995004,H,1101,LEGACY,Electricity,TOU,Stagnating,15.0,0.3133171685039997,9.0,9.0,1.0,-10.831010588672342
50,995004,H,1101,LEGACY,Balanced,TOU,Improving,9.0,0.1996510112658143,9.0,9.0,1.0,-3.568198724145498
50,995004,H,1101,LEGACY,Flow,TOU,Stagnating,67.0,1.2239866331219673,90.0,90.0,6.0,-14.629819160478853
50,995004,H,1101,LEGACY,Balanced,TOU,Stagnating,27.0,0.5447561033070087,13.0,13.0,0.0,-21.0
50,995004,H,1101,LEGACY,Electricity,Normal,Stagnating,2.0,0.04474327340722084,1.0,1.0,0.0,-1.0
50,995004,H,1101,REFERENCE,Flow,Compressible,Improving,39.0,0.726285251788795,132.0,132.0,3.0,24.012007908408094
50,995004,H,1101,REFERENCE,Electricity,Resource,Improving,16.0,0.29533863719552755,48.0,48.0,2.0,8.73515739952996
50,995004,H,1101,REFERENCE,Balanced,Resource,Improving,1.0,0.01923698466271162,0.0,0.0,0.0,-1.0
50,995004,H,1101,REFERENCE,Electricity,Compressible,Improving,8.0,0.1624133177101612,28.0,28.0,2.0,19.0
50,995004,H,1101,REFERENCE,Balanced,Compressible,Improving,8.0,0.14557994715869427,20.0,20.0,0.0,-2.0
50,995004,H,1101,REFERENCE,Electricity,Resource,Stagnating,110.0,2.0829165978357196,313.0,313.0,32.0,278.2487096078777
50,995004,H,1101,REFERENCE,Flow,Compressible,Stagnating,30.0,0.537359606474638,90.0,90.0,5.0,17.680612120823586
50,995004,H,1101,REFERENCE,Electricity,Region,Stagnating,1.0,0.014642700552940369,1.0,1.0,0.0,0.0
50,995004,H,1101,REFERENCE,Balanced,TOU,Improving,98.0,1.7329053254798055,77.0,77.0,5.0,-39.10316518331964
50,995004,H,1101,REFERENCE,Balanced,Demand,Improving,1.0,0.027918940410017967,2.0,2.0,0.0,0.0
50,995004,H,1101,REFERENCE,Balanced,Compressible,Stagnating,4.0,0.0770614929497242,15.0,15.0,0.0,-1.0
50,995004,H,1101,REFERENCE,Flow,TOU,Improving,37.0,0.6463086409494281,47.0,47.0,1.0,-15.0
50,995004,H,1101,REFERENCE,Balanced,TOU,Stagnating,77.0,1.3767630103975534,93.0,93.0,6.0,-13.676351927696029
50,995004,H,1101,REFERENCE,Balanced,Normal,Stagnating,2.0,0.03969892859458923,3.0,3.0,0.0,-1.0
50,995004,H,1101,REFERENCE,Flow,TOU,Stagnating,38.0,0.6673703705891967,62.0,62.0,1.0,-20.35176218639384
50,995004,H,1101,REFERENCE,Flow,Normal,Stagnating,1.0,0.011554906144738197,0.0,0.0,0.0,-1.0
50,995004,H,1101,REFERENCE,Electricity,TOU,Improving,23.0,0.37479882314801216,8.0,8.0,1.0,-16.604175928231463
50,995004,H,1101,REFERENCE,Electricity,TOU,Stagnating,28.0,0.47009007073938847,7.0,7.0,0.0,-26.0
50,995004,H,1101,G,Flow,Compressible,Improving,38.0,0.8048021327704191,126.0,126.0,2.0,15.0
50,995004,H,1101,G,Electricity,Resource,Improving,55.0,0.9398374799638987,85.0,85.0,6.0,26.763288028812482
50,995004,H,1101,G,Balanced,Resource,Improving,3.0,0.07171083986759186,3.0,3.0,0.0,-1.0
50,995004,H,1101,G,Electricity,Compressible,Improving,8.0,0.1705909911543131,28.0,28.0,2.0,19.0
50,995004,H,1101,G,Balanced,Compressible,Improving,10.0,0.18717795331031084,23.0,23.0,2.0,6.973981475993098
50,995004,H,1101,G,Electricity,Resource,Stagnating,121.0,2.3021646924316883,254.0,254.0,31.0,246.4834815089726
50,995004,H,1101,G,Flow,Compressible,Stagnating,5.0,0.1094568707048893,17.0,17.0,0.0,-1.0
50,995004,H,1101,G,Electricity,Region,Stagnating,1.0,0.014947417192161083,1.0,1.0,0.0,0.0
50,995004,H,1101,G,Balanced,TOU,Improving,71.0,1.2770656449720263,73.0,73.0,2.0,-36.06014812794604
50,995004,H,1101,G,Balanced,Demand,Improving,1.0,0.02815272845327854,2.0,2.0,0.0,0.0
50,995004,H,1101,G,Balanced,Compressible,Stagnating,4.0,0.07756373286247253,15.0,15.0,0.0,-1.0
50,995004,H,1101,G,Flow,TOU,Improving,65.0,1.2801275765523314,88.0,88.0,1.0,-25.0
50,995004,H,1101,G,Balanced,Normal,Improving,4.0,0.09447545930743217,11.0,11.0,0.0,-1.0
50,995004,H,1101,G,Balanced,Normal,Stagnating,2.0,0.043023163452744484,0.0,0.0,0.0,-2.0
50,995004,H,1101,G,Balanced,TOU,Stagnating,35.0,0.6760725416243076,66.0,66.0,1.0,-8.62949277391482
50,995004,H,1101,G,Flow,TOU,Stagnating,73.0,1.4379703039303422,105.0,105.0,5.0,-8.368556350361098
50,995004,H,1101,G,Balanced,Resource,Stagnating,4.0,0.07623951602727175,4.0,4.0,0.0,-2.0
50,995004,H,1101,G,Electricity,TOU,Stagnating,1.0,0.017740466631948948,0.0,0.0,0.0,-1.0
50,995004,H,1101,G,Electricity,Normal,Stagnating,3.0,0.049808550626039505,8.0,8.0,1.0,3.4716209543590044
50,995004,H,1101,W,Flow,Compressible,Improving,113.0,2.7971081724390388,487.0,487.0,20.0,107.33430142507116
50,995004,H,1101,W,Electricity,Resource,Improving,31.0,0.7885799640789628,95.0,95.0,12.0,72.89130867746303
50,995004,H,1101,W,Balanced,Compressible,Improving,92.0,2.562512503005564,366.0,366.0,27.0,132.27454048354687
50,995004,H,1101,W,Balanced,Demand,Improving,1.0,0.01624289248138666,6.0,6.0,0.0,0.0
50,995004,H,1101,W,Flow,Compressible,Stagnating,132.0,3.087572013027966,498.0,498.0,16.0,60.04968419648462
50,995004,H,1101,W,Balanced,Resource,Improving,10.0,0.27936642710119486,44.0,44.0,2.0,14.940208013460825
50,995004,H,1101,W,Balanced,Compressible,Stagnating,13.0,0.3333891602233052,45.0,45.0,0.0,-3.0
50,995004,H,1101,W,Electricity,Resource,Stagnating,21.0,0.5197058683261275,41.0,41.0,2.0,10.634716689488869
50,995004,H,1101,W,Flow,TOU,Improving,26.0,0.7080890294164419,90.0,90.0,2.0,6.4437030306172005
50,995004,H,1101,W,Electricity,TOU,Improving,6.0,0.14168563298881054,24.0,24.0,1.0,-0.4090166501671997
50,995004,H,1101,W,Balanced,TOU,Improving,67.0,1.526344258338213,122.0,122.0,9.0,30.101957187931003
50,995004,H,1101,W,Electricity,TOU,Stagnating,4.0,0.1009524054825306,0.0,0.0,0.0,-4.0
50,995004,H,1101,W,Electricity,Compressible,Improving,1.0,0.03244495205581188,1.0,1.0,0.0,0.0
50,995004,H,1101,W,Balanced,TOU,Stagnating,120.0,2.863462246954441,281.0,281.0,8.0,-2.245632561589421
50,995004,H,1101,W,Flow,TOU,Stagnating,101.0,2.239434925839305,346.0,346.0,2.0,-4.357795461592296
50,995004,H,1101,W,Electricity,Compressible,Stagnating,20.0,0.56497782189399,34.0,34.0,3.0,16.36493136243662
50,995004,H,1101,W,Electricity,Normal,Improving,2.0,0.046888479962944984,6.0,6.0,0.0,-1.0
50,995004,H,1101,W,Balanced,Normal,Stagnating,2.0,0.03898518159985542,12.0,12.0,0.0,0.0
50,995004,H,1101,W,Electricity,Normal,Stagnating,7.0,0.20168599300086498,25.0,25.0,0.0,-1.0
50,995004,H,1101,W,Balanced,Normal,Improving,2.0,0.05198721680790186,2.0,2.0,0.0,-1.0
50,995004,H,2202,REFERENCE,Balanced,Compressible,Improving,47.0,0.7396627273410559,179.0,179.0,14.0,98.86507456954044
50,995004,H,2202,REFERENCE,Flow,Compressible,Improving,15.0,0.23299106303602457,51.0,51.0,0.0,-1.0
50,995004,H,2202,REFERENCE,Electricity,Resource,Improving,38.0,0.6825983515009284,76.0,76.0,3.0,9.53735890237687
50,995004,H,2202,REFERENCE,Balanced,Demand,Improving,3.0,0.042965732514858246,8.0,8.0,0.0,0.0
50,995004,H,2202,REFERENCE,Flow,Compressible,Stagnating,21.0,0.3100351160392165,71.0,71.0,5.0,25.32221660461623
50,995004,H,2202,REFERENCE,Electricity,Region,Stagnating,32.0,0.505605355836451,82.0,82.0,3.0,9.459272049375855
50,995004,H,2202,REFERENCE,Electricity,Compressible,Stagnating,1.0,0.017386595718562603,4.0,4.0,0.0,0.0
50,995004,H,2202,REFERENCE,Balanced,Normal,Improving,1.0,0.015561012551188469,4.0,4.0,0.0,0.0
50,995004,H,2202,REFERENCE,Electricity,Region,Improving,36.0,0.5235901102423668,106.0,106.0,9.0,61.61783536912934
50,995004,H,2202,REFERENCE,Electricity,Resource,Stagnating,53.0,0.8252300256863236,109.0,109.0,12.0,93.20869085657148
50,995004,H,2202,REFERENCE,Flow,TOU,Improving,47.0,0.8421486876904964,90.0,90.0,3.0,-0.5217386749888364
50,995004,H,2202,REFERENCE,Flow,TOU,Stagnating,91.0,1.3907286198809743,172.0,172.0,6.0,1.9309498549192732
50,995004,H,2202,REFERENCE,Balanced,TOU,Stagnating,147.0,2.2081398190930486,228.0,228.0,6.0,-46.86555840022889
50,995004,H,2202,REFERENCE,Balanced,TOU,Improving,91.0,1.3425225364044309,168.0,168.0,7.0,-5.118393170313566
50,995004,H,2202,REFERENCE,Flow,Normal,Improving,46.0,0.7389914412051439,73.0,73.0,9.0,46.522566297332055
50,995004,H,2202,REFERENCE,Flow,Normal,Stagnating,5.0,0.07627558335661888,8.0,8.0,0.0,-3.0
50,995004,H,2202,REFERENCE,Electricity,TOU,Stagnating,8.0,0.12697734963148832,19.0,19.0,0.0,-2.0
50,995004,H,2202,REFERENCE,Balanced,Region,Improving,7.0,0.10419049765914679,16.0,16.0,0.0,-3.0
50,995004,H,2202,REFERENCE,Balanced,Region,Stagnating,4.0,0.06725478637963533,15.0,15.0,0.0,-1.0
50,995004,H,2202,REFERENCE,Electricity,TOU,Improving,6.0,0.08411911688745022,25.0,25.0,0.0,0.0
50,995004,H,2202,REFERENCE,Flow,Region,Improving,3.0,0.036660040728747845,3.0,3.0,0.0,-2.0
50,995004,H,2202,REFERENCE,Flow,Region,Stagnating,25.0,0.3306323438882828,45.0,45.0,1.0,-7.0
50,995004,H,2202,G,Balanced,Compressible,Improving,46.0,0.8097198260948062,179.0,179.0,14.0,99.86507456954044
50,995004,H,2202,G,Flow,Compressible,Improving,15.0,0.30267046950757504,51.0,51.0,0.0,-1.0
50,995004,H,2202,G,Electricity,Resource,Improving,29.0,0.5425187321379781,43.0,43.0,4.0,8.613207724508989
50,995004,H,2202,G,Balanced,Demand,Improving,3.0,0.05079422239214182,8.0,8.0,0.0,0.0
50,995004,H,2202,G,Flow,Compressible,Stagnating,21.0,0.4901029849424958,76.0,76.0,5.0,23.941180474793164
50,995004,H,2202,G,Electricity,Region,Stagnating,32.0,0.7709391275420785,95.0,95.0,4.0,16.233002632348082
50,995004,H,2202,G,Electricity,Compressible,Stagnating,1.0,0.02340046316385269,4.0,4.0,0.0,0.0
50,995004,H,2202,G,Balanced,Normal,Improving,1.0,0.02477628644555807,4.0,4.0,0.0,0.0
50,995004,H,2202,G,Electricity,Region,Improving,32.0,0.742445707321167,104.0,104.0,10.0,82.47837287788055
50,995004,H,2202,G,Electricity,Resource,Stagnating,80.0,1.7318209242075682,170.0,170.0,26.0,221.59373279275576
50,995004,H,2202,G,Flow,TOU,Improving,36.0,0.6713921185582876,55.0,55.0,2.0,-6.08019200611848
50,995004,H,2202,G,Flow,TOU,Stagnating,67.0,1.455682904459536,95.0,95.0,5.0,-8.974987272240107
50,995004,H,2202,G,Balanced,TOU,Stagnating,53.0,1.15492594987154,70.0,70.0,3.0,2.0718615752637284
50,995004,H,2202,G,Balanced,TOU,Improving,66.0,1.4638705793768167,102.0,102.0,7.0,15.804576642879862
50,995004,H,2202,G,Flow,Normal,Improving,26.0,0.6190787777304649,25.0,25.0,5.0,23.32589295496708
50,995004,H,2202,G,Electricity,Demand,Stagnating,1.0,0.025375310331583023,6.0,6.0,0.0,0.0
50,995004,H,2202,G,Flow,Normal,Stagnating,1.0,0.02497059293091297,0.0,0.0,0.0,-1.0
50,995004,H,2202,G,Electricity,TOU,Improving,3.0,0.06433795671910048,12.0,12.0,0.0,-1.0
50,995004,H,2202,G,Balanced,Region,Stagnating,37.0,0.7683437252417207,42.0,42.0,2.0,-3.248075596148915
50,995004,H,2202,G,Balanced,Region,Improving,90.0,2.03150421846658,154.0,154.0,15.0,80.43056498519486
50,995004,H,2202,G,Flow,Region,Improving,1.0,0.02471094112843275,2.0,2.0,0.0,0.0
50,995004,H,2202,G,Balanced,Resource,Improving,5.0,0.10691970586776733,8.0,8.0,0.0,-3.0
50,995004,H,2202,G,Balanced,Compressible,Stagnating,2.0,0.04401768837124109,8.0,8.0,0.0,0.0
50,995004,H,2202,G,Balanced,Resource,Stagnating,1.0,0.01848166063427925,0.0,0.0,0.0,-1.0
50,995004,H,2202,W,Balanced,Compressible,Improving,73.0,1.676145426928997,311.0,311.0,12.0,79.16875630041629
50,995004,H,2202,W,Flow,Compressible,Improving,65.0,1.4992265440523624,253.0,253.0,5.0,20.208237019241583
50,995004,H,2202,W,Electricity,Demand,Improving,1.0,0.016342973336577415,6.0,6.0,0.0,0.0
50,995004,H,2202,W,Electricity,Resource,Improving,32.0,0.6090148380026221,118.0,118.0,12.0,108.34247010846921
50,995004,H,2202,W,Balanced,Resource,Improving,1.0,0.014158260077238083,6.0,6.0,0.0,0.0
50,995004,H,2202,W,Electricity,Compressible,Improving,52.0,1.2677425015717745,252.0,252.0,22.0,208.97535382070996
50,995004,H,2202,W,Flow,Demand,Improving,16.0,0.29978253319859505,81.0,81.0,4.0,28.837321234811952
50,995004,H,2202,W,Flow,Compressible,Stagnating,48.0,1.1537812510505319,196.0,196.0,4.0,18.970146657295736
50,995004,H,2202,W,Balanced,Resource,Stagnating,2.0,0.05696982704102993,8.0,8.0,0.0,0.0
50,995004,H,2202,W,Electricity,Resource,Stagnating,2.0,0.05115506425499916,0.0,0.0,0.0,-2.0
50,995004,H,2202,W,Electricity,Compressible,Stagnating,3.0,0.07389753498136997,12.0,12.0,1.0,10.0
50,995004,H,2202,W,Electricity,TOU,Stagnating,44.0,1.2179074501618743,92.0,92.0,6.0,34.08296257406587
50,995004,H,2202,W,Balanced,TOU,Improving,216.0,6.7009864412248135,643.0,643.0,23.0,125.71177693309647
50,995004,H,2202,W,Electricity,TOU,Improving,61.0,1.7674732692539692,121.0,121.0,15.0,109.45280689017024
50,995004,H,2202,W,Balanced,TOU,Stagnating,211.0,5.748437292873859,624.0,624.0,21.0,69.90713644659373
50,995004,H,2202,W,Flow,TOU,Improving,67.0,1.8054472878575325,236.0,236.0,3.0,5.473071841115047
50,995004,H,2202,W,Balanced,Compressible,Stagnating,1.0,0.02457914687693119,6.0,6.0,0.0,0.0
50,995004,H,2202,W,Electricity,Normal,Stagnating,17.0,0.4840654172003269,37.0,37.0,8.0,63.48537655322032
50,995004,H,2202,W,Flow,TOU,Stagnating,91.0,2.0849348409101367,351.0,351.0,6.0,9.80621053895344
50,995004,H,2202,GW,Balanced,Compressible,Improving,65.0,1.2588383918628097,283.0,283.0,10.0,64.11452070209144
50,995004,H,2202,GW,Flow,Compressible,Improving,47.0,1.0363323083147407,201.0,201.0,6.0,27.963918286163672
50,995004,H,2202,GW,Electricity,Demand,Improving,1.0,0.016024631448090076,6.0,6.0,0.0,0.0
50,995004,H,2202,GW,Electricity,Resource,Improving,32.0,0.5529876602813601,118.0,118.0,12.0,108.34247010846921
50,995004,H,2202,GW,Balanced,Resource,Improving,1.0,0.014578881673514843,6.0,6.0,0.0,0.0
50,995004,H,2202,GW,Electricity,Compressible,Improving,64.0,1.5555998301133513,290.0,290.0,25.0,229.5842774007822
50,995004,H,2202,GW,Flow,Demand,Improving,16.0,0.2874573012813926,81.0,81.0,4.0,28.837321234811952
50,995004,H,2202,GW,Flow,Compressible,Stagnating,24.0,0.5519775971770287,95.0,95.0,0.0,-4.0
50,995004,H,2202,GW,Balanced,Resource,Stagnating,2.0,0.041154881939291954,8.0,8.0,0.0,0.0
50,995004,H,2202,GW,Electricity,Resource,Stagnating,2.0,0.06085471250116825,0.0,0.0,0.0,-2.0
50,995004,H,2202,GW,Electricity,Compressible,Stagnating,9.0,0.23429442383348942,25.0,25.0,4.0,38.91492250952182
50,995004,H,2202,GW,Electricity,TOU,Stagnating,70.0,2.0326441787183285,136.0,136.0,17.0,118.80395390784753
50,995004,H,2202,GW,Balanced,TOU,Improving,129.0,3.1553241135552526,440.0,440.0,14.0,52.8867923021254
50,995004,H,2202,GW,Electricity,TOU,Improving,102.0,2.89616531226784,242.0,242.0,16.0,102.82881552372751
50,995004,H,2202,GW,Balanced,TOU,Stagnating,76.0,1.7879620948806405,191.0,191.0,4.0,-4.063954121624853
50,995004,H,2202,GW,Flow,TOU,Improving,144.0,2.944279106333852,470.0,470.0,13.0,69.69266597315273
50,995004,H,2202,GW,Flow,TOU,Stagnating,88.0,1.8503052815794945,278.0,278.0,7.0,22.01765045661493
50,995004,H,2202,GW,Electricity,Normal,Stagnating,7.0,0.18666997831314802,2.0,2.0,1.0,4.0
50,995004,H,2202,LEGACY,Balanced,Compressible,Improving,60.0,1.0697876894846559,216.0,216.0,14.0,93.0771528099879
50,995004,H,2202,LEGACY,Flow,Compressible,Improving,22.0,0.4140053326264024,51.0,51.0,3.0,18.125011442941798
50,995004,H,2202,LEGACY,Electricity,Resource,Improving,28.0,0.6027079876512289,70.0,70.0,7.0,46.08596509245494
50,995004,H,2202,LEGACY,Balanced,Resource,Improving,7.0,0.12209843005985022,32.0,32.0,1.0,6.159617897801728
50,995004,H,2202,LEGACY,Flow,Demand,Improving,1.0,0.024054916575551033,4.0,4.0,1.0,4.518506966456594
50,995004,H,2202,LEGACY,Electricity,Resource,Stagnating,7.0,0.15803550370037556,5.0,5.0,1.0,4.0
50,995004,H,2202,LEGACY,Balanced,Compressible,Stagnating,30.0,0.5089699169620872,119.0,119.0,7.0,47.17333754931774
50,995004,H,2202,LEGACY,Electricity,TOU,Improving,84.0,1.8837139131501317,108.0,108.0,6.0,-1.7713688830581695
50,995004,H,2202,LEGACY,Flow,Demand,Stagnating,1.0,0.01803202833980322,1.0,1.0,0.0,0.0
50,995004,H,2202,LEGACY,Electricity,Compressible,Improving,4.0,0.07666382659226656,15.0,15.0,1.0,6.073238286617374
50,995004,H,2202,LEGACY,Flow,Compressible,Stagnating,8.0,0.15755785163491964,25.0,25.0,0.0,0.0
50,995004,H,2202,LEGACY,Balanced,TOU,Improving,40.0,0.9108206983655691,84.0,84.0,3.0,-5.135987924889545
50,995004,H,2202,LEGACY,Balanced,Demand,Improving,1.0,0.025638013146817684,0.0,0.0,0.0,-1.0
50,995004,H,2202,LEGACY,Electricity,TOU,Stagnating,103.0,2.389049209654331,125.0,125.0,11.0,41.87569509982015
50,995004,H,2202,LEGACY,Flow,TOU,Improving,75.0,1.676433122716844,137.0,137.0,4.0,-8.51882003649908
50,995004,H,2202,LEGACY,Electricity,Normal,Stagnating,1.0,0.017287977039813995,2.0,2.0,0.0,0.0
50,995004,H,2202,LEGACY,Balanced,TOU,Stagnating,59.0,1.3081106897443533,75.0,75.0,2.0,-26.93022094915706
50,995004,H,2202,LEGACY,Flow,TOU,Stagnating,86.0,1.8101912755519152,127.0,127.0,9.0,2.3079194696883167
50,995004,H,2202,LEGACY,Flow,Region,Stagnating,1.0,0.022880571894347668,3.0,3.0,0.0,0.0
50,995004,H,2202,LEGACY,Balanced,Region,Stagnating,31.0,0.6872965162619948,92.0,92.0,3.0,13.988248720724584
50,995004,H,2202,LEGACY,Balanced,Region,Improving,3.0,0.07274970412254333,10.0,10.0,0.0,0.0
50,995004,T,2202,G,Balanced,Compressible,Improving,63.0,0.9548464277759194,236.0,236.0,12.0,86.45214328725572
50,995004,T,2202,G,Flow,Compressible,Improving,69.0,1.0278226230293512,217.0,217.0,11.0,25.838246127103304
50,995004,T,2202,G,Electricity,Compressible,Improving,38.0,0.5503532318398356,121.0,121.0,17.0,147.20823632187808
50,995004,T,2202,G,Balanced,Resource,Improving,4.0,0.057389501482248306,10.0,10.0,1.0,9.22923644545011
50,995004,T,2202,G,Electricity,Compressible,Stagnating,1.0,0.015053908340632915,5.0,5.0,0.0,0.0
50,995004,T,2202,G,Electricity,Resource,Improving,4.0,0.05304624140262604,0.0,0.0,0.0,-4.0
50,995004,T,2202,G,Balanced,Compressible,Stagnating,20.0,0.31376274302601814,51.0,51.0,4.0,23.73473011415221
50,995004,T,2202,G,Flow,Demand,Stagnating,14.0,0.20475259236991405,67.0,67.0,4.0,19.59594402428358
50,995004,T,2202,G,Electricity,Resource,Stagnating,12.0,0.1249903617426753,13.0,13.0,1.0,3.0
50,995004,T,2202,G,Electricity,Normal,Improving,18.0,0.24358499329537153,13.0,13.0,0.0,-15.0
50,995004,T,2202,G,Balanced,TOU,Improving,121.0,2.103680175729096,134.0,134.0,5.0,-28.985247842523364
50,995004,T,2202,G,Flow,Compressible,Stagnating,22.0,0.3517329692840576,42.0,42.0,2.0,-6.759555737390526
50,995004,T,2202,G,Balanced,TOU,Stagnating,73.0,1.2551431907340884,69.0,69.0,1.0,-35.0
50,995004,T,2202,G,Electricity,Region,Stagnating,29.0,0.4383645514026284,48.0,48.0,0.0,-16.0
50,995004,T,2202,G,Balanced,Normal,Improving,4.0,0.06782566476613283,4.0,4.0,1.0,-1.688190915494381
50,995004,T,2202,G,Electricity,Normal,Stagnating,19.0,0.22568681742995977,18.0,18.0,0.0,-15.0
50,995004,T,2202,G,Flow,TOU,Improving,57.0,0.9699536897242069,85.0,85.0,3.0,-20.95143476150359
50,995004,T,2202,G,Flow,Normal,Improving,1.0,0.022486714646220207,5.0,5.0,0.0,0.0
50,995004,T,2202,G,Flow,TOU,Stagnating,69.0,1.1498064026236534,76.0,76.0,4.0,-24.370972676850272
50,995004,T,2202,G,Balanced,Normal,Stagnating,1.0,0.021053203381597996,0.0,0.0,0.0,-1.0
50,995004,T,2202,G,Electricity,TOU,Improving,1.0,0.017077135853469372,0.0,0.0,0.0,-1.0
50,995004,T,2202,G,Electricity,TOU,Stagnating,14.0,0.2400679448619485,9.0,9.0,2.0,4.751078178068395
50,995004,T,2202,G,Electricity,Region,Improving,11.0,0.15230533946305513,5.0,5.0,0.0,-8.0
50,995004,T,2202,W,Balanced,Compressible,Improving,24.0,0.5300962598994374,130.0,130.0,5.0,43.7708999135962
50,995004,T,2202,W,Flow,Compressible,Improving,84.0,2.073974640108645,339.0,339.0,20.0,115.4939524883684
50,995004,T,2202,W,Electricity,Resource,Improving,147.0,3.8738751392811537,559.0,559.0,51.0,417.51770023575415
50,995004,T,2202,W,Balanced,Resource,Improving,1.0,0.020493632182478905,6.0,6.0,0.0,0.0
50,995004,T,2202,W,Electricity,Compressible,Improving,2.0,0.03784869611263275,10.0,10.0,2.0,20.0
50,995004,T,2202,W,Balanced,Demand,Improving,15.0,0.3258326090872288,79.0,79.0,3.0,25.150738533093033
50,995004,T,2202,W,Balanced,Resource,Stagnating,1.0,0.026768477633595467,1.0,1.0,1.0,10.0
50,995004,T,2202,W,Flow,Compressible,Stagnating,52.0,1.17144385445863,213.0,213.0,6.0,27.173547386445748
50,995004,T,2202,W,Balanced,Compressible,Stagnating,12.0,0.27919182926416397,50.0,50.0,1.0,5.8822605694719945
50,995004,T,2202,W,Balanced,TOU,Stagnating,149.0,4.603665116243064,426.0,426.0,14.0,26.211289248025448
50,995004,T,2202,W,Balanced,TOU,Improving,103.0,2.9168369816616178,281.0,281.0,5.0,-2.9200213854174883
50,995004,T,2202,W,Balanced,Normal,Stagnating,2.0,0.04094448499381542,8.0,8.0,1.0,3.9459924958601995
50,995004,T,2202,W,Electricity,Resource,Stagnating,71.0,1.7940773759037256,277.0,277.0,15.0,113.02447980253407
50,995004,T,2202,W,Electricity,TOU,Improving,48.0,1.5341194346547127,113.0,113.0,3.0,-1.0722512326072344
50,995004,T,2202,W,Electricity,TOU,Stagnating,63.0,1.9040301870554686,159.0,159.0,8.0,24.860894026128477
50,995004,T,2202,W,Flow,TOU,Stagnating,63.0,1.7477184608578682,252.0,252.0,0.0,-6.0
50,995004,T,2202,W,Balanced,Normal,Improving,1.0,0.01786915585398674,6.0,6.0,0.0,0.0
50,995004,T,2202,W,Flow,TOU,Improving,50.0,1.397335572168231,176.0,176.0,3.0,4.683367758457866
50,995004,T,2202,GW,Balanced,Compressible,Improving,24.0,0.4863464692607522,130.0,130.0,5.0,43.7708999135962
50,995004,T,2202,GW,Flow,Compressible,Improving,113.0,2.4493856644257903,465.0,465.0,25.0,139.4014620779547
50,995004,T,2202,GW,Electricity,Resource,Improving,111.0,2.357580855488777,434.0,434.0,47.0,403.36046579098985
50,995004,T,2202,GW,Balanced,Resource,Improving,1.0,0.011886214837431908,6.0,6.0,0.0,0.0
50,995004,T,2202,GW,Electricity,Compressible,Improving,2.0,0.03334083314985037,10.0,10.0,2.0,20.0
50,995004,T,2202,GW,Balanced,Demand,Improving,15.0,0.26894905883818865,79.0,79.0,3.0,25.150738533093033
50,995004,T,2202,GW,Balanced,Resource,Stagnating,1.0,0.020221819169819355,1.0,1.0,1.0,10.0
50,995004,T,2202,GW,Flow,Compressible,Stagnating,59.0,1.3775555780157447,249.0,249.0,6.0,23.793889876484265
50,995004,T,2202,GW,Balanced,Compressible,Stagnating,16.0,0.2590599628165364,71.0,71.0,1.0,6.8822605694719945
50,995004,T,2202,GW,Balanced,TOU,Stagnating,119.0,2.8137323558330536,434.0,434.0,9.0,29.914778501422184
50,995004,T,2202,GW,Balanced,TOU,Improving,143.0,2.9557457752525806,544.0,544.0,10.0,36.83379839554561
50,995004,T,2202,GW,Balanced,Normal,Stagnating,17.0,0.46052493527531624,28.0,28.0,1.0,-6.0540075041398005
50,995004,T,2202,GW,Electricity,Resource,Stagnating,78.0,1.7998752919957042,283.0,283.0,18.0,150.59987277836402
50,995004,T,2202,GW,Electricity,TOU,Improving,21.0,0.48384372517466545,81.0,81.0,0.0,-5.0
50,995004,T,2202,GW,Electricity,TOU,Stagnating,145.0,3.55320268496871,433.0,433.0,23.0,112.54793450743617
50,995004,T,2202,GW,Flow,Normal,Stagnating,2.0,0.0483032688498497,4.0,4.0,0.0,-1.0
50,995004,T,2202,GW,Flow,TOU,Stagnating,55.0,1.528662788681686,167.0,167.0,0.0,-21.0
50,995004,T,2202,GW,Flow,Normal,Improving,2.0,0.0668876301497221,3.0,3.0,0.0,-1.0
50,995004,T,2202,GW,Flow,TOU,Improving,12.0,0.3181857019662857,33.0,33.0,0.0,-6.0
50,995004,T,2202,GW,Balanced,Normal,Improving,11.0,0.3363784411922097,23.0,23.0,0.0,-5.0
50,995004,T,2202,GW,Electricity,Normal,Improving,8.0,0.18844979163259268,18.0,18.0,1.0,-0.6062358591622006
50,995004,T,2202,LEGACY,Balanced,Compressible,Improving,78.0,1.359745230525732,175.0,175.0,16.0,106.76979515497128
50,995004,T,2202,LEGACY,Flow,Compressible,Improving,58.0,1.031909005716443,169.0,169.0,10.0,64.49795238247798
50,995004,T,2202,LEGACY,Electricity,Resource,Improving,11.0,0.20252284687012434,14.0,14.0,1.0,3.0
50,995004,T,2202,LEGACY,Electricity,Compressible,Improving,14.0,0.25953245908021927,16.0,16.0,1.0,3.0
50,995004,T,2202,LEGACY,Balanced,Compressible,Stagnating,33.0,0.6377458311617374,49.0,49.0,4.0,22.0
50,995004,T,2202,LEGACY,Flow,Compressible,Stagnating,41.0,0.7777602924033999,62.0,62.0,2.0,-8.29968746361343
50,995004,T,2202,LEGACY,Balanced,TOU,Stagnating,68.0,1.367203059606254,53.0,53.0,4.0,-19.68063400572895
50,995004,T,2202,LEGACY,Balanced,TOU,Improving,67.0,1.329864751547575,16.0,16.0,0.0,-58.0
50,995004,T,2202,LEGACY,Electricity,Compressible,Stagnating,2.0,0.03476692456752062,0.0,0.0,0.0,-2.0
50,995004,T,2202,LEGACY,Electricity,TOU,Improving,2.0,0.051903373561799526,2.0,2.0,0.0,-1.0
50,995004,T,2202,LEGACY,Flow,TOU,Improving,26.0,0.5037467386573553,15.0,15.0,0.0,-19.0
50,995004,T,2202,LEGACY,Flow,TOU,Stagnating,23.0,0.4884693454951048,21.0,21.0,0.0,-15.0
50,995004,T,2202,LEGACY,Balanced,Normal,Stagnating,11.0,0.21217895671725273,4.0,4.0,0.0,-9.0
50,995004,T,2202,LEGACY,Electricity,Normal,Improving,1.0,0.020421589724719524,0.0,0.0,0.0,-1.0
50,995004,T,2202,LEGACY,Electricity,Resource,Stagnating,7.0,0.11977338884025812,11.0,11.0,2.0,7.5767032663368035
50,995004,T,2202,LEGACY,Balanced,Normal,Improving,6.0,0.13011376466602087,8.0,8.0,0.0,-3.0
50,995004,T,2202,LEGACY,Electricity,TOU,Stagnating,1.0,0.01754059549421072,2.0,2.0,1.0,10.0
50,995004,T,2202,REFERENCE,Balanced,Compressible,Improving,104.0,2.156999295577407,381.0,381.0,28.0,162.10931293660937
50,995004,T,2202,REFERENCE,Flow,Compressible,Improving,85.0,1.801770863123238,279.0,279.0,14.0,56.73913591142947
50,995004,T,2202,REFERENCE,Electricity,Compressible,Improving,38.0,0.6789878765121102,121.0,121.0,17.0,147.20823632187808
50,995004,T,2202,REFERENCE,Balanced,Resource,Improving,32.0,0.6304697198793292,69.0,69.0,4.0,24.38201073466256
50,995004,T,2202,REFERENCE,Electricity,Compressible,Stagnating,2.0,0.04519975744187832,5.0,5.0,0.0,-1.0
50,995004,T,2202,REFERENCE,Electricity,Resource,Improving,36.0,0.8301414446905255,30.0,30.0,4.0,1.3469198179249275
50,995004,T,2202,REFERENCE,Balanced,Compressible,Stagnating,29.0,0.6390227191150188,65.0,65.0,7.0,47.1198002475811
50,995004,T,2202,REFERENCE,Flow,Compressible,Stagnating,33.0,0.7204062454402447,62.0,62.0,2.0,-5.712162397588059
50,995004,T,2202,REFERENCE,Balanced,TOU,Improving,3.0,0.07205233536660671,3.0,3.0,0.0,-2.0
50,995004,T,2202,REFERENCE,Balanced,Normal,Improving,87.0,1.9481110936030746,149.0,149.0,11.0,32.58342413019011
50,995004,T,2202,REFERENCE,Electricity,Resource,Stagnating,88.0,1.8423774493858218,121.0,121.0,17.0,111.33380064268331
50,995004,T,2202,REFERENCE,Electricity,Region,Improving,5.0,0.09901525266468525,8.0,8.0,2.0,11.732089840475465
50,995004,T,2202,REFERENCE,Electricity,Normal,Improving,51.0,1.1650363989174366,52.0,52.0,8.0,37.14438696983187
50,995004,T,2202,REFERENCE,Electricity,Normal,Stagnating,27.0,0.6576644433662295,29.0,29.0,3.0,11.374974764620589
50,995004,T,2202,REFERENCE,Electricity,TOU,Improving,1.0,0.018562598153948784,0.0,0.0,0.0,-1.0
50,995004,T,2202,REFERENCE,Balanced,Normal,Stagnating,47.0,1.1627067858353257,43.0,43.0,4.0,5.60545078013994
50,995004,T,2202,REFERENCE,Flow,Normal,Improving,14.0,0.3072656551375985,21.0,21.0,0.0,-7.0
50,995004,T,2202,REFERENCE,Flow,Normal,Stagnating,27.0,0.626667894423008,51.0,51.0,0.0,-13.0
50,995004,T,2202,REFERENCE,Balanced,TOU,Stagnating,1.0,0.018701723776757717,0.0,0.0,0.0,-1.0
50,995004,T,2202,REFERENCE,Flow,TOU,Stagnating,14.0,0.327285461127758,14.0,14.0,1.0,-1.1918140051580934
50,995004,T,2202,REFERENCE,Electricity,TOU,Stagnating,1.0,0.022188058122992516,0.0,0.0,0.0,-1.0
50,995004,T,2202,REFERENCE,Balanced,Resource,Stagnating,4.0,0.07808871660381556,7.0,7.0,0.0,-2.0
50,995004,T,2202,REFERENCE,Flow,TOU,Improving,1.0,0.014430155977606773,0.0,0.0,0.0,-1.0
50,995004,T,2202,REFERENCE,Balanced,Region,Improving,1.0,0.03697129897773266,0.0,0.0,0.0,-1.0
50,995004,T,2202,REFERENCE,Flow,Region,Stagnating,1.0,0.008657888509333134,0.0,0.0,0.0,-1.0
50,995004,T,1101,LEGACY,Electricity,Compressible,Improving,20.0,0.27742084581404924,70.0,70.0,9.0,61.73449167578995
50,995004,T,1101,LEGACY,Flow,Compressible,Improving,19.0,0.2792949387803674,73.0,73.0,0.0,-1.0
50,995004,T,1101,LEGACY,Balanced,Compressible,Improving,57.0,0.8055524406954646,197.0,197.0,16.0,105.39098372960962
50,995004,T,1101,LEGACY,Flow,Demand,Improving,6.0,0.08604815416038036,24.0,24.0,0.0,-2.0
50,995004,T,1101,LEGACY,Electricity,Demand,Improving,1.0,0.01382498349994421,0.0,0.0,0.0,-1.0
50,995004,T,1101,LEGACY,Flow,TOU,Improving,52.0,0.8685607183724642,168.0,168.0,7.0,30.861582363745413
50,995004,T,1101,LEGACY,Flow,Compressible,Stagnating,27.0,0.3669432206079364,87.0,87.0,2.0,3.092250422588961
50,995004,T,1101,LEGACY,Electricity,Resource,Stagnating,7.0,0.0955333448946476,19.0,19.0,2.0,11.895603092045736
50,995004,T,1101,LEGACY,Flow,Demand,Stagnating,13.0,0.2319921562448144,36.0,36.0,1.0,-3.3212274342412997
50,995004,T,1101,LEGACY,Electricity,Resource,Improving,2.0,0.023285498842597008,0.0,0.0,0.0,-2.0
50,995004,T,1101,LEGACY,Balanced,Demand,Improving,10.0,0.16977942269295454,38.0,38.0,0.0,-2.0
50,995004,T,1101,LEGACY,Balanced,Demand,Stagnating,16.0,0.26003691647201777,67.0,67.0,1.0,-0.14855873938319375
50,995004,T,1101,LEGACY,Flow,TOU,Stagnating,22.0,0.34618252888321877,67.0,67.0,1.0,-0.1042756391153068
50,995004,T,1101,LEGACY,Balanced,Region,Improving,27.0,0.4309255452826619,50.0,50.0,1.0,-4.0
50,995004,T,1101,LEGACY,Flow,Region,Stagnating,85.0,1.2631661063060164,123.0,123.0,0.0,-49.0
50,995004,T,1101,LEGACY,Electricity,TOU,Improving,3.0,0.049375033006072044,0.0,0.0,0.0,-3.0
50,995004,T,1101,LEGACY,Electricity,Region,Stagnating,77.0,1.1756349857896566,161.0,161.0,7.0,32.17003690731971
50,995004,T,1101,LEGACY,Balanced,Region,Stagnating,165.0,2.4887009393423796,390.0,390.0,15.0,-1.210841506381506
50,995004,T,1101,LEGACY,Balanced,TOU,Stagnating,4.0,0.08747617248445749,4.0,4.0,0.0,-3.0
50,995004,T,1101,LEGACY,Flow,Region,Improving,24.0,0.34004914853721857,45.0,45.0,0.0,-12.0
50,995004,T,1101,LEGACY,Flow,Normal,Stagnating,44.0,0.720518197864294,87.0,87.0,4.0,-6.831172635972177
50,995004,T,1101,LEGACY,Electricity,Region,Improving,14.0,0.21151364594697952,24.0,24.0,1.0,-4.703304422975649
50,995004,T,1101,LEGACY,Balanced,TOU,Improving,7.0,0.13295697513967752,6.0,6.0,1.0,0.11776732484775465
50,995004,T,1101,LEGACY,Flow,Normal,Improving,4.0,0.054792728275060654,9.0,9.0,0.0,-2.0
50,995004,T,1101,LEGACY,Balanced,Normal,Stagnating,2.0,0.027355371043086052,6.0,6.0,0.0,0.0
50,995004,T,1101,REFERENCE,Electricity,Compressible,Improving,20.0,0.4693992007523775,26.0,26.0,1.0,-3.0
50,995004,T,1101,REFERENCE,Flow,Compressible,Improving,55.0,1.1474053720012307,218.0,218.0,4.0,13.97642545580366
50,995004,T,1101,REFERENCE,Balanced,Compressible,Improving,30.0,0.6823491556569934,83.0,83.0,6.0,26.733874909997695
50,995004,T,1101,REFERENCE,Flow,Demand,Improving,3.0,0.06445399485528469,12.0,12.0,0.0,0.0
50,995004,T,1101,REFERENCE,Balanced,Resource,Improving,8.0,0.12726696860045195,37.0,37.0,3.0,7.507166054079521
50,995004,T,1101,REFERENCE,Balanced,Demand,Improving,11.0,0.2455317322164774,32.0,32.0,1.0,3.150806415578005
50,995004,T,1101,REFERENCE,Electricity,Resource,Improving,15.0,0.31892986688762903,59.0,59.0,5.0,29.248218810970666
50,995004,T,1101,REFERENCE,Electricity,TOU,Stagnating,29.0,0.7351216292008758,21.0,21.0,0.0,-20.0
50,995004,T,1101,REFERENCE,Flow,Compressible,Stagnating,41.0,0.8592450991272926,152.0,152.0,0.0,-4.0
50,995004,T,1101,REFERENCE,Balanced,Compressible,Stagnating,16.0,0.355236129835248,49.0,49.0,2.0,7.206011207092704
50,995004,T,1101,REFERENCE,Electricity,TOU,Improving,34.0,0.7598592909052968,39.0,39.0,3.0,-7.475545404112444
50,995004,T,1101,REFERENCE,Balanced,Region,Improving,21.0,0.45458323135972023,65.0,65.0,1.0,-1.4843163561955484
50,995004,T,1101,REFERENCE,Flow,Region,Stagnating,13.0,0.269473385065794,48.0,48.0,0.0,-1.0
50,995004,T,1101,REFERENCE,Balanced,Region,Stagnating,9.0,0.1953296922147274,27.0,27.0,0.0,-3.0
50,995004,T,1101,REFERENCE,Electricity,Compressible,Stagnating,2.0,0.0418988186866045,5.0,5.0,0.0,0.0
50,995004,T,1101,REFERENCE,Flow,Region,Improving,9.0,0.20046763960272074,27.0,27.0,0.0,-3.0
50,995004,T,1101,REFERENCE,Balanced,TOU,Improving,18.0,0.3660412598401308,24.0,24.0,0.0,-11.0
50,995004,T,1101,REFERENCE,Balanced,TOU,Stagnating,33.0,0.6771595319733024,53.0,53.0,1.0,-17.340605913067126
50,995004,T,1101,REFERENCE,Flow,Normal,Improving,67.0,1.1482363250106573,199.0,199.0,6.0,22.471344878759346
50,995004,T,1101,REFERENCE,Flow,Normal,Stagnating,42.0,0.8778024530038238,106.0,106.0,1.0,-8.8570541882826
50,995004,T,1101,REFERENCE,Electricity,Normal,Improving,4.0,0.07225191406905651,9.0,9.0,1.0,0.49004164927969174
50,995004,T,1101,REFERENCE,Electricity,Normal,Stagnating,8.0,0.18012332450598478,7.0,7.0,0.0,-3.0
50,995004,T,1101,REFERENCE,Balanced,Normal,Improving,14.0,0.3051193915307522,38.0,38.0,0.0,-4.0
50,995004,T,1101,REFERENCE,Balanced,Normal,Stagnating,16.0,0.3676820630207658,26.0,26.0,0.0,-8.0
50,995004,T,1101,REFERENCE,Flow,TOU,Improving,2.0,0.04267875012010336,2.0,2.0,0.0,-1.0
50,995004,T,1101,G,Electricity,Compressible,Improving,20.0,0.38666587602347136,26.0,26.0,1.0,-3.0
50,995004,T,1101,G,Flow,Compressible,Improving,49.0,0.9982360424473882,204.0,204.0,4.0,15.97642545580366
50,995004,T,1101,G,Balanced,Compressible,Improving,21.0,0.40303194988518953,69.0,69.0,5.0,23.783138680725834
50,995004,T,1101,G,Flow,Demand,Improving,3.0,0.06562448386102915,12.0,12.0,0.0,0.0
50,995004,T,1101,G,Balanced,Resource,Improving,8.0,0.14930029306560755,37.0,37.0,3.0,7.507166054079521
50,995004,T,1101,G,Balanced,Demand,Improving,11.0,0.23556535597890615,32.0,32.0,1.0,3.150806415578005
50,995004,T,1101,G,Electricity,Resource,Improving,15.0,0.33642383199185133,59.0,59.0,5.0,29.248218810970666
50,995004,T,1101,G,Electricity,TOU,Stagnating,56.0,1.1382370758801699,70.0,70.0,4.0,-1.5447285896945875
50,995004,T,1101,G,Flow,Compressible,Stagnating,25.0,0.5000079376623034,93.0,93.0,0.0,-2.0
50,995004,T,1101,G,Balanced,Compressible,Stagnating,14.0,0.2828962942585349,43.0,43.0,2.0,8.206011207092704
50,995004,T,1101,G,Electricity,TOU,Improving,46.0,0.9059033552184701,33.0,33.0,3.0,-10.66583411596822
50,995004,T,1101,G,Balanced,Region,Improving,23.0,0.4828690579161048,78.0,78.0,1.0,1.5156836438044516
50,995004,T,1101,G,Flow,Region,Stagnating,126.0,2.724188044667244,537.0,537.0,2.0,10.896149204952343
50,995004,T,1101,G,Balanced,Region,Stagnating,23.0,0.5003193020820618,83.0,83.0,1.0,7.0
50,995004,T,1101,G,Electricity,Compressible,Stagnating,1.0,0.02156918030232191,2.0,2.0,0.0,0.0
50,995004,T,1101,G,Flow,Region,Improving,77.0,1.5424751173704863,288.0,288.0,7.0,37.4781418584719
50,995004,T,1101,G,Balanced,TOU,Improving,32.0,0.7113145021721721,25.0,25.0,3.0,-2.4290308503322215
50,995004,T,1101,G,Balanced,TOU,Stagnating,59.0,1.2311496892943978,70.0,70.0,1.0,-34.84051316670495
50,995004,T,1101,W,Electricity,Compressible,Improving,30.0,0.7884580614045262,104.0,104.0,4.0,22.92394953659907
50,995004,T,1101,W,Flow,Compressible,Improving,38.0,0.9094175864011049,180.0,180.0,5.0,16.165271003892364
50,995004,T,1101,W,Balanced,Compressible,Improving,31.0,0.7944340445101261,127.0,127.0,6.0,27.58706575990831
50,995004,T,1101,W,Flow,Demand,Improving,1.0,0.026720660738646984,5.0,5.0,0.0,0.0
50,995004,T,1101,W,Balanced,Resource,Improving,8.0,0.18224823381751776,42.0,42.0,3.0,7.602086998469275
50,995004,T,1101,W,Balanced,Demand,Improving,18.0,0.46514673810452223,65.0,65.0,5.0,20.753043946148196
50,995004,T,1101,W,Electricity,Resource,Improving,5.0,0.10927835013717413,24.0,24.0,2.0,12.370652333435057
50,995004,T,1101,W,Electricity,Demand,Improving,5.0,0.12495382409542799,18.0,18.0,0.0,-2.0
50,995004,T,1101,W,Electricity,TOU,Stagnating,25.0,0.7447348982095718,63.0,63.0,1.0,-10.03536865168353
50,995004,T,1101,W,Balanced,Demand,Stagnating,1.0,0.02337047178298235,6.0,6.0,0.0,0.0
50,995004,T,1101,W,Balanced,Compressible,Stagnating,15.0,0.42718964628875256,62.0,62.0,0.0,-1.0
50,995004,T,1101,W,Electricity,TOU,Improving,23.0,0.7089570835232735,44.0,44.0,0.0,-13.0
50,995004,T,1101,W,Electricity,Compressible,Stagnating,12.0,0.31815791316330433,41.0,41.0,1.0,8.0
50,995004,T,1101,W,Flow,Normal,Improving,49.0,1.2476279744878411,203.0,203.0,4.0,3.034413138399483
50,995004,T,1101,W,Balanced,Normal,Stagnating,55.0,1.6096603088080883,127.0,127.0,1.0,-12.941241553485467
50,995004,T,1101,W,Flow,Compressible,Stagnating,16.0,0.43851772975176573,32.0,32.0,0.0,-8.0
50,995004,T,1101,W,Flow,Normal,Stagnating,28.0,0.6672561233863235,71.0,71.0,0.0,-11.0
50,995004,T,1101,W,Balanced,Normal,Improving,71.0,2.1887724976986647,176.0,176.0,0.0,-28.0
50,995004,T,1101,W,Electricity,Normal,Improving,4.0,0.13526526559144258,4.0,4.0,0.0,-3.0
50,995004,T,1101,W,Balanced,TOU,Stagnating,2.0,0.05861496273428202,2.0,2.0,0.0,-1.0
50,995004,T,1101,GW,Electricity,Compressible,Improving,28.0,0.6344133885577321,99.0,99.0,4.0,23.92394953659907
50,995004,T,1101,GW,Flow,Compressible,Improving,40.0,1.0170828523114324,207.0,207.0,6.0,22.666544796964942
50,995004,T,1101,GW,Balanced,Compressible,Improving,26.0,0.6290374659001827,115.0,115.0,6.0,29.58706575990831
50,995004,T,1101,GW,Flow,Demand,Improving,1.0,0.02649563644081354,5.0,5.0,0.0,0.0
50,995004,T,1101,GW,Balanced,Resource,Improving,8.0,0.17798358481377363,42.0,42.0,3.0,7.602086998469275
50,995004,T,1101,GW,Balanced,Demand,Improving,18.0,0.45004111155867577,65.0,65.0,5.0,20.753043946148196
50,995004,T,1101,GW,Electricity,Resource,Improving,5.0,0.11504988465458155,24.0,24.0,2.0,12.370652333435057
50,995004,T,1101,GW,Electricity,Demand,Improving,5.0,0.11980460211634636,18.0,18.0,0.0,-2.0
50,995004,T,1101,GW,Electricity,TOU,Stagnating,74.0,1.89751239400357,220.0,220.0,6.0,26.571057444447902
50,995004,T,1101,GW,Balanced,Demand,Stagnating,1.0,0.023386728949844837,6.0,6.0,0.0,0.0
50,995004,T,1101,GW,Balanced,Compressible,Stagnating,4.0,0.08426974434405565,19.0,19.0,0.0,0.0
50,995004,T,1101,GW,Electricity,TOU,Improving,52.0,1.4027564767748117,154.0,154.0,3.0,-1.1594791144216865
50,995004,T,1101,GW,Electricity,Compressible,Stagnating,2.0,0.04544720891863108,5.0,5.0,0.0,0.0
50,995004,T,1101,GW,Flow,Normal,Improving,84.0,1.9824158381670713,268.0,268.0,6.0,0.9046591871778951
50,995004,T,1101,GW,Balanced,Normal,Stagnating,30.0,0.7807305688038468,91.0,91.0,2.0,-0.012787342360265797
50,995004,T,1101,GW,Flow,Compressible,Stagnating,26.0,0.6408037021756172,116.0,116.0,0.0,-2.0
50,995004,T,1101,GW,Flow,Normal,Stagnating,80.0,1.9464945746585727,291.0,291.0,3.0,-10.031195317310775
50,995004,T,1101,GW,Balanced,Normal,Improving,45.0,1.182807800360024,124.0,124.0,1.0,-10.991246686662567
50,995004,T,1101,GW,Balanced,TOU,Stagnating,43.0,1.101372791454196,142.0,142.0,2.0,3.965990252403431
50,995004,T,1101,GW,Electricity,Normal,Improving,11.0,0.2672088202089071,31.0,31.0,0.0,-1.0
50,995004,T,1101,GW,Balanced,TOU,Improving,41.0,1.1233185641467571,134.0,134.0,5.0,2.122663599665179
50,995004,T,1101,GW,Electricity,Normal,Stagnating,9.0,0.21365520544350147,31.0,31.0,0.0,-1.0
50,995005,H,2202,LEGACY,Flow,Compressible,Improving,46.0,0.71516203135252,149.0,149.0,11.0,49.859370407589125
50,995005,H,2202,LEGACY,Balanced,Compressible,Improving,36.0,0.5424901731312275,127.0,127.0,12.0,104.15459452870506
50,995005,H,2202,LEGACY,Balanced,Demand,Improving,45.0,0.6663304483518004,154.0,154.0,5.0,13.230239153178193
50,995005,H,2202,LEGACY,Electricity,Resource,Improving,18.0,0.2534245830029249,64.0,64.0,4.0,35.0
50,995005,H,2202,LEGACY,Flow,Compressible,Stagnating,2.0,0.02880652341991663,6.0,6.0,0.0,-1.0
50,995005,H,2202,LEGACY,Electricity,Resource,Stagnating,31.0,0.41536423563957214,89.0,89.0,15.0,124.10501256984753
50,995005,H,2202,LEGACY,Flow,TOU,Improving,23.0,0.3621717430651188,40.0,40.0,0.0,-12.0
50,995005,H,2202,LEGACY,Flow,Demand,Improving,49.0,0.7489086780697107,166.0,166.0,7.0,17.72264175887778
50,995005,H,2202,LEGACY,Balanced,Resource,Improving,1.0,0.01584574207663536,1.0,1.0,0.0,0.0
50,995005,H,2202,LEGACY,Balanced,Demand,Stagnating,21.0,0.31234913412481546,84.0,84.0,1.0,-2.1943733710834605
50,995005,H,2202,LEGACY,Balanced,Compressible,Stagnating,2.0,0.03164350241422653,1.0,1.0,0.0,-1.0
50,995005,H,2202,LEGACY,Flow,TOU,Stagnating,43.0,0.6583667378872633,88.0,88.0,4.0,-2.8847179872380835
50,995005,H,2202,LEGACY,Electricity,TOU,Stagnating,120.0,1.7482512118294835,131.0,131.0,12.0,22.480375057183767
50,995005,H,2202,LEGACY,Electricity,TOU,Improving,45.0,0.6346956491470337,63.0,63.0,4.0,-0.3141315449753943
50,995005,H,2202,LEGACY,Balanced,Normal,Improving,35.0,0.5565137453377247,57.0,57.0,4.0,3.322129948298411
50,995005,H,2202,LEGACY,Balanced,TOU,Improving,47.0,0.7618256462737918,97.0,97.0,2.0,-10.619455072093743
50,995005,H,2202,LEGACY,Flow,Demand,Stagnating,164.0,2.4577983245253563,517.0,517.0,11.0,8.77907530251537
50,995005,H,2202,LEGACY,Balanced,TOU,Stagnating,162.0,2.3971091993153095,456.0,456.0,9.0,29.154552368882086
50,995005,H,2202,LEGACY,Electricity,Normal,Improving,3.0,0.05479126796126366,5.0,5.0,0.0,-1.0
50,995005,H,2202,LEGACY,Flow,Normal,Stagnating,45.0,0.6536340340971947,162.0,162.0,3.0,1.109667871166736
50,995005,H,2202,LEGACY,Electricity,Normal,Stagnating,4.0,0.05191913526505232,4.0,4.0,0.0,-2.0
50,995005,H,2202,LEGACY,Balanced,Normal,Stagnating,115.0,1.7126350328326225,325.0,325.0,7.0,1.5031383458263505
50,995005,H,2202,LEGACY,Flow,Normal,Improving,4.0,0.05706921871751547,13.0,13.0,0.0,-1.0
50,995005,H,2202,REFERENCE,Flow,Compressible,Improving,37.0,0.5893490286543965,137.0,137.0,11.0,66.93612784280565
50,995005,H,2202,REFERENCE,Balanced,Compressible,Improving,21.0,0.3903016019612551,71.0,71.0,10.0,73.1035954762827
50,995005,H,2202,REFERENCE,Balanced,Demand,Improving,59.0,1.3405947042629123,114.0,114.0,8.0,50.41768542163619
50,995005,H,2202,REFERENCE,Electricity,Resource,Improving,59.0,1.1037947898730636,145.0,145.0,19.0,138.09351816872393
50,995005,H,2202,REFERENCE,Flow,TOU,Improving,36.0,0.828055627644062,55.0,55.0,1.0,-15.675848517376526
50,995005,H,2202,REFERENCE,Balanced,Compressible,Stagnating,1.0,0.01817309856414795,0.0,0.0,0.0,-1.0
50,995005,H,2202,REFERENCE,Balanced,Demand,Stagnating,74.0,1.7024656925350428,163.0,163.0,21.0,105.85735720470963
50,995005,H,2202,REFERENCE,Flow,TOU,Stagnating,52.0,1.1147360233590007,106.0,106.0,4.0,12.154872389822778
50,995005,H,2202,REFERENCE,Flow,Demand,Improving,44.0,1.065692757256329,72.0,72.0,2.0,-3.584540874331008
50,995005,H,2202,REFERENCE,Electricity,Resource,Stagnating,15.0,0.2402221318334341,35.0,35.0,5.0,45.0
50,995005,H,2202,REFERENCE,Flow,Demand,Stagnating,106.0,2.3465802129358053,297.0,297.0,5.0,31.503483453008066
50,995005,H,2202,REFERENCE,Electricity,Compressible,Improving,2.0,0.044720105826854706,11.0,11.0,1.0,0.3833971194047037
50,995005,H,2202,REFERENCE,Electricity,Normal,Improving,46.0,0.9507876811549067,115.0,115.0,5.0,9.423371856852583
50,995005,H,2202,REFERENCE,Balanced,TOU,Stagnating,105.0,2.533688017167151,155.0,155.0,9.0,7.037950004331192
50,995005,H,2202,REFERENCE,Electricity,Normal,Stagnating,112.0,2.250539045780897,188.0,188.0,23.0,163.15766315788022
50,995005,H,2202,REFERENCE,Balanced,TOU,Improving,40.0,0.9861125526949763,62.0,62.0,1.0,-11.0
50,995005,H,2202,REFERENCE,Balanced,Normal,Improving,60.0,1.1947408095002174,75.0,75.0,10.0,31.202892176283257
50,995005,H,2202,REFERENCE,Flow,Normal,Stagnating,8.0,0.16525280103087425,0.0,0.0,0.0,-8.0
50,995005,H,2202,REFERENCE,Flow,Normal,Improving,6.0,0.15084069781005383,0.0,0.0,0.0,-6.0
50,995005,H,2202,REFERENCE,Electricity,TOU,Improving,9.0,0.21559974737465382,3.0,3.0,1.0,-5.109764474469312
50,995005,H,2202,REFERENCE,Electricity,TOU,Stagnating,1.0,0.01881684921681881,5.0,5.0,0.0,0.0
50,995005,H,2202,REFERENCE,Balanced,Normal,Stagnating,4.0,0.08985465113073587,4.0,4.0,0.0,-3.0
50,995005,H,2202,G,Flow,Compressible,Improving,37.0,0.6298083458095789,125.0,125.0,10.0,66.66000866968015
50,995005,H,2202,G,Balanced,Compressible,Improving,20.0,0.3802805729210377,61.0,61.0,7.0,56.85038252335394
50,995005,H,2202,G,Balanced,Demand,Improving,17.0,0.28511441871523857,53.0,53.0,2.0,17.0
50,995005,H,2202,G,Electricity,Resource,Improving,24.0,0.41003728099167347,61.0,61.0,8.0,64.27850536512004
50,995005,H,2202,G,Flow,TOU,Improving,18.0,0.34972306061536074,22.0,22.0,1.0,1.0
50,995005,H,2202,G,Electricity,Compressible,Improving,1.0,0.019158427603542805,5.0,5.0,1.0,1.0217524144636347
50,995005,H,2202,G,Flow,Demand,Improving,8.0,0.1542963646352291,7.0,7.0,0.0,-5.0
50,995005,H,2202,G,Electricity,Normal,Improving,68.0,1.2102037779986858,131.0,131.0,10.0,57.62807641652099
50,995005,H,2202,G,Electricity,TOU,Improving,1.0,0.01848145667463541,0.0,0.0,0.0,-1.0
50,995005,H,2202,G,Flow,Compressible,Stagnating,4.0,0.0667962683364749,13.0,13.0,0.0,0.0
50,995005,H,2202,G,Balanced,Normal,Improving,60.0,1.0270832413807511,160.0,160.0,3.0,0.7941748877101489
50,995005,H,2202,G,Electricity,Resource,Stagnating,1.0,0.013167697004973888,0.0,0.0,0.0,-1.0
50,995005,H,2202,G,Flow,TOU,Stagnating,39.0,0.7475680531933904,65.0,65.0,5.0,29.093484362863492
50,995005,H,2202,G,Balanced,Normal,Stagnating,47.0,0.8742275545373559,120.0,120.0,1.0,-8.282778808499458
50,995005,H,2202,G,Electricity,Normal,Stagnating,43.0,0.8773541264235973,72.0,72.0,2.0,-11.038852740680348
50,995005,H,2202,G,Flow,Demand,Stagnating,29.0,0.6578514566645026,34.0,34.0,0.0,-15.0
50,995005,H,2202,G,Flow,Normal,Improving,11.0,0.22693591844290495,11.0,11.0,0.0,-7.0
50,995005,H,2202,G,Balanced,TOU,Stagnating,2.0,0.03627290390431881,3.0,3.0,0.0,-1.0
50,995005,H,2202,G,Flow,Normal,Stagnating,7.0,0.14112066850066185,8.0,8.0,0.0,-4.0
50,995005,H,2202,W,Flow,Compressible,Improving,36.0,0.7367262095212936,173.0,173.0,10.0,77.57889741793588
50,995005,H,2202,W,Balanced,Compressible,Improving,4.0,0.07522701006382704,13.0,13.0,0.0,-1.0
50,995005,H,2202,W,Balanced,Demand,Improving,82.0,2.2754566119983792,309.0,309.0,10.0,69.37544703052568
50,995005,H,2202,W,Electricity,Resource,Improving,63.0,1.5719572808593512,268.0,268.0,33.0,273.83637392328444
50,995005,H,2202,W,Balanced,Demand,Stagnating,24.0,0.7170454682782292,49.0,49.0,2.0,3.866741416303859
50,995005,H,2202,W,Flow,Demand,Improving,65.0,1.671496443450451,157.0,157.0,4.0,1.2860300027292073
50,995005,H,2202,W,Electricity,Demand,Stagnating,13.0,0.38881245255470276,53.0,53.0,1.0,9.0
50,995005,H,2202,W,Flow,TOU,Improving,6.0,0.16568241827189922,11.0,11.0,0.0,-2.0
50,995005,H,2202,W,Electricity,TOU,Improving,56.0,1.6311152093112469,178.0,178.0,6.0,37.710525788495154
50,995005,H,2202,W,Flow,TOU,Stagnating,13.0,0.295744139701128,19.0,19.0,0.0,-6.0
50,995005,H,2202,W,Balanced,Normal,Improving,49.0,1.413141380995512,110.0,110.0,4.0,8.887814613681895
50,995005,H,2202,W,Flow,Demand,Stagnating,87.0,2.3207081081345677,245.0,245.0,6.0,18.941017721665077
50,995005,H,2202,W,Electricity,Demand,Improving,43.0,1.170896615833044,139.0,139.0,9.0,67.31937331275208
50,995005,H,2202,W,Balanced,TOU,Improving,21.0,0.6789387576282024,51.0,51.0,3.0,1.9523357742906065
50,995005,H,2202,W,Balanced,Normal,Stagnating,41.0,0.9327337434515357,89.0,89.0,1.0,-16.43610317476737
50,995005,H,2202,W,Flow,Normal,Improving,19.0,0.42492784932255745,50.0,50.0,1.0,6.0
50,995005,H,2202,W,Electricity,TOU,Stagnating,16.0,0.44451489485800266,55.0,55.0,2.0,16.732256625932003
50,995005,H,2202,W,Electricity,Normal,Improving,30.0,0.821145823225379,97.0,97.0,1.0,0.3194381319531532
50,995005,H,2202,W,Flow,Normal,Stagnating,6.0,0.09652923792600632,19.0,19.0,0.0,-2.0
50,995005,H,2202,W,Electricity,Normal,Stagnating,27.0,0.6414885325357318,63.0,63.0,1.0,-2.7262517014004137
50,995005,H,2202,W,Balanced,TOU,Stagnating,23.0,0.6605515377596021,85.0,85.0,2.0,3.091619377316631
50,995005,H,2202,GW,Flow,Compressible,Improving,36.0,0.7795280646532774,173.0,173.0,10.0,77.57889741793588
50,995005,H,2202,GW,Balanced,Compressible,Improving,4.0,0.08123120293021202,13.0,13.0,0.0,-1.0
50,995005,H,2202,GW,Balanced,Demand,Improving,96.0,2.520059390924871,373.0,373.0,12.0,77.01340598456257
50,995005,H,2202,GW,Electricity,Resource,Improving,63.0,1.509448891505599,268.0,268.0,33.0,273.83637392328444
50,995005,H,2202,GW,Balanced,Demand,Stagnating,44.0,1.1475540809333324,106.0,106.0,3.0,4.188607064309252
50,995005,H,2202,GW,Flow,Demand,Improving,88.0,2.014466148801148,296.0,296.0,8.0,19.396376033484593
50,995005,H,2202,GW,Electricity,Demand,Stagnating,24.0,0.5439065741375089,85.0,85.0,3.0,29.0
50,995005,H,2202,GW,Flow,TOU,Improving,15.0,0.3951851222664118,40.0,40.0,0.0,-2.0
50,995005,H,2202,GW,Electricity,TOU,Improving,66.0,1.4947117930278182,195.0,195.0,8.0,49.0757389017831
50,995005,H,2202,GW,Flow,TOU,Stagnating,66.0,1.4077483415603638,185.0,185.0,9.0,58.06687520207914
50,995005,H,2202,GW,Balanced,Normal,Improving,44.0,1.1581942094489932,116.0,116.0,3.0,11.0
50,995005,H,2202,GW,Flow,Demand,Stagnating,64.0,1.4986723344773054,181.0,181.0,4.0,6.4736390101307215
50,995005,H,2202,GW,Electricity,Demand,Improving,35.0,0.8213805686682463,106.0,106.0,7.0,59.89246938994267
50,995005,H,2202,GW,Balanced,TOU,Improving,8.0,0.2076743096113205,19.0,19.0,1.0,-1.7599567600371648
50,995005,H,2202,GW,Balanced,Normal,Stagnating,24.0,0.609798975288868,38.0,38.0,0.0,-11.0
50,995005,H,2202,GW,Flow,Normal,Improving,16.0,0.3877785736694932,28.0,28.0,0.0,-8.0
50,995005,H,2202,GW,Electricity,TOU,Stagnating,35.0,0.8714968962594867,113.0,113.0,3.0,18.724548144187253
50,995005,H,2202,GW,Electricity,Normal,Improving,38.0,0.9534436734393239,107.0,107.0,1.0,-6.488681176803537
50,995005,H,2202,GW,Flow,Normal,Stagnating,7.0,0.19529661070555449,12.0,12.0,0.0,-2.0
50,995005,H,2202,GW,Electricity,Normal,Stagnating,29.0,0.7582744508981705,87.0,87.0,0.0,-10.0
50,995005,H,2202,GW,Balanced,TOU,Stagnating,5.0,0.13036104571074247,14.0,14.0,0.0,-1.0
50,995005,H,1101,W,Flow,Demand,Improving,41.0,0.714374533854425,90.0,90.0,1.0,-14.220228613177227
50,995005,H,1101,W,Balanced,Compressible,Improving,18.0,0.28432397171854973,69.0,69.0,3.0,11.978551934916396
50,995005,H,1101,W,Flow,Compressible,Improving,16.0,0.23334656283259392,67.0,67.0,2.0,12.288279708214034
50,995005,H,1101,W,Balanced,Resource,Improving,2.0,0.025670837610960007,12.0,12.0,1.0,8.277289144778145
50,995005,H,1101,W,Electricity,Compressible,Improving,11.0,0.19721141457557678,40.0,40.0,0.0,-4.0
50,995005,H,1101,W,Electricity,Resource,Improving,3.0,0.04567636922001839,12.0,12.0,1.0,9.0
50,995005,H,1101,W,Balanced,Demand,Improving,92.0,1.63644037861377,220.0,220.0,3.0,-13.26883600043669
50,995005,H,1101,W,Flow,Demand,Stagnating,167.0,3.396359928883612,397.0,397.0,10.0,-8.37480503128887
50,995005,H,1101,W,Balanced,Compressible,Stagnating,3.0,0.054357659071683884,12.0,12.0,2.0,5.193960717868143
50,995005,H,1101,W,Electricity,Resource,Stagnating,8.0,0.15532203018665314,25.0,25.0,2.0,17.0
50,995005,H,1101,W,Electricity,Normal,Improving,47.0,0.8536363309249282,107.0,107.0,4.0,-6.7793852177875475
50,995005,H,1101,W,Balanced,TOU,Improving,27.0,0.583727277815342,90.0,90.0,2.0,0.10133339888143489
50,995005,H,1101,W,Flow,Compressible,Stagnating,19.0,0.31040161941200495,78.0,78.0,1.0,0.9355616059715604
50,995005,H,1101,W,Electricity,Normal,Stagnating,36.0,0.71034627687186,78.0,78.0,0.0,-17.0
50,995005,H,1101,W,Balanced,TOU,Stagnating,7.0,0.13597386050969362,17.0,17.0,1.0,-2.352396998658299
50,995005,H,1101,W,Flow,TOU,Stagnating,2.0,0.03041181154549122,7.0,7.0,0.0,0.0
50,995005,H,1101,W,Flow,TOU,Improving,14.0,0.2435759985819459,27.0,27.0,0.0,-6.0
50,995005,H,1101,W,Balanced,Demand,Stagnating,84.0,1.5831996109336615,216.0,216.0,2.0,-15.736125035295817
50,995005,H,1101,W,Electricity,Compressible,Stagnating,5.0,0.08561143185943365,13.0,13.0,0.0,-2.0
50,995005,H,1101,W,Electricity,TOU,Stagnating,15.0,0.2602003989741206,54.0,54.0,0.0,-5.0
50,995005,H,1101,W,Electricity,TOU,Improving,24.0,0.4875786444172263,54.0,54.0,3.0,10.878955920136335
50,995005,H,1101,W,Electricity,Demand,Stagnating,39.0,0.7431567087769508,62.0,62.0,3.0,9.260880307586739
50,995005,H,1101,W,Electricity,Demand,Improving,24.0,0.41537725273519754,43.0,43.0,0.0,-12.0
50,995005,H,1101,W,Balanced,Normal,Stagnating,23.0,0.4398719687014818,50.0,50.0,0.0,-12.0
50,995005,H,1101,W,Balanced,Normal,Improving,27.0,0.5138274794444442,67.0,67.0,2.0,0.12475355030741042
50,995005,H,1101,W,Flow,Normal,Improving,1.0,0.016067582182586193,0.0,0.0,0.0,-1.0
50,995005,H,1101,GW,Flow,Demand,Improving,50.0,1.1148938462138176,136.0,136.0,3.0,4.440389122567689
50,995005,H,1101,GW,Balanced,Compressible,Improving,20.0,0.43510199058800936,82.0,82.0,3.0,11.978551934916396
50,995005,H,1101,GW,Flow,Compressible,Improving,14.0,0.2974410131573677,65.0,65.0,2.0,15.496718095854966
50,995005,H,1101,GW,Balanced,Resource,Improving,2.0,0.03170890733599663,12.0,12.0,1.0,8.277289144778145
50,995005,H,1101,GW,Electricity,Compressible,Improving,2.0,0.031536239199340343,10.0,10.0,0.0,0.0
50,995005,H,1101,GW,Electricity,Resource,Improving,3.0,0.05868898797780275,12.0,12.0,1.0,9.0
50,995005,H,1101,GW,Balanced,Demand,Improving,49.0,1.1525209285318851,89.0,89.0,2.0,-9.849124474916316
50,995005,H,1101,GW,Flow,Demand,Stagnating,26.0,0.6065060291439295,58.0,58.0,0.0,-12.0
50,995005,H,1101,GW,Balanced,TOU,Stagnating,41.0,0.9899691911414266,74.0,74.0,0.0,-25.0
50,995005,H,1101,GW,Balanced,TOU,Improving,40.0,0.9364233426749706,88.0,88.0,2.0,-1.0187099611136645
50,995005,H,1101,GW,Balanced,Normal,Improving,11.0,0.29273033142089844,19.0,19.0,0.0,-6.0
50,995005,H,1101,GW,Flow,TOU,Improving,29.0,0.7007485274225473,70.0,70.0,0.0,-16.0
50,995005,H,1101,GW,Balanced,Normal,Stagnating,8.0,0.21783734764903784,18.0,18.0,0.0,-4.0
50,995005,H,1101,GW,Balanced,Demand,Stagnating,15.0,0.3753686621785164,23.0,23.0,0.0,-9.0
50,995005,H,1101,GW,Electricity,TOU,Stagnating,17.0,0.4704901622608304,35.0,35.0,1.0,0.0
50,995005,H,1101,GW,Electricity,TOU,Improving,27.0,0.5750858141109347,80.0,80.0,1.0,2.0
50,995005,H,1101,GW,Flow,TOU,Stagnating,40.0,0.9396989932283759,90.0,90.0,0.0,-17.0
50,995005,H,1101,GW,Electricity,Demand,Improving,36.0,0.8609759425744414,114.0,114.0,4.0,28.0
50,995005,H,1101,GW,Electricity,Demand,Stagnating,6.0,0.13893766421824694,9.0,9.0,0.0,-4.0
50,995005,H,1101,GW,Electricity,Normal,Improving,24.0,0.5247123464941978,46.0,46.0,1.0,-2.0
50,995005,H,1101,GW,Electricity,Normal,Stagnating,59.0,1.396673391573131,134.0,134.0,2.0,0.0
50,995005,H,1101,GW,Flow,Compressible,Stagnating,2.0,0.03533540200442076,12.0,12.0,0.0,0.0
50,995005,H,1101,GW,Flow,Normal,Stagnating,1.0,0.029654736630618572,0.0,0.0,0.0,-1.0
50,995005,H,1101,LEGACY,Flow,Demand,Improving,12.0,0.2803886979818344,27.0,27.0,1.0,-0.8388462857762891
50,995005,H,1101,LEGACY,Balanced,Compressible,Improving,18.0,0.31586397159844637,54.0,54.0,4.0,22.089784004670943
50,995005,H,1101,LEGACY,Flow,Compressible,Improving,82.0,1.6494305552914739,249.0,249.0,15.0,77.7135295720386
50,995005,H,1101,LEGACY,Balanced,Resource,Improving,3.0,0.050667447969317436,14.0,14.0,1.0,10.0
50,995005,H,1101,LEGACY,Electricity,Resource,Improving,1.0,0.01881960593163967,0.0,0.0,0.0,-1.0
50,995005,H,1101,LEGACY,Electricity,Demand,Improving,24.0,0.5539542185142636,40.0,40.0,3.0,-4.712843175531864
50,995005,H,1101,LEGACY,Flow,Demand,Stagnating,40.0,0.882786188274622,116.0,116.0,7.0,18.774538031899805
50,995005,H,1101,LEGACY,Electricity,Region,Improving,84.0,1.8815679997205734,186.0,186.0,24.0,176.2636676616654
50,995005,H,1101,LEGACY,Balanced,Compressible,Stagnating,1.0,0.017295807600021362,0.0,0.0,0.0,-1.0
50,995005,H,1101,LEGACY,Balanced,Demand,Stagnating,131.0,2.729828143492341,349.0,349.0,21.0,55.90949346544871
50,995005,H,1101,LEGACY,Electricity,KV,Improving,1.0,0.02341563254594803,0.0,0.0,0.0,-1.0
50,995005,H,1101,LEGACY,Electricity,TOU,Stagnating,10.0,0.23043856862932444,29.0,29.0,0.0,-3.0
50,995005,H,1101,LEGACY,Electricity,Normal,Stagnating,2.0,0.04910583421587944,0.0,0.0,0.0,-2.0
50,995005,H,1101,LEGACY,Electricity,Normal,Improving,6.0,0.15434404276311398,7.0,7.0,0.0,-4.0
50,995005,H,1101,LEGACY,Electricity,Demand,Stagnating,48.0,1.2445621751248837,102.0,102.0,8.0,27.815299010253497
50,995005,H,1101,LEGACY,Flow,Compressible,Stagnating,34.0,0.7559118997305632,90.0,90.0,3.0,12.83341489412275
50,995005,H,1101,LEGACY,Balanced,Demand,Improving,52.0,1.1671114647760987,123.0,123.0,6.0,14.034866953962435
50,995005,H,1101,LEGACY,Flow,TOU,Improving,60.0,1.288547039963305,174.0,174.0,1.0,-5.9140113233994125
50,995005,H,1101,LEGACY,Flow,TOU,Stagnating,47.0,0.989783301949501,139.0,139.0,0.0,-7.0
50,995005,H,1101,LEGACY,Balanced,Normal,Improving,8.0,0.201124619692564,11.0,11.0,0.0,-3.0
50,995005,H,1101,LEGACY,Balanced,TOU,Improving,22.0,0.478147866204381,54.0,54.0,0.0,-9.0
50,995005,H,1101,LEGACY,Electricity,Region,Stagnating,60.0,1.2737010698765516,112.0,112.0,20.0,148.89412007653374
50,995005,H,1101,LEGACY,Balanced,TOU,Stagnating,34.0,0.7729387264698744,99.0,99.0,1.0,1.6751287440839544
50,995005,H,1101,LEGACY,Balanced,Normal,Stagnating,12.0,0.26930447667837143,18.0,18.0,0.0,-7.0
50,995005,H,1101,LEGACY,Flow,Normal,Stagnating,9.0,0.1615920476615429,21.0,21.0,0.0,-2.0
50,995005,H,1101,LEGACY,Flow,Normal,Improving,36.0,0.7078286064788699,113.0,113.0,3.0,24.832261136444636
50,995005,H,1101,LEGACY,Electricity,TOU,Improving,2.0,0.05113753955811262,10.0,10.0,0.0,0.0
50,995005,H,1101,LEGACY,Balanced,Region,Improving,2.0,0.0346830990165472,4.0,4.0,0.0,0.0
50,995005,H,1101,LEGACY,Balanced,Region,Stagnating,5.0,0.11791406571865082,17.0,17.0,0.0,-1.0
50,995005,H,1101,REFERENCE,Flow,Demand,Improving,97.0,1.9297851053997874,268.0,268.0,10.0,23.52404322005748
50,995005,H,1101,REFERENCE,Balanced,Compressible,Improving,9.0,0.15711172204464674,22.0,22.0,3.0,13.718304855398777
50,995005,H,1101,REFERENCE,Flow,Compressible,Improving,24.0,0.3785905372351408,103.0,103.0,8.0,52.28194450018144
50,995005,H,1101,REFERENCE,Balanced,Resource,Improving,4.0,0.06581217981874943,17.0,17.0,1.0,10.0
50,995005,H,1101,REFERENCE,Electricity,Demand,Improving,5.0,0.08948413748294115,22.0,22.0,0.0,0.0
50,995005,H,1101,REFERENCE,Flow,Compressible,Stagnating,3.0,0.06349840015172958,11.0,11.0,0.0,-1.0
50,995005,H,1101,REFERENCE,Balanced,Demand,Improving,33.0,0.6663793157786131,59.0,59.0,8.0,24.898840376290575
50,995005,H,1101,REFERENCE,Balanced,TOU,Stagnating,30.0,0.643578109331429,16.0,16.0,0.0,-23.0
50,995005,H,1101,REFERENCE,Balanced,Compressible,Stagnating,8.0,0.14049723651260138,24.0,24.0,1.0,9.0
50,995005,H,1101,REFERENCE,Electricity,Resource,Improving,6.0,0.115952517837286,14.0,14.0,1.0,7.0
50,995005,H,1101,REFERENCE,Electricity,Region,Stagnating,53.0,1.1169216381385922,148.0,148.0,4.0,11.07980212328011
50,995005,H,1101,REFERENCE,Balanced,Normal,Improving,17.0,0.3456490579992533,33.0,33.0,3.0,10.035726034767727
50,995005,H,1101,REFERENCE,Flow,Demand,Stagnating,32.0,0.6171310469508171,62.0,62.0,1.0,-8.591592226625462
50,995005,H,1101,REFERENCE,Electricity,Region,Improving,72.0,1.6683021187782288,237.0,237.0,7.0,38.808267381181224
50,995005,H,1101,REFERENCE,Balanced,Demand,Stagnating,21.0,0.5167922349646688,48.0,48.0,6.0,45.96092452060596
50,995005,H,1101,REFERENCE,Electricity,TOU,Improving,1.0,0.017806035466492176,0.0,0.0,0.0,-1.0
50,995005,H,1101,REFERENCE,Electricity,Demand,Stagnating,1.0,0.022622795775532722,2.0,2.0,0.0,0.0
50,995005,H,1101,REFERENCE,Balanced,TOU,Improving,31.0,0.6496216515079141,41.0,41.0,1.0,-9.0
50,995005,H,1101,REFERENCE,Balanced,Region,Improving,13.0,0.29565437231212854,29.0,29.0,0.0,-5.0
50,995005,H,1101,REFERENCE,Electricity,Normal,Stagnating,28.0,0.4564137803390622,61.0,61.0,4.0,-0.5334818263688144
50,995005,H,1101,REFERENCE,Balanced,Region,Stagnating,9.0,0.19055222626775503,15.0,15.0,0.0,-4.0
50,995005,H,1101,REFERENCE,Flow,Normal,Improving,4.0,0.08389933966100216,8.0,8.0,0.0,0.0
50,995005,H,1101,REFERENCE,Flow,Normal,Stagnating,1.0,0.02297468576580286,0.0,0.0,0.0,-1.0
50,995005,H,1101,REFERENCE,Flow,TOU,Improving,36.0,0.7355847451835871,86.0,86.0,2.0,5.265295991532286
50,995005,H,1101,REFERENCE,Electricity,Resource,Stagnating,14.0,0.26389838196337223,44.0,44.0,5.0,18.829781225083433
50,995005,H,1101,REFERENCE,Balanced,Normal,Stagnating,5.0,0.09033538866788149,11.0,11.0,0.0,-1.0
50,995005,H,1101,REFERENCE,Flow,TOU,Stagnating,41.0,0.9036871455609798,48.0,48.0,3.0,-0.07196662559568878
50,995005,H,1101,REFERENCE,Electricity,Normal,Improving,18.0,0.4067020118236542,72.0,72.0,3.0,11.022190932394484
50,995005,H,1101,G,Flow,Demand,Improving,81.0,1.4701501550152898,314.0,314.0,14.0,66.43789373935593
50,995005,H,1101,G,Balanced,Compressible,Improving,9.0,0.1614070748910308,22.0,22.0,3.0,13.718304855398777
50,995005,H,1101,G,Flow,Compressible,Improving,16.0,0.2999984109774232,82.0,82.0,5.0,29.691261316479117
50,995005,H,1101,G,Balanced,Resource,Improving,4.0,0.07344237621873617,17.0,17.0,1.0,10.0
50,995005,H,1101,G,Electricity,Demand,Improving,4.0,0.0894945478066802,17.0,17.0,0.0,0.0
50,995005,H,1101,G,Flow,Compressible,Stagnating,1.0,0.021483780816197395,5.0,5.0,0.0,0.0
50,995005,H,1101,G,Balanced,Demand,Improving,47.0,0.891349870711565,108.0,108.0,6.0,21.9593660249016
50,995005,H,1101,G,Electricity,Resource,Improving,7.0,0.12220119498670101,11.0,11.0,1.0,0.7880045961829563
50,995005,H,1101,G,Electricity,Region,Stagnating,70.0,1.4355285502970219,68.0,68.0,4.0,-14.810661717925882
50,995005,H,1101,G,Balanced,TOU,Stagnating,85.0,1.4916260922327638,232.0,232.0,12.0,34.84416794452323
50,995005,H,1101,G,Flow,Demand,Stagnating,57.0,0.9577136263251305,201.0,201.0,5.0,27.838269025893098
50,995005,H,1101,G,Electricity,Resource,Stagnating,3.0,0.05795821640640497,6.0,6.0,0.0,0.0
50,995005,H,1101,G,Electricity,Region,Improving,38.0,0.8168491004034877,36.0,36.0,2.0,-7.863142742007888
50,995005,H,1101,G,Balanced,Demand,Stagnating,8.0,0.17487102188169956,29.0,29.0,2.0,7.404151964248117
50,995005,H,1101,G,Electricity,TOU,Improving,3.0,0.05718052573502064,2.0,2.0,0.0,-2.0
50,995005,H,1101,G,Electricity,Normal,Stagnating,5.0,0.0877737570554018,13.0,13.0,1.0,1.9387980595098497
50,995005,H,1101,G,Flow,TOU,Improving,39.0,0.6419363096356392,75.0,75.0,2.0,-7.032471550583942
50,995005,H,1101,G,Flow,TOU,Stagnating,41.0,0.6115537155419588,82.0,82.0,0.0,-22.0
50,995005,H,1101,G,Balanced,TOU,Improving,49.0,0.8553783232346177,130.0,130.0,4.0,5.705637686893658
50,995005,T,1101,GW,Flow,Demand,Improving,82.0,1.5664869574829936,253.0,253.0,6.0,29.804164932095993
50,995005,T,1101,GW,Balanced,Compressible,Improving,17.0,0.2710261307656765,64.0,64.0,3.0,8.017553405610597
50,995005,T,1101,GW,Flow,Compressible,Improving,43.0,0.7028168262913823,180.0,180.0,10.0,57.915342964202566
50,995005,T,1101,GW,Electricity,Demand,Improving,46.0,0.9722225936129689,122.0,122.0,9.0,53.888178517654765
50,995005,T,1101,GW,Balanced,Demand,Improving,150.0,3.4352581575512886,307.0,307.0,11.0,25.486869367304905
50,995005,T,1101,GW,Electricity,Resource,Improving,3.0,0.04548499267548323,5.0,5.0,0.0,-1.0
50,995005,T,1101,GW,Flow,Compressible,Stagnating,2.0,0.028221401385962963,10.0,10.0,0.0,0.0
50,995005,T,1101,GW,Electricity,Resource,Stagnating,2.0,0.048005782067775726,0.0,0.0,0.0,-2.0
50,995005,T,1101,GW,Electricity,TOU,Improving,1.0,0.010431688278913498,2.0,2.0,0.0,0.0
50,995005,T,1101,GW,Balanced,Compressible,Stagnating,11.0,0.20473546255379915,33.0,33.0,2.0,6.868480191709327
50,995005,T,1101,GW,Flow,Demand,Stagnating,166.0,3.5828313706442714,529.0,529.0,4.0,-0.5750089297887904
50,995005,T,1101,GW,Balanced,Normal,Improving,33.0,0.7353995088487864,124.0,124.0,0.0,-7.0
50,995005,T,1101,GW,Electricity,Normal,Stagnating,36.0,0.6661000261083245,57.0,57.0,2.0,-9.156903901723801
50,995005,T,1101,GW,Electricity,Demand,Stagnating,25.0,0.6016588602215052,40.0,40.0,1.0,-8.25064069149644
50,995005,T,1101,GW,Balanced,Normal,Stagnating,13.0,0.25017199106514454,39.0,39.0,0.0,-4.0
50,995005,T,1101,GW,Electricity,Normal,Improving,39.0,0.7192450324073434,65.0,65.0,7.0,41.920296986924996
50,995005,T,1101,GW,Balanced,Demand,Stagnating,126.0,2.876025821082294,330.0,330.0,6.0,17.190823887498738
50,995005,T,1101,GW,Flow,Normal,Improving,35.0,0.6975745456293225,114.0,114.0,0.0,-10.0
50,995005,T,1101,GW,Flow,Normal,Stagnating,50.0,1.068813731893897,144.0,144.0,0.0,-9.0
50,995005,T,1101,GW,Flow,Region,Stagnating,5.0,0.15550280176103115,7.0,7.0,0.0,-1.0
50,995005,T,1101,GW,Balanced,Region,Stagnating,10.0,0.258605326525867,23.0,23.0,0.0,-3.0
50,995005,T,1101,GW,Balanced,Region,Improving,15.0,0.28041992243379354,68.0,68.0,0.0,-3.0
50,995005,T,1101,GW,Electricity,Region,Stagnating,2.0,0.012667464092373848,0.0,0.0,0.0,-2.0
50,995005,T,1101,LEGACY,Flow,Demand,Improving,54.0,1.1375431017950177,130.0,130.0,3.0,2.1418061009281413
50,995005,T,1101,LEGACY,Balanced,Compressible,Improving,4.0,0.07032216247171164,11.0,11.0,0.0,-1.0
50,995005,T,1101,LEGACY,Flow,Compressible,Improving,52.0,1.0038118809461594,178.0,178.0,10.0,42.59666303994021
50,995005,T,1101,LEGACY,Electricity,Demand,Improving,15.0,0.31988502107560635,61.0,61.0,4.0,16.879689474265877
50,995005,T,1101,LEGACY,Balanced,Demand,Improving,51.0,1.0046775080263615,193.0,193.0,14.0,48.007018596431834
50,995005,T,1101,LEGACY,Electricity,Resource,Improving,21.0,0.4982263343408704,60.0,60.0,7.0,49.473674273146884
50,995005,T,1101,LEGACY,Electricity,Region,Improving,2.0,0.04243380855768919,10.0,10.0,0.0,0.0
50,995005,T,1101,LEGACY,Electricity,Compressible,Improving,1.0,0.019502119161188602,0.0,0.0,0.0,-1.0
50,995005,T,1101,LEGACY,Balanced,Compressible,Stagnating,1.0,0.017919334582984447,0.0,0.0,0.0,-1.0
50,995005,T,1101,LEGACY,Electricity,TOU,Stagnating,27.0,0.6299192868173122,61.0,61.0,0.0,-12.0
50,995005,T,1101,LEGACY,Electricity,Region,Stagnating,2.0,0.04775408562272787,3.0,3.0,0.0,-1.0
50,995005,T,1101,LEGACY,Electricity,Resource,Stagnating,1.0,0.026460074819624424,4.0,4.0,1.0,6.395245958874768
50,995005,T,1101,LEGACY,Flow,Compressible,Stagnating,27.0,0.5101304054260254,129.0,129.0,5.0,18.37476669540353
50,995005,T,1101,LEGACY,Electricity,Normal,Improving,93.0,1.7536445064470172,245.0,245.0,4.0,4.436627017811993
50,995005,T,1101,LEGACY,Electricity,Normal,Stagnating,65.0,1.2764167357236147,159.0,159.0,7.0,29.065483168977863
50,995005,T,1101,LEGACY,Electricity,TOU,Improving,20.0,0.4426485598087311,43.0,43.0,2.0,-6.861439676598003
50,995005,T,1101,LEGACY,Balanced,Demand,Stagnating,2.0,0.03480028733611107,12.0,12.0,0.0,0.0
50,995005,T,1101,LEGACY,Balanced,TOU,Stagnating,12.0,0.2894632676616311,31.0,31.0,0.0,-4.0
50,995005,T,1101,LEGACY,Flow,Demand,Stagnating,61.0,1.2910093013197184,179.0,179.0,4.0,9.107187944737706
50,995005,T,1101,LEGACY,Balanced,Normal,Improving,98.0,2.0667607383802533,355.0,355.0,3.0,7.135508855394626
50,995005,T,1101,LEGACY,Balanced,Normal,Stagnating,93.0,1.9162585949525237,349.0,349.0,2.0,-3.224022673840854
50,995005,T,1101,LEGACY,Balanced,TOU,Improving,15.0,0.32310403045266867,57.0,57.0,0.0,-3.0
50,995005,T,1101,LEGACY,Flow,Normal,Improving,30.0,0.6936547327786684,104.0,104.0,1.0,0.8225837434825181
50,995005,T,1101,LEGACY,Flow,Normal,Stagnating,16.0,0.3520835991948843,68.0,68.0,0.0,-3.0
50,995005,T,1101,REFERENCE,Flow,Demand,Improving,83.0,1.7307783290743828,181.0,181.0,8.0,15.926089714932072
50,995005,T,1101,REFERENCE,Balanced,Compressible,Improving,4.0,0.06945433560758829,3.0,3.0,0.0,-2.0
50,995005,T,1101,REFERENCE,Flow,Compressible,Improving,3.0,0.060866570100188255,18.0,18.0,1.0,2.664599675744759
50,995005,T,1101,REFERENCE,Electricity,Demand,Improving,18.0,0.3996821139007807,57.0,57.0,2.0,15.0
50,995005,T,1101,REFERENCE,Balanced,Demand,Improving,95.0,2.076400736346841,224.0,224.0,8.0,9.22065505887345
50,995005,T,1101,REFERENCE,Electricity,Resource,Improving,35.0,0.743629015982151,108.0,108.0,14.0,123.9128484670836
50,995005,T,1101,REFERENCE,Electricity,Resource,Stagnating,34.0,0.7830200120806694,89.0,89.0,11.0,75.34947322795674
50,995005,T,1101,REFERENCE,Flow,Demand,Stagnating,99.0,2.1403352338820696,262.0,262.0,8.0,26.553104981996825
50,995005,T,1101,REFERENCE,Balanced,Demand,Stagnating,58.0,1.1442226488143206,148.0,148.0,2.0,-17.781870124907428
50,995005,T,1101,REFERENCE,Electricity,Normal,Improving,36.0,0.702089412137866,72.0,72.0,3.0,11.203475631482792
50,995005,T,1101,REFERENCE,Electricity,Normal,Stagnating,32.0,0.6045576902106404,47.0,47.0,1.0,-8.0
50,995005,T,1101,REFERENCE,Flow,Normal,Stagnating,5.0,0.0921960137784481,5.0,5.0,0.0,-4.0
50,995005,T,1101,REFERENCE,Flow,Normal,Improving,7.0,0.1405367087572813,18.0,18.0,0.0,0.0
50,995005,T,1101,REFERENCE,Flow,Compressible,Stagnating,1.0,0.02410443127155304,2.0,2.0,0.0,0.0
50,995005,T,1101,REFERENCE,Balanced,Normal,Stagnating,9.0,0.20778529439121485,17.0,17.0,0.0,-5.0
50,995005,T,1101,REFERENCE,Balanced,Normal,Improving,1.0,0.023091896437108517,6.0,6.0,0.0,0.0
50,995005,T,1101,REFERENCE,Electricity,Demand,Stagnating,15.0,0.30338392965495586,58.0,58.0,3.0,1.288338167833659
50,995005,T,1101,REFERENCE,Electricity,TOU,Improving,2.0,0.03742167539894581,5.0,5.0,0.0,-1.0
50,995005,T,1101,REFERENCE,Electricity,Region,Improving,24.0,0.5592641662806273,81.0,81.0,2.0,0.24322947861279687
50,995005,T,1101,REFERENCE,Electricity,TOU,Stagnating,3.0,0.07127226516604424,10.0,10.0,1.0,7.576631040725548
50,995005,T,1101,REFERENCE,Balanced,TOU,Improving,1.0,0.02554227039217949,6.0,6.0,1.0,0.21955017716254527
50,995005,T,1101,REFERENCE,Balanced,Region,Improving,21.0,0.46606174390763044,63.0,63.0,0.0,-4.0
50,995005,T,1101,REFERENCE,Electricity,Region,Stagnating,30.0,0.6608091779053211,61.0,61.0,1.0,-4.0
50,995005,T,1101,REFERENCE,Balanced,Region,Stagnating,26.0,0.5727846557274461,70.0,70.0,1.0,-10.175215273972661
50,995005,T,1101,REFERENCE,Flow,Region,Improving,1.0,0.018406500108540058,5.0,5.0,0.0,0.0
50,995005,T,1101,G,Flow,Demand,Improving,77.0,1.5895676659420133,199.0,199.0,8.0,19.27945570222264
50,995005,T,1101,G,Balanced,Compressible,Improving,5.0,0.07516920752823353,7.0,7.0,0.0,-2.0
50,995005,T,1101,G,Flow,Compressible,Improving,3.0,0.04669209476560354,18.0,18.0,1.0,2.664599675744759
50,995005,T,1101,G,Electricity,Demand,Improving,11.0,0.19931909069418907,42.0,42.0,2.0,19.0
50,995005,T,1101,G,Balanced,Demand,Improving,25.0,0.4964157920330763,59.0,59.0,1.0,0.017308704049622925
50,995005,T,1101,G,Electricity,Resource,Improving,34.0,0.6589025929570198,106.0,106.0,14.0,123.9128484670836
50,995005,T,1101,G,Electricity,Resource,Stagnating,45.0,0.9226036751642823,131.0,131.0,14.0,97.02775079959427
50,995005,T,1101,G,Flow,Demand,Stagnating,95.0,1.896249869838357,262.0,262.0,8.0,24.040020649450163
50,995005,T,1101,G,Balanced,Demand,Stagnating,37.0,0.8210722291842103,131.0,131.0,1.0,-1.9714133700441163
50,995005,T,1101,G,Electricity,Normal,Improving,8.0,0.16646190825849771,21.0,21.0,1.0,3.620649837084719
50,995005,T,1101,G,Electricity,Normal,Stagnating,3.0,0.054893748834729195,5.0,5.0,0.0,-1.0
50,995005,T,1101,G,Flow,Normal,Stagnating,52.0,0.8205177569761872,103.0,103.0,4.0,5.302605666279748
50,995005,T,1101,G,Balanced,Normal,Stagnating,90.0,1.615074505098164,279.0,279.0,9.0,41.51205466261663
50,995005,T,1101,G,Flow,Normal,Improving,45.0,0.7232597479596734,138.0,138.0,2.0,4.512468822901562
50,995005,T,1101,G,Balanced,Region,Stagnating,51.0,1.0698487339541316,112.0,112.0,4.0,11.170681373833347
50,995005,T,1101,G,Flow,Compressible,Stagnating,3.0,0.06958526466041803,13.0,13.0,0.0,0.0
50,995005,T,1101,G,Balanced,Region,Improving,36.0,0.798342359252274,93.0,93.0,2.0,-5.598877900887322
50,995005,T,1101,G,Electricity,Region,Stagnating,59.0,1.4459366900846362,119.0,119.0,5.0,9.523969003758811
50,995005,T,1101,G,Electricity,Region,Improving,39.0,0.9107519360259175,72.0,72.0,4.0,3.103537260189608
50,995005,T,1101,G,Balanced,Normal,Improving,3.0,0.06495478842407465,4.0,4.0,0.0,-1.0
50,995005,T,1101,G,Flow,Region,Improving,1.0,0.01854528207331896,5.0,5.0,0.0,0.0
50,995005,T,1101,G,Flow,Region,Stagnating,7.0,0.17738308291882277,23.0,23.0,0.0,-2.0
50,995005,T,1101,W,Flow,Demand,Improving,46.0,1.0127836391329765,189.0,189.0,7.0,36.28785033452693
50,995005,T,1101,W,Balanced,Compressible,Improving,15.0,0.29418015852570534,62.0,62.0,3.0,11.017553405610597
50,995005,T,1101,W,Flow,Compressible,Improving,60.0,1.2404814399778843,279.0,279.0,18.0,118.96888188440819
50,995005,T,1101,W,Electricity,Demand,Improving,28.0,0.5828368524089456,96.0,96.0,8.0,49.888178517654765
50,995005,T,1101,W,Balanced,Demand,Improving,9.0,0.19667689502239227,23.0,23.0,1.0,6.0
50,995005,T,1101,W,Electricity,Resource,Improving,3.0,0.06377601996064186,4.0,4.0,0.0,-2.0
50,995005,T,1101,W,Flow,Compressible,Stagnating,21.0,0.4535465156659484,87.0,87.0,3.0,11.70925399416338
50,995005,T,1101,W,Electricity,Resource,Stagnating,2.0,0.043241236358881,6.0,6.0,0.0,-1.0
50,995005,T,1101,W,Electricity,TOU,Improving,73.0,1.9568875711411238,163.0,163.0,12.0,86.52485220937123
50,995005,T,1101,W,Balanced,Compressible,Stagnating,3.0,0.05682786274701357,13.0,13.0,1.0,10.0
50,995005,T,1101,W,Balanced,Normal,Stagnating,12.0,0.297803221270442,33.0,33.0,0.0,-4.0
50,995005,T,1101,W,Balanced,Normal,Improving,48.0,1.0844557657837868,153.0,153.0,10.0,60.07211514299486
50,995005,T,1101,W,Flow,Normal,Improving,34.0,0.8542576916515827,155.0,155.0,4.0,23.02730360693212
50,995005,T,1101,W,Electricity,Normal,Improving,6.0,0.14479057677090168,8.0,8.0,0.0,-4.0
50,995005,T,1101,W,Balanced,Demand,Stagnating,1.0,0.021194767206907272,4.0,4.0,0.0,0.0
50,995005,T,1101,W,Flow,Normal,Stagnating,13.0,0.34421720542013645,44.0,44.0,0.0,-3.0
50,995005,T,1101,W,Balanced,TOU,Improving,129.0,3.3072405718266964,306.0,306.0,13.0,46.851793696443934
50,995005,T,1101,W,Flow,Demand,Stagnating,35.0,0.7464025476947427,150.0,150.0,3.0,8.098683761693348
50,995005,T,1101,W,Electricity,TOU,Stagnating,66.0,1.8173318020999432,132.0,132.0,12.0,70.1269717806889
50,995005,T,1101,W,Balanced,TOU,Stagnating,64.0,1.5716910911723971,154.0,154.0,1.0,-16.367248707643178
50,995005,T,1101,W,Flow,TOU,Stagnating,40.0,1.054113170132041,134.0,134.0,0.0,-14.0
50,995005,T,1101,W,Flow,TOU,Improving,13.0,0.34551132190972567,26.0,26.0,0.0,-7.0
50,995005,T,1101,W,Electricity,Normal,Stagnating,20.0,0.5725988168269396,32.0,32.0,1.0,0.0
50,995005,T,2202,REFERENCE,Flow,Compressible,Improving,32.0,0.5030916566029191,83.0,83.0,4.0,23.601605574196924
50,995005,T,2202,REFERENCE,Balanced,Compressible,Improving,10.0,0.14553517755120993,30.0,30.0,2.0,13.208672407267546
50,995005,T,2202,REFERENCE,Balanced,Region,Improving,4.0,0.0890645133331418,18.0,18.0,1.0,1.5963626033572393
50,995005,T,2202,REFERENCE,Balanced,Resource,Improving,26.0,0.3772390531376004,48.0,48.0,4.0,9.387228978965318
50,995005,T,2202,REFERENCE,Electricity,Resource,Improving,202.0,3.1042058067396283,406.0,406.0,51.0,293.9468418655006
50,995005,T,2202,REFERENCE,Balanced,Demand,Improving,20.0,0.3119582375511527,40.0,40.0,3.0,9.419635340820454
50,995005,T,2202,REFERENCE,Balanced,Resource,Stagnating,42.0,0.7454773057252169,68.0,68.0,5.0,5.732364926714066
50,995005,T,2202,REFERENCE,Balanced,Demand,Stagnating,20.0,0.3359549567103386,15.0,15.0,2.0,-1.4379296147623215
50,995005,T,2202,REFERENCE,Flow,Compressible,Stagnating,18.0,0.3020172044634819,45.0,45.0,3.0,10.668552495371472
50,995005,T,2202,REFERENCE,Flow,Demand,Improving,14.0,0.23379456624388695,11.0,11.0,1.0,0.0
50,995005,T,2202,REFERENCE,Electricity,Resource,Stagnating,117.0,1.9445740729570389,165.0,165.0,18.0,88.06959361775216
50,995005,T,2202,REFERENCE,Flow,Normal,Improving,60.0,1.0339722549542785,72.0,72.0,2.0,-20.37595613528939
50,995005,T,2202,REFERENCE,Balanced,Normal,Improving,26.0,0.36634643748402596,18.0,18.0,1.0,-12.706852246730321
50,995005,T,2202,REFERENCE,Balanced,Normal,Stagnating,46.0,0.7805719329044223,28.0,28.0,1.0,-22.0
50,995005,T,2202,REFERENCE,Flow,Demand,Stagnating,21.0,0.3571014553308487,41.0,41.0,2.0,6.82747251911451
50,995005,T,2202,REFERENCE,Flow,Normal,Stagnating,99.0,1.678919875063002,91.0,91.0,7.0,-14.5354628588011
50,995005,T,2202,REFERENCE,Electricity,Normal,Stagnating,18.0,0.24791131541132927,16.0,16.0,2.0,7.046404574491179
50,995005,T,2202,REFERENCE,Electricity,Normal,Improving,8.0,0.10468358919024467,4.0,4.0,1.0,4.0
50,995005,T,2202,G,Flow,Compressible,Improving,42.0,0.8425805410370231,86.0,86.0,5.0,23.735417856943414
50,995005,T,2202,G,Balanced,Compressible,Improving,10.0,0.16682428121566772,30.0,30.0,2.0,13.208672407267546
50,995005,T,2202,G,Balanced,Region,Improving,33.0,0.6074075112119317,101.0,101.0,5.0,20.98005795075935
50,995005,T,2202,G,Balanced,Resource,Improving,18.0,0.2736819237470627,46.0,46.0,4.0,27.444129006220592
50,995005,T,2202,G,Electricity,Resource,Improving,38.0,0.7918086294084787,151.0,151.0,14.0,93.61572220201525
50,995005,T,2202,G,Balanced,Demand,Improving,4.0,0.09201526269316673,10.0,10.0,1.0,8.0
50,995005,T,2202,G,Balanced,Resource,Stagnating,1.0,0.019063258543610573,4.0,4.0,0.0,0.0
50,995005,T,2202,G,Balanced,Demand,Stagnating,2.0,0.049952175468206406,5.0,5.0,0.0,-1.0
50,995005,T,2202,G,Flow,Compressible,Stagnating,9.0,0.1928337113931775,29.0,29.0,0.0,-1.0
50,995005,T,2202,G,Electricity,Resource,Stagnating,14.0,0.27024105563759804,35.0,35.0,4.0,37.0
50,995005,T,2202,G,Flow,Normal,Improving,28.0,0.5484589822590351,48.0,48.0,0.0,-14.0
50,995005,T,2202,G,Balanced,Region,Stagnating,88.0,1.7704562917351723,231.0,231.0,7.0,-7.82120501887573
50,995005,T,2202,G,Electricity,Region,Stagnating,34.0,0.7020266782492399,41.0,41.0,1.0,-17.156529647986837
50,995005,T,2202,G,Electricity,Region,Improving,22.0,0.5331217469647527,63.0,63.0,1.0,-7.2073579955317095
50,995005,T,2202,G,Flow,Normal,Stagnating,80.0,1.5211202250793576,128.0,128.0,0.0,-39.0
50,995005,T,2202,G,Balanced,Normal,Improving,36.0,0.7055282648652792,110.0,110.0,4.0,13.810988815419584
50,995005,T,2202,G,Balanced,Normal,Stagnating,28.0,0.5325488997623324,37.0,37.0,0.0,-15.0
50,995005,T,2202,G,Flow,Region,Stagnating,4.0,0.04410423617810011,12.0,12.0,0.0,0.0
50,995005,T,2202,W,Flow,Compressible,Improving,18.0,0.3663206035271287,92.0,92.0,1.0,8.999001543447658
50,995005,T,2202,W,Balanced,Compressible,Improving,2.0,0.046771496534347534,8.0,8.0,0.0,0.0
50,995005,T,2202,W,Balanced,Region,Improving,4.0,0.10393687896430492,18.0,18.0,1.0,7.471206588787897
50,995005,T,2202,W,Balanced,Resource,Improving,11.0,0.23817431274801493,64.0,64.0,3.0,28.95011902139527
50,995005,T,2202,W,Electricity,Resource,Improving,58.0,1.3548304149881005,255.0,255.0,22.0,184.20852590132847
50,995005,T,2202,W,Flow,Demand,Improving,134.0,3.689149306155741,541.0,541.0,21.0,129.83405745606078
50,995005,T,2202,W,Balanced,TOU,Improving,1.0,0.0203016996383667,0.0,0.0,0.0,-1.0
50,995005,T,2202,W,Balanced,Demand,Improving,12.0,0.3007568437606096,24.0,24.0,2.0,8.077665018198777
50,995005,T,2202,W,Flow,Demand,Stagnating,118.0,3.3014871226623654,513.0,513.0,17.0,98.65077887529418
50,995005,T,2202,W,Flow,Compressible,Stagnating,4.0,0.10217430628836155,17.0,17.0,0.0,0.0
50,995005,T,2202,W,Balanced,Resource,Stagnating,4.0,0.10065209865570068,1.0,1.0,1.0,7.0
50,995005,T,2202,W,Electricity,Normal,Improving,53.0,1.6002678563818336,128.0,128.0,8.0,59.0
50,995005,T,2202,W,Balanced,TOU,Stagnating,9.0,0.24657046515494585,28.0,28.0,1.0,1.7347258581518537
50,995005,T,2202,W,Flow,TOU,Improving,11.0,0.2615150585770607,53.0,53.0,1.0,7.668600622770856
50,995005,T,2202,W,Electricity,Normal,Stagnating,35.0,1.203008595854044,95.0,95.0,4.0,29.22532524301782
50,995005,T,2202,W,Balanced,Normal,Stagnating,100.0,3.2269747806712985,268.0,268.0,5.0,-6.096295786006591
50,995005,T,2202,W,Balanced,Normal,Improving,162.0,4.664347697049379,532.0,532.0,20.0,94.09122186168435
50,995005,T,2202,W,Flow,Normal,Improving,20.0,0.5544540267437696,79.0,79.0,2.0,2.656814530835578
50,995005,T,2202,W,Flow,TOU,Stagnating,11.0,0.29040939174592495,45.0,45.0,1.0,1.167440999459855
50,995005,T,2202,W,Flow,Normal,Stagnating,34.0,0.9787289807572961,95.0,95.0,2.0,-0.5463901401356019
50,995005,T,2202,W,Electricity,Resource,Stagnating,35.0,1.1947330571711063,112.0,112.0,2.0,0.2213790767049595
50,995005,T,2202,GW,Flow,Compressible,Improving,23.0,0.4391137342900038,95.0,95.0,7.0,40.70317469293054
50,995005,T,2202,GW,Balanced,Compressible,Improving,35.0,0.8920609848573804,141.0,141.0,6.0,39.66195270261892
50,995005,T,2202,GW,Balanced,Region,Improving,29.0,0.6267748717218637,96.0,96.0,4.0,19.749698674346575
50,995005,T,2202,GW,Balanced,Resource,Improving,10.0,0.1743381042033434,58.0,58.0,2.0,20.0
50,995005,T,2202,GW,Electricity,Resource,Improving,100.0,2.1385472677648067,372.0,372.0,42.0,356.13865743360344
50,995005,T,2202,GW,Flow,Demand,Improving,94.0,2.542544507421553,309.0,309.0,19.0,120.7200968502355
50,995005,T,2202,GW,Balanced,TOU,Improving,54.0,1.3374351942911744,202.0,202.0,16.0,100.09408220972594
50,995005,T,2202,GW,Balanced,Demand,Improving,55.0,1.0359368389472365,220.0,220.0,24.0,160.677764278217
50,995005,T,2202,GW,Flow,Demand,Stagnating,41.0,0.9495737673714757,155.0,155.0,5.0,27.32521780573726
50,995005,T,2202,GW,Balanced,Demand,Stagnating,2.0,0.03337777126580477,12.0,12.0,1.0,2.030415971856649
50,995005,T,2202,GW,Electricity,Demand,Improving,1.0,0.020833936519920826,6.0,6.0,0.0,0.0
50,995005,T,2202,GW,Electricity,Compressible,Improving,18.0,0.5143794668838382,66.0,66.0,2.0,17.0
50,995005,T,2202,GW,Flow,TOU,Improving,13.0,0.342594807036221,21.0,21.0,1.0,-2.539771023501454
50,995005,T,2202,GW,Balanced,Normal,Improving,77.0,2.0413199588656425,233.0,233.0,9.0,29.03400524957221
50,995005,T,2202,GW,Balanced,TOU,Stagnating,52.0,1.2357705114409328,188.0,188.0,8.0,39.72253950794442
50,995005,T,2202,GW,Electricity,Compressible,Stagnating,6.0,0.1612961506471038,11.0,11.0,0.0,-3.0
50,995005,T,2202,GW,Balanced,Normal,Stagnating,77.0,2.1207999903708696,185.0,185.0,4.0,-14.377584168340498
50,995005,T,2202,GW,Electricity,Normal,Improving,31.0,0.8888238221406937,94.0,94.0,2.0,8.792045110981878
50,995005,T,2202,GW,Flow,TOU,Stagnating,28.0,0.8751704832538962,44.0,44.0,4.0,16.018876960479055
50,995005,T,2202,GW,Electricity,Normal,Stagnating,57.0,1.6104399133473635,129.0,129.0,1.0,-11.0
50,995005,T,2202,GW,Electricity,Resource,Stagnating,18.0,0.5036570392549038,43.0,43.0,1.0,3.0
50,995005,T,2202,GW,Balanced,Compressible,Stagnating,5.0,0.15440231189131737,15.0,15.0,1.0,2.7612631365445126
50,995005,T,2202,GW,Flow,Normal,Stagnating,73.0,1.8934246534481645,138.0,138.0,6.0,16.13248415475444
50,995005,T,2202,GW,Flow,Normal,Improving,102.0,2.388770204037428,237.0,237.0,13.0,43.51742002301349
50,995005,T,2202,GW,Flow,Compressible,Stagnating,1.0,0.03100969549268484,2.0,2.0,0.0,0.0
50,995005,T,2202,GW,Electricity,TOU,Improving,1.0,0.018650198355317116,0.0,0.0,0.0,-1.0
50,995005,T,2202,GW,Electricity,TOU,Stagnating,2.0,0.03470210172235966,12.0,12.0,0.0,0.0
50,995005,T,2202,GW,Balanced,Region,Stagnating,8.0,0.16843296587467194,27.0,27.0,0.0,-3.0
50,995005,T,2202,GW,Electricity,Region,Improving,1.0,0.0140922199934721,6.0,6.0,0.0,0.0
50,995005,T,2202,LEGACY,Flow,Compressible,Improving,48.0,1.0122728440910578,184.0,184.0,11.0,50.87831247946783
50,995005,T,2202,LEGACY,Balanced,Compressible,Improving,17.0,0.32853425294160843,66.0,66.0,6.0,34.41823577032091
50,995005,T,2202,LEGACY,Balanced,Region,Improving,2.0,0.03081218246370554,5.0,5.0,0.0,-1.0
50,995005,T,2202,LEGACY,Balanced,Resource,Improving,10.0,0.16207066550850868,44.0,44.0,3.0,23.27775858942529
50,995005,T,2202,LEGACY,Electricity,Resource,Improving,65.0,1.2856658902019262,163.0,163.0,25.0,202.2468323175738
50,995005,T,2202,LEGACY,Balanced,Demand,Improving,34.0,0.7930772537365556,61.0,61.0,5.0,13.346690642478789
50,995005,T,2202,LEGACY,Flow,Demand,Improving,19.0,0.37928518559783697,69.0,69.0,4.0,15.583266522102608
50,995005,T,2202,LEGACY,Electricity,Compressible,Improving,1.0,0.01833091862499714,6.0,6.0,0.0,0.0
50,995005,T,2202,LEGACY,Electricity,Normal,Improving,26.0,0.5801183916628361,56.0,56.0,4.0,7.667451984523611
50,995005,T,2202,LEGACY,Balanced,Compressible,Stagnating,6.0,0.09213676117360592,18.0,18.0,2.0,6.471420048145028
50,995005,T,2202,LEGACY,Electricity,Demand,Improving,37.0,0.8673748644068837,92.0,92.0,4.0,30.0
50,995005,T,2202,LEGACY,Electricity,Resource,Stagnating,12.0,0.26451846957206726,14.0,14.0,2.0,3.2718851919474723
50,995005,T,2202,LEGACY,Electricity,Normal,Stagnating,24.0,0.5847045527771115,55.0,55.0,1.0,2.0
50,995005,T,2202,LEGACY,Flow,Normal,Improving,49.0,1.0953726237639785,82.0,82.0,3.0,-6.113643302538478
50,995005,T,2202,LEGACY,Balanced,Normal,Improving,56.0,1.3235444258898497,60.0,60.0,2.0,-22.675281064361883
50,995005,T,2202,LEGACY,Balanced,TOU,Improving,6.0,0.1263429820537567,17.0,17.0,1.0,2.411613713746915
50,995005,T,2202,LEGACY,Electricity,Demand,Stagnating,46.0,1.1293406635522842,78.0,78.0,8.0,51.86574493774053
50,995005,T,2202,LEGACY,Flow,TOU,Improving,1.0,0.02605362981557846,0.0,0.0,0.0,-1.0
50,995005,T,2202,LEGACY,Flow,Normal,Stagnating,52.0,1.2592421304434538,61.0,61.0,0.0,-33.0
50,995005,T,2202,LEGACY,Balanced,Normal,Stagnating,64.0,1.6144736101850867,51.0,51.0,6.0,-7.687155501666229
50,995005,T,2202,LEGACY,Flow,Compressible,Stagnating,3.0,0.07517627999186516,3.0,3.0,0.0,-2.0
50,995005,T,2202,LEGACY,Balanced,Demand,Stagnating,18.0,0.4325113957747817,26.0,26.0,0.0,-12.0
50,995005,T,2202,LEGACY,Flow,Demand,Stagnating,18.0,0.42678000405430794,34.0,34.0,3.0,14.99846219719555
50,995006,H,2202,LEGACY,Flow,Compressible,Improving,6.0,0.076157096773386,29.0,29.0,0.0,0.0
50,995006,H,2202,LEGACY,Electricity,Resource,Improving,82.0,1.276692015118897,218.0,218.0,32.0,271.2354638401895
50,995006,H,2202,LEGACY,Balanced,Compressible,Improving,25.0,0.4141642590984702,68.0,68.0,5.0,34.68046198400983
50,995006,H,2202,LEGACY,Flow,Demand,Improving,16.0,0.2527319760993123,47.0,47.0,2.0,15.0
50,995006,H,2202,LEGACY,Balanced,Resource,Improving,43.0,0.6467192824929953,120.0,120.0,15.0,95.7486452097225
50,995006,H,2202,LEGACY,Flow,Normal,Improving,2.0,0.03702452313154936,2.0,2.0,0.0,-1.0
50,995006,H,2202,LEGACY,Balanced,Compressible,Stagnating,14.0,0.20574762485921383,34.0,34.0,5.0,43.40541075626656
50,995006,H,2202,LEGACY,Balanced,Resource,Stagnating,2.0,0.031592574901878834,6.0,6.0,1.0,-0.03779072079184198
50,995006,H,2202,LEGACY,Flow,TOU,Improving,100.0,1.7601261846721172,138.0,138.0,4.0,-19.246661122352172
50,995006,H,2202,LEGACY,Electricity,Resource,Stagnating,34.0,0.5462607759982347,85.0,85.0,7.0,44.744997221574856
50,995006,H,2202,LEGACY,Flow,TOU,Stagnating,112.0,1.9524318156763911,151.0,151.0,6.0,-32.50695163364438
50,995006,H,2202,LEGACY,Balanced,TOU,Improving,135.0,2.2965756384655833,192.0,192.0,10.0,-1.9836433715999249
50,995006,H,2202,LEGACY,Flow,Compressible,Stagnating,1.0,0.015361152589321136,4.0,4.0,0.0,0.0
50,995006,H,2202,LEGACY,Flow,Demand,Stagnating,3.0,0.0527320746332407,11.0,11.0,0.0,0.0
50,995006,H,2202,LEGACY,Balanced,TOU,Stagnating,146.0,2.6556213833391666,133.0,133.0,5.0,-61.08996267287503
50,995006,H,2202,LEGACY,Electricity,TOU,Improving,13.0,0.2243161555379629,2.0,2.0,1.0,-3.060988917070649
50,995006,H,2202,LEGACY,Electricity,TOU,Stagnating,9.0,0.16776108741760254,9.0,9.0,0.0,-5.0
50,995006,H,2202,LEGACY,Electricity,Normal,Stagnating,1.0,0.015848742797970772,0.0,0.0,0.0,-1.0
50,995006,H,2202,LEGACY,Electricity,Normal,Improving,1.0,0.016904574818909168,0.0,0.0,0.0,-1.0
50,995006,H,2202,LEGACY,Balanced,Normal,Improving,1.0,0.016571170650422573,0.0,0.0,0.0,-1.0
50,995006,H,2202,REFERENCE,Flow,Compressible,Improving,28.0,0.7007174836471677,73.0,73.0,3.0,5.973853907247003
50,995006,H,2202,REFERENCE,Electricity,Resource,Improving,62.0,1.4447449212893844,205.0,205.0,20.0,160.75305388088947
50,995006,H,2202,REFERENCE,Balanced,Compressible,Improving,13.0,0.2627935716882348,52.0,52.0,1.0,3.597701132751345
50,995006,H,2202,REFERENCE,Flow,Demand,Improving,1.0,0.016850614920258522,5.0,5.0,0.0,0.0
50,995006,H,2202,REFERENCE,Balanced,Resource,Improving,2.0,0.04299984313547611,9.0,9.0,0.0,0.0
50,995006,H,2202,REFERENCE,Balanced,Demand,Improving,13.0,0.30281547736376524,56.0,56.0,5.0,36.49782110439864
50,995006,H,2202,REFERENCE,Balanced,TOU,Improving,77.0,1.9849768672138453,148.0,148.0,5.0,20.831500507477447
50,995006,H,2202,REFERENCE,Flow,Compressible,Stagnating,1.0,0.023501314222812653,6.0,6.0,0.0,0.0
50,995006,H,2202,REFERENCE,Balanced,Demand,Stagnating,7.0,0.15503994096070528,32.0,32.0,3.0,16.56702281919864
50,995006,H,2202,REFERENCE,Balanced,Resource,Stagnating,1.0,0.012328562326729298,2.0,2.0,0.0,0.0
50,995006,H,2202,REFERENCE,Balanced,TOU,Stagnating,94.0,2.226807164028287,134.0,134.0,6.0,17.128106965450172
50,995006,H,2202,REFERENCE,Flow,TOU,Stagnating,137.0,3.3114190362393856,179.0,179.0,4.0,-23.73790002232546
50,995006,H,2202,REFERENCE,Electricity,Resource,Stagnating,69.0,1.6775674251839519,214.0,214.0,21.0,160.82871974160165
50,995006,H,2202,REFERENCE,Flow,TOU,Improving,79.0,1.9210655633360147,140.0,140.0,1.0,-14.0
50,995006,H,2202,REFERENCE,Electricity,TOU,Stagnating,40.0,0.8598619038239121,75.0,75.0,0.0,-16.0
50,995006,H,2202,REFERENCE,Electricity,TOU,Improving,40.0,0.7999373348429799,85.0,85.0,1.0,-8.282598669662239
50,995006,H,2202,REFERENCE,Electricity,Compressible,Improving,2.0,0.04304196033626795,1.0,1.0,0.0,-1.0
50,995006,H,2202,REFERENCE,Electricity,Compressible,Stagnating,2.0,0.047028690576553345,5.0,5.0,0.0,-1.0
50,995006,H,2202,G,Flow,Compressible,Improving,14.0,0.2933934675529599,41.0,41.0,0.0,-3.0
50,995006,H,2202,G,Electricity,Resource,Improving,66.0,1.3306081164628267,244.0,244.0,22.0,181.55388607167467
50,995006,H,2202,G,Balanced,Compressible,Improving,14.0,0.2634138287976384,52.0,52.0,1.0,2.597701132751345
50,995006,H,2202,G,Flow,Demand,Improving,1.0,0.017237300984561443,5.0,5.0,0.0,0.0
50,995006,H,2202,G,Balanced,Resource,Improving,1.0,0.02256297692656517,3.0,3.0,0.0,0.0
50,995006,H,2202,G,Balanced,Demand,Improving,13.0,0.26548534352332354,56.0,56.0,5.0,36.49782110439864
50,995006,H,2202,G,Balanced,TOU,Improving,136.0,2.795802541077137,243.0,243.0,14.0,44.38226481000302
50,995006,H,2202,G,Flow,Compressible,Stagnating,3.0,0.05594345275312662,10.0,10.0,0.0,0.0
50,995006,H,2202,G,Balanced,Demand,Stagnating,7.0,0.15002662781625986,32.0,32.0,3.0,16.56702281919864
50,995006,H,2202,G,Balanced,Resource,Stagnating,1.0,0.012666070833802223,2.0,2.0,0.0,0.0
50,995006,H,2202,G,Balanced,TOU,Stagnating,63.0,1.3170691961422563,77.0,77.0,1.0,-30.23598787133283
50,995006,H,2202,G,Flow,TOU,Stagnating,88.0,1.887347923591733,138.0,138.0,2.0,-33.02921588109436
50,995006,H,2202,G,Electricity,Resource,Stagnating,4.0,0.10394555982202291,4.0,4.0,1.0,7.0
50,995006,H,2202,G,Flow,TOU,Improving,62.0,1.32590960431844,122.0,122.0,3.0,-19.47074003839046
50,995006,H,2202,G,Electricity,TOU,Stagnating,17.0,0.3786910716444254,17.0,17.0,0.0,-10.0
50,995006,H,2202,G,Electricity,TOU,Improving,12.0,0.2554299486801028,17.0,17.0,0.0,-5.0
50,995006,H,2202,G,Electricity,Normal,Improving,11.0,0.2831039857119322,17.0,17.0,1.0,2.0476311339787863
50,995006,H,2202,G,Balanced,Normal,Improving,9.0,0.20445427298545837,10.0,10.0,0.0,-5.0
50,995006,H,2202,G,Balanced,Normal,Stagnating,12.0,0.27190996054559946,13.0,13.0,1.0,4.0
50,995006,H,2202,G,Flow,Demand,Stagnating,1.0,0.018644822761416435,6.0,6.0,0.0,0.0
50,995006,H,2202,G,Electricity,Normal,Stagnating,6.0,0.12740902230143547,17.0,17.0,0.0,-2.0
50,995006,H,2202,W,Flow,Compressible,Improving,8.0,0.1790502918884158,37.0,37.0,1.0,3.8350765181252715
50,995006,H,2202,W,Electricity,Resource,Improving,53.0,1.3272778978571296,198.0,198.0,11.0,83.06257428511367
50,995006,H,2202,W,Balanced,Compressible,Improving,25.0,0.5256072981283069,132.0,132.0,6.0,29.388251312765746
50,995006,H,2202,W,Flow,Demand,Improving,18.0,0.5039376011118293,76.0,76.0,0.0,-2.0
50,995006,H,2202,W,Balanced,Demand,Improving,1.0,0.026180114597082138,6.0,6.0,0.0,0.0
50,995006,H,2202,W,Electricity,Demand,Improving,1.0,0.026770174503326416,4.0,4.0,0.0,0.0
50,995006,H,2202,W,Balanced,Resource,Stagnating,3.0,0.0565175786614418,13.0,13.0,0.0,0.0
50,995006,H,2202,W,Balanced,TOU,Stagnating,152.0,4.279448963701725,586.0,586.0,10.0,56.90731423479418
50,995006,H,2202,W,Balanced,Demand,Stagnating,1.0,0.0250778840854764,6.0,6.0,0.0,0.0
50,995006,H,2202,W,Flow,TOU,Stagnating,180.0,5.60531794000417,789.0,789.0,11.0,70.85072817046283
50,995006,H,2202,W,Flow,TOU,Improving,124.0,3.778084316290915,531.0,531.0,10.0,48.2478586228425
50,995006,H,2202,W,Electricity,TOU,Improving,98.0,2.756292061880231,394.0,394.0,17.0,87.90991871296956
50,995006,H,2202,W,Electricity,Resource,Stagnating,36.0,0.9059408521279693,104.0,104.0,3.0,20.573711515460495
50,995006,H,2202,W,Electricity,TOU,Stagnating,94.0,2.7260540733113885,288.0,288.0,11.0,78.20689933160091
50,995006,H,2202,W,Balanced,TOU,Improving,113.0,3.1888302341103554,391.0,391.0,4.0,7.574719893213318
50,995006,H,2202,W,Flow,Demand,Stagnating,8.0,0.20117167010903358,39.0,39.0,0.0,0.0
50,995006,H,2202,W,Balanced,Resource,Improving,2.0,0.047978791408240795,4.0,4.0,0.0,0.0
50,995006,H,2202,GW,Flow,Compressible,Improving,8.0,0.129612622782588,37.0,37.0,1.0,3.8350765181252715
50,995006,H,2202,GW,Electricity,Resource,Improving,27.0,0.5791058903560042,106.0,106.0,6.0,46.88858840802797
50,995006,H,2202,GW,Balanced,Compressible,Improving,25.0,0.505082756280899,132.0,132.0,6.0,29.388251312765746
50,995006,H,2202,GW,Flow,Demand,Improving,13.0,0.28487128019332886,52.0,52.0,0.0,-2.0
50,995006,H,2202,GW,Balanced,Demand,Improving,1.0,0.019798820838332176,6.0,6.0,0.0,0.0
50,995006,H,2202,GW,Electricity,Demand,Improving,1.0,0.02731800638139248,4.0,4.0,0.0,0.0
50,995006,H,2202,GW,Balanced,Resource,Stagnating,2.0,0.02975616045296192,12.0,12.0,0.0,0.0
50,995006,H,2202,GW,Balanced,TOU,Stagnating,138.0,3.3844339326024055,576.0,576.0,11.0,46.70266214320685
50,995006,H,2202,GW,Balanced,Demand,Stagnating,1.0,0.018895689398050308,6.0,6.0,0.0,0.0
50,995006,H,2202,GW,Flow,TOU,Stagnating,120.0,2.925544519908726,589.0,589.0,3.0,14.200155060227448
50,995006,H,2202,GW,Flow,TOU,Improving,76.0,1.8628577087074518,375.0,375.0,0.0,-4.0
50,995006,H,2202,GW,Electricity,TOU,Improving,116.0,2.6971605978906155,464.0,464.0,16.0,113.34251319458237
50,995006,H,2202,GW,Electricity,Resource,Stagnating,3.0,0.06023479998111725,10.0,10.0,1.0,9.0
50,995006,H,2202,GW,Electricity,TOU,Stagnating,120.0,3.345627057366073,478.0,478.0,17.0,132.836008710041
50,995006,H,2202,GW,Balanced,TOU,Improving,252.0,6.404621787369251,1213.0,1213.0,22.0,132.98581765804056
50,995006,H,2202,GW,Flow,Normal,Improving,1.0,0.017470302060246468,6.0,6.0,0.0,0.0
50,995006,H,2202,GW,Flow,Demand,Stagnating,17.0,0.4169724090024829,84.0,84.0,0.0,0.0
50,995006,H,1101,W,Electricity,Compressible,Improving,1.0,0.016665148548781872,6.0,6.0,0.0,0.0
50,995006,H,1101,W,Balanced,Demand,Improving,12.0,0.21933272760361433,64.0,64.0,1.0,4.8482468722741325
50,995006,H,1101,W,Balanced,Compressible,Improving,26.0,0.4558943947777152,94.0,94.0,7.0,43.99089451591854
50,995006,H,1101,W,Flow,Compressible,Improving,6.0,0.09413338638842106,30.0,30.0,0.0,-1.0
50,995006,H,1101,W,Electricity,Resource,Improving,48.0,0.9140231320634484,257.0,257.0,21.0,191.81516322551735
50,995006,H,1101,W,Flow,Demand,Improving,5.0,0.06684394460171461,30.0,30.0,0.0,0.0
50,995006,H,1101,W,Flow,Compressible,Stagnating,18.0,0.30901272874325514,99.0,99.0,4.0,20.65582393534053
50,995006,H,1101,W,Electricity,Resource,Stagnating,23.0,0.4027515137568116,110.0,110.0,8.0,71.89114704013843
50,995006,H,1101,W,Balanced,Region,Improving,36.0,0.7175102811306715,156.0,156.0,5.0,44.96614059202746
50,995006,H,1101,W,Flow,Demand,Stagnating,11.0,0.23705443367362022,52.0,52.0,1.0,9.0
50,995006,H,1101,W,Balanced,Compressible,Stagnating,5.0,0.15422576572746038,6.0,6.0,0.0,-3.0
50,995006,H,1101,W,Electricity,Region,Stagnating,189.0,3.9923514369875193,711.0,711.0,22.0,171.18495840150064
50,995006,H,1101,W,Electricity,Region,Improving,138.0,2.883520632982254,570.0,570.0,16.0,99.63200025823936
50,995006,H,1101,W,Flow,TOU,Stagnating,163.0,3.7175620133057237,500.0,500.0,5.0,-19.10772033645949
50,995006,H,1101,W,Flow,TOU,Improving,148.0,3.2141840821132064,588.0,588.0,14.0,80.49226040705646
50,995006,H,1101,W,Balanced,Demand,Stagnating,1.0,0.017274165526032448,4.0,4.0,0.0,0.0
50,995006,H,1101,W,Balanced,Region,Stagnating,29.0,0.6068356223404408,119.0,119.0,4.0,20.23033713500881
50,995006,H,1101,W,Balanced,TOU,Stagnating,91.0,2.0671045277267694,274.0,274.0,3.0,-17.741138648870745
50,995006,H,1101,W,Balanced,TOU,Improving,82.0,1.948341022245586,223.0,223.0,4.0,10.0
50,995006,H,1101,W,Electricity,TOU,Stagnating,1.0,0.018752021715044975,6.0,6.0,0.0,0.0
50,995006,H,1101,GW,Electricity,Compressible,Improving,1.0,0.02648628130555153,6.0,6.0,0.0,0.0
50,995006,H,1101,GW,Balanced,Demand,Improving,23.0,0.6660834476351738,129.0,129.0,2.0,14.818812599632292
50,995006,H,1101,GW,Balanced,Compressible,Improving,19.0,0.48029595986008644,84.0,84.0,5.0,37.963320857428506
50,995006,H,1101,GW,Flow,Compressible,Improving,6.0,0.12351204454898834,36.0,36.0,0.0,0.0
50,995006,H,1101,GW,Electricity,Resource,Improving,63.0,1.59789808280766,293.0,293.0,27.0,240.6852658497396
50,995006,H,1101,GW,Flow,Demand,Improving,77.0,2.0078648272901773,373.0,373.0,11.0,42.542411036667374
50,995006,H,1101,GW,Flow,Compressible,Stagnating,9.0,0.2103722831234336,50.0,50.0,3.0,17.616777634261556
50,995006,H,1101,GW,Electricity,Resource,Stagnating,24.0,0.6261826818808913,90.0,90.0,9.0,84.63550862805712
50,995006,H,1101,GW,Balanced,Region,Improving,37.0,0.7385798739269376,85.0,85.0,5.0,21.24426541058954
50,995006,H,1101,GW,Flow,Demand,Stagnating,66.0,1.6609013034030795,303.0,303.0,4.0,22.23610070392386
50,995006,H,1101,GW,Balanced,Compressible,Stagnating,2.0,0.07436620909720659,6.0,6.0,1.0,9.0
50,995006,H,1101,GW,Electricity,Region,Stagnating,49.0,1.526976179331541,146.0,146.0,3.0,6.408359797852956
50,995006,H,1101,GW,Electricity,Region,Improving,40.0,1.0736883720383048,147.0,147.0,4.0,17.01673925031773
50,995006,H,1101,GW,Flow,TOU,Stagnating,113.0,3.0921944472938776,426.0,426.0,2.0,-5.065143124122622
50,995006,H,1101,GW,Flow,Region,Improving,2.0,0.04356806259602308,12.0,12.0,0.0,0.0
50,995006,H,1101,GW,Electricity,TOU,Improving,23.0,0.6445625331252813,75.0,75.0,1.0,-4.699382225942349
50,995006,H,1101,GW,Flow,TOU,Improving,81.0,2.330301634967327,346.0,346.0,4.0,9.428499344389376
50,995006,H,1101,GW,Balanced,TOU,Stagnating,92.0,2.6044991267845035,294.0,294.0,7.0,31.294399042268665
50,995006,H,1101,GW,Balanced,TOU,Improving,116.0,3.1649949746206403,431.0,431.0,19.0,100.31918697593888
50,995006,H,1101,GW,Balanced,Region,Stagnating,26.0,0.5538587104529142,86.0,86.0,4.0,11.803327584922485
50,995006,H,1101,GW,Balanced,Demand,Stagnating,4.0,0.14143017400056124,23.0,23.0,0.0,0.0
50,995006,H,1101,GW,Electricity,TOU,Stagnating,34.0,1.0007070414721966,117.0,117.0,2.0,13.0
50,995006,H,1101,LEGACY,Electricity,Compressible,Improving,2.0,0.04751543514430523,11.0,11.0,0.0,0.0
50,995006,H,1101,LEGACY,Balanced,Demand,Improving,3.0,0.0600443622097373,17.0,17.0,0.0,0.0
50,995006,H,1101,LEGACY,Balanced,Compressible,Improving,4.0,0.08527690265327692,12.0,12.0,2.0,14.732137190096298
50,995006,H,1101,LEGACY,Flow,Compressible,Improving,19.0,0.4197728708386421,85.0,85.0,1.0,4.121779044055667
50,995006,H,1101,LEGACY,Electricity,Resource,Improving,31.0,0.6659280052408576,82.0,82.0,10.0,86.43743531700676
50,995006,H,1101,LEGACY,Flow,Demand,Improving,1.0,0.01701090857386589,6.0,6.0,0.0,0.0
50,995006,H,1101,LEGACY,Flow,Compressible,Stagnating,38.0,0.741228649392724,169.0,169.0,9.0,50.93808197801308
50,995006,H,1101,LEGACY,Electricity,Resource,Stagnating,33.0,0.7954388717189431,85.0,85.0,11.0,78.52034356379417
50,995006,H,1101,LEGACY,Flow,Demand,Stagnating,5.0,0.10337165556848049,17.0,17.0,0.0,-1.0
50,995006,H,1101,LEGACY,Flow,TOU,Improving,66.0,1.4674293380230665,168.0,168.0,1.0,-3.7663165546756767
50,995006,H,1101,LEGACY,Electricity,TOU,Improving,45.0,0.9947421848773956,80.0,80.0,6.0,14.13641041401922
50,995006,H,1101,LEGACY,Balanced,TOU,Improving,77.0,1.9088445734232664,118.0,118.0,1.0,-32.0
50,995006,H,1101,LEGACY,Balanced,TOU,Stagnating,88.0,2.2970544826239347,118.0,118.0,3.0,-12.0
50,995006,H,1101,LEGACY,Balanced,Region,Improving,1.0,0.019683659076690674,2.0,2.0,0.0,0.0
50,995006,H,1101,LEGACY,Electricity,TOU,Stagnating,48.0,1.2278442373499274,35.0,35.0,5.0,11.294597634576753
50,995006,H,1101,LEGACY,Flow,TOU,Stagnating,141.0,3.282027986831963,359.0,359.0,7.0,7.635515997768934
50,995006,H,1101,LEGACY,Flow,Normal,Stagnating,2.0,0.03600993473082781,4.0,4.0,0.0,0.0
50,995006,H,1101,LEGACY,Electricity,Demand,Stagnating,1.0,0.025247459299862385,3.0,3.0,0.0,0.0
50,995006,H,1101,LEGACY,Flow,Normal,Improving,1.0,0.02505815029144287,3.0,3.0,0.0,0.0
50,995006,H,1101,REFERENCE,Electricity,Compressible,Improving,2.0,0.04213773366063833,6.0,6.0,0.0,0.0
50,995006,H,1101,REFERENCE,Balanced,Demand,Improving,2.0,0.039596883580088615,11.0,11.0,0.0,0.0
50,995006,H,1101,REFERENCE,Balanced,Compressible,Improving,29.0,0.5278969183564186,118.0,118.0,11.0,65.21023557061834
50,995006,H,1101,REFERENCE,Flow,Compressible,Improving,24.0,0.5216695331037045,104.0,104.0,3.0,22.134812409230747
50,995006,H,1101,REFERENCE,Electricity,Resource,Improving,26.0,0.569053684361279,37.0,37.0,3.0,18.0
50,995006,H,1101,REFERENCE,Flow,Demand,Improving,5.0,0.10693743452429771,23.0,23.0,1.0,7.525521393196259
50,995006,H,1101,REFERENCE,Balanced,Resource,Improving,3.0,0.06433249451220036,12.0,12.0,2.0,11.002927294578289
50,995006,H,1101,REFERENCE,Flow,Compressible,Stagnating,22.0,0.519102081656456,85.0,85.0,4.0,21.50350747211055
50,995006,H,1101,REFERENCE,Balanced,Compressible,Stagnating,1.0,0.01926752645522356,3.0,3.0,0.0,0.0
50,995006,H,1101,REFERENCE,Electricity,Resource,Stagnating,30.0,0.5998301599174738,48.0,48.0,5.0,30.3780277082911
50,995006,H,1101,REFERENCE,Balanced,Normal,Stagnating,20.0,0.3782277563586831,82.0,82.0,4.0,24.950955296724956
50,995006,H,1101,REFERENCE,Balanced,Normal,Improving,15.0,0.2823762930929661,55.0,55.0,3.0,23.593653966974177
50,995006,H,1101,REFERENCE,Electricity,TOU,Improving,24.0,0.5745681570842862,20.0,20.0,2.0,-1.323070800700119
50,995006,H,1101,REFERENCE,Flow,TOU,Improving,173.0,4.042311191558838,587.0,587.0,15.0,47.44632770099657
50,995006,H,1101,REFERENCE,Balanced,TOU,Improving,88.0,2.2035185461863875,153.0,153.0,10.0,42.46133853689186
50,995006,H,1101,REFERENCE,Flow,TOU,Stagnating,118.0,2.7127192467451096,319.0,319.0,6.0,14.666056631823242
50,995006,H,1101,REFERENCE,Electricity,TOU,Stagnating,54.0,1.2768589295446873,29.0,29.0,6.0,19.0
50,995006,H,1101,REFERENCE,Balanced,Region,Stagnating,1.0,0.023197360336780548,1.0,1.0,0.0,0.0
50,995006,H,1101,REFERENCE,Balanced,TOU,Stagnating,74.0,1.704413264989853,68.0,68.0,4.0,-5.801214357320866
50,995006,H,1101,REFERENCE,Flow,Demand,Stagnating,2.0,0.04047498293220997,12.0,12.0,0.0,0.0
50,995006,H,1101,G,Electricity,Compressible,Improving,2.0,0.05171522404998541,6.0,6.0,0.0,0.0
50,995006,H,1101,G,Balanced,Demand,Improving,3.0,0.07038335222750902,11.0,11.0,0.0,-1.0
50,995006,H,1101,G,Balanced,Compressible,Improving,29.0,0.687537576071918,118.0,118.0,11.0,65.21023557061834
50,995006,H,1101,G,Flow,Compressible,Improving,24.0,0.529585144482553,104.0,104.0,3.0,22.134812409230747
50,995006,H,1101,G,Electricity,Resource,Improving,24.0,0.4683071877807379,36.0,36.0,1.0,-3.0
50,995006,H,1101,G,Flow,Demand,Improving,8.0,0.17869774531573057,33.0,33.0,1.0,7.525521393196259
50,995006,H,1101,G,Balanced,Resource,Improving,2.0,0.04794478416442871,11.0,11.0,2.0,11.002927294578289
50,995006,H,1101,G,Flow,Compressible,Stagnating,22.0,0.4494858356192708,85.0,85.0,4.0,21.50350747211055
50,995006,H,1101,G,Balanced,Compressible,Stagnating,1.0,0.025997452437877655,3.0,3.0,0.0,0.0
50,995006,H,1101,G,Electricity,Resource,Stagnating,40.0,0.8438212480396032,72.0,72.0,7.0,55.0
50,995006,H,1101,G,Balanced,Normal,Stagnating,31.0,0.648288463242352,97.0,97.0,5.0,36.2585514981027
50,995006,H,1101,G,Balanced,Normal,Improving,30.0,0.6578601598739624,93.0,93.0,6.0,25.709033938333956
50,995006,H,1101,G,Electricity,TOU,Improving,44.0,0.8427571188658476,57.0,57.0,4.0,7.8073639309721585
50,995006,H,1101,G,Flow,TOU,Improving,201.0,3.9938642801716924,705.0,705.0,23.0,127.39264862382942
50,995006,H,1101,G,Balanced,TOU,Improving,77.0,1.5002686232328415,128.0,128.0,7.0,25.916760411901684
50,995006,H,1101,G,Flow,TOU,Stagnating,151.0,3.018792489543557,468.0,468.0,4.0,-0.8033912560867869
50,995006,H,1101,G,Balanced,Region,Stagnating,8.0,0.161300266161561,3.0,3.0,0.0,-5.0
50,995006,H,1101,G,Balanced,Region,Improving,12.0,0.23140528704971075,14.0,14.0,0.0,-4.0
50,995006,H,1101,G,Flow,Normal,Improving,2.0,0.03509699925780296,11.0,11.0,0.0,0.0
50,995006,H,1101,G,Electricity,Region,Stagnating,2.0,0.03958618547767401,1.0,1.0,0.0,-1.0
50,995006,H,1101,G,Electricity,TOU,Stagnating,31.0,0.6170439263805747,47.0,47.0,2.0,2.526828663064526
50,995006,H,1101,G,Balanced,TOU,Stagnating,66.0,1.2625209363177419,115.0,115.0,3.0,-11.815447279936382
50,995006,H,1101,G,Flow,Demand,Stagnating,2.0,0.03743415605276823,12.0,12.0,0.0,0.0
50,995006,H,1101,G,Electricity,Normal,Stagnating,19.0,0.33684395626187325,25.0,25.0,1.0,0.0
50,995006,H,1101,G,Electricity,Normal,Improving,2.0,0.028684289194643497,2.0,2.0,0.0,-1.0
50,995006,T,1101,GW,Balanced,Demand,Improving,98.0,1.8369383215904236,481.0,481.0,14.0,94.37455981910263
50,995006,T,1101,GW,Flow,Compressible,Improving,8.0,0.11586430110037327,41.0,41.0,1.0,10.0
50,995006,T,1101,GW,Balanced,Compressible,Improving,4.0,0.05728205945342779,20.0,20.0,1.0,10.0
50,995006,T,1101,GW,Balanced,Region,Improving,1.0,0.008946959860622883,6.0,6.0,0.0,0.0
50,995006,T,1101,GW,Electricity,Resource,Improving,3.0,0.04457058571279049,18.0,18.0,3.0,30.0
50,995006,T,1101,GW,Balanced,TOU,Improving,40.0,0.7543029496446252,154.0,154.0,2.0,2.7009557013733634
50,995006,T,1101,GW,Flow,Demand,Improving,76.0,1.5057147182524204,365.0,365.0,4.0,19.37019862955806
50,995006,T,1101,GW,Flow,Demand,Stagnating,82.0,1.6364498035982251,364.0,364.0,0.0,-5.0
50,995006,T,1101,GW,Flow,Compressible,Stagnating,2.0,0.033419160172343254,6.0,6.0,0.0,0.0
50,995006,T,1101,GW,Flow,Normal,Improving,81.0,1.7354439180344343,305.0,305.0,4.0,16.1396537788522
50,995006,T,1101,GW,Balanced,Normal,Improving,84.0,1.5239584119990468,371.0,371.0,6.0,22.42585419133828
50,995006,T,1101,GW,Balanced,Normal,Stagnating,59.0,1.0362518783658743,254.0,254.0,2.0,-1.366152367544796
50,995006,T,1101,GW,Flow,Normal,Stagnating,131.0,2.6549318535253406,595.0,595.0,8.0,57.97520148015974
50,995006,T,1101,GW,Electricity,Normal,Stagnating,122.0,2.3383380994200706,440.0,440.0,44.0,372.69544025359056
50,995006,T,1101,GW,Balanced,TOU,Stagnating,133.0,2.364872708916664,574.0,574.0,5.0,-5.443790254402527
50,995006,T,1101,GW,Electricity,Resource,Stagnating,9.0,0.19820125587284565,34.0,34.0,4.0,30.97170654326179
50,995006,T,1101,GW,Electricity,Normal,Improving,9.0,0.14866491686552763,42.0,42.0,1.0,8.0
50,995006,T,1101,GW,Flow,TOU,Stagnating,16.0,0.24871341791003942,58.0,58.0,0.0,-6.0
50,995006,T,1101,GW,Flow,TOU,Improving,27.0,0.4104134375229478,119.0,119.0,5.0,33.96207323854394
50,995006,T,1101,GW,Electricity,TOU,Stagnating,51.0,1.3062033653259277,52.0,52.0,3.0,-10.0
50,995006,T,1101,GW,Electricity,TOU,Improving,31.0,0.749056663364172,64.0,64.0,4.0,17.035021436028174
50,995006,T,1101,GW,Balanced,Demand,Stagnating,28.0,0.5094582168385386,155.0,155.0,1.0,8.328955924390021
50,995006,T,1101,LEGACY,Balanced,Demand,Improving,26.0,0.56294209882617,98.0,98.0,5.0,34.01444464350473
50,995006,T,1101,LEGACY,Balanced,Compressible,Improving,10.0,0.19755719508975744,47.0,47.0,4.0,34.82419552473469
50,995006,T,1101,LEGACY,Flow,Compressible,Improving,2.0,0.04581909812986851,9.0,9.0,1.0,10.0
50,995006,T,1101,LEGACY,Electricity,Resource,Improving,5.0,0.10884909704327583,5.0,5.0,0.0,-3.0
50,995006,T,1101,LEGACY,Flow,Demand,Improving,26.0,0.6132262917235494,51.0,51.0,1.0,-3.837310261003301
50,995006,T,1101,LEGACY,Flow,Normal,Improving,57.0,1.4215844236314297,89.0,89.0,0.0,-20.0
50,995006,T,1101,LEGACY,Balanced,TOU,Improving,32.0,0.7473569950088859,63.0,63.0,1.0,-8.94692703342254
50,995006,T,1101,LEGACY,Electricity,Resource,Stagnating,39.0,0.8572088312357664,100.0,100.0,20.0,176.80015594555866
50,995006,T,1101,LEGACY,Flow,Normal,Stagnating,41.0,0.9549472648650408,45.0,45.0,0.0,-18.0
50,995006,T,1101,LEGACY,Flow,Demand,Stagnating,20.0,0.43330318573862314,45.0,45.0,1.0,-4.186165444106748
50,995006,T,1101,LEGACY,Electricity,Compressible,Improving,1.0,0.018761755898594856,0.0,0.0,0.0,-1.0
50,995006,T,1101,LEGACY,Balanced,Normal,Improving,56.0,1.3023802051320672,88.0,88.0,0.0,-15.0
50,995006,T,1101,LEGACY,Electricity,Normal,Stagnating,19.0,0.41065143048763275,31.0,31.0,0.0,-7.0
50,995006,T,1101,LEGACY,Balanced,TOU,Stagnating,22.0,0.5478695351630449,45.0,45.0,0.0,-4.0
50,995006,T,1101,LEGACY,Balanced,Normal,Stagnating,51.0,1.1913530016317964,86.0,86.0,0.0,-15.0
50,995006,T,1101,LEGACY,Flow,TOU,Improving,7.0,0.17262595798820257,6.0,6.0,0.0,-4.0
50,995006,T,1101,LEGACY,Flow,TOU,Stagnating,13.0,0.36320674512535334,10.0,10.0,0.0,-8.0
50,995006,T,1101,LEGACY,Electricity,TOU,Stagnating,38.0,0.9514851402491331,61.0,61.0,11.0,90.51798822360412
50,995006,T,1101,LEGACY,Electricity,TOU,Improving,7.0,0.17377791088074446,16.0,16.0,1.0,2.8838526124830333
50,995006,T,1101,LEGACY,Electricity,Normal,Improving,13.0,0.27096271980553865,19.0,19.0,0.0,-1.0
50,995006,T,1101,LEGACY,Electricity,Demand,Stagnating,1.0,0.021139529533684254,5.0,5.0,1.0,10.0
50,995006,T,1101,REFERENCE,Balanced,Demand,Improving,22.0,0.38884859159588814,96.0,96.0,12.0,83.24958570429317
50,995006,T,1101,REFERENCE,Flow,Compressible,Improving,52.0,1.0873101986944675,185.0,185.0,13.0,82.15292066725041
50,995006,T,1101,REFERENCE,Balanced,Compressible,Improving,35.0,0.8179228883236647,101.0,101.0,7.0,33.255024434751725
50,995006,T,1101,REFERENCE,Electricity,Region,Improving,82.0,2.078818801790476,127.0,127.0,13.0,80.24658698566176
50,995006,T,1101,REFERENCE,Electricity,Resource,Improving,7.0,0.18266429286450148,31.0,31.0,3.0,15.642439583725793
50,995006,T,1101,REFERENCE,Balanced,Normal,Improving,17.0,0.4664775403216481,22.0,22.0,0.0,-7.0
50,995006,T,1101,REFERENCE,Balanced,Compressible,Stagnating,4.0,0.09218735061585903,4.0,4.0,0.0,-3.0
50,995006,T,1101,REFERENCE,Flow,Demand,Improving,5.0,0.11572642810642719,24.0,24.0,0.0,0.0
50,995006,T,1101,REFERENCE,Flow,Demand,Stagnating,6.0,0.13590608350932598,29.0,29.0,0.0,0.0
50,995006,T,1101,REFERENCE,Balanced,Region,Stagnating,56.0,1.5424347817897797,73.0,73.0,2.0,-28.13694110685799
50,995006,T,1101,REFERENCE,Electricity,Resource,Stagnating,10.0,0.29798660054802895,11.0,11.0,2.0,10.581220446508063
50,995006,T,1101,REFERENCE,Balanced,Resource,Improving,3.0,0.08371688146144152,11.0,11.0,2.0,13.1583544386155
50,995006,T,1101,REFERENCE,Flow,Normal,Improving,13.0,0.3070276752114296,31.0,31.0,0.0,-4.0
50,995006,T,1101,REFERENCE,Flow,Compressible,Stagnating,13.0,0.31821470707654953,40.0,40.0,0.0,-2.0
50,995006,T,1101,REFERENCE,Flow,Normal,Stagnating,60.0,1.5290366066619754,136.0,136.0,2.0,-11.410221193833383
50,995006,T,1101,REFERENCE,Balanced,TOU,Improving,22.0,0.6304197264835238,31.0,31.0,3.0,23.0
50,995006,T,1101,REFERENCE,Balanced,TOU,Stagnating,2.0,0.05632919352501631,1.0,1.0,0.0,-1.0
50,995006,T,1101,REFERENCE,Electricity,Region,Stagnating,89.0,2.197251785546541,141.0,141.0,15.0,87.58241151665062
50,995006,T,1101,REFERENCE,Balanced,Normal,Stagnating,12.0,0.3640140751376748,10.0,10.0,0.0,-6.0
50,995006,T,1101,REFERENCE,Balanced,Region,Improving,27.0,0.6817370867356658,32.0,32.0,1.0,-8.755759062406188
50,995006,T,1101,REFERENCE,Flow,Region,Improving,1.0,0.024635150097310543,0.0,0.0,0.0,-1.0
50,995006,T,1101,REFERENCE,Flow,Region,Stagnating,2.0,0.04555318597704172,11.0,11.0,0.0,0.0
50,995006,T,1101,G,Balanced,Demand,Improving,22.0,0.3740131640806794,96.0,96.0,12.0,83.24958570429317
50,995006,T,1101,G,Flow,Compressible,Improving,52.0,1.0248480634763837,187.0,187.0,12.0,80.70897094825104
50,995006,T,1101,G,Balanced,Compressible,Improving,53.0,1.1186485681682825,135.0,135.0,8.0,32.624898502632185
50,995006,T,1101,G,Electricity,Region,Improving,62.0,1.446932009421289,106.0,106.0,6.0,7.689059462239946
50,995006,T,1101,G,Electricity,Resource,Improving,7.0,0.16264582052826881,31.0,31.0,3.0,15.642439583725793
50,995006,T,1101,G,Balanced,Normal,Improving,18.0,0.3709614723920822,36.0,36.0,0.0,-6.0
50,995006,T,1101,G,Balanced,Compressible,Stagnating,8.0,0.17938633542507887,5.0,5.0,0.0,-6.0
50,995006,T,1101,G,Flow,Demand,Improving,6.0,0.11561069451272488,30.0,30.0,0.0,0.0
50,995006,T,1101,G,Flow,Demand,Stagnating,8.0,0.1742857089266181,30.0,30.0,0.0,0.0
50,995006,T,1101,G,Balanced,Region,Stagnating,52.0,1.1885529970750213,102.0,102.0,1.0,-18.060859122756057
50,995006,T,1101,G,Electricity,Resource,Stagnating,6.0,0.14136494416743517,11.0,11.0,2.0,14.581220446508063
50,995006,T,1101,G,Balanced,Resource,Improving,3.0,0.07996827643364668,11.0,11.0,2.0,13.1583544386155
50,995006,T,1101,G,Flow,Normal,Improving,6.0,0.10715358518064022,28.0,28.0,1.0,0.41887983532229844
50,995006,T,1101,G,Flow,Compressible,Stagnating,2.0,0.04088586941361427,9.0,9.0,0.0,0.0
50,995006,T,1101,G,Flow,Normal,Stagnating,1.0,0.02033086121082306,6.0,6.0,0.0,0.0
50,995006,T,1101,G,Balanced,TOU,Improving,26.0,0.5241301562637091,37.0,37.0,3.0,20.0
50,995006,T,1101,G,Balanced,TOU,Stagnating,3.0,0.0710361497476697,2.0,2.0,0.0,-1.0
50,995006,T,1101,G,Electricity,Region,Stagnating,105.0,2.522098616696894,159.0,159.0,21.0,143.15600550653014
50,995006,T,1101,G,Balanced,Normal,Stagnating,3.0,0.06763729453086853,1.0,1.0,0.0,-2.0
50,995006,T,1101,G,Electricity,TOU,Improving,1.0,0.014025439508259296,0.0,0.0,0.0,-1.0
50,995006,T,1101,G,Electricity,Normal,Improving,3.0,0.06216944567859173,7.0,7.0,1.0,-0.4829535932465405
50,995006,T,1101,G,Balanced,Demand,Stagnating,1.0,0.021850470453500748,0.0,0.0,0.0,-1.0
50,995006,T,1101,G,Balanced,Region,Improving,71.0,1.6231238534674048,146.0,146.0,2.0,-12.756090384120096
50,995006,T,1101,G,Flow,Region,Stagnating,64.0,1.3847646107897162,187.0,187.0,4.0,7.557682489234784
50,995006,T,1101,G,Flow,Region,Improving,10.0,0.2474903455004096,10.0,10.0,0.0,-5.0
50,995006,T,1101,W,Balanced,Demand,Improving,50.0,1.1898184707388282,230.0,230.0,11.0,67.34579224039209
50,995006,T,1101,W,Flow,Compressible,Improving,8.0,0.13339006062597036,41.0,41.0,1.0,10.0
50,995006,T,1101,W,Balanced,Compressible,Improving,5.0,0.09992824122309685,20.0,20.0,1.0,9.0
50,995006,T,1101,W,Balanced,Region,Improving,1.0,0.010282397270202637,6.0,6.0,0.0,0.0
50,995006,T,1101,W,Electricity,Resource,Improving,3.0,0.051944893784821033,18.0,18.0,3.0,30.0
50,995006,T,1101,W,Balanced,TOU,Improving,12.0,0.31935559306293726,38.0,38.0,4.0,19.474999614703407
50,995006,T,1101,W,Flow,Demand,Improving,35.0,1.0832859249785542,175.0,175.0,1.0,3.184668687271553
50,995006,T,1101,W,Flow,Demand,Stagnating,14.0,0.4269231306388974,42.0,42.0,0.0,-5.0
50,995006,T,1101,W,Flow,Compressible,Stagnating,2.0,0.04031232837587595,6.0,6.0,0.0,0.0
50,995006,T,1101,W,Flow,Normal,Improving,161.0,5.3247239869087934,700.0,700.0,3.0,10.352726152785475
50,995006,T,1101,W,Balanced,Normal,Improving,153.0,4.204810790717602,627.0,627.0,13.0,67.31113568504597
50,995006,T,1101,W,Balanced,Normal,Stagnating,165.0,4.290723106823862,773.0,773.0,13.0,65.14972275344827
50,995006,T,1101,W,Flow,Normal,Stagnating,123.0,4.190793984569609,502.0,502.0,1.0,-7.639269248644334
50,995006,T,1101,W,Electricity,Normal,Improving,72.0,1.8736188923940063,306.0,306.0,10.0,82.14234394812617
50,995006,T,1101,W,Balanced,Demand,Stagnating,2.0,0.07535197772085667,4.0,4.0,0.0,-1.0
50,995006,T,1101,W,Balanced,TOU,Stagnating,1.0,0.027170270681381226,4.0,4.0,0.0,0.0
50,995006,T,1101,W,Electricity,Normal,Stagnating,234.0,5.501428673043847,907.0,907.0,30.0,201.01567394453565
50,995006,T,2202,REFERENCE,Flow,Compressible,Improving,51.0,0.8980224160477519,202.0,202.0,8.0,52.05426823055028
50,995006,T,2202,REFERENCE,Balanced,Compressible,Improving,22.0,0.36138905212283134,81.0,81.0,3.0,23.870802716634888
50,995006,T,2202,REFERENCE,Balanced,Resource,Improving,2.0,0.03583370987325907,9.0,9.0,0.0,0.0
50,995006,T,2202,REFERENCE,Balanced,Demand,Improving,15.0,0.2634367113932967,53.0,53.0,2.0,11.588902528417748
50,995006,T,2202,REFERENCE,Flow,Demand,Improving,57.0,0.9444833351299167,122.0,122.0,4.0,6.096270079728196
50,995006,T,2202,REFERENCE,Electricity,Resource,Improving,47.0,0.7901973640546203,153.0,153.0,17.0,148.03224146989197
50,995006,T,2202,REFERENCE,Flow,Compressible,Stagnating,23.0,0.3541482901200652,84.0,84.0,1.0,2.489001353195172
50,995006,T,2202,REFERENCE,Balanced,Compressible,Stagnating,3.0,0.04393863957375288,16.0,16.0,0.0,0.0
50,995006,T,2202,REFERENCE,Electricity,Region,Improving,2.0,0.03497217036783695,3.0,3.0,0.0,0.0
50,995006,T,2202,REFERENCE,Electricity,Region,Stagnating,2.0,0.0313582718372345,6.0,6.0,1.0,10.0
50,995006,T,2202,REFERENCE,Electricity,Resource,Stagnating,32.0,0.5269971871748567,106.0,106.0,13.0,119.03061398603822
50,995006,T,2202,REFERENCE,Electricity,TOU,Stagnating,48.0,0.8475010422989726,87.0,87.0,2.0,-13.341541153386128
50,995006,T,2202,REFERENCE,Electricity,TOU,Improving,140.0,2.3832935597747564,256.0,256.0,19.0,115.08045306534368
50,995006,T,2202,REFERENCE,Balanced,TOU,Improving,67.0,1.1577129662036896,94.0,94.0,4.0,-2.4923049233779615
50,995006,T,2202,REFERENCE,Electricity,Normal,Improving,31.0,0.5310899326577783,48.0,48.0,2.0,9.0
50,995006,T,2202,REFERENCE,Balanced,Normal,Improving,112.0,1.8723960937932134,212.0,212.0,9.0,21.635162484798542
50,995006,T,2202,REFERENCE,Balanced,Demand,Stagnating,10.0,0.17683517839759588,17.0,17.0,1.0,3.407407355870145
50,995006,T,2202,REFERENCE,Electricity,Normal,Stagnating,18.0,0.2911213645711541,12.0,12.0,2.0,1.5192105225976924
50,995006,T,2202,REFERENCE,Balanced,Normal,Stagnating,25.0,0.4401617534458637,25.0,25.0,0.0,-15.0
50,995006,T,2202,REFERENCE,Flow,Demand,Stagnating,63.0,1.0596123607829213,125.0,125.0,6.0,4.721009382457078
50,995006,T,2202,REFERENCE,Flow,Normal,Improving,17.0,0.28284400701522827,36.0,36.0,0.0,-7.0
50,995006,T,2202,REFERENCE,Flow,Normal,Stagnating,10.0,0.18397700786590576,8.0,8.0,0.0,-7.0
50,995006,T,2202,REFERENCE,Flow,TOU,Improving,10.0,0.1671946905553341,17.0,17.0,0.0,-4.0
50,995006,T,2202,REFERENCE,Flow,TOU,Stagnating,16.0,0.2642124006524682,41.0,41.0,0.0,-5.0
50,995006,T,2202,REFERENCE,Balanced,TOU,Stagnating,47.0,0.7969072088599205,99.0,99.0,1.0,-17.61287041126073
50,995006,T,2202,REFERENCE,Electricity,Demand,Improving,1.0,0.016054715029895306,1.0,1.0,0.0,0.0
50,995006,T,2202,G,Flow,Compressible,Improving,29.0,0.5150332488119602,142.0,142.0,2.0,11.742643312450742
50,995006,T,2202,G,Balanced,Compressible,Improving,14.0,0.2875313702970743,66.0,66.0,2.0,20.0
50,995006,T,2202,G,Balanced,Resource,Improving,1.0,0.013336791656911373,6.0,6.0,0.0,0.0
50,995006,T,2202,G,Balanced,Demand,Improving,2.0,0.033994805067777634,11.0,11.0,2.0,6.211570214312577
50,995006,T,2202,G,Flow,Demand,Improving,56.0,1.0657479157671332,234.0,234.0,8.0,39.056325978621985
50,995006,T,2202,G,Electricity,Resource,Improving,11.0,0.174496004357934,34.0,34.0,2.0,14.690614143330643
50,995006,T,2202,G,Balanced,TOU,Improving,13.0,0.24801165889948606,41.0,41.0,1.0,6.391394762219299
50,995006,T,2202,G,Flow,Compressible,Stagnating,12.0,0.2358452007174492,60.0,60.0,1.0,1.908880737994447
50,995006,T,2202,G,Balanced,Region,Stagnating,112.0,2.741363637149334,378.0,378.0,4.0,0.3226145558679998
50,995006,T,2202,G,Balanced,Compressible,Stagnating,1.0,0.02573663368821144,2.0,2.0,0.0,0.0
50,995006,T,2202,G,Electricity,Resource,Stagnating,1.0,0.02258158102631569,5.0,5.0,0.0,0.0
50,995006,T,2202,G,Electricity,Region,Stagnating,80.0,1.678481395356357,173.0,173.0,15.0,95.36649896293267
50,995006,T,2202,G,Electricity,Region,Improving,50.0,1.0554527686908841,112.0,112.0,2.0,-10.817106682386285
50,995006,T,2202,G,Flow,TOU,Improving,29.0,0.6057412959635258,116.0,116.0,1.0,0.32871342710069773
50,995006,T,2202,G,Balanced,TOU,Stagnating,7.0,0.1279394617304206,23.0,23.0,0.0,-2.0
50,995006,T,2202,G,Balanced,Region,Improving,104.0,2.4292193297296762,324.0,324.0,1.0,-6.1077665606960565
50,995006,T,2202,G,Flow,TOU,Stagnating,19.0,0.4145512292161584,101.0,101.0,1.0,1.5826893187262447
50,995006,T,2202,G,Flow,Demand,Stagnating,84.0,1.8889569826424122,373.0,373.0,19.0,48.5107823490576
50,995006,T,2202,G,Flow,Region,Stagnating,39.0,0.9385785572230816,119.0,119.0,1.0,-0.9947936725663853
50,995006,T,2202,G,Flow,Region,Improving,10.0,0.24070510640740395,38.0,38.0,0.0,-1.0
50,995006,T,2202,W,Flow,Compressible,Improving,18.0,0.3837505057454109,102.0,102.0,1.0,7.675120545071248
50,995006,T,2202,W,Balanced,Compressible,Improving,11.0,0.21376477275043726,62.0,62.0,3.0,29.26407032198966
50,995006,T,2202,W,Balanced,Resource,Improving,6.0,0.11672641430050135,34.0,34.0,4.0,33.288667629389536
50,995006,T,2202,W,Balanced,Demand,Improving,48.0,0.9147638333961368,256.0,256.0,16.0,130.78506251510564
50,995006,T,2202,W,Flow,Demand,Improving,16.0,0.37564134132117033,54.0,54.0,0.0,-3.0
50,995006,T,2202,W,Electricity,Resource,Improving,16.0,0.3308028830215335,77.0,77.0,5.0,38.114332369982336
50,995006,T,2202,W,Balanced,TOU,Improving,181.0,4.571022901684046,681.0,681.0,18.0,86.17837403141483
50,995006,T,2202,W,Flow,Demand,Stagnating,18.0,0.37453730311244726,71.0,71.0,0.0,-4.0
50,995006,T,2202,W,Balanced,Demand,Stagnating,2.0,0.04006131459027529,6.0,6.0,0.0,-1.0
50,995006,T,2202,W,Electricity,Resource,Stagnating,3.0,0.050238062627613544,7.0,7.0,0.0,-1.0
50,995006,T,2202,W,Flow,TOU,Improving,52.0,1.5656398395076394,215.0,215.0,2.0,-0.03517935539423345
50,995006,T,2202,W,Balanced,TOU,Stagnating,116.0,3.126518677920103,376.0,376.0,11.0,62.121899146694034
50,995006,T,2202,W,Balanced,Resource,Stagnating,1.0,0.019351527094841003,4.0,4.0,0.0,0.0
50,995006,T,2202,W,Flow,TOU,Stagnating,55.0,1.4598541958257556,232.0,232.0,4.0,5.232187994624141
50,995006,T,2202,W,Electricity,TOU,Improving,126.0,3.3018121421337128,485.0,485.0,17.0,104.66914015316516
50,995006,T,2202,W,Flow,Compressible,Stagnating,1.0,0.02651939168572426,5.0,5.0,0.0,0.0
50,995006,T,2202,W,Electricity,TOU,Stagnating,147.0,4.016620883718133,466.0,466.0,22.0,143.30173215207512
50,995006,T,2202,W,Balanced,Normal,Improving,52.0,1.2518734317272902,171.0,171.0,2.0,-1.9682790685423126
50,995006,T,2202,W,Flow,Normal,Improving,73.0,1.6513715963810682,273.0,273.0,5.0,37.099805759500704
50,995006,T,2202,W,Balanced,Normal,Stagnating,41.0,1.1804841868579388,133.0,133.0,2.0,5.188049438818464
50,995006,T,2202,W,Flow,Normal,Stagnating,29.0,0.9153399607166648,75.0,75.0,3.0,0.9369746365858624
50,995006,T,2202,GW,Flow,Compressible,Improving,21.0,0.3965525608509779,122.0,122.0,2.0,12.757397304513457
50,995006,T,2202,GW,Balanced,Compressible,Improving,20.0,0.36284804437309504,101.0,101.0,7.0,50.435456476549376
50,995006,T,2202,GW,Balanced,Resource,Improving,1.0,0.0200204411521554,6.0,6.0,0.0,0.0
50,995006,T,2202,GW,Balanced,Demand,Improving,70.0,1.5369916697964072,344.0,344.0,12.0,84.55733871925831
50,995006,T,2202,GW,Flow,Demand,Improving,33.0,0.7129333345219493,172.0,172.0,1.0,4.76194512505047
50,995006,T,2202,GW,Electricity,Resource,Improving,15.0,0.22737111430615187,56.0,56.0,5.0,45.14203021046449
50,995006,T,2202,GW,Electricity,TOU,Improving,136.0,3.3758980883285403,606.0,606.0,27.0,183.97784284644482
50,995006,T,2202,GW,Flow,Demand,Stagnating,20.0,0.4656627820804715,90.0,90.0,0.0,-3.0
50,995006,T,2202,GW,Balanced,Normal,Improving,15.0,0.34438931848853827,71.0,71.0,0.0,0.0
50,995006,T,2202,GW,Balanced,TOU,Improving,118.0,2.64344684407115,492.0,492.0,8.0,40.68387548385242
50,995006,T,2202,GW,Balanced,Normal,Stagnating,4.0,0.0952161131426692,21.0,21.0,0.0,0.0
50,995006,T,2202,GW,Flow,TOU,Stagnating,75.0,1.9552679816260934,349.0,349.0,4.0,5.643193838739025
50,995006,T,2202,GW,Electricity,Resource,Stagnating,1.0,0.020484873093664646,4.0,4.0,0.0,0.0
50,995006,T,2202,GW,Flow,Normal,Stagnating,32.0,0.6781947845593095,103.0,103.0,2.0,3.9958658955574173
50,995006,T,2202,GW,Flow,TOU,Improving,51.0,1.2758787656202912,230.0,230.0,2.0,3.488174812242466
50,995006,T,2202,GW,Electricity,Normal,Improving,8.0,0.21815110463649035,27.0,27.0,0.0,-1.0
50,995006,T,2202,GW,Balanced,TOU,Stagnating,114.0,2.719427863135934,398.0,398.0,2.0,-26.979199530393657
50,995006,T,2202,GW,Electricity,TOU,Stagnating,102.0,2.545257450081408,369.0,369.0,19.0,143.06578067978847
50,995006,T,2202,GW,Electricity,Normal,Stagnating,7.0,0.20082378946244717,29.0,29.0,2.0,20.0
50,995006,T,2202,GW,Flow,Normal,Improving,1.0,0.01418975554406643,2.0,2.0,0.0,0.0
50,995006,T,2202,LEGACY,Flow,Compressible,Improving,18.0,0.3416780475527048,87.0,87.0,1.0,8.499449821779702
50,995006,T,2202,LEGACY,Balanced,Compressible,Improving,8.0,0.17511158529669046,38.0,38.0,2.0,9.149067542220823
50,995006,T,2202,LEGACY,Balanced,Resource,Improving,4.0,0.07243491802364588,18.0,18.0,0.0,0.0
50,995006,T,2202,LEGACY,Balanced,Demand,Improving,6.0,0.11502064485102892,20.0,20.0,0.0,-1.0
50,995006,T,2202,LEGACY,Flow,Demand,Improving,66.0,1.3195045152679086,235.0,235.0,7.0,41.6440205709836
50,995006,T,2202,LEGACY,Electricity,Resource,Improving,46.0,0.894395973533392,171.0,171.0,19.0,163.22838756988435
50,995006,T,2202,LEGACY,Flow,Compressible,Stagnating,2.0,0.039061116985976696,5.0,5.0,0.0,0.0
50,995006,T,2202,LEGACY,Flow,TOU,Improving,92.0,2.001694898121059,280.0,280.0,13.0,59.68105284473166
50,995006,T,2202,LEGACY,Balanced,TOU,Improving,207.0,4.394116433337331,675.0,675.0,24.0,128.83294639420785
50,995006,T,2202,LEGACY,Electricity,Resource,Stagnating,27.0,0.5287922201678157,81.0,81.0,10.0,82.37417876537813
50,995006,T,2202,LEGACY,Flow,Demand,Stagnating,77.0,1.5220177294686437,273.0,273.0,5.0,20.88145118601443
50,995006,T,2202,LEGACY,Balanced,Resource,Stagnating,11.0,0.21413806546479464,31.0,31.0,3.0,17.472678785196194
50,995006,T,2202,LEGACY,Balanced,TOU,Stagnating,380.0,8.376770127564669,1290.0,1290.0,26.0,93.93078035817499
50,995006,T,2202,LEGACY,Flow,TOU,Stagnating,374.0,7.569355059415102,1354.0,1354.0,34.0,176.40217596410514
50,995006,T,2202,LEGACY,Balanced,Normal,Improving,5.0,0.11202641855925322,9.0,9.0,0.0,-3.0
50,995006,T,2202,LEGACY,Balanced,Normal,Stagnating,1.0,0.018575877882540226,5.0,5.0,0.0,0.0
50,995006,T,2202,LEGACY,Balanced,Demand,Stagnating,7.0,0.13548065349459648,21.0,21.0,1.0,1.1956306753106358
50,995006,T,2202,LEGACY,Electricity,TOU,Improving,17.0,0.37058748211711645,32.0,32.0,0.0,-8.0
50,995006,T,2202,LEGACY,Electricity,TOU,Stagnating,60.0,1.3307604910805821,105.0,105.0,6.0,13.9844849165464
50,995006,T,2202,LEGACY,Electricity,Normal,Improving,6.0,0.12713634129613638,11.0,11.0,0.0,-2.0
50,995006,T,2202,LEGACY,Flow,Normal,Improving,1.0,0.0176978912204504,3.0,3.0,0.0,0.0
50,995006,T,2202,LEGACY,Flow,Normal,Stagnating,1.0,0.024676739238202572,5.0,5.0,0.0,0.0
50,995007,H,2202,GW,Balanced,Compressible,Improving,51.0,0.8486976679414511,249.0,249.0,15.0,105.1100522617589
50,995007,H,2202,GW,Flow,Demand,Improving,2.0,0.027212650515139103,9.0,9.0,0.0,0.0
50,995007,H,2202,GW,Flow,Compressible,Improving,48.0,0.7282180758193135,226.0,226.0,4.0,26.806841653351707
50,995007,H,2202,GW,Balanced,Demand,Improving,1.0,0.019052276387810707,5.0,5.0,0.0,0.0
50,995007,H,2202,GW,Electricity,Compressible,Improving,24.0,0.39011937007308006,103.0,103.0,9.0,72.93487855424401
50,995007,H,2202,GW,Balanced,Resource,Improving,7.0,0.11615261808037758,20.0,20.0,1.0,10.0
50,995007,H,2202,GW,Flow,TOU,Improving,32.0,0.573214178904891,69.0,69.0,1.0,-3.7319820447078866
50,995007,H,2202,GW,Electricity,TOU,Improving,87.0,1.6368680009618402,215.0,215.0,13.0,67.68450455406492
50,995007,H,2202,GW,Electricity,Resource,Improving,1.0,0.016336201690137386,6.0,6.0,1.0,10.0
50,995007,H,2202,GW,Balanced,Compressible,Stagnating,21.0,0.3241537855938077,94.0,94.0,6.0,39.812404958821126
50,995007,H,2202,GW,Balanced,TOU,Stagnating,195.0,3.743501765653491,523.0,523.0,5.0,-23.232153796479917
50,995007,H,2202,GW,Flow,Compressible,Stagnating,10.0,0.15299835056066513,34.0,34.0,0.0,0.0
50,995007,H,2202,GW,Balanced,TOU,Improving,108.0,2.0430457834154367,231.0,231.0,8.0,9.759961245530889
50,995007,H,2202,GW,Electricity,TOU,Stagnating,87.0,1.7664913861081004,207.0,207.0,3.0,-22.035111958735435
50,995007,H,2202,GW,Flow,TOU,Stagnating,139.0,2.4992557168006897,283.0,283.0,1.0,-49.13452198963929
50,995007,H,2202,LEGACY,Balanced,Compressible,Improving,20.0,0.4118713606148958,54.0,54.0,6.0,13.28191312409474
50,995007,H,2202,LEGACY,Flow,Demand,Improving,2.0,0.03991303592920303,11.0,11.0,0.0,0.0
50,995007,H,2202,LEGACY,Flow,Compressible,Improving,32.0,0.6939138043671846,121.0,121.0,7.0,34.14408220336305
50,995007,H,2202,LEGACY,Electricity,Resource,Improving,1.0,0.017610950395464897,6.0,6.0,1.0,10.0
50,995007,H,2202,LEGACY,Balanced,TOU,Improving,122.0,2.644039743579924,190.0,190.0,7.0,-18.58778562233139
50,995007,H,2202,LEGACY,Electricity,Compressible,Improving,4.0,0.08935594651848078,10.0,10.0,0.0,-1.0
50,995007,H,2202,LEGACY,Electricity,TOU,Improving,86.0,1.900292252190411,119.0,119.0,14.0,86.2624582595804
50,995007,H,2202,LEGACY,Electricity,TOU,Stagnating,24.0,0.5446828966960311,12.0,12.0,1.0,-8.0
50,995007,H,2202,LEGACY,Balanced,Normal,Improving,1.0,0.021671780385077,6.0,6.0,1.0,0.9302543365797021
50,995007,H,2202,LEGACY,Flow,Compressible,Stagnating,18.0,0.31336404383182526,40.0,40.0,6.0,21.35461599513668
50,995007,H,2202,LEGACY,Balanced,TOU,Stagnating,93.0,2.08037091512233,59.0,59.0,1.0,-69.58581434084039
50,995007,H,2202,LEGACY,Flow,TOU,Improving,27.0,0.5292022861540318,58.0,58.0,0.0,-9.0
50,995007,H,2202,LEGACY,Flow,TOU,Stagnating,74.0,1.5737975984811783,91.0,91.0,1.0,-38.23176581163777
50,995007,H,2202,REFERENCE,Balanced,Compressible,Improving,46.0,0.7909376733005047,224.0,224.0,14.0,104.84848882314748
50,995007,H,2202,REFERENCE,Flow,Demand,Improving,2.0,0.03209014609456062,9.0,9.0,0.0,0.0
50,995007,H,2202,REFERENCE,Flow,Compressible,Improving,22.0,0.38757896330207586,76.0,76.0,1.0,8.204548010898758
50,995007,H,2202,REFERENCE,Balanced,TOU,Improving,100.0,1.9704318838194013,217.0,217.0,7.0,10.895226215093803
50,995007,H,2202,REFERENCE,Electricity,Resource,Improving,1.0,0.019932493567466736,0.0,0.0,0.0,-1.0
50,995007,H,2202,REFERENCE,Electricity,Demand,Improving,1.0,0.020915184170007706,1.0,1.0,1.0,5.992262693889816
50,995007,H,2202,REFERENCE,Electricity,Compressible,Improving,5.0,0.09076647739857435,18.0,18.0,1.0,9.356039885677522
50,995007,H,2202,REFERENCE,Flow,TOU,Improving,123.0,2.5554366055876017,249.0,249.0,12.0,35.88821236465205
50,995007,H,2202,REFERENCE,Electricity,TOU,Improving,107.0,2.254143643192947,208.0,208.0,12.0,67.49770961192141
50,995007,H,2202,REFERENCE,Electricity,TOU,Stagnating,66.0,1.4472354026511312,74.0,74.0,6.0,26.0
50,995007,H,2202,REFERENCE,Balanced,TOU,Stagnating,111.0,2.4448348255828023,164.0,164.0,4.0,-26.989600404202168
50,995007,H,2202,REFERENCE,Flow,TOU,Stagnating,96.0,2.2053887378424406,172.0,172.0,2.0,-27.114603897349156
50,995007,H,2202,REFERENCE,Flow,Compressible,Stagnating,6.0,0.1109929233789444,29.0,29.0,0.0,0.0
50,995007,H,2202,G,Balanced,Compressible,Improving,46.0,0.7565297801047564,223.0,223.0,14.0,104.84848882314748
50,995007,H,2202,G,Flow,Demand,Improving,2.0,0.04088480398058891,9.0,9.0,0.0,0.0
50,995007,H,2202,G,Flow,Compressible,Improving,15.0,0.23919848166406155,71.0,71.0,1.0,4.585502294023615
50,995007,H,2202,G,Balanced,TOU,Improving,123.0,2.4404519759118557,162.0,162.0,7.0,-10.872947887528635
50,995007,H,2202,G,Electricity,Resource,Improving,2.0,0.0444768900051713,0.0,0.0,0.0,-2.0
50,995007,H,2202,G,Electricity,Demand,Improving,1.0,0.018232067115604877,1.0,1.0,1.0,5.992262693889816
50,995007,H,2202,G,Electricity,Compressible,Improving,5.0,0.08349552471190691,18.0,18.0,1.0,9.356039885677522
50,995007,H,2202,G,Flow,TOU,Improving,95.0,1.8285815846174955,201.0,201.0,17.0,69.21080739338868
50,995007,H,2202,G,Electricity,TOU,Improving,49.0,1.0107101136818528,43.0,43.0,1.0,-24.760850870735368
50,995007,H,2202,G,Electricity,TOU,Stagnating,56.0,1.137522571720183,34.0,34.0,8.0,40.97640704893004
50,995007,H,2202,G,Flow,TOU,Stagnating,78.0,1.637879685498774,148.0,148.0,1.0,-26.88964241673608
50,995007,H,2202,G,Electricity,Normal,Improving,1.0,0.017009204253554344,0.0,0.0,0.0,-1.0
50,995007,H,2202,G,Flow,Compressible,Stagnating,1.0,0.016261328011751175,0.0,0.0,0.0,-1.0
50,995007,H,2202,G,Balanced,Compressible,Stagnating,1.0,0.01900228764861822,0.0,0.0,0.0,-1.0
50,995007,H,2202,G,Balanced,TOU,Stagnating,89.0,1.8407204011455178,125.0,125.0,2.0,-29.097774395765363
50,995007,H,2202,W,Balanced,Compressible,Improving,83.0,1.685774884186685,414.0,414.0,16.0,117.11426106476465
50,995007,H,2202,W,Flow,Demand,Improving,2.0,0.03513478580862284,9.0,9.0,0.0,0.0
50,995007,H,2202,W,Flow,Compressible,Improving,66.0,1.4656768534332514,315.0,315.0,2.0,19.0
50,995007,H,2202,W,Balanced,Demand,Improving,1.0,0.0213087173178792,5.0,5.0,0.0,0.0
50,995007,H,2202,W,Electricity,Compressible,Improving,24.0,0.48003989178687334,103.0,103.0,9.0,72.93487855424401
50,995007,H,2202,W,Balanced,Resource,Improving,7.0,0.16655465960502625,20.0,20.0,1.0,10.0
50,995007,H,2202,W,Flow,TOU,Improving,47.0,1.1905534407123923,180.0,180.0,2.0,12.911995015428788
50,995007,H,2202,W,Electricity,TOU,Improving,68.0,1.719384204596281,204.0,204.0,7.0,37.39402918964147
50,995007,H,2202,W,Electricity,Resource,Improving,1.0,0.01774896215647459,6.0,6.0,1.0,10.0
50,995007,H,2202,W,Balanced,Compressible,Stagnating,49.0,1.0977619355544448,241.0,241.0,6.0,26.417174510329232
50,995007,H,2202,W,Balanced,TOU,Stagnating,200.0,5.126475439406931,535.0,535.0,19.0,44.67359520071909
50,995007,H,2202,W,Flow,Compressible,Stagnating,25.0,0.5930884871631861,107.0,107.0,0.0,-4.0
50,995007,H,2202,W,Balanced,TOU,Improving,100.0,2.628090277314186,291.0,291.0,7.0,22.51675735577423
50,995007,H,2202,W,Electricity,TOU,Stagnating,89.0,2.559924580156803,239.0,239.0,6.0,24.449920060525457
50,995007,H,2202,W,Flow,TOU,Stagnating,53.0,1.3790467148646712,148.0,148.0,0.0,-11.0
50,995007,H,1101,G,Electricity,Compressible,Improving,10.0,0.1541495844721794,6.0,6.0,0.0,-7.0
50,995007,H,1101,G,Balanced,Compressible,Improving,9.0,0.1315761087462306,27.0,27.0,2.0,6.19841432859234
50,995007,H,1101,G,Balanced,TOU,Improving,138.0,2.319814208894968,252.0,252.0,12.0,40.7850638826486
50,995007,H,1101,G,Electricity,TOU,Improving,92.0,1.4332743873819709,121.0,121.0,10.0,19.805751907201838
50,995007,H,1101,G,Flow,Compressible,Improving,22.0,0.33268888760358095,72.0,72.0,4.0,21.109596540947315
50,995007,H,1101,G,Electricity,KV,Improving,1.0,0.015968216583132744,1.0,1.0,0.0,0.0
50,995007,H,1101,G,Electricity,Region,Improving,2.0,0.03189834672957659,7.0,7.0,0.0,0.0
50,995007,H,1101,G,Balanced,TOU,Stagnating,91.0,1.6378512866795063,125.0,125.0,1.0,-49.110954458988
50,995007,H,1101,G,Flow,Compressible,Stagnating,3.0,0.06828029081225395,7.0,7.0,0.0,-1.0
50,995007,H,1101,G,Balanced,Compressible,Stagnating,1.0,0.013441767543554306,0.0,0.0,0.0,-1.0
50,995007,H,1101,G,Electricity,TOU,Stagnating,53.0,0.876164105720818,58.0,58.0,1.0,-31.90086934633311
50,995007,H,1101,G,Electricity,Compressible,Stagnating,5.0,0.07556880731135607,10.0,10.0,0.0,-1.0
50,995007,H,1101,G,Flow,TOU,Improving,104.0,1.671427465043962,291.0,291.0,5.0,-4.119537032578314
50,995007,H,1101,G,Flow,TOU,Stagnating,153.0,2.4167360551655293,389.0,389.0,7.0,-17.576445629593067
50,995007,H,1101,G,Electricity,Normal,Improving,2.0,0.02994718123227358,6.0,6.0,1.0,9.0
50,995007,H,1101,W,Electricity,Compressible,Improving,39.0,0.9005400324240327,114.0,114.0,8.0,50.679096011540935
50,995007,H,1101,W,Balanced,Compressible,Improving,69.0,1.6357712671160698,147.0,147.0,4.0,-1.6167019400227396
50,995007,H,1101,W,Balanced,TOU,Improving,128.0,3.054608142003417,420.0,420.0,12.0,72.78283380160624
50,995007,H,1101,W,Flow,Compressible,Improving,50.0,1.218471155501902,123.0,123.0,0.0,-18.0
50,995007,H,1101,W,Flow,Compressible,Stagnating,68.0,1.5385103896260262,236.0,236.0,2.0,-7.169856368528117
50,995007,H,1101,W,Balanced,Compressible,Stagnating,19.0,0.5543691450729966,24.0,24.0,0.0,-11.0
50,995007,H,1101,W,Electricity,TOU,Improving,38.0,0.9160298444330692,76.0,76.0,1.0,-8.0
50,995007,H,1101,W,Electricity,TOU,Stagnating,54.0,1.48414711561054,74.0,74.0,0.0,-28.0
50,995007,H,1101,W,Flow,TOU,Improving,30.0,0.7825423376634717,99.0,99.0,0.0,-9.0
50,995007,H,1101,W,Balanced,TOU,Stagnating,38.0,1.0355939362198114,94.0,94.0,2.0,4.0
50,995007,H,1101,W,Flow,TOU,Stagnating,72.0,1.9251000853255391,234.0,234.0,0.0,-23.0
50,995007,H,1101,GW,Electricity,Compressible,Improving,11.0,0.24594504106789827,47.0,47.0,2.0,9.68433818110843
50,995007,H,1101,GW,Balanced,Compressible,Improving,27.0,0.5589166292920709,109.0,109.0,5.0,17.169566438175572
50,995007,H,1101,GW,Balanced,TOU,Improving,143.0,3.4274984216317534,473.0,473.0,16.0,67.60300334624401
50,995007,H,1101,GW,Flow,Compressible,Improving,8.0,0.1327175796031952,33.0,33.0,0.0,-1.0
50,995007,H,1101,GW,Flow,Compressible,Stagnating,42.0,0.8665641425177455,223.0,223.0,5.0,20.248908906089493
50,995007,H,1101,GW,Electricity,TOU,Improving,115.0,2.4389895983040333,197.0,197.0,16.0,71.24719307990723
50,995007,H,1101,GW,Balanced,Region,Improving,1.0,0.021080925129354,5.0,5.0,0.0,0.0
50,995007,H,1101,GW,Flow,TOU,Improving,128.0,3.0172837134450674,377.0,377.0,8.0,45.18715705813886
50,995007,H,1101,GW,Flow,TOU,Stagnating,140.0,3.665315914899111,373.0,373.0,4.0,2.4889707408480444
50,995007,H,1101,GW,Balanced,TOU,Stagnating,269.0,7.001763372682035,821.0,821.0,31.0,148.42598451548182
50,995007,H,1101,GW,Electricity,TOU,Stagnating,110.0,2.4864481342956424,208.0,208.0,8.0,19.495700086396422
50,995007,H,1101,LEGACY,Electricity,Compressible,Improving,15.0,0.2921339115127921,55.0,55.0,1.0,4.480614418963148
50,995007,H,1101,LEGACY,Balanced,Compressible,Improving,38.0,0.7773630851879716,107.0,107.0,7.0,33.91117294136044
50,995007,H,1101,LEGACY,Balanced,TOU,Improving,86.0,1.8675040444359183,134.0,134.0,5.0,-28.791322875611495
50,995007,H,1101,LEGACY,Flow,Compressible,Improving,16.0,0.28387460485100746,53.0,53.0,3.0,18.101147714345064
50,995007,H,1101,LEGACY,Balanced,TOU,Stagnating,67.0,1.3525204975157976,128.0,128.0,6.0,-7.769834669436733
50,995007,H,1101,LEGACY,Flow,Compressible,Stagnating,29.0,0.49762630742043257,109.0,109.0,4.0,20.184571319382187
50,995007,H,1101,LEGACY,Electricity,Compressible,Stagnating,5.0,0.09583096392452717,15.0,15.0,0.0,0.0
50,995007,H,1101,LEGACY,Electricity,TOU,Stagnating,24.0,0.5080320108681917,26.0,26.0,4.0,13.285439858389687
50,995007,H,1101,LEGACY,Flow,TOU,Stagnating,105.0,2.076398266479373,212.0,212.0,4.0,-24.344937704589263
50,995007,H,1101,LEGACY,Electricity,TOU,Improving,36.0,0.8395408894866705,18.0,18.0,0.0,-28.0
50,995007,H,1101,LEGACY,Flow,TOU,Improving,137.0,2.757407064549625,335.0,335.0,6.0,-2.8852105084004833
50,995007,H,1101,LEGACY,Balanced,Compressible,Stagnating,2.0,0.045665960758924484,8.0,8.0,0.0,0.0
50,995007,H,1101,REFERENCE,Electricity,Compressible,Improving,20.0,0.4567644512280822,13.0,13.0,0.0,-13.0
50,995007,H,1101,REFERENCE,Balanced,Compressible,Improving,50.0,0.9804060673341155,109.0,109.0,9.0,47.20503389083239
50,995007,H,1101,REFERENCE,Balanced,TOU,Improving,128.0,2.5546570075675845,218.0,218.0,7.0,-16.713480934001034
50,995007,H,1101,REFERENCE,Electricity,TOU,Improving,29.0,0.530122734606266,26.0,26.0,0.0,-17.0
50,995007,H,1101,REFERENCE,Flow,Compressible,Improving,27.0,0.5686337100341916,70.0,70.0,3.0,11.196312177808945
50,995007,H,1101,REFERENCE,Electricity,KV,Improving,1.0,0.01877615973353386,1.0,1.0,0.0,0.0
50,995007,H,1101,REFERENCE,Electricity,Region,Improving,2.0,0.03659056965261698,7.0,7.0,0.0,0.0
50,995007,H,1101,REFERENCE,Balanced,TOU,Stagnating,92.0,1.9929057992994785,99.0,99.0,4.0,-31.0127703639329
50,995007,H,1101,REFERENCE,Flow,Compressible,Stagnating,26.0,0.5409346129745245,74.0,74.0,1.0,4.029882956955396
50,995007,H,1101,REFERENCE,Electricity,KV,Stagnating,1.0,0.02191333845257759,0.0,0.0,0.0,-1.0
50,995007,H,1101,REFERENCE,Electricity,TOU,Stagnating,42.0,0.8522357018664479,33.0,33.0,2.0,-10.0
50,995007,H,1101,REFERENCE,Electricity,Resource,Stagnating,2.0,0.04598691873252392,0.0,0.0,0.0,-2.0
50,995007,H,1101,REFERENCE,Balanced,Compressible,Stagnating,20.0,0.4234946006909013,42.0,42.0,4.0,34.02439124077413
50,995007,H,1101,REFERENCE,Flow,TOU,Stagnating,63.0,1.394291002303362,54.0,54.0,0.0,-41.0
50,995007,H,1101,REFERENCE,Flow,TOU,Improving,44.0,0.9270633235573769,58.0,58.0,0.0,-16.0
50,995007,H,1101,REFERENCE,Electricity,Compressible,Stagnating,7.0,0.16936213057488203,6.0,6.0,0.0,-4.0
50,995007,H,1101,REFERENCE,Electricity,Normal,Stagnating,1.0,0.012082968838512897,0.0,0.0,0.0,-1.0
50,995007,H,1101,REFERENCE,Electricity,Normal,Improving,1.0,0.009140374138951302,0.0,0.0,0.0,-1.0
50,995007,T,2202,LEGACY,Balanced,Compressible,Improving,24.0,0.35243607219308615,89.0,89.0,5.0,32.56107661078209
50,995007,T,2202,LEGACY,Flow,Demand,Improving,2.0,0.0332495654001832,10.0,10.0,0.0,0.0
50,995007,T,2202,LEGACY,Electricity,Resource,Improving,31.0,0.5198407117277384,82.0,82.0,18.0,153.70019993186494
50,995007,T,2202,LEGACY,Flow,Compressible,Improving,34.0,0.5329138971865177,136.0,136.0,7.0,35.70186880110488
50,995007,T,2202,LEGACY,Balanced,Normal,Improving,62.0,1.0786691214889288,42.0,42.0,0.0,-45.0
50,995007,T,2202,LEGACY,Flow,TOU,Improving,141.0,2.164324359036982,314.0,314.0,16.0,108.53967402986873
50,995007,T,2202,LEGACY,Electricity,TOU,Improving,16.0,0.26183455996215343,37.0,37.0,6.0,41.02656485231178
50,995007,T,2202,LEGACY,Electricity,Compressible,Improving,1.0,0.017638154327869415,1.0,1.0,1.0,2.9144876352371263
50,995007,T,2202,LEGACY,Balanced,TOU,Stagnating,6.0,0.07607620302587748,6.0,6.0,0.0,-5.0
50,995007,T,2202,LEGACY,Balanced,Normal,Stagnating,89.0,1.53510881960392,54.0,54.0,2.0,-53.91426526302341
50,995007,T,2202,LEGACY,Balanced,Compressible,Stagnating,6.0,0.10060663986951113,2.0,2.0,1.0,1.3375921196149214
50,995007,T,2202,LEGACY,Electricity,TOU,Stagnating,4.0,0.06652550399303436,2.0,2.0,0.0,-2.0
50,995007,T,2202,LEGACY,Balanced,TOU,Improving,8.0,0.13347873277962208,3.0,3.0,0.0,-5.0
50,995007,T,2202,LEGACY,Flow,Compressible,Stagnating,2.0,0.02315209899097681,10.0,10.0,0.0,0.0
50,995007,T,2202,LEGACY,Flow,TOU,Stagnating,78.0,1.2456640554592013,135.0,135.0,1.0,-21.95240780802361
50,995007,T,2202,LEGACY,Electricity,Normal,Stagnating,62.0,1.034343445673585,39.0,39.0,6.0,11.0
50,995007,T,2202,LEGACY,Electricity,Normal,Improving,56.0,0.9346177168190479,30.0,30.0,4.0,-15.793395306104037
50,995007,T,2202,LEGACY,Flow,Normal,Stagnating,5.0,0.07733609899878502,7.0,7.0,0.0,-2.0
50,995007,T,2202,REFERENCE,Balanced,Compressible,Improving,59.0,1.3051810059696436,235.0,235.0,18.0,118.28291401084671
50,995007,T,2202,REFERENCE,Flow,Demand,Improving,2.0,0.04275701101869345,9.0,9.0,0.0,0.0
50,995007,T,2202,REFERENCE,Flow,Compressible,Improving,49.0,1.1367372758686543,143.0,143.0,10.0,77.5107298118802
50,995007,T,2202,REFERENCE,Electricity,Resource,Improving,37.0,0.8441904047504067,99.0,99.0,10.0,75.07351723738526
50,995007,T,2202,REFERENCE,Electricity,Compressible,Improving,7.0,0.16925304755568504,21.0,21.0,2.0,17.13723635496199
50,995007,T,2202,REFERENCE,Balanced,TOU,Improving,18.0,0.43771454505622387,26.0,26.0,0.0,-9.0
50,995007,T,2202,REFERENCE,Flow,TOU,Improving,144.0,3.306633848696947,265.0,265.0,34.0,209.31418388542463
50,995007,T,2202,REFERENCE,Electricity,Normal,Improving,2.0,0.04839292448014021,3.0,3.0,0.0,-1.0
50,995007,T,2202,REFERENCE,Balanced,Normal,Improving,31.0,0.7230762802064419,35.0,35.0,0.0,-17.0
50,995007,T,2202,REFERENCE,Flow,Compressible,Stagnating,12.0,0.2598961181938648,41.0,41.0,2.0,12.247837542452258
50,995007,T,2202,REFERENCE,Flow,TOU,Stagnating,17.0,0.37694448698312044,20.0,20.0,0.0,-11.0
50,995007,T,2202,REFERENCE,Electricity,Resource,Stagnating,8.0,0.18623249605298042,10.0,10.0,2.0,16.0
50,995007,T,2202,REFERENCE,Electricity,Region,Improving,56.0,1.260988961905241,94.0,94.0,9.0,51.24029522974127
50,995007,T,2202,REFERENCE,Balanced,Normal,Stagnating,55.0,1.2811260791495442,55.0,55.0,4.0,-8.842138666582738
50,995007,T,2202,REFERENCE,Balanced,Region,Improving,46.0,1.097051919437945,56.0,56.0,2.0,-8.25807319402054
50,995007,T,2202,REFERENCE,Electricity,Region,Stagnating,30.0,0.5589869720861316,45.0,45.0,1.0,-10.622243479529484
50,995007,T,2202,REFERENCE,Balanced,Region,Stagnating,29.0,0.6160303838551044,27.0,27.0,0.0,-16.0
50,995007,T,2202,REFERENCE,Balanced,TOU,Stagnating,27.0,0.5686860708519816,18.0,18.0,2.0,3.0
50,995007,T,2202,REFERENCE,Flow,Region,Stagnating,26.0,0.561224970035255,32.0,32.0,1.0,-6.60150773061667
50,995007,T,2202,REFERENCE,Flow,Region,Improving,9.0,0.19252544548362494,4.0,4.0,0.0,-6.0
50,995007,T,2202,REFERENCE,Flow,Normal,Improving,10.0,0.20195910148322582,14.0,14.0,0.0,-4.0
50,995007,T,2202,REFERENCE,Flow,Normal,Stagnating,18.0,0.33178418688476086,36.0,36.0,1.0,-2.4154913570708825
50,995007,T,2202,REFERENCE,Electricity,Normal,Stagnating,1.0,0.019526206888258457,0.0,0.0,0.0,-1.0
50,995007,T,2202,REFERENCE,Electricity,TOU,Improving,2.0,0.05565934628248215,0.0,0.0,0.0,-2.0
50,995007,T,2202,REFERENCE,Electricity,TOU,Stagnating,1.0,0.025980457663536072,0.0,0.0,0.0,-1.0
50,995007,T,2202,G,Balanced,Compressible,Improving,59.0,1.069898304529488,235.0,235.0,18.0,118.28291401084671
50,995007,T,2202,G,Flow,Demand,Improving,2.0,0.03231292404234409,9.0,9.0,0.0,0.0
50,995007,T,2202,G,Flow,Compressible,Improving,49.0,1.0988955050706863,143.0,143.0,10.0,77.5107298118802
50,995007,T,2202,G,Electricity,Resource,Improving,39.0,0.8535939063876867,98.0,98.0,10.0,72.07351723738526
50,995007,T,2202,G,Electricity,Compressible,Improving,7.0,0.1664462322369218,21.0,21.0,2.0,17.13723635496199
50,995007,T,2202,G,Balanced,TOU,Improving,4.0,0.09530973620712757,16.0,16.0,0.0,0.0
50,995007,T,2202,G,Flow,TOU,Improving,123.0,2.4973659990355372,238.0,238.0,30.0,191.11480109510492
50,995007,T,2202,G,Electricity,Normal,Improving,2.0,0.04830350633710623,3.0,3.0,0.0,-1.0
50,995007,T,2202,G,Balanced,Normal,Improving,7.0,0.1458500772714615,13.0,13.0,0.0,-2.0
50,995007,T,2202,G,Flow,Compressible,Stagnating,12.0,0.2812149543315172,52.0,52.0,3.0,16.04551176004486
50,995007,T,2202,G,Flow,TOU,Stagnating,19.0,0.4106830134987831,22.0,22.0,0.0,-12.0
50,995007,T,2202,G,Electricity,Resource,Stagnating,16.0,0.30625985749065876,17.0,17.0,3.0,21.0
50,995007,T,2202,G,Electricity,Region,Improving,46.0,0.8670791825279593,39.0,39.0,2.0,-25.305986030667256
50,995007,T,2202,G,Balanced,Normal,Stagnating,16.0,0.36150098219513893,35.0,35.0,2.0,4.230371177830934
50,995007,T,2202,G,Balanced,Region,Improving,82.0,1.6852544657886028,82.0,82.0,2.0,-30.168599264705108
50,995007,T,2202,G,Electricity,Region,Stagnating,41.0,0.8675280408933759,26.0,26.0,1.0,-20.0
50,995007,T,2202,G,Balanced,Region,Stagnating,56.0,1.1567000411450863,43.0,43.0,1.0,-26.0
50,995007,T,2202,G,Balanced,TOU,Stagnating,1.0,0.016564948484301567,0.0,0.0,0.0,-1.0
50,995007,T,2202,G,Flow,Region,Improving,44.0,0.9574122354388237,63.0,63.0,1.0,-12.784334870621535
50,995007,T,2202,G,Flow,Region,Stagnating,39.0,0.8928170809522271,74.0,74.0,0.0,-13.0
50,995007,T,2202,G,Flow,Normal,Stagnating,1.0,0.025382189080119133,2.0,2.0,0.0,0.0
50,995007,T,2202,W,Balanced,Compressible,Improving,39.0,0.9192185727879405,194.0,194.0,8.0,50.96118534842408
50,995007,T,2202,W,Flow,Demand,Improving,2.0,0.041785743087530136,10.0,10.0,0.0,0.0
50,995007,T,2202,W,Flow,Compressible,Improving,76.0,1.8996204817667603,296.0,296.0,12.0,73.84362109336882
50,995007,T,2202,W,Electricity,Resource,Improving,4.0,0.09046675823628902,20.0,20.0,1.0,8.422317613007383
50,995007,T,2202,W,Flow,TOU,Improving,152.0,4.082414021715522,502.0,502.0,11.0,35.89444727122541
50,995007,T,2202,W,Electricity,TOU,Improving,17.0,0.6342453444376588,12.0,12.0,0.0,-12.0
50,995007,T,2202,W,Balanced,TOU,Improving,124.0,3.504284421913326,372.0,372.0,8.0,-0.6844771365834279
50,995007,T,2202,W,Electricity,Compressible,Improving,1.0,0.0191556578502059,6.0,6.0,0.0,0.0
50,995007,T,2202,W,Electricity,Normal,Improving,44.0,1.1813503131270409,154.0,154.0,13.0,104.39569828819383
50,995007,T,2202,W,Balanced,Normal,Improving,1.0,0.027264229021966457,5.0,5.0,0.0,0.0
50,995007,T,2202,W,Flow,Compressible,Stagnating,37.0,0.9392221067100763,147.0,147.0,3.0,13.5648113246719
50,995007,T,2202,W,Flow,TOU,Stagnating,129.0,3.226932064630091,438.0,438.0,0.0,-17.0
50,995007,T,2202,W,Electricity,TOU,Stagnating,41.0,1.4521409021690488,64.0,64.0,2.0,-4.221653803059564
50,995007,T,2202,W,Balanced,TOU,Stagnating,73.0,2.000306835398078,198.0,198.0,2.0,-4.706517715464761
50,995007,T,2202,W,Electricity,Normal,Stagnating,5.0,0.1913144439458847,3.0,3.0,0.0,-4.0
50,995007,T,2202,W,Balanced,Region,Improving,1.0,0.018240010365843773,6.0,6.0,0.0,0.0
50,995007,T,2202,W,Electricity,Region,Improving,1.0,0.03130262903869152,0.0,0.0,0.0,-1.0
50,995007,T,2202,W,Electricity,Region,Stagnating,1.0,0.07225933857262135,0.0,0.0,0.0,-1.0
50,995007,T,2202,GW,Balanced,Compressible,Improving,39.0,0.8520820671692491,194.0,194.0,8.0,50.96118534842408
50,995007,T,2202,GW,Flow,Demand,Improving,2.0,0.03449374996125698,10.0,10.0,0.0,0.0
50,995007,T,2202,GW,Flow,Compressible,Improving,43.0,1.0590877197682858,193.0,193.0,4.0,20.535787537046513
50,995007,T,2202,GW,Electricity,Resource,Improving,4.0,0.09153649676591158,20.0,20.0,1.0,8.422317613007383
50,995007,T,2202,GW,Flow,TOU,Improving,82.0,2.1325681917369366,303.0,303.0,3.0,10.03288305623833
50,995007,T,2202,GW,Electricity,TOU,Improving,21.0,0.6681703794747591,33.0,33.0,1.0,0.0
50,995007,T,2202,GW,Balanced,TOU,Improving,163.0,3.6452547824010253,592.0,592.0,22.0,143.06427612471234
50,995007,T,2202,GW,Electricity,Compressible,Improving,1.0,0.019542966037988663,6.0,6.0,0.0,0.0
50,995007,T,2202,GW,Electricity,Normal,Improving,37.0,0.8834040686488152,142.0,142.0,12.0,99.39569828819383
50,995007,T,2202,GW,Balanced,Normal,Improving,1.0,0.027698887512087822,5.0,5.0,0.0,0.0
50,995007,T,2202,GW,Flow,Compressible,Stagnating,25.0,0.6489969361573458,101.0,101.0,2.0,6.344488524420155
50,995007,T,2202,GW,Flow,TOU,Stagnating,118.0,3.3045433424413204,383.0,383.0,5.0,4.052185940083197
50,995007,T,2202,GW,Electricity,TOU,Stagnating,114.0,3.28778416570276,254.0,254.0,35.0,257.80508077983757
50,995007,T,2202,GW,Balanced,TOU,Stagnating,164.0,4.240802670828998,567.0,567.0,19.0,118.03884499338056
50,995007,T,2202,GW,Electricity,Normal,Stagnating,5.0,0.14485294744372368,7.0,7.0,1.0,-1.4557067497529736
50,995007,T,2202,GW,Electricity,Region,Stagnating,61.0,1.441200298257172,158.0,158.0,19.0,154.54643558601543
50,995007,T,2202,GW,Electricity,Region,Improving,26.0,0.6811938481405377,53.0,53.0,5.0,24.865341782406304
50,995007,T,2202,GW,Balanced,Region,Stagnating,32.0,0.8394047766923904,70.0,70.0,1.0,-8.443892102903819
50,995007,T,2202,GW,Balanced,Region,Improving,21.0,0.5885370802134275,23.0,23.0,1.0,-5.0
50,995007,T,2202,GW,Flow,Region,Stagnating,17.0,0.5521508669480681,34.0,34.0,2.0,6.663374488012121
50,995007,T,2202,GW,Flow,Region,Improving,1.0,0.041560905054211617,0.0,0.0,0.0,-1.0
50,995007,T,1101,W,Flow,Compressible,Improving,105.0,1.7713577570393682,486.0,486.0,13.0,79.2860705711477
50,995007,T,1101,W,Balanced,Resource,Improving,4.0,0.06159136723726988,21.0,21.0,3.0,17.705018989981824
50,995007,T,1101,W,Electricity,Compressible,Improving,61.0,1.0785214491188526,226.0,226.0,29.0,234.46103573023615
50,995007,T,1101,W,Balanced,Compressible,Improving,17.0,0.2968745306134224,74.0,74.0,3.0,22.901561794559466
50,995007,T,1101,W,Flow,Compressible,Stagnating,51.0,0.8848308967426419,233.0,233.0,1.0,3.4956243425471456
50,995007,T,1101,W,Balanced,Compressible,Stagnating,1.0,0.00902073085308075,6.0,6.0,0.0,0.0
50,995007,T,1101,W,Flow,Normal,Stagnating,37.0,0.7208649516105652,102.0,102.0,0.0,-12.0
50,995007,T,1101,W,Flow,TOU,Improving,41.0,0.8542001461610198,124.0,124.0,5.0,16.320207410557504
50,995007,T,1101,W,Electricity,TOU,Improving,110.0,2.561841902323067,174.0,174.0,17.0,100.32913215437677
50,995007,T,1101,W,Electricity,TOU,Stagnating,55.0,1.3353463904932141,64.0,64.0,0.0,-39.0
50,995007,T,1101,W,Balanced,Normal,Stagnating,15.0,0.3226723438128829,36.0,36.0,1.0,-5.18175700545351
50,995007,T,1101,W,Balanced,TOU,Improving,79.0,1.838349288329482,133.0,133.0,5.0,-21.668486283490026
50,995007,T,1101,W,Balanced,Normal,Improving,18.0,0.37987232487648726,63.0,63.0,2.0,14.058191155360312
50,995007,T,1101,W,Balanced,TOU,Stagnating,109.0,2.722182928584516,142.0,142.0,0.0,-74.0
50,995007,T,1101,W,Flow,Normal,Improving,46.0,0.8687024237588048,157.0,157.0,3.0,4.184407383556383
50,995007,T,1101,W,Flow,TOU,Stagnating,37.0,0.7786034103482962,64.0,64.0,0.0,-15.0
50,995007,T,1101,W,Electricity,Normal,Improving,2.0,0.03740502055734396,5.0,5.0,0.0,0.0
50,995007,T,1101,W,Electricity,Normal,Stagnating,15.0,0.34677261859178543,12.0,12.0,0.0,-8.0
50,995007,T,1101,GW,Flow,Compressible,Improving,111.0,2.7617531092837453,533.0,533.0,15.0,94.01329383598727
50,995007,T,1101,GW,Balanced,Resource,Improving,4.0,0.09578834194689989,21.0,21.0,3.0,17.705018989981824
50,995007,T,1101,GW,Electricity,Compressible,Improving,54.0,1.1621950436383486,215.0,215.0,27.0,218.46103573023615
50,995007,T,1101,GW,Balanced,Compressible,Improving,47.0,1.5150051973760128,158.0,158.0,5.0,33.581042911976624
50,995007,T,1101,GW,Flow,Compressible,Stagnating,30.0,0.7877749418839812,123.0,123.0,4.0,18.695955525544647
50,995007,T,1101,GW,Balanced,Compressible,Stagnating,9.0,0.2818632610142231,34.0,34.0,1.0,2.2977771005107384
50,995007,T,1101,GW,Flow,Normal,Stagnating,11.0,0.3817245848476887,14.0,14.0,0.0,-6.0
50,995007,T,1101,GW,Electricity,Compressible,Stagnating,1.0,0.023436468094587326,1.0,1.0,0.0,0.0
50,995007,T,1101,GW,Balanced,TOU,Improving,8.0,0.23855353239923716,25.0,25.0,0.0,-2.0
50,995007,T,1101,GW,Electricity,TOU,Improving,8.0,0.2257737936452031,24.0,24.0,1.0,8.0
50,995007,T,1101,GW,Balanced,TOU,Stagnating,1.0,0.02890046127140522,6.0,6.0,0.0,0.0
50,995007,T,1101,GW,Electricity,TOU,Stagnating,23.0,0.5251794829964638,68.0,68.0,8.0,63.774624699527195
50,995007,T,1101,GW,Electricity,Normal,Improving,94.0,2.553863551467657,184.0,184.0,9.0,33.18698492782654
50,995007,T,1101,GW,Electricity,Normal,Stagnating,104.0,3.013784237205982,179.0,179.0,12.0,63.460024067048195
50,995007,T,1101,GW,Flow,TOU,Stagnating,75.0,2.160403076559305,221.0,221.0,7.0,28.15473365758374
50,995007,T,1101,GW,Flow,TOU,Improving,72.0,2.0583001114428043,193.0,193.0,5.0,2.1820848014569165
50,995007,T,1101,GW,Balanced,Normal,Stagnating,59.0,1.714276329614222,115.0,115.0,2.0,-17.558505919729708
50,995007,T,1101,GW,Balanced,Normal,Improving,62.0,1.6111048655584455,149.0,149.0,3.0,2.7126031003961977
50,995007,T,1101,GW,Flow,Normal,Improving,22.0,0.7085021510720253,31.0,31.0,4.0,24.597305913894743
50,995007,T,1101,LEGACY,Flow,Compressible,Improving,92.0,1.8972597448155284,233.0,233.0,20.0,96.46631008196027
50,995007,T,1101,LEGACY,Balanced,Resource,Improving,4.0,0.0647595077753067,18.0,18.0,2.0,14.420253290842808
50,995007,T,1101,LEGACY,Electricity,Compressible,Improving,25.0,0.5366782452911139,49.0,49.0,10.0,81.60789625954766
50,995007,T,1101,LEGACY,Balanced,Compressible,Improving,58.0,1.3022688645869493,152.0,152.0,14.0,114.69130480110843
50,995007,T,1101,LEGACY,Balanced,TOU,Improving,52.0,1.2134463880211115,105.0,105.0,3.0,11.677026212149464
50,995007,T,1101,LEGACY,Electricity,TOU,Improving,67.0,1.676911779679358,76.0,76.0,4.0,8.0
50,995007,T,1101,LEGACY,Flow,Compressible,Stagnating,13.0,0.29334503412246704,29.0,29.0,1.0,0.6703238853443279
50,995007,T,1101,LEGACY,Electricity,Normal,Improving,21.0,0.45508461352437735,56.0,56.0,3.0,23.0
50,995007,T,1101,LEGACY,Electricity,TOU,Stagnating,26.0,0.6134385736659169,20.0,20.0,1.0,-8.0
50,995007,T,1101,LEGACY,Balanced,TOU,Stagnating,73.0,1.7776137795299292,92.0,92.0,1.0,-17.0
50,995007,T,1101,LEGACY,Flow,TOU,Improving,30.0,0.7247644467279315,64.0,64.0,0.0,-7.0
50,995007,T,1101,LEGACY,Flow,Normal,Improving,19.0,0.48026668932288885,27.0,27.0,0.0,-11.0
50,995007,T,1101,LEGACY,Balanced,Normal,Stagnating,5.0,0.0914140660315752,8.0,8.0,0.0,-3.0
50,995007,T,1101,LEGACY,Flow,TOU,Stagnating,25.0,0.49724650476127863,28.0,28.0,1.0,-9.301905224395615
50,995007,T,1101,LEGACY,Balanced,Normal,Improving,37.0,0.8298419779166579,65.0,65.0,2.0,1.7120583950869834
50,995007,T,1101,LEGACY,Flow,Normal,Stagnating,32.0,0.7475150311365724,57.0,57.0,0.0,-15.0
50,995007,T,1101,REFERENCE,Flow,Compressible,Improving,25.0,0.4805633267387748,84.0,84.0,4.0,26.248024327923325
50,995007,T,1101,REFERENCE,Balanced,Resource,Improving,4.0,0.07768355216830969,18.0,18.0,2.0,14.720742199019899
50,995007,T,1101,REFERENCE,Electricity,Compressible,Improving,23.0,0.4105488248169422,82.0,82.0,11.0,97.08765420520834
50,995007,T,1101,REFERENCE,Balanced,Compressible,Improving,5.0,0.08265207055956125,23.0,23.0,1.0,9.0
50,995007,T,1101,REFERENCE,Balanced,TOU,Improving,2.0,0.0340296346694231,11.0,11.0,0.0,0.0
50,995007,T,1101,REFERENCE,Electricity,Resource,Improving,3.0,0.04644803237169981,12.0,12.0,1.0,9.0
50,995007,T,1101,REFERENCE,Electricity,TOU,Improving,2.0,0.05063905194401741,0.0,0.0,0.0,-2.0
50,995007,T,1101,REFERENCE,Electricity,Normal,Improving,60.0,1.3251166623085737,105.0,105.0,11.0,67.66992339071129
50,995007,T,1101,REFERENCE,Electricity,Compressible,Stagnating,1.0,0.026272393763065338,1.0,1.0,0.0,0.0
50,995007,T,1101,REFERENCE,Balanced,Normal,Improving,123.0,2.6465251836925745,100.0,100.0,15.0,52.23757487490943
50,995007,T,1101,REFERENCE,Balanced,Normal,Stagnating,148.0,3.540277160704136,98.0,98.0,7.0,-40.56260597416184
50,995007,T,1101,REFERENCE,Electricity,Normal,Stagnating,24.0,0.5869858032092452,19.0,19.0,3.0,7.910684518417206
50,995007,T,1101,REFERENCE,Flow,Normal,Improving,51.0,1.0993243623524904,59.0,59.0,3.0,-6.712798709744645
50,995007,T,1101,REFERENCE,Flow,Normal,Stagnating,35.0,0.8158207954838872,27.0,27.0,0.0,-26.0
50,995007,T,1101,REFERENCE,Flow,TOU,Improving,2.0,0.04452851973474026,1.0,1.0,0.0,-1.0
50,995007,T,1101,REFERENCE,Flow,TOU,Stagnating,5.0,0.13514672964811325,0.0,0.0,0.0,-5.0
50,995007,T,1101,REFERENCE,Flow,Compressible,Stagnating,1.0,0.023225655779242516,2.0,2.0,0.0,0.0
50,995007,T,1101,G,Flow,Compressible,Improving,25.0,0.48124084062874317,84.0,84.0,4.0,26.248024327923325
50,995007,T,1101,G,Balanced,Resource,Improving,4.0,0.05737153999507427,18.0,18.0,2.0,14.720742199019899
50,995007,T,1101,G,Electricity,Compressible,Improving,23.0,0.5125948218628764,82.0,82.0,11.0,97.08765420520834
50,995007,T,1101,G,Balanced,Compressible,Improving,5.0,0.10256072226911783,23.0,23.0,1.0,9.0
50,995007,T,1101,G,Balanced,TOU,Improving,5.0,0.11481521558016539,11.0,11.0,0.0,-3.0
50,995007,T,1101,G,Electricity,Resource,Improving,3.0,0.060304353944957256,12.0,12.0,1.0,9.0
50,995007,T,1101,G,Electricity,TOU,Improving,1.0,0.02391368243843317,0.0,0.0,0.0,-1.0
50,995007,T,1101,G,Electricity,Normal,Improving,49.0,0.9275121856480837,70.0,70.0,6.0,34.06755176310529
50,995007,T,1101,G,Electricity,Compressible,Stagnating,1.0,0.02594941109418869,1.0,1.0,0.0,0.0
50,995007,T,1101,G,Balanced,Normal,Improving,74.0,1.4585449639707804,67.0,67.0,4.0,-18.35586106647818
50,995007,T,1101,G,Balanced,Normal,Stagnating,86.0,1.8737223846837878,53.0,53.0,0.0,-65.0
50,995007,T,1101,G,Electricity,Normal,Stagnating,44.0,0.8777912277728319,24.0,24.0,4.0,9.0
50,995007,T,1101,G,Flow,Normal,Stagnating,55.0,1.201661921106279,60.0,60.0,1.0,-27.827231459637183
50,995007,T,1101,G,Flow,Normal,Improving,41.0,0.8494932912290096,40.0,40.0,0.0,-26.0
50,995007,T,1101,G,Flow,TOU,Stagnating,8.0,0.18699793796986341,4.0,4.0,0.0,-7.0
50,995007,T,1101,G,Balanced,TOU,Stagnating,4.0,0.09204426780343056,0.0,0.0,0.0,-4.0
50,995007,T,1101,G,Flow,Region,Stagnating,5.0,0.11113439500331879,0.0,0.0,0.0,-5.0
50,995007,T,1101,G,Flow,Region,Improving,2.0,0.061228618025779724,0.0,0.0,0.0,-2.0
50,995007,T,1101,G,Flow,TOU,Improving,1.0,0.02401140797883272,0.0,0.0,0.0,-1.0
50,995008,H,2202,GW,Balanced,Demand,Improving,2.0,0.03405183274298906,12.0,12.0,0.0,0.0
50,995008,H,2202,GW,Flow,Compressible,Improving,81.0,1.2196114072576165,303.0,303.0,19.0,86.7151549509967
50,995008,H,2202,GW,Electricity,Resource,Improving,84.0,1.269206796772778,256.0,256.0,22.0,159.15890053365786
50,995008,H,2202,GW,Balanced,Compressible,Improving,38.0,0.5776991434395313,158.0,158.0,13.0,70.34287405408585
50,995008,H,2202,GW,Balanced,Resource,Improving,2.0,0.038254931569099426,11.0,11.0,0.0,0.0
50,995008,H,2202,GW,Balanced,TOU,Improving,127.0,1.951353614218533,294.0,294.0,12.0,10.650635949817271
50,995008,H,2202,GW,Flow,Compressible,Stagnating,26.0,0.39300908893346786,107.0,107.0,3.0,1.6888280687616168
50,995008,H,2202,GW,Electricity,Resource,Stagnating,46.0,0.704042979516089,130.0,130.0,7.0,43.94213788179393
50,995008,H,2202,GW,Balanced,Resource,Stagnating,1.0,0.017972747795283794,5.0,5.0,0.0,0.0
50,995008,H,2202,GW,Electricity,TOU,Improving,120.0,1.7693200819194317,325.0,325.0,20.0,114.18925992547763
50,995008,H,2202,GW,Electricity,TOU,Stagnating,139.0,1.9718551533296704,349.0,349.0,21.0,99.90803288528967
50,995008,H,2202,GW,Flow,TOU,Improving,115.0,2.029925429262221,416.0,416.0,11.0,39.21371235002267
50,995008,H,2202,GW,Flow,TOU,Stagnating,171.0,3.0851562609896064,582.0,582.0,16.0,42.067488859510334
50,995008,H,2202,GW,Balanced,TOU,Stagnating,149.0,2.3005244499072433,434.0,434.0,6.0,-4.299521149341411
50,995008,H,2202,GW,Balanced,Compressible,Stagnating,3.0,0.030017166398465633,10.0,10.0,0.0,0.0
50,995008,H,2202,LEGACY,Balanced,Demand,Improving,9.0,0.1425874624401331,46.0,46.0,3.0,5.107615551223266
50,995008,H,2202,LEGACY,Flow,Compressible,Improving,12.0,0.20531390327960253,42.0,42.0,2.0,10.049285301023232
50,995008,H,2202,LEGACY,Electricity,Resource,Improving,22.0,0.3686650265008211,54.0,54.0,7.0,55.11039993635639
50,995008,H,2202,LEGACY,Balanced,Compressible,Improving,30.0,0.5388143341988325,65.0,65.0,11.0,54.37270104357138
50,995008,H,2202,LEGACY,Electricity,TOU,Improving,41.0,0.7692553633823991,56.0,56.0,5.0,23.00958718479071
50,995008,H,2202,LEGACY,Electricity,Demand,Improving,1.0,0.008558121509850025,0.0,0.0,0.0,-1.0
50,995008,H,2202,LEGACY,Flow,TOU,Improving,86.0,1.8149194903671741,147.0,147.0,8.0,23.947951732856126
50,995008,H,2202,LEGACY,Balanced,Compressible,Stagnating,1.0,0.017679494805634022,4.0,4.0,0.0,0.0
50,995008,H,2202,LEGACY,Flow,TOU,Stagnating,90.0,1.999108606018126,124.0,124.0,2.0,-34.89446447584197
50,995008,H,2202,LEGACY,Balanced,TOU,Stagnating,87.0,1.7816631607711315,80.0,80.0,3.0,-33.60564878123647
50,995008,H,2202,LEGACY,Balanced,TOU,Improving,94.0,1.9795953836292028,142.0,142.0,11.0,36.54496221560495
50,995008,H,2202,LEGACY,Electricity,Compressible,Stagnating,1.0,0.017894558608531952,4.0,4.0,0.0,0.0
50,995008,H,2202,LEGACY,Electricity,Compressible,Improving,2.0,0.041384678333997726,8.0,8.0,0.0,0.0
50,995008,H,2202,LEGACY,Electricity,Resource,Stagnating,3.0,0.06652791239321232,2.0,2.0,1.0,8.0
50,995008,H,2202,LEGACY,Balanced,Resource,Improving,1.0,0.014852005988359451,0.0,0.0,0.0,-1.0
50,995008,H,2202,LEGACY,Electricity,TOU,Stagnating,36.0,0.5607990538701415,25.0,25.0,2.0,-12.91879490475921
50,995008,H,2202,REFERENCE,Balanced,Demand,Improving,1.0,0.016551116481423378,5.0,5.0,0.0,0.0
50,995008,H,2202,REFERENCE,Flow,Compressible,Improving,97.0,2.006617844104767,294.0,294.0,20.0,104.45710050144615
50,995008,H,2202,REFERENCE,Electricity,Resource,Improving,21.0,0.43804006930440664,67.0,67.0,6.0,41.943568934026466
50,995008,H,2202,REFERENCE,Balanced,Compressible,Improving,68.0,1.359536163508892,192.0,192.0,15.0,87.00725890201555
50,995008,H,2202,REFERENCE,Balanced,Resource,Improving,1.0,0.011385250836610794,0.0,0.0,0.0,-1.0
50,995008,H,2202,REFERENCE,Electricity,Compressible,Improving,9.0,0.1944699054583907,20.0,20.0,1.0,-0.27325954291102406
50,995008,H,2202,REFERENCE,Flow,Compressible,Stagnating,62.0,1.413405797444284,156.0,156.0,2.0,-8.877737568078361
50,995008,H,2202,REFERENCE,Balanced,TOU,Stagnating,104.0,2.416348955594003,112.0,112.0,3.0,-28.86720713630798
50,995008,H,2202,REFERENCE,Flow,Demand,Stagnating,1.0,0.023300839588046074,3.0,3.0,0.0,0.0
50,995008,H,2202,REFERENCE,Electricity,TOU,Improving,23.0,0.47032167203724384,28.0,28.0,2.0,-5.271642397486729
50,995008,H,2202,REFERENCE,Balanced,Compressible,Stagnating,6.0,0.12745835538953543,13.0,13.0,0.0,-3.0
50,995008,H,2202,REFERENCE,Balanced,TOU,Improving,104.0,2.310539291240275,132.0,132.0,5.0,8.585466924953884
50,995008,H,2202,REFERENCE,Electricity,TOU,Stagnating,40.0,0.7646121541038156,38.0,38.0,3.0,9.0
50,995008,H,2202,REFERENCE,Electricity,Compressible,Stagnating,1.0,0.016018934547901154,0.0,0.0,0.0,-1.0
50,995008,H,2202,REFERENCE,Flow,TOU,Stagnating,42.0,0.9810443678870797,60.0,60.0,0.0,-23.0
50,995008,H,2202,REFERENCE,Flow,TOU,Improving,8.0,0.19174618925899267,18.0,18.0,0.0,-3.0
50,995008,H,2202,G,Balanced,Demand,Improving,1.0,0.02186942845582962,5.0,5.0,0.0,0.0
50,995008,H,2202,G,Flow,Compressible,Improving,85.0,1.8308273125439882,257.0,257.0,19.0,97.7298365339464
50,995008,H,2202,G,Electricity,Resource,Improving,21.0,0.43932078871876,67.0,67.0,6.0,41.943568934026466
50,995008,H,2202,G,Balanced,Compressible,Improving,45.0,0.9684717217460275,145.0,145.0,11.0,47.94558529126297
50,995008,H,2202,G,Balanced,Resource,Improving,1.0,0.013523370027542114,0.0,0.0,0.0,-1.0
50,995008,H,2202,G,Electricity,Compressible,Improving,9.0,0.19572962820529938,19.0,19.0,1.0,-1.273259542911024
50,995008,H,2202,G,Flow,Compressible,Stagnating,46.0,0.9851224515587091,149.0,149.0,1.0,-3.16092590052774
50,995008,H,2202,G,Balanced,TOU,Stagnating,93.0,1.9233467783778906,120.0,120.0,1.0,-23.0
50,995008,H,2202,G,Flow,Demand,Stagnating,1.0,0.023169197142124176,3.0,3.0,0.0,0.0
50,995008,H,2202,G,Electricity,TOU,Improving,37.0,0.7184820547699928,50.0,50.0,2.0,3.0
50,995008,H,2202,G,Balanced,Compressible,Stagnating,9.0,0.2103178482502699,17.0,17.0,1.0,-1.5330539676264987
50,995008,H,2202,G,Balanced,TOU,Improving,114.0,2.4018803415820003,156.0,156.0,7.0,11.912663229446977
50,995008,H,2202,G,Electricity,TOU,Stagnating,35.0,0.686870607547462,42.0,42.0,3.0,10.826462030756812
50,995008,H,2202,G,Flow,TOU,Stagnating,49.0,1.0314938761293888,80.0,80.0,0.0,-17.0
50,995008,H,2202,G,Flow,TOU,Improving,6.0,0.11857710685580969,7.0,7.0,0.0,-1.0
50,995008,H,2202,W,Balanced,Demand,Improving,2.0,0.03054498601704836,12.0,12.0,1.0,3.0035172755371695
50,995008,H,2202,W,Flow,Compressible,Improving,95.0,2.0043382346630096,399.0,399.0,17.0,46.72636714180758
50,995008,H,2202,W,Electricity,Resource,Improving,43.0,0.8806545082479715,162.0,162.0,16.0,128.37022643814075
50,995008,H,2202,W,Balanced,Compressible,Improving,28.0,0.6153075331822038,133.0,133.0,10.0,61.2606323948278
50,995008,H,2202,W,Balanced,Resource,Improving,2.0,0.0420199828222394,11.0,11.0,0.0,0.0
50,995008,H,2202,W,Balanced,TOU,Improving,88.0,2.0379265202209353,279.0,279.0,10.0,24.48054149287844
50,995008,H,2202,W,Flow,Compressible,Stagnating,37.0,0.7521440954878926,164.0,164.0,3.0,14.693224928060662
50,995008,H,2202,W,Electricity,TOU,Improving,41.0,0.8682489320635796,83.0,83.0,4.0,-4.979963077542575
50,995008,H,2202,W,Electricity,Resource,Stagnating,5.0,0.10184497013688087,18.0,18.0,0.0,-1.0
50,995008,H,2202,W,Balanced,TOU,Stagnating,81.0,1.9317594384774566,215.0,215.0,3.0,-16.114517571731703
50,995008,H,2202,W,Balanced,Compressible,Stagnating,1.0,0.027518888004124165,0.0,0.0,0.0,-1.0
50,995008,H,2202,W,Electricity,TOU,Stagnating,44.0,1.0200899401679635,97.0,97.0,2.0,-9.62381795014624
50,995008,H,2202,W,Flow,TOU,Stagnating,37.0,0.818299119360745,116.0,116.0,0.0,-8.0
50,995008,H,2202,W,Flow,TOU,Improving,64.0,1.48237279150635,188.0,188.0,8.0,15.979603960221493
50,995008,H,1101,G,Flow,Compressible,Improving,12.0,0.14535076916217804,35.0,35.0,1.0,1.9664122210753074
50,995008,H,1101,G,Balanced,Demand,Improving,15.0,0.1753823608160019,35.0,35.0,5.0,41.30762872451132
50,995008,H,1101,G,Balanced,Resource,Improving,1.0,0.009419563226401806,2.0,2.0,0.0,0.0
50,995008,H,1101,G,Electricity,TOU,Improving,8.0,0.13319222908467054,11.0,11.0,0.0,-3.0
50,995008,H,1101,G,Balanced,TOU,Improving,104.0,1.4881411390379071,241.0,241.0,19.0,76.0205165927694
50,995008,H,1101,G,Electricity,Resource,Improving,61.0,0.8285880833864212,116.0,116.0,14.0,115.0
50,995008,H,1101,G,Balanced,Compressible,Improving,1.0,0.012966340407729149,3.0,3.0,1.0,3.975051310653516
50,995008,H,1101,G,Electricity,Compressible,Improving,3.0,0.048725116066634655,13.0,13.0,0.0,0.0
50,995008,H,1101,G,Flow,Compressible,Stagnating,5.0,0.07085237745195627,6.0,6.0,0.0,-3.0
50,995008,H,1101,G,Balanced,Compressible,Stagnating,3.0,0.05397482309490442,13.0,13.0,0.0,0.0
50,995008,H,1101,G,Balanced,TOU,Stagnating,71.0,1.0543770091608167,47.0,47.0,2.0,-33.82034346885104
50,995008,H,1101,G,Electricity,Resource,Stagnating,78.0,1.0328433914110065,60.0,60.0,2.0,-39.021322926605066
50,995008,H,1101,G,Flow,TOU,Improving,100.0,1.5120245972648263,226.0,226.0,12.0,19.80006276522529
50,995008,H,1101,G,Electricity,TOU,Stagnating,32.0,0.537057276815176,46.0,46.0,3.0,5.6956585365454355
50,995008,H,1101,G,Flow,TOU,Stagnating,176.0,2.793438408523798,296.0,296.0,12.0,-21.492377951765373
50,995008,H,1101,G,Electricity,Compressible,Stagnating,1.0,0.020327027887105942,0.0,0.0,0.0,-1.0
50,995008,H,1101,G,Electricity,Demand,Stagnating,5.0,0.09465537965297699,11.0,11.0,1.0,8.0
50,995008,H,1101,G,Balanced,Resource,Stagnating,1.0,0.015184581279754639,0.0,0.0,0.0,-1.0
50,995008,H,1101,W,Flow,Compressible,Improving,38.0,0.8076186990365386,126.0,126.0,5.0,26.74316580041826
50,995008,H,1101,W,Balanced,Demand,Improving,21.0,0.3760678116232157,95.0,95.0,9.0,59.35379641370548
50,995008,H,1101,W,Balanced,Resource,Improving,1.0,0.018607362173497677,6.0,6.0,0.0,0.0
50,995008,H,1101,W,Electricity,TOU,Improving,35.0,0.8021092340350151,69.0,69.0,2.0,-8.58700290588677
50,995008,H,1101,W,Balanced,Compressible,Improving,52.0,1.0640944484621286,170.0,170.0,9.0,62.66414118821612
50,995008,H,1101,W,Balanced,TOU,Improving,97.0,2.3069176450371742,261.0,261.0,13.0,63.433924152527936
50,995008,H,1101,W,Electricity,Resource,Improving,33.0,0.5726241199299693,142.0,142.0,19.0,166.17820041952132
50,995008,H,1101,W,Flow,TOU,Improving,100.0,2.6722514117136598,197.0,197.0,10.0,41.06337373440426
50,995008,H,1101,W,Flow,TOU,Stagnating,40.0,0.9636198887601495,83.0,83.0,3.0,-2.554237528409157
50,995008,H,1101,W,Balanced,Compressible,Stagnating,22.0,0.49964039865881205,52.0,52.0,1.0,-3.9736925658459086
50,995008,H,1101,W,Flow,Compressible,Stagnating,56.0,1.1671404065564275,183.0,183.0,13.0,63.88837997690554
50,995008,H,1101,W,Balanced,Demand,Stagnating,1.0,0.020558342337608337,4.0,4.0,0.0,0.0
50,995008,H,1101,W,Electricity,Resource,Stagnating,2.0,0.04082018230110407,3.0,3.0,0.0,0.0
50,995008,H,1101,W,Balanced,TOU,Stagnating,85.0,2.223697084002197,236.0,236.0,3.0,-18.094225974484385
50,995008,H,1101,W,Electricity,TOU,Stagnating,58.0,1.511073000729084,152.0,152.0,6.0,34.94710477971795
50,995008,H,1101,W,Electricity,Compressible,Improving,2.0,0.06102689355611801,6.0,6.0,0.0,-1.0
50,995008,H,1101,W,Electricity,Compressible,Stagnating,6.0,0.14464683085680008,11.0,11.0,0.0,-4.0
50,995008,H,1101,GW,Flow,Compressible,Improving,71.0,1.425535099580884,257.0,257.0,8.0,47.74870664235667
50,995008,H,1101,GW,Balanced,Demand,Improving,21.0,0.47044631745666265,95.0,95.0,9.0,59.35379641370548
50,995008,H,1101,GW,Balanced,Resource,Improving,1.0,0.025844804011285305,6.0,6.0,0.0,0.0
50,995008,H,1101,GW,Electricity,TOU,Improving,29.0,0.6119400570169091,54.0,54.0,1.0,-11.951000842896512
50,995008,H,1101,GW,Balanced,Compressible,Improving,130.0,2.7904253667220473,481.0,481.0,23.0,158.34343753512005
50,995008,H,1101,GW,Balanced,TOU,Improving,109.0,2.443819067440927,234.0,234.0,17.0,82.53587115209484
50,995008,H,1101,GW,Electricity,Resource,Improving,46.0,0.9924713643267751,190.0,190.0,22.0,195.17820041952132
50,995008,H,1101,GW,Flow,TOU,Improving,66.0,1.436056916601956,224.0,224.0,5.0,15.480330966940265
50,995008,H,1101,GW,Flow,TOU,Stagnating,207.0,5.342727608047426,489.0,489.0,18.0,46.112640379769445
50,995008,H,1101,GW,Balanced,Compressible,Stagnating,15.0,0.3885577581822872,39.0,39.0,2.0,6.159051118666058
50,995008,H,1101,GW,Flow,Compressible,Stagnating,66.0,1.2069332459941506,254.0,254.0,8.0,44.99676067565872
50,995008,H,1101,GW,Balanced,Demand,Stagnating,1.0,0.02838813792914152,4.0,4.0,0.0,0.0
50,995008,H,1101,GW,Electricity,Resource,Stagnating,3.0,0.08355327788740396,5.0,5.0,0.0,-1.0
50,995008,H,1101,GW,Balanced,TOU,Stagnating,167.0,4.059008300304413,212.0,212.0,19.0,14.93319094464577
50,995008,H,1101,GW,Electricity,TOU,Stagnating,51.0,1.1744189206510782,66.0,66.0,4.0,-12.820645292644404
50,995008,H,1101,GW,Electricity,Compressible,Improving,3.0,0.0820688484236598,17.0,17.0,0.0,0.0
50,995008,H,1101,GW,Electricity,Compressible,Stagnating,1.0,0.022317148745059967,0.0,0.0,0.0,-1.0
50,995008,H,1101,LEGACY,Flow,Compressible,Improving,46.0,0.9842119105160236,140.0,140.0,6.0,20.43605412557779
50,995008,H,1101,LEGACY,Balanced,Demand,Improving,64.0,1.439190917648375,184.0,184.0,17.0,79.38673708445343
50,995008,H,1101,LEGACY,Balanced,Resource,Improving,4.0,0.09803987201303244,5.0,5.0,0.0,-3.0
50,995008,H,1101,LEGACY,Electricity,Demand,Improving,1.0,0.02062210813164711,4.0,4.0,1.0,10.0
50,995008,H,1101,LEGACY,Balanced,Compressible,Improving,1.0,0.01741766929626465,6.0,6.0,0.0,0.0
50,995008,H,1101,LEGACY,Electricity,Resource,Improving,52.0,1.0458665834739804,92.0,92.0,11.0,69.00801614307609
50,995008,H,1101,LEGACY,Electricity,Compressible,Improving,1.0,0.024222495034337044,0.0,0.0,0.0,-1.0
50,995008,H,1101,LEGACY,Flow,TOU,Improving,79.0,1.5518941516056657,271.0,271.0,22.0,70.18933606931924
50,995008,H,1101,LEGACY,Electricity,Resource,Stagnating,106.0,2.1780388485640287,176.0,176.0,25.0,187.36566280960307
50,995008,H,1101,LEGACY,Balanced,Demand,Stagnating,29.0,0.615394551306963,74.0,74.0,1.0,-3.502905166893873
50,995008,H,1101,LEGACY,Flow,Compressible,Stagnating,43.0,0.9396958034485579,133.0,133.0,8.0,25.542870002103218
50,995008,H,1101,LEGACY,Flow,TOU,Stagnating,256.0,5.268487104214728,942.0,942.0,63.0,201.4583051674921
50,995008,H,1101,LEGACY,Balanced,TOU,Improving,81.0,1.7270999420434237,131.0,131.0,5.0,-17.35235541556872
50,995008,H,1101,LEGACY,Balanced,TOU,Stagnating,118.0,2.649962048046291,254.0,254.0,8.0,-3.6941525526974868
50,995008,H,1101,LEGACY,Electricity,TOU,Stagnating,10.0,0.12966740131378174,0.0,0.0,0.0,-10.0
50,995008,H,1101,LEGACY,Electricity,TOU,Improving,10.0,0.1697129774838686,10.0,10.0,1.0,-2.8825779015769495
50,995008,H,1101,REFERENCE,Flow,Compressible,Improving,12.0,0.2268719496205449,31.0,31.0,2.0,5.776221831855324
50,995008,H,1101,REFERENCE,Balanced,Demand,Improving,17.0,0.33082503359764814,40.0,40.0,5.0,41.30762872451132
50,995008,H,1101,REFERENCE,Balanced,Resource,Improving,1.0,0.013956476002931595,2.0,2.0,0.0,0.0
50,995008,H,1101,REFERENCE,Electricity,TOU,Improving,7.0,0.10986295249313116,4.0,4.0,0.0,-5.0
50,995008,H,1101,REFERENCE,Balanced,TOU,Improving,86.0,1.6455180430784822,138.0,138.0,14.0,68.18623422574609
50,995008,H,1101,REFERENCE,Electricity,Resource,Improving,55.0,1.0606696754693985,103.0,103.0,13.0,110.0
50,995008,H,1101,REFERENCE,Balanced,Compressible,Improving,4.0,0.08952196128666401,9.0,9.0,1.0,2.975051310653516
50,995008,H,1101,REFERENCE,Electricity,Compressible,Improving,1.0,0.022960777394473553,5.0,5.0,0.0,0.0
50,995008,H,1101,REFERENCE,Flow,Compressible,Stagnating,3.0,0.05540113151073456,6.0,6.0,0.0,-1.0
50,995008,H,1101,REFERENCE,Balanced,Compressible,Stagnating,4.0,0.09081966616213322,19.0,19.0,0.0,0.0
50,995008,H,1101,REFERENCE,Balanced,TOU,Stagnating,58.0,1.174244281835854,119.0,119.0,11.0,26.87211886146806
50,995008,H,1101,REFERENCE,Electricity,Resource,Stagnating,46.0,0.8114138059318066,48.0,48.0,4.0,10.0
50,995008,H,1101,REFERENCE,Flow,TOU,Improving,64.0,1.2653655698522925,110.0,110.0,5.0,-5.767838355355542
50,995008,H,1101,REFERENCE,Electricity,TOU,Stagnating,12.0,0.2083204509690404,26.0,26.0,1.0,2.301411930388138
50,995008,H,1101,REFERENCE,Flow,TOU,Stagnating,51.0,1.016134629957378,74.0,74.0,2.0,-21.268694158363562
50,995008,H,1101,REFERENCE,Electricity,Region,Stagnating,63.0,0.980640054680407,62.0,62.0,7.0,19.796503892005877
50,995008,H,1101,REFERENCE,Electricity,Region,Improving,21.0,0.3231433341279626,22.0,22.0,0.0,-14.0
50,995008,H,1101,REFERENCE,Balanced,Region,Improving,5.0,0.048381135798990726,0.0,0.0,0.0,-5.0
50,995008,H,1101,REFERENCE,Balanced,Region,Stagnating,26.0,0.3983354829251766,15.0,15.0,1.0,-11.922617675904817
50,995008,T,2202,LEGACY,Balanced,Demand,Improving,1.0,0.014802387915551662,6.0,6.0,0.0,0.0
50,995008,T,2202,LEGACY,Flow,Compressible,Improving,95.0,1.336246238090098,328.0,328.0,22.0,103.20872612567625
50,995008,T,2202,LEGACY,Electricity,Compressible,Improving,1.0,0.01317447517067194,4.0,4.0,0.0,0.0
50,995008,T,2202,LEGACY,Electricity,Demand,Improving,7.0,0.08783217612653971,17.0,17.0,3.0,21.99728076820419
50,995008,T,2202,LEGACY,Balanced,Compressible,Improving,6.0,0.07764774840325117,11.0,11.0,0.0,-3.0
50,995008,T,2202,LEGACY,Electricity,Resource,Improving,5.0,0.05497649032622576,8.0,8.0,2.0,17.0
50,995008,T,2202,LEGACY,Flow,Demand,Improving,3.0,0.04313940741121769,13.0,13.0,0.0,0.0
50,995008,T,2202,LEGACY,Balanced,Resource,Improving,1.0,0.018322096206247807,0.0,0.0,0.0,-1.0
50,995008,T,2202,LEGACY,Balanced,TOU,Improving,47.0,0.626536120660603,67.0,67.0,1.0,-15.0
50,995008,T,2202,LEGACY,Electricity,Region,Improving,34.0,0.4352039573714137,44.0,44.0,2.0,-2.843515764369135
50,995008,T,2202,LEGACY,Balanced,TOU,Stagnating,234.0,3.4020853210240602,539.0,539.0,14.0,7.276448421089837
50,995008,T,2202,LEGACY,Electricity,Region,Stagnating,26.0,0.3291414687409997,29.0,29.0,0.0,-16.0
50,995008,T,2202,LEGACY,Balanced,Region,Improving,1.0,0.009053518995642662,0.0,0.0,0.0,-1.0
50,995008,T,2202,LEGACY,Flow,TOU,Improving,57.0,0.8838627859950066,161.0,161.0,1.0,-6.3406354620189465
50,995008,T,2202,LEGACY,Flow,Compressible,Stagnating,49.0,0.6609299574047327,122.0,122.0,8.0,34.73308283359509
50,995008,T,2202,LEGACY,Flow,TOU,Stagnating,124.0,1.853889231570065,324.0,324.0,3.0,-1.7808335116471898
50,995008,T,2202,LEGACY,Electricity,TOU,Stagnating,44.0,0.6596805257722735,42.0,42.0,0.0,-23.0
50,995008,T,2202,LEGACY,Electricity,TOU,Improving,28.0,0.426820850931108,18.0,18.0,0.0,-17.0
50,995008,T,2202,LEGACY,Flow,Demand,Stagnating,34.0,0.5500290198251605,139.0,139.0,1.0,3.14833518200039
50,995008,T,2202,LEGACY,Electricity,Normal,Improving,1.0,0.01586418692022562,2.0,2.0,0.0,0.0
50,995008,T,2202,LEGACY,Electricity,Normal,Stagnating,12.0,0.19888612534850836,14.0,14.0,0.0,-6.0
50,995008,T,2202,REFERENCE,Balanced,Demand,Improving,12.0,0.20141580142080784,64.0,64.0,1.0,2.0347143550335747
50,995008,T,2202,REFERENCE,Flow,Compressible,Improving,82.0,1.5841969149187207,230.0,230.0,24.0,88.80064372591123
50,995008,T,2202,REFERENCE,Electricity,Compressible,Improving,1.0,0.01716859359294176,6.0,6.0,0.0,0.0
50,995008,T,2202,REFERENCE,Electricity,Resource,Improving,27.0,0.5096840737387538,70.0,70.0,9.0,72.5601521003981
50,995008,T,2202,REFERENCE,Balanced,Compressible,Improving,15.0,0.29836401622742414,31.0,31.0,5.0,12.449144448871355
50,995008,T,2202,REFERENCE,Balanced,Resource,Improving,8.0,0.16537699569016695,28.0,28.0,1.0,6.176721145638595
50,995008,T,2202,REFERENCE,Electricity,Resource,Stagnating,1.0,0.02430342510342598,5.0,5.0,0.0,0.0
50,995008,T,2202,REFERENCE,Balanced,Normal,Improving,1.0,0.02145595382899046,2.0,2.0,0.0,0.0
50,995008,T,2202,REFERENCE,Balanced,Demand,Stagnating,2.0,0.036430700682103634,6.0,6.0,0.0,-1.0
50,995008,T,2202,REFERENCE,Flow,Compressible,Stagnating,29.0,0.5808740295469761,56.0,56.0,4.0,-1.1098553362839163
50,995008,T,2202,REFERENCE,Flow,TOU,Improving,43.0,0.8621288556605577,55.0,55.0,8.0,0.15510337452663547
50,995008,T,2202,REFERENCE,Balanced,Region,Improving,14.0,0.2891304027289152,42.0,42.0,0.0,-3.0
50,995008,T,2202,REFERENCE,Electricity,Region,Improving,33.0,0.596450655721128,71.0,71.0,1.0,-9.811972802539206
50,995008,T,2202,REFERENCE,Balanced,Resource,Stagnating,2.0,0.03519544657319784,6.0,6.0,0.0,0.0
50,995008,T,2202,REFERENCE,Balanced,TOU,Improving,93.0,1.5988778863102198,113.0,113.0,13.0,23.72021927356797
50,995008,T,2202,REFERENCE,Balanced,Compressible,Stagnating,1.0,0.018388674594461918,0.0,0.0,0.0,-1.0
50,995008,T,2202,REFERENCE,Balanced,Region,Stagnating,5.0,0.09421074762940407,11.0,11.0,0.0,-2.0
50,995008,T,2202,REFERENCE,Balanced,TOU,Stagnating,55.0,1.081863895058632,64.0,64.0,6.0,-4.368002580232865
50,995008,T,2202,REFERENCE,Electricity,Region,Stagnating,57.0,1.0745035940781236,103.0,103.0,2.0,-16.956431462169817
50,995008,T,2202,REFERENCE,Flow,TOU,Stagnating,44.0,0.8721774527803063,75.0,75.0,2.0,-12.585210192328065
50,995008,T,2202,REFERENCE,Electricity,TOU,Stagnating,1.0,0.01662385556846857,0.0,0.0,0.0,-1.0
50,995008,T,2202,G,Balanced,Demand,Improving,11.0,0.2302511539310217,58.0,58.0,1.0,2.0347143550335747
50,995008,T,2202,G,Flow,Compressible,Improving,63.0,1.240071315318346,200.0,200.0,18.0,86.70955584849966
50,995008,T,2202,G,Electricity,Compressible,Improving,1.0,0.023076691664755344,6.0,6.0,0.0,0.0
50,995008,T,2202,G,Electricity,Resource,Improving,57.0,1.14780168607831,154.0,154.0,16.0,130.31403496009028
50,995008,T,2202,G,Balanced,Compressible,Improving,13.0,0.2624934520572424,27.0,27.0,5.0,15.449144448871355
50,995008,T,2202,G,Balanced,Resource,Improving,9.0,0.17333509773015976,35.0,35.0,1.0,6.176721145638595
50,995008,T,2202,G,Electricity,Resource,Stagnating,21.0,0.3599996427074075,41.0,41.0,2.0,2.3833585038125324
50,995008,T,2202,G,Balanced,Normal,Improving,3.0,0.06772051379084587,2.0,2.0,0.0,-2.0
50,995008,T,2202,G,Balanced,Demand,Stagnating,1.0,0.017993049696087837,6.0,6.0,0.0,0.0
50,995008,T,2202,G,Flow,Compressible,Stagnating,11.0,0.2390514062717557,33.0,33.0,2.0,1.1187211738437317
50,995008,T,2202,G,Flow,TOU,Improving,130.0,2.694747637026012,242.0,242.0,24.0,68.85325506264421
50,995008,T,2202,G,Balanced,Region,Improving,63.0,1.0170254856348038,104.0,104.0,6.0,5.538462847762997
50,995008,T,2202,G,Electricity,Region,Stagnating,34.0,0.5885470099747181,52.0,52.0,1.0,-15.553105781006884
50,995008,T,2202,G,Electricity,Region,Improving,49.0,0.8078071111813188,136.0,136.0,4.0,11.83682598867912
50,995008,T,2202,G,Balanced,Normal,Stagnating,2.0,0.03938642702996731,6.0,6.0,1.0,2.089149343964142
50,995008,T,2202,G,Flow,TOU,Stagnating,130.0,2.7145063364878297,259.0,259.0,22.0,36.522252092607516
50,995008,T,2202,G,Balanced,TOU,Stagnating,1.0,0.006467168219387531,0.0,0.0,0.0,-1.0
50,995008,T,2202,G,Balanced,Region,Stagnating,97.0,1.709074423648417,175.0,175.0,5.0,-0.12180685749883668
50,995008,T,2202,W,Balanced,Demand,Improving,13.0,0.26951663196086884,64.0,64.0,1.0,1.0347143550335747
50,995008,T,2202,W,Flow,Compressible,Improving,148.0,3.2758370637893677,559.0,559.0,43.0,233.09712080837002
50,995008,T,2202,W,Electricity,Compressible,Improving,9.0,0.20433991868048906,26.0,26.0,1.0,-1.2767823317853346
50,995008,T,2202,W,Electricity,Demand,Improving,2.0,0.0347019974142313,6.0,6.0,0.0,-1.0
50,995008,T,2202,W,Electricity,Resource,Improving,10.0,0.1892451010644436,52.0,52.0,4.0,24.64248616381848
50,995008,T,2202,W,Balanced,Compressible,Improving,71.0,1.504711177200079,260.0,260.0,17.0,99.4731430170321
50,995008,T,2202,W,Balanced,Resource,Improving,2.0,0.033651696518063545,8.0,8.0,0.0,0.0
50,995008,T,2202,W,Flow,Demand,Improving,6.0,0.11556042730808258,34.0,34.0,1.0,8.007761730815616
50,995008,T,2202,W,Flow,TOU,Improving,2.0,0.04152591247111559,4.0,4.0,0.0,0.0
50,995008,T,2202,W,Balanced,Compressible,Stagnating,4.0,0.09564461372792721,17.0,17.0,0.0,0.0
50,995008,T,2202,W,Electricity,Compressible,Stagnating,12.0,0.2785068154335022,48.0,48.0,2.0,13.322621122372052
50,995008,T,2202,W,Flow,Compressible,Stagnating,127.0,2.9510491099208593,487.0,487.0,29.0,166.79878663248536
50,995008,T,2202,W,Flow,TOU,Stagnating,3.0,0.06476159207522869,11.0,11.0,0.0,0.0
50,995008,T,2202,W,Balanced,Region,Improving,180.0,4.167728534899652,774.0,774.0,24.0,106.27963997010522
50,995008,T,2202,W,Flow,Normal,Stagnating,1.0,0.017794606275856495,6.0,6.0,0.0,0.0
50,995008,T,2202,W,Balanced,Region,Stagnating,359.0,8.837895766831934,1375.0,1375.0,28.0,106.09758178226558
50,995008,T,2202,W,Electricity,Region,Improving,43.0,1.0446870792657137,131.0,131.0,1.0,-1.563495635384327
50,995008,T,2202,W,Electricity,Region,Stagnating,137.0,3.38381801918149,404.0,404.0,11.0,33.40147312899963
50,995008,T,2202,W,Flow,Region,Stagnating,271.0,6.536516822874546,1139.0,1139.0,29.0,154.25938929460048
50,995008,T,2202,W,Flow,Region,Improving,151.0,3.6780334608629346,676.0,676.0,26.0,128.33044271326307
50,995008,T,2202,W,Flow,Demand,Stagnating,3.0,0.08395213074982166,14.0,14.0,0.0,0.0
50,995008,T,2202,GW,Balanced,Demand,Improving,11.0,0.16788231767714024,58.0,58.0,1.0,1.0347143550335747
50,995008,T,2202,GW,Flow,Compressible,Improving,38.0,0.6193854408338666,158.0,158.0,5.0,21.346449841068605
50,995008,T,2202,GW,Electricity,Compressible,Improving,60.0,1.2215167749673128,194.0,194.0,13.0,84.8588146473703
50,995008,T,2202,GW,Electricity,Demand,Improving,1.0,0.012004394084215164,0.0,0.0,0.0,-1.0
50,995008,T,2202,GW,Electricity,Resource,Improving,58.0,1.1072787242010236,145.0,145.0,14.0,98.67713561972118
50,995008,T,2202,GW,Balanced,Compressible,Improving,76.0,1.4129343908280134,288.0,288.0,22.0,127.60227178002012
50,995008,T,2202,GW,Balanced,Resource,Improving,4.0,0.07102577202022076,14.0,14.0,0.0,-1.0
50,995008,T,2202,GW,Flow,Demand,Improving,13.0,0.3042401485145092,76.0,76.0,3.0,23.277875685214966
50,995008,T,2202,GW,Electricity,Region,Improving,9.0,0.18290131632238626,23.0,23.0,0.0,-2.0
50,995008,T,2202,GW,Electricity,Normal,Improving,45.0,0.9899694481864572,101.0,101.0,5.0,22.975417291706314
50,995008,T,2202,GW,Balanced,TOU,Improving,17.0,0.3836812898516655,61.0,61.0,5.0,43.63831333385397
50,995008,T,2202,GW,Flow,Normal,Improving,176.0,2.4539212370291352,414.0,414.0,20.0,118.40314517431551
50,995008,T,2202,GW,Balanced,Resource,Stagnating,1.0,0.01793986838310957,6.0,6.0,0.0,0.0
50,995008,T,2202,GW,Electricity,Compressible,Stagnating,8.0,0.15538182016462088,35.0,35.0,0.0,-1.0
50,995008,T,2202,GW,Flow,Compressible,Stagnating,67.0,1.1497204722836614,233.0,233.0,9.0,46.33228839453465
50,995008,T,2202,GW,Balanced,Normal,Improving,145.0,2.6998595679178834,391.0,391.0,13.0,56.576135444924724
50,995008,T,2202,GW,Electricity,Resource,Stagnating,104.0,2.087922377511859,248.0,248.0,13.0,77.72040676893263
50,995008,T,2202,GW,Balanced,Compressible,Stagnating,8.0,0.19815667252987623,25.0,25.0,2.0,5.031493358614036
50,995008,T,2202,GW,Flow,Normal,Stagnating,187.0,2.8438760647550225,348.0,348.0,12.0,27.453893769686324
50,995008,T,2202,GW,Electricity,Region,Stagnating,4.0,0.07322436571121216,2.0,2.0,0.0,-2.0
50,995008,T,2202,GW,Balanced,Normal,Stagnating,172.0,3.4705223543569446,439.0,439.0,10.0,23.29058312038682
50,995008,T,2202,GW,Flow,TOU,Stagnating,36.0,0.7181795444339514,115.0,115.0,4.0,19.163250927353477
50,995008,T,2202,GW,Balanced,Region,Stagnating,2.0,0.043774887919425964,4.0,4.0,0.0,-1.0
50,995008,T,2202,GW,Flow,TOU,Improving,8.0,0.12325114756822586,13.0,13.0,1.0,6.868440232412281
50,995008,T,2202,GW,Electricity,Normal,Stagnating,52.0,1.2172317681834102,103.0,103.0,5.0,16.75900938880194
50,995008,T,2202,GW,Balanced,Region,Improving,1.0,0.025964152067899704,3.0,3.0,0.0,0.0
50,995008,T,1101,W,Balanced,Resource,Improving,1.0,0.013126812875270844,1.0,1.0,0.0,0.0
50,995008,T,1101,W,Balanced,Demand,Improving,2.0,0.030456253327429295,12.0,12.0,0.0,0.0
50,995008,T,1101,W,Flow,Compressible,Improving,58.0,1.1452101450413465,222.0,222.0,9.0,45.61817514934703
50,995008,T,1101,W,Electricity,Compressible,Improving,97.0,1.8206436820328236,318.0,318.0,23.0,170.2722102574768
50,995008,T,1101,W,Balanced,Compressible,Improving,8.0,0.21894889697432518,13.0,13.0,0.0,-4.0
50,995008,T,1101,W,Electricity,Resource,Improving,2.0,0.03109661675989628,12.0,12.0,1.0,3.0912877578796616
50,995008,T,1101,W,Balanced,Normal,Improving,127.0,2.889673658646643,306.0,306.0,14.0,62.790016342665865
50,995008,T,1101,W,Flow,Normal,Stagnating,29.0,0.653624014928937,88.0,88.0,0.0,-4.0
50,995008,T,1101,W,Flow,Compressible,Stagnating,15.0,0.3072457034140825,42.0,42.0,1.0,-1.3814580251939887
50,995008,T,1101,W,Electricity,Region,Improving,26.0,0.41928907576948404,61.0,61.0,1.0,-2.0195447964117097
50,995008,T,1101,W,Electricity,Region,Stagnating,45.0,0.7123325625434518,98.0,98.0,2.0,5.0
50,995008,T,1101,W,Electricity,Compressible,Stagnating,2.0,0.03712160047143698,9.0,9.0,0.0,0.0
50,995008,T,1101,W,Electricity,Normal,Stagnating,1.0,0.020946891978383064,0.0,0.0,0.0,-1.0
50,995008,T,1101,W,Balanced,Compressible,Stagnating,1.0,0.01833227090537548,6.0,6.0,0.0,0.0
50,995008,T,1101,W,Electricity,Normal,Improving,15.0,0.25605056434869766,32.0,32.0,5.0,41.35789570487722
50,995008,T,1101,W,Balanced,Region,Improving,70.0,1.190208774060011,216.0,216.0,1.0,-8.0
50,995008,T,1101,W,Flow,TOU,Stagnating,14.0,0.30376027897000313,33.0,33.0,1.0,5.076136634411267
50,995008,T,1101,W,Balanced,Normal,Stagnating,24.0,0.5222754701972008,49.0,49.0,1.0,-2.0
50,995008,T,1101,W,Balanced,TOU,Improving,2.0,0.0551079586148262,7.0,7.0,0.0,0.0
50,995008,T,1101,W,Balanced,TOU,Stagnating,3.0,0.07009232975542545,12.0,12.0,0.0,0.0
50,995008,T,1101,W,Flow,Normal,Improving,2.0,0.05819763150066137,1.0,1.0,0.0,-1.0
50,995008,T,1101,W,Flow,Region,Stagnating,39.0,0.8314679972827435,126.0,126.0,0.0,-7.0
50,995008,T,1101,W,Flow,Region,Improving,19.0,0.3604597616940737,53.0,53.0,0.0,-4.0
50,995008,T,1101,W,Balanced,Region,Stagnating,139.0,2.33374192006886,356.0,356.0,5.0,-24.46661474759107
50,995008,T,1101,W,Electricity,Demand,Stagnating,16.0,0.2612505126744509,68.0,68.0,5.0,44.3951037085189
50,995008,T,1101,W,Balanced,Demand,Stagnating,1.0,0.01729720924049616,5.0,5.0,0.0,0.0
50,995008,T,1101,GW,Balanced,Resource,Improving,1.0,0.014161544851958752,1.0,1.0,0.0,0.0
50,995008,T,1101,GW,Balanced,Demand,Improving,2.0,0.04098684713244438,12.0,12.0,0.0,0.0
50,995008,T,1101,GW,Flow,Compressible,Improving,79.0,1.840099691413343,262.0,262.0,7.0,37.46302298861622
50,995008,T,1101,GW,Electricity,Compressible,Improving,81.0,2.16018701530993,259.0,259.0,11.0,73.40660863891469
50,995008,T,1101,GW,Balanced,Compressible,Improving,54.0,1.472914619371295,138.0,138.0,7.0,11.501107957657478
50,995008,T,1101,GW,Electricity,Resource,Improving,2.0,0.040957904420793056,12.0,12.0,1.0,3.0912877578796616
50,995008,T,1101,GW,Balanced,Normal,Improving,4.0,0.11159047205001116,18.0,18.0,0.0,0.0
50,995008,T,1101,GW,Flow,Normal,Stagnating,12.0,0.2973276739940047,50.0,50.0,0.0,-2.0
50,995008,T,1101,GW,Flow,Compressible,Stagnating,115.0,2.3846009327098727,447.0,447.0,4.0,23.490118112869904
50,995008,T,1101,GW,Electricity,Region,Improving,33.0,0.7118791230022907,60.0,60.0,3.0,6.2495880592260225
50,995008,T,1101,GW,Electricity,Region,Stagnating,101.0,2.3719991352409124,259.0,259.0,17.0,140.0
50,995008,T,1101,GW,Electricity,Compressible,Stagnating,10.0,0.18911476619541645,37.0,37.0,0.0,-1.0
50,995008,T,1101,GW,Electricity,Normal,Stagnating,3.0,0.07830165419727564,4.0,4.0,1.0,-1.9235641119146134
50,995008,T,1101,GW,Flow,TOU,Improving,2.0,0.055476478300988674,1.0,1.0,0.0,-1.0
50,995008,T,1101,GW,Electricity,Normal,Improving,62.0,1.6318978164345026,90.0,90.0,16.0,97.79601222641747
50,995008,T,1101,GW,Balanced,Region,Improving,82.0,1.855436222627759,226.0,226.0,3.0,-0.7261206571337553
50,995008,T,1101,GW,Flow,TOU,Stagnating,2.0,0.049105470068752766,0.0,0.0,0.0,-2.0
50,995008,T,1101,GW,Balanced,Normal,Stagnating,18.0,0.45207467023283243,63.0,63.0,0.0,-3.0
50,995008,T,1101,GW,Balanced,Compressible,Stagnating,47.0,1.2302467441186309,138.0,138.0,4.0,26.726315719104065
50,995008,T,1101,GW,Flow,Region,Improving,8.0,0.16350186336785555,23.0,23.0,0.0,-1.0
50,995008,T,1101,GW,Balanced,Region,Stagnating,43.0,0.9829500718042254,72.0,72.0,0.0,-18.0
50,995008,T,1101,GW,Flow,Region,Stagnating,46.0,0.7856869287788868,103.0,103.0,2.0,-0.7910816447327491
50,995008,T,1101,LEGACY,Balanced,Resource,Improving,1.0,0.013528149574995041,1.0,1.0,0.0,0.0
50,995008,T,1101,LEGACY,Balanced,Demand,Improving,2.0,0.02076483704149723,3.0,3.0,0.0,0.0
50,995008,T,1101,LEGACY,Flow,Compressible,Improving,17.0,0.3373113600537181,49.0,49.0,1.0,0.030215628696058205
50,995008,T,1101,LEGACY,Electricity,Compressible,Improving,18.0,0.35871095303446054,45.0,45.0,1.0,3.049500990855849
50,995008,T,1101,LEGACY,Balanced,Compressible,Improving,33.0,0.6172406142577529,114.0,114.0,7.0,29.249851755065492
50,995008,T,1101,LEGACY,Electricity,Resource,Improving,3.0,0.06560085713863373,6.0,6.0,0.0,-1.0
50,995008,T,1101,LEGACY,Balanced,TOU,Improving,1.0,0.014238530769944191,2.0,2.0,0.0,0.0
50,995008,T,1101,LEGACY,Flow,Compressible,Stagnating,21.0,0.45785170793533325,71.0,71.0,4.0,19.94555622773999
50,995008,T,1101,LEGACY,Electricity,Compressible,Stagnating,2.0,0.042090410366654396,5.0,5.0,0.0,-1.0
50,995008,T,1101,LEGACY,Balanced,Compressible,Stagnating,20.0,0.4675870044156909,59.0,59.0,2.0,13.79468315507635
50,995008,T,1101,LEGACY,Flow,TOU,Improving,23.0,0.47512520011514425,58.0,58.0,3.0,11.435113817126481
50,995008,T,1101,LEGACY,Electricity,Region,Improving,98.0,2.251401921734214,263.0,263.0,14.0,70.36044604054496
50,995008,T,1101,LEGACY,Flow,TOU,Stagnating,9.0,0.16964120510965586,7.0,7.0,0.0,-6.0
50,995008,T,1101,LEGACY,Balanced,Normal,Improving,11.0,0.23871158994734287,37.0,37.0,3.0,22.519602968399667
50,995008,T,1101,LEGACY,Flow,Normal,Improving,22.0,0.4582057539373636,31.0,31.0,1.0,-8.237486287757896
50,995008,T,1101,LEGACY,Flow,Normal,Stagnating,33.0,0.6634511826559901,75.0,75.0,3.0,-1.3580919708165595
50,995008,T,1101,LEGACY,Balanced,Region,Stagnating,93.0,2.058134136721492,252.0,252.0,6.0,12.90202462451662
50,995008,T,1101,LEGACY,Balanced,Region,Improving,53.0,1.186351384036243,108.0,108.0,2.0,-16.367471822688074
50,995008,T,1101,LEGACY,Electricity,Region,Stagnating,74.0,1.5723185874521732,133.0,133.0,4.0,-8.47827789284768
50,995008,T,1101,LEGACY,Electricity,Resource,Stagnating,2.0,0.048470066860318184,1.0,1.0,0.0,-1.0
50,995008,T,1101,LEGACY,Flow,Region,Improving,9.0,0.18072360754013062,23.0,23.0,0.0,-2.0
50,995008,T,1101,LEGACY,Flow,Region,Stagnating,20.0,0.37458917684853077,53.0,53.0,0.0,-6.0
50,995008,T,1101,REFERENCE,Balanced,Resource,Improving,1.0,0.018043361604213715,2.0,2.0,0.0,0.0
50,995008,T,1101,REFERENCE,Balanced,Demand,Improving,2.0,0.044138528406620026,8.0,8.0,0.0,0.0
50,995008,T,1101,REFERENCE,Flow,Compressible,Improving,62.0,1.3988891243934631,191.0,191.0,15.0,65.8732052140454
50,995008,T,1101,REFERENCE,Electricity,Compressible,Improving,43.0,0.8869730560109019,77.0,77.0,2.0,-6.957212571588669
50,995008,T,1101,REFERENCE,Balanced,Compressible,Improving,21.0,0.42152852937579155,40.0,40.0,0.0,-11.0
50,995008,T,1101,REFERENCE,Electricity,Resource,Improving,2.0,0.031987608410418034,0.0,0.0,0.0,-2.0
50,995008,T,1101,REFERENCE,Flow,Demand,Improving,1.0,0.021737209521234035,6.0,6.0,0.0,0.0
50,995008,T,1101,REFERENCE,Flow,Compressible,Stagnating,32.0,0.6264881044626236,132.0,132.0,2.0,9.483983152489802
50,995008,T,1101,REFERENCE,Flow,Normal,Improving,38.0,0.9735935144126415,84.0,84.0,6.0,31.38937360233374
50,995008,T,1101,REFERENCE,Electricity,Compressible,Stagnating,40.0,0.8977032387629151,108.0,108.0,4.0,18.5128565671947
50,995008,T,1101,REFERENCE,Balanced,Normal,Stagnating,20.0,0.39970679860562086,48.0,48.0,1.0,4.6122860835977315
50,995008,T,1101,REFERENCE,Balanced,Normal,Improving,17.0,0.3790792468935251,47.0,47.0,0.0,-2.0
50,995008,T,1101,REFERENCE,Balanced,Compressible,Stagnating,8.0,0.16605636849999428,30.0,30.0,1.0,-0.06978178562793214
50,995008,T,1101,REFERENCE,Electricity,TOU,Improving,16.0,0.37599558010697365,41.0,41.0,0.0,-5.0
50,995008,T,1101,REFERENCE,Balanced,TOU,Improving,92.0,1.9614316634833813,186.0,186.0,3.0,-6.248468842255635
50,995008,T,1101,REFERENCE,Flow,Normal,Stagnating,15.0,0.2990571418777108,23.0,23.0,0.0,-8.0
50,995008,T,1101,REFERENCE,Balanced,TOU,Stagnating,99.0,1.875247284770012,208.0,208.0,3.0,-7.335135989006096
50,995008,T,1101,REFERENCE,Electricity,TOU,Stagnating,13.0,0.25876050256192684,27.0,27.0,0.0,-6.0
50,995008,T,1101,REFERENCE,Electricity,Normal,Stagnating,2.0,0.042302247136831284,1.0,1.0,0.0,-1.0
50,995008,T,1101,REFERENCE,Electricity,Normal,Improving,1.0,0.02433245163410902,0.0,0.0,0.0,-1.0
50,995008,T,1101,REFERENCE,Flow,TOU,Stagnating,33.0,0.6028104331344366,103.0,103.0,1.0,0.5272174235178992
50,995008,T,1101,REFERENCE,Electricity,Region,Stagnating,20.0,0.4211947172880173,24.0,24.0,1.0,0.0
50,995008,T,1101,REFERENCE,Electricity,Region,Improving,18.0,0.42252994142472744,34.0,34.0,2.0,2.768187501488664
50,995008,T,1101,REFERENCE,Flow,TOU,Improving,9.0,0.18535522185266018,11.0,11.0,0.0,-3.0
50,995008,T,1101,REFERENCE,Electricity,Resource,Stagnating,1.0,0.01702935714274645,0.0,0.0,0.0,-1.0
50,995008,T,1101,REFERENCE,Flow,Region,Stagnating,2.0,0.04625994432717562,7.0,7.0,0.0,0.0
50,995008,T,1101,REFERENCE,Balanced,Region,Improving,2.0,0.04075055010616779,0.0,0.0,0.0,-2.0
50,995008,T,1101,REFERENCE,Balanced,Region,Stagnating,1.0,0.018499732948839664,3.0,3.0,0.0,0.0
50,995008,T,1101,G,Balanced,Resource,Improving,1.0,0.01342885009944439,2.0,2.0,0.0,0.0
50,995008,T,1101,G,Balanced,Demand,Improving,2.0,0.04389458987861872,8.0,8.0,0.0,0.0
50,995008,T,1101,G,Flow,Compressible,Improving,54.0,0.9657543394714594,159.0,159.0,9.0,27.46354356013564
50,995008,T,1101,G,Electricity,Compressible,Improving,42.0,0.7001828076317906,73.0,73.0,2.0,-6.957212571588669
50,995008,T,1101,G,Balanced,Compressible,Improving,24.0,0.3860653005540371,72.0,72.0,1.0,3.395753081726957
50,995008,T,1101,G,Electricity,Resource,Improving,4.0,0.05768521782010794,0.0,0.0,0.0,-4.0
50,995008,T,1101,G,Flow,Demand,Improving,1.0,0.016573199070990086,6.0,6.0,0.0,0.0
50,995008,T,1101,G,Flow,Compressible,Stagnating,47.0,0.7818773649632931,114.0,114.0,6.0,24.25661240308777
50,995008,T,1101,G,Flow,Normal,Improving,81.0,1.467248217202723,126.0,126.0,16.0,77.66658254166833
50,995008,T,1101,G,Electricity,Compressible,Stagnating,17.0,0.28493612073361874,44.0,44.0,2.0,-1.161310990170477
50,995008,T,1101,G,Balanced,Normal,Stagnating,5.0,0.09013300482183695,3.0,3.0,0.0,-3.0
50,995008,T,1101,G,Balanced,Normal,Improving,9.0,0.15918171033263206,10.0,10.0,0.0,-3.0
50,995008,T,1101,G,Electricity,TOU,Improving,36.0,0.6272696647793055,44.0,44.0,3.0,4.516448721580332
50,995008,T,1101,G,Balanced,Compressible,Stagnating,1.0,0.017212623730301857,4.0,4.0,0.0,0.0
50,995008,T,1101,G,Electricity,TOU,Stagnating,24.0,0.44176547694951296,13.0,13.0,0.0,-17.0
50,995008,T,1101,G,Flow,Normal,Stagnating,18.0,0.3128461940214038,36.0,36.0,1.0,-5.202561765013753
50,995008,T,1101,G,Balanced,TOU,Stagnating,22.0,0.3744878675788641,27.0,27.0,2.0,-2.493203032013481
50,995008,T,1101,G,Electricity,Resource,Stagnating,2.0,0.026214039884507656,2.0,2.0,1.0,9.0
50,995008,T,1101,G,Balanced,TOU,Improving,10.0,0.16983034554868937,17.0,17.0,0.0,-4.0
50,995008,T,1101,G,Balanced,Region,Stagnating,47.0,0.7175564365461469,29.0,29.0,0.0,-25.0
50,995008,T,1101,G,Flow,Region,Improving,15.0,0.249058042652905,32.0,32.0,1.0,-3.795418471531516
50,995008,T,1101,G,Balanced,Region,Improving,41.0,0.6380065931007266,37.0,37.0,0.0,-20.0
50,995008,T,1101,G,Electricity,Normal,Improving,3.0,0.054860000498592854,0.0,0.0,0.0,-3.0
50,995008,T,1101,G,Flow,Region,Stagnating,53.0,0.8086308473721147,147.0,147.0,1.0,4.4568121546620265
50,995008,T,1101,G,Flow,TOU,Stagnating,4.0,0.08457075711339712,8.0,8.0,0.0,-1.0
50,995008,T,1101,G,Flow,TOU,Improving,2.0,0.03105320781469345,3.0,3.0,0.0,-1.0
50,995008,T,1101,G,Electricity,Normal,Stagnating,11.0,0.1741680959239602,15.0,15.0,0.0,-5.0
50,995008,T,1101,G,Electricity,Region,Improving,2.0,0.03520587645471096,0.0,0.0,0.0,-2.0
50,995009,H,1101,REFERENCE,Electricity,Compressible,Improving,46.0,0.6919234022498131,94.0,94.0,11.0,78.7445858682607
50,995009,H,1101,REFERENCE,Balanced,Compressible,Improving,31.0,0.4654735494405031,86.0,86.0,3.0,13.852419960449325
50,995009,H,1101,REFERENCE,Flow,Compressible,Improving,58.0,0.8851638631895185,136.0,136.0,1.0,-2.0
50,995009,H,1101,REFERENCE,Flow,TOU,Improving,152.0,2.4670377746224403,357.0,357.0,11.0,36.732854063109976
50,995009,H,1101,REFERENCE,Balanced,TOU,Improving,172.0,2.764438076876104,437.0,437.0,10.0,30.15539330432741
50,995009,H,1101,REFERENCE,Electricity,Resource,Improving,2.0,0.02479797974228859,4.0,4.0,1.0,9.0
50,995009,H,1101,REFERENCE,Electricity,TOU,Stagnating,89.0,1.5325858257710934,165.0,165.0,5.0,-2.2271618913139726
50,995009,H,1101,REFERENCE,Flow,Compressible,Stagnating,22.0,0.35477639362215996,65.0,65.0,0.0,-3.0
50,995009,H,1101,REFERENCE,Balanced,TOU,Stagnating,108.0,1.8162763705477118,209.0,209.0,4.0,-0.4524294414671921
50,995009,H,1101,REFERENCE,Electricity,TOU,Improving,67.0,1.1039834609255195,153.0,153.0,9.0,62.431952111106355
50,995009,H,1101,REFERENCE,Electricity,Compressible,Stagnating,8.0,0.1326225120574236,7.0,7.0,0.0,-5.0
50,995009,H,1101,REFERENCE,Balanced,Compressible,Stagnating,7.0,0.08776824921369553,14.0,14.0,0.0,-3.0
50,995009,H,1101,REFERENCE,Flow,TOU,Stagnating,213.0,3.6346842981874943,503.0,503.0,4.0,-3.591458128399294
50,995009,H,1101,G,Electricity,Compressible,Improving,27.0,0.4736368767917156,68.0,68.0,13.0,109.21119437824058
50,995009,H,1101,G,Balanced,Compressible,Improving,26.0,0.48548416793346405,70.0,70.0,1.0,2.0
50,995009,H,1101,G,Flow,Compressible,Improving,108.0,2.044711532071233,355.0,355.0,4.0,24.729198227388096
50,995009,H,1101,G,Flow,TOU,Improving,67.0,1.3455727500841022,126.0,126.0,2.0,-22.985833210663493
50,995009,H,1101,G,Balanced,TOU,Improving,129.0,2.646411926485598,306.0,306.0,5.0,-0.4053859754435116
50,995009,H,1101,G,Electricity,Resource,Improving,2.0,0.028927167877554893,4.0,4.0,1.0,9.0
50,995009,H,1101,G,Electricity,TOU,Stagnating,94.0,1.8215588899329305,163.0,163.0,13.0,81.14268509734325
50,995009,H,1101,G,Flow,Compressible,Stagnating,22.0,0.476261199451983,59.0,59.0,0.0,-4.0
50,995009,H,1101,G,Balanced,TOU,Stagnating,48.0,1.0992946503683925,77.0,77.0,0.0,-20.0
50,995009,H,1101,G,Electricity,TOU,Improving,83.0,1.6708695301786065,85.0,85.0,2.0,-39.68981642391343
50,995009,H,1101,G,Balanced,Compressible,Stagnating,1.0,0.0186997652053833,4.0,4.0,0.0,0.0
50,995009,H,1101,G,Flow,TOU,Stagnating,55.0,1.2577044405043125,110.0,110.0,1.0,-8.0
50,995009,H,1101,W,Electricity,Compressible,Improving,36.0,0.7547586681321263,125.0,125.0,14.0,123.16282567014362
50,995009,H,1101,W,Electricity,Resource,Improving,6.0,0.12225638143718243,23.0,23.0,3.0,26.976096541096474
50,995009,H,1101,W,Flow,Compressible,Improving,31.0,0.5879024071618915,145.0,145.0,3.0,17.67687924069165
50,995009,H,1101,W,Balanced,Compressible,Improving,92.0,1.8736350927501917,321.0,321.0,23.0,166.3634900536697
50,995009,H,1101,W,Flow,Compressible,Stagnating,19.0,0.3465721504762769,93.0,93.0,3.0,16.14410934325275
50,995009,H,1101,W,Electricity,Resource,Stagnating,7.0,0.1438770480453968,25.0,25.0,2.0,18.0
50,995009,H,1101,W,Balanced,TOU,Improving,267.0,6.293067677877843,1064.0,1064.0,24.0,160.2402488397159
50,995009,H,1101,W,Electricity,TOU,Stagnating,164.0,3.8835121216252446,697.0,697.0,25.0,199.7771167739454
50,995009,H,1101,W,Balanced,Compressible,Stagnating,25.0,0.518083986826241,100.0,100.0,3.0,24.022943702412746
50,995009,H,1101,W,Electricity,TOU,Improving,126.0,2.8040826758369803,479.0,479.0,17.0,130.01074238908768
50,995009,H,1101,W,Flow,TOU,Stagnating,268.0,6.486999346874654,1248.0,1248.0,11.0,69.73377131740716
50,995009,H,1101,W,Flow,TOU,Improving,243.0,5.404166799038649,1177.0,1177.0,12.0,87.13227464777398
50,995009,H,1101,W,Balanced,TOU,Stagnating,286.0,6.912437155842781,1223.0,1223.0,20.0,143.05145700243307
50,995009,H,1101,GW,Electricity,Compressible,Improving,36.0,0.8179806917905807,136.0,136.0,13.0,117.64886362881492
50,995009,H,1101,GW,Electricity,Resource,Improving,12.0,0.2971486570313573,28.0,28.0,4.0,32.976096541096474
50,995009,H,1101,GW,Flow,Compressible,Improving,39.0,0.9058232512325048,184.0,184.0,3.0,23.762370857753453
50,995009,H,1101,GW,Balanced,Compressible,Improving,64.0,1.6016488885506988,213.0,213.0,12.0,102.10695059717611
50,995009,H,1101,GW,Flow,Compressible,Stagnating,27.0,0.5796999521553516,133.0,133.0,3.0,19.031899600407947
50,995009,H,1101,GW,Electricity,Resource,Stagnating,22.0,0.5283954674378037,60.0,60.0,7.0,59.23874724810035
50,995009,H,1101,GW,Balanced,TOU,Improving,40.0,0.9738336745649576,146.0,146.0,2.0,2.8675187693675817
50,995009,H,1101,GW,Electricity,TOU,Stagnating,104.0,2.235329450108111,238.0,238.0,8.0,35.069884629260585
50,995009,H,1101,GW,Electricity,TOU,Improving,75.0,1.7768828375265002,220.0,220.0,5.0,19.441697063565073
50,995009,H,1101,GW,Balanced,Compressible,Stagnating,56.0,0.9440977927297354,149.0,149.0,1.0,-1.5784255079499276
50,995009,H,1101,GW,Flow,TOU,Stagnating,204.0,4.3731407802551985,925.0,925.0,15.0,47.36928916659677
50,995009,H,1101,GW,Balanced,TOU,Stagnating,42.0,0.9372228030115366,115.0,115.0,2.0,-1.819310849241619
50,995009,H,1101,GW,Flow,TOU,Improving,166.0,3.3801669934764504,752.0,752.0,16.0,54.378789661492306
50,995009,H,1101,LEGACY,Electricity,Compressible,Improving,21.0,0.38165607023984194,66.0,66.0,9.0,69.31656428526264
50,995009,H,1101,LEGACY,Flow,Compressible,Improving,35.0,0.7920452505350113,79.0,79.0,3.0,11.316205541272438
50,995009,H,1101,LEGACY,Electricity,Resource,Improving,3.0,0.07193176634609699,10.0,10.0,0.0,-1.0
50,995009,H,1101,LEGACY,Balanced,Compressible,Improving,32.0,0.7178330663591623,86.0,86.0,5.0,12.932469222074797
50,995009,H,1101,LEGACY,Electricity,Demand,Improving,1.0,0.024493377655744553,0.0,0.0,0.0,-1.0
50,995009,H,1101,LEGACY,Electricity,TOU,Improving,72.0,1.5024677738547325,158.0,158.0,7.0,27.666184358864868
50,995009,H,1101,LEGACY,Balanced,Compressible,Stagnating,6.0,0.13733192160725594,3.0,3.0,0.0,-4.0
50,995009,H,1101,LEGACY,Electricity,TOU,Stagnating,88.0,1.7758494531735778,164.0,164.0,14.0,79.74853105855604
50,995009,H,1101,LEGACY,Balanced,TOU,Stagnating,80.0,1.7066967282444239,116.0,116.0,4.0,-10.923645561906369
50,995009,H,1101,LEGACY,Flow,TOU,Stagnating,43.0,1.0106228804215789,81.0,81.0,3.0,-4.979198671557894
50,995009,H,1101,LEGACY,Flow,Compressible,Stagnating,36.0,0.8208299418911338,103.0,103.0,2.0,6.130431758205698
50,995009,H,1101,LEGACY,Flow,TOU,Improving,42.0,0.959517159499228,118.0,118.0,1.0,-2.8864190037404835
50,995009,H,1101,LEGACY,Balanced,TOU,Improving,129.0,2.8381420020014048,295.0,295.0,11.0,50.246409367426864
50,995009,H,1101,LEGACY,Electricity,Resource,Stagnating,4.0,0.08903550636023283,5.0,5.0,1.0,4.57110698905696
50,995009,H,2202,W,Balanced,Compressible,Improving,48.0,0.8640734124928713,212.0,212.0,12.0,90.02024943136959
50,995009,H,2202,W,Flow,Compressible,Improving,25.0,0.37339404970407486,126.0,126.0,2.0,15.293699476342931
50,995009,H,2202,W,Electricity,Compressible,Improving,1.0,0.005885934457182884,0.0,0.0,0.0,-1.0
50,995009,H,2202,W,Electricity,Resource,Improving,123.0,2.2159115811809897,511.0,511.0,49.0,390.3392800740288
50,995009,H,2202,W,Balanced,Demand,Improving,1.0,0.015501152724027634,4.0,4.0,0.0,0.0
50,995009,H,2202,W,Balanced,TOU,Improving,133.0,3.225618020631373,260.0,260.0,18.0,46.330424068074535
50,995009,H,2202,W,Balanced,Compressible,Stagnating,10.0,0.1857645846903324,36.0,36.0,1.0,5.13777071350517
50,995009,H,2202,W,Flow,TOU,Stagnating,203.0,4.515128537081182,543.0,543.0,22.0,66.09498651231407
50,995009,H,2202,W,Flow,Compressible,Stagnating,17.0,0.28465010318905115,84.0,84.0,3.0,25.968756549119377
50,995009,H,2202,W,Balanced,TOU,Stagnating,195.0,4.8732576835900545,405.0,405.0,22.0,76.97478385231307
50,995009,H,2202,W,Balanced,Resource,Improving,6.0,0.11202133353799582,10.0,10.0,0.0,-3.0
50,995009,H,2202,W,Electricity,Resource,Stagnating,15.0,0.3138889707624912,48.0,48.0,0.0,-4.0
50,995009,H,2202,W,Flow,TOU,Improving,128.0,2.4920374853536487,353.0,353.0,19.0,99.48803553084021
50,995009,H,2202,W,Electricity,TOU,Stagnating,33.0,1.1036358140408993,19.0,19.0,3.0,-3.9577029071178877
50,995009,H,2202,W,Electricity,TOU,Improving,64.0,1.602962151169777,92.0,92.0,11.0,67.72681886892099
50,995009,H,2202,W,Balanced,Resource,Stagnating,1.0,0.024959650821983814,2.0,2.0,0.0,0.0
50,995009,H,2202,GW,Balanced,Compressible,Improving,138.0,3.5425636088475585,539.0,539.0,24.0,156.6453407158501
50,995009,H,2202,GW,Flow,Compressible,Improving,100.0,2.4844788471236825,406.0,406.0,7.0,23.465207731056577
50,995009,H,2202,GW,Electricity,Compressible,Improving,27.0,0.8625808982178569,106.0,106.0,2.0,9.941934263358757
50,995009,H,2202,GW,Electricity,Resource,Improving,68.0,1.697248274460435,241.0,241.0,21.0,160.85551683658338
50,995009,H,2202,GW,Balanced,Demand,Improving,1.0,0.02542751654982567,4.0,4.0,0.0,0.0
50,995009,H,2202,GW,Balanced,TOU,Improving,77.0,2.1414405293762684,220.0,220.0,4.0,6.304766704404516
50,995009,H,2202,GW,Flow,TOU,Stagnating,46.0,1.0831036353483796,136.0,136.0,1.0,-7.76390506128079
50,995009,H,2202,GW,Electricity,Resource,Stagnating,22.0,0.5593057814985514,72.0,72.0,3.0,26.0
50,995009,H,2202,GW,Flow,Compressible,Stagnating,45.0,0.9897824395447969,172.0,172.0,3.0,4.329104908962579
50,995009,H,2202,GW,Balanced,Resource,Stagnating,1.0,0.02174969855695963,0.0,0.0,0.0,-1.0
50,995009,H,2202,GW,Balanced,Compressible,Stagnating,10.0,0.2791271600872278,21.0,21.0,0.0,-3.0
50,995009,H,2202,GW,Balanced,TOU,Stagnating,58.0,1.6753903403878212,183.0,183.0,1.0,-11.41502309367941
50,995009,H,2202,GW,Flow,TOU,Improving,52.0,1.2446359023451805,144.0,144.0,2.0,-10.229279723823657
50,995009,H,2202,GW,Electricity,TOU,Stagnating,115.0,3.0909998193383217,393.0,393.0,13.0,92.57017047789053
50,995009,H,2202,GW,Electricity,TOU,Improving,44.0,1.4240049328655005,100.0,100.0,3.0,16.292811015261684
50,995009,H,2202,LEGACY,Balanced,Compressible,Improving,15.0,0.2852322906255722,45.0,45.0,2.0,9.36438694348398
50,995009,H,2202,LEGACY,Flow,Compressible,Improving,80.0,1.824505353346467,298.0,298.0,24.0,122.139122883148
50,995009,H,2202,LEGACY,Electricity,Compressible,Improving,35.0,0.7677663471549749,103.0,103.0,12.0,97.6941789313397
50,995009,H,2202,LEGACY,Flow,Demand,Improving,2.0,0.046366515569388866,7.0,7.0,0.0,0.0
50,995009,H,2202,LEGACY,Electricity,TOU,Improving,30.0,0.6405177898705006,52.0,52.0,1.0,-5.0
50,995009,H,2202,LEGACY,Electricity,Resource,Improving,41.0,0.9012083262205124,64.0,64.0,11.0,78.73902941722633
50,995009,H,2202,LEGACY,Flow,TOU,Improving,101.0,2.163672288879752,158.0,158.0,8.0,41.66072001220696
50,995009,H,2202,LEGACY,Balanced,Compressible,Stagnating,22.0,0.5427646720781922,66.0,66.0,8.0,47.165858672077775
50,995009,H,2202,LEGACY,Balanced,TOU,Stagnating,32.0,0.6627867771312594,33.0,33.0,0.0,-14.0
50,995009,H,2202,LEGACY,Balanced,Region,Improving,1.0,0.02303298842161894,6.0,6.0,0.0,0.0
50,995009,H,2202,LEGACY,Electricity,Compressible,Stagnating,1.0,0.02583440952003002,3.0,3.0,0.0,0.0
50,995009,H,2202,LEGACY,Electricity,Region,Improving,34.0,0.7075977008789778,77.0,77.0,2.0,3.0
50,995009,H,2202,LEGACY,Balanced,TOU,Improving,116.0,2.5584462406113744,209.0,209.0,9.0,-10.036177759720083
50,995009,H,2202,LEGACY,Electricity,TOU,Stagnating,29.0,0.6363489245995879,41.0,41.0,1.0,-14.179571461733927
50,995009,H,2202,LEGACY,Flow,Compressible,Stagnating,36.0,0.8059326354414225,132.0,132.0,4.0,9.932123267703446
50,995009,H,2202,LEGACY,Electricity,Region,Stagnating,40.0,0.7950043957680464,73.0,73.0,4.0,19.0
50,995009,H,2202,LEGACY,Flow,TOU,Stagnating,33.0,0.731671710498631,37.0,37.0,1.0,-13.202788017492823
50,995009,H,2202,LEGACY,Electricity,Resource,Stagnating,1.0,0.02132194023579359,6.0,6.0,0.0,0.0
50,995009,H,2202,REFERENCE,Balanced,Compressible,Improving,23.0,0.4659320078790188,71.0,71.0,6.0,32.28907477550255
50,995009,H,2202,REFERENCE,Flow,Compressible,Improving,39.0,0.7068969001993537,142.0,142.0,8.0,58.714283639396356
50,995009,H,2202,REFERENCE,Electricity,Compressible,Improving,3.0,0.052839542739093304,13.0,13.0,0.0,0.0
50,995009,H,2202,REFERENCE,Flow,Demand,Improving,3.0,0.0527453301474452,14.0,14.0,1.0,1.6214091157580905
50,995009,H,2202,REFERENCE,Electricity,TOU,Improving,24.0,0.4344150722026825,26.0,26.0,0.0,-13.0
50,995009,H,2202,REFERENCE,Balanced,TOU,Improving,70.0,1.4329851688817143,112.0,112.0,6.0,15.521063759672622
50,995009,H,2202,REFERENCE,Flow,TOU,Improving,112.0,2.0987037420272827,300.0,300.0,19.0,91.87196091681349
50,995009,H,2202,REFERENCE,Electricity,Resource,Improving,8.0,0.16365822404623032,15.0,15.0,1.0,7.0
50,995009,H,2202,REFERENCE,Flow,Compressible,Stagnating,2.0,0.03478724788874388,7.0,7.0,0.0,0.0
50,995009,H,2202,REFERENCE,Balanced,Demand,Improving,1.0,0.015328800305724144,6.0,6.0,1.0,3.5869637814179143
50,995009,H,2202,REFERENCE,Balanced,TOU,Stagnating,95.0,1.9062937023118138,128.0,128.0,5.0,-13.121071912445494
50,995009,H,2202,REFERENCE,Electricity,Resource,Stagnating,2.0,0.051518963649868965,5.0,5.0,0.0,-1.0
50,995009,H,2202,REFERENCE,Electricity,Region,Improving,80.0,1.3416373869404197,132.0,132.0,3.0,-9.55689434125108
50,995009,H,2202,REFERENCE,Electricity,Region,Stagnating,66.0,1.0664863483980298,109.0,109.0,7.0,37.0
50,995009,H,2202,REFERENCE,Balanced,Compressible,Stagnating,8.0,0.15369589254260063,23.0,23.0,1.0,6.713221009952205
50,995009,H,2202,REFERENCE,Flow,TOU,Stagnating,58.0,1.1730235442519188,97.0,97.0,3.0,-6.854184706843894
50,995009,H,2202,REFERENCE,Balanced,Region,Stagnating,10.0,0.17949663382023573,16.0,16.0,0.0,-4.0
50,995009,H,2202,REFERENCE,Electricity,TOU,Stagnating,26.0,0.5112145645543933,12.0,12.0,1.0,-10.0
50,995009,H,2202,REFERENCE,Flow,Demand,Stagnating,1.0,0.016489443369209766,6.0,6.0,0.0,0.0
50,995009,H,2202,REFERENCE,Balanced,Region,Improving,3.0,0.0895252050831914,2.0,2.0,0.0,-2.0
50,995009,H,2202,G,Balanced,Compressible,Improving,23.0,0.48288282100111246,71.0,71.0,6.0,32.28907477550255
50,995009,H,2202,G,Flow,Compressible,Improving,56.0,1.072992356494069,203.0,203.0,8.0,52.882914517611
50,995009,H,2202,G,Electricity,Compressible,Improving,4.0,0.08106094785034657,18.0,18.0,0.0,0.0
50,995009,H,2202,G,Flow,Demand,Improving,3.0,0.05311617720872164,14.0,14.0,1.0,1.6214091157580905
50,995009,H,2202,G,Electricity,TOU,Improving,51.0,0.9945167349651456,54.0,54.0,1.0,-21.118863403778448
50,995009,H,2202,G,Balanced,TOU,Improving,47.0,1.0100113172084093,81.0,81.0,2.0,-11.43509365516545
50,995009,H,2202,G,Flow,TOU,Improving,66.0,1.4702265178784728,192.0,192.0,7.0,27.336021050058704
50,995009,H,2202,G,Electricity,Resource,Improving,14.0,0.23915645573288202,24.0,24.0,2.0,13.0
50,995009,H,2202,G,Flow,Compressible,Stagnating,28.0,0.5785299492999911,100.0,100.0,1.0,7.0
50,995009,H,2202,G,Balanced,Demand,Improving,1.0,0.01585311535745859,6.0,6.0,1.0,3.5869637814179143
50,995009,H,2202,G,Balanced,TOU,Stagnating,71.0,1.4819948272779584,172.0,172.0,9.0,40.90789433493171
50,995009,H,2202,G,Electricity,Resource,Stagnating,3.0,0.07127463258802891,5.0,5.0,0.0,-2.0
50,995009,H,2202,G,Electricity,Region,Improving,37.0,0.6780139906331897,62.0,62.0,4.0,18.12097704036877
50,995009,H,2202,G,Electricity,Region,Stagnating,9.0,0.12260275520384312,12.0,12.0,0.0,-7.0
50,995009,H,2202,G,Balanced,Compressible,Stagnating,13.0,0.31077044177800417,47.0,47.0,2.0,13.089774088024946
50,995009,H,2202,G,Flow,TOU,Stagnating,64.0,1.4070007810369134,158.0,158.0,5.0,1.9745303448631546
50,995009,H,2202,G,Balanced,Region,Improving,19.0,0.3396163322031498,34.0,34.0,0.0,-6.0
50,995009,H,2202,G,Balanced,Region,Stagnating,13.0,0.2522064158692956,14.0,14.0,0.0,-9.0
50,995009,H,2202,G,Electricity,TOU,Stagnating,23.0,0.4146169647574425,21.0,21.0,0.0,-17.0
50,995009,H,2202,G,Flow,Region,Stagnating,5.0,0.10647189803421497,10.0,10.0,0.0,-2.0
50,995009,H,2202,G,Flow,Region,Improving,4.0,0.07919896207749844,6.0,6.0,0.0,-3.0
50,995009,T,2202,GW,Balanced,Compressible,Improving,56.0,1.0054287072271109,211.0,211.0,16.0,110.08620496160616
50,995009,T,2202,GW,Flow,Compressible,Improving,91.0,1.7064173128455877,329.0,329.0,14.0,64.81825121360447
50,995009,T,2202,GW,Electricity,Compressible,Improving,20.0,0.3351918524131179,94.0,94.0,6.0,49.13195772979951
50,995009,T,2202,GW,Flow,Demand,Improving,10.0,0.18002069182693958,49.0,49.0,3.0,20.398225716766834
50,995009,T,2202,GW,Electricity,Resource,Improving,26.0,0.4387662811204791,115.0,115.0,9.0,83.08302113725355
50,995009,T,2202,GW,Electricity,Region,Improving,79.0,1.6804124806076288,227.0,227.0,7.0,24.96850156698816
50,995009,T,2202,GW,Balanced,Demand,Stagnating,4.0,0.06692192237824202,22.0,22.0,1.0,7.786229998527936
50,995009,T,2202,GW,Flow,Compressible,Stagnating,10.0,0.2387616578489542,37.0,37.0,1.0,6.371758899887171
50,995009,T,2202,GW,Electricity,TOU,Improving,1.0,0.020578007213771343,2.0,2.0,0.0,0.0
50,995009,T,2202,GW,Balanced,Compressible,Stagnating,2.0,0.02346658054739237,6.0,6.0,0.0,-1.0
50,995009,T,2202,GW,Balanced,TOU,Stagnating,19.0,0.34695923514664173,55.0,55.0,4.0,22.12602107097222
50,995009,T,2202,GW,Balanced,Region,Stagnating,124.0,2.821361606940627,378.0,378.0,6.0,5.4223288478888225
50,995009,T,2202,GW,Balanced,TOU,Improving,18.0,0.3522797245532274,56.0,56.0,1.0,0.05377743580035599
50,995009,T,2202,GW,Electricity,Region,Stagnating,151.0,3.203079141676426,449.0,449.0,37.0,300.45914567836917
50,995009,T,2202,GW,Flow,Normal,Improving,1.0,0.019387993030250072,3.0,3.0,0.0,0.0
50,995009,T,2202,GW,Flow,TOU,Improving,88.0,1.7666604332625866,359.0,359.0,15.0,93.35589144668366
50,995009,T,2202,GW,Electricity,Resource,Stagnating,1.0,0.016153354197740555,5.0,5.0,0.0,0.0
50,995009,T,2202,GW,Balanced,Region,Improving,104.0,2.2071635322645307,300.0,300.0,4.0,-19.38232998302435
50,995009,T,2202,GW,Flow,TOU,Stagnating,52.0,1.1121545443311334,220.0,220.0,12.0,76.26626148441812
50,995009,T,2202,GW,Flow,Normal,Stagnating,1.0,0.018834558315575123,1.0,1.0,0.0,0.0
50,995009,T,2202,GW,Flow,Region,Improving,44.0,0.8396145319566131,130.0,130.0,0.0,-13.0
50,995009,T,2202,GW,Flow,Region,Stagnating,62.0,1.2147533120587468,187.0,187.0,0.0,-23.0
50,995009,T,2202,LEGACY,Balanced,Compressible,Improving,35.0,0.6839979207143188,118.0,118.0,6.0,41.27921327145882
50,995009,T,2202,LEGACY,Flow,Compressible,Improving,161.0,3.3870880734175444,560.0,560.0,25.0,164.10889147664065
50,995009,T,2202,LEGACY,Electricity,Compressible,Improving,20.0,0.37755998596549034,50.0,50.0,1.0,4.0
50,995009,T,2202,LEGACY,Electricity,Resource,Improving,2.0,0.04180907364934683,5.0,5.0,1.0,9.0
50,995009,T,2202,LEGACY,Balanced,Demand,Improving,2.0,0.049118176102638245,8.0,8.0,0.0,0.0
50,995009,T,2202,LEGACY,Balanced,TOU,Stagnating,65.0,1.2834745766595006,161.0,161.0,5.0,24.07930252658577
50,995009,T,2202,LEGACY,Balanced,TOU,Improving,86.0,1.9727629972621799,260.0,260.0,3.0,0.4084971695476929
50,995009,T,2202,LEGACY,Flow,Compressible,Stagnating,16.0,0.3276255168020725,54.0,54.0,0.0,-1.0
50,995009,T,2202,LEGACY,Balanced,Compressible,Stagnating,3.0,0.06885293032974005,12.0,12.0,0.0,0.0
50,995009,T,2202,LEGACY,Electricity,Compressible,Stagnating,2.0,0.03420619387179613,7.0,7.0,0.0,0.0
50,995009,T,2202,LEGACY,Electricity,TOU,Improving,101.0,2.146265326999128,205.0,205.0,10.0,29.70446420558502
50,995009,T,2202,LEGACY,Electricity,TOU,Stagnating,25.0,0.5411223759874701,34.0,34.0,0.0,-15.0
50,995009,T,2202,LEGACY,Flow,TOU,Stagnating,71.0,1.6338891442865133,217.0,217.0,8.0,53.85241554938056
50,995009,T,2202,LEGACY,Flow,TOU,Improving,130.0,2.950823362916708,410.0,410.0,10.0,46.523045440586664
50,995009,T,2202,LEGACY,Electricity,Normal,Stagnating,14.0,0.2781145228073001,18.0,18.0,0.0,-7.0
50,995009,T,2202,LEGACY,Electricity,Normal,Improving,18.0,0.3486300790682435,22.0,22.0,1.0,-1.0
50,995009,T,2202,LEGACY,Balanced,Normal,Improving,11.0,0.24549597315490246,16.0,16.0,0.0,-6.0
50,995009,T,2202,LEGACY,Balanced,Normal,Stagnating,4.0,0.09852304589003325,8.0,8.0,0.0,-1.0
50,995009,T,2202,LEGACY,Flow,Normal,Improving,1.0,0.01663895882666111,6.0,6.0,0.0,0.0
50,995009,T,2202,REFERENCE,Balanced,Compressible,Improving,26.0,0.5472409166395664,71.0,71.0,7.0,53.04765326140695
50,995009,T,2202,REFERENCE,Flow,Compressible,Improving,39.0,0.8056611837819219,154.0,154.0,1.0,6.0
50,995009,T,2202,REFERENCE,Electricity,Compressible,Improving,37.0,0.7342891739681363,103.0,103.0,8.0,55.83859635548744
50,995009,T,2202,REFERENCE,Electricity,Resource,Improving,2.0,0.03923704009503126,4.0,4.0,0.0,-1.0
50,995009,T,2202,REFERENCE,Flow,Compressible,Stagnating,6.0,0.12465422786772251,18.0,18.0,0.0,-1.0
50,995009,T,2202,REFERENCE,Electricity,Compressible,Stagnating,3.0,0.060073940083384514,14.0,14.0,0.0,0.0
50,995009,T,2202,REFERENCE,Balanced,Compressible,Stagnating,2.0,0.048686851747334,2.0,2.0,0.0,-1.0
50,995009,T,2202,REFERENCE,Balanced,TOU,Stagnating,98.0,2.2149733202531934,152.0,152.0,6.0,-13.398746629601924
50,995009,T,2202,REFERENCE,Electricity,Region,Improving,22.0,0.4183299923315644,30.0,30.0,0.0,-8.0
50,995009,T,2202,REFERENCE,Electricity,Region,Stagnating,42.0,0.7388018285855651,75.0,75.0,10.0,70.22759800611479
50,995009,T,2202,REFERENCE,Balanced,TOU,Improving,118.0,2.693905984982848,225.0,225.0,9.0,17.12821262552949
50,995009,T,2202,REFERENCE,Flow,TOU,Improving,105.0,2.5330344438552856,285.0,285.0,19.0,71.70956554213343
50,995009,T,2202,REFERENCE,Flow,TOU,Stagnating,163.0,3.8007523017004132,445.0,445.0,23.0,74.54386196444963
50,995009,T,2202,REFERENCE,Electricity,TOU,Improving,1.0,0.01937441434711218,1.0,1.0,0.0,0.0
50,995009,T,2202,REFERENCE,Electricity,TOU,Stagnating,8.0,0.20015208143740892,10.0,10.0,0.0,-4.0
50,995009,T,2202,G,Balanced,Compressible,Improving,39.0,0.8391249161213636,87.0,87.0,7.0,48.04765326140695
50,995009,T,2202,G,Flow,Compressible,Improving,45.0,0.9354663006961346,162.0,162.0,1.0,2.0
50,995009,T,2202,G,Electricity,Compressible,Improving,18.0,0.37958312779664993,67.0,67.0,3.0,25.169644793673797
50,995009,T,2202,G,Electricity,Resource,Improving,2.0,0.04017511568963528,4.0,4.0,0.0,-1.0
50,995009,T,2202,G,Flow,Compressible,Stagnating,26.0,0.6219571968540549,60.0,60.0,3.0,3.3883915330355396
50,995009,T,2202,G,Electricity,Compressible,Stagnating,1.0,0.024312901310622692,4.0,4.0,0.0,0.0
50,995009,T,2202,G,Balanced,Compressible,Stagnating,14.0,0.23871731385588646,22.0,22.0,0.0,-4.0
50,995009,T,2202,G,Balanced,TOU,Stagnating,33.0,0.778739052824676,35.0,35.0,3.0,-1.4650820010497796
50,995009,T,2202,G,Electricity,Region,Improving,70.0,1.0450958106666803,80.0,80.0,4.0,-9.488940420662392
50,995009,T,2202,G,Electricity,Region,Stagnating,95.0,1.5867932718247175,193.0,193.0,11.0,62.46488160937632
50,995009,T,2202,G,Balanced,TOU,Improving,29.0,0.6481829220429063,52.0,52.0,1.0,-10.834610134763953
50,995009,T,2202,G,Flow,TOU,Stagnating,110.0,2.434944462031126,257.0,257.0,12.0,42.58775270195375
50,995009,T,2202,G,Flow,TOU,Improving,53.0,1.2196573307737708,111.0,111.0,3.0,-2.3448743226249826
50,995009,T,2202,G,Balanced,Region,Improving,21.0,0.34715254232287407,20.0,20.0,0.0,-9.0
50,995009,T,2202,G,Balanced,Region,Stagnating,44.0,0.5839283121749759,64.0,64.0,0.0,-12.0
50,995009,T,2202,G,Electricity,TOU,Improving,4.0,0.069864172488451,1.0,1.0,0.0,-3.0
50,995009,T,2202,G,Balanced,Normal,Improving,1.0,0.01977826002985239,3.0,3.0,0.0,0.0
50,995009,T,2202,G,Electricity,TOU,Stagnating,1.0,0.01928879227489233,0.0,0.0,0.0,-1.0
50,995009,T,2202,W,Balanced,Compressible,Improving,18.0,0.44218513648957014,67.0,67.0,3.0,18.29959897880537
50,995009,T,2202,W,Flow,Compressible,Improving,40.0,0.999485538341105,168.0,168.0,7.0,33.1291774174055
50,995009,T,2202,W,Electricity,Compressible,Improving,20.0,0.44737038016319275,94.0,94.0,6.0,49.13195772979951
50,995009,T,2202,W,Flow,Demand,Improving,5.0,0.13524675741791725,20.0,20.0,3.0,19.42139994255212
50,995009,T,2202,W,Electricity,Resource,Improving,26.0,0.6073613297194242,115.0,115.0,10.0,81.75683499315573
50,995009,T,2202,W,Electricity,Region,Improving,69.0,1.7425952004268765,238.0,238.0,13.0,74.18173791247972
50,995009,T,2202,W,Balanced,Demand,Stagnating,4.0,0.07446978241205215,22.0,22.0,1.0,7.786229998527936
50,995009,T,2202,W,Balanced,Compressible,Stagnating,1.0,0.01926825102418661,3.0,3.0,0.0,0.0
50,995009,T,2202,W,Balanced,TOU,Stagnating,9.0,0.29264094959944487,24.0,24.0,1.0,0.4518886806143865
50,995009,T,2202,W,Flow,Compressible,Stagnating,46.0,1.293355057016015,138.0,138.0,14.0,88.56489489537873
50,995009,T,2202,W,Electricity,Resource,Stagnating,58.0,1.5520466705784202,195.0,195.0,31.0,266.50882218205953
50,995009,T,2202,W,Flow,TOU,Stagnating,314.0,7.976242441684008,1149.0,1149.0,24.0,77.93010087280106
50,995009,T,2202,W,Flow,TOU,Improving,169.0,4.953260701149702,488.0,488.0,28.0,96.64081692802746
50,995009,T,2202,W,Balanced,TOU,Improving,29.0,1.0786757059395313,46.0,46.0,4.0,12.309647122594303
50,995009,T,2202,W,Flow,Normal,Stagnating,1.0,0.031212504021823406,6.0,6.0,0.0,0.0
50,995009,T,2202,W,Electricity,Region,Stagnating,170.0,4.647443426772952,511.0,511.0,43.0,278.78010931501404
50,995009,T,2202,W,Balanced,Region,Improving,122.0,3.6593773178756237,341.0,341.0,16.0,44.912021693615486
50,995009,T,2202,W,Balanced,Region,Stagnating,91.0,2.188461482524872,238.0,238.0,6.0,8.733290201349206
50,995009,T,1101,G,Flow,Compressible,Improving,75.0,1.2754076654091477,212.0,212.0,12.0,68.46460043301028
50,995009,T,1101,G,Electricity,Compressible,Improving,57.0,0.9333240538835526,189.0,189.0,14.0,113.271689685923
50,995009,T,1101,G,Balanced,Compressible,Improving,29.0,0.48567655961960554,98.0,98.0,6.0,31.91003952540006
50,995009,T,1101,G,Electricity,TOU,Improving,127.0,2.2092045610770583,256.0,256.0,23.0,154.23398997006876
50,995009,T,1101,G,Balanced,Compressible,Stagnating,30.0,0.4836461842060089,89.0,89.0,8.0,56.08400322684389
50,995009,T,1101,G,Flow,Compressible,Stagnating,12.0,0.21766228415071964,25.0,25.0,0.0,-4.0
50,995009,T,1101,G,Balanced,Normal,Improving,43.0,0.776132614351809,86.0,86.0,5.0,27.65260417216558
50,995009,T,1101,G,Electricity,Compressible,Stagnating,1.0,0.013774198479950428,6.0,6.0,0.0,0.0
50,995009,T,1101,G,Flow,Normal,Improving,52.0,0.977213442325592,83.0,83.0,2.0,-12.586841898760285
50,995009,T,1101,G,Balanced,TOU,Improving,85.0,1.4845620663836598,106.0,106.0,5.0,-16.095778103423108
50,995009,T,1101,G,Balanced,Normal,Stagnating,7.0,0.12627273239195347,10.0,10.0,0.0,-4.0
50,995009,T,1101,G,Electricity,TOU,Stagnating,88.0,1.6113482350483537,140.0,140.0,12.0,57.94988289538535
50,995009,T,1101,G,Flow,Normal,Stagnating,94.0,1.9766095504164696,231.0,231.0,8.0,11.53077705651167
50,995009,T,1101,G,Balanced,TOU,Stagnating,89.0,1.5933564333245158,171.0,171.0,8.0,-15.015800731454231
50,995009,T,1101,G,Electricity,Resource,Stagnating,1.0,0.016201935708522797,0.0,0.0,0.0,-1.0
50,995009,T,1101,G,Flow,TOU,Improving,7.0,0.12843207083642483,8.0,8.0,1.0,-1.76177584997472
50,995009,T,1101,G,Flow,TOU,Stagnating,6.0,0.11974613647907972,16.0,16.0,0.0,-2.0
50,995009,T,1101,W,Flow,Compressible,Improving,64.0,1.5571737298741937,239.0,239.0,11.0,61.25189103175953
50,995009,T,1101,W,Electricity,Compressible,Improving,27.0,0.5745449187234044,125.0,125.0,11.0,98.3870071202364
50,995009,T,1101,W,Balanced,Compressible,Improving,26.0,0.9069987293332815,47.0,47.0,1.0,-7.0
50,995009,T,1101,W,Electricity,Region,Improving,51.0,1.0626370338723063,240.0,240.0,18.0,123.64208053247536
50,995009,T,1101,W,Balanced,Compressible,Stagnating,8.0,0.2363296439871192,25.0,25.0,0.0,-3.0
50,995009,T,1101,W,Flow,Compressible,Stagnating,30.0,0.8268896313384175,102.0,102.0,2.0,3.710245773829766
50,995009,T,1101,W,Electricity,Resource,Improving,2.0,0.026055483147501945,12.0,12.0,2.0,20.0
50,995009,T,1101,W,Balanced,TOU,Improving,7.0,0.20040554273873568,20.0,20.0,1.0,1.7569495672517803
50,995009,T,1101,W,Balanced,Normal,Improving,106.0,3.4525176640599966,193.0,193.0,8.0,7.887097669915818
50,995009,T,1101,W,Balanced,TOU,Stagnating,2.0,0.04685722477734089,6.0,6.0,0.0,-1.0
50,995009,T,1101,W,Flow,Normal,Improving,31.0,0.8365065790712833,80.0,80.0,0.0,-13.0
50,995009,T,1101,W,Balanced,Normal,Stagnating,116.0,3.7360977018252015,186.0,186.0,10.0,3.7161167287505563
50,995009,T,1101,W,Electricity,Normal,Improving,16.0,0.44397924561053514,41.0,41.0,1.0,3.0
50,995009,T,1101,W,Electricity,Normal,Stagnating,18.0,0.5119450343772769,13.0,13.0,3.0,17.0
50,995009,T,1101,W,Electricity,TOU,Stagnating,18.0,0.5199683774262667,43.0,43.0,8.0,70.0
50,995009,T,1101,W,Flow,Normal,Stagnating,84.0,2.347794197499752,254.0,254.0,9.0,14.667966429297422
50,995009,T,1101,W,Electricity,Compressible,Stagnating,2.0,0.06802553217858076,6.0,6.0,0.0,-1.0
50,995009,T,1101,W,Electricity,Region,Stagnating,27.0,0.6021196115761995,121.0,121.0,8.0,57.62939617488436
50,995009,T,1101,W,Balanced,Region,Stagnating,1.0,0.017517365515232086,6.0,6.0,0.0,0.0
50,995009,T,1101,W,Balanced,Region,Improving,8.0,0.16985737811774015,43.0,43.0,2.0,8.72242718852373
50,995009,T,1101,W,Flow,TOU,Improving,1.0,0.015915746800601482,0.0,0.0,0.0,-1.0
50,995009,T,1101,GW,Flow,Compressible,Improving,106.0,2.550564846023917,465.0,465.0,6.0,45.28179903571695
50,995009,T,1101,GW,Electricity,Compressible,Improving,66.0,1.7000862434506416,267.0,267.0,14.0,114.43193007219617
50,995009,T,1101,GW,Balanced,Compressible,Improving,135.0,3.5254717469215393,544.0,544.0,6.0,18.683089016068127
50,995009,T,1101,GW,Electricity,Region,Improving,1.0,0.023898430168628693,6.0,6.0,0.0,0.0
50,995009,T,1101,GW,Balanced,Compressible,Stagnating,34.0,0.9184566112235188,133.0,133.0,0.0,-5.0
50,995009,T,1101,GW,Flow,Compressible,Stagnating,91.0,2.182454476132989,379.0,379.0,1.0,-2.660509966485954
50,995009,T,1101,GW,Electricity,Compressible,Stagnating,54.0,1.4409396341070533,215.0,215.0,10.0,78.93589890839766
50,995009,T,1101,GW,Flow,TOU,Improving,21.0,0.5452640186995268,75.0,75.0,0.0,-1.0
50,995009,T,1101,GW,Electricity,Resource,Stagnating,3.0,0.08072060626000166,14.0,14.0,2.0,10.055707648514472
50,995009,T,1101,GW,Electricity,Resource,Improving,7.0,0.1719687283039093,25.0,25.0,2.0,18.0
50,995009,T,1101,GW,Electricity,Demand,Improving,1.0,0.027878720313310623,5.0,5.0,0.0,0.0
50,995009,T,1101,GW,Flow,TOU,Stagnating,17.0,0.35135951917618513,59.0,59.0,0.0,-3.0
50,995009,T,1101,GW,Electricity,Normal,Improving,43.0,0.9951046509668231,106.0,106.0,5.0,16.29094559836513
50,995009,T,1101,GW,Electricity,Normal,Stagnating,31.0,0.6654088273644447,62.0,62.0,1.0,-5.0
50,995009,T,1101,GW,Flow,Normal,Improving,10.0,0.21220901235938072,26.0,26.0,0.0,-3.0
50,995009,T,1101,GW,Balanced,Normal,Improving,29.0,0.5407498572021723,61.0,61.0,2.0,-10.191683989942543
50,995009,T,1101,GW,Flow,Normal,Stagnating,21.0,0.4070278713479638,51.0,51.0,0.0,-8.0
50,995009,T,1101,GW,Balanced,Normal,Stagnating,28.0,0.5374714592471719,71.0,71.0,1.0,-9.719554105049838
50,995009,T,1101,GW,Balanced,TOU,Stagnating,5.0,0.13977085705846548,11.0,11.0,0.0,-2.0
50,995009,T,1101,GW,Balanced,TOU,Improving,13.0,0.3377742003649473,38.0,38.0,1.0,2.934000018989164
50,995009,T,1101,GW,Electricity,TOU,Stagnating,17.0,0.3567908415570855,15.0,15.0,2.0,8.0
50,995009,T,1101,LEGACY,Flow,Compressible,Improving,62.0,1.3454504907131195,173.0,173.0,7.0,29.725280140391618
50,995009,T,1101,LEGACY,Electricity,Compressible,Improving,45.0,1.0215865075588226,157.0,157.0,17.0,142.03729332813342
50,995009,T,1101,LEGACY,Balanced,Compressible,Improving,46.0,1.0958367846906185,68.0,68.0,5.0,9.383979209301618
50,995009,T,1101,LEGACY,Flow,Compressible,Stagnating,18.0,0.39143306016921997,37.0,37.0,0.0,-4.0
50,995009,T,1101,LEGACY,Balanced,Compressible,Stagnating,15.0,0.358667335473001,25.0,25.0,2.0,14.084114697487983
50,995009,T,1101,LEGACY,Electricity,Compressible,Stagnating,2.0,0.05350480601191521,5.0,5.0,0.0,-1.0
50,995009,T,1101,LEGACY,Balanced,Normal,Improving,23.0,0.5447020437568426,10.0,10.0,0.0,-20.0
50,995009,T,1101,LEGACY,Electricity,TOU,Improving,97.0,2.0356707125902176,145.0,145.0,15.0,71.12164691057679
50,995009,T,1101,LEGACY,Balanced,Normal,Stagnating,13.0,0.32461192086338997,6.0,6.0,0.0,-10.0
50,995009,T,1101,LEGACY,Electricity,Normal,Improving,19.0,0.3720293343067169,39.0,39.0,2.0,16.0
50,995009,T,1101,LEGACY,Electricity,TOU,Stagnating,43.0,0.9107431285083294,54.0,54.0,1.0,-16.0
50,995009,T,1101,LEGACY,Flow,Normal,Improving,36.0,0.8307764511555433,48.0,48.0,0.0,-21.0
50,995009,T,1101,LEGACY,Flow,Normal,Stagnating,41.0,0.9643390448763967,45.0,45.0,0.0,-26.0
50,995009,T,1101,LEGACY,Flow,TOU,Stagnating,5.0,0.1097820894792676,8.0,8.0,0.0,-1.0
50,995009,T,1101,LEGACY,Flow,TOU,Improving,4.0,0.08916626963764429,6.0,6.0,0.0,-1.0
50,995009,T,1101,LEGACY,Balanced,TOU,Stagnating,17.0,0.38022246211767197,48.0,48.0,0.0,-4.0
50,995009,T,1101,LEGACY,Balanced,TOU,Improving,9.0,0.2020997880026698,11.0,11.0,0.0,-4.0
50,995009,T,1101,REFERENCE,Flow,Compressible,Improving,90.0,1.8275041496381164,288.0,288.0,13.0,83.7032289625321
50,995009,T,1101,REFERENCE,Electricity,Compressible,Improving,67.0,1.3208295162767172,175.0,175.0,17.0,117.28313475048908
50,995009,T,1101,REFERENCE,Balanced,Compressible,Improving,29.0,0.5693535804748535,91.0,91.0,6.0,30.91003952540006
50,995009,T,1101,REFERENCE,Electricity,TOU,Improving,44.0,0.9191481294110417,108.0,108.0,3.0,17.714597290192863
50,995009,T,1101,REFERENCE,Balanced,Compressible,Stagnating,23.0,0.4188978895545006,64.0,64.0,7.0,42.97914225751027
50,995009,T,1101,REFERENCE,Flow,Compressible,Stagnating,18.0,0.32508250046521425,67.0,67.0,0.0,-2.0
50,995009,T,1101,REFERENCE,Balanced,Normal,Improving,64.0,1.3573503941297531,127.0,127.0,10.0,55.870153230776936
50,995009,T,1101,REFERENCE,Electricity,Compressible,Stagnating,10.0,0.19609049707651138,24.0,24.0,1.0,6.0
50,995009,T,1101,REFERENCE,Flow,Normal,Improving,76.0,1.6973455334082246,153.0,153.0,5.0,14.75837609879953
50,995009,T,1101,REFERENCE,Electricity,TOU,Stagnating,41.0,0.7858630986884236,66.0,66.0,0.0,-23.0
50,995009,T,1101,REFERENCE,Flow,Normal,Stagnating,100.0,2.305317654274404,154.0,154.0,0.0,-48.0
50,995009,T,1101,REFERENCE,Balanced,Normal,Stagnating,49.0,1.1067100781947374,32.0,32.0,2.0,-19.435515871732647
50,995009,T,1101,REFERENCE,Electricity,Normal,Improving,16.0,0.3813469344750047,4.0,4.0,0.0,-12.0
50,995009,T,1101,REFERENCE,Electricity,Normal,Stagnating,22.0,0.5296554062515497,8.0,8.0,1.0,-8.0
50,995010,H,1101,REFERENCE,Flow,Compressible,Improving,27.0,0.40070726815611124,92.0,92.0,1.0,-0.8201350928885409
50,995010,H,1101,REFERENCE,Balanced,Demand,Improving,37.0,0.5382173079997301,94.0,94.0,5.0,26.140697654671214
50,995010,H,1101,REFERENCE,Balanced,Compressible,Improving,27.0,0.3710960950702429,90.0,90.0,7.0,30.20857914569685
50,995010,H,1101,REFERENCE,Electricity,Compressible,Improving,4.0,0.06375918257981539,10.0,10.0,1.0,6.585408157761482
50,995010,H,1101,REFERENCE,Electricity,Resource,Improving,24.0,0.3751252945512533,81.0,81.0,7.0,58.04398904762051
50,995010,H,1101,REFERENCE,Flow,TOU,Improving,62.0,0.9687011642381549,168.0,168.0,0.0,-11.0
50,995010,H,1101,REFERENCE,Balanced,TOU,Improving,78.0,1.2130446061491966,143.0,143.0,5.0,-7.907315457057854
50,995010,H,1101,REFERENCE,Flow,TOU,Stagnating,97.0,1.520969239063561,189.0,189.0,2.0,-8.0
50,995010,H,1101,REFERENCE,Balanced,Demand,Stagnating,4.0,0.05733045842498541,14.0,14.0,0.0,-1.0
50,995010,H,1101,REFERENCE,Electricity,Resource,Stagnating,19.0,0.2894911514595151,57.0,57.0,5.0,47.0
50,995010,H,1101,REFERENCE,Balanced,Compressible,Stagnating,1.0,0.014182765036821365,6.0,6.0,0.0,0.0
50,995010,H,1101,REFERENCE,Balanced,TOU,Stagnating,70.0,1.0940169282257557,104.0,104.0,0.0,-34.0
50,995010,H,1101,REFERENCE,Flow,Compressible,Stagnating,20.0,0.299744619987905,50.0,50.0,2.0,8.761652240477654
50,995010,H,1101,REFERENCE,Electricity,TOU,Improving,17.0,0.26157724391669035,19.0,19.0,2.0,1.1688383461174343
50,995010,H,1101,REFERENCE,Electricity,Demand,Improving,4.0,0.0533692454919219,6.0,6.0,0.0,-3.0
50,995010,H,1101,REFERENCE,Electricity,Demand,Stagnating,14.0,0.2055368097499013,20.0,20.0,2.0,10.609218559830845
50,995010,H,1101,REFERENCE,Electricity,TOU,Stagnating,101.0,1.4952479787170887,150.0,150.0,10.0,39.0
50,995010,H,1101,REFERENCE,Flow,Demand,Improving,9.0,0.11242825724184513,21.0,21.0,0.0,-3.0
50,995010,H,1101,REFERENCE,Flow,Demand,Stagnating,6.0,0.08232236746698618,7.0,7.0,0.0,-3.0
50,995010,H,1101,REFERENCE,Electricity,Compressible,Stagnating,1.0,0.011542611755430698,0.0,0.0,0.0,-1.0
50,995010,H,1101,G,Flow,Compressible,Improving,16.0,0.34298704098910093,54.0,54.0,0.0,-4.0
50,995010,H,1101,G,Balanced,Demand,Improving,22.0,0.38778001721948385,66.0,66.0,6.0,30.057116878881036
50,995010,H,1101,G,Balanced,Compressible,Improving,23.0,0.408893384039402,83.0,83.0,5.0,26.395448538393453
50,995010,H,1101,G,Electricity,Compressible,Improving,1.0,0.024103171192109585,6.0,6.0,0.0,0.0
50,995010,H,1101,G,Electricity,Resource,Improving,25.0,0.40451705921441317,52.0,52.0,6.0,45.79055148384714
50,995010,H,1101,G,Flow,TOU,Improving,128.0,2.5778852747753263,435.0,435.0,24.0,74.51296470012271
50,995010,H,1101,G,Balanced,TOU,Improving,52.0,0.9016517465934157,65.0,65.0,2.0,-18.18158619595598
50,995010,H,1101,G,Flow,TOU,Stagnating,85.0,1.7029967932030559,270.0,270.0,7.0,7.716662581198717
50,995010,H,1101,G,Balanced,Demand,Stagnating,2.0,0.03232795372605324,12.0,12.0,0.0,0.0
50,995010,H,1101,G,Electricity,Resource,Stagnating,44.0,0.7535411445423961,92.0,92.0,14.0,107.21471516729083
50,995010,H,1101,G,Balanced,TOU,Stagnating,82.0,1.5523513425141573,129.0,129.0,4.0,-23.506677830528407
50,995010,H,1101,G,Flow,Compressible,Stagnating,8.0,0.1520080342888832,34.0,34.0,0.0,-1.0
50,995010,H,1101,G,Balanced,Resource,Stagnating,1.0,0.024129925295710564,4.0,4.0,0.0,0.0
50,995010,H,1101,G,Electricity,Region,Improving,1.0,0.012231608852744102,0.0,0.0,0.0,-1.0
50,995010,H,1101,G,Electricity,TOU,Improving,38.0,0.7379059456288815,17.0,17.0,0.0,-32.0
50,995010,H,1101,G,Electricity,TOU,Stagnating,43.0,0.8667819444090128,25.0,25.0,0.0,-34.0
50,995010,H,1101,G,Flow,Demand,Stagnating,1.0,0.017825033515691757,0.0,0.0,0.0,-1.0
50,995010,H,1101,W,Flow,Compressible,Improving,7.0,0.14617105200886726,31.0,31.0,1.0,3.7078304712476653
50,995010,H,1101,W,Balanced,Demand,Improving,2.0,0.04188310820609331,11.0,11.0,2.0,20.0
50,995010,H,1101,W,Balanced,Compressible,Improving,48.0,0.9913434740155935,191.0,191.0,12.0,85.99902700611153
50,995010,H,1101,W,Electricity,Compressible,Improving,10.0,0.22417896799743176,33.0,33.0,0.0,-4.0
50,995010,H,1101,W,Electricity,Resource,Improving,3.0,0.05381250660866499,10.0,10.0,0.0,-1.0
50,995010,H,1101,W,Flow,TOU,Improving,152.0,2.9626659601926804,691.0,691.0,14.0,52.64511867250295
50,995010,H,1101,W,Flow,Compressible,Stagnating,1.0,0.01313240360468626,5.0,5.0,0.0,0.0
50,995010,H,1101,W,Electricity,Compressible,Stagnating,17.0,0.355012190528214,32.0,32.0,4.0,30.0
50,995010,H,1101,W,Balanced,Compressible,Stagnating,36.0,0.6420393539592624,169.0,169.0,4.0,37.672738811525704
50,995010,H,1101,W,Electricity,Demand,Improving,1.0,0.019009691663086414,5.0,5.0,0.0,0.0
50,995010,H,1101,W,Electricity,TOU,Improving,87.0,1.9796768315136433,375.0,375.0,13.0,103.64144277002869
50,995010,H,1101,W,Balanced,TOU,Improving,270.0,5.672846359200776,1243.0,1243.0,38.0,218.36973482106112
50,995010,H,1101,W,Electricity,Demand,Stagnating,4.0,0.07534680608659983,18.0,18.0,3.0,27.021696189656446
50,995010,H,1101,W,Flow,TOU,Stagnating,225.0,4.45592921320349,979.0,979.0,30.0,91.05272154943314
50,995010,H,1101,W,Electricity,TOU,Stagnating,272.0,5.511780028231442,1415.0,1415.0,17.0,107.09972330834329
50,995010,H,1101,W,Balanced,TOU,Stagnating,165.0,3.6880816407501698,721.0,721.0,18.0,96.11909092388869
50,995010,H,1101,GW,Flow,Compressible,Improving,7.0,0.13931032549589872,31.0,31.0,1.0,3.7078304712476653
50,995010,H,1101,GW,Balanced,Demand,Improving,2.0,0.03719250950962305,11.0,11.0,2.0,20.0
50,995010,H,1101,GW,Balanced,Compressible,Improving,46.0,0.9609168786555529,186.0,186.0,12.0,87.99902700611153
50,995010,H,1101,GW,Electricity,Compressible,Improving,10.0,0.2627043630927801,33.0,33.0,0.0,-4.0
50,995010,H,1101,GW,Electricity,Resource,Improving,85.0,1.97715525329113,296.0,296.0,24.0,215.80495690859112
50,995010,H,1101,GW,Flow,TOU,Improving,126.0,2.7188485926017165,401.0,401.0,14.0,37.38017817732458
50,995010,H,1101,GW,Flow,Compressible,Stagnating,1.0,0.019261809065937996,5.0,5.0,0.0,0.0
50,995010,H,1101,GW,Electricity,Compressible,Stagnating,20.0,0.5832954458892345,37.0,37.0,5.0,36.48527299346319
50,995010,H,1101,GW,Balanced,Compressible,Stagnating,36.0,0.8107947055250406,165.0,165.0,4.0,37.672738811525704
50,995010,H,1101,GW,Electricity,Demand,Improving,1.0,0.026104080490767956,5.0,5.0,0.0,0.0
50,995010,H,1101,GW,Electricity,TOU,Improving,31.0,0.8390638967975974,93.0,93.0,4.0,18.0015994838119
50,995010,H,1101,GW,Balanced,TOU,Improving,184.0,4.242806942202151,686.0,686.0,22.0,95.64226518557405
50,995010,H,1101,GW,Electricity,Demand,Stagnating,1.0,0.008045615628361702,0.0,0.0,0.0,-1.0
50,995010,H,1101,GW,Flow,TOU,Stagnating,155.0,3.27410907484591,583.0,583.0,13.0,28.083648625859325
50,995010,H,1101,GW,Balanced,TOU,Stagnating,211.0,4.326043378561735,784.0,784.0,25.0,100.63982303507467
50,995010,H,1101,GW,Electricity,TOU,Stagnating,64.0,1.680999188683927,217.0,217.0,14.0,114.63798446672604
50,995010,H,1101,GW,Electricity,Resource,Stagnating,50.0,1.225916314870119,175.0,175.0,14.0,112.17076605186992
50,995010,H,1101,LEGACY,Flow,Compressible,Improving,43.0,0.8998946845531464,143.0,143.0,5.0,23.36205509158877
50,995010,H,1101,LEGACY,Balanced,Demand,Improving,3.0,0.07248353864997625,3.0,3.0,0.0,-1.0
50,995010,H,1101,LEGACY,Balanced,Compressible,Improving,22.0,0.43019918724894524,79.0,79.0,1.0,4.796425523365311
50,995010,H,1101,LEGACY,Electricity,Resource,Improving,113.0,2.2459879759699106,285.0,285.0,38.0,304.244437156586
50,995010,H,1101,LEGACY,Balanced,Resource,Improving,46.0,0.8235572529956698,154.0,154.0,9.0,39.774285971445636
50,995010,H,1101,LEGACY,Balanced,TOU,Improving,51.0,0.9676833869889379,148.0,148.0,9.0,13.876383910085586
50,995010,H,1101,LEGACY,Balanced,Resource,Stagnating,18.0,0.3930479437112808,29.0,29.0,1.0,-5.3129757916597065
50,995010,H,1101,LEGACY,Flow,Compressible,Stagnating,135.0,2.871455035172403,393.0,393.0,21.0,74.48970843408364
50,995010,H,1101,LEGACY,Flow,TOU,Improving,112.0,2.4411330753937364,308.0,308.0,21.0,62.24939981830326
50,995010,H,1101,LEGACY,Balanced,TOU,Stagnating,31.0,0.6562337344512343,101.0,101.0,2.0,-2.6628213645873737
50,995010,H,1101,LEGACY,Flow,Demand,Improving,1.0,0.018341124057769775,6.0,6.0,0.0,0.0
50,995010,H,1101,LEGACY,Balanced,Compressible,Stagnating,26.0,0.61426408495754,96.0,96.0,5.0,18.66734066640491
50,995010,H,1101,LEGACY,Electricity,Resource,Stagnating,42.0,0.9358717035502195,66.0,66.0,4.0,-6.21209161384377
50,995010,H,1101,LEGACY,Flow,TOU,Stagnating,267.0,5.483305811882019,872.0,872.0,40.0,132.3125344843095
50,995010,H,1101,LEGACY,Electricity,TOU,Stagnating,2.0,0.039969311095774174,0.0,0.0,0.0,-2.0
50,995010,H,2202,W,Balanced,Resource,Improving,4.0,0.07765360455960035,22.0,22.0,0.0,0.0
50,995010,H,2202,W,Flow,Compressible,Improving,58.0,1.0619357712566853,255.0,255.0,7.0,38.70101020547194
50,995010,H,2202,W,Electricity,Resource,Improving,48.0,0.782133867032826,191.0,191.0,14.0,126.5566964347781
50,995010,H,2202,W,Balanced,Compressible,Improving,8.0,0.11523245740681887,45.0,45.0,5.0,21.237680652792328
50,995010,H,2202,W,Balanced,Demand,Improving,16.0,0.24382220022380352,94.0,94.0,7.0,36.578074835790254
50,995010,H,2202,W,Balanced,TOU,Improving,214.0,3.5214895624667406,505.0,505.0,43.0,204.9435635454043
50,995010,H,2202,W,Flow,Compressible,Stagnating,55.0,0.9856947939842939,206.0,206.0,7.0,38.52472278054748
50,995010,H,2202,W,Balanced,Demand,Stagnating,1.0,0.017366875894367695,5.0,5.0,0.0,0.0
50,995010,H,2202,W,Balanced,TOU,Stagnating,129.0,2.189007659442723,269.0,269.0,19.0,28.9508314701881
50,995010,H,2202,W,Balanced,Compressible,Stagnating,9.0,0.13067160453647375,38.0,38.0,2.0,12.752071260547067
50,995010,H,2202,W,Flow,TOU,Improving,47.0,0.8726378977298737,143.0,143.0,2.0,-9.926069951002184
50,995010,H,2202,W,Balanced,KV,Improving,7.0,0.09800413809716702,31.0,31.0,0.0,-1.0
50,995010,H,2202,W,Balanced,KV,Stagnating,1.0,0.016359404660761356,4.0,4.0,0.0,0.0
50,995010,H,2202,W,Electricity,Resource,Stagnating,58.0,1.0264895744621754,215.0,215.0,14.0,118.44359704348527
50,995010,H,2202,W,Flow,TOU,Stagnating,78.0,1.3822399880737066,226.0,226.0,4.0,-11.281571911659713
50,995010,H,2202,W,Electricity,TOU,Stagnating,70.0,1.456599318422377,117.0,117.0,6.0,24.69227566799949
50,995010,H,2202,W,Electricity,TOU,Improving,77.0,1.4967362945899367,195.0,195.0,7.0,18.079330559583614
50,995010,H,2202,GW,Balanced,Resource,Improving,4.0,0.08063788339495659,22.0,22.0,1.0,2.513549727159811
50,995010,H,2202,GW,Flow,Compressible,Improving,190.0,3.7736310800537467,966.0,966.0,29.0,152.86022924549053
50,995010,H,2202,GW,Electricity,Resource,Improving,56.0,1.1316663157194853,246.0,246.0,16.0,142.35871916983652
50,995010,H,2202,GW,Balanced,Compressible,Improving,11.0,0.2223475556820631,46.0,46.0,4.0,19.097825650695718
50,995010,H,2202,GW,Balanced,Demand,Improving,16.0,0.2955656833946705,94.0,94.0,7.0,36.578074835790254
50,995010,H,2202,GW,Balanced,TOU,Improving,136.0,2.930851150304079,438.0,438.0,8.0,20.601399054683377
50,995010,H,2202,GW,Flow,Compressible,Stagnating,119.0,2.396299209445715,591.0,591.0,6.0,20.94376609303363
50,995010,H,2202,GW,Balanced,Demand,Stagnating,1.0,0.02055604662746191,5.0,5.0,0.0,0.0
50,995010,H,2202,GW,Balanced,TOU,Stagnating,164.0,3.417134935967624,519.0,519.0,9.0,-4.96490402740444
50,995010,H,2202,GW,Balanced,KV,Improving,2.0,0.038841587491333485,9.0,9.0,0.0,0.0
50,995010,H,2202,GW,Balanced,Resource,Stagnating,1.0,0.009360243566334248,0.0,0.0,0.0,-1.0
50,995010,H,2202,GW,Electricity,Resource,Stagnating,22.0,0.5575057016685605,63.0,63.0,2.0,12.918257190911326
50,995010,H,2202,GW,Electricity,TOU,Improving,45.0,0.9617137620225549,131.0,131.0,8.0,25.75298455062073
50,995010,H,2202,GW,Electricity,Compressible,Stagnating,17.0,0.32384931296110153,75.0,75.0,0.0,-3.0
50,995010,H,2202,GW,Electricity,Compressible,Improving,9.0,0.2241005590185523,28.0,28.0,0.0,-4.0
50,995010,H,2202,GW,Flow,TOU,Improving,48.0,0.9776612119749188,206.0,206.0,2.0,2.302335889057919
50,995010,H,2202,GW,Flow,TOU,Stagnating,53.0,1.0598300900310278,226.0,226.0,0.0,-6.0
50,995010,H,2202,GW,Balanced,Compressible,Stagnating,1.0,0.024955423548817635,0.0,0.0,0.0,-1.0
50,995010,H,2202,GW,Electricity,TOU,Stagnating,75.0,1.713735164143145,272.0,272.0,5.0,12.58987850001467
50,995010,H,2202,LEGACY,Balanced,Resource,Improving,3.0,0.05332137830555439,13.0,13.0,1.0,5.073855092250214
50,995010,H,2202,LEGACY,Flow,Compressible,Improving,45.0,0.8486766014248133,106.0,106.0,4.0,-6.673716963893424
50,995010,H,2202,LEGACY,Electricity,Resource,Improving,59.0,1.140598344616592,166.0,166.0,26.0,228.13627311656757
50,995010,H,2202,LEGACY,Balanced,Compressible,Improving,14.0,0.2637326717376709,37.0,37.0,5.0,35.44738867700147
50,995010,H,2202,LEGACY,Balanced,Demand,Improving,4.0,0.0732288034632802,14.0,14.0,1.0,3.224769957768731
50,995010,H,2202,LEGACY,Flow,Compressible,Stagnating,67.0,1.2553086755797267,223.0,223.0,12.0,55.91069321146216
50,995010,H,2202,LEGACY,Balanced,TOU,Improving,107.0,2.3291364908218384,192.0,192.0,8.0,7.673864291138566
50,995010,H,2202,LEGACY,Electricity,Resource,Stagnating,5.0,0.09068249445408583,14.0,14.0,2.0,18.0
50,995010,H,2202,LEGACY,Electricity,TOU,Improving,36.0,0.6606019856408238,30.0,30.0,2.0,-13.694036383143859
50,995010,H,2202,LEGACY,Balanced,TOU,Stagnating,56.0,1.190345891751349,70.0,70.0,2.0,-11.391559647497447
50,995010,H,2202,LEGACY,Electricity,TOU,Stagnating,53.0,0.9811570718884468,20.0,20.0,2.0,-24.0
50,995010,H,2202,LEGACY,Flow,TOU,Improving,11.0,0.2710386300459504,14.0,14.0,0.0,-5.0
50,995010,H,2202,LEGACY,Flow,TOU,Stagnating,31.0,0.6840116223320365,59.0,59.0,0.0,-7.0
50,995010,H,2202,LEGACY,Electricity,Region,Stagnating,23.0,0.425296270288527,16.0,16.0,0.0,-17.0
50,995010,H,2202,LEGACY,Electricity,Region,Improving,4.0,0.0740168197080493,0.0,0.0,0.0,-4.0
50,995010,H,2202,LEGACY,Balanced,Region,Stagnating,1.0,0.01753687858581543,1.0,1.0,0.0,0.0
50,995010,H,2202,REFERENCE,Balanced,Resource,Improving,4.0,0.06870711781084538,16.0,16.0,1.0,6.906522705873022
50,995010,H,2202,REFERENCE,Flow,Compressible,Improving,38.0,0.6738821929320693,121.0,121.0,3.0,19.090773812248045
50,995010,H,2202,REFERENCE,Electricity,Resource,Improving,59.0,1.1591703286394477,167.0,167.0,19.0,139.8653304178328
50,995010,H,2202,REFERENCE,Balanced,Compressible,Improving,29.0,0.48777553625404835,92.0,92.0,11.0,63.43620584299471
50,995010,H,2202,REFERENCE,Balanced,Demand,Improving,8.0,0.14298216998577118,35.0,35.0,3.0,27.12985793797214
50,995010,H,2202,REFERENCE,Flow,Demand,Improving,4.0,0.06200002506375313,14.0,14.0,2.0,16.192363606680868
50,995010,H,2202,REFERENCE,Flow,Compressible,Stagnating,30.0,0.6027696384117007,75.0,75.0,3.0,12.3627900194523
50,995010,H,2202,REFERENCE,Flow,TOU,Improving,59.0,1.1119211539626122,129.0,129.0,5.0,-2.2623158361171853
50,995010,H,2202,REFERENCE,Balanced,Resource,Stagnating,1.0,0.017315717414021492,2.0,2.0,1.0,4.484405458346971
50,995010,H,2202,REFERENCE,Balanced,TOU,Improving,79.0,1.24436641857028,75.0,75.0,6.0,-13.944448219530234
50,995010,H,2202,REFERENCE,Electricity,TOU,Stagnating,39.0,0.9139746865257621,109.0,109.0,0.0,-11.0
50,995010,H,2202,REFERENCE,Electricity,TOU,Improving,14.0,0.3173431260511279,22.0,22.0,0.0,-8.0
50,995010,H,2202,REFERENCE,Electricity,Resource,Stagnating,33.0,0.7289448846131563,25.0,25.0,2.0,-8.227302513029535
50,995010,H,2202,REFERENCE,Flow,TOU,Stagnating,51.0,1.0470715230330825,99.0,99.0,0.0,-20.0
50,995010,H,2202,REFERENCE,Balanced,TOU,Stagnating,48.0,0.78251563757658,44.0,44.0,2.0,-11.18673770236552
50,995010,H,2202,REFERENCE,Electricity,Region,Improving,1.0,0.028526652604341507,0.0,0.0,0.0,-1.0
50,995010,H,2202,REFERENCE,Electricity,Region,Stagnating,1.0,0.018976121209561825,0.0,0.0,0.0,-1.0
50,995010,H,2202,REFERENCE,Electricity,Compressible,Stagnating,2.0,0.0344809265807271,3.0,3.0,0.0,0.0
50,995010,H,2202,G,Balanced,Resource,Improving,4.0,0.06450167763978243,16.0,16.0,1.0,6.906522705873022
50,995010,H,2202,G,Flow,Compressible,Improving,37.0,0.738411701284349,116.0,116.0,3.0,18.090773812248045
50,995010,H,2202,G,Electricity,Resource,Improving,57.0,0.9775047292932868,159.0,159.0,18.0,139.53580631049962
50,995010,H,2202,G,Balanced,Compressible,Improving,31.0,0.6096866959705949,97.0,97.0,11.0,63.43620584299471
50,995010,H,2202,G,Balanced,Demand,Improving,8.0,0.1356359627097845,35.0,35.0,3.0,27.12985793797214
50,995010,H,2202,G,Flow,Demand,Improving,17.0,0.2842363016679883,30.0,30.0,2.0,9.192363606680868
50,995010,H,2202,G,Flow,Compressible,Stagnating,18.0,0.3458028072491288,43.0,43.0,2.0,7.3627900194523
50,995010,H,2202,G,Flow,TOU,Improving,91.0,1.7916069198399782,243.0,243.0,9.0,2.3735629172506876
50,995010,H,2202,G,Balanced,Resource,Stagnating,1.0,0.017389540560543537,2.0,2.0,1.0,4.484405458346971
50,995010,H,2202,G,Balanced,TOU,Improving,65.0,1.1726646609604359,95.0,95.0,3.0,-15.278326245187047
50,995010,H,2202,G,Electricity,TOU,Stagnating,27.0,0.43482853565365076,36.0,36.0,0.0,-17.0
50,995010,H,2202,G,Electricity,TOU,Improving,14.0,0.23153324238955975,7.0,7.0,0.0,-11.0
50,995010,H,2202,G,Balanced,TOU,Stagnating,91.0,1.4587573111057281,102.0,102.0,7.0,-9.904600093110096
50,995010,H,2202,G,Flow,TOU,Stagnating,56.0,1.0868060179054737,148.0,148.0,2.0,-10.08925653424977
50,995010,H,2202,G,Electricity,Resource,Stagnating,20.0,0.448708888143301,18.0,18.0,1.0,-4.0
50,995010,H,2202,G,Flow,Demand,Stagnating,1.0,0.017877882346510887,0.0,0.0,0.0,-1.0
50,995010,H,2202,G,Balanced,Compressible,Stagnating,2.0,0.025553513318300247,0.0,0.0,0.0,-2.0
50,995010,T,2202,GW,Balanced,Resource,Improving,2.0,0.057802243158221245,10.0,10.0,0.0,0.0
50,995010,T,2202,GW,Flow,Compressible,Improving,30.0,0.514712255448103,147.0,147.0,4.0,25.359540190018517
50,995010,T,2202,GW,Electricity,Resource,Improving,50.0,1.0406881561502814,151.0,151.0,10.0,73.9991911268636
50,995010,T,2202,GW,Balanced,Compressible,Improving,95.0,1.780499423854053,375.0,375.0,17.0,114.69940268353199
50,995010,T,2202,GW,Balanced,Demand,Improving,76.0,1.2292718812823296,362.0,362.0,15.0,68.00467245978902
50,995010,T,2202,GW,Electricity,Compressible,Improving,4.0,0.060668544843792915,23.0,23.0,0.0,0.0
50,995010,T,2202,GW,Balanced,TOU,Stagnating,180.0,3.058559726923704,707.0,707.0,21.0,69.44667348004923
50,995010,T,2202,GW,Balanced,Resource,Stagnating,1.0,0.01919344998896122,6.0,6.0,0.0,0.0
50,995010,T,2202,GW,Flow,TOU,Improving,40.0,0.6856404263526201,74.0,74.0,3.0,-10.280576663673619
50,995010,T,2202,GW,Electricity,Compressible,Stagnating,10.0,0.1710592620074749,41.0,41.0,1.0,9.0
50,995010,T,2202,GW,Flow,Compressible,Stagnating,17.0,0.3211484793573618,60.0,60.0,1.0,-2.764760566754044
50,995010,T,2202,GW,Electricity,Resource,Stagnating,37.0,0.7530372440814972,117.0,117.0,9.0,65.78491409637564
50,995010,T,2202,GW,Balanced,Compressible,Stagnating,30.0,0.505481569096446,123.0,123.0,4.0,13.02385000351055
50,995010,T,2202,GW,Flow,TOU,Stagnating,45.0,0.9057182529941201,37.0,37.0,2.0,-17.0725535091685
50,995010,T,2202,GW,Flow,Normal,Improving,26.0,0.542225044220686,22.0,22.0,0.0,-20.0
50,995010,T,2202,GW,Electricity,TOU,Stagnating,44.0,0.6904075015336275,133.0,133.0,2.0,-6.313465683851977
50,995010,T,2202,GW,Balanced,Region,Improving,1.0,0.012289479374885559,0.0,0.0,0.0,-1.0
50,995010,T,2202,GW,Balanced,TOU,Improving,98.0,1.7503360509872437,388.0,388.0,8.0,35.24426644776518
50,995010,T,2202,GW,Electricity,TOU,Improving,34.0,0.5931388437747955,101.0,101.0,2.0,-5.478514107520915
50,995010,T,2202,GW,Balanced,Normal,Improving,4.0,0.07805253472179174,8.0,8.0,0.0,-1.0
50,995010,T,2202,GW,Flow,Normal,Stagnating,55.0,1.1489303559064865,91.0,91.0,2.0,-19.080168630890128
50,995010,T,2202,GW,Balanced,Normal,Stagnating,11.0,0.22454468626528978,27.0,27.0,0.0,-4.0
50,995010,T,2202,GW,Balanced,Demand,Stagnating,1.0,0.014874233864247799,6.0,6.0,0.0,0.0
50,995010,T,2202,GW,Electricity,Normal,Improving,4.0,0.05503385607153177,5.0,5.0,0.0,-2.0
50,995010,T,2202,GW,Electricity,Normal,Stagnating,17.0,0.23099272325634956,30.0,30.0,1.0,-4.320851502538135
50,995010,T,2202,LEGACY,Balanced,Resource,Improving,22.0,0.3827814608812332,58.0,58.0,3.0,9.135489468218676
50,995010,T,2202,LEGACY,Flow,Compressible,Improving,55.0,1.0414340551942587,148.0,148.0,6.0,2.232420879949763
50,995010,T,2202,LEGACY,Electricity,Resource,Improving,136.0,2.4953814540058374,415.0,415.0,36.0,284.5052133375932
50,995010,T,2202,LEGACY,Balanced,Compressible,Improving,53.0,1.0269152596592903,141.0,141.0,7.0,19.522576989525597
50,995010,T,2202,LEGACY,Flow,Demand,Improving,8.0,0.16701967641711235,35.0,35.0,4.0,14.832491096148626
50,995010,T,2202,LEGACY,Balanced,Region,Improving,1.0,0.01491786539554596,6.0,6.0,0.0,0.0
50,995010,T,2202,LEGACY,Balanced,Demand,Improving,3.0,0.06277949269860983,8.0,8.0,1.0,0.27838602891039965
50,995010,T,2202,LEGACY,Flow,Compressible,Stagnating,59.0,1.1896878145635128,153.0,153.0,8.0,8.505880937767351
50,995010,T,2202,LEGACY,Balanced,TOU,Improving,3.0,0.06120152212679386,9.0,9.0,0.0,-1.0
50,995010,T,2202,LEGACY,Electricity,Resource,Stagnating,114.0,2.2030217424035072,394.0,394.0,12.0,34.625692567853996
50,995010,T,2202,LEGACY,Balanced,Resource,Stagnating,13.0,0.23255069367587566,25.0,25.0,1.0,5.0
50,995010,T,2202,LEGACY,Flow,Normal,Stagnating,40.0,0.7960067577660084,103.0,103.0,4.0,2.6263888763191483
50,995010,T,2202,LEGACY,Flow,Demand,Stagnating,2.0,0.045810725539922714,10.0,10.0,1.0,0.06615483957166944
50,995010,T,2202,LEGACY,Flow,TOU,Stagnating,5.0,0.09253466501832008,6.0,6.0,1.0,3.275165941129803
50,995010,T,2202,LEGACY,Balanced,Compressible,Stagnating,17.0,0.335796844214201,35.0,35.0,1.0,-5.816662799812878
50,995010,T,2202,LEGACY,Balanced,Normal,Stagnating,20.0,0.35080236196517944,20.0,20.0,0.0,-13.0
50,995010,T,2202,LEGACY,Flow,Normal,Improving,4.0,0.07016197219491005,3.0,3.0,0.0,-3.0
50,995010,T,2202,LEGACY,Electricity,KV,Improving,4.0,0.09985919948667288,15.0,15.0,2.0,13.590451138569218
50,995010,T,2202,LEGACY,Balanced,Normal,Improving,36.0,0.6378035200759768,66.0,66.0,4.0,-7.341902932805466
50,995010,T,2202,LEGACY,Electricity,TOU,Improving,14.0,0.35698352195322514,20.0,20.0,1.0,-0.9902454262046874
50,995010,T,2202,LEGACY,Electricity,TOU,Stagnating,7.0,0.12634019367396832,21.0,21.0,0.0,-3.0
50,995010,T,2202,LEGACY,Balanced,Demand,Stagnating,1.0,0.014734999276697636,6.0,6.0,0.0,0.0
50,995010,T,2202,LEGACY,Balanced,TOU,Stagnating,2.0,0.042471074499189854,9.0,9.0,0.0,0.0
50,995010,T,2202,REFERENCE,Balanced,Resource,Improving,9.0,0.17684576008468866,33.0,33.0,1.0,3.0135606109832587
50,995010,T,2202,REFERENCE,Flow,Compressible,Improving,71.0,1.267490471713245,260.0,260.0,11.0,61.31613170448155
50,995010,T,2202,REFERENCE,Electricity,Resource,Improving,67.0,1.1698265625163913,212.0,212.0,20.0,185.0
50,995010,T,2202,REFERENCE,Balanced,Compressible,Improving,29.0,0.5774723906069994,74.0,74.0,6.0,34.510993957884715
50,995010,T,2202,REFERENCE,Balanced,Demand,Improving,49.0,0.9236374106258154,156.0,156.0,9.0,54.569713075780236
50,995010,T,2202,REFERENCE,Flow,Demand,Improving,9.0,0.15854487009346485,37.0,37.0,2.0,7.729047939669372
50,995010,T,2202,REFERENCE,Balanced,Normal,Improving,54.0,1.001355655491352,65.0,65.0,1.0,-32.741823531315646
50,995010,T,2202,REFERENCE,Balanced,Demand,Stagnating,41.0,0.7466539088636637,161.0,161.0,4.0,16.451534458902714
50,995010,T,2202,REFERENCE,Balanced,Compressible,Stagnating,6.0,0.13240955863147974,17.0,17.0,0.0,-2.0
50,995010,T,2202,REFERENCE,Flow,Compressible,Stagnating,64.0,1.21046235691756,219.0,219.0,14.0,88.38933283473558
50,995010,T,2202,REFERENCE,Electricity,Resource,Stagnating,69.0,1.3463013172149658,120.0,120.0,13.0,91.63300042442606
50,995010,T,2202,REFERENCE,Electricity,Compressible,Improving,2.0,0.04237530846148729,0.0,0.0,0.0,-2.0
50,995010,T,2202,REFERENCE,Electricity,KV,Improving,1.0,0.011261244304478168,0.0,0.0,0.0,-1.0
50,995010,T,2202,REFERENCE,Electricity,Compressible,Stagnating,1.0,0.01809260994195938,0.0,0.0,0.0,-1.0
50,995010,T,2202,REFERENCE,Electricity,Normal,Improving,26.0,0.4409561762586236,33.0,33.0,2.0,-14.026023649824989
50,995010,T,2202,REFERENCE,Flow,TOU,Improving,13.0,0.25678784493356943,47.0,47.0,1.0,6.234663954941
50,995010,T,2202,REFERENCE,Electricity,Normal,Stagnating,39.0,0.606895481236279,28.0,28.0,1.0,-19.0
50,995010,T,2202,REFERENCE,Balanced,Normal,Stagnating,62.0,1.178040879778564,77.0,77.0,5.0,-22.67854225523671
50,995010,T,2202,REFERENCE,Flow,Normal,Stagnating,86.0,1.7334868144243956,184.0,184.0,7.0,3.1378726686350564
50,995010,T,2202,REFERENCE,Flow,Normal,Improving,54.0,1.0570673905313015,144.0,144.0,5.0,2.16637444861344
50,995010,T,2202,REFERENCE,Flow,Demand,Stagnating,4.0,0.10141406115144491,5.0,5.0,0.0,-1.0
50,995010,T,2202,G,Balanced,Resource,Improving,21.0,0.4440954979509115,54.0,54.0,1.0,-1.9864393890167413
50,995010,T,2202,G,Flow,Compressible,Improving,65.0,1.3507521785795689,204.0,204.0,13.0,66.73836460285517
50,995010,T,2202,G,Electricity,Resource,Improving,150.0,2.99390319455415,384.0,384.0,46.0,364.3515285096331
50,995010,T,2202,G,Balanced,Compressible,Improving,26.0,0.5469605503603816,67.0,67.0,6.0,35.510993957884715
50,995010,T,2202,G,Balanced,Demand,Improving,30.0,0.6515109706670046,113.0,113.0,7.0,42.47658530155702
50,995010,T,2202,G,Flow,Demand,Improving,7.0,0.15841500647366047,28.0,28.0,2.0,7.729047939669372
50,995010,T,2202,G,Balanced,Normal,Improving,48.0,0.759933658875525,43.0,43.0,2.0,-27.39720241058489
50,995010,T,2202,G,Balanced,Demand,Stagnating,1.0,0.024889769963920116,5.0,5.0,0.0,0.0
50,995010,T,2202,G,Balanced,Compressible,Stagnating,2.0,0.04891217593103647,3.0,3.0,0.0,-1.0
50,995010,T,2202,G,Flow,Compressible,Stagnating,73.0,1.452246312983334,237.0,237.0,9.0,43.73931648883162
50,995010,T,2202,G,Electricity,Resource,Stagnating,113.0,2.449012135155499,198.0,198.0,31.0,212.55112892029973
50,995010,T,2202,G,Electricity,Compressible,Improving,1.0,0.02520010806620121,0.0,0.0,0.0,-1.0
50,995010,T,2202,G,Electricity,KV,Improving,1.0,0.011323103681206703,0.0,0.0,0.0,-1.0
50,995010,T,2202,G,Electricity,Compressible,Stagnating,1.0,0.024212710559368134,0.0,0.0,0.0,-1.0
50,995010,T,2202,G,Balanced,Normal,Stagnating,128.0,2.2154809962958097,159.0,159.0,13.0,8.452328443784385
50,995010,T,2202,G,Electricity,Normal,Improving,5.0,0.11920914985239506,4.0,4.0,0.0,-4.0
50,995010,T,2202,G,Flow,TOU,Stagnating,2.0,0.03513422142714262,8.0,8.0,0.0,0.0
50,995010,T,2202,G,Flow,Normal,Stagnating,26.0,0.4068473344668746,32.0,32.0,3.0,-3.089174108313132
50,995010,T,2202,G,Flow,Normal,Improving,15.0,0.32177432533353567,45.0,45.0,5.0,11.446430943878584
50,995010,T,2202,G,Electricity,Normal,Stagnating,7.0,0.10196189023554325,3.0,3.0,0.0,-5.0
50,995010,T,2202,G,Balanced,Resource,Stagnating,5.0,0.09018693119287491,7.0,7.0,0.0,-2.0
50,995010,T,2202,W,Balanced,Resource,Improving,32.0,0.5682492656633258,101.0,101.0,4.0,16.49545957901109
50,995010,T,2202,W,Flow,Compressible,Improving,71.0,1.642579210922122,292.0,292.0,11.0,76.62135721234372
50,995010,T,2202,W,Electricity,Resource,Improving,60.0,1.3374281208962202,217.0,217.0,16.0,114.28360462925181
50,995010,T,2202,W,Balanced,Compressible,Improving,10.0,0.17275031469762325,37.0,37.0,3.0,21.249408515432506
50,995010,T,2202,W,Balanced,Demand,Improving,24.0,0.5502286851406097,113.0,113.0,13.0,92.31441625068521
50,995010,T,2202,W,Electricity,Resource,Stagnating,94.0,2.205836412496865,313.0,313.0,35.0,301.3112952942546
50,995010,T,2202,W,Balanced,Resource,Stagnating,16.0,0.3590315720066428,41.0,41.0,0.0,-5.0
50,995010,T,2202,W,Flow,Demand,Stagnating,17.0,0.3591128047555685,87.0,87.0,3.0,15.742804860218296
50,995010,T,2202,W,Flow,Normal,Improving,73.0,1.6293170396238565,304.0,304.0,5.0,19.79945668538548
50,995010,T,2202,W,Balanced,Normal,Improving,98.0,2.098251827992499,279.0,279.0,10.0,21.434655000340662
50,995010,T,2202,W,Flow,Compressible,Stagnating,49.0,1.1738363774493337,235.0,235.0,3.0,7.495635593929386
50,995010,T,2202,W,Flow,Normal,Stagnating,58.0,1.2463757377117872,254.0,254.0,3.0,8.61447478443944
50,995010,T,2202,W,Balanced,Region,Improving,66.0,1.5308959633111954,177.0,177.0,7.0,34.225169381079844
50,995010,T,2202,W,Balanced,Region,Stagnating,8.0,0.24038685578852892,11.0,11.0,0.0,-3.0
50,995010,T,2202,W,Balanced,Normal,Stagnating,106.0,2.071606288664043,285.0,285.0,7.0,2.779537879362465
50,995010,T,2202,W,Electricity,Normal,Stagnating,16.0,0.28316566720604897,12.0,12.0,0.0,-13.0
50,995010,T,2202,W,Electricity,Normal,Improving,31.0,0.5647992622107267,47.0,47.0,5.0,14.544826183296145
50,995010,T,2202,W,Flow,Region,Improving,10.0,0.14530705194920301,42.0,42.0,0.0,-1.0
50,995010,T,2202,W,Flow,Region,Stagnating,6.0,0.10839017014950514,18.0,18.0,0.0,-2.0
50,995010,T,2202,W,Electricity,Region,Improving,1.0,0.02161216363310814,0.0,0.0,0.0,-1.0
50,995010,T,2202,W,Electricity,Region,Stagnating,1.0,0.015513190999627113,0.0,0.0,0.0,-1.0
50,995010,T,1101,G,Flow,Compressible,Improving,120.0,1.6599575439468026,383.0,383.0,24.0,115.0581755655709
50,995010,T,1101,G,Balanced,Demand,Improving,37.0,0.580810546875,129.0,129.0,7.0,34.0837194338019
50,995010,T,1101,G,Balanced,Compressible,Improving,20.0,0.3082006545737386,74.0,74.0,3.0,8.40835864760513
50,995010,T,1101,G,Electricity,Resource,Improving,7.0,0.10362953133881092,19.0,19.0,1.0,7.0
50,995010,T,1101,G,Balanced,TOU,Improving,2.0,0.03155854344367981,0.0,0.0,0.0,-2.0
50,995010,T,1101,G,Electricity,Normal,Improving,1.0,0.010515054687857628,6.0,6.0,1.0,1.0513968510082694
50,995010,T,1101,G,Electricity,Resource,Stagnating,33.0,0.4541387902572751,66.0,66.0,15.0,102.82292425518852
50,995010,T,1101,G,Electricity,Region,Improving,86.0,1.2057954240590334,165.0,165.0,11.0,24.832604884278876
50,995010,T,1101,G,Balanced,Region,Improving,112.0,1.6281501082703471,248.0,248.0,16.0,78.95373500679067
50,995010,T,1101,G,Balanced,Demand,Stagnating,4.0,0.0538603700697422,22.0,22.0,0.0,0.0
50,995010,T,1101,G,Electricity,Region,Stagnating,179.0,2.5678361486643553,350.0,350.0,37.0,251.51741886061927
50,995010,T,1101,G,Flow,Compressible,Stagnating,62.0,0.8842738308012486,161.0,161.0,13.0,59.424511824142456
50,995010,T,1101,G,Balanced,Compressible,Stagnating,1.0,0.02203055750578642,6.0,6.0,0.0,0.0
50,995010,T,1101,G,Electricity,Compressible,Improving,1.0,0.011897258460521698,0.0,0.0,0.0,-1.0
50,995010,T,1101,G,Balanced,Normal,Improving,21.0,0.3109777234494686,67.0,67.0,3.0,21.74509300500394
50,995010,T,1101,G,Balanced,Region,Stagnating,167.0,2.350241248495877,296.0,296.0,13.0,8.619040476071342
50,995010,T,1101,G,Flow,TOU,Stagnating,15.0,0.24293607287108898,32.0,32.0,2.0,5.814976342236999
50,995010,T,1101,G,Flow,Region,Improving,64.0,0.9153062542900443,196.0,196.0,8.0,13.111445019034058
50,995010,T,1101,G,Flow,Region,Stagnating,257.0,3.887873984873295,769.0,769.0,23.0,42.27615501914087
50,995010,T,1101,G,Balanced,Normal,Stagnating,1.0,0.013779104687273502,6.0,6.0,0.0,0.0
50,995010,T,1101,W,Flow,Compressible,Improving,146.0,3.2946723019704223,597.0,597.0,28.0,123.94508018741027
50,995010,T,1101,W,Balanced,Demand,Improving,13.0,0.2823290480300784,49.0,49.0,4.0,28.872611284872605
50,995010,T,1101,W,Balanced,Compressible,Improving,31.0,0.7493381761014462,128.0,128.0,5.0,18.2329114798216
50,995010,T,1101,W,Electricity,Resource,Improving,98.0,2.1952732829377055,310.0,310.0,19.0,153.04031987019985
50,995010,T,1101,W,Electricity,Compressible,Improving,3.0,0.08501644153147936,16.0,16.0,0.0,0.0
50,995010,T,1101,W,Electricity,Normal,Improving,22.0,0.5735657457262278,62.0,62.0,3.0,15.422324986804956
50,995010,T,1101,W,Balanced,Compressible,Stagnating,2.0,0.03538937773555517,6.0,6.0,0.0,-1.0
50,995010,T,1101,W,Flow,Compressible,Stagnating,176.0,4.2638033125549555,711.0,711.0,29.0,110.9138829800399
50,995010,T,1101,W,Flow,Demand,Improving,5.0,0.1029936894774437,15.0,15.0,2.0,3.1734087228251315
50,995010,T,1101,W,Flow,Demand,Stagnating,2.0,0.03972579166293144,12.0,12.0,0.0,0.0
50,995010,T,1101,W,Electricity,Resource,Stagnating,36.0,0.87374147772789,85.0,85.0,8.0,50.43940801468867
50,995010,T,1101,W,Flow,Normal,Stagnating,39.0,0.9116428587585688,135.0,135.0,2.0,-5.20593654441129
50,995010,T,1101,W,Flow,Normal,Improving,54.0,1.2764439973980188,197.0,197.0,9.0,21.917721828366123
50,995010,T,1101,W,Balanced,Normal,Stagnating,36.0,0.7591006113216281,103.0,103.0,5.0,14.683272438306535
50,995010,T,1101,W,Balanced,Resource,Improving,6.0,0.10288194939494133,33.0,33.0,3.0,17.098033932993875
50,995010,T,1101,W,Balanced,Region,Improving,26.0,0.5802595634013414,71.0,71.0,0.0,-6.0
50,995010,T,1101,W,Balanced,Normal,Improving,56.0,1.2424787571653724,126.0,126.0,10.0,27.73615563982093
50,995010,T,1101,W,Electricity,Region,Improving,9.0,0.26559235993772745,23.0,23.0,0.0,-2.0
50,995010,T,1101,W,Electricity,Region,Stagnating,6.0,0.1443473231047392,11.0,11.0,0.0,-2.0
50,995010,T,1101,W,Balanced,Region,Stagnating,85.0,2.1467889165505767,261.0,261.0,7.0,-1.5064085360964228
50,995010,T,1101,W,Electricity,Normal,Stagnating,10.0,0.23801229894161224,21.0,21.0,0.0,-6.0
50,995010,T,1101,GW,Flow,Compressible,Improving,181.0,4.573475555516779,712.0,712.0,41.0,189.23582086928855
50,995010,T,1101,GW,Balanced,Demand,Improving,20.0,0.47232046257704496,82.0,82.0,6.0,37.520074326033324
50,995010,T,1101,GW,Balanced,Compressible,Improving,28.0,0.6708848914131522,122.0,122.0,4.0,19.599559718695538
50,995010,T,1101,GW,Electricity,Resource,Improving,60.0,1.4187294337898493,189.0,189.0,12.0,82.64067391325574
50,995010,T,1101,GW,Electricity,Compressible,Improving,3.0,0.08468152489513159,16.0,16.0,0.0,0.0
50,995010,T,1101,GW,Electricity,Normal,Improving,1.0,0.01672504935413599,2.0,2.0,0.0,0.0
50,995010,T,1101,GW,Balanced,Compressible,Stagnating,1.0,0.01556630153208971,6.0,6.0,0.0,0.0
50,995010,T,1101,GW,Flow,Compressible,Stagnating,85.0,1.9671873515471816,335.0,335.0,13.0,44.11732078046468
50,995010,T,1101,GW,Flow,Demand,Improving,8.0,0.21625014394521713,32.0,32.0,2.0,4.1734087228251315
50,995010,T,1101,GW,Flow,Demand,Stagnating,2.0,0.03620893694460392,12.0,12.0,0.0,0.0
50,995010,T,1101,GW,Electricity,Resource,Stagnating,74.0,1.7188951401039958,200.0,200.0,18.0,129.5524071884569
50,995010,T,1101,GW,Flow,Normal,Stagnating,167.0,4.762831369414926,567.0,567.0,12.0,61.838822553168335
50,995010,T,1101,GW,Flow,Normal,Improving,42.0,1.0241649616509676,164.0,164.0,7.0,21.221479620417025
50,995010,T,1101,GW,Balanced,Normal,Stagnating,70.0,1.47994470782578,251.0,251.0,13.0,57.19456728556048
50,995010,T,1101,GW,Balanced,Resource,Improving,2.0,0.03438621945679188,5.0,5.0,1.0,9.0
50,995010,T,1101,GW,Balanced,Normal,Improving,6.0,0.11623276583850384,10.0,10.0,0.0,-3.0
50,995010,T,1101,GW,Balanced,Region,Improving,41.0,1.129390586167574,75.0,75.0,2.0,0.615275542618626
50,995010,T,1101,GW,Electricity,Region,Improving,9.0,0.1863388754427433,9.0,9.0,0.0,-5.0
50,995010,T,1101,GW,Balanced,Region,Stagnating,50.0,1.3452961407601833,78.0,78.0,1.0,-23.99421462092281
50,995010,T,1101,GW,Electricity,Region,Stagnating,34.0,0.9398763123899698,26.0,26.0,1.0,-17.735339518006455
50,995010,T,1101,LEGACY,Flow,Compressible,Improving,92.0,1.8766462244093418,328.0,328.0,11.0,47.26436839823685
50,995010,T,1101,LEGACY,Balanced,Demand,Improving,18.0,0.30265530385077,65.0,65.0,5.0,42.704723456586976
50,995010,T,1101,LEGACY,Balanced,Compressible,Improving,10.0,0.15364157129079103,29.0,29.0,0.0,-3.0
50,995010,T,1101,LEGACY,Electricity,Resource,Improving,43.0,0.7468505892902613,120.0,120.0,15.0,116.1084035192037
50,995010,T,1101,LEGACY,Flow,Demand,Improving,24.0,0.41058980766683817,103.0,103.0,4.0,23.023038096516157
50,995010,T,1101,LEGACY,Flow,Normal,Improving,52.0,0.9495825842022896,172.0,172.0,7.0,17.242829291188006
50,995010,T,1101,LEGACY,Flow,Compressible,Stagnating,114.0,2.3892350029200315,376.0,376.0,8.0,34.860477112789624
50,995010,T,1101,LEGACY,Electricity,Demand,Improving,9.0,0.14829629380255938,28.0,28.0,2.0,19.0
50,995010,T,1101,LEGACY,Electricity,Resource,Stagnating,3.0,0.042019899003207684,5.0,5.0,0.0,-1.0
50,995010,T,1101,LEGACY,Balanced,TOU,Improving,1.0,0.016995102167129517,5.0,5.0,0.0,0.0
50,995010,T,1101,LEGACY,Electricity,Normal,Improving,53.0,0.9549381202086806,69.0,69.0,5.0,-8.510298167534899
50,995010,T,1101,LEGACY,Flow,Normal,Stagnating,86.0,1.7240743711590767,316.0,316.0,6.0,27.603721451315334
50,995010,T,1101,LEGACY,Electricity,Normal,Stagnating,77.0,1.4550105165690184,125.0,125.0,4.0,-19.967405108058042
50,995010,T,1101,LEGACY,Flow,TOU,Improving,20.0,0.3677747268229723,63.0,63.0,2.0,3.0047884738384054
50,995010,T,1101,LEGACY,Balanced,Normal,Improving,31.0,0.5800821520388126,54.0,54.0,0.0,-14.0
50,995010,T,1101,LEGACY,Balanced,Normal,Stagnating,87.0,1.5729774786159396,174.0,174.0,1.0,-34.133643893078144
50,995010,T,1101,LEGACY,Flow,TOU,Stagnating,33.0,0.6220031697303057,109.0,109.0,3.0,4.672014122393181
50,995010,T,1101,LEGACY,Balanced,Demand,Stagnating,1.0,0.02464124746620655,5.0,5.0,0.0,0.0
50,995010,T,1101,REFERENCE,Flow,Compressible,Improving,71.0,1.455689056776464,278.0,278.0,10.0,48.9704512063208
50,995010,T,1101,REFERENCE,Balanced,Demand,Improving,41.0,0.8798508336767554,144.0,144.0,8.0,37.28611560177308
50,995010,T,1101,REFERENCE,Balanced,Compressible,Improving,11.0,0.2080137226730585,44.0,44.0,2.0,7.2717079141242635
50,995010,T,1101,REFERENCE,Electricity,Resource,Improving,21.0,0.41494083404541016,47.0,47.0,6.0,48.23858520875639
50,995010,T,1101,REFERENCE,Balanced,TOU,Improving,2.0,0.04669999610632658,0.0,0.0,0.0,-2.0
50,995010,T,1101,REFERENCE,Electricity,Normal,Improving,11.0,0.20626304019242525,34.0,34.0,1.0,-2.9486031489917304
50,995010,T,1101,REFERENCE,Electricity,Resource,Stagnating,41.0,0.8455068292096257,58.0,58.0,14.0,115.75536331466856
50,995010,T,1101,REFERENCE,Electricity,Region,Improving,31.0,0.6070598158985376,39.0,39.0,3.0,-4.194283847744944
50,995010,T,1101,REFERENCE,Balanced,Region,Improving,79.0,1.6225601648911834,202.0,202.0,9.0,30.426626626463204
50,995010,T,1101,REFERENCE,Balanced,Demand,Stagnating,3.0,0.06001085974276066,16.0,16.0,0.0,0.0
50,995010,T,1101,REFERENCE,Electricity,Region,Stagnating,68.0,1.4124271655455232,113.0,113.0,4.0,6.840761669605467
50,995010,T,1101,REFERENCE,Flow,Compressible,Stagnating,44.0,0.9246899876743555,152.0,152.0,5.0,13.225905932948741
50,995010,T,1101,REFERENCE,Balanced,Compressible,Stagnating,2.0,0.05082803871482611,8.0,8.0,0.0,0.0
50,995010,T,1101,REFERENCE,Balanced,Normal,Improving,31.0,0.5800964925438166,47.0,47.0,4.0,15.614915457643061
50,995010,T,1101,REFERENCE,Flow,Normal,Improving,3.0,0.05265295132994652,4.0,4.0,0.0,-2.0
50,995010,T,1101,REFERENCE,Balanced,Normal,Stagnating,12.0,0.22142421174794436,15.0,15.0,0.0,-7.0
50,995010,T,1101,REFERENCE,Balanced,Region,Stagnating,130.0,2.4722825502976775,268.0,268.0,15.0,38.246117804999244
50,995010,T,1101,REFERENCE,Flow,Normal,Stagnating,12.0,0.22026026714593172,9.0,9.0,0.0,-7.0
50,995010,T,1101,REFERENCE,Flow,Region,Stagnating,81.0,1.5804735645651817,195.0,195.0,3.0,-17.954153353401423
50,995010,T,1101,REFERENCE,Flow,Region,Improving,55.0,1.0911334855481982,121.0,121.0,2.0,-1.458559156731111
50,995010,T,1101,REFERENCE,Electricity,Demand,Stagnating,2.0,0.0332792429253459,2.0,2.0,0.0,-1.0
50,995010,T,1101,REFERENCE,Electricity,Normal,Stagnating,25.0,0.5186948319897056,35.0,35.0,0.0,-14.0
50,995010,T,1101,REFERENCE,Flow,Demand,Improving,1.0,0.019853562116622925,0.0,0.0,0.0,-1.0
50,995011,H,2202,G,Balanced,Compressible,Improving,44.0,0.5793553674593568,134.0,134.0,9.0,68.21001664328543
50,995011,H,2202,G,Flow,Compressible,Improving,24.0,0.3461224492639303,56.0,56.0,2.0,-0.446801428003857
50,995011,H,2202,G,Electricity,Compressible,Improving,51.0,0.7096705241128802,79.0,79.0,15.0,128.9146778493037
50,995011,H,2202,G,Electricity,Resource,Improving,4.0,0.05763122159987688,4.0,4.0,1.0,9.0
50,995011,H,2202,G,Flow,Compressible,Stagnating,5.0,0.0749671021476388,6.0,6.0,0.0,-3.0
50,995011,H,2202,G,Electricity,Compressible,Stagnating,1.0,0.011935114860534668,0.0,0.0,0.0,-1.0
50,995011,H,2202,G,Flow,Normal,Improving,93.0,1.3700270988047123,129.0,129.0,8.0,11.19898057101097
50,995011,H,2202,G,Balanced,Normal,Improving,80.0,1.1692548533901572,63.0,63.0,5.0,-7.0
50,995011,H,2202,G,Balanced,Compressible,Stagnating,3.0,0.03705176617950201,4.0,4.0,0.0,-1.0
50,995011,H,2202,G,Flow,Normal,Stagnating,95.0,1.377475949935615,139.0,139.0,5.0,-11.829425133654816
50,995011,H,2202,G,Flow,TOU,Stagnating,17.0,0.25442544277757406,8.0,8.0,0.0,-13.0
50,995011,H,2202,G,Flow,Region,Improving,4.0,0.07082663476467133,4.0,4.0,0.0,-2.0
50,995011,H,2202,G,Balanced,Region,Improving,38.0,0.5993479378521442,47.0,47.0,2.0,-0.9363969998555248
50,995011,H,2202,G,Balanced,Region,Stagnating,10.0,0.15515816491097212,9.0,9.0,0.0,-7.0
50,995011,H,2202,G,Flow,TOU,Improving,3.0,0.03632342256605625,1.0,1.0,0.0,-2.0
50,995011,H,2202,G,Electricity,Region,Improving,8.0,0.11081558465957642,6.0,6.0,0.0,-7.0
50,995011,H,2202,G,Electricity,Region,Stagnating,6.0,0.09268188290297985,2.0,2.0,1.0,5.0
50,995011,H,2202,G,Balanced,Normal,Stagnating,100.0,1.4897259278222919,88.0,88.0,7.0,-28.193391354680063
50,995011,H,2202,G,Balanced,TOU,Improving,31.0,0.4349414547905326,20.0,20.0,2.0,-4.0
50,995011,H,2202,G,Balanced,TOU,Stagnating,21.0,0.28688031155616045,18.0,18.0,0.0,-14.0
50,995011,H,2202,G,Electricity,Normal,Stagnating,37.0,0.6248433841392398,44.0,44.0,6.0,23.871771053157676
50,995011,H,2202,G,Electricity,Resource,Stagnating,2.0,0.027998571284115314,1.0,1.0,1.0,9.0
50,995011,H,2202,G,Electricity,TOU,Stagnating,2.0,0.02279402408748865,0.0,0.0,0.0,-2.0
50,995011,H,2202,G,Electricity,TOU,Improving,1.0,0.01762112509459257,0.0,0.0,0.0,-1.0
50,995011,H,2202,G,Electricity,Normal,Improving,1.0,0.016891244798898697,0.0,0.0,0.0,-1.0
50,995011,H,2202,G,Flow,Region,Stagnating,1.0,0.01428121980279684,2.0,2.0,0.0,0.0
50,995011,H,2202,G,Balanced,Resource,Stagnating,1.0,0.01819388847798109,0.0,0.0,0.0,-1.0
50,995011,H,2202,W,Balanced,Compressible,Improving,13.0,0.283188016153872,63.0,63.0,3.0,20.80973196186509
50,995011,H,2202,W,Flow,Compressible,Improving,39.0,0.9584386665374041,157.0,157.0,5.0,39.09861856383358
50,995011,H,2202,W,Electricity,Compressible,Improving,28.0,0.6862750444561243,94.0,94.0,8.0,55.16692923327911
50,995011,H,2202,W,Electricity,Resource,Improving,1.0,0.029732994735240936,2.0,2.0,1.0,10.0
50,995011,H,2202,W,Balanced,TOU,Improving,80.0,2.2595413299277425,147.0,147.0,10.0,46.95686421912505
50,995011,H,2202,W,Balanced,Normal,Improving,12.0,0.2818194041028619,33.0,33.0,1.0,6.0
50,995011,H,2202,W,Electricity,TOU,Improving,42.0,1.2066633449867368,90.0,90.0,9.0,64.61445711001284
50,995011,H,2202,W,Electricity,Compressible,Stagnating,1.0,0.012547073885798454,0.0,0.0,0.0,-1.0
50,995011,H,2202,W,Flow,Compressible,Stagnating,3.0,0.0818636929616332,15.0,15.0,0.0,0.0
50,995011,H,2202,W,Flow,TOU,Improving,152.0,3.8452643752098083,395.0,395.0,15.0,100.70996148407174
50,995011,H,2202,W,Flow,TOU,Stagnating,130.0,3.2786235911771655,319.0,319.0,11.0,9.997180434009877
50,995011,H,2202,W,Balanced,TOU,Stagnating,83.0,2.3526784777641296,110.0,110.0,8.0,1.3334500006138263
50,995011,H,2202,W,Balanced,Region,Improving,60.0,1.6843851637095213,125.0,125.0,12.0,74.65266034081424
50,995011,H,2202,W,Balanced,Region,Stagnating,48.0,1.3619893807917833,113.0,113.0,5.0,23.879716764681
50,995011,H,2202,W,Flow,Region,Stagnating,102.0,2.5039129117503762,164.0,164.0,11.0,25.56545623069954
50,995011,H,2202,W,Electricity,Normal,Improving,1.0,0.03717505559325218,0.0,0.0,0.0,-1.0
50,995011,H,2202,W,Flow,Region,Improving,17.0,0.42702148016542196,16.0,16.0,1.0,-6.648628710444262
50,995011,H,2202,W,Electricity,TOU,Stagnating,13.0,0.4613875923678279,10.0,10.0,1.0,1.0
50,995011,H,2202,W,Electricity,Region,Stagnating,28.0,0.7874062526971102,30.0,30.0,4.0,14.094760917360695
50,995011,H,2202,W,Electricity,Region,Improving,5.0,0.15389834437519312,7.0,7.0,0.0,-3.0
50,995011,H,2202,W,Electricity,Normal,Stagnating,1.0,0.033440801315009594,0.0,0.0,0.0,-1.0
50,995011,H,2202,GW,Balanced,Compressible,Improving,13.0,0.23276979383081198,63.0,63.0,3.0,20.80973196186509
50,995011,H,2202,GW,Flow,Compressible,Improving,35.0,0.8330885143950582,128.0,128.0,4.0,28.88270367221298
50,995011,H,2202,GW,Electricity,Compressible,Improving,24.0,0.47411826252937317,78.0,78.0,5.0,39.39136829840151
50,995011,H,2202,GW,Electricity,Resource,Improving,6.0,0.14279729407280684,20.0,20.0,2.0,18.0
50,995011,H,2202,GW,Balanced,TOU,Improving,64.0,1.7769818138331175,113.0,113.0,8.0,33.19245457879933
50,995011,H,2202,GW,Balanced,Normal,Improving,1.0,0.024983116425573826,0.0,0.0,0.0,-1.0
50,995011,H,2202,GW,Flow,Compressible,Stagnating,4.0,0.10362834390252829,19.0,19.0,0.0,0.0
50,995011,H,2202,GW,Flow,TOU,Improving,103.0,2.8551728427410126,243.0,243.0,13.0,56.99415287164555
50,995011,H,2202,GW,Flow,TOU,Stagnating,107.0,2.911733591929078,156.0,156.0,7.0,-23.789449835966643
50,995011,H,2202,GW,Electricity,Compressible,Stagnating,27.0,0.6908832145854831,110.0,110.0,8.0,65.23637742630339
50,995011,H,2202,GW,Balanced,TOU,Stagnating,76.0,2.085664691403508,118.0,118.0,5.0,-4.5212781173725025
50,995011,H,2202,GW,Electricity,TOU,Improving,22.0,0.5439086891710758,32.0,32.0,3.0,7.895469728260517
50,995011,H,2202,GW,Electricity,TOU,Stagnating,24.0,0.4942781077697873,27.0,27.0,3.0,5.901604142973895
50,995011,H,2202,GW,Electricity,Normal,Improving,7.0,0.11313552781939507,6.0,6.0,0.0,-6.0
50,995011,H,2202,GW,Electricity,Normal,Stagnating,29.0,0.6057427916675806,54.0,54.0,2.0,-11.580162792553264
50,995011,H,2202,GW,Balanced,Region,Stagnating,50.0,1.5066820289939642,106.0,106.0,5.0,11.31164984744227
50,995011,H,2202,GW,Flow,Region,Stagnating,35.0,0.9563732659444213,87.0,87.0,0.0,-12.0
50,995011,H,2202,GW,Balanced,Region,Improving,5.0,0.1547251222655177,5.0,5.0,0.0,-3.0
50,995011,H,2202,GW,Flow,Region,Improving,3.0,0.0873785438016057,6.0,6.0,0.0,-1.0
50,995011,H,2202,GW,Electricity,Region,Stagnating,44.0,1.2180329421535134,76.0,76.0,12.0,99.0
50,995011,H,2202,LEGACY,Balanced,Compressible,Improving,28.0,0.5141512686386704,79.0,79.0,8.0,48.408575771122244
50,995011,H,2202,LEGACY,Flow,Compressible,Improving,27.0,0.5723610334098339,85.0,85.0,2.0,4.583436830912593
50,995011,H,2202,LEGACY,Electricity,Compressible,Improving,1.0,0.01782133709639311,3.0,3.0,0.0,0.0
50,995011,H,2202,LEGACY,Balanced,Resource,Improving,3.0,0.04849421326071024,17.0,17.0,0.0,0.0
50,995011,H,2202,LEGACY,Electricity,Resource,Improving,2.0,0.025142508558928967,0.0,0.0,0.0,-2.0
50,995011,H,2202,LEGACY,Balanced,TOU,Improving,73.0,1.622945229522884,140.0,140.0,4.0,-13.931015086674991
50,995011,H,2202,LEGACY,Flow,Compressible,Stagnating,3.0,0.06195948552340269,5.0,5.0,0.0,-2.0
50,995011,H,2202,LEGACY,Electricity,Resource,Stagnating,2.0,0.026122610084712505,3.0,3.0,0.0,-1.0
50,995011,H,2202,LEGACY,Electricity,TOU,Improving,80.0,1.735022222623229,117.0,117.0,11.0,74.76746190314552
50,995011,H,2202,LEGACY,Balanced,Compressible,Stagnating,3.0,0.05944611877202988,8.0,8.0,1.0,4.961417944833549
50,995011,H,2202,LEGACY,Electricity,Compressible,Stagnating,1.0,0.024977702647447586,5.0,5.0,0.0,0.0
50,995011,H,2202,LEGACY,Balanced,Region,Improving,1.0,0.020490430295467377,2.0,2.0,0.0,0.0
50,995011,H,2202,LEGACY,Balanced,TOU,Stagnating,51.0,1.131469544954598,82.0,82.0,2.0,-16.78528955991365
50,995011,H,2202,LEGACY,Electricity,TOU,Stagnating,34.0,0.746366280131042,28.0,28.0,2.0,0.0
50,995011,H,2202,LEGACY,Flow,Normal,Improving,58.0,1.215205923654139,41.0,41.0,0.0,-38.0
50,995011,H,2202,LEGACY,Flow,TOU,Improving,18.0,0.3776850616559386,18.0,18.0,1.0,-5.629464918235198
50,995011,H,2202,LEGACY,Balanced,Normal,Improving,4.0,0.0690641226246953,0.0,0.0,0.0,-4.0
50,995011,H,2202,LEGACY,Flow,Normal,Stagnating,38.0,0.8204647824168205,15.0,15.0,1.0,-28.212874044859902
50,995011,H,2202,LEGACY,Flow,TOU,Stagnating,13.0,0.2677481658756733,6.0,6.0,0.0,-9.0
50,995011,H,2202,LEGACY,Electricity,Normal,Stagnating,34.0,0.8268467709422112,30.0,30.0,1.0,-10.0
50,995011,H,2202,LEGACY,Electricity,Normal,Improving,16.0,0.404339462518692,17.0,17.0,0.0,-10.0
50,995011,H,2202,LEGACY,Balanced,Normal,Stagnating,6.0,0.14041482377797365,8.0,8.0,1.0,-2.5548268007568833
50,995011,H,2202,REFERENCE,Balanced,Compressible,Improving,36.0,0.6562030725181103,130.0,130.0,7.0,60.194224880387736
50,995011,H,2202,REFERENCE,Flow,Compressible,Improving,23.0,0.4199156370013952,53.0,53.0,2.0,1.553198571996143
50,995011,H,2202,REFERENCE,Electricity,Compressible,Improving,32.0,0.5723888799548149,55.0,55.0,6.0,46.0
50,995011,H,2202,REFERENCE,Electricity,Resource,Improving,3.0,0.05638085026293993,7.0,7.0,1.0,10.0
50,995011,H,2202,REFERENCE,Flow,Compressible,Stagnating,8.0,0.14404058083891869,18.0,18.0,0.0,-3.0
50,995011,H,2202,REFERENCE,Electricity,Compressible,Stagnating,29.0,0.5255466531962156,42.0,42.0,8.0,62.21233914192479
50,995011,H,2202,REFERENCE,Electricity,Resource,Stagnating,3.0,0.05792857054620981,13.0,13.0,1.0,1.3524193383570637
50,995011,H,2202,REFERENCE,Balanced,Compressible,Stagnating,30.0,0.645561090670526,40.0,40.0,5.0,13.784719678838862
50,995011,H,2202,REFERENCE,Flow,Normal,Improving,57.0,1.1449613515287638,62.0,62.0,1.0,-23.0
50,995011,H,2202,REFERENCE,Flow,Normal,Stagnating,91.0,1.9425639705732465,117.0,117.0,0.0,-43.0
50,995011,H,2202,REFERENCE,Flow,TOU,Improving,47.0,0.8896359484642744,116.0,116.0,6.0,36.45933208983208
50,995011,H,2202,REFERENCE,Flow,TOU,Stagnating,4.0,0.08749858289957047,8.0,8.0,0.0,-1.0
50,995011,H,2202,REFERENCE,Balanced,TOU,Improving,1.0,0.018226873129606247,3.0,3.0,0.0,0.0
50,995011,H,2202,REFERENCE,Electricity,Region,Improving,8.0,0.1683668438345194,7.0,7.0,0.0,-6.0
50,995011,H,2202,REFERENCE,Electricity,Normal,Stagnating,17.0,0.3589371982961893,3.0,3.0,0.0,-15.0
50,995011,H,2202,REFERENCE,Electricity,Normal,Improving,17.0,0.3278041500598192,18.0,18.0,1.0,-1.0
50,995011,H,2202,REFERENCE,Balanced,Normal,Improving,45.0,0.9043848300352693,32.0,32.0,2.0,-9.942575010418711
50,995011,H,2202,REFERENCE,Balanced,Normal,Stagnating,85.0,1.758199529722333,58.0,58.0,1.0,-48.0
50,995011,H,2202,REFERENCE,Balanced,Region,Stagnating,3.0,0.06682295259088278,0.0,0.0,0.0,-3.0
50,995011,H,2202,REFERENCE,Flow,Region,Improving,1.0,0.017915718257427216,0.0,0.0,0.0,-1.0
50,995011,H,2202,REFERENCE,Flow,Region,Stagnating,1.0,0.02735055983066559,0.0,0.0,0.0,-1.0
50,995011,H,2202,REFERENCE,Electricity,Region,Stagnating,9.0,0.2057244097813964,4.0,4.0,0.0,-8.0
50,995011,H,1101,LEGACY,Electricity,Resource,Improving,29.0,0.4483950836583972,76.0,76.0,7.0,59.81460285242955
50,995011,H,1101,LEGACY,Balanced,Compressible,Improving,21.0,0.35750572942197323,64.0,64.0,1.0,6.0
50,995011,H,1101,LEGACY,Balanced,Demand,Improving,1.0,0.015000087209045887,1.0,1.0,0.0,0.0
50,995011,H,1101,LEGACY,Balanced,TOU,Improving,92.0,1.5062729101628065,118.0,118.0,6.0,-3.669476122013995
50,995011,H,1101,LEGACY,Flow,Compressible,Improving,14.0,0.22523701842874289,15.0,15.0,0.0,-8.0
50,995011,H,1101,LEGACY,Balanced,Region,Improving,2.0,0.029749266803264618,4.0,4.0,0.0,-1.0
50,995011,H,1101,LEGACY,Flow,Compressible,Stagnating,5.0,0.07466684002429247,12.0,12.0,0.0,-2.0
50,995011,H,1101,LEGACY,Electricity,Compressible,Improving,3.0,0.04640310350805521,9.0,9.0,0.0,0.0
50,995011,H,1101,LEGACY,Electricity,Resource,Stagnating,2.0,0.028084926307201385,7.0,7.0,0.0,0.0
50,995011,H,1101,LEGACY,Flow,TOU,Improving,74.0,1.2309216083958745,126.0,126.0,1.0,-20.0
50,995011,H,1101,LEGACY,Balanced,TOU,Stagnating,32.0,0.5123987942934036,37.0,37.0,0.0,-16.0
50,995011,H,1101,LEGACY,Flow,TOU,Stagnating,34.0,0.5712543642148376,31.0,31.0,1.0,-11.0
50,995011,H,1101,LEGACY,Flow,Normal,Improving,41.0,0.6689915750175714,62.0,62.0,2.0,-5.295852450021313
50,995011,H,1101,LEGACY,Electricity,TOU,Improving,13.0,0.2303321873769164,6.0,6.0,0.0,-11.0
50,995011,H,1101,LEGACY,Balanced,Normal,Improving,20.0,0.36621654964983463,14.0,14.0,0.0,-12.0
50,995011,H,1101,LEGACY,Electricity,TOU,Stagnating,28.0,0.48459547851234674,47.0,47.0,2.0,6.0
50,995011,H,1101,LEGACY,Flow,Normal,Stagnating,63.0,1.0454880269244313,73.0,73.0,0.0,-30.0
50,995011,H,1101,LEGACY,Electricity,Normal,Improving,14.0,0.2476764703169465,5.0,5.0,0.0,-10.0
50,995011,H,1101,LEGACY,Electricity,Normal,Stagnating,26.0,0.4527843128889799,11.0,11.0,0.0,-17.0
50,995011,H,1101,LEGACY,Balanced,Normal,Stagnating,13.0,0.20853957626968622,12.0,12.0,0.0,-6.0
50,995011,H,1101,REFERENCE,Electricity,Resource,Improving,4.0,0.07871980033814907,13.0,13.0,0.0,-1.0
50,995011,H,1101,REFERENCE,Balanced,Compressible,Improving,8.0,0.16044209618121386,26.0,26.0,0.0,-3.0
50,995011,H,1101,REFERENCE,Balanced,Demand,Improving,1.0,0.01060178130865097,6.0,6.0,0.0,0.0
50,995011,H,1101,REFERENCE,Flow,Compressible,Improving,47.0,0.8964210394769907,93.0,93.0,3.0,1.0545977518534642
50,995011,H,1101,REFERENCE,Electricity,Compressible,Improving,9.0,0.17968965787440538,23.0,23.0,3.0,16.399650792168504
50,995011,H,1101,REFERENCE,Balanced,TOU,Improving,110.0,2.221599141135812,89.0,89.0,7.0,-21.173795275307388
50,995011,H,1101,REFERENCE,Flow,Compressible,Stagnating,17.0,0.34289673529565334,43.0,43.0,0.0,-8.0
50,995011,H,1101,REFERENCE,Balanced,TOU,Stagnating,54.0,1.1506234239786863,59.0,59.0,2.0,-13.308465211957099
50,995011,H,1101,REFERENCE,Electricity,Resource,Stagnating,1.0,0.018816458992660046,0.0,0.0,0.0,-1.0
50,995011,H,1101,REFERENCE,Flow,TOU,Improving,69.0,1.466226221062243,73.0,73.0,1.0,-35.485496962756166
50,995011,H,1101,REFERENCE,Balanced,Compressible,Stagnating,2.0,0.04533624555915594,4.0,4.0,0.0,-1.0
50,995011,H,1101,REFERENCE,Electricity,TOU,Stagnating,43.0,0.929002808406949,30.0,30.0,2.0,-12.0
50,995011,H,1101,REFERENCE,Electricity,TOU,Improving,54.0,1.180465904995799,68.0,68.0,5.0,21.0
50,995011,H,1101,REFERENCE,Flow,TOU,Stagnating,39.0,0.8150695990771055,76.0,76.0,2.0,-2.164156557432734
50,995011,H,1101,REFERENCE,Flow,Normal,Stagnating,12.0,0.22210376430302858,12.0,12.0,0.0,-9.0
50,995011,H,1101,REFERENCE,Balanced,Normal,Improving,18.0,0.37740499433130026,30.0,30.0,0.0,-6.0
50,995011,H,1101,REFERENCE,Balanced,Normal,Stagnating,5.0,0.1092612287029624,1.0,1.0,0.0,-4.0
50,995011,H,1101,REFERENCE,Flow,Normal,Improving,8.0,0.18065259791910648,6.0,6.0,0.0,-5.0
50,995011,H,1101,G,Electricity,Resource,Improving,4.0,0.08652384486049414,13.0,13.0,0.0,-1.0
50,995011,H,1101,G,Balanced,Compressible,Improving,40.0,0.756634739227593,71.0,71.0,2.0,0.3595528304469431
50,995011,H,1101,G,Balanced,Demand,Improving,1.0,0.014405072666704655,6.0,6.0,0.0,0.0
50,995011,H,1101,G,Flow,Compressible,Improving,115.0,2.3565211156383157,230.0,230.0,12.0,56.06707166367019
50,995011,H,1101,G,Electricity,Compressible,Improving,13.0,0.3050425462424755,27.0,27.0,1.0,0.974464164408742
50,995011,H,1101,G,Balanced,TOU,Improving,49.0,0.9279112815856934,33.0,33.0,1.0,-19.0
50,995011,H,1101,G,Flow,Compressible,Stagnating,27.0,0.5142479268833995,44.0,44.0,2.0,-4.838127651445672
50,995011,H,1101,G,Electricity,Resource,Stagnating,1.0,0.01788459625095129,5.0,5.0,0.0,0.0
50,995011,H,1101,G,Electricity,TOU,Improving,50.0,0.8831444717943668,75.0,75.0,5.0,30.0
50,995011,H,1101,G,Electricity,TOU,Stagnating,39.0,0.7654812568798661,44.0,44.0,1.0,-13.0
50,995011,H,1101,G,Electricity,Compressible,Stagnating,8.0,0.17875043395906687,12.0,12.0,0.0,-3.0
50,995011,H,1101,G,Balanced,Compressible,Stagnating,9.0,0.22038396913558245,14.0,14.0,2.0,4.641990398366419
50,995011,H,1101,G,Electricity,Normal,Improving,2.0,0.041853781789541245,0.0,0.0,0.0,-2.0
50,995011,H,1101,G,Balanced,Normal,Improving,14.0,0.29175516683608294,9.0,9.0,0.0,-9.0
50,995011,H,1101,G,Balanced,Normal,Stagnating,6.0,0.1355271516367793,7.0,7.0,0.0,-3.0
50,995011,H,1101,G,Balanced,TOU,Stagnating,27.0,0.4422771083191037,19.0,19.0,0.0,-16.0
50,995011,H,1101,G,Flow,TOU,Improving,19.0,0.39274425338953733,6.0,6.0,0.0,-15.0
50,995011,H,1101,G,Flow,TOU,Stagnating,22.0,0.41575407050549984,16.0,16.0,0.0,-16.0
50,995011,H,1101,G,Flow,Normal,Improving,5.0,0.11118737608194351,4.0,4.0,0.0,-3.0
50,995011,H,1101,G,Flow,Normal,Stagnating,11.0,0.2513175858184695,14.0,14.0,0.0,-7.0
50,995011,H,1101,W,Electricity,Resource,Improving,82.0,2.1127549866214395,201.0,201.0,22.0,182.66150643568426
50,995011,H,1101,W,Balanced,Compressible,Improving,12.0,0.26477317698299885,59.0,59.0,4.0,25.567019265827163
50,995011,H,1101,W,Balanced,Demand,Improving,1.0,0.02067379653453827,3.0,3.0,0.0,0.0
50,995011,H,1101,W,Balanced,TOU,Improving,115.0,2.8868393227458,254.0,254.0,12.0,52.46740323736615
50,995011,H,1101,W,Flow,Compressible,Improving,34.0,0.8863622937351465,123.0,123.0,8.0,60.25445751660752
50,995011,H,1101,W,Flow,Compressible,Stagnating,2.0,0.07195723336189985,4.0,4.0,0.0,-1.0
50,995011,H,1101,W,Flow,TOU,Improving,107.0,3.2294850759208202,252.0,252.0,12.0,56.49362001314448
50,995011,H,1101,W,Electricity,Compressible,Stagnating,1.0,0.028271266259253025,6.0,6.0,0.0,0.0
50,995011,H,1101,W,Electricity,TOU,Improving,60.0,1.6836173320189118,143.0,143.0,7.0,36.29414263568461
50,995011,H,1101,W,Electricity,Normal,Improving,24.0,0.7074427288025618,36.0,36.0,2.0,7.0
50,995011,H,1101,W,Electricity,Normal,Stagnating,31.0,0.9433742202818394,37.0,37.0,3.0,4.913384791004015
50,995011,H,1101,W,Flow,TOU,Stagnating,60.0,1.6376210572198033,136.0,136.0,2.0,-10.397612596660565
50,995011,H,1101,W,Balanced,Normal,Improving,38.0,1.167065811343491,37.0,37.0,6.0,8.8973798323835
50,995011,H,1101,W,Balanced,TOU,Stagnating,70.0,1.7658663103356957,143.0,143.0,4.0,-2.4306901956250755
50,995011,H,1101,W,Electricity,Resource,Stagnating,76.0,2.0023719603195786,189.0,189.0,18.0,148.0
50,995011,H,1101,W,Balanced,Normal,Stagnating,8.0,0.19883327279239893,17.0,17.0,0.0,-4.0
50,995011,H,1101,W,Flow,Normal,Stagnating,2.0,0.047875385731458664,3.0,3.0,0.0,-1.0
50,995011,H,1101,W,Electricity,TOU,Stagnating,13.0,0.33878941740840673,6.0,6.0,0.0,-9.0
50,995011,H,1101,W,Flow,Normal,Improving,3.0,0.0874693738296628,8.0,8.0,0.0,0.0
50,995011,H,1101,GW,Electricity,Resource,Improving,38.0,0.7593867871910334,130.0,130.0,14.0,123.97868753790065
50,995011,H,1101,GW,Balanced,Compressible,Improving,12.0,0.24307817593216896,59.0,59.0,4.0,25.567019265827163
50,995011,H,1101,GW,Balanced,Demand,Improving,1.0,0.02473342977464199,3.0,3.0,0.0,0.0
50,995011,H,1101,GW,Balanced,TOU,Improving,62.0,1.3615707913413644,161.0,161.0,6.0,21.479006302668274
50,995011,H,1101,GW,Flow,Compressible,Improving,36.0,0.7496859775856137,124.0,124.0,8.0,59.25445751660752
50,995011,H,1101,GW,Flow,Compressible,Stagnating,3.0,0.06460361182689667,10.0,10.0,0.0,-1.0
50,995011,H,1101,GW,Flow,TOU,Improving,85.0,2.1408875165507197,171.0,171.0,5.0,-1.2159345954186467
50,995011,H,1101,GW,Electricity,Compressible,Stagnating,1.0,0.02591229509562254,6.0,6.0,0.0,0.0
50,995011,H,1101,GW,Electricity,TOU,Improving,24.0,0.451943039894104,38.0,38.0,5.0,39.0
50,995011,H,1101,GW,Electricity,Normal,Improving,43.0,0.8855462521314621,76.0,76.0,13.0,89.83518463898038
50,995011,H,1101,GW,Electricity,Normal,Stagnating,53.0,1.0229311557486653,139.0,139.0,7.0,59.0
50,995011,H,1101,GW,Flow,TOU,Stagnating,82.0,1.9436497641727328,135.0,135.0,3.0,-4.260192005708367
50,995011,H,1101,GW,Balanced,Normal,Improving,97.0,2.0466435104608536,185.0,185.0,5.0,-10.080782796914622
50,995011,H,1101,GW,Balanced,Normal,Stagnating,122.0,2.6135767810046673,319.0,319.0,9.0,19.503084157691866
50,995011,H,1101,GW,Electricity,TOU,Stagnating,80.0,1.3460679082199931,191.0,191.0,12.0,75.18740605152226
50,995011,H,1101,GW,Electricity,Resource,Stagnating,4.0,0.08320107962936163,15.0,15.0,1.0,10.0
50,995011,H,1101,GW,Flow,Normal,Stagnating,22.0,0.513158667832613,69.0,69.0,1.0,4.297107240423825
50,995011,H,1101,GW,Flow,Normal,Improving,5.0,0.09966707602143288,14.0,14.0,1.0,0.467244361417257
50,995011,H,1101,GW,Balanced,TOU,Stagnating,16.0,0.44285252038389444,20.0,20.0,0.0,-8.0
50,995011,T,2202,W,Balanced,Compressible,Improving,30.0,0.577302978374064,75.0,75.0,5.0,14.853809405756934
50,995011,T,2202,W,Flow,Compressible,Improving,52.0,0.9450835697352886,192.0,192.0,8.0,54.21715553007213
50,995011,T,2202,W,Electricity,Compressible,Improving,25.0,0.40526148304343224,89.0,89.0,8.0,58.8951031231023
50,995011,T,2202,W,Electricity,Resource,Improving,77.0,1.4098439943045378,257.0,257.0,32.0,265.86177382843437
50,995011,T,2202,W,Electricity,Demand,Improving,6.0,0.12452254258096218,22.0,22.0,2.0,16.75365106646432
50,995011,T,2202,W,Electricity,TOU,Improving,6.0,0.13151886872947216,11.0,11.0,0.0,-3.0
50,995011,T,2202,W,Balanced,TOU,Improving,198.0,3.8412932259961963,456.0,456.0,33.0,145.17169737387513
50,995011,T,2202,W,Balanced,TOU,Stagnating,297.0,5.912492087110877,729.0,729.0,30.0,50.27224819886791
50,995011,T,2202,W,Electricity,Resource,Stagnating,63.0,1.2091550612822175,182.0,182.0,15.0,131.36736220935006
50,995011,T,2202,W,Balanced,Normal,Improving,8.0,0.14932395610958338,12.0,12.0,1.0,6.0
50,995011,T,2202,W,Balanced,Compressible,Stagnating,7.0,0.13121575117111206,6.0,6.0,0.0,-6.0
50,995011,T,2202,W,Flow,Compressible,Stagnating,13.0,0.21796878054738045,37.0,37.0,2.0,9.048469529531394
50,995011,T,2202,W,Flow,Region,Stagnating,277.0,5.98830328322947,620.0,620.0,53.0,271.4778561352911
50,995011,T,2202,W,Flow,Region,Improving,65.0,1.386297658085823,170.0,170.0,12.0,55.576708470417415
50,995011,T,2202,W,Electricity,Compressible,Stagnating,2.0,0.03268061671406031,4.0,4.0,1.0,5.890996087239885
50,995011,T,2202,W,Flow,TOU,Improving,11.0,0.21874008234590292,6.0,6.0,0.0,-8.0
50,995011,T,2202,W,Balanced,Region,Improving,5.0,0.10609520319849253,9.0,9.0,1.0,8.0
50,995011,T,2202,W,Balanced,Region,Stagnating,1.0,0.02340760175138712,1.0,1.0,0.0,0.0
50,995011,T,2202,W,Balanced,Normal,Stagnating,5.0,0.11498697195202112,15.0,15.0,0.0,-1.0
50,995011,T,2202,W,Electricity,TOU,Stagnating,15.0,0.30837633181363344,37.0,37.0,1.0,-4.249720422828247
50,995011,T,2202,W,Balanced,Resource,Improving,2.0,0.028375210240483284,1.0,1.0,0.0,-1.0
50,995011,T,2202,W,Flow,TOU,Stagnating,16.0,0.3326251721009612,19.0,19.0,0.0,-12.0
50,995011,T,2202,W,Electricity,Normal,Stagnating,1.0,0.017350345849990845,2.0,2.0,0.0,0.0
50,995011,T,2202,GW,Balanced,Compressible,Improving,22.0,0.5313134416937828,76.0,76.0,3.0,20.063252157290663
50,995011,T,2202,GW,Flow,Compressible,Improving,19.0,0.48890304658561945,70.0,70.0,1.0,5.0
50,995011,T,2202,GW,Electricity,Compressible,Improving,26.0,0.6437181495130062,89.0,89.0,8.0,57.8951031231023
50,995011,T,2202,GW,Electricity,Resource,Improving,59.0,1.4371444890275598,230.0,230.0,24.0,211.98433378448672
50,995011,T,2202,GW,Electricity,Demand,Improving,4.0,0.1308344528079033,13.0,13.0,2.0,16.75365106646432
50,995011,T,2202,GW,Electricity,TOU,Improving,13.0,0.3359358571469784,12.0,12.0,0.0,-10.0
50,995011,T,2202,GW,Balanced,TOU,Improving,120.0,2.8679301235824823,248.0,248.0,16.0,84.2560219528918
50,995011,T,2202,GW,Balanced,TOU,Stagnating,46.0,1.1122997431084514,103.0,103.0,3.0,-5.6597993137059674
50,995011,T,2202,GW,Electricity,Resource,Stagnating,12.0,0.3212725631892681,48.0,48.0,2.0,19.0
50,995011,T,2202,GW,Balanced,Normal,Improving,8.0,0.2115673404186964,10.0,10.0,1.0,5.0
50,995011,T,2202,GW,Flow,Compressible,Stagnating,5.0,0.11557621974498034,28.0,28.0,0.0,0.0
50,995011,T,2202,GW,Balanced,Compressible,Stagnating,1.0,0.025596853345632553,0.0,0.0,0.0,-1.0
50,995011,T,2202,GW,Electricity,Normal,Improving,4.0,0.08340100664645433,12.0,12.0,2.0,7.552048570898226
50,995011,T,2202,GW,Flow,Region,Improving,97.0,2.3359102802351117,267.0,267.0,10.0,66.50598330867525
50,995011,T,2202,GW,Flow,Region,Stagnating,145.0,3.565329876728356,353.0,353.0,13.0,69.42881542027023
50,995011,T,2202,GW,Balanced,Region,Improving,66.0,1.7625282872468233,120.0,120.0,4.0,0.9733690104139754
50,995011,T,2202,GW,Electricity,Normal,Stagnating,2.0,0.0303712310269475,0.0,0.0,0.0,-2.0
50,995011,T,2202,GW,Flow,TOU,Improving,1.0,0.022264918312430382,0.0,0.0,0.0,-1.0
50,995011,T,2202,GW,Flow,TOU,Stagnating,3.0,0.07662539649754763,4.0,4.0,0.0,-2.0
50,995011,T,2202,GW,Electricity,TOU,Stagnating,34.0,0.8857893040403724,53.0,53.0,5.0,21.98952785107162
50,995011,T,2202,GW,Balanced,Region,Stagnating,70.0,1.9259203672409058,148.0,148.0,5.0,-7.869130294827777
50,995011,T,2202,GW,Electricity,Region,Improving,27.0,0.7241972172632813,56.0,56.0,3.0,5.879915426140542
50,995011,T,2202,GW,Electricity,Region,Stagnating,20.0,0.5572224222123623,15.0,15.0,2.0,-1.1241743149110337
50,995011,T,2202,LEGACY,Balanced,Compressible,Improving,19.0,0.37745013553649187,59.0,59.0,5.0,25.303356664775073
50,995011,T,2202,LEGACY,Flow,Compressible,Improving,72.0,1.4432028448209167,199.0,199.0,11.0,43.300211415160774
50,995011,T,2202,LEGACY,Electricity,Compressible,Improving,16.0,0.275663485750556,65.0,65.0,9.0,66.94516891658023
50,995011,T,2202,LEGACY,Electricity,Resource,Improving,45.0,0.7960754232481122,119.0,119.0,21.0,171.45561358079078
50,995011,T,2202,LEGACY,Flow,TOU,Improving,1.0,0.0165067994967103,0.0,0.0,0.0,-1.0
50,995011,T,2202,LEGACY,Flow,Compressible,Stagnating,42.0,0.8781583989039063,101.0,101.0,6.0,32.603637127104335
50,995011,T,2202,LEGACY,Balanced,TOU,Stagnating,1.0,0.019187810830771923,1.0,1.0,0.0,0.0
50,995011,T,2202,LEGACY,Balanced,Region,Stagnating,109.0,2.452335593290627,228.0,228.0,3.0,-7.024194668530431
50,995011,T,2202,LEGACY,Balanced,Region,Improving,97.0,2.000994964502752,194.0,194.0,5.0,-5.880554581528034
50,995011,T,2202,LEGACY,Balanced,Resource,Improving,1.0,0.023694563657045364,5.0,5.0,0.0,0.0
50,995011,T,2202,LEGACY,Flow,Region,Improving,60.0,1.1695909556001425,87.0,87.0,4.0,-11.283352183976346
50,995011,T,2202,LEGACY,Electricity,Region,Stagnating,112.0,2.2408944750204682,274.0,274.0,16.0,104.74506580596537
50,995011,T,2202,LEGACY,Electricity,Region,Improving,67.0,1.3808985985815525,145.0,145.0,6.0,28.801888126905745
50,995011,T,2202,LEGACY,Flow,Region,Stagnating,68.0,1.2618961092084646,73.0,73.0,2.0,-27.336878492986198
50,995011,T,2202,REFERENCE,Balanced,Compressible,Improving,26.0,0.49247686471790075,83.0,83.0,9.0,39.89204763540366
50,995011,T,2202,REFERENCE,Flow,Compressible,Improving,50.0,1.0098848287016153,110.0,110.0,7.0,22.03021385134143
50,995011,T,2202,REFERENCE,Electricity,Compressible,Improving,11.0,0.21774818003177643,41.0,41.0,5.0,43.47706942584637
50,995011,T,2202,REFERENCE,Electricity,Resource,Improving,68.0,1.310334605164826,180.0,180.0,21.0,171.9077830158519
50,995011,T,2202,REFERENCE,Balanced,Resource,Improving,1.0,0.015876566991209984,6.0,6.0,0.0,0.0
50,995011,T,2202,REFERENCE,Balanced,Compressible,Stagnating,2.0,0.03429076727479696,4.0,4.0,0.0,0.0
50,995011,T,2202,REFERENCE,Flow,Compressible,Stagnating,3.0,0.04974641092121601,0.0,0.0,0.0,-3.0
50,995011,T,2202,REFERENCE,Balanced,Normal,Improving,17.0,0.3985767066478729,36.0,36.0,3.0,25.87570012137533
50,995011,T,2202,REFERENCE,Balanced,Resource,Stagnating,1.0,0.009032081812620163,0.0,0.0,0.0,-1.0
50,995011,T,2202,REFERENCE,Electricity,Resource,Stagnating,7.0,0.16601728927344084,10.0,10.0,2.0,15.0
50,995011,T,2202,REFERENCE,Flow,Normal,Improving,12.0,0.26563011948019266,12.0,12.0,0.0,-6.0
50,995011,T,2202,REFERENCE,Flow,Normal,Stagnating,8.0,0.16642572078853846,14.0,14.0,0.0,-3.0
50,995011,T,2202,REFERENCE,Balanced,Region,Improving,68.0,1.6549784541130066,90.0,90.0,2.0,-24.196434026879206
50,995011,T,2202,REFERENCE,Flow,Region,Improving,32.0,0.8236369155347347,31.0,31.0,2.0,-10.347011947187243
50,995011,T,2202,REFERENCE,Balanced,Region,Stagnating,46.0,1.1809813138097525,47.0,47.0,3.0,-15.879959342509448
50,995011,T,2202,REFERENCE,Electricity,Region,Improving,67.0,1.4411554727703333,44.0,44.0,6.0,12.0
50,995011,T,2202,REFERENCE,Flow,TOU,Improving,1.0,0.025413071736693382,0.0,0.0,0.0,-1.0
50,995011,T,2202,REFERENCE,Electricity,Region,Stagnating,35.0,0.8394411318004131,9.0,9.0,0.0,-31.0
50,995011,T,2202,REFERENCE,Flow,Region,Stagnating,57.0,1.4060284737497568,77.0,77.0,1.0,-29.108753810877307
50,995011,T,2202,REFERENCE,Electricity,TOU,Improving,2.0,0.03651987947523594,0.0,0.0,0.0,-2.0
50,995011,T,2202,REFERENCE,Electricity,TOU,Stagnating,1.0,0.027818065136671066,4.0,4.0,0.0,0.0
50,995011,T,2202,G,Balanced,Compressible,Improving,28.0,0.45954351034015417,84.0,84.0,10.0,46.12154547301915
50,995011,T,2202,G,Flow,Compressible,Improving,32.0,0.598425755277276,69.0,69.0,7.0,27.31958894014759
50,995011,T,2202,G,Electricity,Compressible,Improving,11.0,0.19427505508065224,41.0,41.0,5.0,43.47706942584637
50,995011,T,2202,G,Electricity,Resource,Improving,80.0,1.4323691260069609,211.0,211.0,23.0,177.29599970489048
50,995011,T,2202,G,Balanced,Resource,Improving,1.0,0.016560119576752186,6.0,6.0,0.0,0.0
50,995011,T,2202,G,Balanced,Compressible,Stagnating,3.0,0.04238841589540243,4.0,4.0,0.0,-1.0
50,995011,T,2202,G,Flow,Compressible,Stagnating,1.0,0.005092525854706764,0.0,0.0,0.0,-1.0
50,995011,T,2202,G,Balanced,Normal,Improving,5.0,0.07876547705382109,4.0,4.0,1.0,3.5134964917577554
50,995011,T,2202,G,Electricity,Resource,Stagnating,19.0,0.3696440728381276,39.0,39.0,6.0,43.513879301686075
50,995011,T,2202,G,Flow,Normal,Stagnating,22.0,0.4314093692228198,23.0,23.0,1.0,-12.157565797493723
50,995011,T,2202,G,Flow,Normal,Improving,48.0,0.9830235354602337,72.0,72.0,6.0,-1.1262739208518737
50,995011,T,2202,G,Balanced,Normal,Stagnating,1.0,0.018308495171368122,0.0,0.0,0.0,-1.0
50,995011,T,2202,G,Electricity,Region,Improving,54.0,1.1162690846249461,26.0,26.0,4.0,3.0
50,995011,T,2202,G,Flow,TOU,Improving,8.0,0.15310077369213104,10.0,10.0,0.0,-4.0
50,995011,T,2202,G,Flow,TOU,Stagnating,1.0,0.01455211266875267,1.0,1.0,0.0,0.0
50,995011,T,2202,G,Balanced,Region,Improving,64.0,1.2486560689285398,41.0,41.0,1.0,-35.432320765754376
50,995011,T,2202,G,Balanced,Region,Stagnating,44.0,0.8208375843241811,31.0,31.0,0.0,-34.0
50,995011,T,2202,G,Balanced,TOU,Improving,5.0,0.09133664332330227,12.0,12.0,1.0,1.9068210929365828
50,995011,T,2202,G,Electricity,Region,Stagnating,50.0,1.0291441539302468,45.0,45.0,3.0,3.0
50,995011,T,2202,G,Flow,Region,Stagnating,35.0,0.8086515450850129,65.0,65.0,4.0,15.364886817343582
50,995011,T,2202,G,Flow,Region,Improving,19.0,0.4188284995034337,30.0,30.0,0.0,-5.0
50,995011,T,1101,REFERENCE,Balanced,Compressible,Improving,36.0,0.5391730098053813,102.0,102.0,9.0,50.174660157119185
50,995011,T,1101,REFERENCE,Flow,Compressible,Improving,100.0,1.3559908224269748,274.0,274.0,11.0,50.64562177307775
50,995011,T,1101,REFERENCE,Electricity,Resource,Improving,3.0,0.046097165904939175,5.0,5.0,1.0,0.8968549699681208
50,995011,T,1101,REFERENCE,Balanced,Resource,Improving,1.0,0.010601796209812164,0.0,0.0,0.0,-1.0
50,995011,T,1101,REFERENCE,Flow,Compressible,Stagnating,47.0,0.7077511381357908,135.0,135.0,7.0,18.71524486524364
50,995011,T,1101,REFERENCE,Balanced,Compressible,Stagnating,3.0,0.05561232939362526,4.0,4.0,0.0,-1.0
50,995011,T,1101,REFERENCE,Electricity,Region,Improving,109.0,1.6927041802555323,150.0,150.0,15.0,66.45916057109207
50,995011,T,1101,REFERENCE,Electricity,Resource,Stagnating,1.0,0.014879154041409492,3.0,3.0,0.0,0.0
50,995011,T,1101,REFERENCE,Electricity,Compressible,Improving,1.0,0.01507538091391325,0.0,0.0,0.0,-1.0
50,995011,T,1101,REFERENCE,Electricity,Region,Stagnating,111.0,1.774296024814248,153.0,153.0,14.0,54.770028459178306
50,995011,T,1101,REFERENCE,Balanced,TOU,Improving,3.0,0.047748041339218616,8.0,8.0,0.0,0.0
50,995011,T,1101,REFERENCE,Balanced,Normal,Improving,5.0,0.07550268899649382,14.0,14.0,1.0,10.0
50,995011,T,1101,REFERENCE,Flow,Normal,Improving,2.0,0.02961357869207859,9.0,9.0,0.0,0.0
50,995011,T,1101,REFERENCE,Balanced,Region,Stagnating,71.0,1.1398904472589493,102.0,102.0,3.0,-12.436612869811034
50,995011,T,1101,REFERENCE,Balanced,Region,Improving,124.0,1.9334470788016915,296.0,296.0,14.0,46.107738754404274
50,995011,T,1101,REFERENCE,Flow,Region,Stagnating,148.0,2.3007565597072244,310.0,310.0,5.0,1.0181694129664294
50,995011,T,1101,REFERENCE,Flow,Region,Improving,101.0,1.5903563862666488,212.0,212.0,4.0,20.68070372891617
50,995011,T,1101,G,Balanced,Compressible,Improving,12.0,0.2719294875860214,41.0,41.0,3.0,17.217871665231655
50,995011,T,1101,G,Flow,Compressible,Improving,92.0,2.060759481973946,196.0,196.0,19.0,114.29301608903677
50,995011,T,1101,G,Electricity,Resource,Improving,10.0,0.21705975476652384,9.0,9.0,1.0,3.0
50,995011,T,1101,G,Balanced,Resource,Improving,1.0,0.016681802459061146,0.0,0.0,0.0,-1.0
50,995011,T,1101,G,Flow,Compressible,Stagnating,41.0,0.825476935133338,66.0,66.0,5.0,-7.533027875009164
50,995011,T,1101,G,Balanced,Compressible,Stagnating,1.0,0.026834537275135517,0.0,0.0,0.0,-1.0
50,995011,T,1101,G,Electricity,Region,Improving,53.0,1.0506023205816746,94.0,94.0,7.0,26.36743924486899
50,995011,T,1101,G,Electricity,Resource,Stagnating,7.0,0.14829684235155582,23.0,23.0,1.0,10.0
50,995011,T,1101,G,Electricity,Region,Stagnating,48.0,0.9483113391324878,70.0,70.0,8.0,43.03697802457448
50,995011,T,1101,G,Balanced,Region,Improving,100.0,2.105340457521379,123.0,123.0,8.0,8.826547489769773
50,995011,T,1101,G,Balanced,Region,Stagnating,92.0,1.7816644348204136,109.0,109.0,3.0,-28.014618575808903
50,995011,T,1101,G,Balanced,Normal,Improving,1.0,0.011806170456111431,0.0,0.0,0.0,-1.0
50,995011,T,1101,G,Flow,Region,Improving,42.0,0.834117273800075,90.0,90.0,1.0,-0.3044473622551225
50,995011,T,1101,G,Flow,Region,Stagnating,157.0,3.359743840061128,409.0,409.0,11.0,26.56713275018849
50,995011,T,1101,G,Electricity,Normal,Improving,2.0,0.03604390099644661,5.0,5.0,0.0,-1.0
50,995011,T,1101,G,Electricity,Normal,Stagnating,4.0,0.04385619796812534,5.0,5.0,0.0,-3.0
50,995011,T,1101,G,Flow,Normal,Stagnating,1.0,0.018610415048897266,0.0,0.0,0.0,-1.0
50,995011,T,1101,G,Flow,Normal,Improving,1.0,0.01840288285166025,1.0,1.0,0.0,0.0
50,995011,T,1101,W,Balanced,Compressible,Improving,70.0,1.8390996269881725,242.0,242.0,13.0,85.5485688037932
50,995011,T,1101,W,Flow,Compressible,Improving,99.0,2.187432632781565,344.0,344.0,31.0,216.1547659522166
50,995011,T,1101,W,Electricity,Resource,Improving,112.0,2.8544074930250645,362.0,362.0,24.0,178.0071844349045
50,995011,T,1101,W,Electricity,Resource,Stagnating,72.0,1.965985817834735,217.0,217.0,11.0,85.63535849164975
50,995011,T,1101,W,Flow,Compressible,Stagnating,29.0,0.6501296618953347,101.0,101.0,4.0,14.177640196948012
50,995011,T,1101,W,Balanced,Resource,Improving,2.0,0.05573455523699522,10.0,10.0,0.0,0.0
50,995011,T,1101,W,Electricity,Compressible,Improving,1.0,0.026800996623933315,4.0,4.0,0.0,0.0
50,995011,T,1101,W,Balanced,Compressible,Stagnating,20.0,0.6326639028266072,48.0,48.0,2.0,11.0
50,995011,T,1101,W,Balanced,Normal,Improving,76.0,2.5409707073122263,122.0,122.0,9.0,12.308417440255283
50,995011,T,1101,W,Balanced,TOU,Improving,1.0,0.022087381221354008,0.0,0.0,0.0,-1.0
50,995011,T,1101,W,Electricity,Compressible,Stagnating,2.0,0.049493120051920414,10.0,10.0,0.0,0.0
50,995011,T,1101,W,Electricity,Normal,Improving,33.0,0.9176204679533839,60.0,60.0,3.0,-3.6080208127270037
50,995011,T,1101,W,Flow,Normal,Stagnating,9.0,0.3119986755773425,5.0,5.0,0.0,-8.0
50,995011,T,1101,W,Balanced,Normal,Stagnating,53.0,1.9636535020545125,70.0,70.0,3.0,-23.36776908602208
50,995011,T,1101,W,Flow,Normal,Improving,52.0,1.3954268312081695,104.0,104.0,14.0,74.05544710658299
50,995011,T,1101,W,Flow,TOU,Stagnating,68.0,1.924878554418683,91.0,91.0,12.0,45.28945310580698
50,995011,T,1101,W,Flow,TOU,Improving,47.0,1.2942093797028065,103.0,103.0,4.0,21.0
50,995011,T,1101,W,Electricity,Normal,Stagnating,38.0,1.1262804567813873,69.0,69.0,1.0,-20.441619945355427
50,995011,T,1101,GW,Balanced,Compressible,Improving,70.0,1.833491307683289,242.0,242.0,13.0,85.5485688037932
50,995011,T,1101,GW,Flow,Compressible,Improving,99.0,2.072137923911214,344.0,344.0,31.0,216.1547659522166
50,995011,T,1101,GW,Electricity,Resource,Improving,112.0,2.6204365361481905,363.0,363.0,24.0,178.0071844349045
50,995011,T,1101,GW,Electricity,Resource,Stagnating,73.0,1.8602659767493606,219.0,219.0,11.0,84.63535849164975
50,995011,T,1101,GW,Flow,Compressible,Stagnating,29.0,0.6262630810961127,101.0,101.0,4.0,14.177640196948012
50,995011,T,1101,GW,Balanced,Resource,Improving,2.0,0.05157356429845095,10.0,10.0,0.0,0.0
50,995011,T,1101,GW,Electricity,Compressible,Improving,1.0,0.026764084585011005,4.0,4.0,0.0,0.0
50,995011,T,1101,GW,Balanced,Compressible,Stagnating,20.0,0.7002727929502726,48.0,48.0,2.0,11.0
50,995011,T,1101,GW,Balanced,Normal,Improving,84.0,2.3413983089849353,168.0,168.0,11.0,18.395890407136346
50,995011,T,1101,GW,Balanced,TOU,Improving,1.0,0.02216174826025963,0.0,0.0,0.0,-1.0
50,995011,T,1101,GW,Electricity,Compressible,Stagnating,2.0,0.03915580175817013,10.0,10.0,0.0,0.0
50,995011,T,1101,GW,Electricity,Normal,Improving,26.0,0.5421595303341746,48.0,48.0,2.0,-7.608020812727004
50,995011,T,1101,GW,Flow,Normal,Stagnating,6.0,0.17168276105076075,5.0,5.0,0.0,-5.0
50,995011,T,1101,GW,Balanced,Normal,Stagnating,55.0,1.7479125848039985,99.0,99.0,2.0,-26.77978973332482
50,995011,T,1101,GW,Flow,Normal,Improving,52.0,1.1414076806977391,116.0,116.0,14.0,76.05544710658299
50,995011,T,1101,GW,Flow,TOU,Stagnating,68.0,1.7083730325102806,97.0,97.0,11.0,37.39469129021162
50,995011,T,1101,GW,Flow,TOU,Improving,46.0,1.1038805404677987,112.0,112.0,4.0,24.0
50,995011,T,1101,GW,Electricity,Normal,Stagnating,48.0,1.1672180658206344,86.0,86.0,3.0,-12.795278425400863
50,995011,T,1101,LEGACY,Balanced,Compressible,Improving,45.0,0.8112286841496825,138.0,138.0,13.0,95.95176667210836
50,995011,T,1101,LEGACY,Flow,Compressible,Improving,44.0,0.783794435672462,56.0,56.0,5.0,20.622235474686274
50,995011,T,1101,LEGACY,Electricity,Resource,Improving,33.0,0.5626382157206535,100.0,100.0,15.0,106.61132921004705
50,995011,T,1101,LEGACY,Balanced,Resource,Improving,3.0,0.05629866570234299,5.0,5.0,1.0,3.703355481535584
50,995011,T,1101,LEGACY,Balanced,Resource,Stagnating,1.0,0.01837572641670704,0.0,0.0,0.0,-1.0
50,995011,T,1101,LEGACY,Electricity,Resource,Stagnating,2.0,0.035235016606748104,0.0,0.0,0.0,-2.0
50,995011,T,1101,LEGACY,Balanced,Compressible,Stagnating,8.0,0.15136116556823254,23.0,23.0,1.0,8.973991153473934
50,995011,T,1101,LEGACY,Balanced,Normal,Improving,165.0,3.357883259654045,221.0,221.0,10.0,-9.787026844912546
50,995011,T,1101,LEGACY,Electricity,Compressible,Improving,7.0,0.14841003622859716,9.0,9.0,0.0,-4.0
50,995011,T,1101,LEGACY,Balanced,Normal,Stagnating,83.0,1.6378394654020667,128.0,128.0,5.0,-9.345014352784194
50,995011,T,1101,LEGACY,Electricity,Normal,Improving,64.0,1.2929221894592047,76.0,76.0,6.0,11.020312937480238
50,995011,T,1101,LEGACY,Flow,Compressible,Stagnating,33.0,0.567075565457344,38.0,38.0,2.0,-0.8204634439227476
50,995011,T,1101,LEGACY,Electricity,Compressible,Stagnating,8.0,0.1445256220176816,17.0,17.0,1.0,8.0
50,995011,T,1101,LEGACY,Electricity,Normal,Stagnating,49.0,1.0219841189682484,36.0,36.0,6.0,5.4817100131527035
50,995011,T,1101,LEGACY,Flow,Normal,Stagnating,128.0,2.596839959733188,291.0,291.0,12.0,18.70754757450412
50,995011,T,1101,LEGACY,Flow,Normal,Improving,83.0,1.6609676945954561,201.0,201.0,4.0,2.6546378299593805
50,995011,T,1101,LEGACY,Electricity,Region,Stagnating,2.0,0.04068440478295088,0.0,0.0,0.0,-2.0
50,995011,T,1101,LEGACY,Electricity,Region,Improving,1.0,0.025925260968506336,0.0,0.0,0.0,-1.0
50,995011,T,1101,LEGACY,Balanced,Region,Improving,2.0,0.04232123587280512,1.0,1.0,0.0,-1.0
50,995011,T,1101,LEGACY,Balanced,Region,Stagnating,2.0,0.03932861518114805,3.0,3.0,0.0,-1.0
50,995011,T,1101,LEGACY,Flow,Region,Stagnating,1.0,0.01989293098449707,0.0,0.0,0.0,-1.0
50,995012,H,2202,G,Electricity,Compressible,Improving,6.0,0.1394415907561779,16.0,16.0,4.0,39.0
50,995012,H,2202,G,Balanced,Compressible,Improving,10.0,0.17271753307431936,43.0,43.0,3.0,21.03443154336326
50,995012,H,2202,G,Electricity,Resource,Improving,39.0,0.6282121436670423,105.0,105.0,10.0,62.94655292233419
50,995012,H,2202,G,Balanced,Resource,Improving,9.0,0.1434548981487751,24.0,24.0,2.0,7.349126261498812
50,995012,H,2202,G,Flow,Compressible,Improving,2.0,0.033367691561579704,11.0,11.0,0.0,0.0
50,995012,H,2202,G,Balanced,TOU,Improving,257.0,3.8108877390623093,835.0,835.0,45.0,173.14616058340897
50,995012,H,2202,G,Flow,Demand,Improving,1.0,0.014897902496159077,6.0,6.0,1.0,7.680491215579929
50,995012,H,2202,G,Flow,Compressible,Stagnating,5.0,0.06500175036489964,23.0,23.0,0.0,0.0
50,995012,H,2202,G,Balanced,Demand,Stagnating,1.0,0.015723598189651966,0.0,0.0,0.0,-1.0
50,995012,H,2202,G,Flow,TOU,Improving,134.0,2.0763912238180637,424.0,424.0,18.0,65.91709566459483
50,995012,H,2202,G,Flow,TOU,Stagnating,177.0,2.6389910113066435,544.0,544.0,14.0,34.68708349849156
50,995012,H,2202,G,Balanced,Resource,Stagnating,13.0,0.19305566791445017,41.0,41.0,3.0,5.314193881110296
50,995012,H,2202,G,Electricity,Resource,Stagnating,35.0,0.44733215495944023,35.0,35.0,7.0,37.869078026423104
50,995012,H,2202,G,Balanced,TOU,Stagnating,180.0,2.695414192043245,546.0,546.0,32.0,120.13458916402658
50,995012,H,2202,G,Electricity,TOU,Stagnating,62.0,0.8396957982331514,31.0,31.0,1.0,-47.14300578471401
50,995012,H,2202,G,Electricity,TOU,Improving,38.0,0.5500484695658088,45.0,45.0,0.0,-22.0
50,995012,H,2202,W,Electricity,Compressible,Improving,36.0,0.8144079791381955,184.0,184.0,13.0,128.42471374627942
50,995012,H,2202,W,Balanced,Compressible,Improving,27.0,0.5440637869760394,132.0,132.0,12.0,98.51710294303126
50,995012,H,2202,W,Electricity,Resource,Improving,49.0,1.1491054566577077,187.0,187.0,18.0,159.29835524101185
50,995012,H,2202,W,Balanced,TOU,Improving,161.0,3.8703207094222307,577.0,577.0,14.0,84.34211914370225
50,995012,H,2202,W,Flow,Demand,Improving,3.0,0.06202519126236439,18.0,18.0,0.0,0.0
50,995012,H,2202,W,Flow,Compressible,Improving,38.0,0.8570272540673614,195.0,195.0,8.0,37.829486846561146
50,995012,H,2202,W,Flow,TOU,Improving,58.0,1.4913887977600098,225.0,225.0,3.0,11.723447555400554
50,995012,H,2202,W,Balanced,Demand,Stagnating,1.0,0.03137314412742853,5.0,5.0,0.0,0.0
50,995012,H,2202,W,Balanced,TOU,Stagnating,166.0,3.8588483976200223,463.0,463.0,15.0,37.545055524010024
50,995012,H,2202,W,Electricity,Compressible,Stagnating,10.0,0.26788817066699266,41.0,41.0,4.0,37.11274737973622
50,995012,H,2202,W,Electricity,TOU,Improving,18.0,0.4314487036317587,62.0,62.0,0.0,-4.0
50,995012,H,2202,W,Electricity,TOU,Stagnating,106.0,2.5508148726075888,334.0,334.0,17.0,89.60015691149331
50,995012,H,2202,W,Flow,Compressible,Stagnating,15.0,0.3331663068383932,84.0,84.0,1.0,0.5477546778149737
50,995012,H,2202,W,Flow,TOU,Stagnating,168.0,4.386926135979593,565.0,565.0,9.0,48.255745799601435
50,995012,H,2202,GW,Electricity,Compressible,Improving,34.0,0.6194996377453208,175.0,175.0,10.0,98.42471374627942
50,995012,H,2202,GW,Balanced,Compressible,Improving,27.0,0.6003625961020589,132.0,132.0,12.0,98.51710294303126
50,995012,H,2202,GW,Electricity,Resource,Improving,100.0,2.393354349769652,334.0,334.0,31.0,256.43826277121366
50,995012,H,2202,GW,Balanced,TOU,Improving,236.0,5.3304127883166075,911.0,911.0,29.0,181.28498922519736
50,995012,H,2202,GW,Flow,Demand,Improving,3.0,0.06798299960792065,18.0,18.0,0.0,0.0
50,995012,H,2202,GW,Flow,Compressible,Improving,16.0,0.2884977664798498,88.0,88.0,2.0,4.393010312988253
50,995012,H,2202,GW,Flow,TOU,Improving,106.0,2.180979303084314,385.0,385.0,13.0,36.37166149606257
50,995012,H,2202,GW,Balanced,Demand,Stagnating,1.0,0.024503331631422043,5.0,5.0,0.0,0.0
50,995012,H,2202,GW,Balanced,TOU,Stagnating,201.0,5.058025273494422,723.0,723.0,21.0,73.95287626546114
50,995012,H,2202,GW,Electricity,Compressible,Stagnating,4.0,0.07798607461154461,15.0,15.0,1.0,7.112747379736222
50,995012,H,2202,GW,Electricity,TOU,Improving,46.0,1.1205384405329823,108.0,108.0,4.0,15.992196686249564
50,995012,H,2202,GW,Electricity,TOU,Stagnating,36.0,0.926020379178226,82.0,82.0,1.0,-15.070477523905378
50,995012,H,2202,GW,Flow,Compressible,Stagnating,10.0,0.1853161472827196,59.0,59.0,2.0,9.946036070815644
50,995012,H,2202,GW,Electricity,Resource,Stagnating,64.0,1.3612532652914524,158.0,158.0,21.0,159.60638585909257
50,995012,H,2202,GW,Flow,TOU,Stagnating,319.0,6.63321443554014,1090.0,1090.0,50.0,183.00651996914672
50,995012,H,2202,LEGACY,Electricity,Compressible,Improving,5.0,0.07985769957304001,14.0,14.0,3.0,29.0
50,995012,H,2202,LEGACY,Balanced,Compressible,Improving,12.0,0.21574983466416597,37.0,37.0,5.0,21.48888802284202
50,995012,H,2202,LEGACY,Electricity,Resource,Improving,104.0,1.8386088600382209,326.0,326.0,37.0,279.45295135870737
50,995012,H,2202,LEGACY,Flow,Compressible,Improving,66.0,1.1551887653768063,217.0,217.0,15.0,72.67688754974164
50,995012,H,2202,LEGACY,Balanced,Resource,Improving,19.0,0.41481833439320326,61.0,61.0,3.0,6.191901781799132
50,995012,H,2202,LEGACY,Electricity,Resource,Stagnating,47.0,0.9105703225359321,86.0,86.0,9.0,50.82581461038492
50,995012,H,2202,LEGACY,Balanced,Resource,Stagnating,16.0,0.3224417408928275,39.0,39.0,2.0,10.011650935213979
50,995012,H,2202,LEGACY,Flow,TOU,Improving,81.0,1.450589532032609,251.0,251.0,10.0,24.266132481821632
50,995012,H,2202,LEGACY,Balanced,Demand,Stagnating,1.0,0.018882456235587597,4.0,4.0,0.0,0.0
50,995012,H,2202,LEGACY,Balanced,TOU,Improving,75.0,1.5934907458722591,118.0,118.0,6.0,-9.9826467926161
50,995012,H,2202,LEGACY,Balanced,Demand,Improving,1.0,0.017203036695718765,0.0,0.0,0.0,-1.0
50,995012,H,2202,LEGACY,Balanced,Compressible,Stagnating,10.0,0.22494917269796133,47.0,47.0,5.0,29.84662205332819
50,995012,H,2202,LEGACY,Balanced,TOU,Stagnating,42.0,0.9294028282165527,54.0,54.0,1.0,-20.075567990336637
50,995012,H,2202,LEGACY,Flow,Compressible,Stagnating,38.0,0.7143016774207354,162.0,162.0,10.0,47.040244775281316
50,995012,H,2202,LEGACY,Flow,TOU,Stagnating,107.0,2.2350708348676562,338.0,338.0,24.0,53.96768432721001
50,995012,H,2202,LEGACY,Electricity,TOU,Improving,39.0,0.724144290201366,62.0,62.0,3.0,1.7885950971371152
50,995012,H,2202,LEGACY,Electricity,TOU,Stagnating,30.0,0.6027294443920255,63.0,63.0,4.0,3.2221484676068695
50,995012,H,2202,REFERENCE,Electricity,Compressible,Improving,6.0,0.11928022466599941,16.0,16.0,4.0,39.0
50,995012,H,2202,REFERENCE,Balanced,Compressible,Improving,9.0,0.19414986204355955,37.0,37.0,3.0,21.03443154336326
50,995012,H,2202,REFERENCE,Electricity,Resource,Improving,29.0,0.5518216611817479,100.0,100.0,6.0,43.7741336497505
50,995012,H,2202,REFERENCE,Balanced,Resource,Improving,2.0,0.03794129379093647,4.0,4.0,1.0,2.489015488672819
50,995012,H,2202,REFERENCE,Flow,Compressible,Improving,2.0,0.03931264393031597,11.0,11.0,0.0,0.0
50,995012,H,2202,REFERENCE,Balanced,TOU,Improving,95.0,1.9142371229827404,170.0,170.0,9.0,11.529756834843148
50,995012,H,2202,REFERENCE,Flow,Demand,Improving,2.0,0.04334070533514023,12.0,12.0,2.0,17.680491215579927
50,995012,H,2202,REFERENCE,Flow,Compressible,Stagnating,3.0,0.055025906302034855,15.0,15.0,0.0,0.0
50,995012,H,2202,REFERENCE,Balanced,Demand,Stagnating,1.0,0.024868832901120186,0.0,0.0,0.0,-1.0
50,995012,H,2202,REFERENCE,Flow,TOU,Improving,101.0,2.2878010543063283,343.0,343.0,10.0,44.698765878173525
50,995012,H,2202,REFERENCE,Flow,TOU,Stagnating,94.0,2.0527153285220265,241.0,241.0,6.0,12.560513731495817
50,995012,H,2202,REFERENCE,Balanced,Resource,Stagnating,5.0,0.09460329823195934,20.0,20.0,1.0,7.652883797776686
50,995012,H,2202,REFERENCE,Balanced,Compressible,Stagnating,5.0,0.09798164293169975,24.0,24.0,2.0,13.142880958552968
50,995012,H,2202,REFERENCE,Balanced,TOU,Stagnating,70.0,1.4296549623832107,105.0,105.0,3.0,-5.019623338623833
50,995012,H,2202,REFERENCE,Electricity,Resource,Stagnating,34.0,0.6696886839345098,55.0,55.0,7.0,53.0
50,995012,H,2202,REFERENCE,Electricity,TOU,Improving,44.0,0.8787634642794728,62.0,62.0,3.0,5.534196011282473
50,995012,H,2202,REFERENCE,Electricity,TOU,Stagnating,59.0,1.2737497705966234,74.0,74.0,3.0,2.0
50,995012,H,1101,LEGACY,Electricity,Resource,Improving,19.0,0.26713039353489876,32.0,32.0,3.0,21.0
50,995012,H,1101,LEGACY,Flow,Compressible,Improving,56.0,0.8222927693277597,180.0,180.0,5.0,32.45303621947874
50,995012,H,1101,LEGACY,Balanced,Compressible,Improving,68.0,0.9645291771739721,236.0,236.0,8.0,55.411986865340815
50,995012,H,1101,LEGACY,Balanced,Resource,Improving,1.0,0.013329677283763885,6.0,6.0,1.0,10.0
50,995012,H,1101,LEGACY,Balanced,Demand,Improving,1.0,0.016156861558556557,6.0,6.0,0.0,0.0
50,995012,H,1101,LEGACY,Electricity,Compressible,Improving,5.0,0.07635798119008541,17.0,17.0,1.0,9.0
50,995012,H,1101,LEGACY,Flow,TOU,Improving,42.0,0.6360432161018252,88.0,88.0,1.0,-13.962641777141078
50,995012,H,1101,LEGACY,Balanced,Compressible,Stagnating,7.0,0.1082695722579956,17.0,17.0,0.0,-1.0
50,995012,H,1101,LEGACY,Flow,Compressible,Stagnating,59.0,0.8842916181311011,207.0,207.0,1.0,-0.34362947772313746
50,995012,H,1101,LEGACY,Electricity,Resource,Stagnating,27.0,0.37812215089797974,18.0,18.0,4.0,21.0
50,995012,H,1101,LEGACY,Balanced,TOU,Improving,116.0,1.8256800444796681,230.0,230.0,11.0,30.515038017441455
50,995012,H,1101,LEGACY,Electricity,TOU,Stagnating,135.0,2.1123425206169486,203.0,203.0,21.0,139.37687424876592
50,995012,H,1101,LEGACY,Electricity,TOU,Improving,52.0,0.7849706495180726,84.0,84.0,2.0,-4.277343883171156
50,995012,H,1101,LEGACY,Balanced,TOU,Stagnating,135.0,2.2046664683148265,209.0,209.0,7.0,-18.314317165992158
50,995012,H,1101,LEGACY,Flow,TOU,Stagnating,177.0,2.803925784304738,349.0,349.0,13.0,14.680090407901119
50,995012,H,1101,REFERENCE,Electricity,Resource,Improving,19.0,0.3808083822950721,31.0,31.0,1.0,0.0
50,995012,H,1101,REFERENCE,Flow,Compressible,Improving,98.0,1.89340650010854,274.0,274.0,12.0,59.64511196468603
50,995012,H,1101,REFERENCE,Balanced,Compressible,Improving,54.0,0.9189076144248247,156.0,156.0,14.0,93.56910422582723
50,995012,H,1101,REFERENCE,Balanced,Resource,Improving,1.0,0.025947139598429203,6.0,6.0,1.0,10.0
50,995012,H,1101,REFERENCE,Balanced,Demand,Improving,1.0,0.023601926863193512,6.0,6.0,0.0,0.0
50,995012,H,1101,REFERENCE,Electricity,Compressible,Improving,1.0,0.01802217960357666,2.0,2.0,1.0,10.0
50,995012,H,1101,REFERENCE,Flow,TOU,Improving,24.0,0.4185424679890275,39.0,39.0,1.0,-1.2870751539801946
50,995012,H,1101,REFERENCE,Flow,Compressible,Stagnating,75.0,1.3889599153771996,214.0,214.0,2.0,0.30923630315469985
50,995012,H,1101,REFERENCE,Electricity,Resource,Stagnating,45.0,0.787239195778966,94.0,94.0,12.0,73.92167245304469
50,995012,H,1101,REFERENCE,Electricity,TOU,Improving,66.0,1.2987003130838275,162.0,162.0,4.0,4.974317886906125
50,995012,H,1101,REFERENCE,Balanced,Compressible,Stagnating,3.0,0.056407525204122066,7.0,7.0,0.0,0.0
50,995012,H,1101,REFERENCE,Balanced,TOU,Improving,73.0,1.3584516225382686,68.0,68.0,5.0,-11.471183370203573
50,995012,H,1101,REFERENCE,Balanced,TOU,Stagnating,75.0,1.4993241047486663,116.0,116.0,4.0,-15.744055079912407
50,995012,H,1101,REFERENCE,Flow,TOU,Stagnating,15.0,0.26119018346071243,16.0,16.0,0.0,-8.0
50,995012,H,1101,REFERENCE,Electricity,TOU,Stagnating,29.0,0.5936953807249665,18.0,18.0,0.0,-23.0
50,995012,H,1101,G,Electricity,Resource,Improving,14.0,0.2500142650678754,30.0,30.0,2.0,5.525645471752176
50,995012,H,1101,G,Flow,Compressible,Improving,63.0,1.2376448661088943,177.0,177.0,11.0,57.55940889485766
50,995012,H,1101,G,Balanced,Compressible,Improving,50.0,0.968852479942143,148.0,148.0,12.0,81.89885777189606
50,995012,H,1101,G,Balanced,Resource,Improving,1.0,0.019702295772731304,6.0,6.0,1.0,10.0
50,995012,H,1101,G,Balanced,Demand,Improving,1.0,0.01716576237231493,6.0,6.0,0.0,0.0
50,995012,H,1101,G,Electricity,Compressible,Improving,1.0,0.01830807328224182,2.0,2.0,1.0,10.0
50,995012,H,1101,G,Flow,TOU,Improving,23.0,0.3655555797740817,45.0,45.0,0.0,-8.0
50,995012,H,1101,G,Flow,Compressible,Stagnating,22.0,0.4034070586785674,63.0,63.0,1.0,5.181050231112815
50,995012,H,1101,G,Electricity,Resource,Stagnating,81.0,1.5583561137318611,162.0,162.0,19.0,127.23601863726668
50,995012,H,1101,G,Balanced,TOU,Improving,68.0,1.169761079363525,96.0,96.0,3.0,-26.85426654760351
50,995012,H,1101,G,Electricity,TOU,Stagnating,83.0,1.498825328424573,141.0,141.0,10.0,39.317742743608825
50,995012,H,1101,G,Electricity,TOU,Improving,35.0,0.5940246097743511,55.0,55.0,1.0,-10.004594807000082
50,995012,H,1101,G,Balanced,TOU,Stagnating,89.0,1.581169760785997,117.0,117.0,4.0,-11.725751144887798
50,995012,H,1101,G,Flow,TOU,Stagnating,39.0,0.7380912024527788,77.0,77.0,0.0,-11.0
50,995012,H,1101,W,Electricity,Resource,Improving,87.0,2.1140068899840117,374.0,374.0,31.0,258.0361755023465
50,995012,H,1101,W,Flow,Compressible,Improving,45.0,0.8542671892791986,222.0,222.0,7.0,37.10927022800509
50,995012,H,1101,W,Balanced,Compressible,Improving,25.0,0.5812944043427706,89.0,89.0,6.0,35.454566192160335
50,995012,H,1101,W,Balanced,Resource,Improving,1.0,0.027779274620115757,6.0,6.0,1.0,10.0
50,995012,H,1101,W,Balanced,Demand,Improving,1.0,0.013479895889759064,6.0,6.0,0.0,0.0
50,995012,H,1101,W,Flow,TOU,Stagnating,117.0,2.5089157400652766,425.0,425.0,5.0,2.75864089287367
50,995012,H,1101,W,Electricity,Resource,Stagnating,109.0,2.8905190275982022,462.0,462.0,32.0,296.2642297575346
50,995012,H,1101,W,Balanced,TOU,Stagnating,127.0,3.2098881229758263,422.0,422.0,11.0,48.326065915547794
50,995012,H,1101,W,Balanced,Compressible,Stagnating,4.0,0.09025003388524055,9.0,9.0,2.0,5.2486687113317405
50,995012,H,1101,W,Balanced,Resource,Stagnating,1.0,0.02465182263404131,6.0,6.0,0.0,0.0
50,995012,H,1101,W,Flow,Compressible,Stagnating,2.0,0.040535591542720795,11.0,11.0,0.0,0.0
50,995012,H,1101,W,Flow,TOU,Improving,38.0,1.0108054485172033,121.0,121.0,1.0,0.0
50,995012,H,1101,W,Electricity,TOU,Improving,73.0,2.0467712748795748,244.0,244.0,7.0,46.27376194940651
50,995012,H,1101,W,Balanced,TOU,Improving,224.0,5.594412941485643,784.0,784.0,34.0,182.14153378163053
50,995012,H,1101,W,Electricity,TOU,Stagnating,48.0,1.2498893914744258,131.0,131.0,7.0,54.02905913583278
50,995012,H,1101,W,Electricity,Region,Stagnating,9.0,0.24692729208618402,15.0,15.0,1.0,-2.579574363728919
50,995012,H,1101,W,Electricity,Region,Improving,8.0,0.19416593480855227,20.0,20.0,0.0,-3.0
50,995012,H,1101,W,Balanced,Region,Improving,13.0,0.3421373777091503,35.0,35.0,1.0,-4.467421104022124
50,995012,H,1101,W,Balanced,Region,Stagnating,20.0,0.5506633976474404,44.0,44.0,2.0,-0.2079958632529939
50,995012,H,1101,W,Flow,Region,Stagnating,2.0,0.06006390042603016,4.0,4.0,0.0,-1.0
50,995012,H,1101,GW,Electricity,Resource,Improving,74.0,1.581635999493301,345.0,345.0,28.0,243.249155868003
50,995012,H,1101,GW,Flow,Compressible,Improving,45.0,0.8016641018912196,222.0,222.0,7.0,37.10927022800509
50,995012,H,1101,GW,Balanced,Compressible,Improving,25.0,0.4603707706555724,89.0,89.0,6.0,35.454566192160335
50,995012,H,1101,GW,Balanced,Resource,Improving,1.0,0.028101433999836445,6.0,6.0,1.0,10.0
50,995012,H,1101,GW,Balanced,Demand,Improving,1.0,0.013784697279334068,6.0,6.0,0.0,0.0
50,995012,H,1101,GW,Flow,TOU,Stagnating,273.0,5.355266397818923,964.0,964.0,10.0,47.578848834076645
50,995012,H,1101,GW,Electricity,Resource,Stagnating,129.0,3.0689848260954022,539.0,539.0,48.0,434.3520300670041
50,995012,H,1101,GW,Balanced,TOU,Stagnating,120.0,2.436642587184906,390.0,390.0,10.0,45.507353508842385
50,995012,H,1101,GW,Balanced,Compressible,Stagnating,4.0,0.08147717453539371,9.0,9.0,2.0,5.2486687113317405
50,995012,H,1101,GW,Balanced,Resource,Stagnating,1.0,0.024500306695699692,6.0,6.0,0.0,0.0
50,995012,H,1101,GW,Flow,Compressible,Stagnating,1.0,0.01695430465042591,6.0,6.0,0.0,0.0
50,995012,H,1101,GW,Flow,TOU,Improving,79.0,1.623763145878911,193.0,193.0,4.0,9.163405941585443
50,995012,H,1101,GW,Electricity,TOU,Improving,88.0,2.28381500672549,276.0,276.0,9.0,56.72374236116124
50,995012,H,1101,GW,Balanced,TOU,Improving,152.0,3.254875141195953,436.0,436.0,12.0,55.277893942497855
50,995012,H,1101,GW,Electricity,TOU,Stagnating,87.0,1.9487506104633212,276.0,276.0,11.0,88.66068359184203
50,995012,T,2202,W,Balanced,Resource,Improving,27.0,0.39174590446054935,133.0,133.0,10.0,74.6613673272395
50,995012,T,2202,W,Balanced,Compressible,Improving,91.0,1.5478464467450976,388.0,388.0,11.0,56.81815669906686
50,995012,T,2202,W,Electricity,Resource,Improving,23.0,0.3841026183217764,79.0,79.0,3.0,20.224887303099933
50,995012,T,2202,W,Flow,Compressible,Improving,191.0,3.644488233141601,979.0,979.0,27.0,101.93793256508083
50,995012,T,2202,W,Flow,Demand,Improving,1.0,0.01589603815227747,3.0,3.0,0.0,0.0
50,995012,T,2202,W,Balanced,Demand,Improving,17.0,0.2495276154950261,86.0,86.0,1.0,7.822441651517506
50,995012,T,2202,W,Electricity,Normal,Stagnating,74.0,1.294164163991809,252.0,252.0,4.0,4.083964821087214
50,995012,T,2202,W,Electricity,Normal,Improving,71.0,1.2004385208711028,249.0,249.0,6.0,17.448057743319527
50,995012,T,2202,W,Balanced,Demand,Stagnating,3.0,0.046715375036001205,14.0,14.0,0.0,0.0
50,995012,T,2202,W,Electricity,Resource,Stagnating,7.0,0.12983102537691593,32.0,32.0,1.0,9.0
50,995012,T,2202,W,Flow,Compressible,Stagnating,248.0,4.530875612050295,1291.0,1291.0,23.0,80.31418625627627
50,995012,T,2202,W,Balanced,Compressible,Stagnating,122.0,2.121321198530495,528.0,528.0,12.0,56.44920318004103
50,995012,T,2202,W,Balanced,Normal,Improving,112.0,2.0557754300534725,449.0,449.0,8.0,36.82481623968268
50,995012,T,2202,W,Electricity,TOU,Improving,7.0,0.14397274423390627,28.0,28.0,0.0,-2.0
50,995012,T,2202,W,Balanced,Normal,Stagnating,267.0,5.007441257126629,1061.0,1061.0,25.0,113.15363479518477
50,995012,T,2202,W,Flow,TOU,Improving,3.0,0.050726291723549366,13.0,13.0,0.0,0.0
50,995012,T,2202,W,Electricity,Compressible,Improving,1.0,0.0137335155159235,6.0,6.0,1.0,10.0
50,995012,T,2202,W,Electricity,Compressible,Stagnating,1.0,0.017924364656209946,5.0,5.0,0.0,0.0
50,995012,T,2202,W,Flow,Normal,Stagnating,101.0,1.6949114613234997,393.0,393.0,5.0,23.25499002471421
50,995012,T,2202,W,Flow,Normal,Improving,44.0,0.7220244370400906,191.0,191.0,4.0,20.34792992884529
50,995012,T,2202,W,Flow,TOU,Stagnating,2.0,0.04570776503533125,6.0,6.0,0.0,0.0
50,995012,T,2202,W,Balanced,TOU,Stagnating,10.0,0.15826635621488094,36.0,36.0,0.0,-2.0
50,995012,T,2202,W,Flow,Region,Improving,6.0,0.10877110436558723,23.0,23.0,0.0,-2.0
50,995012,T,2202,W,Balanced,TOU,Improving,4.0,0.04586125537753105,1.0,1.0,0.0,-3.0
50,995012,T,2202,W,Electricity,TOU,Stagnating,1.0,0.028685244731605053,0.0,0.0,0.0,-1.0
50,995012,T,2202,W,Electricity,Region,Stagnating,4.0,0.0763235604390502,6.0,6.0,0.0,-3.0
50,995012,T,2202,W,Electricity,Region,Improving,4.0,0.06569164991378784,6.0,6.0,1.0,-0.8271687456067314
50,995012,T,2202,W,Balanced,Region,Stagnating,10.0,0.19328867457807064,4.0,4.0,0.0,-8.0
50,995012,T,2202,W,Flow,Region,Stagnating,11.0,0.22088514920324087,21.0,21.0,0.0,-6.0
50,995012,T,2202,W,Balanced,Region,Improving,5.0,0.09371970221400261,8.0,8.0,0.0,-2.0
50,995012,T,2202,GW,Balanced,Resource,Improving,27.0,0.4865008881315589,133.0,133.0,10.0,74.6613673272395
50,995012,T,2202,GW,Balanced,Compressible,Improving,90.0,2.0138353779911995,367.0,367.0,10.0,46.872145750352296
50,995012,T,2202,GW,Electricity,Resource,Improving,7.0,0.14934749994426966,28.0,28.0,1.0,6.224887303099932
50,995012,T,2202,GW,Flow,Compressible,Improving,61.0,1.2305394038558006,269.0,269.0,3.0,6.751485089110517
50,995012,T,2202,GW,Flow,Demand,Improving,1.0,0.02563517913222313,3.0,3.0,0.0,0.0
50,995012,T,2202,GW,Balanced,Demand,Improving,30.0,0.5520184403285384,124.0,124.0,7.0,45.224904750423974
50,995012,T,2202,GW,Electricity,Normal,Stagnating,92.0,2.338307230733335,333.0,333.0,5.0,21.1521175648596
50,995012,T,2202,GW,Electricity,Normal,Improving,43.0,0.8669708548113704,144.0,144.0,8.0,66.0
50,995012,T,2202,GW,Balanced,Demand,Stagnating,1.0,0.021064353175461292,6.0,6.0,0.0,0.0
50,995012,T,2202,GW,Balanced,Compressible,Stagnating,117.0,2.7732923114672303,445.0,445.0,10.0,29.061935388562254
50,995012,T,2202,GW,Electricity,Compressible,Improving,65.0,1.3469329085201025,291.0,291.0,12.0,89.08526285339536
50,995012,T,2202,GW,Balanced,Normal,Improving,46.0,0.9849476302042603,218.0,218.0,1.0,4.78318267322394
50,995012,T,2202,GW,Balanced,Normal,Stagnating,167.0,4.185614170506597,675.0,675.0,10.0,37.480478437600844
50,995012,T,2202,GW,Flow,Compressible,Stagnating,101.0,1.9700994715094566,447.0,447.0,2.0,0.5534240315563865
50,995012,T,2202,GW,Flow,Normal,Improving,15.0,0.28385563008487225,57.0,57.0,0.0,-2.0
50,995012,T,2202,GW,Flow,Normal,Stagnating,17.0,0.3039297657087445,88.0,88.0,0.0,0.0
50,995012,T,2202,GW,Flow,TOU,Improving,4.0,0.0769894439727068,21.0,21.0,1.0,6.10959264151953
50,995012,T,2202,GW,Flow,TOU,Stagnating,82.0,1.7030404023826122,393.0,393.0,5.0,11.162738964530378
50,995012,T,2202,GW,Electricity,Compressible,Stagnating,68.0,1.5130055788904428,282.0,282.0,10.0,89.84795686071907
50,995012,T,2202,LEGACY,Balanced,Resource,Improving,25.0,0.462711188942194,119.0,119.0,10.0,73.00830589051817
50,995012,T,2202,LEGACY,Balanced,Compressible,Improving,122.0,2.209822571836412,309.0,309.0,20.0,78.23711110686682
50,995012,T,2202,LEGACY,Electricity,Resource,Improving,30.0,0.5370437297970057,85.0,85.0,15.0,120.07257857675188
50,995012,T,2202,LEGACY,Flow,Compressible,Improving,55.0,1.0076747247949243,165.0,165.0,2.0,6.971375959634308
50,995012,T,2202,LEGACY,Electricity,Demand,Improving,13.0,0.23346474021673203,33.0,33.0,4.0,16.019659091290244
50,995012,T,2202,LEGACY,Balanced,TOU,Improving,4.0,0.07500362955033779,11.0,11.0,0.0,-1.0
50,995012,T,2202,LEGACY,Balanced,Demand,Improving,54.0,0.9076499789953232,207.0,207.0,10.0,72.35998140037367
50,995012,T,2202,LEGACY,Flow,Compressible,Stagnating,73.0,1.3567394809797406,238.0,238.0,8.0,21.93380982090035
50,995012,T,2202,LEGACY,Balanced,Compressible,Stagnating,74.0,1.5252256849780679,178.0,178.0,6.0,9.753604921539104
50,995012,T,2202,LEGACY,Electricity,Resource,Stagnating,30.0,0.5495345136150718,54.0,54.0,12.0,110.0
50,995012,T,2202,LEGACY,Electricity,Demand,Stagnating,1.0,0.0118826599791646,5.0,5.0,0.0,0.0
50,995012,T,2202,LEGACY,Electricity,TOU,Improving,7.0,0.11745160911232233,20.0,20.0,0.0,-1.0
50,995012,T,2202,LEGACY,Flow,TOU,Improving,32.0,0.5615620091557503,131.0,131.0,6.0,26.740221616421003
50,995012,T,2202,LEGACY,Electricity,Compressible,Stagnating,1.0,0.013796042650938034,1.0,1.0,0.0,0.0
50,995012,T,2202,LEGACY,Flow,TOU,Stagnating,53.0,1.0019044503569603,174.0,174.0,9.0,35.02810803308138
50,995012,T,2202,LEGACY,Flow,Normal,Improving,2.0,0.029351450502872467,5.0,5.0,0.0,-1.0
50,995012,T,2202,LEGACY,Balanced,Demand,Stagnating,3.0,0.051440974697470665,10.0,10.0,0.0,0.0
50,995012,T,2202,LEGACY,Balanced,Normal,Improving,144.0,2.339744786731899,455.0,455.0,15.0,95.53056892198667
50,995012,T,2202,LEGACY,Balanced,TOU,Stagnating,4.0,0.09195555467158556,2.0,2.0,0.0,-3.0
50,995012,T,2202,LEGACY,Balanced,Normal,Stagnating,76.0,1.3574597341939807,218.0,218.0,5.0,5.442344089702838
50,995012,T,2202,LEGACY,Flow,Normal,Stagnating,4.0,0.08272034395486116,8.0,8.0,0.0,0.0
50,995012,T,2202,LEGACY,Electricity,Normal,Improving,35.0,0.5622510425746441,31.0,31.0,2.0,-6.942715799224636
50,995012,T,2202,LEGACY,Electricity,Normal,Stagnating,54.0,1.1010079886764288,110.0,110.0,3.0,12.0
50,995012,T,2202,REFERENCE,Balanced,Resource,Improving,22.0,0.39275645557790995,83.0,83.0,7.0,42.173652624721896
50,995012,T,2202,REFERENCE,Balanced,Compressible,Improving,10.0,0.18285126984119415,33.0,33.0,4.0,15.825035571490083
50,995012,T,2202,REFERENCE,Electricity,Resource,Improving,20.0,0.37874338682740927,79.0,79.0,6.0,47.580415985666114
50,995012,T,2202,REFERENCE,Flow,Compressible,Improving,2.0,0.038244374096393585,12.0,12.0,0.0,0.0
50,995012,T,2202,REFERENCE,Flow,Demand,Improving,3.0,0.06491425912827253,13.0,13.0,0.0,0.0
50,995012,T,2202,REFERENCE,Balanced,Demand,Improving,8.0,0.14318349491804838,24.0,24.0,2.0,11.806619429064142
50,995012,T,2202,REFERENCE,Flow,TOU,Improving,52.0,1.1200753608718514,163.0,163.0,3.0,7.371335796208697
50,995012,T,2202,REFERENCE,Flow,Normal,Improving,94.0,1.8271819679066539,285.0,285.0,15.0,62.06889804750793
50,995012,T,2202,REFERENCE,Flow,Demand,Stagnating,2.0,0.04262333642691374,6.0,6.0,0.0,0.0
50,995012,T,2202,REFERENCE,Balanced,TOU,Stagnating,23.0,0.4866615114733577,38.0,38.0,0.0,-8.0
50,995012,T,2202,REFERENCE,Electricity,TOU,Stagnating,1.0,0.01801297627389431,2.0,2.0,0.0,0.0
50,995012,T,2202,REFERENCE,Flow,Normal,Stagnating,27.0,0.46995155327022076,72.0,72.0,1.0,1.8644979762148894
50,995012,T,2202,REFERENCE,Electricity,Resource,Stagnating,4.0,0.09242003783583641,11.0,11.0,2.0,19.0
50,995012,T,2202,REFERENCE,Balanced,TOU,Improving,21.0,0.4484626203775406,42.0,42.0,2.0,10.275235362132317
50,995012,T,2202,REFERENCE,Flow,TOU,Stagnating,96.0,2.0730977719649673,335.0,335.0,6.0,5.303687121927172
50,995012,T,2202,REFERENCE,Electricity,Normal,Improving,13.0,0.3276819260790944,25.0,25.0,0.0,-4.0
50,995012,T,2202,REFERENCE,Balanced,Region,Improving,53.0,1.081328016705811,136.0,136.0,5.0,34.20294136841175
50,995012,T,2202,REFERENCE,Electricity,Region,Improving,12.0,0.27495585847646,6.0,6.0,1.0,1.0
50,995012,T,2202,REFERENCE,Flow,Region,Stagnating,1.0,0.020752696320414543,3.0,3.0,0.0,0.0
50,995012,T,2202,REFERENCE,Flow,Compressible,Stagnating,10.0,0.19825804699212313,45.0,45.0,0.0,0.0
50,995012,T,2202,REFERENCE,Balanced,Region,Stagnating,20.0,0.364342600107193,61.0,61.0,3.0,16.275678282697317
50,995012,T,2202,REFERENCE,Electricity,Region,Stagnating,5.0,0.09370834194123745,0.0,0.0,0.0,-5.0
50,995012,T,2202,REFERENCE,Balanced,Normal,Improving,94.0,2.1398227689787745,167.0,167.0,7.0,23.347422578370534
50,995012,T,2202,REFERENCE,Flow,Region,Improving,1.0,0.01783877518028021,0.0,0.0,0.0,-1.0
50,995012,T,2202,REFERENCE,Electricity,Normal,Stagnating,24.0,0.6226219795644283,20.0,20.0,1.0,-8.924907133792601
50,995012,T,2202,REFERENCE,Balanced,Normal,Stagnating,57.0,1.3290037652477622,82.0,82.0,1.0,-18.23348368451206
50,995012,T,2202,G,Balanced,Resource,Improving,22.0,0.4086987404152751,83.0,83.0,7.0,42.173652624721896
50,995012,T,2202,G,Balanced,Compressible,Improving,10.0,0.2013739962130785,33.0,33.0,4.0,15.825035571490083
50,995012,T,2202,G,Electricity,Resource,Improving,29.0,0.5040570693090558,77.0,77.0,7.0,43.68251778408384
50,995012,T,2202,G,Flow,Compressible,Improving,2.0,0.04337117075920105,12.0,12.0,0.0,0.0
50,995012,T,2202,G,Flow,Demand,Improving,2.0,0.039389168843626976,11.0,11.0,1.0,6.093848592856956
50,995012,T,2202,G,Balanced,Demand,Improving,5.0,0.10216015204787254,15.0,15.0,2.0,11.806619429064142
50,995012,T,2202,G,Flow,TOU,Improving,170.0,3.8731802655383945,600.0,600.0,17.0,113.70121218779816
50,995012,T,2202,G,Flow,Normal,Improving,22.0,0.3954547764733434,82.0,82.0,3.0,11.064273385609429
50,995012,T,2202,G,Flow,Demand,Stagnating,1.0,0.018749970011413097,3.0,3.0,0.0,0.0
50,995012,T,2202,G,Balanced,TOU,Stagnating,41.0,0.9499524589627981,101.0,101.0,1.0,-5.884015609158014
50,995012,T,2202,G,Electricity,TOU,Stagnating,9.0,0.19083140790462494,8.0,8.0,0.0,-4.0
50,995012,T,2202,G,Flow,Normal,Stagnating,33.0,0.6874245367944241,121.0,121.0,2.0,12.699691424382964
50,995012,T,2202,G,Balanced,TOU,Improving,48.0,1.0618632528930902,101.0,101.0,1.0,-12.470412140618663
50,995012,T,2202,G,Electricity,Normal,Stagnating,5.0,0.11302482150495052,7.0,7.0,0.0,-2.0
50,995012,T,2202,G,Flow,TOU,Stagnating,198.0,4.432023503817618,722.0,722.0,25.0,107.64886385548829
50,995012,T,2202,G,Electricity,Normal,Improving,33.0,0.709901156835258,70.0,70.0,6.0,24.203902191774826
50,995012,T,2202,G,Balanced,Normal,Improving,22.0,0.4896989930421114,57.0,57.0,1.0,-1.076101048311756
50,995012,T,2202,G,Balanced,Normal,Stagnating,31.0,0.6988691575825214,99.0,99.0,3.0,6.600835826803385
50,995012,T,2202,G,Electricity,Resource,Stagnating,1.0,0.029995832592248917,0.0,0.0,0.0,-1.0
50,995012,T,2202,G,Electricity,TOU,Improving,13.0,0.28294087015092373,13.0,13.0,0.0,-6.0
50,995012,T,2202,G,Electricity,Region,Stagnating,45.0,0.9179976917803288,50.0,50.0,5.0,14.277832897364817
50,995012,T,2202,G,Electricity,Region,Improving,9.0,0.18693439848721027,14.0,14.0,0.0,-3.0
50,995012,T,2202,G,Balanced,Region,Improving,17.0,0.36839485820382833,32.0,32.0,0.0,-3.0
50,995012,T,2202,G,Balanced,Region,Stagnating,29.0,0.6194013208150864,63.0,63.0,1.0,-2.8103091736092356
50,995012,T,2202,G,Flow,Region,Stagnating,6.0,0.1293902089819312,9.0,9.0,0.0,-2.0
50,995012,T,2202,G,Flow,Region,Improving,3.0,0.07904002163559198,7.0,7.0,0.0,0.0
50,995012,T,1101,REFERENCE,Electricity,Resource,Improving,32.0,0.49690244905650616,87.0,87.0,7.0,47.06080708805731
50,995012,T,1101,REFERENCE,Flow,Compressible,Improving,31.0,0.4333508126437664,134.0,134.0,3.0,14.309082654732173
50,995012,T,1101,REFERENCE,Balanced,Compressible,Improving,22.0,0.3655535923317075,81.0,81.0,4.0,14.743943175717565
50,995012,T,1101,REFERENCE,Balanced,TOU,Improving,66.0,1.0131862871348858,205.0,205.0,8.0,30.18344851371446
50,995012,T,1101,REFERENCE,Balanced,Compressible,Stagnating,2.0,0.03582396358251572,5.0,5.0,0.0,-1.0
50,995012,T,1101,REFERENCE,Flow,TOU,Stagnating,63.0,0.8631199328228831,172.0,172.0,5.0,2.5320417735364433
50,995012,T,1101,REFERENCE,Electricity,Resource,Stagnating,16.0,0.2622962202876806,27.0,27.0,1.0,5.0
50,995012,T,1101,REFERENCE,Balanced,TOU,Stagnating,37.0,0.6098393015563488,109.0,109.0,5.0,21.322871204088948
50,995012,T,1101,REFERENCE,Flow,Compressible,Stagnating,3.0,0.042470382526516914,9.0,9.0,0.0,-1.0
50,995012,T,1101,REFERENCE,Balanced,Normal,Stagnating,53.0,0.9311683652922511,106.0,106.0,2.0,-9.127799913974847
50,995012,T,1101,REFERENCE,Flow,Normal,Improving,68.0,1.0130291245877743,207.0,207.0,9.0,24.508921201189793
50,995012,T,1101,REFERENCE,Electricity,Normal,Improving,12.0,0.19007463846355677,23.0,23.0,1.0,-2.4483465455675413
50,995012,T,1101,REFERENCE,Flow,TOU,Improving,54.0,0.7865196950733662,181.0,181.0,6.0,18.269420534751102
50,995012,T,1101,REFERENCE,Electricity,Normal,Stagnating,13.0,0.20055943820625544,19.0,19.0,1.0,3.9563197657551292
50,995012,T,1101,REFERENCE,Balanced,Normal,Improving,40.0,0.6202368699014187,91.0,91.0,3.0,-0.34350003967778875
50,995012,T,1101,REFERENCE,Flow,Normal,Stagnating,135.0,1.9818551307544112,380.0,380.0,11.0,19.113253217700358
50,995012,T,1101,REFERENCE,Electricity,Region,Improving,43.0,0.723375036381185,53.0,53.0,7.0,32.20185643753855
50,995012,T,1101,REFERENCE,Electricity,Region,Stagnating,45.0,0.8285400625318289,37.0,37.0,2.0,-7.0
50,995012,T,1101,REFERENCE,Balanced,Region,Stagnating,44.0,0.794748542830348,77.0,77.0,0.0,-16.0
50,995012,T,1101,REFERENCE,Balanced,Region,Improving,17.0,0.33365556970238686,21.0,21.0,0.0,-6.0
50,995012,T,1101,G,Electricity,Resource,Improving,22.0,0.40905009023845196,66.0,66.0,6.0,47.4965072780213
50,995012,T,1101,G,Flow,Compressible,Improving,35.0,0.7039522230625153,120.0,120.0,5.0,2.911687119331378
50,995012,T,1101,G,Balanced,Compressible,Improving,18.0,0.3847263967618346,56.0,56.0,5.0,13.399886666349023
50,995012,T,1101,G,Balanced,TOU,Improving,84.0,1.5703037874773145,125.0,125.0,1.0,-25.18901175764195
50,995012,T,1101,G,Balanced,Compressible,Stagnating,3.0,0.05771601106971502,9.0,9.0,0.0,-1.0
50,995012,T,1101,G,Flow,TOU,Stagnating,51.0,0.9353955779224634,122.0,122.0,0.0,-14.0
50,995012,T,1101,G,Electricity,Normal,Stagnating,8.0,0.14453260228037834,16.0,16.0,0.0,-4.0
50,995012,T,1101,G,Electricity,Resource,Stagnating,3.0,0.06370789464563131,1.0,1.0,0.0,-2.0
50,995012,T,1101,G,Electricity,TOU,Improving,47.0,0.8965560216456652,77.0,77.0,2.0,1.0
50,995012,T,1101,G,Flow,Compressible,Stagnating,15.0,0.2794093107804656,54.0,54.0,2.0,1.2460749763331584
50,995012,T,1101,G,Balanced,Normal,Stagnating,29.0,0.5391488894820213,46.0,46.0,0.0,-14.0
50,995012,T,1101,G,Balanced,Normal,Improving,25.0,0.5409079100936651,44.0,44.0,0.0,-12.0
50,995012,T,1101,G,Flow,TOU,Improving,50.0,1.023890276439488,90.0,90.0,7.0,-4.005121696438932
50,995012,T,1101,G,Balanced,TOU,Stagnating,61.0,1.2333521526306868,156.0,156.0,4.0,-5.5865546463441
50,995012,T,1101,G,Electricity,TOU,Stagnating,31.0,0.5408587269484997,34.0,34.0,0.0,-13.0
50,995012,T,1101,G,Electricity,Normal,Improving,15.0,0.31865152530372143,25.0,25.0,1.0,6.0
50,995012,T,1101,W,Electricity,Resource,Improving,42.0,0.8450500685721636,162.0,162.0,20.0,152.40355152761956
50,995012,T,1101,W,Balanced,Resource,Improving,2.0,0.04180966876447201,11.0,11.0,2.0,9.605056551197528
50,995012,T,1101,W,Balanced,Compressible,Improving,18.0,0.3898210050538182,80.0,80.0,4.0,20.762104332192468
50,995012,T,1101,W,Flow,Compressible,Improving,14.0,0.3050083154812455,58.0,58.0,1.0,3.166302086817235
50,995012,T,1101,W,Balanced,Normal,Improving,12.0,0.25530610512942076,59.0,59.0,1.0,2.487027072776649
50,995012,T,1101,W,Balanced,Normal,Stagnating,7.0,0.13469980657100677,23.0,23.0,1.0,-0.5051419621585371
50,995012,T,1101,W,Flow,Compressible,Stagnating,35.0,0.8621377609670162,143.0,143.0,7.0,22.068593046097
50,995012,T,1101,W,Balanced,Compressible,Stagnating,23.0,0.5876325955614448,88.0,88.0,1.0,-0.3231267701567996
50,995012,T,1101,W,Electricity,Normal,Improving,64.0,1.464301347732544,252.0,252.0,11.0,78.43398243492003
50,995012,T,1101,W,Electricity,TOU,Stagnating,19.0,0.4472628105431795,67.0,67.0,1.0,0.3237283052955853
50,995012,T,1101,W,Electricity,TOU,Improving,4.0,0.10828154347836971,7.0,7.0,0.0,-2.0
50,995012,T,1101,W,Electricity,Compressible,Stagnating,2.0,0.04997637681663036,12.0,12.0,0.0,0.0
50,995012,T,1101,W,Balanced,TOU,Improving,44.0,1.0189847368746996,164.0,164.0,2.0,5.059694597152954
50,995012,T,1101,W,Flow,TOU,Improving,253.0,6.093636333011091,943.0,943.0,46.0,158.89812415177937
50,995012,T,1101,W,Electricity,Normal,Stagnating,41.0,0.9743760703131557,154.0,154.0,3.0,11.095041868523538
50,995012,T,1101,W,Flow,TOU,Stagnating,415.0,9.6288844589144,1660.0,1660.0,52.0,195.8500396654144
50,995012,T,1101,W,Balanced,TOU,Stagnating,156.0,3.9482948230579495,568.0,568.0,10.0,29.0156419125043
50,995012,T,1101,W,Flow,Normal,Improving,3.0,0.054981754161417484,17.0,17.0,0.0,0.0
50,995012,T,1101,W,Flow,Normal,Stagnating,2.0,0.034757399931550026,9.0,9.0,0.0,0.0
50,995012,T,1101,W,Electricity,Region,Stagnating,28.0,0.7285393252968788,121.0,121.0,0.0,-5.0
50,995012,T,1101,W,Electricity,Region,Improving,11.0,0.29304254706948996,36.0,36.0,1.0,0.792065480913374
50,995012,T,1101,W,Balanced,Region,Stagnating,5.0,0.11849635746330023,20.0,20.0,0.0,-1.0
50,995012,T,1101,W,Balanced,Region,Improving,1.0,0.027996751479804516,6.0,6.0,0.0,0.0
50,995012,T,1101,GW,Electricity,Resource,Improving,40.0,0.7461229106411338,152.0,152.0,20.0,152.40355152761956
50,995012,T,1101,GW,Balanced,Resource,Improving,2.0,0.042994774878025055,11.0,11.0,2.0,9.605056551197528
50,995012,T,1101,GW,Balanced,Compressible,Improving,18.0,0.29362934455275536,77.0,77.0,6.0,34.12102454455464
50,995012,T,1101,GW,Flow,Compressible,Improving,25.0,0.47870089299976826,110.0,110.0,6.0,14.95203607654192
50,995012,T,1101,GW,Balanced,Normal,Improving,120.0,2.6785921677947044,269.0,269.0,13.0,35.10396060570112
50,995012,T,1101,GW,Balanced,Normal,Stagnating,69.0,1.5649471003562212,182.0,182.0,3.0,-10.298024191103814
50,995012,T,1101,GW,Flow,Compressible,Stagnating,13.0,0.26065609138458967,63.0,63.0,2.0,2.952407272499561
50,995012,T,1101,GW,Balanced,Compressible,Stagnating,4.0,0.0535107022151351,17.0,17.0,0.0,0.0
50,995012,T,1101,GW,Electricity,Normal,Improving,78.0,1.7738314401358366,173.0,173.0,5.0,-3.544407592907402
50,995012,T,1101,GW,Balanced,TOU,Improving,44.0,1.1325817871838808,163.0,163.0,4.0,16.707372326316086
50,995012,T,1101,GW,Balanced,TOU,Stagnating,37.0,0.9179301215335727,131.0,131.0,1.0,1.9750009521880951
50,995012,T,1101,GW,Electricity,Normal,Stagnating,76.0,1.818009240552783,154.0,154.0,1.0,-20.0
50,995012,T,1101,GW,Electricity,TOU,Improving,6.0,0.1672014882788062,23.0,23.0,0.0,-1.0
50,995012,T,1101,GW,Flow,Normal,Improving,82.0,1.771979003213346,368.0,368.0,6.0,22.469785983168965
50,995012,T,1101,GW,Electricity,TOU,Stagnating,1.0,0.014537578448653221,1.0,1.0,0.0,0.0
50,995012,T,1101,GW,Flow,Normal,Stagnating,237.0,6.196036774665117,973.0,973.0,17.0,61.24917807564946
50,995012,T,1101,GW,Flow,TOU,Stagnating,89.0,1.8269806588068604,365.0,365.0,21.0,60.79809884873423
50,995012,T,1101,GW,Flow,TOU,Improving,3.0,0.06519427057355642,5.0,5.0,0.0,-1.0
50,995012,T,1101,LEGACY,Electricity,Resource,Improving,14.0,0.29374447371810675,34.0,34.0,2.0,16.0
50,995012,T,1101,LEGACY,Flow,Compressible,Improving,56.0,1.0084602860733867,204.0,204.0,11.0,70.71152005891018
50,995012,T,1101,LEGACY,Balanced,Compressible,Improving,1.0,0.015093539841473103,5.0,5.0,0.0,0.0
50,995012,T,1101,LEGACY,Electricity,Normal,Improving,94.0,1.8441673684865236,261.0,261.0,9.0,32.21010523746207
50,995012,T,1101,LEGACY,Electricity,Compressible,Improving,5.0,0.08536660578101873,4.0,4.0,0.0,-3.0
50,995012,T,1101,LEGACY,Electricity,Resource,Stagnating,24.0,0.42960650846362114,45.0,45.0,3.0,17.0
50,995012,T,1101,LEGACY,Balanced,Compressible,Stagnating,1.0,0.01484382338821888,3.0,3.0,0.0,0.0
50,995012,T,1101,LEGACY,Balanced,TOU,Improving,13.0,0.23532736487686634,48.0,48.0,0.0,-1.0
50,995012,T,1101,LEGACY,Electricity,Normal,Stagnating,90.0,2.0470594903454185,201.0,201.0,10.0,49.78890074370768
50,995012,T,1101,LEGACY,Flow,Compressible,Stagnating,40.0,0.7729185810312629,141.0,141.0,14.0,69.22094055181631
50,995012,T,1101,LEGACY,Balanced,Demand,Improving,1.0,0.01915716379880905,6.0,6.0,0.0,0.0
50,995012,T,1101,LEGACY,Balanced,Normal,Improving,67.0,1.494585326872766,127.0,127.0,8.0,11.056476001477787
50,995012,T,1101,LEGACY,Flow,TOU,Improving,43.0,0.8566891383379698,104.0,104.0,9.0,47.387132573621614
50,995012,T,1101,LEGACY,Balanced,Normal,Stagnating,112.0,2.4974133484065533,227.0,227.0,6.0,-0.05365730300715299
50,995012,T,1101,LEGACY,Balanced,TOU,Stagnating,6.0,0.12558673601597548,17.0,17.0,1.0,2.7704170402219823
50,995012,T,1101,LEGACY,Flow,Normal,Improving,197.0,3.798252709209919,364.0,364.0,48.0,203.45953143657354
50,995012,T,1101,LEGACY,Flow,TOU,Stagnating,86.0,1.6778078665956855,155.0,155.0,22.0,73.4151871632922
50,995012,T,1101,LEGACY,Flow,Normal,Stagnating,257.0,4.934150266461074,501.0,501.0,61.0,248.57879718065604
100,1005001,H,1101,GW,Electricity,Resource,Improving,92.0,3.388738103210926,290.0,290.0,29.0,205.00178089943543
100,1005001,H,1101,GW,Flow,Resource,Improving,54.0,1.9329971373081207,163.0,163.0,13.0,79.4605665022769
100,1005001,H,1101,GW,Balanced,Resource,Improving,53.0,1.968563875183463,149.0,149.0,6.0,9.95100768700021
100,1005001,H,1101,GW,Flow,TOU,Improving,5.0,0.16485153418034315,16.0,16.0,0.0,-2.0
100,1005001,H,1101,GW,Balanced,Resource,Stagnating,58.0,2.2436911230906844,176.0,176.0,2.0,-7.453068700336926
100,1005001,H,1101,GW,Flow,TOU,Stagnating,10.0,0.37837323267012835,22.0,22.0,0.0,-5.0
100,1005001,H,1101,GW,Flow,Resource,Stagnating,17.0,0.6187807731330395,32.0,32.0,1.0,-0.7206192505521667
100,1005001,H,1101,GW,Electricity,Resource,Stagnating,16.0,0.7052958514541388,36.0,36.0,0.0,-9.0
100,1005001,H,1101,LEGACY,Electricity,Resource,Improving,96.0,3.6311747627332807,338.0,338.0,41.0,370.10251750251814
100,1005001,H,1101,LEGACY,Flow,Resource,Improving,41.0,1.387221211567521,99.0,99.0,10.0,47.40715227745213
100,1005001,H,1101,LEGACY,Balanced,Resource,Improving,40.0,1.3499947469681501,58.0,58.0,7.0,19.633317862005065
100,1005001,H,1101,LEGACY,Flow,Resource,Stagnating,15.0,0.5545353442430496,23.0,23.0,1.0,-7.590681153347975
100,1005001,H,1101,LEGACY,Flow,Compressible,Stagnating,1.0,0.028110885061323643,0.0,0.0,0.0,-1.0
100,1005001,H,1101,LEGACY,Balanced,Resource,Stagnating,90.0,3.765406963415444,224.0,224.0,20.0,94.95717793331502
100,1005001,H,1101,LEGACY,Electricity,Resource,Stagnating,63.0,2.0652077412232757,122.0,122.0,11.0,59.11328127669408
100,1005001,H,1101,LEGACY,Flow,TOU,Stagnating,5.0,0.17327942792326212,8.0,8.0,0.0,-2.0
100,1005001,H,1101,LEGACY,Flow,TOU,Improving,65.0,2.137316405773163,133.0,133.0,22.0,83.60073531025212
100,1005001,H,1101,REFERENCE,Electricity,Resource,Improving,98.0,4.084009061567485,327.0,327.0,26.0,197.16425339908508
100,1005001,H,1101,REFERENCE,Balanced,Resource,Improving,68.0,2.45908297970891,158.0,158.0,13.0,41.57441229967502
100,1005001,H,1101,REFERENCE,Flow,TOU,Improving,10.0,0.28463602624833584,7.0,7.0,0.0,-6.0
100,1005001,H,1101,REFERENCE,Flow,Resource,Improving,35.0,1.5395655278116465,73.0,73.0,7.0,8.916388215228604
100,1005001,H,1101,REFERENCE,Flow,Compressible,Improving,1.0,0.059235806576907635,2.0,2.0,0.0,0.0
100,1005001,H,1101,REFERENCE,Flow,Compressible,Stagnating,2.0,0.06399779673665762,3.0,3.0,0.0,-1.0
100,1005001,H,1101,REFERENCE,Electricity,Resource,Stagnating,83.0,3.254982610233128,238.0,238.0,15.0,87.84803844218092
100,1005001,H,1101,REFERENCE,Balanced,Resource,Stagnating,9.0,0.3551902323961258,23.0,23.0,0.0,-2.0
100,1005001,H,1101,REFERENCE,Flow,Resource,Stagnating,17.0,0.43427442759275436,15.0,15.0,1.0,-6.630738048768478
100,1005001,H,1101,REFERENCE,Flow,TOU,Stagnating,10.0,0.3317078547552228,21.0,21.0,0.0,-6.0
100,1005001,H,1101,G,Electricity,Resource,Improving,69.0,2.0751268472522497,139.0,139.0,15.0,96.95797480998213
100,1005001,H,1101,G,Balanced,Resource,Improving,29.0,0.8046397119760513,54.0,54.0,4.0,3.1836475848698047
100,1005001,H,1101,G,Flow,TOU,Improving,9.0,0.24028546642512083,22.0,22.0,2.0,-0.5735373181428645
100,1005001,H,1101,G,Flow,Resource,Improving,75.0,2.427111047320068,143.0,143.0,11.0,44.55364464699457
100,1005001,H,1101,G,Flow,Resource,Stagnating,30.0,0.8842467525973916,27.0,27.0,1.0,-14.015709849718796
100,1005001,H,1101,G,Balanced,Resource,Stagnating,65.0,2.268196225166321,108.0,108.0,8.0,26.193286565328094
100,1005001,H,1101,G,Electricity,Resource,Stagnating,50.0,1.4893844900652766,74.0,74.0,6.0,19.214819640647796
100,1005001,H,1101,G,Flow,TOU,Stagnating,6.0,0.19197948276996613,13.0,13.0,0.0,-2.0
100,1005001,H,1101,W,Electricity,Resource,Improving,80.0,3.5812131511047482,253.0,253.0,27.0,206.6292980176584
100,1005001,H,1101,W,Flow,Resource,Improving,65.0,2.566754864528775,209.0,209.0,15.0,84.75429841267322
100,1005001,H,1101,W,Balanced,Resource,Improving,64.0,2.4561479911208153,175.0,175.0,6.0,13.647396387590828
100,1005001,H,1101,W,Flow,TOU,Improving,7.0,0.22894893679767847,13.0,13.0,0.0,-3.0
100,1005001,H,1101,W,Balanced,Resource,Stagnating,40.0,1.4377308879047632,54.0,54.0,0.0,-27.0
100,1005001,H,1101,W,Flow,TOU,Stagnating,11.0,0.5466486942023039,29.0,29.0,0.0,-5.0
100,1005001,H,1101,W,Flow,Resource,Stagnating,8.0,0.3119138302281499,2.0,2.0,0.0,-7.0
100,1005001,H,1101,W,Electricity,Resource,Stagnating,31.0,1.9457854926586151,71.0,71.0,2.0,-8.998227500706944
100,1005001,H,2202,REFERENCE,Balanced,Resource,Improving,103.0,2.8992150239646435,185.0,185.0,18.0,55.148411032207534
100,1005001,H,2202,REFERENCE,Flow,Resource,Improving,48.0,1.6397059001028538,90.0,90.0,5.0,9.718504953598767
100,1005001,H,2202,REFERENCE,Electricity,Resource,Improving,26.0,0.7252070168033242,36.0,36.0,1.0,-12.38618014467521
100,1005001,H,2202,REFERENCE,Electricity,Resource,Stagnating,73.0,2.6763883400708437,125.0,125.0,8.0,36.20965649952294
100,1005001,H,2202,REFERENCE,Balanced,Resource,Stagnating,65.0,1.6774009903892875,70.0,70.0,7.0,-7.365700072099269
100,1005001,H,2202,REFERENCE,Flow,TOU,Improving,9.0,0.23825646471232176,28.0,28.0,1.0,2.1855201534851805
100,1005001,H,2202,REFERENCE,Flow,Resource,Stagnating,20.0,0.5191657645627856,42.0,42.0,0.0,-10.0
100,1005001,H,2202,REFERENCE,Flow,TOU,Stagnating,16.0,0.31645598355680704,26.0,26.0,0.0,-10.0
100,1005001,H,2202,G,Balanced,Resource,Improving,64.0,1.9251560997217894,140.0,140.0,13.0,42.66162286426347
100,1005001,H,2202,G,Flow,Resource,Improving,36.0,0.8683048924431205,52.0,52.0,5.0,15.224608632105536
100,1005001,H,2202,G,Electricity,Resource,Improving,58.0,2.0628143893554807,117.0,117.0,4.0,-3.471013827914761
100,1005001,H,2202,G,Electricity,Resource,Stagnating,60.0,2.196804417297244,120.0,120.0,5.0,13.11310704950321
100,1005001,H,2202,G,Balanced,Resource,Stagnating,34.0,1.118202118203044,66.0,66.0,2.0,-6.2576633078147985
100,1005001,H,2202,G,Flow,Resource,Stagnating,23.0,0.6531054703518748,42.0,42.0,1.0,-8.011652557405043
100,1005001,H,2202,G,Flow,TOU,Improving,28.0,0.9065596796572208,47.0,47.0,2.0,-2.8731228379918905
100,1005001,H,2202,G,Flow,TOU,Stagnating,9.0,0.3607513168826699,27.0,27.0,0.0,-2.0
100,1005001,H,2202,G,Flow,Compressible,Stagnating,2.0,0.04197008814662695,0.0,0.0,0.0,-2.0
100,1005001,H,2202,W,Balanced,Resource,Improving,128.0,5.781044278293848,376.0,376.0,35.0,162.25698414712704
100,1005001,H,2202,W,Flow,Resource,Improving,23.0,0.9387365495786071,47.0,47.0,2.0,0.7084658229954615
100,1005001,H,2202,W,Electricity,Resource,Improving,46.0,2.2004969120025635,141.0,141.0,10.0,80.94707353972974
100,1005001,H,2202,W,Flow,Resource,Stagnating,72.0,2.6642960803583264,185.0,185.0,16.0,50.70400206684419
100,1005001,H,2202,W,Electricity,Resource,Stagnating,46.0,1.6638447381556034,113.0,113.0,4.0,12.116766137679885
100,1005001,H,2202,W,Balanced,Resource,Stagnating,63.0,2.4539532400667667,172.0,172.0,9.0,18.584988510988328
100,1005001,H,2202,W,Flow,TOU,Stagnating,9.0,0.34357129875570536,13.0,13.0,2.0,5.002116082532657
100,1005001,H,2202,GW,Balanced,Resource,Improving,140.0,4.355467685498297,396.0,396.0,32.0,140.90743076312384
100,1005001,H,2202,GW,Flow,Resource,Improving,79.0,2.3749844869598746,223.0,223.0,16.0,87.38712002319124
100,1005001,H,2202,GW,Electricity,Resource,Improving,72.0,2.3928485307842493,202.0,202.0,21.0,157.9550557766022
100,1005001,H,2202,GW,Flow,Resource,Stagnating,85.0,2.670698219910264,269.0,269.0,18.0,68.53154813443696
100,1005001,H,2202,GW,Electricity,Resource,Stagnating,69.0,2.2141530038788915,128.0,128.0,9.0,31.185657563600863
100,1005001,H,2202,GW,Balanced,Resource,Stagnating,66.0,2.080685098655522,130.0,130.0,9.0,16.469054856009635
100,1005001,H,2202,GW,Flow,TOU,Stagnating,38.0,1.362026452086866,115.0,115.0,13.0,62.6404043440897
100,1005001,H,2202,GW,Flow,TOU,Improving,3.0,0.12179327942430973,6.0,6.0,0.0,-1.0
100,1005001,H,2202,LEGACY,Balanced,Resource,Improving,50.0,1.4449436515569687,68.0,68.0,7.0,21.639422843060693
100,1005001,H,2202,LEGACY,Flow,Resource,Improving,33.0,0.9742670115083456,36.0,36.0,3.0,-11.756613616997772
100,1005001,H,2202,LEGACY,Electricity,Resource,Improving,76.0,2.580841574817896,141.0,141.0,15.0,83.38943638291911
100,1005001,H,2202,LEGACY,Flow,Resource,Stagnating,31.0,0.9904002724215388,26.0,26.0,0.0,-21.0
100,1005001,H,2202,LEGACY,Electricity,Resource,Stagnating,50.0,1.9486023588106036,47.0,47.0,1.0,-19.0
100,1005001,H,2202,LEGACY,Flow,Compressible,Improving,2.0,0.05847415700554848,1.0,1.0,0.0,-1.0
100,1005001,H,2202,LEGACY,Balanced,Resource,Stagnating,25.0,0.8631502585485578,30.0,30.0,1.0,-15.789951066897993
100,1005001,H,2202,LEGACY,Flow,TOU,Stagnating,9.0,0.1617315700277686,3.0,3.0,0.0,-7.0
100,1005001,H,2202,LEGACY,Flow,TOU,Improving,2.0,0.0641106590628624,4.0,4.0,0.0,-1.0
100,1005001,T,1101,LEGACY,Balanced,Resource,Improving,65.0,1.6229420248419046,88.0,88.0,8.0,14.97694362297391
100,1005001,T,1101,LEGACY,Flow,Resource,Improving,31.0,1.1152336914092302,71.0,71.0,5.0,9.196911082603018
100,1005001,T,1101,LEGACY,Electricity,Resource,Improving,43.0,1.3487764615565538,86.0,86.0,4.0,18.716452447160915
100,1005001,T,1101,LEGACY,Flow,Resource,Stagnating,32.0,0.9282797407358885,44.0,44.0,5.0,9.103540411515233
100,1005001,T,1101,LEGACY,Electricity,Resource,Stagnating,53.0,1.5928820725530386,109.0,109.0,6.0,19.940461965380848
100,1005001,T,1101,LEGACY,Balanced,Resource,Stagnating,84.0,2.374559429474175,148.0,148.0,13.0,42.38551939649036
100,1005001,T,1101,LEGACY,Flow,Normal,Stagnating,4.0,0.07931165304034948,3.0,3.0,0.0,-3.0
100,1005001,T,1101,LEGACY,Flow,Compressible,Improving,8.0,0.15855465084314346,2.0,2.0,0.0,-6.0
100,1005001,T,1101,LEGACY,Flow,Compressible,Stagnating,8.0,0.21518683806061745,8.0,8.0,1.0,-2.85968848966039
100,1005001,T,1101,LEGACY,Flow,TOU,Improving,1.0,0.014138396829366684,0.0,0.0,0.0,-1.0
100,1005001,T,1101,LEGACY,Flow,Normal,Improving,1.0,0.011243676766753197,0.0,0.0,0.0,-1.0
100,1005001,T,1101,REFERENCE,Balanced,Resource,Improving,46.0,1.2541738972067833,80.0,80.0,6.0,5.094688898532105
100,1005001,T,1101,REFERENCE,Flow,Resource,Improving,20.0,0.5580261033028364,38.0,38.0,3.0,4.1064976038029695
100,1005001,T,1101,REFERENCE,Electricity,Resource,Improving,31.0,1.2910071657970548,53.0,53.0,2.0,-2.794700456667205
100,1005001,T,1101,REFERENCE,Flow,Resource,Stagnating,13.0,0.3299367493018508,13.0,13.0,0.0,-8.0
100,1005001,T,1101,REFERENCE,Balanced,Resource,Stagnating,52.0,2.0563614340499043,91.0,91.0,4.0,-15.184660698586992
100,1005001,T,1101,REFERENCE,Flow,Normal,Improving,2.0,0.02276842761784792,0.0,0.0,0.0,-2.0
100,1005001,T,1101,REFERENCE,Flow,Compressible,Stagnating,4.0,0.08043595962226391,0.0,0.0,0.0,-4.0
100,1005001,T,1101,REFERENCE,Flow,TOU,Stagnating,9.0,0.2663153987377882,13.0,13.0,0.0,-4.0
100,1005001,T,1101,REFERENCE,Flow,TOU,Improving,7.0,0.15306175500154495,6.0,6.0,1.0,-2.042353653242621
100,1005001,T,1101,REFERENCE,Flow,Normal,Stagnating,1.0,0.019492775201797485,0.0,0.0,0.0,-1.0
100,1005001,T,1101,REFERENCE,Flow,Compressible,Improving,2.0,0.03863854333758354,3.0,3.0,0.0,-1.0
100,1005001,T,1101,REFERENCE,Electricity,Resource,Stagnating,15.0,0.6380314035341144,10.0,10.0,0.0,-10.0
100,1005001,T,1101,G,Balanced,Resource,Improving,40.0,1.291651489213109,67.0,67.0,2.0,-19.66091717258852
100,1005001,T,1101,G,Flow,Resource,Improving,24.0,0.6147282896563411,30.0,30.0,1.0,-12.758970067249688
100,1005001,T,1101,G,Electricity,Resource,Improving,37.0,1.4956691982224584,49.0,49.0,5.0,6.14801839449672
100,1005001,T,1101,G,Balanced,Resource,Stagnating,45.0,1.2239115983247757,65.0,65.0,2.0,-14.531344082385106
100,1005001,T,1101,G,Flow,Compressible,Stagnating,7.0,0.11096328496932983,1.0,1.0,0.0,-6.0
100,1005001,T,1101,G,Electricity,Resource,Stagnating,34.0,1.5555745838209987,60.0,60.0,4.0,22.0
100,1005001,T,1101,G,Flow,Resource,Stagnating,31.0,0.6115286219865084,59.0,59.0,4.0,7.5960124727344205
100,1005001,T,1101,G,Flow,Normal,Stagnating,10.0,0.2736417194828391,16.0,16.0,1.0,0.16155692738827554
100,1005001,T,1101,G,Flow,Compressible,Improving,2.0,0.05875714682042599,2.0,2.0,0.0,-1.0
100,1005001,T,1101,G,Flow,TOU,Stagnating,6.0,0.10316086187958717,5.0,5.0,0.0,-4.0
100,1005001,T,1101,G,Flow,TOU,Improving,4.0,0.10039215441793203,7.0,7.0,0.0,-2.0
100,1005001,T,1101,W,Balanced,Resource,Improving,94.0,3.5027403058484197,300.0,300.0,20.0,68.98967107431177
100,1005001,T,1101,W,Flow,Resource,Improving,21.0,0.6207023682072759,28.0,28.0,0.0,-12.0
100,1005001,T,1101,W,Electricity,Resource,Improving,32.0,1.1865837424993515,67.0,67.0,1.0,-13.306386605365697
100,1005001,T,1101,W,Balanced,Resource,Stagnating,53.0,1.8511174628511071,122.0,122.0,6.0,1.031231334835752
100,1005001,T,1101,W,Electricity,Resource,Stagnating,87.0,3.886741913855076,255.0,255.0,13.0,85.9536882565589
100,1005001,T,1101,W,Flow,TOU,Improving,5.0,0.17293414380401373,8.0,8.0,0.0,-2.0
100,1005001,T,1101,W,Flow,Compressible,Stagnating,7.0,0.1999752651900053,10.0,10.0,1.0,4.240528211136883
100,1005001,T,1101,W,Flow,Normal,Stagnating,33.0,0.8504441305994987,17.0,17.0,4.0,-2.9451360797623725
100,1005001,T,1101,W,Flow,Compressible,Improving,3.0,0.06878332328051329,0.0,0.0,0.0,-3.0
100,1005001,T,1101,W,Flow,Resource,Stagnating,11.0,0.3844439396634698,42.0,42.0,0.0,-1.0
100,1005001,T,1101,W,Flow,Normal,Improving,27.0,0.8473594943061471,41.0,41.0,1.0,-2.0
100,1005001,T,1101,W,Flow,TOU,Stagnating,2.0,0.07897745911031961,6.0,6.0,0.0,-1.0
100,1005001,T,1101,GW,Balanced,Resource,Improving,77.0,3.026397807523608,217.0,217.0,14.0,34.80777381383946
100,1005001,T,1101,GW,Flow,Resource,Improving,24.0,0.7335764383897185,41.0,41.0,2.0,-2.8567796755834096
100,1005001,T,1101,GW,Electricity,Resource,Improving,45.0,1.8953993981704116,134.0,134.0,1.0,-9.303585105689109
100,1005001,T,1101,GW,Balanced,Resource,Stagnating,37.0,1.3813976934179664,93.0,93.0,4.0,6.4626294692132475
100,1005001,T,1101,GW,Electricity,Resource,Stagnating,67.0,2.9699304280802608,172.0,172.0,10.0,46.90602718479347
100,1005001,T,1101,GW,Flow,Compressible,Improving,1.0,0.02000921592116356,0.0,0.0,0.0,-1.0
100,1005001,T,1101,GW,Flow,Resource,Stagnating,3.0,0.056270746514201164,3.0,3.0,0.0,-2.0
100,1005001,T,1101,GW,Flow,Normal,Improving,16.0,0.6104008192196488,10.0,10.0,1.0,-7.507730438806794
100,1005001,T,1101,GW,Flow,Compressible,Stagnating,1.0,0.015582425519824028,0.0,0.0,0.0,-1.0
100,1005001,T,1101,GW,Flow,TOU,Improving,3.0,0.09209987055510283,0.0,0.0,0.0,-3.0
100,1005001,T,1101,GW,Flow,Normal,Stagnating,6.0,0.23539659194648266,7.0,7.0,0.0,-3.0
100,1005001,T,1101,GW,Balanced,Normal,Stagnating,2.0,0.11524232104420662,7.0,7.0,0.0,0.0
100,1005001,T,2202,G,Balanced,Resource,Improving,115.0,3.5250271186232567,258.0,258.0,26.0,152.45575637999147
100,1005001,T,2202,G,Flow,Resource,Improving,40.0,0.9894397063180804,58.0,58.0,4.0,-7.079171375629883
100,1005001,T,2202,G,Electricity,Resource,Improving,83.0,2.615017152391374,191.0,191.0,28.0,222.6877287527089
100,1005001,T,2202,G,Flow,Resource,Stagnating,53.0,1.3520608767867088,112.0,112.0,8.0,-4.299032013284302
100,1005001,T,2202,G,Electricity,Resource,Stagnating,63.0,1.6803204249590635,114.0,114.0,11.0,54.38028970983587
100,1005001,T,2202,G,Balanced,Resource,Stagnating,67.0,2.0175408124923706,110.0,110.0,8.0,21.43483828451327
100,1005001,T,2202,G,Flow,Normal,Stagnating,4.0,0.14325912669301033,24.0,24.0,0.0,0.0
100,1005001,T,2202,G,Flow,Normal,Improving,1.0,0.017867494374513626,0.0,0.0,0.0,-1.0
100,1005001,T,2202,G,Flow,TOU,Stagnating,5.0,0.1540338210761547,10.0,10.0,0.0,-1.0
100,1005001,T,2202,W,Balanced,Resource,Improving,140.0,5.772859118878841,466.0,466.0,50.0,270.3859463036398
100,1005001,T,2202,W,Flow,Resource,Improving,43.0,1.8150533065199852,81.0,81.0,6.0,1.95214533552263
100,1005001,T,2202,W,Electricity,Resource,Improving,61.0,2.7707471139729023,123.0,123.0,5.0,10.834436033983891
100,1005001,T,2202,W,Balanced,Resource,Stagnating,48.0,2.660466498695314,109.0,109.0,8.0,16.912423109428307
100,1005001,T,2202,W,Flow,Resource,Stagnating,26.0,1.1092078434303403,69.0,69.0,4.0,-1.6221823340553705
100,1005001,T,2202,W,Electricity,Resource,Stagnating,17.0,0.934788366779685,18.0,18.0,0.0,-12.0
100,1005001,T,2202,W,Flow,Normal,Stagnating,2.0,0.10033120028674603,4.0,4.0,0.0,0.0
100,1005001,T,2202,GW,Balanced,Resource,Improving,104.0,4.563084513880312,347.0,347.0,26.0,148.93278251728327
100,1005001,T,2202,GW,Flow,Resource,Improving,81.0,3.068570775911212,239.0,239.0,24.0,92.60670050621799
100,1005001,T,2202,GW,Electricity,Resource,Improving,88.0,3.480665356852114,229.0,229.0,22.0,174.9894566696235
100,1005001,T,2202,GW,Flow,Compressible,Improving,1.0,0.04966643638908863,0.0,0.0,0.0,-1.0
100,1005001,T,2202,GW,Flow,TOU,Improving,9.0,0.37993236538022757,17.0,17.0,1.0,0.3422195895726583
100,1005001,T,2202,GW,Balanced,Resource,Stagnating,74.0,2.801529454998672,170.0,170.0,10.0,37.21310063071252
100,1005001,T,2202,GW,Flow,Resource,Stagnating,45.0,1.6882947199046612,87.0,87.0,9.0,14.760785334494514
100,1005001,T,2202,GW,Flow,TOU,Stagnating,26.0,0.7548429789021611,39.0,39.0,5.0,0.743404626010542
100,1005001,T,2202,GW,Electricity,Resource,Stagnating,51.0,2.025157431140542,89.0,89.0,7.0,46.0
100,1005001,T,2202,GW,Flow,Normal,Stagnating,1.0,0.03256670478731394,0.0,0.0,0.0,-1.0
100,1005001,T,2202,GW,Flow,Normal,Improving,1.0,0.034518602304160595,5.0,5.0,0.0,0.0
100,1005001,T,2202,LEGACY,Balanced,Resource,Improving,116.0,3.6345117827877402,250.0,250.0,16.0,44.21924740233237
100,1005001,T,2202,LEGACY,Flow,Resource,Improving,34.0,0.8465035669505596,49.0,49.0,8.0,11.758760316405851
100,1005001,T,2202,LEGACY,Electricity,Resource,Improving,46.0,1.4836223321035504,65.0,65.0,4.0,9.830015229537914
100,1005001,T,2202,LEGACY,Flow,TOU,Improving,4.0,0.048973496071994305,0.0,0.0,0.0,-4.0
100,1005001,T,2202,LEGACY,Flow,Resource,Stagnating,24.0,0.5880685551092029,38.0,38.0,1.0,-3.7841720434299013
100,1005001,T,2202,LEGACY,Flow,Compressible,Improving,1.0,0.03869360592216253,0.0,0.0,0.0,-1.0
100,1005001,T,2202,LEGACY,Balanced,Resource,Stagnating,61.0,1.8556191390380263,98.0,98.0,4.0,-17.27245363594232
100,1005001,T,2202,LEGACY,Electricity,Resource,Stagnating,50.0,1.6807604422792792,100.0,100.0,8.0,34.70484372896761
100,1005001,T,2202,LEGACY,Flow,TOU,Stagnating,19.0,0.5071219699457288,31.0,31.0,2.0,7.178923004357642
100,1005001,T,2202,REFERENCE,Balanced,Resource,Improving,85.0,3.2546620834618807,236.0,236.0,18.0,102.74796703467437
100,1005001,T,2202,REFERENCE,Flow,Resource,Improving,36.0,1.006396903656423,62.0,62.0,6.0,1.645861864522577
100,1005001,T,2202,REFERENCE,Electricity,Resource,Improving,71.0,2.5229748021811247,156.0,156.0,27.0,210.85104528102536
100,1005001,T,2202,REFERENCE,Flow,Resource,Stagnating,34.0,0.9986615525558591,43.0,43.0,3.0,-8.13657632779513
100,1005001,T,2202,REFERENCE,Electricity,Resource,Stagnating,54.0,1.983017205260694,135.0,135.0,8.0,44.44796504341755
100,1005001,T,2202,REFERENCE,Balanced,Resource,Stagnating,74.0,2.775973007082939,126.0,126.0,8.0,7.470001576009409
100,1005001,T,2202,REFERENCE,Flow,Normal,Stagnating,5.0,0.17033796105533838,18.0,18.0,1.0,1.2299780288542608
100,1005002,H,1101,GW,Balanced,Resource,Improving,111.0,3.91901923622936,272.0,272.0,25.0,88.35452420410955
100,1005002,H,1101,GW,Flow,Resource,Improving,50.0,1.3825431764125824,75.0,75.0,7.0,9.840781673501219
100,1005002,H,1101,GW,Electricity,Resource,Improving,45.0,1.5304868295788765,68.0,68.0,5.0,14.521157121350903
100,1005002,H,1101,GW,Flow,Resource,Stagnating,63.0,1.9848917052149773,121.0,121.0,8.0,25.470842240932658
100,1005002,H,1101,GW,Electricity,Resource,Stagnating,20.0,0.6438353760167956,13.0,13.0,0.0,-14.0
100,1005002,H,1101,GW,Balanced,Resource,Stagnating,74.0,2.629770523868501,175.0,175.0,8.0,9.964823974669265
100,1005002,H,1101,LEGACY,Balanced,Resource,Improving,41.0,1.3750807521864772,64.0,64.0,8.0,16.588777994937892
100,1005002,H,1101,LEGACY,Flow,Resource,Improving,34.0,1.179811260662973,56.0,56.0,6.0,11.90470449649855
100,1005002,H,1101,LEGACY,Electricity,Resource,Improving,53.0,2.214116120710969,160.0,160.0,13.0,103.52111114829665
100,1005002,H,1101,LEGACY,Flow,Resource,Stagnating,38.0,1.5888173822313547,60.0,60.0,7.0,7.292034048989493
100,1005002,H,1101,LEGACY,Electricity,Resource,Stagnating,30.0,1.130537630058825,31.0,31.0,1.0,-20.202896665724452
100,1005002,H,1101,LEGACY,Balanced,Resource,Stagnating,23.0,0.7470183428376913,15.0,15.0,2.0,-7.282246933567084
100,1005002,H,1101,REFERENCE,Balanced,Resource,Improving,24.0,1.04997593536973,54.0,54.0,5.0,11.255068600686261
100,1005002,H,1101,REFERENCE,Flow,Resource,Improving,45.0,1.683907558210194,79.0,79.0,6.0,14.562504184897843
100,1005002,H,1101,REFERENCE,Electricity,Resource,Improving,40.0,1.7050960520282388,58.0,58.0,4.0,10.360539289399636
100,1005002,H,1101,REFERENCE,Flow,Resource,Stagnating,58.0,2.220177248120308,121.0,121.0,11.0,28.86697587443821
100,1005002,H,1101,REFERENCE,Electricity,Resource,Stagnating,15.0,0.6408852282911539,15.0,15.0,0.0,-9.0
100,1005002,H,1101,REFERENCE,Balanced,Resource,Stagnating,27.0,1.023102367296815,34.0,34.0,3.0,-9.88964182253416
100,1005002,H,1101,G,Balanced,Resource,Improving,25.0,0.5413642274215817,25.0,25.0,3.0,-2.6630711922189985
100,1005002,H,1101,G,Flow,Resource,Improving,50.0,1.0785887092351913,48.0,48.0,5.0,-0.6003243713120474
100,1005002,H,1101,G,Electricity,Resource,Improving,61.0,1.2252794401720166,41.0,41.0,4.0,-11.991259871868923
100,1005002,H,1101,G,Electricity,Resource,Stagnating,29.0,0.6462315833196044,18.0,18.0,0.0,-24.0
100,1005002,H,1101,G,Flow,Resource,Stagnating,23.0,0.36918195709586143,22.0,22.0,1.0,-9.52667018672696
100,1005002,H,1101,G,Balanced,Resource,Stagnating,13.0,0.44141053780913353,15.0,15.0,0.0,-5.0
100,1005002,H,1101,W,Balanced,Resource,Improving,76.0,2.8297348441556096,193.0,193.0,19.0,58.87571494779806
100,1005002,H,1101,W,Flow,Resource,Improving,67.0,2.4455979708582163,110.0,110.0,8.0,4.029574703559183
100,1005002,H,1101,W,Electricity,Resource,Improving,38.0,1.42944254912436,52.0,52.0,5.0,18.521157121350903
100,1005002,H,1101,W,Flow,Resource,Stagnating,53.0,2.739710613153875,117.0,117.0,6.0,7.187375116408951
100,1005002,H,1101,W,Electricity,Resource,Stagnating,31.0,1.4227436929941177,29.0,29.0,1.0,-9.0
100,1005002,H,1101,W,Balanced,Resource,Stagnating,31.0,1.3464602753520012,44.0,44.0,4.0,-1.46918871035039
100,1005002,H,2202,REFERENCE,Balanced,Resource,Improving,78.0,2.488644671626389,168.0,168.0,9.0,35.145550594025934
100,1005002,H,2202,REFERENCE,Flow,Resource,Improving,68.0,1.9449222730472684,104.0,104.0,9.0,32.47756260240675
100,1005002,H,2202,REFERENCE,Electricity,Resource,Improving,26.0,0.8372796606272459,42.0,42.0,2.0,6.5454243791327755
100,1005002,H,2202,REFERENCE,Electricity,Resource,Stagnating,117.0,4.288696932606399,206.0,206.0,25.0,151.44267583818825
100,1005002,H,2202,REFERENCE,Balanced,Resource,Stagnating,59.0,1.9609239092096686,105.0,105.0,5.0,11.344185707068704
100,1005002,H,2202,REFERENCE,Flow,Resource,Stagnating,24.0,0.6698110224679112,16.0,16.0,1.0,-17.012307679413325
100,1005002,H,2202,G,Balanced,Resource,Improving,66.0,1.9569789078086615,115.0,115.0,7.0,20.091464977769796
100,1005002,H,2202,G,Flow,Resource,Improving,61.0,1.556435078382492,83.0,83.0,4.0,-6.524942338485911
100,1005002,H,2202,G,Electricity,Resource,Improving,41.0,1.256587996147573,90.0,90.0,5.0,29.373205483824165
100,1005002,H,2202,G,Electricity,Resource,Stagnating,107.0,3.5523460526019335,208.0,208.0,28.0,190.1601777606897
100,1005002,H,2202,G,Flow,Resource,Stagnating,29.0,0.7267160136252642,38.0,38.0,1.0,-10.64500749234422
100,1005002,H,2202,G,Balanced,Resource,Stagnating,40.0,1.2125774333253503,45.0,45.0,2.0,-8.41819393355275
100,1005002,H,2202,W,Balanced,Resource,Improving,45.0,1.7378263045102358,108.0,108.0,7.0,8.943006805033221
100,1005002,H,2202,W,Flow,Resource,Improving,29.0,1.1392536498606205,45.0,45.0,2.0,-0.7388476698856365
100,1005002,H,2202,W,Electricity,Resource,Improving,53.0,2.493517803028226,103.0,103.0,8.0,53.398467388134904
100,1005002,H,2202,W,Electricity,Resource,Stagnating,20.0,0.794218547642231,16.0,16.0,0.0,-13.0
100,1005002,H,2202,W,Balanced,Resource,Stagnating,92.0,3.491609262302518,218.0,218.0,18.0,43.38962789010006
100,1005002,H,2202,W,Flow,Resource,Stagnating,34.0,1.2634971821680665,61.0,61.0,6.0,9.27852602451417
100,1005002,H,2202,GW,Balanced,Resource,Improving,51.0,1.3625257490202785,103.0,103.0,9.0,14.726043694552256
100,1005002,H,2202,GW,Flow,Resource,Improving,107.0,2.5698158452287316,211.0,211.0,13.0,41.703230887851696
100,1005002,H,2202,GW,Electricity,Resource,Improving,51.0,1.9755747206509113,97.0,97.0,6.0,12.635095616287991
100,1005002,H,2202,GW,Electricity,Resource,Stagnating,38.0,1.3210437204688787,60.0,60.0,0.0,-20.0
100,1005002,H,2202,GW,Balanced,Resource,Stagnating,56.0,1.8931404948234558,113.0,113.0,10.0,40.035496371435116
100,1005002,H,2202,GW,Flow,Resource,Stagnating,65.0,1.6141856908798218,116.0,116.0,10.0,26.463022715602804
100,1005002,H,2202,LEGACY,Balanced,Resource,Improving,50.0,1.586203271523118,75.0,75.0,4.0,-14.640902580639068
100,1005002,H,2202,LEGACY,Flow,Resource,Improving,23.0,0.654856888577342,12.0,12.0,0.0,-19.0
100,1005002,H,2202,LEGACY,Electricity,Resource,Improving,24.0,0.8191357320174575,58.0,58.0,1.0,-7.168568563988594
100,1005002,H,2202,LEGACY,Balanced,Resource,Stagnating,46.0,1.5541059486567974,64.0,64.0,4.0,6.722990322392203
100,1005002,H,2202,LEGACY,Flow,Resource,Stagnating,29.0,0.7280388372018933,22.0,22.0,2.0,-7.106527094831204
100,1005002,H,2202,LEGACY,Electricity,Resource,Stagnating,46.0,1.8395345490425825,97.0,97.0,5.0,24.64400794884741
100,1005002,T,1101,LEGACY,Balanced,Resource,Improving,72.0,2.5156686874106526,155.0,155.0,16.0,42.33221843773778
100,1005002,T,1101,LEGACY,Electricity,Resource,Improving,49.0,2.2727594170719385,108.0,108.0,10.0,58.64015744982976
100,1005002,T,1101,LEGACY,Flow,Resource,Improving,20.0,0.5411244016140699,16.0,16.0,1.0,-12.243671227679854
100,1005002,T,1101,LEGACY,Balanced,Resource,Stagnating,62.0,2.123178959824145,115.0,115.0,14.0,29.90031196373446
100,1005002,T,1101,LEGACY,Electricity,Resource,Stagnating,17.0,0.8471761364489794,12.0,12.0,0.0,-14.0
100,1005002,T,1101,LEGACY,Flow,Resource,Stagnating,35.0,0.7324659191071987,18.0,18.0,4.0,-13.339165964145696
100,1005002,T,1101,REFERENCE,Balanced,Resource,Improving,51.0,1.4266192773357034,78.0,78.0,10.0,47.78616969384925
100,1005002,T,1101,REFERENCE,Electricity,Resource,Improving,49.0,1.8647962426766753,100.0,100.0,15.0,121.23892745755455
100,1005002,T,1101,REFERENCE,Flow,Resource,Improving,14.0,0.5518078021705151,22.0,22.0,0.0,-7.0
100,1005002,T,1101,REFERENCE,Balanced,Resource,Stagnating,28.0,0.9763748198747635,12.0,12.0,1.0,-16.102610699191246
100,1005002,T,1101,REFERENCE,Flow,Resource,Stagnating,33.0,1.0221937149763107,56.0,56.0,5.0,4.480930891961432
100,1005002,T,1101,REFERENCE,Electricity,Resource,Stagnating,12.0,0.6521168444305658,0.0,0.0,0.0,-12.0
100,1005002,T,1101,REFERENCE,Flow,TOU,Improving,2.0,0.0748775526881218,6.0,6.0,1.0,3.5536702037920147
100,1005002,T,1101,REFERENCE,Flow,TOU,Stagnating,1.0,0.021081596612930298,1.0,1.0,0.0,0.0
100,1005002,T,1101,REFERENCE,Flow,Normal,Stagnating,1.0,0.05128224939107895,5.0,5.0,1.0,3.4244639039590545
100,1005002,T,1101,G,Balanced,Resource,Improving,53.0,1.6585600757971406,66.0,66.0,9.0,23.07188501217353
100,1005002,T,1101,G,Flow,Resource,Improving,24.0,0.6369312088936567,31.0,31.0,3.0,0.7133419709323459
100,1005002,T,1101,G,Electricity,Resource,Improving,44.0,1.5163522250950336,66.0,66.0,12.0,83.32962530841176
100,1005002,T,1101,G,Flow,Resource,Stagnating,35.0,1.0747481537982821,71.0,71.0,5.0,7.473286383514221
100,1005002,T,1101,G,Balanced,Resource,Stagnating,34.0,0.7441856022924185,16.0,16.0,2.0,-14.234138524092259
100,1005002,T,1101,G,Electricity,Resource,Stagnating,13.0,0.44260619301348925,27.0,27.0,1.0,-5.386487341696785
100,1005002,T,1101,W,Balanced,Resource,Improving,55.0,1.937957663089037,108.0,108.0,9.0,35.01140046008477
100,1005002,T,1101,W,Electricity,Resource,Improving,31.0,1.2536513954401016,48.0,48.0,3.0,2.732413644912924
100,1005002,T,1101,W,Flow,Resource,Improving,43.0,1.4346403945237398,36.0,36.0,5.0,-13.538990996176352
100,1005002,T,1101,W,Balanced,Resource,Stagnating,68.0,2.553906192071736,137.0,137.0,10.0,20.29416552458316
100,1005002,T,1101,W,Flow,Resource,Stagnating,25.0,0.9366620890796185,12.0,12.0,1.0,-18.406054738398325
100,1005002,T,1101,W,Electricity,Resource,Stagnating,16.0,0.7649013437330723,41.0,41.0,3.0,-0.2956553664307249
100,1005002,T,1101,GW,Balanced,Resource,Improving,56.0,1.705476756207645,129.0,129.0,9.0,33.0843058840364
100,1005002,T,1101,GW,Electricity,Resource,Improving,47.0,1.909898903220892,108.0,108.0,8.0,35.08582667851317
100,1005002,T,1101,GW,Flow,Resource,Improving,30.0,0.7952883904799819,46.0,46.0,7.0,21.3266782829635
100,1005002,T,1101,GW,Balanced,Resource,Stagnating,88.0,2.9673586329445243,184.0,184.0,15.0,61.783255907044904
100,1005002,T,1101,GW,Flow,Resource,Stagnating,52.0,1.6065427428111434,84.0,84.0,9.0,15.619099387595035
100,1005002,T,1101,GW,Electricity,Resource,Stagnating,32.0,1.552039342932403,46.0,46.0,2.0,-1.3784289287383356
100,1005002,T,2202,G,Balanced,Resource,Improving,66.0,1.5164807653054595,92.0,92.0,10.0,25.341022011575205
100,1005002,T,2202,G,Flow,Resource,Improving,59.0,1.3475271416828036,112.0,112.0,9.0,20.587706129206428
100,1005002,T,2202,G,Electricity,Resource,Improving,78.0,2.299643551930785,158.0,158.0,11.0,53.44947560842654
100,1005002,T,2202,G,Balanced,Resource,Stagnating,33.0,0.6760083111003041,39.0,39.0,4.0,2.9821805788131073
100,1005002,T,2202,G,Flow,Resource,Stagnating,40.0,0.9542688289657235,60.0,60.0,3.0,5.865208222977651
100,1005002,T,2202,G,Electricity,Resource,Stagnating,34.0,0.9028183268383145,18.0,18.0,1.0,-17.0
100,1005002,T,2202,W,Balanced,Resource,Improving,81.0,2.730869839899242,232.0,232.0,21.0,82.06702302347489
100,1005002,T,2202,W,Flow,Resource,Improving,34.0,1.4248189143836498,90.0,90.0,1.0,-7.787655345543071
100,1005002,T,2202,W,Electricity,Resource,Stagnating,46.0,1.5276216519996524,79.0,79.0,3.0,3.0161826978104855
100,1005002,T,2202,W,Electricity,Resource,Improving,34.0,1.1677707871422172,49.0,49.0,1.0,-8.0
100,1005002,T,2202,W,Flow,Resource,Stagnating,61.0,2.6838076105341315,134.0,134.0,7.0,19.122449756671465
100,1005002,T,2202,W,Balanced,Resource,Stagnating,59.0,2.699956667609513,130.0,130.0,6.0,11.054627261766408
100,1005002,T,2202,GW,Balanced,Resource,Improving,80.0,2.8716995688155293,217.0,217.0,20.0,72.28647280799048
100,1005002,T,2202,GW,Flow,Resource,Improving,19.0,0.8350011995062232,33.0,33.0,0.0,-10.0
100,1005002,T,2202,GW,Electricity,Resource,Stagnating,33.0,0.9817847525700927,53.0,53.0,3.0,8.016182697810486
100,1005002,T,2202,GW,Electricity,Resource,Improving,39.0,1.10016477573663,45.0,45.0,0.0,-25.0
100,1005002,T,2202,GW,Flow,Resource,Stagnating,43.0,1.657040797173977,132.0,132.0,5.0,17.204256666212608
100,1005002,T,2202,GW,Balanced,Resource,Stagnating,28.0,0.6240855343639851,25.0,25.0,1.0,-12.571739589667413
100,1005002,T,2202,LEGACY,Balanced,Resource,Improving,58.0,1.659231597557664,45.0,45.0,6.0,-1.1853181098113836
100,1005002,T,2202,LEGACY,Flow,Resource,Improving,44.0,1.204420205205679,44.0,44.0,6.0,3.8400122134118018
100,1005002,T,2202,LEGACY,Flow,Resource,Stagnating,56.0,1.709745922125876,71.0,71.0,5.0,-14.756468089622102
100,1005002,T,2202,LEGACY,Electricity,Resource,Improving,26.0,0.8011478735134006,21.0,21.0,2.0,-0.1339981992433259
100,1005002,T,2202,LEGACY,Electricity,Resource,Stagnating,19.0,0.4961597537621856,30.0,30.0,1.0,0.0
100,1005002,T,2202,LEGACY,Balanced,Resource,Stagnating,47.0,1.4734214544296265,36.0,36.0,3.0,-15.934477511123738
100,1005002,T,2202,REFERENCE,Balanced,Resource,Improving,67.0,1.8174893790856004,98.0,98.0,14.0,43.57855494910849
100,1005002,T,2202,REFERENCE,Flow,Resource,Improving,59.0,1.7653920268639922,115.0,115.0,12.0,30.24495246257908
100,1005002,T,2202,REFERENCE,Electricity,Resource,Improving,81.0,2.3995663607493043,150.0,150.0,11.0,49.44947560842654
100,1005002,T,2202,REFERENCE,Balanced,Resource,Stagnating,31.0,0.9362677223980427,45.0,45.0,3.0,-0.40628239416579603
100,1005002,T,2202,REFERENCE,Flow,Resource,Stagnating,38.0,1.196441917680204,69.0,69.0,3.0,3.475414121202526
100,1005002,T,2202,REFERENCE,Electricity,Resource,Stagnating,26.0,0.7294855825603008,23.0,23.0,1.0,-9.0
100,1005003,H,2202,LEGACY,Balanced,Resource,Improving,74.0,2.5919047901406884,208.0,208.0,10.0,36.55705448044751
100,1005003,H,2202,LEGACY,Flow,Resource,Improving,97.0,3.282217599451542,349.0,349.0,13.0,69.485589146682
100,1005003,H,2202,LEGACY,Electricity,Resource,Improving,65.0,2.224637378938496,150.0,150.0,10.0,68.38152388264085
100,1005003,H,2202,LEGACY,Flow,Resource,Stagnating,61.0,2.3929523499682546,195.0,195.0,5.0,8.178500625512171
100,1005003,H,2202,LEGACY,Electricity,Resource,Stagnating,57.0,1.7118143904954195,112.0,112.0,8.0,45.36022236828086
100,1005003,H,2202,LEGACY,Balanced,Resource,Stagnating,30.0,1.030903029255569,82.0,82.0,3.0,0.367892018513869
100,1005003,H,2202,REFERENCE,Balanced,Resource,Improving,78.0,3.4521394604817033,207.0,207.0,14.0,53.064359327833884
100,1005003,H,2202,REFERENCE,Flow,Resource,Improving,77.0,3.0277504418045282,272.0,272.0,14.0,37.42940641337923
100,1005003,H,2202,REFERENCE,Electricity,Resource,Improving,66.0,2.3074839366599917,188.0,188.0,21.0,140.60829020742173
100,1005003,H,2202,REFERENCE,Balanced,Resource,Stagnating,112.0,5.238028544001281,295.0,295.0,14.0,34.441710422907505
100,1005003,H,2202,REFERENCE,Flow,Resource,Stagnating,51.0,2.022083070129156,180.0,180.0,8.0,16.053326054742378
100,1005003,H,2202,REFERENCE,Electricity,Resource,Stagnating,55.0,2.020820918492973,153.0,153.0,17.0,128.12041066323823
100,1005003,H,2202,G,Balanced,Resource,Improving,80.0,3.1623381432145834,269.0,269.0,12.0,44.6083614808118
100,1005003,H,2202,G,Flow,Resource,Improving,49.0,2.070707034319639,186.0,186.0,5.0,5.792911428452941
100,1005003,H,2202,G,Electricity,Resource,Improving,45.0,1.6912375390529633,148.0,148.0,2.0,-8.26678037076942
100,1005003,H,2202,G,Balanced,Resource,Stagnating,66.0,2.411254151724279,173.0,173.0,6.0,25.887576897054416
100,1005003,H,2202,G,Flow,Resource,Stagnating,121.0,4.826183849014342,465.0,465.0,18.0,69.75984695491567
100,1005003,H,2202,G,Electricity,Resource,Stagnating,23.0,0.9565794030204415,53.0,53.0,1.0,-7.905280900785463
100,1005003,H,2202,W,Balanced,Resource,Improving,151.0,6.136794650927186,524.0,524.0,38.0,233.72575387547874
100,1005003,H,2202,W,Flow,Resource,Improving,136.0,5.105055632069707,573.0,573.0,27.0,132.57114918562127
100,1005003,H,2202,W,Electricity,Resource,Improving,75.0,3.16317072045058,185.0,185.0,22.0,166.8996498572369
100,1005003,H,2202,W,Balanced,Resource,Stagnating,81.0,3.344997152686119,240.0,240.0,13.0,45.54656676432578
100,1005003,H,2202,W,Flow,Resource,Stagnating,64.0,2.5658355969935656,215.0,215.0,7.0,27.94516067777018
100,1005003,H,2202,W,Electricity,Resource,Stagnating,34.0,1.659915629774332,64.0,64.0,2.0,-8.138436440771903
100,1005003,H,2202,W,Flow,TOU,Improving,2.0,0.06423270516097546,5.0,5.0,0.0,0.0
100,1005003,H,2202,GW,Balanced,Resource,Improving,96.0,3.6697767386212945,319.0,319.0,14.0,76.55582514450244
100,1005003,H,2202,GW,Flow,Resource,Improving,99.0,4.418672336265445,452.0,452.0,19.0,81.79983620733076
100,1005003,H,2202,GW,Electricity,Resource,Improving,82.0,3.4134408347308636,225.0,225.0,12.0,67.46971569842988
100,1005003,H,2202,GW,Flow,Resource,Stagnating,164.0,7.341025657951832,742.0,742.0,37.0,164.3273426175325
100,1005003,H,2202,GW,Balanced,Resource,Stagnating,53.0,2.1896652271971107,173.0,173.0,7.0,18.05918806368705
100,1005003,H,2202,GW,Electricity,Resource,Stagnating,58.0,2.6263749077916145,175.0,175.0,0.0,-17.0
100,1005003,H,2202,GW,Flow,TOU,Stagnating,9.0,0.4679034035652876,38.0,38.0,1.0,0.7746719328516072
100,1005003,H,1101,W,Flow,Resource,Improving,206.0,9.071071919985116,809.0,809.0,42.0,167.46301113161184
100,1005003,H,1101,W,Balanced,Resource,Improving,73.0,2.687094415538013,287.0,287.0,7.0,7.5537561624873995
100,1005003,H,1101,W,Electricity,Resource,Stagnating,66.0,2.906719167716801,198.0,198.0,20.0,167.5498512873639
100,1005003,H,1101,W,Balanced,Resource,Stagnating,89.0,3.3679997036233544,368.0,368.0,7.0,24.13511779236453
100,1005003,H,1101,W,Electricity,Resource,Improving,46.0,1.9149915287271142,148.0,148.0,4.0,20.694677549148263
100,1005003,H,1101,W,Flow,Resource,Stagnating,49.0,1.8392444923520088,203.0,203.0,7.0,12.778846115731907
100,1005003,H,1101,GW,Flow,Resource,Improving,92.0,4.229105916805565,359.0,359.0,14.0,82.42860963736229
100,1005003,H,1101,GW,Balanced,Resource,Improving,71.0,2.9129091212525964,287.0,287.0,7.0,9.5537561624874
100,1005003,H,1101,GW,Electricity,Resource,Stagnating,58.0,2.842365501448512,170.0,170.0,19.0,167.15380986829047
100,1005003,H,1101,GW,Balanced,Resource,Stagnating,83.0,3.500623533502221,342.0,342.0,7.0,22.79678809102107
100,1005003,H,1101,GW,Electricity,Resource,Improving,60.0,2.461390985175967,204.0,204.0,6.0,31.45568831775708
100,1005003,H,1101,GW,Flow,Resource,Stagnating,69.0,3.2125366805121303,295.0,295.0,10.0,35.72092649463623
100,1005003,H,1101,LEGACY,Flow,Resource,Improving,77.0,3.4658902306109667,274.0,274.0,10.0,63.02112065961764
100,1005003,H,1101,LEGACY,Balanced,Resource,Improving,29.0,1.1235226597636938,87.0,87.0,2.0,1.4395638187432223
100,1005003,H,1101,LEGACY,Electricity,Resource,Improving,28.0,1.094946140423417,35.0,35.0,2.0,4.0
100,1005003,H,1101,LEGACY,Flow,Resource,Stagnating,44.0,1.5760580794885755,144.0,144.0,4.0,19.070040635052038
100,1005003,H,1101,LEGACY,Electricity,Resource,Stagnating,20.0,0.7819940326735377,29.0,29.0,0.0,-10.0
100,1005003,H,1101,LEGACY,Balanced,Resource,Stagnating,34.0,1.172762249596417,89.0,89.0,0.0,-11.0
100,1005003,H,1101,REFERENCE,Flow,Resource,Improving,138.0,5.240099489688873,484.0,484.0,30.0,172.76701359706473
100,1005003,H,1101,REFERENCE,Balanced,Resource,Improving,89.0,3.1854734821245074,319.0,319.0,5.0,13.4930926477466
100,1005003,H,1101,REFERENCE,Electricity,Resource,Improving,42.0,1.5316017838194966,130.0,130.0,5.0,29.91061013213828
100,1005003,H,1101,REFERENCE,Balanced,Resource,Stagnating,94.0,3.3795067351311445,343.0,343.0,6.0,11.839155413315176
100,1005003,H,1101,REFERENCE,Electricity,Resource,Stagnating,67.0,2.572940554469824,208.0,208.0,12.0,57.440484505959546
100,1005003,H,1101,REFERENCE,Flow,Resource,Stagnating,50.0,1.8841686742380261,196.0,196.0,9.0,33.04615124274558
100,1005003,H,1101,G,Flow,Resource,Improving,97.0,3.3620891263708472,349.0,349.0,17.0,96.8840796425414
100,1005003,H,1101,G,Balanced,Resource,Improving,100.0,3.404510780237615,372.0,372.0,7.0,19.491338531658997
100,1005003,H,1101,G,Electricity,Resource,Improving,34.0,1.3522908305749297,105.0,105.0,5.0,36.91061013213828
100,1005003,H,1101,G,Balanced,Resource,Stagnating,109.0,4.394045361317694,399.0,399.0,10.0,33.80933111014748
100,1005003,H,1101,G,Electricity,Resource,Stagnating,58.0,2.3111897045746446,191.0,191.0,11.0,50.780072498627106
100,1005003,H,1101,G,Flow,Resource,Stagnating,192.0,8.753019764088094,634.0,634.0,40.0,240.45229357458385
100,1005003,T,2202,REFERENCE,Balanced,Resource,Improving,120.0,4.293012044392526,444.0,444.0,38.0,223.87392542667786
100,1005003,T,2202,REFERENCE,Flow,Resource,Improving,95.0,3.282890803180635,335.0,335.0,18.0,68.78498555973151
100,1005003,T,2202,REFERENCE,Electricity,Resource,Improving,47.0,1.5454876013100147,91.0,91.0,2.0,-8.705685219665314
100,1005003,T,2202,REFERENCE,Electricity,Resource,Stagnating,101.0,3.493347242474556,211.0,211.0,16.0,106.63730496591046
100,1005003,T,2202,REFERENCE,Balanced,Resource,Stagnating,38.0,1.2652161493897438,93.0,93.0,1.0,-13.306566686008143
100,1005003,T,2202,REFERENCE,Flow,Resource,Stagnating,102.0,3.4549452355131507,392.0,392.0,18.0,42.37753701071191
100,1005003,T,2202,G,Balanced,Resource,Improving,131.0,4.729299613274634,465.0,465.0,42.0,220.77205360867052
100,1005003,T,2202,G,Flow,Resource,Improving,71.0,2.729157855734229,228.0,228.0,20.0,72.29450876084276
100,1005003,T,2202,G,Electricity,Resource,Improving,52.0,1.623389040119946,77.0,77.0,3.0,-0.554775290819082
100,1005003,T,2202,G,Flow,Resource,Stagnating,99.0,4.674688796512783,370.0,370.0,22.0,103.46336286758199
100,1005003,T,2202,G,Electricity,Resource,Stagnating,28.0,0.8513025464490056,24.0,24.0,0.0,-17.0
100,1005003,T,2202,G,Balanced,Resource,Stagnating,43.0,1.6516028391197324,136.0,136.0,3.0,3.758295496472405
100,1005003,T,2202,W,Balanced,Resource,Improving,160.0,7.6573997642844915,594.0,594.0,43.0,208.09037037265838
100,1005003,T,2202,W,Flow,Resource,Improving,42.0,1.8058508476242423,156.0,156.0,6.0,22.03627507790317
100,1005003,T,2202,W,Electricity,Resource,Improving,63.0,3.144841336645186,121.0,121.0,12.0,64.53623067355896
100,1005003,T,2202,W,Balanced,Resource,Stagnating,66.0,3.08891465049237,193.0,193.0,14.0,33.607409325384296
100,1005003,T,2202,W,Flow,Resource,Stagnating,85.0,3.026148530654609,310.0,310.0,16.0,50.25677919949184
100,1005003,T,2202,W,Electricity,Resource,Stagnating,37.0,1.7509092018008232,71.0,71.0,1.0,-9.46848584858878
100,1005003,T,2202,GW,Balanced,Resource,Improving,125.0,4.008988510817289,439.0,439.0,35.0,204.78574246531574
100,1005003,T,2202,GW,Flow,Resource,Improving,109.0,3.6882505835965276,461.0,461.0,28.0,161.5467776367403
100,1005003,T,2202,GW,Electricity,Resource,Improving,80.0,2.6948652863502502,197.0,197.0,8.0,33.31214996203049
100,1005003,T,2202,GW,Balanced,Resource,Stagnating,92.0,2.747956275008619,253.0,253.0,8.0,32.03929361869467
100,1005003,T,2202,GW,Flow,Resource,Stagnating,18.0,0.6219764659181237,62.0,62.0,0.0,-3.0
100,1005003,T,2202,GW,Flow,TOU,Stagnating,2.0,0.0481677558273077,9.0,9.0,0.0,0.0
100,1005003,T,2202,GW,Electricity,Resource,Stagnating,39.0,1.5684435991570354,85.0,85.0,4.0,0.7660727485441052
100,1005003,T,2202,GW,Flow,TOU,Improving,1.0,0.04896414652466774,4.0,4.0,0.0,0.0
100,1005003,T,2202,LEGACY,Balanced,Resource,Improving,83.0,3.1465846626088023,185.0,185.0,11.0,53.096890624398014
100,1005003,T,2202,LEGACY,Flow,Resource,Improving,147.0,5.773555698804557,421.0,421.0,46.0,157.54091453693658
100,1005003,T,2202,LEGACY,Electricity,Resource,Improving,71.0,2.69503256585449,138.0,138.0,10.0,55.46663660205755
100,1005003,T,2202,LEGACY,Electricity,Resource,Stagnating,15.0,0.610550157725811,31.0,31.0,0.0,-6.0
100,1005003,T,2202,LEGACY,Balanced,Resource,Stagnating,107.0,4.144457211717963,285.0,285.0,21.0,77.26126627951167
100,1005003,T,2202,LEGACY,Flow,Resource,Stagnating,177.0,6.831707904115319,527.0,527.0,48.0,142.6236780699055
100,1005003,T,1101,GW,Electricity,Resource,Improving,24.0,0.8452681256458163,55.0,55.0,2.0,6.240231822946594
100,1005003,T,1101,GW,Flow,Resource,Improving,96.0,3.6367643838748336,399.0,399.0,17.0,75.62036075366771
100,1005003,T,1101,GW,Balanced,Resource,Improving,92.0,3.3925761161372066,250.0,250.0,20.0,73.75878757853452
100,1005003,T,1101,GW,Balanced,Resource,Stagnating,58.0,2.248300826177001,149.0,149.0,5.0,-0.4821778972150952
100,1005003,T,1101,GW,Flow,Resource,Stagnating,104.0,3.5086639830842614,376.0,376.0,13.0,51.92722546836482
100,1005003,T,1101,GW,Electricity,Resource,Stagnating,42.0,1.5461651822552085,117.0,117.0,6.0,12.778444722285549
100,1005003,T,1101,GW,Flow,TOU,Stagnating,1.0,0.045643534511327744,4.0,4.0,0.0,0.0
100,1005003,T,1101,GW,Flow,Compressible,Stagnating,1.0,0.04476734437048435,3.0,3.0,0.0,0.0
100,1005003,T,1101,LEGACY,Electricity,Resource,Improving,40.0,1.5945510091260076,54.0,54.0,5.0,20.53967687316718
100,1005003,T,1101,LEGACY,Flow,Resource,Improving,43.0,1.8221970675513148,132.0,132.0,7.0,19.73856814790028
100,1005003,T,1101,LEGACY,Balanced,Resource,Improving,32.0,1.2006320739164948,69.0,69.0,3.0,2.9172414963578257
100,1005003,T,1101,LEGACY,Flow,Resource,Stagnating,40.0,1.9406706485897303,59.0,59.0,0.0,-18.0
100,1005003,T,1101,LEGACY,Balanced,Resource,Stagnating,31.0,1.2458764174953103,57.0,57.0,2.0,3.7738165549237657
100,1005003,T,1101,LEGACY,Electricity,Resource,Stagnating,24.0,1.0864696903154254,30.0,30.0,1.0,-10.218783071600136
100,1005003,T,1101,LEGACY,Flow,TOU,Improving,1.0,0.025249809958040714,2.0,2.0,0.0,0.0
100,1005003,T,1101,LEGACY,Flow,TOU,Stagnating,31.0,1.396055694669485,118.0,118.0,5.0,15.787485969601338
100,1005003,T,1101,REFERENCE,Electricity,Resource,Improving,76.0,3.202093407511711,167.0,167.0,16.0,124.11207882024047
100,1005003,T,1101,REFERENCE,Flow,Resource,Improving,70.0,3.0337253995239735,216.0,216.0,7.0,33.687448313858326
100,1005003,T,1101,REFERENCE,Balanced,Resource,Improving,43.0,1.7022741911932826,124.0,124.0,3.0,8.58631213374577
100,1005003,T,1101,REFERENCE,Flow,Resource,Stagnating,44.0,1.9810971999540925,161.0,161.0,2.0,1.678214712713423
100,1005003,T,1101,REFERENCE,Electricity,Resource,Stagnating,61.0,2.5061476780101657,121.0,121.0,12.0,56.32941152302402
100,1005003,T,1101,REFERENCE,Balanced,Resource,Stagnating,45.0,1.9330962430685759,161.0,161.0,6.0,18.771932701095835
100,1005003,T,1101,G,Electricity,Resource,Improving,32.0,0.9321765275672078,49.0,49.0,2.0,0.3094412354255027
100,1005003,T,1101,G,Flow,Resource,Improving,79.0,2.762930895201862,299.0,299.0,14.0,35.37604278907247
100,1005003,T,1101,G,Balanced,Resource,Improving,73.0,2.5536096738651395,184.0,184.0,9.0,29.337808611318735
100,1005003,T,1101,G,Flow,Resource,Stagnating,90.0,2.872505759820342,336.0,336.0,7.0,18.544581519348235
100,1005003,T,1101,G,Electricity,Resource,Stagnating,20.0,0.705585116520524,31.0,31.0,0.0,-12.0
100,1005003,T,1101,G,Balanced,Resource,Stagnating,80.0,2.4598026424646378,188.0,188.0,10.0,32.77935726968284
100,1005003,T,1101,G,Flow,TOU,Stagnating,1.0,0.01708320528268814,3.0,3.0,0.0,0.0
100,1005003,T,1101,W,Electricity,Resource,Improving,37.0,1.5848498856648803,140.0,140.0,4.0,17.363787559462395
100,1005003,T,1101,W,Flow,Resource,Improving,42.0,1.6184493890032172,173.0,173.0,2.0,2.234834346860053
100,1005003,T,1101,W,Balanced,Resource,Improving,82.0,3.2246337877586484,267.0,267.0,14.0,73.97576026620924
100,1005003,T,1101,W,Flow,Resource,Stagnating,162.0,6.873284499160945,719.0,719.0,19.0,75.20396548750747
100,1005003,T,1101,W,Balanced,Resource,Stagnating,129.0,6.103106740862131,340.0,340.0,16.0,95.56296601410364
100,1005003,T,1101,W,Electricity,Resource,Stagnating,45.0,2.084581196308136,98.0,98.0,3.0,-5.987694457468131
100,1005004,H,2202,LEGACY,Balanced,Resource,Improving,99.0,2.973297057673335,188.0,188.0,20.0,60.58077553343777
100,1005004,H,2202,LEGACY,Flow,Resource,Improving,66.0,1.780335103161633,99.0,99.0,12.0,38.45160657216163
100,1005004,H,2202,LEGACY,Electricity,Resource,Improving,37.0,1.192142722196877,55.0,55.0,3.0,1.2152251463682582
100,1005004,H,2202,LEGACY,Balanced,Resource,Stagnating,49.0,1.4725918797776103,89.0,89.0,6.0,-1.8938874388284583
100,1005004,H,2202,LEGACY,Flow,Resource,Stagnating,45.0,1.1464517628774047,58.0,58.0,6.0,4.574195500340613
100,1005004,H,2202,LEGACY,Electricity,Resource,Stagnating,53.0,1.6301473649218678,54.0,54.0,4.0,4.245814020070835
100,1005004,H,2202,LEGACY,Flow,Normal,Stagnating,1.0,0.019229475408792496,0.0,0.0,0.0,-1.0
100,1005004,H,2202,REFERENCE,Balanced,Resource,Improving,84.0,2.92860862147063,223.0,223.0,27.0,163.46395809939617
100,1005004,H,2202,REFERENCE,Electricity,Resource,Improving,81.0,2.9462435115128756,214.0,214.0,20.0,117.68099230865154
100,1005004,H,2202,REFERENCE,Flow,Resource,Improving,40.0,0.8501641191542149,26.0,26.0,4.0,-4.983333190209471
100,1005004,H,2202,REFERENCE,Flow,Resource,Stagnating,62.0,2.060808344744146,50.0,50.0,9.0,-1.765775423480986
100,1005004,H,2202,REFERENCE,Electricity,Resource,Stagnating,33.0,1.384210366755724,38.0,38.0,0.0,-22.0
100,1005004,H,2202,REFERENCE,Balanced,Resource,Stagnating,29.0,1.1603935677558184,48.0,48.0,3.0,0.5769281098081223
100,1005004,H,2202,G,Balanced,Resource,Improving,141.0,4.871116431429982,306.0,306.0,45.0,285.7628837010412
100,1005004,H,2202,G,Electricity,Resource,Improving,84.0,3.188598050735891,226.0,226.0,25.0,185.0801177860678
100,1005004,H,2202,G,Flow,Resource,Improving,53.0,1.7312866309657693,58.0,58.0,13.0,32.03707806596884
100,1005004,H,2202,G,Flow,Resource,Stagnating,82.0,2.2805501176044345,92.0,92.0,19.0,29.713937448805183
100,1005004,H,2202,G,Balanced,Resource,Stagnating,72.0,2.2319149235263467,110.0,110.0,16.0,46.23532844066765
100,1005004,H,2202,G,Electricity,Resource,Stagnating,40.0,1.3079593554139137,77.0,77.0,7.0,19.533084052574043
100,1005004,H,2202,W,Balanced,Resource,Improving,135.0,4.400645464658737,379.0,379.0,44.0,219.6614990919514
100,1005004,H,2202,W,Flow,Resource,Improving,49.0,1.4671010999009013,88.0,88.0,9.0,4.853281060792536
100,1005004,H,2202,W,Electricity,Resource,Improving,86.0,3.2332378765568137,252.0,252.0,25.0,174.23827701782798
100,1005004,H,2202,W,Electricity,Resource,Stagnating,55.0,1.8212248086929321,72.0,72.0,8.0,37.59622272460781
100,1005004,H,2202,W,Flow,Resource,Stagnating,71.0,1.9379286207258701,122.0,122.0,11.0,3.398052678664641
100,1005004,H,2202,W,Balanced,Resource,Stagnating,57.0,1.7807108080014586,105.0,105.0,4.0,-4.738336685501111
100,1005004,H,2202,GW,Balanced,Resource,Improving,145.0,4.600017564371228,392.0,392.0,46.0,208.5067795970157
100,1005004,H,2202,GW,Flow,Resource,Improving,43.0,1.2158037852495909,68.0,68.0,6.0,2.89695506738121
100,1005004,H,2202,GW,Electricity,Resource,Improving,90.0,2.9120912002399564,215.0,215.0,25.0,165.23827701782798
100,1005004,H,2202,GW,Electricity,Resource,Stagnating,49.0,1.6217573611065745,64.0,64.0,9.0,53.59622272460781
100,1005004,H,2202,GW,Flow,Resource,Stagnating,65.0,1.8653611214831471,100.0,100.0,19.0,53.544822535444055
100,1005004,H,2202,GW,Balanced,Resource,Stagnating,66.0,2.153427829965949,128.0,128.0,6.0,-2.8957375837494617
100,1005004,H,1101,W,Balanced,Resource,Improving,81.0,2.8776118932291865,256.0,256.0,15.0,87.14320679215695
100,1005004,H,1101,W,Flow,Resource,Improving,89.0,2.7567841447889805,175.0,175.0,22.0,82.43206885852082
100,1005004,H,1101,W,Electricity,Resource,Improving,22.0,0.9232419766485691,74.0,74.0,1.0,5.0
100,1005004,H,1101,W,Electricity,Resource,Stagnating,94.0,3.9127723053097725,326.0,326.0,19.0,159.25126395327524
100,1005004,H,1101,W,Balanced,Resource,Stagnating,85.0,3.2370027666911483,246.0,246.0,2.0,-17.294852781345643
100,1005004,H,1101,W,Flow,Resource,Stagnating,80.0,2.529982470907271,161.0,161.0,21.0,79.64625831708884
100,1005004,H,1101,W,Flow,Normal,Stagnating,1.0,0.045658377930521965,5.0,5.0,0.0,0.0
100,1005004,H,1101,W,Flow,Normal,Improving,1.0,0.05688648018985987,5.0,5.0,0.0,0.0
100,1005004,H,1101,GW,Balanced,Resource,Improving,113.0,4.694841385819018,359.0,359.0,23.0,124.6549769025307
100,1005004,H,1101,GW,Flow,Resource,Improving,92.0,2.8018577275797725,163.0,163.0,18.0,56.36785832911018
100,1005004,H,1101,GW,Electricity,Resource,Improving,35.0,1.4035439128056169,108.0,108.0,4.0,20.84224316896409
100,1005004,H,1101,GW,Electricity,Resource,Stagnating,85.0,3.9528527026996017,324.0,324.0,21.0,150.74542677289455
100,1005004,H,1101,GW,Balanced,Resource,Stagnating,62.0,2.9664444783702493,152.0,152.0,9.0,15.567382114350409
100,1005004,H,1101,GW,Flow,Resource,Stagnating,61.0,1.967598452232778,127.0,127.0,9.0,22.230342286711938
100,1005004,H,1101,GW,Flow,Normal,Stagnating,2.0,0.05100633762776852,0.0,0.0,0.0,-2.0
100,1005004,H,1101,GW,Flow,Normal,Improving,5.0,0.1638966090977192,6.0,6.0,1.0,3.882806161174236
100,1005004,H,1101,LEGACY,Balanced,Resource,Improving,25.0,0.6863638591021299,44.0,44.0,2.0,-11.023523943403902
100,1005004,H,1101,LEGACY,Flow,Resource,Improving,17.0,0.5177597347646952,20.0,20.0,1.0,-5.266873932168676
100,1005004,H,1101,LEGACY,Electricity,Resource,Improving,34.0,1.2554819155484438,55.0,55.0,3.0,9.337732393500149
100,1005004,H,1101,LEGACY,Balanced,Resource,Stagnating,67.0,1.6238136123865843,96.0,96.0,7.0,-18.48035651003873
100,1005004,H,1101,LEGACY,Flow,Resource,Stagnating,35.0,0.9689484508708119,28.0,28.0,5.0,4.2319117180676304
100,1005004,H,1101,LEGACY,Electricity,Resource,Stagnating,44.0,1.6935618398711085,85.0,85.0,3.0,1.101339939527901
100,1005004,H,1101,LEGACY,Flow,Normal,Improving,4.0,0.14658468216657639,15.0,15.0,3.0,16.083755883015726
100,1005004,H,1101,LEGACY,Flow,Normal,Stagnating,5.0,0.15482230950146914,6.0,6.0,1.0,0.4063900997487071
100,1005004,H,1101,REFERENCE,Balanced,Resource,Improving,34.0,0.8603827888146043,32.0,32.0,3.0,0.05693116236673301
100,1005004,H,1101,REFERENCE,Flow,Resource,Improving,45.0,1.3460486801341176,76.0,76.0,9.0,11.450617355016881
100,1005004,H,1101,REFERENCE,Electricity,Resource,Improving,67.0,2.198081254027784,143.0,143.0,11.0,52.02348409108696
100,1005004,H,1101,REFERENCE,Flow,Resource,Stagnating,30.0,0.8167662201449275,53.0,53.0,2.0,-3.6223141473367706
100,1005004,H,1101,REFERENCE,Electricity,Resource,Stagnating,62.0,2.0982493106275797,136.0,136.0,6.0,23.844858729881004
100,1005004,H,1101,REFERENCE,Balanced,Resource,Stagnating,25.0,0.5668731573969126,14.0,14.0,1.0,-17.313178484377843
100,1005004,H,1101,REFERENCE,Flow,Normal,Stagnating,1.0,0.01957480050623417,0.0,0.0,0.0,-1.0
100,1005004,H,1101,REFERENCE,Flow,TOU,Stagnating,2.0,0.06220478191971779,0.0,0.0,0.0,-2.0
100,1005004,H,1101,REFERENCE,Flow,TOU,Improving,4.0,0.08181623462587595,3.0,3.0,1.0,-0.22128643557861372
100,1005004,H,1101,G,Balanced,Resource,Improving,72.0,2.1729142908006907,100.0,100.0,10.0,27.40130805651934
100,1005004,H,1101,G,Flow,Resource,Improving,73.0,2.1967520089820027,199.0,199.0,15.0,41.58995950400398
100,1005004,H,1101,G,Electricity,Resource,Improving,56.0,1.8137751491740346,106.0,106.0,10.0,42.89051406431799
100,1005004,H,1101,G,Flow,Resource,Stagnating,24.0,0.8786812946200371,51.0,51.0,2.0,0.5830827341431846
100,1005004,H,1101,G,Electricity,Resource,Stagnating,37.0,1.2010342804715037,75.0,75.0,2.0,1.0
100,1005004,H,1101,G,Balanced,Resource,Stagnating,18.0,0.31512345653027296,16.0,16.0,0.0,-13.0
100,1005004,H,1101,G,Flow,Normal,Stagnating,1.0,0.02937406115233898,2.0,2.0,1.0,0.8977353340541138
100,1005004,H,1101,G,Flow,TOU,Improving,20.0,0.7470129672437906,41.0,41.0,6.0,12.963403440440231
100,1005004,T,2202,REFERENCE,Balanced,Resource,Improving,76.0,2.388099185191095,137.0,137.0,12.0,29.57384620334249
100,1005004,T,2202,REFERENCE,Electricity,Resource,Improving,95.0,3.5461851665750146,157.0,157.0,23.0,178.63276510613113
100,1005004,T,2202,REFERENCE,Flow,Resource,Improving,60.0,1.6360981948673725,57.0,57.0,10.0,22.120290643321525
100,1005004,T,2202,REFERENCE,Flow,Resource,Stagnating,39.0,1.4184035575017333,91.0,91.0,9.0,10.300588252145797
100,1005004,T,2202,REFERENCE,Balanced,Resource,Stagnating,30.0,0.8707899330183864,26.0,26.0,2.0,-16.83704806161385
100,1005004,T,2202,REFERENCE,Electricity,Resource,Stagnating,39.0,1.4363680556416512,65.0,65.0,2.0,-4.0
100,1005004,T,2202,REFERENCE,Flow,TOU,Improving,5.0,0.13104357663542032,5.0,5.0,0.0,-2.0
100,1005004,T,2202,G,Balanced,Resource,Improving,68.0,2.2201689667999744,126.0,126.0,9.0,18.484978100170817
100,1005004,T,2202,G,Electricity,Resource,Improving,74.0,2.6952280439436436,132.0,132.0,21.0,174.7951384199983
100,1005004,T,2202,G,Flow,Resource,Improving,64.0,2.0614373199641705,89.0,89.0,11.0,30.972683603922093
100,1005004,T,2202,G,Flow,Resource,Stagnating,52.0,1.8030342496931553,93.0,93.0,9.0,17.988637061699922
100,1005004,T,2202,G,Balanced,Resource,Stagnating,23.0,0.9434306556358933,30.0,30.0,0.0,-15.0
100,1005004,T,2202,G,Electricity,Resource,Stagnating,35.0,1.5381194166839123,55.0,55.0,2.0,0.0
100,1005004,T,2202,W,Balanced,Resource,Improving,78.0,3.15382962487638,155.0,155.0,8.0,20.617593275792004
100,1005004,T,2202,W,Electricity,Resource,Improving,35.0,1.4326570453122258,69.0,69.0,11.0,76.71209225899922
100,1005004,T,2202,W,Flow,Resource,Improving,68.0,2.494241548702121,62.0,62.0,10.0,7.543364768490754
100,1005004,T,2202,W,Balanced,Resource,Stagnating,48.0,1.754230628721416,48.0,48.0,3.0,-7.543280850581269
100,1005004,T,2202,W,Flow,Resource,Stagnating,40.0,1.2971264971420169,26.0,26.0,2.0,-15.604304768209628
100,1005004,T,2202,W,Electricity,Resource,Stagnating,121.0,5.552962790243328,314.0,314.0,35.0,263.13545750173364
100,1005004,T,2202,W,Flow,TOU,Stagnating,7.0,0.2234430080279708,7.0,7.0,1.0,1.3622878041332909
100,1005004,T,2202,GW,Balanced,Resource,Improving,159.0,4.906541962176561,517.0,517.0,35.0,194.01595753417126
100,1005004,T,2202,GW,Electricity,Resource,Improving,83.0,2.6484061162918806,155.0,155.0,9.0,45.450077596181906
100,1005004,T,2202,GW,Flow,Resource,Improving,43.0,1.12511414475739,88.0,88.0,9.0,39.89841521247517
100,1005004,T,2202,GW,Flow,Resource,Stagnating,54.0,1.4032729156315327,70.0,70.0,6.0,4.225279068678123
100,1005004,T,2202,GW,Balanced,Resource,Stagnating,78.0,2.268610941246152,216.0,216.0,13.0,49.735273285047
100,1005004,T,2202,GW,Electricity,Resource,Stagnating,42.0,1.4009304223582149,45.0,45.0,1.0,-17.515141656643316
100,1005004,T,2202,GW,Flow,TOU,Stagnating,1.0,0.009155578911304474,0.0,0.0,0.0,-1.0
100,1005004,T,2202,GW,Flow,Normal,Improving,1.0,0.011922629550099373,0.0,0.0,0.0,-1.0
100,1005004,T,2202,LEGACY,Balanced,Resource,Improving,104.0,3.515144004486501,277.0,277.0,25.0,126.93235323650211
100,1005004,T,2202,LEGACY,Flow,Resource,Improving,67.0,2.1426175720989704,139.0,139.0,9.0,21.193420338311096
100,1005004,T,2202,LEGACY,Electricity,Resource,Improving,64.0,2.49803217779845,141.0,141.0,6.0,35.80988968094723
100,1005004,T,2202,LEGACY,Flow,Resource,Stagnating,72.0,2.3087781090289354,124.0,124.0,10.0,36.2155106429833
100,1005004,T,2202,LEGACY,Balanced,Resource,Stagnating,39.0,1.138448708690703,81.0,81.0,5.0,3.158603305773548
100,1005004,T,2202,LEGACY,Electricity,Resource,Stagnating,36.0,1.2846214855089784,51.0,51.0,1.0,-8.0
100,1005004,T,2202,LEGACY,Flow,TOU,Stagnating,4.0,0.07202629279345274,0.0,0.0,0.0,-4.0
100,1005004,T,2202,LEGACY,Flow,TOU,Improving,1.0,0.009854280389845371,0.0,0.0,0.0,-1.0
100,1005004,T,1101,GW,Balanced,Resource,Improving,71.0,2.72505290992558,203.0,203.0,17.0,77.85778213045172
100,1005004,T,1101,GW,Electricity,Resource,Improving,101.0,3.662348659709096,301.0,301.0,30.0,230.22091594487196
100,1005004,T,1101,GW,Flow,Resource,Improving,45.0,1.2005914971232414,92.0,92.0,9.0,26.370852558654967
100,1005004,T,1101,GW,Flow,Resource,Stagnating,89.0,2.5504038743674755,190.0,190.0,17.0,69.15474637144426
100,1005004,T,1101,GW,Balanced,Resource,Stagnating,109.0,3.7672505574300885,188.0,188.0,19.0,57.7323692628576
100,1005004,T,1101,GW,Electricity,Resource,Stagnating,52.0,2.0610586386173964,128.0,128.0,4.0,2.299672580813956
100,1005004,T,1101,LEGACY,Balanced,Resource,Improving,41.0,1.3790112817659974,117.0,117.0,6.0,30.231806812742747
100,1005004,T,1101,LEGACY,Electricity,Resource,Improving,114.0,4.381813740357757,330.0,330.0,39.0,312.3650755019006
100,1005004,T,1101,LEGACY,Flow,Resource,Improving,52.0,1.6665449170395732,98.0,98.0,11.0,47.10384514730795
100,1005004,T,1101,LEGACY,Balanced,Resource,Stagnating,40.0,1.400233879685402,70.0,70.0,7.0,12.945270723289543
100,1005004,T,1101,LEGACY,Flow,Resource,Stagnating,60.0,2.1786278281360865,121.0,121.0,9.0,11.433823454124362
100,1005004,T,1101,LEGACY,Electricity,Resource,Stagnating,59.0,2.0370520558208227,101.0,101.0,14.0,95.90210642541395
100,1005004,T,1101,REFERENCE,Balanced,Resource,Improving,25.0,0.7901209965348244,33.0,33.0,1.0,-11.059685298019453
100,1005004,T,1101,REFERENCE,Electricity,Resource,Improving,152.0,7.723984187468886,423.0,423.0,55.0,447.257126239069
100,1005004,T,1101,REFERENCE,Flow,Resource,Improving,53.0,2.055963722988963,112.0,112.0,13.0,31.813462795996173
100,1005004,T,1101,REFERENCE,Flow,Resource,Stagnating,45.0,1.6923308251425624,95.0,95.0,14.0,41.813305571311794
100,1005004,T,1101,REFERENCE,Balanced,Resource,Stagnating,40.0,1.1897276053205132,28.0,28.0,3.0,-11.264274437663826
100,1005004,T,1101,REFERENCE,Electricity,Resource,Stagnating,62.0,2.824870478361845,81.0,81.0,10.0,30.11309742062282
100,1005004,T,1101,G,Balanced,Resource,Improving,45.0,1.2160793924704194,68.0,68.0,8.0,5.19712530736976
100,1005004,T,1101,G,Electricity,Resource,Improving,139.0,4.336897423490882,393.0,393.0,54.0,433.90825394752346
100,1005004,T,1101,G,Flow,Resource,Improving,105.0,2.834523592144251,195.0,195.0,31.0,101.61880681692865
100,1005004,T,1101,G,Flow,Resource,Stagnating,75.0,2.088859739713371,114.0,114.0,20.0,42.51387667475154
100,1005004,T,1101,G,Balanced,Resource,Stagnating,39.0,1.196324734017253,56.0,56.0,3.0,-6.710072743110313
100,1005004,T,1101,G,Electricity,Resource,Stagnating,21.0,0.5705417031422257,18.0,18.0,0.0,-15.0
100,1005004,T,1101,W,Balanced,Resource,Improving,58.0,1.8423391338437796,155.0,155.0,10.0,47.842795134422026
100,1005004,T,1101,W,Electricity,Resource,Improving,75.0,2.7888880847021937,210.0,210.0,22.0,177.47169495744043
100,1005004,T,1101,W,Flow,Resource,Improving,41.0,1.479622783139348,72.0,72.0,6.0,5.921757839940124
100,1005004,T,1101,W,Flow,Resource,Stagnating,33.0,1.2433737069368362,66.0,66.0,3.0,-4.897099654312758
100,1005004,T,1101,W,Balanced,Resource,Stagnating,35.0,1.0882604559883475,60.0,60.0,4.0,-12.317294089692291
100,1005004,T,1101,W,Electricity,Resource,Stagnating,28.0,1.1927965115755796,12.0,12.0,0.0,-25.0
100,1005005,H,2202,GW,Balanced,Resource,Improving,111.0,3.8378814393654466,334.0,334.0,29.0,165.63642070497272
100,1005005,H,2202,GW,Electricity,Resource,Improving,64.0,2.2340158773586154,91.0,91.0,7.0,17.30681749570826
100,1005005,H,2202,GW,Flow,Resource,Improving,40.0,1.3195606004446745,118.0,118.0,11.0,47.62488140145008
100,1005005,H,2202,GW,Electricity,Resource,Stagnating,72.0,2.3432616284117103,122.0,122.0,7.0,3.662215174242739
100,1005005,H,2202,GW,Balanced,Resource,Stagnating,69.0,2.2049182131886482,144.0,144.0,10.0,20.860182262404564
100,1005005,H,2202,GW,Flow,Resource,Stagnating,94.0,3.627201911062002,291.0,291.0,35.0,147.52386110607213
100,1005005,H,2202,GW,Flow,TOU,Improving,28.0,0.9091535657644272,73.0,73.0,5.0,29.29184871812152
100,1005005,H,2202,GW,Flow,TOU,Stagnating,33.0,1.3474847646430135,115.0,115.0,8.0,21.459329637685805
100,1005005,H,2202,LEGACY,Balanced,Resource,Improving,108.0,3.6761470176279545,318.0,318.0,25.0,96.46959057722192
100,1005005,H,2202,LEGACY,Electricity,Resource,Improving,47.0,1.4487679954618216,55.0,55.0,4.0,1.1517925929437567
100,1005005,H,2202,LEGACY,Flow,Resource,Improving,53.0,1.8585490621626377,145.0,145.0,12.0,40.101554375980115
100,1005005,H,2202,LEGACY,Balanced,Resource,Stagnating,98.0,3.4605854637920856,263.0,263.0,21.0,80.36434509322712
100,1005005,H,2202,LEGACY,Flow,TOU,Stagnating,24.0,1.0390290226787329,45.0,45.0,4.0,0.6819883807306502
100,1005005,H,2202,LEGACY,Electricity,Resource,Stagnating,50.0,1.8460105471313,88.0,88.0,1.0,-24.420120247197552
100,1005005,H,2202,LEGACY,Flow,TOU,Improving,8.0,0.35835377126932144,6.0,6.0,0.0,-5.0
100,1005005,H,2202,LEGACY,Flow,Resource,Stagnating,30.0,1.3419321347028017,80.0,80.0,9.0,47.250004145387315
100,1005005,H,2202,REFERENCE,Balanced,Resource,Improving,151.0,6.30812400765717,469.0,469.0,31.0,204.86492368334424
100,1005005,H,2202,REFERENCE,Electricity,Resource,Improving,65.0,2.8258246295154095,116.0,116.0,12.0,62.67885924476491
100,1005005,H,2202,REFERENCE,Flow,Resource,Improving,78.0,2.8098880099132657,177.0,177.0,23.0,122.65888059119483
100,1005005,H,2202,REFERENCE,Flow,TOU,Improving,4.0,0.11410469561815262,5.0,5.0,0.0,-3.0
100,1005005,H,2202,REFERENCE,Flow,Resource,Stagnating,51.0,1.7450090516358614,95.0,95.0,11.0,42.421812450044676
100,1005005,H,2202,REFERENCE,Balanced,Resource,Stagnating,67.0,1.8435502387583256,116.0,116.0,7.0,15.793749032659022
100,1005005,H,2202,REFERENCE,Electricity,Resource,Stagnating,43.0,1.1934507871046662,65.0,65.0,3.0,-9.819991588016855
100,1005005,H,2202,REFERENCE,Flow,TOU,Stagnating,38.0,1.1448507867753506,52.0,52.0,7.0,21.53209569484428
100,1005005,H,2202,G,Balanced,Resource,Improving,130.0,4.098455696366727,408.0,408.0,31.0,184.58871844463266
100,1005005,H,2202,G,Electricity,Resource,Improving,80.0,2.2137851836159825,131.0,131.0,15.0,85.52300052592433
100,1005005,H,2202,G,Flow,Resource,Improving,29.0,0.7231132667511702,64.0,64.0,3.0,2.6093771776851504
100,1005005,H,2202,G,Flow,TOU,Improving,17.0,0.3166093323379755,23.0,23.0,2.0,2.35325747790432
100,1005005,H,2202,G,Flow,Compressible,Stagnating,1.0,0.011161801405251026,0.0,0.0,0.0,-1.0
100,1005005,H,2202,G,Balanced,Resource,Stagnating,54.0,1.3787577785551548,90.0,90.0,5.0,17.16880457485375
100,1005005,H,2202,G,Electricity,Resource,Stagnating,65.0,1.802489833906293,104.0,104.0,3.0,-17.040436689786844
100,1005005,H,2202,G,Flow,Resource,Stagnating,37.0,0.9599001295864582,48.0,48.0,3.0,4.1813570202346995
100,1005005,H,2202,G,Flow,TOU,Stagnating,13.0,0.2566566076129675,17.0,17.0,0.0,-8.0
100,1005005,H,2202,W,Balanced,Resource,Improving,105.0,3.751262154430151,286.0,286.0,27.0,156.0120245185931
100,1005005,H,2202,W,Electricity,Resource,Improving,50.0,1.95615762937814,119.0,119.0,6.0,31.30681749570826
100,1005005,H,2202,W,Flow,Resource,Improving,92.0,3.244034929201007,221.0,221.0,28.0,127.4926646435286
100,1005005,H,2202,W,Electricity,Resource,Stagnating,72.0,3.146431869827211,209.0,209.0,4.0,7.668621142653226
100,1005005,H,2202,W,Balanced,Resource,Stagnating,32.0,1.2088273605331779,70.0,70.0,3.0,0.7199119949381387
100,1005005,H,2202,W,Flow,Resource,Stagnating,26.0,1.0251196017488837,65.0,65.0,5.0,16.160228538298956
100,1005005,H,2202,W,Flow,TOU,Improving,14.0,0.724917259067297,34.0,34.0,3.0,10.443097253684575
100,1005005,H,2202,W,Flow,TOU,Stagnating,15.0,0.7335159108042717,32.0,32.0,1.0,-3.4191589679948016
100,1005005,H,1101,G,Flow,Resource,Improving,50.0,1.344432594254613,94.0,94.0,9.0,33.18360010979126
100,1005005,H,1101,G,Electricity,Resource,Improving,49.0,1.9543205574154854,145.0,145.0,8.0,55.72296360520577
100,1005005,H,1101,G,Balanced,Resource,Improving,46.0,1.5211946284398437,114.0,114.0,5.0,12.101875056119955
100,1005005,H,1101,G,Flow,Compressible,Improving,1.0,0.007832597941160202,0.0,0.0,0.0,-1.0
100,1005005,H,1101,G,Electricity,Resource,Stagnating,21.0,0.755394360050559,23.0,23.0,1.0,-12.732232256712507
100,1005005,H,1101,G,Flow,Resource,Stagnating,17.0,0.3857827624306083,19.0,19.0,1.0,-3.890804618085757
100,1005005,H,1101,G,Balanced,Resource,Stagnating,77.0,2.0274691032245755,143.0,143.0,4.0,-13.644783552146597
100,1005005,H,1101,G,Flow,TOU,Improving,22.0,0.42889571376144886,23.0,23.0,1.0,-4.0
100,1005005,H,1101,G,Flow,TOU,Stagnating,15.0,0.3096861094236374,4.0,4.0,0.0,-13.0
100,1005005,H,1101,G,Flow,Compressible,Stagnating,1.0,0.019358841702342033,0.0,0.0,0.0,-1.0
100,1005005,H,1101,W,Flow,Resource,Improving,57.0,2.1683386294171214,117.0,117.0,13.0,59.8152503953307
100,1005005,H,1101,W,Electricity,Resource,Improving,110.0,4.538453962653875,284.0,284.0,27.0,219.7069108941128
100,1005005,H,1101,W,Flow,TOU,Improving,1.0,0.013509550131857395,0.0,0.0,0.0,-1.0
100,1005005,H,1101,W,Balanced,Resource,Improving,50.0,2.181683447211981,168.0,168.0,8.0,27.468556210837157
100,1005005,H,1101,W,Electricity,Resource,Stagnating,60.0,2.3442334020510316,109.0,109.0,12.0,88.0
100,1005005,H,1101,W,Flow,Resource,Stagnating,11.0,0.3389761811122298,16.0,16.0,0.0,-8.0
100,1005005,H,1101,W,Flow,Compressible,Stagnating,1.0,0.024640386924147606,0.0,0.0,0.0,-1.0
100,1005005,H,1101,W,Balanced,Resource,Stagnating,26.0,1.2102832440286875,86.0,86.0,0.0,-6.0
100,1005005,H,1101,W,Flow,TOU,Stagnating,1.0,0.03125136811286211,1.0,1.0,0.0,0.0
100,1005005,H,1101,GW,Flow,Resource,Improving,106.0,4.738878497853875,333.0,333.0,49.0,211.89976502841685
100,1005005,H,1101,GW,Electricity,Resource,Improving,61.0,3.081660198047757,173.0,173.0,18.0,133.4158276531503
100,1005005,H,1101,GW,Balanced,Resource,Improving,119.0,4.895743316970766,365.0,365.0,19.0,60.15301496816245
100,1005005,H,1101,GW,Balanced,Resource,Stagnating,39.0,1.677188841626048,116.0,116.0,2.0,-5.517113027124832
100,1005005,H,1101,GW,Flow,Compressible,Improving,1.0,0.022009332664310932,2.0,2.0,0.0,0.0
100,1005005,H,1101,GW,Flow,TOU,Stagnating,66.0,2.2428985740989447,189.0,189.0,17.0,49.309128117446846
100,1005005,H,1101,GW,Electricity,Resource,Stagnating,46.0,1.5310488305985928,78.0,78.0,5.0,19.164921808181262
100,1005005,H,1101,GW,Flow,Resource,Stagnating,33.0,1.1566981738433242,88.0,88.0,12.0,34.34286951852048
100,1005005,H,1101,GW,Flow,TOU,Improving,69.0,2.510773476213217,182.0,182.0,21.0,66.91647265258865
100,1005005,H,1101,LEGACY,Flow,Resource,Improving,46.0,1.5525283236056566,94.0,94.0,13.0,55.00760728870495
100,1005005,H,1101,LEGACY,Electricity,Resource,Improving,50.0,1.4878278831019998,80.0,80.0,5.0,19.060813763143692
100,1005005,H,1101,LEGACY,Balanced,Resource,Improving,87.0,2.823139992542565,206.0,206.0,19.0,71.7787764790687
100,1005005,H,1101,LEGACY,Flow,Compressible,Improving,15.0,0.3310474017634988,12.0,12.0,3.0,1.1810865825127763
100,1005005,H,1101,LEGACY,Balanced,Resource,Stagnating,40.0,1.2139782859012485,67.0,67.0,1.0,-10.622287316889736
100,1005005,H,1101,LEGACY,Flow,Compressible,Stagnating,9.0,0.1615815069526434,2.0,2.0,1.0,-3.433897667494941
100,1005005,H,1101,LEGACY,Flow,TOU,Stagnating,6.0,0.10447290074080229,3.0,3.0,0.0,-5.0
100,1005005,H,1101,LEGACY,Flow,Resource,Stagnating,21.0,0.6670892592519522,41.0,41.0,4.0,15.18133929142498
100,1005005,H,1101,LEGACY,Electricity,Resource,Stagnating,48.0,1.212352516129613,44.0,44.0,1.0,-24.0
100,1005005,H,1101,LEGACY,Flow,TOU,Improving,16.0,0.3313677981495857,11.0,11.0,2.0,-6.708440617389904
100,1005005,H,1101,REFERENCE,Flow,Resource,Improving,32.0,1.0852519180625677,60.0,60.0,6.0,15.890128548891084
100,1005005,H,1101,REFERENCE,Electricity,Resource,Improving,67.0,2.7058641025796533,191.0,191.0,18.0,117.87871850091061
100,1005005,H,1101,REFERENCE,Balanced,Resource,Improving,77.0,2.8128202855587006,123.0,123.0,8.0,10.799513875831853
100,1005005,H,1101,REFERENCE,Flow,Compressible,Improving,1.0,0.0075265830382704735,0.0,0.0,0.0,-1.0
100,1005005,H,1101,REFERENCE,Electricity,Resource,Stagnating,50.0,2.0800974387675524,87.0,87.0,7.0,27.46009334430139
100,1005005,H,1101,REFERENCE,Flow,Resource,Stagnating,35.0,1.1956625981256366,57.0,57.0,5.0,9.369778035465469
100,1005005,H,1101,REFERENCE,Balanced,Resource,Stagnating,33.0,1.1811404535546899,29.0,29.0,4.0,-13.78848616995862
100,1005005,H,1101,REFERENCE,Flow,TOU,Improving,3.0,0.14657556358724833,5.0,5.0,0.0,-1.0
100,1005005,H,1101,REFERENCE,Flow,Compressible,Stagnating,1.0,0.011983171105384827,0.0,0.0,0.0,-1.0
100,1005005,H,1101,REFERENCE,Flow,TOU,Stagnating,6.0,0.26436026208102703,11.0,11.0,0.0,-1.0
100,1005005,T,1101,W,Balanced,Resource,Improving,78.0,3.105681076645851,175.0,175.0,9.0,13.902438882578682
100,1005005,T,1101,W,Electricity,Resource,Improving,87.0,3.5977400625124574,246.0,246.0,30.0,217.8448340349399
100,1005005,T,1101,W,Flow,Resource,Improving,67.0,2.5725148981437087,182.0,182.0,17.0,78.03120299432717
100,1005005,T,1101,W,Flow,TOU,Improving,13.0,0.3999319104477763,33.0,33.0,1.0,1.863390343033795
100,1005005,T,1101,W,Flow,Compressible,Improving,2.0,0.05920379143208265,1.0,1.0,0.0,-1.0
100,1005005,T,1101,W,Electricity,Resource,Stagnating,54.0,2.3450939739122987,129.0,129.0,11.0,74.5707773892268
100,1005005,T,1101,W,Balanced,Resource,Stagnating,62.0,2.2885993104428053,112.0,112.0,7.0,0.6855776596467136
100,1005005,T,1101,W,Flow,Resource,Stagnating,36.0,1.2310159662738442,80.0,80.0,2.0,-2.3943513023033995
100,1005005,T,1101,W,Flow,Compressible,Stagnating,4.0,0.1588855180889368,11.0,11.0,1.0,0.8559833162102457
100,1005005,T,1101,W,Flow,TOU,Stagnating,4.0,0.09263408090919256,4.0,4.0,1.0,-0.4109902724945802
100,1005005,T,1101,W,Flow,Normal,Stagnating,1.0,0.016308877617120743,0.0,0.0,0.0,-1.0
100,1005005,T,1101,GW,Balanced,Resource,Improving,48.0,1.8033365989103913,77.0,77.0,7.0,15.352229281286217
100,1005005,T,1101,GW,Electricity,Resource,Improving,54.0,2.147206898778677,204.0,204.0,18.0,131.32983731395782
100,1005005,T,1101,GW,Flow,Resource,Improving,40.0,1.426181030459702,80.0,80.0,6.0,19.033785013452366
100,1005005,T,1101,GW,Flow,Compressible,Improving,3.0,0.07086014002561569,0.0,0.0,0.0,-3.0
100,1005005,T,1101,GW,Electricity,Resource,Stagnating,101.0,4.405862709507346,302.0,302.0,38.0,289.01233009064856
100,1005005,T,1101,GW,Flow,Resource,Stagnating,35.0,1.3669214574620128,62.0,62.0,5.0,12.43192182687131
100,1005005,T,1101,GW,Balanced,Resource,Stagnating,46.0,2.153606815263629,121.0,121.0,3.0,-5.213818276586542
100,1005005,T,1101,GW,Flow,TOU,Improving,16.0,0.5819629859179258,59.0,59.0,9.0,53.121670224155295
100,1005005,T,1101,GW,Flow,Compressible,Stagnating,1.0,0.010929186828434467,0.0,0.0,0.0,-1.0
100,1005005,T,1101,GW,Flow,TOU,Stagnating,2.0,0.08719995804131031,5.0,5.0,0.0,0.0
100,1005005,T,1101,GW,Flow,Normal,Stagnating,7.0,0.39080845564603806,8.0,8.0,1.0,1.3315150048799573
100,1005005,T,1101,GW,Flow,Normal,Improving,1.0,0.03911430109292269,2.0,2.0,0.0,0.0
100,1005005,T,1101,LEGACY,Balanced,Resource,Improving,74.0,2.962342240847647,158.0,158.0,17.0,53.84044397192319
100,1005005,T,1101,LEGACY,Electricity,Resource,Improving,20.0,0.940182464197278,37.0,37.0,5.0,19.52754836738239
100,1005005,T,1101,LEGACY,Flow,Resource,Improving,23.0,0.7346898196265101,32.0,32.0,2.0,-5.174914093974367
100,1005005,T,1101,LEGACY,Flow,TOU,Improving,2.0,0.08497148379683495,9.0,9.0,0.0,0.0
100,1005005,T,1101,LEGACY,Flow,Compressible,Improving,1.0,0.02094568219035864,0.0,0.0,0.0,-1.0
100,1005005,T,1101,LEGACY,Electricity,Resource,Stagnating,24.0,1.0402502669021487,26.0,26.0,2.0,-10.431603714329245
100,1005005,T,1101,LEGACY,Flow,Normal,Stagnating,1.0,0.03690035827457905,6.0,6.0,0.0,0.0
100,1005005,T,1101,LEGACY,Balanced,Resource,Stagnating,39.0,1.3408513879403472,61.0,61.0,5.0,8.292791686346206
100,1005005,T,1101,LEGACY,Flow,Resource,Stagnating,62.0,2.05066844727844,141.0,141.0,12.0,17.666291582765886
100,1005005,T,1101,LEGACY,Flow,Normal,Improving,1.0,0.025320760905742645,0.0,0.0,0.0,-1.0
100,1005005,T,1101,REFERENCE,Balanced,Resource,Improving,59.0,2.044044567272067,186.0,186.0,12.0,37.4816614952265
100,1005005,T,1101,REFERENCE,Electricity,Resource,Improving,75.0,2.94583373516798,172.0,172.0,11.0,71.675528602613
100,1005005,T,1101,REFERENCE,Flow,Resource,Improving,43.0,1.4876126311719418,108.0,108.0,9.0,14.778333287105202
100,1005005,T,1101,REFERENCE,Flow,TOU,Improving,6.0,0.16304374765604734,19.0,19.0,0.0,-1.0
100,1005005,T,1101,REFERENCE,Balanced,Resource,Stagnating,52.0,1.7483918592333794,151.0,151.0,5.0,-2.5600251185309393
100,1005005,T,1101,REFERENCE,Flow,Compressible,Stagnating,8.0,0.18300647381693125,7.0,7.0,1.0,-2.216455762679041
100,1005005,T,1101,REFERENCE,Flow,Resource,Stagnating,66.0,2.336856241337955,177.0,177.0,22.0,66.77189286584765
100,1005005,T,1101,REFERENCE,Flow,Compressible,Improving,5.0,0.12020213808864355,5.0,5.0,1.0,1.439044151720564
100,1005005,T,1101,REFERENCE,Electricity,Resource,Stagnating,36.0,1.5179415345191956,70.0,70.0,2.0,-7.889797551054904
100,1005005,T,1101,REFERENCE,Flow,Normal,Stagnating,1.0,0.021020840853452682,0.0,0.0,0.0,-1.0
100,1005005,T,1101,REFERENCE,Flow,TOU,Stagnating,5.0,0.09201349318027496,1.0,1.0,0.0,-4.0
100,1005005,T,1101,G,Balanced,Resource,Improving,63.0,2.0398114202544093,164.0,164.0,13.0,30.307599852296725
100,1005005,T,1101,G,Electricity,Resource,Improving,59.0,2.136833972297609,135.0,135.0,10.0,74.0
100,1005005,T,1101,G,Flow,Resource,Improving,51.0,1.8111061686649919,126.0,126.0,12.0,20.00347304510797
100,1005005,T,1101,G,Flow,TOU,Improving,5.0,0.151887028478086,19.0,19.0,0.0,0.0
100,1005005,T,1101,G,Balanced,Resource,Stagnating,61.0,2.2821092158555984,114.0,114.0,7.0,0.14412098353077596
100,1005005,T,1101,G,Flow,Compressible,Stagnating,7.0,0.19130958057940006,11.0,11.0,2.0,1.2175727262349496
100,1005005,T,1101,G,Flow,Resource,Stagnating,81.0,3.0535972584038973,210.0,210.0,27.0,73.17560496729988
100,1005005,T,1101,G,Flow,Compressible,Improving,3.0,0.05958597920835018,0.0,0.0,0.0,-3.0
100,1005005,T,1101,G,Electricity,Resource,Stagnating,23.0,0.9409611970186234,26.0,26.0,1.0,-4.0
100,1005005,T,1101,G,Flow,Normal,Stagnating,1.0,0.013396539725363255,0.0,0.0,0.0,-1.0
100,1005005,T,2202,LEGACY,Balanced,Resource,Improving,108.0,4.32172632869333,294.0,294.0,33.0,149.64616487081594
100,1005005,T,2202,LEGACY,Electricity,Resource,Improving,71.0,2.8389010280370712,158.0,158.0,17.0,109.66373954855082
100,1005005,T,2202,LEGACY,Flow,Resource,Improving,68.0,2.4988747173920274,128.0,128.0,14.0,39.9806462007309
100,1005005,T,2202,LEGACY,Balanced,Resource,Stagnating,70.0,2.316687607206404,118.0,118.0,8.0,-6.300263667568915
100,1005005,T,2202,LEGACY,Electricity,Resource,Stagnating,26.0,1.1597271552309394,12.0,12.0,2.0,-5.301242233143213
100,1005005,T,2202,LEGACY,Flow,Resource,Stagnating,61.0,2.015550493262708,98.0,98.0,17.0,34.54802978701504
100,1005005,T,2202,LEGACY,Flow,TOU,Improving,2.0,0.024119612760841846,0.0,0.0,0.0,-2.0
100,1005005,T,2202,LEGACY,Flow,TOU,Stagnating,22.0,0.7112608170136809,80.0,80.0,3.0,9.840791982653588
100,1005005,T,2202,REFERENCE,Balanced,Resource,Improving,113.0,4.070009547285736,336.0,336.0,38.0,170.55749955825883
100,1005005,T,2202,REFERENCE,Electricity,Resource,Improving,79.0,2.9218382444232702,185.0,185.0,28.0,189.63653456970695
100,1005005,T,2202,REFERENCE,Flow,Resource,Improving,37.0,1.2715566139668226,96.0,96.0,4.0,6.501101342084432
100,1005005,T,2202,REFERENCE,Balanced,Resource,Stagnating,52.0,2.157003616914153,64.0,64.0,4.0,-15.319313558004572
100,1005005,T,2202,REFERENCE,Electricity,Resource,Stagnating,22.0,1.0463865082710981,31.0,31.0,0.0,-16.0
100,1005005,T,2202,REFERENCE,Flow,Resource,Stagnating,52.0,2.2848550556227565,130.0,130.0,9.0,9.69619069222893
100,1005005,T,2202,REFERENCE,Flow,TOU,Improving,1.0,0.014147145673632622,0.0,0.0,0.0,-1.0
100,1005005,T,2202,REFERENCE,Flow,Normal,Stagnating,5.0,0.14188241679221392,14.0,14.0,0.0,-2.0
100,1005005,T,2202,REFERENCE,Flow,TOU,Stagnating,13.0,0.5007073814049363,31.0,31.0,1.0,3.643958504528542
100,1005005,T,2202,G,Balanced,Resource,Improving,113.0,4.074576947838068,298.0,298.0,27.0,105.92945741042946
100,1005005,T,2202,G,Electricity,Resource,Improving,84.0,2.9204559409990907,138.0,138.0,19.0,81.27269119554767
100,1005005,T,2202,G,Flow,Resource,Improving,21.0,0.643983006477356,38.0,38.0,0.0,-13.0
100,1005005,T,2202,G,Flow,Resource,Stagnating,35.0,0.9809476556256413,40.0,40.0,5.0,1.7034087171837342
100,1005005,T,2202,G,Balanced,Resource,Stagnating,29.0,0.6102452101185918,35.0,35.0,1.0,-11.076094397828825
100,1005005,T,2202,G,Electricity,Resource,Stagnating,30.0,0.8450618330389261,41.0,41.0,3.0,0.47977720896028053
100,1005005,T,2202,G,Flow,TOU,Stagnating,35.0,0.9882294815033674,100.0,100.0,9.0,15.45551201528702
100,1005005,T,2202,G,Flow,TOU,Improving,1.0,0.010177536867558956,0.0,0.0,0.0,-1.0
100,1005005,T,2202,W,Balanced,Resource,Improving,101.0,3.622276371344924,270.0,270.0,29.0,132.50129373506002
100,1005005,T,2202,W,Electricity,Resource,Improving,144.0,5.122103772126138,351.0,351.0,48.0,328.98815335524006
100,1005005,T,2202,W,Flow,Resource,Improving,84.0,2.744014758616686,256.0,256.0,20.0,50.470203470691274
100,1005005,T,2202,W,Balanced,Resource,Stagnating,72.0,2.4882752848789096,115.0,115.0,7.0,-13.485846881041796
100,1005005,T,2202,W,Flow,Resource,Stagnating,68.0,2.0414557550102472,157.0,157.0,16.0,24.52391595248337
100,1005005,T,2202,W,Flow,TOU,Improving,14.0,0.4694526633247733,43.0,43.0,6.0,12.135420458836371
100,1005005,T,2202,W,Electricity,Resource,Stagnating,31.0,1.1171151725575328,67.0,67.0,3.0,12.383715215919345
100,1005005,T,2202,W,Flow,TOU,Stagnating,2.0,0.04839494824409485,3.0,3.0,0.0,-1.0
100,1005005,T,2202,GW,Balanced,Resource,Improving,105.0,3.798849609680474,291.0,291.0,32.0,137.3067056626675
100,1005005,T,2202,GW,Electricity,Resource,Improving,150.0,5.038731918670237,357.0,357.0,48.0,336.98237546220804
100,1005005,T,2202,GW,Flow,Resource,Improving,55.0,1.807679877616465,182.0,182.0,13.0,41.87418754961032
100,1005005,T,2202,GW,Balanced,Resource,Stagnating,56.0,2.328267889097333,73.0,73.0,3.0,-20.52395065006956
100,1005005,T,2202,GW,Flow,Resource,Stagnating,25.0,0.6958532780408859,50.0,50.0,6.0,3.341712198776997
100,1005005,T,2202,GW,Flow,TOU,Improving,5.0,0.11922332271933556,10.0,10.0,1.0,2.1210225144275014
100,1005005,T,2202,GW,Electricity,Resource,Stagnating,26.0,1.031222333200276,52.0,52.0,2.0,-1.3804446636657617
100,1005005,T,2202,GW,Flow,TOU,Stagnating,3.0,0.05291261896491051,3.0,3.0,1.0,0.47120156924161094
100,1005006,H,2202,GW,Balanced,Resource,Improving,64.0,1.983139842748642,176.0,176.0,16.0,90.38706735877703
100,1005006,H,2202,GW,Electricity,Resource,Improving,45.0,1.100460679270327,64.0,64.0,4.0,-6.735259312918277
100,1005006,H,2202,GW,Flow,Resource,Improving,58.0,2.0819869805127382,174.0,174.0,8.0,26.936648232153082
100,1005006,H,2202,GW,Electricity,Resource,Stagnating,47.0,1.3146198987960815,109.0,109.0,8.0,43.573510043053965
100,1005006,H,2202,GW,Flow,Resource,Stagnating,69.0,2.5792144322767854,157.0,157.0,5.0,3.8561572360847265
100,1005006,H,2202,GW,Balanced,Resource,Stagnating,58.0,1.7008377080783248,161.0,161.0,4.0,-6.098560265221517
100,1005006,H,2202,GW,Flow,TOU,Improving,1.0,0.029879380017518997,6.0,6.0,0.0,0.0
100,1005006,H,2202,LEGACY,Balanced,Resource,Improving,106.0,3.9413873674347997,253.0,253.0,20.0,84.26159434161522
100,1005006,H,2202,LEGACY,Electricity,Resource,Improving,117.0,4.030600113794208,270.0,270.0,44.0,367.35071786150183
100,1005006,H,2202,LEGACY,Flow,Resource,Improving,40.0,1.3824753630906343,97.0,97.0,6.0,17.41724296884907
100,1005006,H,2202,LEGACY,Flow,Resource,Stagnating,38.0,1.401776417158544,64.0,64.0,7.0,7.826806146599168
100,1005006,H,2202,LEGACY,Electricity,Resource,Stagnating,38.0,1.3921157578006387,37.0,37.0,5.0,8.137261702350969
100,1005006,H,2202,LEGACY,Balanced,Resource,Stagnating,19.0,0.5608653649687767,16.0,16.0,0.0,-14.0
100,1005006,H,2202,LEGACY,Flow,TOU,Stagnating,10.0,0.40033759735524654,23.0,23.0,3.0,6.8005610127047404
100,1005006,H,2202,REFERENCE,Balanced,Resource,Improving,65.0,2.5128982765600085,130.0,130.0,14.0,73.07994531156336
100,1005006,H,2202,REFERENCE,Electricity,Resource,Improving,68.0,2.435306186787784,126.0,126.0,17.0,124.23192728737462
100,1005006,H,2202,REFERENCE,Flow,Resource,Improving,16.0,0.5331581309437752,16.0,16.0,1.0,1.0
100,1005006,H,2202,REFERENCE,Electricity,Resource,Stagnating,60.0,1.9199631493538618,93.0,93.0,9.0,41.611342259483024
100,1005006,H,2202,REFERENCE,Balanced,Resource,Stagnating,28.0,0.6011480605229735,13.0,13.0,0.0,-23.0
100,1005006,H,2202,REFERENCE,Flow,Resource,Stagnating,19.0,0.5703722750768065,34.0,34.0,2.0,-5.470015283516318
100,1005006,H,2202,G,Balanced,Resource,Improving,118.0,3.267225343734026,247.0,247.0,16.0,73.47677285060577
100,1005006,H,2202,G,Electricity,Resource,Improving,37.0,0.7586065623909235,47.0,47.0,5.0,25.0
100,1005006,H,2202,G,Flow,Resource,Improving,37.0,0.931215806864202,57.0,57.0,6.0,11.31217588001605
100,1005006,H,2202,G,Flow,Resource,Stagnating,34.0,1.0178951658308506,34.0,34.0,7.0,12.554445617748062
100,1005006,H,2202,G,Electricity,Resource,Stagnating,44.0,1.0657752007246017,52.0,52.0,7.0,27.68293176889693
100,1005006,H,2202,G,Balanced,Resource,Stagnating,52.0,1.1936681410297751,58.0,58.0,0.0,-32.0
100,1005006,H,2202,W,Balanced,Resource,Improving,77.0,2.7118650656193495,163.0,163.0,16.0,92.5093179586267
100,1005006,H,2202,W,Electricity,Resource,Improving,52.0,2.049537151120603,137.0,137.0,5.0,6.692199172777546
100,1005006,H,2202,W,Flow,Resource,Improving,59.0,2.036729327403009,168.0,168.0,10.0,44.92720990642571
100,1005006,H,2202,W,Electricity,Resource,Stagnating,56.0,1.9316888060420752,140.0,140.0,8.0,36.588095398630756
100,1005006,H,2202,W,Flow,Resource,Stagnating,49.0,2.034727136604488,116.0,116.0,8.0,19.375365231122757
100,1005006,H,2202,W,Balanced,Resource,Stagnating,31.0,1.222670785151422,31.0,31.0,0.0,-23.0
100,1005006,H,2202,W,Flow,TOU,Stagnating,1.0,0.01896583568304777,0.0,0.0,0.0,-1.0
100,1005006,H,1101,G,Balanced,Resource,Improving,66.0,1.9732730304822326,168.0,168.0,12.0,66.92244787359301
100,1005006,H,1101,G,Flow,Resource,Improving,38.0,0.9707461418583989,86.0,86.0,6.0,3.1540547407852166
100,1005006,H,1101,G,Flow,Resource,Stagnating,67.0,1.6223543239757419,90.0,90.0,10.0,7.901457086879869
100,1005006,H,1101,G,Electricity,Resource,Stagnating,56.0,2.1621983079239726,128.0,128.0,17.0,119.0109974448992
100,1005006,H,1101,G,Electricity,Resource,Improving,22.0,0.7305927760899067,34.0,34.0,3.0,16.29277367921961
100,1005006,H,1101,G,Balanced,Resource,Stagnating,105.0,3.0967694772407413,195.0,195.0,12.0,42.40595409782965
100,1005006,H,1101,W,Balanced,Resource,Improving,92.0,3.3714174972847104,280.0,280.0,19.0,94.56445610296798
100,1005006,H,1101,W,Flow,Resource,Improving,90.0,3.4980252385139465,298.0,298.0,22.0,72.08642564619561
100,1005006,H,1101,W,Electricity,Resource,Stagnating,42.0,1.952379409223795,112.0,112.0,3.0,5.724416693439345
100,1005006,H,1101,W,Flow,Resource,Stagnating,28.0,1.1643695617094636,64.0,64.0,2.0,-4.995802333589237
100,1005006,H,1101,W,Electricity,Resource,Improving,26.0,1.2474868008866906,56.0,56.0,2.0,7.049743662341559
100,1005006,H,1101,W,Balanced,Resource,Stagnating,28.0,1.1636901265010238,49.0,49.0,1.0,-4.060414836888493
100,1005006,H,1101,GW,Balanced,Resource,Improving,87.0,2.9630237156525254,271.0,271.0,13.0,50.13741574334988
100,1005006,H,1101,GW,Flow,Resource,Improving,35.0,1.4033861551433802,115.0,115.0,6.0,3.712881709321893
100,1005006,H,1101,GW,Flow,Resource,Stagnating,53.0,1.7806562650948763,125.0,125.0,7.0,9.505399676595363
100,1005006,H,1101,GW,Balanced,Resource,Stagnating,103.0,3.962235014885664,390.0,390.0,18.0,81.5300600587624
100,1005006,H,1101,GW,Electricity,Resource,Improving,49.0,1.5934247020632029,156.0,156.0,4.0,23.85623273307967
100,1005006,H,1101,GW,Electricity,Resource,Stagnating,61.0,2.402883210219443,175.0,175.0,15.0,114.55654871967188
100,1005006,H,1101,GW,Flow,TOU,Stagnating,1.0,0.02059478871524334,0.0,0.0,0.0,-1.0
100,1005006,H,1101,LEGACY,Balanced,Resource,Improving,66.0,2.001299056224525,80.0,80.0,7.0,-5.608017197741161
100,1005006,H,1101,LEGACY,Flow,Resource,Improving,48.0,1.4695206815376878,90.0,90.0,9.0,34.1870416447323
100,1005006,H,1101,LEGACY,Flow,Resource,Stagnating,86.0,2.5955343414098024,135.0,135.0,14.0,40.110415135684164
100,1005006,H,1101,LEGACY,Balanced,Resource,Stagnating,90.0,2.997893238440156,103.0,103.0,7.0,-9.090779812399646
100,1005006,H,1101,LEGACY,Electricity,Resource,Stagnating,9.0,0.3034691549837589,43.0,43.0,2.0,9.7054296844973
100,1005006,H,1101,LEGACY,Electricity,Resource,Improving,14.0,0.5141267981380224,31.0,31.0,2.0,15.0
100,1005006,H,1101,REFERENCE,Balanced,Resource,Improving,72.0,2.3403607979416847,144.0,144.0,13.0,57.509990896238335
100,1005006,H,1101,REFERENCE,Flow,Resource,Improving,54.0,1.6862394455820322,103.0,103.0,13.0,31.976408563447798
100,1005006,H,1101,REFERENCE,Flow,Resource,Stagnating,90.0,3.335371483117342,181.0,181.0,14.0,34.093648589603596
100,1005006,H,1101,REFERENCE,Electricity,Resource,Stagnating,27.0,0.9619718501344323,93.0,93.0,16.0,138.11467213569486
100,1005006,H,1101,REFERENCE,Electricity,Resource,Improving,10.0,0.29429369047284126,16.0,16.0,5.0,40.69957692198821
100,1005006,H,1101,REFERENCE,Balanced,Resource,Stagnating,91.0,3.0469149136915803,143.0,143.0,11.0,20.927392998880272
100,1005006,T,1101,W,Flow,Resource,Improving,68.0,2.2429596623405814,103.0,103.0,16.0,44.30209048671115
100,1005006,T,1101,W,Balanced,Resource,Improving,36.0,1.2467364091426134,60.0,60.0,5.0,10.186819543231305
100,1005006,T,1101,W,Electricity,Resource,Improving,48.0,1.390186264179647,68.0,68.0,2.0,-9.0
100,1005006,T,1101,W,Flow,Resource,Stagnating,60.0,1.8812289228662848,107.0,107.0,14.0,42.54600300769313
100,1005006,T,1101,W,Electricity,Resource,Stagnating,29.0,0.9232465978711843,36.0,36.0,1.0,-7.0
100,1005006,T,1101,W,Balanced,Resource,Stagnating,31.0,1.029790984466672,56.0,56.0,4.0,0.8108273332391596
100,1005006,T,1101,GW,Flow,Resource,Improving,70.0,2.221385202370584,182.0,182.0,21.0,87.10844658441738
100,1005006,T,1101,GW,Balanced,Resource,Improving,40.0,1.0493136579170823,28.0,28.0,5.0,-2.1241982382334585
100,1005006,T,1101,GW,Electricity,Resource,Improving,22.0,0.8341281078755856,28.0,28.0,0.0,-14.0
100,1005006,T,1101,GW,Balanced,Resource,Stagnating,34.0,1.1264027198776603,30.0,30.0,2.0,-6.0
100,1005006,T,1101,GW,Electricity,Resource,Stagnating,30.0,1.4836457557976246,55.0,55.0,1.0,-7.0
100,1005006,T,1101,GW,Flow,Resource,Stagnating,39.0,1.1566340578719974,68.0,68.0,9.0,32.896813511192406
100,1005006,T,1101,LEGACY,Flow,Resource,Improving,44.0,1.521570990793407,89.0,89.0,12.0,47.015255518156806
100,1005006,T,1101,LEGACY,Balanced,Resource,Improving,43.0,1.6701745362952352,99.0,99.0,6.0,18.097394784983173
100,1005006,T,1101,LEGACY,Electricity,Resource,Stagnating,87.0,3.5111571112647653,288.0,288.0,19.0,116.96954592817625
100,1005006,T,1101,LEGACY,Balanced,Resource,Stagnating,62.0,2.1410857224836946,176.0,176.0,10.0,14.574429509930315
100,1005006,T,1101,LEGACY,Electricity,Resource,Improving,27.0,1.0512142023071647,73.0,73.0,2.0,3.5859661921873087
100,1005006,T,1101,LEGACY,Flow,Resource,Stagnating,34.0,1.390571872703731,60.0,60.0,10.0,29.03156848883069
100,1005006,T,1101,LEGACY,Flow,Normal,Improving,10.0,0.17421822994947433,4.0,4.0,2.0,1.3457308171429103
100,1005006,T,1101,LEGACY,Flow,Normal,Stagnating,2.0,0.026824106462299824,0.0,0.0,0.0,-2.0
100,1005006,T,1101,REFERENCE,Flow,Resource,Improving,54.0,1.4571584416553378,101.0,101.0,9.0,11.883816440638364
100,1005006,T,1101,REFERENCE,Balanced,Resource,Improving,33.0,0.6949755856767297,26.0,26.0,3.0,1.4015615792624114
100,1005006,T,1101,REFERENCE,Flow,Resource,Stagnating,66.0,1.8236673790961504,102.0,102.0,13.0,31.25055918203376
100,1005006,T,1101,REFERENCE,Electricity,Resource,Improving,38.0,0.9823170145973563,42.0,42.0,3.0,2.587263108748033
100,1005006,T,1101,REFERENCE,Balanced,Resource,Stagnating,37.0,1.1976823220029473,58.0,58.0,4.0,1.021535064351034
100,1005006,T,1101,REFERENCE,Electricity,Resource,Stagnating,40.0,1.0475314296782017,28.0,28.0,1.0,-18.0
100,1005006,T,1101,REFERENCE,Flow,Normal,Stagnating,1.0,0.016395208425819874,0.0,0.0,0.0,-1.0
100,1005006,T,1101,REFERENCE,Flow,TOU,Stagnating,1.0,0.012929115444421768,0.0,0.0,0.0,-1.0
100,1005006,T,1101,REFERENCE,Flow,TOU,Improving,12.0,0.2967168716713786,28.0,28.0,3.0,9.110082196285823
100,1005006,T,1101,G,Flow,Resource,Improving,41.0,0.992477010935545,64.0,64.0,7.0,9.951514970048997
100,1005006,T,1101,G,Balanced,Resource,Improving,57.0,1.8066830970346928,139.0,139.0,5.0,5.867055708388552
100,1005006,T,1101,G,Flow,Resource,Stagnating,62.0,1.755838449113071,77.0,77.0,10.0,13.28387356047159
100,1005006,T,1101,G,Electricity,Resource,Improving,24.0,0.6956056291237473,28.0,28.0,1.0,-15.68209658992267
100,1005006,T,1101,G,Balanced,Resource,Stagnating,71.0,2.246794180944562,124.0,124.0,11.0,32.1838472748363
100,1005006,T,1101,G,Electricity,Resource,Stagnating,36.0,0.9364216551184654,28.0,28.0,4.0,13.061867556860241
100,1005006,T,1101,G,Flow,Normal,Stagnating,3.0,0.08259844593703747,6.0,6.0,0.0,-2.0
100,1005006,T,2202,LEGACY,Balanced,Resource,Improving,63.0,1.8953008092939854,146.0,146.0,13.0,46.43343549416996
100,1005006,T,2202,LEGACY,Electricity,Resource,Improving,41.0,1.2542231772094965,79.0,79.0,5.0,17.003986785320958
100,1005006,T,2202,LEGACY,Flow,Compressible,Improving,1.0,0.0419137179851532,0.0,0.0,0.0,-1.0
100,1005006,T,2202,LEGACY,Flow,Resource,Improving,58.0,1.6012448519468307,76.0,76.0,11.0,24.567826994186085
100,1005006,T,2202,LEGACY,Flow,Resource,Stagnating,74.0,2.3294090405106544,110.0,110.0,11.0,21.534792859463167
100,1005006,T,2202,LEGACY,Balanced,Resource,Stagnating,49.0,1.3775809099897742,60.0,60.0,6.0,4.749306920571607
100,1005006,T,2202,LEGACY,Electricity,Resource,Stagnating,71.0,2.153131186030805,168.0,168.0,5.0,15.089619181835882
100,1005006,T,2202,LEGACY,Flow,Normal,Stagnating,1.0,0.015237351879477501,0.0,0.0,0.0,-1.0
100,1005006,T,2202,REFERENCE,Balanced,Resource,Improving,58.0,1.9950661975890398,128.0,128.0,12.0,56.793031719557085
100,1005006,T,2202,REFERENCE,Electricity,Resource,Improving,59.0,1.9247874896973372,109.0,109.0,13.0,96.50096841783791
100,1005006,T,2202,REFERENCE,Flow,Resource,Improving,51.0,1.4426932325586677,65.0,65.0,7.0,4.078117340524681
100,1005006,T,2202,REFERENCE,Flow,Resource,Stagnating,54.0,1.8076790049672127,50.0,50.0,7.0,1.6994891825665803
100,1005006,T,2202,REFERENCE,Electricity,Resource,Stagnating,33.0,1.0964767718687654,9.0,9.0,3.0,-3.858897390703987
100,1005006,T,2202,REFERENCE,Balanced,Resource,Stagnating,54.0,1.9244004040956497,109.0,109.0,4.0,4.645204151654124
100,1005006,T,2202,G,Balanced,Resource,Improving,66.0,2.3052611108869314,127.0,127.0,13.0,60.824533270516085
100,1005006,T,2202,G,Electricity,Resource,Improving,54.0,2.374340133741498,124.0,124.0,11.0,81.99586020647696
100,1005006,T,2202,G,Flow,Resource,Improving,64.0,1.9628236945718527,137.0,137.0,15.0,60.901337829740925
100,1005006,T,2202,G,Flow,Resource,Stagnating,32.0,0.832205199636519,52.0,52.0,2.0,-4.611119136248156
100,1005006,T,2202,G,Electricity,Resource,Stagnating,21.0,0.748757915571332,34.0,34.0,1.0,-10.55448067084115
100,1005006,T,2202,G,Balanced,Resource,Stagnating,66.0,2.144304065965116,79.0,79.0,4.0,-28.661028193985292
100,1005006,T,2202,W,Balanced,Resource,Improving,106.0,3.634334424510598,263.0,263.0,24.0,105.7128973532043
100,1005006,T,2202,W,Electricity,Resource,Improving,79.0,3.0526007302105427,241.0,241.0,24.0,171.22458351515087
100,1005006,T,2202,W,Flow,Compressible,Improving,19.0,0.6640323735773563,21.0,21.0,4.0,15.874852557019441
100,1005006,T,2202,W,Flow,Resource,Improving,44.0,1.3831300185993314,99.0,99.0,10.0,20.122239923250685
100,1005006,T,2202,W,Flow,Resource,Stagnating,71.0,2.442312485538423,202.0,202.0,22.0,61.07156698786653
100,1005006,T,2202,W,Electricity,Resource,Stagnating,63.0,2.2047768170014024,146.0,146.0,11.0,79.0
100,1005006,T,2202,W,Balanced,Resource,Stagnating,35.0,1.196030861698091,39.0,39.0,4.0,-5.1105618227548675
100,1005006,T,2202,GW,Balanced,Resource,Improving,102.0,3.6178753320127726,244.0,244.0,23.0,103.29986124982914
100,1005006,T,2202,GW,Electricity,Resource,Improving,76.0,2.5226929308846593,233.0,233.0,24.0,170.80490078071665
100,1005006,T,2202,GW,Flow,Compressible,Improving,19.0,0.582624888047576,21.0,21.0,4.0,15.874852557019441
100,1005006,T,2202,GW,Flow,Resource,Improving,36.0,1.0683492235839367,91.0,91.0,8.0,20.533959532475684
100,1005006,T,2202,GW,Flow,Resource,Stagnating,74.0,2.6319990949705243,236.0,236.0,20.0,62.33607325798762
100,1005006,T,2202,GW,Electricity,Resource,Stagnating,111.0,4.003548499196768,333.0,333.0,19.0,104.66991291168705
100,1005006,T,2202,GW,Balanced,Resource,Stagnating,18.0,0.6595518197864294,23.0,23.0,0.0,-13.0
100,1005007,H,1101,REFERENCE,Electricity,Resource,Improving,106.0,3.415524267591536,339.0,339.0,34.0,265.84490113256504
100,1005007,H,1101,REFERENCE,Flow,Resource,Improving,43.0,1.2957711992785335,93.0,93.0,2.0,-3.6759895766055095
100,1005007,H,1101,REFERENCE,Balanced,Resource,Improving,53.0,1.4253254225477576,71.0,71.0,6.0,9.7372798817823
100,1005007,H,1101,REFERENCE,Flow,Resource,Stagnating,59.0,1.9466290138661861,116.0,116.0,13.0,36.622338310485844
100,1005007,H,1101,REFERENCE,Electricity,Resource,Stagnating,43.0,1.4463286651298404,126.0,126.0,6.0,19.13465406783282
100,1005007,H,1101,REFERENCE,Balanced,Resource,Stagnating,42.0,1.2287132861092687,37.0,37.0,3.0,-7.121503966763582
100,1005007,H,1101,REFERENCE,Flow,TOU,Stagnating,11.0,0.4780664090067148,33.0,33.0,1.0,1.0920715051583265
100,1005007,H,1101,REFERENCE,Flow,TOU,Improving,1.0,0.022850400768220425,0.0,0.0,0.0,-1.0
100,1005007,H,1101,G,Electricity,Resource,Improving,76.0,2.5027010459452868,255.0,255.0,32.0,242.39503120127245
100,1005007,H,1101,G,Flow,Resource,Improving,42.0,1.1405728356912732,75.0,75.0,3.0,-1.6377097372350544
100,1005007,H,1101,G,Balanced,Resource,Improving,49.0,1.4459387864917517,61.0,61.0,8.0,20.71424129474937
100,1005007,H,1101,G,Flow,Resource,Stagnating,43.0,1.35833537299186,81.0,81.0,7.0,12.260208059928903
100,1005007,H,1101,G,Electricity,Resource,Stagnating,36.0,1.265347340144217,115.0,115.0,5.0,15.189841399791565
100,1005007,H,1101,G,Balanced,Resource,Stagnating,40.0,1.2752159181982279,35.0,35.0,4.0,-0.6660694733143062
100,1005007,H,1101,G,Flow,TOU,Stagnating,8.0,0.3116860529407859,31.0,31.0,1.0,3.0920715051583265
100,1005007,H,1101,W,Electricity,Resource,Improving,121.0,6.468790261074901,539.0,539.0,45.0,388.35364255168827
100,1005007,H,1101,W,Balanced,Resource,Improving,58.0,2.3486463967710733,165.0,165.0,9.0,12.845417373924926
100,1005007,H,1101,W,Flow,Resource,Improving,54.0,2.668972718529403,176.0,176.0,13.0,59.64015617516351
100,1005007,H,1101,W,Balanced,Resource,Stagnating,65.0,2.764113264158368,134.0,134.0,10.0,27.75837917970808
100,1005007,H,1101,W,Electricity,Resource,Stagnating,18.0,0.6694270521402359,44.0,44.0,1.0,-6.543064898533579
100,1005007,H,1101,W,Flow,Resource,Stagnating,33.0,1.1474102484062314,69.0,69.0,4.0,4.054003090584153
100,1005007,H,1101,W,Flow,TOU,Stagnating,3.0,0.13991112634539604,7.0,7.0,0.0,-1.0
100,1005007,H,1101,GW,Electricity,Resource,Improving,94.0,3.3759087109938264,376.0,376.0,37.0,312.57456931083277
100,1005007,H,1101,GW,Balanced,Resource,Improving,77.0,2.2827252857387066,126.0,126.0,13.0,38.33859577792372
100,1005007,H,1101,GW,Flow,Resource,Improving,100.0,3.437788893468678,238.0,238.0,25.0,109.44266320153258
100,1005007,H,1101,GW,Electricity,Resource,Stagnating,66.0,2.2135114166885614,189.0,189.0,8.0,36.71946509432613
100,1005007,H,1101,GW,Flow,Resource,Stagnating,26.0,0.7847019070759416,27.0,27.0,3.0,-8.678839239364041
100,1005007,H,1101,GW,Balanced,Resource,Stagnating,44.0,1.0719127086922526,89.0,89.0,8.0,23.648579982455857
100,1005007,H,1101,GW,Flow,TOU,Improving,1.0,0.01093410886824131,0.0,0.0,0.0,-1.0
100,1005007,H,1101,GW,Flow,TOU,Stagnating,5.0,0.19618347473442554,10.0,10.0,0.0,-1.0
100,1005007,H,1101,LEGACY,Electricity,Resource,Improving,54.0,1.776278542354703,138.0,138.0,10.0,66.98169098329484
100,1005007,H,1101,LEGACY,Balanced,Resource,Improving,76.0,2.34738224837929,210.0,210.0,22.0,79.22008219921287
100,1005007,H,1101,LEGACY,Flow,Resource,Improving,68.0,2.644605277106166,157.0,157.0,20.0,69.3483652086828
100,1005007,H,1101,LEGACY,Electricity,Resource,Stagnating,35.0,1.4908850882202387,62.0,62.0,0.0,-15.0
100,1005007,H,1101,LEGACY,Flow,Resource,Stagnating,60.0,2.1668813237920403,114.0,114.0,9.0,20.33796983239634
100,1005007,H,1101,LEGACY,Balanced,Resource,Stagnating,40.0,1.3224455267190933,92.0,92.0,4.0,-0.22401816441468458
100,1005007,H,1101,LEGACY,Flow,TOU,Stagnating,5.0,0.19881960842758417,18.0,18.0,1.0,0.3691477635884757
100,1005007,H,2202,W,Balanced,Resource,Improving,138.0,4.955288185738027,358.0,358.0,39.0,186.1800801063445
100,1005007,H,2202,W,Electricity,Resource,Improving,107.0,3.918421353213489,263.0,263.0,27.0,200.64485027955914
100,1005007,H,2202,W,Flow,Resource,Improving,51.0,1.9057890977710485,153.0,153.0,13.0,63.68064451769425
100,1005007,H,2202,W,Electricity,Resource,Stagnating,68.0,2.1934126522392035,136.0,136.0,8.0,18.669360244934847
100,1005007,H,2202,W,Flow,Resource,Stagnating,54.0,1.8576221754774451,144.0,144.0,14.0,47.2288354367463
100,1005007,H,2202,W,Balanced,Resource,Stagnating,57.0,2.1448908653110266,116.0,116.0,6.0,5.342243665337191
100,1005007,H,2202,W,Flow,TOU,Stagnating,49.0,1.7966383313760161,143.0,143.0,10.0,20.0901666073823
100,1005007,H,2202,W,Flow,TOU,Improving,24.0,0.9627263424918056,71.0,71.0,6.0,20.790685780636288
100,1005007,H,2202,GW,Balanced,Resource,Improving,96.0,3.6555351093411446,226.0,226.0,25.0,122.18617394993274
100,1005007,H,2202,GW,Electricity,Resource,Improving,113.0,4.033902734518051,332.0,332.0,34.0,275.22095441713196
100,1005007,H,2202,GW,Flow,Resource,Improving,30.0,1.169657839462161,67.0,67.0,2.0,-2.2116328934225082
100,1005007,H,2202,GW,Electricity,Resource,Stagnating,42.0,1.886475345119834,89.0,89.0,8.0,19.346388395175925
100,1005007,H,2202,GW,Flow,Resource,Stagnating,26.0,0.973631277680397,36.0,36.0,3.0,-6.516303753954331
100,1005007,H,2202,GW,Balanced,Resource,Stagnating,52.0,1.8926668306812644,16.0,16.0,4.0,-6.0
100,1005007,H,2202,GW,Flow,TOU,Stagnating,5.0,0.17360624391585588,15.0,15.0,0.0,-1.0
100,1005007,H,2202,GW,Flow,TOU,Improving,1.0,0.022251900285482407,0.0,0.0,0.0,-1.0
100,1005007,H,2202,LEGACY,Balanced,Resource,Improving,90.0,3.824739107862115,257.0,257.0,21.0,118.50083151929597
100,1005007,H,2202,LEGACY,Electricity,Resource,Improving,76.0,3.418885249644518,177.0,177.0,14.0,94.55085070392276
100,1005007,H,2202,LEGACY,Flow,Resource,Improving,45.0,1.5423506665974855,80.0,80.0,8.0,31.8938532192454
100,1005007,H,2202,LEGACY,Electricity,Resource,Stagnating,77.0,3.0438067903742194,157.0,157.0,13.0,82.48844860286202
100,1005007,H,2202,LEGACY,Balanced,Resource,Stagnating,58.0,1.7919870559126139,125.0,125.0,12.0,15.15199977007439
100,1005007,H,2202,LEGACY,Flow,Resource,Stagnating,67.0,2.2744681099429727,157.0,157.0,12.0,60.2004191554699
100,1005007,H,2202,LEGACY,Flow,TOU,Stagnating,60.0,1.776836714707315,110.0,110.0,17.0,61.44717060261722
100,1005007,H,2202,LEGACY,Flow,TOU,Improving,9.0,0.2535072695463896,18.0,18.0,1.0,0.15075685553226048
100,1005007,H,2202,REFERENCE,Balanced,Resource,Improving,97.0,3.1796740451827645,273.0,273.0,34.0,162.6855630060042
100,1005007,H,2202,REFERENCE,Electricity,Resource,Improving,90.0,3.1437797006219625,203.0,203.0,24.0,152.6396503439478
100,1005007,H,2202,REFERENCE,Flow,Resource,Improving,63.0,2.068604599684477,157.0,157.0,12.0,34.87915403595348
100,1005007,H,2202,REFERENCE,Electricity,Resource,Stagnating,64.0,2.0453560473397374,94.0,94.0,14.0,85.92025177433128
100,1005007,H,2202,REFERENCE,Flow,Resource,Stagnating,53.0,1.4386101365089417,73.0,73.0,11.0,6.648123271434329
100,1005007,H,2202,REFERENCE,Balanced,Resource,Stagnating,39.0,1.2318758172914386,44.0,44.0,3.0,-5.509775761312201
100,1005007,H,2202,REFERENCE,Flow,TOU,Stagnating,43.0,1.383782859891653,144.0,144.0,15.0,29.984891483322706
100,1005007,H,2202,REFERENCE,Flow,TOU,Improving,3.0,0.06619437970221043,0.0,0.0,0.0,-3.0
100,1005007,H,2202,G,Balanced,Resource,Improving,89.0,3.016163860447705,222.0,222.0,30.0,146.94462767744406
100,1005007,H,2202,G,Electricity,Resource,Improving,85.0,2.8405474899336696,201.0,201.0,28.0,184.67338180563138
100,1005007,H,2202,G,Flow,Resource,Improving,54.0,1.5243194224312901,143.0,143.0,7.0,26.691823580369274
100,1005007,H,2202,G,Electricity,Resource,Stagnating,71.0,2.426648337393999,102.0,102.0,17.0,116.59911350423332
100,1005007,H,2202,G,Flow,Resource,Stagnating,24.0,0.6490233298391104,33.0,33.0,1.0,-8.574211252920257
100,1005007,H,2202,G,Balanced,Resource,Stagnating,46.0,1.4439060688018799,71.0,71.0,5.0,-0.40184379810438564
100,1005007,H,2202,G,Flow,TOU,Stagnating,2.0,0.057150084525346756,2.0,2.0,0.0,-1.0
100,1005007,T,2202,GW,Balanced,Resource,Improving,130.0,3.9451151676476,297.0,297.0,21.0,106.05211059944247
100,1005007,T,2202,GW,Electricity,Resource,Improving,52.0,1.9317565327510238,135.0,135.0,11.0,73.83712630187424
100,1005007,T,2202,GW,Flow,Resource,Improving,48.0,1.3298781616613269,109.0,109.0,3.0,-2.802899850479122
100,1005007,T,2202,GW,Balanced,Resource,Stagnating,124.0,4.163709291256964,268.0,268.0,22.0,73.58150198591501
100,1005007,T,2202,GW,Flow,Resource,Stagnating,28.0,0.6614144966006279,37.0,37.0,1.0,-15.94874546227238
100,1005007,T,2202,GW,Flow,TOU,Stagnating,68.0,2.3531452771276236,183.0,183.0,16.0,51.15328899829858
100,1005007,T,2202,GW,Electricity,Resource,Stagnating,44.0,1.516396195627749,88.0,88.0,5.0,14.958603283133066
100,1005007,T,2202,GW,Flow,TOU,Improving,6.0,0.1370111582800746,13.0,13.0,0.0,-3.0
100,1005007,T,2202,GW,Flow,Compressible,Stagnating,3.0,0.08482091035693884,6.0,6.0,0.0,-2.0
100,1005007,T,2202,LEGACY,Balanced,Resource,Improving,103.0,3.8441408360376954,301.0,301.0,22.0,132.14375380030828
100,1005007,T,2202,LEGACY,Electricity,Resource,Improving,51.0,2.035620339214802,135.0,135.0,7.0,46.35636856507613
100,1005007,T,2202,LEGACY,Flow,Resource,Improving,80.0,3.2406965969130397,271.0,271.0,19.0,45.82251776911329
100,1005007,T,2202,LEGACY,Balanced,Resource,Stagnating,55.0,1.9792281361296773,85.0,85.0,10.0,24.294013370328827
100,1005007,T,2202,LEGACY,Electricity,Resource,Stagnating,40.0,1.5637530321255326,76.0,76.0,7.0,31.93871806343457
100,1005007,T,2202,LEGACY,Flow,TOU,Stagnating,8.0,0.30537943448871374,21.0,21.0,1.0,1.3191591027468341
100,1005007,T,2202,LEGACY,Flow,Resource,Stagnating,44.0,2.279508948326111,140.0,140.0,5.0,11.536689614480867
100,1005007,T,2202,LEGACY,Flow,TOU,Improving,30.0,1.0217805849388242,85.0,85.0,4.0,13.928862239709428
100,1005007,T,2202,REFERENCE,Balanced,Resource,Improving,69.0,2.678893850184977,164.0,164.0,10.0,49.61007819216967
100,1005007,T,2202,REFERENCE,Electricity,Resource,Improving,55.0,1.6628667302429676,93.0,93.0,7.0,31.31668268006898
100,1005007,T,2202,REFERENCE,Flow,Resource,Improving,64.0,2.076821810565889,126.0,126.0,14.0,33.19875369641853
100,1005007,T,2202,REFERENCE,Electricity,Resource,Stagnating,48.0,1.4639879744499922,77.0,77.0,5.0,18.2329189104586
100,1005007,T,2202,REFERENCE,Flow,Resource,Stagnating,49.0,1.591746079735458,82.0,82.0,8.0,24.716748976402812
100,1005007,T,2202,REFERENCE,Flow,Compressible,Improving,1.0,0.04816374555230141,2.0,2.0,1.0,3.4092987342714944
100,1005007,T,2202,REFERENCE,Balanced,Resource,Stagnating,63.0,2.2112769447267056,120.0,120.0,9.0,13.181011103186815
100,1005007,T,2202,REFERENCE,Flow,TOU,Improving,6.0,0.11678230855613947,1.0,1.0,0.0,-5.0
100,1005007,T,2202,REFERENCE,Flow,Compressible,Stagnating,1.0,0.012353278696537018,0.0,0.0,0.0,-1.0
100,1005007,T,2202,REFERENCE,Flow,TOU,Stagnating,5.0,0.13469574134796858,8.0,8.0,0.0,-3.0
100,1005007,T,2202,G,Balanced,Resource,Improving,100.0,2.8942669993266463,249.0,249.0,22.0,75.04638010752147
100,1005007,T,2202,G,Electricity,Resource,Improving,35.0,1.161979396827519,93.0,93.0,5.0,27.63169754247891
100,1005007,T,2202,G,Flow,Resource,Improving,45.0,0.9983625607565045,66.0,66.0,6.0,-0.20244655830277214
100,1005007,T,2202,G,Electricity,Resource,Stagnating,46.0,1.2004460925236344,84.0,84.0,4.0,10.85640691848219
100,1005007,T,2202,G,Flow,Resource,Stagnating,33.0,0.829005622304976,72.0,72.0,4.0,-1.5214673260500895
100,1005007,T,2202,G,Balanced,Resource,Stagnating,86.0,2.596222390420735,122.0,122.0,7.0,6.935864124181229
100,1005007,T,2202,G,Flow,Compressible,Stagnating,1.0,0.02933408971875906,0.0,0.0,0.0,-1.0
100,1005007,T,2202,G,Flow,TOU,Improving,3.0,0.020167714916169643,0.0,0.0,0.0,-3.0
100,1005007,T,2202,G,Flow,TOU,Stagnating,2.0,0.01834548730403185,0.0,0.0,0.0,-2.0
100,1005007,T,2202,G,Flow,Normal,Stagnating,1.0,0.013381138443946838,0.0,0.0,0.0,-1.0
100,1005007,T,2202,G,Flow,Normal,Improving,2.0,0.06743555422872305,5.0,5.0,1.0,2.834997452406179
100,1005007,T,2202,W,Balanced,Resource,Improving,68.0,2.337162209674716,179.0,179.0,12.0,46.38368910750165
100,1005007,T,2202,W,Electricity,Resource,Improving,109.0,4.161733461543918,373.0,373.0,34.0,281.2392679178789
100,1005007,T,2202,W,Flow,Resource,Improving,38.0,1.6623011780902743,114.0,114.0,8.0,1.2851000754263318
100,1005007,T,2202,W,Flow,Resource,Stagnating,67.0,2.7957063941285014,186.0,186.0,14.0,28.653494287891647
100,1005007,T,2202,W,Electricity,Resource,Stagnating,39.0,1.6439881399273872,78.0,78.0,3.0,6.002107696282689
100,1005007,T,2202,W,Balanced,Resource,Stagnating,26.0,0.9918998684734106,40.0,40.0,0.0,-17.0
100,1005007,T,2202,W,Flow,TOU,Improving,1.0,0.017660116776823997,0.0,0.0,0.0,-1.0
100,1005007,T,2202,W,Flow,TOU,Stagnating,4.0,0.11031741462647915,7.0,7.0,0.0,-2.0
100,1005007,T,1101,G,Electricity,Resource,Improving,75.0,2.405132551677525,216.0,216.0,29.0,223.42336089217847
100,1005007,T,1101,G,Balanced,Resource,Improving,58.0,1.774647030979395,131.0,131.0,8.0,24.845356366645674
100,1005007,T,1101,G,Flow,Resource,Improving,57.0,1.68814214784652,120.0,120.0,15.0,39.42330297209789
100,1005007,T,1101,G,Balanced,Resource,Stagnating,82.0,2.3331175288185477,143.0,143.0,12.0,20.53651606497617
100,1005007,T,1101,G,Electricity,Resource,Stagnating,68.0,1.7590005127713084,62.0,62.0,14.0,82.39671192443143
100,1005007,T,1101,G,Flow,Resource,Stagnating,89.0,2.709178263321519,213.0,213.0,17.0,26.47209379109369
100,1005007,T,1101,G,Flow,Normal,Improving,2.0,0.06405538786202669,6.0,6.0,0.0,-1.0
100,1005007,T,1101,G,Flow,Normal,Stagnating,1.0,0.010712436400353909,0.0,0.0,0.0,-1.0
100,1005007,T,1101,W,Electricity,Resource,Improving,83.0,3.416245642118156,288.0,288.0,31.0,241.77736040687483
100,1005007,T,1101,W,Flow,Resource,Improving,104.0,4.136259751394391,222.0,222.0,22.0,68.26161071702629
100,1005007,T,1101,W,Balanced,Resource,Improving,53.0,2.1470327554270625,109.0,109.0,7.0,7.598700037272575
100,1005007,T,1101,W,Flow,Resource,Stagnating,90.0,3.4906040774658322,261.0,261.0,20.0,71.28367295540562
100,1005007,T,1101,W,Electricity,Resource,Stagnating,31.0,1.4464587708935142,91.0,91.0,4.0,17.178050482610313
100,1005007,T,1101,W,Balanced,Resource,Stagnating,25.0,0.9683429421856999,41.0,41.0,2.0,-14.619555675693558
100,1005007,T,1101,W,Flow,TOU,Stagnating,4.0,0.1461395686492324,11.0,11.0,0.0,-1.0
100,1005007,T,1101,W,Flow,TOU,Improving,3.0,0.11889463011175394,6.0,6.0,0.0,-1.0
100,1005007,T,1101,W,Flow,Normal,Stagnating,2.0,0.12405956629663706,9.0,9.0,0.0,0.0
100,1005007,T,1101,W,Flow,Normal,Improving,1.0,0.047712589614093304,4.0,4.0,0.0,0.0
100,1005007,T,1101,GW,Electricity,Resource,Improving,91.0,3.7462894124910235,320.0,320.0,34.0,263.1868893943845
100,1005007,T,1101,GW,Flow,Resource,Improving,74.0,2.975016228854656,242.0,242.0,22.0,64.94520544094394
100,1005007,T,1101,GW,Balanced,Resource,Improving,42.0,1.7331975772976875,103.0,103.0,1.0,-4.0
100,1005007,T,1101,GW,Flow,Resource,Stagnating,172.0,6.863966410979629,584.0,584.0,50.0,199.03338997731868
100,1005007,T,1101,GW,Electricity,Resource,Stagnating,44.0,1.978509814478457,144.0,144.0,4.0,24.0
100,1005007,T,1101,GW,Balanced,Resource,Stagnating,41.0,1.2854715613648295,81.0,81.0,4.0,6.516536798543601
100,1005007,T,1101,LEGACY,Electricity,Resource,Improving,88.0,3.067222313955426,270.0,270.0,30.0,251.05259426303672
100,1005007,T,1101,LEGACY,Flow,Resource,Improving,87.0,2.6887527108192444,227.0,227.0,33.0,89.99326344820867
100,1005007,T,1101,LEGACY,Balanced,Resource,Stagnating,94.0,3.1158311059698462,194.0,194.0,22.0,120.01386360003454
100,1005007,T,1101,LEGACY,Flow,Resource,Stagnating,42.0,1.238842780701816,80.0,80.0,8.0,9.503838888387873
100,1005007,T,1101,LEGACY,Balanced,Resource,Improving,58.0,1.804956172592938,133.0,133.0,7.0,5.520658466046417
100,1005007,T,1101,LEGACY,Electricity,Resource,Stagnating,37.0,1.0592560479417443,38.0,38.0,4.0,-5.8977763594069135
100,1005007,T,1101,LEGACY,Flow,Normal,Stagnating,1.0,0.045086510479450226,6.0,6.0,0.0,0.0
100,1005007,T,1101,REFERENCE,Electricity,Resource,Improving,63.0,2.0696192970499396,182.0,182.0,21.0,169.37173904546836
100,1005007,T,1101,REFERENCE,Balanced,Resource,Improving,42.0,1.2164162499830127,74.0,74.0,4.0,-10.709842071056482
100,1005007,T,1101,REFERENCE,Flow,Resource,Improving,80.0,2.6813461929559708,233.0,233.0,16.0,51.35472041244785
100,1005007,T,1101,REFERENCE,Electricity,Resource,Stagnating,36.0,1.3290860569104552,24.0,24.0,3.0,5.817713841386528
100,1005007,T,1101,REFERENCE,Balanced,Resource,Stagnating,33.0,1.2835285542532802,71.0,71.0,2.0,-8.657822278416997
100,1005007,T,1101,REFERENCE,Flow,Resource,Stagnating,26.0,0.9564356738701463,58.0,58.0,3.0,4.32827217181554
100,1005007,T,1101,REFERENCE,Flow,Normal,Improving,3.0,0.08845766261219978,4.0,4.0,0.0,-2.0
100,1005007,T,1101,REFERENCE,Flow,Normal,Stagnating,8.0,0.22906604502350092,7.0,7.0,1.0,-2.0485900582421284
100,1005008,H,1101,REFERENCE,Flow,TOU,Improving,126.0,5.251875527203083,444.0,444.0,29.0,119.33308600577546
100,1005008,H,1101,REFERENCE,Flow,Resource,Improving,1.0,0.045496683567762375,5.0,5.0,0.0,0.0
100,1005008,H,1101,REFERENCE,Balanced,Resource,Improving,73.0,2.827043415978551,215.0,215.0,11.0,46.5021085924526
100,1005008,H,1101,REFERENCE,Electricity,Resource,Improving,64.0,2.2042014971375465,128.0,128.0,12.0,86.37180240385223
100,1005008,H,1101,REFERENCE,Flow,TOU,Stagnating,58.0,2.3678371384739876,169.0,169.0,7.0,26.59623240021596
100,1005008,H,1101,REFERENCE,Flow,Compressible,Improving,1.0,0.03827486373484135,3.0,3.0,0.0,0.0
100,1005008,H,1101,REFERENCE,Flow,Resource,Stagnating,1.0,0.014606833457946777,0.0,0.0,0.0,-1.0
100,1005008,H,1101,REFERENCE,Balanced,Resource,Stagnating,44.0,1.5518741626292467,67.0,67.0,5.0,10.016747117584822
100,1005008,H,1101,REFERENCE,Flow,Compressible,Stagnating,12.0,0.4956870945170522,61.0,61.0,3.0,12.577257340980903
100,1005008,H,1101,REFERENCE,Electricity,Resource,Stagnating,75.0,2.8074094308540225,198.0,198.0,7.0,8.432390450803233
100,1005008,H,1101,REFERENCE,Balanced,TOU,Improving,8.0,0.3191039841622114,38.0,38.0,1.0,0.3764727948458354
100,1005008,H,1101,REFERENCE,Balanced,TOU,Stagnating,8.0,0.28717226069420576,27.0,27.0,0.0,-2.0
100,1005008,H,1101,REFERENCE,Balanced,Normal,Stagnating,1.0,0.02953234687447548,0.0,0.0,0.0,-1.0
100,1005008,H,1101,G,Flow,TOU,Improving,130.0,4.885143130086362,388.0,388.0,30.0,146.76011039848277
100,1005008,H,1101,G,Flow,Resource,Improving,1.0,0.060519262216985226,5.0,5.0,0.0,0.0
100,1005008,H,1101,G,Balanced,Resource,Improving,69.0,2.659878583624959,188.0,188.0,11.0,39.06822304399195
100,1005008,H,1101,G,Electricity,Resource,Improving,45.0,1.3689463762566447,69.0,69.0,12.0,91.08478460216025
100,1005008,H,1101,G,Flow,TOU,Stagnating,44.0,1.9401030829176307,152.0,152.0,4.0,8.73299676023348
100,1005008,H,1101,G,Flow,Compressible,Improving,1.0,0.03899579122662544,3.0,3.0,0.0,0.0
100,1005008,H,1101,G,Flow,Resource,Stagnating,1.0,0.014766653999686241,0.0,0.0,0.0,-1.0
100,1005008,H,1101,G,Balanced,Resource,Stagnating,48.0,1.6103819590061903,110.0,110.0,6.0,6.476190126128882
100,1005008,H,1101,G,Flow,Compressible,Stagnating,19.0,0.7770496970042586,82.0,82.0,4.0,16.39453927143442
100,1005008,H,1101,G,Electricity,Resource,Stagnating,35.0,1.2160902991890907,68.0,68.0,5.0,23.798204575825515
100,1005008,H,1101,G,Balanced,TOU,Stagnating,4.0,0.14341804292052984,10.0,10.0,0.0,-2.0
100,1005008,H,1101,G,Balanced,TOU,Improving,14.0,0.5655389158055186,41.0,41.0,1.0,1.2058727839992232
100,1005008,H,1101,G,Balanced,Normal,Stagnating,1.0,0.05368090234696865,2.0,2.0,0.0,0.0
100,1005008,H,1101,W,Flow,TOU,Improving,70.0,4.0222523137927055,206.0,206.0,13.0,66.28657207949897
100,1005008,H,1101,W,Flow,Resource,Improving,2.0,0.1063660541549325,11.0,11.0,0.0,0.0
100,1005008,H,1101,W,Balanced,Resource,Improving,87.0,4.500071897171438,274.0,274.0,15.0,100.3514730651812
100,1005008,H,1101,W,Electricity,Resource,Improving,108.0,5.548628509044647,269.0,269.0,15.0,107.16380852644646
100,1005008,H,1101,W,Balanced,Resource,Stagnating,11.0,0.5349951609969139,31.0,31.0,0.0,-4.0
100,1005008,H,1101,W,Flow,TOU,Stagnating,67.0,3.4772239634767175,240.0,240.0,9.0,43.53803222236549
100,1005008,H,1101,W,Electricity,Resource,Stagnating,32.0,1.3576133707538247,61.0,61.0,2.0,3.661786026262023
100,1005008,H,1101,W,Balanced,TOU,Stagnating,25.0,1.0147399017587304,64.0,64.0,0.0,-12.0
100,1005008,H,1101,W,Balanced,TOU,Improving,27.0,0.8546849368140101,36.0,36.0,2.0,-7.922974614704287
100,1005008,H,1101,W,Electricity,TOU,Stagnating,7.0,0.20389042515307665,11.0,11.0,0.0,-5.0
100,1005008,H,1101,W,Electricity,TOU,Improving,6.0,0.1481111068278551,3.0,3.0,0.0,-4.0
100,1005008,H,1101,GW,Flow,TOU,Improving,156.0,6.128846463747323,546.0,546.0,26.0,123.63565106228799
100,1005008,H,1101,GW,Flow,Resource,Improving,3.0,0.12293386273086071,18.0,18.0,0.0,0.0
100,1005008,H,1101,GW,Balanced,Resource,Improving,46.0,1.5687528029084206,124.0,124.0,6.0,14.481954900278929
100,1005008,H,1101,GW,Electricity,Resource,Improving,52.0,1.9160459181293845,78.0,78.0,6.0,13.619198073216559
100,1005008,H,1101,GW,Electricity,Resource,Stagnating,49.0,1.6544419806450605,41.0,41.0,5.0,8.784587671404232
100,1005008,H,1101,GW,Flow,TOU,Stagnating,193.0,7.759609927423298,680.0,680.0,35.0,181.65896899009707
100,1005008,H,1101,GW,Balanced,Resource,Stagnating,21.0,0.8495817556977272,40.0,40.0,1.0,-6.573427333300643
100,1005008,H,1101,GW,Balanced,TOU,Stagnating,29.0,1.0661060903221369,83.0,83.0,0.0,-13.0
100,1005008,H,1101,GW,Balanced,TOU,Improving,27.0,0.9896040754392743,49.0,49.0,2.0,-1.1861768687203247
100,1005008,H,1101,LEGACY,Flow,TOU,Improving,38.0,1.46625991538167,77.0,77.0,4.0,5.67738205407916
100,1005008,H,1101,LEGACY,Flow,Resource,Improving,4.0,0.15032034926116467,17.0,17.0,1.0,4.4417217110054175
100,1005008,H,1101,LEGACY,Balanced,Resource,Improving,39.0,1.395595422014594,110.0,110.0,7.0,42.52776853648177
100,1005008,H,1101,LEGACY,Electricity,Resource,Improving,47.0,2.044607562944293,127.0,127.0,2.0,-7.454242322850643
100,1005008,H,1101,LEGACY,Balanced,Resource,Stagnating,26.0,0.9060100354254246,57.0,57.0,3.0,3.8718701930094195
100,1005008,H,1101,LEGACY,Flow,TOU,Stagnating,28.0,1.0711494525894523,68.0,68.0,4.0,22.358194399669486
100,1005008,H,1101,LEGACY,Electricity,Resource,Stagnating,28.0,1.1673874277621508,61.0,61.0,0.0,-9.0
100,1005008,H,1101,LEGACY,Balanced,TOU,Stagnating,37.0,1.5226878188550472,78.0,78.0,2.0,5.6313186415056204
100,1005008,H,1101,LEGACY,Balanced,TOU,Improving,33.0,1.3530889302492142,74.0,74.0,2.0,-0.8342087795660369
100,1005008,H,1101,LEGACY,Flow,Compressible,Improving,1.0,0.03981782868504524,4.0,4.0,0.0,0.0
100,1005008,H,1101,LEGACY,Electricity,TOU,Improving,3.0,0.11674347147345543,8.0,8.0,0.0,-1.0
100,1005008,H,2202,W,Electricity,Resource,Improving,77.0,3.1620661998167634,204.0,204.0,20.0,160.47948741257
100,1005008,H,2202,W,Balanced,Resource,Improving,92.0,3.9917007945477962,236.0,236.0,18.0,58.39374700381127
100,1005008,H,2202,W,Flow,Resource,Improving,13.0,0.569238050840795,37.0,37.0,2.0,9.095378417613837
100,1005008,H,2202,W,Flow,TOU,Improving,125.0,5.399071706458926,417.0,417.0,27.0,108.3775601716753
100,1005008,H,2202,W,Flow,Resource,Stagnating,2.0,0.08925931435078382,10.0,10.0,0.0,0.0
100,1005008,H,2202,W,Flow,TOU,Stagnating,149.0,6.270795033313334,536.0,536.0,38.0,124.46081923873871
100,1005008,H,2202,W,Electricity,Resource,Stagnating,52.0,2.361377999186516,101.0,101.0,5.0,7.296234945056089
100,1005008,H,2202,W,Balanced,Resource,Stagnating,38.0,1.6614965023472905,117.0,117.0,6.0,18.823442398917756
100,1005008,H,2202,W,Balanced,TOU,Improving,21.0,0.8770034145563841,52.0,52.0,0.0,-3.0
100,1005008,H,2202,W,Balanced,TOU,Stagnating,32.0,1.2690295241773129,70.0,70.0,2.0,-1.6246503183231003
100,1005008,H,2202,GW,Electricity,Resource,Improving,88.0,3.529878447763622,273.0,273.0,27.0,213.54024627248785
100,1005008,H,2202,GW,Balanced,Resource,Improving,66.0,3.1126388628035784,195.0,195.0,12.0,50.62491135926773
100,1005008,H,2202,GW,Flow,Resource,Improving,10.0,0.4038871927186847,25.0,25.0,2.0,10.095378417613837
100,1005008,H,2202,GW,Flow,TOU,Improving,83.0,3.5725204898044467,267.0,267.0,17.0,61.51292418772695
100,1005008,H,2202,GW,Flow,Resource,Stagnating,2.0,0.09234640747308731,10.0,10.0,0.0,0.0
100,1005008,H,2202,GW,Flow,TOU,Stagnating,168.0,8.263795505277812,570.0,570.0,46.0,201.98472855476774
100,1005008,H,2202,GW,Electricity,Resource,Stagnating,17.0,0.6419812738895416,35.0,35.0,2.0,0.5485927004897633
100,1005008,H,2202,GW,Balanced,Resource,Stagnating,49.0,2.243473080918193,138.0,138.0,9.0,39.995366495043434
100,1005008,H,2202,GW,Balanced,TOU,Improving,34.0,1.6581536447629333,99.0,99.0,1.0,-6.925415925826919
100,1005008,H,2202,GW,Balanced,TOU,Stagnating,30.0,1.4134912583976984,43.0,43.0,0.0,-18.0
100,1005008,H,2202,GW,Electricity,TOU,Improving,1.0,0.028932861983776093,0.0,0.0,0.0,-1.0
100,1005008,H,2202,GW,Electricity,TOU,Stagnating,1.0,0.07231071218848228,2.0,2.0,0.0,0.0
100,1005008,H,2202,LEGACY,Electricity,Resource,Improving,52.0,2.2275331281125546,127.0,127.0,7.0,43.247555871585874
100,1005008,H,2202,LEGACY,Balanced,Resource,Improving,66.0,3.3058895990252495,193.0,193.0,15.0,80.71194771612845
100,1005008,H,2202,LEGACY,Flow,Resource,Improving,12.0,0.5887228501960635,22.0,22.0,1.0,-4.602310725575108
100,1005008,H,2202,LEGACY,Flow,Resource,Stagnating,10.0,0.33115779142826796,18.0,18.0,1.0,1.576553467801201
100,1005008,H,2202,LEGACY,Balanced,Resource,Stagnating,64.0,2.458420646376908,76.0,76.0,9.0,5.895817523404073
100,1005008,H,2202,LEGACY,Flow,TOU,Improving,16.0,0.5260111512616277,35.0,35.0,2.0,5.704533543141823
100,1005008,H,2202,LEGACY,Flow,Compressible,Stagnating,2.0,0.1284374427050352,0.0,0.0,0.0,-2.0
100,1005008,H,2202,LEGACY,Electricity,Resource,Stagnating,58.0,2.0215095868334174,131.0,131.0,10.0,57.44630049062231
100,1005008,H,2202,LEGACY,Flow,TOU,Stagnating,49.0,1.9448638688772917,66.0,66.0,5.0,-12.483233993872465
100,1005008,H,2202,LEGACY,Balanced,TOU,Improving,1.0,0.022575738839805126,0.0,0.0,0.0,-1.0
100,1005008,H,2202,REFERENCE,Electricity,Resource,Improving,27.0,0.8854283904656768,36.0,36.0,2.0,2.0
100,1005008,H,2202,REFERENCE,Balanced,Resource,Improving,62.0,2.035304513759911,118.0,118.0,9.0,25.714146232827026
100,1005008,H,2202,REFERENCE,Flow,Resource,Improving,19.0,0.659722363576293,67.0,67.0,2.0,12.796073207983731
100,1005008,H,2202,REFERENCE,Flow,TOU,Improving,26.0,1.0169945750385523,54.0,54.0,3.0,-3.6304392626032476
100,1005008,H,2202,REFERENCE,Flow,TOU,Stagnating,70.0,2.590636440552771,149.0,149.0,7.0,5.76429399683682
100,1005008,H,2202,REFERENCE,Balanced,Resource,Stagnating,43.0,1.4178233230486512,117.0,117.0,2.0,-9.459060487441935
100,1005008,H,2202,REFERENCE,Electricity,Resource,Stagnating,78.0,2.2984762601554394,98.0,98.0,14.0,85.13608811975293
100,1005008,H,2202,REFERENCE,Flow,Resource,Stagnating,4.0,0.14145022258162498,15.0,15.0,0.0,-1.0
100,1005008,H,2202,REFERENCE,Balanced,TOU,Stagnating,48.0,1.962720056064427,173.0,173.0,7.0,12.808272093390393
100,1005008,H,2202,REFERENCE,Balanced,TOU,Improving,17.0,0.6532968617975712,69.0,69.0,1.0,-0.29421899676593366
100,1005008,H,2202,G,Electricity,Resource,Improving,36.0,1.0654247272759676,53.0,53.0,2.0,-1.0
100,1005008,H,2202,G,Balanced,Resource,Improving,75.0,2.3069737143814564,173.0,173.0,15.0,55.193620941877256
100,1005008,H,2202,G,Flow,Resource,Improving,24.0,0.777162728831172,83.0,83.0,3.0,15.079872926319457
100,1005008,H,2202,G,Flow,TOU,Improving,34.0,1.1368331154808402,71.0,71.0,2.0,-3.4343426003269095
100,1005008,H,2202,G,Flow,TOU,Stagnating,42.0,1.4255536021664739,86.0,86.0,2.0,-1.894714181283927
100,1005008,H,2202,G,Balanced,Resource,Stagnating,28.0,1.1331426007673144,62.0,62.0,2.0,8.0
100,1005008,H,2202,G,Electricity,Resource,Stagnating,81.0,2.2256224686279893,93.0,93.0,15.0,85.33881565709072
100,1005008,H,2202,G,Flow,Resource,Stagnating,4.0,0.14124823454767466,10.0,10.0,0.0,-1.0
100,1005008,H,2202,G,Balanced,TOU,Improving,20.0,0.5093380091711879,19.0,19.0,1.0,-7.702433321696613
100,1005008,H,2202,G,Balanced,TOU,Stagnating,15.0,0.3749738223850727,15.0,15.0,0.0,-9.0
100,1005008,T,2202,GW,Electricity,Resource,Improving,59.0,1.9809586079791188,170.0,170.0,7.0,25.871551022343496
100,1005008,T,2202,GW,Balanced,Resource,Improving,159.0,5.734644623473287,515.0,515.0,35.0,201.06899076137702
100,1005008,T,2202,GW,Flow,Resource,Improving,9.0,0.3719733729958534,36.0,36.0,3.0,12.855070579878955
100,1005008,T,2202,GW,Flow,Normal,Stagnating,15.0,0.6845579342916608,66.0,66.0,2.0,4.131655847357708
100,1005008,T,2202,GW,Flow,Normal,Improving,24.0,1.0634233886376023,76.0,76.0,3.0,9.118691285014002
100,1005008,T,2202,GW,Balanced,Resource,Stagnating,102.0,3.8834428917616606,357.0,357.0,11.0,49.29391907904969
100,1005008,T,2202,GW,Electricity,Resource,Stagnating,76.0,2.407179595902562,229.0,229.0,9.0,32.84484730603222
100,1005008,T,2202,GW,Flow,TOU,Improving,14.0,0.539216561242938,44.0,44.0,0.0,-4.0
100,1005008,T,2202,GW,Flow,TOU,Stagnating,78.0,2.6755140237510204,226.0,226.0,8.0,47.02099049395271
100,1005008,T,2202,GW,Balanced,TOU,Stagnating,76.0,2.1235167989507318,192.0,192.0,9.0,25.129211445475427
100,1005008,T,2202,GW,Balanced,TOU,Improving,77.0,2.24336280208081,172.0,172.0,6.0,29.66972206917506
100,1005008,T,2202,GW,Electricity,TOU,Stagnating,3.0,0.0644068093970418,0.0,0.0,0.0,-3.0
100,1005008,T,2202,GW,Electricity,Normal,Improving,1.0,0.040374647825956345,3.0,3.0,0.0,0.0
100,1005008,T,2202,GW,Balanced,Normal,Stagnating,1.0,0.04004828538745642,0.0,0.0,0.0,-1.0
100,1005008,T,2202,LEGACY,Electricity,Resource,Improving,69.0,2.974775927141309,141.0,141.0,23.0,163.45038273178176
100,1005008,T,2202,LEGACY,Balanced,Resource,Improving,86.0,3.3072772324085236,176.0,176.0,16.0,61.06936709670957
100,1005008,T,2202,LEGACY,Flow,Resource,Improving,49.0,2.3135452438145876,129.0,129.0,15.0,44.28472676120582
100,1005008,T,2202,LEGACY,Electricity,Resource,Stagnating,72.0,4.366703271865845,123.0,123.0,17.0,104.85668724659176
100,1005008,T,2202,LEGACY,Flow,Normal,Stagnating,8.0,0.3665941897779703,23.0,23.0,3.0,2.854951401435466
100,1005008,T,2202,LEGACY,Flow,TOU,Improving,14.0,0.5536483796313405,43.0,43.0,4.0,13.164600510165245
100,1005008,T,2202,LEGACY,Flow,Resource,Stagnating,44.0,2.124877268448472,99.0,99.0,13.0,23.81245696403333
100,1005008,T,2202,LEGACY,Balanced,Resource,Stagnating,46.0,1.8626041747629642,69.0,69.0,7.0,1.9835515154267682
100,1005008,T,2202,LEGACY,Flow,TOU,Stagnating,37.0,2.016855518333614,136.0,136.0,14.0,44.6749753571041
100,1005008,T,2202,LEGACY,Flow,Normal,Improving,16.0,0.9667649818584323,58.0,58.0,3.0,5.137521500253738
100,1005008,T,2202,REFERENCE,Electricity,Resource,Improving,67.0,3.3883475735783577,172.0,172.0,13.0,76.97974492867746
100,1005008,T,2202,REFERENCE,Balanced,Resource,Improving,86.0,3.9596408111974597,214.0,214.0,21.0,121.37071712497394
100,1005008,T,2202,REFERENCE,Flow,Resource,Improving,33.0,1.4743682350963354,77.0,77.0,11.0,41.70237259038905
100,1005008,T,2202,REFERENCE,Flow,TOU,Improving,27.0,1.272159244865179,56.0,56.0,9.0,24.252528406557108
100,1005008,T,2202,REFERENCE,Flow,TOU,Stagnating,8.0,0.27484840899705887,10.0,10.0,1.0,-2.3250283843246047
100,1005008,T,2202,REFERENCE,Flow,Resource,Stagnating,12.0,0.5094181103631854,38.0,38.0,1.0,-0.9452049917949497
100,1005008,T,2202,REFERENCE,Balanced,Resource,Stagnating,61.0,2.3963523460552096,99.0,99.0,17.0,46.95420985496201
100,1005008,T,2202,REFERENCE,Electricity,Resource,Stagnating,55.0,2.7059719003736973,116.0,116.0,5.0,6.590495316132671
100,1005008,T,2202,REFERENCE,Flow,Region,Improving,29.0,1.0447821859270334,34.0,34.0,1.0,-15.990914888489854
100,1005008,T,2202,REFERENCE,Flow,Region,Stagnating,22.0,0.6886077634990215,32.0,32.0,1.0,-13.483166628155804
100,1005008,T,2202,G,Electricity,Resource,Improving,59.0,2.391505011357367,105.0,105.0,4.0,-6.91411566755634
100,1005008,T,2202,G,Balanced,Resource,Improving,70.0,2.488709595054388,207.0,207.0,20.0,144.09051120985785
100,1005008,T,2202,G,Flow,Resource,Improving,15.0,0.48887969087809324,39.0,39.0,4.0,21.128594989260534
100,1005008,T,2202,G,Flow,Normal,Improving,39.0,1.4398549115285277,114.0,114.0,9.0,50.94169441782489
100,1005008,T,2202,G,Flow,TOU,Stagnating,57.0,1.9486938565969467,136.0,136.0,3.0,11.613504727131257
100,1005008,T,2202,G,Balanced,Resource,Stagnating,12.0,0.35133122745901346,35.0,35.0,1.0,4.347773506684822
100,1005008,T,2202,G,Flow,Resource,Stagnating,1.0,0.02920107077807188,1.0,1.0,0.0,0.0
100,1005008,T,2202,G,Electricity,Resource,Stagnating,66.0,2.5583797711879015,58.0,58.0,1.0,-43.59064913318464
100,1005008,T,2202,G,Flow,TOU,Improving,42.0,1.5744665954262018,137.0,137.0,4.0,10.267569070254924
100,1005008,T,2202,G,Flow,Normal,Stagnating,11.0,0.39148387871682644,36.0,36.0,2.0,2.8100675484187683
100,1005008,T,2202,G,Balanced,Normal,Stagnating,4.0,0.1620812527835369,6.0,6.0,0.0,-3.0
100,1005008,T,2202,G,Balanced,Normal,Improving,4.0,0.11663086712360382,4.0,4.0,0.0,-2.0
100,1005008,T,2202,G,Balanced,TOU,Improving,35.0,1.1244622562080622,32.0,32.0,4.0,-9.674040410793332
100,1005008,T,2202,G,Balanced,TOU,Stagnating,35.0,1.0559253096580505,58.0,58.0,7.0,12.65690316489367
100,1005008,T,2202,G,Electricity,Normal,Improving,1.0,0.03050389140844345,0.0,0.0,0.0,-1.0
100,1005008,T,2202,G,Electricity,Normal,Stagnating,1.0,0.03483900614082813,0.0,0.0,0.0,-1.0
100,1005008,T,2202,W,Electricity,Resource,Improving,36.0,1.6546977143734694,114.0,114.0,3.0,17.0
100,1005008,T,2202,W,Balanced,Resource,Improving,130.0,5.932856461964548,436.0,436.0,31.0,177.49531362958498
100,1005008,T,2202,W,Flow,Resource,Improving,8.0,0.32449233159422874,31.0,31.0,3.0,12.855070579878955
100,1005008,T,2202,W,Flow,Normal,Stagnating,34.0,1.4544538855552673,150.0,150.0,9.0,32.404756510628175
100,1005008,T,2202,W,Flow,Normal,Improving,33.0,1.4039457123726606,102.0,102.0,5.0,19.5052820506241
100,1005008,T,2202,W,Balanced,Resource,Stagnating,77.0,3.7240280751138926,188.0,188.0,10.0,43.80238877901909
100,1005008,T,2202,W,Electricity,Resource,Stagnating,65.0,3.4032712476328015,151.0,151.0,11.0,45.707158431310674
100,1005008,T,2202,W,Flow,TOU,Improving,24.0,0.9863975765183568,91.0,91.0,3.0,8.079492558374955
100,1005008,T,2202,W,Flow,TOU,Stagnating,48.0,2.322235334664583,142.0,142.0,2.0,-1.592724868582069
100,1005008,T,2202,W,Balanced,TOU,Stagnating,90.0,4.6625292263925076,209.0,209.0,9.0,26.98436574155877
100,1005008,T,2202,W,Balanced,TOU,Improving,21.0,0.9959096629172564,45.0,45.0,0.0,-7.0
100,1005008,T,2202,W,Balanced,Normal,Stagnating,2.0,0.15257590916007757,8.0,8.0,0.0,0.0
100,1005008,T,1101,G,Balanced,Resource,Improving,61.0,2.126136749982834,148.0,148.0,14.0,78.3581283961001
100,1005008,T,1101,G,Flow,Compressible,Improving,2.0,0.040135075338184834,1.0,1.0,0.0,-1.0
100,1005008,T,1101,G,Electricity,Resource,Improving,37.0,1.335144903510809,68.0,68.0,4.0,0.847916953079066
100,1005008,T,1101,G,Flow,Resource,Improving,4.0,0.1540893642231822,6.0,6.0,0.0,-3.0
100,1005008,T,1101,G,Flow,Normal,Improving,19.0,0.7339493315666914,47.0,47.0,0.0,-8.0
100,1005008,T,1101,G,Electricity,Resource,Stagnating,71.0,2.2691042264923453,113.0,113.0,7.0,14.453927359713589
100,1005008,T,1101,G,Flow,Compressible,Stagnating,10.0,0.25847748573869467,14.0,14.0,1.0,-0.48478553710013994
100,1005008,T,1101,G,Flow,Normal,Stagnating,65.0,2.5655302004888654,178.0,178.0,13.0,35.29870523986344
100,1005008,T,1101,G,Flow,Resource,Stagnating,1.0,0.026597904972732067,2.0,2.0,0.0,0.0
100,1005008,T,1101,G,Balanced,Resource,Stagnating,20.0,0.7357114562764764,33.0,33.0,1.0,-1.0
100,1005008,T,1101,G,Balanced,Normal,Improving,19.0,0.5748567441478372,22.0,22.0,3.0,1.5225537590076028
100,1005008,T,1101,G,Balanced,Normal,Stagnating,33.0,1.0564949717372656,47.0,47.0,4.0,5.051776418684511
100,1005008,T,1101,W,Balanced,Resource,Improving,49.0,2.0207436960190535,121.0,121.0,8.0,37.6072628386071
100,1005008,T,1101,W,Flow,Compressible,Improving,38.0,1.5284896902740002,152.0,152.0,11.0,51.60746567566515
100,1005008,T,1101,W,Electricity,Resource,Improving,73.0,3.2330256374552846,161.0,161.0,17.0,131.1495137615439
100,1005008,T,1101,W,Flow,Resource,Stagnating,4.0,0.18011890910565853,11.0,11.0,1.0,6.5337720280182205
100,1005008,T,1101,W,Flow,Normal,Improving,110.0,4.46309604216367,381.0,381.0,25.0,125.08557875509379
100,1005008,T,1101,W,Balanced,Resource,Stagnating,56.0,3.1837495509535074,162.0,162.0,7.0,38.20408909484564
100,1005008,T,1101,W,Electricity,Resource,Stagnating,26.0,1.3109671650454402,35.0,35.0,0.0,-13.0
100,1005008,T,1101,W,Flow,Resource,Improving,6.0,0.28630093205720186,18.0,18.0,0.0,-3.0
100,1005008,T,1101,W,Flow,Normal,Stagnating,80.0,4.185396084561944,291.0,291.0,10.0,33.97008064807487
100,1005008,T,1101,W,Balanced,TOU,Improving,34.0,1.8390752263367176,120.0,120.0,5.0,22.879908839333403
100,1005008,T,1101,W,Flow,TOU,Stagnating,1.0,0.04976374749094248,1.0,1.0,0.0,0.0
100,1005008,T,1101,W,Balanced,Normal,Improving,1.0,0.05247481074184179,6.0,6.0,0.0,0.0
100,1005008,T,1101,W,Balanced,Normal,Stagnating,7.0,0.2648295583203435,16.0,16.0,1.0,0.01135956929793025
100,1005008,T,1101,W,Balanced,TOU,Stagnating,26.0,1.280815927311778,68.0,68.0,6.0,6.453189205745968
100,1005008,T,1101,GW,Balanced,Resource,Improving,53.0,2.662867679260671,177.0,177.0,11.0,58.022082549746855
100,1005008,T,1101,GW,Flow,Compressible,Improving,5.0,0.18275522626936436,12.0,12.0,1.0,3.504687999079321
100,1005008,T,1101,GW,Electricity,Resource,Improving,58.0,2.3349022855982184,119.0,119.0,11.0,83.69414532560205
100,1005008,T,1101,GW,Flow,Normal,Improving,31.0,1.185608015395701,48.0,48.0,2.0,-12.231972140127356
100,1005008,T,1101,GW,Flow,Resource,Improving,2.0,0.0829637311398983,9.0,9.0,1.0,10.0
100,1005008,T,1101,GW,Electricity,Resource,Stagnating,39.0,1.6434772405773401,53.0,53.0,2.0,0.2746830978862267
100,1005008,T,1101,GW,Balanced,Resource,Stagnating,33.0,1.58374581951648,92.0,92.0,7.0,20.987450268631722
100,1005008,T,1101,GW,Flow,Normal,Stagnating,51.0,2.0018222108483315,121.0,121.0,5.0,-0.28343297980654114
100,1005008,T,1101,GW,Balanced,Normal,Stagnating,25.0,0.9799685385078192,42.0,42.0,3.0,0.5902007954723993
100,1005008,T,1101,GW,Balanced,Normal,Improving,20.0,0.7831745529547334,20.0,20.0,1.0,-11.407866162711608
100,1005008,T,1101,LEGACY,Balanced,Resource,Improving,39.0,1.3729530554264784,95.0,95.0,4.0,10.244439908769706
100,1005008,T,1101,LEGACY,Flow,Compressible,Improving,22.0,0.7507336251437664,64.0,64.0,6.0,44.878304048665036
100,1005008,T,1101,LEGACY,Electricity,Resource,Improving,42.0,1.4794616242870688,97.0,97.0,5.0,1.4299833569364342
100,1005008,T,1101,LEGACY,Flow,Resource,Improving,9.0,0.3450106792151928,18.0,18.0,1.0,8.0
100,1005008,T,1101,LEGACY,Flow,Normal,Improving,124.0,4.216679627075791,272.0,272.0,20.0,62.989522516817104
100,1005008,T,1101,LEGACY,Electricity,Resource,Stagnating,70.0,2.6339447973296046,116.0,116.0,7.0,24.028364894021266
100,1005008,T,1101,LEGACY,Balanced,Resource,Stagnating,52.0,1.990480258129537,113.0,113.0,6.0,21.939449731952152
100,1005008,T,1101,LEGACY,Flow,Compressible,Stagnating,1.0,0.019662603735923767,0.0,0.0,0.0,-1.0
100,1005008,T,1101,LEGACY,Flow,Normal,Stagnating,64.0,2.161935149691999,130.0,130.0,6.0,6.48024958732773
100,1005008,T,1101,LEGACY,Flow,TOU,Improving,3.0,0.12710228748619556,11.0,11.0,1.0,5.080453295923517
100,1005008,T,1101,LEGACY,Balanced,Normal,Stagnating,18.0,0.5778158232569695,16.0,16.0,1.0,-2.282483848572535
100,1005008,T,1101,LEGACY,Balanced,Normal,Improving,6.0,0.1489373967051506,3.0,3.0,0.0,-5.0
100,1005008,T,1101,REFERENCE,Balanced,Resource,Improving,66.0,2.498103375546634,173.0,173.0,12.0,54.6280067460616
100,1005008,T,1101,REFERENCE,Flow,Compressible,Improving,2.0,0.05242658406496048,1.0,1.0,0.0,-1.0
100,1005008,T,1101,REFERENCE,Electricity,Resource,Improving,41.0,1.4980810293927789,56.0,56.0,3.0,-7.466538846619411
100,1005008,T,1101,REFERENCE,Flow,Resource,Improving,4.0,0.15516313072293997,6.0,6.0,0.0,-3.0
100,1005008,T,1101,REFERENCE,Flow,Normal,Improving,45.0,1.9562226319685578,69.0,69.0,7.0,10.442796987249995
100,1005008,T,1101,REFERENCE,Electricity,Resource,Stagnating,50.0,1.86862778570503,47.0,47.0,4.0,-8.768578413790507
100,1005008,T,1101,REFERENCE,Flow,Compressible,Stagnating,20.0,0.7688726354390383,51.0,51.0,3.0,9.378118918152676
100,1005008,T,1101,REFERENCE,Flow,Normal,Stagnating,49.0,2.123773792758584,91.0,91.0,7.0,14.261493106254825
100,1005008,T,1101,REFERENCE,Balanced,Resource,Stagnating,23.0,0.9467925745993853,40.0,40.0,1.0,-5.518796341035077
100,1005008,T,1101,REFERENCE,Balanced,Normal,Stagnating,6.0,0.29996970761567354,7.0,7.0,0.0,-3.0
100,1005008,T,1101,REFERENCE,Balanced,Normal,Improving,11.0,0.4111278150230646,10.0,10.0,0.0,-7.0
100,1005008,T,1101,REFERENCE,Electricity,Normal,Improving,1.0,0.02638292219489813,0.0,0.0,0.0,-1.0
100,1005009,H,1101,LEGACY,Electricity,Resource,Improving,90.0,3.327891856431961,242.0,242.0,20.0,123.32825064310097
100,1005009,H,1101,LEGACY,Flow,Resource,Improving,45.0,1.5406646514311433,92.0,92.0,7.0,24.676123183932823
100,1005009,H,1101,LEGACY,Balanced,Resource,Improving,76.0,2.485545461066067,129.0,129.0,14.0,35.53029138841877
100,1005009,H,1101,LEGACY,Flow,TOU,Improving,17.0,0.6419095247983932,29.0,29.0,1.0,4.0
100,1005009,H,1101,LEGACY,Balanced,Resource,Stagnating,33.0,0.9610021477565169,45.0,45.0,3.0,-12.564413615271185
100,1005009,H,1101,LEGACY,Flow,Resource,Stagnating,34.0,1.186432453803718,69.0,69.0,8.0,26.45798294994468
100,1005009,H,1101,LEGACY,Electricity,Resource,Stagnating,80.0,2.8351326985284686,225.0,225.0,26.0,202.11438416363194
100,1005009,H,1101,LEGACY,Flow,TOU,Stagnating,27.0,0.8818608382716775,23.0,23.0,3.0,-3.7398628389584365
100,1005009,H,1101,REFERENCE,Electricity,Resource,Improving,64.0,2.624389578588307,165.0,165.0,7.0,28.696383779795518
100,1005009,H,1101,REFERENCE,Flow,Resource,Improving,28.0,0.9481708891689777,61.0,61.0,6.0,29.082525459997505
100,1005009,H,1101,REFERENCE,Balanced,Resource,Improving,55.0,2.2939532501623034,108.0,108.0,7.0,17.25785543474602
100,1005009,H,1101,REFERENCE,Electricity,Resource,Stagnating,65.0,2.923800357617438,162.0,162.0,4.0,11.795009752529891
100,1005009,H,1101,REFERENCE,Flow,Resource,Stagnating,18.0,0.6561869941651821,33.0,33.0,3.0,8.925703301721564
100,1005009,H,1101,REFERENCE,Balanced,Resource,Stagnating,42.0,1.8373780250549316,67.0,67.0,6.0,19.182255243851188
100,1005009,H,1101,REFERENCE,Flow,TOU,Improving,9.0,0.27157062850892544,8.0,8.0,1.0,-5.020037264555759
100,1005009,H,1101,REFERENCE,Flow,TOU,Stagnating,16.0,0.490099523216486,6.0,6.0,1.0,-13.571266439540377
100,1005009,H,1101,REFERENCE,Flow,Compressible,Stagnating,1.0,0.04083726182579994,1.0,1.0,1.0,2.9342945095735073
100,1005009,H,1101,G,Electricity,Resource,Improving,82.0,3.5593608282506466,178.0,178.0,13.0,72.5036178179397
100,1005009,H,1101,G,Flow,Resource,Improving,23.0,1.1099168509244919,62.0,62.0,4.0,10.844673304012677
100,1005009,H,1101,G,Balanced,Resource,Improving,61.0,2.2301142159849405,71.0,71.0,4.0,-7.235821071742258
100,1005009,H,1101,G,Flow,Compressible,Improving,1.0,0.027307537384331226,0.0,0.0,0.0,-1.0
100,1005009,H,1101,G,Flow,TOU,Improving,5.0,0.18829916883260012,11.0,11.0,0.0,-3.0
100,1005009,H,1101,G,Flow,TOU,Stagnating,14.0,0.29672730434685946,12.0,12.0,1.0,-7.889297517780501
100,1005009,H,1101,G,Electricity,Resource,Stagnating,47.0,1.713238013908267,80.0,80.0,3.0,9.450373106540106
100,1005009,H,1101,G,Balanced,Resource,Stagnating,41.0,1.0813514608889818,53.0,53.0,3.0,5.828030024565246
100,1005009,H,1101,G,Flow,Compressible,Stagnating,3.0,0.09303287416696548,4.0,4.0,0.0,-2.0
100,1005009,H,1101,G,Flow,Resource,Stagnating,11.0,0.3523652097210288,19.0,19.0,2.0,0.25011233192218096
100,1005009,H,1101,G,Balanced,TOU,Improving,2.0,0.09145648404955864,6.0,6.0,0.0,0.0
100,1005009,H,1101,G,Balanced,TOU,Stagnating,3.0,0.09198675397783518,3.0,3.0,0.0,-1.0
100,1005009,H,1101,W,Electricity,Resource,Improving,45.0,1.3591040326282382,91.0,91.0,1.0,-10.795460298279323
100,1005009,H,1101,W,Flow,Resource,Improving,31.0,1.0221893172711134,67.0,67.0,5.0,16.255459333266998
100,1005009,H,1101,W,Balanced,Resource,Improving,62.0,2.1669704746454954,166.0,166.0,11.0,36.48222939616572
100,1005009,H,1101,W,Flow,TOU,Improving,48.0,1.7364566130563617,107.0,107.0,8.0,24.63194465138252
100,1005009,H,1101,W,Electricity,Resource,Stagnating,48.0,1.66190436296165,124.0,124.0,4.0,-0.3847356313573975
100,1005009,H,1101,W,Flow,Resource,Stagnating,18.0,0.6751043805852532,48.0,48.0,2.0,5.90178379929262
100,1005009,H,1101,W,Flow,TOU,Stagnating,22.0,0.7410193933174014,49.0,49.0,5.0,5.6952079576636425
100,1005009,H,1101,W,Balanced,Resource,Stagnating,51.0,1.8168866895139217,106.0,106.0,9.0,33.68291948742254
100,1005009,H,1101,W,Balanced,TOU,Stagnating,17.0,0.6241390816867352,42.0,42.0,4.0,18.2031429574451
100,1005009,H,1101,W,Balanced,TOU,Improving,7.0,0.21454777661710978,16.0,16.0,0.0,-4.0
100,1005009,H,1101,GW,Electricity,Resource,Improving,56.0,2.442969100549817,194.0,194.0,8.0,51.542939764055944
100,1005009,H,1101,GW,Flow,Resource,Improving,38.0,1.074004010297358,62.0,62.0,7.0,13.639709901971749
100,1005009,H,1101,GW,Balanced,Resource,Improving,74.0,2.765925630927086,221.0,221.0,11.0,42.433358997719424
100,1005009,H,1101,GW,Flow,TOU,Improving,21.0,0.6385856801643968,32.0,32.0,6.0,24.023837935545764
100,1005009,H,1101,GW,Electricity,Resource,Stagnating,112.0,4.333697773516178,371.0,371.0,35.0,269.37258708416806
100,1005009,H,1101,GW,Flow,Resource,Stagnating,37.0,1.3004059623926878,77.0,77.0,4.0,9.54935504976715
100,1005009,H,1101,GW,Flow,TOU,Stagnating,7.0,0.3056617798283696,11.0,11.0,0.0,-3.0
100,1005009,H,1101,GW,Balanced,Resource,Stagnating,49.0,2.1499062348157167,143.0,143.0,0.0,-12.0
100,1005009,H,2202,G,Balanced,Resource,Improving,127.0,4.444550510495901,371.0,371.0,19.0,98.16643118719308
100,1005009,H,2202,G,Flow,Resource,Improving,59.0,1.924815958365798,138.0,138.0,9.0,37.12967818032587
100,1005009,H,2202,G,Flow,TOU,Improving,37.0,0.9012741027399898,81.0,81.0,7.0,32.931985672138296
100,1005009,H,2202,G,Electricity,Resource,Improving,76.0,2.60086870752275,157.0,157.0,9.0,44.42648924701651
100,1005009,H,2202,G,Balanced,Resource,Stagnating,99.0,3.665044560097158,291.0,291.0,13.0,57.26217322981494
100,1005009,H,2202,G,Flow,Resource,Stagnating,34.0,1.2160096345469356,101.0,101.0,3.0,9.021187219578774
100,1005009,H,2202,G,Electricity,Resource,Stagnating,70.0,2.305049015209079,120.0,120.0,10.0,54.126114735145165
100,1005009,H,2202,G,Flow,TOU,Stagnating,91.0,2.670331229455769,210.0,210.0,16.0,57.22067366312868
100,1005009,H,2202,G,Balanced,TOU,Stagnating,3.0,0.05212175380438566,5.0,5.0,0.0,-2.0
100,1005009,H,2202,G,Balanced,TOU,Improving,1.0,0.04643129091709852,2.0,2.0,0.0,0.0
100,1005009,H,2202,W,Balanced,Resource,Improving,72.0,2.910110001452267,279.0,279.0,18.0,106.01426451172283
100,1005009,H,2202,W,Flow,Resource,Improving,65.0,2.4726272206753492,115.0,115.0,13.0,24.07145680226283
100,1005009,H,2202,W,Electricity,Resource,Improving,114.0,4.477223737165332,410.0,410.0,38.0,278.675714832212
100,1005009,H,2202,W,Electricity,Resource,Stagnating,54.0,1.9818241000175476,156.0,156.0,10.0,72.70548253903095
100,1005009,H,2202,W,Balanced,Resource,Stagnating,59.0,2.721533509902656,166.0,166.0,8.0,9.46995788299311
100,1005009,H,2202,W,Flow,Compressible,Improving,1.0,0.043680488131940365,4.0,4.0,1.0,4.431562824294625
100,1005009,H,2202,W,Flow,Resource,Stagnating,47.0,2.1433630445972085,127.0,127.0,5.0,5.354833564254502
100,1005009,H,2202,W,Flow,TOU,Stagnating,18.0,0.7170372419059277,36.0,36.0,2.0,-3.0985281766052473
100,1005009,H,2202,W,Flow,Compressible,Stagnating,7.0,0.3684382615610957,15.0,15.0,2.0,3.731394891818729
100,1005009,H,2202,W,Flow,TOU,Improving,22.0,0.8354861810803413,44.0,44.0,5.0,15.716110725911527
100,1005009,H,2202,GW,Balanced,Resource,Improving,178.0,7.927571628242731,698.0,698.0,39.0,219.8924845074034
100,1005009,H,2202,GW,Flow,Resource,Improving,75.0,2.8930537858977914,206.0,206.0,17.0,41.2931329585382
100,1005009,H,2202,GW,Electricity,Resource,Improving,56.0,2.316777616739273,149.0,149.0,5.0,14.893826945707112
100,1005009,H,2202,GW,Electricity,Resource,Stagnating,88.0,4.014980900101364,260.0,260.0,13.0,92.79499872250513
100,1005009,H,2202,GW,Balanced,Resource,Stagnating,84.0,3.9708600034937263,286.0,286.0,18.0,93.63534551601315
100,1005009,H,2202,GW,Flow,Resource,Stagnating,59.0,2.63199426792562,141.0,141.0,11.0,6.240312799118705
100,1005009,H,2202,GW,Flow,TOU,Stagnating,19.0,0.6142538953572512,51.0,51.0,2.0,1.4650984336377348
100,1005009,H,2202,GW,Flow,TOU,Improving,28.0,0.8694729199633002,70.0,70.0,6.0,24.30453738125599
100,1005009,H,2202,LEGACY,Balanced,Resource,Improving,144.0,5.155843198299408,371.0,371.0,29.0,131.11936225677104
100,1005009,H,2202,LEGACY,Flow,Resource,Improving,74.0,2.7608023742213845,244.0,244.0,21.0,72.92981447980071
100,1005009,H,2202,LEGACY,Electricity,Resource,Improving,100.0,3.786388554610312,239.0,239.0,26.0,188.3032640231215
100,1005009,H,2202,LEGACY,Flow,Resource,Stagnating,44.0,1.2512030340731144,85.0,85.0,8.0,29.494784365176088
100,1005009,H,2202,LEGACY,Flow,TOU,Improving,24.0,0.7693392224609852,57.0,57.0,5.0,6.863035039980886
100,1005009,H,2202,LEGACY,Electricity,Resource,Stagnating,72.0,2.639722085557878,140.0,140.0,13.0,64.47572874111337
100,1005009,H,2202,LEGACY,Balanced,Resource,Stagnating,106.0,3.6426496291533113,260.0,260.0,16.0,25.49162480711191
100,1005009,H,2202,LEGACY,Flow,TOU,Stagnating,74.0,2.4901426443830132,188.0,188.0,18.0,73.64855212286035
100,1005009,H,2202,REFERENCE,Balanced,Resource,Improving,116.0,4.342574933543801,334.0,334.0,19.0,100.95542110566673
100,1005009,H,2202,REFERENCE,Flow,Resource,Improving,42.0,1.5507498756051064,104.0,104.0,6.0,17.142575300979424
100,1005009,H,2202,REFERENCE,Flow,TOU,Improving,39.0,1.281749558635056,95.0,95.0,6.0,33.3874398867154
100,1005009,H,2202,REFERENCE,Electricity,Resource,Improving,83.0,3.1259941598400474,154.0,154.0,11.0,66.66325972370815
100,1005009,H,2202,REFERENCE,Balanced,Resource,Stagnating,105.0,3.9753367947414517,235.0,235.0,14.0,59.44111329314714
100,1005009,H,2202,REFERENCE,Flow,Resource,Stagnating,32.0,1.573466937057674,109.0,109.0,2.0,2.225310146198167
100,1005009,H,2202,REFERENCE,Electricity,Resource,Stagnating,62.0,2.067535932175815,114.0,114.0,10.0,58.126114735145165
100,1005009,H,2202,REFERENCE,Flow,TOU,Stagnating,59.0,2.107476456090808,95.0,95.0,9.0,43.426902975749925
100,1005009,H,2202,REFERENCE,Balanced,TOU,Stagnating,1.0,0.024364515207707882,0.0,0.0,0.0,-1.0
100,1005009,T,2202,W,Balanced,Resource,Improving,97.0,4.114195289090276,313.0,313.0,21.0,108.6731753771035
100,1005009,T,2202,W,Electricity,Resource,Improving,71.0,2.8786546355113387,276.0,276.0,20.0,168.55505425056836
100,1005009,T,2202,W,Flow,Resource,Improving,62.0,2.5086189126595855,213.0,213.0,14.0,69.00402685541798
100,1005009,T,2202,W,Flow,TOU,Improving,6.0,0.1501513421535492,5.0,5.0,0.0,-4.0
100,1005009,T,2202,W,Flow,Resource,Stagnating,58.0,2.119824033230543,151.0,151.0,4.0,1.191166744206015
100,1005009,T,2202,W,Electricity,Resource,Stagnating,125.0,5.148967658169568,414.0,414.0,35.0,288.1486838331761
100,1005009,T,2202,W,Balanced,Resource,Stagnating,108.0,4.32978240121156,344.0,344.0,15.0,79.46507529626538
100,1005009,T,2202,GW,Balanced,Resource,Improving,99.0,4.314430266618729,290.0,290.0,18.0,104.28144268889334
100,1005009,T,2202,GW,Electricity,Resource,Improving,74.0,2.392984015867114,192.0,192.0,22.0,186.45532304769094
100,1005009,T,2202,GW,Flow,Resource,Improving,52.0,2.199501839466393,160.0,160.0,12.0,49.12667739438167
100,1005009,T,2202,GW,Electricity,Resource,Stagnating,67.0,2.1756686540320516,181.0,181.0,15.0,108.62438703353172
100,1005009,T,2202,GW,Flow,Resource,Stagnating,91.0,3.880555033683777,325.0,325.0,29.0,189.73867927328746
100,1005009,T,2202,GW,Balanced,Resource,Stagnating,86.0,3.730239446274936,251.0,251.0,12.0,57.213101293069045
100,1005009,T,2202,GW,Flow,Normal,Stagnating,3.0,0.20043031591922045,2.0,2.0,0.0,-2.0
100,1005009,T,2202,GW,Flow,TOU,Improving,16.0,0.595802241936326,9.0,9.0,0.0,-14.0
100,1005009,T,2202,GW,Flow,TOU,Stagnating,19.0,0.9758085934445262,22.0,22.0,1.0,-6.444035723251555
100,1005009,T,2202,GW,Balanced,TOU,Stagnating,1.0,0.047358402982354164,0.0,0.0,0.0,-1.0
100,1005009,T,2202,GW,Balanced,Normal,Stagnating,1.0,0.06989648472517729,0.0,0.0,0.0,-1.0
100,1005009,T,2202,LEGACY,Balanced,Resource,Improving,161.0,8.185843304730952,426.0,426.0,46.0,271.7955733359331
100,1005009,T,2202,LEGACY,Flow,Resource,Improving,59.0,2.321109142154455,137.0,137.0,9.0,24.318881004559866
100,1005009,T,2202,LEGACY,Flow,TOU,Improving,8.0,0.21441496815532446,8.0,8.0,2.0,-0.7521737663290065
100,1005009,T,2202,LEGACY,Balanced,Resource,Stagnating,36.0,1.4453459400683641,52.0,52.0,4.0,0.28764213739996514
100,1005009,T,2202,LEGACY,Flow,Resource,Stagnating,27.0,0.8183880085125566,46.0,46.0,2.0,-8.97843336153457
100,1005009,T,2202,LEGACY,Electricity,Resource,Stagnating,81.0,3.3961797934025526,168.0,168.0,21.0,140.21375699892556
100,1005009,T,2202,LEGACY,Electricity,Resource,Improving,58.0,2.1436976958066225,91.0,91.0,10.0,55.82682642020542
100,1005009,T,2202,LEGACY,Flow,TOU,Stagnating,6.0,0.11379663180559874,2.0,2.0,0.0,-5.0
100,1005009,T,2202,REFERENCE,Balanced,Resource,Improving,121.0,4.3475908460095525,339.0,339.0,26.0,112.01924815639921
100,1005009,T,2202,REFERENCE,Flow,Resource,Improving,97.0,3.3117526723071933,210.0,210.0,21.0,76.1880153167483
100,1005009,T,2202,REFERENCE,Electricity,Resource,Improving,34.0,1.0897518591955304,59.0,59.0,5.0,9.494991159655115
100,1005009,T,2202,REFERENCE,Flow,TOU,Stagnating,1.0,0.04262612294405699,0.0,0.0,0.0,-1.0
100,1005009,T,2202,REFERENCE,Balanced,Resource,Stagnating,83.0,2.4722703406587243,129.0,129.0,15.0,32.20313385849959
100,1005009,T,2202,REFERENCE,Flow,Resource,Stagnating,71.0,2.3012234084308147,158.0,158.0,18.0,76.71920435617855
100,1005009,T,2202,REFERENCE,Electricity,Resource,Stagnating,38.0,1.1303583225235343,52.0,52.0,0.0,-22.0
100,1005009,T,2202,REFERENCE,Flow,Normal,Improving,68.0,2.29136061668396,158.0,158.0,13.0,27.314513849322303
100,1005009,T,2202,REFERENCE,Flow,Normal,Stagnating,47.0,1.195076422765851,66.0,66.0,7.0,19.026389371347847
100,1005009,T,2202,G,Balanced,Resource,Improving,121.0,3.8770867800340056,334.0,334.0,26.0,111.01924815639921
100,1005009,T,2202,G,Flow,Resource,Improving,90.0,2.7997853020206094,194.0,194.0,19.0,69.83402205111997
100,1005009,T,2202,G,Electricity,Resource,Improving,35.0,1.0943237021565437,55.0,55.0,4.0,3.556610420127363
100,1005009,T,2202,G,Flow,TOU,Stagnating,1.0,0.03498191200196743,0.0,0.0,0.0,-1.0
100,1005009,T,2202,G,Balanced,Resource,Stagnating,67.0,1.6533880541101098,98.0,98.0,12.0,27.85672048220878
100,1005009,T,2202,G,Flow,Resource,Stagnating,71.0,2.2657118337228894,159.0,159.0,17.0,71.10933616060098
100,1005009,T,2202,G,Electricity,Resource,Stagnating,43.0,1.2930051190778613,48.0,48.0,0.0,-28.0
100,1005009,T,2202,G,Flow,Normal,Improving,37.0,1.2889464581385255,91.0,91.0,7.0,14.063972008665182
100,1005009,T,2202,G,Flow,Normal,Stagnating,10.0,0.3982257517054677,13.0,13.0,0.0,-6.0
100,1005009,T,1101,REFERENCE,Electricity,Resource,Improving,115.0,4.4728042939677835,336.0,336.0,50.0,412.0117279053013
100,1005009,T,1101,REFERENCE,Balanced,Resource,Improving,54.0,2.197019625455141,101.0,101.0,6.0,13.280943924278635
100,1005009,T,1101,REFERENCE,Flow,Resource,Improving,40.0,1.4536455534398556,90.0,90.0,14.0,55.30983222769914
100,1005009,T,1101,REFERENCE,Flow,Normal,Improving,2.0,0.10184058826416731,5.0,5.0,0.0,-1.0
100,1005009,T,1101,REFERENCE,Balanced,Resource,Stagnating,59.0,1.9673891654238105,75.0,75.0,7.0,-7.466659735081192
100,1005009,T,1101,REFERENCE,Electricity,Resource,Stagnating,35.0,1.1106111016124487,46.0,46.0,5.0,20.880379935739157
100,1005009,T,1101,REFERENCE,Flow,Resource,Stagnating,24.0,0.8417074903845787,49.0,49.0,5.0,2.7653631858331824
100,1005009,T,1101,REFERENCE,Flow,Normal,Stagnating,11.0,0.29189163260161877,14.0,14.0,1.0,-2.3132019843445057
100,1005009,T,1101,REFERENCE,Flow,TOU,Stagnating,2.0,0.10146435908973217,3.0,3.0,0.0,0.0
100,1005009,T,1101,G,Electricity,Resource,Improving,69.0,2.934019618667662,243.0,243.0,19.0,142.9142487062657
100,1005009,T,1101,G,Balanced,Resource,Improving,66.0,2.237312188372016,148.0,148.0,13.0,39.98231779648923
100,1005009,T,1101,G,Flow,Resource,Improving,70.0,2.90260402392596,200.0,200.0,21.0,89.02488848251714
100,1005009,T,1101,G,Flow,Normal,Improving,2.0,0.06332090403884649,5.0,5.0,0.0,-1.0
100,1005009,T,1101,G,Balanced,Resource,Stagnating,57.0,2.266195979900658,188.0,188.0,10.0,33.57093352408047
100,1005009,T,1101,G,Electricity,Resource,Stagnating,152.0,7.051968187093735,532.0,532.0,34.0,267.9511425311323
100,1005009,T,1101,G,Flow,Normal,Stagnating,1.0,0.04307293239980936,0.0,0.0,0.0,-1.0
100,1005009,T,1101,G,Flow,TOU,Improving,2.0,0.059052891097962856,2.0,2.0,0.0,-1.0
100,1005009,T,1101,G,Flow,Resource,Stagnating,19.0,0.7623620685189962,49.0,49.0,4.0,4.898750030512822
100,1005009,T,1101,G,Flow,TOU,Stagnating,1.0,0.06678535416722298,1.0,1.0,0.0,0.0
100,1005009,T,1101,W,Electricity,Resource,Improving,75.0,3.1586823714897037,198.0,198.0,6.0,23.439002564849822
100,1005009,T,1101,W,Balanced,Resource,Improving,80.0,3.5675905207172036,219.0,219.0,17.0,80.80192067994082
100,1005009,T,1101,W,Flow,Resource,Improving,47.0,1.9575406052172184,136.0,136.0,13.0,31.330658325007676
100,1005009,T,1101,W,Flow,Normal,Improving,3.0,0.12961572222411633,12.0,12.0,0.0,-1.0
100,1005009,T,1101,W,Balanced,Resource,Stagnating,32.0,0.998746957629919,48.0,48.0,3.0,-10.223239464232973
100,1005009,T,1101,W,Electricity,Resource,Stagnating,21.0,0.7289659567177296,32.0,32.0,0.0,-12.0
100,1005009,T,1101,W,Flow,TOU,Stagnating,29.0,1.1802692096680403,67.0,67.0,7.0,11.278431110915129
100,1005009,T,1101,W,Flow,Resource,Stagnating,22.0,0.9594657896086574,63.0,63.0,3.0,5.174266170665681
100,1005009,T,1101,W,Flow,TOU,Improving,6.0,0.16276041138917208,9.0,9.0,1.0,0.26398131997445073
100,1005009,T,1101,W,Flow,Normal,Stagnating,1.0,0.04132416844367981,4.0,4.0,1.0,3.8057904742647275
100,1005009,T,1101,GW,Electricity,Resource,Improving,81.0,3.3184189843013883,391.0,391.0,52.0,393.8299901527378
100,1005009,T,1101,GW,Balanced,Resource,Improving,116.0,4.459075715392828,364.0,364.0,36.0,158.64399581790013
100,1005009,T,1101,GW,Flow,Resource,Improving,79.0,3.1652267910540104,248.0,248.0,29.0,110.85698645324628
100,1005009,T,1101,GW,Flow,Normal,Improving,2.0,0.09196794591844082,12.0,12.0,0.0,0.0
100,1005009,T,1101,GW,Balanced,Resource,Stagnating,122.0,4.8603944061324,358.0,358.0,28.0,109.8282787867858
100,1005009,T,1101,GW,Flow,Resource,Stagnating,106.0,4.4457178404554725,353.0,353.0,29.0,103.57693024450401
100,1005009,T,1101,GW,Electricity,Resource,Stagnating,93.0,4.046695952303708,353.0,353.0,27.0,152.40628140640914
100,1005009,T,1101,GW,Flow,TOU,Improving,1.0,0.03133597504347563,0.0,0.0,0.0,-1.0
100,1005009,T,1101,GW,Flow,TOU,Stagnating,3.0,0.07850806042551994,3.0,3.0,0.0,-2.0
100,1005009,T,1101,GW,Flow,Normal,Stagnating,12.0,0.4502074848860502,33.0,33.0,1.0,-4.948315863037405
100,1005009,T,1101,LEGACY,Electricity,Resource,Improving,75.0,2.911029606126249,176.0,176.0,11.0,63.987219890715366
100,1005009,T,1101,LEGACY,Balanced,Resource,Improving,55.0,2.1305497428402305,131.0,131.0,11.0,34.91225015668984
100,1005009,T,1101,LEGACY,Flow,Resource,Improving,35.0,1.3475074786692858,78.0,78.0,8.0,14.956741260425485
100,1005009,T,1101,LEGACY,Flow,Compressible,Improving,1.0,0.021859103813767433,0.0,0.0,0.0,-1.0
100,1005009,T,1101,LEGACY,Electricity,Resource,Stagnating,76.0,3.0221190210431814,193.0,193.0,20.0,142.60032495703348
100,1005009,T,1101,LEGACY,Flow,Compressible,Stagnating,1.0,0.047576564364135265,5.0,5.0,0.0,0.0
100,1005009,T,1101,LEGACY,Balanced,Resource,Stagnating,56.0,2.233212785795331,107.0,107.0,8.0,44.57657430853422
100,1005009,T,1101,LEGACY,Flow,TOU,Stagnating,5.0,0.12185753509402275,4.0,4.0,0.0,-4.0
100,1005009,T,1101,LEGACY,Flow,Resource,Stagnating,39.0,1.6224311087280512,78.0,78.0,6.0,3.722243338020437
100,1005009,T,1101,LEGACY,Flow,TOU,Improving,1.0,0.03562431875616312,3.0,3.0,0.0,0.0
100,1005009,T,1101,LEGACY,Flow,Normal,Stagnating,3.0,0.10689608193933964,3.0,3.0,0.0,-2.0
100,1005009,T,1101,LEGACY,Flow,Normal,Improving,2.0,0.08699150010943413,0.0,0.0,0.0,-2.0
100,1005010,H,1101,LEGACY,Flow,Resource,Improving,39.0,1.512369079515338,106.0,106.0,11.0,54.11616984624349
100,1005010,H,1101,LEGACY,Electricity,Resource,Improving,79.0,3.1833576066419482,223.0,223.0,7.0,46.264721608056846
100,1005010,H,1101,LEGACY,Balanced,Resource,Improving,120.0,4.442269450984895,367.0,367.0,20.0,87.15042140890867
100,1005010,H,1101,LEGACY,Flow,Resource,Stagnating,1.0,0.02527638617902994,3.0,3.0,0.0,0.0
100,1005010,H,1101,LEGACY,Flow,TOU,Stagnating,41.0,1.4184834910556674,90.0,90.0,3.0,-1.8772838701154768
100,1005010,H,1101,LEGACY,Balanced,Resource,Stagnating,28.0,1.0852814875543118,66.0,66.0,1.0,-5.782121662138481
100,1005010,H,1101,LEGACY,Electricity,Resource,Stagnating,85.0,2.7902682423591614,168.0,168.0,14.0,90.89523790896111
100,1005010,H,1101,LEGACY,Flow,TOU,Improving,67.0,2.259938230738044,140.0,140.0,11.0,22.601951715334643
100,1005010,H,1101,LEGACY,Flow,Compressible,Stagnating,2.0,0.0547449067234993,1.0,1.0,0.0,-1.0
100,1005010,H,1101,LEGACY,Balanced,TOU,Improving,37.0,1.5770873725414276,93.0,93.0,6.0,23.28153716036505
100,1005010,H,1101,LEGACY,Balanced,TOU,Stagnating,1.0,0.009605408646166325,0.0,0.0,0.0,-1.0
100,1005010,H,1101,REFERENCE,Flow,Resource,Improving,33.0,1.019309651106596,80.0,80.0,11.0,44.54093762122321
100,1005010,H,1101,REFERENCE,Electricity,Resource,Improving,47.0,1.6492224335670471,90.0,90.0,9.0,49.86679309718256
100,1005010,H,1101,REFERENCE,Balanced,Resource,Improving,53.0,2.465531644411385,120.0,120.0,6.0,15.226894865385958
100,1005010,H,1101,REFERENCE,Flow,Resource,Stagnating,35.0,1.2710568932816386,122.0,122.0,14.0,45.44120972004244
100,1005010,H,1101,REFERENCE,Balanced,Resource,Stagnating,35.0,1.5669131418690085,69.0,69.0,2.0,-9.152714953227097
100,1005010,H,1101,REFERENCE,Electricity,Resource,Stagnating,46.0,2.0830245036631823,47.0,47.0,4.0,5.816596511949658
100,1005010,H,1101,REFERENCE,Flow,TOU,Stagnating,32.0,0.9982736837118864,39.0,39.0,2.0,-3.1614045702369262
100,1005010,H,1101,REFERENCE,Flow,TOU,Improving,4.0,0.11135790776461363,1.0,1.0,0.0,-3.0
100,1005010,H,1101,REFERENCE,Flow,Compressible,Stagnating,1.0,0.04028275143355131,3.0,3.0,0.0,0.0
100,1005010,H,1101,REFERENCE,Balanced,TOU,Stagnating,4.0,0.17386197857558727,2.0,2.0,0.0,-3.0
100,1005010,H,1101,REFERENCE,Balanced,TOU,Improving,2.0,0.05776982754468918,0.0,0.0,0.0,-2.0
100,1005010,H,1101,G,Flow,Resource,Improving,49.0,2.0659796837717295,143.0,143.0,16.0,68.59886241524842
100,1005010,H,1101,G,Electricity,Resource,Improving,97.0,4.091280564665794,277.0,277.0,26.0,188.8813476031886
100,1005010,H,1101,G,Balanced,Resource,Improving,56.0,2.585709383711219,198.0,198.0,12.0,43.90139516735739
100,1005010,H,1101,G,Flow,Resource,Stagnating,1.0,0.0596530893817544,0.0,0.0,0.0,-1.0
100,1005010,H,1101,G,Flow,TOU,Stagnating,113.0,4.47059953212738,346.0,346.0,19.0,55.969070494976066
100,1005010,H,1101,G,Balanced,Resource,Stagnating,24.0,1.1904791928827763,97.0,97.0,5.0,22.856791236977397
100,1005010,H,1101,G,Flow,TOU,Improving,60.0,2.1899935817345977,184.0,184.0,10.0,33.40276642482016
100,1005010,H,1101,G,Electricity,Resource,Stagnating,10.0,0.38235575798898935,8.0,8.0,0.0,-7.0
100,1005010,H,1101,G,Balanced,TOU,Improving,39.0,1.4362582508474588,98.0,98.0,4.0,10.617986711064603
100,1005010,H,1101,G,Balanced,TOU,Stagnating,50.0,1.8072566157206893,159.0,159.0,4.0,11.279682796110315
100,1005010,H,1101,G,Electricity,TOU,Improving,7.0,0.2102978155016899,18.0,18.0,0.0,-4.0
100,1005010,H,1101,G,Electricity,TOU,Stagnating,3.0,0.10137334931641817,11.0,11.0,0.0,-1.0
100,1005010,H,1101,W,Flow,Resource,Improving,83.0,3.251724078319967,238.0,238.0,24.0,120.34889410431964
100,1005010,H,1101,W,Electricity,Resource,Improving,34.0,1.1532159289345145,93.0,93.0,5.0,35.90370672957738
100,1005010,H,1101,W,Balanced,Resource,Improving,74.0,2.945417948998511,241.0,241.0,16.0,114.13542469238233
100,1005010,H,1101,W,Flow,Resource,Stagnating,61.0,2.9906732151284814,176.0,176.0,16.0,48.6419638472247
100,1005010,H,1101,W,Flow,TOU,Improving,20.0,0.8263511434197426,71.0,71.0,3.0,3.35633007336506
100,1005010,H,1101,W,Balanced,Resource,Stagnating,73.0,2.93658010289073,124.0,124.0,5.0,-12.001741487049756
100,1005010,H,1101,W,Flow,TOU,Stagnating,90.0,3.8971066204831004,338.0,338.0,18.0,59.6586898830642
100,1005010,H,1101,W,Electricity,Resource,Stagnating,47.0,1.816306907683611,62.0,62.0,2.0,-13.513440251257643
100,1005010,H,1101,GW,Flow,Resource,Improving,28.0,0.9485542057082057,97.0,97.0,9.0,32.0696177249119
100,1005010,H,1101,GW,Electricity,Resource,Improving,38.0,1.3544066520407796,95.0,95.0,3.0,4.614883683564441
100,1005010,H,1101,GW,Balanced,Resource,Improving,41.0,1.7657869830727577,119.0,119.0,6.0,25.091191137983813
100,1005010,H,1101,GW,Electricity,Resource,Stagnating,37.0,1.2963870968669653,86.0,86.0,2.0,6.3211723840898415
100,1005010,H,1101,GW,Flow,TOU,Improving,107.0,3.112963709048927,266.0,266.0,33.0,152.6219094841519
100,1005010,H,1101,GW,Balanced,Resource,Stagnating,47.0,1.890791337005794,108.0,108.0,6.0,14.270980883347484
100,1005010,H,1101,GW,Flow,TOU,Stagnating,91.0,3.6456208219751716,299.0,299.0,17.0,51.18179265899343
100,1005010,H,1101,GW,Balanced,TOU,Improving,5.0,0.16132765728980303,0.0,0.0,0.0,-5.0
100,1005010,H,1101,GW,Balanced,TOU,Stagnating,24.0,0.927934124134481,33.0,33.0,3.0,6.269704108994034
100,1005010,H,2202,G,Balanced,Resource,Improving,130.0,4.249436182901263,352.0,352.0,24.0,98.88279019180248
100,1005010,H,2202,G,Flow,Resource,Improving,14.0,0.6011530058458447,45.0,45.0,4.0,14.366237128881952
100,1005010,H,2202,G,Flow,TOU,Improving,68.0,1.821276736445725,126.0,126.0,7.0,13.355866546817339
100,1005010,H,2202,G,Electricity,Resource,Improving,51.0,2.115687762387097,124.0,124.0,6.0,30.822916430043463
100,1005010,H,2202,G,Electricity,Resource,Stagnating,77.0,2.7169586662203074,176.0,176.0,11.0,61.06243072101137
100,1005010,H,2202,G,Flow,Resource,Stagnating,1.0,0.039704338647425175,2.0,2.0,0.0,0.0
100,1005010,H,2202,G,Balanced,Resource,Stagnating,28.0,0.8705645659938455,42.0,42.0,1.0,-7.489558256036089
100,1005010,H,2202,G,Flow,TOU,Stagnating,57.0,1.5969337038695812,97.0,97.0,6.0,18.700545131742352
100,1005010,H,2202,G,Balanced,TOU,Stagnating,2.0,0.045750999823212624,0.0,0.0,0.0,-2.0
100,1005010,H,2202,G,Balanced,TOU,Improving,8.0,0.1268459977582097,5.0,5.0,0.0,-6.0
100,1005010,H,2202,W,Balanced,Resource,Improving,159.0,6.837425803765655,569.0,569.0,40.0,258.06823161072504
100,1005010,H,2202,W,Flow,Resource,Improving,26.0,1.0893351137638092,72.0,72.0,5.0,31.62178548801331
100,1005010,H,2202,W,Flow,TOU,Improving,34.0,1.3576914239674807,90.0,90.0,6.0,17.972741682721598
100,1005010,H,2202,W,Balanced,Resource,Stagnating,43.0,1.8201162926852703,117.0,117.0,4.0,-2.1271110483400015
100,1005010,H,2202,W,Flow,TOU,Stagnating,84.0,3.9130470026284456,219.0,219.0,11.0,56.78742389220929
100,1005010,H,2202,W,Electricity,Resource,Improving,48.0,2.1999629037454724,133.0,133.0,4.0,5.525303934623755
100,1005010,H,2202,W,Electricity,Resource,Stagnating,99.0,4.788135536946356,222.0,222.0,13.0,48.30379823604848
100,1005010,H,2202,W,Flow,Resource,Stagnating,13.0,0.6226637260988355,33.0,33.0,3.0,15.681898784652102
100,1005010,H,2202,W,Balanced,TOU,Improving,1.0,0.015544756315648556,0.0,0.0,0.0,-1.0
100,1005010,H,2202,GW,Balanced,Resource,Improving,143.0,6.695836562663317,551.0,551.0,43.0,253.84069694119512
100,1005010,H,2202,GW,Flow,Resource,Improving,45.0,2.287397911772132,134.0,134.0,5.0,31.855844597550863
100,1005010,H,2202,GW,Flow,TOU,Improving,21.0,0.8824069807305932,54.0,54.0,1.0,-2.714459360769639
100,1005010,H,2202,GW,Electricity,Resource,Stagnating,89.0,3.6349480468779802,262.0,262.0,14.0,94.77111168623453
100,1005010,H,2202,GW,Flow,TOU,Stagnating,47.0,1.9860187536105514,137.0,137.0,7.0,23.377246666915873
100,1005010,H,2202,GW,Flow,Resource,Stagnating,7.0,0.3318776283413172,20.0,20.0,0.0,-1.0
100,1005010,H,2202,GW,Electricity,Resource,Improving,41.0,1.995908827520907,137.0,137.0,4.0,27.90023645752587
100,1005010,H,2202,GW,Balanced,Resource,Stagnating,82.0,3.5852668043226004,271.0,271.0,12.0,61.606629137960454
100,1005010,H,2202,LEGACY,Balanced,Resource,Improving,86.0,3.2184435268864036,199.0,199.0,13.0,42.20088399175173
100,1005010,H,2202,LEGACY,Flow,Resource,Improving,8.0,0.2484605312347412,20.0,20.0,2.0,2.4412093846624052
100,1005010,H,2202,LEGACY,Flow,TOU,Improving,90.0,3.3705235552042723,222.0,222.0,12.0,40.063516588879885
100,1005010,H,2202,LEGACY,Electricity,Resource,Improving,119.0,4.295727038756013,286.0,286.0,26.0,190.218406622484
100,1005010,H,2202,LEGACY,Flow,Resource,Stagnating,2.0,0.02347469050437212,0.0,0.0,0.0,-2.0
100,1005010,H,2202,LEGACY,Balanced,Resource,Stagnating,48.0,1.8598985653370619,114.0,114.0,4.0,-6.630269840410715
100,1005010,H,2202,LEGACY,Flow,TOU,Stagnating,60.0,2.1854529129341245,160.0,160.0,10.0,44.84277707450981
100,1005010,H,2202,LEGACY,Electricity,Resource,Stagnating,87.0,3.052345033735037,184.0,184.0,20.0,135.06685719087494
100,1005010,H,2202,REFERENCE,Balanced,Resource,Improving,118.0,4.593406118452549,333.0,333.0,25.0,88.33291164265555
100,1005010,H,2202,REFERENCE,Flow,Resource,Improving,11.0,0.4928117832168937,47.0,47.0,0.0,-1.0
100,1005010,H,2202,REFERENCE,Flow,TOU,Improving,87.0,2.9991244450211525,210.0,210.0,19.0,80.99327240175407
100,1005010,H,2202,REFERENCE,Electricity,Resource,Improving,82.0,3.051061911508441,182.0,182.0,16.0,106.82986330788418
100,1005010,H,2202,REFERENCE,Balanced,Resource,Stagnating,90.0,3.6994747817516327,234.0,234.0,9.0,17.628701089869686
100,1005010,H,2202,REFERENCE,Flow,TOU,Stagnating,80.0,2.7577499812468886,154.0,154.0,13.0,48.853681020986166
100,1005010,H,2202,REFERENCE,Electricity,Resource,Stagnating,36.0,1.3244252651929855,65.0,65.0,3.0,3.286095910672195
100,1005010,H,2202,REFERENCE,Flow,Resource,Stagnating,23.0,1.1375316279008985,87.0,87.0,2.0,5.261787245373984
100,1005010,T,2202,W,Balanced,Resource,Improving,184.0,7.088778223842382,587.0,587.0,30.0,125.287778774229
100,1005010,T,2202,W,Flow,Resource,Improving,34.0,1.299680639989674,109.0,109.0,8.0,38.96016476383798
100,1005010,T,2202,W,Electricity,Resource,Improving,60.0,2.1705449474975467,173.0,173.0,5.0,27.431223704760015
100,1005010,T,2202,W,Flow,TOU,Improving,63.0,2.5768009135499597,212.0,212.0,12.0,49.781601297082645
100,1005010,T,2202,W,Electricity,Resource,Stagnating,69.0,2.5796645963564515,204.0,204.0,8.0,16.36576393372315
100,1005010,T,2202,W,Flow,Resource,Stagnating,1.0,0.040641581639647484,3.0,3.0,0.0,0.0
100,1005010,T,2202,W,Flow,TOU,Stagnating,54.0,1.9368844823911786,195.0,195.0,7.0,15.597250243111606
100,1005010,T,2202,W,Balanced,Resource,Stagnating,47.0,1.8462685672566295,154.0,154.0,4.0,4.239833232989078
100,1005010,T,2202,W,Flow,Normal,Stagnating,2.0,0.07730405498296022,11.0,11.0,0.0,0.0
100,1005010,T,2202,W,Balanced,Normal,Improving,38.0,1.8215516358613968,139.0,139.0,7.0,21.180325475246022
100,1005010,T,2202,W,Balanced,Normal,Stagnating,18.0,0.8068444598466158,63.0,63.0,1.0,-2.726498177493364
100,1005010,T,2202,GW,Balanced,Resource,Improving,93.0,3.934498536400497,256.0,256.0,9.0,23.810846148836127
100,1005010,T,2202,GW,Flow,Resource,Improving,35.0,1.45514150056988,112.0,112.0,9.0,32.23247756756637
100,1005010,T,2202,GW,Electricity,Resource,Improving,33.0,1.2065245630219579,58.0,58.0,2.0,4.0
100,1005010,T,2202,GW,Flow,TOU,Improving,18.0,0.6338567370548844,51.0,51.0,4.0,0.8367728793306584
100,1005010,T,2202,GW,Balanced,Resource,Stagnating,19.0,0.9627162590622902,33.0,33.0,1.0,-11.103626319686901
100,1005010,T,2202,GW,Flow,Compressible,Improving,1.0,0.04145742952823639,6.0,6.0,0.0,0.0
100,1005010,T,2202,GW,Flow,Resource,Stagnating,25.0,1.2095370786264539,103.0,103.0,4.0,7.436359363797562
100,1005010,T,2202,GW,Electricity,Resource,Stagnating,45.0,1.7991109192371368,59.0,59.0,2.0,-16.33803400088074
100,1005010,T,2202,GW,Flow,TOU,Stagnating,19.0,0.6882112333551049,49.0,49.0,2.0,-2.7168519009642615
100,1005010,T,2202,GW,Flow,Normal,Stagnating,31.0,1.7477453043684363,139.0,139.0,3.0,13.254088178429768
100,1005010,T,2202,LEGACY,Balanced,Resource,Improving,96.0,4.063951049000025,259.0,259.0,28.0,121.85991697430433
100,1005010,T,2202,LEGACY,Flow,Resource,Improving,20.0,0.9902293365448713,57.0,57.0,5.0,19.451822471294978
100,1005010,T,2202,LEGACY,Electricity,Resource,Improving,73.0,2.8953076200559735,140.0,140.0,11.0,45.01648749896962
100,1005010,T,2202,LEGACY,Balanced,Resource,Stagnating,103.0,3.823076458647847,207.0,207.0,14.0,27.968350752554606
100,1005010,T,2202,LEGACY,Flow,TOU,Improving,95.0,4.149280911311507,316.0,316.0,32.0,160.40517197497442
100,1005010,T,2202,LEGACY,Electricity,Resource,Stagnating,79.0,3.231777277775109,165.0,165.0,12.0,84.88124446924238
100,1005010,T,2202,LEGACY,Flow,TOU,Stagnating,108.0,4.126057391054928,393.0,393.0,21.0,76.97207742490447
100,1005010,T,2202,LEGACY,Flow,Resource,Stagnating,31.0,1.2574695916846395,84.0,84.0,5.0,6.712860422139531
100,1005010,T,2202,REFERENCE,Balanced,Resource,Improving,115.0,4.383606371469796,287.0,287.0,12.0,47.74189914867073
100,1005010,T,2202,REFERENCE,Flow,Resource,Improving,13.0,0.4500186648219824,36.0,36.0,1.0,0.012478695471410006
100,1005010,T,2202,REFERENCE,Electricity,Resource,Improving,74.0,3.1342901047319174,152.0,152.0,12.0,62.95921208194463
100,1005010,T,2202,REFERENCE,Flow,TOU,Improving,87.0,2.856236438266933,235.0,235.0,13.0,43.17641885920561
100,1005010,T,2202,REFERENCE,Balanced,Resource,Stagnating,245.0,9.898155993781984,703.0,703.0,20.0,77.47057728581586
100,1005010,T,2202,REFERENCE,Flow,TOU,Stagnating,16.0,0.5537701109424233,29.0,29.0,0.0,-5.0
100,1005010,T,2202,REFERENCE,Electricity,Resource,Stagnating,75.0,3.2027771743014455,155.0,155.0,6.0,6.1349211797377095
100,1005010,T,2202,REFERENCE,Flow,Normal,Stagnating,2.0,0.08427269011735916,11.0,11.0,0.0,0.0
100,1005010,T,2202,REFERENCE,Flow,Resource,Stagnating,8.0,0.26445569563657045,31.0,31.0,1.0,3.927978256003416
100,1005010,T,2202,G,Balanced,Resource,Improving,116.0,4.191234702244401,318.0,318.0,13.0,65.22819558009583
100,1005010,T,2202,G,Flow,Resource,Improving,12.0,0.38670709170401096,33.0,33.0,1.0,1.01247869547141
100,1005010,T,2202,G,Electricity,Resource,Improving,84.0,3.2392944172024727,246.0,246.0,9.0,41.818964453311295
100,1005010,T,2202,G,Flow,TOU,Improving,100.0,3.3032230120152235,260.0,260.0,22.0,60.57695151870123
100,1005010,T,2202,G,Balanced,Resource,Stagnating,64.0,2.5370685094967484,196.0,196.0,5.0,2.380095189944708
100,1005010,T,2202,G,Flow,TOU,Stagnating,59.0,2.212428749538958,125.0,125.0,7.0,3.8168025287693217
100,1005010,T,2202,G,Electricity,Resource,Stagnating,118.0,4.7349202912300825,348.0,348.0,23.0,192.0887444061328
100,1005010,T,1101,REFERENCE,Flow,Resource,Improving,9.0,0.3556358842179179,32.0,32.0,2.0,6.278640495517653
100,1005010,T,1101,REFERENCE,Balanced,Resource,Improving,37.0,1.3357227509841323,80.0,80.0,6.0,20.9624524434597
100,1005010,T,1101,REFERENCE,Electricity,Resource,Improving,38.0,1.6139591373503208,137.0,137.0,10.0,71.30462788148799
100,1005010,T,1101,REFERENCE,Flow,Normal,Improving,19.0,0.776023237966001,74.0,74.0,2.0,10.090554737089862
100,1005010,T,1101,REFERENCE,Electricity,Resource,Stagnating,57.0,2.4259722530841827,123.0,123.0,7.0,46.5204543523988
100,1005010,T,1101,REFERENCE,Balanced,Resource,Stagnating,6.0,0.2067653415724635,15.0,15.0,0.0,-2.0
100,1005010,T,1101,REFERENCE,Flow,TOU,Stagnating,81.0,3.3323380602523685,176.0,176.0,12.0,33.64251556280207
100,1005010,T,1101,REFERENCE,Flow,TOU,Improving,15.0,0.6306952368468046,27.0,27.0,1.0,-5.72633904947232
100,1005010,T,1101,REFERENCE,Balanced,Normal,Improving,25.0,0.8494859049096704,21.0,21.0,1.0,-13.682593663046124
100,1005010,T,1101,REFERENCE,Balanced,Normal,Stagnating,25.0,1.0023870263248682,39.0,39.0,2.0,2.2574616105099246
100,1005010,T,1101,REFERENCE,Balanced,TOU,Improving,36.0,1.3429258428514004,34.0,34.0,0.0,-25.0
100,1005010,T,1101,REFERENCE,Balanced,TOU,Stagnating,31.0,1.0995835280045867,24.0,24.0,0.0,-21.0
100,1005010,T,1101,REFERENCE,Flow,Normal,Stagnating,6.0,0.25908826384693384,23.0,23.0,0.0,-2.0
100,1005010,T,1101,REFERENCE,Flow,Compressible,Stagnating,2.0,0.08118421211838722,9.0,9.0,0.0,0.0
100,1005010,T,1101,REFERENCE,Flow,Demand,Stagnating,1.0,0.040449260734021664,6.0,6.0,0.0,0.0
100,1005010,T,1101,G,Flow,Resource,Improving,12.0,0.46169044729322195,37.0,37.0,2.0,8.360002679987456
100,1005010,T,1101,G,Balanced,Resource,Improving,27.0,0.9853513026610017,61.0,61.0,5.0,4.486220628751473
100,1005010,T,1101,G,Electricity,Resource,Improving,44.0,1.7840855652466416,147.0,147.0,12.0,94.0793634127039
100,1005010,T,1101,G,Flow,Normal,Improving,32.0,1.3402206981554627,93.0,93.0,6.0,23.911754414869485
100,1005010,T,1101,G,Electricity,Resource,Stagnating,14.0,0.4755517113953829,23.0,23.0,2.0,15.0
100,1005010,T,1101,G,Balanced,Resource,Stagnating,21.0,0.6788849243894219,51.0,51.0,6.0,41.74614103779326
100,1005010,T,1101,G,Flow,TOU,Stagnating,90.0,4.413226424716413,319.0,319.0,13.0,76.21128917665104
100,1005010,T,1101,G,Flow,TOU,Improving,64.0,2.9398492332547903,186.0,186.0,10.0,43.24329197164573
100,1005010,T,1101,G,Flow,Normal,Stagnating,27.0,1.1794494353234768,87.0,87.0,0.0,-8.0
100,1005010,T,1101,G,Balanced,TOU,Stagnating,21.0,0.8102936306968331,21.0,21.0,0.0,-11.0
100,1005010,T,1101,G,Balanced,TOU,Improving,35.0,1.4592678481712937,42.0,42.0,0.0,-18.0
100,1005010,T,1101,G,Balanced,Normal,Improving,20.0,1.024094051681459,41.0,41.0,1.0,3.0
100,1005010,T,1101,G,Balanced,Normal,Stagnating,14.0,0.6116149695590138,19.0,19.0,1.0,2.0
100,1005010,T,1101,G,Electricity,TOU,Improving,21.0,0.873725458048284,18.0,18.0,0.0,-10.0
100,1005010,T,1101,G,Electricity,Normal,Stagnating,1.0,0.028101976960897446,0.0,0.0,0.0,-1.0
100,1005010,T,1101,G,Electricity,TOU,Stagnating,20.0,0.9624943882226944,19.0,19.0,0.0,-12.0
100,1005010,T,1101,G,Flow,Compressible,Stagnating,1.0,0.07323991227895021,3.0,3.0,0.0,0.0
100,1005010,T,1101,W,Flow,Resource,Improving,7.0,0.2802429758012295,29.0,29.0,2.0,1.1202113410273173
100,1005010,T,1101,W,Balanced,Resource,Improving,22.0,1.1135632563382387,79.0,79.0,4.0,14.350717168234873
100,1005010,T,1101,W,Electricity,Resource,Improving,57.0,2.6780916256830096,175.0,175.0,12.0,73.76155294669059
100,1005010,T,1101,W,Flow,Normal,Improving,99.0,5.669031864963472,409.0,409.0,17.0,68.04146076487984
100,1005010,T,1101,W,Electricity,Resource,Stagnating,29.0,1.2486730441451073,72.0,72.0,5.0,28.008845583405588
100,1005010,T,1101,W,Flow,TOU,Improving,49.0,2.320910260081291,209.0,209.0,10.0,31.511316791408277
100,1005010,T,1101,W,Balanced,Resource,Stagnating,2.0,0.0852507883682847,6.0,6.0,0.0,-1.0
100,1005010,T,1101,W,Flow,Normal,Stagnating,140.0,5.9194231647998095,512.0,512.0,20.0,75.84817481878876
100,1005010,T,1101,W,Flow,Resource,Stagnating,1.0,0.05843821447342634,5.0,5.0,1.0,4.143727691792684
100,1005010,T,1101,W,Balanced,Normal,Improving,47.0,1.9954444337636232,120.0,120.0,3.0,-6.0047436547186415
100,1005010,T,1101,W,Balanced,Normal,Stagnating,39.0,1.5188039122149348,71.0,71.0,2.0,-14.342274093127056
100,1005010,T,1101,W,Electricity,Normal,Stagnating,9.0,0.4260226869955659,21.0,21.0,0.0,-5.0
100,1005010,T,1101,W,Electricity,Normal,Improving,14.0,0.5670780763030052,26.0,26.0,1.0,-1.0268308281734333
100,1005010,T,1101,W,Balanced,TOU,Stagnating,2.0,0.13379136007279158,11.0,11.0,1.0,1.1061578236793825
100,1005010,T,1101,W,Flow,TOU,Stagnating,44.0,1.9146475903689861,210.0,210.0,3.0,22.411134491377332
100,1005010,T,1101,GW,Flow,Resource,Improving,1.0,0.04747398663312197,4.0,4.0,0.0,0.0
100,1005010,T,1101,GW,Balanced,Resource,Improving,48.0,1.6131930071860552,149.0,149.0,5.0,16.861485038195134
100,1005010,T,1101,GW,Electricity,Resource,Improving,38.0,1.3354801200330257,90.0,90.0,7.0,35.53559634086861
100,1005010,T,1101,GW,Flow,Normal,Improving,14.0,0.4637704500928521,51.0,51.0,2.0,9.183344029542251
100,1005010,T,1101,GW,Flow,Compressible,Improving,1.0,0.048109826631844044,4.0,4.0,0.0,0.0
100,1005010,T,1101,GW,Flow,Normal,Stagnating,5.0,0.17236659675836563,12.0,12.0,0.0,-1.0
100,1005010,T,1101,GW,Electricity,Resource,Stagnating,25.0,0.9001806071028113,34.0,34.0,1.0,-13.771381308895759
100,1005010,T,1101,GW,Flow,TOU,Stagnating,132.0,5.133318634703755,326.0,326.0,8.0,5.161728371717956
100,1005010,T,1101,GW,Flow,TOU,Improving,40.0,1.41612633690238,99.0,99.0,3.0,1.773283618697361
100,1005010,T,1101,GW,Flow,Compressible,Stagnating,1.0,0.042280953377485275,1.0,1.0,0.0,0.0
100,1005010,T,1101,GW,Balanced,Resource,Stagnating,34.0,1.2898091971874237,65.0,65.0,3.0,-1.9160867615319432
100,1005010,T,1101,GW,Balanced,TOU,Stagnating,21.0,0.9447316629812121,63.0,63.0,2.0,-2.317901786940194
100,1005010,T,1101,GW,Balanced,TOU,Improving,21.0,0.8498933780938387,42.0,42.0,3.0,5.405979579686553
100,1005010,T,1101,GW,Flow,Demand,Stagnating,2.0,0.06691983714699745,6.0,6.0,0.0,-1.0
100,1005010,T,1101,GW,Electricity,TOU,Improving,2.0,0.08188155572861433,0.0,0.0,0.0,-2.0
100,1005010,T,1101,LEGACY,Flow,Resource,Improving,40.0,1.4612288568168879,91.0,91.0,9.0,26.13137480041499
100,1005010,T,1101,LEGACY,Balanced,Resource,Improving,43.0,1.6513344319537282,81.0,81.0,5.0,5.090758644445998
100,1005010,T,1101,LEGACY,Electricity,Resource,Improving,104.0,4.235115950927138,247.0,247.0,34.0,263.1872926941549
100,1005010,T,1101,LEGACY,Flow,Normal,Improving,52.0,1.9181725895032287,82.0,82.0,12.0,57.07864255274838
100,1005010,T,1101,LEGACY,Flow,Compressible,Improving,1.0,0.045788888819515705,2.0,2.0,0.0,0.0
100,1005010,T,1101,LEGACY,Electricity,Resource,Stagnating,107.0,4.396014392375946,256.0,256.0,32.0,224.25759174227
100,1005010,T,1101,LEGACY,Balanced,Resource,Stagnating,51.0,2.1210908060893416,105.0,105.0,6.0,13.728863205797026
100,1005010,T,1101,LEGACY,Flow,Normal,Stagnating,38.0,1.8721138928085566,86.0,86.0,5.0,6.568156965894527
100,1005010,T,1101,LEGACY,Flow,Resource,Stagnating,17.0,0.6310950657352805,39.0,39.0,3.0,3.8711331027395826
100,1005010,T,1101,LEGACY,Flow,Compressible,Stagnating,1.0,0.045304376631975174,3.0,3.0,0.0,0.0
100,1005010,T,1101,LEGACY,Balanced,Normal,Improving,3.0,0.1139597687870264,0.0,0.0,0.0,-3.0
100,1005010,T,1101,LEGACY,Balanced,Normal,Stagnating,7.0,0.30995539110153913,11.0,11.0,1.0,1.056567035273284
100,1005011,H,1101,GW,Flow,Resource,Improving,25.0,0.7148269321769476,29.0,29.0,2.0,-3.5567506502717308
100,1005011,H,1101,GW,Balanced,Resource,Improving,38.0,1.0781174479052424,88.0,88.0,2.0,-0.541253075105594
100,1005011,H,1101,GW,Electricity,Resource,Stagnating,12.0,0.4790058573707938,17.0,17.0,1.0,-5.377259936464764
100,1005011,H,1101,GW,Balanced,Resource,Stagnating,41.0,1.234473922289908,82.0,82.0,3.0,-13.656287840454096
100,1005011,H,1101,GW,Flow,Resource,Stagnating,25.0,0.6077016880735755,26.0,26.0,2.0,-10.041966506492987
100,1005011,H,1101,GW,Electricity,Resource,Improving,18.0,0.8546545002609491,30.0,30.0,0.0,-12.0
100,1005011,H,1101,LEGACY,Flow,Resource,Improving,46.0,1.667978473007679,55.0,55.0,5.0,9.014299725872181
100,1005011,H,1101,LEGACY,Balanced,Resource,Improving,38.0,1.0882501481100917,80.0,80.0,6.0,19.7941112832369
100,1005011,H,1101,LEGACY,Electricity,Resource,Improving,110.0,4.633987159468234,286.0,286.0,16.0,96.17545528694029
100,1005011,H,1101,LEGACY,Electricity,Resource,Stagnating,40.0,1.6210272507742047,119.0,119.0,4.0,4.583534009012523
100,1005011,H,1101,LEGACY,Flow,Resource,Stagnating,31.0,1.1394029427319765,44.0,44.0,2.0,-1.4944283359881396
100,1005011,H,1101,LEGACY,Balanced,Resource,Stagnating,29.0,0.8545283954590559,40.0,40.0,2.0,0.5565500189420938
100,1005011,H,1101,REFERENCE,Flow,Resource,Improving,41.0,1.2853092951700091,67.0,67.0,7.0,16.015849906657323
100,1005011,H,1101,REFERENCE,Balanced,Resource,Improving,53.0,1.6404953701421618,58.0,58.0,8.0,32.853215837347875
100,1005011,H,1101,REFERENCE,Electricity,Resource,Stagnating,48.0,1.5996193373575807,81.0,81.0,3.0,10.0
100,1005011,H,1101,REFERENCE,Electricity,Resource,Improving,43.0,1.3344309218227863,61.0,61.0,2.0,-0.6309351800795202
100,1005011,H,1101,REFERENCE,Balanced,Resource,Stagnating,27.0,0.8960261968895793,34.0,34.0,3.0,-1.3115273192824242
100,1005011,H,1101,REFERENCE,Flow,Resource,Stagnating,23.0,0.6338127488270402,25.0,25.0,0.0,-13.0
100,1005011,H,1101,G,Flow,Resource,Improving,23.0,0.549724142998457,52.0,52.0,3.0,4.596967248150336
100,1005011,H,1101,G,Balanced,Resource,Improving,64.0,1.5394446328282356,126.0,126.0,5.0,8.226015593128139
100,1005011,H,1101,G,Electricity,Resource,Improving,65.0,1.9436060981824994,189.0,189.0,4.0,19.490146589478627
100,1005011,H,1101,G,Flow,Resource,Stagnating,48.0,1.0610477048903704,73.0,73.0,7.0,15.130884761339399
100,1005011,H,1101,G,Electricity,Resource,Stagnating,31.0,1.0309849632903934,84.0,84.0,1.0,2.5173594351788138
100,1005011,H,1101,G,Balanced,Resource,Stagnating,43.0,1.1814631409943104,77.0,77.0,2.0,-11.980591310355395
100,1005011,H,1101,W,Flow,Resource,Improving,33.0,0.9917397294193506,47.0,47.0,4.0,1.0311024233023254
100,1005011,H,1101,W,Balanced,Resource,Improving,33.0,1.0798954712226987,55.0,55.0,3.0,4.3111229237837225
100,1005011,H,1101,W,Electricity,Resource,Stagnating,20.0,1.0512191085144877,37.0,37.0,2.0,-7.807520347244829
100,1005011,H,1101,W,Balanced,Resource,Stagnating,19.0,0.8464246541261673,32.0,32.0,0.0,-12.0
100,1005011,H,1101,W,Flow,Resource,Stagnating,16.0,0.43878139089792967,8.0,8.0,1.0,-4.264876056949483
100,1005011,H,1101,W,Electricity,Resource,Improving,35.0,1.7690082313492894,77.0,77.0,3.0,2.123709940394251
100,1005011,H,2202,REFERENCE,Balanced,Resource,Improving,62.0,1.8408469809219241,137.0,137.0,12.0,59.820739285900004
100,1005011,H,2202,REFERENCE,Flow,Resource,Improving,42.0,1.0572971627116203,57.0,57.0,4.0,9.361581085824909
100,1005011,H,2202,REFERENCE,Electricity,Resource,Improving,72.0,2.1026464654132724,96.0,96.0,14.0,84.58488406656826
100,1005011,H,2202,REFERENCE,Balanced,Resource,Stagnating,23.0,0.629947361536324,31.0,31.0,2.0,-6.0880619041980095
100,1005011,H,2202,REFERENCE,Flow,Resource,Stagnating,45.0,1.2969917431473732,69.0,69.0,1.0,-18.77177319368957
100,1005011,H,2202,REFERENCE,Electricity,Resource,Stagnating,40.0,1.0140769248828292,31.0,31.0,5.0,14.496538520473926
100,1005011,H,2202,G,Balanced,Resource,Improving,57.0,1.6202281843870878,128.0,128.0,11.0,54.676119142330734
100,1005011,H,2202,G,Flow,Resource,Improving,46.0,1.1951862126588821,69.0,69.0,4.0,10.361581085824909
100,1005011,H,2202,G,Electricity,Resource,Improving,67.0,1.725978565402329,92.0,92.0,15.0,90.21566037841649
100,1005011,H,2202,G,Balanced,Resource,Stagnating,22.0,0.7294735098257661,40.0,40.0,2.0,3.5902086608455654
100,1005011,H,2202,G,Flow,Resource,Stagnating,49.0,1.4290894446894526,80.0,80.0,4.0,0.8296304828236627
100,1005011,H,2202,G,Electricity,Resource,Stagnating,38.0,1.116212327964604,42.0,42.0,5.0,-0.13727627116142838
100,1005011,H,2202,W,Balanced,Resource,Improving,76.0,3.4196357894688845,206.0,206.0,11.0,39.78166671322867
100,1005011,H,2202,W,Flow,Resource,Improving,56.0,2.501329204067588,116.0,116.0,6.0,22.008706168602735
100,1005011,H,2202,W,Electricity,Resource,Improving,47.0,2.0182423247024417,75.0,75.0,12.0,91.0
100,1005011,H,2202,W,Electricity,Resource,Stagnating,55.0,2.4079413171857595,100.0,100.0,12.0,64.75526748547783
100,1005011,H,2202,W,Balanced,Resource,Stagnating,59.0,2.67956858035177,145.0,145.0,5.0,6.485452448919691
100,1005011,H,2202,W,Flow,Resource,Stagnating,29.0,0.9747914122417569,36.0,36.0,2.0,-0.4808079859858809
100,1005011,H,2202,GW,Balanced,Resource,Improving,77.0,2.3951727552339435,201.0,201.0,19.0,106.71365020092693
100,1005011,H,2202,GW,Flow,Resource,Improving,47.0,1.61420610640198,128.0,128.0,7.0,29.98307314549602
100,1005011,H,2202,GW,Electricity,Resource,Improving,37.0,1.1213602423667908,65.0,65.0,6.0,43.0
100,1005011,H,2202,GW,Balanced,Resource,Stagnating,35.0,1.1522471345961094,48.0,48.0,3.0,-10.134504024921132
100,1005011,H,2202,GW,Electricity,Resource,Stagnating,70.0,2.2879100097343326,131.0,131.0,15.0,99.32517736513049
100,1005011,H,2202,GW,Flow,Resource,Stagnating,64.0,2.335367347113788,179.0,179.0,6.0,15.742406327101929
100,1005011,H,2202,LEGACY,Balanced,Resource,Improving,65.0,2.543562300503254,158.0,158.0,13.0,71.90680025625257
100,1005011,H,2202,LEGACY,Flow,Resource,Improving,66.0,2.0142854573205113,153.0,153.0,6.0,12.846429027346545
100,1005011,H,2202,LEGACY,Electricity,Resource,Improving,47.0,1.6519411401823163,89.0,89.0,8.0,34.37741684088581
100,1005011,H,2202,LEGACY,Balanced,Resource,Stagnating,33.0,1.6025209045037627,51.0,51.0,3.0,-4.776762458992417
100,1005011,H,2202,LEGACY,Flow,Resource,Stagnating,49.0,1.362181599251926,57.0,57.0,5.0,-6.815521600931829
100,1005011,H,2202,LEGACY,Electricity,Resource,Stagnating,31.0,1.1673658303916454,29.0,29.0,3.0,-4.5148595231717685
100,1005011,T,2202,G,Balanced,Resource,Improving,72.0,2.011984195560217,136.0,136.0,14.0,69.4676742056976
100,1005011,T,2202,G,Electricity,Resource,Improving,30.0,1.1781318644061685,51.0,51.0,1.0,-10.415548014528708
100,1005011,T,2202,G,Flow,Resource,Improving,41.0,1.1695747170597315,72.0,72.0,12.0,16.988011393394835
100,1005011,T,2202,G,Electricity,Resource,Stagnating,31.0,1.0494780158624053,47.0,47.0,2.0,-8.276145984666071
100,1005011,T,2202,G,Flow,Resource,Stagnating,93.0,2.5646610967814922,185.0,185.0,25.0,37.50010534845569
100,1005011,T,2202,G,Balanced,Resource,Stagnating,31.0,0.965119382366538,41.0,41.0,3.0,-5.357840467182896
100,1005011,T,2202,W,Balanced,Resource,Improving,55.0,2.405615644529462,119.0,119.0,5.0,19.55070240170499
100,1005011,T,2202,W,Electricity,Resource,Improving,59.0,2.181948213838041,144.0,144.0,6.0,14.781784453210882
100,1005011,T,2202,W,Flow,Resource,Improving,49.0,1.4091950515285134,73.0,73.0,5.0,-5.661589215894858
100,1005011,T,2202,W,Flow,Resource,Stagnating,34.0,1.1126764006912708,20.0,20.0,2.0,-17.420179359778942
100,1005011,T,2202,W,Electricity,Resource,Stagnating,37.0,1.415656452998519,98.0,98.0,6.0,32.26092854871708
100,1005011,T,2202,W,Balanced,Resource,Stagnating,36.0,1.557292316108942,84.0,84.0,2.0,-1.4814511848534764
100,1005011,T,2202,GW,Balanced,Resource,Improving,76.0,3.2050983496010303,217.0,217.0,15.0,70.8284505333378
100,1005011,T,2202,GW,Electricity,Resource,Improving,69.0,2.987245926633477,153.0,153.0,29.0,242.47397538798822
100,1005011,T,2202,GW,Flow,Resource,Improving,32.0,1.1180252488702536,68.0,68.0,2.0,-3.1523931063391704
100,1005011,T,2202,GW,Flow,Resource,Stagnating,55.0,1.825339114293456,101.0,101.0,8.0,16.950265208192235
100,1005011,T,2202,GW,Electricity,Resource,Stagnating,47.0,1.8056681770831347,81.0,81.0,6.0,18.22131295562062
100,1005011,T,2202,GW,Balanced,Resource,Stagnating,50.0,1.6070463927462697,120.0,120.0,7.0,8.585009701889316
100,1005011,T,2202,LEGACY,Balanced,Resource,Improving,80.0,2.3770672185346484,141.0,141.0,17.0,64.81327322470129
100,1005011,T,2202,LEGACY,Electricity,Resource,Improving,81.0,2.7562673846259713,144.0,144.0,15.0,93.99337399037684
100,1005011,T,2202,LEGACY,Flow,Resource,Improving,18.0,0.5623874943703413,46.0,46.0,3.0,7.790566320883428
100,1005011,T,2202,LEGACY,Flow,Resource,Stagnating,37.0,1.0420643677935004,55.0,55.0,7.0,15.62648242898424
100,1005011,T,2202,LEGACY,Balanced,Resource,Stagnating,46.0,1.5393221648409963,70.0,70.0,6.0,4.6575810031656175
100,1005011,T,2202,LEGACY,Electricity,Resource,Stagnating,57.0,1.8170452564954758,65.0,65.0,10.0,48.515225634486114
100,1005011,T,2202,REFERENCE,Balanced,Resource,Improving,55.0,1.7744083115831017,110.0,110.0,12.0,58.71649794056317
100,1005011,T,2202,REFERENCE,Electricity,Resource,Improving,41.0,1.7739567188546062,76.0,76.0,2.0,-7.941943159500788
100,1005011,T,2202,REFERENCE,Flow,Resource,Improving,35.0,1.128609006293118,58.0,58.0,9.0,11.07063152933725
100,1005011,T,2202,REFERENCE,Electricity,Resource,Stagnating,33.0,1.421253576874733,87.0,87.0,2.0,-0.7498415836617083
100,1005011,T,2202,REFERENCE,Flow,Resource,Stagnating,22.0,0.7083776406943798,30.0,30.0,2.0,-7.683814454949634
100,1005011,T,2202,REFERENCE,Balanced,Resource,Stagnating,37.0,1.6743530165404081,82.0,82.0,5.0,9.044889458255666
100,1005011,T,2202,REFERENCE,Flow,TOU,Stagnating,2.0,0.05668575316667557,6.0,6.0,0.0,-1.0
100,1005011,T,1101,LEGACY,Flow,Resource,Improving,29.0,0.8088288567960262,63.0,63.0,4.0,11.225854665011097
100,1005011,T,1101,LEGACY,Electricity,Resource,Improving,50.0,1.7231356129050255,118.0,118.0,12.0,73.40872232509602
100,1005011,T,1101,LEGACY,Balanced,Resource,Improving,36.0,0.9503175355494022,42.0,42.0,2.0,-14.304140218129264
100,1005011,T,1101,LEGACY,Electricity,Resource,Stagnating,54.0,1.5774802900850773,120.0,120.0,12.0,91.33261804686218
100,1005011,T,1101,LEGACY,Balanced,Resource,Stagnating,12.0,0.3480704268440604,15.0,15.0,0.0,-8.0
100,1005011,T,1101,LEGACY,Flow,Resource,Stagnating,36.0,0.7610613238066435,27.0,27.0,2.0,-11.109655973050078
100,1005011,T,1101,REFERENCE,Flow,Resource,Improving,28.0,0.858369936235249,42.0,42.0,1.0,-12.994618584932507
100,1005011,T,1101,REFERENCE,Electricity,Resource,Improving,51.0,1.8809844460338354,101.0,101.0,10.0,71.16232040588821
100,1005011,T,1101,REFERENCE,Balanced,Resource,Improving,37.0,1.2210189821198583,33.0,33.0,2.0,-12.847964445008564
100,1005011,T,1101,REFERENCE,Electricity,Resource,Stagnating,31.0,1.283100888133049,23.0,23.0,3.0,3.4774399684658093
100,1005011,T,1101,REFERENCE,Balanced,Resource,Stagnating,17.0,0.569523842073977,14.0,14.0,1.0,-9.566899250518084
100,1005011,T,1101,REFERENCE,Flow,Resource,Stagnating,24.0,0.6395314643159509,28.0,28.0,3.0,0.6338988021808478
100,1005011,T,1101,G,Flow,Resource,Improving,36.0,1.1403768677264452,36.0,36.0,6.0,6.346620238275403
100,1005011,T,1101,G,Electricity,Resource,Improving,46.0,1.8674721149727702,97.0,97.0,13.0,103.16206727420928
100,1005011,T,1101,G,Balanced,Resource,Improving,31.0,0.7427704203873873,21.0,21.0,1.0,-14.0
100,1005011,T,1101,G,Flow,Resource,Stagnating,38.0,1.1163581097498536,70.0,70.0,7.0,13.8218305252602
100,1005011,T,1101,G,Electricity,Resource,Stagnating,18.0,0.5790213858708739,24.0,24.0,3.0,13.1861239836181
100,1005011,T,1101,G,Balanced,Resource,Stagnating,27.0,0.6244537169113755,12.0,12.0,3.0,2.1928683236158477
100,1005011,T,1101,W,Flow,Resource,Improving,38.0,1.2037690682336688,73.0,73.0,5.0,13.678713867342864
100,1005011,T,1101,W,Electricity,Resource,Improving,70.0,2.4848891040310264,191.0,191.0,18.0,117.66251368300169
100,1005011,T,1101,W,Balanced,Resource,Improving,40.0,1.3820022707805037,39.0,39.0,6.0,-2.4020104186246094
100,1005011,T,1101,W,Balanced,Resource,Stagnating,29.0,0.8759275320917368,19.0,19.0,2.0,-8.88803482816483
100,1005011,T,1101,W,Flow,Resource,Stagnating,29.0,0.9037667661905289,32.0,32.0,3.0,-7.043382722317728
100,1005011,T,1101,W,Electricity,Resource,Stagnating,37.0,1.06090147793293,55.0,55.0,3.0,3.47266423816788
100,1005011,T,1101,GW,Flow,Resource,Improving,28.0,0.8181069074198604,52.0,52.0,5.0,3.1569374023647034
100,1005011,T,1101,GW,Electricity,Resource,Improving,62.0,2.244749971665442,160.0,160.0,18.0,93.4427666878378
100,1005011,T,1101,GW,Balanced,Resource,Improving,59.0,2.0349491303786635,115.0,115.0,8.0,27.150613788035415
100,1005011,T,1101,GW,Balanced,Resource,Stagnating,32.0,1.1852221814915538,57.0,57.0,5.0,8.26667451461384
100,1005011,T,1101,GW,Flow,Resource,Stagnating,45.0,1.4656766150146723,80.0,80.0,7.0,5.875536352272622
100,1005011,T,1101,GW,Electricity,Resource,Stagnating,47.0,1.7599354898557067,105.0,105.0,12.0,91.89136621658992
100,1005012,H,1101,GW,Electricity,Resource,Improving,87.0,3.209106305614114,299.0,299.0,26.0,209.15265818361507
100,1005012,H,1101,GW,Flow,Resource,Improving,56.0,1.8143386142328382,147.0,147.0,11.0,45.32113921184208
100,1005012,H,1101,GW,Balanced,Resource,Improving,62.0,2.145966801792383,88.0,88.0,6.0,-18.195978949966598
100,1005012,H,1101,GW,Balanced,Resource,Stagnating,35.0,1.0491001568734646,57.0,57.0,4.0,-9.62785108743721
100,1005012,H,1101,GW,Electricity,Resource,Stagnating,34.0,1.135548461228609,97.0,97.0,3.0,10.79935620547235
100,1005012,H,1101,GW,Flow,Resource,Stagnating,31.0,1.1394880367442966,58.0,58.0,7.0,30.031279881694942
100,1005012,H,1101,GW,Flow,TOU,Stagnating,7.0,0.25904932618141174,14.0,14.0,1.0,7.0
100,1005012,H,1101,LEGACY,Electricity,Resource,Improving,49.0,1.924953849054873,110.0,110.0,17.0,141.50068383591835
100,1005012,H,1101,LEGACY,Flow,Resource,Improving,33.0,0.9907125271856785,33.0,33.0,5.0,5.205276803581403
100,1005012,H,1101,LEGACY,Balanced,Resource,Improving,52.0,1.6038416987285018,67.0,67.0,7.0,9.110495271643096
100,1005012,H,1101,LEGACY,Flow,Resource,Stagnating,27.0,0.794230405241251,27.0,27.0,2.0,-14.500199390555318
100,1005012,H,1101,LEGACY,Balanced,Resource,Stagnating,20.0,0.6432306477800012,12.0,12.0,1.0,-13.0317830653783
100,1005012,H,1101,LEGACY,Electricity,Resource,Stagnating,31.0,1.3148948661983013,27.0,27.0,1.0,-10.0
100,1005012,H,1101,LEGACY,Flow,TOU,Stagnating,1.0,0.043108911253511906,0.0,0.0,0.0,-1.0
100,1005012,H,1101,REFERENCE,Electricity,Resource,Improving,72.0,2.3981201825663447,97.0,97.0,14.0,94.0
100,1005012,H,1101,REFERENCE,Flow,Resource,Improving,57.0,2.2734785908833146,93.0,93.0,13.0,48.309302559140306
100,1005012,H,1101,REFERENCE,Balanced,Resource,Improving,51.0,1.682648928835988,106.0,106.0,9.0,29.99079714904229
100,1005012,H,1101,REFERENCE,Flow,TOU,Improving,3.0,0.07847239822149277,7.0,7.0,0.0,-1.0
100,1005012,H,1101,REFERENCE,Flow,Resource,Stagnating,26.0,0.99634023103863,50.0,50.0,2.0,-8.872371921813631
100,1005012,H,1101,REFERENCE,Electricity,Resource,Stagnating,44.0,1.4186830250546336,69.0,69.0,9.0,44.37203701654616
100,1005012,H,1101,REFERENCE,Balanced,Resource,Stagnating,47.0,1.5219741109758615,72.0,72.0,7.0,1.3401055986394184
100,1005012,H,1101,REFERENCE,Flow,TOU,Stagnating,5.0,0.18950598873198032,3.0,3.0,0.0,-4.0
100,1005012,H,1101,G,Electricity,Resource,Improving,73.0,2.1867169439792633,177.0,177.0,24.0,165.55283647010523
100,1005012,H,1101,G,Flow,Resource,Improving,34.0,0.8393431818112731,41.0,41.0,5.0,-3.375433810056265
100,1005012,H,1101,G,Balanced,Resource,Improving,60.0,1.670096748508513,118.0,118.0,12.0,43.72170959610901
100,1005012,H,1101,G,Flow,TOU,Improving,8.0,0.20163594279438257,4.0,4.0,0.0,-5.0
100,1005012,H,1101,G,Flow,Resource,Stagnating,48.0,1.2402868960052729,73.0,73.0,6.0,7.779434970757535
100,1005012,H,1101,G,Balanced,Resource,Stagnating,45.0,1.345681277103722,77.0,77.0,6.0,8.90272928174824
100,1005012,H,1101,G,Electricity,Resource,Stagnating,27.0,0.689813339151442,28.0,28.0,2.0,-1.1737333677754478
100,1005012,H,1101,G,Flow,TOU,Stagnating,8.0,0.1749358680099249,1.0,1.0,0.0,-7.0
100,1005012,H,1101,W,Electricity,Resource,Improving,84.0,3.519594121724367,360.0,360.0,30.0,263.6541888476081
100,1005012,H,1101,W,Flow,Resource,Improving,87.0,3.7836576057597995,226.0,226.0,20.0,87.89948463982049
100,1005012,H,1101,W,Balanced,Resource,Improving,59.0,2.490766820497811,198.0,198.0,9.0,29.508347111611577
100,1005012,H,1101,W,Balanced,Resource,Stagnating,63.0,2.690069674514234,171.0,171.0,11.0,23.699296510035914
100,1005012,H,1101,W,Electricity,Resource,Stagnating,75.0,3.1195137789472938,218.0,218.0,13.0,91.45667518833945
100,1005012,H,1101,W,Flow,Resource,Stagnating,40.0,1.7813397515565157,95.0,95.0,4.0,7.214264653400965
100,1005012,H,2202,REFERENCE,Balanced,Resource,Improving,96.0,2.6655034674331546,170.0,170.0,23.0,126.85947869748009
100,1005012,H,2202,REFERENCE,Electricity,Resource,Improving,29.0,0.8880816120654345,42.0,42.0,3.0,11.984483770485852
100,1005012,H,2202,REFERENCE,Flow,Resource,Improving,28.0,0.714964559301734,36.0,36.0,2.0,-6.23468788112095
100,1005012,H,2202,REFERENCE,Flow,TOU,Improving,2.0,0.09520814660936594,6.0,6.0,1.0,0.8718187630671717
100,1005012,H,2202,REFERENCE,Balanced,Resource,Stagnating,53.0,1.3432943522930145,35.0,35.0,1.0,-32.22237751747136
100,1005012,H,2202,REFERENCE,Electricity,Resource,Stagnating,45.0,1.3037829035893083,35.0,35.0,4.0,-1.6732036272608202
100,1005012,H,2202,REFERENCE,Flow,Resource,Stagnating,35.0,0.9473960949108005,33.0,33.0,4.0,7.112949903476093
100,1005012,H,2202,G,Balanced,Resource,Improving,108.0,3.1833598874509335,207.0,207.0,25.0,134.90809511403697
100,1005012,H,2202,G,Electricity,Resource,Improving,67.0,1.95442012604326,134.0,134.0,16.0,108.05616512020404
100,1005012,H,2202,G,Flow,Resource,Improving,24.0,0.7335238745436072,34.0,34.0,3.0,4.592254823988466
100,1005012,H,2202,G,Flow,TOU,Improving,4.0,0.11228152364492416,8.0,8.0,0.0,-1.0
100,1005012,H,2202,G,Balanced,Resource,Stagnating,35.0,0.9258081186562777,46.0,46.0,4.0,2.951902954695653
100,1005012,H,2202,G,Electricity,Resource,Stagnating,56.0,1.7402554769068956,125.0,125.0,11.0,62.77662465101922
100,1005012,H,2202,G,Flow,TOU,Stagnating,4.0,0.0993162039667368,3.0,3.0,0.0,-2.0
100,1005012,H,2202,G,Flow,Resource,Stagnating,18.0,0.7826117789372802,35.0,35.0,2.0,0.058127570610654544
100,1005012,H,2202,W,Balanced,Resource,Improving,134.0,6.1516998410224915,429.0,429.0,45.0,247.75224001125127
100,1005012,H,2202,W,Electricity,Resource,Improving,63.0,2.7367115998640656,156.0,156.0,11.0,82.0
100,1005012,H,2202,W,Flow,Resource,Improving,38.0,1.8050528522580862,58.0,58.0,3.0,3.4524896584783953
100,1005012,H,2202,W,Flow,Resource,Stagnating,43.0,1.6081966497004032,96.0,96.0,2.0,-9.81133412651873
100,1005012,H,2202,W,Balanced,Resource,Stagnating,82.0,3.1794809848070145,174.0,174.0,17.0,62.838045228143
100,1005012,H,2202,W,Electricity,Resource,Stagnating,44.0,1.7895913142710924,69.0,69.0,3.0,-0.4823798095242431
100,1005012,H,2202,W,Flow,TOU,Stagnating,2.0,0.07927900087088346,1.0,1.0,0.0,-1.0
100,1005012,H,2202,W,Flow,TOU,Improving,10.0,0.3189133508130908,10.0,10.0,2.0,3.5979246445193116
100,1005012,H,2202,GW,Balanced,Resource,Improving,138.0,4.356813530437648,362.0,362.0,40.0,232.66994867130185
100,1005012,H,2202,GW,Electricity,Resource,Improving,74.0,2.6311777336522937,192.0,192.0,24.0,184.2404410313283
100,1005012,H,2202,GW,Flow,Resource,Improving,52.0,1.553520598448813,112.0,112.0,8.0,17.66864931691066
100,1005012,H,2202,GW,Flow,Resource,Stagnating,38.0,0.9184512998908758,46.0,46.0,6.0,8.677219970246892
100,1005012,H,2202,GW,Electricity,Resource,Stagnating,85.0,3.3931578509509563,186.0,186.0,31.0,233.7889942412955
100,1005012,H,2202,GW,Balanced,Resource,Stagnating,63.0,1.9689121441915631,126.0,126.0,4.0,-1.4627536213925438
100,1005012,H,2202,LEGACY,Balanced,Resource,Improving,103.0,3.3760589556768537,256.0,256.0,24.0,169.88896172692404
100,1005012,H,2202,LEGACY,Electricity,Resource,Improving,34.0,1.0460377540439367,68.0,68.0,5.0,31.756545372137637
100,1005012,H,2202,LEGACY,Flow,Resource,Improving,45.0,1.4247448584064841,84.0,84.0,11.0,36.86123642481681
100,1005012,H,2202,LEGACY,Flow,TOU,Improving,8.0,0.29290573485195637,5.0,5.0,2.0,4.7606909595673415
100,1005012,H,2202,LEGACY,Flow,Resource,Stagnating,57.0,1.8719870708882809,99.0,99.0,8.0,22.176504817536077
100,1005012,H,2202,LEGACY,Balanced,Resource,Stagnating,104.0,3.2686548912897706,163.0,163.0,12.0,11.063316591102705
100,1005012,H,2202,LEGACY,Electricity,Resource,Stagnating,56.0,2.3214866537600756,119.0,119.0,13.0,87.09884535740879
100,1005012,H,2202,LEGACY,Flow,TOU,Stagnating,3.0,0.08720028959214687,6.0,6.0,0.0,-2.0
100,1005012,T,2202,G,Balanced,Resource,Improving,73.0,2.341796196065843,137.0,137.0,15.0,61.578857107084914
100,1005012,T,2202,G,Electricity,Resource,Improving,49.0,1.673655861057341,87.0,87.0,14.0,99.32634363076089
100,1005012,T,2202,G,Flow,Resource,Improving,40.0,1.1433209041133523,74.0,74.0,5.0,15.97935339730823
100,1005012,T,2202,G,Flow,Resource,Stagnating,63.0,2.031641918234527,85.0,85.0,10.0,6.3122936983662346
100,1005012,T,2202,G,Balanced,Resource,Stagnating,52.0,1.7445762502029538,70.0,70.0,4.0,-9.502886492805603
100,1005012,T,2202,G,Electricity,Resource,Stagnating,31.0,0.9377939216792583,37.0,37.0,4.0,8.633094088596728
100,1005012,T,2202,G,Flow,TOU,Stagnating,34.0,0.8611047156155109,67.0,67.0,8.0,10.757700155387802
100,1005012,T,2202,W,Balanced,Resource,Improving,99.0,4.160477487370372,319.0,319.0,31.0,176.538544424365
100,1005012,T,2202,W,Electricity,Resource,Improving,54.0,2.3881566394120455,78.0,78.0,6.0,17.299927901842246
100,1005012,T,2202,W,Flow,Resource,Improving,43.0,1.8223095210269094,111.0,111.0,6.0,16.076919374095727
100,1005012,T,2202,W,Flow,Resource,Stagnating,43.0,2.087703363969922,58.0,58.0,7.0,-6.303212605817631
100,1005012,T,2202,W,Electricity,Resource,Stagnating,35.0,1.814313399605453,39.0,39.0,2.0,-20.403759301370886
100,1005012,T,2202,W,Balanced,Resource,Stagnating,27.0,1.5219708140939474,69.0,69.0,1.0,-5.482485050104017
100,1005012,T,2202,W,Flow,Normal,Stagnating,3.0,0.14120334573090076,7.0,7.0,0.0,-1.0
100,1005012,T,2202,GW,Balanced,Resource,Improving,118.0,4.980125123634934,366.0,366.0,33.0,176.58975638687502
100,1005012,T,2202,GW,Electricity,Resource,Improving,45.0,1.9508246704936028,84.0,84.0,7.0,35.299927901842246
100,1005012,T,2202,GW,Flow,Resource,Improving,58.0,2.182146856561303,122.0,122.0,9.0,27.28686582656062
100,1005012,T,2202,GW,Flow,Resource,Stagnating,100.0,3.2925881734117866,255.0,255.0,20.0,78.7731323626539
100,1005012,T,2202,GW,Electricity,Resource,Stagnating,31.0,1.2005563145503402,30.0,30.0,1.0,-16.44327408187438
100,1005012,T,2202,GW,Balanced,Resource,Stagnating,36.0,1.6118849674239755,69.0,69.0,4.0,-0.21770292404462754
100,1005012,T,2202,GW,Flow,TOU,Stagnating,5.0,0.21538258623331785,0.0,0.0,0.0,-5.0
100,1005012,T,2202,GW,Flow,Normal,Stagnating,8.0,0.27514318749308586,19.0,19.0,2.0,6.018578044723984
100,1005012,T,2202,GW,Flow,TOU,Improving,4.0,0.1669359803199768,6.0,6.0,0.0,-3.0
100,1005012,T,2202,GW,Flow,Normal,Improving,8.0,0.27578436117619276,9.0,9.0,2.0,2.9885717667217335
100,1005012,T,2202,LEGACY,Balanced,Resource,Improving,96.0,3.1699313409626484,217.0,217.0,17.0,79.05299980141938
100,1005012,T,2202,LEGACY,Electricity,Resource,Improving,22.0,0.8883582605049014,13.0,13.0,0.0,-18.0
100,1005012,T,2202,LEGACY,Flow,Resource,Improving,38.0,1.070507169701159,78.0,78.0,6.0,7.330682178238256
100,1005012,T,2202,LEGACY,Flow,Resource,Stagnating,52.0,1.4486848125234246,84.0,84.0,9.0,14.429492360303605
100,1005012,T,2202,LEGACY,Electricity,Resource,Stagnating,27.0,1.0987300276756287,35.0,35.0,1.0,-8.309324766514667
100,1005012,T,2202,LEGACY,Balanced,Resource,Stagnating,49.0,1.5031232200562954,63.0,63.0,2.0,-15.917600323702672
100,1005012,T,2202,LEGACY,Flow,TOU,Stagnating,5.0,0.11933822557330132,2.0,2.0,0.0,-4.0
100,1005012,T,2202,REFERENCE,Balanced,Resource,Improving,83.0,3.175260412506759,145.0,145.0,18.0,71.35186719238426
100,1005012,T,2202,REFERENCE,Electricity,Resource,Improving,64.0,2.6174731850624084,117.0,117.0,16.0,107.60183349665982
100,1005012,T,2202,REFERENCE,Flow,Resource,Improving,36.0,1.1306759594008327,68.0,68.0,3.0,11.25455514830319
100,1005012,T,2202,REFERENCE,Flow,Resource,Stagnating,47.0,1.7195656914263964,55.0,55.0,4.0,-15.786864306824874
100,1005012,T,2202,REFERENCE,Balanced,Resource,Stagnating,41.0,1.9550202023237944,75.0,75.0,8.0,19.673051514407756
100,1005012,T,2202,REFERENCE,Electricity,Resource,Stagnating,31.0,1.2265513399615884,49.0,49.0,6.0,21.174056613455065
100,1005012,T,2202,REFERENCE,Flow,TOU,Improving,5.0,0.1633593514561653,10.0,10.0,1.0,1.580532737229634
100,1005012,T,1101,LEGACY,Balanced,Resource,Improving,48.0,1.5750302849337459,75.0,75.0,4.0,-0.45855973411441653
100,1005012,T,1101,LEGACY,Flow,Resource,Improving,38.0,1.1794288847595453,61.0,61.0,5.0,6.335910502366467
100,1005012,T,1101,LEGACY,Electricity,Resource,Improving,36.0,1.2658209465444088,79.0,79.0,8.0,48.232518549929125
100,1005012,T,1101,LEGACY,Balanced,Resource,Stagnating,47.0,1.4744654903188348,72.0,72.0,6.0,4.4356679757382125
100,1005012,T,1101,LEGACY,Electricity,Resource,Stagnating,50.0,1.888865603134036,51.0,51.0,5.0,5.035829187948517
100,1005012,T,1101,LEGACY,Flow,Resource,Stagnating,40.0,1.2603822173550725,72.0,72.0,2.0,-11.540419016872708
100,1005012,T,1101,LEGACY,Flow,Normal,Improving,1.0,0.04707484319806099,0.0,0.0,0.0,-1.0
100,1005012,T,1101,LEGACY,Flow,TOU,Stagnating,1.0,0.031200768426060677,0.0,0.0,0.0,-1.0
100,1005012,T,1101,REFERENCE,Balanced,Resource,Improving,41.0,1.3312727231532335,62.0,62.0,9.0,36.14625819559285
100,1005012,T,1101,REFERENCE,Flow,Resource,Improving,41.0,1.472536813467741,53.0,53.0,8.0,20.45207545276692
100,1005012,T,1101,REFERENCE,Electricity,Resource,Improving,37.0,1.0603291057050228,24.0,24.0,2.0,-10.0
100,1005012,T,1101,REFERENCE,Flow,Resource,Stagnating,12.0,0.44775696843862534,14.0,14.0,1.0,-4.539088842691859
100,1005012,T,1101,REFERENCE,Balanced,Resource,Stagnating,41.0,1.5448178984224796,47.0,47.0,4.0,0.7078167493485967
100,1005012,T,1101,REFERENCE,Electricity,Resource,Stagnating,26.0,0.8137581907212734,15.0,15.0,1.0,-9.0
100,1005012,T,1101,REFERENCE,Flow,Normal,Improving,34.0,1.1038265526294708,63.0,63.0,9.0,24.260273363035637
100,1005012,T,1101,REFERENCE,Flow,Normal,Stagnating,3.0,0.09591078292578459,0.0,0.0,0.0,-3.0
100,1005012,T,1101,REFERENCE,Flow,TOU,Stagnating,19.0,0.7005925411358476,37.0,37.0,4.0,1.3717217527056924
100,1005012,T,1101,REFERENCE,Flow,TOU,Improving,17.0,0.8015833031386137,33.0,33.0,3.0,-2.9508330853510314
100,1005012,T,1101,G,Balanced,Resource,Improving,43.0,1.5330173382535577,84.0,84.0,5.0,8.326811018259349
100,1005012,T,1101,G,Flow,Resource,Improving,46.0,1.6101890904828906,101.0,101.0,5.0,10.504852212466595
100,1005012,T,1101,G,Flow,TOU,Improving,5.0,0.11133463587611914,0.0,0.0,0.0,-5.0
100,1005012,T,1101,G,Electricity,Resource,Improving,45.0,1.2501565786078572,58.0,58.0,5.0,22.0
100,1005012,T,1101,G,Flow,Resource,Stagnating,40.0,1.2622000370174646,74.0,74.0,4.0,-0.23497071442324025
100,1005012,T,1101,G,Flow,Normal,Stagnating,1.0,0.027599947527050972,0.0,0.0,0.0,-1.0
100,1005012,T,1101,G,Flow,TOU,Stagnating,13.0,0.3272829009220004,16.0,16.0,3.0,4.181322918915069
100,1005012,T,1101,G,Electricity,Resource,Stagnating,28.0,0.8861395101994276,37.0,37.0,2.0,-0.4603160772550847
100,1005012,T,1101,G,Balanced,Resource,Stagnating,50.0,1.7777655180543661,107.0,107.0,8.0,37.58947437325462
100,1005012,T,1101,W,Balanced,Resource,Improving,77.0,2.9767803018912673,217.0,217.0,13.0,39.47379899438515
100,1005012,T,1101,W,Flow,Resource,Improving,102.0,3.974778831936419,254.0,254.0,32.0,104.54920904410264
100,1005012,T,1101,W,Electricity,Resource,Improving,64.0,2.674836683087051,114.0,114.0,7.0,23.443382117255602
100,1005012,T,1101,W,Electricity,Resource,Stagnating,67.0,2.644437288865447,203.0,203.0,18.0,127.1377568736236
100,1005012,T,1101,W,Balanced,Resource,Stagnating,32.0,1.218315283767879,66.0,66.0,4.0,-0.8115432951342048
100,1005012,T,1101,W,Flow,Resource,Stagnating,56.0,2.3596048885956407,159.0,159.0,15.0,41.059781134614774
100,1005012,T,1101,W,Flow,TOU,Improving,1.0,0.03552635107189417,0.0,0.0,0.0,-1.0
100,1005012,T,1101,W,Flow,Normal,Stagnating,24.0,1.074729590676725,48.0,48.0,4.0,3.5787899907589997
100,1005012,T,1101,W,Flow,Normal,Improving,2.0,0.10935840755701065,3.0,3.0,0.0,-1.0
100,1005012,T,1101,W,Flow,TOU,Stagnating,3.0,0.13493916671723127,6.0,6.0,0.0,0.0
100,1005012,T,1101,GW,Balanced,Resource,Improving,84.0,2.8713146056979895,142.0,142.0,21.0,59.11830718093538
100,1005012,T,1101,GW,Flow,Resource,Improving,51.0,2.0868868501856923,200.0,200.0,15.0,72.23669557570804
100,1005012,T,1101,GW,Electricity,Resource,Improving,34.0,1.3192421197891235,40.0,40.0,3.0,7.0
100,1005012,T,1101,GW,Electricity,Resource,Stagnating,50.0,2.0489432653412223,162.0,162.0,11.0,76.74053114516111
100,1005012,T,1101,GW,Balanced,Resource,Stagnating,57.0,1.8758889781311154,89.0,89.0,8.0,11.539811847225547
100,1005012,T,1101,GW,Flow,Resource,Stagnating,49.0,2.140945383347571,140.0,140.0,7.0,6.535229828539482
100,1005012,T,1101,GW,Flow,Normal,Stagnating,1.0,0.02561295125633478,3.0,3.0,0.0,0.0
100,1005012,T,1101,GW,Flow,TOU,Stagnating,1.0,0.055020310916006565,0.0,0.0,0.0,-1.0
