key,block,jobs,base_seed,tariff,algorithm_seed,arm,fraction,delay,hv
n50_i995001_H_a1101_LEGACY,n50_i995001_H_a1101,50,995001,H,1101,LEGACY,0.1,0.07529727835208178,0.6134024591821021
n50_i995001_H_a1101_LEGACY,n50_i995001_H_a1101,50,995001,H,1101,LEGACY,0.25,0.07364829070866108,0.8109849677781348
n50_i995001_H_a1101_LEGACY,n50_i995001_H_a1101,50,995001,H,1101,LEGACY,0.5,0.04729262087494135,0.869589716388569
n50_i995001_H_a1101_LEGACY,n50_i995001_H_a1101,50,995001,H,1101,LEGACY,0.75,0.033348726108670235,0.9064394008549472
n50_i995001_H_a1101_LEGACY,n50_i995001_H_a1101,50,995001,H,1101,LEGACY,0.9,0.08384849317371845,0.916465165899502
n50_i995001_H_a1101_LEGACY,n50_i995001_H_a1101,50,995001,H,1101,LEGACY,1.0,0.0453321048989892,0.9217911673637549
n50_i995001_H_a1101_REFERENCE,n50_i995001_H_a1101,50,995001,H,1101,REFERENCE,0.1,0.005053781904280186,0.6937404865045298
n50_i995001_H_a1101_REFERENCE,n50_i995001_H_a1101,50,995001,H,1101,REFERENCE,0.25,0.1095611909404397,0.9345158652002009
n50_i995001_H_a1101_REFERENCE,n50_i995001_H_a1101,50,995001,H,1101,REFERENCE,0.5,0.0006790934130549431,0.991554630100912
n50_i995001_H_a1101_REFERENCE,n50_i995001_H_a1101,50,995001,H,1101,REFERENCE,0.75,0.08828889299184084,1.068489815004352
n50_i995001_H_a1101_REFERENCE,n50_i995001_H_a1101,50,995001,H,1101,REFERENCE,0.9,0.08098966348916292,1.0817004341584047
n50_i995001_H_a1101_REFERENCE,n50_i995001_H_a1101,50,995001,H,1101,REFERENCE,1.0,0.37020204961299896,1.082464458668968
n50_i995001_H_a1101_G,n50_i995001_H_a1101,50,995001,H,1101,G,0.1,0.0038317451253533363,0.6937404865045298
n50_i995001_H_a1101_G,n50_i995001_H_a1101,50,995001,H,1101,G,0.25,0.03649310581386089,0.9028770584142917
n50_i995001_H_a1101_G,n50_i995001_H_a1101,50,995001,H,1101,G,0.5,0.03671609330922365,0.97340461481754
n50_i995001_H_a1101_G,n50_i995001_H_a1101,50,995001,H,1101,G,0.75,0.0010302113369107246,1.0180000440290198
n50_i995001_H_a1101_G,n50_i995001_H_a1101,50,995001,H,1101,G,0.9,0.04780370835214853,1.057520123106061
n50_i995001_H_a1101_G,n50_i995001_H_a1101,50,995001,H,1101,G,1.0,0.0993927102535963,1.058048053525457
n50_i995001_H_a1101_W,n50_i995001_H_a1101,50,995001,H,1101,W,0.1,0.005943924188613892,0.6113403954958545
n50_i995001_H_a1101_W,n50_i995001_H_a1101,50,995001,H,1101,W,0.25,0.025373829528689384,0.8036287962927109
n50_i995001_H_a1101_W,n50_i995001_H_a1101,50,995001,H,1101,W,0.5,0.047802284359931946,0.8951389207772716
n50_i995001_H_a1101_W,n50_i995001_H_a1101,50,995001,H,1101,W,0.75,0.2408097581937909,0.9431044026022765
n50_i995001_H_a1101_W,n50_i995001_H_a1101,50,995001,H,1101,W,0.9,0.030067505314946175,0.9691927924725591
n50_i995001_H_a1101_W,n50_i995001_H_a1101,50,995001,H,1101,W,1.0,0.2732432568445802,0.9753299133619547
n50_i995001_H_a1101_GW,n50_i995001_H_a1101,50,995001,H,1101,GW,0.1,0.07982493750751019,0.6144510630126733
n50_i995001_H_a1101_GW,n50_i995001_H_a1101,50,995001,H,1101,GW,0.25,0.0014286581426858902,0.8067009614693061
n50_i995001_H_a1101_GW,n50_i995001_H_a1101,50,995001,H,1101,GW,0.5,0.005713007412850857,0.9114589079005122
n50_i995001_H_a1101_GW,n50_i995001_H_a1101,50,995001,H,1101,GW,0.75,0.3362828278914094,0.9280818077623857
n50_i995001_H_a1101_GW,n50_i995001_H_a1101,50,995001,H,1101,GW,0.9,0.34239782579243183,0.9504011781335753
n50_i995001_H_a1101_GW,n50_i995001_H_a1101,50,995001,H,1101,GW,1.0,0.0049079908058047295,0.9556593610766871
n50_i995001_H_a2202_G,n50_i995001_H_a2202,50,995001,H,2202,G,0.1,0.004133155569434166,0.7353617564090277
n50_i995001_H_a2202_G,n50_i995001_H_a2202,50,995001,H,2202,G,0.25,0.0013848664239048958,0.7929994321946957
n50_i995001_H_a2202_G,n50_i995001_H_a2202,50,995001,H,2202,G,0.5,0.04218399431556463,0.8866810152861385
n50_i995001_H_a2202_G,n50_i995001_H_a2202,50,995001,H,2202,G,0.75,0.0012077577412128448,0.9715691665929014
n50_i995001_H_a2202_G,n50_i995001_H_a2202,50,995001,H,2202,G,0.9,0.005548560060560703,1.0077502381255352
n50_i995001_H_a2202_G,n50_i995001_H_a2202,50,995001,H,2202,G,1.0,0.28528076875954866,1.0095768373240688
n50_i995001_H_a2202_W,n50_i995001_H_a2202,50,995001,H,2202,W,0.1,0.015694021247327328,0.6032241413649644
n50_i995001_H_a2202_W,n50_i995001_H_a2202,50,995001,H,2202,W,0.25,0.0012796949595212936,0.8435826505377537
n50_i995001_H_a2202_W,n50_i995001_H_a2202,50,995001,H,2202,W,0.5,0.004884184338152409,0.9288279209911929
n50_i995001_H_a2202_W,n50_i995001_H_a2202,50,995001,H,2202,W,0.75,0.027366274036467075,0.9380654378805099
n50_i995001_H_a2202_W,n50_i995001_H_a2202,50,995001,H,2202,W,0.9,0.0025360891595482826,0.9398502844290032
n50_i995001_H_a2202_W,n50_i995001_H_a2202,50,995001,H,2202,W,1.0,0.18549695424735546,0.9405700782164392
n50_i995001_H_a2202_GW,n50_i995001_H_a2202,50,995001,H,2202,GW,0.1,0.004018080420792103,0.5828704650109913
n50_i995001_H_a2202_GW,n50_i995001_H_a2202,50,995001,H,2202,GW,0.25,0.07492061425000429,0.664618275316456
n50_i995001_H_a2202_GW,n50_i995001_H_a2202,50,995001,H,2202,GW,0.5,0.08414243534207344,0.8567076032814762
n50_i995001_H_a2202_GW,n50_i995001_H_a2202,50,995001,H,2202,GW,0.75,0.0032409261912107468,0.9028956727772498
n50_i995001_H_a2202_GW,n50_i995001_H_a2202,50,995001,H,2202,GW,0.9,0.0006215227767825127,0.9149232137357631
n50_i995001_H_a2202_GW,n50_i995001_H_a2202,50,995001,H,2202,GW,1.0,0.1387919383123517,0.9242801007503837
n50_i995001_H_a2202_LEGACY,n50_i995001_H_a2202,50,995001,H,2202,LEGACY,0.1,0.07642633747309446,0.6976232178620433
n50_i995001_H_a2202_LEGACY,n50_i995001_H_a2202,50,995001,H,2202,LEGACY,0.25,0.03017881792038679,0.8266544549530116
n50_i995001_H_a2202_LEGACY,n50_i995001_H_a2202,50,995001,H,2202,LEGACY,0.5,0.07050415500998497,0.8853332086228649
n50_i995001_H_a2202_LEGACY,n50_i995001_H_a2202,50,995001,H,2202,LEGACY,0.75,0.7855217978358269,0.9051744943808829
n50_i995001_H_a2202_LEGACY,n50_i995001_H_a2202,50,995001,H,2202,LEGACY,0.9,0.002345249056816101,0.9220234607823616
n50_i995001_H_a2202_LEGACY,n50_i995001_H_a2202,50,995001,H,2202,LEGACY,1.0,0.4596746498718858,0.9389013860611968
n50_i995001_H_a2202_REFERENCE,n50_i995001_H_a2202,50,995001,H,2202,REFERENCE,0.1,0.05955913942307234,0.6331755590302371
n50_i995001_H_a2202_REFERENCE,n50_i995001_H_a2202,50,995001,H,2202,REFERENCE,0.25,0.02258147019892931,0.7552179182895166
n50_i995001_H_a2202_REFERENCE,n50_i995001_H_a2202,50,995001,H,2202,REFERENCE,0.5,0.016146402806043625,0.8232624108815767
n50_i995001_H_a2202_REFERENCE,n50_i995001_H_a2202,50,995001,H,2202,REFERENCE,0.75,0.02194325067102909,0.8903410888952822
n50_i995001_H_a2202_REFERENCE,n50_i995001_H_a2202,50,995001,H,2202,REFERENCE,0.9,0.04207878187298775,0.97743198208042
n50_i995001_H_a2202_REFERENCE,n50_i995001_H_a2202,50,995001,H,2202,REFERENCE,1.0,0.258368625305593,0.9807094642567353
n50_i995001_T_a1101_REFERENCE,n50_i995001_T_a1101,50,995001,T,1101,REFERENCE,0.1,0.0005653770640492439,0.4649545248592807
n50_i995001_T_a1101_REFERENCE,n50_i995001_T_a1101,50,995001,T,1101,REFERENCE,0.25,0.02382052130997181,0.7090353630502384
n50_i995001_T_a1101_REFERENCE,n50_i995001_T_a1101,50,995001,T,1101,REFERENCE,0.5,0.06701117195188999,0.8553782068385637
n50_i995001_T_a1101_REFERENCE,n50_i995001_T_a1101,50,995001,T,1101,REFERENCE,0.75,0.0385389756411314,0.9518953995927052
n50_i995001_T_a1101_REFERENCE,n50_i995001_T_a1101,50,995001,T,1101,REFERENCE,0.9,0.03179053124040365,0.9718172667320216
n50_i995001_T_a1101_REFERENCE,n50_i995001_T_a1101,50,995001,T,1101,REFERENCE,1.0,0.22213166300207376,0.9758584820029529
n50_i995001_T_a1101_G,n50_i995001_T_a1101,50,995001,T,1101,G,0.1,0.02439838834106922,0.3689494115628946
n50_i995001_T_a1101_G,n50_i995001_T_a1101,50,995001,T,1101,G,0.25,0.22042248118668795,0.622218204198175
n50_i995001_T_a1101_G,n50_i995001_T_a1101,50,995001,T,1101,G,0.5,0.011876343749463558,0.7384230748607865
n50_i995001_T_a1101_G,n50_i995001_T_a1101,50,995001,T,1101,G,0.75,0.027417398989200592,0.8270225387935259
n50_i995001_T_a1101_G,n50_i995001_T_a1101,50,995001,T,1101,G,0.9,0.06194871198385954,0.8368285492666403
n50_i995001_T_a1101_G,n50_i995001_T_a1101,50,995001,T,1101,G,1.0,0.0008409861475229263,0.8394763506837774
n50_i995001_T_a1101_W,n50_i995001_T_a1101,50,995001,T,1101,W,0.1,0.047648513689637184,0.476951192757132
n50_i995001_T_a1101_W,n50_i995001_T_a1101,50,995001,T,1101,W,0.25,0.0007881373167037964,0.6195855017026877
n50_i995001_T_a1101_W,n50_i995001_T_a1101,50,995001,T,1101,W,0.5,3.3937394618988037e-06,0.648559452217617
n50_i995001_T_a1101_W,n50_i995001_T_a1101,50,995001,T,1101,W,0.75,0.19664794765412807,0.6769887691623112
n50_i995001_T_a1101_W,n50_i995001_T_a1101,50,995001,T,1101,W,0.9,0.6649299645796418,0.6789904016744678
n50_i995001_T_a1101_W,n50_i995001_T_a1101,50,995001,T,1101,W,1.0,0.4709966629743576,0.6853952668255886
n50_i995001_T_a1101_GW,n50_i995001_T_a1101,50,995001,T,1101,GW,0.1,0.0008626785129308701,0.4205244354513625
n50_i995001_T_a1101_GW,n50_i995001_T_a1101,50,995001,T,1101,GW,0.25,0.12666341196745634,0.615750982295083
n50_i995001_T_a1101_GW,n50_i995001_T_a1101,50,995001,T,1101,GW,0.5,0.07267844118177891,0.6833781380517393
n50_i995001_T_a1101_GW,n50_i995001_T_a1101,50,995001,T,1101,GW,0.75,0.00834078062325716,0.7134638246457211
n50_i995001_T_a1101_GW,n50_i995001_T_a1101,50,995001,T,1101,GW,0.9,0.48658033553510904,0.718267420103142
n50_i995001_T_a1101_GW,n50_i995001_T_a1101,50,995001,T,1101,GW,1.0,0.2953426316380501,0.7202702061831667
n50_i995001_T_a1101_LEGACY,n50_i995001_T_a1101,50,995001,T,1101,LEGACY,0.1,0.0034005772322416306,0.5184113511932701
n50_i995001_T_a1101_LEGACY,n50_i995001_T_a1101,50,995001,T,1101,LEGACY,0.25,0.0006158994510769844,0.6957285368551049
n50_i995001_T_a1101_LEGACY,n50_i995001_T_a1101,50,995001,T,1101,LEGACY,0.5,0.04624663945287466,0.7482486618078676
n50_i995001_T_a1101_LEGACY,n50_i995001_T_a1101,50,995001,T,1101,LEGACY,0.75,0.127873282879591,0.7645195443236024
n50_i995001_T_a1101_LEGACY,n50_i995001_T_a1101,50,995001,T,1101,LEGACY,0.9,0.052242848090827465,0.7759161967123742
n50_i995001_T_a1101_LEGACY,n50_i995001_T_a1101,50,995001,T,1101,LEGACY,1.0,0.3693420151248574,0.778944226916199
n50_i995001_T_a2202_W,n50_i995001_T_a2202,50,995001,T,2202,W,0.1,0.0015103779733181,0.5992567786531839
n50_i995001_T_a2202_W,n50_i995001_T_a2202,50,995001,T,2202,W,0.25,0.0014185216277837753,0.7923778911027662
n50_i995001_T_a2202_W,n50_i995001_T_a2202,50,995001,T,2202,W,0.5,0.0029371418058872223,0.8325486597357179
n50_i995001_T_a2202_W,n50_i995001_T_a2202,50,995001,T,2202,W,0.75,0.005566522479057312,0.8535775397345385
n50_i995001_T_a2202_W,n50_i995001_T_a2202,50,995001,T,2202,W,0.9,0.06277032475918531,0.8625386685562395
n50_i995001_T_a2202_W,n50_i995001_T_a2202,50,995001,T,2202,W,1.0,0.40914567559957504,0.871260581581922
n50_i995001_T_a2202_GW,n50_i995001_T_a2202,50,995001,T,2202,GW,0.1,0.0015944736078381538,0.5944412095885417
n50_i995001_T_a2202_GW,n50_i995001_T_a2202,50,995001,T,2202,GW,0.25,0.37714582215994596,0.772064300086582
n50_i995001_T_a2202_GW,n50_i995001_T_a2202,50,995001,T,2202,GW,0.5,0.27407243847846985,0.9217255068168384
n50_i995001_T_a2202_GW,n50_i995001_T_a2202,50,995001,T,2202,GW,0.75,0.006220929324626923,0.9388938950411321
n50_i995001_T_a2202_GW,n50_i995001_T_a2202,50,995001,T,2202,GW,0.9,0.0384118827059865,0.9403477216714169
n50_i995001_T_a2202_GW,n50_i995001_T_a2202,50,995001,T,2202,GW,1.0,0.13592094834893942,0.9457421532284196
n50_i995001_T_a2202_LEGACY,n50_i995001_T_a2202,50,995001,T,2202,LEGACY,0.1,0.007627032697200775,0.5761438576035824
n50_i995001_T_a2202_LEGACY,n50_i995001_T_a2202,50,995001,T,2202,LEGACY,0.25,0.0005422318354249001,0.726222941089639
n50_i995001_T_a2202_LEGACY,n50_i995001_T_a2202,50,995001,T,2202,LEGACY,0.5,0.03092082217335701,0.8355902838823713
n50_i995001_T_a2202_LEGACY,n50_i995001_T_a2202,50,995001,T,2202,LEGACY,0.75,0.0002090688794851303,0.9044003935802672
n50_i995001_T_a2202_LEGACY,n50_i995001_T_a2202,50,995001,T,2202,LEGACY,0.9,0.020882491022348404,0.9964973385693925
n50_i995001_T_a2202_LEGACY,n50_i995001_T_a2202,50,995001,T,2202,LEGACY,1.0,0.15493480022996664,1.0181398953115801
n50_i995001_T_a2202_REFERENCE,n50_i995001_T_a2202,50,995001,T,2202,REFERENCE,0.1,0.0013864366337656975,0.5125064010555288
n50_i995001_T_a2202_REFERENCE,n50_i995001_T_a2202,50,995001,T,2202,REFERENCE,0.25,0.005178220570087433,0.7160694254171022
n50_i995001_T_a2202_REFERENCE,n50_i995001_T_a2202,50,995001,T,2202,REFERENCE,0.5,0.014014195650815964,0.8121828003458141
n50_i995001_T_a2202_REFERENCE,n50_i995001_T_a2202,50,995001,T,2202,REFERENCE,0.75,0.002832314930856228,0.8593337084565142
n50_i995001_T_a2202_REFERENCE,n50_i995001_T_a2202,50,995001,T,2202,REFERENCE,0.9,0.6494872681796551,0.872086532970999
n50_i995001_T_a2202_REFERENCE,n50_i995001_T_a2202,50,995001,T,2202,REFERENCE,1.0,0.2573194308206439,0.8752197336725106
n50_i995001_T_a2202_G,n50_i995001_T_a2202,50,995001,T,2202,G,0.1,0.0014368752017617226,0.4861995706591297
n50_i995001_T_a2202_G,n50_i995001_T_a2202,50,995001,T,2202,G,0.25,0.08906627260148525,0.6588378124166201
n50_i995001_T_a2202_G,n50_i995001_T_a2202,50,995001,T,2202,G,0.5,0.05036269873380661,0.7188713427893145
n50_i995001_T_a2202_G,n50_i995001_T_a2202,50,995001,T,2202,G,0.75,0.003844904713332653,0.7531384309212588
n50_i995001_T_a2202_G,n50_i995001_T_a2202,50,995001,T,2202,G,0.9,0.1364690838381648,0.7722608691193945
n50_i995001_T_a2202_G,n50_i995001_T_a2202,50,995001,T,2202,G,1.0,0.4178849495947361,0.7733264987997558
n50_i995002_H_a1101_LEGACY,n50_i995002_H_a1101,50,995002,H,1101,LEGACY,0.1,0.0021604541689157486,0.01640469443538882
n50_i995002_H_a1101_LEGACY,n50_i995002_H_a1101,50,995002,H,1101,LEGACY,0.25,0.018574930727481842,0.08974735029513992
n50_i995002_H_a1101_LEGACY,n50_i995002_H_a1101,50,995002,H,1101,LEGACY,0.5,0.0160460714250803,0.13730508154680865
n50_i995002_H_a1101_LEGACY,n50_i995002_H_a1101,50,995002,H,1101,LEGACY,0.75,0.004122503101825714,0.21328030623993333
n50_i995002_H_a1101_LEGACY,n50_i995002_H_a1101,50,995002,H,1101,LEGACY,0.9,0.0027369214221835136,0.26576212643352
n50_i995002_H_a1101_LEGACY,n50_i995002_H_a1101,50,995002,H,1101,LEGACY,1.0,0.24685299303382635,0.26764928910786645
n50_i995002_H_a1101_REFERENCE,n50_i995002_H_a1101,50,995002,H,1101,REFERENCE,0.1,0.00311420951038599,0.03279337911446106
n50_i995002_H_a1101_REFERENCE,n50_i995002_H_a1101,50,995002,H,1101,REFERENCE,0.25,0.009894502349197865,0.3480771530350564
n50_i995002_H_a1101_REFERENCE,n50_i995002_H_a1101,50,995002,H,1101,REFERENCE,0.5,0.01509398315101862,0.45083669124663617
n50_i995002_H_a1101_REFERENCE,n50_i995002_H_a1101,50,995002,H,1101,REFERENCE,0.75,0.034514205530285835,0.5454920107400435
n50_i995002_H_a1101_REFERENCE,n50_i995002_H_a1101,50,995002,H,1101,REFERENCE,0.9,0.0030333269387483597,0.5532303675908683
n50_i995002_H_a1101_REFERENCE,n50_i995002_H_a1101,50,995002,H,1101,REFERENCE,1.0,0.3669679071754217,0.5546771409804445
n50_i995002_H_a1101_G,n50_i995002_H_a1101,50,995002,H,1101,G,0.1,9.403657168149948e-05,0.030548779602540876
n50_i995002_H_a1101_G,n50_i995002_H_a1101,50,995002,H,1101,G,0.25,0.10352205205708742,0.3443161361537604
n50_i995002_H_a1101_G,n50_i995002_H_a1101,50,995002,H,1101,G,0.5,0.004893973469734192,0.4013953829077044
n50_i995002_H_a1101_G,n50_i995002_H_a1101,50,995002,H,1101,G,0.75,0.38096380047500134,0.4170505400598065
n50_i995002_H_a1101_G,n50_i995002_H_a1101,50,995002,H,1101,G,0.9,0.007913048379123211,0.42304748945111476
n50_i995002_H_a1101_G,n50_i995002_H_a1101,50,995002,H,1101,G,1.0,0.16025938838720322,0.42393464728601854
n50_i995002_H_a1101_W,n50_i995002_H_a1101,50,995002,H,1101,W,0.1,0.030292358249425888,0.11999749668828147
n50_i995002_H_a1101_W,n50_i995002_H_a1101,50,995002,H,1101,W,0.25,0.004402128979563713,0.27436966918889627
n50_i995002_H_a1101_W,n50_i995002_H_a1101,50,995002,H,1101,W,0.5,0.16359546035528183,0.49949348193062076
n50_i995002_H_a1101_W,n50_i995002_H_a1101,50,995002,H,1101,W,0.75,0.05586837511509657,0.5396088762418122
n50_i995002_H_a1101_W,n50_i995002_H_a1101,50,995002,H,1101,W,0.9,0.027626811526715755,0.627666891480777
n50_i995002_H_a1101_W,n50_i995002_H_a1101,50,995002,H,1101,W,1.0,0.13558253273367882,0.6368990083102033
n50_i995002_H_a1101_GW,n50_i995002_H_a1101,50,995002,H,1101,GW,0.1,0.0011990955099463463,0.09605650973233926
n50_i995002_H_a1101_GW,n50_i995002_H_a1101,50,995002,H,1101,GW,0.25,0.1597691187635064,0.2373912236266873
n50_i995002_H_a1101_GW,n50_i995002_H_a1101,50,995002,H,1101,GW,0.5,0.21926357690244913,0.4109134008127622
n50_i995002_H_a1101_GW,n50_i995002_H_a1101,50,995002,H,1101,GW,0.75,0.004108835943043232,0.5205650093335252
n50_i995002_H_a1101_GW,n50_i995002_H_a1101,50,995002,H,1101,GW,0.9,0.0018188701942563057,0.5528762303733101
n50_i995002_H_a1101_GW,n50_i995002_H_a1101,50,995002,H,1101,GW,1.0,0.05578423757106066,0.5681375448803314
n50_i995002_H_a2202_G,n50_i995002_H_a2202,50,995002,H,2202,G,0.1,0.0011737262830138206,0.061175852588815804
n50_i995002_H_a2202_G,n50_i995002_H_a2202,50,995002,H,2202,G,0.25,0.028324044309556484,0.21835103029535136
n50_i995002_H_a2202_G,n50_i995002_H_a2202,50,995002,H,2202,G,0.5,0.02095983549952507,0.515190676241724
n50_i995002_H_a2202_G,n50_i995002_H_a2202,50,995002,H,2202,G,0.75,0.09431043453514576,0.5937414743318162
n50_i995002_H_a2202_G,n50_i995002_H_a2202,50,995002,H,2202,G,0.9,0.0029146168380975723,0.6039762136992305
n50_i995002_H_a2202_G,n50_i995002_H_a2202,50,995002,H,2202,G,1.0,0.4135595066472888,0.6184842029591873
n50_i995002_H_a2202_W,n50_i995002_H_a2202,50,995002,H,2202,W,0.1,0.09293539356440306,0.13305363114383742
n50_i995002_H_a2202_W,n50_i995002_H_a2202,50,995002,H,2202,W,0.25,0.0035438397899270058,0.3443356039118537
n50_i995002_H_a2202_W,n50_i995002_H_a2202,50,995002,H,2202,W,0.5,0.02657682355493307,0.5872708314910456
n50_i995002_H_a2202_W,n50_i995002_H_a2202,50,995002,H,2202,W,0.75,0.0344725102186203,0.7848629887782125
n50_i995002_H_a2202_W,n50_i995002_H_a2202,50,995002,H,2202,W,0.9,0.1002144142985344,0.8122158268253826
n50_i995002_H_a2202_W,n50_i995002_H_a2202,50,995002,H,2202,W,1.0,0.4329041875898838,0.8704363241529103
n50_i995002_H_a2202_GW,n50_i995002_H_a2202,50,995002,H,2202,GW,0.1,0.031602101400494576,0.13305363114383742
n50_i995002_H_a2202_GW,n50_i995002_H_a2202,50,995002,H,2202,GW,0.25,0.0015058107674121857,0.3441930603271729
n50_i995002_H_a2202_GW,n50_i995002_H_a2202,50,995002,H,2202,GW,0.5,0.0754367271438241,0.5809193929227113
n50_i995002_H_a2202_GW,n50_i995002_H_a2202,50,995002,H,2202,GW,0.75,0.15161531139165163,0.7217343726696435
n50_i995002_H_a2202_GW,n50_i995002_H_a2202,50,995002,H,2202,GW,0.9,0.02786240540444851,0.7312275994296498
n50_i995002_H_a2202_GW,n50_i995002_H_a2202,50,995002,H,2202,GW,1.0,0.16808927152305841,0.733110890549844
n50_i995002_H_a2202_LEGACY,n50_i995002_H_a2202,50,995002,H,2202,LEGACY,0.1,0.07265041582286358,0.023179364264411362
n50_i995002_H_a2202_LEGACY,n50_i995002_H_a2202,50,995002,H,2202,LEGACY,0.25,0.0048466455191373825,0.24811789234351772
n50_i995002_H_a2202_LEGACY,n50_i995002_H_a2202,50,995002,H,2202,LEGACY,0.5,0.002589375711977482,0.5218292697412963
n50_i995002_H_a2202_LEGACY,n50_i995002_H_a2202,50,995002,H,2202,LEGACY,0.75,0.06496224086731672,0.6573949939924918
n50_i995002_H_a2202_LEGACY,n50_i995002_H_a2202,50,995002,H,2202,LEGACY,0.9,0.0031761685386300087,0.6885122585283082
n50_i995002_H_a2202_LEGACY,n50_i995002_H_a2202,50,995002,H,2202,LEGACY,1.0,0.3024179972708225,0.7285911810395913
n50_i995002_H_a2202_REFERENCE,n50_i995002_H_a2202,50,995002,H,2202,REFERENCE,0.1,0.20977661851793528,0.0389538356762833
n50_i995002_H_a2202_REFERENCE,n50_i995002_H_a2202,50,995002,H,2202,REFERENCE,0.25,0.11363785155117512,0.18410189842537736
n50_i995002_H_a2202_REFERENCE,n50_i995002_H_a2202,50,995002,H,2202,REFERENCE,0.5,0.15380990877747536,0.30190541617227346
n50_i995002_H_a2202_REFERENCE,n50_i995002_H_a2202,50,995002,H,2202,REFERENCE,0.75,0.42415781784802675,0.3635638095916874
n50_i995002_H_a2202_REFERENCE,n50_i995002_H_a2202,50,995002,H,2202,REFERENCE,0.9,0.07198585290461779,0.3907295811814311
n50_i995002_H_a2202_REFERENCE,n50_i995002_H_a2202,50,995002,H,2202,REFERENCE,1.0,0.1538441563025117,0.40368454928730413
n50_i995002_T_a1101_REFERENCE,n50_i995002_T_a1101,50,995002,T,1101,REFERENCE,0.1,0.09560972359031439,0.17854969486598432
n50_i995002_T_a1101_REFERENCE,n50_i995002_T_a1101,50,995002,T,1101,REFERENCE,0.25,0.001828731968998909,0.547385627947334
n50_i995002_T_a1101_REFERENCE,n50_i995002_T_a1101,50,995002,T,1101,REFERENCE,0.5,0.03700301889330149,0.7444378101004736
n50_i995002_T_a1101_REFERENCE,n50_i995002_T_a1101,50,995002,T,1101,REFERENCE,0.75,0.07259229104965925,0.7940997828913131
n50_i995002_T_a1101_REFERENCE,n50_i995002_T_a1101,50,995002,T,1101,REFERENCE,0.9,0.4850993501022458,0.8972544436805177
n50_i995002_T_a1101_REFERENCE,n50_i995002_T_a1101,50,995002,T,1101,REFERENCE,1.0,0.14545990992337465,0.9187241286403123
n50_i995002_T_a1101_G,n50_i995002_T_a1101,50,995002,T,1101,G,0.1,0.0007949760183691978,0.016868737239890824
n50_i995002_T_a1101_G,n50_i995002_T_a1101,50,995002,T,1101,G,0.25,0.004284664988517761,0.3317922523061488
n50_i995002_T_a1101_G,n50_i995002_T_a1101,50,995002,T,1101,G,0.5,0.003945140168070793,0.4520039981098263
n50_i995002_T_a1101_G,n50_i995002_T_a1101,50,995002,T,1101,G,0.75,0.0010402342304587364,0.5148180133496011
n50_i995002_T_a1101_G,n50_i995002_T_a1101,50,995002,T,1101,G,0.9,0.043487164191901684,0.5307645444706577
n50_i995002_T_a1101_G,n50_i995002_T_a1101,50,995002,T,1101,G,1.0,0.06832186318933964,0.5534608331335538
n50_i995002_T_a1101_W,n50_i995002_T_a1101,50,995002,T,1101,W,0.1,0.09604779724031687,0.23350594994998405
n50_i995002_T_a1101_W,n50_i995002_T_a1101,50,995002,T,1101,W,0.25,0.07034844532608986,0.5353277923964251
n50_i995002_T_a1101_W,n50_i995002_T_a1101,50,995002,T,1101,W,0.5,0.11986278835684061,0.7319961715465477
n50_i995002_T_a1101_W,n50_i995002_T_a1101,50,995002,T,1101,W,0.75,0.0014306576922535896,0.8081898931917111
n50_i995002_T_a1101_W,n50_i995002_T_a1101,50,995002,T,1101,W,0.9,0.14072108082473278,0.8252637038104582
n50_i995002_T_a1101_W,n50_i995002_T_a1101,50,995002,T,1101,W,1.0,0.37029989901930094,0.8410279533126246
n50_i995002_T_a1101_GW,n50_i995002_T_a1101,50,995002,T,1101,GW,0.1,0.16535314451903105,0.20553832937369457
n50_i995002_T_a1101_GW,n50_i995002_T_a1101,50,995002,T,1101,GW,0.25,0.02172114420682192,0.4596210224043417
n50_i995002_T_a1101_GW,n50_i995002_T_a1101,50,995002,T,1101,GW,0.5,0.004478738643229008,0.6299934047816969
n50_i995002_T_a1101_GW,n50_i995002_T_a1101,50,995002,T,1101,GW,0.75,0.06750800274312496,0.6889513800863009
n50_i995002_T_a1101_GW,n50_i995002_T_a1101,50,995002,T,1101,GW,0.9,0.00023223739117383957,0.7182538122697784
n50_i995002_T_a1101_GW,n50_i995002_T_a1101,50,995002,T,1101,GW,1.0,0.17360354959964752,0.7326924976249097
n50_i995002_T_a1101_LEGACY,n50_i995002_T_a1101,50,995002,T,1101,LEGACY,0.1,0.07034248765558004,0.14054633311603285
n50_i995002_T_a1101_LEGACY,n50_i995002_T_a1101,50,995002,T,1101,LEGACY,0.25,0.0033308416604995728,0.5051748104035585
n50_i995002_T_a1101_LEGACY,n50_i995002_T_a1101,50,995002,T,1101,LEGACY,0.5,0.00537298247218132,0.6972610680987223
n50_i995002_T_a1101_LEGACY,n50_i995002_T_a1101,50,995002,T,1101,LEGACY,0.75,0.01303375605493784,0.7231093301701098
n50_i995002_T_a1101_LEGACY,n50_i995002_T_a1101,50,995002,T,1101,LEGACY,0.9,0.014635350555181503,0.7523127746894069
n50_i995002_T_a1101_LEGACY,n50_i995002_T_a1101,50,995002,T,1101,LEGACY,1.0,0.308315915055573,0.7652850286465875
n50_i995002_T_a2202_W,n50_i995002_T_a2202,50,995002,T,2202,W,0.1,0.21707162354141474,0.19077208423151854
n50_i995002_T_a2202_W,n50_i995002_T_a2202,50,995002,T,2202,W,0.25,0.002959451638162136,0.7104519575514605
n50_i995002_T_a2202_W,n50_i995002_T_a2202,50,995002,T,2202,W,0.5,0.09146822057664394,0.7617618972769259
n50_i995002_T_a2202_W,n50_i995002_T_a2202,50,995002,T,2202,W,0.75,0.0007079131901264191,0.7844472211295631
n50_i995002_T_a2202_W,n50_i995002_T_a2202,50,995002,T,2202,W,0.9,0.026995500549674034,0.7890420185584672
n50_i995002_T_a2202_W,n50_i995002_T_a2202,50,995002,T,2202,W,1.0,0.5257282787933946,0.7912827892616425
n50_i995002_T_a2202_GW,n50_i995002_T_a2202,50,995002,T,2202,GW,0.1,0.5665815304964781,0.04656901064994619
n50_i995002_T_a2202_GW,n50_i995002_T_a2202,50,995002,T,2202,GW,0.25,0.0009972713887691498,0.29302549379012127
n50_i995002_T_a2202_GW,n50_i995002_T_a2202,50,995002,T,2202,GW,0.5,0.322722383774817,0.7152266436921183
n50_i995002_T_a2202_GW,n50_i995002_T_a2202,50,995002,T,2202,GW,0.75,0.4464154951274395,0.7735928557839654
n50_i995002_T_a2202_GW,n50_i995002_T_a2202,50,995002,T,2202,GW,0.9,0.11959933862090111,0.7761296837878383
n50_i995002_T_a2202_GW,n50_i995002_T_a2202,50,995002,T,2202,GW,1.0,0.37242896668612957,0.7767449355988757
n50_i995002_T_a2202_LEGACY,n50_i995002_T_a2202,50,995002,T,2202,LEGACY,0.1,0.021081876941025257,0.002798344296328872
n50_i995002_T_a2202_LEGACY,n50_i995002_T_a2202,50,995002,T,2202,LEGACY,0.25,0.0009892955422401428,0.23551008267630258
n50_i995002_T_a2202_LEGACY,n50_i995002_T_a2202,50,995002,T,2202,LEGACY,0.5,0.049717375077307224,0.4725386849196075
n50_i995002_T_a2202_LEGACY,n50_i995002_T_a2202,50,995002,T,2202,LEGACY,0.75,0.0023520132526755333,0.5027677314171333
n50_i995002_T_a2202_LEGACY,n50_i995002_T_a2202,50,995002,T,2202,LEGACY,0.9,0.009969988837838173,0.5094766932329673
n50_i995002_T_a2202_LEGACY,n50_i995002_T_a2202,50,995002,T,2202,LEGACY,1.0,0.1958893295377493,0.5094975414673235
n50_i995002_T_a2202_REFERENCE,n50_i995002_T_a2202,50,995002,T,2202,REFERENCE,0.1,0.0009950287640094757,0.13990940903953705
n50_i995002_T_a2202_REFERENCE,n50_i995002_T_a2202,50,995002,T,2202,REFERENCE,0.25,0.19245068356394768,0.3867192753198279
n50_i995002_T_a2202_REFERENCE,n50_i995002_T_a2202,50,995002,T,2202,REFERENCE,0.5,0.04011312685906887,0.40949661845350593
n50_i995002_T_a2202_REFERENCE,n50_i995002_T_a2202,50,995002,T,2202,REFERENCE,0.75,0.028571621514856815,0.4111717524315599
n50_i995002_T_a2202_REFERENCE,n50_i995002_T_a2202,50,995002,T,2202,REFERENCE,0.9,0.05265695694833994,0.41473480353019876
n50_i995002_T_a2202_REFERENCE,n50_i995002_T_a2202,50,995002,T,2202,REFERENCE,1.0,0.023850643076002598,0.41494117011822695
n50_i995002_T_a2202_G,n50_i995002_T_a2202,50,995002,T,2202,G,0.1,0.0001434730365872383,0.13025302654498638
n50_i995002_T_a2202_G,n50_i995002_T_a2202,50,995002,T,2202,G,0.25,0.010808629915118217,0.4275049001393084
n50_i995002_T_a2202_G,n50_i995002_T_a2202,50,995002,T,2202,G,0.5,0.32012803573161364,0.46287366618316905
n50_i995002_T_a2202_G,n50_i995002_T_a2202,50,995002,T,2202,G,0.75,0.01107564102858305,0.47571085822567194
n50_i995002_T_a2202_G,n50_i995002_T_a2202,50,995002,T,2202,G,0.9,0.002659827470779419,0.4762186395538497
n50_i995002_T_a2202_G,n50_i995002_T_a2202,50,995002,T,2202,G,1.0,0.21269783098250628,0.4767061541711221
n50_i995003_H_a1101_GW,n50_i995003_H_a1101,50,995003,H,1101,GW,0.1,0.08202483039349318,0.6917342306488786
n50_i995003_H_a1101_GW,n50_i995003_H_a1101,50,995003,H,1101,GW,0.25,0.05833091679960489,0.8628292628808765
n50_i995003_H_a1101_GW,n50_i995003_H_a1101,50,995003,H,1101,GW,0.5,0.10434419009834528,0.9546014008887036
n50_i995003_H_a1101_GW,n50_i995003_H_a1101,50,995003,H,1101,GW,0.75,0.00769312959164381,0.9775148871164713
n50_i995003_H_a1101_GW,n50_i995003_H_a1101,50,995003,H,1101,GW,0.9,0.019837207160890102,0.9980336134017992
n50_i995003_H_a1101_GW,n50_i995003_H_a1101,50,995003,H,1101,GW,1.0,0.34025073144584894,1.001538793922932
n50_i995003_H_a1101_LEGACY,n50_i995003_H_a1101,50,995003,H,1101,LEGACY,0.1,0.06373754236847162,0.6969790157477509
n50_i995003_H_a1101_LEGACY,n50_i995003_H_a1101,50,995003,H,1101,LEGACY,0.25,0.001181664876639843,0.8200421116734462
n50_i995003_H_a1101_LEGACY,n50_i995003_H_a1101,50,995003,H,1101,LEGACY,0.5,0.16784524824470282,0.8708793745128347
n50_i995003_H_a1101_LEGACY,n50_i995003_H_a1101,50,995003,H,1101,LEGACY,0.75,0.025706718675792217,0.9048001959729154
n50_i995003_H_a1101_LEGACY,n50_i995003_H_a1101,50,995003,H,1101,LEGACY,0.9,0.01891874149441719,0.9197581421782481
n50_i995003_H_a1101_LEGACY,n50_i995003_H_a1101,50,995003,H,1101,LEGACY,1.0,0.15341858938336372,0.9219391997781898
n50_i995003_H_a1101_REFERENCE,n50_i995003_H_a1101,50,995003,H,1101,REFERENCE,0.1,0.07133789919316769,0.6098379903524876
n50_i995003_H_a1101_REFERENCE,n50_i995003_H_a1101,50,995003,H,1101,REFERENCE,0.25,0.01586734503507614,0.7449718537813506
n50_i995003_H_a1101_REFERENCE,n50_i995003_H_a1101,50,995003,H,1101,REFERENCE,0.5,0.2242577150464058,0.7698837159768859
n50_i995003_H_a1101_REFERENCE,n50_i995003_H_a1101,50,995003,H,1101,REFERENCE,0.75,0.06749673653393984,0.8086366190606767
n50_i995003_H_a1101_REFERENCE,n50_i995003_H_a1101,50,995003,H,1101,REFERENCE,0.9,0.0023074382916092873,0.8916529676857688
n50_i995003_H_a1101_REFERENCE,n50_i995003_H_a1101,50,995003,H,1101,REFERENCE,1.0,0.045872219838202,0.9218087051257725
n50_i995003_H_a1101_G,n50_i995003_H_a1101,50,995003,H,1101,G,0.1,0.0037618204951286316,0.5874535971938889
n50_i995003_H_a1101_G,n50_i995003_H_a1101,50,995003,H,1101,G,0.25,0.000693025067448616,0.7236881390453854
n50_i995003_H_a1101_G,n50_i995003_H_a1101,50,995003,H,1101,G,0.5,0.01967841014266014,0.7948622614711341
n50_i995003_H_a1101_G,n50_i995003_H_a1101,50,995003,H,1101,G,0.75,0.0421572420746088,0.8642502494112342
n50_i995003_H_a1101_G,n50_i995003_H_a1101,50,995003,H,1101,G,0.9,0.44066019635647535,0.8770862947589334
n50_i995003_H_a1101_G,n50_i995003_H_a1101,50,995003,H,1101,G,1.0,0.2444515200331807,0.8938490309379208
n50_i995003_H_a1101_W,n50_i995003_H_a1101,50,995003,H,1101,W,0.1,0.018031162209808826,0.6256962062358875
n50_i995003_H_a1101_W,n50_i995003_H_a1101,50,995003,H,1101,W,0.25,0.0032026302069425583,0.8197224031898708
n50_i995003_H_a1101_W,n50_i995003_H_a1101,50,995003,H,1101,W,0.5,0.0012490898370742798,0.8499511628124494
n50_i995003_H_a1101_W,n50_i995003_H_a1101,50,995003,H,1101,W,0.75,0.005762203596532345,0.8644641578021843
n50_i995003_H_a1101_W,n50_i995003_H_a1101,50,995003,H,1101,W,0.9,0.0024686912074685097,0.8925819510260332
n50_i995003_H_a1101_W,n50_i995003_H_a1101,50,995003,H,1101,W,1.0,0.12802886590361595,0.8999060821891627
n50_i995003_H_a2202_REFERENCE,n50_i995003_H_a2202,50,995003,H,2202,REFERENCE,0.1,0.19874517526477575,0.6856831108148953
n50_i995003_H_a2202_REFERENCE,n50_i995003_H_a2202,50,995003,H,2202,REFERENCE,0.25,0.004066308960318565,0.8541965179941423
n50_i995003_H_a2202_REFERENCE,n50_i995003_H_a2202,50,995003,H,2202,REFERENCE,0.5,0.2653653584420681,0.9094030614262395
n50_i995003_H_a2202_REFERENCE,n50_i995003_H_a2202,50,995003,H,2202,REFERENCE,0.75,0.029499204829335213,0.9340688438903768
n50_i995003_H_a2202_REFERENCE,n50_i995003_H_a2202,50,995003,H,2202,REFERENCE,0.9,0.028950723819434643,0.9356160131041266
n50_i995003_H_a2202_REFERENCE,n50_i995003_H_a2202,50,995003,H,2202,REFERENCE,1.0,0.15930321253836155,0.9431101573923103
n50_i995003_H_a2202_G,n50_i995003_H_a2202,50,995003,H,2202,G,0.1,0.012295534834265709,0.5629921152434091
n50_i995003_H_a2202_G,n50_i995003_H_a2202,50,995003,H,2202,G,0.25,0.24434049613773823,0.7182364512029572
n50_i995003_H_a2202_G,n50_i995003_H_a2202,50,995003,H,2202,G,0.5,0.0710009029135108,0.9021315027155334
n50_i995003_H_a2202_G,n50_i995003_H_a2202,50,995003,H,2202,G,0.75,0.17461935989558697,0.9242361700510012
n50_i995003_H_a2202_G,n50_i995003_H_a2202,50,995003,H,2202,G,0.9,0.10194062534719706,0.9281762841286852
n50_i995003_H_a2202_G,n50_i995003_H_a2202,50,995003,H,2202,G,1.0,0.40207472164183855,0.9285662250376931
n50_i995003_H_a2202_W,n50_i995003_H_a2202,50,995003,H,2202,W,0.1,0.09558379836380482,0.5564214662296774
n50_i995003_H_a2202_W,n50_i995003_H_a2202,50,995003,H,2202,W,0.25,0.20855845417827368,0.7645568564544241
n50_i995003_H_a2202_W,n50_i995003_H_a2202,50,995003,H,2202,W,0.5,0.1454175366088748,0.8192172927715149
n50_i995003_H_a2202_W,n50_i995003_H_a2202,50,995003,H,2202,W,0.75,0.09320362377911806,0.8703536453582935
n50_i995003_H_a2202_W,n50_i995003_H_a2202,50,995003,H,2202,W,0.9,0.1851656474173069,0.8869011604556256
n50_i995003_H_a2202_W,n50_i995003_H_a2202,50,995003,H,2202,W,1.0,0.16470772679895163,0.8926438465921577
n50_i995003_H_a2202_GW,n50_i995003_H_a2202,50,995003,H,2202,GW,0.1,0.005097574554383755,0.579879355621201
n50_i995003_H_a2202_GW,n50_i995003_H_a2202,50,995003,H,2202,GW,0.25,0.07373412977904081,0.7302144598599556
n50_i995003_H_a2202_GW,n50_i995003_H_a2202,50,995003,H,2202,GW,0.5,0.026452702470123768,0.8370454823483154
n50_i995003_H_a2202_GW,n50_i995003_H_a2202,50,995003,H,2202,GW,0.75,0.09240765683352947,0.9235646234161249
n50_i995003_H_a2202_GW,n50_i995003_H_a2202,50,995003,H,2202,GW,0.9,0.23129303846508265,0.9485563560113505
n50_i995003_H_a2202_GW,n50_i995003_H_a2202,50,995003,H,2202,GW,1.0,0.30254848301410675,0.9578897489829772
n50_i995003_H_a2202_LEGACY,n50_i995003_H_a2202,50,995003,H,2202,LEGACY,0.1,0.003028937615454197,0.5130513900584263
n50_i995003_H_a2202_LEGACY,n50_i995003_H_a2202,50,995003,H,2202,LEGACY,0.25,0.0043473392724990845,0.6787376064170806
n50_i995003_H_a2202_LEGACY,n50_i995003_H_a2202,50,995003,H,2202,LEGACY,0.5,0.03717650659382343,0.7586818409081837
n50_i995003_H_a2202_LEGACY,n50_i995003_H_a2202,50,995003,H,2202,LEGACY,0.75,0.28178609535098076,0.8332140808234085
n50_i995003_H_a2202_LEGACY,n50_i995003_H_a2202,50,995003,H,2202,LEGACY,0.9,0.06620847713202238,0.8957803693888498
n50_i995003_H_a2202_LEGACY,n50_i995003_H_a2202,50,995003,H,2202,LEGACY,1.0,0.11503123585134745,0.9327853194598369
n50_i995003_T_a2202_G,n50_i995003_T_a2202,50,995003,T,2202,G,0.1,0.21401564683765173,0.8614532134786528
n50_i995003_T_a2202_G,n50_i995003_T_a2202,50,995003,T,2202,G,0.25,0.02432770747691393,0.9018319698674416
n50_i995003_T_a2202_G,n50_i995003_T_a2202,50,995003,T,2202,G,0.5,0.021547913551330566,0.9550557334939088
n50_i995003_T_a2202_G,n50_i995003_T_a2202,50,995003,T,2202,G,0.75,0.011077387258410454,1.0546638776655417
n50_i995003_T_a2202_G,n50_i995003_T_a2202,50,995003,T,2202,G,0.9,0.773582573980093,1.094748016730075
n50_i995003_T_a2202_G,n50_i995003_T_a2202,50,995003,T,2202,G,1.0,0.10741776507347822,1.1050805023207202
n50_i995003_T_a2202_W,n50_i995003_T_a2202,50,995003,T,2202,W,0.1,0.16836281400173903,0.6631933151038584
n50_i995003_T_a2202_W,n50_i995003_T_a2202,50,995003,T,2202,W,0.25,0.29696434922516346,0.803257837167122
n50_i995003_T_a2202_W,n50_i995003_T_a2202,50,995003,T,2202,W,0.5,0.05329003743827343,0.8765262334245373
n50_i995003_T_a2202_W,n50_i995003_T_a2202,50,995003,T,2202,W,0.75,0.022968709468841553,0.902885566603212
n50_i995003_T_a2202_W,n50_i995003_T_a2202,50,995003,T,2202,W,0.9,0.750868952833116,0.9053072159962525
n50_i995003_T_a2202_W,n50_i995003_T_a2202,50,995003,T,2202,W,1.0,1.06791206356138,0.9079545829361555
n50_i995003_T_a2202_GW,n50_i995003_T_a2202,50,995003,T,2202,GW,0.1,0.07515123207122087,0.6772463725946729
n50_i995003_T_a2202_GW,n50_i995003_T_a2202,50,995003,T,2202,GW,0.25,0.006637039594352245,0.8677366423126424
n50_i995003_T_a2202_GW,n50_i995003_T_a2202,50,995003,T,2202,GW,0.5,0.06169440411031246,0.9618978611073508
n50_i995003_T_a2202_GW,n50_i995003_T_a2202,50,995003,T,2202,GW,0.75,0.08035497646778822,0.9761823841592308
n50_i995003_T_a2202_GW,n50_i995003_T_a2202,50,995003,T,2202,GW,0.9,0.27248011995106936,0.9821105084588437
n50_i995003_T_a2202_GW,n50_i995003_T_a2202,50,995003,T,2202,GW,1.0,0.36664335895329714,0.9855274846764563
n50_i995003_T_a2202_LEGACY,n50_i995003_T_a2202,50,995003,T,2202,LEGACY,0.1,0.017710434272885323,0.7194935015365673
n50_i995003_T_a2202_LEGACY,n50_i995003_T_a2202,50,995003,T,2202,LEGACY,0.25,0.0006157364696264267,0.8706322298846189
n50_i995003_T_a2202_LEGACY,n50_i995003_T_a2202,50,995003,T,2202,LEGACY,0.5,0.28871784545481205,0.9147428172291013
n50_i995003_T_a2202_LEGACY,n50_i995003_T_a2202,50,995003,T,2202,LEGACY,0.75,0.02439519576728344,0.9231130293939056
n50_i995003_T_a2202_LEGACY,n50_i995003_T_a2202,50,995003,T,2202,LEGACY,0.9,0.23929370287805796,0.9395237924985411
n50_i995003_T_a2202_LEGACY,n50_i995003_T_a2202,50,995003,T,2202,LEGACY,1.0,0.16936155501753092,0.9530363695445687
n50_i995003_T_a2202_REFERENCE,n50_i995003_T_a2202,50,995003,T,2202,REFERENCE,0.1,0.02734159119427204,0.7963102821093694
n50_i995003_T_a2202_REFERENCE,n50_i995003_T_a2202,50,995003,T,2202,REFERENCE,0.25,0.10485415905714035,0.8794344803335683
n50_i995003_T_a2202_REFERENCE,n50_i995003_T_a2202,50,995003,T,2202,REFERENCE,0.5,0.02858174778521061,0.9267533091946323
n50_i995003_T_a2202_REFERENCE,n50_i995003_T_a2202,50,995003,T,2202,REFERENCE,0.75,0.06327957566827536,0.9398124997542506
n50_i995003_T_a2202_REFERENCE,n50_i995003_T_a2202,50,995003,T,2202,REFERENCE,0.9,0.01255611889064312,0.9754275507550274
n50_i995003_T_a2202_REFERENCE,n50_i995003_T_a2202,50,995003,T,2202,REFERENCE,1.0,0.3485312992706895,1.0100672677188314
n50_i995003_T_a1101_LEGACY,n50_i995003_T_a1101,50,995003,T,1101,LEGACY,0.1,0.07457190379500389,0.7630563421104815
n50_i995003_T_a1101_LEGACY,n50_i995003_T_a1101,50,995003,T,1101,LEGACY,0.25,0.0021728351712226868,0.8718530846777481
n50_i995003_T_a1101_LEGACY,n50_i995003_T_a1101,50,995003,T,1101,LEGACY,0.5,0.1300265844911337,0.945712720619997
n50_i995003_T_a1101_LEGACY,n50_i995003_T_a1101,50,995003,T,1101,LEGACY,0.75,0.015457076951861382,0.9961946969190579
n50_i995003_T_a1101_LEGACY,n50_i995003_T_a1101,50,995003,T,1101,LEGACY,0.9,0.061144220642745495,0.998871097425274
n50_i995003_T_a1101_LEGACY,n50_i995003_T_a1101,50,995003,T,1101,LEGACY,1.0,0.28837550058960915,1.0038464803313214
n50_i995003_T_a1101_REFERENCE,n50_i995003_T_a1101,50,995003,T,1101,REFERENCE,0.1,0.3946537869051099,0.6494995910725754
n50_i995003_T_a1101_REFERENCE,n50_i995003_T_a1101,50,995003,T,1101,REFERENCE,0.25,0.000929032452404499,0.7735229229660496
n50_i995003_T_a1101_REFERENCE,n50_i995003_T_a1101,50,995003,T,1101,REFERENCE,0.5,0.144813465885818,0.838364642775494
n50_i995003_T_a1101_REFERENCE,n50_i995003_T_a1101,50,995003,T,1101,REFERENCE,0.75,0.08589719701558352,0.8627570072354317
n50_i995003_T_a1101_REFERENCE,n50_i995003_T_a1101,50,995003,T,1101,REFERENCE,0.9,0.002142667770385742,0.8666493784359316
n50_i995003_T_a1101_REFERENCE,n50_i995003_T_a1101,50,995003,T,1101,REFERENCE,1.0,0.19922851584851742,0.867873439208838
n50_i995003_T_a1101_G,n50_i995003_T_a1101,50,995003,T,1101,G,0.1,0.0005769515410065651,0.6493092769230687
n50_i995003_T_a1101_G,n50_i995003_T_a1101,50,995003,T,1101,G,0.25,0.0017846198752522469,0.737868586285091
n50_i995003_T_a1101_G,n50_i995003_T_a1101,50,995003,T,1101,G,0.5,0.0009219171479344368,0.8106965435521754
n50_i995003_T_a1101_G,n50_i995003_T_a1101,50,995003,T,1101,G,0.75,0.3495684154331684,0.8780843651542161
n50_i995003_T_a1101_G,n50_i995003_T_a1101,50,995003,T,1101,G,0.9,0.05526147689670324,0.8952630299275335
n50_i995003_T_a1101_G,n50_i995003_T_a1101,50,995003,T,1101,G,1.0,0.019012554548680782,0.8958010896680105
n50_i995003_T_a1101_W,n50_i995003_T_a1101,50,995003,T,1101,W,0.1,0.01987340021878481,0.7428878468791479
n50_i995003_T_a1101_W,n50_i995003_T_a1101,50,995003,T,1101,W,0.25,0.031644849106669426,0.8824601753557191
n50_i995003_T_a1101_W,n50_i995003_T_a1101,50,995003,T,1101,W,0.5,0.2802703557536006,0.9427287592254423
n50_i995003_T_a1101_W,n50_i995003_T_a1101,50,995003,T,1101,W,0.75,0.002186526544392109,0.9482044884278601
n50_i995003_T_a1101_W,n50_i995003_T_a1101,50,995003,T,1101,W,0.9,0.39933160971850157,0.9533104646662554
n50_i995003_T_a1101_W,n50_i995003_T_a1101,50,995003,T,1101,W,1.0,0.4075705334544182,0.9540611975619389
n50_i995003_T_a1101_GW,n50_i995003_T_a1101,50,995003,T,1101,GW,0.1,0.026730007492005825,0.7535161217390427
n50_i995003_T_a1101_GW,n50_i995003_T_a1101,50,995003,T,1101,GW,0.25,0.004352436400949955,0.9126204232286506
n50_i995003_T_a1101_GW,n50_i995003_T_a1101,50,995003,T,1101,GW,0.5,0.00047570932656526566,0.9652625252279573
n50_i995003_T_a1101_GW,n50_i995003_T_a1101,50,995003,T,1101,GW,0.75,0.14388420898467302,1.001108182929864
n50_i995003_T_a1101_GW,n50_i995003_T_a1101,50,995003,T,1101,GW,0.9,0.03522584866732359,1.0031892008333585
n50_i995003_T_a1101_GW,n50_i995003_T_a1101,50,995003,T,1101,GW,1.0,0.02492530457675457,1.0045035205393347
n50_i995004_H_a1101_GW,n50_i995004_H_a1101,50,995004,H,1101,GW,0.1,0.24965854827314615,0.5103103405757599
n50_i995004_H_a1101_GW,n50_i995004_H_a1101,50,995004,H,1101,GW,0.25,0.021168376319110394,0.7069275254393474
n50_i995004_H_a1101_GW,n50_i995004_H_a1101,50,995004,H,1101,GW,0.5,0.16181295178830624,0.8080570576344002
n50_i995004_H_a1101_GW,n50_i995004_H_a1101,50,995004,H,1101,GW,0.75,0.004038745537400246,0.823037341328557
n50_i995004_H_a1101_GW,n50_i995004_H_a1101,50,995004,H,1101,GW,0.9,0.47521112859249115,0.8345992726747657
n50_i995004_H_a1101_GW,n50_i995004_H_a1101,50,995004,H,1101,GW,1.0,0.4043082566931844,0.8393405149196581
n50_i995004_H_a1101_LEGACY,n50_i995004_H_a1101,50,995004,H,1101,LEGACY,0.1,0.10362965799868107,0.5599851874205022
n50_i995004_H_a1101_LEGACY,n50_i995004_H_a1101,50,995004,H,1101,LEGACY,0.25,0.15744897071272135,0.6278033090621188
n50_i995004_H_a1101_LEGACY,n50_i995004_H_a1101,50,995004,H,1101,LEGACY,0.5,0.003595879301428795,0.7692052507592873
n50_i995004_H_a1101_LEGACY,n50_i995004_H_a1101,50,995004,H,1101,LEGACY,0.75,0.05593319144099951,0.7798700808607848
n50_i995004_H_a1101_LEGACY,n50_i995004_H_a1101,50,995004,H,1101,LEGACY,0.9,0.014713398180902004,0.78749052838564
n50_i995004_H_a1101_LEGACY,n50_i995004_H_a1101,50,995004,H,1101,LEGACY,1.0,0.2102459780871868,0.7929392051501702
n50_i995004_H_a1101_REFERENCE,n50_i995004_H_a1101,50,995004,H,1101,REFERENCE,0.1,0.05659547075629234,0.19122861018093093
n50_i995004_H_a1101_REFERENCE,n50_i995004_H_a1101,50,995004,H,1101,REFERENCE,0.25,0.00282848346978426,0.4911280663499731
n50_i995004_H_a1101_REFERENCE,n50_i995004_H_a1101,50,995004,H,1101,REFERENCE,0.5,0.0021994495764374733,0.5657187167406488
n50_i995004_H_a1101_REFERENCE,n50_i995004_H_a1101,50,995004,H,1101,REFERENCE,0.75,0.0005071284249424934,0.5792190606910163
n50_i995004_H_a1101_REFERENCE,n50_i995004_H_a1101,50,995004,H,1101,REFERENCE,0.9,0.0026013366878032684,0.5807935973314647
n50_i995004_H_a1101_REFERENCE,n50_i995004_H_a1101,50,995004,H,1101,REFERENCE,1.0,0.2579243974760175,0.5819006794642165
n50_i995004_H_a1101_G,n50_i995004_H_a1101,50,995004,H,1101,G,0.1,0.3823207803070545,0.18178868468187834
n50_i995004_H_a1101_G,n50_i995004_H_a1101,50,995004,H,1101,G,0.25,0.27669993601739407,0.4700183364483559
n50_i995004_H_a1101_G,n50_i995004_H_a1101,50,995004,H,1101,G,0.5,0.02637099288403988,0.6506948868208603
n50_i995004_H_a1101_G,n50_i995004_H_a1101,50,995004,H,1101,G,0.75,0.0035747839137911797,0.6825629364275889
n50_i995004_H_a1101_G,n50_i995004_H_a1101,50,995004,H,1101,G,0.9,0.0011895662173628807,0.7395194948472343
n50_i995004_H_a1101_G,n50_i995004_H_a1101,50,995004,H,1101,G,1.0,0.2510447585955262,0.8040692443475327
n50_i995004_H_a1101_W,n50_i995004_H_a1101,50,995004,H,1101,W,0.1,0.3229936733841896,0.49037019118448744
n50_i995004_H_a1101_W,n50_i995004_H_a1101,50,995004,H,1101,W,0.25,0.06144652236253023,0.56101172311022
n50_i995004_H_a1101_W,n50_i995004_H_a1101,50,995004,H,1101,W,0.5,0.006047113798558712,0.6181932514342083
n50_i995004_H_a1101_W,n50_i995004_H_a1101,50,995004,H,1101,W,0.75,0.05032627563923597,0.6477430236482106
n50_i995004_H_a1101_W,n50_i995004_H_a1101,50,995004,H,1101,W,0.9,0.037254479713737965,0.6635267023920777
n50_i995004_H_a1101_W,n50_i995004_H_a1101,50,995004,H,1101,W,1.0,0.28217018116265535,0.6640881121343095
n50_i995004_H_a2202_REFERENCE,n50_i995004_H_a2202,50,995004,H,2202,REFERENCE,0.1,0.12715714797377586,0.3840095137969523
n50_i995004_H_a2202_REFERENCE,n50_i995004_H_a2202,50,995004,H,2202,REFERENCE,0.25,0.03489863499999046,0.5664959139669807
n50_i995004_H_a2202_REFERENCE,n50_i995004_H_a2202,50,995004,H,2202,REFERENCE,0.5,0.0834100628271699,0.7607708734879163
n50_i995004_H_a2202_REFERENCE,n50_i995004_H_a2202,50,995004,H,2202,REFERENCE,0.75,7.417052984237671e-06,0.7802342038360199
n50_i995004_H_a2202_REFERENCE,n50_i995004_H_a2202,50,995004,H,2202,REFERENCE,0.9,0.0023930538445711136,0.7832671030131348
n50_i995004_H_a2202_REFERENCE,n50_i995004_H_a2202,50,995004,H,2202,REFERENCE,1.0,0.4618232175707817,0.7849560745366402
n50_i995004_H_a2202_G,n50_i995004_H_a2202,50,995004,H,2202,G,0.1,0.03351619094610214,0.37253712717078086
n50_i995004_H_a2202_G,n50_i995004_H_a2202,50,995004,H,2202,G,0.25,0.00394314993172884,0.5915225968901694
n50_i995004_H_a2202_G,n50_i995004_H_a2202,50,995004,H,2202,G,0.5,0.1122936774045229,0.7449563580523324
n50_i995004_H_a2202_G,n50_i995004_H_a2202,50,995004,H,2202,G,0.75,0.3634595274925232,0.7946709928159801
n50_i995004_H_a2202_G,n50_i995004_H_a2202,50,995004,H,2202,G,0.9,0.023182961158454418,0.8083527949212158
n50_i995004_H_a2202_G,n50_i995004_H_a2202,50,995004,H,2202,G,1.0,0.18173684924840927,0.8520363046102326
n50_i995004_H_a2202_W,n50_i995004_H_a2202,50,995004,H,2202,W,0.1,0.030120479874312878,0.3539338479609582
n50_i995004_H_a2202_W,n50_i995004_H_a2202,50,995004,H,2202,W,0.25,0.0043265558779239655,0.5204811962983154
n50_i995004_H_a2202_W,n50_i995004_H_a2202,50,995004,H,2202,W,0.5,0.24996653012931347,0.5969559094566877
n50_i995004_H_a2202_W,n50_i995004_H_a2202,50,995004,H,2202,W,0.75,0.29153142776340246,0.8245810781870571
n50_i995004_H_a2202_W,n50_i995004_H_a2202,50,995004,H,2202,W,0.9,0.2706666747108102,0.8279661825403005
n50_i995004_H_a2202_W,n50_i995004_H_a2202,50,995004,H,2202,W,1.0,0.2629953222349286,0.8292791189678893
n50_i995004_H_a2202_GW,n50_i995004_H_a2202,50,995004,H,2202,GW,0.1,0.027470831759274006,0.35419827765231143
n50_i995004_H_a2202_GW,n50_i995004_H_a2202,50,995004,H,2202,GW,0.25,0.002053256146609783,0.5630085403525162
n50_i995004_H_a2202_GW,n50_i995004_H_a2202,50,995004,H,2202,GW,0.5,0.026868184097111225,0.582833395796018
n50_i995004_H_a2202_GW,n50_i995004_H_a2202,50,995004,H,2202,GW,0.75,0.45412951800972223,0.6040975723918176
n50_i995004_H_a2202_GW,n50_i995004_H_a2202,50,995004,H,2202,GW,0.9,0.047938646748661995,0.6077383681501957
n50_i995004_H_a2202_GW,n50_i995004_H_a2202,50,995004,H,2202,GW,1.0,0.30599222518503666,0.7989652285647532
n50_i995004_H_a2202_LEGACY,n50_i995004_H_a2202,50,995004,H,2202,LEGACY,0.1,0.002027423121035099,0.37142185999273175
n50_i995004_H_a2202_LEGACY,n50_i995004_H_a2202,50,995004,H,2202,LEGACY,0.25,0.05980152357369661,0.5910638482205439
n50_i995004_H_a2202_LEGACY,n50_i995004_H_a2202,50,995004,H,2202,LEGACY,0.5,0.007681041955947876,0.7161018222879839
n50_i995004_H_a2202_LEGACY,n50_i995004_H_a2202,50,995004,H,2202,LEGACY,0.75,0.004886757582426071,0.7363114535472318
n50_i995004_H_a2202_LEGACY,n50_i995004_H_a2202,50,995004,H,2202,LEGACY,0.9,0.023805473931133747,0.813822307452691
n50_i995004_H_a2202_LEGACY,n50_i995004_H_a2202,50,995004,H,2202,LEGACY,1.0,0.3574592648074031,0.8214847461256917
n50_i995004_T_a2202_G,n50_i995004_T_a2202,50,995004,T,2202,G,0.1,0.1992413066327572,0.5488912728172558
n50_i995004_T_a2202_G,n50_i995004_T_a2202,50,995004,T,2202,G,0.25,0.0037425998598337173,0.7223754408641567
n50_i995004_T_a2202_G,n50_i995004_T_a2202,50,995004,T,2202,G,0.5,0.2905465727671981,0.7950731747666115
n50_i995004_T_a2202_G,n50_i995004_T_a2202,50,995004,T,2202,G,0.75,0.2533335601910949,0.8625925494418619
n50_i995004_T_a2202_G,n50_i995004_T_a2202,50,995004,T,2202,G,0.9,0.022256839089095592,0.9001711932444557
n50_i995004_T_a2202_G,n50_i995004_T_a2202,50,995004,T,2202,G,1.0,0.11426303908228874,0.943184273895114
n50_i995004_T_a2202_W,n50_i995004_T_a2202,50,995004,T,2202,W,0.1,0.2379286028444767,0.4409799656205749
n50_i995004_T_a2202_W,n50_i995004_T_a2202,50,995004,T,2202,W,0.25,0.2948988154530525,0.6286118029920217
n50_i995004_T_a2202_W,n50_i995004_T_a2202,50,995004,T,2202,W,0.5,0.038420372642576694,0.9624107136193903
n50_i995004_T_a2202_W,n50_i995004_T_a2202,50,995004,T,2202,W,0.75,0.13503670506179333,0.9952070787757197
n50_i995004_T_a2202_W,n50_i995004_T_a2202,50,995004,T,2202,W,0.9,0.0016170628368854523,1.0529065258323416
n50_i995004_T_a2202_W,n50_i995004_T_a2202,50,995004,T,2202,W,1.0,0.20933604147285223,1.0555705160128268
n50_i995004_T_a2202_GW,n50_i995004_T_a2202,50,995004,T,2202,GW,0.1,0.043904769234359264,0.44768964940257755
n50_i995004_T_a2202_GW,n50_i995004_T_a2202,50,995004,T,2202,GW,0.25,0.00020592380315065384,0.6942471421211764
n50_i995004_T_a2202_GW,n50_i995004_T_a2202,50,995004,T,2202,GW,0.5,0.1138752643018961,0.8117520019003522
n50_i995004_T_a2202_GW,n50_i995004_T_a2202,50,995004,T,2202,GW,0.75,0.7878150073811412,0.8900571596983484
n50_i995004_T_a2202_GW,n50_i995004_T_a2202,50,995004,T,2202,GW,0.9,0.006525624543428421,0.893143145394799
n50_i995004_T_a2202_GW,n50_i995004_T_a2202,50,995004,T,2202,GW,1.0,0.4806149620562792,0.8931853070629981
n50_i995004_T_a2202_LEGACY,n50_i995004_T_a2202,50,995004,T,2202,LEGACY,0.1,0.02540445700287819,0.34330998053045275
n50_i995004_T_a2202_LEGACY,n50_i995004_T_a2202,50,995004,T,2202,LEGACY,0.25,0.0066287098452448845,0.5294100437836504
n50_i995004_T_a2202_LEGACY,n50_i995004_T_a2202,50,995004,T,2202,LEGACY,0.5,0.07847982831299305,0.6077533057930692
n50_i995004_T_a2202_LEGACY,n50_i995004_T_a2202,50,995004,T,2202,LEGACY,0.75,0.270818036980927,0.6453053856745667
n50_i995004_T_a2202_LEGACY,n50_i995004_T_a2202,50,995004,T,2202,LEGACY,0.9,0.5457922099158168,0.6848546403171695
n50_i995004_T_a2202_LEGACY,n50_i995004_T_a2202,50,995004,T,2202,LEGACY,1.0,0.6371569922193885,0.6856920359117079
n50_i995004_T_a2202_REFERENCE,n50_i995004_T_a2202,50,995004,T,2202,REFERENCE,0.1,0.013582207262516022,0.3997729559320276
n50_i995004_T_a2202_REFERENCE,n50_i995004_T_a2202,50,995004,T,2202,REFERENCE,0.25,0.0009638862684369087,0.70006063858801
n50_i995004_T_a2202_REFERENCE,n50_i995004_T_a2202,50,995004,T,2202,REFERENCE,0.5,0.0029348721727728844,0.9334690597132703
n50_i995004_T_a2202_REFERENCE,n50_i995004_T_a2202,50,995004,T,2202,REFERENCE,0.75,0.003555387258529663,1.004130656228873
n50_i995004_T_a2202_REFERENCE,n50_i995004_T_a2202,50,995004,T,2202,REFERENCE,0.9,0.28040374629199505,1.01053650481268
n50_i995004_T_a2202_REFERENCE,n50_i995004_T_a2202,50,995004,T,2202,REFERENCE,1.0,0.004132171161472797,1.0119146117261075
n50_i995004_T_a1101_LEGACY,n50_i995004_T_a1101,50,995004,T,1101,LEGACY,0.1,0.040302637964487076,0.21512525760667153
n50_i995004_T_a1101_LEGACY,n50_i995004_T_a1101,50,995004,T,1101,LEGACY,0.25,0.06077062617987394,0.7181358094542942
n50_i995004_T_a1101_LEGACY,n50_i995004_T_a1101,50,995004,T,1101,LEGACY,0.5,0.36827278789132833,0.7333773912070334
n50_i995004_T_a1101_LEGACY,n50_i995004_T_a1101,50,995004,T,1101,LEGACY,0.75,0.004730014130473137,0.7389499230444322
n50_i995004_T_a1101_LEGACY,n50_i995004_T_a1101,50,995004,T,1101,LEGACY,0.9,0.005308438092470169,0.7407021371332131
n50_i995004_T_a1101_LEGACY,n50_i995004_T_a1101,50,995004,T,1101,LEGACY,1.0,0.40773068368434906,0.7411626584772835
n50_i995004_T_a1101_REFERENCE,n50_i995004_T_a1101,50,995004,T,1101,REFERENCE,0.1,0.012938869185745716,0.33127582456949367
n50_i995004_T_a1101_REFERENCE,n50_i995004_T_a1101,50,995004,T,1101,REFERENCE,0.25,0.003516513854265213,0.4437731033391561
n50_i995004_T_a1101_REFERENCE,n50_i995004_T_a1101,50,995004,T,1101,REFERENCE,0.5,0.07439390663057566,0.4672661865777538
n50_i995004_T_a1101_REFERENCE,n50_i995004_T_a1101,50,995004,T,1101,REFERENCE,0.75,0.014104938134551048,0.6310238088906948
n50_i995004_T_a1101_REFERENCE,n50_i995004_T_a1101,50,995004,T,1101,REFERENCE,0.9,0.3153055626899004,0.66799978304337
n50_i995004_T_a1101_REFERENCE,n50_i995004_T_a1101,50,995004,T,1101,REFERENCE,1.0,0.31770315393805504,0.6747020492009483
n50_i995004_T_a1101_G,n50_i995004_T_a1101,50,995004,T,1101,G,0.1,0.0032427432015538216,0.33127582456949367
n50_i995004_T_a1101_G,n50_i995004_T_a1101,50,995004,T,1101,G,0.25,0.0010504117235541344,0.4461855167086156
n50_i995004_T_a1101_G,n50_i995004_T_a1101,50,995004,T,1101,G,0.5,0.0041074687615036964,0.5502389494949066
n50_i995004_T_a1101_G,n50_i995004_T_a1101,50,995004,T,1101,G,0.75,0.05932554043829441,0.6225137232003468
n50_i995004_T_a1101_G,n50_i995004_T_a1101,50,995004,T,1101,G,0.9,0.39057156443595886,0.6443495130322142
n50_i995004_T_a1101_G,n50_i995004_T_a1101,50,995004,T,1101,G,1.0,0.0794140063226223,0.6718146525521961
n50_i995004_T_a1101_W,n50_i995004_T_a1101,50,995004,T,1101,W,0.1,0.11195786204189062,0.2576932255883969
n50_i995004_T_a1101_W,n50_i995004_T_a1101,50,995004,T,1101,W,0.25,0.053718979470431805,0.44648938778908176
n50_i995004_T_a1101_W,n50_i995004_T_a1101,50,995004,T,1101,W,0.5,0.21902772691100836,0.5587389805589477
n50_i995004_T_a1101_W,n50_i995004_T_a1101,50,995004,T,1101,W,0.75,0.006094331853091717,0.5765665044129036
n50_i995004_T_a1101_W,n50_i995004_T_a1101,50,995004,T,1101,W,0.9,0.4327148972079158,0.5795641376079705
n50_i995004_T_a1101_W,n50_i995004_T_a1101,50,995004,T,1101,W,1.0,0.2575653651729226,0.5821955225350344
n50_i995004_T_a1101_GW,n50_i995004_T_a1101,50,995004,T,1101,GW,0.1,0.02370657492429018,0.2575698230088708
n50_i995004_T_a1101_GW,n50_i995004_T_a1101,50,995004,T,1101,GW,0.25,0.02075015753507614,0.47816568027166745
n50_i995004_T_a1101_GW,n50_i995004_T_a1101,50,995004,T,1101,GW,0.5,0.1163433725014329,0.6402803196485154
n50_i995004_T_a1101_GW,n50_i995004_T_a1101,50,995004,T,1101,GW,0.75,0.014733364805579185,0.7774550612251768
n50_i995004_T_a1101_GW,n50_i995004_T_a1101,50,995004,T,1101,GW,0.9,0.528217307291925,0.7838936516910523
n50_i995004_T_a1101_GW,n50_i995004_T_a1101,50,995004,T,1101,GW,1.0,0.5216661058366299,0.785026206564731
n50_i995005_H_a2202_LEGACY,n50_i995005_H_a2202,50,995005,H,2202,LEGACY,0.1,0.0034995125606656075,0.51654818048706
n50_i995005_H_a2202_LEGACY,n50_i995005_H_a2202,50,995005,H,2202,LEGACY,0.25,0.00275231059640646,0.7099505214649526
n50_i995005_H_a2202_LEGACY,n50_i995005_H_a2202,50,995005,H,2202,LEGACY,0.5,0.0033809058368206024,0.7615087479750747
n50_i995005_H_a2202_LEGACY,n50_i995005_H_a2202,50,995005,H,2202,LEGACY,0.75,0.08629816398024559,0.7783336417507326
n50_i995005_H_a2202_LEGACY,n50_i995005_H_a2202,50,995005,H,2202,LEGACY,0.9,0.22290760464966297,0.7868145962277258
n50_i995005_H_a2202_LEGACY,n50_i995005_H_a2202,50,995005,H,2202,LEGACY,1.0,0.05698039382696152,0.7875778544329759
n50_i995005_H_a2202_REFERENCE,n50_i995005_H_a2202,50,995005,H,2202,REFERENCE,0.1,0.11002749390900135,0.37422306962148505
n50_i995005_H_a2202_REFERENCE,n50_i995005_H_a2202,50,995005,H,2202,REFERENCE,0.25,0.02681531198322773,0.60393073184754
n50_i995005_H_a2202_REFERENCE,n50_i995005_H_a2202,50,995005,H,2202,REFERENCE,0.5,0.05439991410821676,0.6421957252749556
n50_i995005_H_a2202_REFERENCE,n50_i995005_H_a2202,50,995005,H,2202,REFERENCE,0.75,0.018119044601917267,0.7740804879582475
n50_i995005_H_a2202_REFERENCE,n50_i995005_H_a2202,50,995005,H,2202,REFERENCE,0.9,0.31430820282548666,0.940989213375933
n50_i995005_H_a2202_REFERENCE,n50_i995005_H_a2202,50,995005,H,2202,REFERENCE,1.0,0.13875790871679783,0.965789313985881
n50_i995005_H_a2202_G,n50_i995005_H_a2202,50,995005,H,2202,G,0.1,0.09563730657100677,0.4365752463596266
n50_i995005_H_a2202_G,n50_i995005_H_a2202,50,995005,H,2202,G,0.25,0.04267907701432705,0.6092032560493228
n50_i995005_H_a2202_G,n50_i995005_H_a2202,50,995005,H,2202,G,0.5,0.08275015838444233,0.6279853965858493
n50_i995005_H_a2202_G,n50_i995005_H_a2202,50,995005,H,2202,G,0.75,0.7056358177214861,0.6410033656423016
n50_i995005_H_a2202_G,n50_i995005_H_a2202,50,995005,H,2202,G,0.9,0.6488577648997307,0.6456793926273272
n50_i995005_H_a2202_G,n50_i995005_H_a2202,50,995005,H,2202,G,1.0,0.2554250154644251,0.6548234594850328
n50_i995005_H_a2202_W,n50_i995005_H_a2202,50,995005,H,2202,W,0.1,0.07084192149341106,0.3137662465602475
n50_i995005_H_a2202_W,n50_i995005_H_a2202,50,995005,H,2202,W,0.25,0.0037652142345905304,0.4970444570206883
n50_i995005_H_a2202_W,n50_i995005_H_a2202,50,995005,H,2202,W,0.5,0.028085018508136272,0.6883375403862111
n50_i995005_H_a2202_W,n50_i995005_H_a2202,50,995005,H,2202,W,0.75,0.09949013218283653,0.7468015917931031
n50_i995005_H_a2202_W,n50_i995005_H_a2202,50,995005,H,2202,W,0.9,0.006573810242116451,0.7511609968769
n50_i995005_H_a2202_W,n50_i995005_H_a2202,50,995005,H,2202,W,1.0,0.1691489052027464,0.7536695382422605
n50_i995005_H_a2202_GW,n50_i995005_H_a2202,50,995005,H,2202,GW,0.1,0.0006082821637392044,0.3137662465602475
n50_i995005_H_a2202_GW,n50_i995005_H_a2202,50,995005,H,2202,GW,0.25,0.009342463687062263,0.5151049307857462
n50_i995005_H_a2202_GW,n50_i995005_H_a2202,50,995005,H,2202,GW,0.5,0.006189329549670219,0.730128708868947
n50_i995005_H_a2202_GW,n50_i995005_H_a2202,50,995005,H,2202,GW,0.75,0.092658631503582,0.7530246703976192
n50_i995005_H_a2202_GW,n50_i995005_H_a2202,50,995005,H,2202,GW,0.9,0.04103940073400736,0.7597520623542132
n50_i995005_H_a2202_GW,n50_i995005_H_a2202,50,995005,H,2202,GW,1.0,0.2347049005329609,0.7932640711695609
n50_i995005_H_a1101_W,n50_i995005_H_a1101,50,995005,H,1101,W,0.1,0.04627763479948044,0.30916347020478346
n50_i995005_H_a1101_W,n50_i995005_H_a1101,50,995005,H,1101,W,0.25,0.003175392746925354,0.485584726451733
n50_i995005_H_a1101_W,n50_i995005_H_a1101,50,995005,H,1101,W,0.5,0.022211944684386253,0.5808816365884847
n50_i995005_H_a1101_W,n50_i995005_H_a1101,50,995005,H,1101,W,0.75,0.0009823190048336983,0.721649050942769
n50_i995005_H_a1101_W,n50_i995005_H_a1101,50,995005,H,1101,W,0.9,0.048017180524766445,0.7897384111413541
n50_i995005_H_a1101_W,n50_i995005_H_a1101,50,995005,H,1101,W,1.0,0.17587090469896793,0.7983228351643746
n50_i995005_H_a1101_GW,n50_i995005_H_a1101,50,995005,H,1101,GW,0.1,0.012628374621272087,0.247787096175325
n50_i995005_H_a1101_GW,n50_i995005_H_a1101,50,995005,H,1101,GW,0.25,0.286110483109951,0.4656732751831793
n50_i995005_H_a1101_GW,n50_i995005_H_a1101,50,995005,H,1101,GW,0.5,0.0019526658579707146,0.6661158032476653
n50_i995005_H_a1101_GW,n50_i995005_H_a1101,50,995005,H,1101,GW,0.75,0.0007430743426084518,0.7011819872261303
n50_i995005_H_a1101_GW,n50_i995005_H_a1101,50,995005,H,1101,GW,0.9,0.034479958936572075,0.7450076265933651
n50_i995005_H_a1101_GW,n50_i995005_H_a1101,50,995005,H,1101,GW,1.0,0.288038800470531,0.7475100594976093
n50_i995005_H_a1101_LEGACY,n50_i995005_H_a1101,50,995005,H,1101,LEGACY,0.1,0.004998370073735714,0.2836970502720366
n50_i995005_H_a1101_LEGACY,n50_i995005_H_a1101,50,995005,H,1101,LEGACY,0.25,0.09089584276080132,0.4506560457296172
n50_i995005_H_a1101_LEGACY,n50_i995005_H_a1101,50,995005,H,1101,LEGACY,0.5,0.004806305281817913,0.5016432179612714
n50_i995005_H_a1101_LEGACY,n50_i995005_H_a1101,50,995005,H,1101,LEGACY,0.75,0.3938442235812545,0.5884516308692881
n50_i995005_H_a1101_LEGACY,n50_i995005_H_a1101,50,995005,H,1101,LEGACY,0.9,0.004428539425134659,0.6028669223836175
n50_i995005_H_a1101_LEGACY,n50_i995005_H_a1101,50,995005,H,1101,LEGACY,1.0,0.030414934270083904,0.6114352368376141
n50_i995005_H_a1101_REFERENCE,n50_i995005_H_a1101,50,995005,H,1101,REFERENCE,0.1,0.00946296937763691,0.40773083245748803
n50_i995005_H_a1101_REFERENCE,n50_i995005_H_a1101,50,995005,H,1101,REFERENCE,0.25,0.0943008866161108,0.498009282465423
n50_i995005_H_a1101_REFERENCE,n50_i995005_H_a1101,50,995005,H,1101,REFERENCE,0.5,0.694095803424716,0.7341912247763976
n50_i995005_H_a1101_REFERENCE,n50_i995005_H_a1101,50,995005,H,1101,REFERENCE,0.75,0.003832574002444744,0.7611527923752033
n50_i995005_H_a1101_REFERENCE,n50_i995005_H_a1101,50,995005,H,1101,REFERENCE,0.9,0.00330485962331295,0.7635526989516805
n50_i995005_H_a1101_REFERENCE,n50_i995005_H_a1101,50,995005,H,1101,REFERENCE,1.0,0.2584348265081644,0.764463099205601
n50_i995005_H_a1101_G,n50_i995005_H_a1101,50,995005,H,1101,G,0.1,0.08473999705165625,0.2589953767333511
n50_i995005_H_a1101_G,n50_i995005_H_a1101,50,995005,H,1101,G,0.25,0.21545061003416777,0.5077594553887709
n50_i995005_H_a1101_G,n50_i995005_H_a1101,50,995005,H,1101,G,0.5,0.0018105730414390564,0.5729792102717968
n50_i995005_H_a1101_G,n50_i995005_H_a1101,50,995005,H,1101,G,0.75,0.01688414439558983,0.5852818455936737
n50_i995005_H_a1101_G,n50_i995005_H_a1101,50,995005,H,1101,G,0.9,0.13611899502575397,0.635041893862494
n50_i995005_H_a1101_G,n50_i995005_H_a1101,50,995005,H,1101,G,1.0,0.07216898817569017,0.6407321709291153
n50_i995005_T_a1101_GW,n50_i995005_T_a1101,50,995005,T,1101,GW,0.1,0.09137720707803965,0.535212559571319
n50_i995005_T_a1101_GW,n50_i995005_T_a1101,50,995005,T,1101,GW,0.25,0.0034025777131319046,0.7231836177764882
n50_i995005_T_a1101_GW,n50_i995005_T_a1101,50,995005,T,1101,GW,0.5,0.000438593327999115,0.7682789431193798
n50_i995005_T_a1101_GW,n50_i995005_T_a1101,50,995005,T,1101,GW,0.75,0.03565139323472977,0.9567414771851868
n50_i995005_T_a1101_GW,n50_i995005_T_a1101,50,995005,T,1101,GW,0.9,0.004712351597845554,0.9882005018535419
n50_i995005_T_a1101_GW,n50_i995005_T_a1101,50,995005,T,1101,GW,1.0,0.20461529586464167,0.9969158467285489
n50_i995005_T_a1101_LEGACY,n50_i995005_T_a1101,50,995005,T,1101,LEGACY,0.1,0.16338045243173838,0.5051623559913412
n50_i995005_T_a1101_LEGACY,n50_i995005_T_a1101,50,995005,T,1101,LEGACY,0.25,0.018663423135876656,0.7264994378190863
n50_i995005_T_a1101_LEGACY,n50_i995005_T_a1101,50,995005,T,1101,LEGACY,0.5,0.3472483493387699,0.8086774852425127
n50_i995005_T_a1101_LEGACY,n50_i995005_T_a1101,50,995005,T,1101,LEGACY,0.75,0.24346953723579645,0.8380306535781743
n50_i995005_T_a1101_LEGACY,n50_i995005_T_a1101,50,995005,T,1101,LEGACY,0.9,0.00012087076902389526,0.8412140467111788
n50_i995005_T_a1101_LEGACY,n50_i995005_T_a1101,50,995005,T,1101,LEGACY,1.0,0.09083509258925915,0.8622180852499975
n50_i995005_T_a1101_REFERENCE,n50_i995005_T_a1101,50,995005,T,1101,REFERENCE,0.1,0.09827947523444891,0.5209342545242032
n50_i995005_T_a1101_REFERENCE,n50_i995005_T_a1101,50,995005,T,1101,REFERENCE,0.25,0.02912403829395771,0.6262281185061344
n50_i995005_T_a1101_REFERENCE,n50_i995005_T_a1101,50,995005,T,1101,REFERENCE,0.5,0.008141476660966873,0.8186491242146645
n50_i995005_T_a1101_REFERENCE,n50_i995005_T_a1101,50,995005,T,1101,REFERENCE,0.75,0.004050570540130138,0.9179768451060717
n50_i995005_T_a1101_REFERENCE,n50_i995005_T_a1101,50,995005,T,1101,REFERENCE,0.9,0.052287076599895954,0.9326499216566446
n50_i995005_T_a1101_REFERENCE,n50_i995005_T_a1101,50,995005,T,1101,REFERENCE,1.0,0.4029810084030032,0.9356501243867922
n50_i995005_T_a1101_G,n50_i995005_T_a1101,50,995005,T,1101,G,0.1,0.05996981356292963,0.5291225603558759
n50_i995005_T_a1101_G,n50_i995005_T_a1101,50,995005,T,1101,G,0.25,0.008709804154932499,0.6528801960620506
n50_i995005_T_a1101_G,n50_i995005_T_a1101,50,995005,T,1101,G,0.5,0.029391727410256863,0.7599361258044199
n50_i995005_T_a1101_G,n50_i995005_T_a1101,50,995005,T,1101,G,0.75,0.22335037775337696,0.8581018905698862
n50_i995005_T_a1101_G,n50_i995005_T_a1101,50,995005,T,1101,G,0.9,0.16815111599862576,0.9118372785179504
n50_i995005_T_a1101_G,n50_i995005_T_a1101,50,995005,T,1101,G,1.0,0.18299047835171223,0.9184366767531593
n50_i995005_T_a1101_W,n50_i995005_T_a1101,50,995005,T,1101,W,0.1,0.0010602707043290138,0.6175404988755325
n50_i995005_T_a1101_W,n50_i995005_T_a1101,50,995005,T,1101,W,0.25,0.03824263904243708,0.7704877370301345
n50_i995005_T_a1101_W,n50_i995005_T_a1101,50,995005,T,1101,W,0.5,0.43791081476956606,0.8783140489618528
n50_i995005_T_a1101_W,n50_i995005_T_a1101,50,995005,T,1101,W,0.75,0.03134897444397211,0.9502689300387716
n50_i995005_T_a1101_W,n50_i995005_T_a1101,50,995005,T,1101,W,0.9,0.002654634416103363,0.984989191045677
n50_i995005_T_a1101_W,n50_i995005_T_a1101,50,995005,T,1101,W,1.0,0.02865494042634964,0.9993814039022436
n50_i995005_T_a2202_REFERENCE,n50_i995005_T_a2202,50,995005,T,2202,REFERENCE,0.1,0.00997055321931839,0.48195074551754635
n50_i995005_T_a2202_REFERENCE,n50_i995005_T_a2202,50,995005,T,2202,REFERENCE,0.25,0.1330252904444933,0.8060008878080006
n50_i995005_T_a2202_REFERENCE,n50_i995005_T_a2202,50,995005,T,2202,REFERENCE,0.5,0.015265386551618576,0.9569615417562009
n50_i995005_T_a2202_REFERENCE,n50_i995005_T_a2202,50,995005,T,2202,REFERENCE,0.75,0.0038219112902879715,1.0192017874500507
n50_i995005_T_a2202_REFERENCE,n50_i995005_T_a2202,50,995005,T,2202,REFERENCE,0.9,0.09157513454556465,1.0438877212372735
n50_i995005_T_a2202_REFERENCE,n50_i995005_T_a2202,50,995005,T,2202,REFERENCE,1.0,0.32629025913774967,1.0728979984223248
n50_i995005_T_a2202_G,n50_i995005_T_a2202,50,995005,T,2202,G,0.1,0.011673361994326115,0.6537826851499934
n50_i995005_T_a2202_G,n50_i995005_T_a2202,50,995005,T,2202,G,0.25,0.08718891814351082,0.7895890134755995
n50_i995005_T_a2202_G,n50_i995005_T_a2202,50,995005,T,2202,G,0.5,0.0030050063505768776,0.8688057910038254
n50_i995005_T_a2202_G,n50_i995005_T_a2202,50,995005,T,2202,G,0.75,0.04157365299761295,0.873632249038579
n50_i995005_T_a2202_G,n50_i995005_T_a2202,50,995005,T,2202,G,0.9,0.023361993953585625,0.8752866168983863
n50_i995005_T_a2202_G,n50_i995005_T_a2202,50,995005,T,2202,G,1.0,0.0037309816107153893,0.8763903793418871
n50_i995005_T_a2202_W,n50_i995005_T_a2202,50,995005,T,2202,W,0.1,0.015155280008912086,0.5845111136853274
n50_i995005_T_a2202_W,n50_i995005_T_a2202,50,995005,T,2202,W,0.25,0.06484849099069834,0.6847611969835548
n50_i995005_T_a2202_W,n50_i995005_T_a2202,50,995005,T,2202,W,0.5,4.5085325837135315e-05,0.7492335088053247
n50_i995005_T_a2202_W,n50_i995005_T_a2202,50,995005,T,2202,W,0.75,0.2690199902281165,0.8720487756951352
n50_i995005_T_a2202_W,n50_i995005_T_a2202,50,995005,T,2202,W,0.9,0.004085341468453407,0.9051817164449074
n50_i995005_T_a2202_W,n50_i995005_T_a2202,50,995005,T,2202,W,1.0,0.08567712362855673,0.9171857762188932
n50_i995005_T_a2202_GW,n50_i995005_T_a2202,50,995005,T,2202,GW,0.1,0.24446409568190575,0.7045550531029645
n50_i995005_T_a2202_GW,n50_i995005_T_a2202,50,995005,T,2202,GW,0.25,0.031140522100031376,0.8765095895852569
n50_i995005_T_a2202_GW,n50_i995005_T_a2202,50,995005,T,2202,GW,0.5,0.08398242574185133,0.965574143179025
n50_i995005_T_a2202_GW,n50_i995005_T_a2202,50,995005,T,2202,GW,0.75,0.13644265942275524,0.9922615389290838
n50_i995005_T_a2202_GW,n50_i995005_T_a2202,50,995005,T,2202,GW,0.9,0.05482724867761135,1.0140332821612432
n50_i995005_T_a2202_GW,n50_i995005_T_a2202,50,995005,T,2202,GW,1.0,0.09410479478538036,1.0219680036471925
n50_i995005_T_a2202_LEGACY,n50_i995005_T_a2202,50,995005,T,2202,LEGACY,0.1,0.25789076182991266,0.5393470745632835
n50_i995005_T_a2202_LEGACY,n50_i995005_T_a2202,50,995005,T,2202,LEGACY,0.25,0.05629035644233227,0.7193919727423529
n50_i995005_T_a2202_LEGACY,n50_i995005_T_a2202,50,995005,T,2202,LEGACY,0.5,0.2502833902835846,0.8286234118606419
n50_i995005_T_a2202_LEGACY,n50_i995005_T_a2202,50,995005,T,2202,LEGACY,0.75,0.008215290494263172,0.9722797388659378
n50_i995005_T_a2202_LEGACY,n50_i995005_T_a2202,50,995005,T,2202,LEGACY,0.9,0.33556393068283796,1.0008367321256586
n50_i995005_T_a2202_LEGACY,n50_i995005_T_a2202,50,995005,T,2202,LEGACY,1.0,0.048652724362909794,1.019002133222996
n50_i995006_H_a2202_LEGACY,n50_i995006_H_a2202,50,995006,H,2202,LEGACY,0.1,0.05587476119399071,0.1843322719323514
n50_i995006_H_a2202_LEGACY,n50_i995006_H_a2202,50,995006,H,2202,LEGACY,0.25,0.051231907680630684,0.5894093766800375
n50_i995006_H_a2202_LEGACY,n50_i995006_H_a2202,50,995006,H,2202,LEGACY,0.5,0.0389463622123003,0.8765523633824505
n50_i995006_H_a2202_LEGACY,n50_i995006_H_a2202,50,995006,H,2202,LEGACY,0.75,0.06556026544421911,1.0946853306613378
n50_i995006_H_a2202_LEGACY,n50_i995006_H_a2202,50,995006,H,2202,LEGACY,0.9,0.018609250895678997,1.0960538785220786
n50_i995006_H_a2202_LEGACY,n50_i995006_H_a2202,50,995006,H,2202,LEGACY,1.0,0.6654421128332615,1.0960756407914216
n50_i995006_H_a2202_REFERENCE,n50_i995006_H_a2202,50,995006,H,2202,REFERENCE,0.1,0.02228594571352005,0.03768820533569752
n50_i995006_H_a2202_REFERENCE,n50_i995006_H_a2202,50,995006,H,2202,REFERENCE,0.25,0.026398945599794388,0.26684704038741
n50_i995006_H_a2202_REFERENCE,n50_i995006_H_a2202,50,995006,H,2202,REFERENCE,0.5,0.007671447470784187,0.5920695712664823
n50_i995006_H_a2202_REFERENCE,n50_i995006_H_a2202,50,995006,H,2202,REFERENCE,0.75,0.001394009217619896,0.6155423176200411
n50_i995006_H_a2202_REFERENCE,n50_i995006_H_a2202,50,995006,H,2202,REFERENCE,0.9,0.06823577173054218,0.6158204637063257
n50_i995006_H_a2202_REFERENCE,n50_i995006_H_a2202,50,995006,H,2202,REFERENCE,1.0,0.10040903929620981,0.6596124915052433
n50_i995006_H_a2202_G,n50_i995006_H_a2202,50,995006,H,2202,G,0.1,0.06732065789401531,0.04127771887332352
n50_i995006_H_a2202_G,n50_i995006_H_a2202,50,995006,H,2202,G,0.25,0.022714385762810707,0.3522982955192891
n50_i995006_H_a2202_G,n50_i995006_H_a2202,50,995006,H,2202,G,0.5,0.00047776754945516586,0.7732950840434557
n50_i995006_H_a2202_G,n50_i995006_H_a2202,50,995006,H,2202,G,0.75,0.0008107675239443779,0.8455099151887938
n50_i995006_H_a2202_G,n50_i995006_H_a2202,50,995006,H,2202,G,0.9,0.3541587246581912,0.8607431861680888
n50_i995006_H_a2202_G,n50_i995006_H_a2202,50,995006,H,2202,G,1.0,0.38988031167536974,0.8722924131685453
n50_i995006_H_a2202_W,n50_i995006_H_a2202,50,995006,H,2202,W,0.1,0.25595182180404663,0.11291538287957621
n50_i995006_H_a2202_W,n50_i995006_H_a2202,50,995006,H,2202,W,0.25,0.01752476394176483,0.2993075759596605
n50_i995006_H_a2202_W,n50_i995006_H_a2202,50,995006,H,2202,W,0.5,0.04736538603901863,0.4060418308176901
n50_i995006_H_a2202_W,n50_i995006_H_a2202,50,995006,H,2202,W,0.75,0.0061669060960412025,0.5237650603309886
n50_i995006_H_a2202_W,n50_i995006_H_a2202,50,995006,H,2202,W,0.9,0.3523726472631097,0.5557326197924196
n50_i995006_H_a2202_W,n50_i995006_H_a2202,50,995006,H,2202,W,1.0,0.15003358107060194,0.5669838064432009
n50_i995006_H_a2202_GW,n50_i995006_H_a2202,50,995006,H,2202,GW,0.1,0.045058329589664936,0.14210644103396416
n50_i995006_H_a2202_GW,n50_i995006_H_a2202,50,995006,H,2202,GW,0.25,0.03925928007811308,0.4364475925326087
n50_i995006_H_a2202_GW,n50_i995006_H_a2202,50,995006,H,2202,GW,0.5,0.004349597729742527,0.6719071135908266
n50_i995006_H_a2202_GW,n50_i995006_H_a2202,50,995006,H,2202,GW,0.75,0.039501472376286983,0.6980539291450396
n50_i995006_H_a2202_GW,n50_i995006_H_a2202,50,995006,H,2202,GW,0.9,0.05888702906668186,0.7561073207713663
n50_i995006_H_a2202_GW,n50_i995006_H_a2202,50,995006,H,2202,GW,1.0,0.27281896118074656,0.767143686737643
n50_i995006_H_a1101_W,n50_i995006_H_a1101,50,995006,H,1101,W,0.1,0.0317274397239089,0.16489000994152775
n50_i995006_H_a1101_W,n50_i995006_H_a1101,50,995006,H,1101,W,0.25,0.04687784984707832,0.42043795959951474
n50_i995006_H_a1101_W,n50_i995006_H_a1101,50,995006,H,1101,W,0.5,0.0569075858220458,0.5624200390712125
n50_i995006_H_a1101_W,n50_i995006_H_a1101,50,995006,H,1101,W,0.75,0.33754673413932323,0.5731232461759116
n50_i995006_H_a1101_W,n50_i995006_H_a1101,50,995006,H,1101,W,0.9,0.04531111568212509,0.5797673977668363
n50_i995006_H_a1101_W,n50_i995006_H_a1101,50,995006,H,1101,W,1.0,0.07502248883247375,0.5814491541855848
n50_i995006_H_a1101_GW,n50_i995006_H_a1101,50,995006,H,1101,GW,0.1,0.0033098841086030006,0.11270008118353891
n50_i995006_H_a1101_GW,n50_i995006_H_a1101,50,995006,H,1101,GW,0.25,0.0025133825838565826,0.3109963476747625
n50_i995006_H_a1101_GW,n50_i995006_H_a1101,50,995006,H,1101,GW,0.5,0.0917814401909709,0.5487961112599292
n50_i995006_H_a1101_GW,n50_i995006_H_a1101,50,995006,H,1101,GW,0.75,0.007449066266417503,0.7116415662706868
n50_i995006_H_a1101_GW,n50_i995006_H_a1101,50,995006,H,1101,GW,0.9,0.30180619563907385,0.7438971395598454
n50_i995006_H_a1101_GW,n50_i995006_H_a1101,50,995006,H,1101,GW,1.0,0.2761028129607439,0.7532533742725517
n50_i995006_H_a1101_LEGACY,n50_i995006_H_a1101,50,995006,H,1101,LEGACY,0.1,0.18523026164621115,0.06925860338161402
n50_i995006_H_a1101_LEGACY,n50_i995006_H_a1101,50,995006,H,1101,LEGACY,0.25,0.007535918615758419,0.33689462970704787
n50_i995006_H_a1101_LEGACY,n50_i995006_H_a1101,50,995006,H,1101,LEGACY,0.5,0.18191539496183395,0.48386349583864324
n50_i995006_H_a1101_LEGACY,n50_i995006_H_a1101,50,995006,H,1101,LEGACY,0.75,0.006347997114062309,0.5472492061908705
n50_i995006_H_a1101_LEGACY,n50_i995006_H_a1101,50,995006,H,1101,LEGACY,0.9,0.01976591255515814,0.5859775041647193
n50_i995006_H_a1101_LEGACY,n50_i995006_H_a1101,50,995006,H,1101,LEGACY,1.0,0.32000301498919725,0.588686299596025
n50_i995006_H_a1101_REFERENCE,n50_i995006_H_a1101,50,995006,H,1101,REFERENCE,0.1,0.03892018087208271,0.08735409846109966
n50_i995006_H_a1101_REFERENCE,n50_i995006_H_a1101,50,995006,H,1101,REFERENCE,0.25,0.15488450787961483,0.38333192672485156
n50_i995006_H_a1101_REFERENCE,n50_i995006_H_a1101,50,995006,H,1101,REFERENCE,0.5,0.003134552389383316,0.4829731201415504
n50_i995006_H_a1101_REFERENCE,n50_i995006_H_a1101,50,995006,H,1101,REFERENCE,0.75,0.043198106810450554,0.7264490252931746
n50_i995006_H_a1101_REFERENCE,n50_i995006_H_a1101,50,995006,H,1101,REFERENCE,0.9,0.30765468906611204,0.8559895967012511
n50_i995006_H_a1101_REFERENCE,n50_i995006_H_a1101,50,995006,H,1101,REFERENCE,1.0,0.0613721888512373,0.8619558395920878
n50_i995006_H_a1101_G,n50_i995006_H_a1101,50,995006,H,1101,G,0.1,0.2964284848421812,0.041491731645253896
n50_i995006_H_a1101_G,n50_i995006_H_a1101,50,995006,H,1101,G,0.25,0.16730076633393764,0.2969184523869571
n50_i995006_H_a1101_G,n50_i995006_H_a1101,50,995006,H,1101,G,0.5,0.03764876630157232,0.43354654659871633
n50_i995006_H_a1101_G,n50_i995006_H_a1101,50,995006,H,1101,G,0.75,0.30154349375516176,0.6430240802779299
n50_i995006_H_a1101_G,n50_i995006_H_a1101,50,995006,H,1101,G,0.9,0.48139345925301313,0.6701050949488748
n50_i995006_H_a1101_G,n50_i995006_H_a1101,50,995006,H,1101,G,1.0,0.02732939086854458,0.6816160371673411
n50_i995006_T_a1101_GW,n50_i995006_T_a1101,50,995006,T,1101,GW,0.1,0.03661438077688217,0.6060656654491265
n50_i995006_T_a1101_GW,n50_i995006_T_a1101,50,995006,T,1101,GW,0.25,0.06509152799844742,0.7118032090313217
n50_i995006_T_a1101_GW,n50_i995006_T_a1101,50,995006,T,1101,GW,0.5,0.010254614986479282,0.815223937170664
n50_i995006_T_a1101_GW,n50_i995006_T_a1101,50,995006,T,1101,GW,0.75,0.027736498974263668,0.8660753088137289
n50_i995006_T_a1101_GW,n50_i995006_T_a1101,50,995006,T,1101,GW,0.9,0.3420353280380368,0.9310641301889055
n50_i995006_T_a1101_GW,n50_i995006_T_a1101,50,995006,T,1101,GW,1.0,0.15157575625926256,0.9397647702665052
n50_i995006_T_a1101_LEGACY,n50_i995006_T_a1101,50,995006,T,1101,LEGACY,0.1,0.13250070437788963,0.5964387224341685
n50_i995006_T_a1101_LEGACY,n50_i995006_T_a1101,50,995006,T,1101,LEGACY,0.25,0.008446596562862396,0.80225887832894
n50_i995006_T_a1101_LEGACY,n50_i995006_T_a1101,50,995006,T,1101,LEGACY,0.5,0.001696879044175148,0.9108672460378054
n50_i995006_T_a1101_LEGACY,n50_i995006_T_a1101,50,995006,T,1101,LEGACY,0.75,0.0036324867978692055,0.9393481773511125
n50_i995006_T_a1101_LEGACY,n50_i995006_T_a1101,50,995006,T,1101,LEGACY,0.9,0.05053201224654913,0.945743774612333
n50_i995006_T_a1101_LEGACY,n50_i995006_T_a1101,50,995006,T,1101,LEGACY,1.0,0.22271694522351027,0.9680481338006678
n50_i995006_T_a1101_REFERENCE,n50_i995006_T_a1101,50,995006,T,1101,REFERENCE,0.1,0.0020396560430526733,0.36233034939126274
n50_i995006_T_a1101_REFERENCE,n50_i995006_T_a1101,50,995006,T,1101,REFERENCE,0.25,0.003465057350695133,0.6355466560537408
n50_i995006_T_a1101_REFERENCE,n50_i995006_T_a1101,50,995006,T,1101,REFERENCE,0.5,0.022328711114823818,0.7666879193707892
n50_i995006_T_a1101_REFERENCE,n50_i995006_T_a1101,50,995006,T,1101,REFERENCE,0.75,0.036861059255898,0.8272902740557425
n50_i995006_T_a1101_REFERENCE,n50_i995006_T_a1101,50,995006,T,1101,REFERENCE,0.9,0.15944251511245966,0.8390946435130123
n50_i995006_T_a1101_REFERENCE,n50_i995006_T_a1101,50,995006,T,1101,REFERENCE,1.0,0.04194054566323757,0.8455201084980122
n50_i995006_T_a1101_G,n50_i995006_T_a1101,50,995006,T,1101,G,0.1,0.0003272220492362976,0.36233034939126274
n50_i995006_T_a1101_G,n50_i995006_T_a1101,50,995006,T,1101,G,0.25,0.0018562832847237587,0.679938082313026
n50_i995006_T_a1101_G,n50_i995006_T_a1101,50,995006,T,1101,G,0.5,0.18647217843681574,0.8539294388451536
n50_i995006_T_a1101_G,n50_i995006_T_a1101,50,995006,T,1101,G,0.75,0.09796246886253357,0.951627563069949
n50_i995006_T_a1101_G,n50_i995006_T_a1101,50,995006,T,1101,G,0.9,0.21517462842166424,0.956680133123136
n50_i995006_T_a1101_G,n50_i995006_T_a1101,50,995006,T,1101,G,1.0,0.14252047706395388,1.0320326496980317
n50_i995006_T_a1101_W,n50_i995006_T_a1101,50,995006,T,1101,W,0.1,0.048350813798606396,0.571709917751999
n50_i995006_T_a1101_W,n50_i995006_T_a1101,50,995006,T,1101,W,0.25,0.006095189601182938,0.6710277367927523
n50_i995006_T_a1101_W,n50_i995006_T_a1101,50,995006,T,1101,W,0.5,0.06141230370849371,0.7231603725351926
n50_i995006_T_a1101_W,n50_i995006_T_a1101,50,995006,T,1101,W,0.75,0.016947757452726364,0.8017315928250405
n50_i995006_T_a1101_W,n50_i995006_T_a1101,50,995006,T,1101,W,0.9,0.18664344865828753,0.8227234384197363
n50_i995006_T_a1101_W,n50_i995006_T_a1101,50,995006,T,1101,W,1.0,0.18509255070239305,0.835230783611186
n50_i995006_T_a2202_REFERENCE,n50_i995006_T_a2202,50,995006,T,2202,REFERENCE,0.1,0.0022231973707675934,0.4052840768441468
n50_i995006_T_a2202_REFERENCE,n50_i995006_T_a2202,50,995006,T,2202,REFERENCE,0.25,0.012188726104795933,0.8085198073968703
n50_i995006_T_a2202_REFERENCE,n50_i995006_T_a2202,50,995006,T,2202,REFERENCE,0.5,0.0560721093788743,0.8469475180491958
n50_i995006_T_a2202_REFERENCE,n50_i995006_T_a2202,50,995006,T,2202,REFERENCE,0.75,0.05865403078496456,0.9186248067136049
n50_i995006_T_a2202_REFERENCE,n50_i995006_T_a2202,50,995006,T,2202,REFERENCE,0.9,0.0024685515090823174,0.9208113423907521
n50_i995006_T_a2202_REFERENCE,n50_i995006_T_a2202,50,995006,T,2202,REFERENCE,1.0,0.08580417465418577,0.9212200097202913
n50_i995006_T_a2202_G,n50_i995006_T_a2202,50,995006,T,2202,G,0.1,0.0028632767498493195,0.6123322950460265
n50_i995006_T_a2202_G,n50_i995006_T_a2202,50,995006,T,2202,G,0.25,0.14415194187313318,0.8949106555477685
n50_i995006_T_a2202_G,n50_i995006_T_a2202,50,995006,T,2202,G,0.5,0.00019615795463323593,0.9609921583799261
n50_i995006_T_a2202_G,n50_i995006_T_a2202,50,995006,T,2202,G,0.75,0.2418286493048072,1.0171917249365237
n50_i995006_T_a2202_G,n50_i995006_T_a2202,50,995006,T,2202,G,0.9,0.05547433905303478,1.0535760481407672
n50_i995006_T_a2202_G,n50_i995006_T_a2202,50,995006,T,2202,G,1.0,0.4399232463911176,1.1072490067254628
n50_i995006_T_a2202_W,n50_i995006_T_a2202,50,995006,T,2202,W,0.1,0.03191966935992241,0.4941969268234238
n50_i995006_T_a2202_W,n50_i995006_T_a2202,50,995006,T,2202,W,0.25,0.06248288415372372,0.742982735198709
n50_i995006_T_a2202_W,n50_i995006_T_a2202,50,995006,T,2202,W,0.5,0.144898334518075,0.8576176455284088
n50_i995006_T_a2202_W,n50_i995006_T_a2202,50,995006,T,2202,W,0.75,0.27914232201874256,0.9111175489713906
n50_i995006_T_a2202_W,n50_i995006_T_a2202,50,995006,T,2202,W,0.9,0.2738905493170023,0.9562035471296586
n50_i995006_T_a2202_W,n50_i995006_T_a2202,50,995006,T,2202,W,1.0,0.001452694647014141,0.9714448703693906
n50_i995006_T_a2202_GW,n50_i995006_T_a2202,50,995006,T,2202,GW,0.1,0.2961629219353199,0.500764600956078
n50_i995006_T_a2202_GW,n50_i995006_T_a2202,50,995006,T,2202,GW,0.25,0.18146742600947618,0.7402081955826452
n50_i995006_T_a2202_GW,n50_i995006_T_a2202,50,995006,T,2202,GW,0.5,0.23775203432887793,0.8282877526874673
n50_i995006_T_a2202_GW,n50_i995006_T_a2202,50,995006,T,2202,GW,0.75,0.0014771735295653343,0.8363787866879475
n50_i995006_T_a2202_GW,n50_i995006_T_a2202,50,995006,T,2202,GW,0.9,0.4311304809525609,0.8394659261131614
n50_i995006_T_a2202_GW,n50_i995006_T_a2202,50,995006,T,2202,GW,1.0,0.11886386014521122,0.8442572297838593
n50_i995006_T_a2202_LEGACY,n50_i995006_T_a2202,50,995006,T,2202,LEGACY,0.1,0.11283075995743275,0.3720917965868384
n50_i995006_T_a2202_LEGACY,n50_i995006_T_a2202,50,995006,T,2202,LEGACY,0.25,0.02469545230269432,0.7385297998326925
n50_i995006_T_a2202_LEGACY,n50_i995006_T_a2202,50,995006,T,2202,LEGACY,0.5,0.004523313604295254,0.8166531552155702
n50_i995006_T_a2202_LEGACY,n50_i995006_T_a2202,50,995006,T,2202,LEGACY,0.75,0.0013897260650992393,0.8682948705471921
n50_i995006_T_a2202_LEGACY,n50_i995006_T_a2202,50,995006,T,2202,LEGACY,0.9,0.01673323567956686,0.8723259391920839
n50_i995006_T_a2202_LEGACY,n50_i995006_T_a2202,50,995006,T,2202,LEGACY,1.0,0.1201590821146965,0.8751920388829052
n50_i995007_H_a2202_GW,n50_i995007_H_a2202,50,995007,H,2202,GW,0.1,0.004392391070723534,0.6047083852576784
n50_i995007_H_a2202_GW,n50_i995007_H_a2202,50,995007,H,2202,GW,0.25,0.001994277350604534,0.6629605027758614
n50_i995007_H_a2202_GW,n50_i995007_H_a2202,50,995007,H,2202,GW,0.5,0.09140066616237164,0.7262098382924524
n50_i995007_H_a2202_GW,n50_i995007_H_a2202,50,995007,H,2202,GW,0.75,0.023711727000772953,0.7513510661587083
n50_i995007_H_a2202_GW,n50_i995007_H_a2202,50,995007,H,2202,GW,0.9,0.004000606015324593,0.791923341247429
n50_i995007_H_a2202_GW,n50_i995007_H_a2202,50,995007,H,2202,GW,1.0,0.4421603875234723,0.7974806117354735
n50_i995007_H_a2202_LEGACY,n50_i995007_H_a2202,50,995007,H,2202,LEGACY,0.1,0.06666360422968864,0.5677155765412479
n50_i995007_H_a2202_LEGACY,n50_i995007_H_a2202,50,995007,H,2202,LEGACY,0.25,0.013571279123425484,0.7987574954194369
n50_i995007_H_a2202_LEGACY,n50_i995007_H_a2202,50,995007,H,2202,LEGACY,0.5,0.0015336591750383377,0.8620608936534374
n50_i995007_H_a2202_LEGACY,n50_i995007_H_a2202,50,995007,H,2202,LEGACY,0.75,0.0944285774603486,0.8938056913739746
n50_i995007_H_a2202_LEGACY,n50_i995007_H_a2202,50,995007,H,2202,LEGACY,0.9,0.003300088457763195,1.0156882828613887
n50_i995007_H_a2202_LEGACY,n50_i995007_H_a2202,50,995007,H,2202,LEGACY,1.0,0.3190293125808239,1.0348014700994117
n50_i995007_H_a2202_REFERENCE,n50_i995007_H_a2202,50,995007,H,2202,REFERENCE,0.1,0.06926659867167473,0.4453543600994066
n50_i995007_H_a2202_REFERENCE,n50_i995007_H_a2202,50,995007,H,2202,REFERENCE,0.25,0.0584261417388916,0.6882346908400163
n50_i995007_H_a2202_REFERENCE,n50_i995007_H_a2202,50,995007,H,2202,REFERENCE,0.5,0.005819355137646198,0.9672680215056768
n50_i995007_H_a2202_REFERENCE,n50_i995007_H_a2202,50,995007,H,2202,REFERENCE,0.75,0.04523904900997877,0.9813259159327391
n50_i995007_H_a2202_REFERENCE,n50_i995007_H_a2202,50,995007,H,2202,REFERENCE,0.9,0.33396647311747074,0.9853519846003299
n50_i995007_H_a2202_REFERENCE,n50_i995007_H_a2202,50,995007,H,2202,REFERENCE,1.0,0.056313781067728996,0.9853570658817782
n50_i995007_H_a2202_G,n50_i995007_H_a2202,50,995007,H,2202,G,0.1,0.11069460678845644,0.3777323807624375
n50_i995007_H_a2202_G,n50_i995007_H_a2202,50,995007,H,2202,G,0.25,0.019801996648311615,0.5843718583389544
n50_i995007_H_a2202_G,n50_i995007_H_a2202,50,995007,H,2202,G,0.5,0.00042752642184495926,0.838182237195065
n50_i995007_H_a2202_G,n50_i995007_H_a2202,50,995007,H,2202,G,0.75,0.003824072889983654,0.995228069083409
n50_i995007_H_a2202_G,n50_i995007_H_a2202,50,995007,H,2202,G,0.9,0.0678747408092022,1.045442435644512
n50_i995007_H_a2202_G,n50_i995007_H_a2202,50,995007,H,2202,G,1.0,0.409139315597713,1.046668188933901
n50_i995007_H_a2202_W,n50_i995007_H_a2202,50,995007,H,2202,W,0.1,0.37885115668177605,0.5284323061099447
n50_i995007_H_a2202_W,n50_i995007_H_a2202,50,995007,H,2202,W,0.25,0.0069466885179281235,0.5951408351255438
n50_i995007_H_a2202_W,n50_i995007_H_a2202,50,995007,H,2202,W,0.5,0.017636333592236042,0.6583383574503655
n50_i995007_H_a2202_W,n50_i995007_H_a2202,50,995007,H,2202,W,0.75,0.052653669379651546,0.7374802687489761
n50_i995007_H_a2202_W,n50_i995007_H_a2202,50,995007,H,2202,W,0.9,0.19315053429454565,0.7418224460526702
n50_i995007_H_a2202_W,n50_i995007_H_a2202,50,995007,H,2202,W,1.0,0.2783509138971567,0.7421472246252451
n50_i995007_H_a1101_G,n50_i995007_H_a1101,50,995007,H,1101,G,0.1,0.005038350820541382,0.5170589585320856
n50_i995007_H_a1101_G,n50_i995007_H_a1101,50,995007,H,1101,G,0.25,0.09930670820176601,0.7672892358557234
n50_i995007_H_a1101_G,n50_i995007_H_a1101,50,995007,H,1101,G,0.5,0.0013057747855782509,0.8962798943432208
n50_i995007_H_a1101_G,n50_i995007_H_a1101,50,995007,H,1101,G,0.75,0.008999422192573547,1.066540890130415
n50_i995007_H_a1101_G,n50_i995007_H_a1101,50,995007,H,1101,G,0.9,0.029058721847832203,1.0692884872135904
n50_i995007_H_a1101_G,n50_i995007_H_a1101,50,995007,H,1101,G,1.0,0.5273698391392827,1.0721539806123708
n50_i995007_H_a1101_W,n50_i995007_H_a1101,50,995007,H,1101,W,0.1,1.3887882232666016e-05,0.3310117551211905
n50_i995007_H_a1101_W,n50_i995007_H_a1101,50,995007,H,1101,W,0.25,0.01050240732729435,0.5457797692166658
n50_i995007_H_a1101_W,n50_i995007_H_a1101,50,995007,H,1101,W,0.5,0.0028063450008630753,0.6510709711048701
n50_i995007_H_a1101_W,n50_i995007_H_a1101,50,995007,H,1101,W,0.75,0.06995475944131613,0.8485541383014723
n50_i995007_H_a1101_W,n50_i995007_H_a1101,50,995007,H,1101,W,0.9,0.008178378455340862,0.8511664462660843
n50_i995007_H_a1101_W,n50_i995007_H_a1101,50,995007,H,1101,W,1.0,1.119263470172882e-05,0.8516450394625026
n50_i995007_H_a1101_GW,n50_i995007_H_a1101,50,995007,H,1101,GW,0.1,0.1928948238492012,0.41883372310996436
n50_i995007_H_a1101_GW,n50_i995007_H_a1101,50,995007,H,1101,GW,0.25,0.0011524930596351624,0.5883753258901032
n50_i995007_H_a1101_GW,n50_i995007_H_a1101,50,995007,H,1101,GW,0.5,0.08370675798505545,0.6547342892070618
n50_i995007_H_a1101_GW,n50_i995007_H_a1101,50,995007,H,1101,GW,0.75,0.003697814419865608,0.79405325564054
n50_i995007_H_a1101_GW,n50_i995007_H_a1101,50,995007,H,1101,GW,0.9,0.02370417397469282,0.8147205210515372
n50_i995007_H_a1101_GW,n50_i995007_H_a1101,50,995007,H,1101,GW,1.0,0.26190178096294403,0.8279502724625458
n50_i995007_H_a1101_LEGACY,n50_i995007_H_a1101,50,995007,H,1101,LEGACY,0.1,0.027181894518435,0.3415025687994921
n50_i995007_H_a1101_LEGACY,n50_i995007_H_a1101,50,995007,H,1101,LEGACY,0.25,0.013256119564175606,0.7282490412257068
n50_i995007_H_a1101_LEGACY,n50_i995007_H_a1101,50,995007,H,1101,LEGACY,0.5,0.03867887333035469,0.9074215672450439
n50_i995007_H_a1101_LEGACY,n50_i995007_H_a1101,50,995007,H,1101,LEGACY,0.75,0.13426871970295906,1.0725264173705304
n50_i995007_H_a1101_LEGACY,n50_i995007_H_a1101,50,995007,H,1101,LEGACY,0.9,0.014068416319787502,1.113636207348465
n50_i995007_H_a1101_LEGACY,n50_i995007_H_a1101,50,995007,H,1101,LEGACY,1.0,0.23845044430345297,1.115530784308495
n50_i995007_H_a1101_REFERENCE,n50_i995007_H_a1101,50,995007,H,1101,REFERENCE,0.1,0.19176278170198202,0.34801466500170003
n50_i995007_H_a1101_REFERENCE,n50_i995007_H_a1101,50,995007,H,1101,REFERENCE,0.25,0.02174537070095539,0.4945605686631445
n50_i995007_H_a1101_REFERENCE,n50_i995007_H_a1101,50,995007,H,1101,REFERENCE,0.5,0.02094125747680664,0.867125502147053
n50_i995007_H_a1101_REFERENCE,n50_i995007_H_a1101,50,995007,H,1101,REFERENCE,0.75,0.004440213553607464,0.8988601584766994
n50_i995007_H_a1101_REFERENCE,n50_i995007_H_a1101,50,995007,H,1101,REFERENCE,0.9,0.23141920287162066,0.9003857603015567
n50_i995007_H_a1101_REFERENCE,n50_i995007_H_a1101,50,995007,H,1101,REFERENCE,1.0,0.1258610999211669,0.9015379408699743
n50_i995007_T_a2202_LEGACY,n50_i995007_T_a2202,50,995007,T,2202,LEGACY,0.1,0.04446865525096655,0.09072632533325882
n50_i995007_T_a2202_LEGACY,n50_i995007_T_a2202,50,995007,T,2202,LEGACY,0.25,0.0005204863846302032,0.3100056534950154
n50_i995007_T_a2202_LEGACY,n50_i995007_T_a2202,50,995007,T,2202,LEGACY,0.5,0.0366930803284049,0.3374167903551029
n50_i995007_T_a2202_LEGACY,n50_i995007_T_a2202,50,995007,T,2202,LEGACY,0.75,0.25603242218494415,0.6177922139296523
n50_i995007_T_a2202_LEGACY,n50_i995007_T_a2202,50,995007,T,2202,LEGACY,0.9,0.0017488207668066025,0.6448666790355108
n50_i995007_T_a2202_LEGACY,n50_i995007_T_a2202,50,995007,T,2202,LEGACY,1.0,0.4232262298464775,0.6569481803797473
n50_i995007_T_a2202_REFERENCE,n50_i995007_T_a2202,50,995007,T,2202,REFERENCE,0.1,0.07558057177811861,0.0
n50_i995007_T_a2202_REFERENCE,n50_i995007_T_a2202,50,995007,T,2202,REFERENCE,0.25,0.040880149230360985,0.029207005432956273
n50_i995007_T_a2202_REFERENCE,n50_i995007_T_a2202,50,995007,T,2202,REFERENCE,0.5,0.1502893567085266,0.3833393602274003
n50_i995007_T_a2202_REFERENCE,n50_i995007_T_a2202,50,995007,T,2202,REFERENCE,0.75,0.09301902167499065,0.5660412845160753
n50_i995007_T_a2202_REFERENCE,n50_i995007_T_a2202,50,995007,T,2202,REFERENCE,0.9,0.08840791881084442,0.6258988794527843
n50_i995007_T_a2202_REFERENCE,n50_i995007_T_a2202,50,995007,T,2202,REFERENCE,1.0,0.3185086650773883,0.6938886506525153
n50_i995007_T_a2202_G,n50_i995007_T_a2202,50,995007,T,2202,G,0.1,0.3630031952634454,0.0
n50_i995007_T_a2202_G,n50_i995007_T_a2202,50,995007,T,2202,G,0.25,0.14902121387422085,0.03935133583510715
n50_i995007_T_a2202_G,n50_i995007_T_a2202,50,995007,T,2202,G,0.5,0.150554234161973,0.29189630124902
n50_i995007_T_a2202_G,n50_i995007_T_a2202,50,995007,T,2202,G,0.75,0.011127729900181293,0.54425135823905
n50_i995007_T_a2202_G,n50_i995007_T_a2202,50,995007,T,2202,G,0.9,0.007200428284704685,0.5549241941581716
n50_i995007_T_a2202_G,n50_i995007_T_a2202,50,995007,T,2202,G,1.0,0.2733164280653,0.5628907212669428
n50_i995007_T_a2202_W,n50_i995007_T_a2202,50,995007,T,2202,W,0.1,0.0012991614639759064,0.0
n50_i995007_T_a2202_W,n50_i995007_T_a2202,50,995007,T,2202,W,0.25,0.0010048924013972282,0.23883767293043603
n50_i995007_T_a2202_W,n50_i995007_T_a2202,50,995007,T,2202,W,0.5,0.01679643616080284,0.8055397950039211
n50_i995007_T_a2202_W,n50_i995007_T_a2202,50,995007,T,2202,W,0.75,0.048121487721800804,1.0341512056121882
n50_i995007_T_a2202_W,n50_i995007_T_a2202,50,995007,T,2202,W,0.9,0.0038094818592071533,1.0386754018707298
n50_i995007_T_a2202_W,n50_i995007_T_a2202,50,995007,T,2202,W,1.0,0.056287229992449284,1.0401068037974688
n50_i995007_T_a2202_GW,n50_i995007_T_a2202,50,995007,T,2202,GW,0.1,0.1893384400755167,0.0007572007673350752
n50_i995007_T_a2202_GW,n50_i995007_T_a2202,50,995007,T,2202,GW,0.25,0.23743861075490713,0.4041932655147313
n50_i995007_T_a2202_GW,n50_i995007_T_a2202,50,995007,T,2202,GW,0.5,0.02986267674714327,0.8601875630110906
n50_i995007_T_a2202_GW,n50_i995007_T_a2202,50,995007,T,2202,GW,0.75,0.00732438825070858,0.9252538646801843
n50_i995007_T_a2202_GW,n50_i995007_T_a2202,50,995007,T,2202,GW,0.9,0.0039454735815525055,0.9322768007169266
n50_i995007_T_a2202_GW,n50_i995007_T_a2202,50,995007,T,2202,GW,1.0,0.44041229505091906,0.932986200571301
n50_i995007_T_a1101_W,n50_i995007_T_a1101,50,995007,T,1101,W,0.1,0.00885156448930502,0.31427344712669464
n50_i995007_T_a1101_W,n50_i995007_T_a1101,50,995007,T,1101,W,0.25,0.03356659505516291,0.6269511384003585
n50_i995007_T_a1101_W,n50_i995007_T_a1101,50,995007,T,1101,W,0.5,0.004160480573773384,0.7489951656491544
n50_i995007_T_a1101_W,n50_i995007_T_a1101,50,995007,T,1101,W,0.75,0.04871641658246517,0.925408731936821
n50_i995007_T_a1101_W,n50_i995007_T_a1101,50,995007,T,1101,W,0.9,0.0381649611517787,0.937655199815168
n50_i995007_T_a1101_W,n50_i995007_T_a1101,50,995007,T,1101,W,1.0,0.25257018208503723,0.9377384269631457
n50_i995007_T_a1101_GW,n50_i995007_T_a1101,50,995007,T,1101,GW,0.1,0.11155235953629017,0.03233592612299782
n50_i995007_T_a1101_GW,n50_i995007_T_a1101,50,995007,T,1101,GW,0.25,0.08818571921437979,0.2676308530301338
n50_i995007_T_a1101_GW,n50_i995007_T_a1101,50,995007,T,1101,GW,0.5,0.3282874822616577,0.4975277423826596
n50_i995007_T_a1101_GW,n50_i995007_T_a1101,50,995007,T,1101,GW,0.75,0.4066211609169841,0.748314873417722
n50_i995007_T_a1101_GW,n50_i995007_T_a1101,50,995007,T,1101,GW,0.9,0.2857885407283902,0.8351581578357797
n50_i995007_T_a1101_GW,n50_i995007_T_a1101,50,995007,T,1101,GW,1.0,0.09246300905942917,0.8580271577797698
n50_i995007_T_a1101_LEGACY,n50_i995007_T_a1101,50,995007,T,1101,LEGACY,0.1,0.032506054267287254,0.017355967150218424
n50_i995007_T_a1101_LEGACY,n50_i995007_T_a1101,50,995007,T,1101,LEGACY,0.25,0.2881672065705061,0.40630827650666534
n50_i995007_T_a1101_LEGACY,n50_i995007_T_a1101,50,995007,T,1101,LEGACY,0.5,0.04770404938608408,0.6394826789514954
n50_i995007_T_a1101_LEGACY,n50_i995007_T_a1101,50,995007,T,1101,LEGACY,0.75,0.07584932167083025,0.674438334896942
n50_i995007_T_a1101_LEGACY,n50_i995007_T_a1101,50,995007,T,1101,LEGACY,0.9,0.3692999901250005,0.7340980662596618
n50_i995007_T_a1101_LEGACY,n50_i995007_T_a1101,50,995007,T,1101,LEGACY,1.0,0.49037607852369547,0.7687338621597403
n50_i995007_T_a1101_REFERENCE,n50_i995007_T_a1101,50,995007,T,1101,REFERENCE,0.1,0.0001906752586364746,0.0
n50_i995007_T_a1101_REFERENCE,n50_i995007_T_a1101,50,995007,T,1101,REFERENCE,0.25,4.917941987514496e-05,0.449948820992495
n50_i995007_T_a1101_REFERENCE,n50_i995007_T_a1101,50,995007,T,1101,REFERENCE,0.5,0.3211469016969204,0.48451202286602446
n50_i995007_T_a1101_REFERENCE,n50_i995007_T_a1101,50,995007,T,1101,REFERENCE,0.75,0.7135775191709399,0.4912956917917555
n50_i995007_T_a1101_REFERENCE,n50_i995007_T_a1101,50,995007,T,1101,REFERENCE,0.9,0.0036801816895604134,0.6543071055505769
n50_i995007_T_a1101_REFERENCE,n50_i995007_T_a1101,50,995007,T,1101,REFERENCE,1.0,0.5300530502572656,0.7037618036399408
n50_i995007_T_a1101_G,n50_i995007_T_a1101,50,995007,T,1101,G,0.1,0.027522164396941662,0.0
n50_i995007_T_a1101_G,n50_i995007_T_a1101,50,995007,T,1101,G,0.25,0.012117336504161358,0.42872931135879927
n50_i995007_T_a1101_G,n50_i995007_T_a1101,50,995007,T,1101,G,0.5,0.04329204745590687,0.43561712361375604
n50_i995007_T_a1101_G,n50_i995007_T_a1101,50,995007,T,1101,G,0.75,0.009263857267796993,0.472586255180912
n50_i995007_T_a1101_G,n50_i995007_T_a1101,50,995007,T,1101,G,0.9,0.0004554307088255882,0.5392840452419628
n50_i995007_T_a1101_G,n50_i995007_T_a1101,50,995007,T,1101,G,1.0,0.0027930745854973793,0.5694912992186629
n50_i995008_H_a2202_GW,n50_i995008_H_a2202,50,995008,H,2202,GW,0.1,0.0015433691442012787,0.7249150384931631
n50_i995008_H_a2202_GW,n50_i995008_H_a2202,50,995008,H,2202,GW,0.25,0.21001527179032564,0.8807154764277667
n50_i995008_H_a2202_GW,n50_i995008_H_a2202,50,995008,H,2202,GW,0.5,0.15468501765280962,0.9188254247417605
n50_i995008_H_a2202_GW,n50_i995008_H_a2202,50,995008,H,2202,GW,0.75,0.3620123481377959,1.0104702978790547
n50_i995008_H_a2202_GW,n50_i995008_H_a2202,50,995008,H,2202,GW,0.9,0.0017693350091576576,1.02222189001565
n50_i995008_H_a2202_GW,n50_i995008_H_a2202,50,995008,H,2202,GW,1.0,0.040047590620815754,1.0237856232260167
n50_i995008_H_a2202_LEGACY,n50_i995008_H_a2202,50,995008,H,2202,LEGACY,0.1,0.10995947290211916,0.6144499542933411
n50_i995008_H_a2202_LEGACY,n50_i995008_H_a2202,50,995008,H,2202,LEGACY,0.25,0.24197302386164665,0.9528586462698875
n50_i995008_H_a2202_LEGACY,n50_i995008_H_a2202,50,995008,H,2202,LEGACY,0.5,0.1677077477797866,0.9682913137411869
n50_i995008_H_a2202_LEGACY,n50_i995008_H_a2202,50,995008,H,2202,LEGACY,0.75,0.37625190895050764,0.9793767163620278
n50_i995008_H_a2202_LEGACY,n50_i995008_H_a2202,50,995008,H,2202,LEGACY,0.9,0.04488117899745703,0.9869544807700197
n50_i995008_H_a2202_LEGACY,n50_i995008_H_a2202,50,995008,H,2202,LEGACY,1.0,0.24241204280406237,0.987593153928444
n50_i995008_H_a2202_REFERENCE,n50_i995008_H_a2202,50,995008,H,2202,REFERENCE,0.1,0.010073540732264519,0.599187237442397
n50_i995008_H_a2202_REFERENCE,n50_i995008_H_a2202,50,995008,H,2202,REFERENCE,0.25,7.325876504182816e-05,0.7099663309657177
n50_i995008_H_a2202_REFERENCE,n50_i995008_H_a2202,50,995008,H,2202,REFERENCE,0.5,0.0004329374060034752,0.7386155326268173
n50_i995008_H_a2202_REFERENCE,n50_i995008_H_a2202,50,995008,H,2202,REFERENCE,0.75,0.010187790729105473,0.8103074791390764
n50_i995008_H_a2202_REFERENCE,n50_i995008_H_a2202,50,995008,H,2202,REFERENCE,0.9,0.01637896616011858,0.952249944888542
n50_i995008_H_a2202_REFERENCE,n50_i995008_H_a2202,50,995008,H,2202,REFERENCE,1.0,0.07432256173342466,0.9670114670742527
n50_i995008_H_a2202_G,n50_i995008_H_a2202,50,995008,H,2202,G,0.1,0.0016309777274727821,0.4892327184306393
n50_i995008_H_a2202_G,n50_i995008_H_a2202,50,995008,H,2202,G,0.25,0.020033291541039944,0.7051309929611855
n50_i995008_H_a2202_G,n50_i995008_H_a2202,50,995008,H,2202,G,0.5,0.0017490899190306664,0.8115318289656046
n50_i995008_H_a2202_G,n50_i995008_H_a2202,50,995008,H,2202,G,0.75,0.03399365395307541,0.8587781042036233
n50_i995008_H_a2202_G,n50_i995008_H_a2202,50,995008,H,2202,G,0.9,0.05800875090062618,0.8588950249833057
n50_i995008_H_a2202_G,n50_i995008_H_a2202,50,995008,H,2202,G,1.0,0.4810569826513529,0.8590455332741852
n50_i995008_H_a2202_W,n50_i995008_H_a2202,50,995008,H,2202,W,0.1,0.013198260217905045,0.687426739371919
n50_i995008_H_a2202_W,n50_i995008_H_a2202,50,995008,H,2202,W,0.25,0.004389122128486633,0.8215744651687249
n50_i995008_H_a2202_W,n50_i995008_H_a2202,50,995008,H,2202,W,0.5,0.007412840612232685,0.864459295171414
n50_i995008_H_a2202_W,n50_i995008_H_a2202,50,995008,H,2202,W,0.75,0.004761910066008568,0.8719527415491044
n50_i995008_H_a2202_W,n50_i995008_H_a2202,50,995008,H,2202,W,0.9,0.02452605590224266,0.8753766509212242
n50_i995008_H_a2202_W,n50_i995008_H_a2202,50,995008,H,2202,W,1.0,0.5209957761690021,0.876909484103017
n50_i995008_H_a1101_G,n50_i995008_H_a1101,50,995008,H,1101,G,0.1,0.0382677735760808,0.6767135329452024
n50_i995008_H_a1101_G,n50_i995008_H_a1101,50,995008,H,1101,G,0.25,0.03197786305099726,0.7103645999564001
n50_i995008_H_a1101_G,n50_i995008_H_a1101,50,995008,H,1101,G,0.5,0.025921044871211052,0.807864121100913
n50_i995008_H_a1101_G,n50_i995008_H_a1101,50,995008,H,1101,G,0.75,0.13424141146242619,0.845857710496034
n50_i995008_H_a1101_G,n50_i995008_H_a1101,50,995008,H,1101,G,0.9,0.17382829450070858,0.8706438791485481
n50_i995008_H_a1101_G,n50_i995008_H_a1101,50,995008,H,1101,G,1.0,0.3405258674174547,0.9159245345986016
n50_i995008_H_a1101_W,n50_i995008_H_a1101,50,995008,H,1101,W,0.1,0.09910792764276266,0.6680970877693474
n50_i995008_H_a1101_W,n50_i995008_H_a1101,50,995008,H,1101,W,0.25,0.011099296621978283,0.7194804520796
n50_i995008_H_a1101_W,n50_i995008_H_a1101,50,995008,H,1101,W,0.5,0.06768238544464111,0.8720768937970234
n50_i995008_H_a1101_W,n50_i995008_H_a1101,50,995008,H,1101,W,0.75,0.00013330020010471344,0.8804218921111631
n50_i995008_H_a1101_W,n50_i995008_H_a1101,50,995008,H,1101,W,0.9,0.14803782477974892,0.8809127537253181
n50_i995008_H_a1101_W,n50_i995008_H_a1101,50,995008,H,1101,W,1.0,0.28941136598587036,0.8811414537719082
n50_i995008_H_a1101_GW,n50_i995008_H_a1101,50,995008,H,1101,GW,0.1,0.033834573812782764,0.6110887723034658
n50_i995008_H_a1101_GW,n50_i995008_H_a1101,50,995008,H,1101,GW,0.25,0.22709236200898886,0.8016489659667427
n50_i995008_H_a1101_GW,n50_i995008_H_a1101,50,995008,H,1101,GW,0.5,0.02479633968323469,1.0025317331389227
n50_i995008_H_a1101_GW,n50_i995008_H_a1101,50,995008,H,1101,GW,0.75,0.0003111856058239937,1.0133813950830686
n50_i995008_H_a1101_GW,n50_i995008_H_a1101,50,995008,H,1101,GW,0.9,0.09647101629525423,1.0147690893808365
n50_i995008_H_a1101_GW,n50_i995008_H_a1101,50,995008,H,1101,GW,1.0,0.3115278175100684,1.017035079124269
n50_i995008_H_a1101_LEGACY,n50_i995008_H_a1101,50,995008,H,1101,LEGACY,0.1,0.13052054401487112,0.7091478095432481
n50_i995008_H_a1101_LEGACY,n50_i995008_H_a1101,50,995008,H,1101,LEGACY,0.25,0.02509103436022997,0.8460363738961452
n50_i995008_H_a1101_LEGACY,n50_i995008_H_a1101,50,995008,H,1101,LEGACY,0.5,0.05810194183140993,0.8991428147720282
n50_i995008_H_a1101_LEGACY,n50_i995008_H_a1101,50,995008,H,1101,LEGACY,0.75,0.19407311733812094,0.9298222437294944
n50_i995008_H_a1101_LEGACY,n50_i995008_H_a1101,50,995008,H,1101,LEGACY,0.9,0.17047219444066286,0.9334226394647848
n50_i995008_H_a1101_LEGACY,n50_i995008_H_a1101,50,995008,H,1101,LEGACY,1.0,0.22403718437999487,0.941065331451929
n50_i995008_H_a1101_REFERENCE,n50_i995008_H_a1101,50,995008,H,1101,REFERENCE,0.1,0.36392162926495075,0.5785861490202723
n50_i995008_H_a1101_REFERENCE,n50_i995008_H_a1101,50,995008,H,1101,REFERENCE,0.25,0.023434643633663654,0.7780752521814744
n50_i995008_H_a1101_REFERENCE,n50_i995008_H_a1101,50,995008,H,1101,REFERENCE,0.5,0.0035566529259085655,0.9262296529032353
n50_i995008_H_a1101_REFERENCE,n50_i995008_H_a1101,50,995008,H,1101,REFERENCE,0.75,0.0627563651651144,0.9364313730699827
n50_i995008_H_a1101_REFERENCE,n50_i995008_H_a1101,50,995008,H,1101,REFERENCE,0.9,0.3844032948836684,0.9409066740949026
n50_i995008_H_a1101_REFERENCE,n50_i995008_H_a1101,50,995008,H,1101,REFERENCE,1.0,0.13630337547510862,0.9443086296706752
n50_i995008_T_a2202_LEGACY,n50_i995008_T_a2202,50,995008,T,2202,LEGACY,0.1,0.027671893127262592,0.3773092011616321
n50_i995008_T_a2202_LEGACY,n50_i995008_T_a2202,50,995008,T,2202,LEGACY,0.25,0.13083194196224213,0.48238320326302137
n50_i995008_T_a2202_LEGACY,n50_i995008_T_a2202,50,995008,T,2202,LEGACY,0.5,0.25194802321493626,0.6418576959051012
n50_i995008_T_a2202_LEGACY,n50_i995008_T_a2202,50,995008,T,2202,LEGACY,0.75,0.014190523885190487,0.6467320218513792
n50_i995008_T_a2202_LEGACY,n50_i995008_T_a2202,50,995008,T,2202,LEGACY,0.9,0.056660473346710205,0.6468521752297789
n50_i995008_T_a2202_LEGACY,n50_i995008_T_a2202,50,995008,T,2202,LEGACY,1.0,0.8809013599529862,0.6469560710995436
n50_i995008_T_a2202_REFERENCE,n50_i995008_T_a2202,50,995008,T,2202,REFERENCE,0.1,0.003387516364455223,0.644247766246117
n50_i995008_T_a2202_REFERENCE,n50_i995008_T_a2202,50,995008,T,2202,REFERENCE,0.25,0.027523355558514595,0.8869090024659032
n50_i995008_T_a2202_REFERENCE,n50_i995008_T_a2202,50,995008,T,2202,REFERENCE,0.5,0.11667638458311558,0.9491625896317721
n50_i995008_T_a2202_REFERENCE,n50_i995008_T_a2202,50,995008,T,2202,REFERENCE,0.75,0.0030597150325775146,0.9848386270327631
n50_i995008_T_a2202_REFERENCE,n50_i995008_T_a2202,50,995008,T,2202,REFERENCE,0.9,0.019417510367929935,0.9892631131294032
n50_i995008_T_a2202_REFERENCE,n50_i995008_T_a2202,50,995008,T,2202,REFERENCE,1.0,0.4251439031213522,0.9923569433624396
n50_i995008_T_a2202_G,n50_i995008_T_a2202,50,995008,T,2202,G,0.1,0.07609025668352842,0.5820156899152553
n50_i995008_T_a2202_G,n50_i995008_T_a2202,50,995008,T,2202,G,0.25,0.18719291128218174,0.8414309348401101
n50_i995008_T_a2202_G,n50_i995008_T_a2202,50,995008,T,2202,G,0.5,0.13816151954233646,0.9700887696554525
n50_i995008_T_a2202_G,n50_i995008_T_a2202,50,995008,T,2202,G,0.75,0.004233315587043762,0.9908597453462482
n50_i995008_T_a2202_G,n50_i995008_T_a2202,50,995008,T,2202,G,0.9,0.0012173354625701904,1.0361361971834733
n50_i995008_T_a2202_G,n50_i995008_T_a2202,50,995008,T,2202,G,1.0,0.19364275224506855,1.0401227307276304
n50_i995008_T_a2202_W,n50_i995008_T_a2202,50,995008,T,2202,W,0.1,0.03408059477806091,0.3107178461964763
n50_i995008_T_a2202_W,n50_i995008_T_a2202,50,995008,T,2202,W,0.25,0.12497392576187849,0.36256746156372294
n50_i995008_T_a2202_W,n50_i995008_T_a2202,50,995008,T,2202,W,0.5,0.002580101601779461,0.5603261393784457
n50_i995008_T_a2202_W,n50_i995008_T_a2202,50,995008,T,2202,W,0.75,0.0009848419576883316,0.758864870310005
n50_i995008_T_a2202_W,n50_i995008_T_a2202,50,995008,T,2202,W,0.9,0.23222185019403696,0.7807846277544149
n50_i995008_T_a2202_W,n50_i995008_T_a2202,50,995008,T,2202,W,1.0,0.18368109036237001,0.8266665891105948
n50_i995008_T_a2202_GW,n50_i995008_T_a2202,50,995008,T,2202,GW,0.1,0.003957591950893402,0.3381799203993746
n50_i995008_T_a2202_GW,n50_i995008_T_a2202,50,995008,T,2202,GW,0.25,0.06176597997546196,0.6259458605353935
n50_i995008_T_a2202_GW,n50_i995008_T_a2202,50,995008,T,2202,GW,0.5,0.14434896502643824,0.7467652626764154
n50_i995008_T_a2202_GW,n50_i995008_T_a2202,50,995008,T,2202,GW,0.75,0.015187369659543037,0.9105508310250164
n50_i995008_T_a2202_GW,n50_i995008_T_a2202,50,995008,T,2202,GW,0.9,0.14166099671274424,0.9179320852893199
n50_i995008_T_a2202_GW,n50_i995008_T_a2202,50,995008,T,2202,GW,1.0,0.18921883311122656,0.923410995934979
n50_i995008_T_a1101_W,n50_i995008_T_a1101,50,995008,T,1101,W,0.1,0.05833015125244856,0.24383885551587725
n50_i995008_T_a1101_W,n50_i995008_T_a1101,50,995008,T,1101,W,0.25,0.07601496484130621,0.4889275367866745
n50_i995008_T_a1101_W,n50_i995008_T_a1101,50,995008,T,1101,W,0.5,0.0524626187980175,0.6718009845640888
n50_i995008_T_a1101_W,n50_i995008_T_a1101,50,995008,T,1101,W,0.75,0.008251913823187351,0.7932532705907642
n50_i995008_T_a1101_W,n50_i995008_T_a1101,50,995008,T,1101,W,0.9,0.12940274458378553,0.8372868424777943
n50_i995008_T_a1101_W,n50_i995008_T_a1101,50,995008,T,1101,W,1.0,0.17325035482645035,0.8376107341934802
n50_i995008_T_a1101_GW,n50_i995008_T_a1101,50,995008,T,1101,GW,0.1,0.0008452730253338814,0.2235343613054087
n50_i995008_T_a1101_GW,n50_i995008_T_a1101,50,995008,T,1101,GW,0.25,0.00709179975092411,0.4658475448981613
n50_i995008_T_a1101_GW,n50_i995008_T_a1101,50,995008,T,1101,GW,0.5,0.006316538900136948,0.7035066881283341
n50_i995008_T_a1101_GW,n50_i995008_T_a1101,50,995008,T,1101,GW,0.75,0.0003379378467798233,0.890195219680793
n50_i995008_T_a1101_GW,n50_i995008_T_a1101,50,995008,T,1101,GW,0.9,0.0014290139079093933,0.9031345009297512
n50_i995008_T_a1101_GW,n50_i995008_T_a1101,50,995008,T,1101,GW,1.0,0.4008438792079687,0.9042912131575372
n50_i995008_T_a1101_LEGACY,n50_i995008_T_a1101,50,995008,T,1101,LEGACY,0.1,0.06893560290336609,0.2768142397747511
n50_i995008_T_a1101_LEGACY,n50_i995008_T_a1101,50,995008,T,1101,LEGACY,0.25,0.04039901867508888,0.475306498522762
n50_i995008_T_a1101_LEGACY,n50_i995008_T_a1101,50,995008,T,1101,LEGACY,0.5,0.02563510090112686,0.6842631726866131
n50_i995008_T_a1101_LEGACY,n50_i995008_T_a1101,50,995008,T,1101,LEGACY,0.75,0.07358815055340528,0.7785520825751495
n50_i995008_T_a1101_LEGACY,n50_i995008_T_a1101,50,995008,T,1101,LEGACY,0.9,0.0017213216051459312,0.8698585254331384
n50_i995008_T_a1101_LEGACY,n50_i995008_T_a1101,50,995008,T,1101,LEGACY,1.0,0.10406556352972984,0.8844247132042315
n50_i995008_T_a1101_REFERENCE,n50_i995008_T_a1101,50,995008,T,1101,REFERENCE,0.1,0.05365844164043665,0.24457623523336053
n50_i995008_T_a1101_REFERENCE,n50_i995008_T_a1101,50,995008,T,1101,REFERENCE,0.25,0.06357494555413723,0.3536511941132778
n50_i995008_T_a1101_REFERENCE,n50_i995008_T_a1101,50,995008,T,1101,REFERENCE,0.5,0.23231122363358736,0.4413654723938868
n50_i995008_T_a1101_REFERENCE,n50_i995008_T_a1101,50,995008,T,1101,REFERENCE,0.75,0.004491289146244526,0.5164594096250366
n50_i995008_T_a1101_REFERENCE,n50_i995008_T_a1101,50,995008,T,1101,REFERENCE,0.9,0.0035520819947123528,0.7413023710178873
n50_i995008_T_a1101_REFERENCE,n50_i995008_T_a1101,50,995008,T,1101,REFERENCE,1.0,0.13739868253469467,0.7612702177338426
n50_i995008_T_a1101_G,n50_i995008_T_a1101,50,995008,T,1101,G,0.1,0.002265642397105694,0.24503732803001993
n50_i995008_T_a1101_G,n50_i995008_T_a1101,50,995008,T,1101,G,0.25,0.017003819346427917,0.4851130730943732
n50_i995008_T_a1101_G,n50_i995008_T_a1101,50,995008,T,1101,G,0.5,0.14616972394287586,0.5455896370103659
n50_i995008_T_a1101_G,n50_i995008_T_a1101,50,995008,T,1101,G,0.75,0.4480044972151518,0.5967755512941663
n50_i995008_T_a1101_G,n50_i995008_T_a1101,50,995008,T,1101,G,0.9,0.42883055191487074,0.5992363147262851
n50_i995008_T_a1101_G,n50_i995008_T_a1101,50,995008,T,1101,G,1.0,0.3617580607533455,0.5994883134267381
n50_i995009_H_a1101_REFERENCE,n50_i995009_H_a1101,50,995009,H,1101,REFERENCE,0.1,0.18268047086894512,0.005171830888479892
n50_i995009_H_a1101_REFERENCE,n50_i995009_H_a1101,50,995009,H,1101,REFERENCE,0.25,0.011703741736710072,0.12347932157638807
n50_i995009_H_a1101_REFERENCE,n50_i995009_H_a1101,50,995009,H,1101,REFERENCE,0.5,0.023341243155300617,0.6268792321824108
n50_i995009_H_a1101_REFERENCE,n50_i995009_H_a1101,50,995009,H,1101,REFERENCE,0.75,0.031791526824235916,0.6389308476362712
n50_i995009_H_a1101_REFERENCE,n50_i995009_H_a1101,50,995009,H,1101,REFERENCE,0.9,0.007244952023029327,0.640758248869703
n50_i995009_H_a1101_REFERENCE,n50_i995009_H_a1101,50,995009,H,1101,REFERENCE,1.0,0.08847764041274786,0.6410718577250858
n50_i995009_H_a1101_G,n50_i995009_H_a1101,50,995009,H,1101,G,0.1,0.002512047067284584,0.012469875235757696
n50_i995009_H_a1101_G,n50_i995009_H_a1101,50,995009,H,1101,G,0.25,0.0015832846984267235,0.18183210503746344
n50_i995009_H_a1101_G,n50_i995009_H_a1101,50,995009,H,1101,G,0.5,0.12666691187769175,0.36291006199117926
n50_i995009_H_a1101_G,n50_i995009_H_a1101,50,995009,H,1101,G,0.75,0.018396002240478992,0.6526263285057032
n50_i995009_H_a1101_G,n50_i995009_H_a1101,50,995009,H,1101,G,0.9,0.15125269815325737,0.7126355375189364
n50_i995009_H_a1101_G,n50_i995009_H_a1101,50,995009,H,1101,G,1.0,0.46406576689332724,0.7230955666597685
n50_i995009_H_a1101_W,n50_i995009_H_a1101,50,995009,H,1101,W,0.1,0.00235708337277174,0.10909018579203947
n50_i995009_H_a1101_W,n50_i995009_H_a1101,50,995009,H,1101,W,0.25,0.07733154203742743,0.43519316799590413
n50_i995009_H_a1101_W,n50_i995009_H_a1101,50,995009,H,1101,W,0.5,0.049612803384661674,0.6015710501609114
n50_i995009_H_a1101_W,n50_i995009_H_a1101,50,995009,H,1101,W,0.75,0.3395001068711281,0.7788092812964905
n50_i995009_H_a1101_W,n50_i995009_H_a1101,50,995009,H,1101,W,0.9,0.0035360287874937057,0.8434801882915726
n50_i995009_H_a1101_W,n50_i995009_H_a1101,50,995009,H,1101,W,1.0,0.10394528415054083,0.858930905504963
n50_i995009_H_a1101_GW,n50_i995009_H_a1101,50,995009,H,1101,GW,0.1,0.015896381810307503,0.1473890935007477
n50_i995009_H_a1101_GW,n50_i995009_H_a1101,50,995009,H,1101,GW,0.25,0.07822593953460455,0.34498961750175505
n50_i995009_H_a1101_GW,n50_i995009_H_a1101,50,995009,H,1101,GW,0.5,0.2872691098600626,0.6063232863419828
n50_i995009_H_a1101_GW,n50_i995009_H_a1101,50,995009,H,1101,GW,0.75,0.08046289626508951,0.6701088450914958
n50_i995009_H_a1101_GW,n50_i995009_H_a1101,50,995009,H,1101,GW,0.9,0.013606026768684387,0.6738558461944861
n50_i995009_H_a1101_GW,n50_i995009_H_a1101,50,995009,H,1101,GW,1.0,0.5030091674998403,0.6745789418065201
n50_i995009_H_a1101_LEGACY,n50_i995009_H_a1101,50,995009,H,1101,LEGACY,0.1,0.025636965408921242,0.2110439249019573
n50_i995009_H_a1101_LEGACY,n50_i995009_H_a1101,50,995009,H,1101,LEGACY,0.25,0.04472515918314457,0.407819941695978
n50_i995009_H_a1101_LEGACY,n50_i995009_H_a1101,50,995009,H,1101,LEGACY,0.5,0.01852894388139248,0.6165893106924711
n50_i995009_H_a1101_LEGACY,n50_i995009_H_a1101,50,995009,H,1101,LEGACY,0.75,0.0012762714177370071,0.7257557838606982
n50_i995009_H_a1101_LEGACY,n50_i995009_H_a1101,50,995009,H,1101,LEGACY,0.9,0.014668268151581287,0.8048696050678774
n50_i995009_H_a1101_LEGACY,n50_i995009_H_a1101,50,995009,H,1101,LEGACY,1.0,0.35028904769569635,0.8195610324327061
n50_i995009_H_a2202_W,n50_i995009_H_a2202,50,995009,H,2202,W,0.1,0.00708821602165699,0.0805156251715928
n50_i995009_H_a2202_W,n50_i995009_H_a2202,50,995009,H,2202,W,0.25,0.09262503776699305,0.5995950842124284
n50_i995009_H_a2202_W,n50_i995009_H_a2202,50,995009,H,2202,W,0.5,0.0026935599744319916,0.8891701379661966
n50_i995009_H_a2202_W,n50_i995009_H_a2202,50,995009,H,2202,W,0.75,0.00042848289012908936,0.9548472763015019
n50_i995009_H_a2202_W,n50_i995009_H_a2202,50,995009,H,2202,W,0.9,0.04249213729053736,0.9826824854682181
n50_i995009_H_a2202_W,n50_i995009_H_a2202,50,995009,H,2202,W,1.0,0.17434541694819927,0.9866104544658557
n50_i995009_H_a2202_GW,n50_i995009_H_a2202,50,995009,H,2202,GW,0.1,0.0630127377808094,0.0012622023206529378
n50_i995009_H_a2202_GW,n50_i995009_H_a2202,50,995009,H,2202,GW,0.25,0.004590347409248352,0.20758306146556035
n50_i995009_H_a2202_GW,n50_i995009_H_a2202,50,995009,H,2202,GW,0.5,0.17288084886968136,0.5243732679259291
n50_i995009_H_a2202_GW,n50_i995009_H_a2202,50,995009,H,2202,GW,0.75,0.33700474444776773,0.8282445519092363
n50_i995009_H_a2202_GW,n50_i995009_H_a2202,50,995009,H,2202,GW,0.9,0.4241320388391614,0.853929636668129
n50_i995009_H_a2202_GW,n50_i995009_H_a2202,50,995009,H,2202,GW,1.0,0.3134063435718417,0.865438371454006
n50_i995009_H_a2202_LEGACY,n50_i995009_H_a2202,50,995009,H,2202,LEGACY,0.1,0.06037536449730396,0.07169524623818974
n50_i995009_H_a2202_LEGACY,n50_i995009_H_a2202,50,995009,H,2202,LEGACY,0.25,0.014485896565020084,0.20197188291769516
n50_i995009_H_a2202_LEGACY,n50_i995009_H_a2202,50,995009,H,2202,LEGACY,0.5,0.05641608126461506,0.32746329826161846
n50_i995009_H_a2202_LEGACY,n50_i995009_H_a2202,50,995009,H,2202,LEGACY,0.75,0.36395830754190683,0.4041449640987239
n50_i995009_H_a2202_LEGACY,n50_i995009_H_a2202,50,995009,H,2202,LEGACY,0.9,0.09162448532879353,0.4416892640621415
n50_i995009_H_a2202_LEGACY,n50_i995009_H_a2202,50,995009,H,2202,LEGACY,1.0,0.31534138694405556,0.4524388339432233
n50_i995009_H_a2202_REFERENCE,n50_i995009_H_a2202,50,995009,H,2202,REFERENCE,0.1,0.02700259257107973,0.17245950753348463
n50_i995009_H_a2202_REFERENCE,n50_i995009_H_a2202,50,995009,H,2202,REFERENCE,0.25,0.013502830639481544,0.4225841323651641
n50_i995009_H_a2202_REFERENCE,n50_i995009_H_a2202,50,995009,H,2202,REFERENCE,0.5,0.0021780701354146004,0.5951923354758564
n50_i995009_H_a2202_REFERENCE,n50_i995009_H_a2202,50,995009,H,2202,REFERENCE,0.75,0.0744903227314353,0.6738144503516543
n50_i995009_H_a2202_REFERENCE,n50_i995009_H_a2202,50,995009,H,2202,REFERENCE,0.9,0.0635941419750452,0.7277707191125365
n50_i995009_H_a2202_REFERENCE,n50_i995009_H_a2202,50,995009,H,2202,REFERENCE,1.0,0.010993339121341705,0.7301353127845556
n50_i995009_H_a2202_G,n50_i995009_H_a2202,50,995009,H,2202,G,0.1,0.23164277616888285,0.15918326561052373
n50_i995009_H_a2202_G,n50_i995009_H_a2202,50,995009,H,2202,G,0.25,0.0028477488085627556,0.35157179653552006
n50_i995009_H_a2202_G,n50_i995009_H_a2202,50,995009,H,2202,G,0.5,0.05606943741440773,0.5868544696429723
n50_i995009_H_a2202_G,n50_i995009_H_a2202,50,995009,H,2202,G,0.75,0.03666084352880716,0.6380107946153974
n50_i995009_H_a2202_G,n50_i995009_H_a2202,50,995009,H,2202,G,0.9,0.006213215179741383,0.6490452428614207
n50_i995009_H_a2202_G,n50_i995009_H_a2202,50,995009,H,2202,G,1.0,0.08603446464985609,0.6512060335213612
n50_i995009_T_a2202_GW,n50_i995009_T_a2202,50,995009,T,2202,GW,0.1,0.061011708341538906,0.4125838076765724
n50_i995009_T_a2202_GW,n50_i995009_T_a2202,50,995009,T,2202,GW,0.25,0.0002956688404083252,0.7258503558566016
n50_i995009_T_a2202_GW,n50_i995009_T_a2202,50,995009,T,2202,GW,0.5,0.02783193252980709,0.9646002122403107
n50_i995009_T_a2202_GW,n50_i995009_T_a2202,50,995009,T,2202,GW,0.75,0.017144277691841125,1.0630245582797113
n50_i995009_T_a2202_GW,n50_i995009_T_a2202,50,995009,T,2202,GW,0.9,0.4232759065926075,1.0765909229149377
n50_i995009_T_a2202_GW,n50_i995009_T_a2202,50,995009,T,2202,GW,1.0,0.36095087602734566,1.0803432301214735
n50_i995009_T_a2202_LEGACY,n50_i995009_T_a2202,50,995009,T,2202,LEGACY,0.1,0.02258745487779379,0.13410165744709143
n50_i995009_T_a2202_LEGACY,n50_i995009_T_a2202,50,995009,T,2202,LEGACY,0.25,0.01679285243153572,0.3470921432004046
n50_i995009_T_a2202_LEGACY,n50_i995009_T_a2202,50,995009,T,2202,LEGACY,0.5,0.05208675470203161,0.5612252497992967
n50_i995009_T_a2202_LEGACY,n50_i995009_T_a2202,50,995009,T,2202,LEGACY,0.75,0.14973772037774324,0.6404265646274621
n50_i995009_T_a2202_LEGACY,n50_i995009_T_a2202,50,995009,T,2202,LEGACY,0.9,0.004241589456796646,0.647686648531699
n50_i995009_T_a2202_LEGACY,n50_i995009_T_a2202,50,995009,T,2202,LEGACY,1.0,0.6170023772865534,0.6481732869682213
n50_i995009_T_a2202_REFERENCE,n50_i995009_T_a2202,50,995009,T,2202,REFERENCE,0.1,0.0025242790579795837,0.14464943046978299
n50_i995009_T_a2202_REFERENCE,n50_i995009_T_a2202,50,995009,T,2202,REFERENCE,0.25,0.10330402292311192,0.42035065588772647
n50_i995009_T_a2202_REFERENCE,n50_i995009_T_a2202,50,995009,T,2202,REFERENCE,0.5,0.08875873778015375,0.4901807167176943
n50_i995009_T_a2202_REFERENCE,n50_i995009_T_a2202,50,995009,T,2202,REFERENCE,0.75,0.12796503491699696,0.6215045374912234
n50_i995009_T_a2202_REFERENCE,n50_i995009_T_a2202,50,995009,T,2202,REFERENCE,0.9,0.19856605399399996,0.6288783423171813
n50_i995009_T_a2202_REFERENCE,n50_i995009_T_a2202,50,995009,T,2202,REFERENCE,1.0,0.11805456224828959,0.6330816348792139
n50_i995009_T_a2202_G,n50_i995009_T_a2202,50,995009,T,2202,G,0.1,0.07516230642795563,0.14033853220771073
n50_i995009_T_a2202_G,n50_i995009_T_a2202,50,995009,T,2202,G,0.25,0.2379020294174552,0.40093256771498
n50_i995009_T_a2202_G,n50_i995009_T_a2202,50,995009,T,2202,G,0.5,0.004296714439988136,0.4945047612371613
n50_i995009_T_a2202_G,n50_i995009_T_a2202,50,995009,T,2202,G,0.75,0.06055290810763836,0.5745629057966267
n50_i995009_T_a2202_G,n50_i995009_T_a2202,50,995009,T,2202,G,0.9,0.027684098109602928,0.6011332273035088
n50_i995009_T_a2202_G,n50_i995009_T_a2202,50,995009,T,2202,G,1.0,0.3560073571279645,0.6761243181144204
n50_i995009_T_a2202_W,n50_i995009_T_a2202,50,995009,T,2202,W,0.1,0.004510890692472458,0.2876918312881849
n50_i995009_T_a2202_W,n50_i995009_T_a2202,50,995009,T,2202,W,0.25,0.018154071643948555,0.6373782441569354
n50_i995009_T_a2202_W,n50_i995009_T_a2202,50,995009,T,2202,W,0.5,0.3428851943463087,0.8141822549587745
n50_i995009_T_a2202_W,n50_i995009_T_a2202,50,995009,T,2202,W,0.75,0.014538899064064026,0.8578081795024243
n50_i995009_T_a2202_W,n50_i995009_T_a2202,50,995009,T,2202,W,0.9,0.0005584368482232094,0.9473363366047869
n50_i995009_T_a2202_W,n50_i995009_T_a2202,50,995009,T,2202,W,1.0,0.31359000224620104,0.9484165931267459
n50_i995009_T_a1101_G,n50_i995009_T_a1101,50,995009,T,1101,G,0.1,0.01933999825268984,0.2739923446762268
n50_i995009_T_a1101_G,n50_i995009_T_a1101,50,995009,T,1101,G,0.25,0.06691421009600163,0.466017415273082
n50_i995009_T_a1101_G,n50_i995009_T_a1101,50,995009,T,1101,G,0.5,0.031061283312737942,0.7528635436439589
n50_i995009_T_a1101_G,n50_i995009_T_a1101,50,995009,T,1101,G,0.75,0.0004036538302898407,0.8087548887899765
n50_i995009_T_a1101_G,n50_i995009_T_a1101,50,995009,T,1101,G,0.9,0.25871771667152643,0.8341169871292061
n50_i995009_T_a1101_G,n50_i995009_T_a1101,50,995009,T,1101,G,1.0,0.47140518948435783,0.8428621867373225
n50_i995009_T_a1101_W,n50_i995009_T_a1101,50,995009,T,1101,W,0.1,0.037234039045870304,0.3682021463742473
n50_i995009_T_a1101_W,n50_i995009_T_a1101,50,995009,T,1101,W,0.25,0.003029068000614643,0.7289565130033031
n50_i995009_T_a1101_W,n50_i995009_T_a1101,50,995009,T,1101,W,0.5,0.07063664589077234,0.824261554006142
n50_i995009_T_a1101_W,n50_i995009_T_a1101,50,995009,T,1101,W,0.75,0.10489735659211874,0.8541682921413463
n50_i995009_T_a1101_W,n50_i995009_T_a1101,50,995009,T,1101,W,0.9,0.43639255221933126,0.8606286010387265
n50_i995009_T_a1101_W,n50_i995009_T_a1101,50,995009,T,1101,W,1.0,0.23925200942903757,0.8618846701840241
n50_i995009_T_a1101_GW,n50_i995009_T_a1101,50,995009,T,1101,GW,0.1,0.09311181586235762,0.2028444968343044
n50_i995009_T_a1101_GW,n50_i995009_T_a1101,50,995009,T,1101,GW,0.25,0.00035836733877658844,0.4012603442500879
n50_i995009_T_a1101_GW,n50_i995009_T_a1101,50,995009,T,1101,GW,0.5,0.05406305752694607,0.5791012083553981
n50_i995009_T_a1101_GW,n50_i995009_T_a1101,50,995009,T,1101,GW,0.75,0.0275596771389246,0.6583433756722383
n50_i995009_T_a1101_GW,n50_i995009_T_a1101,50,995009,T,1101,GW,0.9,0.3489091955125332,0.7065548431070175
n50_i995009_T_a1101_GW,n50_i995009_T_a1101,50,995009,T,1101,GW,1.0,0.0005322117358446121,0.72806492315047
n50_i995009_T_a1101_LEGACY,n50_i995009_T_a1101,50,995009,T,1101,LEGACY,0.1,0.000298110768198967,0.08509448474588518
n50_i995009_T_a1101_LEGACY,n50_i995009_T_a1101,50,995009,T,1101,LEGACY,0.25,0.06278728786855936,0.12947597545540077
n50_i995009_T_a1101_LEGACY,n50_i995009_T_a1101,50,995009,T,1101,LEGACY,0.5,0.042986356653273106,0.4424287479542333
n50_i995009_T_a1101_LEGACY,n50_i995009_T_a1101,50,995009,T,1101,LEGACY,0.75,0.008388951420783997,0.4842972319006665
n50_i995009_T_a1101_LEGACY,n50_i995009_T_a1101,50,995009,T,1101,LEGACY,0.9,0.025972336530685425,0.5293202397284438
n50_i995009_T_a1101_LEGACY,n50_i995009_T_a1101,50,995009,T,1101,LEGACY,1.0,0.6980764521285892,0.5310735583462836
n50_i995009_T_a1101_REFERENCE,n50_i995009_T_a1101,50,995009,T,1101,REFERENCE,0.1,0.009410323575139046,0.26244764849483826
n50_i995009_T_a1101_REFERENCE,n50_i995009_T_a1101,50,995009,T,1101,REFERENCE,0.25,0.002043645828962326,0.42280942801324634
n50_i995009_T_a1101_REFERENCE,n50_i995009_T_a1101,50,995009,T,1101,REFERENCE,0.5,0.023595507256686687,0.4941975660307634
n50_i995009_T_a1101_REFERENCE,n50_i995009_T_a1101,50,995009,T,1101,REFERENCE,0.75,0.006659043952822685,0.5907826179410947
n50_i995009_T_a1101_REFERENCE,n50_i995009_T_a1101,50,995009,T,1101,REFERENCE,0.9,0.011347725056111813,0.5911038874624219
n50_i995009_T_a1101_REFERENCE,n50_i995009_T_a1101,50,995009,T,1101,REFERENCE,1.0,0.4329534322023392,0.5917188051620836
n50_i995010_H_a1101_REFERENCE,n50_i995010_H_a1101,50,995010,H,1101,REFERENCE,0.1,0.002586403861641884,0.7025035263871943
n50_i995010_H_a1101_REFERENCE,n50_i995010_H_a1101,50,995010,H,1101,REFERENCE,0.25,0.037288970313966274,0.7670954262598872
n50_i995010_H_a1101_REFERENCE,n50_i995010_H_a1101,50,995010,H,1101,REFERENCE,0.5,0.3283469472080469,0.8401900320901579
n50_i995010_H_a1101_REFERENCE,n50_i995010_H_a1101,50,995010,H,1101,REFERENCE,0.75,0.018674292601644993,0.8469269087227085
n50_i995010_H_a1101_REFERENCE,n50_i995010_H_a1101,50,995010,H,1101,REFERENCE,0.9,0.08606063202023506,0.8496444297954887
n50_i995010_H_a1101_REFERENCE,n50_i995010_H_a1101,50,995010,H,1101,REFERENCE,1.0,0.20109669771045446,0.8502788169931417
n50_i995010_H_a1101_G,n50_i995010_H_a1101,50,995010,H,1101,G,0.1,0.01178876031190157,0.634429096410796
n50_i995010_H_a1101_G,n50_i995010_H_a1101,50,995010,H,1101,G,0.25,0.004307706840336323,0.7109738938598448
n50_i995010_H_a1101_G,n50_i995010_H_a1101,50,995010,H,1101,G,0.5,0.20012402720749378,0.7218767934722844
n50_i995010_H_a1101_G,n50_i995010_H_a1101,50,995010,H,1101,G,0.75,0.022585410624742508,0.9838097113498452
n50_i995010_H_a1101_G,n50_i995010_H_a1101,50,995010,H,1101,G,0.9,0.00689432118088007,0.9849088488705435
n50_i995010_H_a1101_G,n50_i995010_H_a1101,50,995010,H,1101,G,1.0,0.03497035335749388,0.9864695928125535
n50_i995010_H_a1101_W,n50_i995010_H_a1101,50,995010,H,1101,W,0.1,0.0019787345081567764,0.6055371594956237
n50_i995010_H_a1101_W,n50_i995010_H_a1101,50,995010,H,1101,W,0.25,0.2353780921548605,0.9643903486688663
n50_i995010_H_a1101_W,n50_i995010_H_a1101,50,995010,H,1101,W,0.5,0.10736383032053709,1.0745602762188704
n50_i995010_H_a1101_W,n50_i995010_H_a1101,50,995010,H,1101,W,0.75,0.2802848070859909,1.0777913297559258
n50_i995010_H_a1101_W,n50_i995010_H_a1101,50,995010,H,1101,W,0.9,2.2181309759616852e-05,1.0801649586268633
n50_i995010_H_a1101_W,n50_i995010_H_a1101,50,995010,H,1101,W,1.0,0.16948177572339773,1.0804468426181093
n50_i995010_H_a1101_GW,n50_i995010_H_a1101,50,995010,H,1101,GW,0.1,0.059626856818795204,0.5799488653529902
n50_i995010_H_a1101_GW,n50_i995010_H_a1101,50,995010,H,1101,GW,0.25,0.02566082589328289,0.7980359725710833
n50_i995010_H_a1101_GW,n50_i995010_H_a1101,50,995010,H,1101,GW,0.5,0.27564498875290155,0.9904112714704265
n50_i995010_H_a1101_GW,n50_i995010_H_a1101,50,995010,H,1101,GW,0.75,0.16443889401853085,1.1067146768919363
n50_i995010_H_a1101_GW,n50_i995010_H_a1101,50,995010,H,1101,GW,0.9,0.049732775427401066,1.1105603776164763
n50_i995010_H_a1101_GW,n50_i995010_H_a1101,50,995010,H,1101,GW,1.0,0.23506408091634512,1.1114256959151838
n50_i995010_H_a1101_LEGACY,n50_i995010_H_a1101,50,995010,H,1101,LEGACY,0.1,0.007260591723024845,0.6556257553579641
n50_i995010_H_a1101_LEGACY,n50_i995010_H_a1101,50,995010,H,1101,LEGACY,0.25,0.23769078124314547,0.9472662451466869
n50_i995010_H_a1101_LEGACY,n50_i995010_H_a1101,50,995010,H,1101,LEGACY,0.5,0.06752322521060705,0.9714475395106807
n50_i995010_H_a1101_LEGACY,n50_i995010_H_a1101,50,995010,H,1101,LEGACY,0.75,0.09055908024311066,0.9896648048534801
n50_i995010_H_a1101_LEGACY,n50_i995010_H_a1101,50,995010,H,1101,LEGACY,0.9,0.00025667715817689896,1.0040930134846964
n50_i995010_H_a1101_LEGACY,n50_i995010_H_a1101,50,995010,H,1101,LEGACY,1.0,0.4763523545116186,1.0113433090893793
n50_i995010_H_a2202_W,n50_i995010_H_a2202,50,995010,H,2202,W,0.1,0.05190854426473379,0.7251362479944925
n50_i995010_H_a2202_W,n50_i995010_H_a2202,50,995010,H,2202,W,0.25,0.10925139021128416,0.840463434661151
n50_i995010_H_a2202_W,n50_i995010_H_a2202,50,995010,H,2202,W,0.5,0.03484189976006746,0.9144657582687836
n50_i995010_H_a2202_W,n50_i995010_H_a2202,50,995010,H,2202,W,0.75,0.026544060558080673,0.916911615571827
n50_i995010_H_a2202_W,n50_i995010_H_a2202,50,995010,H,2202,W,0.9,0.2573103439062834,0.9205080257238925
n50_i995010_H_a2202_W,n50_i995010_H_a2202,50,995010,H,2202,W,1.0,0.20553950406610966,0.9321811160458174
n50_i995010_H_a2202_GW,n50_i995010_H_a2202,50,995010,H,2202,GW,0.1,0.015367161482572556,0.6893052736038082
n50_i995010_H_a2202_GW,n50_i995010_H_a2202,50,995010,H,2202,GW,0.25,0.016652229242026806,0.7864060041815252
n50_i995010_H_a2202_GW,n50_i995010_H_a2202,50,995010,H,2202,GW,0.5,0.02055484615266323,0.8112506681638146
n50_i995010_H_a2202_GW,n50_i995010_H_a2202,50,995010,H,2202,GW,0.75,0.0812629284337163,0.845091901702118
n50_i995010_H_a2202_GW,n50_i995010_H_a2202,50,995010,H,2202,GW,0.9,0.0339600732550025,0.8481807622891158
n50_i995010_H_a2202_GW,n50_i995010_H_a2202,50,995010,H,2202,GW,1.0,0.22547015361487865,0.848821984424
n50_i995010_H_a2202_LEGACY,n50_i995010_H_a2202,50,995010,H,2202,LEGACY,0.1,0.03563014417886734,0.7008181316537311
n50_i995010_H_a2202_LEGACY,n50_i995010_H_a2202,50,995010,H,2202,LEGACY,0.25,0.006028893403708935,0.8413070039693793
n50_i995010_H_a2202_LEGACY,n50_i995010_H_a2202,50,995010,H,2202,LEGACY,0.5,0.0047913724556565285,0.8700676550375506
n50_i995010_H_a2202_LEGACY,n50_i995010_H_a2202,50,995010,H,2202,LEGACY,0.75,0.018640643917024136,0.8878664473253158
n50_i995010_H_a2202_LEGACY,n50_i995010_H_a2202,50,995010,H,2202,LEGACY,0.9,0.5269621089100838,0.9209356793615935
n50_i995010_H_a2202_LEGACY,n50_i995010_H_a2202,50,995010,H,2202,LEGACY,1.0,0.019552317447960377,0.9317710892623494
n50_i995010_H_a2202_REFERENCE,n50_i995010_H_a2202,50,995010,H,2202,REFERENCE,0.1,0.05551444832235575,0.7205731155849376
n50_i995010_H_a2202_REFERENCE,n50_i995010_H_a2202,50,995010,H,2202,REFERENCE,0.25,0.018172004260122776,0.7621515298300379
n50_i995010_H_a2202_REFERENCE,n50_i995010_H_a2202,50,995010,H,2202,REFERENCE,0.5,0.003561321645975113,0.7835055049787142
n50_i995010_H_a2202_REFERENCE,n50_i995010_H_a2202,50,995010,H,2202,REFERENCE,0.75,0.13274744153022766,0.8145566028000648
n50_i995010_H_a2202_REFERENCE,n50_i995010_H_a2202,50,995010,H,2202,REFERENCE,0.9,0.7063025459647179,0.8208010082303149
n50_i995010_H_a2202_REFERENCE,n50_i995010_H_a2202,50,995010,H,2202,REFERENCE,1.0,0.004815514199435711,0.827850116991766
n50_i995010_H_a2202_G,n50_i995010_H_a2202,50,995010,H,2202,G,0.1,0.05672730877995491,0.7138985410568162
n50_i995010_H_a2202_G,n50_i995010_H_a2202,50,995010,H,2202,G,0.25,0.21413694508373737,0.7577999514321391
n50_i995010_H_a2202_G,n50_i995010_H_a2202,50,995010,H,2202,G,0.5,0.005869290791451931,0.7741200385046656
n50_i995010_H_a2202_G,n50_i995010_H_a2202,50,995010,H,2202,G,0.75,0.0018644053488969803,0.8793660654157873
n50_i995010_H_a2202_G,n50_i995010_H_a2202,50,995010,H,2202,G,0.9,0.049997023306787014,0.9198520919583127
n50_i995010_H_a2202_G,n50_i995010_H_a2202,50,995010,H,2202,G,1.0,0.3699901783838868,0.9208263288354536
n50_i995010_T_a2202_GW,n50_i995010_T_a2202,50,995010,T,2202,GW,0.1,0.0238740062341094,0.8451716287674408
n50_i995010_T_a2202_GW,n50_i995010_T_a2202,50,995010,T,2202,GW,0.25,0.024190048687160015,0.9926187388483253
n50_i995010_T_a2202_GW,n50_i995010_T_a2202,50,995010,T,2202,GW,0.5,0.0031304359436035156,1.0130547525217501
n50_i995010_T_a2202_GW,n50_i995010_T_a2202,50,995010,T,2202,GW,0.75,0.0027575362473726273,1.0182344277591981
n50_i995010_T_a2202_GW,n50_i995010_T_a2202,50,995010,T,2202,GW,0.9,0.45468855928629637,1.048089584809303
n50_i995010_T_a2202_GW,n50_i995010_T_a2202,50,995010,T,2202,GW,1.0,0.07200524024665356,1.0489322052245058
n50_i995010_T_a2202_LEGACY,n50_i995010_T_a2202,50,995010,T,2202,LEGACY,0.1,0.05136032123118639,0.7167882527029228
n50_i995010_T_a2202_LEGACY,n50_i995010_T_a2202,50,995010,T,2202,LEGACY,0.25,0.0038066022098064423,0.8155665660892581
n50_i995010_T_a2202_LEGACY,n50_i995010_T_a2202,50,995010,T,2202,LEGACY,0.5,0.029944262467324734,0.859616071307483
n50_i995010_T_a2202_LEGACY,n50_i995010_T_a2202,50,995010,T,2202,LEGACY,0.75,0.0008730059489607811,0.9276502064450804
n50_i995010_T_a2202_LEGACY,n50_i995010_T_a2202,50,995010,T,2202,LEGACY,0.9,0.13340171799063683,0.952930427695965
n50_i995010_T_a2202_LEGACY,n50_i995010_T_a2202,50,995010,T,2202,LEGACY,1.0,0.48100409656763077,0.9571346271529052
n50_i995010_T_a2202_REFERENCE,n50_i995010_T_a2202,50,995010,T,2202,REFERENCE,0.1,0.002388913184404373,0.8088520696717306
n50_i995010_T_a2202_REFERENCE,n50_i995010_T_a2202,50,995010,T,2202,REFERENCE,0.25,0.03549292031675577,0.8767499524708302
n50_i995010_T_a2202_REFERENCE,n50_i995010_T_a2202,50,995010,T,2202,REFERENCE,0.5,0.14288931339979172,0.9456344677793831
n50_i995010_T_a2202_REFERENCE,n50_i995010_T_a2202,50,995010,T,2202,REFERENCE,0.75,0.0036136507987976074,0.9931180955716964
n50_i995010_T_a2202_REFERENCE,n50_i995010_T_a2202,50,995010,T,2202,REFERENCE,0.9,0.1806492991745472,0.9967840643118547
n50_i995010_T_a2202_REFERENCE,n50_i995010_T_a2202,50,995010,T,2202,REFERENCE,1.0,0.3017222359776497,0.9999500153715787
n50_i995010_T_a2202_G,n50_i995010_T_a2202,50,995010,T,2202,G,0.1,0.5239453734830022,0.7637957797425481
n50_i995010_T_a2202_G,n50_i995010_T_a2202,50,995010,T,2202,G,0.25,0.338340031914413,0.8643940433990198
n50_i995010_T_a2202_G,n50_i995010_T_a2202,50,995010,T,2202,G,0.5,0.15852055232971907,0.933928558728373
n50_i995010_T_a2202_G,n50_i995010_T_a2202,50,995010,T,2202,G,0.75,0.061740459874272346,0.9550890026445775
n50_i995010_T_a2202_G,n50_i995010_T_a2202,50,995010,T,2202,G,0.9,0.19161572959274054,0.9713509193618239
n50_i995010_T_a2202_G,n50_i995010_T_a2202,50,995010,T,2202,G,1.0,0.09575926512479782,0.9744676114813833
n50_i995010_T_a2202_W,n50_i995010_T_a2202,50,995010,T,2202,W,0.1,0.03491957113146782,0.8101105548869345
n50_i995010_T_a2202_W,n50_i995010_T_a2202,50,995010,T,2202,W,0.25,0.0031482232734560966,0.9122114079159258
n50_i995010_T_a2202_W,n50_i995010_T_a2202,50,995010,T,2202,W,0.5,0.11746994871646166,0.9668871012281871
n50_i995010_T_a2202_W,n50_i995010_T_a2202,50,995010,T,2202,W,0.75,0.13115141354501247,0.9883082504398271
n50_i995010_T_a2202_W,n50_i995010_T_a2202,50,995010,T,2202,W,0.9,0.0689010052010417,0.9969439656675071
n50_i995010_T_a2202_W,n50_i995010_T_a2202,50,995010,T,2202,W,1.0,0.7377549419179559,0.9973861579249741
n50_i995010_T_a1101_G,n50_i995010_T_a1101,50,995010,T,1101,G,0.1,0.03912869654595852,0.8254304846477662
n50_i995010_T_a1101_G,n50_i995010_T_a1101,50,995010,T,1101,G,0.25,0.010293127037584782,0.9737862516104796
n50_i995010_T_a1101_G,n50_i995010_T_a1101,50,995010,T,1101,G,0.5,0.17130652628839016,1.0248147565487293
n50_i995010_T_a1101_G,n50_i995010_T_a1101,50,995010,T,1101,G,0.75,0.10214289277791977,1.089316077506035
n50_i995010_T_a1101_G,n50_i995010_T_a1101,50,995010,T,1101,G,0.9,0.24850043561309576,1.0916216544976738
n50_i995010_T_a1101_G,n50_i995010_T_a1101,50,995010,T,1101,G,1.0,0.20982282888144255,1.0920950591712164
n50_i995010_T_a1101_W,n50_i995010_T_a1101,50,995010,T,1101,W,0.1,0.0026937974616885185,0.6618384938432567
n50_i995010_T_a1101_W,n50_i995010_T_a1101,50,995010,T,1101,W,0.25,0.0615368140861392,0.9365551821355221
n50_i995010_T_a1101_W,n50_i995010_T_a1101,50,995010,T,1101,W,0.5,0.008095592260360718,0.9578877544474617
n50_i995010_T_a1101_W,n50_i995010_T_a1101,50,995010,T,1101,W,0.75,0.023581924848258495,0.9685101332189584
n50_i995010_T_a1101_W,n50_i995010_T_a1101,50,995010,T,1101,W,0.9,0.19024161156266928,0.9758739304272804
n50_i995010_T_a1101_W,n50_i995010_T_a1101,50,995010,T,1101,W,1.0,0.13299410603940487,0.9762695162258552
n50_i995010_T_a1101_GW,n50_i995010_T_a1101,50,995010,T,1101,GW,0.1,0.0634672399610281,0.6576050551899982
n50_i995010_T_a1101_GW,n50_i995010_T_a1101,50,995010,T,1101,GW,0.25,0.001703076995909214,0.9261738909479085
n50_i995010_T_a1101_GW,n50_i995010_T_a1101,50,995010,T,1101,GW,0.5,0.06634973920881748,0.9443813577492517
n50_i995010_T_a1101_GW,n50_i995010_T_a1101,50,995010,T,1101,GW,0.75,0.013719883747398853,0.9574512495491495
n50_i995010_T_a1101_GW,n50_i995010_T_a1101,50,995010,T,1101,GW,0.9,0.15336102806031704,0.9583094686842057
n50_i995010_T_a1101_GW,n50_i995010_T_a1101,50,995010,T,1101,GW,1.0,0.6565172988921404,0.9588442282115682
n50_i995010_T_a1101_LEGACY,n50_i995010_T_a1101,50,995010,T,1101,LEGACY,0.1,0.1306884828954935,0.7950286372295052
n50_i995010_T_a1101_LEGACY,n50_i995010_T_a1101,50,995010,T,1101,LEGACY,0.25,0.086521758697927,0.8738987164836151
n50_i995010_T_a1101_LEGACY,n50_i995010_T_a1101,50,995010,T,1101,LEGACY,0.5,0.1742239873856306,0.9336226611592456
n50_i995010_T_a1101_LEGACY,n50_i995010_T_a1101,50,995010,T,1101,LEGACY,0.75,0.10501744039356709,0.9441786835522451
n50_i995010_T_a1101_LEGACY,n50_i995010_T_a1101,50,995010,T,1101,LEGACY,0.9,0.2709067463874817,0.9517648059499451
n50_i995010_T_a1101_LEGACY,n50_i995010_T_a1101,50,995010,T,1101,LEGACY,1.0,0.07303161732852459,0.9769811624740463
n50_i995010_T_a1101_REFERENCE,n50_i995010_T_a1101,50,995010,T,1101,REFERENCE,0.1,0.004511627368628979,0.8295782231953164
n50_i995010_T_a1101_REFERENCE,n50_i995010_T_a1101,50,995010,T,1101,REFERENCE,0.25,0.08556241076439619,0.8787074459592306
n50_i995010_T_a1101_REFERENCE,n50_i995010_T_a1101,50,995010,T,1101,REFERENCE,0.5,0.02325063105672598,0.9227462987361194
n50_i995010_T_a1101_REFERENCE,n50_i995010_T_a1101,50,995010,T,1101,REFERENCE,0.75,0.08349895477294922,0.9748344771812146
n50_i995010_T_a1101_REFERENCE,n50_i995010_T_a1101,50,995010,T,1101,REFERENCE,0.9,0.07222404424101114,1.0041802795339194
n50_i995010_T_a1101_REFERENCE,n50_i995010_T_a1101,50,995010,T,1101,REFERENCE,1.0,0.2541691930964589,1.0141304947568146
n50_i995011_H_a2202_G,n50_i995011_H_a2202,50,995011,H,2202,G,0.1,0.02648140862584114,0.053956481631742874
n50_i995011_H_a2202_G,n50_i995011_H_a2202,50,995011,H,2202,G,0.25,0.049067674204707146,0.4794632273426417
n50_i995011_H_a2202_G,n50_i995011_H_a2202,50,995011,H,2202,G,0.5,0.00027853716164827347,0.8657327508416882
n50_i995011_H_a2202_G,n50_i995011_H_a2202,50,995011,H,2202,G,0.75,0.09515907801687717,1.0367987900181779
n50_i995011_H_a2202_G,n50_i995011_H_a2202,50,995011,H,2202,G,0.9,0.06483743246644735,1.0408351584068045
n50_i995011_H_a2202_G,n50_i995011_H_a2202,50,995011,H,2202,G,1.0,0.38358473125845194,1.0430741705071012
n50_i995011_H_a2202_W,n50_i995011_H_a2202,50,995011,H,2202,W,0.1,0.02701136562973261,0.06244536388254984
n50_i995011_H_a2202_W,n50_i995011_H_a2202,50,995011,H,2202,W,0.25,0.004305314272642136,0.7450831252151201
n50_i995011_H_a2202_W,n50_i995011_H_a2202,50,995011,H,2202,W,0.5,0.13323021214455366,0.7967260072849759
n50_i995011_H_a2202_W,n50_i995011_H_a2202,50,995011,H,2202,W,0.75,0.01000943873077631,0.93475801021754
n50_i995011_H_a2202_W,n50_i995011_H_a2202,50,995011,H,2202,W,0.9,0.01512728352099657,1.0989686695322125
n50_i995011_H_a2202_W,n50_i995011_H_a2202,50,995011,H,2202,W,1.0,0.22205266542732716,1.1134431177855755
n50_i995011_H_a2202_GW,n50_i995011_H_a2202,50,995011,H,2202,GW,0.1,0.04400946758687496,0.08058792976590706
n50_i995011_H_a2202_GW,n50_i995011_H_a2202,50,995011,H,2202,GW,0.25,0.07226529438048601,0.39374123725380733
n50_i995011_H_a2202_GW,n50_i995011_H_a2202,50,995011,H,2202,GW,0.5,0.013604880310595036,0.5337025672381017
n50_i995011_H_a2202_GW,n50_i995011_H_a2202,50,995011,H,2202,GW,0.75,0.0012624608352780342,0.6126220381750322
n50_i995011_H_a2202_GW,n50_i995011_H_a2202,50,995011,H,2202,GW,0.9,0.0025797970592975616,0.6129167037665212
n50_i995011_H_a2202_GW,n50_i995011_H_a2202,50,995011,H,2202,GW,1.0,0.07819148618727922,0.6132070161089964
n50_i995011_H_a2202_LEGACY,n50_i995011_H_a2202,50,995011,H,2202,LEGACY,0.1,0.05483866762369871,0.2269452506681561
n50_i995011_H_a2202_LEGACY,n50_i995011_H_a2202,50,995011,H,2202,LEGACY,0.25,0.01120186597108841,0.39465527533596917
n50_i995011_H_a2202_LEGACY,n50_i995011_H_a2202,50,995011,H,2202,LEGACY,0.5,0.07779612485319376,0.647290264950404
n50_i995011_H_a2202_LEGACY,n50_i995011_H_a2202,50,995011,H,2202,LEGACY,0.75,0.03630303777754307,0.6738118831550873
n50_i995011_H_a2202_LEGACY,n50_i995011_H_a2202,50,995011,H,2202,LEGACY,0.9,0.32029225770384073,0.6851219771397885
n50_i995011_H_a2202_LEGACY,n50_i995011_H_a2202,50,995011,H,2202,LEGACY,1.0,0.10248156357556581,0.7036387297584396
n50_i995011_H_a2202_REFERENCE,n50_i995011_H_a2202,50,995011,H,2202,REFERENCE,0.1,0.17625986598432064,0.011426587526694012
n50_i995011_H_a2202_REFERENCE,n50_i995011_H_a2202,50,995011,H,2202,REFERENCE,0.25,0.03925122879445553,0.21853711206118745
n50_i995011_H_a2202_REFERENCE,n50_i995011_H_a2202,50,995011,H,2202,REFERENCE,0.5,0.033778184093534946,0.3265431815973239
n50_i995011_H_a2202_REFERENCE,n50_i995011_H_a2202,50,995011,H,2202,REFERENCE,0.75,0.1431070575490594,0.3579190955103439
n50_i995011_H_a2202_REFERENCE,n50_i995011_H_a2202,50,995011,H,2202,REFERENCE,0.9,0.0022109048441052437,0.3583798517633448
n50_i995011_H_a2202_REFERENCE,n50_i995011_H_a2202,50,995011,H,2202,REFERENCE,1.0,0.17247744463384151,0.41327135982215124
n50_i995011_H_a1101_LEGACY,n50_i995011_H_a1101,50,995011,H,1101,LEGACY,0.1,0.025587658397853374,0.059610470679865905
n50_i995011_H_a1101_LEGACY,n50_i995011_H_a1101,50,995011,H,1101,LEGACY,0.25,0.016025139018893242,0.6824963630175265
n50_i995011_H_a1101_LEGACY,n50_i995011_H_a1101,50,995011,H,1101,LEGACY,0.5,0.07832861505448818,0.7034805599157873
n50_i995011_H_a1101_LEGACY,n50_i995011_H_a1101,50,995011,H,1101,LEGACY,0.75,0.06658948119729757,0.9219604520341975
n50_i995011_H_a1101_LEGACY,n50_i995011_H_a1101,50,995011,H,1101,LEGACY,0.9,0.03920600563287735,1.0532441022002856
n50_i995011_H_a1101_LEGACY,n50_i995011_H_a1101,50,995011,H,1101,LEGACY,1.0,0.6726047871634364,1.0613596833252201
n50_i995011_H_a1101_REFERENCE,n50_i995011_H_a1101,50,995011,H,1101,REFERENCE,0.1,0.1535355281084776,0.0
n50_i995011_H_a1101_REFERENCE,n50_i995011_H_a1101,50,995011,H,1101,REFERENCE,0.25,0.0040603503584861755,0.236145167181517
n50_i995011_H_a1101_REFERENCE,n50_i995011_H_a1101,50,995011,H,1101,REFERENCE,0.5,0.05221421550959349,0.5427875154921821
n50_i995011_H_a1101_REFERENCE,n50_i995011_H_a1101,50,995011,H,1101,REFERENCE,0.75,0.003490407019853592,0.5875928130641279
n50_i995011_H_a1101_REFERENCE,n50_i995011_H_a1101,50,995011,H,1101,REFERENCE,0.9,0.1812253873795271,0.6487882804672387
n50_i995011_H_a1101_REFERENCE,n50_i995011_H_a1101,50,995011,H,1101,REFERENCE,1.0,0.6014505410566926,0.6490722786538936
n50_i995011_H_a1101_G,n50_i995011_H_a1101,50,995011,H,1101,G,0.1,0.13604135438799858,0.01698969868695261
n50_i995011_H_a1101_G,n50_i995011_H_a1101,50,995011,H,1101,G,0.25,0.009788598865270615,0.48070343238276414
n50_i995011_H_a1101_G,n50_i995011_H_a1101,50,995011,H,1101,G,0.5,0.004506702534854412,0.8565783067818058
n50_i995011_H_a1101_G,n50_i995011_H_a1101,50,995011,H,1101,G,0.75,0.0051659271121025085,0.9397506506835718
n50_i995011_H_a1101_G,n50_i995011_H_a1101,50,995011,H,1101,G,0.9,0.0237396489828825,0.9437514175734599
n50_i995011_H_a1101_G,n50_i995011_H_a1101,50,995011,H,1101,G,1.0,0.283148399554193,0.9532940027008702
n50_i995011_H_a1101_W,n50_i995011_H_a1101,50,995011,H,1101,W,0.1,0.04305192455649376,0.07578825701055589
n50_i995011_H_a1101_W,n50_i995011_H_a1101,50,995011,H,1101,W,0.25,0.00014834851026535034,0.4082956135526011
n50_i995011_H_a1101_W,n50_i995011_H_a1101,50,995011,H,1101,W,0.5,0.06277795042842627,0.837962954718551
n50_i995011_H_a1101_W,n50_i995011_H_a1101,50,995011,H,1101,W,0.75,0.3952483395114541,0.9231438847233341
n50_i995011_H_a1101_W,n50_i995011_H_a1101,50,995011,H,1101,W,0.9,0.00279415026307106,0.953296827076863
n50_i995011_H_a1101_W,n50_i995011_H_a1101,50,995011,H,1101,W,1.0,0.057804991491138935,0.970524228119584
n50_i995011_H_a1101_GW,n50_i995011_H_a1101,50,995011,H,1101,GW,0.1,0.015479509718716145,0.1710281303061771
n50_i995011_H_a1101_GW,n50_i995011_H_a1101,50,995011,H,1101,GW,0.25,0.18408308271318674,0.4954648994689693
n50_i995011_H_a1101_GW,n50_i995011_H_a1101,50,995011,H,1101,GW,0.5,0.04285154677927494,0.5703333433861975
n50_i995011_H_a1101_GW,n50_i995011_H_a1101,50,995011,H,1101,GW,0.75,0.03325391374528408,0.6463752054254844
n50_i995011_H_a1101_GW,n50_i995011_H_a1101,50,995011,H,1101,GW,0.9,0.062119475565850735,0.6801632393582068
n50_i995011_H_a1101_GW,n50_i995011_H_a1101,50,995011,H,1101,GW,1.0,0.24981881491839886,0.6819448162408326
n50_i995011_T_a2202_W,n50_i995011_T_a2202,50,995011,T,2202,W,0.1,0.0921830041334033,0.0
n50_i995011_T_a2202_W,n50_i995011_T_a2202,50,995011,T,2202,W,0.25,0.03266426455229521,0.2719797696234568
n50_i995011_T_a2202_W,n50_i995011_T_a2202,50,995011,T,2202,W,0.5,0.23678028490394354,0.49400420922077143
n50_i995011_T_a2202_W,n50_i995011_T_a2202,50,995011,T,2202,W,0.75,0.053529695607721806,0.509119458262094
n50_i995011_T_a2202_W,n50_i995011_T_a2202,50,995011,T,2202,W,0.9,0.0011901361867785454,0.5227957428418236
n50_i995011_T_a2202_W,n50_i995011_T_a2202,50,995011,T,2202,W,1.0,0.24111272301524878,0.5329014058152938
n50_i995011_T_a2202_GW,n50_i995011_T_a2202,50,995011,T,2202,GW,0.1,0.1445596320554614,0.0
n50_i995011_T_a2202_GW,n50_i995011_T_a2202,50,995011,T,2202,GW,0.25,0.15119349118322134,0.05477885338587616
n50_i995011_T_a2202_GW,n50_i995011_T_a2202,50,995011,T,2202,GW,0.5,0.09198547434061766,0.5111720328201644
n50_i995011_T_a2202_GW,n50_i995011_T_a2202,50,995011,T,2202,GW,0.75,0.021013393066823483,0.7903425065440496
n50_i995011_T_a2202_GW,n50_i995011_T_a2202,50,995011,T,2202,GW,0.9,0.004590755328536034,0.8743633638378423
n50_i995011_T_a2202_GW,n50_i995011_T_a2202,50,995011,T,2202,GW,1.0,0.16736320964992046,0.8811539291006912
n50_i995011_T_a2202_LEGACY,n50_i995011_T_a2202,50,995011,T,2202,LEGACY,0.1,0.02732296846807003,0.35458683242004585
n50_i995011_T_a2202_LEGACY,n50_i995011_T_a2202,50,995011,T,2202,LEGACY,0.25,0.0036067357286810875,0.5220272632687831
n50_i995011_T_a2202_LEGACY,n50_i995011_T_a2202,50,995011,T,2202,LEGACY,0.5,0.026515123434364796,0.7536312386816426
n50_i995011_T_a2202_LEGACY,n50_i995011_T_a2202,50,995011,T,2202,LEGACY,0.75,0.004691191017627716,0.8223667171950292
n50_i995011_T_a2202_LEGACY,n50_i995011_T_a2202,50,995011,T,2202,LEGACY,0.9,0.17196187656372786,0.8604937015732578
n50_i995011_T_a2202_LEGACY,n50_i995011_T_a2202,50,995011,T,2202,LEGACY,1.0,0.2516250964254141,0.8783565892875169
n50_i995011_T_a2202_REFERENCE,n50_i995011_T_a2202,50,995011,T,2202,REFERENCE,0.1,0.0007245680317282677,0.33513473774479985
n50_i995011_T_a2202_REFERENCE,n50_i995011_T_a2202,50,995011,T,2202,REFERENCE,0.25,0.03191636223345995,0.5745530472898551
n50_i995011_T_a2202_REFERENCE,n50_i995011_T_a2202,50,995011,T,2202,REFERENCE,0.5,0.03852241579443216,0.7461556928354215
n50_i995011_T_a2202_REFERENCE,n50_i995011_T_a2202,50,995011,T,2202,REFERENCE,0.75,0.08145387098193169,0.9058841172578334
n50_i995011_T_a2202_REFERENCE,n50_i995011_T_a2202,50,995011,T,2202,REFERENCE,0.9,0.2587161473929882,0.9222282145549376
n50_i995011_T_a2202_REFERENCE,n50_i995011_T_a2202,50,995011,T,2202,REFERENCE,1.0,0.19754222594201565,0.9298259400154952
n50_i995011_T_a2202_G,n50_i995011_T_a2202,50,995011,T,2202,G,0.1,0.00035038962960243225,0.3138817681553739
n50_i995011_T_a2202_G,n50_i995011_T_a2202,50,995011,T,2202,G,0.25,0.06558410171419382,0.7139177975249488
n50_i995011_T_a2202_G,n50_i995011_T_a2202,50,995011,T,2202,G,0.5,0.04610879626125097,0.9538094013279451
n50_i995011_T_a2202_G,n50_i995011_T_a2202,50,995011,T,2202,G,0.75,0.036552623845636845,1.0130857274006648
n50_i995011_T_a2202_G,n50_i995011_T_a2202,50,995011,T,2202,G,0.9,0.008638301864266396,1.0330821434012438
n50_i995011_T_a2202_G,n50_i995011_T_a2202,50,995011,T,2202,G,1.0,0.8986303508281708,1.0757452189080277
n50_i995011_T_a1101_REFERENCE,n50_i995011_T_a1101,50,995011,T,1101,REFERENCE,0.1,0.028503739275038242,0.0
n50_i995011_T_a1101_REFERENCE,n50_i995011_T_a1101,50,995011,T,1101,REFERENCE,0.25,0.001395178958773613,0.2572763300298167
n50_i995011_T_a1101_REFERENCE,n50_i995011_T_a1101,50,995011,T,1101,REFERENCE,0.5,0.016402967274188995,0.5218759806181383
n50_i995011_T_a1101_REFERENCE,n50_i995011_T_a1101,50,995011,T,1101,REFERENCE,0.75,0.03603687882423401,0.526737966962196
n50_i995011_T_a1101_REFERENCE,n50_i995011_T_a1101,50,995011,T,1101,REFERENCE,0.9,0.3093991242349148,0.5293461603579704
n50_i995011_T_a1101_REFERENCE,n50_i995011_T_a1101,50,995011,T,1101,REFERENCE,1.0,0.259083217009902,0.5293746514574696
n50_i995011_T_a1101_G,n50_i995011_T_a1101,50,995011,T,1101,G,0.1,0.07285611517727375,0.02400956543441751
n50_i995011_T_a1101_G,n50_i995011_T_a1101,50,995011,T,1101,G,0.25,0.11842175107449293,0.16280468022839256
n50_i995011_T_a1101_G,n50_i995011_T_a1101,50,995011,T,1101,G,0.5,0.005041236989200115,0.31235571646494403
n50_i995011_T_a1101_G,n50_i995011_T_a1101,50,995011,T,1101,G,0.75,0.15855483524501324,0.3396021280137886
n50_i995011_T_a1101_G,n50_i995011_T_a1101,50,995011,T,1101,G,0.9,0.2048382954671979,0.37159149925083657
n50_i995011_T_a1101_G,n50_i995011_T_a1101,50,995011,T,1101,G,1.0,0.10247265920042992,0.4443670453514424
n50_i995011_T_a1101_W,n50_i995011_T_a1101,50,995011,T,1101,W,0.1,0.003407936543226242,0.0
n50_i995011_T_a1101_W,n50_i995011_T_a1101,50,995011,T,1101,W,0.25,0.0006804121658205986,0.2591185000792832
n50_i995011_T_a1101_W,n50_i995011_T_a1101,50,995011,T,1101,W,0.5,0.024806874804198742,0.43417021227282365
n50_i995011_T_a1101_W,n50_i995011_T_a1101,50,995011,T,1101,W,0.75,0.013432325795292854,0.5316960146661328
n50_i995011_T_a1101_W,n50_i995011_T_a1101,50,995011,T,1101,W,0.9,0.12712488137185574,0.5394076225562453
n50_i995011_T_a1101_W,n50_i995011_T_a1101,50,995011,T,1101,W,1.0,0.00022607482969760895,0.5448931089131636
n50_i995011_T_a1101_GW,n50_i995011_T_a1101,50,995011,T,1101,GW,0.1,0.037898950278759,0.0
n50_i995011_T_a1101_GW,n50_i995011_T_a1101,50,995011,T,1101,GW,0.25,0.0512288473546505,0.25913398928813797
n50_i995011_T_a1101_GW,n50_i995011_T_a1101,50,995011,T,1101,GW,0.5,0.05114558059722185,0.4374774127481274
n50_i995011_T_a1101_GW,n50_i995011_T_a1101,50,995011,T,1101,GW,0.75,0.05240021459758282,0.513206449955299
n50_i995011_T_a1101_GW,n50_i995011_T_a1101,50,995011,T,1101,GW,0.9,0.06933532748371363,0.5951832743678749
n50_i995011_T_a1101_GW,n50_i995011_T_a1101,50,995011,T,1101,GW,1.0,0.41971667669713497,0.5972308742895243
n50_i995011_T_a1101_LEGACY,n50_i995011_T_a1101,50,995011,T,1101,LEGACY,0.1,0.0667231846600771,0.0
n50_i995011_T_a1101_LEGACY,n50_i995011_T_a1101,50,995011,T,1101,LEGACY,0.25,0.27452241629362106,0.15918147445397007
n50_i995011_T_a1101_LEGACY,n50_i995011_T_a1101,50,995011,T,1101,LEGACY,0.5,0.05085109546780586,0.4945844836002347
n50_i995011_T_a1101_LEGACY,n50_i995011_T_a1101,50,995011,T,1101,LEGACY,0.75,0.06096293963491917,0.6827605585951404
n50_i995011_T_a1101_LEGACY,n50_i995011_T_a1101,50,995011,T,1101,LEGACY,0.9,0.0011585019528865814,0.7894433721025211
n50_i995011_T_a1101_LEGACY,n50_i995011_T_a1101,50,995011,T,1101,LEGACY,1.0,0.1490450631827116,0.7942297072285139
n50_i995012_H_a2202_G,n50_i995012_H_a2202,50,995012,H,2202,G,0.1,0.0027752500027418137,0.6032774904118693
n50_i995012_H_a2202_G,n50_i995012_H_a2202,50,995012,H,2202,G,0.25,0.1830139746889472,0.7798788706555283
n50_i995012_H_a2202_G,n50_i995012_H_a2202,50,995012,H,2202,G,0.5,0.06657903920859098,0.8867102728757581
n50_i995012_H_a2202_G,n50_i995012_H_a2202,50,995012,H,2202,G,0.75,0.06874524150043726,0.945550734575407
n50_i995012_H_a2202_G,n50_i995012_H_a2202,50,995012,H,2202,G,0.9,0.003830340690910816,0.9590481557355235
n50_i995012_H_a2202_G,n50_i995012_H_a2202,50,995012,H,2202,G,1.0,0.024506429210305214,0.965873994603815
n50_i995012_H_a2202_W,n50_i995012_H_a2202,50,995012,H,2202,W,0.1,0.03235937841236591,0.5564760371259244
n50_i995012_H_a2202_W,n50_i995012_H_a2202,50,995012,H,2202,W,0.25,0.11608169693499804,0.6476223777712945
n50_i995012_H_a2202_W,n50_i995012_H_a2202,50,995012,H,2202,W,0.5,0.017293496057391167,0.7234717206036739
n50_i995012_H_a2202_W,n50_i995012_H_a2202,50,995012,H,2202,W,0.75,0.04320771899074316,0.7598241847692989
n50_i995012_H_a2202_W,n50_i995012_H_a2202,50,995012,H,2202,W,0.9,0.005295972339808941,0.7906357952984618
n50_i995012_H_a2202_W,n50_i995012_H_a2202,50,995012,H,2202,W,1.0,0.19395739771425724,0.806489367875449
n50_i995012_H_a2202_GW,n50_i995012_H_a2202,50,995012,H,2202,GW,0.1,0.01024862565100193,0.5523251803164881
n50_i995012_H_a2202_GW,n50_i995012_H_a2202,50,995012,H,2202,GW,0.25,0.11209676414728165,0.740906839675377
n50_i995012_H_a2202_GW,n50_i995012_H_a2202,50,995012,H,2202,GW,0.5,0.06551884394139051,0.7849213384626202
n50_i995012_H_a2202_GW,n50_i995012_H_a2202,50,995012,H,2202,GW,0.75,0.10077843070030212,0.8231765275527003
n50_i995012_H_a2202_GW,n50_i995012_H_a2202,50,995012,H,2202,GW,0.9,0.005451272241771221,0.8404414852499309
n50_i995012_H_a2202_GW,n50_i995012_H_a2202,50,995012,H,2202,GW,1.0,0.1322764651849866,0.8430540512914434
n50_i995012_H_a2202_LEGACY,n50_i995012_H_a2202,50,995012,H,2202,LEGACY,0.1,0.0735207935795188,0.41077968114806296
n50_i995012_H_a2202_LEGACY,n50_i995012_H_a2202,50,995012,H,2202,LEGACY,0.25,0.012708478607237339,0.7606727050773971
n50_i995012_H_a2202_LEGACY,n50_i995012_H_a2202,50,995012,H,2202,LEGACY,0.5,0.02570077683776617,0.8443347934692106
n50_i995012_H_a2202_LEGACY,n50_i995012_H_a2202,50,995012,H,2202,LEGACY,0.75,0.4672823725268245,0.869374842948438
n50_i995012_H_a2202_LEGACY,n50_i995012_H_a2202,50,995012,H,2202,LEGACY,0.9,0.018015962094068527,0.8746424122268102
n50_i995012_H_a2202_LEGACY,n50_i995012_H_a2202,50,995012,H,2202,LEGACY,1.0,0.44724307861179113,0.879013157194239
n50_i995012_H_a2202_REFERENCE,n50_i995012_H_a2202,50,995012,H,2202,REFERENCE,0.1,0.06606532167643309,0.5928012674859615
n50_i995012_H_a2202_REFERENCE,n50_i995012_H_a2202,50,995012,H,2202,REFERENCE,0.25,0.03191720228642225,0.7221169539024387
n50_i995012_H_a2202_REFERENCE,n50_i995012_H_a2202,50,995012,H,2202,REFERENCE,0.5,0.009714273735880852,0.8170118491410608
n50_i995012_H_a2202_REFERENCE,n50_i995012_H_a2202,50,995012,H,2202,REFERENCE,0.75,0.014982535503804684,0.8577650311654184
n50_i995012_H_a2202_REFERENCE,n50_i995012_H_a2202,50,995012,H,2202,REFERENCE,0.9,0.013603095896542072,0.8654401543044906
n50_i995012_H_a2202_REFERENCE,n50_i995012_H_a2202,50,995012,H,2202,REFERENCE,1.0,0.15124547202140093,0.8830649064824493
n50_i995012_H_a1101_LEGACY,n50_i995012_H_a1101,50,995012,H,1101,LEGACY,0.1,0.0013343747705221176,0.40564837539475834
n50_i995012_H_a1101_LEGACY,n50_i995012_H_a1101,50,995012,H,1101,LEGACY,0.25,0.00018243025988340378,0.6221232359649141
n50_i995012_H_a1101_LEGACY,n50_i995012_H_a1101,50,995012,H,1101,LEGACY,0.5,0.0836798157542944,0.7465093081000277
n50_i995012_H_a1101_LEGACY,n50_i995012_H_a1101,50,995012,H,1101,LEGACY,0.75,0.0167381688952446,0.9458238552272084
n50_i995012_H_a1101_LEGACY,n50_i995012_H_a1101,50,995012,H,1101,LEGACY,0.9,0.2889391900971532,1.0063653743363903
n50_i995012_H_a1101_LEGACY,n50_i995012_H_a1101,50,995012,H,1101,LEGACY,1.0,0.1735248500481248,1.009711078363938
n50_i995012_H_a1101_REFERENCE,n50_i995012_H_a1101,50,995012,H,1101,REFERENCE,0.1,0.025324600748717785,0.42958665626044795
n50_i995012_H_a1101_REFERENCE,n50_i995012_H_a1101,50,995012,H,1101,REFERENCE,0.25,0.06369588803499937,0.5661441871756485
n50_i995012_H_a1101_REFERENCE,n50_i995012_H_a1101,50,995012,H,1101,REFERENCE,0.5,0.003634938970208168,0.7234705254146693
n50_i995012_H_a1101_REFERENCE,n50_i995012_H_a1101,50,995012,H,1101,REFERENCE,0.75,0.016744403168559074,0.7732446054119434
n50_i995012_H_a1101_REFERENCE,n50_i995012_H_a1101,50,995012,H,1101,REFERENCE,0.9,0.0036471057683229446,0.7769453790639088
n50_i995012_H_a1101_REFERENCE,n50_i995012_H_a1101,50,995012,H,1101,REFERENCE,1.0,0.578098714351654,0.7779576429275691
n50_i995012_H_a1101_G,n50_i995012_H_a1101,50,995012,H,1101,G,0.1,0.0038649700582027435,0.42220944396293775
n50_i995012_H_a1101_G,n50_i995012_H_a1101,50,995012,H,1101,G,0.25,0.002937738783657551,0.6096178642691193
n50_i995012_H_a1101_G,n50_i995012_H_a1101,50,995012,H,1101,G,0.5,0.2994140740483999,0.7441660269255583
n50_i995012_H_a1101_G,n50_i995012_H_a1101,50,995012,H,1101,G,0.75,0.03308103512972593,0.7837866551247078
n50_i995012_H_a1101_G,n50_i995012_H_a1101,50,995012,H,1101,G,0.9,0.12948850728571415,0.7970174444356896
n50_i995012_H_a1101_G,n50_i995012_H_a1101,50,995012,H,1101,G,1.0,0.5487251989543438,0.7999950621924182
n50_i995012_H_a1101_W,n50_i995012_H_a1101,50,995012,H,1101,W,0.1,0.031372155994176865,0.5167217695824666
n50_i995012_H_a1101_W,n50_i995012_H_a1101,50,995012,H,1101,W,0.25,0.0013437066227197647,0.721135429554655
n50_i995012_H_a1101_W,n50_i995012_H_a1101,50,995012,H,1101,W,0.5,9.09995287656784e-06,0.847071454201635
n50_i995012_H_a1101_W,n50_i995012_H_a1101,50,995012,H,1101,W,0.75,0.015280437655746937,0.9676171019035715
n50_i995012_H_a1101_W,n50_i995012_H_a1101,50,995012,H,1101,W,0.9,0.03950671013444662,0.9858100879275792
n50_i995012_H_a1101_W,n50_i995012_H_a1101,50,995012,H,1101,W,1.0,0.5421017305925488,0.9903987778726591
n50_i995012_H_a1101_GW,n50_i995012_H_a1101,50,995012,H,1101,GW,0.1,0.037054394371807575,0.540619863881548
n50_i995012_H_a1101_GW,n50_i995012_H_a1101,50,995012,H,1101,GW,0.25,0.0885996837168932,0.7289880475775733
n50_i995012_H_a1101_GW,n50_i995012_H_a1101,50,995012,H,1101,GW,0.5,0.17277943808585405,0.893454865510625
n50_i995012_H_a1101_GW,n50_i995012_H_a1101,50,995012,H,1101,GW,0.75,0.07452094368636608,0.9266920016567607
n50_i995012_H_a1101_GW,n50_i995012_H_a1101,50,995012,H,1101,GW,0.9,0.013411235064268112,0.9278632336437448
n50_i995012_H_a1101_GW,n50_i995012_H_a1101,50,995012,H,1101,GW,1.0,0.4918230250477791,0.929958594287369
n50_i995012_T_a2202_W,n50_i995012_T_a2202,50,995012,T,2202,W,0.1,0.0012505976483225822,0.4460329359763966
n50_i995012_T_a2202_W,n50_i995012_T_a2202,50,995012,T,2202,W,0.25,0.24243110418319702,0.5316868776708429
n50_i995012_T_a2202_W,n50_i995012_T_a2202,50,995012,T,2202,W,0.5,0.0008381698280572891,0.7033795539939834
n50_i995012_T_a2202_W,n50_i995012_T_a2202,50,995012,T,2202,W,0.75,0.05882076360285282,0.9868422134022632
n50_i995012_T_a2202_W,n50_i995012_T_a2202,50,995012,T,2202,W,0.9,0.027010024525225163,1.0356089806086
n50_i995012_T_a2202_W,n50_i995012_T_a2202,50,995012,T,2202,W,1.0,0.07930590491741896,1.0391103937542456
n50_i995012_T_a2202_GW,n50_i995012_T_a2202,50,995012,T,2202,GW,0.1,0.028330359607934952,0.4677569291181246
n50_i995012_T_a2202_GW,n50_i995012_T_a2202,50,995012,T,2202,GW,0.25,0.14056351967155933,0.5660801575381955
n50_i995012_T_a2202_GW,n50_i995012_T_a2202,50,995012,T,2202,GW,0.5,0.10993223451077938,0.6611783675584896
n50_i995012_T_a2202_GW,n50_i995012_T_a2202,50,995012,T,2202,GW,0.75,0.26657323259860277,0.6797497780921047
n50_i995012_T_a2202_GW,n50_i995012_T_a2202,50,995012,T,2202,GW,0.9,0.32314481120556593,0.6891340097577724
n50_i995012_T_a2202_GW,n50_i995012_T_a2202,50,995012,T,2202,GW,1.0,0.3483641464263201,0.7025568212370787
n50_i995012_T_a2202_LEGACY,n50_i995012_T_a2202,50,995012,T,2202,LEGACY,0.1,0.06502167694270611,0.4687049516783586
n50_i995012_T_a2202_LEGACY,n50_i995012_T_a2202,50,995012,T,2202,LEGACY,0.25,0.021866201423108578,0.7660325538029684
n50_i995012_T_a2202_LEGACY,n50_i995012_T_a2202,50,995012,T,2202,LEGACY,0.5,0.0029888516291975975,0.7859337635078263
n50_i995012_T_a2202_LEGACY,n50_i995012_T_a2202,50,995012,T,2202,LEGACY,0.75,0.02119121141731739,0.8847374802898308
n50_i995012_T_a2202_LEGACY,n50_i995012_T_a2202,50,995012,T,2202,LEGACY,0.9,0.3930819248780608,0.8892764297784338
n50_i995012_T_a2202_LEGACY,n50_i995012_T_a2202,50,995012,T,2202,LEGACY,1.0,0.33663369435817003,0.9038107709641301
n50_i995012_T_a2202_REFERENCE,n50_i995012_T_a2202,50,995012,T,2202,REFERENCE,0.1,0.0018092049285769463,0.6443758209317186
n50_i995012_T_a2202_REFERENCE,n50_i995012_T_a2202,50,995012,T,2202,REFERENCE,0.25,0.05855002626776695,0.7119985519805169
n50_i995012_T_a2202_REFERENCE,n50_i995012_T_a2202,50,995012,T,2202,REFERENCE,0.5,0.004137735813856125,0.7608684220408345
n50_i995012_T_a2202_REFERENCE,n50_i995012_T_a2202,50,995012,T,2202,REFERENCE,0.75,0.005812974646687508,0.7839819525049978
n50_i995012_T_a2202_REFERENCE,n50_i995012_T_a2202,50,995012,T,2202,REFERENCE,0.9,0.10193665232509375,0.8048941230605197
n50_i995012_T_a2202_REFERENCE,n50_i995012_T_a2202,50,995012,T,2202,REFERENCE,1.0,0.5401623994112015,0.8057948828923639
n50_i995012_T_a2202_G,n50_i995012_T_a2202,50,995012,T,2202,G,0.1,0.02941217925399542,0.5806244288839512
n50_i995012_T_a2202_G,n50_i995012_T_a2202,50,995012,T,2202,G,0.25,0.05848052818328142,0.7051607176999884
n50_i995012_T_a2202_G,n50_i995012_T_a2202,50,995012,T,2202,G,0.5,0.10720948874950409,0.9218043674291937
n50_i995012_T_a2202_G,n50_i995012_T_a2202,50,995012,T,2202,G,0.75,0.16853233519941568,0.9654416309400564
n50_i995012_T_a2202_G,n50_i995012_T_a2202,50,995012,T,2202,G,0.9,0.14023992884904146,0.9863003074560655
n50_i995012_T_a2202_G,n50_i995012_T_a2202,50,995012,T,2202,G,1.0,0.12476654630154371,0.992469085298109
n50_i995012_T_a1101_REFERENCE,n50_i995012_T_a1101,50,995012,T,1101,REFERENCE,0.1,0.000923842191696167,0.6432675077492782
n50_i995012_T_a1101_REFERENCE,n50_i995012_T_a1101,50,995012,T,1101,REFERENCE,0.25,0.406190887093544,0.8569346931252332
n50_i995012_T_a1101_REFERENCE,n50_i995012_T_a1101,50,995012,T,1101,REFERENCE,0.5,0.09905669093132019,1.0397504041929466
n50_i995012_T_a1101_REFERENCE,n50_i995012_T_a1101,50,995012,T,1101,REFERENCE,0.75,0.32107846438884735,1.0485954559190243
n50_i995012_T_a1101_REFERENCE,n50_i995012_T_a1101,50,995012,T,1101,REFERENCE,0.9,0.1357786599546671,1.056859131949585
n50_i995012_T_a1101_REFERENCE,n50_i995012_T_a1101,50,995012,T,1101,REFERENCE,1.0,0.13032587710767984,1.0591794520421554
n50_i995012_T_a1101_G,n50_i995012_T_a1101,50,995012,T,1101,G,0.1,0.0667051887139678,0.5656995345133788
n50_i995012_T_a1101_G,n50_i995012_T_a1101,50,995012,T,1101,G,0.25,0.13378051202744246,0.745714190843872
n50_i995012_T_a1101_G,n50_i995012_T_a1101,50,995012,T,1101,G,0.5,0.040054735727608204,0.8909653649595974
n50_i995012_T_a1101_G,n50_i995012_T_a1101,50,995012,T,1101,G,0.75,0.0021200822666287422,0.9831760038383645
n50_i995012_T_a1101_G,n50_i995012_T_a1101,50,995012,T,1101,G,0.9,0.29638010263442993,1.0096572553592629
n50_i995012_T_a1101_G,n50_i995012_T_a1101,50,995012,T,1101,G,1.0,0.22604682575911283,1.0107900227256992
n50_i995012_T_a1101_W,n50_i995012_T_a1101,50,995012,T,1101,W,0.1,0.001786382868885994,0.6891816964406087
n50_i995012_T_a1101_W,n50_i995012_T_a1101,50,995012,T,1101,W,0.25,0.0032013477757573128,0.778182391879507
n50_i995012_T_a1101_W,n50_i995012_T_a1101,50,995012,T,1101,W,0.5,0.010758418589830399,0.8257998600561194
n50_i995012_T_a1101_W,n50_i995012_T_a1101,50,995012,T,1101,W,0.75,0.0004627704620361328,0.8916492618517873
n50_i995012_T_a1101_W,n50_i995012_T_a1101,50,995012,T,1101,W,0.9,0.0349529879167676,0.9599567182448211
n50_i995012_T_a1101_W,n50_i995012_T_a1101,50,995012,T,1101,W,1.0,0.27289964351803064,0.9659110048344017
n50_i995012_T_a1101_GW,n50_i995012_T_a1101,50,995012,T,1101,GW,0.1,0.0006484948098659515,0.6273262573492988
n50_i995012_T_a1101_GW,n50_i995012_T_a1101,50,995012,T,1101,GW,0.25,0.2501936787739396,0.7992042611599942
n50_i995012_T_a1101_GW,n50_i995012_T_a1101,50,995012,T,1101,GW,0.5,0.15558595303446054,0.8658596807453027
n50_i995012_T_a1101_GW,n50_i995012_T_a1101,50,995012,T,1101,GW,0.75,0.21909264381974936,0.8845804005593286
n50_i995012_T_a1101_GW,n50_i995012_T_a1101,50,995012,T,1101,GW,0.9,0.0013662474229931831,0.8871553708356676
n50_i995012_T_a1101_GW,n50_i995012_T_a1101,50,995012,T,1101,GW,1.0,0.12934589385986328,0.9039873295581523
n50_i995012_T_a1101_LEGACY,n50_i995012_T_a1101,50,995012,T,1101,LEGACY,0.1,0.0008246209472417831,0.5274619391567819
n50_i995012_T_a1101_LEGACY,n50_i995012_T_a1101,50,995012,T,1101,LEGACY,0.25,0.006625905632972717,0.6958227277902889
n50_i995012_T_a1101_LEGACY,n50_i995012_T_a1101,50,995012,T,1101,LEGACY,0.5,0.027814922854304314,0.7783200736460074
n50_i995012_T_a1101_LEGACY,n50_i995012_T_a1101,50,995012,T,1101,LEGACY,0.75,0.024681455455720425,0.8423338617505648
n50_i995012_T_a1101_LEGACY,n50_i995012_T_a1101,50,995012,T,1101,LEGACY,0.9,0.005428661592304707,0.8833929415332717
n50_i995012_T_a1101_LEGACY,n50_i995012_T_a1101,50,995012,T,1101,LEGACY,1.0,0.23887726292014122,0.9092609112024236
n100_i1005001_H_a1101_GW,n100_i1005001_H_a1101,100,1005001,H,1101,GW,0.1,0.2716559572145343,0.4479576031599221
n100_i1005001_H_a1101_GW,n100_i1005001_H_a1101,100,1005001,H,1101,GW,0.25,0.00040179211646318436,0.603639329176529
n100_i1005001_H_a1101_GW,n100_i1005001_H_a1101,100,1005001,H,1101,GW,0.5,0.2482823496684432,0.6593709622098654
n100_i1005001_H_a1101_GW,n100_i1005001_H_a1101,100,1005001,H,1101,GW,0.75,0.4112966265529394,0.7329142218346835
n100_i1005001_H_a1101_GW,n100_i1005001_H_a1101,100,1005001,H,1101,GW,0.9,0.2847188925370574,0.7391386023719226
n100_i1005001_H_a1101_GW,n100_i1005001_H_a1101,100,1005001,H,1101,GW,1.0,0.5628741262480617,0.7457896250778104
n100_i1005001_H_a1101_LEGACY,n100_i1005001_H_a1101,100,1005001,H,1101,LEGACY,0.1,0.8316912380978465,0.40046252002838284
n100_i1005001_H_a1101_LEGACY,n100_i1005001_H_a1101,100,1005001,H,1101,LEGACY,0.25,0.8124158028513193,0.5025152854859823
n100_i1005001_H_a1101_LEGACY,n100_i1005001_H_a1101,100,1005001,H,1101,LEGACY,0.5,1.2632911819964647,0.6086341543946338
n100_i1005001_H_a1101_LEGACY,n100_i1005001_H_a1101,100,1005001,H,1101,LEGACY,0.75,0.4152142843231559,0.6643469946262757
n100_i1005001_H_a1101_LEGACY,n100_i1005001_H_a1101,100,1005001,H,1101,LEGACY,0.9,0.013135318644344807,0.6825637014423314
n100_i1005001_H_a1101_LEGACY,n100_i1005001_H_a1101,100,1005001,H,1101,LEGACY,1.0,0.4872983330860734,0.6924434160792453
n100_i1005001_H_a1101_REFERENCE,n100_i1005001_H_a1101,100,1005001,H,1101,REFERENCE,0.1,1.7084795320406556,0.3341925023098943
n100_i1005001_H_a1101_REFERENCE,n100_i1005001_H_a1101,100,1005001,H,1101,REFERENCE,0.25,0.10109779704362154,0.5833899263046105
n100_i1005001_H_a1101_REFERENCE,n100_i1005001_H_a1101,100,1005001,H,1101,REFERENCE,0.5,0.0962931402027607,0.7157309613892844
n100_i1005001_H_a1101_REFERENCE,n100_i1005001_H_a1101,100,1005001,H,1101,REFERENCE,0.75,0.5470999646931887,0.7690176401779357
n100_i1005001_H_a1101_REFERENCE,n100_i1005001_H_a1101,100,1005001,H,1101,REFERENCE,0.9,0.47321751806885004,0.791094786579254
n100_i1005001_H_a1101_REFERENCE,n100_i1005001_H_a1101,100,1005001,H,1101,REFERENCE,1.0,0.7442091731354594,0.8040521023453849
n100_i1005001_H_a1101_G,n100_i1005001_H_a1101,100,1005001,H,1101,G,0.1,0.058223881758749485,0.4485321628901007
n100_i1005001_H_a1101_G,n100_i1005001_H_a1101,100,1005001,H,1101,G,0.25,0.05025571305304766,0.6144193003634756
n100_i1005001_H_a1101_G,n100_i1005001_H_a1101,100,1005001,H,1101,G,0.5,0.5254831612110138,0.7374092708388715
n100_i1005001_H_a1101_G,n100_i1005001_H_a1101,100,1005001,H,1101,G,0.75,0.4420109046623111,0.7936745782631083
n100_i1005001_H_a1101_G,n100_i1005001_H_a1101,100,1005001,H,1101,G,0.9,0.7451073219999671,0.8278096862864428
n100_i1005001_H_a1101_G,n100_i1005001_H_a1101,100,1005001,H,1101,G,1.0,1.477355983108282,0.8466641109260852
n100_i1005001_H_a1101_W,n100_i1005001_H_a1101,100,1005001,H,1101,W,0.1,0.0648185545578599,0.44966267929217796
n100_i1005001_H_a1101_W,n100_i1005001_H_a1101,100,1005001,H,1101,W,0.25,0.18814521376043558,0.604657555320235
n100_i1005001_H_a1101_W,n100_i1005001_H_a1101,100,1005001,H,1101,W,0.5,0.8244565101340413,0.669815996310859
n100_i1005001_H_a1101_W,n100_i1005001_H_a1101,100,1005001,H,1101,W,0.75,0.11669661104679108,0.6944281570673648
n100_i1005001_H_a1101_W,n100_i1005001_H_a1101,100,1005001,H,1101,W,0.9,0.09710834734141827,0.7169499990483721
n100_i1005001_H_a1101_W,n100_i1005001_H_a1101,100,1005001,H,1101,W,1.0,0.3508467599749565,0.7382148160507194
n100_i1005001_H_a2202_REFERENCE,n100_i1005001_H_a2202,100,1005001,H,2202,REFERENCE,0.1,0.0057875365018844604,0.40560638195013693
n100_i1005001_H_a2202_REFERENCE,n100_i1005001_H_a2202,100,1005001,H,2202,REFERENCE,0.25,0.007433163933455944,0.5507790607361207
n100_i1005001_H_a2202_REFERENCE,n100_i1005001_H_a2202,100,1005001,H,2202,REFERENCE,0.5,0.17946032993495464,0.6605364684089862
n100_i1005001_H_a2202_REFERENCE,n100_i1005001_H_a2202,100,1005001,H,2202,REFERENCE,0.75,0.007185023277997971,0.6865469804375969
n100_i1005001_H_a2202_REFERENCE,n100_i1005001_H_a2202,100,1005001,H,2202,REFERENCE,0.9,0.036458926275372505,0.6981185764973783
n100_i1005001_H_a2202_REFERENCE,n100_i1005001_H_a2202,100,1005001,H,2202,REFERENCE,1.0,0.027650943957269192,0.721500898245852
n100_i1005001_H_a2202_G,n100_i1005001_H_a2202,100,1005001,H,2202,G,0.1,0.2338502425700426,0.40671094796317814
n100_i1005001_H_a2202_G,n100_i1005001_H_a2202,100,1005001,H,2202,G,0.25,0.4287150762975216,0.542841677184856
n100_i1005001_H_a2202_G,n100_i1005001_H_a2202,100,1005001,H,2202,G,0.5,0.0037655457854270935,0.601965251878375
n100_i1005001_H_a2202_G,n100_i1005001_H_a2202,100,1005001,H,2202,G,0.75,0.1246841149404645,0.6503664246482801
n100_i1005001_H_a2202_G,n100_i1005001_H_a2202,100,1005001,H,2202,G,0.9,0.45046328473836184,0.6798509464655548
n100_i1005001_H_a2202_G,n100_i1005001_H_a2202,100,1005001,H,2202,G,1.0,1.0439067874103785,0.6925669202527848
n100_i1005001_H_a2202_W,n100_i1005001_H_a2202,100,1005001,H,2202,W,0.1,0.4620082173496485,0.37677372746951715
n100_i1005001_H_a2202_W,n100_i1005001_H_a2202,100,1005001,H,2202,W,0.25,1.9070515483617783,0.5556235906457272
n100_i1005001_H_a2202_W,n100_i1005001_H_a2202,100,1005001,H,2202,W,0.5,0.013521572574973106,0.7692823939007228
n100_i1005001_H_a2202_W,n100_i1005001_H_a2202,100,1005001,H,2202,W,0.75,0.45316917449235916,0.8233883979835989
n100_i1005001_H_a2202_W,n100_i1005001_H_a2202,100,1005001,H,2202,W,0.9,0.09919898305088282,0.8490975138457649
n100_i1005001_H_a2202_W,n100_i1005001_H_a2202,100,1005001,H,2202,W,1.0,0.19371966738253832,0.8586995309246411
n100_i1005001_H_a2202_GW,n100_i1005001_H_a2202,100,1005001,H,2202,GW,0.1,0.49849592987447977,0.4413304050287791
n100_i1005001_H_a2202_GW,n100_i1005001_H_a2202,100,1005001,H,2202,GW,0.25,0.23094061482697725,0.6170547617594395
n100_i1005001_H_a2202_GW,n100_i1005001_H_a2202,100,1005001,H,2202,GW,0.5,0.6823356347158551,0.7523853093948173
n100_i1005001_H_a2202_GW,n100_i1005001_H_a2202,100,1005001,H,2202,GW,0.75,1.1352915484458208,0.8631971738827281
n100_i1005001_H_a2202_GW,n100_i1005001_H_a2202,100,1005001,H,2202,GW,0.9,0.2198904501274228,0.8732408035416062
n100_i1005001_H_a2202_GW,n100_i1005001_H_a2202,100,1005001,H,2202,GW,1.0,0.12192888092249632,0.878003556950684
n100_i1005001_H_a2202_LEGACY,n100_i1005001_H_a2202,100,1005001,H,2202,LEGACY,0.1,0.018943844363093376,0.4254974672191654
n100_i1005001_H_a2202_LEGACY,n100_i1005001_H_a2202,100,1005001,H,2202,LEGACY,0.25,0.5018713129684329,0.6308535062074201
n100_i1005001_H_a2202_LEGACY,n100_i1005001_H_a2202,100,1005001,H,2202,LEGACY,0.5,0.11675005592405796,0.7260206816404858
n100_i1005001_H_a2202_LEGACY,n100_i1005001_H_a2202,100,1005001,H,2202,LEGACY,0.75,0.2319647055119276,0.764477792144997
n100_i1005001_H_a2202_LEGACY,n100_i1005001_H_a2202,100,1005001,H,2202,LEGACY,0.9,0.13415417913347483,0.7690844351524327
n100_i1005001_H_a2202_LEGACY,n100_i1005001_H_a2202,100,1005001,H,2202,LEGACY,1.0,0.5402925731614232,0.7775594261024396
n100_i1005001_T_a1101_LEGACY,n100_i1005001_T_a1101,100,1005001,T,1101,LEGACY,0.1,0.18110142089426517,0.28778897908911427
n100_i1005001_T_a1101_LEGACY,n100_i1005001_T_a1101,100,1005001,T,1101,LEGACY,0.25,0.06436403188854456,0.43929016328776566
n100_i1005001_T_a1101_LEGACY,n100_i1005001_T_a1101,100,1005001,T,1101,LEGACY,0.5,0.009001558646559715,0.5083821675298307
n100_i1005001_T_a1101_LEGACY,n100_i1005001_T_a1101,100,1005001,T,1101,LEGACY,0.75,0.3319203583523631,0.5704488288950421
n100_i1005001_T_a1101_LEGACY,n100_i1005001_T_a1101,100,1005001,T,1101,LEGACY,0.9,0.08393325936049223,0.6022426155903614
n100_i1005001_T_a1101_LEGACY,n100_i1005001_T_a1101,100,1005001,T,1101,LEGACY,1.0,0.21891969069838524,0.6091921119257991
n100_i1005001_T_a1101_REFERENCE,n100_i1005001_T_a1101,100,1005001,T,1101,REFERENCE,0.1,0.9138590013608336,0.2611031350447677
n100_i1005001_T_a1101_REFERENCE,n100_i1005001_T_a1101,100,1005001,T,1101,REFERENCE,0.25,0.16161668952554464,0.468688693776723
n100_i1005001_T_a1101_REFERENCE,n100_i1005001_T_a1101,100,1005001,T,1101,REFERENCE,0.5,0.02777883131057024,0.5446607645165992
n100_i1005001_T_a1101_REFERENCE,n100_i1005001_T_a1101,100,1005001,T,1101,REFERENCE,0.75,1.0498194266110659,0.5571793629089973
n100_i1005001_T_a1101_REFERENCE,n100_i1005001_T_a1101,100,1005001,T,1101,REFERENCE,0.9,0.6726470878347754,0.5627340154191784
n100_i1005001_T_a1101_REFERENCE,n100_i1005001_T_a1101,100,1005001,T,1101,REFERENCE,1.0,0.5602891333401203,0.563652997556046
n100_i1005001_T_a1101_G,n100_i1005001_T_a1101,100,1005001,T,1101,G,0.1,0.48849924467504025,0.2760471487216618
n100_i1005001_T_a1101_G,n100_i1005001_T_a1101,100,1005001,T,1101,G,0.25,0.012821446172893047,0.49279765953929927
n100_i1005001_T_a1101_G,n100_i1005001_T_a1101,100,1005001,T,1101,G,0.5,0.022545460611581802,0.6105866509257153
n100_i1005001_T_a1101_G,n100_i1005001_T_a1101,100,1005001,T,1101,G,0.75,0.04924315493553877,0.6392364451541618
n100_i1005001_T_a1101_G,n100_i1005001_T_a1101,100,1005001,T,1101,G,0.9,0.09674863796681166,0.6503818069060262
n100_i1005001_T_a1101_G,n100_i1005001_T_a1101,100,1005001,T,1101,G,1.0,0.006429356522858143,0.6611702236151994
n100_i1005001_T_a1101_W,n100_i1005001_T_a1101,100,1005001,T,1101,W,0.1,0.2992248581722379,0.3136490669821013
n100_i1005001_T_a1101_W,n100_i1005001_T_a1101,100,1005001,T,1101,W,0.25,0.1455865567550063,0.5061864589974252
n100_i1005001_T_a1101_W,n100_i1005001_T_a1101,100,1005001,T,1101,W,0.5,0.009615139104425907,0.5867246348071286
n100_i1005001_T_a1101_W,n100_i1005001_T_a1101,100,1005001,T,1101,W,0.75,0.03314149286597967,0.6118670747679047
n100_i1005001_T_a1101_W,n100_i1005001_T_a1101,100,1005001,T,1101,W,0.9,0.4627131512388587,0.6411038084523965
n100_i1005001_T_a1101_W,n100_i1005001_T_a1101,100,1005001,T,1101,W,1.0,0.15922234673053026,0.6589685505655627
n100_i1005001_T_a1101_GW,n100_i1005001_T_a1101,100,1005001,T,1101,GW,0.1,0.024983176961541176,0.30637424618165177
n100_i1005001_T_a1101_GW,n100_i1005001_T_a1101,100,1005001,T,1101,GW,0.25,0.02314388658851385,0.4857020513795998
n100_i1005001_T_a1101_GW,n100_i1005001_T_a1101,100,1005001,T,1101,GW,0.5,0.015866493806242943,0.5608121777901903
n100_i1005001_T_a1101_GW,n100_i1005001_T_a1101,100,1005001,T,1101,GW,0.75,0.0234961099922657,0.5839577327965416
n100_i1005001_T_a1101_GW,n100_i1005001_T_a1101,100,1005001,T,1101,GW,0.9,0.3143171202391386,0.5924306019213504
n100_i1005001_T_a1101_GW,n100_i1005001_T_a1101,100,1005001,T,1101,GW,1.0,0.4692571461200714,0.595947473779106
n100_i1005001_T_a2202_G,n100_i1005001_T_a2202,100,1005001,T,2202,G,0.1,0.1054689222946763,0.27073460786667414
n100_i1005001_T_a2202_G,n100_i1005001_T_a2202,100,1005001,T,2202,G,0.25,0.8994850870221853,0.4742790272554509
n100_i1005001_T_a2202_G,n100_i1005001_T_a2202,100,1005001,T,2202,G,0.5,1.3881231881678104,0.5668735857003121
n100_i1005001_T_a2202_G,n100_i1005001_T_a2202,100,1005001,T,2202,G,0.75,0.011144057847559452,0.631131899661032
n100_i1005001_T_a2202_G,n100_i1005001_T_a2202,100,1005001,T,2202,G,0.9,0.4051536303013563,0.6510015677734362
n100_i1005001_T_a2202_G,n100_i1005001_T_a2202,100,1005001,T,2202,G,1.0,0.9023739332333207,0.6613042456275562
n100_i1005001_T_a2202_W,n100_i1005001_T_a2202,100,1005001,T,2202,W,0.1,0.5327497702091932,0.27545612242251527
n100_i1005001_T_a2202_W,n100_i1005001_T_a2202,100,1005001,T,2202,W,0.25,1.1885852832347155,0.35899920202461566
n100_i1005001_T_a2202_W,n100_i1005001_T_a2202,100,1005001,T,2202,W,0.5,0.6636090120300651,0.5704015965017578
n100_i1005001_T_a2202_W,n100_i1005001_T_a2202,100,1005001,T,2202,W,0.75,0.09943314641714096,0.6601245976297354
n100_i1005001_T_a2202_W,n100_i1005001_T_a2202,100,1005001,T,2202,W,0.9,0.21685300767421722,0.7207395655694857
n100_i1005001_T_a2202_W,n100_i1005001_T_a2202,100,1005001,T,2202,W,1.0,1.6990984855219722,0.7475854888154942
n100_i1005001_T_a2202_GW,n100_i1005001_T_a2202,100,1005001,T,2202,GW,0.1,0.7888944763690233,0.2518607351612456
n100_i1005001_T_a2202_GW,n100_i1005001_T_a2202,100,1005001,T,2202,GW,0.25,0.010410812683403492,0.37815595460193413
n100_i1005001_T_a2202_GW,n100_i1005001_T_a2202,100,1005001,T,2202,GW,0.5,0.10504966881126165,0.5978744840964184
n100_i1005001_T_a2202_GW,n100_i1005001_T_a2202,100,1005001,T,2202,GW,0.75,0.003605799749493599,0.6678404023854415
n100_i1005001_T_a2202_GW,n100_i1005001_T_a2202,100,1005001,T,2202,GW,0.9,0.6282145949080586,0.6781776141479599
n100_i1005001_T_a2202_GW,n100_i1005001_T_a2202,100,1005001,T,2202,GW,1.0,0.6741210492327809,0.6802649203362655
n100_i1005001_T_a2202_LEGACY,n100_i1005001_T_a2202,100,1005001,T,2202,LEGACY,0.1,0.7234593089669943,0.31287133782308424
n100_i1005001_T_a2202_LEGACY,n100_i1005001_T_a2202,100,1005001,T,2202,LEGACY,0.25,0.7841870468109846,0.4212188774548921
n100_i1005001_T_a2202_LEGACY,n100_i1005001_T_a2202,100,1005001,T,2202,LEGACY,0.5,1.0959197413176298,0.4796357807122651
n100_i1005001_T_a2202_LEGACY,n100_i1005001_T_a2202,100,1005001,T,2202,LEGACY,0.75,0.4010817091912031,0.5351280495105706
n100_i1005001_T_a2202_LEGACY,n100_i1005001_T_a2202,100,1005001,T,2202,LEGACY,0.9,0.269085711799562,0.5782102121004057
n100_i1005001_T_a2202_LEGACY,n100_i1005001_T_a2202,100,1005001,T,2202,LEGACY,1.0,0.5315270312130451,0.5966158293027282
n100_i1005001_T_a2202_REFERENCE,n100_i1005001_T_a2202,100,1005001,T,2202,REFERENCE,0.1,0.3025347590446472,0.27263365670536666
n100_i1005001_T_a2202_REFERENCE,n100_i1005001_T_a2202,100,1005001,T,2202,REFERENCE,0.25,0.19118225015699863,0.4486175507250825
n100_i1005001_T_a2202_REFERENCE,n100_i1005001_T_a2202,100,1005001,T,2202,REFERENCE,0.5,0.9817204950377345,0.5692214881155566
n100_i1005001_T_a2202_REFERENCE,n100_i1005001_T_a2202,100,1005001,T,2202,REFERENCE,0.75,0.3112355303019285,0.6143318802000082
n100_i1005001_T_a2202_REFERENCE,n100_i1005001_T_a2202,100,1005001,T,2202,REFERENCE,0.9,0.06949672009795904,0.6445559111172849
n100_i1005001_T_a2202_REFERENCE,n100_i1005001_T_a2202,100,1005001,T,2202,REFERENCE,1.0,0.13434450794011354,0.6750076170160335
n100_i1005002_H_a1101_GW,n100_i1005002_H_a1101,100,1005002,H,1101,GW,0.1,1.6247436217963696,0.5734015808233369
n100_i1005002_H_a1101_GW,n100_i1005002_H_a1101,100,1005002,H,1101,GW,0.25,0.0805461872369051,0.6794295283879842
n100_i1005002_H_a1101_GW,n100_i1005002_H_a1101,100,1005002,H,1101,GW,0.5,0.07681670319288969,0.7772298082818822
n100_i1005002_H_a1101_GW,n100_i1005002_H_a1101,100,1005002,H,1101,GW,0.75,0.05475397873669863,0.8509400118616129
n100_i1005002_H_a1101_GW,n100_i1005002_H_a1101,100,1005002,H,1101,GW,0.9,0.4495940115302801,0.8587547130669301
n100_i1005002_H_a1101_GW,n100_i1005002_H_a1101,100,1005002,H,1101,GW,1.0,1.095299495384097,0.8911352332546745
n100_i1005002_H_a1101_LEGACY,n100_i1005002_H_a1101,100,1005002,H,1101,LEGACY,0.1,0.0004253927618265152,0.5577586638705162
n100_i1005002_H_a1101_LEGACY,n100_i1005002_H_a1101,100,1005002,H,1101,LEGACY,0.25,0.41957882046699524,0.738932608810217
n100_i1005002_H_a1101_LEGACY,n100_i1005002_H_a1101,100,1005002,H,1101,LEGACY,0.5,0.0003456342965364456,0.8335541522753305
n100_i1005002_H_a1101_LEGACY,n100_i1005002_H_a1101,100,1005002,H,1101,LEGACY,0.75,3.03428893070668,0.8520839012491501
n100_i1005002_H_a1101_LEGACY,n100_i1005002_H_a1101,100,1005002,H,1101,LEGACY,0.9,0.5670974599197507,0.8642573852757075
n100_i1005002_H_a1101_LEGACY,n100_i1005002_H_a1101,100,1005002,H,1101,LEGACY,1.0,0.22982660587877035,0.8694334716630435
n100_i1005002_H_a1101_REFERENCE,n100_i1005002_H_a1101,100,1005002,H,1101,REFERENCE,0.1,0.36880655959248543,0.5189724798883774
n100_i1005002_H_a1101_REFERENCE,n100_i1005002_H_a1101,100,1005002,H,1101,REFERENCE,0.25,0.22592093981802464,0.6033256648316585
n100_i1005002_H_a1101_REFERENCE,n100_i1005002_H_a1101,100,1005002,H,1101,REFERENCE,0.5,0.33715378399938345,0.6787655340695127
n100_i1005002_H_a1101_REFERENCE,n100_i1005002_H_a1101,100,1005002,H,1101,REFERENCE,0.75,0.13158789556473494,0.7219276692601058
n100_i1005002_H_a1101_REFERENCE,n100_i1005002_H_a1101,100,1005002,H,1101,REFERENCE,0.9,0.04912338312715292,0.7263074148460882
n100_i1005002_H_a1101_REFERENCE,n100_i1005002_H_a1101,100,1005002,H,1101,REFERENCE,1.0,0.9283778788521886,0.7347663069982683
n100_i1005002_H_a1101_G,n100_i1005002_H_a1101,100,1005002,H,1101,G,0.1,0.01080615259706974,0.5334456511464696
n100_i1005002_H_a1101_G,n100_i1005002_H_a1101,100,1005002,H,1101,G,0.25,0.07361617032438517,0.6681556899351125
n100_i1005002_H_a1101_G,n100_i1005002_H_a1101,100,1005002,H,1101,G,0.5,0.004609717987477779,0.7100369182226317
n100_i1005002_H_a1101_G,n100_i1005002_H_a1101,100,1005002,H,1101,G,0.75,0.10406664945185184,0.7688657889519709
n100_i1005002_H_a1101_G,n100_i1005002_H_a1101,100,1005002,H,1101,G,0.9,0.38099391385912895,0.8192583815507593
n100_i1005002_H_a1101_G,n100_i1005002_H_a1101,100,1005002,H,1101,G,1.0,0.1343723377212882,0.8322853663004737
n100_i1005002_H_a1101_W,n100_i1005002_H_a1101,100,1005002,H,1101,W,0.1,0.5717142634093761,0.575147442852208
n100_i1005002_H_a1101_W,n100_i1005002_H_a1101,100,1005002,H,1101,W,0.25,0.006820984184741974,0.7025185799859979
n100_i1005002_H_a1101_W,n100_i1005002_H_a1101,100,1005002,H,1101,W,0.5,0.41613877937197685,0.7782587487755689
n100_i1005002_H_a1101_W,n100_i1005002_H_a1101,100,1005002,H,1101,W,0.75,1.1839193645864725,0.8077235759164101
n100_i1005002_H_a1101_W,n100_i1005002_H_a1101,100,1005002,H,1101,W,0.9,0.07078531850129366,0.8192741061338256
n100_i1005002_H_a1101_W,n100_i1005002_H_a1101,100,1005002,H,1101,W,1.0,1.6395715083926916,0.8329068662674317
n100_i1005002_H_a2202_REFERENCE,n100_i1005002_H_a2202,100,1005002,H,2202,REFERENCE,0.1,0.09333113953471184,0.4949767276505227
n100_i1005002_H_a2202_REFERENCE,n100_i1005002_H_a2202,100,1005002,H,2202,REFERENCE,0.25,0.5447689201682806,0.585084925965304
n100_i1005002_H_a2202_REFERENCE,n100_i1005002_H_a2202,100,1005002,H,2202,REFERENCE,0.5,1.6763292783871293,0.7294062468369732
n100_i1005002_H_a2202_REFERENCE,n100_i1005002_H_a2202,100,1005002,H,2202,REFERENCE,0.75,0.06939980108290911,0.7461794298897576
n100_i1005002_H_a2202_REFERENCE,n100_i1005002_H_a2202,100,1005002,H,2202,REFERENCE,0.9,1.882029140368104,0.7519141229308056
n100_i1005002_H_a2202_REFERENCE,n100_i1005002_H_a2202,100,1005002,H,2202,REFERENCE,1.0,1.3232993334531784,0.7535494795696697
n100_i1005002_H_a2202_G,n100_i1005002_H_a2202,100,1005002,H,2202,G,0.1,1.0678612338379025,0.4895507075560485
n100_i1005002_H_a2202_G,n100_i1005002_H_a2202,100,1005002,H,2202,G,0.25,0.06955467071384192,0.5696248585264339
n100_i1005002_H_a2202_G,n100_i1005002_H_a2202,100,1005002,H,2202,G,0.5,0.14595773722976446,0.655529894525339
n100_i1005002_H_a2202_G,n100_i1005002_H_a2202,100,1005002,H,2202,G,0.75,0.14410476852208376,0.6737496313113107
n100_i1005002_H_a2202_G,n100_i1005002_H_a2202,100,1005002,H,2202,G,0.9,0.008066998794674873,0.6910574568803626
n100_i1005002_H_a2202_G,n100_i1005002_H_a2202,100,1005002,H,2202,G,1.0,0.41624117363244295,0.6955569026971365
n100_i1005002_H_a2202_W,n100_i1005002_H_a2202,100,1005002,H,2202,W,0.1,0.042299987748265266,0.4385734328325753
n100_i1005002_H_a2202_W,n100_i1005002_H_a2202,100,1005002,H,2202,W,0.25,0.7632127003744245,0.5875525127294847
n100_i1005002_H_a2202_W,n100_i1005002_H_a2202,100,1005002,H,2202,W,0.5,0.1988374711945653,0.7017788888396285
n100_i1005002_H_a2202_W,n100_i1005002_H_a2202,100,1005002,H,2202,W,0.75,0.7768621407449245,0.7420902436147635
n100_i1005002_H_a2202_W,n100_i1005002_H_a2202,100,1005002,H,2202,W,0.9,0.007468346506357193,0.7637595087385284
n100_i1005002_H_a2202_W,n100_i1005002_H_a2202,100,1005002,H,2202,W,1.0,0.5336585165932775,0.7703166883181525
n100_i1005002_H_a2202_GW,n100_i1005002_H_a2202,100,1005002,H,2202,GW,0.1,0.0041957153007388115,0.5230876588205476
n100_i1005002_H_a2202_GW,n100_i1005002_H_a2202,100,1005002,H,2202,GW,0.25,0.010191825218498707,0.6672731951820773
n100_i1005002_H_a2202_GW,n100_i1005002_H_a2202,100,1005002,H,2202,GW,0.5,0.25822011847049,0.7379786666644359
n100_i1005002_H_a2202_GW,n100_i1005002_H_a2202,100,1005002,H,2202,GW,0.75,0.02507517859339714,0.7838954396366901
n100_i1005002_H_a2202_GW,n100_i1005002_H_a2202,100,1005002,H,2202,GW,0.9,0.010303611867129803,0.7976126489288995
n100_i1005002_H_a2202_GW,n100_i1005002_H_a2202,100,1005002,H,2202,GW,1.0,0.6867898758500814,0.8162617802623773
n100_i1005002_H_a2202_LEGACY,n100_i1005002_H_a2202,100,1005002,H,2202,LEGACY,0.1,0.4333044635131955,0.5092931014435538
n100_i1005002_H_a2202_LEGACY,n100_i1005002_H_a2202,100,1005002,H,2202,LEGACY,0.25,0.45658895652741194,0.638586485625115
n100_i1005002_H_a2202_LEGACY,n100_i1005002_H_a2202,100,1005002,H,2202,LEGACY,0.5,0.5496792905032635,0.738754706374906
n100_i1005002_H_a2202_LEGACY,n100_i1005002_H_a2202,100,1005002,H,2202,LEGACY,0.75,0.9349989593029022,0.7529908996840529
n100_i1005002_H_a2202_LEGACY,n100_i1005002_H_a2202,100,1005002,H,2202,LEGACY,0.9,0.5278901923447847,0.7732158453740966
n100_i1005002_H_a2202_LEGACY,n100_i1005002_H_a2202,100,1005002,H,2202,LEGACY,1.0,0.5734900608658791,0.7821410109807745
n100_i1005002_T_a1101_LEGACY,n100_i1005002_T_a1101,100,1005002,T,1101,LEGACY,0.1,0.08145017083734274,0.4338673253368698
n100_i1005002_T_a1101_LEGACY,n100_i1005002_T_a1101,100,1005002,T,1101,LEGACY,0.25,0.21578232012689114,0.6014881504149173
n100_i1005002_T_a1101_LEGACY,n100_i1005002_T_a1101,100,1005002,T,1101,LEGACY,0.5,0.6485108025372028,0.7020121388847326
n100_i1005002_T_a1101_LEGACY,n100_i1005002_T_a1101,100,1005002,T,1101,LEGACY,0.75,0.8167909318581223,0.7349390244029496
n100_i1005002_T_a1101_LEGACY,n100_i1005002_T_a1101,100,1005002,T,1101,LEGACY,0.9,0.0043570902198553085,0.7581270877034022
n100_i1005002_T_a1101_LEGACY,n100_i1005002_T_a1101,100,1005002,T,1101,LEGACY,1.0,1.1748097045347095,0.7706847012008018
n100_i1005002_T_a1101_REFERENCE,n100_i1005002_T_a1101,100,1005002,T,1101,REFERENCE,0.1,1.031421291641891,0.42836536035281
n100_i1005002_T_a1101_REFERENCE,n100_i1005002_T_a1101,100,1005002,T,1101,REFERENCE,0.25,0.1681481096893549,0.5646407337368062
n100_i1005002_T_a1101_REFERENCE,n100_i1005002_T_a1101,100,1005002,T,1101,REFERENCE,0.5,0.00293709896504879,0.6199790314253523
n100_i1005002_T_a1101_REFERENCE,n100_i1005002_T_a1101,100,1005002,T,1101,REFERENCE,0.75,0.03988572582602501,0.6581628873228557
n100_i1005002_T_a1101_REFERENCE,n100_i1005002_T_a1101,100,1005002,T,1101,REFERENCE,0.9,1.8302511470392346,0.6746479099492797
n100_i1005002_T_a1101_REFERENCE,n100_i1005002_T_a1101,100,1005002,T,1101,REFERENCE,1.0,1.8374113561585546,0.6812672442393639
n100_i1005002_T_a1101_G,n100_i1005002_T_a1101,100,1005002,T,1101,G,0.1,0.0071448152884840965,0.4345288543562397
n100_i1005002_T_a1101_G,n100_i1005002_T_a1101,100,1005002,T,1101,G,0.25,0.3229366494342685,0.5436709375449993
n100_i1005002_T_a1101_G,n100_i1005002_T_a1101,100,1005002,T,1101,G,0.5,0.020627571269869804,0.6528028257440804
n100_i1005002_T_a1101_G,n100_i1005002_T_a1101,100,1005002,T,1101,G,0.75,0.056392259895801544,0.6763139268958482
n100_i1005002_T_a1101_G,n100_i1005002_T_a1101,100,1005002,T,1101,G,0.9,0.587734904140234,0.6953095094322957
n100_i1005002_T_a1101_G,n100_i1005002_T_a1101,100,1005002,T,1101,G,1.0,0.042081696912646294,0.7005947016338819
n100_i1005002_T_a1101_W,n100_i1005002_T_a1101,100,1005002,T,1101,W,0.1,0.08556816913187504,0.4594016978280672
n100_i1005002_T_a1101_W,n100_i1005002_T_a1101,100,1005002,T,1101,W,0.25,0.0037389779463410378,0.6002933913089862
n100_i1005002_T_a1101_W,n100_i1005002_T_a1101,100,1005002,T,1101,W,0.5,0.0045075444504618645,0.6910387875745746
n100_i1005002_T_a1101_W,n100_i1005002_T_a1101,100,1005002,T,1101,W,0.75,0.5756878759711981,0.7426795112377037
n100_i1005002_T_a1101_W,n100_i1005002_T_a1101,100,1005002,T,1101,W,0.9,0.06612252816557884,0.754114315483323
n100_i1005002_T_a1101_W,n100_i1005002_T_a1101,100,1005002,T,1101,W,1.0,0.20230176579207182,0.7570826912466304
n100_i1005002_T_a1101_GW,n100_i1005002_T_a1101,100,1005002,T,1101,GW,0.1,0.011912026442587376,0.45592714234488396
n100_i1005002_T_a1101_GW,n100_i1005002_T_a1101,100,1005002,T,1101,GW,0.25,0.10187590401619673,0.6153789711604019
n100_i1005002_T_a1101_GW,n100_i1005002_T_a1101,100,1005002,T,1101,GW,0.5,0.36917740292847157,0.7230093006964157
n100_i1005002_T_a1101_GW,n100_i1005002_T_a1101,100,1005002,T,1101,GW,0.75,0.004331329837441444,0.7546107003156005
n100_i1005002_T_a1101_GW,n100_i1005002_T_a1101,100,1005002,T,1101,GW,0.9,0.018860915675759315,0.7740177007884945
n100_i1005002_T_a1101_GW,n100_i1005002_T_a1101,100,1005002,T,1101,GW,1.0,1.920654603280127,0.7782102516755485
n100_i1005002_T_a2202_G,n100_i1005002_T_a2202,100,1005002,T,2202,G,0.1,0.24278435669839382,0.4092237983586175
n100_i1005002_T_a2202_G,n100_i1005002_T_a2202,100,1005002,T,2202,G,0.25,1.4216303993016481,0.5668441660140017
n100_i1005002_T_a2202_G,n100_i1005002_T_a2202,100,1005002,T,2202,G,0.5,0.13360527623444796,0.644455632690375
n100_i1005002_T_a2202_G,n100_i1005002_T_a2202,100,1005002,T,2202,G,0.75,0.058320170268416405,0.6722737017026104
n100_i1005002_T_a2202_G,n100_i1005002_T_a2202,100,1005002,T,2202,G,0.9,0.038409954868257046,0.685477505103035
n100_i1005002_T_a2202_G,n100_i1005002_T_a2202,100,1005002,T,2202,G,1.0,1.030934569425881,0.6933598865276044
n100_i1005002_T_a2202_W,n100_i1005002_T_a2202,100,1005002,T,2202,W,0.1,0.15482952911406755,0.35503936912304734
n100_i1005002_T_a2202_W,n100_i1005002_T_a2202,100,1005002,T,2202,W,0.25,0.003349003382027149,0.4529716529940345
n100_i1005002_T_a2202_W,n100_i1005002_T_a2202,100,1005002,T,2202,W,0.5,0.3568685818463564,0.4995260510170745
n100_i1005002_T_a2202_W,n100_i1005002_T_a2202,100,1005002,T,2202,W,0.75,1.2938796943053603,0.5315341953723984
n100_i1005002_T_a2202_W,n100_i1005002_T_a2202,100,1005002,T,2202,W,0.9,0.5410327576100826,0.5408589905754302
n100_i1005002_T_a2202_W,n100_i1005002_T_a2202,100,1005002,T,2202,W,1.0,1.4400725504383445,0.5444397539270832
n100_i1005002_T_a2202_GW,n100_i1005002_T_a2202,100,1005002,T,2202,GW,0.1,0.007417280226945877,0.32434789099041134
n100_i1005002_T_a2202_GW,n100_i1005002_T_a2202,100,1005002,T,2202,GW,0.25,1.5096853226423264,0.42696970903086123
n100_i1005002_T_a2202_GW,n100_i1005002_T_a2202,100,1005002,T,2202,GW,0.5,0.19931731931865215,0.502470478156486
n100_i1005002_T_a2202_GW,n100_i1005002_T_a2202,100,1005002,T,2202,GW,0.75,0.0006584106013178825,0.5676717429062086
n100_i1005002_T_a2202_GW,n100_i1005002_T_a2202,100,1005002,T,2202,GW,0.9,0.01797579973936081,0.6042703774333421
n100_i1005002_T_a2202_GW,n100_i1005002_T_a2202,100,1005002,T,2202,GW,1.0,1.1495903199538589,0.6069005627562979
n100_i1005002_T_a2202_LEGACY,n100_i1005002_T_a2202,100,1005002,T,2202,LEGACY,0.1,0.029419464990496635,0.3729244730449245
n100_i1005002_T_a2202_LEGACY,n100_i1005002_T_a2202,100,1005002,T,2202,LEGACY,0.25,0.012443243525922298,0.5097877269133771
n100_i1005002_T_a2202_LEGACY,n100_i1005002_T_a2202,100,1005002,T,2202,LEGACY,0.5,0.3666292317211628,0.5855523610566693
n100_i1005002_T_a2202_LEGACY,n100_i1005002_T_a2202,100,1005002,T,2202,LEGACY,0.75,0.033430179581046104,0.6454119475858503
n100_i1005002_T_a2202_LEGACY,n100_i1005002_T_a2202,100,1005002,T,2202,LEGACY,0.9,0.17787141632288694,0.6579261318757611
n100_i1005002_T_a2202_LEGACY,n100_i1005002_T_a2202,100,1005002,T,2202,LEGACY,1.0,1.8080003950744867,0.6606301667864286
n100_i1005002_T_a2202_REFERENCE,n100_i1005002_T_a2202,100,1005002,T,2202,REFERENCE,0.1,0.0588896693661809,0.41595908812180016
n100_i1005002_T_a2202_REFERENCE,n100_i1005002_T_a2202,100,1005002,T,2202,REFERENCE,0.25,0.6740189511328936,0.5776275529838538
n100_i1005002_T_a2202_REFERENCE,n100_i1005002_T_a2202,100,1005002,T,2202,REFERENCE,0.5,0.2317531406879425,0.64522574604833
n100_i1005002_T_a2202_REFERENCE,n100_i1005002_T_a2202,100,1005002,T,2202,REFERENCE,0.75,0.33213305193930864,0.6602409950866108
n100_i1005002_T_a2202_REFERENCE,n100_i1005002_T_a2202,100,1005002,T,2202,REFERENCE,0.9,0.01440271083265543,0.6713096137673777
n100_i1005002_T_a2202_REFERENCE,n100_i1005002_T_a2202,100,1005002,T,2202,REFERENCE,1.0,0.5407456392422318,0.6775980604317389
n100_i1005003_H_a2202_LEGACY,n100_i1005003_H_a2202,100,1005003,H,2202,LEGACY,0.1,0.40659982059150934,0.3686310247710109
n100_i1005003_H_a2202_LEGACY,n100_i1005003_H_a2202,100,1005003,H,2202,LEGACY,0.25,2.974305821582675,0.47136631546180247
n100_i1005003_H_a2202_LEGACY,n100_i1005003_H_a2202,100,1005003,H,2202,LEGACY,0.5,1.9888350777328014,0.5886305394462419
n100_i1005003_H_a2202_LEGACY,n100_i1005003_H_a2202,100,1005003,H,2202,LEGACY,0.75,0.35062109772115946,0.6574559260966064
n100_i1005003_H_a2202_LEGACY,n100_i1005003_H_a2202,100,1005003,H,2202,LEGACY,0.9,1.2893686760216951,0.6876416607936606
n100_i1005003_H_a2202_LEGACY,n100_i1005003_H_a2202,100,1005003,H,2202,LEGACY,1.0,0.07295277342200279,0.7132995488324876
n100_i1005003_H_a2202_REFERENCE,n100_i1005003_H_a2202,100,1005003,H,2202,REFERENCE,0.1,0.07009097281843424,0.43392989871796284
n100_i1005003_H_a2202_REFERENCE,n100_i1005003_H_a2202,100,1005003,H,2202,REFERENCE,0.25,0.06099523697048426,0.5689263385957143
n100_i1005003_H_a2202_REFERENCE,n100_i1005003_H_a2202,100,1005003,H,2202,REFERENCE,0.5,0.021983030252158642,0.6682813633589935
n100_i1005003_H_a2202_REFERENCE,n100_i1005003_H_a2202,100,1005003,H,2202,REFERENCE,0.75,0.9191714283078909,0.6870312487643545
n100_i1005003_H_a2202_REFERENCE,n100_i1005003_H_a2202,100,1005003,H,2202,REFERENCE,0.9,0.8805601876229048,0.709476007997871
n100_i1005003_H_a2202_REFERENCE,n100_i1005003_H_a2202,100,1005003,H,2202,REFERENCE,1.0,0.9780806479975581,0.7135696799545289
n100_i1005003_H_a2202_G,n100_i1005003_H_a2202,100,1005003,H,2202,G,0.1,0.5770456595346332,0.3964145986862075
n100_i1005003_H_a2202_G,n100_i1005003_H_a2202,100,1005003,H,2202,G,0.25,0.011891031637787819,0.5111907895727281
n100_i1005003_H_a2202_G,n100_i1005003_H_a2202,100,1005003,H,2202,G,0.5,0.10193521436303854,0.5696049948441929
n100_i1005003_H_a2202_G,n100_i1005003_H_a2202,100,1005003,H,2202,G,0.75,0.020173225551843643,0.6348183696215861
n100_i1005003_H_a2202_G,n100_i1005003_H_a2202,100,1005003,H,2202,G,0.9,0.7328191818669438,0.6839593204703424
n100_i1005003_H_a2202_G,n100_i1005003_H_a2202,100,1005003,H,2202,G,1.0,1.0664996225386858,0.6952775509967367
n100_i1005003_H_a2202_W,n100_i1005003_H_a2202,100,1005003,H,2202,W,0.1,0.18309847358614206,0.4643250602789762
n100_i1005003_H_a2202_W,n100_i1005003_H_a2202,100,1005003,H,2202,W,0.25,0.010807325132191181,0.6427953787006452
n100_i1005003_H_a2202_W,n100_i1005003_H_a2202,100,1005003,H,2202,W,0.5,0.7077470906078815,0.7816028013051105
n100_i1005003_H_a2202_W,n100_i1005003_H_a2202,100,1005003,H,2202,W,0.75,0.005981035530567169,0.8492860734988481
n100_i1005003_H_a2202_W,n100_i1005003_H_a2202,100,1005003,H,2202,W,0.9,0.1268034540116787,0.8716147004023125
n100_i1005003_H_a2202_W,n100_i1005003_H_a2202,100,1005003,H,2202,W,1.0,1.4078176906332374,0.8813228564886162
n100_i1005003_H_a2202_GW,n100_i1005003_H_a2202,100,1005003,H,2202,GW,0.1,0.41094876267015934,0.48061191574527673
n100_i1005003_H_a2202_GW,n100_i1005003_H_a2202,100,1005003,H,2202,GW,0.25,0.08151615969836712,0.638967394083654
n100_i1005003_H_a2202_GW,n100_i1005003_H_a2202,100,1005003,H,2202,GW,0.5,0.2312885792925954,0.7560683972268125
n100_i1005003_H_a2202_GW,n100_i1005003_H_a2202,100,1005003,H,2202,GW,0.75,1.7504288712516427,0.7911077735554882
n100_i1005003_H_a2202_GW,n100_i1005003_H_a2202,100,1005003,H,2202,GW,0.9,0.12552340887486935,0.7991587930508989
n100_i1005003_H_a2202_GW,n100_i1005003_H_a2202,100,1005003,H,2202,GW,1.0,0.6746337423101068,0.8053007581317669
n100_i1005003_H_a1101_W,n100_i1005003_H_a1101,100,1005003,H,1101,W,0.1,0.6999594131484628,0.41697584851728126
n100_i1005003_H_a1101_W,n100_i1005003_H_a1101,100,1005003,H,1101,W,0.25,0.07213074155151844,0.5450049332076542
n100_i1005003_H_a1101_W,n100_i1005003_H_a1101,100,1005003,H,1101,W,0.5,0.6753985062241554,0.6674558912422632
n100_i1005003_H_a1101_W,n100_i1005003_H_a1101,100,1005003,H,1101,W,0.75,0.10486672632396221,0.7072935859865156
n100_i1005003_H_a1101_W,n100_i1005003_H_a1101,100,1005003,H,1101,W,0.9,0.00871047843247652,0.7151011376399202
n100_i1005003_H_a1101_W,n100_i1005003_H_a1101,100,1005003,H,1101,W,1.0,1.0631315987557173,0.7225696473261767
n100_i1005003_H_a1101_GW,n100_i1005003_H_a1101,100,1005003,H,1101,GW,0.1,0.0005760304629802704,0.42075253632715903
n100_i1005003_H_a1101_GW,n100_i1005003_H_a1101,100,1005003,H,1101,GW,0.25,0.08198926225304604,0.545232031223868
n100_i1005003_H_a1101_GW,n100_i1005003_H_a1101,100,1005003,H,1101,GW,0.5,0.03956911340355873,0.6724927598155547
n100_i1005003_H_a1101_GW,n100_i1005003_H_a1101,100,1005003,H,1101,GW,0.75,0.2536923214793205,0.6991060516923304
n100_i1005003_H_a1101_GW,n100_i1005003_H_a1101,100,1005003,H,1101,GW,0.9,1.3083789627999067,0.7196094151950763
n100_i1005003_H_a1101_GW,n100_i1005003_H_a1101,100,1005003,H,1101,GW,1.0,0.13958074804395437,0.7262666475621905
n100_i1005003_H_a1101_LEGACY,n100_i1005003_H_a1101,100,1005003,H,1101,LEGACY,0.1,0.38585244957357645,0.42316660382145327
n100_i1005003_H_a1101_LEGACY,n100_i1005003_H_a1101,100,1005003,H,1101,LEGACY,0.25,0.32429639250040054,0.551574530038967
n100_i1005003_H_a1101_LEGACY,n100_i1005003_H_a1101,100,1005003,H,1101,LEGACY,0.5,0.2589420648291707,0.6051603718648003
n100_i1005003_H_a1101_LEGACY,n100_i1005003_H_a1101,100,1005003,H,1101,LEGACY,0.75,0.1155644366517663,0.7316445111174513
n100_i1005003_H_a1101_LEGACY,n100_i1005003_H_a1101,100,1005003,H,1101,LEGACY,0.9,0.05490631237626076,0.7535767562649799
n100_i1005003_H_a1101_LEGACY,n100_i1005003_H_a1101,100,1005003,H,1101,LEGACY,1.0,0.03332061693072319,0.784648927426403
n100_i1005003_H_a1101_REFERENCE,n100_i1005003_H_a1101,100,1005003,H,1101,REFERENCE,0.1,0.07255694642663002,0.3892049021257806
n100_i1005003_H_a1101_REFERENCE,n100_i1005003_H_a1101,100,1005003,H,1101,REFERENCE,0.25,0.7852307902649045,0.5369713754455421
n100_i1005003_H_a1101_REFERENCE,n100_i1005003_H_a1101,100,1005003,H,1101,REFERENCE,0.5,0.2769370134919882,0.6447799129789547
n100_i1005003_H_a1101_REFERENCE,n100_i1005003_H_a1101,100,1005003,H,1101,REFERENCE,0.75,0.4083801098167896,0.7357171867003083
n100_i1005003_H_a1101_REFERENCE,n100_i1005003_H_a1101,100,1005003,H,1101,REFERENCE,0.9,1.3934077434241772,0.7495433542051293
n100_i1005003_H_a1101_REFERENCE,n100_i1005003_H_a1101,100,1005003,H,1101,REFERENCE,1.0,0.7373238103464246,0.7543449413137787
n100_i1005003_H_a1101_G,n100_i1005003_H_a1101,100,1005003,H,1101,G,0.1,0.23200236726552248,0.3892049021257806
n100_i1005003_H_a1101_G,n100_i1005003_H_a1101,100,1005003,H,1101,G,0.25,0.28518465999513865,0.5331946642041727
n100_i1005003_H_a1101_G,n100_i1005003_H_a1101,100,1005003,H,1101,G,0.5,0.0006327647715806961,0.6650794424218834
n100_i1005003_H_a1101_G,n100_i1005003_H_a1101,100,1005003,H,1101,G,0.75,0.0512706795707345,0.7072160945291976
n100_i1005003_H_a1101_G,n100_i1005003_H_a1101,100,1005003,H,1101,G,0.9,1.5591226555407047,0.7389113840320126
n100_i1005003_H_a1101_G,n100_i1005003_H_a1101,100,1005003,H,1101,G,1.0,0.28815481532365084,0.750338805309084
n100_i1005003_T_a2202_REFERENCE,n100_i1005003_T_a2202,100,1005003,T,2202,REFERENCE,0.1,0.0016689635813236237,0.530085964951286
n100_i1005003_T_a2202_REFERENCE,n100_i1005003_T_a2202,100,1005003,T,2202,REFERENCE,0.25,0.016602886840701103,0.6810894771390856
n100_i1005003_T_a2202_REFERENCE,n100_i1005003_T_a2202,100,1005003,T,2202,REFERENCE,0.5,0.053562264889478683,0.758301851128271
n100_i1005003_T_a2202_REFERENCE,n100_i1005003_T_a2202,100,1005003,T,2202,REFERENCE,0.75,0.13807872496545315,0.8062376484488286
n100_i1005003_T_a2202_REFERENCE,n100_i1005003_T_a2202,100,1005003,T,2202,REFERENCE,0.9,0.22001964319497347,0.8181627740733246
n100_i1005003_T_a2202_REFERENCE,n100_i1005003_T_a2202,100,1005003,T,2202,REFERENCE,1.0,0.02095967624336481,0.8284347707380544
n100_i1005003_T_a2202_G,n100_i1005003_T_a2202,100,1005003,T,2202,G,0.1,0.0026079490780830383,0.5761789193518171
n100_i1005003_T_a2202_G,n100_i1005003_T_a2202,100,1005003,T,2202,G,0.25,0.11972389556467533,0.6711332963098218
n100_i1005003_T_a2202_G,n100_i1005003_T_a2202,100,1005003,T,2202,G,0.5,0.007766852155327797,0.7847919879418146
n100_i1005003_T_a2202_G,n100_i1005003_T_a2202,100,1005003,T,2202,G,0.75,0.008920678868889809,0.8283727133881936
n100_i1005003_T_a2202_G,n100_i1005003_T_a2202,100,1005003,T,2202,G,0.9,2.595722577534616,0.8369987784448734
n100_i1005003_T_a2202_G,n100_i1005003_T_a2202,100,1005003,T,2202,G,1.0,2.012455502524972,0.8387022928086717
n100_i1005003_T_a2202_W,n100_i1005003_T_a2202,100,1005003,T,2202,W,0.1,0.8748380448669195,0.524057578182997
n100_i1005003_T_a2202_W,n100_i1005003_T_a2202,100,1005003,T,2202,W,0.25,0.06527654267847538,0.6736348163551842
n100_i1005003_T_a2202_W,n100_i1005003_T_a2202,100,1005003,T,2202,W,0.5,0.40113071631640196,0.7621038839051171
n100_i1005003_T_a2202_W,n100_i1005003_T_a2202,100,1005003,T,2202,W,0.75,0.760442316532135,0.8544365172922509
n100_i1005003_T_a2202_W,n100_i1005003_T_a2202,100,1005003,T,2202,W,0.9,0.37004040088504553,0.8770888442861744
n100_i1005003_T_a2202_W,n100_i1005003_T_a2202,100,1005003,T,2202,W,1.0,1.503657548688352,0.8855657407004446
n100_i1005003_T_a2202_GW,n100_i1005003_T_a2202,100,1005003,T,2202,GW,0.1,0.061383151449263096,0.5944787155017507
n100_i1005003_T_a2202_GW,n100_i1005003_T_a2202,100,1005003,T,2202,GW,0.25,0.011121861636638641,0.746030271056886
n100_i1005003_T_a2202_GW,n100_i1005003_T_a2202,100,1005003,T,2202,GW,0.5,0.992044716142118,0.8132583512616699
n100_i1005003_T_a2202_GW,n100_i1005003_T_a2202,100,1005003,T,2202,GW,0.75,0.024800516664981842,0.8344271041275226
n100_i1005003_T_a2202_GW,n100_i1005003_T_a2202,100,1005003,T,2202,GW,0.9,0.05889373552054167,0.8479299223215825
n100_i1005003_T_a2202_GW,n100_i1005003_T_a2202,100,1005003,T,2202,GW,1.0,1.703886216506362,0.852012799838408
n100_i1005003_T_a2202_LEGACY,n100_i1005003_T_a2202,100,1005003,T,2202,LEGACY,0.1,0.09764034952968359,0.6099829148635838
n100_i1005003_T_a2202_LEGACY,n100_i1005003_T_a2202,100,1005003,T,2202,LEGACY,0.25,0.054563418962061405,0.720013470692453
n100_i1005003_T_a2202_LEGACY,n100_i1005003_T_a2202,100,1005003,T,2202,LEGACY,0.5,0.08723204024136066,0.7728508892265368
n100_i1005003_T_a2202_LEGACY,n100_i1005003_T_a2202,100,1005003,T,2202,LEGACY,0.75,1.921627126634121,0.8380307284107837
n100_i1005003_T_a2202_LEGACY,n100_i1005003_T_a2202,100,1005003,T,2202,LEGACY,0.9,0.017798366025090218,0.8608843999195203
n100_i1005003_T_a2202_LEGACY,n100_i1005003_T_a2202,100,1005003,T,2202,LEGACY,1.0,0.25583269260823727,0.8750239769810894
n100_i1005003_T_a1101_GW,n100_i1005003_T_a1101,100,1005003,T,1101,GW,0.1,0.0054471455514431,0.476082616436421
n100_i1005003_T_a1101_GW,n100_i1005003_T_a1101,100,1005003,T,1101,GW,0.25,0.03536598104983568,0.6336164358689079
n100_i1005003_T_a1101_GW,n100_i1005003_T_a1101,100,1005003,T,1101,GW,0.5,0.13003354705870152,0.6988685938918148
n100_i1005003_T_a1101_GW,n100_i1005003_T_a1101,100,1005003,T,1101,GW,0.75,1.2219100138172507,0.7699533599152057
n100_i1005003_T_a1101_GW,n100_i1005003_T_a1101,100,1005003,T,1101,GW,0.9,1.6477593379095197,0.7962976815681576
n100_i1005003_T_a1101_GW,n100_i1005003_T_a1101,100,1005003,T,1101,GW,1.0,0.46631940361112356,0.7980034239652499
n100_i1005003_T_a1101_LEGACY,n100_i1005003_T_a1101,100,1005003,T,1101,LEGACY,0.1,0.4681715127080679,0.47836198634608235
n100_i1005003_T_a1101_LEGACY,n100_i1005003_T_a1101,100,1005003,T,1101,LEGACY,0.25,0.16376795060932636,0.7052625519637916
n100_i1005003_T_a1101_LEGACY,n100_i1005003_T_a1101,100,1005003,T,1101,LEGACY,0.5,0.31402920838445425,0.7762102892091292
n100_i1005003_T_a1101_LEGACY,n100_i1005003_T_a1101,100,1005003,T,1101,LEGACY,0.75,0.2560790041461587,0.7898820029309759
n100_i1005003_T_a1101_LEGACY,n100_i1005003_T_a1101,100,1005003,T,1101,LEGACY,0.9,0.34727802127599716,0.7943620307332988
n100_i1005003_T_a1101_LEGACY,n100_i1005003_T_a1101,100,1005003,T,1101,LEGACY,1.0,0.013003832660615444,0.7975557514874055
n100_i1005003_T_a1101_REFERENCE,n100_i1005003_T_a1101,100,1005003,T,1101,REFERENCE,0.1,0.04011463653296232,0.4798801482075768
n100_i1005003_T_a1101_REFERENCE,n100_i1005003_T_a1101,100,1005003,T,1101,REFERENCE,0.25,0.08997382409870625,0.6008914821640655
n100_i1005003_T_a1101_REFERENCE,n100_i1005003_T_a1101,100,1005003,T,1101,REFERENCE,0.5,0.04629180673509836,0.7518040242097186
n100_i1005003_T_a1101_REFERENCE,n100_i1005003_T_a1101,100,1005003,T,1101,REFERENCE,0.75,0.13511904422193766,0.807831499975717
n100_i1005003_T_a1101_REFERENCE,n100_i1005003_T_a1101,100,1005003,T,1101,REFERENCE,0.9,0.020135591737926006,0.8644628224341039
n100_i1005003_T_a1101_REFERENCE,n100_i1005003_T_a1101,100,1005003,T,1101,REFERENCE,1.0,1.1824906505644321,0.8717441550786864
n100_i1005003_T_a1101_G,n100_i1005003_T_a1101,100,1005003,T,1101,G,0.1,0.1615090286359191,0.4740246689643954
n100_i1005003_T_a1101_G,n100_i1005003_T_a1101,100,1005003,T,1101,G,0.25,0.07962766103446484,0.685656101405317
n100_i1005003_T_a1101_G,n100_i1005003_T_a1101,100,1005003,T,1101,G,0.5,0.16942495573312044,0.7805272129116816
n100_i1005003_T_a1101_G,n100_i1005003_T_a1101,100,1005003,T,1101,G,0.75,0.07410522643476725,0.8172777312093064
n100_i1005003_T_a1101_G,n100_i1005003_T_a1101,100,1005003,T,1101,G,0.9,0.055547152645885944,0.833147506211057
n100_i1005003_T_a1101_G,n100_i1005003_T_a1101,100,1005003,T,1101,G,1.0,0.6714048609137535,0.8401975010391183
n100_i1005003_T_a1101_W,n100_i1005003_T_a1101,100,1005003,T,1101,W,0.1,0.008540917187929153,0.545310662424416
n100_i1005003_T_a1101_W,n100_i1005003_T_a1101,100,1005003,T,1101,W,0.25,0.012784313410520554,0.6852308115560034
n100_i1005003_T_a1101_W,n100_i1005003_T_a1101,100,1005003,T,1101,W,0.5,0.061471445485949516,0.7349794182862092
n100_i1005003_T_a1101_W,n100_i1005003_T_a1101,100,1005003,T,1101,W,0.75,0.006624745205044746,0.7632868708368262
n100_i1005003_T_a1101_W,n100_i1005003_T_a1101,100,1005003,T,1101,W,0.9,1.5157638937234879,0.7680254443215588
n100_i1005003_T_a1101_W,n100_i1005003_T_a1101,100,1005003,T,1101,W,1.0,0.8432764559984207,0.7791200147557938
n100_i1005004_H_a2202_LEGACY,n100_i1005004_H_a2202,100,1005004,H,2202,LEGACY,0.1,0.028381251730024815,0.505026336816707
n100_i1005004_H_a2202_LEGACY,n100_i1005004_H_a2202,100,1005004,H,2202,LEGACY,0.25,0.23860114347189665,0.6283669724627393
n100_i1005004_H_a2202_LEGACY,n100_i1005004_H_a2202,100,1005004,H,2202,LEGACY,0.5,0.0011036423966288567,0.7728800584166093
n100_i1005004_H_a2202_LEGACY,n100_i1005004_H_a2202,100,1005004,H,2202,LEGACY,0.75,0.010213035158813,0.8431783983717335
n100_i1005004_H_a2202_LEGACY,n100_i1005004_H_a2202,100,1005004,H,2202,LEGACY,0.9,0.7525255046784878,0.8684736998606519
n100_i1005004_H_a2202_LEGACY,n100_i1005004_H_a2202,100,1005004,H,2202,LEGACY,1.0,1.7590298457071185,0.8718293242696885
n100_i1005004_H_a2202_REFERENCE,n100_i1005004_H_a2202,100,1005004,H,2202,REFERENCE,0.1,0.6383039811626077,0.4941601328751032
n100_i1005004_H_a2202_REFERENCE,n100_i1005004_H_a2202,100,1005004,H,2202,REFERENCE,0.25,0.43081420846283436,0.6570434849136965
n100_i1005004_H_a2202_REFERENCE,n100_i1005004_H_a2202,100,1005004,H,2202,REFERENCE,0.5,0.11789439711719751,0.7289057723364439
n100_i1005004_H_a2202_REFERENCE,n100_i1005004_H_a2202,100,1005004,H,2202,REFERENCE,0.75,0.2531719859689474,0.7566794405059301
n100_i1005004_H_a2202_REFERENCE,n100_i1005004_H_a2202,100,1005004,H,2202,REFERENCE,0.9,1.3266550926491618,0.7650136844072631
n100_i1005004_H_a2202_REFERENCE,n100_i1005004_H_a2202,100,1005004,H,2202,REFERENCE,1.0,0.6413263119757175,0.7709732530065119
n100_i1005004_H_a2202_G,n100_i1005004_H_a2202,100,1005004,H,2202,G,0.1,1.4176935125142336,0.5003490854169839
n100_i1005004_H_a2202_G,n100_i1005004_H_a2202,100,1005004,H,2202,G,0.25,0.4411494731903076,0.6395511851885979
n100_i1005004_H_a2202_G,n100_i1005004_H_a2202,100,1005004,H,2202,G,0.5,0.38684635143727064,0.7367160651191912
n100_i1005004_H_a2202_G,n100_i1005004_H_a2202,100,1005004,H,2202,G,0.75,0.34610141906887293,0.7964831995076984
n100_i1005004_H_a2202_G,n100_i1005004_H_a2202,100,1005004,H,2202,G,0.9,0.6343044629320502,0.8254674958341023
n100_i1005004_H_a2202_G,n100_i1005004_H_a2202,100,1005004,H,2202,G,1.0,0.47526707500219345,0.8426635309557459
n100_i1005004_H_a2202_W,n100_i1005004_H_a2202,100,1005004,H,2202,W,0.1,0.16973903495818377,0.566203576604517
n100_i1005004_H_a2202_W,n100_i1005004_H_a2202,100,1005004,H,2202,W,0.25,1.051822361536324,0.7111339734664666
n100_i1005004_H_a2202_W,n100_i1005004_H_a2202,100,1005004,H,2202,W,0.5,0.42251893132925034,0.7594515910205776
n100_i1005004_H_a2202_W,n100_i1005004_H_a2202,100,1005004,H,2202,W,0.75,0.0896979309618473,0.7870736300531995
n100_i1005004_H_a2202_W,n100_i1005004_H_a2202,100,1005004,H,2202,W,0.9,0.031221996992826462,0.8492519729111341
n100_i1005004_H_a2202_W,n100_i1005004_H_a2202,100,1005004,H,2202,W,1.0,1.2603105725720525,0.8759849992309843
n100_i1005004_H_a2202_GW,n100_i1005004_H_a2202,100,1005004,H,2202,GW,0.1,0.21680113021284342,0.5660512205323704
n100_i1005004_H_a2202_GW,n100_i1005004_H_a2202,100,1005004,H,2202,GW,0.25,0.8581141419708729,0.6965592393289447
n100_i1005004_H_a2202_GW,n100_i1005004_H_a2202,100,1005004,H,2202,GW,0.5,0.33116546645760536,0.7878336898261066
n100_i1005004_H_a2202_GW,n100_i1005004_H_a2202,100,1005004,H,2202,GW,0.75,0.0031851669773459435,0.8209803167180818
n100_i1005004_H_a2202_GW,n100_i1005004_H_a2202,100,1005004,H,2202,GW,0.9,0.738445833325386,0.8366378209582237
n100_i1005004_H_a2202_GW,n100_i1005004_H_a2202,100,1005004,H,2202,GW,1.0,1.0753517989069223,0.8559968542529388
n100_i1005004_H_a1101_W,n100_i1005004_H_a1101,100,1005004,H,1101,W,0.1,0.5431956425309181,0.47577597171757074
n100_i1005004_H_a1101_W,n100_i1005004_H_a1101,100,1005004,H,1101,W,0.25,0.500049707479775,0.6026214746491836
n100_i1005004_H_a1101_W,n100_i1005004_H_a1101,100,1005004,H,1101,W,0.5,0.1083295326679945,0.6797699921108098
n100_i1005004_H_a1101_W,n100_i1005004_H_a1101,100,1005004,H,1101,W,0.75,0.8108913665637374,0.7045872436253632
n100_i1005004_H_a1101_W,n100_i1005004_H_a1101,100,1005004,H,1101,W,0.9,0.9027284411713481,0.7375215549852449
n100_i1005004_H_a1101_W,n100_i1005004_H_a1101,100,1005004,H,1101,W,1.0,0.5621723104268312,0.7659726341963153
n100_i1005004_H_a1101_GW,n100_i1005004_H_a1101,100,1005004,H,1101,GW,0.1,0.48243304528295994,0.47577597171757074
n100_i1005004_H_a1101_GW,n100_i1005004_H_a1101,100,1005004,H,1101,GW,0.25,0.07193810492753983,0.595209068735052
n100_i1005004_H_a1101_GW,n100_i1005004_H_a1101,100,1005004,H,1101,GW,0.5,0.15227123349905014,0.661297005886932
n100_i1005004_H_a1101_GW,n100_i1005004_H_a1101,100,1005004,H,1101,GW,0.75,0.004341977648437023,0.6972564143437573
n100_i1005004_H_a1101_GW,n100_i1005004_H_a1101,100,1005004,H,1101,GW,0.9,0.04869138915091753,0.7294135235565824
n100_i1005004_H_a1101_GW,n100_i1005004_H_a1101,100,1005004,H,1101,GW,1.0,1.4995997678488493,0.7347399849433247
n100_i1005004_H_a1101_LEGACY,n100_i1005004_H_a1101,100,1005004,H,1101,LEGACY,0.1,0.275511521846056,0.5133418664303935
n100_i1005004_H_a1101_LEGACY,n100_i1005004_H_a1101,100,1005004,H,1101,LEGACY,0.25,1.9941423954442143,0.6073219935812358
n100_i1005004_H_a1101_LEGACY,n100_i1005004_H_a1101,100,1005004,H,1101,LEGACY,0.5,0.2031744522973895,0.6727578201024872
n100_i1005004_H_a1101_LEGACY,n100_i1005004_H_a1101,100,1005004,H,1101,LEGACY,0.75,0.010386839509010315,0.6966847043989587
n100_i1005004_H_a1101_LEGACY,n100_i1005004_H_a1101,100,1005004,H,1101,LEGACY,0.9,0.982648216187954,0.7038773946844201
n100_i1005004_H_a1101_LEGACY,n100_i1005004_H_a1101,100,1005004,H,1101,LEGACY,1.0,0.6973157227039337,0.7074679749614056
n100_i1005004_H_a1101_REFERENCE,n100_i1005004_H_a1101,100,1005004,H,1101,REFERENCE,0.1,0.009154057130217552,0.48407262529490724
n100_i1005004_H_a1101_REFERENCE,n100_i1005004_H_a1101,100,1005004,H,1101,REFERENCE,0.25,0.06804375629872084,0.6593275749649304
n100_i1005004_H_a1101_REFERENCE,n100_i1005004_H_a1101,100,1005004,H,1101,REFERENCE,0.5,0.08897814992815256,0.7429870156620448
n100_i1005004_H_a1101_REFERENCE,n100_i1005004_H_a1101,100,1005004,H,1101,REFERENCE,0.75,0.586840070784092,0.7720171668120253
n100_i1005004_H_a1101_REFERENCE,n100_i1005004_H_a1101,100,1005004,H,1101,REFERENCE,0.9,0.008468905463814735,0.7814829362831629
n100_i1005004_H_a1101_REFERENCE,n100_i1005004_H_a1101,100,1005004,H,1101,REFERENCE,1.0,0.017088566906750202,0.8051947258088462
n100_i1005004_H_a1101_G,n100_i1005004_H_a1101,100,1005004,H,1101,G,0.1,0.125264891423285,0.48346483866525003
n100_i1005004_H_a1101_G,n100_i1005004_H_a1101,100,1005004,H,1101,G,0.25,0.66995367128402,0.6479824278823327
n100_i1005004_H_a1101_G,n100_i1005004_H_a1101,100,1005004,H,1101,G,0.5,0.13833409547805786,0.772622911971324
n100_i1005004_H_a1101_G,n100_i1005004_H_a1101,100,1005004,H,1101,G,0.75,0.01507520116865635,0.8063578775460636
n100_i1005004_H_a1101_G,n100_i1005004_H_a1101,100,1005004,H,1101,G,0.9,0.1788166919723153,0.8107016303884561
n100_i1005004_H_a1101_G,n100_i1005004_H_a1101,100,1005004,H,1101,G,1.0,0.870286731980741,0.8163002894416472
n100_i1005004_T_a2202_REFERENCE,n100_i1005004_T_a2202,100,1005004,T,2202,REFERENCE,0.1,0.04522556345909834,0.4008312728537122
n100_i1005004_T_a2202_REFERENCE,n100_i1005004_T_a2202,100,1005004,T,2202,REFERENCE,0.25,0.1741224266588688,0.5454335553630034
n100_i1005004_T_a2202_REFERENCE,n100_i1005004_T_a2202,100,1005004,T,2202,REFERENCE,0.5,0.09593579359352589,0.6799036455816989
n100_i1005004_T_a2202_REFERENCE,n100_i1005004_T_a2202,100,1005004,T,2202,REFERENCE,0.75,0.10210334323346615,0.7325911719831882
n100_i1005004_T_a2202_REFERENCE,n100_i1005004_T_a2202,100,1005004,T,2202,REFERENCE,0.9,0.2860849415883422,0.7577119158120253
n100_i1005004_T_a2202_REFERENCE,n100_i1005004_T_a2202,100,1005004,T,2202,REFERENCE,1.0,0.4530714452266693,0.7680120030388891
n100_i1005004_T_a2202_G,n100_i1005004_T_a2202,100,1005004,T,2202,G,0.1,0.0181270781904459,0.40691368069759387
n100_i1005004_T_a2202_G,n100_i1005004_T_a2202,100,1005004,T,2202,G,0.25,0.26721619814634323,0.5571075677018409
n100_i1005004_T_a2202_G,n100_i1005004_T_a2202,100,1005004,T,2202,G,0.5,0.05007455125451088,0.6579207430531056
n100_i1005004_T_a2202_G,n100_i1005004_T_a2202,100,1005004,T,2202,G,0.75,0.36335713043808937,0.703259659216048
n100_i1005004_T_a2202_G,n100_i1005004_T_a2202,100,1005004,T,2202,G,0.9,0.5807332098484039,0.7124600600400517
n100_i1005004_T_a2202_G,n100_i1005004_T_a2202,100,1005004,T,2202,G,1.0,0.01642719190567732,0.7274925787987906
n100_i1005004_T_a2202_W,n100_i1005004_T_a2202,100,1005004,T,2202,W,0.1,0.002933640033006668,0.305163832403539
n100_i1005004_T_a2202_W,n100_i1005004_T_a2202,100,1005004,T,2202,W,0.25,0.07275898661464453,0.4717660966321937
n100_i1005004_T_a2202_W,n100_i1005004_T_a2202,100,1005004,T,2202,W,0.5,0.0808403231203556,0.562473207570829
n100_i1005004_T_a2202_W,n100_i1005004_T_a2202,100,1005004,T,2202,W,0.75,0.8006736021488905,0.6127149193256525
n100_i1005004_T_a2202_W,n100_i1005004_T_a2202,100,1005004,T,2202,W,0.9,0.8766593346372247,0.6286360202768453
n100_i1005004_T_a2202_W,n100_i1005004_T_a2202,100,1005004,T,2202,W,1.0,1.0820830762386322,0.6380520012783243
n100_i1005004_T_a2202_GW,n100_i1005004_T_a2202,100,1005004,T,2202,GW,0.1,0.4466126598417759,0.45121106473515876
n100_i1005004_T_a2202_GW,n100_i1005004_T_a2202,100,1005004,T,2202,GW,0.25,0.07418791484087706,0.544382002751361
n100_i1005004_T_a2202_GW,n100_i1005004_T_a2202,100,1005004,T,2202,GW,0.5,0.44723903480917215,0.5965356051015186
n100_i1005004_T_a2202_GW,n100_i1005004_T_a2202,100,1005004,T,2202,GW,0.75,0.07092084549367428,0.6446788301686003
n100_i1005004_T_a2202_GW,n100_i1005004_T_a2202,100,1005004,T,2202,GW,0.9,0.48748371936380863,0.6545185825795813
n100_i1005004_T_a2202_GW,n100_i1005004_T_a2202,100,1005004,T,2202,GW,1.0,1.0990311605855823,0.6601941611853315
n100_i1005004_T_a2202_LEGACY,n100_i1005004_T_a2202,100,1005004,T,2202,LEGACY,0.1,0.013937761075794697,0.37328268341251925
n100_i1005004_T_a2202_LEGACY,n100_i1005004_T_a2202,100,1005004,T,2202,LEGACY,0.25,0.533497896976769,0.52212558801527
n100_i1005004_T_a2202_LEGACY,n100_i1005004_T_a2202,100,1005004,T,2202,LEGACY,0.5,0.02060891129076481,0.6146310164023407
n100_i1005004_T_a2202_LEGACY,n100_i1005004_T_a2202,100,1005004,T,2202,LEGACY,0.75,0.022564110346138477,0.6381079528586789
n100_i1005004_T_a2202_LEGACY,n100_i1005004_T_a2202,100,1005004,T,2202,LEGACY,0.9,1.8552702385932207,0.6521024314236252
n100_i1005004_T_a2202_LEGACY,n100_i1005004_T_a2202,100,1005004,T,2202,LEGACY,1.0,0.020511901006102562,0.6599555823798032
n100_i1005004_T_a1101_GW,n100_i1005004_T_a1101,100,1005004,T,1101,GW,0.1,0.007544453255832195,0.3902838394294045
n100_i1005004_T_a1101_GW,n100_i1005004_T_a1101,100,1005004,T,1101,GW,0.25,0.4591170381754637,0.5490884659055274
n100_i1005004_T_a1101_GW,n100_i1005004_T_a1101,100,1005004,T,1101,GW,0.5,0.0035441387444734573,0.6305344374401181
n100_i1005004_T_a1101_GW,n100_i1005004_T_a1101,100,1005004,T,1101,GW,0.75,0.10022382345050573,0.6606496005811923
n100_i1005004_T_a1101_GW,n100_i1005004_T_a1101,100,1005004,T,1101,GW,0.9,0.7594835245981812,0.6664778125381786
n100_i1005004_T_a1101_GW,n100_i1005004_T_a1101,100,1005004,T,1101,GW,1.0,0.1784037109464407,0.6772693022714894
n100_i1005004_T_a1101_LEGACY,n100_i1005004_T_a1101,100,1005004,T,1101,LEGACY,0.1,0.006973916664719582,0.43131761713889605
n100_i1005004_T_a1101_LEGACY,n100_i1005004_T_a1101,100,1005004,T,1101,LEGACY,0.25,0.03682669438421726,0.5618587804245536
n100_i1005004_T_a1101_LEGACY,n100_i1005004_T_a1101,100,1005004,T,1101,LEGACY,0.5,0.010972871445119381,0.7030625021719638
n100_i1005004_T_a1101_LEGACY,n100_i1005004_T_a1101,100,1005004,T,1101,LEGACY,0.75,0.6077175578102469,0.7560006649439084
n100_i1005004_T_a1101_LEGACY,n100_i1005004_T_a1101,100,1005004,T,1101,LEGACY,0.9,0.025819292291998863,0.7824263476758657
n100_i1005004_T_a1101_LEGACY,n100_i1005004_T_a1101,100,1005004,T,1101,LEGACY,1.0,1.0722922775894403,0.7976401866398308
n100_i1005004_T_a1101_REFERENCE,n100_i1005004_T_a1101,100,1005004,T,1101,REFERENCE,0.1,0.05691347178071737,0.38181232305075663
n100_i1005004_T_a1101_REFERENCE,n100_i1005004_T_a1101,100,1005004,T,1101,REFERENCE,0.25,0.3772100396454334,0.5081738751543884
n100_i1005004_T_a1101_REFERENCE,n100_i1005004_T_a1101,100,1005004,T,1101,REFERENCE,0.5,0.27385297883301973,0.7040306734275581
n100_i1005004_T_a1101_REFERENCE,n100_i1005004_T_a1101,100,1005004,T,1101,REFERENCE,0.75,0.41741487570106983,0.7653007976788558
n100_i1005004_T_a1101_REFERENCE,n100_i1005004_T_a1101,100,1005004,T,1101,REFERENCE,0.9,0.6417112024500966,0.8002347552670742
n100_i1005004_T_a1101_REFERENCE,n100_i1005004_T_a1101,100,1005004,T,1101,REFERENCE,1.0,0.06085100304335356,0.8096250935787018
n100_i1005004_T_a1101_G,n100_i1005004_T_a1101,100,1005004,T,1101,G,0.1,0.4739990569651127,0.4127662140960944
n100_i1005004_T_a1101_G,n100_i1005004_T_a1101,100,1005004,T,1101,G,0.25,1.0627925600856543,0.6233808299961976
n100_i1005004_T_a1101_G,n100_i1005004_T_a1101,100,1005004,T,1101,G,0.5,0.3000431889668107,0.7541163878127899
n100_i1005004_T_a1101_G,n100_i1005004_T_a1101,100,1005004,T,1101,G,0.75,0.053166234865784645,0.7902089717730705
n100_i1005004_T_a1101_G,n100_i1005004_T_a1101,100,1005004,T,1101,G,0.9,1.4870668919757009,0.7960253642061027
n100_i1005004_T_a1101_G,n100_i1005004_T_a1101,100,1005004,T,1101,G,1.0,1.2425835793837905,0.8066374548514677
n100_i1005004_T_a1101_W,n100_i1005004_T_a1101,100,1005004,T,1101,W,0.1,0.045047035440802574,0.41570923828220663
n100_i1005004_T_a1101_W,n100_i1005004_T_a1101,100,1005004,T,1101,W,0.25,0.23859883286058903,0.5692800381213869
n100_i1005004_T_a1101_W,n100_i1005004_T_a1101,100,1005004,T,1101,W,0.5,0.36952207423746586,0.6810919114696345
n100_i1005004_T_a1101_W,n100_i1005004_T_a1101,100,1005004,T,1101,W,0.75,0.013453364372253418,0.7216007160659467
n100_i1005004_T_a1101_W,n100_i1005004_T_a1101,100,1005004,T,1101,W,0.9,0.014113415963947773,0.7289624354897583
n100_i1005004_T_a1101_W,n100_i1005004_T_a1101,100,1005004,T,1101,W,1.0,1.226578876376152,0.7359006632342251
n100_i1005005_H_a2202_GW,n100_i1005005_H_a2202,100,1005005,H,2202,GW,0.1,0.5381298717111349,0.4651685588611612
n100_i1005005_H_a2202_GW,n100_i1005005_H_a2202,100,1005005,H,2202,GW,0.25,0.09097527619451284,0.6666053802568511
n100_i1005005_H_a2202_GW,n100_i1005005_H_a2202,100,1005005,H,2202,GW,0.5,0.7449352126568556,0.8161141444416582
n100_i1005005_H_a2202_GW,n100_i1005005_H_a2202,100,1005005,H,2202,GW,0.75,0.24092809204012156,0.8546279646094498
n100_i1005005_H_a2202_GW,n100_i1005005_H_a2202,100,1005005,H,2202,GW,0.9,0.006282971240580082,0.8654443369603343
n100_i1005005_H_a2202_GW,n100_i1005005_H_a2202,100,1005005,H,2202,GW,1.0,1.1303146909922361,0.8708375287441544
n100_i1005005_H_a2202_LEGACY,n100_i1005005_H_a2202,100,1005005,H,2202,LEGACY,0.1,0.008049177005887032,0.47409349398438616
n100_i1005005_H_a2202_LEGACY,n100_i1005005_H_a2202,100,1005005,H,2202,LEGACY,0.25,0.1705223759636283,0.6332638687846524
n100_i1005005_H_a2202_LEGACY,n100_i1005005_H_a2202,100,1005005,H,2202,LEGACY,0.5,0.01789921149611473,0.7452327208376353
n100_i1005005_H_a2202_LEGACY,n100_i1005005_H_a2202,100,1005005,H,2202,LEGACY,0.75,0.018175305798649788,0.785543667833369
n100_i1005005_H_a2202_LEGACY,n100_i1005005_H_a2202,100,1005005,H,2202,LEGACY,0.9,0.8066886439919472,0.8001156121063202
n100_i1005005_H_a2202_LEGACY,n100_i1005005_H_a2202,100,1005005,H,2202,LEGACY,1.0,0.6105335112661123,0.8041473765775582
n100_i1005005_H_a2202_REFERENCE,n100_i1005005_H_a2202,100,1005005,H,2202,REFERENCE,0.1,0.39633362740278244,0.44117390966647846
n100_i1005005_H_a2202_REFERENCE,n100_i1005005_H_a2202,100,1005005,H,2202,REFERENCE,0.25,0.28702973760664463,0.609345196120298
n100_i1005005_H_a2202_REFERENCE,n100_i1005005_H_a2202,100,1005005,H,2202,REFERENCE,0.5,0.3154532015323639,0.768894914616649
n100_i1005005_H_a2202_REFERENCE,n100_i1005005_H_a2202,100,1005005,H,2202,REFERENCE,0.75,0.19925694726407528,0.8285292576627458
n100_i1005005_H_a2202_REFERENCE,n100_i1005005_H_a2202,100,1005005,H,2202,REFERENCE,0.9,0.22959168534725904,0.8492306283256416
n100_i1005005_H_a2202_REFERENCE,n100_i1005005_H_a2202,100,1005005,H,2202,REFERENCE,1.0,1.2133917333558202,0.8532308997136414
n100_i1005005_H_a2202_G,n100_i1005005_H_a2202,100,1005005,H,2202,G,0.1,0.2574064899235964,0.508807130013579
n100_i1005005_H_a2202_G,n100_i1005005_H_a2202,100,1005005,H,2202,G,0.25,0.046240915544331074,0.6352487764259208
n100_i1005005_H_a2202_G,n100_i1005005_H_a2202,100,1005005,H,2202,G,0.5,0.049554129131138325,0.6830685860852391
n100_i1005005_H_a2202_G,n100_i1005005_H_a2202,100,1005005,H,2202,G,0.75,0.7571000596508384,0.7536706516289883
n100_i1005005_H_a2202_G,n100_i1005005_H_a2202,100,1005005,H,2202,G,0.9,0.0015858076512813568,0.7679480345194895
n100_i1005005_H_a2202_G,n100_i1005005_H_a2202,100,1005005,H,2202,G,1.0,1.201719337143004,0.7769970743923426
n100_i1005005_H_a2202_W,n100_i1005005_H_a2202,100,1005005,H,2202,W,0.1,0.0022241463884711266,0.4651685588611612
n100_i1005005_H_a2202_W,n100_i1005005_H_a2202,100,1005005,H,2202,W,0.25,0.01774126384407282,0.6585242806810944
n100_i1005005_H_a2202_W,n100_i1005005_H_a2202,100,1005005,H,2202,W,0.5,0.13511154893785715,0.7675167916207831
n100_i1005005_H_a2202_W,n100_i1005005_H_a2202,100,1005005,H,2202,W,0.75,0.13407993130385876,0.8252918505724579
n100_i1005005_H_a2202_W,n100_i1005005_H_a2202,100,1005005,H,2202,W,0.9,0.4024473475292325,0.8641907382807611
n100_i1005005_H_a2202_W,n100_i1005005_H_a2202,100,1005005,H,2202,W,1.0,0.5427778987213969,0.8926677358453301
n100_i1005005_H_a1101_G,n100_i1005005_H_a1101,100,1005005,H,1101,G,0.1,0.004587930627167225,0.4976316224121053
n100_i1005005_H_a1101_G,n100_i1005005_H_a1101,100,1005005,H,1101,G,0.25,0.11141671892255545,0.6882278849736501
n100_i1005005_H_a1101_G,n100_i1005005_H_a1101,100,1005005,H,1101,G,0.5,0.0036628376692533493,0.7784482050579888
n100_i1005005_H_a1101_G,n100_i1005005_H_a1101,100,1005005,H,1101,G,0.75,0.7112509431317449,0.8272365323449566
n100_i1005005_H_a1101_G,n100_i1005005_H_a1101,100,1005005,H,1101,G,0.9,0.09624249208718538,0.8420754197687736
n100_i1005005_H_a1101_G,n100_i1005005_H_a1101,100,1005005,H,1101,G,1.0,1.075867224484682,0.8460196958919408
n100_i1005005_H_a1101_W,n100_i1005005_H_a1101,100,1005005,H,1101,W,0.1,0.20546276029199362,0.43766492372533866
n100_i1005005_H_a1101_W,n100_i1005005_H_a1101,100,1005005,H,1101,W,0.25,0.014535480178892612,0.6483338081599986
n100_i1005005_H_a1101_W,n100_i1005005_H_a1101,100,1005005,H,1101,W,0.5,0.0004994617775082588,0.797179631430128
n100_i1005005_H_a1101_W,n100_i1005005_H_a1101,100,1005005,H,1101,W,0.75,0.12751360516995192,0.8397262649858215
n100_i1005005_H_a1101_W,n100_i1005005_H_a1101,100,1005005,H,1101,W,0.9,0.018761410377919674,0.862473849484245
n100_i1005005_H_a1101_W,n100_i1005005_H_a1101,100,1005005,H,1101,W,1.0,1.1641721753403544,0.8701989620944035
n100_i1005005_H_a1101_GW,n100_i1005005_H_a1101,100,1005005,H,1101,GW,0.1,0.24701866693794727,0.4652464074092609
n100_i1005005_H_a1101_GW,n100_i1005005_H_a1101,100,1005005,H,1101,GW,0.25,0.020614554174244404,0.6764581906422918
n100_i1005005_H_a1101_GW,n100_i1005005_H_a1101,100,1005005,H,1101,GW,0.5,0.04724350478500128,0.7921414186285757
n100_i1005005_H_a1101_GW,n100_i1005005_H_a1101,100,1005005,H,1101,GW,0.75,0.0028868159279227257,0.8205787364432642
n100_i1005005_H_a1101_GW,n100_i1005005_H_a1101,100,1005005,H,1101,GW,0.9,0.82127938978374,0.8400824182430862
n100_i1005005_H_a1101_GW,n100_i1005005_H_a1101,100,1005005,H,1101,GW,1.0,0.8792876973748207,0.8484527588913084
n100_i1005005_H_a1101_LEGACY,n100_i1005005_H_a1101,100,1005005,H,1101,LEGACY,0.1,0.005300051532685757,0.5262473737429249
n100_i1005005_H_a1101_LEGACY,n100_i1005005_H_a1101,100,1005005,H,1101,LEGACY,0.25,0.008600383996963501,0.680040194998213
n100_i1005005_H_a1101_LEGACY,n100_i1005005_H_a1101,100,1005005,H,1101,LEGACY,0.5,0.5598226068541408,0.7733754296848739
n100_i1005005_H_a1101_LEGACY,n100_i1005005_H_a1101,100,1005005,H,1101,LEGACY,0.75,0.6272136783227324,0.8089401106448466
n100_i1005005_H_a1101_LEGACY,n100_i1005005_H_a1101,100,1005005,H,1101,LEGACY,0.9,0.010474617592990398,0.8295526841163415
n100_i1005005_H_a1101_LEGACY,n100_i1005005_H_a1101,100,1005005,H,1101,LEGACY,1.0,1.0738642262294888,0.8371322531436031
n100_i1005005_H_a1101_REFERENCE,n100_i1005005_H_a1101,100,1005005,H,1101,REFERENCE,0.1,0.9300367347896099,0.5048920188903242
n100_i1005005_H_a1101_REFERENCE,n100_i1005005_H_a1101,100,1005005,H,1101,REFERENCE,0.25,0.05462390836328268,0.6601138164121584
n100_i1005005_H_a1101_REFERENCE,n100_i1005005_H_a1101,100,1005005,H,1101,REFERENCE,0.5,0.32943820022046566,0.7924409175943442
n100_i1005005_H_a1101_REFERENCE,n100_i1005005_H_a1101,100,1005005,H,1101,REFERENCE,0.75,0.11627966165542603,0.8385775784392667
n100_i1005005_H_a1101_REFERENCE,n100_i1005005_H_a1101,100,1005005,H,1101,REFERENCE,0.9,0.17852605134248734,0.8667320980881371
n100_i1005005_H_a1101_REFERENCE,n100_i1005005_H_a1101,100,1005005,H,1101,REFERENCE,1.0,0.44058644585311413,0.8741200070159734
n100_i1005005_T_a1101_W,n100_i1005005_T_a1101,100,1005005,T,1101,W,0.1,0.0008623786270618439,0.4822399285007697
n100_i1005005_T_a1101_W,n100_i1005005_T_a1101,100,1005005,T,1101,W,0.25,0.06976351514458656,0.6687321273084359
n100_i1005005_T_a1101_W,n100_i1005005_T_a1101,100,1005005,T,1101,W,0.5,0.046554356813430786,0.7868358946564191
n100_i1005005_T_a1101_W,n100_i1005005_T_a1101,100,1005005,T,1101,W,0.75,0.944503110833466,0.8468472896313182
n100_i1005005_T_a1101_W,n100_i1005005_T_a1101,100,1005005,T,1101,W,0.9,0.2588093653321266,0.8622475823569091
n100_i1005005_T_a1101_W,n100_i1005005_T_a1101,100,1005005,T,1101,W,1.0,1.14015690702945,0.8771506299811793
n100_i1005005_T_a1101_GW,n100_i1005005_T_a1101,100,1005005,T,1101,GW,0.1,0.060542450286448,0.47517038287851043
n100_i1005005_T_a1101_GW,n100_i1005005_T_a1101,100,1005005,T,1101,GW,0.25,0.04743744060397148,0.6756111284496881
n100_i1005005_T_a1101_GW,n100_i1005005_T_a1101,100,1005005,T,1101,GW,0.5,0.6322164293378592,0.7352033643567896
n100_i1005005_T_a1101_GW,n100_i1005005_T_a1101,100,1005005,T,1101,GW,0.75,1.2439075438305736,0.7722955819132472
n100_i1005005_T_a1101_GW,n100_i1005005_T_a1101,100,1005005,T,1101,GW,0.9,1.2129480270668864,0.7905230955449655
n100_i1005005_T_a1101_GW,n100_i1005005_T_a1101,100,1005005,T,1101,GW,1.0,0.10361214447766542,0.7963889652147486
n100_i1005005_T_a1101_LEGACY,n100_i1005005_T_a1101,100,1005005,T,1101,LEGACY,0.1,1.0297750616446137,0.4331453535867585
n100_i1005005_T_a1101_LEGACY,n100_i1005005_T_a1101,100,1005005,T,1101,LEGACY,0.25,0.13498762156814337,0.6029725295806451
n100_i1005005_T_a1101_LEGACY,n100_i1005005_T_a1101,100,1005005,T,1101,LEGACY,0.5,0.023440338671207428,0.695121055623092
n100_i1005005_T_a1101_LEGACY,n100_i1005005_T_a1101,100,1005005,T,1101,LEGACY,0.75,0.07326419372111559,0.7429739520217475
n100_i1005005_T_a1101_LEGACY,n100_i1005005_T_a1101,100,1005005,T,1101,LEGACY,0.9,0.07502900715917349,0.7606837049635031
n100_i1005005_T_a1101_LEGACY,n100_i1005005_T_a1101,100,1005005,T,1101,LEGACY,1.0,0.4562519583851099,0.7636347560555025
n100_i1005005_T_a1101_REFERENCE,n100_i1005005_T_a1101,100,1005005,T,1101,REFERENCE,0.1,0.44883785862475634,0.456982315381308
n100_i1005005_T_a1101_REFERENCE,n100_i1005005_T_a1101,100,1005005,T,1101,REFERENCE,0.25,0.0016305623576045036,0.6469840257179338
n100_i1005005_T_a1101_REFERENCE,n100_i1005005_T_a1101,100,1005005,T,1101,REFERENCE,0.5,0.00960212666541338,0.7473551543170144
n100_i1005005_T_a1101_REFERENCE,n100_i1005005_T_a1101,100,1005005,T,1101,REFERENCE,0.75,0.1404025861993432,0.7863097316223915
n100_i1005005_T_a1101_REFERENCE,n100_i1005005_T_a1101,100,1005005,T,1101,REFERENCE,0.9,0.2897301334887743,0.7981773157315808
n100_i1005005_T_a1101_REFERENCE,n100_i1005005_T_a1101,100,1005005,T,1101,REFERENCE,1.0,1.5143638774752617,0.8029158947625193
n100_i1005005_T_a1101_G,n100_i1005005_T_a1101,100,1005005,T,1101,G,0.1,0.39752769470214844,0.456982315381308
n100_i1005005_T_a1101_G,n100_i1005005_T_a1101,100,1005005,T,1101,G,0.25,0.1375485872849822,0.6445267592527172
n100_i1005005_T_a1101_G,n100_i1005005_T_a1101,100,1005005,T,1101,G,0.5,0.011642178520560265,0.7602750467029618
n100_i1005005_T_a1101_G,n100_i1005005_T_a1101,100,1005005,T,1101,G,0.75,0.08577683847397566,0.7849439757468186
n100_i1005005_T_a1101_G,n100_i1005005_T_a1101,100,1005005,T,1101,G,0.9,2.071589320898056,0.7981503202697522
n100_i1005005_T_a1101_G,n100_i1005005_T_a1101,100,1005005,T,1101,G,1.0,0.517994542606175,0.8133960964623388
n100_i1005005_T_a2202_LEGACY,n100_i1005005_T_a2202,100,1005005,T,2202,LEGACY,0.1,0.3945860732346773,0.5017711701358276
n100_i1005005_T_a2202_LEGACY,n100_i1005005_T_a2202,100,1005005,T,2202,LEGACY,0.25,0.60959667339921,0.7454669331666288
n100_i1005005_T_a2202_LEGACY,n100_i1005005_T_a2202,100,1005005,T,2202,LEGACY,0.5,0.3026149543002248,0.8803950340092492
n100_i1005005_T_a2202_LEGACY,n100_i1005005_T_a2202,100,1005005,T,2202,LEGACY,0.75,0.025252949446439743,0.9275857360146641
n100_i1005005_T_a2202_LEGACY,n100_i1005005_T_a2202,100,1005005,T,2202,LEGACY,0.9,0.009356481954455376,0.949204305510977
n100_i1005005_T_a2202_LEGACY,n100_i1005005_T_a2202,100,1005005,T,2202,LEGACY,1.0,1.233073340728879,0.9622555584511638
n100_i1005005_T_a2202_REFERENCE,n100_i1005005_T_a2202,100,1005005,T,2202,REFERENCE,0.1,0.6658938406035304,0.49271958257909476
n100_i1005005_T_a2202_REFERENCE,n100_i1005005_T_a2202,100,1005005,T,2202,REFERENCE,0.25,0.010331225581467152,0.765515683987414
n100_i1005005_T_a2202_REFERENCE,n100_i1005005_T_a2202,100,1005005,T,2202,REFERENCE,0.5,1.3310896400362253,0.842823697380314
n100_i1005005_T_a2202_REFERENCE,n100_i1005005_T_a2202,100,1005005,T,2202,REFERENCE,0.75,0.003512764349579811,0.8786419378896787
n100_i1005005_T_a2202_REFERENCE,n100_i1005005_T_a2202,100,1005005,T,2202,REFERENCE,0.9,0.028523222543299198,0.8951730457503617
n100_i1005005_T_a2202_REFERENCE,n100_i1005005_T_a2202,100,1005005,T,2202,REFERENCE,1.0,0.4692029217258096,0.9031782503407274
n100_i1005005_T_a2202_G,n100_i1005005_T_a2202,100,1005005,T,2202,G,0.1,0.0056420015171170235,0.4703206342582066
n100_i1005005_T_a2202_G,n100_i1005005_T_a2202,100,1005005,T,2202,G,0.25,0.36116166319698095,0.6757089391678593
n100_i1005005_T_a2202_G,n100_i1005005_T_a2202,100,1005005,T,2202,G,0.5,0.2787227025255561,0.7984650350940872
n100_i1005005_T_a2202_G,n100_i1005005_T_a2202,100,1005005,T,2202,G,0.75,0.001397361047565937,0.861228840528168
n100_i1005005_T_a2202_G,n100_i1005005_T_a2202,100,1005005,T,2202,G,0.9,0.16261840518563986,0.8794170849948563
n100_i1005005_T_a2202_G,n100_i1005005_T_a2202,100,1005005,T,2202,G,1.0,1.227429723367095,0.8894434699456539
n100_i1005005_T_a2202_W,n100_i1005005_T_a2202,100,1005005,T,2202,W,0.1,0.7850150670856237,0.5482935137882602
n100_i1005005_T_a2202_W,n100_i1005005_T_a2202,100,1005005,T,2202,W,0.25,0.00313623808324337,0.7604646792789421
n100_i1005005_T_a2202_W,n100_i1005005_T_a2202,100,1005005,T,2202,W,0.5,0.19734975788742304,0.870751365317563
n100_i1005005_T_a2202_W,n100_i1005005_T_a2202,100,1005005,T,2202,W,0.75,1.1531373746693134,0.9073257675971264
n100_i1005005_T_a2202_W,n100_i1005005_T_a2202,100,1005005,T,2202,W,0.9,0.8063396066427231,0.9238524033728548
n100_i1005005_T_a2202_W,n100_i1005005_T_a2202,100,1005005,T,2202,W,1.0,0.6084693931043148,0.9299412683428131
n100_i1005005_T_a2202_GW,n100_i1005005_T_a2202,100,1005005,T,2202,GW,0.1,0.6570011302828789,0.5482935137882602
n100_i1005005_T_a2202_GW,n100_i1005005_T_a2202,100,1005005,T,2202,GW,0.25,0.0015460150316357613,0.7611237338621758
n100_i1005005_T_a2202_GW,n100_i1005005_T_a2202,100,1005005,T,2202,GW,0.5,0.42982625775039196,0.8643011709789191
n100_i1005005_T_a2202_GW,n100_i1005005_T_a2202,100,1005005,T,2202,GW,0.75,1.5218999227508903,0.8889590775059715
n100_i1005005_T_a2202_GW,n100_i1005005_T_a2202,100,1005005,T,2202,GW,0.9,0.053463573567569256,0.9022422898640602
n100_i1005005_T_a2202_GW,n100_i1005005_T_a2202,100,1005005,T,2202,GW,1.0,1.421539400704205,0.9138454657916122
n100_i1005006_H_a2202_GW,n100_i1005006_H_a2202,100,1005006,H,2202,GW,0.1,0.26808825321495533,0.48732765680199386
n100_i1005006_H_a2202_GW,n100_i1005006_H_a2202,100,1005006,H,2202,GW,0.25,0.10074624512344599,0.6636111241556116
n100_i1005006_H_a2202_GW,n100_i1005006_H_a2202,100,1005006,H,2202,GW,0.5,0.9769156742841005,0.747117329610339
n100_i1005006_H_a2202_GW,n100_i1005006_H_a2202,100,1005006,H,2202,GW,0.75,1.130179333500564,0.7978855386418282
n100_i1005006_H_a2202_GW,n100_i1005006_H_a2202,100,1005006,H,2202,GW,0.9,1.5183851849287748,0.8164870822091199
n100_i1005006_H_a2202_GW,n100_i1005006_H_a2202,100,1005006,H,2202,GW,1.0,0.02261781133711338,0.8233720952765861
n100_i1005006_H_a2202_LEGACY,n100_i1005006_H_a2202,100,1005006,H,2202,LEGACY,0.1,0.20925471186637878,0.43923941959506524
n100_i1005006_H_a2202_LEGACY,n100_i1005006_H_a2202,100,1005006,H,2202,LEGACY,0.25,0.009395945817232132,0.5912695773809199
n100_i1005006_H_a2202_LEGACY,n100_i1005006_H_a2202,100,1005006,H,2202,LEGACY,0.5,0.3038236564025283,0.7253796277509974
n100_i1005006_H_a2202_LEGACY,n100_i1005006_H_a2202,100,1005006,H,2202,LEGACY,0.75,0.45926935505121946,0.7818432490245365
n100_i1005006_H_a2202_LEGACY,n100_i1005006_H_a2202,100,1005006,H,2202,LEGACY,0.9,0.004904314875602722,0.7946621491968309
n100_i1005006_H_a2202_LEGACY,n100_i1005006_H_a2202,100,1005006,H,2202,LEGACY,1.0,0.34820947144180536,0.8019801382279049
n100_i1005006_H_a2202_REFERENCE,n100_i1005006_H_a2202,100,1005006,H,2202,REFERENCE,0.1,0.12565785460174084,0.4070652675859716
n100_i1005006_H_a2202_REFERENCE,n100_i1005006_H_a2202,100,1005006,H,2202,REFERENCE,0.25,1.5316089652478695,0.5585695396739134
n100_i1005006_H_a2202_REFERENCE,n100_i1005006_H_a2202,100,1005006,H,2202,REFERENCE,0.5,0.026140902191400528,0.6955512034482497
n100_i1005006_H_a2202_REFERENCE,n100_i1005006_H_a2202,100,1005006,H,2202,REFERENCE,0.75,0.12791068386286497,0.7776288519429823
n100_i1005006_H_a2202_REFERENCE,n100_i1005006_H_a2202,100,1005006,H,2202,REFERENCE,0.9,0.9222631892189384,0.7881483862160041
n100_i1005006_H_a2202_REFERENCE,n100_i1005006_H_a2202,100,1005006,H,2202,REFERENCE,1.0,1.034215159714222,0.800205178435183
n100_i1005006_H_a2202_G,n100_i1005006_H_a2202,100,1005006,H,2202,G,0.1,0.20834936201572418,0.5378011596844589
n100_i1005006_H_a2202_G,n100_i1005006_H_a2202,100,1005006,H,2202,G,0.25,0.4327856367453933,0.6582014672588791
n100_i1005006_H_a2202_G,n100_i1005006_H_a2202,100,1005006,H,2202,G,0.5,0.4195891171693802,0.7051207761808514
n100_i1005006_H_a2202_G,n100_i1005006_H_a2202,100,1005006,H,2202,G,0.75,0.04841332137584686,0.72137100375214
n100_i1005006_H_a2202_G,n100_i1005006_H_a2202,100,1005006,H,2202,G,0.9,0.318468801677227,0.7488887309730583
n100_i1005006_H_a2202_G,n100_i1005006_H_a2202,100,1005006,H,2202,G,1.0,1.2302110409364104,0.756499593061267
n100_i1005006_H_a2202_W,n100_i1005006_H_a2202,100,1005006,H,2202,W,0.1,1.6249171802774072,0.5090655694839397
n100_i1005006_H_a2202_W,n100_i1005006_H_a2202,100,1005006,H,2202,W,0.25,0.3337828442454338,0.6173831319378364
n100_i1005006_H_a2202_W,n100_i1005006_H_a2202,100,1005006,H,2202,W,0.5,1.0990990484133363,0.7210631175702119
n100_i1005006_H_a2202_W,n100_i1005006_H_a2202,100,1005006,H,2202,W,0.75,0.4781322255730629,0.753785720110259
n100_i1005006_H_a2202_W,n100_i1005006_H_a2202,100,1005006,H,2202,W,0.9,0.003490230068564415,0.7713199936260875
n100_i1005006_H_a2202_W,n100_i1005006_H_a2202,100,1005006,H,2202,W,1.0,0.6411527842283249,0.7832552302170479
n100_i1005006_H_a1101_G,n100_i1005006_H_a1101,100,1005006,H,1101,G,0.1,0.0028809793293476105,0.5134764643054459
n100_i1005006_H_a1101_G,n100_i1005006_H_a1101,100,1005006,H,1101,G,0.25,0.3697644816711545,0.6312261763750073
n100_i1005006_H_a1101_G,n100_i1005006_H_a1101,100,1005006,H,1101,G,0.5,0.9935768628492951,0.6950774675961614
n100_i1005006_H_a1101_G,n100_i1005006_H_a1101,100,1005006,H,1101,G,0.75,0.18048627488315105,0.7644062848339097
n100_i1005006_H_a1101_G,n100_i1005006_H_a1101,100,1005006,H,1101,G,0.9,0.01786787062883377,0.7880870210799343
n100_i1005006_H_a1101_G,n100_i1005006_H_a1101,100,1005006,H,1101,G,1.0,0.48829836025834084,0.7943475622633467
n100_i1005006_H_a1101_W,n100_i1005006_H_a1101,100,1005006,H,1101,W,0.1,0.003428666852414608,0.5632716392856089
n100_i1005006_H_a1101_W,n100_i1005006_H_a1101,100,1005006,H,1101,W,0.25,0.02547567430883646,0.6709476919818553
n100_i1005006_H_a1101_W,n100_i1005006_H_a1101,100,1005006,H,1101,W,0.5,0.06703039444983006,0.7503625811463647
n100_i1005006_H_a1101_W,n100_i1005006_H_a1101,100,1005006,H,1101,W,0.75,0.09762728586792946,0.8202768433840785
n100_i1005006_H_a1101_W,n100_i1005006_H_a1101,100,1005006,H,1101,W,0.9,0.18619170878082514,0.8362412125412209
n100_i1005006_H_a1101_W,n100_i1005006_H_a1101,100,1005006,H,1101,W,1.0,0.45157712046056986,0.8467791867646265
n100_i1005006_H_a1101_GW,n100_i1005006_H_a1101,100,1005006,H,1101,GW,0.1,0.7871163999661803,0.47455516060129455
n100_i1005006_H_a1101_GW,n100_i1005006_H_a1101,100,1005006,H,1101,GW,0.25,1.776337968185544,0.6501372079501091
n100_i1005006_H_a1101_GW,n100_i1005006_H_a1101,100,1005006,H,1101,GW,0.5,0.46266681514680386,0.6958460910324845
n100_i1005006_H_a1101_GW,n100_i1005006_H_a1101,100,1005006,H,1101,GW,0.75,0.3456877125427127,0.7587980381555515
n100_i1005006_H_a1101_GW,n100_i1005006_H_a1101,100,1005006,H,1101,GW,0.9,1.5914219347760081,0.7855263322585182
n100_i1005006_H_a1101_GW,n100_i1005006_H_a1101,100,1005006,H,1101,GW,1.0,0.42047766502946615,0.7991909002422449
n100_i1005006_H_a1101_LEGACY,n100_i1005006_H_a1101,100,1005006,H,1101,LEGACY,0.1,0.8996949251741171,0.5819964156920533
n100_i1005006_H_a1101_LEGACY,n100_i1005006_H_a1101,100,1005006,H,1101,LEGACY,0.25,0.02990902215242386,0.6932828067505715
n100_i1005006_H_a1101_LEGACY,n100_i1005006_H_a1101,100,1005006,H,1101,LEGACY,0.5,0.06133395992219448,0.7388114292666014
n100_i1005006_H_a1101_LEGACY,n100_i1005006_H_a1101,100,1005006,H,1101,LEGACY,0.75,1.3752234485000372,0.7903338815033357
n100_i1005006_H_a1101_LEGACY,n100_i1005006_H_a1101,100,1005006,H,1101,LEGACY,0.9,0.3974149562418461,0.8193439354757106
n100_i1005006_H_a1101_LEGACY,n100_i1005006_H_a1101,100,1005006,H,1101,LEGACY,1.0,1.00486115552485,0.8293021986480626
n100_i1005006_H_a1101_REFERENCE,n100_i1005006_H_a1101,100,1005006,H,1101,REFERENCE,0.1,0.09679326228797436,0.5134881937084758
n100_i1005006_H_a1101_REFERENCE,n100_i1005006_H_a1101,100,1005006,H,1101,REFERENCE,0.25,0.20355982333421707,0.6470132633142199
n100_i1005006_H_a1101_REFERENCE,n100_i1005006_H_a1101,100,1005006,H,1101,REFERENCE,0.5,0.00982209388166666,0.7145985840097705
n100_i1005006_H_a1101_REFERENCE,n100_i1005006_H_a1101,100,1005006,H,1101,REFERENCE,0.75,1.2081906758248806,0.7315735600652202
n100_i1005006_H_a1101_REFERENCE,n100_i1005006_H_a1101,100,1005006,H,1101,REFERENCE,0.9,0.0029782066121697426,0.7551018353670697
n100_i1005006_H_a1101_REFERENCE,n100_i1005006_H_a1101,100,1005006,H,1101,REFERENCE,1.0,1.6930673653259873,0.7779173535189002
n100_i1005006_T_a1101_W,n100_i1005006_T_a1101,100,1005006,T,1101,W,0.1,0.15465953946113586,0.527486342081418
n100_i1005006_T_a1101_W,n100_i1005006_T_a1101,100,1005006,T,1101,W,0.25,0.06477641221135855,0.7045131058881653
n100_i1005006_T_a1101_W,n100_i1005006_T_a1101,100,1005006,T,1101,W,0.5,0.059410943649709225,0.7948240505572298
n100_i1005006_T_a1101_W,n100_i1005006_T_a1101,100,1005006,T,1101,W,0.75,0.6853533014655113,0.8378152847955082
n100_i1005006_T_a1101_W,n100_i1005006_T_a1101,100,1005006,T,1101,W,0.9,0.2984079932793975,0.8473912099953125
n100_i1005006_T_a1101_W,n100_i1005006_T_a1101,100,1005006,T,1101,W,1.0,0.0011673104017972946,0.8570942528547353
n100_i1005006_T_a1101_GW,n100_i1005006_T_a1101,100,1005006,T,1101,GW,0.1,0.04948708601295948,0.5331019455448398
n100_i1005006_T_a1101_GW,n100_i1005006_T_a1101,100,1005006,T,1101,GW,0.25,0.9359480375424027,0.7419726554398137
n100_i1005006_T_a1101_GW,n100_i1005006_T_a1101,100,1005006,T,1101,GW,0.5,1.0049426844343543,0.8058036373635113
n100_i1005006_T_a1101_GW,n100_i1005006_T_a1101,100,1005006,T,1101,GW,0.75,0.01652008853852749,0.8430088817066079
n100_i1005006_T_a1101_GW,n100_i1005006_T_a1101,100,1005006,T,1101,GW,0.9,0.049815776757895947,0.8589670018760441
n100_i1005006_T_a1101_GW,n100_i1005006_T_a1101,100,1005006,T,1101,GW,1.0,2.226502249017358,0.8611537136249473
n100_i1005006_T_a1101_LEGACY,n100_i1005006_T_a1101,100,1005006,T,1101,LEGACY,0.1,0.03201064374297857,0.4925145670744766
n100_i1005006_T_a1101_LEGACY,n100_i1005006_T_a1101,100,1005006,T,1101,LEGACY,0.25,1.6484161671251059,0.6178328797427592
n100_i1005006_T_a1101_LEGACY,n100_i1005006_T_a1101,100,1005006,T,1101,LEGACY,0.5,0.8465116564184427,0.7161150612056124
n100_i1005006_T_a1101_LEGACY,n100_i1005006_T_a1101,100,1005006,T,1101,LEGACY,0.75,0.5611173268407583,0.7614249162853898
n100_i1005006_T_a1101_LEGACY,n100_i1005006_T_a1101,100,1005006,T,1101,LEGACY,0.9,1.095371888950467,0.7783792617953925
n100_i1005006_T_a1101_LEGACY,n100_i1005006_T_a1101,100,1005006,T,1101,LEGACY,1.0,0.006101096048951149,0.7933514102789352
n100_i1005006_T_a1101_REFERENCE,n100_i1005006_T_a1101,100,1005006,T,1101,REFERENCE,0.1,0.04238447733223438,0.4925005856427175
n100_i1005006_T_a1101_REFERENCE,n100_i1005006_T_a1101,100,1005006,T,1101,REFERENCE,0.25,0.32144221756607294,0.6362671060640603
n100_i1005006_T_a1101_REFERENCE,n100_i1005006_T_a1101,100,1005006,T,1101,REFERENCE,0.5,0.12425507511943579,0.6877063469823543
n100_i1005006_T_a1101_REFERENCE,n100_i1005006_T_a1101,100,1005006,T,1101,REFERENCE,0.75,0.25724998116493225,0.7212226679395928
n100_i1005006_T_a1101_REFERENCE,n100_i1005006_T_a1101,100,1005006,T,1101,REFERENCE,0.9,0.2676241723820567,0.7382963155507211
n100_i1005006_T_a1101_REFERENCE,n100_i1005006_T_a1101,100,1005006,T,1101,REFERENCE,1.0,0.2356329970061779,0.7436123540801829
n100_i1005006_T_a1101_G,n100_i1005006_T_a1101,100,1005006,T,1101,G,0.1,0.3182713370770216,0.4925005856427175
n100_i1005006_T_a1101_G,n100_i1005006_T_a1101,100,1005006,T,1101,G,0.25,1.1331689916551113,0.5965785489398477
n100_i1005006_T_a1101_G,n100_i1005006_T_a1101,100,1005006,T,1101,G,0.5,0.029074369929730892,0.6784264793138166
n100_i1005006_T_a1101_G,n100_i1005006_T_a1101,100,1005006,T,1101,G,0.75,0.021686004474759102,0.7553173967316388
n100_i1005006_T_a1101_G,n100_i1005006_T_a1101,100,1005006,T,1101,G,0.9,0.22131598554551601,0.7829967136497735
n100_i1005006_T_a1101_G,n100_i1005006_T_a1101,100,1005006,T,1101,G,1.0,1.4430285952985287,0.831064675738383
n100_i1005006_T_a2202_LEGACY,n100_i1005006_T_a2202,100,1005006,T,2202,LEGACY,0.1,0.1718190899118781,0.5553107303319188
n100_i1005006_T_a2202_LEGACY,n100_i1005006_T_a2202,100,1005006,T,2202,LEGACY,0.25,0.03407213091850281,0.6586975564114135
n100_i1005006_T_a2202_LEGACY,n100_i1005006_T_a2202,100,1005006,T,2202,LEGACY,0.5,0.08717505726963282,0.7305466772532029
n100_i1005006_T_a2202_LEGACY,n100_i1005006_T_a2202,100,1005006,T,2202,LEGACY,0.75,1.230192189104855,0.7833353788300045
n100_i1005006_T_a2202_LEGACY,n100_i1005006_T_a2202,100,1005006,T,2202,LEGACY,0.9,1.4090114403516054,0.8094612528642879
n100_i1005006_T_a2202_LEGACY,n100_i1005006_T_a2202,100,1005006,T,2202,LEGACY,1.0,0.2918132059276104,0.8133150002359593
n100_i1005006_T_a2202_REFERENCE,n100_i1005006_T_a2202,100,1005006,T,2202,REFERENCE,0.1,0.008630753494799137,0.6216830364393615
n100_i1005006_T_a2202_REFERENCE,n100_i1005006_T_a2202,100,1005006,T,2202,REFERENCE,0.25,1.0116255041211843,0.6823267833781348
n100_i1005006_T_a2202_REFERENCE,n100_i1005006_T_a2202,100,1005006,T,2202,REFERENCE,0.5,0.2752820812165737,0.7090254071867468
n100_i1005006_T_a2202_REFERENCE,n100_i1005006_T_a2202,100,1005006,T,2202,REFERENCE,0.75,0.18375454656779766,0.7187811128344137
n100_i1005006_T_a2202_REFERENCE,n100_i1005006_T_a2202,100,1005006,T,2202,REFERENCE,0.9,0.10605891607701778,0.727306364605168
n100_i1005006_T_a2202_REFERENCE,n100_i1005006_T_a2202,100,1005006,T,2202,REFERENCE,1.0,0.0018915347754955292,0.7397984193796903
n100_i1005006_T_a2202_G,n100_i1005006_T_a2202,100,1005006,T,2202,G,0.1,0.3474049074575305,0.5670515479852726
n100_i1005006_T_a2202_G,n100_i1005006_T_a2202,100,1005006,T,2202,G,0.25,0.5070875091478229,0.6622530148495709
n100_i1005006_T_a2202_G,n100_i1005006_T_a2202,100,1005006,T,2202,G,0.5,0.0030853217467665672,0.6904670397471306
n100_i1005006_T_a2202_G,n100_i1005006_T_a2202,100,1005006,T,2202,G,0.75,0.017489186488091946,0.7263199756651956
n100_i1005006_T_a2202_G,n100_i1005006_T_a2202,100,1005006,T,2202,G,0.9,0.6824335576966405,0.7376720628533711
n100_i1005006_T_a2202_G,n100_i1005006_T_a2202,100,1005006,T,2202,G,1.0,0.06565147638320923,0.7410013860865265
n100_i1005006_T_a2202_W,n100_i1005006_T_a2202,100,1005006,T,2202,W,0.1,0.33349849190562963,0.532246304047831
n100_i1005006_T_a2202_W,n100_i1005006_T_a2202,100,1005006,T,2202,W,0.25,0.7748882193118334,0.7550432191655994
n100_i1005006_T_a2202_W,n100_i1005006_T_a2202,100,1005006,T,2202,W,0.5,1.3488009795546532,0.8499711059431483
n100_i1005006_T_a2202_W,n100_i1005006_T_a2202,100,1005006,T,2202,W,0.75,0.06519301235675812,0.8953456342155532
n100_i1005006_T_a2202_W,n100_i1005006_T_a2202,100,1005006,T,2202,W,0.9,0.2635265598073602,0.9156675521910509
n100_i1005006_T_a2202_W,n100_i1005006_T_a2202,100,1005006,T,2202,W,1.0,0.5298166293650866,0.9184184759166362
n100_i1005006_T_a2202_GW,n100_i1005006_T_a2202,100,1005006,T,2202,GW,0.1,0.006510826759040356,0.532246304047831
n100_i1005006_T_a2202_GW,n100_i1005006_T_a2202,100,1005006,T,2202,GW,0.25,0.010039186105132103,0.7546519416066514
n100_i1005006_T_a2202_GW,n100_i1005006_T_a2202,100,1005006,T,2202,GW,0.5,0.009402110241353512,0.8739536953668836
n100_i1005006_T_a2202_GW,n100_i1005006_T_a2202,100,1005006,T,2202,GW,0.75,0.031692301854491234,0.9000004395294398
n100_i1005006_T_a2202_GW,n100_i1005006_T_a2202,100,1005006,T,2202,GW,0.9,0.012364433147013187,0.9174096246996146
n100_i1005006_T_a2202_GW,n100_i1005006_T_a2202,100,1005006,T,2202,GW,1.0,0.10245137102901936,0.9262838014020006
n100_i1005007_H_a1101_REFERENCE,n100_i1005007_H_a1101,100,1005007,H,1101,REFERENCE,0.1,1.0612857388332486,0.3949719296570459
n100_i1005007_H_a1101_REFERENCE,n100_i1005007_H_a1101,100,1005007,H,1101,REFERENCE,0.25,0.1177550395950675,0.5222286427659067
n100_i1005007_H_a1101_REFERENCE,n100_i1005007_H_a1101,100,1005007,H,1101,REFERENCE,0.5,0.002567419782280922,0.6472880050228245
n100_i1005007_H_a1101_REFERENCE,n100_i1005007_H_a1101,100,1005007,H,1101,REFERENCE,0.75,0.07965255621820688,0.7321699558423785
n100_i1005007_H_a1101_REFERENCE,n100_i1005007_H_a1101,100,1005007,H,1101,REFERENCE,0.9,0.9468748113140464,0.7874055784488575
n100_i1005007_H_a1101_REFERENCE,n100_i1005007_H_a1101,100,1005007,H,1101,REFERENCE,1.0,0.8799690548330545,0.7967447029979375
n100_i1005007_H_a1101_G,n100_i1005007_H_a1101,100,1005007,H,1101,G,0.1,0.0049507394433021545,0.38300229948759346
n100_i1005007_H_a1101_G,n100_i1005007_H_a1101,100,1005007,H,1101,G,0.25,0.009394494816660881,0.5233917790493741
n100_i1005007_H_a1101_G,n100_i1005007_H_a1101,100,1005007,H,1101,G,0.5,0.010351049713790417,0.6484718681419999
n100_i1005007_H_a1101_G,n100_i1005007_H_a1101,100,1005007,H,1101,G,0.75,0.13837947230786085,0.6938747246095579
n100_i1005007_H_a1101_G,n100_i1005007_H_a1101,100,1005007,H,1101,G,0.9,0.1511848121881485,0.7168551435569909
n100_i1005007_H_a1101_G,n100_i1005007_H_a1101,100,1005007,H,1101,G,1.0,0.30026245303452015,0.7241026554565609
n100_i1005007_H_a1101_W,n100_i1005007_H_a1101,100,1005007,H,1101,W,0.1,0.7005527410656214,0.3375584769968938
n100_i1005007_H_a1101_W,n100_i1005007_H_a1101,100,1005007,H,1101,W,0.25,0.13590703066438437,0.5170111725690664
n100_i1005007_H_a1101_W,n100_i1005007_H_a1101,100,1005007,H,1101,W,0.5,0.16658070124685764,0.716062968451583
n100_i1005007_H_a1101_W,n100_i1005007_H_a1101,100,1005007,H,1101,W,0.75,0.011683412827551365,0.8055984706255905
n100_i1005007_H_a1101_W,n100_i1005007_H_a1101,100,1005007,H,1101,W,0.9,0.02428928017616272,0.8209684008438362
n100_i1005007_H_a1101_W,n100_i1005007_H_a1101,100,1005007,H,1101,W,1.0,0.0070112720131874084,0.8314822605689792
n100_i1005007_H_a1101_GW,n100_i1005007_H_a1101,100,1005007,H,1101,GW,0.1,0.09361199103295803,0.3318621326271998
n100_i1005007_H_a1101_GW,n100_i1005007_H_a1101,100,1005007,H,1101,GW,0.25,0.23323622811585665,0.602099675140614
n100_i1005007_H_a1101_GW,n100_i1005007_H_a1101,100,1005007,H,1101,GW,0.5,0.012286921963095665,0.7303106695348943
n100_i1005007_H_a1101_GW,n100_i1005007_H_a1101,100,1005007,H,1101,GW,0.75,0.00031084101647138596,0.7829850373334
n100_i1005007_H_a1101_GW,n100_i1005007_H_a1101,100,1005007,H,1101,GW,0.9,0.012562911957502365,0.7982619765940242
n100_i1005007_H_a1101_GW,n100_i1005007_H_a1101,100,1005007,H,1101,GW,1.0,0.983184639364481,0.8142052800842352
n100_i1005007_H_a1101_LEGACY,n100_i1005007_H_a1101,100,1005007,H,1101,LEGACY,0.1,0.27032720763236284,0.31643211878940714
n100_i1005007_H_a1101_LEGACY,n100_i1005007_H_a1101,100,1005007,H,1101,LEGACY,0.25,0.46122801024466753,0.5432938956712441
n100_i1005007_H_a1101_LEGACY,n100_i1005007_H_a1101,100,1005007,H,1101,LEGACY,0.5,2.03981252014637,0.620658687694251
n100_i1005007_H_a1101_LEGACY,n100_i1005007_H_a1101,100,1005007,H,1101,LEGACY,0.75,0.28949055541306734,0.6653639026477066
n100_i1005007_H_a1101_LEGACY,n100_i1005007_H_a1101,100,1005007,H,1101,LEGACY,0.9,2.012899788096547,0.6814055790673386
n100_i1005007_H_a1101_LEGACY,n100_i1005007_H_a1101,100,1005007,H,1101,LEGACY,1.0,0.6906386036425829,0.6945471588707649
n100_i1005007_H_a2202_W,n100_i1005007_H_a2202,100,1005007,H,2202,W,0.1,0.07622397039085627,0.42229101714295375
n100_i1005007_H_a2202_W,n100_i1005007_H_a2202,100,1005007,H,2202,W,0.25,0.016583427786827087,0.5976225879370185
n100_i1005007_H_a2202_W,n100_i1005007_H_a2202,100,1005007,H,2202,W,0.5,0.08951000403612852,0.7072657293686242
n100_i1005007_H_a2202_W,n100_i1005007_H_a2202,100,1005007,H,2202,W,0.75,0.23056550417095423,0.7954808203652193
n100_i1005007_H_a2202_W,n100_i1005007_H_a2202,100,1005007,H,2202,W,0.9,0.00923518929630518,0.8140277826542601
n100_i1005007_H_a2202_W,n100_i1005007_H_a2202,100,1005007,H,2202,W,1.0,1.3246163986623287,0.8293717783100515
n100_i1005007_H_a2202_GW,n100_i1005007_H_a2202,100,1005007,H,2202,GW,0.1,0.4178638607263565,0.42229101714295375
n100_i1005007_H_a2202_GW,n100_i1005007_H_a2202,100,1005007,H,2202,GW,0.25,0.006902291439473629,0.5709013105511671
n100_i1005007_H_a2202_GW,n100_i1005007_H_a2202,100,1005007,H,2202,GW,0.5,1.2822223296388984,0.6320855159756429
n100_i1005007_H_a2202_GW,n100_i1005007_H_a2202,100,1005007,H,2202,GW,0.75,0.037452805787324905,0.6613993311035672
n100_i1005007_H_a2202_GW,n100_i1005007_H_a2202,100,1005007,H,2202,GW,0.9,0.4773925933986902,0.6913588496362948
n100_i1005007_H_a2202_GW,n100_i1005007_H_a2202,100,1005007,H,2202,GW,1.0,0.9422297738492489,0.7223822097488922
n100_i1005007_H_a2202_LEGACY,n100_i1005007_H_a2202,100,1005007,H,2202,LEGACY,0.1,0.3068552929908037,0.3159757085505628
n100_i1005007_H_a2202_LEGACY,n100_i1005007_H_a2202,100,1005007,H,2202,LEGACY,0.25,0.14063290413469076,0.5150788537962921
n100_i1005007_H_a2202_LEGACY,n100_i1005007_H_a2202,100,1005007,H,2202,LEGACY,0.5,0.0349998502060771,0.6273920369320543
n100_i1005007_H_a2202_LEGACY,n100_i1005007_H_a2202,100,1005007,H,2202,LEGACY,0.75,0.0053760819137096405,0.6554836663281202
n100_i1005007_H_a2202_LEGACY,n100_i1005007_H_a2202,100,1005007,H,2202,LEGACY,0.9,0.36416271049529314,0.66595984214088
n100_i1005007_H_a2202_LEGACY,n100_i1005007_H_a2202,100,1005007,H,2202,LEGACY,1.0,1.3757386785000563,0.6725821354312964
n100_i1005007_H_a2202_REFERENCE,n100_i1005007_H_a2202,100,1005007,H,2202,REFERENCE,0.1,0.12178424187004566,0.3766322208577584
n100_i1005007_H_a2202_REFERENCE,n100_i1005007_H_a2202,100,1005007,H,2202,REFERENCE,0.25,0.06206420250236988,0.5742719669371614
n100_i1005007_H_a2202_REFERENCE,n100_i1005007_H_a2202,100,1005007,H,2202,REFERENCE,0.5,0.09539900254458189,0.785354526638314
n100_i1005007_H_a2202_REFERENCE,n100_i1005007_H_a2202,100,1005007,H,2202,REFERENCE,0.75,0.002722136676311493,0.8390254027919232
n100_i1005007_H_a2202_REFERENCE,n100_i1005007_H_a2202,100,1005007,H,2202,REFERENCE,0.9,0.22295508719980717,0.8666368050885228
n100_i1005007_H_a2202_REFERENCE,n100_i1005007_H_a2202,100,1005007,H,2202,REFERENCE,1.0,0.06124294828623533,0.8707044864901915
n100_i1005007_H_a2202_G,n100_i1005007_H_a2202,100,1005007,H,2202,G,0.1,0.7200927259400487,0.37085147170821703
n100_i1005007_H_a2202_G,n100_i1005007_H_a2202,100,1005007,H,2202,G,0.25,0.09738169144839048,0.5114416809773594
n100_i1005007_H_a2202_G,n100_i1005007_H_a2202,100,1005007,H,2202,G,0.5,0.005324275232851505,0.6403404277355687
n100_i1005007_H_a2202_G,n100_i1005007_H_a2202,100,1005007,H,2202,G,0.75,0.0632321322336793,0.7229419003239317
n100_i1005007_H_a2202_G,n100_i1005007_H_a2202,100,1005007,H,2202,G,0.9,0.19497262127697468,0.7562127962427586
n100_i1005007_H_a2202_G,n100_i1005007_H_a2202,100,1005007,H,2202,G,1.0,1.2615847196429968,0.7707830724962186
n100_i1005007_T_a2202_GW,n100_i1005007_T_a2202,100,1005007,T,2202,GW,0.1,0.012956425547599792,0.4431970702050719
n100_i1005007_T_a2202_GW,n100_i1005007_T_a2202,100,1005007,T,2202,GW,0.25,0.38811892084777355,0.6448184165127115
n100_i1005007_T_a2202_GW,n100_i1005007_T_a2202,100,1005007,T,2202,GW,0.5,0.0005432786419987679,0.7811933194967742
n100_i1005007_T_a2202_GW,n100_i1005007_T_a2202,100,1005007,T,2202,GW,0.75,0.24515429884195328,0.8135698899741219
n100_i1005007_T_a2202_GW,n100_i1005007_T_a2202,100,1005007,T,2202,GW,0.9,0.23601916525512934,0.8260013865187795
n100_i1005007_T_a2202_GW,n100_i1005007_T_a2202,100,1005007,T,2202,GW,1.0,0.17886433470994234,0.8288873331731363
n100_i1005007_T_a2202_LEGACY,n100_i1005007_T_a2202,100,1005007,T,2202,LEGACY,0.1,0.0923290615901351,0.48788969588100983
n100_i1005007_T_a2202_LEGACY,n100_i1005007_T_a2202,100,1005007,T,2202,LEGACY,0.25,0.0014723632484674454,0.6643959835411941
n100_i1005007_T_a2202_LEGACY,n100_i1005007_T_a2202,100,1005007,T,2202,LEGACY,0.5,0.680042996071279,0.7832117085750082
n100_i1005007_T_a2202_LEGACY,n100_i1005007_T_a2202,100,1005007,T,2202,LEGACY,0.75,0.5440071765333414,0.8171224902581014
n100_i1005007_T_a2202_LEGACY,n100_i1005007_T_a2202,100,1005007,T,2202,LEGACY,0.9,0.002705950289964676,0.8230181431143289
n100_i1005007_T_a2202_LEGACY,n100_i1005007_T_a2202,100,1005007,T,2202,LEGACY,1.0,0.5238829655572772,0.8370582341295485
n100_i1005007_T_a2202_REFERENCE,n100_i1005007_T_a2202,100,1005007,T,2202,REFERENCE,0.1,0.0056963758543133736,0.4317190288236762
n100_i1005007_T_a2202_REFERENCE,n100_i1005007_T_a2202,100,1005007,T,2202,REFERENCE,0.25,0.5732573755085468,0.5618736885531997
n100_i1005007_T_a2202_REFERENCE,n100_i1005007_T_a2202,100,1005007,T,2202,REFERENCE,0.5,0.018615500070154667,0.7078363431202546
n100_i1005007_T_a2202_REFERENCE,n100_i1005007_T_a2202,100,1005007,T,2202,REFERENCE,0.75,0.0448904437944293,0.7626389906204712
n100_i1005007_T_a2202_REFERENCE,n100_i1005007_T_a2202,100,1005007,T,2202,REFERENCE,0.9,0.13257217686623335,0.7903365178055345
n100_i1005007_T_a2202_REFERENCE,n100_i1005007_T_a2202,100,1005007,T,2202,REFERENCE,1.0,0.2865915121510625,0.87760173005388
n100_i1005007_T_a2202_G,n100_i1005007_T_a2202,100,1005007,T,2202,G,0.1,0.04956844449043274,0.42386359457637607
n100_i1005007_T_a2202_G,n100_i1005007_T_a2202,100,1005007,T,2202,G,0.25,0.005297575145959854,0.6146531214927632
n100_i1005007_T_a2202_G,n100_i1005007_T_a2202,100,1005007,T,2202,G,0.5,1.5225533675402403,0.6872593553003384
n100_i1005007_T_a2202_G,n100_i1005007_T_a2202,100,1005007,T,2202,G,0.75,0.13413405790925026,0.7123153054429481
n100_i1005007_T_a2202_G,n100_i1005007_T_a2202,100,1005007,T,2202,G,0.9,1.1036679409444332,0.7286166986154993
n100_i1005007_T_a2202_G,n100_i1005007_T_a2202,100,1005007,T,2202,G,1.0,0.5939209442585707,0.7363366211404382
n100_i1005007_T_a2202_W,n100_i1005007_T_a2202,100,1005007,T,2202,W,0.1,0.10478458646684885,0.45804602608504674
n100_i1005007_T_a2202_W,n100_i1005007_T_a2202,100,1005007,T,2202,W,0.25,0.6349869519472122,0.6472796078867324
n100_i1005007_T_a2202_W,n100_i1005007_T_a2202,100,1005007,T,2202,W,0.5,0.11054618563503027,0.7858324737906339
n100_i1005007_T_a2202_W,n100_i1005007_T_a2202,100,1005007,T,2202,W,0.75,0.3345194635912776,0.8322151364532131
n100_i1005007_T_a2202_W,n100_i1005007_T_a2202,100,1005007,T,2202,W,0.9,0.025949878618121147,0.855532469845439
n100_i1005007_T_a2202_W,n100_i1005007_T_a2202,100,1005007,T,2202,W,1.0,3.15131432749331,0.8670261155004471
n100_i1005007_T_a1101_G,n100_i1005007_T_a1101,100,1005007,T,1101,G,0.1,0.0037024561315774918,0.4861649785254154
n100_i1005007_T_a1101_G,n100_i1005007_T_a1101,100,1005007,T,1101,G,0.25,0.3809444736689329,0.6377432043766905
n100_i1005007_T_a1101_G,n100_i1005007_T_a1101,100,1005007,T,1101,G,0.5,0.3539818003773689,0.6929811363467863
n100_i1005007_T_a1101_G,n100_i1005007_T_a1101,100,1005007,T,1101,G,0.75,0.05558232683688402,0.7319485382134532
n100_i1005007_T_a1101_G,n100_i1005007_T_a1101,100,1005007,T,1101,G,0.9,0.8082693237811327,0.7865341338947057
n100_i1005007_T_a1101_G,n100_i1005007_T_a1101,100,1005007,T,1101,G,1.0,0.6133669279515743,0.7964111209637547
n100_i1005007_T_a1101_W,n100_i1005007_T_a1101,100,1005007,T,1101,W,0.1,0.00812204647809267,0.49547506921499557
n100_i1005007_T_a1101_W,n100_i1005007_T_a1101,100,1005007,T,1101,W,0.25,0.0002520829439163208,0.7321389054366209
n100_i1005007_T_a1101_W,n100_i1005007_T_a1101,100,1005007,T,1101,W,0.5,1.3838498322293162,0.8469970724515766
n100_i1005007_T_a1101_W,n100_i1005007_T_a1101,100,1005007,T,1101,W,0.75,0.40129179786890745,0.8855757658929326
n100_i1005007_T_a1101_W,n100_i1005007_T_a1101,100,1005007,T,1101,W,0.9,0.018226084299385548,0.8933264329194841
n100_i1005007_T_a1101_W,n100_i1005007_T_a1101,100,1005007,T,1101,W,1.0,2.1551683777943254,0.8978578679127164
n100_i1005007_T_a1101_GW,n100_i1005007_T_a1101,100,1005007,T,1101,GW,0.1,0.004799071699380875,0.4570774771521581
n100_i1005007_T_a1101_GW,n100_i1005007_T_a1101,100,1005007,T,1101,GW,0.25,0.4531987467780709,0.6266241920534513
n100_i1005007_T_a1101_GW,n100_i1005007_T_a1101,100,1005007,T,1101,GW,0.5,0.012512014247477055,0.8506956124794174
n100_i1005007_T_a1101_GW,n100_i1005007_T_a1101,100,1005007,T,1101,GW,0.75,0.004080219194293022,0.9201964600505654
n100_i1005007_T_a1101_GW,n100_i1005007_T_a1101,100,1005007,T,1101,GW,0.9,0.01046712789684534,0.9348041062931581
n100_i1005007_T_a1101_GW,n100_i1005007_T_a1101,100,1005007,T,1101,GW,1.0,1.4085648702457547,0.9446406255175559
n100_i1005007_T_a1101_LEGACY,n100_i1005007_T_a1101,100,1005007,T,1101,LEGACY,0.1,0.07692233752459288,0.4199770149078401
n100_i1005007_T_a1101_LEGACY,n100_i1005007_T_a1101,100,1005007,T,1101,LEGACY,0.25,0.007157910615205765,0.7473834434287383
n100_i1005007_T_a1101_LEGACY,n100_i1005007_T_a1101,100,1005007,T,1101,LEGACY,0.5,0.006244213320314884,0.8627722054336496
n100_i1005007_T_a1101_LEGACY,n100_i1005007_T_a1101,100,1005007,T,1101,LEGACY,0.75,0.9476520298048854,0.9006214378288431
n100_i1005007_T_a1101_LEGACY,n100_i1005007_T_a1101,100,1005007,T,1101,LEGACY,0.9,0.016645963303744793,0.9194813196636368
n100_i1005007_T_a1101_LEGACY,n100_i1005007_T_a1101,100,1005007,T,1101,LEGACY,1.0,0.8928352212533355,0.9367610158750921
n100_i1005007_T_a1101_REFERENCE,n100_i1005007_T_a1101,100,1005007,T,1101,REFERENCE,0.1,0.052154907025396824,0.4996637004232611
n100_i1005007_T_a1101_REFERENCE,n100_i1005007_T_a1101,100,1005007,T,1101,REFERENCE,0.25,0.1745313936844468,0.6487535424913731
n100_i1005007_T_a1101_REFERENCE,n100_i1005007_T_a1101,100,1005007,T,1101,REFERENCE,0.5,0.017485703341662884,0.7241377231086733
n100_i1005007_T_a1101_REFERENCE,n100_i1005007_T_a1101,100,1005007,T,1101,REFERENCE,0.75,0.016958975233137608,0.7528345536836045
n100_i1005007_T_a1101_REFERENCE,n100_i1005007_T_a1101,100,1005007,T,1101,REFERENCE,0.9,0.48134118504822254,0.7626244703157923
n100_i1005007_T_a1101_REFERENCE,n100_i1005007_T_a1101,100,1005007,T,1101,REFERENCE,1.0,0.2364170765504241,0.7807443581479855
n100_i1005008_H_a1101_REFERENCE,n100_i1005008_H_a1101,100,1005008,H,1101,REFERENCE,0.1,0.22914250660687685,0.43362732439191426
n100_i1005008_H_a1101_REFERENCE,n100_i1005008_H_a1101,100,1005008,H,1101,REFERENCE,0.25,0.4746393095701933,0.6240622645390426
n100_i1005008_H_a1101_REFERENCE,n100_i1005008_H_a1101,100,1005008,H,1101,REFERENCE,0.5,0.19085636548697948,0.7094773369543922
n100_i1005008_H_a1101_REFERENCE,n100_i1005008_H_a1101,100,1005008,H,1101,REFERENCE,0.75,0.5087091028690338,0.7426854542237058
n100_i1005008_H_a1101_REFERENCE,n100_i1005008_H_a1101,100,1005008,H,1101,REFERENCE,0.9,0.5474659902974963,0.7572639346885219
n100_i1005008_H_a1101_REFERENCE,n100_i1005008_H_a1101,100,1005008,H,1101,REFERENCE,1.0,0.012537768110632896,0.76587218210415
n100_i1005008_H_a1101_G,n100_i1005008_H_a1101,100,1005008,H,1101,G,0.1,0.11018949653953314,0.43362732439191426
n100_i1005008_H_a1101_G,n100_i1005008_H_a1101,100,1005008,H,1101,G,0.25,0.05447002314031124,0.5898738327720414
n100_i1005008_H_a1101_G,n100_i1005008_H_a1101,100,1005008,H,1101,G,0.5,1.2219236018136144,0.6767399945317488
n100_i1005008_H_a1101_G,n100_i1005008_H_a1101,100,1005008,H,1101,G,0.75,0.017774836160242558,0.7146380905005985
n100_i1005008_H_a1101_G,n100_i1005008_H_a1101,100,1005008,H,1101,G,0.9,0.4196760607883334,0.7381921314903268
n100_i1005008_H_a1101_G,n100_i1005008_H_a1101,100,1005008,H,1101,G,1.0,0.7444932833313942,0.7445542040659481
n100_i1005008_H_a1101_W,n100_i1005008_H_a1101,100,1005008,H,1101,W,0.1,0.041702485643327236,0.4316907275915052
n100_i1005008_H_a1101_W,n100_i1005008_H_a1101,100,1005008,H,1101,W,0.25,0.4276449764147401,0.6141535492574668
n100_i1005008_H_a1101_W,n100_i1005008_H_a1101,100,1005008,H,1101,W,0.5,0.11250501591712236,0.6943477987549159
n100_i1005008_H_a1101_W,n100_i1005008_H_a1101,100,1005008,H,1101,W,0.75,0.008826304227113724,0.729228890607665
n100_i1005008_H_a1101_W,n100_i1005008_H_a1101,100,1005008,H,1101,W,0.9,0.3715118132531643,0.73817360072361
n100_i1005008_H_a1101_W,n100_i1005008_H_a1101,100,1005008,H,1101,W,1.0,0.0038539543747901917,0.7510523348116226
n100_i1005008_H_a1101_GW,n100_i1005008_H_a1101,100,1005008,H,1101,GW,0.1,0.055151707492768764,0.5024082410676957
n100_i1005008_H_a1101_GW,n100_i1005008_H_a1101,100,1005008,H,1101,GW,0.25,0.4120134534314275,0.7103949963920076
n100_i1005008_H_a1101_GW,n100_i1005008_H_a1101,100,1005008,H,1101,GW,0.5,0.25653108302503824,0.8131681950615958
n100_i1005008_H_a1101_GW,n100_i1005008_H_a1101,100,1005008,H,1101,GW,0.75,0.15601165499538183,0.844193909253694
n100_i1005008_H_a1101_GW,n100_i1005008_H_a1101,100,1005008,H,1101,GW,0.9,0.2984584644436836,0.8632127024198974
n100_i1005008_H_a1101_GW,n100_i1005008_H_a1101,100,1005008,H,1101,GW,1.0,0.16549506410956383,0.8741679066684156
n100_i1005008_H_a1101_LEGACY,n100_i1005008_H_a1101,100,1005008,H,1101,LEGACY,0.1,0.00024893973022699356,0.47290977602945194
n100_i1005008_H_a1101_LEGACY,n100_i1005008_H_a1101,100,1005008,H,1101,LEGACY,0.25,0.060951936058700085,0.6519600106191085
n100_i1005008_H_a1101_LEGACY,n100_i1005008_H_a1101,100,1005008,H,1101,LEGACY,0.5,0.12427803128957748,0.71331667377047
n100_i1005008_H_a1101_LEGACY,n100_i1005008_H_a1101,100,1005008,H,1101,LEGACY,0.75,0.02705595549196005,0.7529077355245747
n100_i1005008_H_a1101_LEGACY,n100_i1005008_H_a1101,100,1005008,H,1101,LEGACY,0.9,0.31682559102773666,0.7818625647114694
n100_i1005008_H_a1101_LEGACY,n100_i1005008_H_a1101,100,1005008,H,1101,LEGACY,1.0,0.9828633684664965,0.7893284662879937
n100_i1005008_H_a2202_W,n100_i1005008_H_a2202,100,1005008,H,2202,W,0.1,0.004471695050597191,0.4322068887937161
n100_i1005008_H_a2202_W,n100_i1005008_H_a2202,100,1005008,H,2202,W,0.25,0.00978677999228239,0.6931582042489979
n100_i1005008_H_a2202_W,n100_i1005008_H_a2202,100,1005008,H,2202,W,0.5,0.28318208269774914,0.8409422094543033
n100_i1005008_H_a2202_W,n100_i1005008_H_a2202,100,1005008,H,2202,W,0.75,1.3981525469571352,0.9091938295625044
n100_i1005008_H_a2202_W,n100_i1005008_H_a2202,100,1005008,H,2202,W,0.9,0.015458865091204643,0.9273992133898168
n100_i1005008_H_a2202_W,n100_i1005008_H_a2202,100,1005008,H,2202,W,1.0,1.1735738348215818,0.9358350986812931
n100_i1005008_H_a2202_GW,n100_i1005008_H_a2202,100,1005008,H,2202,GW,0.1,0.004276863299310207,0.4447027494691649
n100_i1005008_H_a2202_GW,n100_i1005008_H_a2202,100,1005008,H,2202,GW,0.25,0.825881028547883,0.7138193563024556
n100_i1005008_H_a2202_GW,n100_i1005008_H_a2202,100,1005008,H,2202,GW,0.5,0.01635018363595009,0.8500220457296098
n100_i1005008_H_a2202_GW,n100_i1005008_H_a2202,100,1005008,H,2202,GW,0.75,0.00019529648125171661,0.8926070011548737
n100_i1005008_H_a2202_GW,n100_i1005008_H_a2202,100,1005008,H,2202,GW,0.9,0.31299431435763836,0.9063378786041209
n100_i1005008_H_a2202_GW,n100_i1005008_H_a2202,100,1005008,H,2202,GW,1.0,1.1888421680778265,0.911348795613032
n100_i1005008_H_a2202_LEGACY,n100_i1005008_H_a2202,100,1005008,H,2202,LEGACY,0.1,0.09732945822179317,0.39300950664586976
n100_i1005008_H_a2202_LEGACY,n100_i1005008_H_a2202,100,1005008,H,2202,LEGACY,0.25,0.7736847987398505,0.5401954089529533
n100_i1005008_H_a2202_LEGACY,n100_i1005008_H_a2202,100,1005008,H,2202,LEGACY,0.5,0.02901720069348812,0.612039379623586
n100_i1005008_H_a2202_LEGACY,n100_i1005008_H_a2202,100,1005008,H,2202,LEGACY,0.75,0.06697696074843407,0.649458365662989
n100_i1005008_H_a2202_LEGACY,n100_i1005008_H_a2202,100,1005008,H,2202,LEGACY,0.9,0.010677596554160118,0.6646399733332078
n100_i1005008_H_a2202_LEGACY,n100_i1005008_H_a2202,100,1005008,H,2202,LEGACY,1.0,0.07251678500324488,0.6688703288222655
n100_i1005008_H_a2202_REFERENCE,n100_i1005008_H_a2202,100,1005008,H,2202,REFERENCE,0.1,0.0726694269105792,0.39895325691050976
n100_i1005008_H_a2202_REFERENCE,n100_i1005008_H_a2202,100,1005008,H,2202,REFERENCE,0.25,0.0022475384175777435,0.6441970011350362
n100_i1005008_H_a2202_REFERENCE,n100_i1005008_H_a2202,100,1005008,H,2202,REFERENCE,0.5,0.4366913242265582,0.7590984840136403
n100_i1005008_H_a2202_REFERENCE,n100_i1005008_H_a2202,100,1005008,H,2202,REFERENCE,0.75,0.023091889917850494,0.791077274049656
n100_i1005008_H_a2202_REFERENCE,n100_i1005008_H_a2202,100,1005008,H,2202,REFERENCE,0.9,0.004456249065697193,0.8302499006254296
n100_i1005008_H_a2202_REFERENCE,n100_i1005008_H_a2202,100,1005008,H,2202,REFERENCE,1.0,0.22870783228427172,0.8378932946601916
n100_i1005008_H_a2202_G,n100_i1005008_H_a2202,100,1005008,H,2202,G,0.1,0.007110951468348503,0.39895325691050976
n100_i1005008_H_a2202_G,n100_i1005008_H_a2202,100,1005008,H,2202,G,0.25,0.008895833045244217,0.6495396079234527
n100_i1005008_H_a2202_G,n100_i1005008_H_a2202,100,1005008,H,2202,G,0.5,0.12279086001217365,0.757706550841509
n100_i1005008_H_a2202_G,n100_i1005008_H_a2202,100,1005008,H,2202,G,0.75,0.5640405500307679,0.8164639917925609
n100_i1005008_H_a2202_G,n100_i1005008_H_a2202,100,1005008,H,2202,G,0.9,0.9713118821382523,0.8286198139248354
n100_i1005008_H_a2202_G,n100_i1005008_H_a2202,100,1005008,H,2202,G,1.0,1.1868003448471427,0.8331779105462642
n100_i1005008_T_a2202_GW,n100_i1005008_T_a2202,100,1005008,T,2202,GW,0.1,0.40446109883487225,0.4703988297748509
n100_i1005008_T_a2202_GW,n100_i1005008_T_a2202,100,1005008,T,2202,GW,0.25,0.8155152779072523,0.5434468886319164
n100_i1005008_T_a2202_GW,n100_i1005008_T_a2202,100,1005008,T,2202,GW,0.5,0.08498648833483458,0.6051818729462645
n100_i1005008_T_a2202_GW,n100_i1005008_T_a2202,100,1005008,T,2202,GW,0.75,0.017133728601038456,0.6219908884060389
n100_i1005008_T_a2202_GW,n100_i1005008_T_a2202,100,1005008,T,2202,GW,0.9,0.06547468528151512,0.6341703459393812
n100_i1005008_T_a2202_GW,n100_i1005008_T_a2202,100,1005008,T,2202,GW,1.0,0.4949897201731801,0.639257538799498
n100_i1005008_T_a2202_LEGACY,n100_i1005008_T_a2202,100,1005008,T,2202,LEGACY,0.1,0.31315421033650637,0.48266214815052083
n100_i1005008_T_a2202_LEGACY,n100_i1005008_T_a2202,100,1005008,T,2202,LEGACY,0.25,0.009331629611551762,0.6945050984034786
n100_i1005008_T_a2202_LEGACY,n100_i1005008_T_a2202,100,1005008,T,2202,LEGACY,0.5,0.4647372383624315,0.794184578823797
n100_i1005008_T_a2202_LEGACY,n100_i1005008_T_a2202,100,1005008,T,2202,LEGACY,0.75,0.5552888009697199,0.8241519294787244
n100_i1005008_T_a2202_LEGACY,n100_i1005008_T_a2202,100,1005008,T,2202,LEGACY,0.9,0.32475745677948,0.839967938457648
n100_i1005008_T_a2202_LEGACY,n100_i1005008_T_a2202,100,1005008,T,2202,LEGACY,1.0,0.7179809417575598,0.8484669954698015
n100_i1005008_T_a2202_REFERENCE,n100_i1005008_T_a2202,100,1005008,T,2202,REFERENCE,0.1,0.04449935723096132,0.42821459367796283
n100_i1005008_T_a2202_REFERENCE,n100_i1005008_T_a2202,100,1005008,T,2202,REFERENCE,0.25,0.01907307282090187,0.6838426023709254
n100_i1005008_T_a2202_REFERENCE,n100_i1005008_T_a2202,100,1005008,T,2202,REFERENCE,0.5,0.2969496613368392,0.7987470273966139
n100_i1005008_T_a2202_REFERENCE,n100_i1005008_T_a2202,100,1005008,T,2202,REFERENCE,0.75,0.09987208526581526,0.890459897855649
n100_i1005008_T_a2202_REFERENCE,n100_i1005008_T_a2202,100,1005008,T,2202,REFERENCE,0.9,0.038402797654271126,0.9419016244597751
n100_i1005008_T_a2202_REFERENCE,n100_i1005008_T_a2202,100,1005008,T,2202,REFERENCE,1.0,0.5170976929366589,0.96509421256967
n100_i1005008_T_a2202_G,n100_i1005008_T_a2202,100,1005008,T,2202,G,0.1,0.01056749653071165,0.5492244666008805
n100_i1005008_T_a2202_G,n100_i1005008_T_a2202,100,1005008,T,2202,G,0.25,0.03818685095757246,0.6751686125731535
n100_i1005008_T_a2202_G,n100_i1005008_T_a2202,100,1005008,T,2202,G,0.5,0.2371837981045246,0.7482609034367825
n100_i1005008_T_a2202_G,n100_i1005008_T_a2202,100,1005008,T,2202,G,0.75,0.005811590701341629,0.7709136159315394
n100_i1005008_T_a2202_G,n100_i1005008_T_a2202,100,1005008,T,2202,G,0.9,0.07764254231005907,0.8246824859468785
n100_i1005008_T_a2202_G,n100_i1005008_T_a2202,100,1005008,T,2202,G,1.0,0.7709039067849517,0.847802901570805
n100_i1005008_T_a2202_W,n100_i1005008_T_a2202,100,1005008,T,2202,W,0.1,0.3129570549353957,0.5009613737174742
n100_i1005008_T_a2202_W,n100_i1005008_T_a2202,100,1005008,T,2202,W,0.25,0.5253364956006408,0.5594628594155141
n100_i1005008_T_a2202_W,n100_i1005008_T_a2202,100,1005008,T,2202,W,0.5,1.267040504142642,0.5981395999463277
n100_i1005008_T_a2202_W,n100_i1005008_T_a2202,100,1005008,T,2202,W,0.75,1.7597856037318707,0.613725066861819
n100_i1005008_T_a2202_W,n100_i1005008_T_a2202,100,1005008,T,2202,W,0.9,0.010382480919361115,0.617542506298955
n100_i1005008_T_a2202_W,n100_i1005008_T_a2202,100,1005008,T,2202,W,1.0,1.124835484661162,0.6233781853374566
n100_i1005008_T_a1101_G,n100_i1005008_T_a1101,100,1005008,T,1101,G,0.1,0.014700322411954403,0.5073404075617861
n100_i1005008_T_a1101_G,n100_i1005008_T_a1101,100,1005008,T,1101,G,0.25,0.3653355995193124,0.6290066728052159
n100_i1005008_T_a1101_G,n100_i1005008_T_a1101,100,1005008,T,1101,G,0.5,0.27995221596211195,0.6965618721172967
n100_i1005008_T_a1101_G,n100_i1005008_T_a1101,100,1005008,T,1101,G,0.75,0.08779454976320267,0.7092564325215961
n100_i1005008_T_a1101_G,n100_i1005008_T_a1101,100,1005008,T,1101,G,0.9,0.06091519724577665,0.7107572959605364
n100_i1005008_T_a1101_G,n100_i1005008_T_a1101,100,1005008,T,1101,G,1.0,0.002411595545709133,0.7133643565674115
n100_i1005008_T_a1101_W,n100_i1005008_T_a1101,100,1005008,T,1101,W,0.1,0.741691748611629,0.49877940720866004
n100_i1005008_T_a1101_W,n100_i1005008_T_a1101,100,1005008,T,1101,W,0.25,0.005713818594813347,0.5870948022389008
n100_i1005008_T_a1101_W,n100_i1005008_T_a1101,100,1005008,T,1101,W,0.5,1.1486896276474,0.6401499328011727
n100_i1005008_T_a1101_W,n100_i1005008_T_a1101,100,1005008,T,1101,W,0.75,1.5328062698245049,0.6614371058051709
n100_i1005008_T_a1101_W,n100_i1005008_T_a1101,100,1005008,T,1101,W,0.9,0.14786010701209307,0.6672695501510825
n100_i1005008_T_a1101_W,n100_i1005008_T_a1101,100,1005008,T,1101,W,1.0,1.7243949426338077,0.6718332784687837
n100_i1005008_T_a1101_GW,n100_i1005008_T_a1101,100,1005008,T,1101,GW,0.1,0.1225373912602663,0.49950835220558326
n100_i1005008_T_a1101_GW,n100_i1005008_T_a1101,100,1005008,T,1101,GW,0.25,0.05560027249157429,0.59431242843376
n100_i1005008_T_a1101_GW,n100_i1005008_T_a1101,100,1005008,T,1101,GW,0.5,0.20411676075309515,0.6407345815628273
n100_i1005008_T_a1101_GW,n100_i1005008_T_a1101,100,1005008,T,1101,GW,0.75,0.1036648117005825,0.675324669973511
n100_i1005008_T_a1101_GW,n100_i1005008_T_a1101,100,1005008,T,1101,GW,0.9,0.23091506399214268,0.689838420172347
n100_i1005008_T_a1101_GW,n100_i1005008_T_a1101,100,1005008,T,1101,GW,1.0,0.26535697374492884,0.6983105080313139
n100_i1005008_T_a1101_LEGACY,n100_i1005008_T_a1101,100,1005008,T,1101,LEGACY,0.1,0.039289810694754124,0.5329643365216795
n100_i1005008_T_a1101_LEGACY,n100_i1005008_T_a1101,100,1005008,T,1101,LEGACY,0.25,0.9035207899287343,0.6575899614435192
n100_i1005008_T_a1101_LEGACY,n100_i1005008_T_a1101,100,1005008,T,1101,LEGACY,0.5,0.0012505948543548584,0.718332975338565
n100_i1005008_T_a1101_LEGACY,n100_i1005008_T_a1101,100,1005008,T,1101,LEGACY,0.75,0.0008919630199670792,0.7604866578411327
n100_i1005008_T_a1101_LEGACY,n100_i1005008_T_a1101,100,1005008,T,1101,LEGACY,0.9,0.3678877931088209,0.7699919218603983
n100_i1005008_T_a1101_LEGACY,n100_i1005008_T_a1101,100,1005008,T,1101,LEGACY,1.0,0.8484643064439297,0.7747636770864278
n100_i1005008_T_a1101_REFERENCE,n100_i1005008_T_a1101,100,1005008,T,1101,REFERENCE,0.1,0.08305926527827978,0.510593508761831
n100_i1005008_T_a1101_REFERENCE,n100_i1005008_T_a1101,100,1005008,T,1101,REFERENCE,0.25,0.01617239974439144,0.6623008504978001
n100_i1005008_T_a1101_REFERENCE,n100_i1005008_T_a1101,100,1005008,T,1101,REFERENCE,0.5,0.8189525874331594,0.6966064032099724
n100_i1005008_T_a1101_REFERENCE,n100_i1005008_T_a1101,100,1005008,T,1101,REFERENCE,0.75,0.4613338131457567,0.7015205746802622
n100_i1005008_T_a1101_REFERENCE,n100_i1005008_T_a1101,100,1005008,T,1101,REFERENCE,0.9,0.027813558466732502,0.7034897056456414
n100_i1005008_T_a1101_REFERENCE,n100_i1005008_T_a1101,100,1005008,T,1101,REFERENCE,1.0,1.1511764097958803,0.7078321545330988
n100_i1005009_H_a1101_LEGACY,n100_i1005009_H_a1101,100,1005009,H,1101,LEGACY,0.1,0.020500960759818554,0.4961495386720597
n100_i1005009_H_a1101_LEGACY,n100_i1005009_H_a1101,100,1005009,H,1101,LEGACY,0.25,0.08825552091002464,0.6989238485496891
n100_i1005009_H_a1101_LEGACY,n100_i1005009_H_a1101,100,1005009,H,1101,LEGACY,0.5,0.3991996254771948,0.8304423727247565
n100_i1005009_H_a1101_LEGACY,n100_i1005009_H_a1101,100,1005009,H,1101,LEGACY,0.75,0.004317155107855797,0.8735868182273475
n100_i1005009_H_a1101_LEGACY,n100_i1005009_H_a1101,100,1005009,H,1101,LEGACY,0.9,0.21157236024737358,0.885680744156056
n100_i1005009_H_a1101_LEGACY,n100_i1005009_H_a1101,100,1005009,H,1101,LEGACY,1.0,0.23250358551740646,0.8996745734042725
n100_i1005009_H_a1101_REFERENCE,n100_i1005009_H_a1101,100,1005009,H,1101,REFERENCE,0.1,0.056108711287379265,0.5486060317656357
n100_i1005009_H_a1101_REFERENCE,n100_i1005009_H_a1101,100,1005009,H,1101,REFERENCE,0.25,0.06223598122596741,0.7421272860666666
n100_i1005009_H_a1101_REFERENCE,n100_i1005009_H_a1101,100,1005009,H,1101,REFERENCE,0.5,0.05731109902262688,0.8505192298671792
n100_i1005009_H_a1101_REFERENCE,n100_i1005009_H_a1101,100,1005009,H,1101,REFERENCE,0.75,0.25478053465485573,0.8886608248509239
n100_i1005009_H_a1101_REFERENCE,n100_i1005009_H_a1101,100,1005009,H,1101,REFERENCE,0.9,0.00506521575152874,0.9010472858056042
n100_i1005009_H_a1101_REFERENCE,n100_i1005009_H_a1101,100,1005009,H,1101,REFERENCE,1.0,0.892669371329248,0.9120383675900864
n100_i1005009_H_a1101_G,n100_i1005009_H_a1101,100,1005009,H,1101,G,0.1,0.2089659096673131,0.49457833370520665
n100_i1005009_H_a1101_G,n100_i1005009_H_a1101,100,1005009,H,1101,G,0.25,0.010929995216429234,0.6113501944732415
n100_i1005009_H_a1101_G,n100_i1005009_H_a1101,100,1005009,H,1101,G,0.5,0.07428297027945518,0.7324277480161265
n100_i1005009_H_a1101_G,n100_i1005009_H_a1101,100,1005009,H,1101,G,0.75,1.2106555830687284,0.7569796096106944
n100_i1005009_H_a1101_G,n100_i1005009_H_a1101,100,1005009,H,1101,G,0.9,1.5227860435843468,0.7661215720505564
n100_i1005009_H_a1101_G,n100_i1005009_H_a1101,100,1005009,H,1101,G,1.0,0.5110165206715465,0.7852780214933055
n100_i1005009_H_a1101_W,n100_i1005009_H_a1101,100,1005009,H,1101,W,0.1,0.0011551491916179657,0.5541747873737883
n100_i1005009_H_a1101_W,n100_i1005009_H_a1101,100,1005009,H,1101,W,0.25,0.006353349424898624,0.7417552242925883
n100_i1005009_H_a1101_W,n100_i1005009_H_a1101,100,1005009,H,1101,W,0.5,0.014019124209880829,0.8051594494500468
n100_i1005009_H_a1101_W,n100_i1005009_H_a1101,100,1005009,H,1101,W,0.75,0.5242930231615901,0.8397241931827235
n100_i1005009_H_a1101_W,n100_i1005009_H_a1101,100,1005009,H,1101,W,0.9,0.012550163082778454,0.8587463284592357
n100_i1005009_H_a1101_W,n100_i1005009_H_a1101,100,1005009,H,1101,W,1.0,0.12243683449923992,0.8797886142111575
n100_i1005009_H_a1101_GW,n100_i1005009_H_a1101,100,1005009,H,1101,GW,0.1,0.046501767821609974,0.5541778513763935
n100_i1005009_H_a1101_GW,n100_i1005009_H_a1101,100,1005009,H,1101,GW,0.25,0.28375299368053675,0.7696060613718723
n100_i1005009_H_a1101_GW,n100_i1005009_H_a1101,100,1005009,H,1101,GW,0.5,0.3600417831912637,0.8740080475903875
n100_i1005009_H_a1101_GW,n100_i1005009_H_a1101,100,1005009,H,1101,GW,0.75,0.3067893562838435,0.9108211863275033
n100_i1005009_H_a1101_GW,n100_i1005009_H_a1101,100,1005009,H,1101,GW,0.9,1.148243673145771,0.9240231950975757
n100_i1005009_H_a1101_GW,n100_i1005009_H_a1101,100,1005009,H,1101,GW,1.0,2.0111185926944017,0.9347980373892515
n100_i1005009_H_a2202_G,n100_i1005009_H_a2202,100,1005009,H,2202,G,0.1,0.01102621853351593,0.5415302682728584
n100_i1005009_H_a2202_G,n100_i1005009_H_a2202,100,1005009,H,2202,G,0.25,0.10164898633956909,0.695168585782694
n100_i1005009_H_a2202_G,n100_i1005009_H_a2202,100,1005009,H,2202,G,0.5,0.014353631064295769,0.8192801414841812
n100_i1005009_H_a2202_G,n100_i1005009_H_a2202,100,1005009,H,2202,G,0.75,0.13342397287487984,0.8516065397673032
n100_i1005009_H_a2202_G,n100_i1005009_H_a2202,100,1005009,H,2202,G,0.9,0.49089617747813463,0.8565608003115015
n100_i1005009_H_a2202_G,n100_i1005009_H_a2202,100,1005009,H,2202,G,1.0,0.4516251180320978,0.8583373177407316
n100_i1005009_H_a2202_W,n100_i1005009_H_a2202,100,1005009,H,2202,W,0.1,1.0135440230369568,0.47016375063711924
n100_i1005009_H_a2202_W,n100_i1005009_H_a2202,100,1005009,H,2202,W,0.25,0.1741102123633027,0.7359413394459271
n100_i1005009_H_a2202_W,n100_i1005009_H_a2202,100,1005009,H,2202,W,0.5,0.008938034996390343,0.8310585330616714
n100_i1005009_H_a2202_W,n100_i1005009_H_a2202,100,1005009,H,2202,W,0.75,0.19791391398757696,0.8740105548413
n100_i1005009_H_a2202_W,n100_i1005009_H_a2202,100,1005009,H,2202,W,0.9,1.4905079621821642,0.8904275679872906
n100_i1005009_H_a2202_W,n100_i1005009_H_a2202,100,1005009,H,2202,W,1.0,1.530585358850658,0.9018134932148154
n100_i1005009_H_a2202_GW,n100_i1005009_H_a2202,100,1005009,H,2202,GW,0.1,0.41862920112907887,0.4760160828002114
n100_i1005009_H_a2202_GW,n100_i1005009_H_a2202,100,1005009,H,2202,GW,0.25,0.061210994608700275,0.6435939911072677
n100_i1005009_H_a2202_GW,n100_i1005009_H_a2202,100,1005009,H,2202,GW,0.5,0.013252008706331253,0.766367888590075
n100_i1005009_H_a2202_GW,n100_i1005009_H_a2202,100,1005009,H,2202,GW,0.75,0.003182557411491871,0.8604033230079763
n100_i1005009_H_a2202_GW,n100_i1005009_H_a2202,100,1005009,H,2202,GW,0.9,0.0029160166159272194,0.9122104194323131
n100_i1005009_H_a2202_GW,n100_i1005009_H_a2202,100,1005009,H,2202,GW,1.0,0.004700963385403156,0.9219491549194344
n100_i1005009_H_a2202_LEGACY,n100_i1005009_H_a2202,100,1005009,H,2202,LEGACY,0.1,0.5218190541490912,0.49095108459339987
n100_i1005009_H_a2202_LEGACY,n100_i1005009_H_a2202,100,1005009,H,2202,LEGACY,0.25,0.06600475311279297,0.7651462178163578
n100_i1005009_H_a2202_LEGACY,n100_i1005009_H_a2202,100,1005009,H,2202,LEGACY,0.5,0.05913535784929991,0.876902265217126
n100_i1005009_H_a2202_LEGACY,n100_i1005009_H_a2202,100,1005009,H,2202,LEGACY,0.75,0.058398145250976086,0.9114112920552723
n100_i1005009_H_a2202_LEGACY,n100_i1005009_H_a2202,100,1005009,H,2202,LEGACY,0.9,0.3039877815172076,0.919620907149536
n100_i1005009_H_a2202_LEGACY,n100_i1005009_H_a2202,100,1005009,H,2202,LEGACY,1.0,0.4581751190125942,0.9264689841105058
n100_i1005009_H_a2202_REFERENCE,n100_i1005009_H_a2202,100,1005009,H,2202,REFERENCE,0.1,0.06159524526447058,0.5421567945291561
n100_i1005009_H_a2202_REFERENCE,n100_i1005009_H_a2202,100,1005009,H,2202,REFERENCE,0.25,0.004802844487130642,0.6994367040459206
n100_i1005009_H_a2202_REFERENCE,n100_i1005009_H_a2202,100,1005009,H,2202,REFERENCE,0.5,0.003083278425037861,0.8427508672684279
n100_i1005009_H_a2202_REFERENCE,n100_i1005009_H_a2202,100,1005009,H,2202,REFERENCE,0.75,0.7576756859198213,0.8593083823712828
n100_i1005009_H_a2202_REFERENCE,n100_i1005009_H_a2202,100,1005009,H,2202,REFERENCE,0.9,0.3167455280199647,0.8648020394001337
n100_i1005009_H_a2202_REFERENCE,n100_i1005009_H_a2202,100,1005009,H,2202,REFERENCE,1.0,1.4363442594185472,0.8654349116293072
n100_i1005009_T_a2202_W,n100_i1005009_T_a2202,100,1005009,T,2202,W,0.1,1.0792482048273087,0.37290676275825296
n100_i1005009_T_a2202_W,n100_i1005009_T_a2202,100,1005009,T,2202,W,0.25,0.4578528441488743,0.49483452390479743
n100_i1005009_T_a2202_W,n100_i1005009_T_a2202,100,1005009,T,2202,W,0.5,0.13655479904264212,0.5437853776453785
n100_i1005009_T_a2202_W,n100_i1005009_T_a2202,100,1005009,T,2202,W,0.75,0.04498972184956074,0.5747081362572274
n100_i1005009_T_a2202_W,n100_i1005009_T_a2202,100,1005009,T,2202,W,0.9,0.0029824301600456238,0.5807816586755572
n100_i1005009_T_a2202_W,n100_i1005009_T_a2202,100,1005009,T,2202,W,1.0,1.2625398691743612,0.5859535437687167
n100_i1005009_T_a2202_GW,n100_i1005009_T_a2202,100,1005009,T,2202,GW,0.1,0.09991302620619535,0.3761362430402962
n100_i1005009_T_a2202_GW,n100_i1005009_T_a2202,100,1005009,T,2202,GW,0.25,0.0012060683220624924,0.4911030562696544
n100_i1005009_T_a2202_GW,n100_i1005009_T_a2202,100,1005009,T,2202,GW,0.5,0.7667882787063718,0.5216394248336905
n100_i1005009_T_a2202_GW,n100_i1005009_T_a2202,100,1005009,T,2202,GW,0.75,0.14718506671488285,0.5537870932877401
n100_i1005009_T_a2202_GW,n100_i1005009_T_a2202,100,1005009,T,2202,GW,0.9,0.3816464953124523,0.5693170566158966
n100_i1005009_T_a2202_GW,n100_i1005009_T_a2202,100,1005009,T,2202,GW,1.0,0.6749586993828416,0.5785255446929608
n100_i1005009_T_a2202_LEGACY,n100_i1005009_T_a2202,100,1005009,T,2202,LEGACY,0.1,0.18363795056939125,0.36344219677402095
n100_i1005009_T_a2202_LEGACY,n100_i1005009_T_a2202,100,1005009,T,2202,LEGACY,0.25,1.4435230297967792,0.46287611683683627
n100_i1005009_T_a2202_LEGACY,n100_i1005009_T_a2202,100,1005009,T,2202,LEGACY,0.5,0.025341013446450233,0.5970885380694008
n100_i1005009_T_a2202_LEGACY,n100_i1005009_T_a2202,100,1005009,T,2202,LEGACY,0.75,0.016412774100899696,0.7221362283816997
n100_i1005009_T_a2202_LEGACY,n100_i1005009_T_a2202,100,1005009,T,2202,LEGACY,0.9,0.09816556144505739,0.7620986253179963
n100_i1005009_T_a2202_LEGACY,n100_i1005009_T_a2202,100,1005009,T,2202,LEGACY,1.0,0.9778010305017233,0.7776779031148067
n100_i1005009_T_a2202_REFERENCE,n100_i1005009_T_a2202,100,1005009,T,2202,REFERENCE,0.1,0.4543204829096794,0.42299191820106125
n100_i1005009_T_a2202_REFERENCE,n100_i1005009_T_a2202,100,1005009,T,2202,REFERENCE,0.25,0.2373177856206894,0.5666047117399992
n100_i1005009_T_a2202_REFERENCE,n100_i1005009_T_a2202,100,1005009,T,2202,REFERENCE,0.5,0.9346677279099822,0.6377237312855889
n100_i1005009_T_a2202_REFERENCE,n100_i1005009_T_a2202,100,1005009,T,2202,REFERENCE,0.75,1.0968407886102796,0.685562706414819
n100_i1005009_T_a2202_REFERENCE,n100_i1005009_T_a2202,100,1005009,T,2202,REFERENCE,0.9,1.2217320697382092,0.6910430136583975
n100_i1005009_T_a2202_REFERENCE,n100_i1005009_T_a2202,100,1005009,T,2202,REFERENCE,1.0,0.0792501699179411,0.6985432994122952
n100_i1005009_T_a2202_G,n100_i1005009_T_a2202,100,1005009,T,2202,G,0.1,0.18053955864161253,0.42299191820106125
n100_i1005009_T_a2202_G,n100_i1005009_T_a2202,100,1005009,T,2202,G,0.25,0.5862922566011548,0.5648082618839905
n100_i1005009_T_a2202_G,n100_i1005009_T_a2202,100,1005009,T,2202,G,0.5,0.26403215713799,0.6461395650800794
n100_i1005009_T_a2202_G,n100_i1005009_T_a2202,100,1005009,T,2202,G,0.75,0.27901733852922916,0.7049670894719517
n100_i1005009_T_a2202_G,n100_i1005009_T_a2202,100,1005009,T,2202,G,0.9,0.020206201821565628,0.7235654055722633
n100_i1005009_T_a2202_G,n100_i1005009_T_a2202,100,1005009,T,2202,G,1.0,1.0856457985937595,0.7374458980080586
n100_i1005009_T_a1101_REFERENCE,n100_i1005009_T_a1101,100,1005009,T,1101,REFERENCE,0.1,0.005518841557204723,0.4133694180354432
n100_i1005009_T_a1101_REFERENCE,n100_i1005009_T_a1101,100,1005009,T,1101,REFERENCE,0.25,1.4080194365233183,0.662101270926609
n100_i1005009_T_a1101_REFERENCE,n100_i1005009_T_a1101,100,1005009,T,1101,REFERENCE,0.5,0.1798247778788209,0.7115140147860601
n100_i1005009_T_a1101_REFERENCE,n100_i1005009_T_a1101,100,1005009,T,1101,REFERENCE,0.75,0.3481021737679839,0.7338572990740326
n100_i1005009_T_a1101_REFERENCE,n100_i1005009_T_a1101,100,1005009,T,1101,REFERENCE,0.9,0.0020725280046463013,0.7420801199677489
n100_i1005009_T_a1101_REFERENCE,n100_i1005009_T_a1101,100,1005009,T,1101,REFERENCE,1.0,0.8644814528524876,0.7623106528192533
n100_i1005009_T_a1101_G,n100_i1005009_T_a1101,100,1005009,T,1101,G,0.1,0.10187430959194899,0.40928176722981957
n100_i1005009_T_a1101_G,n100_i1005009_T_a1101,100,1005009,T,1101,G,0.25,0.05855072196573019,0.5478614188729471
n100_i1005009_T_a1101_G,n100_i1005009_T_a1101,100,1005009,T,1101,G,0.5,0.43164324574172497,0.6358900597730054
n100_i1005009_T_a1101_G,n100_i1005009_T_a1101,100,1005009,T,1101,G,0.75,0.0032402053475379944,0.6948318403860198
n100_i1005009_T_a1101_G,n100_i1005009_T_a1101,100,1005009,T,1101,G,0.9,1.9655092982575297,0.7213248666385027
n100_i1005009_T_a1101_G,n100_i1005009_T_a1101,100,1005009,T,1101,G,1.0,0.01432541199028492,0.7353259394440809
n100_i1005009_T_a1101_W,n100_i1005009_T_a1101,100,1005009,T,1101,W,0.1,1.0753754479810596,0.33668113215024714
n100_i1005009_T_a1101_W,n100_i1005009_T_a1101,100,1005009,T,1101,W,0.25,0.01630761008709669,0.5802696643411613
n100_i1005009_T_a1101_W,n100_i1005009_T_a1101,100,1005009,T,1101,W,0.5,0.047380199655890465,0.7024535852924054
n100_i1005009_T_a1101_W,n100_i1005009_T_a1101,100,1005009,T,1101,W,0.75,0.37552907411009073,0.746283327033429
n100_i1005009_T_a1101_W,n100_i1005009_T_a1101,100,1005009,T,1101,W,0.9,0.3086426556110382,0.7558162838716855
n100_i1005009_T_a1101_W,n100_i1005009_T_a1101,100,1005009,T,1101,W,1.0,0.38897081557661295,0.7663197945671115
n100_i1005009_T_a1101_GW,n100_i1005009_T_a1101,100,1005009,T,1101,GW,0.1,1.3203490180894732,0.39432691499513484
n100_i1005009_T_a1101_GW,n100_i1005009_T_a1101,100,1005009,T,1101,GW,0.25,0.012783423997461796,0.5890129073944493
n100_i1005009_T_a1101_GW,n100_i1005009_T_a1101,100,1005009,T,1101,GW,0.5,0.5696325870230794,0.6726845506863511
n100_i1005009_T_a1101_GW,n100_i1005009_T_a1101,100,1005009,T,1101,GW,0.75,0.059701680205762386,0.7135399019766219
n100_i1005009_T_a1101_GW,n100_i1005009_T_a1101,100,1005009,T,1101,GW,0.9,0.00946129858493805,0.7325695476831914
n100_i1005009_T_a1101_GW,n100_i1005009_T_a1101,100,1005009,T,1101,GW,1.0,0.3676827782765031,0.751962645376174
n100_i1005009_T_a1101_LEGACY,n100_i1005009_T_a1101,100,1005009,T,1101,LEGACY,0.1,0.04710106085985899,0.43710521734584384
n100_i1005009_T_a1101_LEGACY,n100_i1005009_T_a1101,100,1005009,T,1101,LEGACY,0.25,0.2637618547305465,0.590415893339494
n100_i1005009_T_a1101_LEGACY,n100_i1005009_T_a1101,100,1005009,T,1101,LEGACY,0.5,2.1514007467776537,0.757411361780239
n100_i1005009_T_a1101_LEGACY,n100_i1005009_T_a1101,100,1005009,T,1101,LEGACY,0.75,0.30199945997446775,0.8080104768570521
n100_i1005009_T_a1101_LEGACY,n100_i1005009_T_a1101,100,1005009,T,1101,LEGACY,0.9,0.08781937696039677,0.8312934678964512
n100_i1005009_T_a1101_LEGACY,n100_i1005009_T_a1101,100,1005009,T,1101,LEGACY,1.0,0.2829101039096713,0.8344019721635672
n100_i1005010_H_a1101_LEGACY,n100_i1005010_H_a1101,100,1005010,H,1101,LEGACY,0.1,0.09162464644759893,0.5975669660378304
n100_i1005010_H_a1101_LEGACY,n100_i1005010_H_a1101,100,1005010,H,1101,LEGACY,0.25,0.13579176552593708,0.8216719750855652
n100_i1005010_H_a1101_LEGACY,n100_i1005010_H_a1101,100,1005010,H,1101,LEGACY,0.5,0.24200464319437742,0.9374423431795419
n100_i1005010_H_a1101_LEGACY,n100_i1005010_H_a1101,100,1005010,H,1101,LEGACY,0.75,0.02607352565973997,1.0057112166897917
n100_i1005010_H_a1101_LEGACY,n100_i1005010_H_a1101,100,1005010,H,1101,LEGACY,0.9,0.2652934901416302,1.0275786610249649
n100_i1005010_H_a1101_LEGACY,n100_i1005010_H_a1101,100,1005010,H,1101,LEGACY,1.0,0.11980985756963491,1.0392215770627025
n100_i1005010_H_a1101_REFERENCE,n100_i1005010_H_a1101,100,1005010,H,1101,REFERENCE,0.1,0.4546164618805051,0.5663620055398702
n100_i1005010_H_a1101_REFERENCE,n100_i1005010_H_a1101,100,1005010,H,1101,REFERENCE,0.25,0.005385883152484894,0.7796945888664341
n100_i1005010_H_a1101_REFERENCE,n100_i1005010_H_a1101,100,1005010,H,1101,REFERENCE,0.5,0.26355932652950287,0.9162890035844217
n100_i1005010_H_a1101_REFERENCE,n100_i1005010_H_a1101,100,1005010,H,1101,REFERENCE,0.75,0.6120215151458979,0.9491818779720418
n100_i1005010_H_a1101_REFERENCE,n100_i1005010_H_a1101,100,1005010,H,1101,REFERENCE,0.9,1.782789628021419,0.9628343316899044
n100_i1005010_H_a1101_REFERENCE,n100_i1005010_H_a1101,100,1005010,H,1101,REFERENCE,1.0,0.567489848472178,0.9737402070640712
n100_i1005010_H_a1101_G,n100_i1005010_H_a1101,100,1005010,H,1101,G,0.1,0.4106984715908766,0.5438239448707666
n100_i1005010_H_a1101_G,n100_i1005010_H_a1101,100,1005010,H,1101,G,0.25,0.010649395175278187,0.7215586286723715
n100_i1005010_H_a1101_G,n100_i1005010_H_a1101,100,1005010,H,1101,G,0.5,0.0021121669560670853,0.8251039887657449
n100_i1005010_H_a1101_G,n100_i1005010_H_a1101,100,1005010,H,1101,G,0.75,0.001912316307425499,0.8900581735874094
n100_i1005010_H_a1101_G,n100_i1005010_H_a1101,100,1005010,H,1101,G,0.9,0.6986685069277883,0.9003436621799499
n100_i1005010_H_a1101_G,n100_i1005010_H_a1101,100,1005010,H,1101,G,1.0,0.2582339132204652,0.9038398279326945
n100_i1005010_H_a1101_W,n100_i1005010_H_a1101,100,1005010,H,1101,W,0.1,0.0005828766152262688,0.7028946506245488
n100_i1005010_H_a1101_W,n100_i1005010_H_a1101,100,1005010,H,1101,W,0.25,0.3549330020323396,0.8294323840726069
n100_i1005010_H_a1101_W,n100_i1005010_H_a1101,100,1005010,H,1101,W,0.5,0.9341650465503335,0.8992452262155116
n100_i1005010_H_a1101_W,n100_i1005010_H_a1101,100,1005010,H,1101,W,0.75,0.3766478719189763,0.9329948847571763
n100_i1005010_H_a1101_W,n100_i1005010_H_a1101,100,1005010,H,1101,W,0.9,0.19916280638426542,0.9415149134912868
n100_i1005010_H_a1101_W,n100_i1005010_H_a1101,100,1005010,H,1101,W,1.0,0.6344783157110214,0.9461286571087392
n100_i1005010_H_a1101_GW,n100_i1005010_H_a1101,100,1005010,H,1101,GW,0.1,0.8592715645208955,0.6578789536953827
n100_i1005010_H_a1101_GW,n100_i1005010_H_a1101,100,1005010,H,1101,GW,0.25,0.015082958154380322,0.8371815444605961
n100_i1005010_H_a1101_GW,n100_i1005010_H_a1101,100,1005010,H,1101,GW,0.5,0.7571900133043528,0.8999310759872465
n100_i1005010_H_a1101_GW,n100_i1005010_H_a1101,100,1005010,H,1101,GW,0.75,0.2621066318824887,0.9270862258054893
n100_i1005010_H_a1101_GW,n100_i1005010_H_a1101,100,1005010,H,1101,GW,0.9,0.013760875910520554,0.9425605318742305
n100_i1005010_H_a1101_GW,n100_i1005010_H_a1101,100,1005010,H,1101,GW,1.0,0.12979653384536505,0.9489291871591544
n100_i1005010_H_a2202_G,n100_i1005010_H_a2202,100,1005010,H,2202,G,0.1,0.014933394268155098,0.5390543886241423
n100_i1005010_H_a2202_G,n100_i1005010_H_a2202,100,1005010,H,2202,G,0.25,0.018502678722143173,0.6753056669815984
n100_i1005010_H_a2202_G,n100_i1005010_H_a2202,100,1005010,H,2202,G,0.5,0.44388963282108307,0.7514808692506663
n100_i1005010_H_a2202_G,n100_i1005010_H_a2202,100,1005010,H,2202,G,0.75,0.6494950670748949,0.8164949456002778
n100_i1005010_H_a2202_G,n100_i1005010_H_a2202,100,1005010,H,2202,G,0.9,0.1463441727682948,0.8332762327033444
n100_i1005010_H_a2202_G,n100_i1005010_H_a2202,100,1005010,H,2202,G,1.0,0.059235221706330776,0.8368455343830533
n100_i1005010_H_a2202_W,n100_i1005010_H_a2202,100,1005010,H,2202,W,0.1,0.18882157187908888,0.6260058779990068
n100_i1005010_H_a2202_W,n100_i1005010_H_a2202,100,1005010,H,2202,W,0.25,0.3520590029656887,0.7718559755720893
n100_i1005010_H_a2202_W,n100_i1005010_H_a2202,100,1005010,H,2202,W,0.5,0.5436817146837711,0.8217168287490797
n100_i1005010_H_a2202_W,n100_i1005010_H_a2202,100,1005010,H,2202,W,0.75,0.5581111470237374,0.8418423994746236
n100_i1005010_H_a2202_W,n100_i1005010_H_a2202,100,1005010,H,2202,W,0.9,0.2887330446392298,0.862456917652778
n100_i1005010_H_a2202_W,n100_i1005010_H_a2202,100,1005010,H,2202,W,1.0,0.017821354791522026,0.894964509493044
n100_i1005010_H_a2202_GW,n100_i1005010_H_a2202,100,1005010,H,2202,GW,0.1,1.010947898030281,0.5733707451754643
n100_i1005010_H_a2202_GW,n100_i1005010_H_a2202,100,1005010,H,2202,GW,0.25,0.1692522196099162,0.7064265609793842
n100_i1005010_H_a2202_GW,n100_i1005010_H_a2202,100,1005010,H,2202,GW,0.5,0.4112206883728504,0.8114179815687148
n100_i1005010_H_a2202_GW,n100_i1005010_H_a2202,100,1005010,H,2202,GW,0.75,0.04064013995230198,0.9045230466040225
n100_i1005010_H_a2202_GW,n100_i1005010_H_a2202,100,1005010,H,2202,GW,0.9,0.7128716697916389,0.9543955966212112
n100_i1005010_H_a2202_GW,n100_i1005010_H_a2202,100,1005010,H,2202,GW,1.0,0.9637532159686089,0.9654055911517181
n100_i1005010_H_a2202_LEGACY,n100_i1005010_H_a2202,100,1005010,H,2202,LEGACY,0.1,0.08930997923016548,0.5760900108589047
n100_i1005010_H_a2202_LEGACY,n100_i1005010_H_a2202,100,1005010,H,2202,LEGACY,0.25,0.016936663538217545,0.7238399071636992
n100_i1005010_H_a2202_LEGACY,n100_i1005010_H_a2202,100,1005010,H,2202,LEGACY,0.5,0.00412618275731802,0.8676945778882823
n100_i1005010_H_a2202_LEGACY,n100_i1005010_H_a2202,100,1005010,H,2202,LEGACY,0.75,0.007949271239340305,0.9298264942159941
n100_i1005010_H_a2202_LEGACY,n100_i1005010_H_a2202,100,1005010,H,2202,LEGACY,0.9,0.08062057010829449,0.9400226130396434
n100_i1005010_H_a2202_LEGACY,n100_i1005010_H_a2202,100,1005010,H,2202,LEGACY,1.0,0.2132584387436509,0.9486565388474404
n100_i1005010_H_a2202_REFERENCE,n100_i1005010_H_a2202,100,1005010,H,2202,REFERENCE,0.1,0.07602017652243376,0.5462991475069411
n100_i1005010_H_a2202_REFERENCE,n100_i1005010_H_a2202,100,1005010,H,2202,REFERENCE,0.25,0.028675833716988564,0.6654606717249668
n100_i1005010_H_a2202_REFERENCE,n100_i1005010_H_a2202,100,1005010,H,2202,REFERENCE,0.5,0.0006790235638618469,0.7682706994794076
n100_i1005010_H_a2202_REFERENCE,n100_i1005010_H_a2202,100,1005010,H,2202,REFERENCE,0.75,0.008743850514292717,0.7947367499028103
n100_i1005010_H_a2202_REFERENCE,n100_i1005010_H_a2202,100,1005010,H,2202,REFERENCE,0.9,1.6032385174185038,0.8099972724901852
n100_i1005010_H_a2202_REFERENCE,n100_i1005010_H_a2202,100,1005010,H,2202,REFERENCE,1.0,0.11556191463023424,0.83159744039581
n100_i1005010_T_a2202_W,n100_i1005010_T_a2202,100,1005010,T,2202,W,0.1,0.041131528094410896,0.5654180590531965
n100_i1005010_T_a2202_W,n100_i1005010_T_a2202,100,1005010,T,2202,W,0.25,0.01039970200508833,0.7594843753505178
n100_i1005010_T_a2202_W,n100_i1005010_T_a2202,100,1005010,T,2202,W,0.5,0.10824005678296089,0.8327357558893901
n100_i1005010_T_a2202_W,n100_i1005010_T_a2202,100,1005010,T,2202,W,0.75,0.9252618364989758,0.8720493875736852
n100_i1005010_T_a2202_W,n100_i1005010_T_a2202,100,1005010,T,2202,W,0.9,0.009440957568585873,0.8812491936852056
n100_i1005010_T_a2202_W,n100_i1005010_T_a2202,100,1005010,T,2202,W,1.0,1.2700239606201649,0.8857719511403795
n100_i1005010_T_a2202_GW,n100_i1005010_T_a2202,100,1005010,T,2202,GW,0.1,0.08283901680260897,0.5705600675620517
n100_i1005010_T_a2202_GW,n100_i1005010_T_a2202,100,1005010,T,2202,GW,0.25,0.26572837494313717,0.7249749698888797
n100_i1005010_T_a2202_GW,n100_i1005010_T_a2202,100,1005010,T,2202,GW,0.5,0.00523466058075428,0.768277446531067
n100_i1005010_T_a2202_GW,n100_i1005010_T_a2202,100,1005010,T,2202,GW,0.75,0.07453413307666779,0.7820437813084375
n100_i1005010_T_a2202_GW,n100_i1005010_T_a2202,100,1005010,T,2202,GW,0.9,0.004660992883145809,0.7879179957987589
n100_i1005010_T_a2202_GW,n100_i1005010_T_a2202,100,1005010,T,2202,GW,1.0,0.27903185226023197,0.79280670757522
n100_i1005010_T_a2202_LEGACY,n100_i1005010_T_a2202,100,1005010,T,2202,LEGACY,0.1,0.07807998172938824,0.47677750565460325
n100_i1005010_T_a2202_LEGACY,n100_i1005010_T_a2202,100,1005010,T,2202,LEGACY,0.25,0.0005979593843221664,0.6387555040684515
n100_i1005010_T_a2202_LEGACY,n100_i1005010_T_a2202,100,1005010,T,2202,LEGACY,0.5,0.09671105723828077,0.7282541598614363
n100_i1005010_T_a2202_LEGACY,n100_i1005010_T_a2202,100,1005010,T,2202,LEGACY,0.75,0.038442098535597324,0.7608928855940359
n100_i1005010_T_a2202_LEGACY,n100_i1005010_T_a2202,100,1005010,T,2202,LEGACY,0.9,0.1546197310090065,0.7770212488153065
n100_i1005010_T_a2202_LEGACY,n100_i1005010_T_a2202,100,1005010,T,2202,LEGACY,1.0,0.8791803577914834,0.7826490706302218
n100_i1005010_T_a2202_REFERENCE,n100_i1005010_T_a2202,100,1005010,T,2202,REFERENCE,0.1,0.17274617031216621,0.5363417938798053
n100_i1005010_T_a2202_REFERENCE,n100_i1005010_T_a2202,100,1005010,T,2202,REFERENCE,0.25,0.16403094679117203,0.6327802749654662
n100_i1005010_T_a2202_REFERENCE,n100_i1005010_T_a2202,100,1005010,T,2202,REFERENCE,0.5,0.07425656449049711,0.6544777944505584
n100_i1005010_T_a2202_REFERENCE,n100_i1005010_T_a2202,100,1005010,T,2202,REFERENCE,0.75,0.21101002302020788,0.6746518236182845
n100_i1005010_T_a2202_REFERENCE,n100_i1005010_T_a2202,100,1005010,T,2202,REFERENCE,0.9,0.04780492093414068,0.6883315518818075
n100_i1005010_T_a2202_REFERENCE,n100_i1005010_T_a2202,100,1005010,T,2202,REFERENCE,1.0,0.8011343544349074,0.6953604761426929
n100_i1005010_T_a2202_G,n100_i1005010_T_a2202,100,1005010,T,2202,G,0.1,0.5592777403071523,0.5385799740062992
n100_i1005010_T_a2202_G,n100_i1005010_T_a2202,100,1005010,T,2202,G,0.25,0.0842847740277648,0.6546062920408944
n100_i1005010_T_a2202_G,n100_i1005010_T_a2202,100,1005010,T,2202,G,0.5,0.7433837344869971,0.6848562834778784
n100_i1005010_T_a2202_G,n100_i1005010_T_a2202,100,1005010,T,2202,G,0.75,0.0015803994610905647,0.6990948367338412
n100_i1005010_T_a2202_G,n100_i1005010_T_a2202,100,1005010,T,2202,G,0.9,0.02969912439584732,0.7054634183662327
n100_i1005010_T_a2202_G,n100_i1005010_T_a2202,100,1005010,T,2202,G,1.0,0.9813381889835,0.7090249628118418
n100_i1005010_T_a1101_REFERENCE,n100_i1005010_T_a1101,100,1005010,T,1101,REFERENCE,0.1,0.17274415120482445,0.5925257683664358
n100_i1005010_T_a1101_REFERENCE,n100_i1005010_T_a1101,100,1005010,T,1101,REFERENCE,0.25,0.23190455697476864,0.7381237647813866
n100_i1005010_T_a1101_REFERENCE,n100_i1005010_T_a1101,100,1005010,T,1101,REFERENCE,0.5,0.05385095905512571,0.8059395917532739
n100_i1005010_T_a1101_REFERENCE,n100_i1005010_T_a1101,100,1005010,T,1101,REFERENCE,0.75,0.03897963743656874,0.8491014355630626
n100_i1005010_T_a1101_REFERENCE,n100_i1005010_T_a1101,100,1005010,T,1101,REFERENCE,0.9,0.6609621169045568,0.8569033125646496
n100_i1005010_T_a1101_REFERENCE,n100_i1005010_T_a1101,100,1005010,T,1101,REFERENCE,1.0,0.881964067928493,0.8686001368246576
n100_i1005010_T_a1101_G,n100_i1005010_T_a1101,100,1005010,T,1101,G,0.1,0.4232238447293639,0.5767095253495969
n100_i1005010_T_a1101_G,n100_i1005010_T_a1101,100,1005010,T,1101,G,0.25,0.009821687825024128,0.7489947280509544
n100_i1005010_T_a1101_G,n100_i1005010_T_a1101,100,1005010,T,1101,G,0.5,0.01200275681912899,0.7727720214804619
n100_i1005010_T_a1101_G,n100_i1005010_T_a1101,100,1005010,T,1101,G,0.75,0.7721909685060382,0.7845263369965834
n100_i1005010_T_a1101_G,n100_i1005010_T_a1101,100,1005010,T,1101,G,0.9,0.007627645507454872,0.7882602324309443
n100_i1005010_T_a1101_G,n100_i1005010_T_a1101,100,1005010,T,1101,G,1.0,0.22158144880086184,0.7895397793536029
n100_i1005010_T_a1101_W,n100_i1005010_T_a1101,100,1005010,T,1101,W,0.1,0.33863365091383457,0.5576499246368553
n100_i1005010_T_a1101_W,n100_i1005010_T_a1101,100,1005010,T,1101,W,0.25,0.2030613338574767,0.6992771655723509
n100_i1005010_T_a1101_W,n100_i1005010_T_a1101,100,1005010,T,1101,W,0.5,0.02445464115589857,0.7921168942592912
n100_i1005010_T_a1101_W,n100_i1005010_T_a1101,100,1005010,T,1101,W,0.75,0.002507908269762993,0.8156363552832838
n100_i1005010_T_a1101_W,n100_i1005010_T_a1101,100,1005010,T,1101,W,0.9,0.2059577638283372,0.820027676039971
n100_i1005010_T_a1101_W,n100_i1005010_T_a1101,100,1005010,T,1101,W,1.0,0.8907963624224067,0.8259352416838781
n100_i1005010_T_a1101_GW,n100_i1005010_T_a1101,100,1005010,T,1101,GW,0.1,0.25710728485137224,0.5917921388015239
n100_i1005010_T_a1101_GW,n100_i1005010_T_a1101,100,1005010,T,1101,GW,0.25,0.00320354662835598,0.6556093178119283
n100_i1005010_T_a1101_GW,n100_i1005010_T_a1101,100,1005010,T,1101,GW,0.5,0.019070583395659924,0.7208430720784469
n100_i1005010_T_a1101_GW,n100_i1005010_T_a1101,100,1005010,T,1101,GW,0.75,0.22869726456701756,0.7478478906609894
n100_i1005010_T_a1101_GW,n100_i1005010_T_a1101,100,1005010,T,1101,GW,0.9,0.11739174090325832,0.7880749336459515
n100_i1005010_T_a1101_GW,n100_i1005010_T_a1101,100,1005010,T,1101,GW,1.0,0.9369088970124722,0.7915503361607641
n100_i1005010_T_a1101_LEGACY,n100_i1005010_T_a1101,100,1005010,T,1101,LEGACY,0.1,0.08027103263884783,0.6162770253511748
n100_i1005010_T_a1101_LEGACY,n100_i1005010_T_a1101,100,1005010,T,1101,LEGACY,0.25,0.0045575546100735664,0.8674716650237732
n100_i1005010_T_a1101_LEGACY,n100_i1005010_T_a1101,100,1005010,T,1101,LEGACY,0.5,0.17171526607125998,0.9838313081298974
n100_i1005010_T_a1101_LEGACY,n100_i1005010_T_a1101,100,1005010,T,1101,LEGACY,0.75,0.4131854670122266,1.029268755457309
n100_i1005010_T_a1101_LEGACY,n100_i1005010_T_a1101,100,1005010,T,1101,LEGACY,0.9,0.06157093774527311,1.0312190619100017
n100_i1005010_T_a1101_LEGACY,n100_i1005010_T_a1101,100,1005010,T,1101,LEGACY,1.0,1.508211461827159,1.0324181580800995
n100_i1005011_H_a1101_GW,n100_i1005011_H_a1101,100,1005011,H,1101,GW,0.1,1.2577629005536437,0.39304950609097716
n100_i1005011_H_a1101_GW,n100_i1005011_H_a1101,100,1005011,H,1101,GW,0.25,0.015256688930094242,0.5078418103930061
n100_i1005011_H_a1101_GW,n100_i1005011_H_a1101,100,1005011,H,1101,GW,0.5,0.025150254368782043,0.6160549456364034
n100_i1005011_H_a1101_GW,n100_i1005011_H_a1101,100,1005011,H,1101,GW,0.75,0.581501274369657,0.6739208463199995
n100_i1005011_H_a1101_GW,n100_i1005011_H_a1101,100,1005011,H,1101,GW,0.9,1.7544593745842576,0.6865204820304117
n100_i1005011_H_a1101_GW,n100_i1005011_H_a1101,100,1005011,H,1101,GW,1.0,1.1654800726100802,0.6952616606684596
n100_i1005011_H_a1101_LEGACY,n100_i1005011_H_a1101,100,1005011,H,1101,LEGACY,0.1,0.2429300593212247,0.3960891597381649
n100_i1005011_H_a1101_LEGACY,n100_i1005011_H_a1101,100,1005011,H,1101,LEGACY,0.25,0.013694371096789837,0.5200801703448319
n100_i1005011_H_a1101_LEGACY,n100_i1005011_H_a1101,100,1005011,H,1101,LEGACY,0.5,0.00033412035554647446,0.6262838684387155
n100_i1005011_H_a1101_LEGACY,n100_i1005011_H_a1101,100,1005011,H,1101,LEGACY,0.75,1.3762996681034565,0.6635692358874677
n100_i1005011_H_a1101_LEGACY,n100_i1005011_H_a1101,100,1005011,H,1101,LEGACY,0.9,1.3009006204083562,0.6863928170390065
n100_i1005011_H_a1101_LEGACY,n100_i1005011_H_a1101,100,1005011,H,1101,LEGACY,1.0,2.6769971502944827,0.6876889549039334
n100_i1005011_H_a1101_REFERENCE,n100_i1005011_H_a1101,100,1005011,H,1101,REFERENCE,0.1,0.26147028896957636,0.37128085384872456
n100_i1005011_H_a1101_REFERENCE,n100_i1005011_H_a1101,100,1005011,H,1101,REFERENCE,0.25,0.041479059495031834,0.4581303752657687
n100_i1005011_H_a1101_REFERENCE,n100_i1005011_H_a1101,100,1005011,H,1101,REFERENCE,0.5,0.014783771708607674,0.6159703339350036
n100_i1005011_H_a1101_REFERENCE,n100_i1005011_H_a1101,100,1005011,H,1101,REFERENCE,0.75,0.03581616748124361,0.7144475468292828
n100_i1005011_H_a1101_REFERENCE,n100_i1005011_H_a1101,100,1005011,H,1101,REFERENCE,0.9,0.06081391591578722,0.7436131885608978
n100_i1005011_H_a1101_REFERENCE,n100_i1005011_H_a1101,100,1005011,H,1101,REFERENCE,1.0,0.5522143663838506,0.7578375112046503
n100_i1005011_H_a1101_G,n100_i1005011_H_a1101,100,1005011,H,1101,G,0.1,0.43435769621282816,0.4102105067132992
n100_i1005011_H_a1101_G,n100_i1005011_H_a1101,100,1005011,H,1101,G,0.25,1.1162797100842,0.5069711902405758
n100_i1005011_H_a1101_G,n100_i1005011_H_a1101,100,1005011,H,1101,G,0.5,0.45356690883636475,0.580271737638792
n100_i1005011_H_a1101_G,n100_i1005011_H_a1101,100,1005011,H,1101,G,0.75,0.22670823521912098,0.6364022041201577
n100_i1005011_H_a1101_G,n100_i1005011_H_a1101,100,1005011,H,1101,G,0.9,1.6837289268150926,0.6601241247867674
n100_i1005011_H_a1101_G,n100_i1005011_H_a1101,100,1005011,H,1101,G,1.0,0.4654841935262084,0.6688050022912212
n100_i1005011_H_a1101_W,n100_i1005011_H_a1101,100,1005011,H,1101,W,0.1,0.0055153751745820045,0.3965606384588724
n100_i1005011_H_a1101_W,n100_i1005011_H_a1101,100,1005011,H,1101,W,0.25,0.30730076134204865,0.5179917364996779
n100_i1005011_H_a1101_W,n100_i1005011_H_a1101,100,1005011,H,1101,W,0.5,0.3675399348139763,0.6034104920602469
n100_i1005011_H_a1101_W,n100_i1005011_H_a1101,100,1005011,H,1101,W,0.75,0.22864287625998259,0.6407937669348857
n100_i1005011_H_a1101_W,n100_i1005011_H_a1101,100,1005011,H,1101,W,0.9,0.015145373530685902,0.659118517537871
n100_i1005011_H_a1101_W,n100_i1005011_H_a1101,100,1005011,H,1101,W,1.0,1.0119177093729377,0.6633894884016945
n100_i1005011_H_a2202_REFERENCE,n100_i1005011_H_a2202,100,1005011,H,2202,REFERENCE,0.1,0.4079346628859639,0.44546715636983936
n100_i1005011_H_a2202_REFERENCE,n100_i1005011_H_a2202,100,1005011,H,2202,REFERENCE,0.25,0.0783192440867424,0.6506505160531716
n100_i1005011_H_a2202_REFERENCE,n100_i1005011_H_a2202,100,1005011,H,2202,REFERENCE,0.5,0.3471950674429536,0.763016372005853
n100_i1005011_H_a2202_REFERENCE,n100_i1005011_H_a2202,100,1005011,H,2202,REFERENCE,0.75,0.14138064067810774,0.8312319544682082
n100_i1005011_H_a2202_REFERENCE,n100_i1005011_H_a2202,100,1005011,H,2202,REFERENCE,0.9,0.06031984090805054,0.8458323547724321
n100_i1005011_H_a2202_REFERENCE,n100_i1005011_H_a2202,100,1005011,H,2202,REFERENCE,1.0,2.268018551170826,0.854172200505381
n100_i1005011_H_a2202_G,n100_i1005011_H_a2202,100,1005011,H,2202,G,0.1,1.2662740824744105,0.44556904195116237
n100_i1005011_H_a2202_G,n100_i1005011_H_a2202,100,1005011,H,2202,G,0.25,0.0038697076961398125,0.6506505160531716
n100_i1005011_H_a2202_G,n100_i1005011_H_a2202,100,1005011,H,2202,G,0.5,0.4840682065114379,0.7408342450840171
n100_i1005011_H_a2202_G,n100_i1005011_H_a2202,100,1005011,H,2202,G,0.75,0.08586167078465223,0.780960894854871
n100_i1005011_H_a2202_G,n100_i1005011_H_a2202,100,1005011,H,2202,G,0.9,0.01446928083896637,0.7893738658443665
n100_i1005011_H_a2202_G,n100_i1005011_H_a2202,100,1005011,H,2202,G,1.0,0.6118976278230548,0.7943303979625754
n100_i1005011_H_a2202_W,n100_i1005011_H_a2202,100,1005011,H,2202,W,0.1,0.07763809338212013,0.3986956974843974
n100_i1005011_H_a2202_W,n100_i1005011_H_a2202,100,1005011,H,2202,W,0.25,1.0445836577564478,0.5536844908318919
n100_i1005011_H_a2202_W,n100_i1005011_H_a2202,100,1005011,H,2202,W,0.5,0.005559591576457024,0.736952822981972
n100_i1005011_H_a2202_W,n100_i1005011_H_a2202,100,1005011,H,2202,W,0.75,0.06996555719524622,0.8051374983500698
n100_i1005011_H_a2202_W,n100_i1005011_H_a2202,100,1005011,H,2202,W,0.9,0.017786270938813686,0.8181281015568748
n100_i1005011_H_a2202_W,n100_i1005011_H_a2202,100,1005011,H,2202,W,1.0,0.47623023111373186,0.8243630206547862
n100_i1005011_H_a2202_GW,n100_i1005011_H_a2202,100,1005011,H,2202,GW,0.1,1.3900039065629244,0.46008775792225654
n100_i1005011_H_a2202_GW,n100_i1005011_H_a2202,100,1005011,H,2202,GW,0.25,0.15527960192412138,0.6572135278467626
n100_i1005011_H_a2202_GW,n100_i1005011_H_a2202,100,1005011,H,2202,GW,0.5,0.05219948664307594,0.6966208850635397
n100_i1005011_H_a2202_GW,n100_i1005011_H_a2202,100,1005011,H,2202,GW,0.75,0.4711443018168211,0.7321745719635184
n100_i1005011_H_a2202_GW,n100_i1005011_H_a2202,100,1005011,H,2202,GW,0.9,0.07062971498817205,0.7369729868950438
n100_i1005011_H_a2202_GW,n100_i1005011_H_a2202,100,1005011,H,2202,GW,1.0,0.48982402961701155,0.7450350878172903
n100_i1005011_H_a2202_LEGACY,n100_i1005011_H_a2202,100,1005011,H,2202,LEGACY,0.1,0.14478094596415758,0.4691583821628825
n100_i1005011_H_a2202_LEGACY,n100_i1005011_H_a2202,100,1005011,H,2202,LEGACY,0.25,0.12746484018862247,0.6380965996551837
n100_i1005011_H_a2202_LEGACY,n100_i1005011_H_a2202,100,1005011,H,2202,LEGACY,0.5,0.9361253678798676,0.7542839425587564
n100_i1005011_H_a2202_LEGACY,n100_i1005011_H_a2202,100,1005011,H,2202,LEGACY,0.75,0.2531526731327176,0.7965444261736512
n100_i1005011_H_a2202_LEGACY,n100_i1005011_H_a2202,100,1005011,H,2202,LEGACY,0.9,0.06687426008284092,0.8260383625053516
n100_i1005011_H_a2202_LEGACY,n100_i1005011_H_a2202,100,1005011,H,2202,LEGACY,1.0,0.283245749771595,0.8500320632057674
n100_i1005011_T_a2202_G,n100_i1005011_T_a2202,100,1005011,T,2202,G,0.1,0.3620081814005971,0.3314882570897379
n100_i1005011_T_a2202_G,n100_i1005011_T_a2202,100,1005011,T,2202,G,0.25,0.025593160651624203,0.478210218353675
n100_i1005011_T_a2202_G,n100_i1005011_T_a2202,100,1005011,T,2202,G,0.5,0.10957493912428617,0.6468877982886594
n100_i1005011_T_a2202_G,n100_i1005011_T_a2202,100,1005011,T,2202,G,0.75,0.17041577585041523,0.7226498327824167
n100_i1005011_T_a2202_G,n100_i1005011_T_a2202,100,1005011,T,2202,G,0.9,0.036010061390697956,0.7525274894154257
n100_i1005011_T_a2202_G,n100_i1005011_T_a2202,100,1005011,T,2202,G,1.0,1.1206308044493198,0.7609809541564825
n100_i1005011_T_a2202_W,n100_i1005011_T_a2202,100,1005011,T,2202,W,0.1,0.6449041720479727,0.28226149376258564
n100_i1005011_T_a2202_W,n100_i1005011_T_a2202,100,1005011,T,2202,W,0.25,0.00804372038692236,0.46521385114668257
n100_i1005011_T_a2202_W,n100_i1005011_T_a2202,100,1005011,T,2202,W,0.5,0.39455782249569893,0.6111374903765429
n100_i1005011_T_a2202_W,n100_i1005011_T_a2202,100,1005011,T,2202,W,0.75,0.5942913517355919,0.6479175256022573
n100_i1005011_T_a2202_W,n100_i1005011_T_a2202,100,1005011,T,2202,W,0.9,0.043863384053111076,0.668452463765937
n100_i1005011_T_a2202_W,n100_i1005011_T_a2202,100,1005011,T,2202,W,1.0,0.6048851860687137,0.6749231673871416
n100_i1005011_T_a2202_GW,n100_i1005011_T_a2202,100,1005011,T,2202,GW,0.1,0.31109336391091347,0.2737637929362725
n100_i1005011_T_a2202_GW,n100_i1005011_T_a2202,100,1005011,T,2202,GW,0.25,0.13161623384803534,0.40771503088634037
n100_i1005011_T_a2202_GW,n100_i1005011_T_a2202,100,1005011,T,2202,GW,0.5,0.13480211980640888,0.5724790013781147
n100_i1005011_T_a2202_GW,n100_i1005011_T_a2202,100,1005011,T,2202,GW,0.75,0.0368676632642746,0.6607726491613033
n100_i1005011_T_a2202_GW,n100_i1005011_T_a2202,100,1005011,T,2202,GW,0.9,0.00031339656561613083,0.6821268789508067
n100_i1005011_T_a2202_GW,n100_i1005011_T_a2202,100,1005011,T,2202,GW,1.0,0.11512843053787947,0.6923002817477919
n100_i1005011_T_a2202_LEGACY,n100_i1005011_T_a2202,100,1005011,T,2202,LEGACY,0.1,0.9995345044881105,0.31757781186519823
n100_i1005011_T_a2202_LEGACY,n100_i1005011_T_a2202,100,1005011,T,2202,LEGACY,0.25,1.8501711636781693,0.5583807637081446
n100_i1005011_T_a2202_LEGACY,n100_i1005011_T_a2202,100,1005011,T,2202,LEGACY,0.5,0.07721061073243618,0.6886980364838028
n100_i1005011_T_a2202_LEGACY,n100_i1005011_T_a2202,100,1005011,T,2202,LEGACY,0.75,0.5045474739745259,0.7582748409035478
n100_i1005011_T_a2202_LEGACY,n100_i1005011_T_a2202,100,1005011,T,2202,LEGACY,0.9,0.4784397417679429,0.7800821959475629
n100_i1005011_T_a2202_LEGACY,n100_i1005011_T_a2202,100,1005011,T,2202,LEGACY,1.0,1.7080529173836112,0.7842611780581688
n100_i1005011_T_a2202_REFERENCE,n100_i1005011_T_a2202,100,1005011,T,2202,REFERENCE,0.1,0.6392444893717766,0.3332231313844549
n100_i1005011_T_a2202_REFERENCE,n100_i1005011_T_a2202,100,1005011,T,2202,REFERENCE,0.25,0.5777657441794872,0.5101025266105401
n100_i1005011_T_a2202_REFERENCE,n100_i1005011_T_a2202,100,1005011,T,2202,REFERENCE,0.5,1.5767707647755742,0.6429245624546961
n100_i1005011_T_a2202_REFERENCE,n100_i1005011_T_a2202,100,1005011,T,2202,REFERENCE,0.75,0.013298094272613525,0.6816306943613215
n100_i1005011_T_a2202_REFERENCE,n100_i1005011_T_a2202,100,1005011,T,2202,REFERENCE,0.9,0.02338205836713314,0.7037325153202737
n100_i1005011_T_a2202_REFERENCE,n100_i1005011_T_a2202,100,1005011,T,2202,REFERENCE,1.0,2.707198175601661,0.7201604329016776
n100_i1005011_T_a1101_LEGACY,n100_i1005011_T_a1101,100,1005011,T,1101,LEGACY,0.1,0.21266751177608967,0.35846890904048506
n100_i1005011_T_a1101_LEGACY,n100_i1005011_T_a1101,100,1005011,T,1101,LEGACY,0.25,0.7597223958000541,0.5015655540519526
n100_i1005011_T_a1101_LEGACY,n100_i1005011_T_a1101,100,1005011,T,1101,LEGACY,0.5,0.003967457450926304,0.6156266896105296
n100_i1005011_T_a1101_LEGACY,n100_i1005011_T_a1101,100,1005011,T,1101,LEGACY,0.75,0.018951869569718838,0.6618232120098525
n100_i1005011_T_a1101_LEGACY,n100_i1005011_T_a1101,100,1005011,T,1101,LEGACY,0.9,0.09527810011059046,0.681516319335563
n100_i1005011_T_a1101_LEGACY,n100_i1005011_T_a1101,100,1005011,T,1101,LEGACY,1.0,0.5994110554456711,0.6926277642969582
n100_i1005011_T_a1101_REFERENCE,n100_i1005011_T_a1101,100,1005011,T,1101,REFERENCE,0.1,0.003242095001041889,0.35681596085254624
n100_i1005011_T_a1101_REFERENCE,n100_i1005011_T_a1101,100,1005011,T,1101,REFERENCE,0.25,0.05294349975883961,0.5044788898811249
n100_i1005011_T_a1101_REFERENCE,n100_i1005011_T_a1101,100,1005011,T,1101,REFERENCE,0.5,0.01610704604536295,0.5863017038392835
n100_i1005011_T_a1101_REFERENCE,n100_i1005011_T_a1101,100,1005011,T,1101,REFERENCE,0.75,0.04308489151299,0.6167938891784231
n100_i1005011_T_a1101_REFERENCE,n100_i1005011_T_a1101,100,1005011,T,1101,REFERENCE,0.9,1.8934234827756882,0.631088410443272
n100_i1005011_T_a1101_REFERENCE,n100_i1005011_T_a1101,100,1005011,T,1101,REFERENCE,1.0,1.9312474448233843,0.6360318550832496
n100_i1005011_T_a1101_G,n100_i1005011_T_a1101,100,1005011,T,1101,G,0.1,1.3763559823855758,0.3234749058566559
n100_i1005011_T_a1101_G,n100_i1005011_T_a1101,100,1005011,T,1101,G,0.25,0.000990874134004116,0.42614624591947214
n100_i1005011_T_a1101_G,n100_i1005011_T_a1101,100,1005011,T,1101,G,0.5,0.02948427014052868,0.5548191915283124
n100_i1005011_T_a1101_G,n100_i1005011_T_a1101,100,1005011,T,1101,G,0.75,0.0882414560765028,0.6150495345837708
n100_i1005011_T_a1101_G,n100_i1005011_T_a1101,100,1005011,T,1101,G,0.9,1.1005327561870217,0.632819304885357
n100_i1005011_T_a1101_G,n100_i1005011_T_a1101,100,1005011,T,1101,G,1.0,0.7976352786645293,0.6421629758355255
n100_i1005011_T_a1101_W,n100_i1005011_T_a1101,100,1005011,T,1101,W,0.1,0.0008949767798185349,0.33699411582342376
n100_i1005011_T_a1101_W,n100_i1005011_T_a1101,100,1005011,T,1101,W,0.25,0.41777943447232246,0.5422597631146014
n100_i1005011_T_a1101_W,n100_i1005011_T_a1101,100,1005011,T,1101,W,0.5,0.024150933139026165,0.6554364632835975
n100_i1005011_T_a1101_W,n100_i1005011_T_a1101,100,1005011,T,1101,W,0.75,0.4712464027106762,0.695470464551039
n100_i1005011_T_a1101_W,n100_i1005011_T_a1101,100,1005011,T,1101,W,0.9,0.00447301659733057,0.7122672442543777
n100_i1005011_T_a1101_W,n100_i1005011_T_a1101,100,1005011,T,1101,W,1.0,1.1792954290285707,0.7296205881795709
n100_i1005011_T_a1101_GW,n100_i1005011_T_a1101,100,1005011,T,1101,GW,0.1,2.9906831765547395,0.37390698459287514
n100_i1005011_T_a1101_GW,n100_i1005011_T_a1101,100,1005011,T,1101,GW,0.25,0.40349726285785437,0.5290613102708525
n100_i1005011_T_a1101_GW,n100_i1005011_T_a1101,100,1005011,T,1101,GW,0.5,0.012171405367553234,0.6102338806800993
n100_i1005011_T_a1101_GW,n100_i1005011_T_a1101,100,1005011,T,1101,GW,0.75,1.1844431888312101,0.6440124441110048
n100_i1005011_T_a1101_GW,n100_i1005011_T_a1101,100,1005011,T,1101,GW,0.9,0.048343381844460964,0.6683251831496166
n100_i1005011_T_a1101_GW,n100_i1005011_T_a1101,100,1005011,T,1101,GW,1.0,0.955166956409812,0.6938730137506135
n100_i1005012_H_a1101_GW,n100_i1005012_H_a1101,100,1005012,H,1101,GW,0.1,0.23485831823199987,0.5794986095599146
n100_i1005012_H_a1101_GW,n100_i1005012_H_a1101,100,1005012,H,1101,GW,0.25,0.30608965549618006,0.710092578819891
n100_i1005012_H_a1101_GW,n100_i1005012_H_a1101,100,1005012,H,1101,GW,0.5,0.0010163811966776848,0.7931676826405464
n100_i1005012_H_a1101_GW,n100_i1005012_H_a1101,100,1005012,H,1101,GW,0.75,1.7962189931422472,0.8273821162153441
n100_i1005012_H_a1101_GW,n100_i1005012_H_a1101,100,1005012,H,1101,GW,0.9,0.08660790789872408,0.8992823706824306
n100_i1005012_H_a1101_GW,n100_i1005012_H_a1101,100,1005012,H,1101,GW,1.0,1.2945954147726297,0.9185107921372598
n100_i1005012_H_a1101_LEGACY,n100_i1005012_H_a1101,100,1005012,H,1101,LEGACY,0.1,0.4815966244786978,0.5918198165112091
n100_i1005012_H_a1101_LEGACY,n100_i1005012_H_a1101,100,1005012,H,1101,LEGACY,0.25,0.2150614531710744,0.7278308840641022
n100_i1005012_H_a1101_LEGACY,n100_i1005012_H_a1101,100,1005012,H,1101,LEGACY,0.5,0.009742812253534794,0.8327144339029386
n100_i1005012_H_a1101_LEGACY,n100_i1005012_H_a1101,100,1005012,H,1101,LEGACY,0.75,0.4548363499343395,0.8467436576503475
n100_i1005012_H_a1101_LEGACY,n100_i1005012_H_a1101,100,1005012,H,1101,LEGACY,0.9,0.2753051556646824,0.8538749881048746
n100_i1005012_H_a1101_LEGACY,n100_i1005012_H_a1101,100,1005012,H,1101,LEGACY,1.0,1.062365422025323,0.8579100204799606
n100_i1005012_H_a1101_REFERENCE,n100_i1005012_H_a1101,100,1005012,H,1101,REFERENCE,0.1,0.05151466839015484,0.5362951574074578
n100_i1005012_H_a1101_REFERENCE,n100_i1005012_H_a1101,100,1005012,H,1101,REFERENCE,0.25,0.042204671539366245,0.6059497696906824
n100_i1005012_H_a1101_REFERENCE,n100_i1005012_H_a1101,100,1005012,H,1101,REFERENCE,0.5,0.6656085550785065,0.7278270422371794
n100_i1005012_H_a1101_REFERENCE,n100_i1005012_H_a1101,100,1005012,H,1101,REFERENCE,0.75,0.09972397517412901,0.7695380087356485
n100_i1005012_H_a1101_REFERENCE,n100_i1005012_H_a1101,100,1005012,H,1101,REFERENCE,0.9,0.10283572413027287,0.7766454339059576
n100_i1005012_H_a1101_REFERENCE,n100_i1005012_H_a1101,100,1005012,H,1101,REFERENCE,1.0,1.219110575504601,0.7820665271234459
n100_i1005012_H_a1101_G,n100_i1005012_H_a1101,100,1005012,H,1101,G,0.1,0.12290752772241831,0.590085448018663
n100_i1005012_H_a1101_G,n100_i1005012_H_a1101,100,1005012,H,1101,G,0.25,0.24231001175940037,0.7408538157659342
n100_i1005012_H_a1101_G,n100_i1005012_H_a1101,100,1005012,H,1101,G,0.5,0.34809273574501276,0.8299481720358693
n100_i1005012_H_a1101_G,n100_i1005012_H_a1101,100,1005012,H,1101,G,0.75,0.07277049217373133,0.8523705091717487
n100_i1005012_H_a1101_G,n100_i1005012_H_a1101,100,1005012,H,1101,G,0.9,0.0981285348534584,0.8575166335528249
n100_i1005012_H_a1101_G,n100_i1005012_H_a1101,100,1005012,H,1101,G,1.0,1.1963280756026506,0.8649948656372562
n100_i1005012_H_a1101_W,n100_i1005012_H_a1101,100,1005012,H,1101,W,0.1,0.6356675261631608,0.5888634719433208
n100_i1005012_H_a1101_W,n100_i1005012_H_a1101,100,1005012,H,1101,W,0.25,0.526776036247611,0.7068504573306595
n100_i1005012_H_a1101_W,n100_i1005012_H_a1101,100,1005012,H,1101,W,0.5,0.10943917743861675,0.8040538279465432
n100_i1005012_H_a1101_W,n100_i1005012_H_a1101,100,1005012,H,1101,W,0.75,1.696941708214581,0.8584736670076282
n100_i1005012_H_a1101_W,n100_i1005012_H_a1101,100,1005012,H,1101,W,0.9,1.6004710448905826,0.8657989253500651
n100_i1005012_H_a1101_W,n100_i1005012_H_a1101,100,1005012,H,1101,W,1.0,0.796352750621736,0.8707867711241358
n100_i1005012_H_a2202_REFERENCE,n100_i1005012_H_a2202,100,1005012,H,2202,REFERENCE,0.1,0.3339882204309106,0.5594839438972727
n100_i1005012_H_a2202_REFERENCE,n100_i1005012_H_a2202,100,1005012,H,2202,REFERENCE,0.25,0.052455912344157696,0.7066116894727128
n100_i1005012_H_a2202_REFERENCE,n100_i1005012_H_a2202,100,1005012,H,2202,REFERENCE,0.5,0.8731572795659304,0.7668334516261182
n100_i1005012_H_a2202_REFERENCE,n100_i1005012_H_a2202,100,1005012,H,2202,REFERENCE,0.75,0.13489928469061852,0.792575201987435
n100_i1005012_H_a2202_REFERENCE,n100_i1005012_H_a2202,100,1005012,H,2202,REFERENCE,0.9,0.6060606557875872,0.7984225345982444
n100_i1005012_H_a2202_REFERENCE,n100_i1005012_H_a2202,100,1005012,H,2202,REFERENCE,1.0,0.42472045961767435,0.8035424832716803
n100_i1005012_H_a2202_G,n100_i1005012_H_a2202,100,1005012,H,2202,G,0.1,0.004092906601727009,0.5560293742199264
n100_i1005012_H_a2202_G,n100_i1005012_H_a2202,100,1005012,H,2202,G,0.25,0.060780005529522896,0.6845490976833615
n100_i1005012_H_a2202_G,n100_i1005012_H_a2202,100,1005012,H,2202,G,0.5,0.0816700179129839,0.7359177667694363
n100_i1005012_H_a2202_G,n100_i1005012_H_a2202,100,1005012,H,2202,G,0.75,0.004927968606352806,0.776560504403198
n100_i1005012_H_a2202_G,n100_i1005012_H_a2202,100,1005012,H,2202,G,0.9,0.4079750617966056,0.7890590603841856
n100_i1005012_H_a2202_G,n100_i1005012_H_a2202,100,1005012,H,2202,G,1.0,0.2644334267824888,0.7940683713305756
n100_i1005012_H_a2202_W,n100_i1005012_H_a2202,100,1005012,H,2202,W,0.1,0.4378957645967603,0.5114234209737745
n100_i1005012_H_a2202_W,n100_i1005012_H_a2202,100,1005012,H,2202,W,0.25,0.011797893792390823,0.64948084492996
n100_i1005012_H_a2202_W,n100_i1005012_H_a2202,100,1005012,H,2202,W,0.5,0.25426317751407623,0.7284443707015942
n100_i1005012_H_a2202_W,n100_i1005012_H_a2202,100,1005012,H,2202,W,0.75,0.5112276962026954,0.7439260081061424
n100_i1005012_H_a2202_W,n100_i1005012_H_a2202,100,1005012,H,2202,W,0.9,0.014776334166526794,0.7560381048810779
n100_i1005012_H_a2202_W,n100_i1005012_H_a2202,100,1005012,H,2202,W,1.0,0.08585088513791561,0.7653330558219708
n100_i1005012_H_a2202_GW,n100_i1005012_H_a2202,100,1005012,H,2202,GW,0.1,0.0077126165851950645,0.5705590235667214
n100_i1005012_H_a2202_GW,n100_i1005012_H_a2202,100,1005012,H,2202,GW,0.25,0.33555703703314066,0.7518220229864363
n100_i1005012_H_a2202_GW,n100_i1005012_H_a2202,100,1005012,H,2202,GW,0.5,0.45592034701257944,0.8781822810210764
n100_i1005012_H_a2202_GW,n100_i1005012_H_a2202,100,1005012,H,2202,GW,0.75,0.3376258406788111,0.9288253229075382
n100_i1005012_H_a2202_GW,n100_i1005012_H_a2202,100,1005012,H,2202,GW,0.9,0.21735058724880219,0.9570863192209352
n100_i1005012_H_a2202_GW,n100_i1005012_H_a2202,100,1005012,H,2202,GW,1.0,0.4900091839954257,0.969414950043099
n100_i1005012_H_a2202_LEGACY,n100_i1005012_H_a2202,100,1005012,H,2202,LEGACY,0.1,0.0015251915901899338,0.46542675489032426
n100_i1005012_H_a2202_LEGACY,n100_i1005012_H_a2202,100,1005012,H,2202,LEGACY,0.25,0.911026356741786,0.5995894227165989
n100_i1005012_H_a2202_LEGACY,n100_i1005012_H_a2202,100,1005012,H,2202,LEGACY,0.5,0.9361494053155184,0.6458440328734671
n100_i1005012_H_a2202_LEGACY,n100_i1005012_H_a2202,100,1005012,H,2202,LEGACY,0.75,0.5576366269961,0.657328814450087
n100_i1005012_H_a2202_LEGACY,n100_i1005012_H_a2202,100,1005012,H,2202,LEGACY,0.9,1.0207200860604644,0.6621167711884505
n100_i1005012_H_a2202_LEGACY,n100_i1005012_H_a2202,100,1005012,H,2202,LEGACY,1.0,1.3245384152978659,0.6678160035607276
n100_i1005012_T_a2202_G,n100_i1005012_T_a2202,100,1005012,T,2202,G,0.1,0.9534082747995853,0.505488814849097
n100_i1005012_T_a2202_G,n100_i1005012_T_a2202,100,1005012,T,2202,G,0.25,0.0007083229720592499,0.7448828444888006
n100_i1005012_T_a2202_G,n100_i1005012_T_a2202,100,1005012,T,2202,G,0.5,0.8326987838372588,0.8942647225045887
n100_i1005012_T_a2202_G,n100_i1005012_T_a2202,100,1005012,T,2202,G,0.75,0.37765966821461916,0.9250991280787418
n100_i1005012_T_a2202_G,n100_i1005012_T_a2202,100,1005012,T,2202,G,0.9,0.21868956927210093,0.9386653526758962
n100_i1005012_T_a2202_G,n100_i1005012_T_a2202,100,1005012,T,2202,G,1.0,0.9500165488570929,0.9431547015635388
n100_i1005012_T_a2202_W,n100_i1005012_T_a2202,100,1005012,T,2202,W,0.1,0.032522862777113914,0.5267882550475302
n100_i1005012_T_a2202_W,n100_i1005012_T_a2202,100,1005012,T,2202,W,0.25,0.05577586032450199,0.6757587423668839
n100_i1005012_T_a2202_W,n100_i1005012_T_a2202,100,1005012,T,2202,W,0.5,0.009246046654880047,0.7612405917936093
n100_i1005012_T_a2202_W,n100_i1005012_T_a2202,100,1005012,T,2202,W,0.75,0.798721220344305,0.779720475606843
n100_i1005012_T_a2202_W,n100_i1005012_T_a2202,100,1005012,T,2202,W,0.9,0.18287868704646826,0.7908615286742849
n100_i1005012_T_a2202_W,n100_i1005012_T_a2202,100,1005012,T,2202,W,1.0,1.448274277150631,0.7987441526492925
n100_i1005012_T_a2202_GW,n100_i1005012_T_a2202,100,1005012,T,2202,GW,0.1,0.0018139416351914406,0.5153082711268122
n100_i1005012_T_a2202_GW,n100_i1005012_T_a2202,100,1005012,T,2202,GW,0.25,0.23575901985168457,0.6491256023203326
n100_i1005012_T_a2202_GW,n100_i1005012_T_a2202,100,1005012,T,2202,GW,0.5,0.006988414563238621,0.7211091906603412
n100_i1005012_T_a2202_GW,n100_i1005012_T_a2202,100,1005012,T,2202,GW,0.75,0.0038891471922397614,0.7928389805111381
n100_i1005012_T_a2202_GW,n100_i1005012_T_a2202,100,1005012,T,2202,GW,0.9,0.2215163679793477,0.8000455820527612
n100_i1005012_T_a2202_GW,n100_i1005012_T_a2202,100,1005012,T,2202,GW,1.0,0.027985756285488605,0.805285107019757
n100_i1005012_T_a2202_LEGACY,n100_i1005012_T_a2202,100,1005012,T,2202,LEGACY,0.1,0.3842746699228883,0.5620859421427755
n100_i1005012_T_a2202_LEGACY,n100_i1005012_T_a2202,100,1005012,T,2202,LEGACY,0.25,0.2794511839747429,0.650184821221088
n100_i1005012_T_a2202_LEGACY,n100_i1005012_T_a2202,100,1005012,T,2202,LEGACY,0.5,0.19943188596516848,0.7005806284708654
n100_i1005012_T_a2202_LEGACY,n100_i1005012_T_a2202,100,1005012,T,2202,LEGACY,0.75,0.0070639727637171745,0.723968798627382
n100_i1005012_T_a2202_LEGACY,n100_i1005012_T_a2202,100,1005012,T,2202,LEGACY,0.9,0.13499082904309034,0.7395914060314199
n100_i1005012_T_a2202_LEGACY,n100_i1005012_T_a2202,100,1005012,T,2202,LEGACY,1.0,1.4235965050756931,0.7411681057259883
n100_i1005012_T_a2202_REFERENCE,n100_i1005012_T_a2202,100,1005012,T,2202,REFERENCE,0.1,0.7840991094708443,0.5082940729852632
n100_i1005012_T_a2202_REFERENCE,n100_i1005012_T_a2202,100,1005012,T,2202,REFERENCE,0.25,1.553284201771021,0.7507886896760951
n100_i1005012_T_a2202_REFERENCE,n100_i1005012_T_a2202,100,1005012,T,2202,REFERENCE,0.5,1.2357635674998164,0.8847138109488885
n100_i1005012_T_a2202_REFERENCE,n100_i1005012_T_a2202,100,1005012,T,2202,REFERENCE,0.75,0.5446515940129757,0.9195221860299282
n100_i1005012_T_a2202_REFERENCE,n100_i1005012_T_a2202,100,1005012,T,2202,REFERENCE,0.9,0.30726937111467123,0.9381808447443377
n100_i1005012_T_a2202_REFERENCE,n100_i1005012_T_a2202,100,1005012,T,2202,REFERENCE,1.0,1.1105115208774805,0.9590960800799049
n100_i1005012_T_a1101_LEGACY,n100_i1005012_T_a1101,100,1005012,T,1101,LEGACY,0.1,0.13281568605452776,0.5801613989329487
n100_i1005012_T_a1101_LEGACY,n100_i1005012_T_a1101,100,1005012,T,1101,LEGACY,0.25,0.5959944427013397,0.7669889177706845
n100_i1005012_T_a1101_LEGACY,n100_i1005012_T_a1101,100,1005012,T,1101,LEGACY,0.5,0.3794147605076432,0.8231294413113605
n100_i1005012_T_a1101_LEGACY,n100_i1005012_T_a1101,100,1005012,T,1101,LEGACY,0.75,0.049266903661191463,0.8789215837667269
n100_i1005012_T_a1101_LEGACY,n100_i1005012_T_a1101,100,1005012,T,1101,LEGACY,0.9,0.012194836512207985,0.88779037240263
n100_i1005012_T_a1101_LEGACY,n100_i1005012_T_a1101,100,1005012,T,1101,LEGACY,1.0,0.13110012467950583,0.8942478026472006
n100_i1005012_T_a1101_REFERENCE,n100_i1005012_T_a1101,100,1005012,T,1101,REFERENCE,0.1,0.08190643135458231,0.5088735351483175
n100_i1005012_T_a1101_REFERENCE,n100_i1005012_T_a1101,100,1005012,T,1101,REFERENCE,0.25,0.25423670280724764,0.6763566298327277
n100_i1005012_T_a1101_REFERENCE,n100_i1005012_T_a1101,100,1005012,T,1101,REFERENCE,0.5,0.4601260181516409,0.7111558242574717
n100_i1005012_T_a1101_REFERENCE,n100_i1005012_T_a1101,100,1005012,T,1101,REFERENCE,0.75,0.4219269547611475,0.7238951928255052
n100_i1005012_T_a1101_REFERENCE,n100_i1005012_T_a1101,100,1005012,T,1101,REFERENCE,0.9,0.7748248735442758,0.7284401536486201
n100_i1005012_T_a1101_REFERENCE,n100_i1005012_T_a1101,100,1005012,T,1101,REFERENCE,1.0,1.0435812249779701,0.7347041027661764
n100_i1005012_T_a1101_G,n100_i1005012_T_a1101,100,1005012,T,1101,G,0.1,0.5927313435822725,0.471063908324694
n100_i1005012_T_a1101_G,n100_i1005012_T_a1101,100,1005012,T,1101,G,0.25,0.013914375565946102,0.6826437019821228
n100_i1005012_T_a1101_G,n100_i1005012_T_a1101,100,1005012,T,1101,G,0.5,0.04286755993962288,0.780313177195805
n100_i1005012_T_a1101_G,n100_i1005012_T_a1101,100,1005012,T,1101,G,0.75,1.4822603007778525,0.8280520705711418
n100_i1005012_T_a1101_G,n100_i1005012_T_a1101,100,1005012,T,1101,G,0.9,0.3392630349844694,0.8343828321609996
n100_i1005012_T_a1101_G,n100_i1005012_T_a1101,100,1005012,T,1101,G,1.0,0.8516837591305375,0.8364731668487896
n100_i1005012_T_a1101_W,n100_i1005012_T_a1101,100,1005012,T,1101,W,0.1,0.026207630522549152,0.5494770058691418
n100_i1005012_T_a1101_W,n100_i1005012_T_a1101,100,1005012,T,1101,W,0.25,0.11576666869223118,0.8166934421286002
n100_i1005012_T_a1101_W,n100_i1005012_T_a1101,100,1005012,T,1101,W,0.5,0.32290826085954905,0.9535716606851466
n100_i1005012_T_a1101_W,n100_i1005012_T_a1101,100,1005012,T,1101,W,0.75,0.02014833316206932,0.9931314774669795
n100_i1005012_T_a1101_W,n100_i1005012_T_a1101,100,1005012,T,1101,W,0.9,0.13499158062040806,0.9959547245995917
n100_i1005012_T_a1101_W,n100_i1005012_T_a1101,100,1005012,T,1101,W,1.0,1.3182178977876902,1.011347341063365
n100_i1005012_T_a1101_GW,n100_i1005012_T_a1101,100,1005012,T,1101,GW,0.1,0.27057325933128595,0.5590206772111646
n100_i1005012_T_a1101_GW,n100_i1005012_T_a1101,100,1005012,T,1101,GW,0.25,0.0683030467480421,0.775397377554641
n100_i1005012_T_a1101_GW,n100_i1005012_T_a1101,100,1005012,T,1101,GW,0.5,2.3143327739089727,0.8858989307266786
n100_i1005012_T_a1101_GW,n100_i1005012_T_a1101,100,1005012,T,1101,GW,0.75,0.23617921397089958,0.9250530814215147
n100_i1005012_T_a1101_GW,n100_i1005012_T_a1101,100,1005012,T,1101,GW,0.9,0.15551630966365337,0.9348131585108757
n100_i1005012_T_a1101_GW,n100_i1005012_T_a1101,100,1005012,T,1101,GW,1.0,0.5777745647355914,0.9386266236280234
