key,block,jobs,base_seed,tariff,algorithm_seed,arm,node,order,hv,igd_plus,igd,min_flow,min_bill,exact_rate,offspring_rate,elapsed,overshoot,export,rss,archive_size,trigger_rate,a8_calls,a8_attempts,a8_proposals,a8_exact,a8_construction_seconds,a8_cost_share,a8_cost_per_call,a8_proposals_per_call,a8_archive_final,a8_accepted
n50_i995001_H_a1101_LEGACY,n50_i995001_H_a1101,50,995001,H,1101,LEGACY,0,0,0.9217911673637549,0.08078731062721814,0.09348163715343756,29640.0,2654.655,117.14474131858182,9.999622246729468,1200.045332104899,0.0453321048989892,1.216153496876359,0.05483245849609375,386,0.3006666666666667,1931.0,23031,5494,5494,30.868353330530226,0.025722656056989642,0.015985682719073135,2.845157949249094,29,248.0
n50_i995001_H_a1101_REFERENCE,n50_i995001_H_a1101,50,995001,H,1101,REFERENCE,0,1,1.082464458668968,0.01192250247619718,0.013816675366119068,29640.0,2480.4300000000003,85.28119060703654,8.577353871680373,1200.370202049613,0.37020204961299896,1.4136166824027896,0.06472015380859375,450,0.24135586635586637,945.0,11141,2855,2855,20.412275954149663,0.017004983895215015,0.02160029201497319,3.0211640211640214,7,91.0
n50_i995001_H_a1101_G,n50_i995001_H_a1101,50,995001,H,1101,G,0,2,1.058048053525457,0.030317664543555573,0.04176151907620605,29640.0,2491.8225,81.75072881124854,7.6926961683988875,1200.0993927102536,0.0993927102535963,2.8393076322972775,0.06472015380859375,1019,0.27415511265164644,810.0,9549,2216,2216,16.44807695504278,0.013705595598958798,0.020306267845731828,2.7358024691358023,15,73.0
n50_i995001_H_a1101_W,n50_i995001_H_a1101,50,995001,H,1101,W,0,3,0.9753299133619547,0.10962684665911339,0.11320168453175894,29640.0,2510.8575,97.09205854142533,10.02355094357919,1200.2732432568446,0.2732432568445802,1.0590125815942883,0.06472015380859375,347,0.21951624968830522,1572.0,16908,6889,6889,38.54275741521269,0.032111652602227495,0.024518293521127665,4.382315521628499,11,206.0
n50_i995001_H_a1101_GW,n50_i995001_H_a1101,50,995001,H,1101,GW,0,4,0.9556593610766871,0.11852030900648852,0.12082649760007713,29640.0,2533.4625,94.63377961523311,9.833293115239833,1200.0049079908058,0.0049079908058047295,0.8020099196583033,0.06472015380859375,204,0.22805084745762713,1278.0,13620,5554,5554,31.10199826117605,0.02591822587896811,0.024336461863205046,4.34585289514867,16,163.0
n50_i995001_H_a2202_G,n50_i995001_H_a2202,50,995001,H,2202,G,0,0,1.0095768373240688,0.04396315193496782,0.05343049953755765,29700.0,2563.8450000000003,128.3469875606006,10.383364854743274,1200.2852807687595,0.28528076875954866,0.7156609836965799,0.05483245849609375,256,0.29053999839524997,761.0,9035,1443,1443,11.592590804211795,0.009658196255466005,0.015233365051526669,1.8961892247043364,4,67.0
n50_i995001_H_a2202_W,n50_i995001_H_a2202,50,995001,H,2202,W,0,1,0.9405700782164392,0.07754442778918794,0.08022963471640315,29670.0,2623.365,102.51665289427373,9.361052960989323,1200.1854969542474,0.18549695424735546,0.6113454969599843,0.06472015380859375,205,0.26764574988874057,1086.0,12287,4149,4149,27.250408637337387,0.02270516408212872,0.025092457308782123,3.820441988950276,11,117.0
n50_i995001_H_a2202_GW,n50_i995001_H_a2202,50,995001,H,2202,GW,0,2,0.9242801007503837,0.10373008143470035,0.10616445462279629,29640.0,2589.795,90.56952473342518,8.73565630110795,1200.1387919383124,0.1387919383123517,1.3767759893089533,0.06472015380859375,591,0.2587752766119802,911.0,10482,2602,2602,22.8848089100793,0.019068468633630827,0.02512053667407168,2.8562019758507136,31,85.0
n50_i995001_H_a2202_LEGACY,n50_i995001_H_a2202,50,995001,H,2202,LEGACY,0,3,0.9389013860611968,0.10440459318559181,0.10501480788812007,29700.0,2568.09,87.35737002626621,7.367177912560416,1200.4596746498719,0.4596746498718858,1.7279903329908848,0.06472015380859375,802,0.27261420171867934,830.0,9783,1926,1926,17.008440908044577,0.014168273426598264,0.02049209747957178,2.3204819277108433,18,98.0
n50_i995001_H_a2202_REFERENCE,n50_i995001_H_a2202,50,995001,H,2202,REFERENCE,0,4,0.9807094642567353,0.06565550545016532,0.06814467792628878,29640.0,2583.69,92.28263088626528,7.1376298836491845,1200.2583686253056,0.258368625305593,1.9306643269956112,0.06472015380859375,914,0.3134119294969067,670.0,7900,1450,1450,14.507447952404618,0.012086937555803475,0.021652907391648685,2.1641791044776117,17,68.0
n50_i995001_T_a1101_REFERENCE,n50_i995001_T_a1101,50,995001,T,1101,REFERENCE,0,0,0.9758584820029529,0.02588820066500272,0.02986777001196042,29640.0,2456.814,114.83290997894917,10.634698080691509,1200.222131663002,0.22213166300207376,0.8360605016350746,0.05483245849609375,216,0.28415857098088376,1146.0,13487,3272,3272,17.334595161490142,0.01444282246109868,0.015126173788385813,2.8551483420593367,10,102.0
n50_i995001_T_a1101_G,n50_i995001_T_a1101,50,995001,T,1101,G,0,1,0.8394763506837774,0.10941754067033382,0.11527239716412963,29640.0,2609.094,95.3074332064741,11.20915881104393,1200.0008409861475,0.0008409861475229263,1.1699681160971522,0.06472015380859375,350,0.21827373429484798,763.0,9016,1927,1927,14.845114069059491,0.012370919721072812,0.019456243865084523,2.5255570117955437,7,57.0
n50_i995001_T_a1101_W,n50_i995001_T_a1101,50,995001,T,1101,W,0,2,0.6853952668255886,0.21465403668271507,0.21766405013787882,29640.0,2725.395,87.88717119637354,7.910228590608716,1200.4709966629744,0.4709966629743576,1.758242592215538,0.06472015380859375,797,0.3053917438921651,1042.0,11071,4502,4502,22.511353326961398,0.01875210095832189,0.02160398591838906,4.320537428023033,12,53.0
n50_i995001_T_a1101_GW,n50_i995001_T_a1101,50,995001,T,1101,GW,0,3,0.7202702061831667,0.18068642524190368,0.18474879049590434,29640.0,2677.257,86.24793942216475,7.632288216593909,1200.295342631638,0.2953426316380501,0.7009094189852476,0.06472015380859375,247,0.2916712149328676,1215.0,13550,5161,5161,28.898293241858482,0.024075985480789423,0.02378460349124155,4.247736625514404,21,124.0
n50_i995001_T_a1101_LEGACY,n50_i995001_T_a1101,50,995001,T,1101,LEGACY,0,4,0.778944226916199,0.15459845477078804,0.15508557443774282,29640.0,2604.1620000000003,89.1950471013037,7.523517707340953,1200.3693420151249,0.3693420151248574,0.775687257759273,0.06472015380859375,194,0.3049496179825047,915.0,10680,3034,3034,19.05109605845064,0.015871028517329955,0.020820870009235673,3.3158469945355193,27,97.0
n50_i995001_T_a2202_W,n50_i995001_T_a2202,50,995001,T,2202,W,0,0,0.871260581581922,0.09943979707765836,0.10061595818711826,29640.0,2534.6565,82.378579300431,7.534930929661823,1200.4091456755996,0.40914567559957504,2.0355180827900767,0.06472015380859375,882,0.27761194029850744,1652.0,18917,6138,6138,31.48459038604051,0.02622821602073078,0.019058468756683117,3.7154963680387407,33,180.0
n50_i995001_T_a2202_GW,n50_i995001_T_a2202,50,995001,T,2202,GW,0,1,0.9457421532284196,0.05089508002940357,0.06614106725920532,29640.0,2486.358,85.9744285617801,7.529147192644431,1200.135920948349,0.13592094834893942,1.0006285421550274,0.06472015380859375,341,0.28386454183266935,850.0,9903,2792,2792,18.407788025215268,0.015338086048344766,0.02165622120613561,3.284705882352941,23,98.0
n50_i995001_T_a2202_LEGACY,n50_i995001_T_a2202,50,995001,T,2202,LEGACY,0,2,1.0181398953115801,0.013979119623594874,0.01894944735188835,29640.0,2466.216,90.57080619186333,8.245602057743673,1200.15493480023,0.15493480022996664,1.46727857273072,0.06472015380859375,639,0.3072958771220695,851.0,10121,2036,2036,16.25152829103172,0.013541191907640526,0.019096978015313418,2.392479435957697,4,81.0
n50_i995001_T_a2202_REFERENCE,n50_i995001_T_a2202,50,995001,T,2202,REFERENCE,0,3,0.8752197336725106,0.08432755088699402,0.0878986994977519,29640.0,2515.8465,97.02586113386512,11.358397719636457,1200.2573194308206,0.2573194308206439,1.0856753084808588,0.06472015380859375,354,0.20208318051786106,1156.0,13582,3332,3332,23.7951616672799,0.01982505024719525,0.020584049885190223,2.8823529411764706,33,178.0
n50_i995001_T_a2202_G,n50_i995001_T_a2202,50,995001,T,2202,G,0,4,0.7733264987997558,0.1368803933585584,0.14759210543661663,29670.0,2597.0609999999997,76.16597615407835,6.144526912234165,1200.4178849495947,0.4178849495947361,1.2698946595191956,0.06472015380859375,555,0.3321583514099783,957.0,11247,2674,2674,19.248990229330957,0.01603524111950333,0.020113887386970696,2.794148380355277,15,119.0
n50_i995002_H_a1101_LEGACY,n50_i995002_H_a1101,50,995002,H,1101,LEGACY,1,0,0.26764928910786645,0.42873550922823384,0.45162127987644357,40080.0,3180.495,110.59808211033939,10.007108096179037,1200.2468529930338,0.24685299303382635,0.3034261865541339,0.07260513305664062,46,0.31712596786279246,615.0,7268,857,857,10.366150693036616,0.008636682251810728,0.01685552958217336,1.3934959349593496,0,38.0
n50_i995002_H_a1101_REFERENCE,n50_i995002_H_a1101,50,995002,H,1101,REFERENCE,1,1,0.5546771409804445,0.2136897889240921,0.21388666809926715,40080.0,2895.375,83.49196760615135,7.578515773272655,1200.3669679071754,0.3669679071754217,1.899234457872808,0.07260513305664062,625,0.31131142134769707,591.0,7031,1036,1036,12.419716909527779,0.010346600032806132,0.021014749423904872,1.7529610829103215,2,77.0
n50_i995002_H_a1101_G,n50_i995002_H_a1101,50,995002,H,1101,G,1,2,0.42393464728601854,0.2807649565801156,0.2822693098902623,40080.0,2982.2775,85.27944430701113,7.6114834902592765,1200.1602593883872,0.16025938838720322,0.9624618012458086,0.07260513305664062,368,0.3154898741105638,624.0,7440,1034,1034,12.542261007241905,0.010450488515286748,0.02009977725519536,1.6570512820512822,0,83.0
n50_i995002_H_a1101_W,n50_i995002_H_a1101,50,995002,H,1101,W,1,3,0.6368990083102033,0.14202282529769358,0.14870071742036006,40080.0,2889.15,86.609381067297,8.471542838971441,1200.1355825327337,0.13558253273367882,1.1852565500885248,0.07260513305664062,339,0.27481066194550996,622.0,7357,1101,1101,16.193953804671764,0.013493436941929914,0.02603529550590316,1.770096463022508,1,58.0
n50_i995002_H_a1101_GW,n50_i995002_H_a1101,50,995002,H,1101,GW,1,4,0.5681375448803314,0.2016615769678972,0.20177201710322173,40080.0,2927.43,88.04590702183795,8.99624845928225,1200.055784237571,0.05578423757106066,1.4494987707585096,0.07260513305664062,463,0.2468506854390515,614.0,7235,1252,1252,15.428863033652306,0.012856788189604612,0.02512844142288649,2.039087947882736,3,54.0
n50_i995002_H_a2202_G,n50_i995002_H_a2202,50,995002,H,2202,G,1,0,0.6184842029591873,0.17589376087309647,0.17589376087309647,40080.0,2811.36,115.52935144867634,10.566358484998238,1200.4135595066473,0.4135595066472888,0.8131737560033798,0.07260513305664062,260,0.28232418795332703,636.0,7485,1042,1042,9.068134563975036,0.007554175385774474,0.014258073213797226,1.6383647798742138,2,42.0
n50_i995002_H_a2202_W,n50_i995002_H_a2202,50,995002,H,2202,W,1,1,0.8704363241529103,0.01775673063468375,0.01951144113468578,40080.0,2694.66,93.22886736076272,8.625221754486326,1200.4329041875899,0.4329041875898838,0.9725925950333476,0.07260513305664062,274,0.2855901101023759,737.0,8339,1970,1970,17.10547067504376,0.014249418368467777,0.02320959386030361,2.672998643147897,2,84.0
n50_i995002_H_a2202_GW,n50_i995002_H_a2202,50,995002,H,2202,GW,1,2,0.733110890549844,0.06563595231344782,0.08660782367376463,40080.0,2911.3050000000003,90.60064250333508,8.08303444052433,1200.168089271523,0.16808927152305841,0.6298507982864976,0.07260513305664062,203,0.30821564787135347,732.0,8300,2017,2017,16.8334490256384,0.014025909517270996,0.022996515062347542,2.7554644808743167,2,83.0
n50_i995002_H_a2202_LEGACY,n50_i995002_H_a2202,50,995002,H,2202,LEGACY,1,3,0.7285911810395913,0.1148484580580018,0.11647710366847756,40080.0,2812.275,91.98765106565924,8.463700353907893,1200.3024179972708,0.3024179972708225,0.8432656722143292,0.07260513305664062,325,0.28427994881385965,622.0,7404,911,911,11.823068913072348,0.009850075060916215,0.019008149377929818,1.4646302250803858,1,77.0
n50_i995002_H_a2202_REFERENCE,n50_i995002_H_a2202,50,995002,H,2202,REFERENCE,1,4,0.40368454928730413,0.30177352948936476,0.301794231619856,40080.0,3026.91,84.72913743111472,8.957184991193486,1200.1538441563025,0.1538441563025117,0.7421871675178409,0.07260513305664062,189,0.26409302325581396,657.0,7742,1531,1531,14.015169934369624,0.01167781114280575,0.02133206991532667,2.330289193302892,0,61.0
n50_i995002_T_a1101_REFERENCE,n50_i995002_T_a1101,50,995002,T,1101,REFERENCE,1,0,0.9187241286403123,0.04674927142192835,0.10651544857325981,40080.0,2782.5555,114.56111329231648,10.777026978855345,1200.1454599099234,0.14545990992337465,0.6262078685685992,0.07260513305664062,128,0.2543683315293026,481.0,5710,662,662,7.046516712754965,0.0058713855512846245,0.014649722895540467,1.3762993762993763,0,31.0
n50_i995002_T_a1101_G,n50_i995002_T_a1101,50,995002,T,1101,G,1,1,0.5534608331335538,0.214251035783076,0.21513439153112968,40080.0,2952.6045,102.52332951258944,9.991097824651094,1200.0683218631893,0.06832186318933964,0.4335204306989908,0.07260513305664062,104,0.2316930775646372,558.0,6631,928,928,10.533091682009399,0.0087770766798144,0.01887650839069785,1.6630824372759856,6,51.0
n50_i995002_T_a1101_W,n50_i995002_T_a1101,50,995002,T,1101,W,1,2,0.8410279533126246,0.10979291637601138,0.110057526301611,40080.0,2719.752,99.2968586527233,9.00888667514493,1200.3702998990193,0.37029989901930094,0.8954545632004738,0.07260513305664062,234,0.25559459959312003,644.0,7472,1288,1288,15.180864334106445,0.012646817682329803,0.023572770705134232,2.0,5,107.0
n50_i995002_T_a1101_GW,n50_i995002_T_a1101,50,995002,T,1101,GW,1,3,0.7326924976249097,0.16208330447057948,0.16264288619796105,40080.0,2743.341,99.07150069651243,9.038692375766523,1200.1736035495996,0.17360354959964752,1.2816404020413756,0.07260513305664062,525,0.24815634218289084,660.0,7593,1523,1523,15.541947331279516,0.012949749340689622,0.023548405047393205,2.3075757575757576,15,100.0
n50_i995002_T_a1101_LEGACY,n50_i995002_T_a1101,50,995002,T,1101,LEGACY,1,4,0.7652850286465875,0.09004130601024533,0.11584285481571462,40080.0,2893.755,84.9448417944774,7.356443242891678,1200.3083159150556,0.308315915055573,0.49107067473232746,0.07260513305664062,138,0.28437146092865234,424.0,5031,524,524,9.461068014614284,0.007882198172893299,0.02231383965710916,1.2358490566037736,2,28.0
n50_i995002_T_a2202_W,n50_i995002_T_a2202,50,995002,T,2202,W,1,0,0.7912827892616425,0.1081510973916843,0.11011561989405712,40080.0,2797.821,118.64218870528308,14.048012135632888,1200.5257282787934,0.5257282787933946,1.2506542215123773,0.07260513305664062,464,0.19335902757189447,909.0,10538,2409,2409,16.80219303071499,0.013995695914659382,0.018484260759862474,2.65016501650165,1,131.0
n50_i995002_T_a2202_GW,n50_i995002_T_a2202,50,995002,T,2202,GW,1,1,0.7767449355988757,0.09427303217160689,0.11748816743203354,40080.0,2874.177,90.18784286239593,11.497265071208178,1200.3724289666861,0.37242896668612957,0.8537228982895613,0.07260513305664062,223,0.1982465038765307,930.0,10643,2657,2657,24.56340539176017,0.020463153600507995,0.02641226386210771,2.856989247311828,17,138.0
n50_i995002_T_a2202_LEGACY,n50_i995002_T_a2202,50,995002,T,2202,LEGACY,1,2,0.5094975414673235,0.22057852915852433,0.23931948254952565,40080.0,3023.9205,95.10280864548106,10.771574969500966,1200.1958893295377,0.1958893295377493,0.7718847580254078,0.07260513305664062,202,0.24303836633663367,562.0,6639,773,773,11.592996424995363,0.009659253566908589,0.020628107517785342,1.3754448398576513,6,43.0
n50_i995002_T_a2202_REFERENCE,n50_i995002_T_a2202,50,995002,T,2202,REFERENCE,1,3,0.41494117011822695,0.27690802982260515,0.2917405014794561,40080.0,3070.299,84.50665371830385,9.296481894107067,1200.023850643076,0.023850643076002598,1.560513467527926,0.07260513305664062,679,0.25367515238436716,633.0,7465,1378,1378,12.738459255546331,0.010615171730728493,0.020123948271005263,2.1769352290679307,3,83.0
n50_i995002_T_a2202_G,n50_i995002_T_a2202,50,995002,T,2202,G,1,4,0.4767061541711221,0.24407176155421656,0.2536512329561783,40080.0,3011.025,83.57851919187597,9.093388213375611,1200.2126978309825,0.21269783098250628,0.6286367885768414,0.07260513305664062,136,0.23529411764705882,517.0,6114,918,918,10.41003803908825,0.008673494338046256,0.020135470094948257,1.7756286266924566,3,75.0
n50_i995003_H_a1101_GW,n50_i995003_H_a1101,50,995003,H,1101,GW,0,0,1.001538793922932,0.019928139350120444,0.021497870045836802,35220.0,2824.5,105.06937505690361,11.228482917062035,1200.3402507314458,0.34025073144584894,2.7226307475939393,0.06111907958984375,1275,0.19795221843003413,879.0,9756,3115,3115,16.626764370128512,0.013851709429886016,0.01891554535850798,3.5437997724687142,11,122.0
n50_i995003_H_a1101_LEGACY,n50_i995003_H_a1101,50,995003,H,1101,LEGACY,0,1,0.9219391997781898,0.059837431840036974,0.08248633127755738,35220.0,2975.3775,109.75013524088892,14.54814003739776,1200.1534185893834,0.15341858938336372,0.7529967483133078,0.06472015380859375,278,0.16489117983963344,974.0,11361,3015,3015,16.802971039898694,0.014000685895348525,0.017251510307904203,3.095482546201232,2,111.0
n50_i995003_H_a1101_REFERENCE,n50_i995003_H_a1101,50,995003,H,1101,REFERENCE,0,2,0.9218087051257725,0.06253902815958186,0.06487453640451774,35340.0,2952.18375,103.88186225698112,12.413692130321328,1200.0458722198382,0.045872219838202,0.6405169134959579,0.06472015380859375,143,0.1970866617439753,762.0,8930,2146,2146,14.99567747861147,0.012495920219176745,0.019679366769831324,2.816272965879265,2,99.0
n50_i995003_H_a1101_G,n50_i995003_H_a1101,50,995003,H,1101,G,0,3,0.8938490309379208,0.07799106210263479,0.0821821185410736,35220.0,2996.385,114.13758241207205,15.118586865383335,1200.2444515200332,0.2444515200331807,0.7089497987180948,0.06472015380859375,246,0.16262537198280613,727.0,8499,1944,1944,13.593759011477232,0.011325825330216359,0.018698430552238285,2.6740027510316366,1,83.0
n50_i995003_H_a1101_W,n50_i995003_H_a1101,50,995003,H,1101,W,0,4,0.8999060821891627,0.07177272147406599,0.08114764638210067,35400.0,2978.58,90.39202267654166,7.871660166896711,1200.1280288659036,0.12802886590361595,0.7578671807423234,0.06472015380859375,287,0.2491796337461628,564.0,6403,1794,1794,13.607399151660502,0.011338289602751146,0.024126594240532803,3.1808510638297873,8,43.0
n50_i995003_H_a2202_REFERENCE,n50_i995003_H_a2202,50,995003,H,2202,REFERENCE,0,0,0.9431101573923103,0.0437544862374538,0.046140302284762555,35340.0,2947.035,121.43554577286837,13.724011434074699,1200.1593032125384,0.15930321253836155,1.9269497273489833,0.06472015380859375,881,0.19112379333373808,768.0,9098,1790,1790,12.421920780092478,0.01035022662978321,0.016174376015745413,2.3307291666666665,4,96.0
n50_i995003_H_a2202_G,n50_i995003_H_a2202,50,995003,H,2202,G,0,1,0.9285662250376931,0.05326011570862739,0.0569008154837722,35280.0,2950.965,97.59313355665921,11.229570727896187,1200.4020747216418,0.40207472164183855,1.1804069420322776,0.06472015380859375,363,0.1989614243323442,588.0,6952,1096,1096,11.393994729965925,0.009491815259156437,0.01937754205776518,1.8639455782312926,4,77.0
n50_i995003_H_a2202_W,n50_i995003_H_a2202,50,995003,H,2202,W,0,2,0.8926438465921577,0.09119139096993367,0.09355416105139769,35340.0,2870.4,99.69964891455386,12.637432097738838,1200.164707726799,0.16470772679895163,2.275760176591575,0.06472015380859375,771,0.14702973561020638,1029.0,11664,3995,3995,28.053917965851724,0.023375056594513537,0.027263282765647934,3.882410106899903,11,158.0
n50_i995003_H_a2202_GW,n50_i995003_H_a2202,50,995003,H,2202,GW,0,3,0.9578897489829772,0.03637051644110769,0.041425188318602306,35310.0,2921.37,98.42851716787128,8.64532030954598,1200.302548483014,0.30254848301410675,1.9549720557406545,0.06472015380859375,654,0.24351932157656356,748.0,8324,2657,2657,17.76850518025458,0.014803355372952477,0.023754686069859064,3.552139037433155,4,81.0
n50_i995003_H_a2202_LEGACY,n50_i995003_H_a2202,50,995003,H,2202,LEGACY,0,4,0.9327853194598369,0.061449958202488233,0.07175178112759953,35310.0,2821.2000000000003,110.76854846414726,9.07579666657759,1200.1150312358513,0.11503123585134745,0.7104505253955722,0.06472015380859375,253,0.2337495409474844,800.0,9292,2357,2357,16.61123897973448,0.013841372324641749,0.0207640487246681,2.94625,2,106.0
n50_i995003_T_a2202_G,n50_i995003_T_a2202,50,995003,T,2202,G,0,0,1.1050805023207202,0.012301995483617241,0.014035640581258283,35340.0,2537.058,112.23578656887126,10.90819022215445,1200.1074177650735,0.10741776507347822,1.9417981309816241,0.05483245849609375,619,0.22290122985257046,1772.0,20071,7831,7831,28.97959131002426,0.024147497866476107,0.016354171168185248,4.419300225733634,16,187.0
n50_i995003_T_a2202_W,n50_i995003_T_a2202,50,995003,T,2202,W,0,1,0.9079545829361555,0.14253106827562645,0.14427577941826483,35340.0,2768.601,97.82544252483709,9.732172413062859,1201.0679120635614,1.06791206356138,2.8791751489043236,0.06472015380859375,1026,0.18145264778851913,1122.0,12273,4911,4911,28.734897727146745,0.023924457092336402,0.025610425781770717,4.377005347593583,17,214.0
n50_i995003_T_a2202_GW,n50_i995003_T_a2202,50,995003,T,2202,GW,0,2,0.9855274846764563,0.10422766044934162,0.10857481027926295,35340.0,2687.892,108.64597139675863,9.256338520794273,1200.3666433589533,0.36664335895329714,1.2215427588671446,0.06472015380859375,368,0.2171721717217172,1597.0,17692,6866,6866,34.60270837787539,0.02882678269120139,0.021667318959220656,4.2993112085159675,33,282.0
n50_i995003_T_a2202_LEGACY,n50_i995003_T_a2202,50,995003,T,2202,LEGACY,0,3,0.9530363695445687,0.05618654567668922,0.07239426520425037,35310.0,2848.9875,105.01184585874175,9.382009206942936,1200.1693615550175,0.16936155501753092,0.6928051952272654,0.06472015380859375,240,0.2269982238010657,713.0,8411,1803,1803,14.177542340010405,0.011812951400159939,0.01988435110800898,2.5287517531556802,0,97.0
n50_i995003_T_a2202_REFERENCE,n50_i995003_T_a2202,50,995003,T,2202,REFERENCE,0,4,1.0100672677188314,0.04103435759344285,0.05902163074801799,35340.0,2726.397,85.55598421805009,7.4220109973865664,1200.3485312992707,0.3485312992706895,0.76434076577425,0.06472015380859375,279,0.2546862723089011,760.0,8772,2606,2606,15.613030763342977,0.013007081157039663,0.020543461530714444,3.4289473684210527,3,62.0
n50_i995003_T_a1101_LEGACY,n50_i995003_T_a1101,50,995003,T,1101,LEGACY,0,0,1.0038464803313214,0.050423434683278485,0.05324290637442014,35220.0,2743.437,136.57801187288052,18.059826657039345,1200.2883755005896,0.28837550058960915,0.6580731654539704,0.06472015380859375,150,0.17410158232227707,1235.0,14376,3673,3673,18.691276600584388,0.015572321603788793,0.015134636923550111,2.974089068825911,10,160.0
n50_i995003_T_a1101_REFERENCE,n50_i995003_T_a1101,50,995003,T,1101,REFERENCE,0,1,0.867873439208838,0.1300547331258456,0.1379034667497526,35400.0,2924.4210000000003,100.75077297752425,11.633068634167708,1200.1992285158485,0.19922851584851742,1.168171058408916,0.06472015380859375,499,0.19467125053717232,745.0,8700,2179,2179,15.498636953532696,0.012913386865527416,0.020803539534943214,2.9248322147651007,2,105.0
n50_i995003_T_a1101_G,n50_i995003_T_a1101,50,995003,T,1101,G,0,2,0.8958010896680105,0.11084267815741203,0.12198802695618575,35370.0,2902.95,96.42930552714047,9.289019493341815,1200.0190125545487,0.019012554548680782,2.5562806399539113,0.06472015380859375,1030,0.24625459764959182,612.0,7110,1759,1759,11.840195956639946,0.009866673638307653,0.019346725419346317,2.8741830065359477,4,70.0
n50_i995003_T_a1101_W,n50_i995003_T_a1101,50,995003,T,1101,W,0,3,0.9540611975619389,0.09238467704725839,0.10763736544336704,35400.0,2792.61,95.13935333584034,9.833326854773473,1200.4075705334544,0.4075705334544182,1.6373292254284024,0.06472015380859375,730,0.22712639783124364,743.0,8449,2624,2624,17.468971204012632,0.014552533350193318,0.0235114013512956,3.531628532974428,4,84.0
n50_i995003_T_a1101_GW,n50_i995003_T_a1101,50,995003,T,1101,GW,0,4,1.0045035205393347,0.06782835851402824,0.08042406492310794,35400.0,2711.661,95.98550627668425,8.457324332179263,1200.0249253045768,0.02492530457675457,1.9978766283020377,0.06472015380859375,949,0.25027096265641935,871.0,9972,3139,3139,19.065381896682084,0.015887488246832143,0.021889072212034538,3.6039035591274398,2,107.0
n50_i995004_H_a1101_GW,n50_i995004_H_a1101,50,995004,H,1101,GW,1,0,0.8393405149196581,0.07559607033210415,0.12148325406899428,34860.0,2708.5875,130.61599239651494,13.282191583563154,1200.4043082566932,0.4043082566931844,2.0781725691631436,0.07260513305664062,700,0.1927997992975414,1033.0,11828,3612,3612,17.646106159314513,0.014700135644249195,0.0170823873759095,3.4966118102613746,6,155.0
n50_i995004_H_a1101_LEGACY,n50_i995004_H_a1101,50,995004,H,1101,LEGACY,1,1,0.7929392051501702,0.08650782122782892,0.10854211738846407,34860.0,2722.4175,91.52313135810834,9.523331464884597,1200.2102459780872,0.2102459780871868,1.3882138952612877,0.07260513305664062,600,0.21793525809273842,478.0,5696,696,696,9.088243801146746,0.007572209812073771,0.019013062345495282,1.4560669456066946,2,50.0
n50_i995004_H_a1101_REFERENCE,n50_i995004_H_a1101,50,995004,H,1101,REFERENCE,1,2,0.5819006794642165,0.14814369691767307,0.17380095035277804,34860.0,2887.1175,91.28787885737404,8.04077174066129,1200.257924397476,0.2579243974760175,0.7705100867897272,0.07260513305664062,275,0.2765516526784789,522.0,6148,946,946,9.408243552781641,0.007838518173087287,0.018023455081957167,1.8122605363984674,1,58.0
n50_i995004_H_a1101_G,n50_i995004_H_a1101,50,995004,H,1101,G,1,3,0.8040692443475327,0.1029268701260995,0.10357894997469584,34860.0,2567.91,104.35233574422018,8.82398732019446,1200.2510447585955,0.2510447585955262,0.6314144749194384,0.07260513305664062,211,0.23529411764705882,504.0,5976,909,909,9.658928061835468,0.008047423165358003,0.019164539805229103,1.8035714285714286,6,53.0
n50_i995004_H_a1101_W,n50_i995004_H_a1101,50,995004,H,1101,W,1,4,0.6640881121343095,0.12051297381725674,0.13721268806190537,34860.0,2824.455,103.02494119473234,15.04062998559347,1200.2821701811627,0.28217018116265535,1.3893433483317494,0.07260513305664062,577,0.16074890599900293,771.0,8855,2525,2525,18.901415145024657,0.015747476397297313,0.024515454144000852,3.2749675745784694,3,104.0
n50_i995004_H_a2202_REFERENCE,n50_i995004_H_a2202,50,995004,H,2202,REFERENCE,1,0,0.7849560745366402,0.04477881865459661,0.061825360995283414,34860.0,2770.3725,119.65978194540679,17.068431168499064,1200.4618232175708,0.4618232175707817,0.5751535268500447,0.07260513305664062,171,0.14875549048316253,727.0,8515,1552,1552,11.24426691327244,0.009366617659805862,0.01546666700587681,2.1348005502063274,2,78.0
n50_i995004_H_a2202_G,n50_i995004_H_a2202,50,995004,H,2202,G,1,1,0.8520363046102326,0.04674004265276127,0.08600951902227551,34860.0,2717.3025000000002,93.6441511725128,9.695198354331872,1200.1817368492484,0.18173684924840927,0.8076562834903598,0.07260513305664062,200,0.21261601925060158,649.0,7676,1313,1313,13.962800873443484,0.01163390547009908,0.021514331083888266,2.0231124807395995,2,102.0
n50_i995004_H_a2202_W,n50_i995004_H_a2202,50,995004,H,2202,W,1,2,0.8292791189678893,0.03828520860480146,0.06924249396236828,34860.0,2741.4225,94.77756162053414,11.21920783401706,1200.262995322235,0.2629953222349286,1.1793907852843404,0.07260513305664062,479,0.1964948759839596,1003.0,11396,3353,3353,26.55204790085554,0.02212185829633705,0.026472630010823072,3.3429710867397806,10,142.0
n50_i995004_H_a2202_GW,n50_i995004_H_a2202,50,995004,H,2202,GW,1,3,0.7989652285647532,0.08013990872081862,0.11357694127586444,34860.0,2740.0725,89.27556864174721,8.08793762830663,1200.305992225185,0.30599222518503666,2.920350349508226,0.07260513305664062,1423,0.26473011948908115,879.0,10154,2872,2872,20.463450686074793,0.017048528307468218,0.023280376207138558,3.267349260523322,4,133.0
n50_i995004_H_a2202_LEGACY,n50_i995004_H_a2202,50,995004,H,2202,LEGACY,1,4,0.8214847461256917,0.04137926280336671,0.06036302705390487,34860.0,2751.225,113.91523328704903,14.855574780967087,1200.3574592648074,0.3574592648074031,0.7163518192246556,0.07260513305664062,257,0.16689098250336473,652.0,7671,1301,1301,13.956085175275803,0.011626607613888281,0.021405038612386202,1.9953987730061349,7,73.0
n50_i995004_T_a2202_G,n50_i995004_T_a2202,50,995004,T,2202,G,1,0,0.943184273895114,0.07008959243997916,0.128306393872129,34860.0,2688.951,115.00654916848137,9.89072487976376,1200.1142630390823,0.11426303908228874,1.5853087306022644,0.07260513305664062,515,0.29553496208930075,665.0,7809,1228,1228,10.560786424204707,0.008799817441933686,0.015880881840909335,1.8466165413533835,1,68.0
n50_i995004_T_a2202_W,n50_i995004_T_a2202,50,995004,T,2202,W,1,1,1.0555705160128268,0.013037480333420844,0.030628096596904093,34860.0,2634.8190000000004,99.1260411224538,7.6211705119447,1200.2093360414729,0.20933604147285223,0.645494787953794,0.07260513305664062,204,0.2891658467257024,888.0,10172,3085,3085,24.296121907420456,0.02024323689028604,0.027360497643491504,3.474099099099099,5,138.0
n50_i995004_T_a2202_GW,n50_i995004_T_a2202,50,995004,T,2202,GW,1,2,0.8931853070629981,0.09896044279220283,0.1277255444853312,34860.0,2700.594,84.855181108626,8.186721116117843,1200.4806149620563,0.4806149620562792,3.5754466839134693,0.074951171875,1804,0.22232397232397233,955.0,10820,3496,3496,21.818118846975267,0.018174486597324086,0.02284619774552384,3.660732984293194,6,152.0
n50_i995004_T_a2202_LEGACY,n50_i995004_T_a2202,50,995004,T,2202,LEGACY,1,3,0.6856920359117079,0.22370008242803074,0.22825378532447801,34860.0,2758.956,87.10791548547564,8.642910924059672,1200.6371569922194,0.6371569922193885,2.6722971675917506,0.07260513305664062,1077,0.21499469981690278,449.0,5319,617,617,8.545198154635727,0.0071172194737357305,0.019031621725246608,1.3741648106904232,0,41.0
n50_i995004_T_a2202_REFERENCE,n50_i995004_T_a2202,50,995004,T,2202,REFERENCE,1,4,1.0119146117261075,0.04111116908218491,0.044335827578417156,34860.0,2608.7954999999997,98.79382647249943,9.098302003549035,1200.0041321711615,0.004132171161472797,1.69049540348351,0.07260513305664062,732,0.21881296940831654,732.0,8596,1510,1510,15.908781131729484,0.01325727195867718,0.021733307557007493,2.0628415300546448,4,122.0
n50_i995004_T_a1101_LEGACY,n50_i995004_T_a1101,50,995004,T,1101,LEGACY,1,0,0.7411626584772835,0.20148350161225512,0.20492592069077037,34860.0,2751.264,110.85066898412353,14.533395240685216,1200.4077306836843,0.40773068368434906,1.8634282788261771,0.07260513305664062,864,0.17608620887309412,708.0,8228,1751,1751,10.806920018978417,0.009002707782316103,0.015264011326240702,2.4731638418079096,3,68.0
n50_i995004_T_a1101_REFERENCE,n50_i995004_T_a1101,50,995004,T,1101,REFERENCE,1,1,0.6747020492009483,0.22608460281558176,0.2419894759657104,34860.0,2849.286,94.71492397494013,8.731021772371513,1200.317703153938,0.31770315393805504,0.9403804438188672,0.07260513305664062,349,0.270706106870229,520.0,6092,1364,1364,10.963646220043302,0.009133953611810755,0.02108393503854481,2.623076923076923,29,35.0
n50_i995004_T_a1101_G,n50_i995004_T_a1101,50,995004,T,1101,G,1,2,0.6718146525521961,0.2336213368212691,0.25497746872938887,34860.0,2837.928,86.90091570844207,8.901077608138792,1200.0794140063226,0.0794140063226223,2.5760256610810757,0.07260513305664062,871,0.2398427260812582,609.0,7109,1761,1761,12.61577739007771,0.010512452128448263,0.02071556221687637,2.8916256157635467,20,43.0
n50_i995004_T_a1101_W,n50_i995004_T_a1101,50,995004,T,1101,W,1,3,0.5821955225350344,0.2898337204572165,0.34698574228888235,34860.0,2889.9674999999997,79.23216044971694,6.49360622661746,1200.257565365173,0.2575653651729226,0.8215597365051508,0.07260513305664062,203,0.3248652809853734,437.0,4905,1396,1396,11.968782374635339,0.009971844977285264,0.0273885180197605,3.194508009153318,5,32.0
n50_i995004_T_a1101_GW,n50_i995004_T_a1101,50,995004,T,1101,GW,1,4,0.785026206564731,0.16521105958396207,0.17707124854342052,34860.0,2743.3215,80.86234737844524,7.654172564670656,1200.5216661058366,0.5216661058366299,2.306166841648519,0.07260513305664062,1075,0.27337033409511374,633.0,7147,2207,2207,15.862088944762945,0.01321266362165309,0.025058592329799283,3.486571879936809,11,54.0
n50_i995005_H_a2202_LEGACY,n50_i995005_H_a2202,50,995005,H,2202,LEGACY,0,0,0.7875778544329759,0.0957386844020591,0.10490035605462228,37380.0,2888.1600000000003,117.2294335172584,13.963503628386709,1200.056980393827,0.05698039382696152,2.2606959994882345,0.056430816650390625,929,0.22915796383600884,1061.0,12438,2799,2799,15.83710599783808,0.01319696169146965,0.014926584352345033,2.6380772855796417,10,111.0
n50_i995005_H_a2202_REFERENCE,n50_i995005_H_a2202,50,995005,H,2202,REFERENCE,0,1,0.965789313985881,0.0012658266667302078,0.002599505813418481,37380.0,2599.65,102.28400607101868,10.178823006505349,1200.1387579087168,0.13875790871679783,0.9191961400210857,0.06472015380859375,378,0.24778978388998035,897.0,10640,1813,1813,19.34091862756759,0.01611556872079509,0.02156178219349787,2.021181716833891,5,136.0
n50_i995005_H_a2202_G,n50_i995005_H_a2202,50,995005,H,2202,G,0,2,0.6548234594850328,0.20670792393298804,0.2085346774887312,37380.0,2969.3025000000002,64.93617806309503,5.909575455498243,1200.2554250154644,0.2554250154644251,1.2608962133526802,0.06472015380859375,402,0.266882842238827,437.0,5153,951,951,8.125481594353914,0.006769793683081435,0.01859377939211422,2.1762013729977117,4,50.0
n50_i995005_H_a2202_W,n50_i995005_H_a2202,50,995005,H,2202,W,0,3,0.7536695382422605,0.13388700415278462,0.13551184856145065,37380.0,2876.8199999999997,97.687896832666,8.470472690681518,1200.1691489052027,0.1691489052027464,1.094907645136118,0.06472015380859375,448,0.2709030100334448,724.0,8358,2233,2233,19.13483972568065,0.01594345242346506,0.026429336637680455,3.084254143646409,7,96.0
n50_i995005_H_a2202_GW,n50_i995005_H_a2202,50,995005,H,2202,GW,0,4,0.7932640711695609,0.10884116956094672,0.13785233475902597,37380.0,2854.98,93.19760505447981,8.25338574160038,1200.234704900533,0.2347049005329609,0.8940275656059384,0.06472015380859375,237,0.2704421562689279,807.0,9240,2555,2555,19.486211258918047,0.01623533395539744,0.024146482353058298,3.1660470879801736,8,105.0
n50_i995005_H_a1101_W,n50_i995005_H_a1101,50,995005,H,1101,W,0,0,0.7983228351643746,0.09033484012254345,0.11733188460602688,37380.0,2879.88,115.61472227849697,10.413473810783199,1200.175870904699,0.17587090469896793,0.8040207615122199,0.05483245849609375,281,0.3133301328212514,755.0,8817,1907,1907,14.156047940254211,0.011794977955675202,0.01874973237119763,2.5258278145695363,19,43.0
n50_i995005_H_a1101_GW,n50_i995005_H_a1101,50,995005,H,1101,GW,0,1,0.7475100594976093,0.11811310821042567,0.14598967171107916,37380.0,2954.55,91.58634964808991,8.438807746616053,1200.2880388004705,0.288038800470531,1.157201393507421,0.06472015380859375,346,0.3209596208905124,522.0,6057,1276,1276,12.213039797730744,0.010175090813981671,0.023396627965001426,2.4444444444444446,0,23.0
n50_i995005_H_a1101_LEGACY,n50_i995005_H_a1101,50,995005,H,1101,LEGACY,0,2,0.6114352368376141,0.263915563723141,0.26441284250589775,37380.0,2888.25,85.43200132607926,9.436427493065045,1200.03041493427,0.030414934270083904,1.2893646555021405,0.06472015380859375,377,0.23869657364888733,846.0,9935,2158,2158,18.352194713428617,0.015293107978795547,0.021692901552516096,2.5508274231678487,8,118.0
n50_i995005_H_a1101_REFERENCE,n50_i995005_H_a1101,50,995005,H,1101,REFERENCE,0,3,0.764463099205601,0.13457852820692637,0.13985110581763152,37380.0,2868.54,87.57030731901729,9.799556211158928,1200.2584348265082,0.2584348265081644,1.1488769873976707,0.06472015380859375,334,0.2310831491242986,616.0,7181,1501,1501,12.65523791871965,0.010543760869757108,0.02054421740051891,2.436688311688312,5,71.0
n50_i995005_H_a1101_G,n50_i995005_H_a1101,50,995005,H,1101,G,0,4,0.6407321709291153,0.23681896927256268,0.2384137544061945,37380.0,2921.5499999999997,99.13653784697695,9.937735669726631,1200.0721689881757,0.07216898817569017,0.7821396915242076,0.06472015380859375,289,0.21147073620660742,567.0,6491,1450,1450,10.31789665017277,0.008597730133906998,0.018197348589369965,2.557319223985891,3,62.0
n50_i995005_T_a1101_GW,n50_i995005_T_a1101,50,995005,T,1101,GW,0,0,0.9969158467285489,0.04245439584492847,0.0887148998815028,37410.0,2853.024,118.22817392267773,14.783312590100431,1200.2046152958646,0.20461529586464167,0.7748271180316806,0.05483245849609375,285,0.21659245899791468,912.0,10338,2516,2516,19.1897063953802,0.01598869571972918,0.021041344731776535,2.758771929824561,0,61.0
n50_i995005_T_a1101_LEGACY,n50_i995005_T_a1101,50,995005,T,1101,LEGACY,0,1,0.8622180852499975,0.1384419191216831,0.18091400228507987,37380.0,2962.0620000000004,92.2088535002123,7.598591484365808,1200.0908350925893,0.09083509258925915,1.0866003315895796,0.06472015380859375,363,0.3502577036955807,763.0,8764,2442,2442,15.768429477699101,0.013139363302014165,0.02066635580301324,3.200524246395806,0,67.0
n50_i995005_T_a1101_REFERENCE,n50_i995005_T_a1101,50,995005,T,1101,REFERENCE,0,2,0.9356501243867922,0.0928080937467857,0.10875160871784187,37380.0,2881.395,90.28134860924789,8.973653156834834,1200.402981008403,0.4029810084030032,1.557898849248886,0.06472015380859375,684,0.2546416635722243,643.0,7535,1616,1616,13.657696827314794,0.01137759322776889,0.02124058604559066,2.5132192846034216,2,67.0
n50_i995005_T_a1101_G,n50_i995005_T_a1101,50,995005,T,1101,G,0,3,0.9184366767531593,0.10447922887954078,0.10946798518312091,37380.0,2907.2969999999996,93.09747004118653,10.499232283718397,1200.1829904783517,0.18299047835171223,0.5961039522662759,0.06472015380859375,117,0.2176017776366955,729.0,8570,1942,1942,14.64154802262783,0.012199429702625775,0.020084428014578642,2.663923182441701,5,80.0
n50_i995005_T_a1101_W,n50_i995005_T_a1101,50,995005,T,1101,W,0,4,0.9993814039022436,0.03214248897602874,0.11661958919927665,37410.0,2858.661,87.96206621019414,9.429774825303456,1200.0286549404263,0.02865494042634964,1.0572695881128311,0.06472015380859375,280,0.2550371155885472,741.0,8382,2253,2253,18.062846740707755,0.015052012855146745,0.02437631139096863,3.0404858299595143,5,97.0
n50_i995005_T_a2202_REFERENCE,n50_i995005_T_a2202,50,995005,T,2202,REFERENCE,0,0,1.0728979984223248,0.02170207826826199,0.04021220922653642,37380.0,2720.2455,124.72275348370452,13.6921103314765,1200.3262902591377,0.32629025913774967,1.3362873140722513,0.06472015380859375,416,0.19148159415880742,783.0,9298,1199,1199,12.662419411353767,0.01054914777266112,0.016171672300579525,1.5312899106002553,7,110.0
n50_i995005_T_a2202_G,n50_i995005_T_a2202,50,995005,T,2202,G,0,1,0.8763903793418871,0.14389018674577597,0.15586796150729873,37380.0,2921.208,84.76556978434826,10.868299542145223,1200.0037309816107,0.0037309816107153893,1.276348146609962,0.06472015380859375,532,0.20311301947554056,491.0,5741,1167,1167,9.663773675449193,0.008053119691173097,0.019681820112931146,2.3767820773930755,0,48.0
n50_i995005_T_a2202_W,n50_i995005_T_a2202,50,995005,T,2202,W,0,2,0.9171857762188932,0.14667515124335964,0.15013564277432787,37380.0,2810.7210000000005,83.3157181240984,8.523558105048732,1200.0856771236286,0.08567712362855673,1.1548543376848102,0.06472015380859375,478,0.22309121126209797,836.0,9389,2968,2968,23.8455649940297,0.019869885499494398,0.02852340310290634,3.550239234449761,6,114.0
n50_i995005_T_a2202_GW,n50_i995005_T_a2202,50,995005,T,2202,GW,0,3,1.0219680036471925,0.06436150785543726,0.07304088674632106,37380.0,2785.5795,92.04194867609016,9.26344022154912,1200.0941047947854,0.09410479478538036,0.7029887139797211,0.06472015380859375,240,0.25042727354502115,1014.0,11593,3117,3117,25.188273472711444,0.020988581955428076,0.024840506383344618,3.07396449704142,7,178.0
n50_i995005_T_a2202_LEGACY,n50_i995005_T_a2202,50,995005,T,2202,LEGACY,0,4,1.019002133222996,0.06368490473453894,0.07791426398773349,37380.0,2797.176,94.01952141178334,10.788729249108014,1200.048652724363,0.048652724362909794,0.6269048089161515,0.06472015380859375,208,0.19927396308025025,614.0,7217,1245,1245,13.907739978283644,0.01158931343884279,0.022651042309908213,2.027687296416938,0,90.0
n50_i995006_H_a2202_LEGACY,n50_i995006_H_a2202,50,995006,H,2202,LEGACY,1,0,1.0960756407914216,0.0,0.0,36900.0,2554.185,116.00733652739754,13.749042340179765,1200.6654421128333,0.6654421128332615,4.633467552252114,0.07372283935546875,1646,0.20474921250302883,746.0,8826,1249,1249,12.661340109072626,0.010545269035804205,0.016972305776236762,1.6742627345844503,0,93.0
n50_i995006_H_a2202_REFERENCE,n50_i995006_H_a2202,50,995006,H,2202,REFERENCE,1,1,0.6596124915052433,0.2634742415019135,0.2737224524562482,36900.0,2818.56,96.27861063100147,12.839758976780288,1200.1004090392962,0.10040903929620981,0.9589624786749482,0.07260513305664062,381,0.19086248296450126,668.0,7905,1421,1421,15.833497675135732,0.01319347744228398,0.023702840831041516,2.127245508982036,1,70.0
n50_i995006_H_a2202_G,n50_i995006_H_a2202,50,995006,H,2202,G,1,2,0.8722924131685453,0.13713275121526985,0.14310915773205812,36900.0,2684.175,92.59075057442315,11.238848495204847,1200.3898803116754,0.38988031167536974,0.9044821672141552,0.07260513305664062,230,0.21051071084426654,541.0,6399,1126,1126,11.381055095233023,0.009481132157060495,0.021037070416327214,2.081330868761553,1,54.0
n50_i995006_H_a2202_W,n50_i995006_H_a2202,50,995006,H,2202,W,1,3,0.5669838064432009,0.37216157070885497,0.37216157070885497,36900.0,2782.89,81.52980649263993,8.183976773881014,1200.1500335810706,0.15003358107060194,1.4087466411292553,0.07260513305664062,482,0.22989207900631237,917.0,10226,3598,3598,26.159537743777037,0.021796889565316127,0.028527303973584554,3.9236641221374047,3,84.0
n50_i995006_H_a2202_GW,n50_i995006_H_a2202,50,995006,H,2202,GW,1,4,0.767143686737643,0.2086864338436967,0.2136115775219644,36900.0,2725.0800000000004,91.53835550078674,9.951904109882475,1200.2728189611807,0.27281896118074656,0.8904422111809254,0.07260513305664062,340,0.23122645458350774,921.0,9862,4150,4150,22.709364341571927,0.018920168800645308,0.024657290273150844,4.505971769815418,10,83.0
n50_i995006_H_a1101_W,n50_i995006_H_a1101,50,995006,H,1101,W,1,0,0.5814491541855848,0.3483888144156549,0.3513498541631036,36900.0,2846.505,103.84600767837388,10.504343281686214,1200.0750224888325,0.07502248883247375,1.7196110114455223,0.07260513305664062,738,0.27098207202919244,1033.0,11376,3899,3899,22.05337298195809,0.01837666193253623,0.021348860582728064,3.7744433688286545,6,115.0
n50_i995006_H_a1101_GW,n50_i995006_H_a1101,50,995006,H,1101,GW,1,1,0.7532533742725517,0.1936286237877543,0.1967179148796672,36900.0,2766.7575,82.2477426390814,10.506749214155748,1200.2761028129607,0.2761028129607439,1.58619702514261,0.07260513305664062,507,0.20720006343668226,907.0,10078,3558,3558,24.389324251562357,0.02031976159019051,0.02689010391572476,3.9228224917309813,9,113.0
n50_i995006_H_a1101_LEGACY,n50_i995006_H_a1101,50,995006,H,1101,LEGACY,1,2,0.588686299596025,0.33308921570869937,0.3336358848391954,36900.0,2786.385,97.13992910817463,11.527759235240545,1200.3200030149892,0.32000301498919725,1.1757410522550344,0.07260513305664062,325,0.20351232203512323,606.0,7125,1374,1374,14.21952966786921,0.011846448973733917,0.0234645704090251,2.267326732673267,9,56.0
n50_i995006_H_a1101_REFERENCE,n50_i995006_H_a1101,50,995006,H,1101,REFERENCE,1,3,0.8619558395920878,0.1086694792423642,0.10981296595273808,36900.0,2689.035,96.17758114277238,11.754398839012183,1200.0613721888512,0.0613721888512373,1.2704172870144248,0.07260513305664062,364,0.18970650786899193,713.0,8398,1773,1773,16.24849017895758,0.013539716014124476,0.022788906281847942,2.4866760168302946,0,79.0
n50_i995006_H_a1101_G,n50_i995006_H_a1101,50,995006,H,1101,G,1,4,0.6816160371673411,0.2509125038811951,0.25583011714362347,37020.0,2778.8325,94.17868846150962,10.663090486860181,1200.0273293908685,0.02732939086854458,1.3943808292970061,0.07260513305664062,573,0.21358236949046577,833.0,9869,2257,2257,16.765222687274218,0.013970700730444372,0.020126317751829794,2.709483793517407,0,84.0
n50_i995006_T_a1101_GW,n50_i995006_T_a1101,50,995006,T,1101,GW,1,0,0.9397647702665052,0.10731232075027994,0.11954105669960945,36930.0,2707.059,134.54883804843251,15.651356361519182,1200.1515757562593,0.15157575625926256,0.34940735902637243,0.07260513305664062,56,0.19340928449744463,1095.0,11367,4518,4518,21.21799700334668,0.017679431025182338,0.019377166213101992,4.126027397260274,10,112.0
n50_i995006_T_a1101_LEGACY,n50_i995006_T_a1101,50,995006,T,1101,LEGACY,1,1,0.9680481338006678,0.07284304264663934,0.10450061973254982,36900.0,2663.9205,85.30666729970984,8.883351272617679,1200.2227169452235,0.22271694522351027,0.713921613059938,0.07260513305664062,151,0.2320390170699681,486.0,5755,919,919,11.36700841318816,0.009470749264035913,0.023388906199975638,1.8909465020576133,4,46.0
n50_i995006_T_a1101_REFERENCE,n50_i995006_T_a1101,50,995006,T,1101,REFERENCE,1,2,0.8455201084980122,0.21428192754050385,0.21430103549252222,37020.0,2648.799,89.51520473622351,9.170512819740274,1200.0419405456632,0.04194054566323757,0.9371445802971721,0.07260513305664062,241,0.21035892776010903,540.0,6362,1147,1147,13.444219632074237,0.011203124805755625,0.024896703022359697,2.1240740740740742,4,75.0
n50_i995006_T_a1101_G,n50_i995006_T_a1101,50,995006,T,1101,G,1,3,1.0320326496980317,0.03746073025400976,0.09337222240714667,36930.0,2582.6190000000006,88.86611229940023,8.561483177777607,1200.142520477064,0.14252047706395388,0.6528933672234416,0.07260513305664062,186,0.2562530413625304,593.0,6930,1372,1372,13.083914753049612,0.01090196749953387,0.022063937188953813,2.3136593591905563,0,78.0
n50_i995006_T_a1101_W,n50_i995006_T_a1101,50,995006,T,1101,W,1,4,0.835230783611186,0.19531494202784683,0.20081986102801072,37020.0,2735.4150000000004,97.88823468079931,12.007314612926006,1200.1850925507024,0.18509255070239305,0.7931568874046206,0.07260513305664062,279,0.1993615987787107,1041.0,11178,4399,4399,28.84386272355914,0.024032845352426852,0.0277078412330059,4.2257444764649374,6,91.0
n50_i995006_T_a2202_REFERENCE,n50_i995006_T_a2202,50,995006,T,2202,REFERENCE,1,0,0.9212200097202913,0.11968806312906892,0.12301513232215919,36900.0,2637.198,111.71617857125182,10.075946201460269,1200.0858041746542,0.08580417465418577,2.5156947895884514,0.07260513305664062,1080,0.2828316242143566,871.0,10286,1913,1913,14.75569142960012,0.01229553035147198,0.016941092341676373,2.196326061997704,7,95.0
n50_i995006_T_a2202_G,n50_i995006_T_a2202,50,995006,T,2202,G,1,1,1.1072490067254628,0.003739611519646049,0.005602477520981037,36900.0,2485.989,73.53054350382742,6.782513512197519,1200.4399232463911,0.4399232463911176,1.1262331381440163,0.07260513305664062,304,0.29317121100466714,674.0,7840,2358,2358,14.743304974399507,0.012281585016373563,0.02187433972462835,3.4985163204747773,0,62.0
n50_i995006_T_a2202_W,n50_i995006_T_a2202,50,995006,T,2202,W,1,2,0.9714448703693906,0.09770157585465168,0.09893319081106913,36900.0,2611.851,93.87905301866851,11.337486275078648,1200.001452694647,0.001452694647014141,0.5556135606020689,0.07260513305664062,168,0.20551267916207278,1012.0,11242,3785,3785,25.886695166118443,0.021572219856891776,0.025579738306441148,3.7401185770750986,3,115.0
n50_i995006_T_a2202_GW,n50_i995006_T_a2202,50,995006,T,2202,GW,1,3,0.8442572297838593,0.18463076015141439,0.1876981600893053,36900.0,2710.131,87.40884187303679,8.669974544465237,1200.1188638601452,0.11886386014521122,0.6504804827272892,0.07260513305664062,212,0.2513214800576646,844.0,8890,3592,3592,19.80900667887181,0.01650587060614709,0.023470387060274656,4.2559241706161135,6,93.0
n50_i995006_T_a2202_LEGACY,n50_i995006_T_a2202,50,995006,T,2202,LEGACY,1,4,0.8751920388829052,0.15734320048457429,0.16043478206743567,36900.0,2730.849,104.53619918854812,14.769354439939224,1200.1201590821147,0.1201590821146965,0.35466758254915476,0.07260513305664062,70,0.15723554301833567,1416.0,16525,4749,4749,29.70103322993964,0.02474838290580488,0.020975305953347203,3.3538135593220337,15,151.0
n50_i995007_H_a2202_GW,n50_i995007_H_a2202,50,995007,H,2202,GW,0,0,0.7974806117354735,0.18693847090503346,0.19724729940572386,33900.0,2707.4400000000005,116.31464189405456,12.173014645939018,1200.4421603875235,0.4421603875234723,1.329706834629178,0.05483245849609375,528,0.26531170875248067,813.0,9378,2274,2274,14.885317828506231,0.012399862583717482,0.018309124020302867,2.7970479704797047,1,67.0
n50_i995007_H_a2202_LEGACY,n50_i995007_H_a2202,50,995007,H,2202,LEGACY,0,1,1.0348014700994117,0.05152635895149203,0.06063469175832004,33900.0,2520.165,87.96411405763368,8.425260079223841,1200.3190293125808,0.3190293125808239,1.0864851661026478,0.06472015380859375,321,0.2918026302778602,504.0,6006,777,777,10.860086614266038,0.009047666786125667,0.021547790901321504,1.5416666666666667,1,45.0
n50_i995007_H_a2202_REFERENCE,n50_i995007_H_a2202,50,995007,H,2202,REFERENCE,0,2,0.9853570658817782,0.060347227318223576,0.09411920311323502,33900.0,2581.635,91.9665175147226,8.371273818265783,1200.0563137810677,0.056313781067728996,1.9800066789612174,0.06472015380859375,752,0.3212223770654987,686.0,8129,1441,1441,14.330684959888458,0.011941677065750497,0.020890211311790755,2.1005830903790086,0,60.0
n50_i995007_H_a2202_G,n50_i995007_H_a2202,50,995007,H,2202,G,0,3,1.046668188933901,0.02702279344127923,0.07234310789869514,33900.0,2536.53,98.81547558662335,9.228520207965111,1200.4091393155977,0.409139315597713,1.8776088720187545,0.06472015380859375,839,0.2843473551182524,564.0,6671,1035,1035,11.130956700071692,0.009272635750189228,0.019735738829914348,1.8351063829787233,1,53.0
n50_i995007_H_a2202_W,n50_i995007_H_a2202,50,995007,H,2202,W,0,4,0.7421472246252451,0.2540434793857019,0.25934061372366357,33900.0,2692.2450000000003,90.38153518090247,8.645494598897754,1200.2783509138972,0.2783509138971567,0.71325000282377,0.06472015380859375,249,0.2842825479425653,815.0,9005,2817,2817,20.16656383406371,0.01680157258415,0.024744250103145654,3.456441717791411,0,76.0
n50_i995007_H_a1101_G,n50_i995007_H_a1101,50,995007,H,1101,G,0,0,1.0721539806123708,0.02231347636478042,0.05943621467101941,33900.0,2513.2200000000003,107.47360138677078,10.780262345650746,1200.5273698391393,0.5273698391392827,1.148830957710743,0.05483245849609375,336,0.27267810230258077,686.0,8139,1372,1372,11.208786699920893,0.009336552403151606,0.01633933921271267,2.0,2,43.0
n50_i995007_H_a1101_W,n50_i995007_H_a1101,50,995007,H,1101,W,0,1,0.8516450394625026,0.18110661196151584,0.18487768413374717,33900.0,2626.3799999999997,102.98499903943878,13.489166540850572,1200.0000111926347,1.119263470172882e-05,0.7323517007753253,0.06472015380859375,186,0.204361524680299,605.0,7016,1641,1641,15.045683450996876,0.01253806942555237,0.024868898266110537,2.712396694214876,0,29.0
n50_i995007_H_a1101_GW,n50_i995007_H_a1101,50,995007,H,1101,GW,0,2,0.8279502724625458,0.16674886990049548,0.16760174016950385,33900.0,2677.3500000000004,89.93787092619034,9.846184388977365,1200.261901780963,0.26190178096294403,1.7237720554694533,0.06472015380859375,767,0.2495346082247419,994.0,11626,2866,2866,23.862523472867906,0.019881097148431028,0.024006562849967713,2.8832997987927564,2,95.0
n50_i995007_H_a1101_LEGACY,n50_i995007_H_a1101,50,995007,H,1101,LEGACY,0,3,1.115530784308495,0.017656567448890263,0.0246649827159068,33900.0,2449.965,99.06948069859209,9.690574398524264,1200.2384504443035,0.23845044430345297,1.278542964719236,0.06472015380859375,546,0.2716877310635371,560.0,6603,1200,1200,11.393897606991231,0.009493028325141097,0.020346245726770056,2.142857142857143,0,40.0
n50_i995007_H_a1101_REFERENCE,n50_i995007_H_a1101,50,995007,H,1101,REFERENCE,0,4,0.9015379408699743,0.10329841560552486,0.11919184443556172,33900.0,2639.76,98.437175490683,10.240592589794003,1200.1258610999212,0.1258610999211669,0.5065025137737393,0.06472015380859375,153,0.26094385679414156,556.0,6615,810,810,11.53536147158593,0.009611793100611726,0.020747053006449512,1.4568345323741008,1,30.0
n50_i995007_T_a2202_LEGACY,n50_i995007_T_a2202,50,995007,T,2202,LEGACY,0,0,0.6569481803797473,0.25185083661662355,0.25321844359587453,33900.0,2584.3559999999998,92.13333896192331,9.197589449078158,1200.4232262298465,0.4232262298464775,2.3700415156781673,0.062042236328125,1069,0.27515623584820215,627.0,7426,999,999,10.18781575653702,0.008486853248027998,0.016248509978527944,1.5933014354066986,0,67.0
n50_i995007_T_a2202_REFERENCE,n50_i995007_T_a2202,50,995007,T,2202,REFERENCE,0,1,0.6938886506525153,0.21485216618376696,0.22826142795646512,33930.0,2533.194,95.87705194014582,10.161469569910054,1200.3185086650774,0.3185086650773883,0.8507737731561065,0.06472015380859375,219,0.2330081167500205,696.0,8220,1288,1288,15.608539546839893,0.013003664805767912,0.022426062567298698,1.8505747126436782,0,98.0
n50_i995007_T_a2202_G,n50_i995007_T_a2202,50,995007,T,2202,G,0,2,0.5628907212669428,0.303679011827917,0.30370586342313916,33930.0,2550.852,97.88937102230553,9.380363493796601,1200.2733164280653,0.2733164280653,1.1874140733852983,0.06472015380859375,463,0.24691358024691357,665.0,7868,1231,1231,13.836373182944953,0.011527685397623512,0.020806576214954818,1.8511278195488723,3,85.0
n50_i995007_T_a2202_W,n50_i995007_T_a2202,50,995007,T,2202,W,0,3,1.0401068037974688,0.01708335165795635,0.05550990885739715,33900.0,2466.507,89.47830292848644,7.985458767204813,1200.0562872299924,0.056287229992449284,0.5574127361178398,0.06472015380859375,99,0.3061671710320359,748.0,8593,2427,2427,20.331523874774575,0.016942141873781968,0.02718118165076815,3.2446524064171123,7,60.0
n50_i995007_T_a2202_GW,n50_i995007_T_a2202,50,995007,T,2202,GW,0,4,0.932986200571301,0.07277120448744459,0.10855903115328476,33900.0,2484.5699999999997,83.88504666173272,9.681446809825893,1200.440412295051,0.44041229505091906,1.6508716931566596,0.06472015380859375,515,0.2289623128549303,977.0,11300,3148,3148,25.18486714735627,0.020979689528451327,0.025777755524417884,3.2221084953940635,9,141.0
n50_i995007_T_a1101_W,n50_i995007_T_a1101,50,995007,T,1101,W,0,0,0.9377384269631457,0.055673030269381536,0.14135246587898956,33900.0,2531.172,117.53109595807769,10.648592069301756,1200.252570182085,0.25257018208503723,0.5630287248641253,0.06472015380859375,174,0.3102261168922619,803.0,9371,2122,2122,16.8690104810521,0.014054550600539832,0.021007485032443464,2.6425902864259028,2,82.0
n50_i995007_T_a1101_GW,n50_i995007_T_a1101,50,995007,T,1101,GW,0,1,0.8580271577797698,0.12208405957549634,0.13492369758083297,33900.0,2475.426,87.02579444431657,8.685164119659435,1200.0924630090594,0.09246300905942917,1.6482789376750588,0.06472015380859375,519,0.25990597716588315,795.0,9252,2294,2294,21.848182541318238,0.0182054160114772,0.027481990618010363,2.8855345911949684,2,106.0
n50_i995007_T_a1101_LEGACY,n50_i995007_T_a1101,50,995007,T,1101,LEGACY,0,2,0.7687338621597403,0.16882535017668945,0.16922302865673217,33900.0,2550.687,89.18688740324956,11.811839796933524,1200.4903760785237,0.49037607852369547,1.0976162478327751,0.06472015380859375,369,0.18582510578279265,579.0,6866,1079,1079,13.201855246908963,0.010997052129675243,0.022801131687234823,1.8635578583765113,2,62.0
n50_i995007_T_a1101_REFERENCE,n50_i995007_T_a1101,50,995007,T,1101,REFERENCE,0,3,0.7037618036399408,0.21315394453827305,0.21504714012313214,33960.0,2579.8335,80.97090093914593,9.06682841661801,1200.5300530502573,0.5300530502572656,0.9481238070875406,0.06472015380859375,261,0.22673403766651354,514.0,6105,642,642,11.425787759944797,0.009517285911264467,0.02222915906604046,1.2490272373540856,1,58.0
n50_i995007_T_a1101_G,n50_i995007_T_a1101,50,995007,T,1101,G,0,4,0.5694912992186629,0.31050916168916926,0.3130719389857334,33960.0,2668.545,79.29731543056964,7.577482362938825,1200.0027930745855,0.0027930745854973793,0.4602021314203739,0.06472015380859375,127,0.28098537336412627,436.0,5177,549,549,9.042893189005554,0.007535726784298824,0.020740580708728334,1.2591743119266054,2,34.0
n50_i995008_H_a2202_GW,n50_i995008_H_a2202,50,995008,H,2202,GW,1,0,1.0237856232260167,0.06224677754463035,0.06374431962730728,31440.0,2521.275,113.17872288736568,9.320522279616144,1200.0400475906208,0.040047590620815754,0.6905554123222828,0.07260513305664062,244,0.27465355386678586,1104.0,12364,3392,3392,17.392001084052026,0.014492850566921327,0.01575362417033698,3.072463768115942,13,150.0
n50_i995008_H_a2202_LEGACY,n50_i995008_H_a2202,50,995008,H,2202,LEGACY,1,1,0.987593153928444,0.01882559224809016,0.06494958387878369,31560.0,2674.6725,91.56816897758526,9.889668854308642,1200.242412042804,0.24241204280406237,2.1888843812048435,0.07260513305664062,815,0.21912384161752316,516.0,6148,799,799,10.32761855609715,0.008604610579057622,0.020014764643599126,1.5484496124031009,4,55.0
n50_i995008_H_a2202_REFERENCE,n50_i995008_H_a2202,50,995008,H,2202,REFERENCE,1,2,0.9670114670742527,0.03725721813104027,0.05880765526877359,31440.0,2676.7050000000004,93.15089732223603,10.545180212660545,1200.0743225617334,0.07432256173342466,0.958666474558413,0.07260513305664062,257,0.22860529435005927,588.0,6999,1138,1138,12.741396906785667,0.010617173176064046,0.021669042358479024,1.935374149659864,2,57.0
n50_i995008_H_a2202_G,n50_i995008_H_a2202,50,995008,H,2202,G,1,3,0.8590455332741852,0.08324036262566901,0.1265189776758103,31440.0,2782.995,82.93925124504392,10.717370278493226,1200.4810569826514,0.4810569826513529,2.2553415317088366,0.07260513305664062,1013,0.19796362505829318,552.0,6573,1117,1117,11.569002511911094,0.009636972149305879,0.02095833788389691,2.023550724637681,10,52.0
n50_i995008_H_a2202_W,n50_i995008_H_a2202,50,995008,H,2202,W,1,4,0.876909484103017,0.11820090362505614,0.12449818333915545,31440.0,2730.21,79.66457924225375,6.755400387443176,1200.520995776169,0.5209957761690021,1.7433800604194403,0.07260513305664062,785,0.28199753390875465,568.0,6149,1877,1877,12.6130699403584,0.010506330155603578,0.022206109049926762,3.3045774647887325,6,74.0
n50_i995008_H_a1101_G,n50_i995008_H_a1101,50,995008,H,1101,G,1,0,0.9159245345986016,0.09234820187005924,0.09875895975606253,31440.0,2695.3425,124.4371882654391,15.02157063885686,1200.3405258674175,0.3405258674174547,2.0191716961562634,0.07260513305664062,679,0.17153790693805113,677.0,8025,1161,1161,10.026500473730266,0.008353046704379733,0.014810192723382963,1.7149187592319055,2,72.0
n50_i995008_H_a1101_W,n50_i995008_H_a1101,50,995008,H,1101,W,1,1,0.8811414537719082,0.09139866322126493,0.11469185173369878,31440.0,2751.4350000000004,94.18561800969633,9.189450390508187,1200.2894113659859,0.28941136598587036,1.5409534620121121,0.07260513305664062,501,0.24152311876699908,649.0,7345,1796,1796,15.2525137597695,0.012707363420303291,0.02350156203354314,2.7673343605546994,4,93.0
n50_i995008_H_a1101_GW,n50_i995008_H_a1101,50,995008,H,1101,GW,1,2,1.017035079124269,0.019363249729625755,0.03852165676152944,31440.0,2632.17,111.24945225078427,14.554554876070522,1200.31152781751,0.3115278175100684,0.8531757481396198,0.07260513305664062,216,0.17515741270749857,987.0,11371,2627,2627,22.584512239322066,0.018815542228763558,0.02288197795270726,2.6616008105369806,4,136.0
n50_i995008_H_a1101_LEGACY,n50_i995008_H_a1101,50,995008,H,1101,LEGACY,1,3,0.941065331451929,0.11123695027333967,0.12328902248840586,31440.0,2634.945,86.03393766570355,7.449442539890136,1200.22403718438,0.22403718437999487,1.8303260756656528,0.07260513305664062,819,0.24538642210043618,901.0,10601,2422,2422,18.85952438414097,0.01571333667702886,0.020931769571743582,2.688124306326304,12,168.0
n50_i995008_H_a1101_REFERENCE,n50_i995008_H_a1101,50,995008,H,1101,REFERENCE,1,4,0.9443086296706752,0.07925900490432702,0.09572713123593339,31440.0,2675.2425000000003,94.97921167737367,8.047419257992727,1200.136303375475,0.13630337547510862,0.8339997744187713,0.07260513305664062,293,0.2520190515634707,536.0,6387,833,833,9.87238641269505,0.008226054311437966,0.018418631366968377,1.5541044776119404,4,66.0
n50_i995008_T_a2202_LEGACY,n50_i995008_T_a2202,50,995008,T,2202,LEGACY,1,0,0.6469560710995436,0.1744404629834784,0.18531359107140202,31440.0,2699.973,98.11131134367548,8.977576367307464,1200.880901359953,0.8809013599529862,2.375439773313701,0.07260513305664062,827,0.30331138113347555,810.0,9632,1888,1888,11.698124090209603,0.00974128581523939,0.014442128506431609,2.330864197530864,22,57.0
n50_i995008_T_a2202_REFERENCE,n50_i995008_T_a2202,50,995008,T,2202,REFERENCE,1,1,0.9923569433624396,0.04612745699691129,0.05573298829130398,31440.0,2463.756,91.37762613280661,8.90767746269647,1200.4251439031214,0.4251439031213522,0.9798813806846738,0.07260513305664062,381,0.23875432525951557,526.0,6202,1038,1038,9.978821971453726,0.008312739883978182,0.01897114443242153,1.973384030418251,1,76.0
n50_i995008_T_a2202_G,n50_i995008_T_a2202,50,995008,T,2202,G,1,2,1.0401227307276304,0.04279907846680525,0.04379761728043859,31470.0,2403.153,96.53608873840477,7.607105782583035,1200.193642752245,0.19364275224506855,1.2699155388399959,0.07260513305664062,383,0.26768893756845563,696.0,8223,1536,1536,13.339355608448386,0.01111433616483671,0.019165740816736186,2.206896551724138,9,108.0
n50_i995008_T_a2202_W,n50_i995008_T_a2202,50,995008,T,2202,W,1,3,0.8266665891105948,0.07495375967494643,0.08532690227955013,31440.0,2596.563,101.47280113770408,13.622081567670538,1200.1836810903624,0.18368109036237001,0.5772002823650837,0.07260513305664062,187,0.1744449201786042,1554.0,17750,6095,6095,36.80947847850621,0.030669870835991483,0.023686923087841833,3.9221364221364223,4,217.0
n50_i995008_T_a2202_GW,n50_i995008_T_a2202,50,995008,T,2202,GW,1,4,0.923410995934979,0.02879374117928191,0.04703928719937353,31440.0,2535.513,111.05998779891945,11.595671567130772,1200.1892188331112,0.18921883311122656,2.4545817971229553,0.07260513305664062,911,0.2154199899403607,1303.0,15018,3497,3497,23.75174631830305,0.019790001397776077,0.018228508302611704,2.683806600153492,4,157.0
n50_i995008_T_a1101_W,n50_i995008_T_a1101,50,995008,T,1101,W,1,0,0.8376107341934802,0.07002925670388467,0.0846587203453334,31440.0,2585.769,105.15981752025094,10.253519645069392,1200.1732503548265,0.17325035482645035,1.4152274318039417,0.07260513305664062,562,0.2585730537948968,758.0,8731,2146,2146,14.577958594076335,0.012146545167346813,0.01923213534838567,2.8311345646437993,6,69.0
n50_i995008_T_a1101_GW,n50_i995008_T_a1101,50,995008,T,1101,GW,1,1,0.9042912131575372,0.04360980841577549,0.05524988772869175,31440.0,2545.392,96.93178790509796,8.671270145364394,1200.400843879208,0.4008438792079687,0.7502702698111534,0.07260513305664062,192,0.2684215582668844,807.0,9417,2275,2275,18.920497645623982,0.01576181634834629,0.0234454741581462,2.81908302354399,6,76.0
n50_i995008_T_a1101_LEGACY,n50_i995008_T_a1101,50,995008,T,1101,LEGACY,1,2,0.8844247132042315,0.051597112791307444,0.07372961528043068,31440.0,2555.6279999999997,90.14218275246172,8.043469126543844,1200.1040655635297,0.10406556352972984,1.0882347198203206,0.07260513305664062,312,0.27670154356158705,565.0,6628,1396,1396,12.072048237547278,0.010059167853813276,0.021366457057605804,2.470796460176991,1,51.0
n50_i995008_T_a1101_REFERENCE,n50_i995008_T_a1101,50,995008,T,1101,REFERENCE,1,3,0.7612702177338426,0.11112349382249569,0.12040106268504448,31440.0,2622.063,91.8536495246411,8.294883578270472,1200.1373986825347,0.13739868253469467,0.4437173428013921,0.07260513305664062,87,0.27604218985434453,611.0,7214,1441,1441,12.857481459155679,0.010713341216822452,0.021043341177014206,2.358428805237316,0,41.0
n50_i995008_T_a1101_G,n50_i995008_T_a1101,50,995008,T,1101,G,1,4,0.5994883134267381,0.20973056192280948,0.21561608795311465,31440.0,2711.9790000000003,87.33117270359952,7.726837295270255,1200.3617580607533,0.3617580607533455,2.1758252950385213,0.07260513305664062,996,0.28452830188679246,578.0,6854,1031,1031,9.729696792550385,0.008105637094161693,0.01683338545423942,1.7837370242214532,0,45.0
n50_i995009_H_a1101_REFERENCE,n50_i995009_H_a1101,50,995009,H,1101,REFERENCE,0,0,0.6410718577250858,0.21696092566555633,0.22705622737498082,31140.0,2571.5175,115.62230834248231,11.64664127721755,1200.0884776404127,0.08847764041274786,0.8826458035036922,0.05483245849609375,239,0.29262359590756243,975.0,11653,2230,2230,15.961531756445765,0.01330029581471274,0.016370801801482836,2.287179487179487,1,59.0
n50_i995009_H_a1101_G,n50_i995009_H_a1101,50,995009,H,1101,G,0,1,0.7230955666597685,0.17489563384842713,0.17841363493539195,31140.0,2509.5150000000003,91.70703492042512,7.956922887065253,1200.4640657668933,0.46406576689332724,1.0061571821570396,0.06472015380859375,277,0.3335427135678392,662.0,7815,1427,1427,13.369132896885276,0.011136637303961833,0.020195064798920356,2.1555891238670695,0,42.0
n50_i995009_H_a1101_W,n50_i995009_H_a1101,50,995009,H,1101,W,0,2,0.858930905504963,0.07564618760065434,0.08008071347778087,31140.0,2450.55,84.90681194775482,8.205122596833485,1200.1039452841505,0.10394528415054083,1.1505577098578215,0.06472015380859375,456,0.2992789682136691,1570.0,17420,6720,6720,36.13135151192546,0.030106851705558373,0.023013599689124496,4.280254777070064,38,160.0
n50_i995009_H_a1101_GW,n50_i995009_H_a1101,50,995009,H,1101,GW,0,3,0.6745789418065201,0.19827746370829707,0.2014601062352277,31140.0,2485.2375,85.21844528398506,7.102855998597728,1200.5030091674998,0.5030091674998403,2.0476272655650973,0.06472015380859375,951,0.29400727102146124,887.0,9778,3299,3299,19.351371239870787,0.016119385867504138,0.021816653032548802,3.719278466741826,2,91.0
n50_i995009_H_a1101_LEGACY,n50_i995009_H_a1101,50,995009,H,1101,LEGACY,0,4,0.8195610324327061,0.09055828743723185,0.0960532708355411,31140.0,2473.545,79.80087219039595,7.590284338772693,1200.3502890476957,0.35028904769569635,0.8132511917501688,0.06472015380859375,296,0.27911315991658436,592.0,7042,1284,1284,12.828452898189425,0.010687257724048991,0.0216696839496443,2.168918918918919,0,60.0
n50_i995009_H_a2202_W,n50_i995009_H_a2202,50,995009,H,2202,W,0,0,0.9866104544658557,0.00350437277901255,0.007145491031788296,31140.0,2322.2475,124.62106074100382,19.163049175167963,1200.1743454169482,0.17434541694819927,1.3891775095835328,0.06472015380859375,575,0.15048480368711684,1003.0,11495,2705,2705,22.208690465427935,0.018504553567767267,0.022142263674404722,2.69690927218345,2,162.0
n50_i995009_H_a2202_GW,n50_i995009_H_a2202,50,995009,H,2202,GW,0,1,0.865438371454006,0.07910999112235023,0.0822377962399198,31140.0,2422.3575,90.08563882443976,8.964325436285355,1200.3134063435718,0.3134063435718417,1.7239601584151387,0.06472015380859375,781,0.2572490706319703,804.0,8944,2737,2737,21.121839384548366,0.017596936994055828,0.026270944508144736,3.404228855721393,11,84.0
n50_i995009_H_a2202_LEGACY,n50_i995009_H_a2202,50,995009,H,2202,LEGACY,0,2,0.4524388339432233,0.36971413453710333,0.36971413453710333,31140.0,2521.53,83.44557179804572,7.009824593492045,1200.315341386944,0.31534138694405556,1.6642103800550103,0.06472015380859375,515,0.29736154028999284,649.0,7667,1410,1410,14.140011306852102,0.011780247089496964,0.02178738259915578,2.172573189522342,9,87.0
n50_i995009_H_a2202_REFERENCE,n50_i995009_H_a2202,50,995009,H,2202,REFERENCE,0,3,0.7301353127845556,0.16929529095678464,0.1759658537576964,31140.0,2488.35,85.49838340606408,8.270757563964423,1200.0109933391213,0.010993339121341705,2.2977537447586656,0.06472015380859375,1073,0.2746599496221662,634.0,7560,1236,1236,11.94767372123897,0.009956303556847979,0.018844911232238123,1.9495268138801263,0,62.0
n50_i995009_H_a2202_G,n50_i995009_H_a2202,50,995009,H,2202,G,0,4,0.6512060335213612,0.2143577369606542,0.21486347032465622,31140.0,2516.085,82.56408053627646,7.391136756255018,1200.0860344646499,0.08603446464985609,1.3412884324789047,0.06472015380859375,582,0.2979706877113867,554.0,6561,1304,1304,11.262114394456148,0.009384422508907956,0.02032872634378366,2.3537906137184117,3,49.0
n50_i995009_T_a2202_GW,n50_i995009_T_a2202,50,995009,T,2202,GW,0,0,1.0803432301214735,0.0006693982275782553,0.006813057518150992,31140.0,2216.94,108.20078735917988,10.196932840132135,1200.3609508760273,0.36095087602734566,0.9640709208324552,0.05483245849609375,356,0.26952614379084966,964.0,10857,3235,3235,19.614367461763322,0.01634039115271843,0.02034685421344743,3.3558091286307055,9,136.0
n50_i995009_T_a2202_LEGACY,n50_i995009_T_a2202,50,995009,T,2202,LEGACY,0,1,0.6481732869682213,0.24227126643282668,0.24401223052008147,31140.0,2542.188,86.37392257036544,7.133832007243639,1200.6170023772866,0.6170023772865534,2.184560432098806,0.06472015380859375,1012,0.3133683596030356,767.0,9011,2171,2171,16.485998234711587,0.013731271672871881,0.021494130684108978,2.830508474576271,7,70.0
n50_i995009_T_a2202_REFERENCE,n50_i995009_T_a2202,50,995009,T,2202,REFERENCE,0,2,0.6330816348792139,0.26548553539940284,0.275499007182605,31140.0,2552.268,79.62050036390296,8.931621317795967,1200.1180545622483,0.11805456224828959,1.6964381411671638,0.06472015380859375,747,0.23630935721615823,672.0,7926,1589,1589,14.979167701676488,0.012481411845054066,0.022290428127494773,2.3645833333333335,2,83.0
n50_i995009_T_a2202_G,n50_i995009_T_a2202,50,995009,T,2202,G,0,3,0.6761243181144204,0.2411645737423457,0.24404815160817836,31140.0,2518.995,87.14747904692011,10.09867066578814,1200.356007357128,0.3560073571279645,0.9894230142235756,0.06472015380859375,384,0.2304075235109718,606.0,7163,1222,1222,11.83276180177927,0.009857710320317334,0.019526009573893183,2.0165016501650164,0,48.0
n50_i995009_T_a2202_W,n50_i995009_T_a2202,50,995009,T,2202,W,0,4,0.9484165931267459,0.08791237471425323,0.08916232968594784,31140.0,2227.2825000000003,84.94280232202419,10.173174828402258,1200.3135900022462,0.31359000224620104,1.3092283206060529,0.06472015380859375,390,0.20784538530832855,1192.0,13595,3863,3863,32.14069863315672,0.026776918049471198,0.026963673349963687,3.240771812080537,20,210.0
n50_i995009_T_a1101_G,n50_i995009_T_a1101,50,995009,T,1101,G,0,0,0.8428621867373225,0.12777636407784354,0.16076088971222194,31140.0,2401.4235,91.64399878615592,10.643318903529616,1200.4714051894844,0.47140518948435783,1.3907621623948216,0.05483245849609375,415,0.22798779056116458,803.0,9490,1726,1726,14.428570724092424,0.012019087386604593,0.01796833215951734,2.149439601494396,4,104.0
n50_i995009_T_a1101_W,n50_i995009_T_a1101,50,995009,T,1101,W,0,1,0.8618846701840241,0.1290776885659705,0.1319666051656303,31140.0,2325.3869999999997,82.10363045119428,8.92572041954502,1200.239252009429,0.23925200942903757,2.1339010959491134,0.06472015380859375,732,0.2243069168300196,645.0,7315,1802,1802,18.160136371850967,0.01513043032166082,0.02815525018891623,2.793798449612403,2,95.0
n50_i995009_T_a1101_GW,n50_i995009_T_a1101,50,995009,T,1101,GW,0,2,0.72806492315047,0.18505972069227372,0.19549189321536406,31140.0,2507.031,83.06496315987647,7.319996753509852,1200.0005322117358,0.0005322117358446121,0.6414031079038978,0.06472015380859375,136,0.3211520947176685,733.0,8350,2628,2628,17.711371158249676,0.01475946941923903,0.024162852876193283,3.5852660300136425,1,53.0
n50_i995009_T_a1101_LEGACY,n50_i995009_T_a1101,50,995009,T,1101,LEGACY,0,3,0.5310735583462836,0.3608299743700947,0.3611372903567855,31140.0,2593.041,75.73094500882658,7.149174441391921,1200.6980764521286,0.6980764521285892,1.6215292513370514,0.06472015380859375,526,0.2805219012115564,495.0,5883,885,885,11.030622229911387,0.009186840927158905,0.022284085312952298,1.7878787878787878,3,49.0
n50_i995009_T_a1101_REFERENCE,n50_i995009_T_a1101,50,995009,T,1101,REFERENCE,0,4,0.5917188051620836,0.28132747618261883,0.2848077576914398,31140.0,2602.3395,89.3202737341013,9.61319827734282,1200.4329534322023,0.4329534322023392,1.2965869084000587,0.06472015380859375,392,0.26655112651646445,649.0,7634,1361,1361,13.740495362319052,0.011446283045657063,0.02117179562761025,2.0970724191063175,1,65.0
n50_i995010_H_a1101_REFERENCE,n50_i995010_H_a1101,50,995010,H,1101,REFERENCE,1,0,0.8502788169931417,0.07135000773631102,0.10228576916994322,34290.0,2971.125,108.93674431704876,10.758197135069016,1200.2010966977105,0.20109669771045446,0.8462405679747462,0.07260513305664062,235,0.25503407682775714,622.0,7333,1321,1321,9.428410595282912,0.007855692367907913,0.015158216391130084,2.1237942122186495,6,49.0
n50_i995010_H_a1101_G,n50_i995010_H_a1101,50,995010,H,1101,G,1,1,0.9864695928125535,0.06554500960002597,0.09898748636245397,34440.0,2804.025,97.30549766030266,7.732274666352217,1200.0349703533575,0.03497035335749388,1.513823138549924,0.07260513305664062,695,0.27837051406401553,572.0,6763,1344,1344,10.899917419999838,0.009082999820238816,0.0190557996853144,2.3496503496503496,1,68.0
n50_i995010_H_a1101_W,n50_i995010_H_a1101,50,995010,H,1101,W,1,2,1.0804468426181093,0.007905703118968556,0.043531636813548415,34410.0,2746.8375,112.40079176184958,9.86027405270369,1200.1694817757234,0.16948177572339773,0.9535349691286683,0.07260513305664062,281,0.25891499070474905,1300.0,13461,5929,5929,26.8329095877707,0.022357600318306532,0.02064069968290054,4.560769230769231,10,156.0
n50_i995010_H_a1101_GW,n50_i995010_H_a1101,50,995010,H,1101,GW,1,3,1.1114256959151838,0.015722694068756916,0.020937148818342646,34440.0,2671.3650000000002,109.96096010664654,12.289259363785424,1200.2350640809163,0.23506408091634512,1.3383926507085562,0.07260513305664062,437,0.18461016949152542,1030.0,10848,3708,3708,23.132568375207484,0.019273364916164416,0.022458804247774255,3.6,10,154.0
n50_i995010_H_a1101_LEGACY,n50_i995010_H_a1101,50,995010,H,1101,LEGACY,1,4,1.0113433090893793,0.10750466158014686,0.11779396590429214,34470.0,2731.29,96.21180773237906,8.028479679001466,1200.4763523545116,0.4763523545116186,1.3907466111704707,0.07260513305664062,587,0.21570865324756172,912.0,10612,2683,2683,18.893427850678563,0.01573827573831222,0.020716477906445794,2.941885964912281,8,156.0
n50_i995010_H_a2202_W,n50_i995010_H_a2202,50,995010,H,2202,W,1,0,0.9321811160458174,0.05018929794136935,0.07842629980074586,34230.0,2884.395,97.30416679151176,9.866643345849914,1200.205539504066,0.20553950406610966,2.021415425464511,0.07260513305664062,897,0.22563756122276643,880.0,10114,2561,2561,15.47407501284033,0.012892854184987626,0.017584176150954922,2.9102272727272727,1,137.0
n50_i995010_H_a2202_GW,n50_i995010_H_a2202,50,995010,H,2202,GW,1,1,0.848821984424,0.0935646616872063,0.11279038398663709,34290.0,2952.54,98.26820287766809,10.553850351450025,1200.2254701536149,0.22547015361487865,1.0040424577891827,0.07260513305664062,414,0.22673087550327622,970.0,10610,3937,3937,20.16024291701615,0.0167970464036527,0.02078375558455273,4.058762886597938,8,97.0
n50_i995010_H_a2202_LEGACY,n50_i995010_H_a2202,50,995010,H,2202,LEGACY,1,2,0.9317710892623494,0.047995087678595505,0.08263136131233573,34350.0,2883.405,102.68582687842955,8.931521140052814,1200.019552317448,0.019552317447960377,1.318403190933168,0.07260513305664062,409,0.2408098525844374,519.0,6164,975,975,10.35869063064456,0.008632101544212437,0.019958941484864278,1.8786127167630058,0,65.0
n50_i995010_H_a2202_REFERENCE,n50_i995010_H_a2202,50,995010,H,2202,REFERENCE,1,3,0.827850116991766,0.11089996377012942,0.13299872257149517,34290.0,2973.9900000000002,95.21961789048166,8.069967615796964,1200.0048155141994,0.004815514199435711,0.8378300489857793,0.07260513305664062,221,0.23605947955390336,500.0,5919,1028,1028,9.442723857238889,0.007868904970346058,0.01888544771447778,2.056,6,58.0
n50_i995010_H_a2202_G,n50_i995010_H_a2202,50,995010,H,2202,G,1,4,0.9208263288354536,0.10232107103248612,0.12379201301644456,34290.0,2866.5,105.25088183954428,9.171338912233203,1200.369990178384,0.3699901783838868,1.006391467526555,0.07260513305664062,420,0.23726042329003544,540.0,6371,1147,1147,9.841506388038397,0.008198727449505694,0.018225011829700734,2.1240740740740742,4,63.0
n50_i995010_T_a2202_GW,n50_i995010_T_a2202,50,995010,T,2202,GW,1,0,1.0489322052245058,0.03715753262729005,0.0627890148032783,34320.0,2628.972,118.41539455922155,10.519368791935745,1200.0720052402467,0.07200524024665356,1.7085135923698545,0.07260513305664062,660,0.26259505703422054,912.0,10221,3044,3044,16.444306225515902,0.013702766295447295,0.018031037527977963,3.337719298245614,5,102.0
n50_i995010_T_a2202_LEGACY,n50_i995010_T_a2202,50,995010,T,2202,LEGACY,1,1,0.9571346271529052,0.08355613536427743,0.09826953710442085,34290.0,2775.3239999999996,104.86463306825759,7.813534714827912,1200.4810040965676,0.48100409656763077,0.851520118303597,0.07260513305664062,227,0.2658848614072495,619.0,7185,1706,1706,11.84699687268585,0.009868541719742921,0.019138928711931905,2.756058158319871,0,92.0
n50_i995010_T_a2202_REFERENCE,n50_i995010_T_a2202,50,995010,T,2202,REFERENCE,1,2,0.9999500153715787,0.06775641353230134,0.0828031974640119,34350.0,2702.61,108.28527327102101,7.940503477946538,1200.3017222359776,0.3017222359776497,0.8923046635463834,0.07260513305664062,348,0.2952470884482216,756.0,8907,1872,1872,14.157378073781729,0.01179484942120112,0.018726690573785357,2.4761904761904763,3,102.0
n50_i995010_T_a2202_G,n50_i995010_T_a2202,50,995010,T,2202,G,1,3,0.9744676114813833,0.050622680600152584,0.05349929115136098,34350.0,2717.508,109.92622795432763,9.47424396113389,1200.0957592651248,0.09575926512479782,0.6129389265552163,0.07260513305664062,135,0.21072999120492525,727.0,8591,1594,1594,14.231962222605944,0.01185902217613105,0.019576289164519867,2.192572214580468,1,138.0
n50_i995010_T_a2202_W,n50_i995010_T_a2202,50,995010,T,2202,W,1,4,0.9973861579249741,0.060303173088578875,0.06651173164022257,34350.0,2696.373,103.14991719902332,9.329264407565717,1200.737754941918,0.7377549419179559,2.0721073346212506,0.07260513305664062,710,0.22210319585788252,847.0,9546,2865,2865,18.32467398326844,0.015261179144112813,0.02163479809122602,3.382526564344746,5,125.0
n50_i995010_T_a1101_G,n50_i995010_T_a1101,50,995010,T,1101,G,1,0,1.0920950591712164,0.004963062929806392,0.008826302081616041,34320.0,2515.794,113.77593934212382,13.380993635051874,1200.2098228288814,0.20982282888144255,3.0739105101674795,0.07260513305664062,1092,0.19171855541718555,1190.0,13981,2995,2995,17.243768751621246,0.014367295137593418,0.014490561976152307,2.5168067226890756,43,177.0
n50_i995010_T_a1101_W,n50_i995010_T_a1101,50,995010,T,1101,W,1,1,0.9762695162258552,0.06583831383309413,0.0827144212739328,34350.0,2748.855,101.09296269316646,8.689037007742343,1200.1329941060394,0.13299410603940487,1.0690541844815016,0.07260513305664062,455,0.25738396624472576,861.0,9803,2972,2972,20.16339728143066,0.01680096904297683,0.02341857988551761,3.4518002322880372,14,134.0
n50_i995010_T_a1101_GW,n50_i995010_T_a1101,50,995010,T,1101,GW,1,2,0.9588442282115682,0.07850891109153442,0.08388747051095427,34440.0,2752.14,92.22287840414505,8.074748989670057,1200.6565172988921,0.6565172988921404,1.453760739415884,0.07260513305664062,471,0.24992264053635896,884.0,10231,2893,2893,22.20938673056662,0.01849770222422222,0.025123740645437355,3.27262443438914,10,133.0
n50_i995010_T_a1101_LEGACY,n50_i995010_T_a1101,50,995010,T,1101,LEGACY,1,3,0.9769811624740463,0.04511170117703104,0.07894134184403821,34410.0,2788.0425,115.13799273847863,10.779343972563286,1200.0730316173285,0.07303161732852459,0.9142805794253945,0.07260513305664062,253,0.24907235621521337,754.0,8893,2146,2146,14.338014161214232,0.011947618006123352,0.019015933900814633,2.8461538461538463,1,73.0
n50_i995010_T_a1101_REFERENCE,n50_i995010_T_a1101,50,995010,T,1101,REFERENCE,1,4,1.0141304947568146,0.030695639057345042,0.04351916416066521,34320.0,2720.25,117.67090973318516,10.992671667926825,1200.2541691930965,0.2541691930964589,0.591789492405951,0.07260513305664062,203,0.23207518569046537,777.0,9157,1831,1831,15.524691505357623,0.012934503294243518,0.01998029794769321,2.3564993564993566,2,86.0
n50_i995011_H_a2202_G,n50_i995011_H_a2202,50,995011,H,2202,G,0,0,1.0430741705071012,0.07944725932209562,0.09922360157016062,33960.0,2551.92,143.7390532449081,25.938375362714343,1200.3835847312585,0.38358473125845194,0.5525110270828009,0.05483245849609375,134,0.11578237410071943,683.0,8123,864,864,10.007241670042276,0.008336703198321973,0.014651891171364973,1.2650073206442167,4,64.0
n50_i995011_H_a2202_W,n50_i995011_H_a2202,50,995011,H,2202,W,0,1,1.1134431177855755,0.0012108181114771006,0.02655231709152419,33960.0,2553.5099999999998,92.14378268954269,18.24995629046814,1200.2220526654273,0.22205266542732716,0.779039079323411,0.06472015380859375,271,0.12577611395178961,859.0,9987,1890,1890,22.727252994664013,0.018935873527895792,0.026457803253392333,2.2002328288707798,2,105.0
n50_i995011_H_a2202_GW,n50_i995011_H_a2202,50,995011,H,2202,GW,0,2,0.6132070161089964,0.2747775313644086,0.30864324521595327,33960.0,2759.4225,88.39090715300355,13.99325487217079,1200.0781914861873,0.07819148618727922,0.7158981328830123,0.06472015380859375,186,0.1669743345441553,679.0,8007,1447,1447,17.812078499235213,0.014842431622873322,0.02623281074997822,2.1310751104565537,9,80.0
n50_i995011_H_a2202_LEGACY,n50_i995011_H_a2202,50,995011,H,2202,LEGACY,0,3,0.7036387297584396,0.21262298078375452,0.22845739108076282,33960.0,2706.15,94.92772638181142,8.971733802243302,1200.1024815635756,0.10248156357556581,0.9554077070206404,0.06472015380859375,385,0.2676697315872574,496.0,5903,709,709,10.728539098985493,0.008939685788340025,0.02163011915118043,1.4294354838709677,2,34.0
n50_i995011_H_a2202_REFERENCE,n50_i995011_H_a2202,50,995011,H,2202,REFERENCE,0,4,0.41327135982215124,0.4404414119381479,0.4556080917497829,33960.0,2824.665,96.83191556553687,15.651916997793833,1200.1724774446338,0.17247744463384151,0.824059821665287,0.06472015380859375,309,0.15310087836039393,550.0,6525,786,786,10.996358253993094,0.009162314967767102,0.019993378643623806,1.4290909090909092,1,41.0
n50_i995011_H_a1101_LEGACY,n50_i995011_H_a1101,50,995011,H,1101,LEGACY,0,0,1.0613596833252201,0.0428081970029042,0.04863238973171253,33960.0,2544.5775000000003,98.35737030156864,8.170420446745318,1200.6726047871634,0.6726047871634364,2.2025047838687897,0.06472015380859375,747,0.33139653414882775,527.0,6282,730,730,8.750513909384608,0.007288009965827249,0.016604390719894894,1.3851992409867173,0,20.0
n50_i995011_H_a1101_REFERENCE,n50_i995011_H_a1101,50,995011,H,1101,REFERENCE,0,1,0.6490722786538936,0.2444350306560174,0.2676416518502116,33960.0,2733.0,83.83631383640241,7.863558715296711,1200.6014505410567,0.6014505410566926,3.0487720454111695,0.07604217529296875,1467,0.2900116513081241,501.0,5969,652,652,10.385333498939872,0.008650109071798699,0.020729208580718306,1.3013972055888223,0,25.0
n50_i995011_H_a1101_G,n50_i995011_H_a1101,50,995011,H,1101,G,0,2,0.9532940027008702,0.06573251235182169,0.08832145857240079,33960.0,2612.46,92.7797746294189,9.805186397636815,1200.2831483995542,0.283148399554193,0.7610929859802127,0.06472015380859375,287,0.24046223128558075,462.0,5507,649,649,9.109347749501467,0.007589332368489703,0.019717202920998846,1.4047619047619047,0,26.0
n50_i995011_H_a1101_W,n50_i995011_H_a1101,50,995011,H,1101,W,0,3,0.970524228119584,0.13898257536901923,0.14848984965722625,34020.0,2549.6025,99.15522361095239,7.575468416760523,1200.0578049914911,0.057804991491138935,1.3528627213090658,0.06472015380859375,416,0.28621713782862174,739.0,8513,1657,1657,20.081444022245705,0.016733730607575267,0.027173807878546286,2.2422192151556155,0,100.0
n50_i995011_H_a1101_GW,n50_i995011_H_a1101,50,995011,H,1101,GW,0,4,0.6819448162408326,0.22366524034093377,0.23230357475446411,33990.0,2720.3100000000004,99.27683231616827,10.117060473285088,1200.2498188149184,0.24981881491839886,0.5575874475762248,0.06472015380859375,179,0.25158527546734744,786.0,9004,1865,1865,16.81909634079784,0.014012996358878342,0.02139834140050616,2.372773536895674,5,94.0
n50_i995011_T_a2202_W,n50_i995011_T_a2202,50,995011,T,2202,W,0,0,0.5329014058152938,0.35119241044183747,0.35223471079147045,33960.0,2583.567,129.22486853338884,14.902838946600772,1200.2411127230152,0.24111272301524878,0.6091290386393666,0.05483245849609375,197,0.19298932185386033,1182.0,13799,2952,2952,23.61222077626735,0.019672897825252587,0.0199764981186695,2.49746192893401,7,204.0
n50_i995011_T_a2202_GW,n50_i995011_T_a2202,50,995011,T,2202,GW,0,1,0.8811539291006912,0.12931551994786977,0.1334601387552196,33960.0,2480.8799999999997,95.44252202764697,10.55602775776109,1200.16736320965,0.16736320964992046,1.7086985129863024,0.06472015380859375,536,0.22322203804562318,804.0,9420,1955,1955,20.191652587614954,0.016824030719862024,0.02511399575573999,2.431592039800995,1,104.0
n50_i995011_T_a2202_LEGACY,n50_i995011_T_a2202,50,995011,T,2202,LEGACY,0,2,0.8783565892875169,0.15036327512286465,0.15221832309506958,33960.0,2441.772,77.09883333219042,8.52737858128519,1200.2516250964254,0.2516250964254141,0.9954182403162122,0.06472015380859375,256,0.23126526624328286,710.0,8427,1550,1550,14.336550158448517,0.011944620493470903,0.0201923241668289,2.183098591549296,3,88.0
n50_i995011_T_a2202_REFERENCE,n50_i995011_T_a2202,50,995011,T,2202,REFERENCE,0,3,0.9298259400154952,0.10796768810333594,0.10885778730163083,33960.0,2463.4184999999998,87.76971814542271,10.810720355197498,1200.197542225942,0.19754222594201565,0.6998993651941419,0.06472015380859375,152,0.19938342967244702,515.0,6109,798,798,11.572012919932604,0.009641756888179101,0.022469927999869133,1.5495145631067961,0,61.0
n50_i995011_T_a2202_G,n50_i995011_T_a2202,50,995011,T,2202,G,0,4,1.0757452189080277,0.009715334312616819,0.012283458291472971,33960.0,2401.557,82.44659249138739,7.527696153137482,1200.8986303508282,0.8986303508281708,1.697456936351955,0.06472015380859375,526,0.27256637168141595,531.0,6309,814,814,10.331181923858821,0.008602875932034905,0.019456086485609835,1.5329566854990584,0,72.0
n50_i995011_T_a1101_REFERENCE,n50_i995011_T_a1101,50,995011,T,1101,REFERENCE,0,0,0.5293746514574696,0.3836381134263079,0.38422743618012983,33960.0,2620.41,104.30164766132039,12.90388068423368,1200.25908321701,0.259083217009902,2.1861093854531646,0.05483245849609375,777,0.2111957644628099,866.0,10296,1777,1777,13.329495782963932,0.011105515441913906,0.015392027463006849,2.051963048498845,9,84.0
n50_i995011_T_a1101_G,n50_i995011_T_a1101,50,995011,T,1101,G,0,1,0.4443670453514424,0.45516704776657196,0.46022174905808155,33990.0,2679.9735,92.89373411003557,13.379690789587926,1200.1024726592004,0.10247265920042992,1.3629438281059265,0.06472015380859375,405,0.16186087064831536,665.0,7914,1241,1241,13.77553807478398,0.011478634857121818,0.020715094849299218,1.8661654135338346,1,67.0
n50_i995011_T_a1101_W,n50_i995011_T_a1101,50,995011,T,1101,W,0,2,0.5448931089131636,0.3867498966230537,0.3867498966230537,34020.0,2550.564,94.55998218530678,9.826664815365355,1200.0002260748297,0.00022607482969760895,1.0280684074386954,0.06472015380859375,403,0.22871438263229307,784.0,9091,1962,1962,21.758873763494194,0.018132391386847416,0.02775366551466096,2.502551020408163,3,131.0
n50_i995011_T_a1101_GW,n50_i995011_T_a1101,50,995011,T,1101,GW,0,3,0.5972308742895243,0.34996508454595493,0.34996508454595493,34020.0,2535.456,93.94797372390515,9.964014947299798,1200.4197166766971,0.41971667669713497,2.8604469019919634,0.06472015380859375,1022,0.2274893403561575,794.0,9173,2072,2072,19.776555322110653,0.016474700512968142,0.024907500405680922,2.6095717884130982,0,132.0
n50_i995011_T_a1101_LEGACY,n50_i995011_T_a1101,50,995011,T,1101,LEGACY,0,4,0.7942297072285139,0.17105862476251418,0.19456527289872297,33960.0,2536.929,102.99387439290307,10.843653172523142,1200.1490450631827,0.1490450631827116,0.6203070851042867,0.06472015380859375,133,0.2538804364530506,764.0,9095,1343,1343,15.015532269142568,0.012511389590242155,0.019653838048615927,1.7578534031413613,0,81.0
n50_i995012_H_a2202_G,n50_i995012_H_a2202,50,995012,H,2202,G,1,0,0.965873994603815,0.05143595537030431,0.05271060528599114,37800.0,2781.2475,106.33699504996531,10.402287564230152,1200.0245064292103,0.024506429210305214,2.651968790218234,0.07260513305664062,1132,0.2442521829688376,969.0,11285,2729,2729,14.464633365161717,0.012053614978416267,0.014927382213789182,2.8163054695562435,1,140.0
n50_i995012_H_a2202_W,n50_i995012_H_a2202,50,995012,H,2202,W,1,1,0.806489367875449,0.14421230367142798,0.14939307005097335,37800.0,3059.5125000000003,96.88684006718984,11.23235116866426,1200.1939573977143,0.19395739771425724,1.0840125614777207,0.07260513305664062,402,0.19004524886877827,856.0,9747,3072,3072,20.648804906755686,0.017204556629769125,0.02412243563873328,3.588785046728972,2,114.0
n50_i995012_H_a2202_GW,n50_i995012_H_a2202,50,995012,H,2202,GW,1,2,0.8430540512914434,0.15495938024498634,0.15641491180581804,37800.0,2873.7825000000003,96.17523190023824,9.029004729308557,1200.132276465185,0.1322764651849866,1.3377891760319471,0.07260513305664062,584,0.22988187523071243,1203.0,13491,4283,4283,26.867946788668633,0.022387487875756715,0.022334120356333028,3.5602660016625105,19,197.0
n50_i995012_H_a2202_LEGACY,n50_i995012_H_a2202,50,995012,H,2202,LEGACY,1,3,0.879013157194239,0.12491532526350847,0.1284642083991247,37800.0,2829.675,79.17132597702688,6.16187012186391,1200.4472430786118,0.44724307861179113,4.983192720450461,0.07551956176757812,1803,0.26294443693389213,693.0,8086,1879,1879,13.447999576106668,0.011202491116243099,0.019405482793804715,2.7113997113997113,10,137.0
n50_i995012_H_a2202_REFERENCE,n50_i995012_H_a2202,50,995012,H,2202,REFERENCE,1,4,0.8830649064824493,0.10700049932451611,0.10939353376678523,37800.0,2887.9275,80.4698577486511,8.546422826871213,1200.1512454720214,0.15124547202140093,0.7506053047254682,0.07260513305664062,271,0.22218972409086477,561.0,6600,1289,1289,11.764936458319426,0.009802878181151458,0.020971366235863504,2.2976827094474155,0,60.0
n50_i995012_H_a1101_LEGACY,n50_i995012_H_a1101,50,995012,H,1101,LEGACY,1,0,1.009711078363938,0.005663214261366082,0.016568640304492302,37860.0,2878.1475,128.957185603088,15.672733659368262,1200.1735248500481,0.1735248500481248,1.8710504714399576,0.07260513305664062,828,0.20494417862838915,900.0,10602,1882,1882,13.898108884692192,0.01158008287712283,0.015442343205213547,2.091111111111111,5,78.0
n50_i995012_H_a1101_REFERENCE,n50_i995012_H_a1101,50,995012,H,1101,REFERENCE,1,1,0.7779576429275691,0.15115306886916516,0.1546203058238103,37800.0,3070.4175000000005,96.01541134511953,8.026133418824468,1200.5780987143517,0.578098714351654,1.6315695336088538,0.07260513305664062,677,0.283208800332088,579.0,6869,1209,1209,10.923204451799393,0.009098287286346962,0.018865638086009315,2.088082901554404,1,57.0
n50_i995012_H_a1101_G,n50_i995012_H_a1101,50,995012,H,1101,G,1,2,0.7999950621924182,0.13263358852574023,0.1333100553258895,37800.0,3006.6375000000003,93.59470185716863,7.836416633936212,1200.5487251989543,0.5487251989543438,1.599256370216608,0.07260513305664062,522,0.25563350340136054,570.0,6775,1125,1125,10.420878475531936,0.008680096239996417,0.01828224293952971,1.9736842105263157,5,65.0
n50_i995012_H_a1101_W,n50_i995012_H_a1101,50,995012,H,1101,W,1,3,0.9903987778726591,0.03387926759608215,0.035963645495796434,37800.0,2802.8100000000004,98.22979121682134,9.436570349069093,1200.5421017305925,0.5421017305925488,1.6708798743784428,0.07260513305664062,727,0.2447700591402595,954.0,10638,3430,3430,23.651424951851368,0.019700621009257086,0.024791850054351538,3.5953878406708597,4,148.0
n50_i995012_H_a1101_GW,n50_i995012_H_a1101,50,995012,H,1101,GW,1,4,0.929958594287369,0.0635924405937276,0.06865553042136725,37800.0,2888.1675,97.40507828311982,10.264126555190128,1200.4918230250478,0.4918230250477791,2.024024708196521,0.07260513305664062,906,0.23161824379159227,1080.0,12137,3763,3763,22.98058650456369,0.01914264309327512,0.02127832083755897,3.484259259259259,9,148.0
n50_i995012_T_a2202_W,n50_i995012_T_a2202,50,995012,T,2202,W,1,0,1.0391103937542456,0.028574814301181438,0.03964715920696643,37800.0,2838.7980000000002,127.51907248713515,13.964910416785255,1200.0793059049174,0.07930590491741896,0.8282776940613985,0.07260513305664062,204,0.2333671460110985,1468.0,16009,6291,6291,26.300662715919316,0.02191577055491958,0.017915982776511796,4.28542234332425,0,142.0
n50_i995012_T_a2202_GW,n50_i995012_T_a2202,50,995012,T,2202,GW,1,1,0.7025568212370787,0.23954942282488909,0.2479615002283627,37800.0,3095.919,91.29849573122048,8.689977269571685,1200.3483641464263,0.3483641464263201,1.384743805974722,0.07260513305664062,443,0.24302559677883231,1034.0,11190,4324,4324,22.825926541350782,0.019016085015938194,0.022075364159913714,4.181818181818182,6,95.0
n50_i995012_T_a2202_LEGACY,n50_i995012_T_a2202,50,995012,T,2202,LEGACY,1,2,0.9038107709641301,0.10108269984900797,0.1121157471650067,37800.0,2930.0069999999996,81.97367075031268,8.40764142050648,1200.3366336943582,0.33663369435817003,2.1918701846152544,0.07260513305664062,1035,0.24266745937376138,896.0,10480,2569,2569,16.187398890964687,0.013485715953818407,0.018066293405094518,2.8671875,2,127.0
n50_i995012_T_a2202_REFERENCE,n50_i995012_T_a2202,50,995012,T,2202,REFERENCE,1,3,0.8057948828923639,0.15308858391371744,0.15724166882193027,37800.0,3001.773,78.42303235556143,7.548268924122121,1200.5401623994112,0.5401623994112015,2.777968116104603,0.07260513305664062,1233,0.25270359743985876,675.0,7927,1743,1743,14.249495152384043,0.011869236530916935,0.0211103631887171,2.582222222222222,5,66.0
n50_i995012_T_a2202_G,n50_i995012_T_a2202,50,995012,T,2202,G,1,4,0.992469085298109,0.05083747269019297,0.05620009815689713,37800.0,2858.526,80.46413397325252,8.400793218369959,1200.1247665463015,0.12476654630154371,0.853956451639533,0.07260513305664062,209,0.247768299940488,806.0,9401,2390,2390,17.534119801595807,0.014610247442901455,0.02175449106897743,2.965260545905707,5,86.0
n50_i995012_T_a1101_REFERENCE,n50_i995012_T_a1101,50,995012,T,1101,REFERENCE,1,0,1.0591794520421554,0.03515783828414101,0.03677519843899986,37860.0,2771.658,107.58581565350885,10.817991779777298,1200.1303258771077,0.13032587710767984,1.8772854488343,0.07260513305664062,802,0.24832473234229377,796.0,9282,2024,2024,12.526305415667593,0.010437454287735645,0.015736564592547228,2.542713567839196,5,75.0
n50_i995012_T_a1101_G,n50_i995012_T_a1101,50,995012,T,1101,G,1,1,1.0107900227256992,0.040312919387691604,0.05760539803711106,37860.0,2853.2700000000004,97.39332045755036,8.130968350345047,1200.226046825759,0.22604682575911283,1.0622213166207075,0.07260513305664062,311,0.2977764115175735,497.0,5880,1041,1041,9.642159396782517,0.008033619518825775,0.01940072313235919,2.0945674044265594,2,33.0
n50_i995012_T_a1101_W,n50_i995012_T_a1101,50,995012,T,1101,W,1,2,0.9659110048344017,0.09408123201770816,0.09762011049607991,37860.0,2822.238,86.38785398786868,9.177912792392263,1200.272899643518,0.27289964351803064,0.5397764137014747,0.07260513305664062,150,0.2387436456063907,1201.0,13818,4660,4660,28.413277962245047,0.02367234815572676,0.023658016621353077,3.8800999167360533,8,163.0
n50_i995012_T_a1101_GW,n50_i995012_T_a1101,50,995012,T,1101,GW,1,3,0.9039873295581523,0.13254136649546916,0.13880700117919983,37860.0,2885.115,97.23618574886565,9.711453219502204,1200.1293458938599,0.12934589385986328,0.5579056916758418,0.07260513305664062,128,0.23818103818103817,944.0,10759,3237,3237,21.803436348214746,0.01816757203947503,0.023096860538363077,3.4290254237288136,10,107.0
n50_i995012_T_a1101_LEGACY,n50_i995012_T_a1101,50,995012,T,1101,LEGACY,1,4,0.9092609112024236,0.139335890772254,0.14154274078786597,37890.0,2832.705,100.39751443045739,9.388964324917007,1200.2388772629201,0.23887726292014122,0.8865754548460245,0.07260513305664062,348,0.2377318306859526,1107.0,13186,2447,2447,22.15023059770465,0.018454851794350347,0.020009241732343856,2.2104787714543814,12,204.0
n100_i1005001_H_a1101_GW,n100_i1005001_H_a1101,100,1005001,H,1101,GW,0,0,0.7457896250778104,0.11623509249188986,0.11870130346246648,78750.0,4299.450000000001,61.76384780338915,2.8051754330538112,2400.562874126248,0.5628741262480617,1.3990527307614684,0.042545318603515625,206,0.22141372141372143,305.0,3465,884,884,11.401291630230844,0.004749424292575825,0.03738128403354375,2.898360655737705,0,51.0
n100_i1005001_H_a1101_LEGACY,n100_i1005001_H_a1101,100,1005001,H,1101,LEGACY,0,1,0.6924434160792453,0.1525296826155976,0.15298866766845529,78750.0,4312.0725,57.23546218945069,3.0868732382568957,2400.487298333086,0.4872983330860734,1.3550065187737346,0.0363006591796875,145,0.16734143049932523,416.0,4820,1005,1005,15.09224748890847,0.006287159902653359,0.0362794410791069,2.4158653846153846,5,112.0
n100_i1005001_H_a1101_REFERENCE,n100_i1005001_H_a1101,100,1005001,H,1101,REFERENCE,0,2,0.8040521023453849,0.08581262167158611,0.0877316909304004,78750.0,4296.21,60.23132304036803,2.638348548670063,2400.7442091731355,0.7442091731354594,1.3988391039893031,0.05483245849609375,201,0.21645089990527314,333.0,3865,867,867,12.866682323627174,0.0053594557364604525,0.03863868565653806,2.6036036036036037,1,62.0
n100_i1005001_H_a1101_G,n100_i1005001_H_a1101,100,1005001,H,1101,G,0,3,0.8466641109260852,0.060711168575264825,0.07472092156469429,78570.0,4283.5275,61.6412224879797,4.091231581060599,2401.4773559831083,1.477355983108282,1.0193873541429639,0.05483245849609375,115,0.1669211195928753,333.0,3945,580,580,10.380970023572445,0.004322743247072059,0.031174084154872207,1.7417417417417418,0,47.0
n100_i1005001_H_a1101_W,n100_i1005001_H_a1101,100,1005001,H,1101,W,0,4,0.7382148160507194,0.12394567159587917,0.12564124242793426,78750.0,4361.9475,54.94363466824808,2.697938932027953,2400.350846759975,0.3508467599749565,1.4036563783884048,0.05483245849609375,202,0.21108709079678814,306.0,3468,806,806,13.07514384854585,0.005447180301244233,0.04272922826322173,2.633986928104575,2,50.0
n100_i1005001_H_a2202_REFERENCE,n100_i1005001_H_a2202,100,1005001,H,2202,REFERENCE,0,0,0.721500898245852,0.1367560776251479,0.15788067724309393,79830.0,4410.465,61.904286786681396,4.2245346615120125,2400.0276509439573,0.027650943957269192,1.484766436740756,0.039386749267578125,228,0.16303382976624914,360.0,4257,602,602,10.691795484162867,0.004454863459576254,0.02969943190045241,1.6722222222222223,0,40.0
n100_i1005001_H_a2202_G,n100_i1005001_H_a2202,100,1005001,H,2202,G,0,1,0.6925669202527848,0.15645431785351135,0.23120556556419372,78690.0,4484.040000000001,50.273133139621315,2.421446764702906,2401.0439067874104,1.0439067874103785,1.835030686110258,0.036777496337890625,160,0.24630202958376332,314.0,3729,611,611,10.133668472059071,0.004220526098424368,0.03227282952885054,1.9458598726114649,2,32.0
n100_i1005001_H_a2202_W,n100_i1005001_H_a2202,100,1005001,H,2202,W,0,2,0.8586995309246411,0.04394037090848767,0.04756356874469008,80400.0,4118.82,51.604584657093675,2.7210303678759153,2400.1937196673825,0.19371966738253832,1.9983739983290434,0.05483245849609375,334,0.2099219108865411,387.0,4449,1047,1047,16.04594309721142,0.006685270012053468,0.041462385264112195,2.705426356589147,7,78.0
n100_i1005001_H_a2202_GW,n100_i1005001_H_a2202,100,1005001,H,2202,GW,0,3,0.878003556950684,0.0331226026252388,0.050555930087163324,79320.0,4238.4375,66.76994117324729,3.1098420085183567,2400.1219288809225,0.12192888092249632,1.9886738071218133,0.05483245849609375,330,0.22441050375133975,552.0,6340,1469,1469,17.572656757198274,0.007321568352734345,0.03183452311086644,2.661231884057971,7,118.0
n100_i1005001_H_a2202_LEGACY,n100_i1005001_H_a2202,100,1005001,H,2202,LEGACY,0,4,0.7775594261024396,0.09006552637239655,0.1195435764461796,79080.0,4360.155000000001,50.393238711411115,3.1426258594116394,2400.5402925731614,0.5402925731614232,1.4329968793317676,0.05483245849609375,210,0.2135471898197243,278.0,3311,356,356,9.08652151376009,0.0037851984996344983,0.03268532918618738,1.2805755395683454,4,27.0
n100_i1005001_T_a1101_LEGACY,n100_i1005001_T_a1101,100,1005001,T,1101,LEGACY,0,0,0.6091921119257991,0.11133376561874739,0.11527767816996007,78750.0,4296.963,66.41310869282778,3.069719990770454,2400.2189196906984,0.21891969069838524,1.4443206209689379,0.0390472412109375,217,0.2276058631921824,330.0,3901,559,559,9.461108636111021,0.00394176904385464,0.0286700261700334,1.6939393939393939,1,42.0
n100_i1005001_T_a1101_REFERENCE,n100_i1005001_T_a1101,100,1005001,T,1101,REFERENCE,0,1,0.563652997556046,0.1454213377866283,0.16265168695996987,78750.0,4363.479,50.47113398836623,3.0226276893964577,2400.56028913334,0.5602891333401203,1.9987409627065063,0.041896820068359375,269,0.19528665931642777,202.0,2413,307,307,6.70824961271137,0.0027944516299289483,0.03320915649857114,1.5198019801980198,1,16.0
n100_i1005001_T_a1101_G,n100_i1005001_T_a1101,100,1005001,T,1101,G,0,2,0.6611702236151994,0.07865912455120855,0.10634479296968809,78750.0,4311.933,48.4465368833092,2.8795756192423787,2400.006429356523,0.006429356522858143,1.282386858947575,0.05483245849609375,175,0.2260164954420489,240.0,2843,361,361,7.439978948794305,0.0030999829241245298,0.03099991228664294,1.5041666666666667,0,19.0
n100_i1005001_T_a1101_W,n100_i1005001_T_a1101,100,1005001,T,1101,W,0,3,0.6589685505655627,0.0814952597260309,0.12016997221563762,78450.0,4308.003000000001,57.808248181276745,3.1464579223273828,2400.1592223467305,0.15922234673053026,1.6402618307620287,0.05483245849609375,258,0.2323887711864407,375.0,4377,896,896,13.650803549215198,0.005687457491202716,0.03640214279790719,2.3893333333333335,3,46.0
n100_i1005001_T_a1101_GW,n100_i1005001_T_a1101,100,1005001,T,1101,GW,0,4,0.595947473779106,0.10753917267145123,0.110967614260188,77940.0,4404.738,50.43555531468752,2.6111561234705944,2400.46925714612,0.4692571461200714,1.3465973129495978,0.05483245849609375,171,0.24186343331206125,282.0,3274,684,684,11.151703756302595,0.004645634899553215,0.03954504878121488,2.425531914893617,2,32.0
n100_i1005001_T_a2202_G,n100_i1005001_T_a2202,100,1005001,T,2202,G,0,0,0.6613042456275562,0.09207648162103635,0.10054857304654238,80130.0,4127.22,62.85803272907123,3.4903543313473517,2400.9023739332333,0.9023739332333207,1.322507206350565,0.03899383544921875,175,0.18054892601431982,431.0,5050,877,877,12.494566533714533,0.005204112699195487,0.02898971353530054,2.034802784222738,0,85.0
n100_i1005001_T_a2202_W,n100_i1005001_T_a2202,100,1005001,T,2202,W,0,1,0.7475854888154942,0.07341499154348768,0.07416751510260831,80400.0,3896.988,54.9552606665958,1.9569478969966532,2401.699098485522,1.6990984855219722,2.266356953419745,0.039180755615234375,206,0.2663829787234043,337.0,3901,870,870,15.163453448563814,0.0063136358164624685,0.04499541082659886,2.5816023738872405,7,73.0
n100_i1005001_T_a2202_GW,n100_i1005001_T_a2202,100,1005001,T,2202,GW,0,2,0.6802649203362655,0.08495222583589057,0.08528717487228712,78540.0,4027.4369999999994,59.55410555161642,2.2643639769083506,2400.674121049233,0.6741210492327809,1.456074295565486,0.05483245849609375,218,0.2812729948491538,481.0,5476,1222,1222,18.878829340450466,0.007863970030301043,0.039249125447921966,2.5405405405405403,4,104.0
n100_i1005001_T_a2202_LEGACY,n100_i1005001_T_a2202,100,1005001,T,2202,LEGACY,0,3,0.5966158293027282,0.12920679931258267,0.12967521187893938,79680.0,4261.626,63.48177405045951,3.437155441238542,2400.531527031213,0.5315270312130451,1.67277214769274,0.05483245849609375,270,0.2142770573263847,355.0,4209,631,631,10.683874890208244,0.004450628858609998,0.030095422225938716,1.7774647887323944,3,43.0
n100_i1005001_T_a2202_REFERENCE,n100_i1005001_T_a2202,100,1005001,T,2202,REFERENCE,0,4,0.6750076170160335,0.08110281929866511,0.08754270128057691,80130.0,4181.526,59.810402000405645,3.5052204553677924,2400.13434450794,0.13434450794011354,1.0692114252597094,0.05483245849609375,129,0.15250208011410912,359.0,4227,776,776,12.712023515254259,0.0052963799898711065,0.03540953625419014,2.161559888579387,1,71.0
n100_i1005002_H_a1101_GW,n100_i1005002_H_a1101,100,1005002,H,1101,GW,1,0,0.8911352332546745,0.039463451012026106,0.04988258000745651,87570.0,4196.459999999999,69.98264501842736,2.7866449121807806,2401.095299495384,1.095299495384097,1.4546243315562606,0.038105010986328125,215,0.21551337617695412,363.0,4264,724,724,12.090546847321093,0.005035429809829727,0.03330729159041623,1.9944903581267217,3,53.0
n100_i1005002_H_a1101_LEGACY,n100_i1005002_H_a1101,100,1005002,H,1101,LEGACY,1,1,0.8694334716630435,0.043022256539837,0.05640012894838602,87720.0,4161.8025,54.48686561192143,2.571003797884763,2400.2298266058788,0.22982660587877035,2.042839080095291,0.041629791259765625,268,0.1724193809755307,219.0,2578,386,386,8.23538148868829,0.003431080389636601,0.037604481683508176,1.7625570776255708,1,37.0
n100_i1005002_H_a1101_REFERENCE,n100_i1005002_H_a1101,100,1005002,H,1101,REFERENCE,1,2,0.7347663069982683,0.1256994082298765,0.12623909944892261,87690.0,4351.95,64.32553399882921,3.249576318845809,2400.928377878852,0.9283778788521886,1.7780501767992973,0.05853271484375,283,0.14996154832094336,209.0,2487,361,361,8.32314438931644,0.0034666358505328204,0.03982365736515043,1.7272727272727273,2,29.0
n100_i1005002_H_a1101_G,n100_i1005002_H_a1101,100,1005002,H,1101,G,1,3,0.8322853663004737,0.03963940268221347,0.06581218198956489,86850.0,4396.38,67.03916324621488,2.8994209991759594,2400.1343723377213,0.1343723377212882,3.3772872565314174,0.05853271484375,628,0.2187095847104469,201.0,2401,169,169,4.302056455053389,0.0017924231679008885,0.02140326594553925,0.8407960199004975,0,13.0
n100_i1005002_H_a1101_W,n100_i1005002_H_a1101,100,1005002,H,1101,W,1,4,0.8329068662674317,0.07587306213549977,0.07969148964168404,87480.0,4215.8625,65.53398014721627,2.342566331244488,2401.6395715083927,1.6395715083926916,1.5663887346163392,0.07260513305664062,170,0.23746889441877,296.0,3467,545,545,12.21368994563818,0.005085563250428604,0.041262466032561416,1.8412162162162162,3,43.0
n100_i1005002_H_a2202_REFERENCE,n100_i1005002_H_a2202,100,1005002,H,2202,REFERENCE,1,0,0.7535494795696697,0.07659278743884212,0.09817935957040917,87210.0,4493.415,60.95347512791316,3.0179193289015203,2401.323299333453,1.3232993334531784,2.065380312502384,0.043315887451171875,326,0.20587829446667585,372.0,4398,641,641,12.190278469584882,0.005076483650897235,0.03276956577845398,1.7231182795698925,1,51.0
n100_i1005002_H_a2202_G,n100_i1005002_H_a2202,100,1005002,H,2202,G,1,1,0.6955569026971365,0.11906255564539328,0.12542784234964915,87210.0,4558.725,57.541270397532266,3.1294572462679087,2400.4162411736324,0.41624117363244295,1.166089047677815,0.041416168212890625,108,0.1823748668796592,344.0,4105,579,579,10.261641481891274,0.004274942531164538,0.029830353145032774,1.683139534883721,5,47.0
n100_i1005002_H_a2202_W,n100_i1005002_H_a2202,100,1005002,H,2202,W,1,2,0.7703166883181525,0.09326385013611291,0.09460321842397941,87000.0,4363.65,56.686561972261295,2.422378032221957,2400.5336585165933,0.5336585165932775,1.8042943105101585,0.05853271484375,295,0.21822871883061049,273.0,3201,551,551,10.919922749511898,0.004548956316763269,0.03999971703117911,2.0183150183150182,3,41.0
n100_i1005002_H_a2202_GW,n100_i1005002_H_a2202,100,1005002,H,2202,GW,1,3,0.8162617802623773,0.05101925220487,0.07631611440870575,85830.0,4425.120000000001,65.34754998510776,2.966651055870687,2400.68678987585,0.6867898758500814,0.8981123464182019,0.05853271484375,92,0.2276046054479079,368.0,4322,700,700,10.736286221072078,0.0044721728241889054,0.029174690818130646,1.9021739130434783,0,48.0
n100_i1005002_H_a2202_LEGACY,n100_i1005002_H_a2202,100,1005002,H,2202,LEGACY,1,4,0.7821410109807745,0.07805414653638261,0.07945049367134915,87210.0,4390.567500000001,67.17728104041971,2.5123163381459674,2400.573490060866,0.5734900608658791,1.4728817148134112,0.07260513305664062,220,0.2061018073288012,218.0,2582,328,328,7.181875227019191,0.002991733124086568,0.03294438177531739,1.5045871559633028,1,16.0
n100_i1005002_T_a1101_LEGACY,n100_i1005002_T_a1101,100,1005002,T,1101,LEGACY,1,0,0.7706847012008018,0.048424860833755544,0.04975933995514287,87630.0,3912.5609999999997,64.08029910114438,2.911907942620957,2401.1748097045347,1.1748097045347095,2.0906621273607016,0.04427337646484375,346,0.18549771167048054,255.0,2997,424,424,9.032373521476984,0.0037616476255589323,0.035421072633243074,1.6627450980392158,0,45.0
n100_i1005002_T_a1101_REFERENCE,n100_i1005002_T_a1101,100,1005002,T,1101,REFERENCE,1,1,0.6812672442393639,0.07457843769685173,0.07585174591183799,85020.0,4204.0455,54.050702760391545,2.1242070657560617,2401.8374113561586,1.8374113561585546,1.7354027489200234,0.046360015869140625,212,0.21540572324578597,191.0,2262,280,280,6.641150100156665,0.00276502900186189,0.03477041937254798,1.4659685863874345,2,33.0
n100_i1005002_T_a1101_G,n100_i1005002_T_a1101,100,1005002,T,1101,G,1,2,0.7005947016338819,0.08043029802968786,0.08217804024066758,87720.0,4080.4379999999996,57.15316454077175,2.5591217949217766,2400.0420816969126,0.042081696912646294,1.5280553279444575,0.05853271484375,222,0.19798111364376425,203.0,2398,277,277,6.073383458890021,0.002530532070752663,0.02991814511768483,1.3645320197044335,0,32.0
n100_i1005002_T_a1101_W,n100_i1005002_T_a1101,100,1005002,T,1101,W,1,3,0.7570826912466304,0.03692041135154511,0.04068528398608413,87720.0,4011.66,71.09067426294386,2.8064301059308328,2400.202301765792,0.20230176579207182,1.5584805579856038,0.05853271484375,241,0.21437054631828978,238.0,2789,382,382,8.881719077937305,0.0037004043664999237,0.037318147386291196,1.6050420168067228,3,31.0
n100_i1005002_T_a1101_GW,n100_i1005002_T_a1101,100,1005002,T,1101,GW,1,4,0.7782102516755485,0.047924681664946095,0.05096458082081614,86100.0,3820.197,65.1811706185851,2.7203229996284812,2401.92065460328,1.920654603280127,1.70041633117944,0.07260513305664062,264,0.18197122742577287,305.0,3549,597,597,10.53660476859659,0.004386741397307688,0.034546245142939636,1.957377049180328,13,50.0
n100_i1005002_T_a2202_G,n100_i1005002_T_a2202,100,1005002,T,2202,G,1,0,0.6933598865276044,0.06300093133648493,0.07170057940089204,85140.0,4290.606,62.60852279562887,2.7579819587736862,2401.030934569426,1.030934569425881,1.018136658705771,0.037425994873046875,111,0.23920265780730898,310.0,3679,479,479,7.6967469258233905,0.003205600900433063,0.024828215889752873,1.5451612903225806,1,38.0
n100_i1005002_T_a2202_W,n100_i1005002_T_a2202,100,1005002,T,2202,W,1,1,0.5444397539270832,0.15411156085895877,0.16101571711351284,87210.0,4487.91,58.84136007188751,3.2613764088987076,2401.4400725504383,1.4400725504383445,1.0816070586442947,0.041416168212890625,94,0.16432584269662923,315.0,3672,714,714,12.234845471568406,0.0050947952486586285,0.03884077927482033,2.2666666666666666,7,39.0
n100_i1005002_T_a2202_GW,n100_i1005002_T_a2202,100,1005002,T,2202,GW,1,2,0.6069005627562979,0.11487396392202368,0.12032780371528362,87090.0,4345.53,66.03295381479023,2.4600716356088794,2401.149590319954,1.1495903199538589,1.499654445797205,0.05853271484375,231,0.21364482816996783,242.0,2831,505,505,8.069776628166437,0.003360797120137416,0.0333461844139109,2.0867768595041323,1,29.0
n100_i1005002_T_a2202_LEGACY,n100_i1005002_T_a2202,100,1005002,T,2202,LEGACY,1,3,0.6606301667864286,0.08297797045166158,0.09654403125489375,87210.0,4281.450000000001,73.8860058634202,2.953608281275233,2401.8080003950745,1.8080003950744867,2.1278259651735425,0.05853271484375,337,0.21539329010431352,250.0,2977,247,247,7.344126806594431,0.003057749331081582,0.029376507226377725,0.988,3,23.0
n100_i1005002_T_a2202_REFERENCE,n100_i1005002_T_a2202,100,1005002,T,2202,REFERENCE,1,4,0.6775980604317389,0.07270714872100821,0.08321925336931417,86490.0,4290.606,57.67242245377233,2.333224299639415,2400.5407456392422,0.5407456392422318,0.8512347135692835,0.07260513305664062,82,0.2437064809855383,302.0,3574,500,500,8.844642989337444,0.0036844377690336584,0.029286897315686903,1.6556291390728477,6,44.0
n100_i1005003_H_a2202_LEGACY,n100_i1005003_H_a2202,100,1005003,H,2202,LEGACY,0,0,0.7132995488324876,0.10003050025826854,0.10258656225724898,78600.0,4205.422500000001,57.264092677342376,2.2645144989111876,2400.072952773422,0.07295277342200279,1.532266748137772,0.05202484130859375,235,0.22152713891444342,384.0,4489,1096,1096,13.23442953824997,0.00551417802652908,0.03446466025585929,2.8541666666666665,6,49.0
n100_i1005003_H_a2202_REFERENCE,n100_i1005003_H_a2202,100,1005003,H,2202,REFERENCE,0,1,0.7135696799545289,0.09480860439298576,0.09711279713566885,78600.0,4246.74,44.31693935801477,2.506895022704888,2400.9780806479976,0.9780806479975581,2.762417302466929,0.04563140869140625,386,0.1850805781691311,439.0,5050,1295,1295,18.068306371569633,0.007525394137164799,0.04115787328375771,2.949886104783599,7,88.0
n100_i1005003_H_a2202_G,n100_i1005003_H_a2202,100,1005003,H,2202,G,0,2,0.6952775509967367,0.08454528926363514,0.12013377686869176,78600.0,4365.922500000001,50.146882653574366,2.1861118802103867,2401.0664996225387,1.0664996225386858,1.7517579728737473,0.05483245849609375,274,0.2480472470946847,384.0,4407,1294,1294,15.118300120346248,0.006296493713407326,0.03937057323006835,3.3697916666666665,1,44.0
n100_i1005003_H_a2202_W,n100_i1005003_H_a2202,100,1005003,H,2202,W,0,3,0.8813228564886162,0.02824171395445728,0.03034568904411004,78600.0,4057.3125,60.553230038136384,2.5039478741193295,2401.4078176906332,1.4078176906332374,1.8296645227819681,0.05483245849609375,302,0.23881589888574756,543.0,6177,1806,1806,22.040002088062465,0.00917795050290863,0.04058932244578723,3.3259668508287294,2,109.0
n100_i1005003_H_a2202_GW,n100_i1005003_H_a2202,100,1005003,H,2202,GW,0,4,0.8053007581317669,0.04826418888397132,0.05201824927413676,78150.0,4193.235,54.25724842893539,3.2386729508112815,2400.67463374231,0.6746337423101068,0.9364664405584335,0.05483245849609375,102,0.17517684887459808,561.0,6207,2124,2124,24.126859106123447,0.010050032922834323,0.04300687897704714,3.786096256684492,7,90.0
n100_i1005003_H_a1101_W,n100_i1005003_H_a1101,100,1005003,H,1101,W,0,0,0.7225696473261767,0.08363578983117007,0.09029161069245928,79110.0,4317.6224999999995,54.313857175910826,2.557200566363976,2401.0631315987557,1.0631315987557173,1.824383749626577,0.042316436767578125,289,0.23648208469055373,529.0,5992,2013,2013,21.787121227942407,0.009073947678100151,0.041185484362840086,3.8052930056710776,9,87.0
n100_i1005003_H_a1101_GW,n100_i1005003_H_a1101,100,1005003,H,1101,GW,0,1,0.7262666475621905,0.07779896374130847,0.07929716198903147,78720.0,4317.6224999999995,48.695501268961046,2.5027711088901827,2400.139580748044,0.13958074804395437,1.5959188686683774,0.04196929931640625,190,0.20792408856334277,433.0,4928,1657,1657,19.158931738696992,0.007982423977494588,0.04424695551662123,3.8267898383371826,5,63.0
n100_i1005003_H_a1101_LEGACY,n100_i1005003_H_a1101,100,1005003,H,1101,LEGACY,0,2,0.784648927426403,0.07261917628459467,0.08861874865013178,79530.0,4211.7,57.70169889324789,2.3666338092922605,2400.0333206169307,0.03332061693072319,1.4643157357349992,0.05483245849609375,221,0.2262323943661972,232.0,2666,658,658,9.215173392556608,0.0038396022727667125,0.039720574967916415,2.836206896551724,3,18.0
n100_i1005003_H_a1101_REFERENCE,n100_i1005003_H_a1101,100,1005003,H,1101,REFERENCE,0,3,0.7543449413137787,0.06961637144327584,0.07387850908761802,79290.0,4282.05,63.338041397490386,2.70042038156447,2400.7373238103464,0.7373238103464246,1.2326106252148747,0.05483245849609375,167,0.22273638747493443,480.0,5552,1680,1680,17.793790719471872,0.00741180242544417,0.037070397332233065,3.5,4,67.0
n100_i1005003_H_a1101_G,n100_i1005003_H_a1101,100,1005003,H,1101,G,0,4,0.750338805309084,0.079356668686047,0.08223993398928912,79230.0,4267.92,57.774729972231036,2.5909389201974733,2400.2881548153237,0.28815481532365084,1.1622423380613327,0.05483245849609375,155,0.20646406174626145,590.0,6842,2050,2050,23.577145567163825,0.009822631303606059,0.039961263673159025,3.4745762711864407,7,90.0
n100_i1005003_T_a2202_REFERENCE,n100_i1005003_T_a2202,100,1005003,T,2202,REFERENCE,0,0,0.8284347707380544,0.08196620288272673,0.08466178757387192,78600.0,4067.8725000000004,52.58912406207739,3.2174719011794286,2400.0209596762434,0.02095967624336481,2.3939310647547245,0.048187255859375,434,0.19761719761719762,503.0,5776,1566,1566,17.334899076260626,0.007222811536862186,0.03446302003232729,3.113320079522863,6,93.0
n100_i1005003_T_a2202_G,n100_i1005003_T_a2202,100,1005003,T,2202,G,0,1,0.8387022928086717,0.08249168417261281,0.0843891388750789,78600.0,4046.0910000000003,43.2295843271454,2.1269664894102918,2402.012455502525,2.012455502524972,2.536544078029692,0.039947509765625,259,0.22646310432569974,424.0,4895,1300,1300,16.25944069121033,0.006769090915396062,0.038347737479269645,3.0660377358490565,0,90.0
n100_i1005003_T_a2202_W,n100_i1005003_T_a2202,100,1005003,T,2202,W,0,2,0.8855657407004446,0.07128886256291916,0.07259068517195295,78600.0,3874.2360000000003,52.55790454586932,2.5742205224497625,2401.5036575486884,1.503657548688352,1.7947738310322165,0.05483245849609375,274,0.228405046910385,453.0,4976,1445,1445,20.474064331501722,0.008525518696232354,0.04519661000331506,3.1898454746136866,2,92.0
n100_i1005003_T_a2202_GW,n100_i1005003_T_a2202,100,1005003,T,2202,GW,0,3,0.852012799838408,0.08580241900643089,0.0865444091223701,77490.0,3983.5185,50.957156168321845,3.610353486857095,2401.7038862165064,1.703886216506362,2.1774470107629895,0.05483245849609375,381,0.1743743512858955,466.0,5261,1510,1510,15.42761262319982,0.0064236114667339415,0.033106464856651974,3.240343347639485,2,83.0
n100_i1005003_T_a2202_LEGACY,n100_i1005003_T_a2202,100,1005003,T,2202,LEGACY,0,4,0.8750239769810894,0.07593856952437807,0.0788891081927941,78600.0,3937.251,49.96842351819414,2.500983402784124,2400.2558326926082,0.25583269260823727,1.2273715659976006,0.05483245849609375,146,0.2283858070964518,600.0,7052,1587,1587,23.201888200826943,0.00966642300575062,0.0386698136680449,2.645,5,136.0
n100_i1005003_T_a1101_GW,n100_i1005003_T_a1101,100,1005003,T,1101,GW,0,0,0.7980034239652499,0.10159782740242834,0.1020412804361582,77610.0,4045.8645000000006,57.350106888482806,3.705530016438613,2400.466319403611,0.46631940361112356,2.3565360447391868,0.046726226806640625,427,0.16200112422709387,418.0,4768,1353,1353,15.26814949605614,0.006360493114458472,0.036526673435541,3.236842105263158,0,63.0
n100_i1005003_T_a1101_LEGACY,n100_i1005003_T_a1101,100,1005003,T,1101,LEGACY,0,1,0.7975557514874055,0.10190909549123171,0.10259152779159186,77190.0,4072.9845,47.034745153352,2.928734131346437,2400.0130038326606,0.013003832660615444,3.8084375225007534,0.048641204833984375,442,0.17712334613743064,242.0,2838,521,521,10.311702411621809,0.004296519391834423,0.042610340543891775,2.152892561983471,3,23.0
n100_i1005003_T_a1101_REFERENCE,n100_i1005003_T_a1101,100,1005003,T,1101,REFERENCE,0,2,0.8717441550786864,0.02130717678655241,0.05612314353047751,78480.0,4146.8189999999995,52.036028284608726,2.8740006338003394,2401.1824906505644,1.1824906505644321,1.1063700802624226,0.05483245849609375,145,0.22721344732647442,339.0,3916,950,950,14.358434119261801,0.005979734641231537,0.04235526288867788,2.8023598820059,0,46.0
n100_i1005003_T_a1101_G,n100_i1005003_T_a1101,100,1005003,T,1101,G,0,3,0.8401975010391183,0.08800583524377267,0.09078257182747543,77970.0,3994.3710000000005,60.4718328822727,3.2036870953797147,2400.6714048609138,0.6714048609137535,1.688770310021937,0.05483245849609375,264,0.19698348719282277,375.0,4351,1090,1090,12.303693820722401,0.005125105333370367,0.032809850188593066,2.9066666666666667,0,42.0
n100_i1005003_T_a1101_W,n100_i1005003_T_a1101,100,1005003,T,1101,W,0,4,0.7791200147557938,0.0824803957543684,0.08516608651315878,78060.0,4219.8165,53.66072882115559,3.43004480165656,2400.8432764559984,0.8432764559984207,1.5195060055702925,0.05483245849609375,127,0.18506375227686703,497.0,5465,1737,1737,21.48890549875796,0.008950565707262149,0.043237234403939555,3.494969818913481,4,58.0
n100_i1005004_H_a2202_LEGACY,n100_i1005004_H_a2202,100,1005004,H,2202,LEGACY,1,0,0.8718293242696885,0.0352958563066815,0.045177783587953504,74640.0,4258.1475,58.094087819028,3.178087353955054,2401.759029845707,1.7590298457071185,5.494267413392663,0.07878875732421875,1142,0.20883007991615354,350.0,4154,543,543,10.21419536601752,0.0042527977366129425,0.02918341533147863,1.5514285714285714,0,51.0
n100_i1005004_H_a2202_REFERENCE,n100_i1005004_H_a2202,100,1005004,H,2202,REFERENCE,1,1,0.7709732530065119,0.11447379714833152,0.11873015979597067,76920.0,4289.865,54.095128071257584,2.6001385261451673,2400.6413263119757,0.6413263119757175,1.8980289502069354,0.05853271484375,219,0.22076257609740468,329.0,3856,599,599,11.330428531393409,0.004719750679623584,0.0344389924966365,1.8206686930091185,2,63.0
n100_i1005004_H_a2202_G,n100_i1005004_H_a2202,100,1005004,H,2202,G,1,2,0.8426635309557459,0.10214047996581858,0.10391305268196586,77280.0,4003.3575,63.76445618892416,2.696965925372195,2400.475267075002,0.47526707500219345,1.4656019620597363,0.05853271484375,208,0.21779425393883226,472.0,5534,869,869,15.611425509676337,0.0065034727596668725,0.033075054045924444,1.8411016949152543,0,125.0
n100_i1005004_H_a2202_W,n100_i1005004_H_a2202,100,1005004,H,2202,W,1,3,0.8759849992309843,0.09247804089640457,0.09277517114521824,76920.0,3999.18,68.71683143784385,3.566044032085044,2401.260310572572,1.2603105725720525,1.747979606501758,0.05853271484375,283,0.19992993109891394,453.0,5264,1018,1018,14.640848678536713,0.006097151822346847,0.03231975425725544,2.247240618101545,3,101.0
n100_i1005004_H_a2202_GW,n100_i1005004_H_a2202,100,1005004,H,2202,GW,1,4,0.8559968542529388,0.07532749961797873,0.07810412855598281,76530.0,4165.7175,55.029093485553375,2.5263680273321283,2401.075351798907,1.0753517989069223,1.3889553658664227,0.07260513305664062,207,0.23903725684141114,458.0,5333,967,967,14.368458862416446,0.0059841765697404995,0.031372180922306654,2.111353711790393,0,111.0
n100_i1005004_H_a1101_W,n100_i1005004_H_a1101,100,1005004,H,1101,W,1,0,0.7659726341963153,0.12452285540997131,0.12805841417586802,75750.0,4264.35,65.77542619861859,4.6918176625102355,2400.562172310427,0.5621723104268312,1.8794256513938308,0.044139862060546875,311,0.14312350173133268,453.0,5253,1248,1248,16.33994041569531,0.006806714112290162,0.036070508643919,2.7549668874172184,3,80.0
n100_i1005004_H_a1101_GW,n100_i1005004_H_a1101,100,1005004,H,1101,GW,1,1,0.7347399849433247,0.1248568025723155,0.13415748869603375,74550.0,4340.3025,52.46721673914929,3.6052473216472585,2401.499599767849,1.4995997678488493,2.4366704216226935,0.044445037841796875,242,0.15142065142065142,455.0,5260,1239,1239,18.002041606232524,0.0074961668150903575,0.03956492660710445,2.723076923076923,7,85.0
n100_i1005004_H_a1101_LEGACY,n100_i1005004_H_a1101,100,1005004,H,1101,LEGACY,1,2,0.7074679749614056,0.17499640248108955,0.17555862118701535,75720.0,4297.8825,62.290651562203415,3.071191004260543,2400.697315722704,0.6973157227039337,1.979037556797266,0.05853271484375,344,0.1825579818255798,231.0,2759,349,349,7.047336404211819,0.0029355372533043777,0.030507949801782768,1.5108225108225108,7,25.0
n100_i1005004_H_a1101_REFERENCE,n100_i1005004_H_a1101,100,1005004,H,1101,REFERENCE,1,3,0.8051947258088462,0.10165834870058765,0.10695950239663789,74850.0,4243.7025,76.13487456837584,3.0503949471341056,2400.0170885669068,0.017088566906750202,1.5664675254374743,0.05853271484375,240,0.21349542412238764,270.0,3191,457,457,8.049997228197753,0.0033541416294683764,0.02981480454888057,1.6925925925925926,0,33.0
n100_i1005004_H_a1101_G,n100_i1005004_H_a1101,100,1005004,H,1101,G,1,4,0.8163002894416472,0.08749106653961744,0.09678156735011055,73770.0,4250.1825,57.78904456719139,2.410375950746242,2400.8702867319807,0.870286731980741,4.01459610555321,0.07260513305664062,668,0.223950233281493,301.0,3545,590,590,9.354667508974671,0.0038963652308380507,0.031078629597922496,1.9601328903654485,4,46.0
n100_i1005004_T_a2202_REFERENCE,n100_i1005004_T_a2202,100,1005004,T,2202,REFERENCE,1,0,0.7680120030388891,0.05363204986494807,0.05974305634809465,75570.0,4084.5825,62.74190559756443,2.7232359081547495,2400.4530714452267,0.4530714452266693,1.8126966748386621,0.04259490966796875,301,0.22472081994798837,344.0,4076,538,538,11.426987669430673,0.004760346205206542,0.03321798741113568,1.563953488372093,0,58.0
n100_i1005004_T_a2202_G,n100_i1005004_T_a2202,100,1005004,T,2202,G,1,1,0.7274925787987906,0.08904443046617258,0.1018564126218545,75930.0,4073.1195,51.858395046746935,2.50164954371786,2400.0164271919057,0.01642719190567732,2.468151523731649,0.041896820068359375,259,0.2030313124583611,316.0,3757,525,525,11.26141865272075,0.004692225655262269,0.035637400799749204,1.6613924050632911,0,52.0
n100_i1005004_T_a2202_W,n100_i1005004_T_a2202,100,1005004,T,2202,W,1,2,0.6380520012783243,0.13525441635333635,0.1697067872235496,75720.0,4308.243,60.75302507489007,3.206887450567641,2401.0820830762386,1.0820830762386322,1.3386186361312866,0.05853271484375,200,0.21168831168831168,397.0,4631,681,681,15.908491143025458,0.006625550727796728,0.04007176610333869,1.7153652392947103,3,70.0
n100_i1005004_T_a2202_GW,n100_i1005004_T_a2202,100,1005004,T,2202,GW,1,3,0.6601941611853315,0.11721519755261724,0.1374195227827277,75690.0,4277.147999999999,66.93060049352538,3.3126497061453506,2401.0990311605856,1.0990311605855823,2.024186810478568,0.05853271484375,348,0.2309529796328891,461.0,5199,1091,1091,13.773954710923135,0.005736520873220882,0.02987842670482242,2.366594360086768,0,73.0
n100_i1005004_T_a2202_LEGACY,n100_i1005004_T_a2202,100,1005004,T,2202,LEGACY,1,4,0.6599555823798032,0.13176081251767185,0.13315631983141993,75840.0,4178.652,57.742423163805086,3.0962235377372087,2400.020511901006,0.020511901006102562,1.9407936939969659,0.07260513305664062,255,0.17978737720360652,387.0,4577,813,813,12.969522630795836,0.005403921577538081,0.033512978374149446,2.10077519379845,8,56.0
n100_i1005004_T_a1101_GW,n100_i1005004_T_a1101,100,1005004,T,1101,GW,1,0,0.6772693022714894,0.13098956238545345,0.1309952252396767,78060.0,3911.766,69.7002355080548,3.175180639996208,2400.1784037109464,0.1784037109464407,1.9603995746001601,0.04254913330078125,320,0.19052617766697283,467.0,5384,1102,1102,15.966706137172878,0.006652299725923102,0.03418994890186912,2.359743040685225,9,96.0
n100_i1005004_T_a1101_LEGACY,n100_i1005004_T_a1101,100,1005004,T,1101,LEGACY,1,1,0.7976401866398308,0.05497949702347948,0.05570208406254202,78000.0,3743.892,60.81324601080311,2.6933799622774317,2401.0722922775894,1.0722922775894403,2.2359778732061386,0.041416168212890625,218,0.1912788000618525,366.0,4286,837,837,13.043283702805638,0.005432274465352789,0.035637387166135626,2.2868852459016393,1,86.0
n100_i1005004_T_a1101_REFERENCE,n100_i1005004_T_a1101,100,1005004,T,1101,REFERENCE,1,2,0.8096250935787018,0.044927355252977794,0.05642550663490264,76950.0,3798.7379999999994,61.79968309470664,2.7428471229172398,2400.0608510030434,0.06085100304335356,1.9416804946959019,0.05853271484375,337,0.22406197782166185,377.0,4425,772,772,16.276997815817595,0.006781910470734542,0.043175060519410065,2.047745358090186,0,96.0
n100_i1005004_T_a1101_G,n100_i1005004_T_a1101,100,1005004,T,1101,G,1,3,0.8066374548514677,0.044112879144538174,0.05029095683716577,78900.0,3830.412,70.77294112728772,3.264143345449246,2401.242583579384,1.2425835793837905,2.4741864008828998,0.05853271484375,457,0.2015820362337331,424.0,4982,844,844,12.243226584978402,0.005098704590990629,0.028875534398533968,1.990566037735849,3,116.0
n100_i1005004_T_a1101_W,n100_i1005004_T_a1101,100,1005004,T,1101,W,1,4,0.7359006632342251,0.08246255340622641,0.08923584179278188,77130.0,4012.8509999999997,60.16050349884007,2.850209996926889,2401.226578876376,1.226578876376152,1.3758493959903717,0.07260513305664062,186,0.21171829339567505,270.0,3088,575,575,9.635280676186085,0.004012649518770025,0.03568622472661513,2.1296296296296298,0,45.0
n100_i1005005_H_a2202_GW,n100_i1005005_H_a2202,100,1005005,H,2202,GW,0,0,0.8708375287441544,0.05590443196444204,0.0717865595728458,76410.0,4183.98,64.23558065812405,3.1597618644768937,2401.1303146909922,1.1303146909922361,4.550044173374772,0.06768417358398438,856,0.20666930275471201,511.0,5984,1288,1288,17.823478000238538,0.007422953219651591,0.03487960469713999,2.5205479452054793,4,112.0
n100_i1005005_H_a2202_LEGACY,n100_i1005005_H_a2202,100,1005005,H,2202,LEGACY,0,1,0.8041473765775582,0.08720618072416582,0.11313970785237513,76410.0,4320.8099999999995,52.0338464970806,2.4881170504836363,2400.610533511266,0.6105335112661123,2.1787275690585375,0.05483245849609375,205,0.21329315251967185,418.0,4948,1000,1000,15.029375014826655,0.006260646950025608,0.03595544261920253,2.3923444976076556,1,76.0
n100_i1005005_H_a2202_REFERENCE,n100_i1005005_H_a2202,100,1005005,H,2202,REFERENCE,0,2,0.8532308997136414,0.05957782590340194,0.07091198235834528,76410.0,4260.7575,59.31417861083451,3.27167923810762,2401.213391733356,1.2133917333558202,1.1615011915564537,0.05483245849609375,151,0.19259164969450102,497.0,5849,1095,1095,17.984802206978202,0.00748988085311134,0.03618672476253159,2.2032193158953723,6,94.0
n100_i1005005_H_a2202_G,n100_i1005005_H_a2202,100,1005005,H,2202,G,0,3,0.7769970743923426,0.10715692245108595,0.13096908950176658,76410.0,4344.9,60.80871874450743,3.6248516440354535,2401.201719337143,1.201719337143004,2.9626237619668245,0.05483245849609375,547,0.18910845588235295,426.0,5012,885,885,11.76092963013798,0.0048979348696221205,0.027607816033187748,2.0774647887323945,1,62.0
n100_i1005005_H_a2202_W,n100_i1005005_H_a2202,100,1005005,H,2202,W,0,4,0.8926677358453301,0.03622637048836653,0.07302042676245078,76410.0,4194.4275,58.32972496435452,2.543174842042981,2400.5427778987214,0.5427778987213969,1.8619514359161258,0.05483245849609375,258,0.22866502866502866,406.0,4752,1036,1036,15.790266714990139,0.00657779018160714,0.038892282549236795,2.5517241379310347,1,77.0
n100_i1005005_H_a1101_G,n100_i1005005_H_a1101,100,1005005,H,1101,G,0,0,0.8460196958919408,0.06518447990685981,0.07158234057754194,75690.0,4270.9875,65.2345068050929,3.442623414292633,2401.0758672244847,1.075867224484682,1.3806975213810802,0.040470123291015625,202,0.20239535446406967,299.0,3541,565,565,8.754367268644273,0.0036460185986392233,0.02927882029646914,1.8896321070234114,8,29.0
n100_i1005005_H_a1101_W,n100_i1005005_H_a1101,100,1005005,H,1101,W,0,1,0.8701989620944035,0.051938577739906545,0.05211823313821664,76140.0,4082.1824999999994,55.84790975725404,2.303882451731017,2401.1641721753404,1.1641721753403544,1.7269470347091556,0.0386962890625,140,0.22631959508315258,317.0,3669,781,781,12.851370171643794,0.00535214139897859,0.040540599910548245,2.4637223974763405,2,60.0
n100_i1005005_H_a1101_GW,n100_i1005005_H_a1101,100,1005005,H,1101,GW,0,2,0.8484527588913084,0.066683894789944,0.07319342299085554,75870.0,4207.3725,57.56391031743546,2.821882813815991,2400.879287697375,0.8792876973748207,1.6350483493879437,0.05483245849609375,260,0.22715867158671588,540.0,6262,1526,1526,21.856899241916835,0.009103706027169428,0.040475739336883025,2.825925925925926,1,143.0
n100_i1005005_H_a1101_LEGACY,n100_i1005005_H_a1101,100,1005005,H,1101,LEGACY,0,3,0.8371322531436031,0.08324734145803209,0.1375526011030608,76140.0,4268.2875,57.80122055708806,2.7158681359856702,2401.0738642262295,1.0738642262294888,1.790060356259346,0.05483245849609375,288,0.26345652507284156,338.0,3997,560,560,9.885385868139565,0.004117068623095121,0.029246703751892204,1.6568047337278107,1,49.0
n100_i1005005_H_a1101_REFERENCE,n100_i1005005_H_a1101,100,1005005,H,1101,REFERENCE,0,4,0.8741200070159734,0.04316191298893057,0.04773380658117005,76140.0,4229.355,53.424775736640704,3.0498567810168713,2400.440586445853,0.44058644585311413,1.7533791167661548,0.05483245849609375,284,0.18972817921049037,305.0,3600,563,563,11.491282376460731,0.004787155508595605,0.037676335660526986,1.8459016393442622,2,48.0
n100_i1005005_T_a1101_W,n100_i1005005_T_a1101,100,1005005,T,1101,W,0,0,0.8771506299811793,0.0579773009582862,0.05964484600055163,75810.0,3873.7349999999997,64.49061274268453,3.559558976769441,2401.1401569070294,1.14015690702945,1.6046731974929571,0.0403594970703125,246,0.18532818532818532,408.0,4736,973,973,15.867609466426075,0.006608364539146916,0.038891199672612925,2.3848039215686274,12,79.0
n100_i1005005_T_a1101_GW,n100_i1005005_T_a1101,100,1005005,T,1101,GW,0,1,0.7963889652147486,0.08501442466233186,0.08666720701096217,76140.0,4086.3869999999997,56.72171789215447,2.8719593458888832,2400.1036121444777,0.10361214447766542,1.8126935074105859,0.040523529052734375,158,0.176701001015523,354.0,4090,920,920,14.483990537934005,0.006034735527518601,0.04091522750828815,2.598870056497175,6,87.0
n100_i1005005_T_a1101_LEGACY,n100_i1005005_T_a1101,100,1005005,T,1101,LEGACY,0,2,0.7636347560555025,0.13885547701392958,0.1389492533667184,75540.0,4010.313,51.810983807155054,2.607420982945915,2400.456251958385,0.4562519583851099,2.5691577438265085,0.05483245849609375,467,0.19012621824572615,247.0,2936,470,470,9.237122911959887,0.0038480696760975685,0.03739725875287404,1.902834008097166,2,43.0
n100_i1005005_T_a1101_REFERENCE,n100_i1005005_T_a1101,100,1005005,T,1101,REFERENCE,0,3,0.8029158947625193,0.12099196953903538,0.1254836444557739,76140.0,3930.0570000000007,62.58800790902477,2.552556042222678,2401.5143638774753,1.5143638774752617,2.4116900516673923,0.05483245849609375,409,0.25138662316476346,356.0,4129,896,896,12.659967262297869,0.005271660021161455,0.03556170579297154,2.5168539325842696,0,63.0
n100_i1005005_T_a1101_G,n100_i1005005_T_a1101,100,1005005,T,1101,G,0,4,0.8133960964623388,0.11680137983633061,0.11700840117295297,76140.0,3860.8020000000006,59.56964302083759,2.5177899160683532,2400.517994542606,0.517994542606175,1.4097743276506662,0.05483245849609375,206,0.2346128391793514,354.0,4145,805,805,12.680598360486329,0.005282442535033979,0.03582089932340771,2.274011299435028,4,72.0
n100_i1005005_T_a2202_LEGACY,n100_i1005005_T_a2202,100,1005005,T,2202,LEGACY,0,0,0.9622555584511638,0.042236119378213206,0.04825438408742086,76410.0,3785.823,61.18189926295154,2.3446287086855886,2401.233073340729,1.233073340728879,1.1011256705969572,0.03757476806640625,127,0.2730017761989343,428.0,5026,888,888,15.886847759597003,0.006616120665660472,0.037118803176628516,2.074766355140187,0,94.0
n100_i1005005_T_a2202_REFERENCE,n100_i1005005_T_a2202,100,1005005,T,2202,REFERENCE,0,1,0.9031782503407274,0.07009932153228017,0.07879647028907909,76410.0,3865.692,51.512012672145936,2.5532508363532016,2400.469202921726,0.4692029217258096,1.3818552056327462,0.037509918212890625,144,0.21243269701419482,374.0,4385,887,887,14.408386530354619,0.0060023209265994675,0.03852509767474497,2.371657754010695,5,84.0
n100_i1005005_T_a2202_G,n100_i1005005_T_a2202,100,1005005,T,2202,G,0,2,0.8894434699456539,0.0729474312757426,0.0814733289261705,76410.0,3864.6569999999997,66.08037124508444,2.474151313807219,2401.227429723367,1.227429723367095,1.2816505273804069,0.05483245849609375,174,0.23598720754081803,348.0,4111,690,690,11.0736776124686,0.004611673794574445,0.03182091267950747,1.9827586206896552,0,64.0
n100_i1005005_T_a2202_W,n100_i1005005_T_a2202,100,1005005,T,2202,W,0,3,0.9299412683428131,0.04074727380469358,0.045224062093482634,76410.0,3804.1769999999997,66.22570986771204,3.073387474078697,2400.6084693931043,0.6084693931043148,3.8593811271712184,0.060394287109375,742,0.20357820547573868,516.0,5997,1262,1262,17.653088726103306,0.007353589288371614,0.03421141225989013,2.445736434108527,4,129.0
n100_i1005005_T_a2202_GW,n100_i1005005_T_a2202,100,1005005,T,2202,GW,0,4,0.9138454657916122,0.05916333888629754,0.06751636394689992,76410.0,3804.1769999999997,61.90083563467034,3.051942309899084,2401.421539400704,1.421539400704205,2.316253323107958,0.05483245849609375,312,0.18747441670077772,425.0,4928,1018,1018,14.872740847989917,0.006193307007524193,0.03499468434821157,2.395294117647059,3,106.0
n100_i1005006_H_a2202_GW,n100_i1005006_H_a2202,100,1005006,H,2202,GW,1,0,0.8233720952765861,0.060359682375335635,0.061421083727822255,77310.0,4190.58,72.38348451833468,3.2028864823824197,2400.022617811337,0.02261781133711338,2.371254587545991,0.042694091796875,311,0.19097177052165995,342.0,3911,847,847,10.790138921700418,0.004495848848099738,0.031550113806141575,2.4766081871345027,5,45.0
n100_i1005006_H_a2202_LEGACY,n100_i1005006_H_a2202,100,1005006,H,2202,LEGACY,1,1,0.8019801382279049,0.06941629569620891,0.0716993114592916,77160.0,4247.7074999999995,61.60856138141879,2.0946960862429074,2400.348209471442,0.34820947144180536,2.544918030500412,0.0434112548828125,300,0.2317024661893397,368.0,4355,760,760,13.109557981602848,0.005461523428090286,0.03562379886305122,2.0652173913043477,2,85.0
n100_i1005006_H_a2202_REFERENCE,n100_i1005006_H_a2202,100,1005006,H,2202,REFERENCE,1,2,0.800205178435183,0.05853204442111859,0.059659089071114,76410.0,4112.129999999999,66.97114059630498,2.438949000820659,2401.034215159714,1.034215159714222,1.9557206351310015,0.05853271484375,335,0.20491803278688525,256.0,3036,412,412,8.57284607924521,0.0035704805975349057,0.0334876799970516,1.609375,5,43.0
n100_i1005006_H_a2202_G,n100_i1005006_H_a2202,100,1005006,H,2202,G,1,3,0.756499593061267,0.062217029944566835,0.06583335900650823,78180.0,4331.415,75.17313382532762,2.714858396344266,2401.2302110409364,1.2302110409364104,1.6786107877269387,0.05853271484375,276,0.2403742905353582,322.0,3793,495,495,8.234386220574379,0.003429236473334542,0.025572628014206147,1.5372670807453417,1,41.0
n100_i1005006_H_a2202_W,n100_i1005006_H_a2202,100,1005006,H,2202,W,1,4,0.7832552302170479,0.07054322405793004,0.07306900581373005,78090.0,4250.58,67.32409790299326,2.4697568785420647,2400.6411527842283,0.6411527842283249,1.8440929017961025,0.07260513305664062,307,0.21723730814639905,325.0,3793,755,755,12.006184107623994,0.005001240645108245,0.03694210494653537,2.3230769230769233,3,47.0
n100_i1005006_H_a1101_G,n100_i1005006_H_a1101,100,1005006,H,1101,G,1,0,0.7943475622633467,0.05381646414226437,0.05932854119042374,77340.0,4319.475,75.6037844983334,4.128743308921803,2400.4882983602583,0.48829836025834084,1.1368448855355382,0.03569793701171875,153,0.15144788618706487,354.0,4187,701,701,10.555934057570994,0.004397411170377966,0.02981902276149998,1.9802259887005649,2,60.0
n100_i1005006_H_a1101_W,n100_i1005006_H_a1101,100,1005006,H,1101,W,1,1,0.8467791867646265,0.04825526103111772,0.0728933132924648,77340.0,4215.2474999999995,59.82624326555757,2.41954474539627,2400.4515771204606,0.45157712046056986,1.9059029603376985,0.04114532470703125,252,0.20041322314049587,306.0,3493,859,859,12.39736863411963,0.005164598508165408,0.040514276582090294,2.80718954248366,0,49.0
n100_i1005006_H_a1101_GW,n100_i1005006_H_a1101,100,1005006,H,1101,GW,1,2,0.7991909002422449,0.06155624617235381,0.06422461363182669,77340.0,4304.264999999999,64.78781590435257,2.514142857950641,2400.4204776650295,0.42047766502946615,3.0292545100674033,0.05853271484375,586,0.20463960231980116,389.0,4421,1232,1232,14.126203851774335,0.005884887245052739,0.03631414871921423,3.167095115681234,5,63.0
n100_i1005006_H_a1101_LEGACY,n100_i1005006_H_a1101,100,1005006,H,1101,LEGACY,1,3,0.8293021986480626,0.036274123528050185,0.061501890710169704,77340.0,4241.115,70.853250966817,4.0104042085803515,2401.004861155525,1.00486115552485,2.014731328934431,0.05853271484375,351,0.1548447398483747,313.0,3700,482,482,9.881843270733953,0.004115711480058456,0.031571384251546174,1.5399361022364217,1,41.0
n100_i1005006_H_a1101_REFERENCE,n100_i1005006_H_a1101,100,1005006,H,1101,REFERENCE,1,4,0.7779173535189002,0.06468744288695014,0.08656114967372666,77340.0,4352.79,65.02412907046336,4.934435694982719,2401.693067365326,1.6930673653259873,1.6493333214893937,0.07260513305664062,263,0.10277613703484938,344.0,4069,680,680,11.665152180939913,0.004857053692434007,0.03391032610738347,1.9767441860465116,9,72.0
n100_i1005006_T_a1101_W,n100_i1005006_T_a1101,100,1005006,T,1101,W,1,0,0.8570942528547353,0.07496583210643984,0.08610470830921177,77340.0,4152.183,68.55371665688894,2.3299988667367026,2400.001167310402,0.0011673104017972946,2.4188361912965775,0.04544830322265625,384,0.2503576537911302,272.0,3212,430,430,8.714148840866983,0.003630893584369639,0.03203731191495214,1.5808823529411764,5,42.0
n100_i1005006_T_a1101_GW,n100_i1005006_T_a1101,100,1005006,T,1101,GW,1,1,0.8611537136249473,0.06777208071370784,0.07540676466637494,77340.0,4163.3189999999995,57.10244220167233,2.126776969289466,2402.2265022490174,2.226502249017358,3.4274432184174657,0.046783447265625,446,0.2215697788216872,235.0,2762,391,391,7.871509501710534,0.003276755749027435,0.033495785113661844,1.6638297872340426,1,38.0
n100_i1005006_T_a1101_LEGACY,n100_i1005006_T_a1101,100,1005006,T,1101,LEGACY,1,2,0.7933514102789352,0.10185971079404899,0.10252957142045117,75870.0,4221.651,68.6310755313401,2.4612437432148013,2400.006101096049,0.006101096048951149,1.9661281611770391,0.05853271484375,342,0.18655832063653294,309.0,3610,789,789,11.486816772259772,0.004786161488095344,0.0371741643115203,2.5533980582524274,0,61.0
n100_i1005006_T_a1101_REFERENCE,n100_i1005006_T_a1101,100,1005006,T,1101,REFERENCE,1,3,0.7436123540801829,0.11842477476681147,0.11917211919284867,75780.0,4320.744,78.97057996898609,2.9430443840131137,2400.235632997006,0.2356329970061779,1.348512171767652,0.05853271484375,198,0.21956398640996602,282.0,3328,385,385,7.5293733682483435,0.003136930918256114,0.02669990556116434,1.3652482269503545,3,36.0
n100_i1005006_T_a1101_G,n100_i1005006_T_a1101,100,1005006,T,1101,G,1,4,0.831064675738383,0.06616411450770886,0.07009812323526074,77040.0,4192.698,63.551788729825205,2.5064096579966577,2401.4430285952985,1.4430285952985287,1.8052670685574412,0.07260513305664062,274,0.21714570526665558,294.0,3454,466,466,8.516418468207121,0.003546375394626255,0.028967409755806535,1.5850340136054422,2,38.0
n100_i1005006_T_a2202_LEGACY,n100_i1005006_T_a2202,100,1005006,T,2202,LEGACY,1,0,0.8133150002359593,0.0722338509495137,0.08330689526843119,77520.0,4277.411999999999,61.35254021606156,2.881732946779239,2400.2918132059276,0.2918132059276104,2.049264476634562,0.050678253173828125,359,0.20283359838080092,358.0,4161,639,639,10.668041044846177,0.004444476703271135,0.02979899733197256,1.7849162011173185,16,51.0
n100_i1005006_T_a2202_REFERENCE,n100_i1005006_T_a2202,100,1005006,T,2202,REFERENCE,1,1,0.7397984193796903,0.11677468618752244,0.12027327785294746,79230.0,4316.4929999999995,62.70078391636949,2.356248142947791,2400.0018915347755,0.0018915347754955292,1.4109391840174794,0.0385284423828125,101,0.23076923076923078,309.0,3668,470,470,10.191103100776672,0.004246289611988419,0.03298091618374328,1.5210355987055015,2,46.0
n100_i1005006_T_a2202_G,n100_i1005006_T_a2202,100,1005006,T,2202,G,1,2,0.7410013860865265,0.12025454337110089,0.12297150487117206,79230.0,4319.066999999999,70.74264818362646,3.163663458676316,2400.065651476383,0.06565147638320923,1.9605713672935963,0.05853271484375,331,0.18385354932174372,303.0,3578,553,553,10.367692120373249,0.004319753550906259,0.0342168056777995,1.825082508250825,3,46.0
n100_i1005006_T_a2202_W,n100_i1005006_T_a2202,100,1005006,T,2202,W,1,3,0.9184184759166362,0.030632281313659578,0.03358814408247308,78120.0,4085.2470000000003,64.78194893590461,2.8589521998258216,2400.529816629365,0.5298166293650866,3.201876954175532,0.0654754638671875,606,0.2006411190441498,417.0,4830,1011,1011,14.577217711135745,0.0060725001664857165,0.03495735662142865,2.4244604316546763,5,99.0
n100_i1005006_T_a2202_GW,n100_i1005006_T_a2202,100,1005006,T,2202,GW,1,4,0.9262838014020006,0.03064223721966645,0.03868917757584521,77760.0,4039.1580000000004,64.56807704665911,2.5611406698445736,2400.102451371029,0.10245137102901936,1.7878107279539108,0.07260513305664062,298,0.21961932650073207,436.0,5000,1181,1181,15.086641788482666,0.0062858324151390315,0.03460238942312538,2.708715596330275,1,98.0
n100_i1005007_H_a1101_REFERENCE,n100_i1005007_H_a1101,100,1005007,H,1101,REFERENCE,0,0,0.7967447029979375,0.052298662372476476,0.05385256236772638,69660.0,4037.205,67.39029109551656,2.9097664564839594,2400.879969054833,0.8799690548330545,2.383373170159757,0.04827880859375,418,0.20913255081591756,358.0,4165,815,815,11.259208664298058,0.004689617477516183,0.03145030353155882,2.276536312849162,1,65.0
n100_i1005007_H_a1101_G,n100_i1005007_H_a1101,100,1005007,H,1101,G,0,1,0.7241026554565609,0.11387916794330245,0.1142514549264384,69660.0,3993.1875000000005,53.56496518839826,2.26346681912522,2400.3002624530345,0.30026245303452015,4.153660147450864,0.056819915771484375,649,0.20964476348242223,294.0,3407,653,653,9.299797352403402,0.0038744308359568687,0.03163196378368504,2.2210884353741496,3,60.0
n100_i1005007_H_a1101_W,n100_i1005007_H_a1101,100,1005007,H,1101,W,0,2,0.8314822605689792,0.062394311678404396,0.06263216331372062,69660.0,3870.5324999999993,68.85479885011493,2.8533249977342914,2400.007011272013,0.0070112720131874084,1.130504765547812,0.05483245849609375,136,0.1699766355140187,352.0,3960,1134,1134,16.20727106742561,0.006753009883431837,0.0460433837142773,3.221590909090909,0,82.0
n100_i1005007_H_a1101_GW,n100_i1005007_H_a1101,100,1005007,H,1101,GW,0,3,0.8142052800842352,0.04644470577581939,0.04761927664184416,69660.0,3970.8299999999995,71.76101902849419,3.2353412758976816,2400.9831846393645,0.983184639364481,1.7199885174632072,0.05483245849609375,277,0.190653964984552,413.0,4724,1055,1055,13.373666506260633,0.005570079204144615,0.032381759095062065,2.5544794188861983,1,94.0
n100_i1005007_H_a1101_LEGACY,n100_i1005007_H_a1101,100,1005007,H,1101,LEGACY,0,4,0.6945471588707649,0.1134408713885866,0.11403505111113736,69660.0,4059.8399999999992,62.908980262381256,3.2044945218241945,2400.6906386036426,0.6906386036425829,1.1561388224363327,0.05483245849609375,145,0.16677499025087741,338.0,3963,791,791,11.947297614999115,0.004976608573751194,0.035347034363902706,2.3402366863905324,11,66.0
n100_i1005007_H_a2202_W,n100_i1005007_H_a2202,100,1005007,H,2202,W,0,0,0.8293717783100515,0.03553064662632032,0.0430722398783497,69270.0,4082.73,65.31894893712271,3.4235271415862454,2401.3246163986623,1.3246163986623287,1.7245435127988458,0.041011810302734375,269,0.19243401046101447,548.0,6274,1384,1384,19.73478900361806,0.00821829288254035,0.03601238869273369,2.5255474452554743,6,123.0
n100_i1005007_H_a2202_GW,n100_i1005007_H_a2202,100,1005007,H,2202,GW,0,1,0.7223822097488922,0.07959221030415056,0.08107027385690062,69510.0,4153.169999999999,55.29704061746853,2.6843627972702495,2400.9422297738492,0.9422297738492489,2.1471281219273806,0.04196929931640625,205,0.2029480217222653,365.0,4170,781,781,13.80772728100419,0.005750961897281791,0.037829389810970386,2.1397260273972605,5,76.0
n100_i1005007_H_a2202_LEGACY,n100_i1005007_H_a2202,100,1005007,H,2202,LEGACY,0,2,0.6725821354312964,0.12574231560206087,0.12584469378384516,68670.0,4229.49,65.1780550119711,3.0582469380828647,2401.3757386785,1.3757386785000563,1.468582776375115,0.05483245849609375,222,0.19022331154684097,482.0,5656,1081,1081,17.92658096458763,0.007465129540474493,0.03719207669001583,2.2427385892116183,5,98.0
n100_i1005007_H_a2202_REFERENCE,n100_i1005007_H_a2202,100,1005007,H,2202,REFERENCE,0,3,0.8707044864901915,0.04195650841032697,0.04573848232978292,69510.0,3907.425,70.02112987481839,3.049505516371401,2400.0612429482862,0.06124294828623533,1.487725492566824,0.05483245849609375,217,0.21396365623719088,452.0,5292,988,988,14.557877586223185,0.006065627545545454,0.03220769377483006,2.185840707964602,7,113.0
n100_i1005007_H_a2202_G,n100_i1005007_H_a2202,100,1005007,H,2202,G,0,4,0.7707830724962186,0.10617614778887106,0.10965843053146712,69510.0,3913.2450000000003,70.28388788375365,2.261311318414305,2401.261584719643,1.2615847196429968,1.376580056734383,0.05483245849609375,198,0.23388581952117865,371.0,4338,774,774,11.957758593373,0.0049797817403425945,0.03223115523820216,2.0862533692722374,2,88.0
n100_i1005007_T_a2202_GW,n100_i1005007_T_a2202,100,1005007,T,2202,GW,0,0,0.8288873331731363,0.0713431146207663,0.07605574750663982,68940.0,4070.268,64.5810203161526,3.6597272522165887,2400.17886433471,0.17886433470994234,1.591629458591342,0.037723541259765625,137,0.19524134790528233,503.0,5893,1136,1136,16.12324719130993,0.00671751902780755,0.03205416936642133,2.2584493041749503,11,79.0
n100_i1005007_T_a2202_LEGACY,n100_i1005007_T_a2202,100,1005007,T,2202,LEGACY,0,1,0.8370582341295485,0.09995409457063273,0.10178510378562808,69510.0,3947.3279999999995,57.766140542909824,2.258257057331589,2400.5238829655573,0.5238829655572772,2.0765059059485793,0.0417327880859375,288,0.2377790075631802,411.0,4797,1114,1114,16.270107908174396,0.006777732154064071,0.039586637246166415,2.710462287104623,0,75.0
n100_i1005007_T_a2202_REFERENCE,n100_i1005007_T_a2202,100,1005007,T,2202,REFERENCE,0,2,0.87760173005388,0.057817430929087504,0.07832388951163084,69510.0,3955.977,60.998132688714314,2.6013560306006447,2400.286591512151,0.2865915121510625,1.8761235736310482,0.05483245849609375,315,0.2317424727738629,361.0,4287,673,673,11.997588464058936,0.00499839831896932,0.0332343170749555,1.8642659279778393,0,54.0
n100_i1005007_T_a2202_G,n100_i1005007_T_a2202,100,1005007,T,2202,G,0,3,0.7363366211404382,0.11467874317650338,0.11766942265720703,69510.0,4195.0605,72.95569586842532,3.1446384722288423,2400.5939209442586,0.5939209442585707,1.8442393084987998,0.05483245849609375,306,0.21274340972314215,354.0,4158,691,691,9.828947046771646,0.004094381378298872,0.02776538713777301,1.9519774011299436,0,49.0
n100_i1005007_T_a2202_W,n100_i1005007_T_a2202,100,1005007,T,2202,W,0,4,0.8670261155004471,0.07594067262409354,0.08013575022968707,69510.0,3909.129,52.454458131062786,1.8467418067022328,2403.1513143274933,3.15131432749331,6.676514837890863,0.08786773681640625,1343,0.2537178909418657,352.0,4008,977,977,13.72076878324151,0.005709490160456742,0.03897945677057247,2.7755681818181817,3,71.0
n100_i1005007_T_a1101_G,n100_i1005007_T_a1101,100,1005007,T,1101,G,0,0,0.7964111209637547,0.11797516529666476,0.11897204184112907,69660.0,3975.3435,74.72340297328007,3.9065016171266937,2400.6133669279516,0.6133669279515743,1.6791934901848435,0.037944793701171875,188,0.1598421838345063,432.0,5091,891,891,12.743985859677196,0.005308637382114383,0.029499967267771286,2.0625,5,95.0
n100_i1005007_T_a1101_W,n100_i1005007_T_a1101,100,1005007,T,1101,W,0,1,0.8978578679127164,0.0716240079192957,0.0774230075286114,69660.0,3874.2,55.41315638235457,2.1235097828608507,2402.1551683777943,2.1551683777943254,2.3617609618231654,0.0399322509765625,234,0.2483826700646932,396.0,4505,1042,1042,16.041750294156373,0.006678065807459711,0.04050947043978882,2.6313131313131315,1,86.0
n100_i1005007_T_a1101_GW,n100_i1005007_T_a1101,100,1005007,T,1101,GW,0,2,0.9446406255175559,0.0423018725876541,0.04380645547496874,69060.0,3849.531,62.40504102145456,2.805853239040176,2401.4085648702458,1.4085648702457547,1.9038149490952492,0.05483245849609375,303,0.20406648857227663,464.0,5217,1474,1474,18.582451005466282,0.007738146385128071,0.04004838578764285,3.1767241379310347,5,115.0
n100_i1005007_T_a1101_LEGACY,n100_i1005007_T_a1101,100,1005007,T,1101,LEGACY,0,3,0.9367610158750921,0.0347628326885125,0.03770305554901504,69660.0,3762.8579999999997,68.07717429209525,2.855604339944722,2400.8928352212533,0.8928352212533355,1.5170962568372488,0.05483245849609375,228,0.22739206534422404,407.0,4756,948,948,13.019947642460465,0.005422960763369773,0.03199004334756871,2.329238329238329,3,104.0
n100_i1005007_T_a1101_REFERENCE,n100_i1005007_T_a1101,100,1005007,T,1101,REFERENCE,0,4,0.7807443581479855,0.11099697530188098,0.11651086396781034,69660.0,4076.870999999999,62.69632396599063,2.9988712565102436,2400.2364170765504,0.2364170765504241,0.9486299594864249,0.05483245849609375,106,0.19699916643512086,291.0,3402,653,653,9.853955732658505,0.004105410476464842,0.03386239083387803,2.2439862542955327,0,50.0
n100_i1005008_H_a1101_REFERENCE,n100_i1005008_H_a1101,100,1005008,H,1101,REFERENCE,1,0,0.76587218210415,0.12185373553138193,0.12338879596924311,71430.0,4261.912499999999,50.21682099714295,3.7458137649398457,2400.0125377681106,0.012537768110632896,2.2555673411116004,0.046947479248046875,342,0.18509454949944382,472.0,5463,1355,1355,18.240115239284933,0.007600008313392942,0.038644311947637566,2.8707627118644066,7,75.0
n100_i1005008_H_a1101_G,n100_i1005008_H_a1101,100,1005008,H,1101,G,1,1,0.7445542040659481,0.1346600023746067,0.13558130849868794,71040.0,4298.174999999999,41.07642453243014,3.0794614006962098,2400.7444932833314,0.7444932833313942,3.658939137123525,0.04869842529296875,405,0.1995130528878669,412.0,4811,1118,1118,15.33451269660145,0.006387398883764387,0.03721969101116857,2.7135922330097086,4,73.0
n100_i1005008_H_a1101_W,n100_i1005008_H_a1101,100,1005008,H,1101,W,1,2,0.7510523348116226,0.11670657703923461,0.12042538515951814,71310.0,4355.0325,44.51367851929747,3.32249466469048,2400.003853954375,0.0038539543747901917,1.2041791900992393,0.05853271484375,160,0.20842738901429647,442.0,5093,1206,1206,21.76857763994485,0.009070226118211342,0.04925017565598383,2.728506787330317,0,56.0
n100_i1005008_H_a1101_GW,n100_i1005008_H_a1101,100,1005008,H,1101,GW,1,3,0.8741679066684156,0.06189715099140322,0.06382174712698277,70830.0,4152.2474999999995,51.233550458450964,4.430111182694087,2400.1654950641096,0.16549506410956383,1.5225620837882161,0.05853271484375,223,0.17878303395090756,576.0,6636,1659,1659,22.055922877043486,0.009189334203162671,0.03829153277264494,2.8802083333333335,2,81.0
n100_i1005008_H_a1101_LEGACY,n100_i1005008_H_a1101,100,1005008,H,1101,LEGACY,1,4,0.7893284662879937,0.0967470103002797,0.10355901924209376,70920.0,4294.837500000001,43.07694218812406,3.2282612751036925,2400.9828633684665,0.9828633684664965,1.961131513118744,0.07260513305664062,292,0.2006192749322668,284.0,3356,681,681,11.233668214641511,0.004678779005894778,0.03955516976986448,2.397887323943662,1,25.0
n100_i1005008_H_a2202_W,n100_i1005008_H_a2202,100,1005008,H,2202,W,1,0,0.9358350986812931,0.034514630783910816,0.04114176716511741,71940.0,3997.53,51.45608853368942,3.281728603823986,2401.1735738348216,1.1735738348215818,2.453867530450225,0.051670074462890625,414,0.22449238578680203,601.0,6941,1780,1780,25.651038539595902,0.010682708996596868,0.04268059657170699,2.961730449251248,2,118.0
n100_i1005008_H_a2202_GW,n100_i1005008_H_a2202,100,1005008,H,2202,GW,1,1,0.911348795613032,0.03676353696063678,0.039947355024373424,71940.0,4054.7849999999994,42.84377729621272,3.0180883205573075,2401.188842168078,1.1888421680778265,3.748898569494486,0.053127288818359375,521,0.2127777011177039,549.0,6336,1657,1657,25.033409737981856,0.010425423148051416,0.045598196244047096,3.0182149362477233,3,116.0
n100_i1005008_H_a2202_LEGACY,n100_i1005008_H_a2202,100,1005008,H,2202,LEGACY,1,2,0.6688703288222655,0.2029353557729875,0.20306682470239296,71910.0,4125.6975,50.128485351418846,4.431532766454642,2400.0725167850032,0.07251678500324488,1.3594012381508946,0.05853271484375,187,0.13614140654381346,330.0,3829,668,668,13.55512180365622,0.005647796768163434,0.04107612667774612,2.0242424242424244,2,50.0
n100_i1005008_H_a2202_REFERENCE,n100_i1005008_H_a2202,100,1005008,H,2202,REFERENCE,1,3,0.8378932946601916,0.07345302923751927,0.07471145523014484,71940.0,4130.272499999999,55.47762992979937,3.7346441073507726,2400.2287078322843,0.22870783228427172,1.966782976873219,0.05853271484375,324,0.19065149486836233,394.0,4609,896,896,13.661853007040918,0.005691896344069366,0.03467475382497695,2.2741116751269037,2,47.0
n100_i1005008_H_a2202_G,n100_i1005008_H_a2202,100,1005008,H,2202,G,1,4,0.8331779105462642,0.06901505498533689,0.07081905780901138,71940.0,4187.505,49.32560847951946,2.946876102677134,2401.186800344847,1.1868003448471427,1.5193468937650323,0.07260513305664062,224,0.22018089315997738,359.0,4254,665,665,11.096273023635149,0.004621161927943946,0.03090883850594749,1.8523676880222841,2,42.0
n100_i1005008_T_a2202_GW,n100_i1005008_T_a2202,100,1005008,T,2202,GW,1,0,0.639257538799498,0.14786625192627775,0.15677219372715243,71940.0,4338.273,52.30879486844395,4.1958013006201265,2400.494989720173,0.4949897201731801,1.1135877622291446,0.035030364990234375,133,0.17821683876092137,694.0,7925,2086,2086,23.8526203436777,0.009936542440548151,0.034369769947662394,3.005763688760807,2,93.0
n100_i1005008_T_a2202_LEGACY,n100_i1005008_T_a2202,100,1005008,T,2202,LEGACY,1,1,0.8484669954698015,0.09559693914741746,0.10070606897168422,71940.0,3734.5350000000003,51.50792428833812,2.3892852244768346,2400.7179809417576,0.7179809417575598,1.6733326129615307,0.0377349853515625,190,0.21844490934449093,441.0,5164,997,997,20.853646188043058,0.008686420626492145,0.04728717956472349,2.2607709750566896,3,115.0
n100_i1005008_T_a2202_REFERENCE,n100_i1005008_T_a2202,100,1005008,T,2202,REFERENCE,1,2,0.96509421256967,0.02947261184102315,0.033269652132450686,71760.0,3683.094,54.748204095820675,3.1776486854982355,2400.5170976929367,0.5170976929366589,1.245197270065546,0.05853271484375,164,0.20214997378080754,400.0,4693,848,848,17.714496579952538,0.007379450284681329,0.044286241449881344,2.12,1,80.0
n100_i1005008_T_a2202_G,n100_i1005008_T_a2202,100,1005008,T,2202,G,1,3,0.847802901570805,0.051077384438357964,0.07222095812944213,71760.0,4030.767,51.3772471164492,3.5834322991836918,2400.770903906785,0.7709039067849517,1.213787155225873,0.05853271484375,164,0.23038474950598628,452.0,5342,968,968,16.186948192305863,0.0067423960220297455,0.035811832283862526,2.1415929203539825,1,59.0
n100_i1005008_T_a2202_W,n100_i1005008_T_a2202,100,1005008,T,2202,W,1,4,0.6233781853374566,0.16982647623056024,0.17689545409909474,71940.0,4329.813,44.51913470730617,4.20594541806134,2401.124835484661,1.124835484661162,0.969849506393075,0.07260513305664062,100,0.16575898603822162,568.0,6477,1667,1667,27.01739313825965,0.01125197354964106,0.047565832989893746,2.9348591549295775,5,86.0
n100_i1005008_T_a1101_G,n100_i1005008_T_a1101,100,1005008,T,1101,G,1,0,0.7133643565674115,0.12853995196672294,0.13684981188976053,71700.0,4197.8355,46.08203702865198,3.586246396426735,2400.0024115955457,0.002411595545709133,2.2459131879732013,0.053707122802734375,356,0.18473335657023354,342.0,4039,679,679,11.876228414475918,0.004948423533699902,0.034725814077414964,1.9853801169590644,0,47.0
n100_i1005008_T_a1101_W,n100_i1005008_T_a1101,100,1005008,T,1101,W,1,1,0.6718332784687837,0.16016569811811013,0.16697916164726123,71640.0,4234.8165,39.31591826224316,2.9570420381934097,2401.724394942634,1.7243949426338077,2.705615825019777,0.042572021484375,287,0.2040270346381301,511.0,5927,1543,1543,23.878846977837384,0.009942375997895355,0.04672964183529821,3.019569471624266,3,91.0
n100_i1005008_T_a1101_GW,n100_i1005008_T_a1101,100,1005008,T,1101,GW,1,2,0.6983105080313139,0.10968417464992539,0.124643935319639,71760.0,4261.374,45.67453331002652,5.554385877071937,2400.265356973745,0.26535697374492884,1.0632463693618774,0.05853271484375,132,0.12646264626462647,317.0,3670,693,693,13.441285300068557,0.005599916384668124,0.04240153091504277,2.186119873817035,2,44.0
n100_i1005008_T_a1101_LEGACY,n100_i1005008_T_a1101,100,1005008,T,1101,LEGACY,1,3,0.7747636770864278,0.08760311652952738,0.10986849542017599,70950.0,4140.4545,49.23467755560616,3.279257361323864,2400.848464306444,0.8484643064439297,2.163675124756992,0.05853271484375,370,0.2366315254667852,450.0,5325,935,935,15.824716927483678,0.0065913018513041035,0.0351660376166304,2.077777777777778,1,57.0
n100_i1005008_T_a1101_REFERENCE,n100_i1005008_T_a1101,100,1005008,T,1101,REFERENCE,1,4,0.7078321545330988,0.11714671382439508,0.12041168058464832,71730.0,4222.0485,42.19351159366955,3.3150765675244993,2401.151176409796,1.1511764097958803,1.6781589547172189,0.07260513305664062,273,0.1948492462311558,318.0,3769,551,551,12.605543985031545,0.0052497918951856124,0.039640075424627504,1.7327044025157232,1,37.0
n100_i1005009_H_a1101_LEGACY,n100_i1005009_H_a1101,100,1005009,H,1101,LEGACY,0,0,0.8996745734042725,0.06535578571504047,0.0745862726648014,72390.0,4130.7300000000005,57.613585264521454,2.824309724109389,2400.2325035855174,0.23250358551740646,2.823925797827542,0.052585601806640625,515,0.21197816787136745,402.0,4748,854,854,13.860439632087946,0.005774623754733315,0.03447870555245758,2.1243781094527363,3,82.0
n100_i1005009_H_a1101_REFERENCE,n100_i1005009_H_a1101,100,1005009,H,1101,REFERENCE,0,1,0.9120383675900864,0.03470924126738504,0.04951255432622295,73110.0,4181.790000000001,55.797163158933735,3.7448571169798615,2400.8926693713292,0.892669371329248,2.9665619023144245,0.0432586669921875,345,0.15037259481703927,298.0,3548,611,611,12.086386508308351,0.0050341219590933056,0.04055834398761192,2.0503355704697985,1,36.0
n100_i1005009_H_a1101_G,n100_i1005009_H_a1101,100,1005009,H,1101,G,0,2,0.7852780214933055,0.1038037429953928,0.10442516045148847,72900.0,4305.202499999999,49.068718780856166,2.493219134930165,2400.5110165206715,0.5110165206715465,1.8412988288328052,0.05483245849609375,300,0.2573099415204678,293.0,3469,499,499,10.835156702436507,0.004513687555636011,0.036980057004902755,1.7030716723549488,4,30.0
n100_i1005009_H_a1101_W,n100_i1005009_H_a1101,100,1005009,H,1101,W,0,3,0.8797886142111575,0.046528586312530575,0.07453520884423533,72360.0,4258.425,56.75293806246462,3.0265122680909675,2400.1224368344992,0.12243683449923992,1.569353073835373,0.05483245849609375,243,0.21930066079295155,349.0,4074,816,816,12.01832212228328,0.005007378764449259,0.03443645307244493,2.33810888252149,5,49.0
n100_i1005009_H_a1101_GW,n100_i1005009_H_a1101,100,1005009,H,1101,GW,0,4,0.9347980373892515,0.029490840711560388,0.038906967861319114,73020.0,4097.37,50.58219716784018,2.744366980225372,2402.0111185926944,2.0111185926944017,2.9168259389698505,0.054981231689453125,516,0.1796116504854369,394.0,4579,1111,1111,15.01115617249161,0.006249411610253678,0.03809938114845586,2.8197969543147208,6,71.0
n100_i1005009_H_a2202_G,n100_i1005009_H_a2202,100,1005009,H,2202,G,0,0,0.8583373177407316,0.06577415816018907,0.07369087290540338,74100.0,4227.87,65.83219521960984,3.44726796966513,2400.451625118032,0.4516251180320978,1.1998915756121278,0.036846160888671875,158,0.22404833836858007,597.0,7025,1476,1476,19.826496763154864,0.00825948607157621,0.03321021233359274,2.472361809045226,2,86.0
n100_i1005009_H_a2202_W,n100_i1005009_H_a2202,100,1005009,H,2202,W,0,1,0.9018134932148154,0.056389285530892244,0.05866163010742315,74100.0,4076.5649999999996,58.490614634004594,2.7020267988926636,2401.5305853588507,1.530585358850658,2.4882516488432884,0.040447235107421875,247,0.21590383726306056,459.0,5177,1352,1352,18.671323786489666,0.007774759938649579,0.040678265330042845,2.945533769063181,4,102.0
n100_i1005009_H_a2202_GW,n100_i1005009_H_a2202,100,1005009,H,2202,GW,0,2,0.9219491549194344,0.04534392208213778,0.05319027222518384,74100.0,4103.5425,61.22363007914861,2.931244258470028,2400.0047009633854,0.004700963385403156,1.2873554760590196,0.05483245849609375,178,0.2260127931769723,587.0,6630,1861,1861,25.238965017721057,0.010516214825575087,0.042996533249950696,3.1703577512776833,1,111.0
n100_i1005009_H_a2202_LEGACY,n100_i1005009_H_a2202,100,1005009,H,2202,LEGACY,0,3,0.9264689841105058,0.03714939035557835,0.05235545138039825,73860.0,4143.7575,68.58607315323766,3.935915275645899,2400.4581751190126,0.4581751190125942,1.6810490228235722,0.05483245849609375,264,0.17072396274343776,638.0,7460,1584,1584,22.496090742759407,0.0093715820487662,0.03526033031780471,2.4827586206896552,4,136.0
n100_i1005009_H_a2202_REFERENCE,n100_i1005009_H_a2202,100,1005009,H,2202,REFERENCE,0,4,0.8654349116293072,0.06224458221915399,0.07054431918282345,74100.0,4227.87,58.791064913086245,3.1472830908332154,2401.4363442594185,1.4363442594185472,1.7200213251635432,0.05483245849609375,281,0.21460703889917968,539.0,6349,1240,1240,20.049249162897468,0.008348857220731568,0.03719712275120124,2.300556586270872,4,77.0
n100_i1005009_T_a2202_W,n100_i1005009_T_a2202,100,1005009,T,2202,W,0,0,0.5859535437687167,0.22694755478858558,0.22899031878212012,74100.0,4241.373,67.43494195716818,4.099093637856137,2401.2625398691744,1.2625398691743612,1.0637247804552317,0.0378265380859375,124,0.15604998476074367,527.0,5975,1716,1716,21.25019427202642,0.008849592212096963,0.04032294928278258,3.2561669829222013,7,109.0
n100_i1005009_T_a2202_GW,n100_i1005009_T_a2202,100,1005009,T,2202,GW,0,1,0.5785255446929608,0.23128336356426152,0.23884508854417422,73800.0,4346.763,60.31012214933103,3.3944620326338955,2400.674958699383,0.6749586993828416,1.0771848252043128,0.03368377685546875,50,0.1800220885998282,509.0,5828,1432,1432,20.582675294950604,0.008573703499661491,0.04043747602151396,2.8133595284872297,0,109.0
n100_i1005009_T_a2202_LEGACY,n100_i1005009_T_a2202,100,1005009,T,2202,LEGACY,0,2,0.7776779031148067,0.08616428279924454,0.09156409045409777,74100.0,3845.757,59.58405776954644,2.5864462375848136,2400.9778010305017,0.9778010305017233,1.2280332120135427,0.05483245849609375,161,0.21561996779388085,436.0,5106,930,930,18.638775484636426,0.007762993675591939,0.04274948505650556,2.13302752293578,2,94.0
n100_i1005009_T_a2202_REFERENCE,n100_i1005009_T_a2202,100,1005009,T,2202,REFERENCE,0,3,0.6985432994122952,0.14088657538003624,0.14817296835854354,73260.0,4132.492499999999,67.3231935939451,3.2819749595528287,2400.079250169918,0.0792501699179411,1.5089097982272506,0.05483245849609375,233,0.22216579916211757,560.0,6624,1171,1171,18.182010611519217,0.00757558760204772,0.0324678760919986,2.0910714285714285,2,105.0
n100_i1005009_T_a2202_G,n100_i1005009_T_a2202,100,1005009,T,2202,G,0,4,0.7374458980080586,0.11279398065809665,0.13457848423040392,73950.0,4076.8905,57.59353076054318,2.822473247407212,2401.0856457985938,1.0856457985937595,1.9697604086250067,0.05483245849609375,323,0.22458314888593772,475.0,5621,992,992,14.70545491296798,0.0061245024469241665,0.03095885244835364,2.088421052631579,1,85.0
n100_i1005009_T_a1101_REFERENCE,n100_i1005009_T_a1101,100,1005009,T,1101,REFERENCE,0,0,0.7623106528192533,0.10897466676957047,0.10993589988950835,73110.0,3748.284,58.804235345497766,2.832313132428477,2400.8644814528525,0.8644814528524876,1.6852764338254929,0.050647735595703125,262,0.20661764705882352,342.0,4027,719,719,12.538373810239136,0.005222441294417292,0.03666191172584543,2.1023391812865495,2,88.0
n100_i1005009_T_a1101_G,n100_i1005009_T_a1101,100,1005009,T,1101,G,0,1,0.7353259394440809,0.13231548938419108,0.13293224978646517,73110.0,3871.314,59.6371440305591,2.614984391363019,2400.0143254119903,0.01432541199028492,2.545143000781536,0.043239593505859375,253,0.19247928616953475,439.0,5072,1368,1368,18.38669414818287,0.007661076833375392,0.04188313017809309,3.1161731207289294,3,101.0
n100_i1005009_T_a1101_W,n100_i1005009_T_a1101,100,1005009,T,1101,W,0,2,0.7663197945671115,0.09730121667346697,0.1396096701858628,73020.0,3972.264,52.76311528667274,2.225056049222429,2400.3889708155766,0.38897081557661295,2.111954397521913,0.05483245849609375,354,0.27204643325219996,316.0,3615,788,788,12.88496171310544,0.005367864071099917,0.04077519529463747,2.4936708860759493,1,51.0
n100_i1005009_T_a1101_GW,n100_i1005009_T_a1101,100,1005009,T,1101,GW,0,3,0.751962645376174,0.11081887517417564,0.11309612210813325,72870.0,3906.7709999999997,71.2978270903543,5.566647183207497,2400.3676827782765,0.3676827782765031,0.9032424194738269,0.05483245849609375,87,0.11457865588983684,615.0,6923,2115,2115,24.947549155913293,0.010393219894977946,0.040565120578720804,3.4390243902439024,3,202.0
n100_i1005009_T_a1101_LEGACY,n100_i1005009_T_a1101,100,1005009,T,1101,LEGACY,0,4,0.8344019721635672,0.0834823453651269,0.08366844678687117,72960.0,3620.4329999999995,53.06582797545559,2.2818143548599017,2400.2829101039097,0.2829101039096713,2.712804310955107,0.05483245849609375,473,0.23480007303268213,349.0,4036,778,778,13.687654847279191,0.005702517311464191,0.03921964139621545,2.2292263610315186,12,64.0
n100_i1005010_H_a1101_LEGACY,n100_i1005010_H_a1101,100,1005010,H,1101,LEGACY,1,0,1.0392215770627025,0.01398227971089233,0.028907644904180626,67560.0,3971.9400000000005,55.158496445165476,3.3785813386045978,2400.1198098575696,0.11980985756963491,1.0639827093109488,0.03580474853515625,128,0.22308546059933407,500.0,5897,1257,1257,18.35868166293949,0.007649068845454406,0.03671736332587898,2.514,1,73.0
n100_i1005010_H_a1101_REFERENCE,n100_i1005010_H_a1101,100,1005010,H,1101,REFERENCE,1,1,0.9737402070640712,0.05927318744269052,0.07509206533458757,68580.0,3988.5075,47.651232670496796,2.8443274471033493,2400.567489848472,0.567489848472178,1.8094341969117522,0.0411834716796875,233,0.2176332747510252,292.0,3449,573,573,11.436604416929185,0.004764125343399982,0.03916645348263419,1.9623287671232876,0,48.0
n100_i1005010_H_a1101_G,n100_i1005010_H_a1101,100,1005010,H,1101,G,1,2,0.9038398279326945,0.0643242238842015,0.0710066500409974,68490.0,4158.99,51.12741548642754,3.2671484631113743,2400.2582339132205,0.2582339132204652,1.114804595708847,0.05853271484375,145,0.2255802091303239,509.0,5874,1539,1539,20.591236817650497,0.008578758954647943,0.04045429630186738,3.0235756385068764,5,96.0
n100_i1005010_H_a1101_W,n100_i1005010_H_a1101,100,1005010,H,1101,W,1,3,0.9461286571087392,0.08500569867370689,0.08814939857461063,68730.0,3928.5975,53.72871262371216,3.8235725108972027,2400.634478315711,0.6344783157110214,1.4063005251809955,0.05853271484375,203,0.1878200239677525,482.0,5590,1343,1343,19.817375945858657,0.00825505762116795,0.04111488785447854,2.7863070539419086,6,89.0
n100_i1005010_H_a1101_GW,n100_i1005010_H_a1101,100,1005010,H,1101,GW,1,4,0.9489291871591544,0.04475818845608442,0.05242433410892171,68370.0,4093.515,50.35227685374715,3.561057411287996,2400.1297965338454,0.12979653384536505,1.2785336384549737,0.07260513305664062,179,0.18556218556218557,418.0,4846,1103,1103,15.103772587142885,0.006292898246151122,0.03613342724196862,2.638755980861244,4,79.0
n100_i1005010_H_a2202_G,n100_i1005010_H_a2202,100,1005010,H,2202,G,1,0,0.8368455343830533,0.11927176325496436,0.1270506066575024,69420.0,4170.09,58.16106450685386,3.4082492131675948,2400.0592352217063,0.059235221706330776,1.0141176246106625,0.036407470703125,124,0.232640586797066,436.0,5137,969,969,14.184311959892511,0.00590998411694711,0.03253282559608374,2.2224770642201834,1,59.0
n100_i1005010_H_a2202_W,n100_i1005010_H_a2202,100,1005010,H,2202,W,1,1,0.894964509493044,0.10083732552532684,0.1102153087452432,69420.0,4073.3999999999996,48.87922037752988,2.8378955936899013,2400.0178213547915,0.017821354791522026,1.2015345627442002,0.03798675537109375,117,0.22111290559389224,507.0,5783,1455,1455,22.643922559916973,0.009434897673857544,0.044662569151710005,2.8698224852071004,11,86.0
n100_i1005010_H_a2202_GW,n100_i1005010_H_a2202,100,1005010,H,2202,GW,1,2,0.9654055911517181,0.039576724581240674,0.05249106296710826,69420.0,4020.1724999999997,55.83591165024189,3.5389955340303247,2400.9637532159686,0.9637532159686089,1.598570060916245,0.05853271484375,247,0.17370836765917383,475.0,5391,1566,1566,21.399661515839398,0.00891294651457176,0.04505191898071452,3.296842105263158,4,86.0
n100_i1005010_H_a2202_LEGACY,n100_i1005010_H_a2202,100,1005010,H,2202,LEGACY,1,3,0.9486565388474404,0.06072461581335198,0.0755215186530267,69420.0,4044.99,53.34276008594408,3.2347125709363906,2400.2132584387437,0.2132584387436509,2.19918517395854,0.05853271484375,328,0.20698093766099948,500.0,5800,1185,1185,18.254325854592025,0.007605293317338743,0.03650865170918405,2.37,5,87.0
n100_i1005010_H_a2202_REFERENCE,n100_i1005010_H_a2202,100,1005010,H,2202,REFERENCE,1,4,0.83159744039581,0.1343804065179166,0.13770003224802219,69420.0,4128.0225,54.17697466878267,3.2531766902804335,2400.1155619146302,0.11556191463023424,1.087127381004393,0.07260513305664062,134,0.19787397540983606,527.0,6145,1312,1312,20.05558591429144,0.008356091778469457,0.03805614025482247,2.489563567362429,2,87.0
n100_i1005010_T_a2202_W,n100_i1005010_T_a2202,100,1005010,T,2202,W,1,0,0.8857719511403795,0.0713006479901278,0.07458570816115971,69090.0,3954.446999999999,57.79441654424947,3.060463807347524,2401.27002396062,1.2700239606201649,2.1915096174925566,0.043354034423828125,359,0.24003265750442238,570.0,6394,1850,1850,22.244964103214443,0.009263832838975734,0.03902625281265692,3.245614035087719,8,82.0
n100_i1005010_T_a2202_GW,n100_i1005010_T_a2202,100,1005010,T,2202,GW,1,1,0.79280670757522,0.12095574700353767,0.12294297574375307,69360.0,4059.474,48.92806146349264,2.837170141316788,2400.2790318522602,0.27903185226023197,1.8548854235559702,0.040683746337890625,227,0.2116005873715125,319.0,3651,866,866,13.678799561224878,0.005698837251712835,0.04288024940822846,2.7147335423197494,7,36.0
n100_i1005010_T_a2202_LEGACY,n100_i1005010_T_a2202,100,1005010,T,2202,LEGACY,1,2,0.7826490706302218,0.13573123517955335,0.13735171840915156,68550.0,4068.933,56.03988784639692,4.003116890941476,2400.8791803577915,0.8791803577914834,1.1668974002823234,0.05853271484375,150,0.17604827801477474,605.0,6880,1621,1621,24.5371496360749,0.010220068480254908,0.040557272125743636,2.6793388429752065,13,128.0
n100_i1005010_T_a2202_REFERENCE,n100_i1005010_T_a2202,100,1005010,T,2202,REFERENCE,1,3,0.6953604761426929,0.17373601877400716,0.17570142565503016,69420.0,4214.5695,59.986226238902965,3.514243591137203,2400.801134354435,0.8011343544349074,1.3488236013799906,0.05853271484375,181,0.21737584449448857,635.0,7463,1639,1639,24.82758324407041,0.010341374339089706,0.039098556289874666,2.5811023622047244,2,65.0
n100_i1005010_T_a2202_G,n100_i1005010_T_a2202,100,1005010,T,2202,G,1,4,0.7090249628118418,0.18322662517365332,0.18503530535532253,69330.0,4171.893,50.258199878812235,3.0554173342860764,2400.9813381889835,0.9813381889835,1.5329316398128867,0.07260513305664062,241,0.22887131952017448,553.0,6453,1526,1526,20.604876773431897,0.00858185627922197,0.03726017499716437,2.759493670886076,16,80.0
n100_i1005010_T_a1101_REFERENCE,n100_i1005010_T_a1101,100,1005010,T,1101,REFERENCE,1,0,0.8686001368246576,0.06689214268055962,0.08293462984546049,68340.0,4020.858,51.413606269444884,3.651574767609839,2400.8819640679285,0.881964067928493,2.4000238440930843,0.05103302001953125,417,0.2260750541804494,388.0,4532,820,820,15.35221594106406,0.0063944067933485865,0.03956756685841253,2.11340206185567,6,43.0
n100_i1005010_T_a1101_G,n100_i1005010_T_a1101,100,1005010,T,1101,G,1,1,0.7895397793536029,0.09003048567177953,0.10940850765032602,67560.0,4182.963,39.439275411756086,2.9772251258929994,2400.221581448801,0.22158144880086184,4.007629589177668,0.059017181396484375,635,0.24517212426532325,464.0,5390,1167,1167,20.10114197805524,0.008374702624714325,0.04332142667684319,2.5150862068965516,9,58.0
n100_i1005010_T_a1101_W,n100_i1005010_T_a1101,100,1005010,T,1101,W,1,2,0.8259352416838781,0.0679124769772568,0.10062725969160043,67500.0,4127.472,41.497930747600826,2.6931670569092954,2400.8907963624224,0.8907963624224067,6.627322534099221,0.09279251098632812,1357,0.26770801113516857,561.0,6239,1955,1955,25.929413254372776,0.010799913637745748,0.046219987975709045,3.484848484848485,9,81.0
n100_i1005010_T_a1101_GW,n100_i1005010_T_a1101,100,1005010,T,1101,GW,1,3,0.7915503361607641,0.09451839993769084,0.10777554427770344,68730.0,4165.0109999999995,53.48703646652487,6.664898165671208,2400.9369088970125,0.9369088970124722,2.335345703177154,0.07260513305664062,421,0.11811023622047244,385.0,4495,946,946,14.405536150559783,0.005999964471027133,0.037416977014440994,2.4571428571428573,0,34.0
n100_i1005010_T_a1101_LEGACY,n100_i1005010_T_a1101,100,1005010,T,1101,LEGACY,1,4,1.0324181580800995,0.014595499648639773,0.015808356367760863,68730.0,3706.5960000000005,46.93217348251051,3.186330974626206,2401.508211461827,1.508211461827159,3.463106636889279,0.07260513305664062,538,0.1888395190799791,464.0,5448,1003,1003,18.801174411550164,0.007828902821075786,0.0405197724386857,2.1616379310344827,1,107.0
n100_i1005011_H_a1101_GW,n100_i1005011_H_a1101,100,1005011,H,1101,GW,0,0,0.6952616606684596,0.1310962924108753,0.1347945766665254,82080.0,4406.43,69.36964627484278,2.4075808385456154,2401.16548007261,1.1654800726100802,1.722628278657794,0.042552947998046875,283,0.2075765438505449,159.0,1856,272,272,4.968780348077416,0.0020693202485682757,0.03125019086841142,1.7106918238993711,0,10.0
n100_i1005011_H_a1101_LEGACY,n100_i1005011_H_a1101,100,1005011,H,1101,LEGACY,0,1,0.6876889549039334,0.11669463928792854,0.11731192996060581,82620.0,4399.59,57.940372411736156,2.972517741032523,2402.6769971502945,2.6769971502944827,2.900506878271699,0.044078826904296875,330,0.1465975917110053,294.0,3491,624,624,11.005174369551241,0.004580380293565875,0.037432565882827354,2.122448979591837,0,35.0
n100_i1005011_H_a1101_REFERENCE,n100_i1005011_H_a1101,100,1005011,H,1101,REFERENCE,0,2,0.7578375112046503,0.08327568560163252,0.085571651787082,82620.0,4385.1,61.94824637015921,2.3661222472093626,2400.552214366384,0.5522143663838506,1.2358913337811828,0.05483245849609375,172,0.2181338028169014,235.0,2801,326,326,7.3896938702091575,0.0030783308215437577,0.03144550583067727,1.3872340425531915,0,23.0
n100_i1005011_H_a1101_G,n100_i1005011_H_a1101,100,1005011,H,1101,G,0,3,0.6688050022912212,0.14470862164597798,0.14612934324076235,82620.0,4422.6,71.59194794993564,2.2279012279973456,2400.465484193526,0.4654841935262084,2.1282215723767877,0.05483245849609375,382,0.25598354525056094,274.0,3240,601,601,7.306270683184266,0.003043689122503222,0.026665221471475424,2.1934306569343067,0,22.0
n100_i1005011_H_a1101_W,n100_i1005011_H_a1101,100,1005011,H,1101,W,0,4,0.6633894884016945,0.1422417578600375,0.14317483427212463,82620.0,4361.4075,60.888910597109316,1.9945756889740176,2401.011917709373,1.0119177093729377,1.7970015220344067,0.05483245849609375,256,0.22280225516809354,156.0,1822,256,256,6.177068585529923,0.0025726938462775333,0.03959659349698669,1.641025641025641,1,13.0
n100_i1005011_H_a2202_REFERENCE,n100_i1005011_H_a2202,100,1005011,H,2202,REFERENCE,0,0,0.854172200505381,0.0268709304217262,0.034239436510438544,82830.0,4320.675,72.4315516238446,2.9001759779501453,2402.268018551171,2.268018551170826,1.0535007901489735,0.036090850830078125,131,0.19377063298406774,284.0,3374,421,421,7.941806638613343,0.0033059619398351386,0.02796410788244135,1.482394366197183,1,38.0
n100_i1005011_H_a2202_G,n100_i1005011_H_a2202,100,1005011,H,2202,G,0,1,0.7943303979625754,0.0475759690618716,0.0483548271338536,82890.0,4408.365000000001,61.643033655805915,2.5222735944878383,2400.611897627823,0.6118976278230548,1.495601473376155,0.04196929931640625,179,0.200990916597853,279.0,3312,451,451,7.816168244928122,0.003255906651404881,0.02801493994597893,1.6164874551971327,0,41.0
n100_i1005011_H_a2202_W,n100_i1005011_H_a2202,100,1005011,H,2202,W,0,2,0.8243630206547862,0.034920197228660806,0.05294090375334773,82920.0,4387.410000000001,67.12709668634628,2.724042803527547,2400.4762302311137,0.47623023111373186,0.905796917155385,0.05483245849609375,97,0.21639394402813886,322.0,3729,678,678,14.0015086280182,0.005832804529237167,0.043482946049745966,2.1055900621118013,2,48.0
n100_i1005011_H_a2202_GW,n100_i1005011_H_a2202,100,1005011,H,2202,GW,0,3,0.7450350878172903,0.07563643599577707,0.07918994372642559,82920.0,4321.162499999999,65.25584838224556,3.0710398878612555,2400.489824029617,0.48982402961701155,3.5121717425063252,0.058414459228515625,693,0.15151926207270755,330.0,3789,752,752,10.906263595446944,0.004543349230757824,0.0330492836225665,2.278787878787879,4,56.0
n100_i1005011_H_a2202_LEGACY,n100_i1005011_H_a2202,100,1005011,H,2202,LEGACY,0,4,0.8500320632057674,0.04471143197752415,0.05088445257476933,82920.0,4189.62,65.10065021563294,2.848413832870104,2400.2832457497716,0.283245749771595,1.4996226048097014,0.05483245849609375,230,0.1882404563405002,291.0,3434,537,537,10.341857232153416,0.004308598683287043,0.035539028289186994,1.8453608247422681,2,38.0
n100_i1005011_T_a2202_G,n100_i1005011_T_a2202,100,1005011,T,2202,G,0,0,0.7609809541564825,0.07135666186074145,0.07288823704889341,82890.0,3902.1060000000007,79.45248462426667,2.4725954722278667,2401.1206308044493,1.1206308044493198,1.775366060435772,0.041278839111328125,258,0.21374431531076302,298.0,3530,532,532,8.938949272036552,0.003722823900372606,0.029996474067236753,1.7852348993288591,4,57.0
n100_i1005011_T_a2202_W,n100_i1005011_T_a2202,100,1005011,T,2202,W,0,1,0.6749231673871416,0.08224508244824971,0.08530957938851148,82530.0,4298.046,62.8104195448694,2.482707602895695,2400.6048851860687,0.6048851860687137,2.4253502888605,0.041179656982421875,254,0.19446308724832215,270.0,3133,538,538,10.082384079694748,0.004199934833888031,0.0373421632581287,1.9925925925925927,1,26.0
n100_i1005011_T_a2202_GW,n100_i1005011_T_a2202,100,1005011,T,2202,GW,0,2,0.6923002817477919,0.07079259361620424,0.07157187420295949,82920.0,4123.251,70.30912725855259,3.0540201647714995,2400.115128430538,0.11512843053787947,1.7064391719177365,0.05483245849609375,272,0.169849931787176,329.0,3816,740,740,12.548423209227622,0.005228258869995614,0.03814110397941526,2.2492401215805473,2,67.0
n100_i1005011_T_a2202_LEGACY,n100_i1005011_T_a2202,100,1005011,T,2202,LEGACY,0,3,0.7842611780581688,0.03910637771300822,0.04470687478948623,82920.0,4002.4320000000002,79.94393813468413,2.9462365300414834,2401.7080529173836,1.7080529173836112,2.339998995885253,0.05542755126953125,412,0.17806670435274166,319.0,3775,521,521,10.094153886660933,0.004202906291794893,0.03164311563216594,1.6332288401253918,1,58.0
n100_i1005011_T_a2202_REFERENCE,n100_i1005011_T_a2202,100,1005011,T,2202,REFERENCE,0,4,0.7201604329016776,0.07770529635992736,0.0820516184845498,80610.0,3949.1505,68.88479800021963,2.042695840644541,2402.7071981756017,2.707198175601661,2.250607116147876,0.05483245849609375,394,0.22432762836185818,225.0,2652,449,449,8.537644024007022,0.003553343507893819,0.03794508455114232,1.9955555555555555,0,32.0
n100_i1005011_T_a1101_LEGACY,n100_i1005011_T_a1101,100,1005011,T,1101,LEGACY,0,0,0.6926277642969582,0.08644746325042738,0.08888250510629912,82620.0,4076.8335,57.172804162130994,2.454803568167622,2400.5994110554457,0.5994110554456711,2.9852071329951286,0.059139251708984375,492,0.1982012557271339,217.0,2546,385,385,6.168894045986235,0.002569730717077042,0.02842808316122689,1.7741935483870968,2,32.0
n100_i1005011_T_a1101_REFERENCE,n100_i1005011_T_a1101,100,1005011,T,1101,REFERENCE,0,1,0.6360318550832496,0.12275226476381934,0.12532654732153378,82620.0,4195.038,51.305798253424356,2.00338790093139,2401.9312474448234,1.9312474448233843,2.2526594353839755,0.0428924560546875,265,0.23566084788029926,188.0,2231,241,241,6.45252955891192,0.0026863922794526807,0.03432196573889319,1.2819148936170213,3,20.0
n100_i1005011_T_a1101_G,n100_i1005011_T_a1101,100,1005011,T,1101,G,0,2,0.6421629758355255,0.11286043605442114,0.11349169753722022,82620.0,4200.342000000001,50.63817050364969,1.9210282167179316,2400.7976352786645,0.7976352786645293,2.086382007226348,0.05483245849609375,304,0.2220294882914137,196.0,2327,260,260,6.070452615618706,0.0025285149095517576,0.030971697018462783,1.3265306122448979,0,33.0
n100_i1005011_T_a1101_W,n100_i1005011_T_a1101,100,1005011,T,1101,W,0,3,0.7296205881795709,0.07799475351076257,0.07833969520402392,82620.0,4045.347,69.25263778367231,2.541667759512124,2401.1792954290286,1.1792954290285707,1.6883859895169735,0.05483245849609375,277,0.22333278715385876,243.0,2818,409,409,7.911256219260395,0.003294737812507607,0.032556609955804096,1.683127572016461,0,37.0
n100_i1005011_T_a1101_GW,n100_i1005011_T_a1101,100,1005011,T,1101,GW,0,4,0.6938730137506135,0.09677183893144735,0.09722337381086664,82620.0,4065.2700000000004,58.522542167298624,2.010033367727444,2400.95516695641,0.955166956409812,1.3668893668800592,0.05483245849609375,196,0.24492333195192706,273.0,3159,569,569,9.508640295825899,0.003960357288919978,0.0348301842337945,2.0842490842490844,1,55.0
n100_i1005012_H_a1101_GW,n100_i1005012_H_a1101,100,1005012,H,1101,GW,1,0,0.9185107921372598,0.03876003408187443,0.04829467761816207,80940.0,4134.945,69.33801471836507,3.2057707599472334,2401.2945954147726,1.2945954147726297,1.969179461710155,0.04708099365234375,330,0.16900493634710315,312.0,3630,760,760,10.752597702667117,0.004477833633240587,0.03446345417521512,2.4358974358974357,4,58.0
n100_i1005012_H_a1101_LEGACY,n100_i1005012_H_a1101,100,1005012,H,1101,LEGACY,1,1,0.8579100204799606,0.04455214819123964,0.05564369588899352,81210.0,4237.215,55.882346886236014,2.3718667544893246,2401.0623654220253,1.062365422025323,1.8989422377198935,0.039936065673828125,216,0.2177348551360843,213.0,2531,276,276,7.314972905442119,0.003046556812012001,0.03434259580019774,1.295774647887324,0,33.0
n100_i1005012_H_a1101_REFERENCE,n100_i1005012_H_a1101,100,1005012,H,1101,REFERENCE,1,2,0.7820665271234459,0.06924434341206226,0.07871616233915324,79560.0,4363.14,67.446572987329,3.421595290415149,2401.2191105755046,1.219110575504601,1.2314849831163883,0.05853271484375,164,0.16784323271665044,305.0,3614,497,497,10.559223456308246,0.004397442703084891,0.034620404774781136,1.6295081967213114,0,54.0
n100_i1005012_H_a1101_G,n100_i1005012_H_a1101,100,1005012,H,1101,G,1,3,0.8649948656372562,0.04321736090925759,0.050107665486082184,81210.0,4220.5725,64.13136576941804,2.802769570030803,2401.1963280756027,1.1963280756026506,1.728583893738687,0.05853271484375,279,0.20193164933135216,303.0,3575,519,519,8.348510197363794,0.0034768128285680676,0.02755283893519404,1.7128712871287128,0,55.0
n100_i1005012_H_a1101_W,n100_i1005012_H_a1101,100,1005012,H,1101,W,1,4,0.8707867711241358,0.07097418332135288,0.08112911901450062,80940.0,4159.365,63.89463222244987,3.3155665164519807,2400.7963527506217,0.796352750621736,1.5358194643631577,0.07260513305664062,216,0.13618090452261306,408.0,4666,1268,1268,17.38494175300002,0.007241322960642572,0.04261015135539221,3.107843137254902,8,87.0
n100_i1005012_H_a2202_REFERENCE,n100_i1005012_H_a2202,100,1005012,H,2202,REFERENCE,1,0,0.8035424832716803,0.07395724627446913,0.07830488734929235,80970.0,4299.03,68.07212015743316,3.3456579294277042,2400.4247204596177,0.42472045961767435,2.6119287442415953,0.053943634033203125,467,0.17419997509650106,288.0,3420,357,357,7.958231136202812,0.003315342934261659,0.02763274700070421,1.2395833333333333,3,38.0
n100_i1005012_H_a2202_G,n100_i1005012_H_a2202,100,1005012,H,2202,G,1,1,0.7940683713305756,0.08923120124825523,0.093495218370362,80970.0,4280.685,60.97536503136477,2.451813191098353,2400.2644334267825,0.2644334267824888,2.539596790447831,0.0442657470703125,282,0.19456244689889549,316.0,3701,592,592,9.531576990149915,0.003971052879595429,0.030163218323259227,1.8734177215189873,4,61.0
n100_i1005012_H_a2202_W,n100_i1005012_H_a2202,100,1005012,H,2202,W,1,2,0.7653330558219708,0.06659156258618616,0.08079998206801682,80520.0,4399.799999999999,62.15985980042337,3.1340545577675605,2400.085850885138,0.08585088513791561,0.978913719765842,0.05853271484375,108,0.1913055038553576,416.0,4832,993,993,17.668925593607128,0.007361788990627535,0.04247337883078636,2.387019230769231,0,83.0
n100_i1005012_H_a2202_GW,n100_i1005012_H_a2202,100,1005012,H,2202,GW,1,3,0.969414950043099,0.03865355568482918,0.04059948237169516,80340.0,4008.1575,66.66513894569346,3.0843702626018676,2400.4900091839954,0.4900091839954257,1.833813306875527,0.05853271484375,307,0.16680172879524582,450.0,5204,1024,1024,14.82203315757215,0.0061745864806205305,0.03293785146127144,2.2755555555555556,3,113.0
n100_i1005012_H_a2202_LEGACY,n100_i1005012_H_a2202,100,1005012,H,2202,LEGACY,1,4,0.6678160035607276,0.11831240509854496,0.12623557435828828,80520.0,4522.837500000001,56.62999641428796,3.229467685828815,2401.324538415298,1.3245384152978659,1.7561420407146215,0.07260513305664062,290,0.17678916827852997,410.0,4844,800,800,13.689076208509505,0.005700635624014118,0.03338799075246221,1.951219512195122,1,75.0
n100_i1005012_T_a2202_G,n100_i1005012_T_a2202,100,1005012,T,2202,G,1,0,0.9431547015635388,0.0591561650609988,0.06104170993881774,80850.0,4001.5469999999996,73.42885057366311,3.30660777828752,2400.950016548857,0.9500165488570929,1.7220046604052186,0.04156494140625,271,0.1733215770248142,342.0,4052,557,557,10.733889766968787,0.004470684392837864,0.03138564259347598,1.628654970760234,7,60.0
n100_i1005012_T_a2202_W,n100_i1005012_T_a2202,100,1005012,T,2202,W,1,1,0.7987441526492925,0.10719972526586778,0.113045300725765,80520.0,4242.195,55.80507456082462,2.6921254433206565,2401.4482742771506,1.448274277150631,1.9570629997178912,0.037685394287109375,176,0.19582366589327146,304.0,3515,681,681,13.93613457120955,0.005803220798251174,0.04584254793161036,2.2401315789473686,2,53.0
n100_i1005012_T_a2202_GW,n100_i1005012_T_a2202,100,1005012,T,2202,GW,1,2,0.805285107019757,0.10095377579289132,0.10364411173608963,79590.0,4226.5845,67.62921139390507,2.338722728781539,2400.0279857562855,0.027985756285488605,1.5019579865038395,0.05853271484375,229,0.2346338856226617,413.0,4790,960,960,16.151372221298516,0.00672965995278133,0.03910743879249035,2.324455205811138,4,78.0
n100_i1005012_T_a2202_LEGACY,n100_i1005012_T_a2202,100,1005012,T,2202,LEGACY,1,3,0.7411681057259883,0.12952941691261868,0.13074822282646426,80640.0,4299.339,73.12620741112504,3.096913018937382,2401.4235965050757,1.4235965050756931,1.253707630559802,0.05853271484375,168,0.20398009950248755,289.0,3410,492,492,9.298673056997359,0.0038721502822451777,0.03217533929756872,1.7024221453287198,1,35.0
n100_i1005012_T_a2202_REFERENCE,n100_i1005012_T_a2202,100,1005012,T,2202,REFERENCE,1,4,0.9590960800799049,0.0501221624918151,0.05333447664317475,80850.0,3975.6105,65.38432914549962,3.0394269505643887,2401.1105115208775,1.1105115208774805,2.149997178465128,0.07260513305664062,360,0.1675801589476569,307.0,3624,519,519,11.987906142137945,0.004992650727493894,0.03904855420891839,1.6905537459283388,1,56.0
n100_i1005012_T_a1101_LEGACY,n100_i1005012_T_a1101,100,1005012,T,1101,LEGACY,1,0,0.8942478026472006,0.056389519639987576,0.0746803324644137,81000.0,4140.696,62.69240875724811,3.426062851138773,2400.1311001246795,0.13110012467950583,1.4648065594956279,0.03978729248046875,219,0.18496898941991974,261.0,3093,410,410,8.722269038669765,0.0036340802542897217,0.03341865532057381,1.5708812260536398,0,30.0
n100_i1005012_T_a1101_REFERENCE,n100_i1005012_T_a1101,100,1005012,T,1101,REFERENCE,1,1,0.7347041027661764,0.11136384561693392,0.12313991953980069,79290.0,4371.585,51.877442364645155,2.4610132220029564,2401.043581224978,1.0435812249779701,1.835677190683782,0.0368194580078125,159,0.24014215603316974,271.0,3209,348,348,9.372384879738092,0.003903463041248271,0.034584446050694065,1.2841328413284132,0,41.0
n100_i1005012_T_a1101_G,n100_i1005012_T_a1101,100,1005012,T,1101,G,1,2,0.8364731668487896,0.06416697007411655,0.07124630201260616,81210.0,4258.443,48.648152982580434,2.3695757794969055,2400.8516837591305,0.8516837591305375,2.4876036513596773,0.05853271484375,447,0.24397960977324662,271.0,3213,477,477,8.785685556940734,0.0036594037092639383,0.03241950390015031,1.7601476014760147,1,32.0
n100_i1005012_T_a1101_W,n100_i1005012_T_a1101,100,1005012,T,1101,W,1,3,1.011347341063365,0.0293336642917385,0.03966270176215263,80880.0,3982.7520000000004,60.83783436578182,2.290408642639177,2401.3182178977877,1.3182178977876902,2.004199145361781,0.05853271484375,321,0.2690909090909091,428.0,4940,1070,1070,17.203306794166565,0.0071641095569695236,0.040194642042445244,2.5,8,93.0
n100_i1005012_T_a1101_GW,n100_i1005012_T_a1101,100,1005012,T,1101,GW,1,4,0.9386266236280234,0.06831426507629854,0.07625612321847253,81210.0,4008.804,62.53869447209261,3.429591028973339,2400.5777745647356,0.5777745647355914,1.3294770084321499,0.07260513305664062,193,0.1547431070083809,327.0,3743,776,776,12.423854464665055,0.00517536011384497,0.03799343872986256,2.3730886850152904,9,65.0
