contrast,metric,jobs,base_seed,value
STATE6-BASE,hv_diff,50,1205001,-0.03559266207509222
STATE6-BASE,hv_diff,50,1205002,-0.04939520571192696
STATE6-BASE,hv_diff,50,1205003,0.05792123347078257
STATE6-BASE,hv_diff,50,1205004,-0.05638905750916781
STATE6-BASE,hv_diff,50,1205005,0.05513083458789139
STATE6-BASE,hv_diff,50,1205006,0.05511322411652045
STATE6-BASE,hv_diff,50,1205007,-0.05549053245085442
STATE6-BASE,hv_diff,50,1205008,0.04155495493907749
STATE6-BASE,hv_diff,50,1205009,-0.020430350011754833
STATE6-BASE,hv_diff,50,1205010,0.06891575028946026
STATE6-BASE,hv_diff,50,1205011,-0.02626379641417423
STATE6-BASE,hv_diff,50,1205012,0.009502875361235869
STATE6-BASE,hv_diff,50,1205013,0.0801961372152922
STATE6-BASE,hv_diff,50,1205014,0.00046875671727147905
STATE6-BASE,hv_diff,50,1205015,-0.019795901202870392
STATE6-BASE,hv_diff,50,1205016,-0.016948085564788246
STATE6-BASE,hv_diff,100,1215001,-0.012369246128263067
STATE6-BASE,hv_diff,100,1215002,-0.027527173887851225
STATE6-BASE,hv_diff,100,1215003,-0.008832232530807504
STATE6-BASE,hv_diff,100,1215004,0.0023177379195666037
STATE6-BASE,hv_diff,100,1215005,0.002228077811406798
STATE6-BASE,hv_diff,100,1215006,-0.017842790122395924
STATE6-BASE,hv_diff,100,1215007,-0.029474638121474883
STATE6-BASE,hv_diff,100,1215008,0.021857243018019057
STATE6-BASE,hv_diff,100,1215009,-0.020578310650240544
STATE6-BASE,hv_diff,100,1215010,0.017017388457261085
STATE6-BASE,hv_diff,100,1215011,0.025940622243441375
STATE6-BASE,hv_diff,100,1215012,0.026887850701882432
STATE6-BASE,hv_diff,100,1215013,0.049462799719968586
STATE6-BASE,hv_diff,100,1215014,0.08790128452489071
STATE6-BASE,hv_diff,100,1215015,0.04914495163957114
STATE6-BASE,hv_diff,100,1215016,0.028103592678731915
STATE6-BASE,igd_plus_gain,50,1205001,-0.03160967657530911
STATE6-BASE,igd_plus_gain,50,1205002,-0.009851209318460306
STATE6-BASE,igd_plus_gain,50,1205003,0.04688636479010959
STATE6-BASE,igd_plus_gain,50,1205004,-0.036503877843449634
STATE6-BASE,igd_plus_gain,50,1205005,0.011316001862764442
STATE6-BASE,igd_plus_gain,50,1205006,0.03725503539804071
STATE6-BASE,igd_plus_gain,50,1205007,-0.034970534414559225
STATE6-BASE,igd_plus_gain,50,1205008,0.033010146910860155
STATE6-BASE,igd_plus_gain,50,1205009,0.0015246098953784482
STATE6-BASE,igd_plus_gain,50,1205010,0.03197414365117235
STATE6-BASE,igd_plus_gain,50,1205011,-0.014473803661278819
STATE6-BASE,igd_plus_gain,50,1205012,0.009014903604673979
STATE6-BASE,igd_plus_gain,50,1205013,0.05079776355903459
STATE6-BASE,igd_plus_gain,50,1205014,-0.004395794595236459
STATE6-BASE,igd_plus_gain,50,1205015,-0.020937785294021266
STATE6-BASE,igd_plus_gain,50,1205016,0.020108874122712263
STATE6-BASE,igd_plus_gain,100,1215001,-0.002597845167932506
STATE6-BASE,igd_plus_gain,100,1215002,-0.015374877901156667
STATE6-BASE,igd_plus_gain,100,1215003,0.006192384812951566
STATE6-BASE,igd_plus_gain,100,1215004,0.004367017351806848
STATE6-BASE,igd_plus_gain,100,1215005,0.0056841506671691175
STATE6-BASE,igd_plus_gain,100,1215006,0.002065640616089732
STATE6-BASE,igd_plus_gain,100,1215007,-0.030826780710112113
STATE6-BASE,igd_plus_gain,100,1215008,-3.358609385349827e-05
STATE6-BASE,igd_plus_gain,100,1215009,-0.012232103142637962
STATE6-BASE,igd_plus_gain,100,1215010,0.004171755622487141
STATE6-BASE,igd_plus_gain,100,1215011,0.016426952076618644
STATE6-BASE,igd_plus_gain,100,1215012,0.0152579198911112
STATE6-BASE,igd_plus_gain,100,1215013,0.010518536786982013
STATE6-BASE,igd_plus_gain,100,1215014,0.03831465392835284
STATE6-BASE,igd_plus_gain,100,1215015,0.030913706333296785
STATE6-BASE,igd_plus_gain,100,1215016,0.018386213550835133
STATE6-BASE,hv_pct,50,1205001,-5.695437541226244
STATE6-BASE,hv_pct,50,1205002,-3.999103184587007
STATE6-BASE,hv_pct,50,1205003,10.920185500798883
STATE6-BASE,hv_pct,50,1205004,-6.076730818935089
STATE6-BASE,hv_pct,50,1205005,6.148110566971621
STATE6-BASE,hv_pct,50,1205006,7.104473580399323
STATE6-BASE,hv_pct,50,1205007,-6.113985662753896
STATE6-BASE,hv_pct,50,1205008,5.958778682287908
STATE6-BASE,hv_pct,50,1205009,-2.167716323218805
STATE6-BASE,hv_pct,50,1205010,7.851630530145087
STATE6-BASE,hv_pct,50,1205011,-2.60157799710968
STATE6-BASE,hv_pct,50,1205012,2.7132351273173043
STATE6-BASE,hv_pct,50,1205013,10.145972886909615
STATE6-BASE,hv_pct,50,1205014,0.2839350296531289
STATE6-BASE,hv_pct,50,1205015,-1.8415840595787214
STATE6-BASE,hv_pct,50,1205016,-0.3193383992910608
STATE6-BASE,hv_pct,100,1215001,-1.1554967779768306
STATE6-BASE,hv_pct,100,1215002,-3.166216761808932
STATE6-BASE,hv_pct,100,1215003,-0.8031227927540381
STATE6-BASE,hv_pct,100,1215004,1.4422382029745666
STATE6-BASE,hv_pct,100,1215005,0.149639276168001
STATE6-BASE,hv_pct,100,1215006,-2.264409574839532
STATE6-BASE,hv_pct,100,1215007,-3.8904469761581124
STATE6-BASE,hv_pct,100,1215008,3.6231639943254157
STATE6-BASE,hv_pct,100,1215009,-2.695699329187884
STATE6-BASE,hv_pct,100,1215010,3.1872813067592376
STATE6-BASE,hv_pct,100,1215011,3.265421699645274
STATE6-BASE,hv_pct,100,1215012,3.537575450615413
STATE6-BASE,hv_pct,100,1215013,5.809801547629551
STATE6-BASE,hv_pct,100,1215014,10.892042687586157
STATE6-BASE,hv_pct,100,1215015,6.389311961716897
STATE6-BASE,hv_pct,100,1215016,4.381433729615433
STATE6-BASE,igd_gain,50,1205001,-0.03611713739907781
STATE6-BASE,igd_gain,50,1205002,-0.010714194416564758
STATE6-BASE,igd_gain,50,1205003,0.04613806895665304
STATE6-BASE,igd_gain,50,1205004,-0.04160862071858289
STATE6-BASE,igd_gain,50,1205005,0.012473519633056308
STATE6-BASE,igd_gain,50,1205006,0.035421849777951986
STATE6-BASE,igd_gain,50,1205007,-0.03267234703359321
STATE6-BASE,igd_gain,50,1205008,0.029988980585210667
STATE6-BASE,igd_gain,50,1205009,0.0022465171200109074
STATE6-BASE,igd_gain,50,1205010,0.032224945663779675
STATE6-BASE,igd_gain,50,1205011,-0.017913156999247257
STATE6-BASE,igd_gain,50,1205012,0.013611593120543566
STATE6-BASE,igd_gain,50,1205013,0.04435201982390938
STATE6-BASE,igd_gain,50,1205014,0.008439370848835552
STATE6-BASE,igd_gain,50,1205015,-0.024874157065666397
STATE6-BASE,igd_gain,50,1205016,0.015540385158854052
STATE6-BASE,igd_gain,100,1215001,-0.0008264661331620383
STATE6-BASE,igd_gain,100,1215002,-0.012703013475196905
STATE6-BASE,igd_gain,100,1215003,0.004224082060744944
STATE6-BASE,igd_gain,100,1215004,0.0018295238213974808
STATE6-BASE,igd_gain,100,1215005,0.007975073970616024
STATE6-BASE,igd_gain,100,1215006,-0.003081778161699883
STATE6-BASE,igd_gain,100,1215007,-0.017646711653943787
STATE6-BASE,igd_gain,100,1215008,0.000677610687448555
STATE6-BASE,igd_gain,100,1215009,-0.011153484463619481
STATE6-BASE,igd_gain,100,1215010,0.0011315696487492893
STATE6-BASE,igd_gain,100,1215011,0.02840384775533715
STATE6-BASE,igd_gain,100,1215012,0.020596101439127115
STATE6-BASE,igd_gain,100,1215013,0.013517635381911301
STATE6-BASE,igd_gain,100,1215014,0.049754484752937755
STATE6-BASE,igd_gain,100,1215015,0.029948439682659683
STATE6-BASE,igd_gain,100,1215016,0.009202201423535625
STATE6-BASE,coverage_net,50,1205001,-0.2185016604006063
STATE6-BASE,coverage_net,50,1205002,0.30150372273491566
STATE6-BASE,coverage_net,50,1205003,0.16871066209823185
STATE6-BASE,coverage_net,50,1205004,0.021752034933298414
STATE6-BASE,coverage_net,50,1205005,-0.11090793591912243
STATE6-BASE,coverage_net,50,1205006,0.19104549896474032
STATE6-BASE,coverage_net,50,1205007,-0.42630321948525707
STATE6-BASE,coverage_net,50,1205008,0.7261298328827991
STATE6-BASE,coverage_net,50,1205009,-0.13229111231878835
STATE6-BASE,coverage_net,50,1205010,0.545541618111015
STATE6-BASE,coverage_net,50,1205011,-0.014492295739707367
STATE6-BASE,coverage_net,50,1205012,-0.33945700300494014
STATE6-BASE,coverage_net,50,1205013,0.9112903390679334
STATE6-BASE,coverage_net,50,1205014,0.16965127704496075
STATE6-BASE,coverage_net,50,1205015,-0.012306799912630478
STATE6-BASE,coverage_net,50,1205016,-0.11484117517357609
STATE6-BASE,coverage_net,100,1215001,0.06784663324312167
STATE6-BASE,coverage_net,100,1215002,-0.11122699612010921
STATE6-BASE,coverage_net,100,1215003,-0.1684226227874462
STATE6-BASE,coverage_net,100,1215004,0.01660209816521599
STATE6-BASE,coverage_net,100,1215005,0.3128841385289287
STATE6-BASE,coverage_net,100,1215006,0.31424669286617224
STATE6-BASE,coverage_net,100,1215007,-0.18704866167794848
STATE6-BASE,coverage_net,100,1215008,0.15317644224833749
STATE6-BASE,coverage_net,100,1215009,-0.338054706171535
STATE6-BASE,coverage_net,100,1215010,-0.2498059187524905
STATE6-BASE,coverage_net,100,1215011,0.1411220616373155
STATE6-BASE,coverage_net,100,1215012,0.32607321267296285
STATE6-BASE,coverage_net,100,1215013,0.05364210610584869
STATE6-BASE,coverage_net,100,1215014,0.29507329057762666
STATE6-BASE,coverage_net,100,1215015,0.3447335253095107
STATE6-BASE,coverage_net,100,1215016,0.23793695256872888
STATE6-BASE,flow_gain_pct,50,1205001,-0.13206215413306688
STATE6-BASE,flow_gain_pct,50,1205002,0.0
STATE6-BASE,flow_gain_pct,50,1205003,0.0
STATE6-BASE,flow_gain_pct,50,1205004,0.08650519031142001
STATE6-BASE,flow_gain_pct,50,1205005,-0.02272727272727426
STATE6-BASE,flow_gain_pct,50,1205006,-0.0014742691839736421
STATE6-BASE,flow_gain_pct,50,1205007,0.15091785427389925
STATE6-BASE,flow_gain_pct,50,1205008,-0.0223015165031204
STATE6-BASE,flow_gain_pct,50,1205009,0.018514079677278694
STATE6-BASE,flow_gain_pct,50,1205010,0.10983635104516998
STATE6-BASE,flow_gain_pct,50,1205011,-0.04419811663757822
STATE6-BASE,flow_gain_pct,50,1205012,-0.00023899891493928127
STATE6-BASE,flow_gain_pct,50,1205013,0.08812480574932058
STATE6-BASE,flow_gain_pct,50,1205014,0.0
STATE6-BASE,flow_gain_pct,50,1205015,0.0
STATE6-BASE,flow_gain_pct,50,1205016,-0.07515030060120109
STATE6-BASE,flow_gain_pct,100,1215001,0.0
STATE6-BASE,flow_gain_pct,100,1215002,-0.15705135909577783
STATE6-BASE,flow_gain_pct,100,1215003,0.09004411056090234
STATE6-BASE,flow_gain_pct,100,1215004,-0.19858089438306026
STATE6-BASE,flow_gain_pct,100,1215005,-0.09872348726842062
STATE6-BASE,flow_gain_pct,100,1215006,0.4300542390600265
STATE6-BASE,flow_gain_pct,100,1215007,0.0969675630212774
STATE6-BASE,flow_gain_pct,100,1215008,0.4684199388392096
STATE6-BASE,flow_gain_pct,100,1215009,0.3190300317402611
STATE6-BASE,flow_gain_pct,100,1215010,-0.29788750361773864
STATE6-BASE,flow_gain_pct,100,1215011,-0.4181730678029405
STATE6-BASE,flow_gain_pct,100,1215012,0.0613794229510356
STATE6-BASE,flow_gain_pct,100,1215013,-0.7188390327625582
STATE6-BASE,flow_gain_pct,100,1215014,0.5486872093825368
STATE6-BASE,flow_gain_pct,100,1215015,-0.18257646818318762
STATE6-BASE,flow_gain_pct,100,1215016,0.3210801665770535
STATE6-BASE,bill_gain_pct,50,1205001,-1.2647613145773144
STATE6-BASE,bill_gain_pct,50,1205002,-1.5308488226641823
STATE6-BASE,bill_gain_pct,50,1205003,0.9835733498895716
STATE6-BASE,bill_gain_pct,50,1205004,-2.749107829426672
STATE6-BASE,bill_gain_pct,50,1205005,2.2772259000910817
STATE6-BASE,bill_gain_pct,50,1205006,1.3957865132885547
STATE6-BASE,bill_gain_pct,50,1205007,-2.9856694286648198
STATE6-BASE,bill_gain_pct,50,1205008,0.9001064932919606
STATE6-BASE,bill_gain_pct,50,1205009,-4.151104589219937
STATE6-BASE,bill_gain_pct,50,1205010,-1.341800259601994
STATE6-BASE,bill_gain_pct,50,1205011,-0.33001476079933534
STATE6-BASE,bill_gain_pct,50,1205012,0.5782049348755343
STATE6-BASE,bill_gain_pct,50,1205013,3.1039166722994835
STATE6-BASE,bill_gain_pct,50,1205014,-0.38619402192925123
STATE6-BASE,bill_gain_pct,50,1205015,-0.46482499100955477
STATE6-BASE,bill_gain_pct,50,1205016,-1.2902219482476192
STATE6-BASE,bill_gain_pct,100,1215001,-0.425115033798365
STATE6-BASE,bill_gain_pct,100,1215002,-0.29165378048338897
STATE6-BASE,bill_gain_pct,100,1215003,-0.1373749873855995
STATE6-BASE,bill_gain_pct,100,1215004,-0.2593800074724678
STATE6-BASE,bill_gain_pct,100,1215005,-0.3936200030934228
STATE6-BASE,bill_gain_pct,100,1215006,-2.5469762433005974
STATE6-BASE,bill_gain_pct,100,1215007,1.5956527593277343
STATE6-BASE,bill_gain_pct,100,1215008,0.7033334304992811
STATE6-BASE,bill_gain_pct,100,1215009,-0.6605673536118267
STATE6-BASE,bill_gain_pct,100,1215010,0.9717882435608115
STATE6-BASE,bill_gain_pct,100,1215011,1.9507023686981817
STATE6-BASE,bill_gain_pct,100,1215012,-0.4238153531670452
STATE6-BASE,bill_gain_pct,100,1215013,2.3945383607877204
STATE6-BASE,bill_gain_pct,100,1215014,3.349043481528538
STATE6-BASE,bill_gain_pct,100,1215015,1.8329801397730214
STATE6-BASE,bill_gain_pct,100,1215016,-0.5151855688153794
STATE6-BASE,exact_pct,50,1205001,-3.3243419355726385
STATE6-BASE,exact_pct,50,1205002,7.320380733172871
STATE6-BASE,exact_pct,50,1205003,-2.140731961317369
STATE6-BASE,exact_pct,50,1205004,5.460177076501365
STATE6-BASE,exact_pct,50,1205005,7.8986351114947695
STATE6-BASE,exact_pct,50,1205006,-2.370962688809364
STATE6-BASE,exact_pct,50,1205007,-3.6167495313854907
STATE6-BASE,exact_pct,50,1205008,-1.3238851013429223
STATE6-BASE,exact_pct,50,1205009,14.78860840192537
STATE6-BASE,exact_pct,50,1205010,4.663305753032043
STATE6-BASE,exact_pct,50,1205011,-7.269912761565886
STATE6-BASE,exact_pct,50,1205012,-7.712520434512262
STATE6-BASE,exact_pct,50,1205013,1.6714420406446164
STATE6-BASE,exact_pct,50,1205014,-0.5870293949056777
STATE6-BASE,exact_pct,50,1205015,-2.5022144769691113
STATE6-BASE,exact_pct,50,1205016,3.930970331611708
STATE6-BASE,exact_pct,100,1215001,3.2089902701895685
STATE6-BASE,exact_pct,100,1215002,1.8399238778680438
STATE6-BASE,exact_pct,100,1215003,10.921855143972865
STATE6-BASE,exact_pct,100,1215004,0.3389668334224327
STATE6-BASE,exact_pct,100,1215005,2.840572012228704
STATE6-BASE,exact_pct,100,1215006,-2.5311518999948435
STATE6-BASE,exact_pct,100,1215007,4.403919928123185
STATE6-BASE,exact_pct,100,1215008,-0.1935074114569364
STATE6-BASE,exact_pct,100,1215009,-6.002953058085703
STATE6-BASE,exact_pct,100,1215010,1.2924818785756103
STATE6-BASE,exact_pct,100,1215011,1.2332185530415485
STATE6-BASE,exact_pct,100,1215012,-6.015039102921577
STATE6-BASE,exact_pct,100,1215013,2.202287755498289
STATE6-BASE,exact_pct,100,1215014,-3.824427216792051
STATE6-BASE,exact_pct,100,1215015,2.5862108163697552
STATE6-BASE,exact_pct,100,1215016,-1.1798854761385902
STATE6-BASE,offspring_pct,50,1205001,-7.915879671928163
STATE6-BASE,offspring_pct,50,1205002,12.444623791887203
STATE6-BASE,offspring_pct,50,1205003,-15.367121948359683
STATE6-BASE,offspring_pct,50,1205004,15.963142626670166
STATE6-BASE,offspring_pct,50,1205005,17.925200169795595
STATE6-BASE,offspring_pct,50,1205006,-5.350700804113856
STATE6-BASE,offspring_pct,50,1205007,-2.3555099196892018
STATE6-BASE,offspring_pct,50,1205008,8.525414785518226
STATE6-BASE,offspring_pct,50,1205009,14.047496794843786
STATE6-BASE,offspring_pct,50,1205010,21.83742083013768
STATE6-BASE,offspring_pct,50,1205011,-6.806647492512702
STATE6-BASE,offspring_pct,50,1205012,-18.863290749879376
STATE6-BASE,offspring_pct,50,1205013,-4.020970595169201
STATE6-BASE,offspring_pct,50,1205014,-11.404479081802148
STATE6-BASE,offspring_pct,50,1205015,-5.035618765095537
STATE6-BASE,offspring_pct,50,1205016,10.57776408843561
STATE6-BASE,offspring_pct,100,1215001,-12.769813242984693
STATE6-BASE,offspring_pct,100,1215002,1.0497372447117854
STATE6-BASE,offspring_pct,100,1215003,-4.742964979593195
STATE6-BASE,offspring_pct,100,1215004,3.9487653012314134
STATE6-BASE,offspring_pct,100,1215005,14.898196565412682
STATE6-BASE,offspring_pct,100,1215006,-8.731057780471733
STATE6-BASE,offspring_pct,100,1215007,6.592026172490553
STATE6-BASE,offspring_pct,100,1215008,-1.1840986951983683
STATE6-BASE,offspring_pct,100,1215009,3.058705193106754
STATE6-BASE,offspring_pct,100,1215010,3.7941084085097954
STATE6-BASE,offspring_pct,100,1215011,21.529964078210952
STATE6-BASE,offspring_pct,100,1215012,-10.820689622754116
STATE6-BASE,offspring_pct,100,1215013,-17.025294601541642
STATE6-BASE,offspring_pct,100,1215014,5.009289877856759
STATE6-BASE,offspring_pct,100,1215015,15.032722644733337
STATE6-BASE,offspring_pct,100,1215016,9.898482524675767
STATE6-BASE,a8_cost_per_call_pct,50,1205001,-1.0796205604465285
STATE6-BASE,a8_cost_per_call_pct,50,1205002,-0.5003416870572736
STATE6-BASE,a8_cost_per_call_pct,50,1205003,8.899124791552687
STATE6-BASE,a8_cost_per_call_pct,50,1205004,-5.26800947249573
STATE6-BASE,a8_cost_per_call_pct,50,1205005,-2.049134542793608
STATE6-BASE,a8_cost_per_call_pct,50,1205006,2.700721848829418
STATE6-BASE,a8_cost_per_call_pct,50,1205007,-0.648558285895609
STATE6-BASE,a8_cost_per_call_pct,50,1205008,-4.417211567681839
STATE6-BASE,a8_cost_per_call_pct,50,1205009,-2.3101255054772536
STATE6-BASE,a8_cost_per_call_pct,50,1205010,1.9373993185709675
STATE6-BASE,a8_cost_per_call_pct,50,1205011,3.673400595865919
STATE6-BASE,a8_cost_per_call_pct,50,1205012,0.013237251720649157
STATE6-BASE,a8_cost_per_call_pct,50,1205013,1.7977634240994274
STATE6-BASE,a8_cost_per_call_pct,50,1205014,0.2405486987938048
STATE6-BASE,a8_cost_per_call_pct,50,1205015,1.9219260551219337
STATE6-BASE,a8_cost_per_call_pct,50,1205016,0.9151998826586685
STATE6-BASE,a8_cost_per_call_pct,100,1215001,-4.099094838584599
STATE6-BASE,a8_cost_per_call_pct,100,1215002,-2.4294543219408022
STATE6-BASE,a8_cost_per_call_pct,100,1215003,4.208668271294952
STATE6-BASE,a8_cost_per_call_pct,100,1215004,2.047098337868516
STATE6-BASE,a8_cost_per_call_pct,100,1215005,3.5026395758423834
STATE6-BASE,a8_cost_per_call_pct,100,1215006,-0.6003826790704325
STATE6-BASE,a8_cost_per_call_pct,100,1215007,-5.1146997682416036
STATE6-BASE,a8_cost_per_call_pct,100,1215008,-0.3950460732305343
STATE6-BASE,a8_cost_per_call_pct,100,1215009,5.194294745308023
STATE6-BASE,a8_cost_per_call_pct,100,1215010,-2.3896496357377255
STATE6-BASE,a8_cost_per_call_pct,100,1215011,-5.288652951979778
STATE6-BASE,a8_cost_per_call_pct,100,1215012,0.3094510141353699
STATE6-BASE,a8_cost_per_call_pct,100,1215013,-11.46995744555171
STATE6-BASE,a8_cost_per_call_pct,100,1215014,4.538508858826623
STATE6-BASE,a8_cost_per_call_pct,100,1215015,-4.089475670215043
STATE6-BASE,a8_cost_per_call_pct,100,1215016,1.0191966921754418
STATE6-BASE,a8_cost_share_pp,50,1205001,-0.07288140283073077
STATE6-BASE,a8_cost_share_pp,50,1205002,0.21768165805921932
STATE6-BASE,a8_cost_share_pp,50,1205003,-0.012435572906552415
STATE6-BASE,a8_cost_share_pp,50,1205004,0.43514767029097917
STATE6-BASE,a8_cost_share_pp,50,1205005,-0.008065194889884815
STATE6-BASE,a8_cost_share_pp,50,1205006,0.24286623395860985
STATE6-BASE,a8_cost_share_pp,50,1205007,0.09719823983842295
STATE6-BASE,a8_cost_share_pp,50,1205008,0.32553164026619996
STATE6-BASE,a8_cost_share_pp,50,1205009,-0.09269250134603174
STATE6-BASE,a8_cost_share_pp,50,1205010,0.03337881367960417
STATE6-BASE,a8_cost_share_pp,50,1205011,0.09462637725769076
STATE6-BASE,a8_cost_share_pp,50,1205012,0.05743795170488221
STATE6-BASE,a8_cost_share_pp,50,1205013,-0.021461029005570044
STATE6-BASE,a8_cost_share_pp,50,1205014,-0.09600988924088422
STATE6-BASE,a8_cost_share_pp,50,1205015,-0.1753314063063725
STATE6-BASE,a8_cost_share_pp,50,1205016,0.16068670880405236
STATE6-BASE,a8_cost_share_pp,100,1215001,-0.0051343629882280375
STATE6-BASE,a8_cost_share_pp,100,1215002,-0.04340865858439317
STATE6-BASE,a8_cost_share_pp,100,1215003,-0.036183254149884866
STATE6-BASE,a8_cost_share_pp,100,1215004,0.00784574771677645
STATE6-BASE,a8_cost_share_pp,100,1215005,0.05756403698203514
STATE6-BASE,a8_cost_share_pp,100,1215006,-0.0656869511961504
STATE6-BASE,a8_cost_share_pp,100,1215007,0.02894764044975566
STATE6-BASE,a8_cost_share_pp,100,1215008,0.1190552674710617
STATE6-BASE,a8_cost_share_pp,100,1215009,0.03701058354713963
STATE6-BASE,a8_cost_share_pp,100,1215010,-0.040083813494254966
STATE6-BASE,a8_cost_share_pp,100,1215011,-0.06832948262943614
STATE6-BASE,a8_cost_share_pp,100,1215012,0.07534409196266174
STATE6-BASE,a8_cost_share_pp,100,1215013,-0.31763328827488424
STATE6-BASE,a8_cost_share_pp,100,1215014,0.1108236905802678
STATE6-BASE,a8_cost_share_pp,100,1215015,-0.19046512821707978
STATE6-BASE,a8_cost_share_pp,100,1215016,-0.0495235203543909
STATE6-BASE,a8_proposals_per_call_diff,50,1205001,0.3274275595497074
STATE6-BASE,a8_proposals_per_call_diff,50,1205002,0.20966028288401073
STATE6-BASE,a8_proposals_per_call_diff,50,1205003,-0.06511695131473022
STATE6-BASE,a8_proposals_per_call_diff,50,1205004,0.23243414392801742
STATE6-BASE,a8_proposals_per_call_diff,50,1205005,0.06317171435739949
STATE6-BASE,a8_proposals_per_call_diff,50,1205006,0.18010287923346596
STATE6-BASE,a8_proposals_per_call_diff,50,1205007,0.17641277553032397
STATE6-BASE,a8_proposals_per_call_diff,50,1205008,0.22904202946658042
STATE6-BASE,a8_proposals_per_call_diff,50,1205009,-0.02464969590388777
STATE6-BASE,a8_proposals_per_call_diff,50,1205010,0.24424081078969462
STATE6-BASE,a8_proposals_per_call_diff,50,1205011,-0.4516813509895361
STATE6-BASE,a8_proposals_per_call_diff,50,1205012,0.17884763613594135
STATE6-BASE,a8_proposals_per_call_diff,50,1205013,-0.1784670450998097
STATE6-BASE,a8_proposals_per_call_diff,50,1205014,0.05981452914486912
STATE6-BASE,a8_proposals_per_call_diff,50,1205015,0.034747491039073486
STATE6-BASE,a8_proposals_per_call_diff,50,1205016,0.13426104861050892
STATE6-BASE,a8_proposals_per_call_diff,100,1215001,0.09431057440999369
STATE6-BASE,a8_proposals_per_call_diff,100,1215002,0.024757791852933364
STATE6-BASE,a8_proposals_per_call_diff,100,1215003,-0.17003285532101226
STATE6-BASE,a8_proposals_per_call_diff,100,1215004,-0.0019396415068473893
STATE6-BASE,a8_proposals_per_call_diff,100,1215005,0.10446344797245949
STATE6-BASE,a8_proposals_per_call_diff,100,1215006,-0.09088488464911426
STATE6-BASE,a8_proposals_per_call_diff,100,1215007,-0.11210861803116146
STATE6-BASE,a8_proposals_per_call_diff,100,1215008,0.0691867888643396
STATE6-BASE,a8_proposals_per_call_diff,100,1215009,0.15840128001217457
STATE6-BASE,a8_proposals_per_call_diff,100,1215010,-0.07498531148479975
STATE6-BASE,a8_proposals_per_call_diff,100,1215011,-0.12634914278914383
STATE6-BASE,a8_proposals_per_call_diff,100,1215012,0.21809939426896907
STATE6-BASE,a8_proposals_per_call_diff,100,1215013,-0.5423087124606593
STATE6-BASE,a8_proposals_per_call_diff,100,1215014,0.08254337335804185
STATE6-BASE,a8_proposals_per_call_diff,100,1215015,-0.1344228347378974
STATE6-BASE,a8_proposals_per_call_diff,100,1215016,-0.06145398638141658
STATE84-BASE,hv_diff,50,1205001,-0.01748485585292245
STATE84-BASE,hv_diff,50,1205002,-0.046662908692032046
STATE84-BASE,hv_diff,50,1205003,-0.02993192645216533
STATE84-BASE,hv_diff,50,1205004,-0.029283731517106004
STATE84-BASE,hv_diff,50,1205005,0.08668529617000639
STATE84-BASE,hv_diff,50,1205006,0.06054018133326297
STATE84-BASE,hv_diff,50,1205007,0.02122088397260924
STATE84-BASE,hv_diff,50,1205008,0.0440709536483872
STATE84-BASE,hv_diff,50,1205009,0.04037239307971388
STATE84-BASE,hv_diff,50,1205010,0.1135509990442499
STATE84-BASE,hv_diff,50,1205011,-0.012919071134646826
STATE84-BASE,hv_diff,50,1205012,0.006038829198759116
STATE84-BASE,hv_diff,50,1205013,0.039022492711004025
STATE84-BASE,hv_diff,50,1205014,0.009377322522506587
STATE84-BASE,hv_diff,50,1205015,0.10369046491376807
STATE84-BASE,hv_diff,50,1205016,-0.0754261650213073
STATE84-BASE,hv_diff,100,1215001,0.06915501758840878
STATE84-BASE,hv_diff,100,1215002,0.03121114327696667
STATE84-BASE,hv_diff,100,1215003,0.003919563465499432
STATE84-BASE,hv_diff,100,1215004,0.07080499199095747
STATE84-BASE,hv_diff,100,1215005,-0.0007376008835371928
STATE84-BASE,hv_diff,100,1215006,0.030788448212097363
STATE84-BASE,hv_diff,100,1215007,0.0172503806923123
STATE84-BASE,hv_diff,100,1215008,0.0019146768041912177
STATE84-BASE,hv_diff,100,1215009,0.03902855625243487
STATE84-BASE,hv_diff,100,1215010,0.06475890964419143
STATE84-BASE,hv_diff,100,1215011,0.042606325778271836
STATE84-BASE,hv_diff,100,1215012,-0.00984966670445478
STATE84-BASE,hv_diff,100,1215013,0.06134409712866448
STATE84-BASE,hv_diff,100,1215014,0.0012683056625548694
STATE84-BASE,hv_diff,100,1215015,0.037549080057446144
STATE84-BASE,hv_diff,100,1215016,-0.013761123048689122
STATE84-BASE,igd_plus_gain,50,1205001,-0.02051959594853482
STATE84-BASE,igd_plus_gain,50,1205002,-0.020332650967279715
STATE84-BASE,igd_plus_gain,50,1205003,-0.0074196199939152475
STATE84-BASE,igd_plus_gain,50,1205004,-0.030345000531285974
STATE84-BASE,igd_plus_gain,50,1205005,0.05393704497486643
STATE84-BASE,igd_plus_gain,50,1205006,0.053995869421061535
STATE84-BASE,igd_plus_gain,50,1205007,0.021923934233167474
STATE84-BASE,igd_plus_gain,50,1205008,0.031468564292805354
STATE84-BASE,igd_plus_gain,50,1205009,0.03505502628131025
STATE84-BASE,igd_plus_gain,50,1205010,0.06641306744195605
STATE84-BASE,igd_plus_gain,50,1205011,-0.02164927540215646
STATE84-BASE,igd_plus_gain,50,1205012,-0.0022241997968634186
STATE84-BASE,igd_plus_gain,50,1205013,0.02839322301949101
STATE84-BASE,igd_plus_gain,50,1205014,0.005065505599793213
STATE84-BASE,igd_plus_gain,50,1205015,0.06187300452983599
STATE84-BASE,igd_plus_gain,50,1205016,-0.012627420272635739
STATE84-BASE,igd_plus_gain,100,1215001,0.03447837507518255
STATE84-BASE,igd_plus_gain,100,1215002,0.017602852128630275
STATE84-BASE,igd_plus_gain,100,1215003,0.003801224324482988
STATE84-BASE,igd_plus_gain,100,1215004,0.027127444281742
STATE84-BASE,igd_plus_gain,100,1215005,-0.00022054881967077666
STATE84-BASE,igd_plus_gain,100,1215006,0.03456053311610004
STATE84-BASE,igd_plus_gain,100,1215007,0.011948558431104032
STATE84-BASE,igd_plus_gain,100,1215008,0.0023752897621982464
STATE84-BASE,igd_plus_gain,100,1215009,0.03054681516378139
STATE84-BASE,igd_plus_gain,100,1215010,0.012470485690512123
STATE84-BASE,igd_plus_gain,100,1215011,0.03392973548057576
STATE84-BASE,igd_plus_gain,100,1215012,0.013298580205958347
STATE84-BASE,igd_plus_gain,100,1215013,0.005052585792412717
STATE84-BASE,igd_plus_gain,100,1215014,-0.0076880887395289945
STATE84-BASE,igd_plus_gain,100,1215015,0.0049057941647360215
STATE84-BASE,igd_plus_gain,100,1215016,-0.00017883042649221442
STATE84-BASE,hv_pct,50,1205001,-2.8593781207609856
STATE84-BASE,hv_pct,50,1205002,-4.11060544237578
STATE84-BASE,hv_pct,50,1205003,-3.080449240953195
STATE84-BASE,hv_pct,50,1205004,-3.397723914859388
STATE84-BASE,hv_pct,50,1205005,11.30301947141442
STATE84-BASE,hv_pct,50,1205006,7.739407710984218
STATE84-BASE,hv_pct,50,1205007,3.421064707564536
STATE84-BASE,hv_pct,50,1205008,6.059581461304495
STATE84-BASE,hv_pct,50,1205009,4.952175462016333
STATE84-BASE,hv_pct,50,1205010,13.31402186273074
STATE84-BASE,hv_pct,50,1205011,-0.9714861661298813
STATE84-BASE,hv_pct,50,1205012,1.925554487530756
STATE84-BASE,hv_pct,50,1205013,5.16142857465845
STATE84-BASE,hv_pct,50,1205014,0.7268420991214439
STATE84-BASE,hv_pct,50,1205015,13.407390259468002
STATE84-BASE,hv_pct,50,1205016,-7.389284465819738
STATE84-BASE,hv_pct,100,1215001,7.95730996457405
STATE84-BASE,hv_pct,100,1215002,3.59325749457887
STATE84-BASE,hv_pct,100,1215003,0.9149440853795565
STATE84-BASE,hv_pct,100,1215004,14.210905407056586
STATE84-BASE,hv_pct,100,1215005,0.2753212580765134
STATE84-BASE,hv_pct,100,1215006,3.980214509451838
STATE84-BASE,hv_pct,100,1215007,2.0139489615648207
STATE84-BASE,hv_pct,100,1215008,1.020359739442658
STATE84-BASE,hv_pct,100,1215009,4.831140172603109
STATE84-BASE,hv_pct,100,1215010,11.157985347335037
STATE84-BASE,hv_pct,100,1215011,6.158022261429618
STATE84-BASE,hv_pct,100,1215012,-0.42665817471102285
STATE84-BASE,hv_pct,100,1215013,7.1956114487649
STATE84-BASE,hv_pct,100,1215014,0.15352258994425494
STATE84-BASE,hv_pct,100,1215015,4.751980690715246
STATE84-BASE,hv_pct,100,1215016,-0.8007330184413934
STATE84-BASE,igd_gain,50,1205001,-0.02298128147615803
STATE84-BASE,igd_gain,50,1205002,-0.02651695498754251
STATE84-BASE,igd_gain,50,1205003,-0.02636584310387568
STATE84-BASE,igd_gain,50,1205004,-0.023060574945153314
STATE84-BASE,igd_gain,50,1205005,0.05095170236164109
STATE84-BASE,igd_gain,50,1205006,0.0334721523324301
STATE84-BASE,igd_gain,50,1205007,0.023885311457953175
STATE84-BASE,igd_gain,50,1205008,0.03658759184678833
STATE84-BASE,igd_gain,50,1205009,0.024353886662681505
STATE84-BASE,igd_gain,50,1205010,0.06376322520265726
STATE84-BASE,igd_gain,50,1205011,-0.013524185500706828
STATE84-BASE,igd_gain,50,1205012,-0.008240046726953117
STATE84-BASE,igd_gain,50,1205013,0.03526100567801204
STATE84-BASE,igd_gain,50,1205014,0.005993950294202181
STATE84-BASE,igd_gain,50,1205015,0.06567161096559987
STATE84-BASE,igd_gain,50,1205016,-0.007803188341654513
STATE84-BASE,igd_gain,100,1215001,0.035598843080709784
STATE84-BASE,igd_gain,100,1215002,0.0127368256463591
STATE84-BASE,igd_gain,100,1215003,0.0057934685496639216
STATE84-BASE,igd_gain,100,1215004,0.03567542231797488
STATE84-BASE,igd_gain,100,1215005,0.008988000102202284
STATE84-BASE,igd_gain,100,1215006,0.03356584943926989
STATE84-BASE,igd_gain,100,1215007,-0.0016236470995315694
STATE84-BASE,igd_gain,100,1215008,0.0020553861295585854
STATE84-BASE,igd_gain,100,1215009,0.027614243110377943
STATE84-BASE,igd_gain,100,1215010,0.02064679608681685
STATE84-BASE,igd_gain,100,1215011,0.04775685234512285
STATE84-BASE,igd_gain,100,1215012,0.014269239762400791
STATE84-BASE,igd_gain,100,1215013,0.008855575330446282
STATE84-BASE,igd_gain,100,1215014,0.005614000189126816
STATE84-BASE,igd_gain,100,1215015,0.006349717555132767
STATE84-BASE,igd_gain,100,1215016,-0.009547190111348875
STATE84-BASE,coverage_net,50,1205001,-0.6682125547372876
STATE84-BASE,coverage_net,50,1205002,0.09058583005402204
STATE84-BASE,coverage_net,50,1205003,0.013060619784419636
STATE84-BASE,coverage_net,50,1205004,-0.07142960160649978
STATE84-BASE,coverage_net,50,1205005,0.3240774412755233
STATE84-BASE,coverage_net,50,1205006,0.6825155890417509
STATE84-BASE,coverage_net,50,1205007,0.3143683279860042
STATE84-BASE,coverage_net,50,1205008,0.8072573774530922
STATE84-BASE,coverage_net,50,1205009,0.41020762298723756
STATE84-BASE,coverage_net,50,1205010,0.6390360828487746
STATE84-BASE,coverage_net,50,1205011,-0.33036818977244636
STATE84-BASE,coverage_net,50,1205012,-0.3493924214683282
STATE84-BASE,coverage_net,50,1205013,0.7431614044169528
STATE84-BASE,coverage_net,50,1205014,0.14717345465286608
STATE84-BASE,coverage_net,50,1205015,0.18109534512552042
STATE84-BASE,coverage_net,50,1205016,0.1490548091131806
STATE84-BASE,coverage_net,100,1215001,0.2345158582926944
STATE84-BASE,coverage_net,100,1215002,0.11861372758034203
STATE84-BASE,coverage_net,100,1215003,-0.09184966353219337
STATE84-BASE,coverage_net,100,1215004,0.21513246344781112
STATE84-BASE,coverage_net,100,1215005,-0.14322177492305826
STATE84-BASE,coverage_net,100,1215006,0.46285388680056644
STATE84-BASE,coverage_net,100,1215007,0.17431704399070755
STATE84-BASE,coverage_net,100,1215008,0.041861631055480714
STATE84-BASE,coverage_net,100,1215009,0.4192425729398939
STATE84-BASE,coverage_net,100,1215010,-0.2283693411873825
STATE84-BASE,coverage_net,100,1215011,0.35283768530402015
STATE84-BASE,coverage_net,100,1215012,0.14998201022646235
STATE84-BASE,coverage_net,100,1215013,-0.32955137742880747
STATE84-BASE,coverage_net,100,1215014,-0.3541887188046794
STATE84-BASE,coverage_net,100,1215015,-0.12789096083865312
STATE84-BASE,coverage_net,100,1215016,0.1639787054829211
STATE84-BASE,flow_gain_pct,50,1205001,-0.1540885858511254
STATE84-BASE,flow_gain_pct,50,1205002,-0.024038461538461453
STATE84-BASE,flow_gain_pct,50,1205003,0.0
STATE84-BASE,flow_gain_pct,50,1205004,0.043252595155710005
STATE84-BASE,flow_gain_pct,50,1205005,0.0
STATE84-BASE,flow_gain_pct,50,1205006,0.022242167349578734
STATE84-BASE,flow_gain_pct,50,1205007,0.15091785427389925
STATE84-BASE,flow_gain_pct,50,1205008,-0.044662769211165076
STATE84-BASE,flow_gain_pct,50,1205009,0.5156119777356222
STATE84-BASE,flow_gain_pct,50,1205010,0.13223500609307326
STATE84-BASE,flow_gain_pct,50,1205011,-0.6753159312399004
STATE84-BASE,flow_gain_pct,50,1205012,0.0205929683877476
STATE84-BASE,flow_gain_pct,50,1205013,0.30875947877511967
STATE84-BASE,flow_gain_pct,50,1205014,0.04347826086956441
STATE84-BASE,flow_gain_pct,50,1205015,0.0
STATE84-BASE,flow_gain_pct,50,1205016,-0.025050100200402214
STATE84-BASE,flow_gain_pct,100,1215001,0.0
STATE84-BASE,flow_gain_pct,100,1215002,-0.1668629760502527
STATE84-BASE,flow_gain_pct,100,1215003,-0.05008012820512664
STATE84-BASE,flow_gain_pct,100,1215004,-0.36750115774268066
STATE84-BASE,flow_gain_pct,100,1215005,-0.13454088160417266
STATE84-BASE,flow_gain_pct,100,1215006,0.024309485103254924
STATE84-BASE,flow_gain_pct,100,1215007,0.229958713485931
STATE84-BASE,flow_gain_pct,100,1215008,-0.0020535550987160756
STATE84-BASE,flow_gain_pct,100,1215009,0.3297998527482082
STATE84-BASE,flow_gain_pct,100,1215010,-0.18937921102710753
STATE84-BASE,flow_gain_pct,100,1215011,0.6760498056409103
STATE84-BASE,flow_gain_pct,100,1215012,0.06348324570893127
STATE84-BASE,flow_gain_pct,100,1215013,-0.7164445036913603
STATE84-BASE,flow_gain_pct,100,1215014,0.6497002883090075
STATE84-BASE,flow_gain_pct,100,1215015,-0.01023259145974953
STATE84-BASE,flow_gain_pct,100,1215016,0.35267657937879116
STATE84-BASE,bill_gain_pct,50,1205001,-0.2495839914758824
STATE84-BASE,bill_gain_pct,50,1205002,-0.6764758542987748
STATE84-BASE,bill_gain_pct,50,1205003,-1.2872797158622662
STATE84-BASE,bill_gain_pct,50,1205004,-0.04745492274515217
STATE84-BASE,bill_gain_pct,50,1205005,1.5719775180790707
STATE84-BASE,bill_gain_pct,50,1205006,0.045372291605288995
STATE84-BASE,bill_gain_pct,50,1205007,-0.4677047169559828
STATE84-BASE,bill_gain_pct,50,1205008,0.6659037226766445
STATE84-BASE,bill_gain_pct,50,1205009,-1.0560893419296722
STATE84-BASE,bill_gain_pct,50,1205010,0.919774624891323
STATE84-BASE,bill_gain_pct,50,1205011,0.21474191329736436
STATE84-BASE,bill_gain_pct,50,1205012,0.6137881580936562
STATE84-BASE,bill_gain_pct,50,1205013,1.3230185034435682
STATE84-BASE,bill_gain_pct,50,1205014,-0.6798609691545138
STATE84-BASE,bill_gain_pct,50,1205015,1.6741112105669977
STATE84-BASE,bill_gain_pct,50,1205016,-2.5942146645750066
STATE84-BASE,bill_gain_pct,100,1215001,2.675200213706866
STATE84-BASE,bill_gain_pct,100,1215002,0.7963859470295487
STATE84-BASE,bill_gain_pct,100,1215003,0.23694898813861043
STATE84-BASE,bill_gain_pct,100,1215004,4.544619725988697
STATE84-BASE,bill_gain_pct,100,1215005,0.10394593804764485
STATE84-BASE,bill_gain_pct,100,1215006,-1.5357994352855953
STATE84-BASE,bill_gain_pct,100,1215007,-0.5907470207261347
STATE84-BASE,bill_gain_pct,100,1215008,-2.318868634746835
STATE84-BASE,bill_gain_pct,100,1215009,-0.11554640848301667
STATE84-BASE,bill_gain_pct,100,1215010,5.107371924437048
STATE84-BASE,bill_gain_pct,100,1215011,1.6351743534919638
STATE84-BASE,bill_gain_pct,100,1215012,-2.412363211696525
STATE84-BASE,bill_gain_pct,100,1215013,2.8200885671129607
STATE84-BASE,bill_gain_pct,100,1215014,0.3593177955472371
STATE84-BASE,bill_gain_pct,100,1215015,2.154173603353024
STATE84-BASE,bill_gain_pct,100,1215016,-0.14014720638911848
STATE84-BASE,exact_pct,50,1205001,2.7055593635506026
STATE84-BASE,exact_pct,50,1205002,-2.1056467237167444
STATE84-BASE,exact_pct,50,1205003,0.4372694882786161
STATE84-BASE,exact_pct,50,1205004,3.96167309590032
STATE84-BASE,exact_pct,50,1205005,3.466228256504023
STATE84-BASE,exact_pct,50,1205006,-6.676198420547232
STATE84-BASE,exact_pct,50,1205007,5.606349949758635
STATE84-BASE,exact_pct,50,1205008,-2.9854208010323378
STATE84-BASE,exact_pct,50,1205009,14.34367371183199
STATE84-BASE,exact_pct,50,1205010,9.29181513158742
STATE84-BASE,exact_pct,50,1205011,7.981921667506791
STATE84-BASE,exact_pct,50,1205012,-14.097008332912974
STATE84-BASE,exact_pct,50,1205013,0.35833168190763076
STATE84-BASE,exact_pct,50,1205014,0.45343809591842366
STATE84-BASE,exact_pct,50,1205015,-3.51165716641495
STATE84-BASE,exact_pct,50,1205016,14.95633747068807
STATE84-BASE,exact_pct,100,1215001,12.078749316514038
STATE84-BASE,exact_pct,100,1215002,2.4164982761795235
STATE84-BASE,exact_pct,100,1215003,11.212107119160747
STATE84-BASE,exact_pct,100,1215004,-2.4883310409534394
STATE84-BASE,exact_pct,100,1215005,-2.634380903592093
STATE84-BASE,exact_pct,100,1215006,-2.3479074973261547
STATE84-BASE,exact_pct,100,1215007,1.3572591147783755
STATE84-BASE,exact_pct,100,1215008,-1.3360175963641132
STATE84-BASE,exact_pct,100,1215009,-6.5857403626502755
STATE84-BASE,exact_pct,100,1215010,4.577789926854287
STATE84-BASE,exact_pct,100,1215011,-7.3290441945821545
STATE84-BASE,exact_pct,100,1215012,-10.569831282568842
STATE84-BASE,exact_pct,100,1215013,4.8048803444343555
STATE84-BASE,exact_pct,100,1215014,3.8459569006960432
STATE84-BASE,exact_pct,100,1215015,-2.7636690660873846
STATE84-BASE,exact_pct,100,1215016,4.171009630638756
STATE84-BASE,offspring_pct,50,1205001,5.661835699033561
STATE84-BASE,offspring_pct,50,1205002,-7.53846623959187
STATE84-BASE,offspring_pct,50,1205003,18.959260467135586
STATE84-BASE,offspring_pct,50,1205004,17.531916524109626
STATE84-BASE,offspring_pct,50,1205005,28.39793399241273
STATE84-BASE,offspring_pct,50,1205006,-14.946794219097947
STATE84-BASE,offspring_pct,50,1205007,12.441814779522893
STATE84-BASE,offspring_pct,50,1205008,5.632801097152296
STATE84-BASE,offspring_pct,50,1205009,16.768696252770525
STATE84-BASE,offspring_pct,50,1205010,12.460802051827057
STATE84-BASE,offspring_pct,50,1205011,5.528302266086379
STATE84-BASE,offspring_pct,50,1205012,-4.090610742376079
STATE84-BASE,offspring_pct,50,1205013,-1.9560988297978144
STATE84-BASE,offspring_pct,50,1205014,-7.833655706338325
STATE84-BASE,offspring_pct,50,1205015,6.416471842744373
STATE84-BASE,offspring_pct,50,1205016,24.956196483259514
STATE84-BASE,offspring_pct,100,1215001,5.6426052499221475
STATE84-BASE,offspring_pct,100,1215002,1.126871480290518
STATE84-BASE,offspring_pct,100,1215003,16.325974659496055
STATE84-BASE,offspring_pct,100,1215004,-12.653529642247772
STATE84-BASE,offspring_pct,100,1215005,3.7994995344873734
STATE84-BASE,offspring_pct,100,1215006,-3.555171474798983
STATE84-BASE,offspring_pct,100,1215007,21.186782290817188
STATE84-BASE,offspring_pct,100,1215008,-2.730711469036045
STATE84-BASE,offspring_pct,100,1215009,7.544052635067333
STATE84-BASE,offspring_pct,100,1215010,-1.7853768463011406
STATE84-BASE,offspring_pct,100,1215011,17.524191860884958
STATE84-BASE,offspring_pct,100,1215012,-9.860129576618673
STATE84-BASE,offspring_pct,100,1215013,-24.155017982027303
STATE84-BASE,offspring_pct,100,1215014,12.831953278950246
STATE84-BASE,offspring_pct,100,1215015,0.9363468534649089
STATE84-BASE,offspring_pct,100,1215016,23.577389764074375
STATE84-BASE,a8_cost_per_call_pct,50,1205001,1.6814993992407876
STATE84-BASE,a8_cost_per_call_pct,50,1205002,4.86251885274439
STATE84-BASE,a8_cost_per_call_pct,50,1205003,5.400845957739456
STATE84-BASE,a8_cost_per_call_pct,50,1205004,-2.53206737870349
STATE84-BASE,a8_cost_per_call_pct,50,1205005,1.4821256182354163
STATE84-BASE,a8_cost_per_call_pct,50,1205006,-0.8921635670056021
STATE84-BASE,a8_cost_per_call_pct,50,1205007,3.139453598576339
STATE84-BASE,a8_cost_per_call_pct,50,1205008,2.4405475014667637
STATE84-BASE,a8_cost_per_call_pct,50,1205009,2.6531405262844228
STATE84-BASE,a8_cost_per_call_pct,50,1205010,-0.9930514245239248
STATE84-BASE,a8_cost_per_call_pct,50,1205011,1.043985208201198
STATE84-BASE,a8_cost_per_call_pct,50,1205012,4.453015316546491
STATE84-BASE,a8_cost_per_call_pct,50,1205013,-2.343681884581822
STATE84-BASE,a8_cost_per_call_pct,50,1205014,-1.9901938386138711
STATE84-BASE,a8_cost_per_call_pct,50,1205015,2.5842966306561297
STATE84-BASE,a8_cost_per_call_pct,50,1205016,6.907453409973421
STATE84-BASE,a8_cost_per_call_pct,100,1215001,-1.33557152311429
STATE84-BASE,a8_cost_per_call_pct,100,1215002,3.222433902180877
STATE84-BASE,a8_cost_per_call_pct,100,1215003,-1.595163736035457
STATE84-BASE,a8_cost_per_call_pct,100,1215004,2.7225148908534633
STATE84-BASE,a8_cost_per_call_pct,100,1215005,-3.6156221430801603
STATE84-BASE,a8_cost_per_call_pct,100,1215006,2.213988518966215
STATE84-BASE,a8_cost_per_call_pct,100,1215007,-10.926349667743798
STATE84-BASE,a8_cost_per_call_pct,100,1215008,-2.507008173074083
STATE84-BASE,a8_cost_per_call_pct,100,1215009,14.76387459291007
STATE84-BASE,a8_cost_per_call_pct,100,1215010,7.987704813946475
STATE84-BASE,a8_cost_per_call_pct,100,1215011,-1.2639119683864966
STATE84-BASE,a8_cost_per_call_pct,100,1215012,2.495165354301021
STATE84-BASE,a8_cost_per_call_pct,100,1215013,-2.5601208686969104
STATE84-BASE,a8_cost_per_call_pct,100,1215014,2.2751578151443574
STATE84-BASE,a8_cost_per_call_pct,100,1215015,-7.006720482601361
STATE84-BASE,a8_cost_per_call_pct,100,1215016,4.572624890530382
STATE84-BASE,a8_cost_share_pp,50,1205001,0.11184162295639907
STATE84-BASE,a8_cost_share_pp,50,1205002,0.06099852237801329
STATE84-BASE,a8_cost_share_pp,50,1205003,0.2498330615080783
STATE84-BASE,a8_cost_share_pp,50,1205004,0.2661376564000276
STATE84-BASE,a8_cost_share_pp,50,1205005,0.0434409237380918
STATE84-BASE,a8_cost_share_pp,50,1205006,0.004053534154288982
STATE84-BASE,a8_cost_share_pp,50,1205007,-0.031956662863669064
STATE84-BASE,a8_cost_share_pp,50,1205008,0.08645951902688181
STATE84-BASE,a8_cost_share_pp,50,1205009,0.4558430186995881
STATE84-BASE,a8_cost_share_pp,50,1205010,0.23633018784215465
STATE84-BASE,a8_cost_share_pp,50,1205011,0.0811252309459571
STATE84-BASE,a8_cost_share_pp,50,1205012,0.17526145924946931
STATE84-BASE,a8_cost_share_pp,50,1205013,0.1473572720941413
STATE84-BASE,a8_cost_share_pp,50,1205014,0.1487381898770111
STATE84-BASE,a8_cost_share_pp,50,1205015,-0.1871886310346996
STATE84-BASE,a8_cost_share_pp,50,1205016,-0.0627082528005128
STATE84-BASE,a8_cost_share_pp,100,1215001,0.040783796796835636
STATE84-BASE,a8_cost_share_pp,100,1215002,-0.03661192624718891
STATE84-BASE,a8_cost_share_pp,100,1215003,-0.07525791275156896
STATE84-BASE,a8_cost_share_pp,100,1215004,0.016520586280700935
STATE84-BASE,a8_cost_share_pp,100,1215005,-0.09925278726427848
STATE84-BASE,a8_cost_share_pp,100,1215006,0.031047098476429547
STATE84-BASE,a8_cost_share_pp,100,1215007,-0.13813589686226177
STATE84-BASE,a8_cost_share_pp,100,1215008,0.029828841845794797
STATE84-BASE,a8_cost_share_pp,100,1215009,0.13096487200821033
STATE84-BASE,a8_cost_share_pp,100,1215010,0.019664983351138227
STATE84-BASE,a8_cost_share_pp,100,1215011,0.08279955386546001
STATE84-BASE,a8_cost_share_pp,100,1215012,0.12662866327052497
STATE84-BASE,a8_cost_share_pp,100,1215013,-0.10428961318018264
STATE84-BASE,a8_cost_share_pp,100,1215014,0.036859145284591756
STATE84-BASE,a8_cost_share_pp,100,1215015,-0.10557456750171895
STATE84-BASE,a8_cost_share_pp,100,1215016,-0.06054186560631391
STATE84-BASE,a8_proposals_per_call_diff,50,1205001,0.4270329707346777
STATE84-BASE,a8_proposals_per_call_diff,50,1205002,0.07333218433511135
STATE84-BASE,a8_proposals_per_call_diff,50,1205003,-0.0634901234376215
STATE84-BASE,a8_proposals_per_call_diff,50,1205004,0.083664882942727
STATE84-BASE,a8_proposals_per_call_diff,50,1205005,-0.2637153951499198
STATE84-BASE,a8_proposals_per_call_diff,50,1205006,-0.013355901441408302
STATE84-BASE,a8_proposals_per_call_diff,50,1205007,-0.16812025922267815
STATE84-BASE,a8_proposals_per_call_diff,50,1205008,0.016149786794328047
STATE84-BASE,a8_proposals_per_call_diff,50,1205009,0.501956179132797
STATE84-BASE,a8_proposals_per_call_diff,50,1205010,0.14499209215939413
STATE84-BASE,a8_proposals_per_call_diff,50,1205011,-0.28510164055346526
STATE84-BASE,a8_proposals_per_call_diff,50,1205012,0.4107139567826983
STATE84-BASE,a8_proposals_per_call_diff,50,1205013,0.24739341305051565
STATE84-BASE,a8_proposals_per_call_diff,50,1205014,0.41128560802795866
STATE84-BASE,a8_proposals_per_call_diff,50,1205015,-0.46238449429034817
STATE84-BASE,a8_proposals_per_call_diff,50,1205016,-0.008851450677206885
STATE84-BASE,a8_proposals_per_call_diff,100,1215001,0.08534263404254461
STATE84-BASE,a8_proposals_per_call_diff,100,1215002,-0.14391456836088384
STATE84-BASE,a8_proposals_per_call_diff,100,1215003,-0.17433889943516256
STATE84-BASE,a8_proposals_per_call_diff,100,1215004,0.1019495383247922
STATE84-BASE,a8_proposals_per_call_diff,100,1215005,-0.27440320058270845
STATE84-BASE,a8_proposals_per_call_diff,100,1215006,-0.1592313867794417
STATE84-BASE,a8_proposals_per_call_diff,100,1215007,-0.33716877315687477
STATE84-BASE,a8_proposals_per_call_diff,100,1215008,-0.02716260320780195
STATE84-BASE,a8_proposals_per_call_diff,100,1215009,0.062402358674208014
STATE84-BASE,a8_proposals_per_call_diff,100,1215010,-0.1316682885360254
STATE84-BASE,a8_proposals_per_call_diff,100,1215011,-0.0031016576987327737
STATE84-BASE,a8_proposals_per_call_diff,100,1215012,0.23525900888470686
STATE84-BASE,a8_proposals_per_call_diff,100,1215013,-0.22407425425975425
STATE84-BASE,a8_proposals_per_call_diff,100,1215014,0.3999019060620099
STATE84-BASE,a8_proposals_per_call_diff,100,1215015,-0.009393731358913082
STATE84-BASE,a8_proposals_per_call_diff,100,1215016,-0.3916055773312081
B3-BASE,hv_diff,50,1205001,-0.01682695414167043
B3-BASE,hv_diff,50,1205002,-0.12906872838112593
B3-BASE,hv_diff,50,1205003,-0.11039499086575957
B3-BASE,hv_diff,50,1205004,-0.04785183202133397
B3-BASE,hv_diff,50,1205005,-0.17364871362137438
B3-BASE,hv_diff,50,1205006,0.002324094608002897
B3-BASE,hv_diff,50,1205007,-0.09194055940503795
B3-BASE,hv_diff,50,1205008,-0.14700858789366417
B3-BASE,hv_diff,50,1205009,-0.058852734840785514
B3-BASE,hv_diff,50,1205010,-0.02732732034439253
B3-BASE,hv_diff,50,1205011,-0.08381456918460103
B3-BASE,hv_diff,50,1205012,0.04468083510921772
B3-BASE,hv_diff,50,1205013,0.042411233316543534
B3-BASE,hv_diff,50,1205014,-0.043340704921424056
B3-BASE,hv_diff,50,1205015,0.04566476618440249
B3-BASE,hv_diff,50,1205016,-0.0798164701255075
B3-BASE,hv_diff,100,1215001,0.004245837615789699
B3-BASE,hv_diff,100,1215002,-0.06567929400134068
B3-BASE,hv_diff,100,1215003,-0.050572463300494586
B3-BASE,hv_diff,100,1215004,0.010736556674964481
B3-BASE,hv_diff,100,1215005,-0.04177963775130808
B3-BASE,hv_diff,100,1215006,-0.047391743195785374
B3-BASE,hv_diff,100,1215007,-0.0748710511602052
B3-BASE,hv_diff,100,1215008,-0.053710450980758606
B3-BASE,hv_diff,100,1215009,-0.02411645131658771
B3-BASE,hv_diff,100,1215010,-0.040102832994681314
B3-BASE,hv_diff,100,1215011,0.03032812074600455
B3-BASE,hv_diff,100,1215012,-0.03128775794754127
B3-BASE,hv_diff,100,1215013,-0.054024668842378915
B3-BASE,hv_diff,100,1215014,-0.035236004392630804
B3-BASE,hv_diff,100,1215015,-0.022366132153671725
B3-BASE,hv_diff,100,1215016,-0.01224494249948202
B3-BASE,igd_plus_gain,50,1205001,-0.015127986272470185
B3-BASE,igd_plus_gain,50,1205002,-0.07881064483169936
B3-BASE,igd_plus_gain,50,1205003,-0.051827282754545005
B3-BASE,igd_plus_gain,50,1205004,-0.029476961488370777
B3-BASE,igd_plus_gain,50,1205005,-0.10247791053907414
B3-BASE,igd_plus_gain,50,1205006,0.004195724530615487
B3-BASE,igd_plus_gain,50,1205007,-0.04631121970244558
B3-BASE,igd_plus_gain,50,1205008,-0.07595362234973596
B3-BASE,igd_plus_gain,50,1205009,-0.011333358072044275
B3-BASE,igd_plus_gain,50,1205010,-0.021796446099210866
B3-BASE,igd_plus_gain,50,1205011,-0.043417649628289263
B3-BASE,igd_plus_gain,50,1205012,0.0320722501668047
B3-BASE,igd_plus_gain,50,1205013,0.018519123808541815
B3-BASE,igd_plus_gain,50,1205014,-0.0330174433601349
B3-BASE,igd_plus_gain,50,1205015,0.009482933910235171
B3-BASE,igd_plus_gain,50,1205016,-0.008762384739235957
B3-BASE,igd_plus_gain,100,1215001,0.003679144637582267
B3-BASE,igd_plus_gain,100,1215002,-0.022047357481458994
B3-BASE,igd_plus_gain,100,1215003,-0.01396853425203299
B3-BASE,igd_plus_gain,100,1215004,-0.0017524022109841747
B3-BASE,igd_plus_gain,100,1215005,-0.0021393315696353558
B3-BASE,igd_plus_gain,100,1215006,-0.017495428879644934
B3-BASE,igd_plus_gain,100,1215007,-0.0603989985713399
B3-BASE,igd_plus_gain,100,1215008,-0.038261759465388935
B3-BASE,igd_plus_gain,100,1215009,0.0029730827715071517
B3-BASE,igd_plus_gain,100,1215010,-0.025743248740850544
B3-BASE,igd_plus_gain,100,1215011,0.007910092011537494
B3-BASE,igd_plus_gain,100,1215012,-0.004309813250886512
B3-BASE,igd_plus_gain,100,1215013,-0.043923112840839634
B3-BASE,igd_plus_gain,100,1215014,-0.03237927847313457
B3-BASE,igd_plus_gain,100,1215015,0.0018351852704642131
B3-BASE,igd_plus_gain,100,1215016,-0.010155022139767895
B3-BASE,hv_pct,50,1205001,-2.6704582950879967
B3-BASE,hv_pct,50,1205002,-10.385579406803618
B3-BASE,hv_pct,50,1205003,-13.425492988201588
B3-BASE,hv_pct,50,1205004,-5.170834986373546
B3-BASE,hv_pct,50,1205005,-19.677246049691444
B3-BASE,hv_pct,50,1205006,0.7532500527735353
B3-BASE,hv_pct,50,1205007,-11.228036518276358
B3-BASE,hv_pct,50,1205008,-17.529888638157068
B3-BASE,hv_pct,50,1205009,-6.479966022246308
B3-BASE,hv_pct,50,1205010,-3.105048559042512
B3-BASE,hv_pct,50,1205011,-8.148285612179007
B3-BASE,hv_pct,50,1205012,7.801475227188126
B3-BASE,hv_pct,50,1205013,5.227084069128466
B3-BASE,hv_pct,50,1205014,-4.802818596721653
B3-BASE,hv_pct,50,1205015,8.199590123848084
B3-BASE,hv_pct,50,1205016,-7.0100341659860685
B3-BASE,hv_pct,100,1215001,1.1800406794558649
B3-BASE,hv_pct,100,1215002,-8.085628122929961
B3-BASE,hv_pct,100,1215003,-4.777888127099839
B3-BASE,hv_pct,100,1215004,4.911557784705759
B3-BASE,hv_pct,100,1215005,-4.925084003482779
B3-BASE,hv_pct,100,1215006,-6.136919939936073
B3-BASE,hv_pct,100,1215007,-9.559326934992981
B3-BASE,hv_pct,100,1215008,-6.586046527969879
B3-BASE,hv_pct,100,1215009,-3.10176276505002
B3-BASE,hv_pct,100,1215010,-4.81766745155327
B3-BASE,hv_pct,100,1215011,3.852881536364025
B3-BASE,hv_pct,100,1215012,-3.029042985954983
B3-BASE,hv_pct,100,1215013,-6.948688931988675
B3-BASE,hv_pct,100,1215014,-4.239912911818098
B3-BASE,hv_pct,100,1215015,-2.5358576107365334
B3-BASE,hv_pct,100,1215016,-0.6913884769989918
B3-BASE,igd_gain,50,1205001,-0.023013111190366628
B3-BASE,igd_gain,50,1205002,-0.08070153271677272
B3-BASE,igd_gain,50,1205003,-0.05506517921261216
B3-BASE,igd_gain,50,1205004,-0.023613009093706696
B3-BASE,igd_gain,50,1205005,-0.10644725919083509
B3-BASE,igd_gain,50,1205006,0.0006733611354001988
B3-BASE,igd_gain,50,1205007,-0.045021526414940394
B3-BASE,igd_gain,50,1205008,-0.09099101864826559
B3-BASE,igd_gain,50,1205009,-0.019897669520088423
B3-BASE,igd_gain,50,1205010,-0.0237684193902252
B3-BASE,igd_gain,50,1205011,-0.03902806227703475
B3-BASE,igd_gain,50,1205012,0.026701842452577625
B3-BASE,igd_gain,50,1205013,0.02900870562501865
B3-BASE,igd_gain,50,1205014,-0.028803705006524273
B3-BASE,igd_gain,50,1205015,0.007689668779191344
B3-BASE,igd_gain,50,1205016,-0.01008700805161293
B3-BASE,igd_gain,100,1215001,0.009398062723824856
B3-BASE,igd_gain,100,1215002,-0.015472386147611861
B3-BASE,igd_gain,100,1215003,-0.01389770834370593
B3-BASE,igd_gain,100,1215004,0.003612220241251924
B3-BASE,igd_gain,100,1215005,-0.02121247758398337
B3-BASE,igd_gain,100,1215006,-0.017846835857730968
B3-BASE,igd_gain,100,1215007,-0.04626917033971452
B3-BASE,igd_gain,100,1215008,-0.03194528460758182
B3-BASE,igd_gain,100,1215009,0.0009804516033417726
B3-BASE,igd_gain,100,1215010,-0.02849880759946266
B3-BASE,igd_gain,100,1215011,0.013202545721366652
B3-BASE,igd_gain,100,1215012,-0.0015457676356369146
B3-BASE,igd_gain,100,1215013,-0.044131032172672
B3-BASE,igd_gain,100,1215014,-0.016626865927814673
B3-BASE,igd_gain,100,1215015,-0.00872390177690172
B3-BASE,igd_gain,100,1215016,-0.014933298553253692
B3-BASE,coverage_net,50,1205001,-0.848697472286223
B3-BASE,coverage_net,50,1205002,-0.4941685765215177
B3-BASE,coverage_net,50,1205003,-0.11874162546141384
B3-BASE,coverage_net,50,1205004,-0.10899941499822358
B3-BASE,coverage_net,50,1205005,-0.4530878783940252
B3-BASE,coverage_net,50,1205006,-0.21486867945232066
B3-BASE,coverage_net,50,1205007,-0.09940661769605386
B3-BASE,coverage_net,50,1205008,-0.17053274894275122
B3-BASE,coverage_net,50,1205009,-0.054858577958115634
B3-BASE,coverage_net,50,1205010,0.08421562013447387
B3-BASE,coverage_net,50,1205011,-0.3799091886515083
B3-BASE,coverage_net,50,1205012,0.3521655195393296
B3-BASE,coverage_net,50,1205013,-0.3771785578707204
B3-BASE,coverage_net,50,1205014,-0.23002054789447757
B3-BASE,coverage_net,50,1205015,-0.026801024582636557
B3-BASE,coverage_net,50,1205016,0.15034915674342791
B3-BASE,coverage_net,100,1215001,-0.11791525941229175
B3-BASE,coverage_net,100,1215002,-0.23519889674127875
B3-BASE,coverage_net,100,1215003,-0.08618343620490687
B3-BASE,coverage_net,100,1215004,-0.09774756350959327
B3-BASE,coverage_net,100,1215005,0.1376640796977397
B3-BASE,coverage_net,100,1215006,0.13400219653787016
B3-BASE,coverage_net,100,1215007,-0.7607670759471482
B3-BASE,coverage_net,100,1215008,-0.30166978681946255
B3-BASE,coverage_net,100,1215009,-0.1392155090310619
B3-BASE,coverage_net,100,1215010,-0.4388405334605476
B3-BASE,coverage_net,100,1215011,0.09607709868624723
B3-BASE,coverage_net,100,1215012,-0.1327626245285328
B3-BASE,coverage_net,100,1215013,-0.7366112355992112
B3-BASE,coverage_net,100,1215014,-0.575716836102732
B3-BASE,coverage_net,100,1215015,-0.05687841054576037
B3-BASE,coverage_net,100,1215016,-0.013896091137463151
B3-BASE,flow_gain_pct,50,1205001,-0.11038398405462668
B3-BASE,flow_gain_pct,50,1205002,-0.048076923076922906
B3-BASE,flow_gain_pct,50,1205003,0.0
B3-BASE,flow_gain_pct,50,1205004,0.08650519031142001
B3-BASE,flow_gain_pct,50,1205005,0.0
B3-BASE,flow_gain_pct,50,1205006,0.02255833711489741
B3-BASE,flow_gain_pct,50,1205007,0.15091785427389925
B3-BASE,flow_gain_pct,50,1205008,-0.02234134063973381
B3-BASE,flow_gain_pct,50,1205009,0.3705798876632055
B3-BASE,flow_gain_pct,50,1205010,-0.08955387286334049
B3-BASE,flow_gain_pct,50,1205011,-0.06586150028478621
B3-BASE,flow_gain_pct,50,1205012,-0.00023899891493928127
B3-BASE,flow_gain_pct,50,1205013,-0.04440496693977336
B3-BASE,flow_gain_pct,50,1205014,0.021739130434783593
B3-BASE,flow_gain_pct,50,1205015,0.0
B3-BASE,flow_gain_pct,50,1205016,0.0
B3-BASE,flow_gain_pct,100,1215001,0.0
B3-BASE,flow_gain_pct,100,1215002,-0.1668629760502527
B3-BASE,flow_gain_pct,100,1215003,0.009895881391033812
B3-BASE,flow_gain_pct,100,1215004,0.9196347971109325
B3-BASE,flow_gain_pct,100,1215005,-0.11278908223288919
B3-BASE,flow_gain_pct,100,1215006,0.08426442551106306
B3-BASE,flow_gain_pct,100,1215007,0.133495692211974
B3-BASE,flow_gain_pct,100,1215008,-0.19701997116142178
B3-BASE,flow_gain_pct,100,1215009,-0.9957109701178551
B3-BASE,flow_gain_pct,100,1215010,-0.3159990700939197
B3-BASE,flow_gain_pct,100,1215011,0.03950220364997148
B3-BASE,flow_gain_pct,100,1215012,-0.20743174113836693
B3-BASE,flow_gain_pct,100,1215013,-0.9036406797262031
B3-BASE,flow_gain_pct,100,1215014,-0.3163389324672222
B3-BASE,flow_gain_pct,100,1215015,-0.04064621676388436
B3-BASE,flow_gain_pct,100,1215016,0.09850279226019665
B3-BASE,bill_gain_pct,50,1205001,0.18964496231957662
B3-BASE,bill_gain_pct,50,1205002,-3.8113114117220923
B3-BASE,bill_gain_pct,50,1205003,-2.7499149327038728
B3-BASE,bill_gain_pct,50,1205004,-2.2515166050523066
B3-BASE,bill_gain_pct,50,1205005,-4.348557786038742
B3-BASE,bill_gain_pct,50,1205006,-0.443229901973638
B3-BASE,bill_gain_pct,50,1205007,-2.691859104183253
B3-BASE,bill_gain_pct,50,1205008,-3.846260578277691
B3-BASE,bill_gain_pct,50,1205009,-10.055666890217589
B3-BASE,bill_gain_pct,50,1205010,-4.267166744991296
B3-BASE,bill_gain_pct,50,1205011,-2.6207220117320214
B3-BASE,bill_gain_pct,50,1205012,2.3349201960587487
B3-BASE,bill_gain_pct,50,1205013,2.5503821775459374
B3-BASE,bill_gain_pct,50,1205014,-1.8258694936778312
B3-BASE,bill_gain_pct,50,1205015,0.5884646682358718
B3-BASE,bill_gain_pct,50,1205016,-2.9977814992358134
B3-BASE,bill_gain_pct,100,1215001,0.2050660492603522
B3-BASE,bill_gain_pct,100,1215002,-1.8956146631866204
B3-BASE,bill_gain_pct,100,1215003,-3.1290217325364464
B3-BASE,bill_gain_pct,100,1215004,1.5040073108194052
B3-BASE,bill_gain_pct,100,1215005,-2.3817079550105036
B3-BASE,bill_gain_pct,100,1215006,-2.872755733104418
B3-BASE,bill_gain_pct,100,1215007,-1.0892950922905653
B3-BASE,bill_gain_pct,100,1215008,0.043606921982877855
B3-BASE,bill_gain_pct,100,1215009,-1.628556039430182
B3-BASE,bill_gain_pct,100,1215010,-0.9434783541971332
B3-BASE,bill_gain_pct,100,1215011,1.299224700796084
B3-BASE,bill_gain_pct,100,1215012,-2.118997557284069
B3-BASE,bill_gain_pct,100,1215013,0.0312131853971247
B3-BASE,bill_gain_pct,100,1215014,-0.25677079281752335
B3-BASE,bill_gain_pct,100,1215015,-0.6507717815210784
B3-BASE,bill_gain_pct,100,1215016,0.3779803274534477
B3-BASE,exact_pct,50,1205001,-16.29024016977658
B3-BASE,exact_pct,50,1205002,-31.254635595717225
B3-BASE,exact_pct,50,1205003,-28.540679377345874
B3-BASE,exact_pct,50,1205004,-23.274546965366863
B3-BASE,exact_pct,50,1205005,-33.76507987524959
B3-BASE,exact_pct,50,1205006,-28.72675870130953
B3-BASE,exact_pct,50,1205007,-26.60417678515155
B3-BASE,exact_pct,50,1205008,-26.468063906696585
B3-BASE,exact_pct,50,1205009,-19.06894127821271
B3-BASE,exact_pct,50,1205010,-20.76864325477524
B3-BASE,exact_pct,50,1205011,-21.363222448632293
B3-BASE,exact_pct,50,1205012,-26.914200001239575
B3-BASE,exact_pct,50,1205013,-4.314667552296892
B3-BASE,exact_pct,50,1205014,-24.62397140276142
B3-BASE,exact_pct,50,1205015,-25.467246592363587
B3-BASE,exact_pct,50,1205016,-17.140075455683935
B3-BASE,exact_pct,100,1215001,-4.543122005807217
B3-BASE,exact_pct,100,1215002,-2.0192199039410137
B3-BASE,exact_pct,100,1215003,-0.7833978446746019
B3-BASE,exact_pct,100,1215004,-7.902864898970734
B3-BASE,exact_pct,100,1215005,-11.045795662005247
B3-BASE,exact_pct,100,1215006,-1.5511791427941373
B3-BASE,exact_pct,100,1215007,-4.955097798997352
B3-BASE,exact_pct,100,1215008,-8.53879302213722
B3-BASE,exact_pct,100,1215009,-15.084239275739005
B3-BASE,exact_pct,100,1215010,-11.656588433007524
B3-BASE,exact_pct,100,1215011,-12.923255403284756
B3-BASE,exact_pct,100,1215012,-17.28985836477475
B3-BASE,exact_pct,100,1215013,-4.729886183360253
B3-BASE,exact_pct,100,1215014,-11.717674470566964
B3-BASE,exact_pct,100,1215015,-14.388669519413394
B3-BASE,exact_pct,100,1215016,-10.443904144968126
B3-BASE,offspring_pct,50,1205001,21.721079649296108
B3-BASE,offspring_pct,50,1205002,0.5000882284571322
B3-BASE,offspring_pct,50,1205003,-2.669544259008685
B3-BASE,offspring_pct,50,1205004,4.233820351617478
B3-BASE,offspring_pct,50,1205005,6.431513772106533
B3-BASE,offspring_pct,50,1205006,7.252035836241511
B3-BASE,offspring_pct,50,1205007,1.6618704974558314
B3-BASE,offspring_pct,50,1205008,15.302460667813477
B3-BASE,offspring_pct,50,1205009,17.080699332545485
B3-BASE,offspring_pct,50,1205010,26.593502283588368
B3-BASE,offspring_pct,50,1205011,10.415369684794266
B3-BASE,offspring_pct,50,1205012,-1.9274171848376964
B3-BASE,offspring_pct,50,1205013,58.61380396467615
B3-BASE,offspring_pct,50,1205014,3.6047528561792244
B3-BASE,offspring_pct,50,1205015,11.862008716986608
B3-BASE,offspring_pct,50,1205016,19.01825570763111
B3-BASE,offspring_pct,100,1215001,-17.52260211217314
B3-BASE,offspring_pct,100,1215002,15.403299692371366
B3-BASE,offspring_pct,100,1215003,8.138988087236182
B3-BASE,offspring_pct,100,1215004,-8.44123471249747
B3-BASE,offspring_pct,100,1215005,21.020350888448803
B3-BASE,offspring_pct,100,1215006,-11.243770439314925
B3-BASE,offspring_pct,100,1215007,10.696130786063163
B3-BASE,offspring_pct,100,1215008,7.158902299038193
B3-BASE,offspring_pct,100,1215009,6.1043546851751636
B3-BASE,offspring_pct,100,1215010,7.393711487519192
B3-BASE,offspring_pct,100,1215011,11.521393013472586
B3-BASE,offspring_pct,100,1215012,-8.23483595005803
B3-BASE,offspring_pct,100,1215013,-4.962742060086343
B3-BASE,offspring_pct,100,1215014,13.310244391642478
B3-BASE,offspring_pct,100,1215015,20.17481760825936
B3-BASE,offspring_pct,100,1215016,9.908848519084895
B3-BASE,a8_cost_per_call_pct,50,1205001,-50.48535999208747
B3-BASE,a8_cost_per_call_pct,50,1205002,-49.97292112769941
B3-BASE,a8_cost_per_call_pct,50,1205003,-47.49122389494615
B3-BASE,a8_cost_per_call_pct,50,1205004,-51.914424267517454
B3-BASE,a8_cost_per_call_pct,50,1205005,-50.48778071233715
B3-BASE,a8_cost_per_call_pct,50,1205006,-49.01201389085844
B3-BASE,a8_cost_per_call_pct,50,1205007,-49.44956417673673
B3-BASE,a8_cost_per_call_pct,50,1205008,-52.47780163979127
B3-BASE,a8_cost_per_call_pct,50,1205009,-50.21384516739115
B3-BASE,a8_cost_per_call_pct,50,1205010,-50.28239333800294
B3-BASE,a8_cost_per_call_pct,50,1205011,-51.399246713071605
B3-BASE,a8_cost_per_call_pct,50,1205012,-49.876686837491356
B3-BASE,a8_cost_per_call_pct,50,1205013,-51.82658435690194
B3-BASE,a8_cost_per_call_pct,50,1205014,-50.44388962165043
B3-BASE,a8_cost_per_call_pct,50,1205015,-51.12806955459681
B3-BASE,a8_cost_per_call_pct,50,1205016,-49.362946789338984
B3-BASE,a8_cost_per_call_pct,100,1215001,-53.13462392785977
B3-BASE,a8_cost_per_call_pct,100,1215002,-48.732067269880886
B3-BASE,a8_cost_per_call_pct,100,1215003,-45.56190121309673
B3-BASE,a8_cost_per_call_pct,100,1215004,-45.71742169722215
B3-BASE,a8_cost_per_call_pct,100,1215005,-47.55836812548773
B3-BASE,a8_cost_per_call_pct,100,1215006,-49.56462128683525
B3-BASE,a8_cost_per_call_pct,100,1215007,-49.07482656358431
B3-BASE,a8_cost_per_call_pct,100,1215008,-47.837749572370356
B3-BASE,a8_cost_per_call_pct,100,1215009,-42.29541468010225
B3-BASE,a8_cost_per_call_pct,100,1215010,-45.24195616738609
B3-BASE,a8_cost_per_call_pct,100,1215011,-49.94560261285605
B3-BASE,a8_cost_per_call_pct,100,1215012,-47.15577180173232
B3-BASE,a8_cost_per_call_pct,100,1215013,-49.09838189845425
B3-BASE,a8_cost_per_call_pct,100,1215014,-47.88418806217436
B3-BASE,a8_cost_per_call_pct,100,1215015,-52.384364708956646
B3-BASE,a8_cost_per_call_pct,100,1215016,-49.417219702069715
B3-BASE,a8_cost_share_pp,50,1205001,-0.391127419300059
B3-BASE,a8_cost_share_pp,50,1205002,-0.45439177876341086
B3-BASE,a8_cost_share_pp,50,1205003,-0.35782529890523807
B3-BASE,a8_cost_share_pp,50,1205004,-0.6327893103455453
B3-BASE,a8_cost_share_pp,50,1205005,-0.4967568191879282
B3-BASE,a8_cost_share_pp,50,1205006,-0.4392116870074455
B3-BASE,a8_cost_share_pp,50,1205007,-0.6827071933061248
B3-BASE,a8_cost_share_pp,50,1205008,-0.515408685906541
B3-BASE,a8_cost_share_pp,50,1205009,-0.5154012936661521
B3-BASE,a8_cost_share_pp,50,1205010,-0.589708910140243
B3-BASE,a8_cost_share_pp,50,1205011,-0.6146382344175412
B3-BASE,a8_cost_share_pp,50,1205012,-0.5296699444887399
B3-BASE,a8_cost_share_pp,50,1205013,-0.3884146535933662
B3-BASE,a8_cost_share_pp,50,1205014,-0.6179839947652741
B3-BASE,a8_cost_share_pp,50,1205015,-0.7721503973439912
B3-BASE,a8_cost_share_pp,50,1205016,-0.557874886032494
B3-BASE,a8_cost_share_pp,100,1215001,-0.35829272525637046
B3-BASE,a8_cost_share_pp,100,1215002,-0.3425674002915293
B3-BASE,a8_cost_share_pp,100,1215003,-0.31978951245083737
B3-BASE,a8_cost_share_pp,100,1215004,-0.19727499219502942
B3-BASE,a8_cost_share_pp,100,1215005,-0.26665321106021495
B3-BASE,a8_cost_share_pp,100,1215006,-0.3666386695122855
B3-BASE,a8_cost_share_pp,100,1215007,-0.4329587942842556
B3-BASE,a8_cost_share_pp,100,1215008,-0.2499950477885911
B3-BASE,a8_cost_share_pp,100,1215009,-0.1280708823701284
B3-BASE,a8_cost_share_pp,100,1215010,-0.1818233721470473
B3-BASE,a8_cost_share_pp,100,1215011,-0.2590476462535342
B3-BASE,a8_cost_share_pp,100,1215012,-0.2671693719780283
B3-BASE,a8_cost_share_pp,100,1215013,-0.4888177070513507
B3-BASE,a8_cost_share_pp,100,1215014,-0.4238079027559145
B3-BASE,a8_cost_share_pp,100,1215015,-0.4547143217739515
B3-BASE,a8_cost_share_pp,100,1215016,-0.36684169542917017
B3-BASE,a8_proposals_per_call_diff,50,1205001,-0.939116569318559
B3-BASE,a8_proposals_per_call_diff,50,1205002,-1.0387884409902497
B3-BASE,a8_proposals_per_call_diff,50,1205003,-0.6802555779371792
B3-BASE,a8_proposals_per_call_diff,50,1205004,-1.5297782969342932
B3-BASE,a8_proposals_per_call_diff,50,1205005,-0.8974993159275892
B3-BASE,a8_proposals_per_call_diff,50,1205006,-0.9282272427527463
B3-BASE,a8_proposals_per_call_diff,50,1205007,-1.6626242343756044
B3-BASE,a8_proposals_per_call_diff,50,1205008,-1.056027654707401
B3-BASE,a8_proposals_per_call_diff,50,1205009,-1.086060230809796
B3-BASE,a8_proposals_per_call_diff,50,1205010,-0.9310522814923156
B3-BASE,a8_proposals_per_call_diff,50,1205011,-1.4106538515805425
B3-BASE,a8_proposals_per_call_diff,50,1205012,-1.2965235299593367
B3-BASE,a8_proposals_per_call_diff,50,1205013,-1.060130411883808
B3-BASE,a8_proposals_per_call_diff,50,1205014,-0.900531866068073
B3-BASE,a8_proposals_per_call_diff,50,1205015,-1.254941448023299
B3-BASE,a8_proposals_per_call_diff,50,1205016,-0.9761615642678767
B3-BASE,a8_proposals_per_call_diff,100,1215001,-1.0007381038811065
B3-BASE,a8_proposals_per_call_diff,100,1215002,-1.048028600810205
B3-BASE,a8_proposals_per_call_diff,100,1215003,-1.0451921220214284
B3-BASE,a8_proposals_per_call_diff,100,1215004,-0.7057831081611551
B3-BASE,a8_proposals_per_call_diff,100,1215005,-1.016751078068188
B3-BASE,a8_proposals_per_call_diff,100,1215006,-1.0511984934071779
B3-BASE,a8_proposals_per_call_diff,100,1215007,-1.2752838451571327
B3-BASE,a8_proposals_per_call_diff,100,1215008,-1.157152083290395
B3-BASE,a8_proposals_per_call_diff,100,1215009,-0.8797646827960068
B3-BASE,a8_proposals_per_call_diff,100,1215010,-0.8555251788153457
B3-BASE,a8_proposals_per_call_diff,100,1215011,-1.1036311041944165
B3-BASE,a8_proposals_per_call_diff,100,1215012,-0.902616800181888
B3-BASE,a8_proposals_per_call_diff,100,1215013,-1.1804447077491584
B3-BASE,a8_proposals_per_call_diff,100,1215014,-1.0309717318311271
B3-BASE,a8_proposals_per_call_diff,100,1215015,-1.287529830434214
B3-BASE,a8_proposals_per_call_diff,100,1215016,-1.055938367933654
B10-BASE,hv_diff,50,1205001,0.07768847259947775
B10-BASE,hv_diff,50,1205002,0.011391610245245376
B10-BASE,hv_diff,50,1205003,-0.02642374378832378
B10-BASE,hv_diff,50,1205004,0.055469401692893966
B10-BASE,hv_diff,50,1205005,0.0500951942627719
B10-BASE,hv_diff,50,1205006,0.07110625372249224
B10-BASE,hv_diff,50,1205007,-0.01842501960252027
B10-BASE,hv_diff,50,1205008,0.04196126871548819
B10-BASE,hv_diff,50,1205009,0.030425972991210998
B10-BASE,hv_diff,50,1205010,0.0016563385330632951
B10-BASE,hv_diff,50,1205011,-0.04405720835753296
B10-BASE,hv_diff,50,1205012,0.03522597953160811
B10-BASE,hv_diff,50,1205013,0.04452069476439327
B10-BASE,hv_diff,50,1205014,0.049365796534865
B10-BASE,hv_diff,50,1205015,0.1417108279469475
B10-BASE,hv_diff,50,1205016,-0.08649402321543961
B10-BASE,hv_diff,100,1215001,-0.00027575257800577235
B10-BASE,hv_diff,100,1215002,0.04617813584005703
B10-BASE,hv_diff,100,1215003,0.038641758092875456
B10-BASE,hv_diff,100,1215004,0.06820996907226809
B10-BASE,hv_diff,100,1215005,0.07021829841187804
B10-BASE,hv_diff,100,1215006,0.07022444724502772
B10-BASE,hv_diff,100,1215007,0.0033228661595148257
B10-BASE,hv_diff,100,1215008,-0.019785817404543965
B10-BASE,hv_diff,100,1215009,0.12927457726562977
B10-BASE,hv_diff,100,1215010,0.07897900557642384
B10-BASE,hv_diff,100,1215011,0.07446905305863855
B10-BASE,hv_diff,100,1215012,0.03082594960818541
B10-BASE,hv_diff,100,1215013,0.07571500051606134
B10-BASE,hv_diff,100,1215014,0.06038517196206833
B10-BASE,hv_diff,100,1215015,0.04780360274507875
B10-BASE,hv_diff,100,1215016,-0.014370266473636983
B10-BASE,igd_plus_gain,50,1205001,0.04614265352883716
B10-BASE,igd_plus_gain,50,1205002,0.031172248175812163
B10-BASE,igd_plus_gain,50,1205003,-0.022312686199996268
B10-BASE,igd_plus_gain,50,1205004,0.022069214153058226
B10-BASE,igd_plus_gain,50,1205005,0.02936993202287516
B10-BASE,igd_plus_gain,50,1205006,0.06066015963399727
B10-BASE,igd_plus_gain,50,1205007,-0.019487327133526588
B10-BASE,igd_plus_gain,50,1205008,0.02224522313034833
B10-BASE,igd_plus_gain,50,1205009,0.01874946663240895
B10-BASE,igd_plus_gain,50,1205010,-0.018327230207846247
B10-BASE,igd_plus_gain,50,1205011,-0.01718251852994393
B10-BASE,igd_plus_gain,50,1205012,0.010866104238621058
B10-BASE,igd_plus_gain,50,1205013,0.013850043401911587
B10-BASE,igd_plus_gain,50,1205014,0.02741015396185486
B10-BASE,igd_plus_gain,50,1205015,0.08411549133624377
B10-BASE,igd_plus_gain,50,1205016,-0.022951922746525903
B10-BASE,igd_plus_gain,100,1215001,0.011564040600722011
B10-BASE,igd_plus_gain,100,1215002,0.02278996830765374
B10-BASE,igd_plus_gain,100,1215003,0.045152813301529676
B10-BASE,igd_plus_gain,100,1215004,0.019158298397460777
B10-BASE,igd_plus_gain,100,1215005,0.021659346654008253
B10-BASE,igd_plus_gain,100,1215006,0.032464330007793404
B10-BASE,igd_plus_gain,100,1215007,-0.014255655793411747
B10-BASE,igd_plus_gain,100,1215008,-0.0116948514815587
B10-BASE,igd_plus_gain,100,1215009,0.07150054949915825
B10-BASE,igd_plus_gain,100,1215010,0.027598844127576832
B10-BASE,igd_plus_gain,100,1215011,0.0360110979324838
B10-BASE,igd_plus_gain,100,1215012,0.028476758061519877
B10-BASE,igd_plus_gain,100,1215013,0.04726942127426165
B10-BASE,igd_plus_gain,100,1215014,0.03373073078703477
B10-BASE,igd_plus_gain,100,1215015,0.03806027970357186
B10-BASE,igd_plus_gain,100,1215016,0.0030273238162536395
B10-BASE,hv_pct,50,1205001,8.671596102513893
B10-BASE,hv_pct,50,1205002,4.500307376958093
B10-BASE,hv_pct,50,1205003,-3.5555129825685845
B10-BASE,hv_pct,50,1205004,6.031201852331607
B10-BASE,hv_pct,50,1205005,8.402315130553372
B10-BASE,hv_pct,50,1205006,9.316100962810438
B10-BASE,hv_pct,50,1205007,-2.3107323944199347
B10-BASE,hv_pct,50,1205008,4.468222181190636
B10-BASE,hv_pct,50,1205009,3.6891436026091875
B10-BASE,hv_pct,50,1205010,0.1654451023792829
B10-BASE,hv_pct,50,1205011,-3.6907933773516675
B10-BASE,hv_pct,50,1205012,5.471174638694873
B10-BASE,hv_pct,50,1205013,6.675296131523407
B10-BASE,hv_pct,50,1205014,7.039829410885618
B10-BASE,hv_pct,50,1205015,20.990494715666348
B10-BASE,hv_pct,50,1205016,-7.536123191758992
B10-BASE,hv_pct,100,1215001,-0.04584019892048241
B10-BASE,hv_pct,100,1215002,5.351407829303348
B10-BASE,hv_pct,100,1215003,5.2982476723438
B10-BASE,hv_pct,100,1215004,11.505536809280686
B10-BASE,hv_pct,100,1215005,8.368655232034456
B10-BASE,hv_pct,100,1215006,8.952568193838143
B10-BASE,hv_pct,100,1215007,0.301297843162859
B10-BASE,hv_pct,100,1215008,-1.7011337336233499
B10-BASE,hv_pct,100,1215009,17.59641446695409
B10-BASE,hv_pct,100,1215010,11.947035402514906
B10-BASE,hv_pct,100,1215011,9.524683829697384
B10-BASE,hv_pct,100,1215012,4.035913832749838
B10-BASE,hv_pct,100,1215013,9.173754062250843
B10-BASE,hv_pct,100,1215014,8.848484495573745
B10-BASE,hv_pct,100,1215015,6.11630285118604
B10-BASE,hv_pct,100,1215016,-0.42902569197691776
B10-BASE,igd_gain,50,1205001,0.04039315054329448
B10-BASE,igd_gain,50,1205002,0.02599897646835943
B10-BASE,igd_gain,50,1205003,-0.017446755561704122
B10-BASE,igd_gain,50,1205004,0.027366223350893462
B10-BASE,igd_gain,50,1205005,0.023681051414129482
B10-BASE,igd_gain,50,1205006,0.0527837992642074
B10-BASE,igd_gain,50,1205007,-0.015059820599571293
B10-BASE,igd_gain,50,1205008,0.019181212007027264
B10-BASE,igd_gain,50,1205009,0.007981902770704482
B10-BASE,igd_gain,50,1205010,-0.018442166362879202
B10-BASE,igd_gain,50,1205011,-0.015836632885306727
B10-BASE,igd_gain,50,1205012,0.011548523937668219
B10-BASE,igd_gain,50,1205013,0.025007716205796754
B10-BASE,igd_gain,50,1205014,0.03474399982133239
B10-BASE,igd_gain,50,1205015,0.08330898297902961
B10-BASE,igd_gain,50,1205016,-0.01727997809009723
B10-BASE,igd_gain,100,1215001,0.0156960765952009
B10-BASE,igd_gain,100,1215002,0.016152240518611485
B10-BASE,igd_gain,100,1215003,0.031420611421829246
B10-BASE,igd_gain,100,1215004,0.023930613144384685
B10-BASE,igd_gain,100,1215005,0.013783013096446556
B10-BASE,igd_gain,100,1215006,0.02909622860815553
B10-BASE,igd_gain,100,1215007,-0.012885073719747316
B10-BASE,igd_gain,100,1215008,-0.011270152531267345
B10-BASE,igd_gain,100,1215009,0.06949577750285107
B10-BASE,igd_gain,100,1215010,0.01993750153720256
B10-BASE,igd_gain,100,1215011,0.04001900962508166
B10-BASE,igd_gain,100,1215012,0.02604007817363333
B10-BASE,igd_gain,100,1215013,0.044721266191576514
B10-BASE,igd_gain,100,1215014,0.04569249495919895
B10-BASE,igd_gain,100,1215015,0.040356433561729216
B10-BASE,igd_gain,100,1215016,-0.0006401869598301121
B10-BASE,coverage_net,50,1205001,0.06532247218116458
B10-BASE,coverage_net,50,1205002,0.26720967500297854
B10-BASE,coverage_net,50,1205003,-0.1753197069895386
B10-BASE,coverage_net,50,1205004,0.33501946035077734
B10-BASE,coverage_net,50,1205005,0.5091641132829864
B10-BASE,coverage_net,50,1205006,0.7537359184009538
B10-BASE,coverage_net,50,1205007,-0.10577684178529012
B10-BASE,coverage_net,50,1205008,0.15918216058158904
B10-BASE,coverage_net,50,1205009,0.0982398657354291
B10-BASE,coverage_net,50,1205010,0.21455850607204918
B10-BASE,coverage_net,50,1205011,-0.14442731656753777
B10-BASE,coverage_net,50,1205012,0.2429447817576366
B10-BASE,coverage_net,50,1205013,-0.30792269755507057
B10-BASE,coverage_net,50,1205014,0.14456149276726257
B10-BASE,coverage_net,50,1205015,0.4262210760242944
B10-BASE,coverage_net,50,1205016,0.03869336511029106
B10-BASE,coverage_net,100,1215001,0.10446373860642985
B10-BASE,coverage_net,100,1215002,0.251665150040716
B10-BASE,coverage_net,100,1215003,0.6273113103385494
B10-BASE,coverage_net,100,1215004,0.38925615760602766
B10-BASE,coverage_net,100,1215005,-0.12915220934459848
B10-BASE,coverage_net,100,1215006,0.5347707324481359
B10-BASE,coverage_net,100,1215007,-0.05927935527034581
B10-BASE,coverage_net,100,1215008,-0.22905967705453528
B10-BASE,coverage_net,100,1215009,0.6624123272504538
B10-BASE,coverage_net,100,1215010,0.4874859736776278
B10-BASE,coverage_net,100,1215011,0.5569652059108787
B10-BASE,coverage_net,100,1215012,0.4326611112743259
B10-BASE,coverage_net,100,1215013,0.41767488771516015
B10-BASE,coverage_net,100,1215014,0.3127328083327515
B10-BASE,coverage_net,100,1215015,0.19747620843318367
B10-BASE,coverage_net,100,1215016,0.2830373680856303
B10-BASE,flow_gain_pct,50,1205001,-0.13213950771240324
B10-BASE,flow_gain_pct,50,1205002,-0.024038461538461453
B10-BASE,flow_gain_pct,50,1205003,0.0
B10-BASE,flow_gain_pct,50,1205004,0.06487889273356362
B10-BASE,flow_gain_pct,50,1205005,-0.02272727272727426
B10-BASE,flow_gain_pct,50,1205006,0.18948133622985752
B10-BASE,flow_gain_pct,50,1205007,0.10781440599803571
B10-BASE,flow_gain_pct,50,1205008,-1.9912068308092223e-05
B10-BASE,flow_gain_pct,50,1205009,0.12196264211266905
B10-BASE,flow_gain_pct,50,1205010,0.24293306799282044
B10-BASE,flow_gain_pct,50,1205011,-0.2394722155079687
B10-BASE,flow_gain_pct,50,1205012,-6.841442723448665e-05
B10-BASE,flow_gain_pct,50,1205013,-0.13254967810171492
B10-BASE,flow_gain_pct,50,1205014,0.04347826086956441
B10-BASE,flow_gain_pct,50,1205015,0.0
B10-BASE,flow_gain_pct,50,1205016,-0.025050100200402214
B10-BASE,flow_gain_pct,100,1215001,0.11632825719120055
B10-BASE,flow_gain_pct,100,1215002,0.3532490281606876
B10-BASE,flow_gain_pct,100,1215003,-0.05008012820512664
B10-BASE,flow_gain_pct,100,1215004,1.2436483067049724
B10-BASE,flow_gain_pct,100,1215005,0.2721290230235457
B10-BASE,flow_gain_pct,100,1215006,0.15296889527159907
B10-BASE,flow_gain_pct,100,1215007,0.10309486211133034
B10-BASE,flow_gain_pct,100,1215008,-0.09388241011744625
B10-BASE,flow_gain_pct,100,1215009,0.22641550221295936
B10-BASE,flow_gain_pct,100,1215010,-0.2801787028077235
B10-BASE,flow_gain_pct,100,1215011,-0.27049542978493657
B10-BASE,flow_gain_pct,100,1215012,-0.14203416944146563
B10-BASE,flow_gain_pct,100,1215013,-0.5008499315648451
B10-BASE,flow_gain_pct,100,1215014,0.5688716011372441
B10-BASE,flow_gain_pct,100,1215015,-0.1240590530750485
B10-BASE,flow_gain_pct,100,1215016,0.22175913531120306
B10-BASE,bill_gain_pct,50,1205001,4.06307384932201
B10-BASE,bill_gain_pct,50,1205002,-0.7070601943009126
B10-BASE,bill_gain_pct,50,1205003,-0.6218228675257813
B10-BASE,bill_gain_pct,50,1205004,2.763589759757484
B10-BASE,bill_gain_pct,50,1205005,0.6426185522325183
B10-BASE,bill_gain_pct,50,1205006,0.9099142552586286
B10-BASE,bill_gain_pct,50,1205007,1.7077584913031576
B10-BASE,bill_gain_pct,50,1205008,1.004810450746907
B10-BASE,bill_gain_pct,50,1205009,0.41910613626335547
B10-BASE,bill_gain_pct,50,1205010,-3.288258435012647
B10-BASE,bill_gain_pct,50,1205011,-1.22784251117056
B10-BASE,bill_gain_pct,50,1205012,2.3563530473408063
B10-BASE,bill_gain_pct,50,1205013,2.729691975022172
B10-BASE,bill_gain_pct,50,1205014,1.6902787391242624
B10-BASE,bill_gain_pct,50,1205015,2.096044750924953
B10-BASE,bill_gain_pct,50,1205016,-2.8433149740837353
B10-BASE,bill_gain_pct,100,1215001,-0.783677783649972
B10-BASE,bill_gain_pct,100,1215002,0.7251981424035132
B10-BASE,bill_gain_pct,100,1215003,-0.840224662023084
B10-BASE,bill_gain_pct,100,1215004,3.818276528324413
B10-BASE,bill_gain_pct,100,1215005,2.376553276380119
B10-BASE,bill_gain_pct,100,1215006,0.14719990365048274
B10-BASE,bill_gain_pct,100,1215007,0.6161670260582732
B10-BASE,bill_gain_pct,100,1215008,-1.7637047757833786
B10-BASE,bill_gain_pct,100,1215009,2.1987550470219164
B10-BASE,bill_gain_pct,100,1215010,3.057189465983387
B10-BASE,bill_gain_pct,100,1215011,3.3024515323954313
B10-BASE,bill_gain_pct,100,1215012,-0.8786473027757952
B10-BASE,bill_gain_pct,100,1215013,1.7683559013590227
B10-BASE,bill_gain_pct,100,1215014,1.7211915004419238
B10-BASE,bill_gain_pct,100,1215015,1.1514751439279296
B10-BASE,bill_gain_pct,100,1215016,-1.5075114319112348
B10-BASE,exact_pct,50,1205001,38.40137010390813
B10-BASE,exact_pct,50,1205002,30.443641818323037
B10-BASE,exact_pct,50,1205003,20.328007123030574
B10-BASE,exact_pct,50,1205004,33.69586686101984
B10-BASE,exact_pct,50,1205005,20.20374177021092
B10-BASE,exact_pct,50,1205006,15.13882985094946
B10-BASE,exact_pct,50,1205007,28.41379060161908
B10-BASE,exact_pct,50,1205008,19.29120463655875
B10-BASE,exact_pct,50,1205009,23.054034133350864
B10-BASE,exact_pct,50,1205010,8.629489576268583
B10-BASE,exact_pct,50,1205011,25.094778418226863
B10-BASE,exact_pct,50,1205012,14.967215254819816
B10-BASE,exact_pct,50,1205013,27.16733064911533
B10-BASE,exact_pct,50,1205014,17.56376672066362
B10-BASE,exact_pct,50,1205015,24.562917522015287
B10-BASE,exact_pct,50,1205016,34.597266019159704
B10-BASE,exact_pct,100,1215001,10.705259568277071
B10-BASE,exact_pct,100,1215002,6.13903521722129
B10-BASE,exact_pct,100,1215003,9.52543708076754
B10-BASE,exact_pct,100,1215004,4.5473957571275125
B10-BASE,exact_pct,100,1215005,9.620329020546347
B10-BASE,exact_pct,100,1215006,3.944234721989093
B10-BASE,exact_pct,100,1215007,14.089706913694606
B10-BASE,exact_pct,100,1215008,9.561309172351866
B10-BASE,exact_pct,100,1215009,-2.8096196767906862
B10-BASE,exact_pct,100,1215010,10.207943036487604
B10-BASE,exact_pct,100,1215011,-1.300025741275829
B10-BASE,exact_pct,100,1215012,-6.774437863814076
B10-BASE,exact_pct,100,1215013,15.264504066729073
B10-BASE,exact_pct,100,1215014,-0.28224850727326434
B10-BASE,exact_pct,100,1215015,-1.3479605536015122
B10-BASE,exact_pct,100,1215016,8.2402584494184
B10-BASE,offspring_pct,50,1205001,4.320646608874487
B10-BASE,offspring_pct,50,1205002,-12.984933761005305
B10-BASE,offspring_pct,50,1205003,-18.296434848405294
B10-BASE,offspring_pct,50,1205004,-5.010078574339974
B10-BASE,offspring_pct,50,1205005,-9.768802832144447
B10-BASE,offspring_pct,50,1205006,-28.989486858414857
B10-BASE,offspring_pct,50,1205007,-1.7721029034167541
B10-BASE,offspring_pct,50,1205008,-18.528663893014492
B10-BASE,offspring_pct,50,1205009,-8.679992757610586
B10-BASE,offspring_pct,50,1205010,-18.84527772660213
B10-BASE,offspring_pct,50,1205011,-6.131384994179651
B10-BASE,offspring_pct,50,1205012,-26.543699628997867
B10-BASE,offspring_pct,50,1205013,-11.59704412700316
B10-BASE,offspring_pct,50,1205014,-25.251052196076063
B10-BASE,offspring_pct,50,1205015,-9.20412576364602
B10-BASE,offspring_pct,50,1205016,1.756596035208946
B10-BASE,offspring_pct,100,1215001,-13.097348098211846
B10-BASE,offspring_pct,100,1215002,-17.293114167431135
B10-BASE,offspring_pct,100,1215003,-11.534272453226297
B10-BASE,offspring_pct,100,1215004,-11.843254928408877
B10-BASE,offspring_pct,100,1215005,-5.399601664143139
B10-BASE,offspring_pct,100,1215006,-13.247653658421665
B10-BASE,offspring_pct,100,1215007,3.2800801300251203
B10-BASE,offspring_pct,100,1215008,-13.239588609460881
B10-BASE,offspring_pct,100,1215009,13.163969233477287
B10-BASE,offspring_pct,100,1215010,5.318537220653108
B10-BASE,offspring_pct,100,1215011,6.47241707380691
B10-BASE,offspring_pct,100,1215012,-28.888168634615745
B10-BASE,offspring_pct,100,1215013,-19.328292665732892
B10-BASE,offspring_pct,100,1215014,-12.431462543655938
B10-BASE,offspring_pct,100,1215015,11.743980588027847
B10-BASE,offspring_pct,100,1215016,-8.364083443964535
B10-BASE,a8_cost_per_call_pct,50,1205001,62.27696708047749
B10-BASE,a8_cost_per_call_pct,50,1205002,73.6656924563654
B10-BASE,a8_cost_per_call_pct,50,1205003,62.324072733410816
B10-BASE,a8_cost_per_call_pct,50,1205004,64.87784443091547
B10-BASE,a8_cost_per_call_pct,50,1205005,67.83535287624254
B10-BASE,a8_cost_per_call_pct,50,1205006,62.917005941600884
B10-BASE,a8_cost_per_call_pct,50,1205007,67.80999900656798
B10-BASE,a8_cost_per_call_pct,50,1205008,64.98315933917581
B10-BASE,a8_cost_per_call_pct,50,1205009,65.17362646506332
B10-BASE,a8_cost_per_call_pct,50,1205010,67.20047309725456
B10-BASE,a8_cost_per_call_pct,50,1205011,72.34351611393443
B10-BASE,a8_cost_per_call_pct,50,1205012,71.81391305216206
B10-BASE,a8_cost_per_call_pct,50,1205013,59.951276067462686
B10-BASE,a8_cost_per_call_pct,50,1205014,62.55220113138132
B10-BASE,a8_cost_per_call_pct,50,1205015,64.51365755812932
B10-BASE,a8_cost_per_call_pct,50,1205016,77.25834639175682
B10-BASE,a8_cost_per_call_pct,100,1215001,55.3608817641306
B10-BASE,a8_cost_per_call_pct,100,1215002,56.39222147824065
B10-BASE,a8_cost_per_call_pct,100,1215003,73.50336450161947
B10-BASE,a8_cost_per_call_pct,100,1215004,73.56632990203386
B10-BASE,a8_cost_per_call_pct,100,1215005,62.03832585513201
B10-BASE,a8_cost_per_call_pct,100,1215006,56.998869132364064
B10-BASE,a8_cost_per_call_pct,100,1215007,64.61330067442911
B10-BASE,a8_cost_per_call_pct,100,1215008,71.16806316446511
B10-BASE,a8_cost_per_call_pct,100,1215009,69.3035678818116
B10-BASE,a8_cost_per_call_pct,100,1215010,61.95021845623236
B10-BASE,a8_cost_per_call_pct,100,1215011,71.54759019467369
B10-BASE,a8_cost_per_call_pct,100,1215012,75.6199768756546
B10-BASE,a8_cost_per_call_pct,100,1215013,61.67395822132595
B10-BASE,a8_cost_per_call_pct,100,1215014,72.78502031106666
B10-BASE,a8_cost_per_call_pct,100,1215015,63.16711374770031
B10-BASE,a8_cost_per_call_pct,100,1215016,52.67299875303391
B10-BASE,a8_cost_share_pp,50,1205001,0.5335952772228125
B10-BASE,a8_cost_share_pp,50,1205002,0.4956436560750751
B10-BASE,a8_cost_share_pp,50,1205003,0.5775446549331706
B10-BASE,a8_cost_share_pp,50,1205004,0.8401950065994778
B10-BASE,a8_cost_share_pp,50,1205005,0.45773857777939947
B10-BASE,a8_cost_share_pp,50,1205006,0.3382204422565095
B10-BASE,a8_cost_share_pp,50,1205007,0.6182496016492087
B10-BASE,a8_cost_share_pp,50,1205008,0.5563791113470926
B10-BASE,a8_cost_share_pp,50,1205009,0.357287717357426
B10-BASE,a8_cost_share_pp,50,1205010,0.5656532142042101
B10-BASE,a8_cost_share_pp,50,1205011,0.62012643564426
B10-BASE,a8_cost_share_pp,50,1205012,0.5967296392801018
B10-BASE,a8_cost_share_pp,50,1205013,0.6452870427643551
B10-BASE,a8_cost_share_pp,50,1205014,0.6333520495114705
B10-BASE,a8_cost_share_pp,50,1205015,0.22668515670964234
B10-BASE,a8_cost_share_pp,50,1205016,0.5383556189135501
B10-BASE,a8_cost_share_pp,100,1215001,0.2577592447119201
B10-BASE,a8_cost_share_pp,100,1215002,0.19137525244907055
B10-BASE,a8_cost_share_pp,100,1215003,0.36134772091953726
B10-BASE,a8_cost_share_pp,100,1215004,0.19754878169466153
B10-BASE,a8_cost_share_pp,100,1215005,0.2925376140572941
B10-BASE,a8_cost_share_pp,100,1215006,0.15451701360513648
B10-BASE,a8_cost_share_pp,100,1215007,0.5307866657762057
B10-BASE,a8_cost_share_pp,100,1215008,0.4803993566433493
B10-BASE,a8_cost_share_pp,100,1215009,0.19501945127947146
B10-BASE,a8_cost_share_pp,100,1215010,0.14128000710062644
B10-BASE,a8_cost_share_pp,100,1215011,0.2989117640489025
B10-BASE,a8_cost_share_pp,100,1215012,0.5459604681872732
B10-BASE,a8_cost_share_pp,100,1215013,0.2313796183033347
B10-BASE,a8_cost_share_pp,100,1215014,0.12975225059693346
B10-BASE,a8_cost_share_pp,100,1215015,0.36030436276295064
B10-BASE,a8_cost_share_pp,100,1215016,0.14450504755906615
B10-BASE,a8_proposals_per_call_diff,50,1205001,1.5219629740084237
B10-BASE,a8_proposals_per_call_diff,50,1205002,1.3248223096174556
B10-BASE,a8_proposals_per_call_diff,50,1205003,1.1430325940034285
B10-BASE,a8_proposals_per_call_diff,50,1205004,1.7236752356330964
B10-BASE,a8_proposals_per_call_diff,50,1205005,1.0921745808621046
B10-BASE,a8_proposals_per_call_diff,50,1205006,0.444140498237627
B10-BASE,a8_proposals_per_call_diff,50,1205007,1.5744197093352386
B10-BASE,a8_proposals_per_call_diff,50,1205008,1.0419595316293837
B10-BASE,a8_proposals_per_call_diff,50,1205009,1.344552595361504
B10-BASE,a8_proposals_per_call_diff,50,1205010,1.7446881829979466
B10-BASE,a8_proposals_per_call_diff,50,1205011,1.2644987743327665
B10-BASE,a8_proposals_per_call_diff,50,1205012,1.8648479904469366
B10-BASE,a8_proposals_per_call_diff,50,1205013,1.6824262302421094
B10-BASE,a8_proposals_per_call_diff,50,1205014,1.289057797609984
B10-BASE,a8_proposals_per_call_diff,50,1205015,0.8914345599426339
B10-BASE,a8_proposals_per_call_diff,50,1205016,1.054470538895698
B10-BASE,a8_proposals_per_call_diff,100,1215001,1.3204279418061962
B10-BASE,a8_proposals_per_call_diff,100,1215002,1.140047366657111
B10-BASE,a8_proposals_per_call_diff,100,1215003,1.4770862353480894
B10-BASE,a8_proposals_per_call_diff,100,1215004,1.2361870138288755
B10-BASE,a8_proposals_per_call_diff,100,1215005,1.320208037782145
B10-BASE,a8_proposals_per_call_diff,100,1215006,0.9186500462102891
B10-BASE,a8_proposals_per_call_diff,100,1215007,1.0540331589126253
B10-BASE,a8_proposals_per_call_diff,100,1215008,1.470615330726817
B10-BASE,a8_proposals_per_call_diff,100,1215009,1.0428864640927913
B10-BASE,a8_proposals_per_call_diff,100,1215010,0.6378972119957209
B10-BASE,a8_proposals_per_call_diff,100,1215011,0.8445066941400587
B10-BASE,a8_proposals_per_call_diff,100,1215012,1.5588304876610013
B10-BASE,a8_proposals_per_call_diff,100,1215013,1.390681208854624
B10-BASE,a8_proposals_per_call_diff,100,1215014,1.5374141724472574
B10-BASE,a8_proposals_per_call_diff,100,1215015,1.5361852923146835
B10-BASE,a8_proposals_per_call_diff,100,1215016,0.6433365720622033
SEQ-BASE,hv_diff,50,1205001,0.01716940129442615
SEQ-BASE,hv_diff,50,1205002,0.03379702444002253
SEQ-BASE,hv_diff,50,1205003,0.051964283875263195
SEQ-BASE,hv_diff,50,1205004,0.0007974107836757893
SEQ-BASE,hv_diff,50,1205005,-0.0566862352173422
SEQ-BASE,hv_diff,50,1205006,0.015613681766468185
SEQ-BASE,hv_diff,50,1205007,-0.05514484114104844
SEQ-BASE,hv_diff,50,1205008,0.12243908510045806
SEQ-BASE,hv_diff,50,1205009,-0.0003049551850029253
SEQ-BASE,hv_diff,50,1205010,0.03936015393541367
SEQ-BASE,hv_diff,50,1205011,-0.015149761965070868
SEQ-BASE,hv_diff,50,1205012,0.07135608896391271
SEQ-BASE,hv_diff,50,1205013,0.07558303074303693
SEQ-BASE,hv_diff,50,1205014,0.023836799335313047
SEQ-BASE,hv_diff,50,1205015,0.08509764899137687
SEQ-BASE,hv_diff,50,1205016,0.06300681640979824
SEQ-BASE,hv_diff,100,1215001,0.054961985788530926
SEQ-BASE,hv_diff,100,1215002,0.04079329989711891
SEQ-BASE,hv_diff,100,1215003,0.007977063430899545
SEQ-BASE,hv_diff,100,1215004,0.07717816993724025
SEQ-BASE,hv_diff,100,1215005,0.04447767251037785
SEQ-BASE,hv_diff,100,1215006,0.049094502871664586
SEQ-BASE,hv_diff,100,1215007,0.027612804405746094
SEQ-BASE,hv_diff,100,1215008,0.013462501441965757
SEQ-BASE,hv_diff,100,1215009,0.029913464743888896
SEQ-BASE,hv_diff,100,1215010,0.06117882165504085
SEQ-BASE,hv_diff,100,1215011,0.0678764013860684
SEQ-BASE,hv_diff,100,1215012,0.0042732445116413775
SEQ-BASE,hv_diff,100,1215013,0.05145945302232796
SEQ-BASE,hv_diff,100,1215014,0.013255180234307024
SEQ-BASE,hv_diff,100,1215015,0.062318359725890005
SEQ-BASE,hv_diff,100,1215016,-0.0013513070716224818
SEQ-BASE,igd_plus_gain,50,1205001,-0.0018488446417413325
SEQ-BASE,igd_plus_gain,50,1205002,0.03913339461055949
SEQ-BASE,igd_plus_gain,50,1205003,0.048378084161929014
SEQ-BASE,igd_plus_gain,50,1205004,-0.021788375927060424
SEQ-BASE,igd_plus_gain,50,1205005,-0.03340736714874778
SEQ-BASE,igd_plus_gain,50,1205006,0.020008131390384674
SEQ-BASE,igd_plus_gain,50,1205007,-0.044819204289350933
SEQ-BASE,igd_plus_gain,50,1205008,0.07386077273870396
SEQ-BASE,igd_plus_gain,50,1205009,0.012661066780740351
SEQ-BASE,igd_plus_gain,50,1205010,0.01959379744993272
SEQ-BASE,igd_plus_gain,50,1205011,0.0012977180104291868
SEQ-BASE,igd_plus_gain,50,1205012,0.03588771276850643
SEQ-BASE,igd_plus_gain,50,1205013,0.0373438959200214
SEQ-BASE,igd_plus_gain,50,1205014,0.00833651426389483
SEQ-BASE,igd_plus_gain,50,1205015,0.06164513465721319
SEQ-BASE,igd_plus_gain,50,1205016,0.0248041601331458
SEQ-BASE,igd_plus_gain,100,1215001,0.023620132359755467
SEQ-BASE,igd_plus_gain,100,1215002,0.023356357506555778
SEQ-BASE,igd_plus_gain,100,1215003,0.003990273102007292
SEQ-BASE,igd_plus_gain,100,1215004,0.023353761032212088
SEQ-BASE,igd_plus_gain,100,1215005,0.02118528140158054
SEQ-BASE,igd_plus_gain,100,1215006,0.06547290619453251
SEQ-BASE,igd_plus_gain,100,1215007,0.011871697220985866
SEQ-BASE,igd_plus_gain,100,1215008,0.005196108039127295
SEQ-BASE,igd_plus_gain,100,1215009,0.018453471222090425
SEQ-BASE,igd_plus_gain,100,1215010,0.020358402823722237
SEQ-BASE,igd_plus_gain,100,1215011,0.020522846038247944
SEQ-BASE,igd_plus_gain,100,1215012,0.01708504414302104
SEQ-BASE,igd_plus_gain,100,1215013,0.03172138359644402
SEQ-BASE,igd_plus_gain,100,1215014,0.0054308739064904115
SEQ-BASE,igd_plus_gain,100,1215015,0.06648818103062892
SEQ-BASE,igd_plus_gain,100,1215016,0.007698975467668786
SEQ-BASE,hv_pct,50,1205001,1.3731017396683751
SEQ-BASE,hv_pct,50,1205002,8.083876582907381
SEQ-BASE,hv_pct,50,1205003,8.35191302116053
SEQ-BASE,hv_pct,50,1205004,0.09243821759715187
SEQ-BASE,hv_pct,50,1205005,-5.125990391839121
SEQ-BASE,hv_pct,50,1205006,2.3534561865561323
SEQ-BASE,hv_pct,50,1205007,-8.375571130402264
SEQ-BASE,hv_pct,50,1205008,17.288519946813103
SEQ-BASE,hv_pct,50,1205009,0.13821418808222807
SEQ-BASE,hv_pct,50,1205010,4.9308373949185915
SEQ-BASE,hv_pct,50,1205011,-0.8736658371342216
SEQ-BASE,hv_pct,50,1205012,10.792877075199574
SEQ-BASE,hv_pct,50,1205013,9.759729600984702
SEQ-BASE,hv_pct,50,1205014,4.08775105534221
SEQ-BASE,hv_pct,50,1205015,12.945281175009722
SEQ-BASE,hv_pct,50,1205016,8.064609374895243
SEQ-BASE,hv_pct,100,1215001,6.724667926477364
SEQ-BASE,hv_pct,100,1215002,4.806855921057429
SEQ-BASE,hv_pct,100,1215003,0.8927466888634161
SEQ-BASE,hv_pct,100,1215004,14.6417168675464
SEQ-BASE,hv_pct,100,1215005,5.486656735204584
SEQ-BASE,hv_pct,100,1215006,6.189751679699468
SEQ-BASE,hv_pct,100,1215007,3.4669697558972805
SEQ-BASE,hv_pct,100,1215008,2.592092286700194
SEQ-BASE,hv_pct,100,1215009,4.677520215282307
SEQ-BASE,hv_pct,100,1215010,9.9324344522852
SEQ-BASE,hv_pct,100,1215011,8.486781275995487
SEQ-BASE,hv_pct,100,1215012,0.7133947735135233
SEQ-BASE,hv_pct,100,1215013,6.31057538411901
SEQ-BASE,hv_pct,100,1215014,1.8217771110316248
SEQ-BASE,hv_pct,100,1215015,8.022525973916835
SEQ-BASE,hv_pct,100,1215016,0.7666861752849057
SEQ-BASE,igd_gain,50,1205001,-0.002951650015895955
SEQ-BASE,igd_gain,50,1205002,0.03814689729729185
SEQ-BASE,igd_gain,50,1205003,0.05107604513763275
SEQ-BASE,igd_gain,50,1205004,-0.015079765586071069
SEQ-BASE,igd_gain,50,1205005,-0.038865985473357595
SEQ-BASE,igd_gain,50,1205006,0.013320892838379682
SEQ-BASE,igd_gain,50,1205007,-0.044781762887018295
SEQ-BASE,igd_gain,50,1205008,0.056805237747441784
SEQ-BASE,igd_gain,50,1205009,0.0002770606919789403
SEQ-BASE,igd_gain,50,1205010,0.01862836081980933
SEQ-BASE,igd_gain,50,1205011,-0.005865467521382808
SEQ-BASE,igd_gain,50,1205012,0.047061185496954955
SEQ-BASE,igd_gain,50,1205013,0.046793391983255224
SEQ-BASE,igd_gain,50,1205014,0.023700041774573112
SEQ-BASE,igd_gain,50,1205015,0.05604656975449472
SEQ-BASE,igd_gain,50,1205016,0.02510842718078536
SEQ-BASE,igd_gain,100,1215001,0.018456261388136712
SEQ-BASE,igd_gain,100,1215002,0.014863375557319317
SEQ-BASE,igd_gain,100,1215003,0.0023575783381552147
SEQ-BASE,igd_gain,100,1215004,0.03631459084140674
SEQ-BASE,igd_gain,100,1215005,0.0180302253804619
SEQ-BASE,igd_gain,100,1215006,0.04927976931074238
SEQ-BASE,igd_gain,100,1215007,0.01974449650614647
SEQ-BASE,igd_gain,100,1215008,-0.0021099724842362153
SEQ-BASE,igd_gain,100,1215009,0.018576793134330187
SEQ-BASE,igd_gain,100,1215010,0.023998820710700253
SEQ-BASE,igd_gain,100,1215011,0.022943042189091992
SEQ-BASE,igd_gain,100,1215012,0.003728792209629534
SEQ-BASE,igd_gain,100,1215013,0.025053554221750145
SEQ-BASE,igd_gain,100,1215014,0.012940011548497693
SEQ-BASE,igd_gain,100,1215015,0.06519041102607728
SEQ-BASE,igd_gain,100,1215016,-0.001422254806513333
SEQ-BASE,coverage_net,50,1205001,-0.42629534450239814
SEQ-BASE,coverage_net,50,1205002,0.21627489246883236
SEQ-BASE,coverage_net,50,1205003,0.6945160652516129
SEQ-BASE,coverage_net,50,1205004,-0.24856053014450283
SEQ-BASE,coverage_net,50,1205005,0.2663789251900222
SEQ-BASE,coverage_net,50,1205006,0.5667199023006115
SEQ-BASE,coverage_net,50,1205007,-0.17275899803834105
SEQ-BASE,coverage_net,50,1205008,0.4362368747978904
SEQ-BASE,coverage_net,50,1205009,0.33540568343301697
SEQ-BASE,coverage_net,50,1205010,-0.048988292001022116
SEQ-BASE,coverage_net,50,1205011,-0.021143051119379058
SEQ-BASE,coverage_net,50,1205012,0.13119845630647406
SEQ-BASE,coverage_net,50,1205013,0.11086006204858452
SEQ-BASE,coverage_net,50,1205014,-0.1783059279103584
SEQ-BASE,coverage_net,50,1205015,0.4639563472903927
SEQ-BASE,coverage_net,50,1205016,0.21910030103282
SEQ-BASE,coverage_net,100,1215001,0.22341008968633735
SEQ-BASE,coverage_net,100,1215002,0.05713958886890347
SEQ-BASE,coverage_net,100,1215003,0.15843027613594737
SEQ-BASE,coverage_net,100,1215004,-0.06103148594061922
SEQ-BASE,coverage_net,100,1215005,0.28005261575598406
SEQ-BASE,coverage_net,100,1215006,0.6575287074988071
SEQ-BASE,coverage_net,100,1215007,0.2244304387329152
SEQ-BASE,coverage_net,100,1215008,-0.058319191635037515
SEQ-BASE,coverage_net,100,1215009,0.13154507759594514
SEQ-BASE,coverage_net,100,1215010,-0.12215455578093168
SEQ-BASE,coverage_net,100,1215011,0.007601829753738243
SEQ-BASE,coverage_net,100,1215012,0.30470649564981284
SEQ-BASE,coverage_net,100,1215013,0.40949363028782193
SEQ-BASE,coverage_net,100,1215014,0.20641134329943733
SEQ-BASE,coverage_net,100,1215015,0.6320695082592598
SEQ-BASE,coverage_net,100,1215016,0.03208382019210437
SEQ-BASE,flow_gain_pct,50,1205001,-0.19850947565316635
SEQ-BASE,flow_gain_pct,50,1205002,0.0
SEQ-BASE,flow_gain_pct,50,1205003,0.0
SEQ-BASE,flow_gain_pct,50,1205004,0.043252595155710005
SEQ-BASE,flow_gain_pct,50,1205005,0.0
SEQ-BASE,flow_gain_pct,50,1205006,0.11818726564556958
SEQ-BASE,flow_gain_pct,50,1205007,0.06463657731099748
SEQ-BASE,flow_gain_pct,50,1205008,-0.02234134063973381
SEQ-BASE,flow_gain_pct,50,1205009,-0.10419079257633634
SEQ-BASE,flow_gain_pct,50,1205010,0.022123893805309214
SEQ-BASE,flow_gain_pct,50,1205011,-0.3050296738592806
SEQ-BASE,flow_gain_pct,50,1205012,-0.16552870669366282
SEQ-BASE,flow_gain_pct,50,1205013,-0.08853559359467411
SEQ-BASE,flow_gain_pct,50,1205014,0.0
SEQ-BASE,flow_gain_pct,50,1205015,0.0
SEQ-BASE,flow_gain_pct,50,1205016,-0.025050100200402214
SEQ-BASE,flow_gain_pct,100,1215001,0.41352775712114875
SEQ-BASE,flow_gain_pct,100,1215002,0.01936291725364303
SEQ-BASE,flow_gain_pct,100,1215003,-0.05008012820512664
SEQ-BASE,flow_gain_pct,100,1215004,-0.7013384193193695
SEQ-BASE,flow_gain_pct,100,1215005,-0.3958229849867684
SEQ-BASE,flow_gain_pct,100,1215006,0.14564603221874917
SEQ-BASE,flow_gain_pct,100,1215007,1.062956499256179
SEQ-BASE,flow_gain_pct,100,1215008,-0.18613206739899746
SEQ-BASE,flow_gain_pct,100,1215009,-0.9386979118494565
SEQ-BASE,flow_gain_pct,100,1215010,-0.22511902518007054
SEQ-BASE,flow_gain_pct,100,1215011,-0.4914712397661142
SEQ-BASE,flow_gain_pct,100,1215012,-0.10888936715695297
SEQ-BASE,flow_gain_pct,100,1215013,-0.07373881436028573
SEQ-BASE,flow_gain_pct,100,1215014,0.3980833538163059
SEQ-BASE,flow_gain_pct,100,1215015,0.42262173642475254
SEQ-BASE,flow_gain_pct,100,1215016,0.481773897699464
SEQ-BASE,bill_gain_pct,50,1205001,2.1687634220143135
SEQ-BASE,bill_gain_pct,50,1205002,0.17301073295990532
SEQ-BASE,bill_gain_pct,50,1205003,-0.4529352341879733
SEQ-BASE,bill_gain_pct,50,1205004,1.35482494522611
SEQ-BASE,bill_gain_pct,50,1205005,-1.4049181636531878
SEQ-BASE,bill_gain_pct,50,1205006,-1.4035821446615138
SEQ-BASE,bill_gain_pct,50,1205007,-2.6750483088619017
SEQ-BASE,bill_gain_pct,50,1205008,3.2647353037846996
SEQ-BASE,bill_gain_pct,50,1205009,-4.332167841071507
SEQ-BASE,bill_gain_pct,50,1205010,-0.13777023518669052
SEQ-BASE,bill_gain_pct,50,1205011,-0.5869873280941434
SEQ-BASE,bill_gain_pct,50,1205012,3.476595839359483
SEQ-BASE,bill_gain_pct,50,1205013,3.9380654137607274
SEQ-BASE,bill_gain_pct,50,1205014,1.426163707750569
SEQ-BASE,bill_gain_pct,50,1205015,1.4603082844959563
SEQ-BASE,bill_gain_pct,50,1205016,1.7950371639350093
SEQ-BASE,bill_gain_pct,100,1215001,1.3206191210550833
SEQ-BASE,bill_gain_pct,100,1215002,0.8128629881080984
SEQ-BASE,bill_gain_pct,100,1215003,0.5906781531752919
SEQ-BASE,bill_gain_pct,100,1215004,4.907335924713053
SEQ-BASE,bill_gain_pct,100,1215005,2.1352437947965184
SEQ-BASE,bill_gain_pct,100,1215006,-2.7962527732611733
SEQ-BASE,bill_gain_pct,100,1215007,0.17272692859243155
SEQ-BASE,bill_gain_pct,100,1215008,-0.9223512783279264
SEQ-BASE,bill_gain_pct,100,1215009,0.7630172486779965
SEQ-BASE,bill_gain_pct,100,1215010,3.2359542897734794
SEQ-BASE,bill_gain_pct,100,1215011,3.324207263655188
SEQ-BASE,bill_gain_pct,100,1215012,-1.3406183788686188
SEQ-BASE,bill_gain_pct,100,1215013,0.578338356750771
SEQ-BASE,bill_gain_pct,100,1215014,0.028238197673813303
SEQ-BASE,bill_gain_pct,100,1215015,-0.21140614145144498
SEQ-BASE,bill_gain_pct,100,1215016,-1.2947625798451323
SEQ-BASE,exact_pct,50,1205001,-8.25302803656868
SEQ-BASE,exact_pct,50,1205002,-20.28604532166635
SEQ-BASE,exact_pct,50,1205003,-18.35816747558531
SEQ-BASE,exact_pct,50,1205004,-9.986364110577775
SEQ-BASE,exact_pct,50,1205005,-20.976759872746513
SEQ-BASE,exact_pct,50,1205006,-20.791256760458992
SEQ-BASE,exact_pct,50,1205007,-19.551207143982232
SEQ-BASE,exact_pct,50,1205008,-7.724222099287244
SEQ-BASE,exact_pct,50,1205009,-9.665956877431611
SEQ-BASE,exact_pct,50,1205010,-13.920912169787712
SEQ-BASE,exact_pct,50,1205011,-14.456010812606953
SEQ-BASE,exact_pct,50,1205012,-16.63687846174815
SEQ-BASE,exact_pct,50,1205013,-7.531419572264869
SEQ-BASE,exact_pct,50,1205014,-20.925485117449057
SEQ-BASE,exact_pct,50,1205015,-26.503746976754094
SEQ-BASE,exact_pct,50,1205016,-11.977544107465366
SEQ-BASE,exact_pct,100,1215001,-3.753323704816896
SEQ-BASE,exact_pct,100,1215002,-1.7084295074926288
SEQ-BASE,exact_pct,100,1215003,-5.120532644610409
SEQ-BASE,exact_pct,100,1215004,6.170354329270392
SEQ-BASE,exact_pct,100,1215005,-5.273885741931522
SEQ-BASE,exact_pct,100,1215006,-8.075279195381373
SEQ-BASE,exact_pct,100,1215007,-12.069497191811
SEQ-BASE,exact_pct,100,1215008,-11.687526962638875
SEQ-BASE,exact_pct,100,1215009,-4.249637341631926
SEQ-BASE,exact_pct,100,1215010,-0.6486374424238437
SEQ-BASE,exact_pct,100,1215011,-3.035828361480111
SEQ-BASE,exact_pct,100,1215012,-13.531347473569792
SEQ-BASE,exact_pct,100,1215013,-9.786336790126313
SEQ-BASE,exact_pct,100,1215014,-10.067241045930365
SEQ-BASE,exact_pct,100,1215015,-13.945166723392976
SEQ-BASE,exact_pct,100,1215016,-5.975720583941351
SEQ-BASE,offspring_pct,50,1205001,26.67383835456917
SEQ-BASE,offspring_pct,50,1205002,13.78478485419285
SEQ-BASE,offspring_pct,50,1205003,14.740025758923782
SEQ-BASE,offspring_pct,50,1205004,6.439925307281386
SEQ-BASE,offspring_pct,50,1205005,34.83473265339312
SEQ-BASE,offspring_pct,50,1205006,8.695662343515384
SEQ-BASE,offspring_pct,50,1205007,10.030063658523085
SEQ-BASE,offspring_pct,50,1205008,45.24975648998584
SEQ-BASE,offspring_pct,50,1205009,13.20325384618193
SEQ-BASE,offspring_pct,50,1205010,23.788004850807866
SEQ-BASE,offspring_pct,50,1205011,21.940804969423667
SEQ-BASE,offspring_pct,50,1205012,-3.0692797885645273
SEQ-BASE,offspring_pct,50,1205013,24.71592078357838
SEQ-BASE,offspring_pct,50,1205014,11.061252138636341
SEQ-BASE,offspring_pct,50,1205015,12.57478913304093
SEQ-BASE,offspring_pct,50,1205016,40.632872173063824
SEQ-BASE,offspring_pct,100,1215001,5.350614916368726
SEQ-BASE,offspring_pct,100,1215002,-3.163984512075743
SEQ-BASE,offspring_pct,100,1215003,-5.130893279480656
SEQ-BASE,offspring_pct,100,1215004,-4.0583869501612355
SEQ-BASE,offspring_pct,100,1215005,34.30840485755462
SEQ-BASE,offspring_pct,100,1215006,12.659895098951527
SEQ-BASE,offspring_pct,100,1215007,18.394810443481497
SEQ-BASE,offspring_pct,100,1215008,1.7115013626424203
SEQ-BASE,offspring_pct,100,1215009,24.47450017941941
SEQ-BASE,offspring_pct,100,1215010,3.7683678674225414
SEQ-BASE,offspring_pct,100,1215011,14.912644129465239
SEQ-BASE,offspring_pct,100,1215012,-10.173568968113909
SEQ-BASE,offspring_pct,100,1215013,-8.828082037143055
SEQ-BASE,offspring_pct,100,1215014,-5.776603300455935
SEQ-BASE,offspring_pct,100,1215015,46.75296351622051
SEQ-BASE,offspring_pct,100,1215016,-2.360595587318704
SEQ-BASE,a8_cost_per_call_pct,50,1205001,69.3110643777675
SEQ-BASE,a8_cost_per_call_pct,50,1205002,73.39781387658365
SEQ-BASE,a8_cost_per_call_pct,50,1205003,81.54359018676465
SEQ-BASE,a8_cost_per_call_pct,50,1205004,59.86173177927591
SEQ-BASE,a8_cost_per_call_pct,50,1205005,69.84275028202066
SEQ-BASE,a8_cost_per_call_pct,50,1205006,72.46143538780137
SEQ-BASE,a8_cost_per_call_pct,50,1205007,63.94944490868228
SEQ-BASE,a8_cost_per_call_pct,50,1205008,60.20922071602082
SEQ-BASE,a8_cost_per_call_pct,50,1205009,63.88507025903078
SEQ-BASE,a8_cost_per_call_pct,50,1205010,64.51646314621586
SEQ-BASE,a8_cost_per_call_pct,50,1205011,64.92815869441944
SEQ-BASE,a8_cost_per_call_pct,50,1205012,72.65916075647954
SEQ-BASE,a8_cost_per_call_pct,50,1205013,60.74104588035054
SEQ-BASE,a8_cost_per_call_pct,50,1205014,67.89461823458339
SEQ-BASE,a8_cost_per_call_pct,50,1205015,68.66184610049494
SEQ-BASE,a8_cost_per_call_pct,50,1205016,70.31736123332617
SEQ-BASE,a8_cost_per_call_pct,100,1215001,51.00785611530879
SEQ-BASE,a8_cost_per_call_pct,100,1215002,62.570987090193654
SEQ-BASE,a8_cost_per_call_pct,100,1215003,85.4018885120231
SEQ-BASE,a8_cost_per_call_pct,100,1215004,77.7697758807508
SEQ-BASE,a8_cost_per_call_pct,100,1215005,65.61599393364367
SEQ-BASE,a8_cost_per_call_pct,100,1215006,58.67166597788628
SEQ-BASE,a8_cost_per_call_pct,100,1215007,71.62488260420272
SEQ-BASE,a8_cost_per_call_pct,100,1215008,76.54656880262708
SEQ-BASE,a8_cost_per_call_pct,100,1215009,67.12190095639454
SEQ-BASE,a8_cost_per_call_pct,100,1215010,73.01145418766481
SEQ-BASE,a8_cost_per_call_pct,100,1215011,66.26968745519409
SEQ-BASE,a8_cost_per_call_pct,100,1215012,80.12053084429908
SEQ-BASE,a8_cost_per_call_pct,100,1215013,62.47863965895636
SEQ-BASE,a8_cost_per_call_pct,100,1215014,60.83646680931907
SEQ-BASE,a8_cost_per_call_pct,100,1215015,57.98496858204399
SEQ-BASE,a8_cost_per_call_pct,100,1215016,51.31575373233381
SEQ-BASE,a8_cost_share_pp,50,1205001,0.8663184899668445
SEQ-BASE,a8_cost_share_pp,50,1205002,1.6882404597608809
SEQ-BASE,a8_cost_share_pp,50,1205003,1.795412697813652
SEQ-BASE,a8_cost_share_pp,50,1205004,0.8586336170222023
SEQ-BASE,a8_cost_share_pp,50,1205005,0.803486990901888
SEQ-BASE,a8_cost_share_pp,50,1205006,1.6482546701255587
SEQ-BASE,a8_cost_share_pp,50,1205007,0.9419057748809517
SEQ-BASE,a8_cost_share_pp,50,1205008,1.060030185148263
SEQ-BASE,a8_cost_share_pp,50,1205009,0.7621478217502995
SEQ-BASE,a8_cost_share_pp,50,1205010,1.4511066972998927
SEQ-BASE,a8_cost_share_pp,50,1205011,1.1671984473788664
SEQ-BASE,a8_cost_share_pp,50,1205012,1.400603750648394
SEQ-BASE,a8_cost_share_pp,50,1205013,0.7804877927779857
SEQ-BASE,a8_cost_share_pp,50,1205014,1.9277044718503435
SEQ-BASE,a8_cost_share_pp,50,1205015,0.817190852625105
SEQ-BASE,a8_cost_share_pp,50,1205016,1.1557106899849143
SEQ-BASE,a8_cost_share_pp,100,1215001,0.5331308852815937
SEQ-BASE,a8_cost_share_pp,100,1215002,0.35902490789467795
SEQ-BASE,a8_cost_share_pp,100,1215003,0.756994526200456
SEQ-BASE,a8_cost_share_pp,100,1215004,0.4052803196831918
SEQ-BASE,a8_cost_share_pp,100,1215005,0.3743009947359466
SEQ-BASE,a8_cost_share_pp,100,1215006,0.583679024300061
SEQ-BASE,a8_cost_share_pp,100,1215007,0.8159789726243581
SEQ-BASE,a8_cost_share_pp,100,1215008,1.0979643435285062
SEQ-BASE,a8_cost_share_pp,100,1215009,0.39454226625054634
SEQ-BASE,a8_cost_share_pp,100,1215010,0.37732906790126114
SEQ-BASE,a8_cost_share_pp,100,1215011,0.5019998875843646
SEQ-BASE,a8_cost_share_pp,100,1215012,0.9051790190261166
SEQ-BASE,a8_cost_share_pp,100,1215013,0.35119128885218887
SEQ-BASE,a8_cost_share_pp,100,1215014,0.6538802683735959
SEQ-BASE,a8_cost_share_pp,100,1215015,0.4946573646993128
SEQ-BASE,a8_cost_share_pp,100,1215016,0.2549499799139521
SEQ-BASE,a8_proposals_per_call_diff,50,1205001,1.444690826087219
SEQ-BASE,a8_proposals_per_call_diff,50,1205002,1.7638491430856258
SEQ-BASE,a8_proposals_per_call_diff,50,1205003,1.1739159216048851
SEQ-BASE,a8_proposals_per_call_diff,50,1205004,1.8765442607174259
SEQ-BASE,a8_proposals_per_call_diff,50,1205005,1.4356812265887187
SEQ-BASE,a8_proposals_per_call_diff,50,1205006,1.2203206891492016
SEQ-BASE,a8_proposals_per_call_diff,50,1205007,1.4950642757229382
SEQ-BASE,a8_proposals_per_call_diff,50,1205008,1.0394898052685662
SEQ-BASE,a8_proposals_per_call_diff,50,1205009,0.8841064855836185
SEQ-BASE,a8_proposals_per_call_diff,50,1205010,1.7939585766678574
SEQ-BASE,a8_proposals_per_call_diff,50,1205011,1.1861254823654628
SEQ-BASE,a8_proposals_per_call_diff,50,1205012,1.817443860182388
SEQ-BASE,a8_proposals_per_call_diff,50,1205013,1.0296555559642364
SEQ-BASE,a8_proposals_per_call_diff,50,1205014,1.5526416754461008
SEQ-BASE,a8_proposals_per_call_diff,50,1205015,0.7622783225415524
SEQ-BASE,a8_proposals_per_call_diff,50,1205016,1.421081389481416
SEQ-BASE,a8_proposals_per_call_diff,100,1215001,1.728634870421319
SEQ-BASE,a8_proposals_per_call_diff,100,1215002,0.8997024388462235
SEQ-BASE,a8_proposals_per_call_diff,100,1215003,1.8119707928207787
SEQ-BASE,a8_proposals_per_call_diff,100,1215004,1.3038197123417161
SEQ-BASE,a8_proposals_per_call_diff,100,1215005,1.3356946558990475
SEQ-BASE,a8_proposals_per_call_diff,100,1215006,1.4984001792289123
SEQ-BASE,a8_proposals_per_call_diff,100,1215007,1.2005145336971872
SEQ-BASE,a8_proposals_per_call_diff,100,1215008,1.611488607812126
SEQ-BASE,a8_proposals_per_call_diff,100,1215009,1.5201885229322198
SEQ-BASE,a8_proposals_per_call_diff,100,1215010,0.8076132855545073
SEQ-BASE,a8_proposals_per_call_diff,100,1215011,1.2569380057017905
SEQ-BASE,a8_proposals_per_call_diff,100,1215012,1.4165509240105418
SEQ-BASE,a8_proposals_per_call_diff,100,1215013,1.007156600366024
SEQ-BASE,a8_proposals_per_call_diff,100,1215014,1.6594981786298715
SEQ-BASE,a8_proposals_per_call_diff,100,1215015,1.4305173584094366
SEQ-BASE,a8_proposals_per_call_diff,100,1215016,0.8683547895708107
A3_TOU-BASE,hv_diff,50,1205001,0.1003979237547537
A3_TOU-BASE,hv_diff,50,1205002,0.08457734468856351
A3_TOU-BASE,hv_diff,50,1205003,0.1511207782579976
A3_TOU-BASE,hv_diff,50,1205004,0.053874681302901684
A3_TOU-BASE,hv_diff,50,1205005,-0.02799917012961814
A3_TOU-BASE,hv_diff,50,1205006,0.14777687747339593
A3_TOU-BASE,hv_diff,50,1205007,0.07794928518383562
A3_TOU-BASE,hv_diff,50,1205008,0.20456550614971242
A3_TOU-BASE,hv_diff,50,1205009,-0.009759543832284612
A3_TOU-BASE,hv_diff,50,1205010,0.10355236806960039
A3_TOU-BASE,hv_diff,50,1205011,0.03670639639552056
A3_TOU-BASE,hv_diff,50,1205012,0.09641383775952317
A3_TOU-BASE,hv_diff,50,1205013,0.14693514150820297
A3_TOU-BASE,hv_diff,50,1205014,0.05652497874738033
A3_TOU-BASE,hv_diff,50,1205015,0.04940486662309296
A3_TOU-BASE,hv_diff,50,1205016,0.017622418319318267
A3_TOU-BASE,hv_diff,100,1215001,0.0709039893056963
A3_TOU-BASE,hv_diff,100,1215002,0.039897371778074064
A3_TOU-BASE,hv_diff,100,1215003,0.004654390012313575
A3_TOU-BASE,hv_diff,100,1215004,0.07414467814546993
A3_TOU-BASE,hv_diff,100,1215005,0.02848403520017906
A3_TOU-BASE,hv_diff,100,1215006,0.02162819739840277
A3_TOU-BASE,hv_diff,100,1215007,-0.0015424916565593416
A3_TOU-BASE,hv_diff,100,1215008,-0.03478226617051258
A3_TOU-BASE,hv_diff,100,1215009,0.14415520882240973
A3_TOU-BASE,hv_diff,100,1215010,0.15866300116762447
A3_TOU-BASE,hv_diff,100,1215011,0.05484159837872801
A3_TOU-BASE,hv_diff,100,1215012,0.07834697423227382
A3_TOU-BASE,hv_diff,100,1215013,-0.01419611616564756
A3_TOU-BASE,hv_diff,100,1215014,0.048915474583059504
A3_TOU-BASE,hv_diff,100,1215015,0.02278159402941088
A3_TOU-BASE,hv_diff,100,1215016,-0.06366673354864008
A3_TOU-BASE,igd_plus_gain,50,1205001,0.05081344459491375
A3_TOU-BASE,igd_plus_gain,50,1205002,0.04905484894564697
A3_TOU-BASE,igd_plus_gain,50,1205003,0.08831632941976769
A3_TOU-BASE,igd_plus_gain,50,1205004,0.012153329188958803
A3_TOU-BASE,igd_plus_gain,50,1205005,-0.017040106803674987
A3_TOU-BASE,igd_plus_gain,50,1205006,0.0865169436326138
A3_TOU-BASE,igd_plus_gain,50,1205007,0.05304111179729069
A3_TOU-BASE,igd_plus_gain,50,1205008,0.09274253426576722
A3_TOU-BASE,igd_plus_gain,50,1205009,-5.551453041418089e-05
A3_TOU-BASE,igd_plus_gain,50,1205010,0.0588214225750769
A3_TOU-BASE,igd_plus_gain,50,1205011,0.023320882766164525
A3_TOU-BASE,igd_plus_gain,50,1205012,0.06418824422652505
A3_TOU-BASE,igd_plus_gain,50,1205013,0.07142257171994959
A3_TOU-BASE,igd_plus_gain,50,1205014,0.015164919963681099
A3_TOU-BASE,igd_plus_gain,50,1205015,0.010887287244471036
A3_TOU-BASE,igd_plus_gain,50,1205016,0.022646157824358935
A3_TOU-BASE,igd_plus_gain,100,1215001,0.022511636725003933
A3_TOU-BASE,igd_plus_gain,100,1215002,0.012582995196787072
A3_TOU-BASE,igd_plus_gain,100,1215003,0.010816640946546295
A3_TOU-BASE,igd_plus_gain,100,1215004,0.02281773114641762
A3_TOU-BASE,igd_plus_gain,100,1215005,0.019475536854421382
A3_TOU-BASE,igd_plus_gain,100,1215006,0.010993620840958942
A3_TOU-BASE,igd_plus_gain,100,1215007,-0.009195757453337441
A3_TOU-BASE,igd_plus_gain,100,1215008,-0.028425585626326515
A3_TOU-BASE,igd_plus_gain,100,1215009,0.04124126149187389
A3_TOU-BASE,igd_plus_gain,100,1215010,0.059154286572660766
A3_TOU-BASE,igd_plus_gain,100,1215011,0.0289155941864798
A3_TOU-BASE,igd_plus_gain,100,1215012,0.03529417757632345
A3_TOU-BASE,igd_plus_gain,100,1215013,-0.01875284632923222
A3_TOU-BASE,igd_plus_gain,100,1215014,0.01303426916106885
A3_TOU-BASE,igd_plus_gain,100,1215015,0.011636370822674592
A3_TOU-BASE,igd_plus_gain,100,1215016,-0.038764011820522394
A3_TOU-BASE,hv_pct,50,1205001,14.158562997831192
A3_TOU-BASE,hv_pct,50,1205002,13.960689639260341
A3_TOU-BASE,hv_pct,50,1205003,24.436849485248587
A3_TOU-BASE,hv_pct,50,1205004,5.744137237170111
A3_TOU-BASE,hv_pct,50,1205005,-1.5577787769497693
A3_TOU-BASE,hv_pct,50,1205006,18.58365673101705
A3_TOU-BASE,hv_pct,50,1205007,9.97549024566311
A3_TOU-BASE,hv_pct,50,1205008,27.078717685449227
A3_TOU-BASE,hv_pct,50,1205009,-0.7655322069832802
A3_TOU-BASE,hv_pct,50,1205010,11.937293933147568
A3_TOU-BASE,hv_pct,50,1205011,4.221747524068739
A3_TOU-BASE,hv_pct,50,1205012,12.994647713575123
A3_TOU-BASE,hv_pct,50,1205013,19.18823629264095
A3_TOU-BASE,hv_pct,50,1205014,10.27132202171342
A3_TOU-BASE,hv_pct,50,1205015,7.79779451119963
A3_TOU-BASE,hv_pct,50,1205016,2.832528283088528
A3_TOU-BASE,hv_pct,100,1215001,8.135978581706894
A3_TOU-BASE,hv_pct,100,1215002,4.892031992219255
A3_TOU-BASE,hv_pct,100,1215003,0.6615934055563155
A3_TOU-BASE,hv_pct,100,1215004,15.786346291396951
A3_TOU-BASE,hv_pct,100,1215005,3.5214522826672674
A3_TOU-BASE,hv_pct,100,1215006,2.8753243470220595
A3_TOU-BASE,hv_pct,100,1215007,-0.17754170673413583
A3_TOU-BASE,hv_pct,100,1215008,-4.280659860000693
A3_TOU-BASE,hv_pct,100,1215009,19.927267007222145
A3_TOU-BASE,hv_pct,100,1215010,24.84270572682221
A3_TOU-BASE,hv_pct,100,1215011,7.782403900399454
A3_TOU-BASE,hv_pct,100,1215012,9.332669977361018
A3_TOU-BASE,hv_pct,100,1215013,-1.5892868521825252
A3_TOU-BASE,hv_pct,100,1215014,7.254657188073536
A3_TOU-BASE,hv_pct,100,1215015,3.1932265278731142
A3_TOU-BASE,hv_pct,100,1215016,-6.388019107436995
A3_TOU-BASE,igd_gain,50,1205001,0.04215397373456851
A3_TOU-BASE,igd_gain,50,1205002,0.04686846196888758
A3_TOU-BASE,igd_gain,50,1205003,0.07774863416917717
A3_TOU-BASE,igd_gain,50,1205004,0.007141978313152645
A3_TOU-BASE,igd_gain,50,1205005,-0.021639227461425187
A3_TOU-BASE,igd_gain,50,1205006,0.08137817008828874
A3_TOU-BASE,igd_gain,50,1205007,0.046137993298149535
A3_TOU-BASE,igd_gain,50,1205008,0.08728564659787644
A3_TOU-BASE,igd_gain,50,1205009,-0.001648502597475402
A3_TOU-BASE,igd_gain,50,1205010,0.05058240878504254
A3_TOU-BASE,igd_gain,50,1205011,0.019475445240353162
A3_TOU-BASE,igd_gain,50,1205012,0.05654063135967516
A3_TOU-BASE,igd_gain,50,1205013,0.08126277678043972
A3_TOU-BASE,igd_gain,50,1205014,0.027697431173108022
A3_TOU-BASE,igd_gain,50,1205015,0.003267259487417587
A3_TOU-BASE,igd_gain,50,1205016,0.023724471640467648
A3_TOU-BASE,igd_gain,100,1215001,0.026108335097561646
A3_TOU-BASE,igd_gain,100,1215002,0.015600304255207321
A3_TOU-BASE,igd_gain,100,1215003,0.005510324926635711
A3_TOU-BASE,igd_gain,100,1215004,0.019323548271045436
A3_TOU-BASE,igd_gain,100,1215005,0.023902230856823466
A3_TOU-BASE,igd_gain,100,1215006,0.007144305982916096
A3_TOU-BASE,igd_gain,100,1215007,-0.0024841831806091067
A3_TOU-BASE,igd_gain,100,1215008,-0.021716720050471684
A3_TOU-BASE,igd_gain,100,1215009,0.038912645900782264
A3_TOU-BASE,igd_gain,100,1215010,0.06344197430336498
A3_TOU-BASE,igd_gain,100,1215011,0.045510883844311
A3_TOU-BASE,igd_gain,100,1215012,0.038810213275938144
A3_TOU-BASE,igd_gain,100,1215013,-0.011052460095843132
A3_TOU-BASE,igd_gain,100,1215014,0.020608923533486107
A3_TOU-BASE,igd_gain,100,1215015,0.010426187617591464
A3_TOU-BASE,igd_gain,100,1215016,-0.045543623058066515
A3_TOU-BASE,coverage_net,50,1205001,0.3808611516124428
A3_TOU-BASE,coverage_net,50,1205002,0.3317641106723444
A3_TOU-BASE,coverage_net,50,1205003,0.40258107000634175
A3_TOU-BASE,coverage_net,50,1205004,0.18964560787482612
A3_TOU-BASE,coverage_net,50,1205005,-0.37662570542053364
A3_TOU-BASE,coverage_net,50,1205006,0.6242362525405121
A3_TOU-BASE,coverage_net,50,1205007,0.8379147474541989
A3_TOU-BASE,coverage_net,50,1205008,0.48279809452124467
A3_TOU-BASE,coverage_net,50,1205009,0.19078016930804303
A3_TOU-BASE,coverage_net,50,1205010,0.5156870802596708
A3_TOU-BASE,coverage_net,50,1205011,0.003843541988300392
A3_TOU-BASE,coverage_net,50,1205012,0.12137020901841186
A3_TOU-BASE,coverage_net,50,1205013,-0.05598530122378257
A3_TOU-BASE,coverage_net,50,1205014,0.034349433222487125
A3_TOU-BASE,coverage_net,50,1205015,-0.12150884524892314
A3_TOU-BASE,coverage_net,50,1205016,0.30097684930169577
A3_TOU-BASE,coverage_net,100,1215001,0.3618648671776031
A3_TOU-BASE,coverage_net,100,1215002,0.16385885413950865
A3_TOU-BASE,coverage_net,100,1215003,0.20828021671739905
A3_TOU-BASE,coverage_net,100,1215004,-0.06497221184474353
A3_TOU-BASE,coverage_net,100,1215005,0.4099886637497473
A3_TOU-BASE,coverage_net,100,1215006,0.23160603826572054
A3_TOU-BASE,coverage_net,100,1215007,-0.11340580173671377
A3_TOU-BASE,coverage_net,100,1215008,-0.012115602296631861
A3_TOU-BASE,coverage_net,100,1215009,0.08159540625007974
A3_TOU-BASE,coverage_net,100,1215010,0.4756331733431384
A3_TOU-BASE,coverage_net,100,1215011,0.2750055388806963
A3_TOU-BASE,coverage_net,100,1215012,0.20150898380119292
A3_TOU-BASE,coverage_net,100,1215013,-0.351020365222577
A3_TOU-BASE,coverage_net,100,1215014,0.04114555316263785
A3_TOU-BASE,coverage_net,100,1215015,-0.11709696750521979
A3_TOU-BASE,coverage_net,100,1215016,-0.08232159908239403
A3_TOU-BASE,flow_gain_pct,50,1205001,-0.06623434337803824
A3_TOU-BASE,flow_gain_pct,50,1205002,-0.048076923076922906
A3_TOU-BASE,flow_gain_pct,50,1205003,0.0
A3_TOU-BASE,flow_gain_pct,50,1205004,0.043252595155710005
A3_TOU-BASE,flow_gain_pct,50,1205005,-0.02272727272727426
A3_TOU-BASE,flow_gain_pct,50,1205006,0.18850178968250197
A3_TOU-BASE,flow_gain_pct,50,1205007,0.15091785427389925
A3_TOU-BASE,flow_gain_pct,50,1205008,-0.02234134063973381
A3_TOU-BASE,flow_gain_pct,50,1205009,0.04070906455246048
A3_TOU-BASE,flow_gain_pct,50,1205010,-0.0009016329795524802
A3_TOU-BASE,flow_gain_pct,50,1205011,-0.15312074341293225
A3_TOU-BASE,flow_gain_pct,50,1205012,0.10316940784987627
A3_TOU-BASE,flow_gain_pct,50,1205013,-0.3972751669571728
A3_TOU-BASE,flow_gain_pct,50,1205014,-0.04355400696864353
A3_TOU-BASE,flow_gain_pct,50,1205015,0.0
A3_TOU-BASE,flow_gain_pct,50,1205016,-0.05010020040079888
A3_TOU-BASE,flow_gain_pct,100,1215001,0.31847133757961776
A3_TOU-BASE,flow_gain_pct,100,1215002,-0.1668629760502527
A3_TOU-BASE,flow_gain_pct,100,1215003,0.39994018418273714
A3_TOU-BASE,flow_gain_pct,100,1215004,-0.910535449680111
A3_TOU-BASE,flow_gain_pct,100,1215005,-0.32458678010755804
A3_TOU-BASE,flow_gain_pct,100,1215006,-0.007617088873532185
A3_TOU-BASE,flow_gain_pct,100,1215007,0.25963608675784733
A3_TOU-BASE,flow_gain_pct,100,1215008,0.1274494071845378
A3_TOU-BASE,flow_gain_pct,100,1215009,-1.2822905863241307
A3_TOU-BASE,flow_gain_pct,100,1215010,-0.06439275061427552
A3_TOU-BASE,flow_gain_pct,100,1215011,-0.4796640803562069
A3_TOU-BASE,flow_gain_pct,100,1215012,-0.17457213039591135
A3_TOU-BASE,flow_gain_pct,100,1215013,-0.5333075855256858
A3_TOU-BASE,flow_gain_pct,100,1215014,0.5729736040503475
A3_TOU-BASE,flow_gain_pct,100,1215015,-0.24384290471642922
A3_TOU-BASE,flow_gain_pct,100,1215016,0.16077782699445708
A3_TOU-BASE,bill_gain_pct,50,1205001,5.1390111096601405
A3_TOU-BASE,bill_gain_pct,50,1205002,0.9038447083376673
A3_TOU-BASE,bill_gain_pct,50,1205003,2.3891137752818006
A3_TOU-BASE,bill_gain_pct,50,1205004,3.5402731205888767
A3_TOU-BASE,bill_gain_pct,50,1205005,-0.38030101337871713
A3_TOU-BASE,bill_gain_pct,50,1205006,5.962167331059751
A3_TOU-BASE,bill_gain_pct,50,1205007,1.5994285318585377
A3_TOU-BASE,bill_gain_pct,50,1205008,5.526562654010486
A3_TOU-BASE,bill_gain_pct,50,1205009,-1.975817410892569
A3_TOU-BASE,bill_gain_pct,50,1205010,0.1669116289664152
A3_TOU-BASE,bill_gain_pct,50,1205011,1.7163926438207135
A3_TOU-BASE,bill_gain_pct,50,1205012,3.95368151649684
A3_TOU-BASE,bill_gain_pct,50,1205013,7.778896071096258
A3_TOU-BASE,bill_gain_pct,50,1205014,2.9744887428869604
A3_TOU-BASE,bill_gain_pct,50,1205015,0.4270450588731989
A3_TOU-BASE,bill_gain_pct,50,1205016,0.1766111088348925
A3_TOU-BASE,bill_gain_pct,100,1215001,3.043306925339609
A3_TOU-BASE,bill_gain_pct,100,1215002,1.91506800111467
A3_TOU-BASE,bill_gain_pct,100,1215003,-0.618835353297334
A3_TOU-BASE,bill_gain_pct,100,1215004,4.179268800217583
A3_TOU-BASE,bill_gain_pct,100,1215005,0.7374539801064534
A3_TOU-BASE,bill_gain_pct,100,1215006,-0.3265653950754954
A3_TOU-BASE,bill_gain_pct,100,1215007,0.9752889325102627
A3_TOU-BASE,bill_gain_pct,100,1215008,-0.27007454021031885
A3_TOU-BASE,bill_gain_pct,100,1215009,5.510358731355922
A3_TOU-BASE,bill_gain_pct,100,1215010,7.27923520661484
A3_TOU-BASE,bill_gain_pct,100,1215011,4.060567658184314
A3_TOU-BASE,bill_gain_pct,100,1215012,2.2154850145329226
A3_TOU-BASE,bill_gain_pct,100,1215013,0.7181588532157669
A3_TOU-BASE,bill_gain_pct,100,1215014,3.280182152781938
A3_TOU-BASE,bill_gain_pct,100,1215015,2.1016513555413425
A3_TOU-BASE,bill_gain_pct,100,1215016,-0.8292552287501809
A3_TOU-BASE,exact_pct,50,1205001,1.9891027396092362
A3_TOU-BASE,exact_pct,50,1205002,2.9332384746899147
A3_TOU-BASE,exact_pct,50,1205003,5.624970305361835
A3_TOU-BASE,exact_pct,50,1205004,-3.8702454945395623
A3_TOU-BASE,exact_pct,50,1205005,-6.244536869887293
A3_TOU-BASE,exact_pct,50,1205006,-11.028801809786785
A3_TOU-BASE,exact_pct,50,1205007,-2.1397516426225094
A3_TOU-BASE,exact_pct,50,1205008,-4.645815394079128
A3_TOU-BASE,exact_pct,50,1205009,-2.2347197754382706
A3_TOU-BASE,exact_pct,50,1205010,0.8211536604599609
A3_TOU-BASE,exact_pct,50,1205011,2.187089088129682
A3_TOU-BASE,exact_pct,50,1205012,-12.549653058521148
A3_TOU-BASE,exact_pct,50,1205013,6.537464917107883
A3_TOU-BASE,exact_pct,50,1205014,-12.52188471282207
A3_TOU-BASE,exact_pct,50,1205015,-10.280173279286211
A3_TOU-BASE,exact_pct,50,1205016,10.967421322301448
A3_TOU-BASE,exact_pct,100,1215001,2.649670504518123
A3_TOU-BASE,exact_pct,100,1215002,2.7940443098542933
A3_TOU-BASE,exact_pct,100,1215003,1.7421610301495558
A3_TOU-BASE,exact_pct,100,1215004,-1.5527931297997177
A3_TOU-BASE,exact_pct,100,1215005,1.8253764436891524
A3_TOU-BASE,exact_pct,100,1215006,-3.4274839943286706
A3_TOU-BASE,exact_pct,100,1215007,-2.680046730102525
A3_TOU-BASE,exact_pct,100,1215008,-6.394811206639564
A3_TOU-BASE,exact_pct,100,1215009,1.884616650609094
A3_TOU-BASE,exact_pct,100,1215010,4.441644163151248
A3_TOU-BASE,exact_pct,100,1215011,-2.9123055314033834
A3_TOU-BASE,exact_pct,100,1215012,-6.460338885148587
A3_TOU-BASE,exact_pct,100,1215013,8.616750070738506
A3_TOU-BASE,exact_pct,100,1215014,1.0610236327723035
A3_TOU-BASE,exact_pct,100,1215015,-6.829994989237539
A3_TOU-BASE,exact_pct,100,1215016,-0.12893539029854528
A3_TOU-BASE,offspring_pct,50,1205001,20.151592178770183
A3_TOU-BASE,offspring_pct,50,1205002,0.6206286248840227
A3_TOU-BASE,offspring_pct,50,1205003,18.416664881194546
A3_TOU-BASE,offspring_pct,50,1205004,-13.923850780572248
A3_TOU-BASE,offspring_pct,50,1205005,-4.837623453465748
A3_TOU-BASE,offspring_pct,50,1205006,-10.857443495375382
A3_TOU-BASE,offspring_pct,50,1205007,-4.298573838635241
A3_TOU-BASE,offspring_pct,50,1205008,4.675706870571438
A3_TOU-BASE,offspring_pct,50,1205009,-1.8826850087323235
A3_TOU-BASE,offspring_pct,50,1205010,9.356754632247629
A3_TOU-BASE,offspring_pct,50,1205011,1.7217991959707462
A3_TOU-BASE,offspring_pct,50,1205012,-15.20832817550453
A3_TOU-BASE,offspring_pct,50,1205013,3.8467979292552723
A3_TOU-BASE,offspring_pct,50,1205014,-11.256014667327001
A3_TOU-BASE,offspring_pct,50,1205015,-3.530650601755349
A3_TOU-BASE,offspring_pct,50,1205016,15.547467202696371
A3_TOU-BASE,offspring_pct,100,1215001,-2.069851617070007
A3_TOU-BASE,offspring_pct,100,1215002,9.833471861624368
A3_TOU-BASE,offspring_pct,100,1215003,-6.834176889604068
A3_TOU-BASE,offspring_pct,100,1215004,-3.8674450228224178
A3_TOU-BASE,offspring_pct,100,1215005,31.35263562373354
A3_TOU-BASE,offspring_pct,100,1215006,-12.044590623901302
A3_TOU-BASE,offspring_pct,100,1215007,-0.6780621772029818
A3_TOU-BASE,offspring_pct,100,1215008,-11.21403903202143
A3_TOU-BASE,offspring_pct,100,1215009,8.761181264818266
A3_TOU-BASE,offspring_pct,100,1215010,4.688936533411742
A3_TOU-BASE,offspring_pct,100,1215011,-0.5992826409736585
A3_TOU-BASE,offspring_pct,100,1215012,-3.9427351413705454
A3_TOU-BASE,offspring_pct,100,1215013,-12.905290343916754
A3_TOU-BASE,offspring_pct,100,1215014,-9.047207990864013
A3_TOU-BASE,offspring_pct,100,1215015,2.1244222515949094
A3_TOU-BASE,offspring_pct,100,1215016,5.92448843390756
A3_TOU-BASE,a8_cost_per_call_pct,50,1205001,0.9828510682688858
A3_TOU-BASE,a8_cost_per_call_pct,50,1205002,7.780755111916567
A3_TOU-BASE,a8_cost_per_call_pct,50,1205003,3.2394329551532905
A3_TOU-BASE,a8_cost_per_call_pct,50,1205004,-4.610572369443023
A3_TOU-BASE,a8_cost_per_call_pct,50,1205005,-2.820953029940301
A3_TOU-BASE,a8_cost_per_call_pct,50,1205006,0.8875559084396856
A3_TOU-BASE,a8_cost_per_call_pct,50,1205007,0.2176872884062404
A3_TOU-BASE,a8_cost_per_call_pct,50,1205008,-1.000802372139506
A3_TOU-BASE,a8_cost_per_call_pct,50,1205009,1.0618351918313147
A3_TOU-BASE,a8_cost_per_call_pct,50,1205010,1.0004481999688675
A3_TOU-BASE,a8_cost_per_call_pct,50,1205011,4.357125247548235
A3_TOU-BASE,a8_cost_per_call_pct,50,1205012,4.629204319667243
A3_TOU-BASE,a8_cost_per_call_pct,50,1205013,-1.2544559836418276
A3_TOU-BASE,a8_cost_per_call_pct,50,1205014,0.41515906625461396
A3_TOU-BASE,a8_cost_per_call_pct,50,1205015,-3.475736210354241
A3_TOU-BASE,a8_cost_per_call_pct,50,1205016,4.783374122534157
A3_TOU-BASE,a8_cost_per_call_pct,100,1215001,-6.429650161725165
A3_TOU-BASE,a8_cost_per_call_pct,100,1215002,-0.5603952243413177
A3_TOU-BASE,a8_cost_per_call_pct,100,1215003,2.2944868502652565
A3_TOU-BASE,a8_cost_per_call_pct,100,1215004,12.662683709842161
A3_TOU-BASE,a8_cost_per_call_pct,100,1215005,1.8910656875055305
A3_TOU-BASE,a8_cost_per_call_pct,100,1215006,-5.987739948976793
A3_TOU-BASE,a8_cost_per_call_pct,100,1215007,-0.8426787149003496
A3_TOU-BASE,a8_cost_per_call_pct,100,1215008,4.83196904494767
A3_TOU-BASE,a8_cost_per_call_pct,100,1215009,10.039108491990403
A3_TOU-BASE,a8_cost_per_call_pct,100,1215010,4.582678045185343
A3_TOU-BASE,a8_cost_per_call_pct,100,1215011,0.2453509361234507
A3_TOU-BASE,a8_cost_per_call_pct,100,1215012,0.04255024727699264
A3_TOU-BASE,a8_cost_per_call_pct,100,1215013,0.9444321744375261
A3_TOU-BASE,a8_cost_per_call_pct,100,1215014,9.641796319436791
A3_TOU-BASE,a8_cost_per_call_pct,100,1215015,-5.00082700696802
A3_TOU-BASE,a8_cost_per_call_pct,100,1215016,-4.256735384814601
A3_TOU-BASE,a8_cost_share_pp,50,1205001,0.010660162203817804
A3_TOU-BASE,a8_cost_share_pp,50,1205002,0.11962561965300607
A3_TOU-BASE,a8_cost_share_pp,50,1205003,0.10338551987532198
A3_TOU-BASE,a8_cost_share_pp,50,1205004,-0.0720989161620075
A3_TOU-BASE,a8_cost_share_pp,50,1205005,-0.09535991524521224
A3_TOU-BASE,a8_cost_share_pp,50,1205006,0.18382090971400128
A3_TOU-BASE,a8_cost_share_pp,50,1205007,0.24085020056274403
A3_TOU-BASE,a8_cost_share_pp,50,1205008,-0.0989841062448159
A3_TOU-BASE,a8_cost_share_pp,50,1205009,0.08810753475473199
A3_TOU-BASE,a8_cost_share_pp,50,1205010,0.181061267713432
A3_TOU-BASE,a8_cost_share_pp,50,1205011,-0.10452720890763217
A3_TOU-BASE,a8_cost_share_pp,50,1205012,0.29662726465423195
A3_TOU-BASE,a8_cost_share_pp,50,1205013,0.13802097182619627
A3_TOU-BASE,a8_cost_share_pp,50,1205014,-0.0035555737690819884
A3_TOU-BASE,a8_cost_share_pp,50,1205015,-0.1637475693905473
A3_TOU-BASE,a8_cost_share_pp,50,1205016,-0.04360746306521232
A3_TOU-BASE,a8_cost_share_pp,100,1215001,0.07082177760866927
A3_TOU-BASE,a8_cost_share_pp,100,1215002,-0.09040309440024961
A3_TOU-BASE,a8_cost_share_pp,100,1215003,-0.09195394478525869
A3_TOU-BASE,a8_cost_share_pp,100,1215004,0.03305302616094637
A3_TOU-BASE,a8_cost_share_pp,100,1215005,-0.011093606454297758
A3_TOU-BASE,a8_cost_share_pp,100,1215006,-0.13855219883507933
A3_TOU-BASE,a8_cost_share_pp,100,1215007,-0.1826720184883408
A3_TOU-BASE,a8_cost_share_pp,100,1215008,0.08522952757901193
A3_TOU-BASE,a8_cost_share_pp,100,1215009,0.16357462930723046
A3_TOU-BASE,a8_cost_share_pp,100,1215010,0.04067785535870498
A3_TOU-BASE,a8_cost_share_pp,100,1215011,0.06259057854178846
A3_TOU-BASE,a8_cost_share_pp,100,1215012,-0.04919641982356518
A3_TOU-BASE,a8_cost_share_pp,100,1215013,-0.11886682285653805
A3_TOU-BASE,a8_cost_share_pp,100,1215014,-0.06091580253416442
A3_TOU-BASE,a8_cost_share_pp,100,1215015,-0.260371761099122
A3_TOU-BASE,a8_cost_share_pp,100,1215016,-0.09415082519551793
A3_TOU-BASE,a8_proposals_per_call_diff,50,1205001,0.05725558586416296
A3_TOU-BASE,a8_proposals_per_call_diff,50,1205002,0.29739410678520883
A3_TOU-BASE,a8_proposals_per_call_diff,50,1205003,0.07127823948962336
A3_TOU-BASE,a8_proposals_per_call_diff,50,1205004,0.24425299456372407
A3_TOU-BASE,a8_proposals_per_call_diff,50,1205005,0.18318424236344855
A3_TOU-BASE,a8_proposals_per_call_diff,50,1205006,0.02206503683226302
A3_TOU-BASE,a8_proposals_per_call_diff,50,1205007,0.1862838329298515
A3_TOU-BASE,a8_proposals_per_call_diff,50,1205008,-0.07560388571563498
A3_TOU-BASE,a8_proposals_per_call_diff,50,1205009,0.22824679079035315
A3_TOU-BASE,a8_proposals_per_call_diff,50,1205010,0.07923069659337989
A3_TOU-BASE,a8_proposals_per_call_diff,50,1205011,-0.4064693538048434
A3_TOU-BASE,a8_proposals_per_call_diff,50,1205012,0.6472975147980082
A3_TOU-BASE,a8_proposals_per_call_diff,50,1205013,0.23835267306972907
A3_TOU-BASE,a8_proposals_per_call_diff,50,1205014,0.1622119237266476
A3_TOU-BASE,a8_proposals_per_call_diff,50,1205015,0.19214986326655437
A3_TOU-BASE,a8_proposals_per_call_diff,50,1205016,-0.04639771913956259
A3_TOU-BASE,a8_proposals_per_call_diff,100,1215001,0.19459273503251728
A3_TOU-BASE,a8_proposals_per_call_diff,100,1215002,-0.0233734094326587
A3_TOU-BASE,a8_proposals_per_call_diff,100,1215003,-0.29977814351244775
A3_TOU-BASE,a8_proposals_per_call_diff,100,1215004,0.30364436482442536
A3_TOU-BASE,a8_proposals_per_call_diff,100,1215005,0.1056528696385165
A3_TOU-BASE,a8_proposals_per_call_diff,100,1215006,-0.325252910599638
A3_TOU-BASE,a8_proposals_per_call_diff,100,1215007,-0.3499680968735722
A3_TOU-BASE,a8_proposals_per_call_diff,100,1215008,0.24908412452722972
A3_TOU-BASE,a8_proposals_per_call_diff,100,1215009,0.26122767915729644
A3_TOU-BASE,a8_proposals_per_call_diff,100,1215010,0.06680185715107911
A3_TOU-BASE,a8_proposals_per_call_diff,100,1215011,0.12908416411008317
A3_TOU-BASE,a8_proposals_per_call_diff,100,1215012,0.1060204914802777
A3_TOU-BASE,a8_proposals_per_call_diff,100,1215013,0.03676464413749936
A3_TOU-BASE,a8_proposals_per_call_diff,100,1215014,0.2959158691059377
A3_TOU-BASE,a8_proposals_per_call_diff,100,1215015,-0.20139913775014995
A3_TOU-BASE,a8_proposals_per_call_diff,100,1215016,-0.2767970707390566
RPERM-BASE,hv_diff,50,1205001,0.06573524984357074
RPERM-BASE,hv_diff,50,1205002,0.0040132572667373745
RPERM-BASE,hv_diff,50,1205003,0.02825985328692393
RPERM-BASE,hv_diff,50,1205004,-0.010825606982829666
RPERM-BASE,hv_diff,50,1205005,0.05409834508408984
RPERM-BASE,hv_diff,50,1205006,0.08765896095474737
RPERM-BASE,hv_diff,50,1205007,-0.019456910033789798
RPERM-BASE,hv_diff,50,1205008,0.09381620201787372
RPERM-BASE,hv_diff,50,1205009,-0.016623570384879938
RPERM-BASE,hv_diff,50,1205010,-0.02357185952833471
RPERM-BASE,hv_diff,50,1205011,-0.04180645838300648
RPERM-BASE,hv_diff,50,1205012,-0.01796350340835398
RPERM-BASE,hv_diff,50,1205013,0.0928682915634573
RPERM-BASE,hv_diff,50,1205014,0.04819352495414747
RPERM-BASE,hv_diff,50,1205015,0.08295214089186348
RPERM-BASE,hv_diff,50,1205016,0.0668783198097905
RPERM-BASE,hv_diff,100,1215001,0.0021026162714499474
RPERM-BASE,hv_diff,100,1215002,-0.06501254749961186
RPERM-BASE,hv_diff,100,1215003,0.004395562523046931
RPERM-BASE,hv_diff,100,1215004,0.05983468131351774
RPERM-BASE,hv_diff,100,1215005,0.02624900613782713
RPERM-BASE,hv_diff,100,1215006,0.06098411679570337
RPERM-BASE,hv_diff,100,1215007,0.020719016978855864
RPERM-BASE,hv_diff,100,1215008,-0.008608142458371354
RPERM-BASE,hv_diff,100,1215009,0.11224563451367014
RPERM-BASE,hv_diff,100,1215010,0.022845297534762055
RPERM-BASE,hv_diff,100,1215011,0.006735407415140338
RPERM-BASE,hv_diff,100,1215012,0.015364672161943677
RPERM-BASE,hv_diff,100,1215013,-0.016781114895028926
RPERM-BASE,hv_diff,100,1215014,0.03445241286431658
RPERM-BASE,hv_diff,100,1215015,0.012392759674159703
RPERM-BASE,hv_diff,100,1215016,-0.08696053163607267
RPERM-BASE,igd_plus_gain,50,1205001,0.029364857880482327
RPERM-BASE,igd_plus_gain,50,1205002,0.009113225222062225
RPERM-BASE,igd_plus_gain,50,1205003,0.031490714793597434
RPERM-BASE,igd_plus_gain,50,1205004,-0.0056293118130784844
RPERM-BASE,igd_plus_gain,50,1205005,0.04033420883916563
RPERM-BASE,igd_plus_gain,50,1205006,0.05198975827892058
RPERM-BASE,igd_plus_gain,50,1205007,-0.00959038482389967
RPERM-BASE,igd_plus_gain,50,1205008,0.06092984217896594
RPERM-BASE,igd_plus_gain,50,1205009,0.00028512466433008
RPERM-BASE,igd_plus_gain,50,1205010,-0.014893405097464157
RPERM-BASE,igd_plus_gain,50,1205011,-0.0017865564838864655
RPERM-BASE,igd_plus_gain,50,1205012,-0.004496616738486621
RPERM-BASE,igd_plus_gain,50,1205013,0.04002581811351248
RPERM-BASE,igd_plus_gain,50,1205014,0.03260828457756895
RPERM-BASE,igd_plus_gain,50,1205015,0.05528998293814815
RPERM-BASE,igd_plus_gain,50,1205016,0.03638364950050712
RPERM-BASE,igd_plus_gain,100,1215001,0.004719745622561219
RPERM-BASE,igd_plus_gain,100,1215002,-0.009865064783388767
RPERM-BASE,igd_plus_gain,100,1215003,-0.0002593786191104862
RPERM-BASE,igd_plus_gain,100,1215004,0.01671802486861631
RPERM-BASE,igd_plus_gain,100,1215005,0.009512487319849185
RPERM-BASE,igd_plus_gain,100,1215006,0.046687018723518194
RPERM-BASE,igd_plus_gain,100,1215007,0.012593173307225796
RPERM-BASE,igd_plus_gain,100,1215008,-0.00903177670999118
RPERM-BASE,igd_plus_gain,100,1215009,0.06538328099287016
RPERM-BASE,igd_plus_gain,100,1215010,-0.008671899378459646
RPERM-BASE,igd_plus_gain,100,1215011,0.001676758894845299
RPERM-BASE,igd_plus_gain,100,1215012,0.01222380838058355
RPERM-BASE,igd_plus_gain,100,1215013,-0.004294654633470611
RPERM-BASE,igd_plus_gain,100,1215014,0.0067012765901997215
RPERM-BASE,igd_plus_gain,100,1215015,-0.009806395267925445
RPERM-BASE,igd_plus_gain,100,1215016,-0.05070897915753348
RPERM-BASE,hv_pct,50,1205001,8.495455083925362
RPERM-BASE,hv_pct,50,1205002,5.993721834435408
RPERM-BASE,hv_pct,50,1205003,5.610036988833041
RPERM-BASE,hv_pct,50,1205004,-0.9657178910861153
RPERM-BASE,hv_pct,50,1205005,7.708897113391028
RPERM-BASE,hv_pct,50,1205006,11.04315707828109
RPERM-BASE,hv_pct,50,1205007,-2.1064442569343917
RPERM-BASE,hv_pct,50,1205008,12.16188180226197
RPERM-BASE,hv_pct,50,1205009,-1.839928700556459
RPERM-BASE,hv_pct,50,1205010,-2.6190306769104303
RPERM-BASE,hv_pct,50,1205011,-3.802129869672202
RPERM-BASE,hv_pct,50,1205012,-0.9274589797428014
RPERM-BASE,hv_pct,50,1205013,11.259685650850503
RPERM-BASE,hv_pct,50,1205014,6.266379938984699
RPERM-BASE,hv_pct,50,1205015,13.223762205729964
RPERM-BASE,hv_pct,50,1205016,8.611957571598081
RPERM-BASE,hv_pct,100,1215001,0.5791657207678904
RPERM-BASE,hv_pct,100,1215002,-7.546332883886401
RPERM-BASE,hv_pct,100,1215003,1.1885588402410554
RPERM-BASE,hv_pct,100,1215004,11.563664769178352
RPERM-BASE,hv_pct,100,1215005,3.440969718512726
RPERM-BASE,hv_pct,100,1215006,7.803461663153323
RPERM-BASE,hv_pct,100,1215007,2.560636766916169
RPERM-BASE,hv_pct,100,1215008,-0.9458171310704617
RPERM-BASE,hv_pct,100,1215009,15.200491272860885
RPERM-BASE,hv_pct,100,1215010,3.4696156654300037
RPERM-BASE,hv_pct,100,1215011,2.1585293733713713
RPERM-BASE,hv_pct,100,1215012,1.98291120155015
RPERM-BASE,hv_pct,100,1215013,-2.1876376949794225
RPERM-BASE,hv_pct,100,1215014,4.747239546274392
RPERM-BASE,hv_pct,100,1215015,1.7493209044362916
RPERM-BASE,hv_pct,100,1215016,-9.047621982545117
RPERM-BASE,igd_gain,50,1205001,0.024055303974859152
RPERM-BASE,igd_gain,50,1205002,0.010249838188528024
RPERM-BASE,igd_gain,50,1205003,0.027927567823892746
RPERM-BASE,igd_gain,50,1205004,-0.011644877351103363
RPERM-BASE,igd_gain,50,1205005,0.025959579024761554
RPERM-BASE,igd_gain,50,1205006,0.05099031778235912
RPERM-BASE,igd_gain,50,1205007,-0.005796527357047894
RPERM-BASE,igd_gain,50,1205008,0.05489654299083243
RPERM-BASE,igd_gain,50,1205009,-0.009399027901624439
RPERM-BASE,igd_gain,50,1205010,-0.018455919546133702
RPERM-BASE,igd_gain,50,1205011,-0.007119580055613035
RPERM-BASE,igd_gain,50,1205012,-0.004373510611189981
RPERM-BASE,igd_gain,50,1205013,0.04857503600260045
RPERM-BASE,igd_gain,50,1205014,0.03226913811307792
RPERM-BASE,igd_gain,50,1205015,0.04791275838122094
RPERM-BASE,igd_gain,50,1205016,0.04970923940799958
RPERM-BASE,igd_gain,100,1215001,0.008565881825811698
RPERM-BASE,igd_gain,100,1215002,-0.006259637762252725
RPERM-BASE,igd_gain,100,1215003,-5.926953436047322e-05
RPERM-BASE,igd_gain,100,1215004,0.027768749459428074
RPERM-BASE,igd_gain,100,1215005,0.007024385021218365
RPERM-BASE,igd_gain,100,1215006,0.04123647584290881
RPERM-BASE,igd_gain,100,1215007,0.018727007502900076
RPERM-BASE,igd_gain,100,1215008,-0.005942555481987388
RPERM-BASE,igd_gain,100,1215009,0.05987226596091816
RPERM-BASE,igd_gain,100,1215010,-7.10814157140402e-05
RPERM-BASE,igd_gain,100,1215011,0.015967895818339916
RPERM-BASE,igd_gain,100,1215012,0.009995284898095664
RPERM-BASE,igd_gain,100,1215013,-0.01750859373047541
RPERM-BASE,igd_gain,100,1215014,0.02662660394152756
RPERM-BASE,igd_gain,100,1215015,-0.012269140625803195
RPERM-BASE,igd_gain,100,1215016,-0.05096878325421768
RPERM-BASE,coverage_net,50,1205001,-0.22181764130858966
RPERM-BASE,coverage_net,50,1205002,0.12397056482863084
RPERM-BASE,coverage_net,50,1205003,0.39376197082963826
RPERM-BASE,coverage_net,50,1205004,0.2810347774282485
RPERM-BASE,coverage_net,50,1205005,0.25682935847187316
RPERM-BASE,coverage_net,50,1205006,0.5231311273704833
RPERM-BASE,coverage_net,50,1205007,0.42296177409944763
RPERM-BASE,coverage_net,50,1205008,0.7453646254991134
RPERM-BASE,coverage_net,50,1205009,0.12376801710791975
RPERM-BASE,coverage_net,50,1205010,-0.14601604282326835
RPERM-BASE,coverage_net,50,1205011,-0.08151991300094
RPERM-BASE,coverage_net,50,1205012,-0.29957923691922006
RPERM-BASE,coverage_net,50,1205013,0.16058523950499534
RPERM-BASE,coverage_net,50,1205014,0.03074866159375926
RPERM-BASE,coverage_net,50,1205015,0.045425587514421634
RPERM-BASE,coverage_net,50,1205016,0.13990789723421304
RPERM-BASE,coverage_net,100,1215001,0.21879869890457587
RPERM-BASE,coverage_net,100,1215002,-0.17097111807420068
RPERM-BASE,coverage_net,100,1215003,0.16102112362397336
RPERM-BASE,coverage_net,100,1215004,-0.14705673950709464
RPERM-BASE,coverage_net,100,1215005,0.20621920355322468
RPERM-BASE,coverage_net,100,1215006,0.6373249109080091
RPERM-BASE,coverage_net,100,1215007,0.09264285782385118
RPERM-BASE,coverage_net,100,1215008,-0.05872706801800148
RPERM-BASE,coverage_net,100,1215009,0.6298612506029733
RPERM-BASE,coverage_net,100,1215010,-0.12219711401760663
RPERM-BASE,coverage_net,100,1215011,-0.11570323329597101
RPERM-BASE,coverage_net,100,1215012,0.025473964134219845
RPERM-BASE,coverage_net,100,1215013,-0.20455082055766846
RPERM-BASE,coverage_net,100,1215014,-0.017197983014604998
RPERM-BASE,coverage_net,100,1215015,-0.33477959748515784
RPERM-BASE,coverage_net,100,1215016,-0.24596035443180797
RPERM-BASE,flow_gain_pct,50,1205001,-0.2641825792495084
RPERM-BASE,flow_gain_pct,50,1205002,-0.048076923076922906
RPERM-BASE,flow_gain_pct,50,1205003,0.0
RPERM-BASE,flow_gain_pct,50,1205004,0.0
RPERM-BASE,flow_gain_pct,50,1205005,-0.02272727272727426
RPERM-BASE,flow_gain_pct,50,1205006,0.2136997641267374
RPERM-BASE,flow_gain_pct,50,1205007,0.15091785427389925
RPERM-BASE,flow_gain_pct,50,1205008,-0.044662769211165076
RPERM-BASE,flow_gain_pct,50,1205009,0.020148936361583103
RPERM-BASE,flow_gain_pct,50,1205010,0.19893961468897825
RPERM-BASE,flow_gain_pct,50,1205011,-0.4141051133772389
RPERM-BASE,flow_gain_pct,50,1205012,0.0825764394621259
RPERM-BASE,flow_gain_pct,50,1205013,0.08816461657455421
RPERM-BASE,flow_gain_pct,50,1205014,0.04347826086956441
RPERM-BASE,flow_gain_pct,50,1205015,0.0
RPERM-BASE,flow_gain_pct,50,1205016,0.0
RPERM-BASE,flow_gain_pct,100,1215001,0.19035532994923776
RPERM-BASE,flow_gain_pct,100,1215002,-0.009877104778666101
RPERM-BASE,flow_gain_pct,100,1215003,0.04987988778847596
RPERM-BASE,flow_gain_pct,100,1215004,-0.32943263868467354
RPERM-BASE,flow_gain_pct,100,1215005,0.09966485171029327
RPERM-BASE,flow_gain_pct,100,1215006,0.6848806583196893
RPERM-BASE,flow_gain_pct,100,1215007,-0.21233277766823655
RPERM-BASE,flow_gain_pct,100,1215008,-0.013517386748024274
RPERM-BASE,flow_gain_pct,100,1215009,0.6468698670276357
RPERM-BASE,flow_gain_pct,100,1215010,-0.27967185943369166
RPERM-BASE,flow_gain_pct,100,1215011,1.0421272436119984
RPERM-BASE,flow_gain_pct,100,1215012,-0.18494342906875683
RPERM-BASE,flow_gain_pct,100,1215013,-0.27094914057453345
RPERM-BASE,flow_gain_pct,100,1215014,0.44684548968514926
RPERM-BASE,flow_gain_pct,100,1215015,0.817889098628255
RPERM-BASE,flow_gain_pct,100,1215016,0.513125862833036
RPERM-BASE,bill_gain_pct,50,1205001,4.069429335052469
RPERM-BASE,bill_gain_pct,50,1205002,-0.5893776206602444
RPERM-BASE,bill_gain_pct,50,1205003,-0.8000780213764573
RPERM-BASE,bill_gain_pct,50,1205004,-0.3118569308778185
RPERM-BASE,bill_gain_pct,50,1205005,0.4391293343252055
RPERM-BASE,bill_gain_pct,50,1205006,2.7357054949018997
RPERM-BASE,bill_gain_pct,50,1205007,-0.9792157535667614
RPERM-BASE,bill_gain_pct,50,1205008,1.830014263957408
RPERM-BASE,bill_gain_pct,50,1205009,-3.5967045747943622
RPERM-BASE,bill_gain_pct,50,1205010,-2.0942951731452135
RPERM-BASE,bill_gain_pct,50,1205011,-2.192764108780551
RPERM-BASE,bill_gain_pct,50,1205012,-1.2239227221603755
RPERM-BASE,bill_gain_pct,50,1205013,4.948389436718218
RPERM-BASE,bill_gain_pct,50,1205014,0.9437262203405737
RPERM-BASE,bill_gain_pct,50,1205015,0.5485307370916876
RPERM-BASE,bill_gain_pct,50,1205016,2.599924715911181
RPERM-BASE,bill_gain_pct,100,1215001,0.020910006912103207
RPERM-BASE,bill_gain_pct,100,1215002,-2.37656517777331
RPERM-BASE,bill_gain_pct,100,1215003,0.3911728797646066
RPERM-BASE,bill_gain_pct,100,1215004,3.7166717208244298
RPERM-BASE,bill_gain_pct,100,1215005,0.32994373233876106
RPERM-BASE,bill_gain_pct,100,1215006,-1.2255533148245814
RPERM-BASE,bill_gain_pct,100,1215007,-0.5629656605851492
RPERM-BASE,bill_gain_pct,100,1215008,1.2704732153070135
RPERM-BASE,bill_gain_pct,100,1215009,1.796130051785883
RPERM-BASE,bill_gain_pct,100,1215010,3.8389465405735566
RPERM-BASE,bill_gain_pct,100,1215011,3.0098994808458706
RPERM-BASE,bill_gain_pct,100,1215012,-0.666666475172248
RPERM-BASE,bill_gain_pct,100,1215013,-1.0985127680079365
RPERM-BASE,bill_gain_pct,100,1215014,2.4627451317119102
RPERM-BASE,bill_gain_pct,100,1215015,0.5110613991213596
RPERM-BASE,bill_gain_pct,100,1215016,-2.583089722444348
RPERM-BASE,exact_pct,50,1205001,6.396893987994062
RPERM-BASE,exact_pct,50,1205002,3.198246872100394
RPERM-BASE,exact_pct,50,1205003,-1.8994754238182257
RPERM-BASE,exact_pct,50,1205004,4.326925666823275
RPERM-BASE,exact_pct,50,1205005,-2.504802337342851
RPERM-BASE,exact_pct,50,1205006,-5.598230692987999
RPERM-BASE,exact_pct,50,1205007,4.030054056934532
RPERM-BASE,exact_pct,50,1205008,-4.373446822648841
RPERM-BASE,exact_pct,50,1205009,9.802007022513797
RPERM-BASE,exact_pct,50,1205010,2.2165552265902972
RPERM-BASE,exact_pct,50,1205011,2.6061051507973745
RPERM-BASE,exact_pct,50,1205012,-8.358832450479353
RPERM-BASE,exact_pct,50,1205013,8.92890164607071
RPERM-BASE,exact_pct,50,1205014,-3.8171053486791617
RPERM-BASE,exact_pct,50,1205015,0.6504923812677914
RPERM-BASE,exact_pct,50,1205016,12.498261055555346
RPERM-BASE,exact_pct,100,1215001,-1.1373092827539022
RPERM-BASE,exact_pct,100,1215002,5.256443765360777
RPERM-BASE,exact_pct,100,1215003,5.7519880127489875
RPERM-BASE,exact_pct,100,1215004,5.89247111160221
RPERM-BASE,exact_pct,100,1215005,-3.7148669008506268
RPERM-BASE,exact_pct,100,1215006,-4.406101592243347
RPERM-BASE,exact_pct,100,1215007,6.000158650152347
RPERM-BASE,exact_pct,100,1215008,2.1717265691575003
RPERM-BASE,exact_pct,100,1215009,-4.291456339927352
RPERM-BASE,exact_pct,100,1215010,10.672071179313637
RPERM-BASE,exact_pct,100,1215011,-3.8044218292038856
RPERM-BASE,exact_pct,100,1215012,-9.478683189434552
RPERM-BASE,exact_pct,100,1215013,-7.24609641701093
RPERM-BASE,exact_pct,100,1215014,-2.9462879767023384
RPERM-BASE,exact_pct,100,1215015,-4.337170844827259
RPERM-BASE,exact_pct,100,1215016,4.40615843589349
RPERM-BASE,offspring_pct,50,1205001,19.387305795252757
RPERM-BASE,offspring_pct,50,1205002,-0.28183632655952007
RPERM-BASE,offspring_pct,50,1205003,-13.360202387306185
RPERM-BASE,offspring_pct,50,1205004,7.269907577421115
RPERM-BASE,offspring_pct,50,1205005,10.826232546237398
RPERM-BASE,offspring_pct,50,1205006,-16.4166071744084
RPERM-BASE,offspring_pct,50,1205007,-7.2759856494006865
RPERM-BASE,offspring_pct,50,1205008,-1.5409695204132734
RPERM-BASE,offspring_pct,50,1205009,2.805037548211234
RPERM-BASE,offspring_pct,50,1205010,12.447252620100144
RPERM-BASE,offspring_pct,50,1205011,11.27888391122101
RPERM-BASE,offspring_pct,50,1205012,-13.183800530662444
RPERM-BASE,offspring_pct,50,1205013,27.22931713305927
RPERM-BASE,offspring_pct,50,1205014,-10.269203692002808
RPERM-BASE,offspring_pct,50,1205015,10.907972165907559
RPERM-BASE,offspring_pct,50,1205016,9.199445322204872
RPERM-BASE,offspring_pct,100,1215001,-4.690923256061083
RPERM-BASE,offspring_pct,100,1215002,29.64848880624986
RPERM-BASE,offspring_pct,100,1215003,15.342821512158086
RPERM-BASE,offspring_pct,100,1215004,-2.7920777920079045
RPERM-BASE,offspring_pct,100,1215005,16.363826607820595
RPERM-BASE,offspring_pct,100,1215006,-9.336983333480969
RPERM-BASE,offspring_pct,100,1215007,2.3198812345939865
RPERM-BASE,offspring_pct,100,1215008,5.902289760288539
RPERM-BASE,offspring_pct,100,1215009,19.847036832381654
RPERM-BASE,offspring_pct,100,1215010,7.678765565155205
RPERM-BASE,offspring_pct,100,1215011,9.955300115963103
RPERM-BASE,offspring_pct,100,1215012,-21.031507463997194
RPERM-BASE,offspring_pct,100,1215013,-15.888833788568942
RPERM-BASE,offspring_pct,100,1215014,-5.350794576208143
RPERM-BASE,offspring_pct,100,1215015,-1.5267930713234126
RPERM-BASE,offspring_pct,100,1215016,11.312102833592338
RPERM-BASE,a8_cost_per_call_pct,50,1205001,3.3817231750059213
RPERM-BASE,a8_cost_per_call_pct,50,1205002,3.574787909582968
RPERM-BASE,a8_cost_per_call_pct,50,1205003,2.8590562810060893
RPERM-BASE,a8_cost_per_call_pct,50,1205004,-1.911250715069554
RPERM-BASE,a8_cost_per_call_pct,50,1205005,-0.4997671866233646
RPERM-BASE,a8_cost_per_call_pct,50,1205006,-1.289495395074863
RPERM-BASE,a8_cost_per_call_pct,50,1205007,-1.3598302942751024
RPERM-BASE,a8_cost_per_call_pct,50,1205008,-0.07272257507545954
RPERM-BASE,a8_cost_per_call_pct,50,1205009,-1.5371634360794444
RPERM-BASE,a8_cost_per_call_pct,50,1205010,0.15526697062765438
RPERM-BASE,a8_cost_per_call_pct,50,1205011,4.831917138114486
RPERM-BASE,a8_cost_per_call_pct,50,1205012,-0.07608508090957433
RPERM-BASE,a8_cost_per_call_pct,50,1205013,-8.004894362679464
RPERM-BASE,a8_cost_per_call_pct,50,1205014,0.37520223624526183
RPERM-BASE,a8_cost_per_call_pct,50,1205015,0.484344460319694
RPERM-BASE,a8_cost_per_call_pct,50,1205016,4.666991413563679
RPERM-BASE,a8_cost_per_call_pct,100,1215001,-5.3343989631538555
RPERM-BASE,a8_cost_per_call_pct,100,1215002,-7.880197551933536
RPERM-BASE,a8_cost_per_call_pct,100,1215003,-2.120204948707344
RPERM-BASE,a8_cost_per_call_pct,100,1215004,4.2504560688644
RPERM-BASE,a8_cost_per_call_pct,100,1215005,-1.2531743399708946
RPERM-BASE,a8_cost_per_call_pct,100,1215006,-4.9088479464650225
RPERM-BASE,a8_cost_per_call_pct,100,1215007,-4.367166709130257
RPERM-BASE,a8_cost_per_call_pct,100,1215008,0.07531372551356208
RPERM-BASE,a8_cost_per_call_pct,100,1215009,5.017866886038764
RPERM-BASE,a8_cost_per_call_pct,100,1215010,0.5661862471763786
RPERM-BASE,a8_cost_per_call_pct,100,1215011,-3.4074735480889684
RPERM-BASE,a8_cost_per_call_pct,100,1215012,3.526486324883563
RPERM-BASE,a8_cost_per_call_pct,100,1215013,-7.609924456989359
RPERM-BASE,a8_cost_per_call_pct,100,1215014,5.133879221824259
RPERM-BASE,a8_cost_per_call_pct,100,1215015,-3.7431730332629005
RPERM-BASE,a8_cost_per_call_pct,100,1215016,-5.1745460724917205
RPERM-BASE,a8_cost_share_pp,50,1205001,0.07673251681207144
RPERM-BASE,a8_cost_share_pp,50,1205002,0.15957270785032046
RPERM-BASE,a8_cost_share_pp,50,1205003,-0.08963219490413254
RPERM-BASE,a8_cost_share_pp,50,1205004,0.10397480968560793
RPERM-BASE,a8_cost_share_pp,50,1205005,-0.00967388282598754
RPERM-BASE,a8_cost_share_pp,50,1205006,-0.05952712595677236
RPERM-BASE,a8_cost_share_pp,50,1205007,0.06358149224726765
RPERM-BASE,a8_cost_share_pp,50,1205008,0.14941843728475945
RPERM-BASE,a8_cost_share_pp,50,1205009,-0.06892963551972928
RPERM-BASE,a8_cost_share_pp,50,1205010,0.13923749647147501
RPERM-BASE,a8_cost_share_pp,50,1205011,-0.01996903962458664
RPERM-BASE,a8_cost_share_pp,50,1205012,-0.029114194060186116
RPERM-BASE,a8_cost_share_pp,50,1205013,0.03158955530955677
RPERM-BASE,a8_cost_share_pp,50,1205014,0.13225063848552335
RPERM-BASE,a8_cost_share_pp,50,1205015,-0.3129356653251376
RPERM-BASE,a8_cost_share_pp,50,1205016,0.11815357427503326
RPERM-BASE,a8_cost_share_pp,100,1215001,-0.04531957400464028
RPERM-BASE,a8_cost_share_pp,100,1215002,-0.09002465316962813
RPERM-BASE,a8_cost_share_pp,100,1215003,-0.06577927444840316
RPERM-BASE,a8_cost_share_pp,100,1215004,0.004950584455110693
RPERM-BASE,a8_cost_share_pp,100,1215005,0.06540151511964977
RPERM-BASE,a8_cost_share_pp,100,1215006,0.06478777283630557
RPERM-BASE,a8_cost_share_pp,100,1215007,-0.05252887852245311
RPERM-BASE,a8_cost_share_pp,100,1215008,0.1539815435994833
RPERM-BASE,a8_cost_share_pp,100,1215009,0.1893822276535983
RPERM-BASE,a8_cost_share_pp,100,1215010,0.015822018226097297
RPERM-BASE,a8_cost_share_pp,100,1215011,0.0998904695062742
RPERM-BASE,a8_cost_share_pp,100,1215012,-0.009186519658652987
RPERM-BASE,a8_cost_share_pp,100,1215013,-0.3233547112884081
RPERM-BASE,a8_cost_share_pp,100,1215014,0.06375072896619409
RPERM-BASE,a8_cost_share_pp,100,1215015,-0.04949550306427869
RPERM-BASE,a8_cost_share_pp,100,1215016,-0.21217646764227524
RPERM-BASE,a8_proposals_per_call_diff,50,1205001,-0.033604227186752045
RPERM-BASE,a8_proposals_per_call_diff,50,1205002,0.055325907106488215
RPERM-BASE,a8_proposals_per_call_diff,50,1205003,0.004061485150406441
RPERM-BASE,a8_proposals_per_call_diff,50,1205004,-0.03311067482353769
RPERM-BASE,a8_proposals_per_call_diff,50,1205005,0.13399628566797306
RPERM-BASE,a8_proposals_per_call_diff,50,1205006,-0.3697763477210085
RPERM-BASE,a8_proposals_per_call_diff,50,1205007,-0.07265188083544727
RPERM-BASE,a8_proposals_per_call_diff,50,1205008,0.08237287960682022
RPERM-BASE,a8_proposals_per_call_diff,50,1205009,-0.06109795555712455
RPERM-BASE,a8_proposals_per_call_diff,50,1205010,0.38234110636882823
RPERM-BASE,a8_proposals_per_call_diff,50,1205011,-0.7258888889232417
RPERM-BASE,a8_proposals_per_call_diff,50,1205012,0.29986358095558086
RPERM-BASE,a8_proposals_per_call_diff,50,1205013,-0.16775323327042913
RPERM-BASE,a8_proposals_per_call_diff,50,1205014,0.40738686624536047
RPERM-BASE,a8_proposals_per_call_diff,50,1205015,-0.2961534818526418
RPERM-BASE,a8_proposals_per_call_diff,50,1205016,-0.0635040605221801
RPERM-BASE,a8_proposals_per_call_diff,100,1215001,0.0025652764375013737
RPERM-BASE,a8_proposals_per_call_diff,100,1215002,-0.2223349154663799
RPERM-BASE,a8_proposals_per_call_diff,100,1215003,-0.22335607052214596
RPERM-BASE,a8_proposals_per_call_diff,100,1215004,0.22293067301987407
RPERM-BASE,a8_proposals_per_call_diff,100,1215005,0.11209806464067607
RPERM-BASE,a8_proposals_per_call_diff,100,1215006,-0.1907368206648838
RPERM-BASE,a8_proposals_per_call_diff,100,1215007,-0.34199759036625477
RPERM-BASE,a8_proposals_per_call_diff,100,1215008,-0.08920025409497756
RPERM-BASE,a8_proposals_per_call_diff,100,1215009,-0.12540116014911262
RPERM-BASE,a8_proposals_per_call_diff,100,1215010,-0.16940092706833199
RPERM-BASE,a8_proposals_per_call_diff,100,1215011,0.041006216749082725
RPERM-BASE,a8_proposals_per_call_diff,100,1215012,-0.029923563995795155
RPERM-BASE,a8_proposals_per_call_diff,100,1215013,-0.3022552577380604
RPERM-BASE,a8_proposals_per_call_diff,100,1215014,0.22022372620548458
RPERM-BASE,a8_proposals_per_call_diff,100,1215015,0.12476545069521228
RPERM-BASE,a8_proposals_per_call_diff,100,1215016,-0.32020456977862516
