arm,state,action,state_calls,calls,opportunities,positive,no_candidate,accepted,reward_sum,budget_sum,effective_sum,seconds,explore,budget3,budget6,budget10,selection_probability,selection_given_available
B1,0,1,40.0,3.0,40.0,0.0,0.0,0.0,0.0,9.0,9.0,0.09209851827472448,1.0,3.0,0.0,0.0,0.075,0.075
B1,0,2,40.0,3.0,40.0,0.0,0.0,0.0,0.0,9.0,9.0,0.11157768219709396,1.0,3.0,0.0,0.0,0.075,0.075
B1,0,3,40.0,22.0,40.0,2.0,0.0,2.0,0.88595678618728,66.0,66.0,1.5097285499796271,0.0,22.0,0.0,0.0,0.55,0.55
B1,0,4,40.0,1.0,40.0,0.0,1.0,0.0,-1.0,10.0,0.0,0.017234214581549168,0.0,0.0,0.0,1.0,0.025,0.025
B1,0,5,40.0,1.0,40.0,0.0,1.0,0.0,-1.0,10.0,0.0,0.016666569747030735,0.0,0.0,0.0,1.0,0.025,0.025
B1,0,6,40.0,2.0,40.0,0.0,0.0,0.0,0.0,6.0,6.0,0.06604589521884918,0.0,2.0,0.0,0.0,0.05,0.05
B1,0,7,40.0,6.0,40.0,0.0,0.0,0.0,0.0,18.0,18.0,0.23754771705716848,1.0,6.0,0.0,0.0,0.15,0.15
B1,0,8,40.0,2.0,40.0,0.0,0.0,0.0,0.0,6.0,4.0,0.08000529278069735,0.0,2.0,0.0,0.0,0.05,0.05
B1,1,1,307.0,44.0,307.0,0.0,0.0,0.0,0.0,132.0,132.0,1.491520555689931,3.0,44.0,0.0,0.0,0.14332247557003258,0.14332247557003258
B1,1,2,307.0,53.0,307.0,1.0,0.0,1.0,2.5272829898907245,159.0,159.0,2.1357727078720927,7.0,53.0,0.0,0.0,0.17263843648208468,0.17263843648208468
B1,1,3,307.0,77.0,307.0,2.0,0.0,2.0,10.532685565084858,231.0,231.0,5.466668133623898,6.0,77.0,0.0,0.0,0.250814332247557,0.250814332247557
B1,1,4,307.0,16.0,307.0,0.0,8.0,0.0,-8.0,160.0,80.0,0.5724523980170488,8.0,0.0,0.0,16.0,0.05211726384364821,0.05211726384364821
B1,1,5,307.0,5.0,307.0,0.0,4.0,0.0,-4.0,50.0,10.0,0.12617367878556252,4.0,0.0,0.0,5.0,0.016286644951140065,0.016286644951140065
B1,1,6,307.0,57.0,307.0,0.0,0.0,0.0,0.0,570.0,570.0,3.134840833954513,6.0,0.0,0.0,57.0,0.18566775244299674,0.18566775244299674
B1,1,7,307.0,48.0,307.0,1.0,0.0,1.0,0.5152741877623833,144.0,144.0,2.1250795824453235,7.0,48.0,0.0,0.0,0.1563517915309446,0.1563517915309446
B1,1,8,307.0,7.0,307.0,0.0,4.0,0.0,-4.0,21.0,6.0,0.19349886197596788,5.0,7.0,0.0,0.0,0.02280130293159609,0.02280130293159609
B1,2,1,0.0,0.0,0.0,0.0,0.0,0.0,0.0,0.0,0.0,0.0,0.0,0.0,0.0,0.0,,
B1,2,2,0.0,0.0,0.0,0.0,0.0,0.0,0.0,0.0,0.0,0.0,0.0,0.0,0.0,0.0,,
B1,2,3,0.0,0.0,0.0,0.0,0.0,0.0,0.0,0.0,0.0,0.0,0.0,0.0,0.0,0.0,,
B1,2,4,0.0,0.0,0.0,0.0,0.0,0.0,0.0,0.0,0.0,0.0,0.0,0.0,0.0,0.0,,
B1,2,5,0.0,0.0,0.0,0.0,0.0,0.0,0.0,0.0,0.0,0.0,0.0,0.0,0.0,0.0,,
B1,2,6,0.0,0.0,0.0,0.0,0.0,0.0,0.0,0.0,0.0,0.0,0.0,0.0,0.0,0.0,,
B1,2,7,0.0,0.0,0.0,0.0,0.0,0.0,0.0,0.0,0.0,0.0,0.0,0.0,0.0,0.0,,
B1,2,8,0.0,0.0,0.0,0.0,0.0,0.0,0.0,0.0,0.0,0.0,0.0,0.0,0.0,0.0,,
B1,3,1,0.0,0.0,0.0,0.0,0.0,0.0,0.0,0.0,0.0,0.0,0.0,0.0,0.0,0.0,,
B1,3,2,0.0,0.0,0.0,0.0,0.0,0.0,0.0,0.0,0.0,0.0,0.0,0.0,0.0,0.0,,
B1,3,3,0.0,0.0,0.0,0.0,0.0,0.0,0.0,0.0,0.0,0.0,0.0,0.0,0.0,0.0,,
B1,3,4,0.0,0.0,0.0,0.0,0.0,0.0,0.0,0.0,0.0,0.0,0.0,0.0,0.0,0.0,,
B1,3,5,0.0,0.0,0.0,0.0,0.0,0.0,0.0,0.0,0.0,0.0,0.0,0.0,0.0,0.0,,
B1,3,6,0.0,0.0,0.0,0.0,0.0,0.0,0.0,0.0,0.0,0.0,0.0,0.0,0.0,0.0,,
B1,3,7,0.0,0.0,0.0,0.0,0.0,0.0,0.0,0.0,0.0,0.0,0.0,0.0,0.0,0.0,,
B1,3,8,0.0,0.0,0.0,0.0,0.0,0.0,0.0,0.0,0.0,0.0,0.0,0.0,0.0,0.0,,
B1,4,1,0.0,0.0,0.0,0.0,0.0,0.0,0.0,0.0,0.0,0.0,0.0,0.0,0.0,0.0,,
B1,4,2,0.0,0.0,0.0,0.0,0.0,0.0,0.0,0.0,0.0,0.0,0.0,0.0,0.0,0.0,,
B1,4,3,0.0,0.0,0.0,0.0,0.0,0.0,0.0,0.0,0.0,0.0,0.0,0.0,0.0,0.0,,
B1,4,4,0.0,0.0,0.0,0.0,0.0,0.0,0.0,0.0,0.0,0.0,0.0,0.0,0.0,0.0,,
B1,4,5,0.0,0.0,0.0,0.0,0.0,0.0,0.0,0.0,0.0,0.0,0.0,0.0,0.0,0.0,,
B1,4,6,0.0,0.0,0.0,0.0,0.0,0.0,0.0,0.0,0.0,0.0,0.0,0.0,0.0,0.0,,
B1,4,7,0.0,0.0,0.0,0.0,0.0,0.0,0.0,0.0,0.0,0.0,0.0,0.0,0.0,0.0,,
B1,4,8,0.0,0.0,0.0,0.0,0.0,0.0,0.0,0.0,0.0,0.0,0.0,0.0,0.0,0.0,,
B1,5,1,0.0,0.0,0.0,0.0,0.0,0.0,0.0,0.0,0.0,0.0,0.0,0.0,0.0,0.0,,
B1,5,2,0.0,0.0,0.0,0.0,0.0,0.0,0.0,0.0,0.0,0.0,0.0,0.0,0.0,0.0,,
B1,5,3,0.0,0.0,0.0,0.0,0.0,0.0,0.0,0.0,0.0,0.0,0.0,0.0,0.0,0.0,,
B1,5,4,0.0,0.0,0.0,0.0,0.0,0.0,0.0,0.0,0.0,0.0,0.0,0.0,0.0,0.0,,
B1,5,5,0.0,0.0,0.0,0.0,0.0,0.0,0.0,0.0,0.0,0.0,0.0,0.0,0.0,0.0,,
B1,5,6,0.0,0.0,0.0,0.0,0.0,0.0,0.0,0.0,0.0,0.0,0.0,0.0,0.0,0.0,,
B1,5,7,0.0,0.0,0.0,0.0,0.0,0.0,0.0,0.0,0.0,0.0,0.0,0.0,0.0,0.0,,
B1,5,8,0.0,0.0,0.0,0.0,0.0,0.0,0.0,0.0,0.0,0.0,0.0,0.0,0.0,0.0,,
B1,6,1,55.0,2.0,55.0,0.0,0.0,0.0,0.0,6.0,6.0,0.06377146765589714,1.0,2.0,0.0,0.0,0.03636363636363636,0.03636363636363636
B1,6,2,55.0,13.0,55.0,0.0,0.0,0.0,0.0,39.0,39.0,0.4963386617600918,2.0,13.0,0.0,0.0,0.23636363636363636,0.23636363636363636
B1,6,3,55.0,3.0,55.0,0.0,0.0,0.0,0.0,18.0,18.0,0.24605571758002043,1.0,0.0,3.0,0.0,0.05454545454545454,0.05454545454545454
B1,6,4,55.0,3.0,55.0,0.0,1.0,0.0,-1.0,30.0,20.0,0.13946826942265034,1.0,0.0,0.0,3.0,0.05454545454545454,0.05454545454545454
B1,6,5,55.0,28.0,55.0,1.0,1.0,1.0,0.6762676057374519,280.0,270.0,1.8303667902946472,2.0,0.0,0.0,28.0,0.509090909090909,0.509090909090909
B1,6,6,55.0,1.0,55.0,0.0,0.0,0.0,0.0,3.0,3.0,0.028206614777445793,1.0,1.0,0.0,0.0,0.01818181818181818,0.01818181818181818
B1,6,7,55.0,4.0,55.0,0.0,0.0,0.0,0.0,12.0,12.0,0.16572928987443447,1.0,4.0,0.0,0.0,0.07272727272727272,0.07272727272727272
B1,6,8,55.0,1.0,55.0,0.0,0.0,0.0,0.0,3.0,2.0,0.029494203627109528,0.0,1.0,0.0,0.0,0.01818181818181818,0.01818181818181818
B1,7,1,85.0,22.0,85.0,3.0,0.0,3.0,5.608402567644502,66.0,66.0,0.7302534757182002,2.0,22.0,0.0,0.0,0.25882352941176473,0.25882352941176473
B1,7,2,85.0,9.0,85.0,0.0,0.0,0.0,0.0,27.0,27.0,0.35315390676259995,1.0,9.0,0.0,0.0,0.10588235294117647,0.10588235294117647
B1,7,3,85.0,5.0,85.0,0.0,0.0,0.0,0.0,30.0,30.0,0.412048707716167,2.0,0.0,5.0,0.0,0.058823529411764705,0.058823529411764705
B1,7,4,85.0,2.0,85.0,0.0,1.0,0.0,-1.0,20.0,10.0,0.0816347012296319,1.0,0.0,0.0,2.0,0.023529411764705882,0.023529411764705882
B1,7,5,85.0,27.0,85.0,2.0,1.0,2.0,1.139147955744105,270.0,260.0,1.777578472159803,4.0,0.0,0.0,27.0,0.3176470588235294,0.3176470588235294
B1,7,6,85.0,11.0,85.0,0.0,0.0,0.0,0.0,110.0,110.0,0.5971677275374532,3.0,0.0,0.0,11.0,0.12941176470588237,0.12941176470588237
B1,7,7,85.0,5.0,85.0,0.0,0.0,0.0,0.0,15.0,15.0,0.2089907694607973,1.0,5.0,0.0,0.0,0.058823529411764705,0.058823529411764705
B1,7,8,85.0,4.0,85.0,0.0,1.0,0.0,-1.0,18.0,8.0,0.1427585519850254,3.0,2.0,2.0,0.0,0.047058823529411764,0.047058823529411764
B1,8,1,583.0,107.0,583.0,8.0,0.0,8.0,22.67082338021628,321.0,321.0,3.0182331642135978,12.0,107.0,0.0,0.0,0.1835334476843911,0.1835334476843911
B1,8,2,583.0,106.0,583.0,5.0,0.0,5.0,9.886030516882316,318.0,318.0,4.20734594296664,16.0,106.0,0.0,0.0,0.18181818181818182,0.18181818181818182
B1,8,3,583.0,63.0,583.0,1.0,0.0,1.0,0.5757129239252755,207.0,207.0,4.472758284769952,14.0,57.0,6.0,0.0,0.10806174957118353,0.10806174957118353
B1,8,4,583.0,120.0,583.0,2.0,3.0,2.0,7.182360423854109,1200.0,1141.0,6.835011417977512,19.0,0.0,0.0,120.0,0.2058319039451115,0.2058319039451115
B1,8,5,583.0,31.0,583.0,0.0,0.0,0.0,0.0,310.0,310.0,1.756134227849543,8.0,0.0,0.0,31.0,0.05317324185248713,0.05317324185248713
B1,8,6,583.0,92.0,583.0,0.0,0.0,0.0,0.0,276.0,276.0,2.635519349016249,19.0,92.0,0.0,0.0,0.15780445969125215,0.15780445969125215
B1,8,7,583.0,44.0,583.0,0.0,0.0,0.0,0.0,135.0,135.0,1.8747029062360525,12.0,43.0,1.0,0.0,0.07547169811320754,0.07547169811320754
B1,8,8,583.0,20.0,583.0,0.0,2.0,0.0,-2.0,69.0,38.0,0.5836755754426122,5.0,17.0,3.0,0.0,0.03430531732418525,0.03430531732418525
B1,9,1,3516.0,665.0,3516.0,13.0,0.0,13.0,24.972851790600085,1995.0,1995.0,22.238294946029782,55.0,665.0,0.0,0.0,0.1891353811149033,0.1891353811149033
B1,9,2,3516.0,836.0,3516.0,20.0,0.0,20.0,75.6297215713491,2508.0,2508.0,35.183385046198964,68.0,836.0,0.0,0.0,0.23777019340159272,0.23777019340159272
B1,9,3,3516.0,600.0,3516.0,5.0,0.0,5.0,12.596201507932804,2163.0,2163.0,44.2518689930439,61.0,479.0,121.0,0.0,0.17064846416382254,0.17064846416382254
B1,9,4,3516.0,191.0,3516.0,1.0,23.0,1.0,-20.851487428962958,1910.0,1647.0,10.969482261687517,56.0,0.0,0.0,191.0,0.054323094425483505,0.054323094425483505
B1,9,5,3516.0,184.0,3516.0,4.0,18.0,4.0,-11.734572249605858,1840.0,1660.0,11.128994247876108,56.0,0.0,0.0,184.0,0.05233219567690557,0.05233219567690557
B1,9,6,3516.0,493.0,3516.0,3.0,0.0,3.0,20.780508434332173,4930.0,4930.0,27.27492369711399,59.0,0.0,0.0,493.0,0.1402161547212742,0.1402161547212742
B1,9,7,3516.0,449.0,3516.0,1.0,0.0,1.0,0.15914516194679926,1389.0,1389.0,20.02348215971142,48.0,435.0,14.0,0.0,0.1277019340159272,0.1277019340159272
B1,9,8,3516.0,98.0,3516.0,0.0,23.0,0.0,-23.0,354.0,193.0,3.168172643519938,49.0,78.0,20.0,0.0,0.027872582480091012,0.027872582480091012
B1,10,1,55.0,5.0,55.0,0.0,0.0,0.0,0.0,15.0,15.0,0.16120422538369894,0.0,5.0,0.0,0.0,0.09090909090909091,0.09090909090909091
B1,10,2,55.0,7.0,55.0,0.0,0.0,0.0,0.0,21.0,21.0,0.27773118298500776,0.0,7.0,0.0,0.0,0.12727272727272726,0.12727272727272726
B1,10,3,55.0,4.0,55.0,0.0,0.0,0.0,0.0,12.0,12.0,0.27798665314912796,0.0,4.0,0.0,0.0,0.07272727272727272,0.07272727272727272
B1,10,4,55.0,10.0,55.0,1.0,1.0,1.0,-0.9116778458338363,100.0,90.0,0.503294630907476,2.0,0.0,0.0,10.0,0.18181818181818182,0.18181818181818182
B1,10,5,55.0,8.0,55.0,0.0,1.0,0.0,-1.0,80.0,70.0,0.4976842636242509,1.0,0.0,0.0,8.0,0.14545454545454545,0.14545454545454545
B1,10,6,55.0,5.0,55.0,0.0,0.0,0.0,0.0,15.0,15.0,0.1492352932691574,1.0,5.0,0.0,0.0,0.09090909090909091,0.09090909090909091
B1,10,7,55.0,8.0,55.0,0.0,0.0,0.0,0.0,27.0,27.0,0.3269650945439935,2.0,7.0,1.0,0.0,0.14545454545454545,0.14545454545454545
B1,10,8,55.0,8.0,55.0,0.0,1.0,0.0,-1.0,48.0,28.0,0.3450099462643266,1.0,0.0,8.0,0.0,0.14545454545454545,0.14545454545454545
B1,11,1,440.0,77.0,440.0,2.0,0.0,2.0,2.394348604596186,231.0,231.0,2.6692715836688876,7.0,77.0,0.0,0.0,0.175,0.175
B1,11,2,440.0,108.0,440.0,11.0,0.0,11.0,48.60034202683691,324.0,324.0,4.618024207651615,11.0,108.0,0.0,0.0,0.24545454545454545,0.24545454545454545
B1,11,3,440.0,51.0,440.0,1.0,0.0,1.0,1.465877491814566,153.0,153.0,3.6574965799227357,7.0,51.0,0.0,0.0,0.1159090909090909,0.1159090909090909
B1,11,4,440.0,48.0,440.0,1.0,4.0,1.0,-3.872192807171187,480.0,422.0,3.1827796949073672,7.0,0.0,0.0,48.0,0.10909090909090909,0.10909090909090909
B1,11,5,440.0,47.0,440.0,2.0,2.0,2.0,1.7050848696246348,470.0,450.0,2.931301831267774,3.0,0.0,0.0,47.0,0.10681818181818181,0.10681818181818181
B1,11,6,440.0,36.0,440.0,0.0,0.0,0.0,0.0,360.0,360.0,1.9865889297798276,4.0,0.0,0.0,36.0,0.08181818181818182,0.08181818181818182
B1,11,7,440.0,42.0,440.0,0.0,0.0,0.0,0.0,129.0,129.0,1.760909816250205,7.0,41.0,1.0,0.0,0.09545454545454546,0.09545454545454546
B1,11,8,440.0,31.0,440.0,1.0,1.0,1.0,-0.8728675438371498,186.0,143.0,1.298554559238255,6.0,0.0,31.0,0.0,0.07045454545454545,0.07045454545454545
B1,12,1,457.0,161.0,457.0,38.0,0.0,38.0,158.37196237498048,483.0,483.0,4.288921540603042,15.0,161.0,0.0,0.0,0.3522975929978118,0.3522975929978118
B1,12,2,457.0,98.0,457.0,24.0,0.0,24.0,66.88572552014763,294.0,294.0,3.373380015604198,13.0,98.0,0.0,0.0,0.21444201312910285,0.21444201312910285
B1,12,3,457.0,26.0,457.0,0.0,0.0,0.0,0.0,78.0,78.0,1.6783341094851494,19.0,26.0,0.0,0.0,0.05689277899343545,0.05689277899343545
B1,12,4,457.0,22.0,457.0,2.0,3.0,2.0,0.6903818483865747,220.0,190.0,0.9994741650298238,16.0,0.0,0.0,22.0,0.04814004376367615,0.04814004376367615
B1,12,5,457.0,34.0,457.0,5.0,2.0,5.0,6.316835787133347,340.0,320.0,1.5595980463549495,15.0,0.0,0.0,34.0,0.07439824945295405,0.07439824945295405
B1,12,6,457.0,42.0,457.0,1.0,0.0,1.0,0.9718801423488179,126.0,126.0,1.0822963956743479,14.0,42.0,0.0,0.0,0.09190371991247265,0.09190371991247265
B1,12,7,457.0,42.0,457.0,7.0,0.0,7.0,11.08379539690823,260.0,260.0,1.7744057942181826,14.0,0.0,40.0,2.0,0.09190371991247265,0.09190371991247265
B1,12,8,457.0,32.0,457.0,1.0,4.0,1.0,2.0231485983562676,117.0,82.0,0.9140344662591815,21.0,25.0,7.0,0.0,0.0700218818380744,0.0700218818380744
B1,13,1,1077.0,236.0,1077.0,31.0,0.0,31.0,87.54623891744205,708.0,708.0,6.694327248260379,35.0,236.0,0.0,0.0,0.2191272051996286,0.2191272051996286
B1,13,2,1077.0,284.0,1077.0,43.0,0.0,43.0,147.87949758602343,852.0,852.0,10.422962103039026,34.0,284.0,0.0,0.0,0.26369545032497677,0.26369545032497677
B1,13,3,1077.0,154.0,1077.0,14.0,0.0,14.0,32.90826242856178,462.0,462.0,10.276350935921073,32.0,154.0,0.0,0.0,0.14298978644382543,0.14298978644382543
B1,13,4,1077.0,89.0,1077.0,4.0,6.0,4.0,10.295566368611311,890.0,804.0,4.18265774846077,33.0,0.0,0.0,89.0,0.08263695450324977,0.08263695450324977
B1,13,5,1077.0,47.0,1077.0,3.0,7.0,3.0,-1.0875758083442344,470.0,400.0,2.1627063462510705,27.0,0.0,0.0,47.0,0.0436397400185701,0.0436397400185701
B1,13,6,1077.0,104.0,1077.0,2.0,0.0,2.0,16.136544790682017,1040.0,1040.0,5.216220587491989,29.0,0.0,0.0,104.0,0.09656453110492108,0.09656453110492108
B1,13,7,1077.0,128.0,1077.0,4.0,0.0,4.0,6.646876677548692,840.0,840.0,5.680624013766646,31.0,0.0,110.0,18.0,0.11884865366759517,0.11884865366759517
B1,13,8,1077.0,35.0,1077.0,0.0,11.0,0.0,-11.0,123.0,58.0,0.9551948793232441,24.0,29.0,6.0,0.0,0.032497678737233054,0.032497678737233054
B1,14,1,135.0,26.0,135.0,2.0,0.0,2.0,1.6807836859401175,78.0,78.0,0.7018472896888852,3.0,26.0,0.0,0.0,0.1925925925925926,0.1925925925925926
B1,14,2,135.0,37.0,135.0,1.0,0.0,1.0,0.5970272593259097,111.0,111.0,1.3443587059155107,11.0,37.0,0.0,0.0,0.2740740740740741,0.2740740740740741
B1,14,3,135.0,12.0,135.0,0.0,0.0,0.0,0.0,36.0,36.0,0.8066215757280588,2.0,12.0,0.0,0.0,0.08888888888888889,0.08888888888888889
B1,14,4,135.0,12.0,135.0,0.0,2.0,0.0,-2.0,72.0,56.0,0.40614157170057297,3.0,0.0,12.0,0.0,0.08888888888888889,0.08888888888888889
B1,14,5,135.0,16.0,135.0,2.0,1.0,2.0,0.43396231734688384,96.0,90.0,0.5976133830845356,2.0,0.0,16.0,0.0,0.11851851851851852,0.11851851851851852
B1,14,6,135.0,16.0,135.0,0.0,0.0,0.0,0.0,48.0,48.0,0.4438619250431657,4.0,16.0,0.0,0.0,0.11851851851851852,0.11851851851851852
B1,14,7,135.0,12.0,135.0,1.0,0.0,1.0,0.1364545733603629,36.0,36.0,0.4658978162333369,3.0,12.0,0.0,0.0,0.08888888888888889,0.08888888888888889
B1,14,8,135.0,4.0,135.0,0.0,3.0,0.0,-3.0,12.0,1.0,0.09673878364264965,3.0,4.0,0.0,0.0,0.02962962962962963,0.02962962962962963
B1,15,1,523.0,58.0,523.0,0.0,0.0,0.0,0.0,174.0,174.0,1.8120999988168478,10.0,58.0,0.0,0.0,0.11089866156787763,0.11089866156787763
B1,15,2,523.0,99.0,523.0,1.0,0.0,1.0,0.1800856196714691,297.0,297.0,3.865384648554027,15.0,99.0,0.0,0.0,0.18929254302103252,0.18929254302103252
B1,15,3,523.0,99.0,523.0,1.0,0.0,1.0,0.5629752722548043,297.0,297.0,6.983210220001638,10.0,99.0,0.0,0.0,0.18929254302103252,0.18929254302103252
B1,15,4,523.0,58.0,523.0,0.0,0.0,0.0,0.0,348.0,314.0,2.8378390315920115,11.0,0.0,58.0,0.0,0.11089866156787763,0.11089866156787763
B1,15,5,523.0,87.0,523.0,1.0,1.0,1.0,-0.28620998126508423,522.0,516.0,3.9062467301264405,12.0,0.0,87.0,0.0,0.16634799235181644,0.16634799235181644
B1,15,6,523.0,55.0,523.0,0.0,0.0,0.0,0.0,550.0,550.0,2.917094270698726,9.0,0.0,0.0,55.0,0.10516252390057361,0.10516252390057361
B1,15,7,523.0,59.0,523.0,0.0,0.0,0.0,0.0,177.0,177.0,2.4744163611903787,9.0,59.0,0.0,0.0,0.11281070745697896,0.11281070745697896
B1,15,8,523.0,8.0,523.0,0.0,2.0,0.0,-2.0,24.0,10.0,0.23946495167911053,6.0,8.0,0.0,0.0,0.015296367112810707,0.015296367112810707
B1,16,1,52.0,25.0,52.0,17.0,0.0,17.0,64.94212759173777,154.0,154.0,0.9999852403998375,3.0,0.0,24.0,1.0,0.4807692307692308,0.4807692307692308
B1,16,2,52.0,5.0,52.0,1.0,0.0,1.0,1.064400117266771,30.0,30.0,0.236451200209558,2.0,0.0,5.0,0.0,0.09615384615384616,0.09615384615384616
B1,16,3,52.0,15.0,52.0,2.0,0.0,2.0,14.035709592700018,45.0,45.0,1.0201743757352233,8.0,15.0,0.0,0.0,0.28846153846153844,0.28846153846153844
B1,16,4,52.0,2.0,52.0,1.0,0.0,1.0,2.3821642896111865,12.0,12.0,0.06808517780154943,0.0,0.0,2.0,0.0,0.038461538461538464,0.038461538461538464
B1,16,5,52.0,0.0,52.0,0.0,0.0,0.0,0.0,0.0,0.0,0.0,0.0,0.0,0.0,0.0,0.0,0.0
B1,16,6,52.0,1.0,52.0,0.0,0.0,0.0,0.0,3.0,3.0,0.027929567731916904,1.0,1.0,0.0,0.0,0.019230769230769232,0.019230769230769232
B1,16,7,52.0,3.0,52.0,0.0,0.0,0.0,0.0,18.0,18.0,0.12873884662985802,0.0,0.0,3.0,0.0,0.057692307692307696,0.057692307692307696
B1,16,8,52.0,1.0,52.0,0.0,1.0,0.0,-1.0,6.0,0.0,0.03423615172505379,1.0,0.0,1.0,0.0,0.019230769230769232,0.019230769230769232
B1,17,1,8.0,0.0,8.0,0.0,0.0,0.0,0.0,0.0,0.0,0.0,0.0,0.0,0.0,0.0,0.0,0.0
B1,17,2,8.0,0.0,8.0,0.0,0.0,0.0,0.0,0.0,0.0,0.0,0.0,0.0,0.0,0.0,0.0,0.0
B1,17,3,8.0,0.0,8.0,0.0,0.0,0.0,0.0,0.0,0.0,0.0,0.0,0.0,0.0,0.0,0.0,0.0
B1,17,4,8.0,3.0,8.0,2.0,0.0,2.0,4.7121721401196925,18.0,18.0,0.11624663323163986,0.0,0.0,3.0,0.0,0.375,0.375
B1,17,5,8.0,4.0,8.0,0.0,0.0,0.0,0.0,24.0,24.0,0.1573355970904231,3.0,0.0,4.0,0.0,0.5,0.5
B1,17,6,8.0,1.0,8.0,0.0,0.0,0.0,0.0,10.0,10.0,0.052497186698019505,1.0,0.0,0.0,1.0,0.125,0.125
B1,17,7,8.0,0.0,8.0,0.0,0.0,0.0,0.0,0.0,0.0,0.0,0.0,0.0,0.0,0.0,0.0,0.0
B1,17,8,8.0,0.0,8.0,0.0,0.0,0.0,0.0,0.0,0.0,0.0,0.0,0.0,0.0,0.0,0.0,0.0
B1,18,1,0.0,0.0,0.0,0.0,0.0,0.0,0.0,0.0,0.0,0.0,0.0,0.0,0.0,0.0,,
B1,18,2,0.0,0.0,0.0,0.0,0.0,0.0,0.0,0.0,0.0,0.0,0.0,0.0,0.0,0.0,,
B1,18,3,0.0,0.0,0.0,0.0,0.0,0.0,0.0,0.0,0.0,0.0,0.0,0.0,0.0,0.0,,
B1,18,4,0.0,0.0,0.0,0.0,0.0,0.0,0.0,0.0,0.0,0.0,0.0,0.0,0.0,0.0,,
B1,18,5,0.0,0.0,0.0,0.0,0.0,0.0,0.0,0.0,0.0,0.0,0.0,0.0,0.0,0.0,,
B1,18,6,0.0,0.0,0.0,0.0,0.0,0.0,0.0,0.0,0.0,0.0,0.0,0.0,0.0,0.0,,
B1,18,7,0.0,0.0,0.0,0.0,0.0,0.0,0.0,0.0,0.0,0.0,0.0,0.0,0.0,0.0,,
B1,18,8,0.0,0.0,0.0,0.0,0.0,0.0,0.0,0.0,0.0,0.0,0.0,0.0,0.0,0.0,,
B1,19,1,0.0,0.0,0.0,0.0,0.0,0.0,0.0,0.0,0.0,0.0,0.0,0.0,0.0,0.0,,
B1,19,2,0.0,0.0,0.0,0.0,0.0,0.0,0.0,0.0,0.0,0.0,0.0,0.0,0.0,0.0,,
B1,19,3,0.0,0.0,0.0,0.0,0.0,0.0,0.0,0.0,0.0,0.0,0.0,0.0,0.0,0.0,,
B1,19,4,0.0,0.0,0.0,0.0,0.0,0.0,0.0,0.0,0.0,0.0,0.0,0.0,0.0,0.0,,
B1,19,5,0.0,0.0,0.0,0.0,0.0,0.0,0.0,0.0,0.0,0.0,0.0,0.0,0.0,0.0,,
B1,19,6,0.0,0.0,0.0,0.0,0.0,0.0,0.0,0.0,0.0,0.0,0.0,0.0,0.0,0.0,,
B1,19,7,0.0,0.0,0.0,0.0,0.0,0.0,0.0,0.0,0.0,0.0,0.0,0.0,0.0,0.0,,
B1,19,8,0.0,0.0,0.0,0.0,0.0,0.0,0.0,0.0,0.0,0.0,0.0,0.0,0.0,0.0,,
B1,20,1,10.0,3.0,10.0,0.0,0.0,0.0,0.0,9.0,9.0,0.13317221216857433,1.0,3.0,0.0,0.0,0.3,0.3
B1,20,2,10.0,1.0,10.0,0.0,0.0,0.0,0.0,3.0,3.0,0.038744693621993065,0.0,1.0,0.0,0.0,0.1,0.1
B1,20,3,10.0,0.0,10.0,0.0,0.0,0.0,0.0,0.0,0.0,0.0,0.0,0.0,0.0,0.0,0.0,0.0
B1,20,4,10.0,2.0,10.0,0.0,0.0,0.0,0.0,12.0,12.0,0.10211260989308357,0.0,0.0,2.0,0.0,0.2,0.2
B1,20,5,10.0,1.0,10.0,0.0,0.0,0.0,0.0,6.0,6.0,0.0643709572032094,0.0,0.0,1.0,0.0,0.1,0.1
B1,20,6,10.0,1.0,10.0,0.0,0.0,0.0,0.0,3.0,3.0,0.029469840228557587,0.0,1.0,0.0,0.0,0.1,0.1
B1,20,7,10.0,0.0,10.0,0.0,0.0,0.0,0.0,0.0,0.0,0.0,0.0,0.0,0.0,0.0,0.0,0.0
B1,20,8,10.0,2.0,10.0,0.0,1.0,0.0,-1.0,6.0,3.0,0.07509228307753801,0.0,2.0,0.0,0.0,0.2,0.2
B1,21,1,110.0,23.0,110.0,0.0,0.0,0.0,0.0,69.0,69.0,0.9349195007234812,3.0,23.0,0.0,0.0,0.20909090909090908,0.20909090909090908
B1,21,2,110.0,14.0,110.0,0.0,0.0,0.0,0.0,42.0,42.0,0.6894308496266603,1.0,14.0,0.0,0.0,0.12727272727272726,0.12727272727272726
B1,21,3,110.0,14.0,110.0,0.0,0.0,0.0,0.0,84.0,84.0,1.2560362257063389,1.0,0.0,14.0,0.0,0.12727272727272726,0.12727272727272726
B1,21,4,110.0,15.0,110.0,0.0,0.0,0.0,0.0,90.0,90.0,0.8360008271411061,3.0,0.0,15.0,0.0,0.13636363636363635,0.13636363636363635
B1,21,5,110.0,18.0,110.0,0.0,0.0,0.0,0.0,108.0,108.0,0.9969154335558414,1.0,0.0,18.0,0.0,0.16363636363636364,0.16363636363636364
B1,21,6,110.0,12.0,110.0,0.0,0.0,0.0,0.0,120.0,120.0,0.8178331283852458,3.0,0.0,0.0,12.0,0.10909090909090909,0.10909090909090909
B1,21,7,110.0,13.0,110.0,0.0,0.0,0.0,0.0,39.0,39.0,0.7031688345596194,4.0,13.0,0.0,0.0,0.11818181818181818,0.11818181818181818
B1,21,8,110.0,1.0,110.0,0.0,1.0,0.0,-1.0,3.0,0.0,0.02488506305962801,0.0,1.0,0.0,0.0,0.00909090909090909,0.00909090909090909
B1,22,1,1163.0,157.0,1163.0,10.0,0.0,10.0,10.331515862028521,471.0,471.0,5.526523575186729,28.0,157.0,0.0,0.0,0.1349957007738607,0.1349957007738607
B1,22,2,1163.0,232.0,1163.0,24.0,0.0,24.0,39.347728282736746,708.0,708.0,8.958102328702807,27.0,228.0,4.0,0.0,0.1994840928632846,0.1994840928632846
B1,22,3,1163.0,132.0,1163.0,0.0,0.0,0.0,0.0,414.0,414.0,9.437002583406866,37.0,126.0,6.0,0.0,0.11349957007738606,0.11349957007738606
B1,22,4,1163.0,109.0,1163.0,7.0,0.0,7.0,5.839678126075417,654.0,654.0,4.954643511213362,24.0,0.0,109.0,0.0,0.0937231298366294,0.0937231298366294
B1,22,5,1163.0,204.0,1163.0,9.0,1.0,9.0,8.45552625352016,1224.0,1218.0,9.618565990589559,27.0,0.0,204.0,0.0,0.17540842648323302,0.17540842648323302
B1,22,6,1163.0,114.0,1163.0,0.0,0.0,0.0,0.0,342.0,342.0,3.449634248390794,27.0,114.0,0.0,0.0,0.09802235597592433,0.09802235597592433
B1,22,7,1163.0,194.0,1163.0,6.0,0.0,6.0,4.750601040605089,585.0,585.0,8.200117480009794,27.0,193.0,1.0,0.0,0.16680997420464316,0.16680997420464316
B1,22,8,1163.0,21.0,1163.0,0.0,7.0,0.0,-7.0,72.0,28.0,0.643691036850214,18.0,18.0,3.0,0.0,0.018056749785038694,0.018056749785038694
B1,23,1,3869.0,706.0,3869.0,17.0,0.0,17.0,16.8050457657399,2118.0,2118.0,23.57713790331036,84.0,706.0,0.0,0.0,0.18247609201344017,0.18247609201344017
B1,23,2,3869.0,624.0,3869.0,14.0,0.0,14.0,35.51673263327556,1881.0,1881.0,26.369407469406724,84.0,621.0,3.0,0.0,0.16128198500904625,0.16128198500904625
B1,23,3,3869.0,523.0,3869.0,1.0,0.0,1.0,1.3067083764577287,1752.0,1752.0,38.123724061995745,73.0,462.0,61.0,0.0,0.13517704833290256,0.13517704833290256
B1,23,4,3869.0,394.0,3869.0,7.0,1.0,7.0,8.91226843143627,2364.0,2344.0,18.659814354032278,61.0,0.0,394.0,0.0,0.10183509950891703,0.10183509950891703
B1,23,5,3869.0,468.0,3869.0,13.0,2.0,13.0,11.147389406736519,2808.0,2796.0,25.97021450381726,73.0,0.0,468.0,0.0,0.1209614887567847,0.1209614887567847
B1,23,6,3869.0,521.0,3869.0,4.0,0.0,4.0,28.92613581007779,5210.0,5210.0,29.648102617822587,77.0,0.0,0.0,521.0,0.134660118893771,0.134660118893771
B1,23,7,3869.0,569.0,3869.0,19.0,0.0,19.0,21.095484135897188,1740.0,1740.0,25.173969972878695,80.0,558.0,11.0,0.0,0.14706642543292842,0.14706642543292842
B1,23,8,3869.0,64.0,3869.0,0.0,29.0,0.0,-29.0,237.0,80.0,2.0025645503774285,53.0,49.0,15.0,0.0,0.016541742052209873,0.016541742052209873
B1,24,1,115.0,17.0,115.0,3.0,0.0,3.0,4.948173458947269,51.0,51.0,0.5037610186263919,3.0,17.0,0.0,0.0,0.14782608695652175,0.14782608695652175
B1,24,2,115.0,2.0,115.0,0.0,0.0,0.0,0.0,9.0,9.0,0.08466369193047285,2.0,1.0,1.0,0.0,0.017391304347826087,0.017391304347826087
B1,24,3,115.0,14.0,115.0,1.0,0.0,1.0,4.379562011259336,42.0,42.0,0.8940520361065865,2.0,14.0,0.0,0.0,0.12173913043478261,0.12173913043478261
B1,24,4,115.0,4.0,115.0,0.0,0.0,0.0,0.0,24.0,24.0,0.16300974879413843,3.0,0.0,4.0,0.0,0.034782608695652174,0.034782608695652174
B1,24,5,115.0,41.0,115.0,4.0,0.0,4.0,4.4654830473431675,246.0,246.0,1.7681248281151056,5.0,0.0,41.0,0.0,0.3565217391304348,0.3565217391304348
B1,24,6,115.0,21.0,115.0,2.0,0.0,2.0,7.92498678715055,63.0,63.0,0.5751069011166692,7.0,21.0,0.0,0.0,0.1826086956521739,0.1826086956521739
B1,24,7,115.0,10.0,115.0,2.0,0.0,2.0,1.7057899398204885,39.0,39.0,0.39715592190623283,0.0,7.0,3.0,0.0,0.08695652173913043,0.08695652173913043
B1,24,8,115.0,6.0,115.0,2.0,1.0,2.0,0.22595154493193048,36.0,19.0,0.23674343526363373,3.0,0.0,6.0,0.0,0.05217391304347826,0.05217391304347826
B1,25,1,260.0,52.0,260.0,5.0,0.0,5.0,4.208753043708171,156.0,156.0,1.6797124724835157,12.0,52.0,0.0,0.0,0.2,0.2
B1,25,2,260.0,34.0,260.0,1.0,0.0,1.0,0.4425458656738957,102.0,102.0,1.378309334628284,7.0,34.0,0.0,0.0,0.13076923076923078,0.13076923076923078
B1,25,3,260.0,41.0,260.0,1.0,0.0,1.0,0.3934933044864165,126.0,126.0,2.917247395031154,6.0,40.0,1.0,0.0,0.1576923076923077,0.1576923076923077
B1,25,4,260.0,25.0,260.0,0.0,0.0,0.0,0.0,150.0,150.0,1.1389512261375785,4.0,0.0,25.0,0.0,0.09615384615384616,0.09615384615384616
B1,25,5,260.0,13.0,260.0,0.0,0.0,0.0,0.0,78.0,78.0,0.5826595090329647,2.0,0.0,13.0,0.0,0.05,0.05
B1,25,6,260.0,42.0,260.0,0.0,0.0,0.0,0.0,420.0,420.0,2.372577855363488,10.0,0.0,0.0,42.0,0.16153846153846155,0.16153846153846155
B1,25,7,260.0,45.0,260.0,2.0,0.0,2.0,1.3335793991923468,135.0,135.0,1.9244723841547966,5.0,45.0,0.0,0.0,0.17307692307692307,0.17307692307692307
B1,25,8,260.0,8.0,260.0,1.0,4.0,1.0,-3.6295763497602134,48.0,19.0,0.31093283742666245,6.0,0.0,8.0,0.0,0.03076923076923077,0.03076923076923077
B1,26,1,200.0,20.0,200.0,5.0,0.0,5.0,2.9904213772749233,60.0,60.0,0.5358035741373897,2.0,20.0,0.0,0.0,0.1,0.1
B1,26,2,200.0,46.0,200.0,19.0,0.0,19.0,48.80151139542627,171.0,171.0,1.7496267156675458,5.0,35.0,11.0,0.0,0.23,0.23
B1,26,3,200.0,19.0,200.0,4.0,0.0,4.0,9.770456539527244,57.0,57.0,1.2597046056762338,3.0,19.0,0.0,0.0,0.095,0.095
B1,26,4,200.0,37.0,200.0,8.0,0.0,8.0,11.947928659163772,222.0,222.0,1.3812876399606466,6.0,0.0,37.0,0.0,0.185,0.185
B1,26,5,200.0,18.0,200.0,3.0,0.0,3.0,4.37384983943663,108.0,108.0,0.6677087806165218,8.0,0.0,18.0,0.0,0.09,0.09
B1,26,6,200.0,11.0,200.0,0.0,0.0,0.0,0.0,33.0,33.0,0.28976141940802336,9.0,11.0,0.0,0.0,0.055,0.055
B1,26,7,200.0,34.0,200.0,7.0,0.0,7.0,26.08111706333209,204.0,204.0,1.4939327025786042,9.0,0.0,34.0,0.0,0.17,0.17
B1,26,8,200.0,15.0,200.0,0.0,2.0,0.0,-2.0,48.0,21.0,0.4004619587212801,8.0,14.0,1.0,0.0,0.075,0.075
B1,27,1,170.0,29.0,170.0,7.0,0.0,7.0,30.61202333284787,87.0,87.0,0.7843561070039868,3.0,29.0,0.0,0.0,0.17058823529411765,0.17058823529411765
B1,27,2,170.0,30.0,170.0,11.0,0.0,11.0,31.237015176738044,90.0,90.0,1.0917640207335353,5.0,30.0,0.0,0.0,0.17647058823529413,0.17647058823529413
B1,27,3,170.0,15.0,170.0,2.0,0.0,2.0,1.8183089604242486,45.0,45.0,1.0141862723976374,10.0,15.0,0.0,0.0,0.08823529411764706,0.08823529411764706
B1,27,4,170.0,33.0,170.0,7.0,0.0,7.0,15.75670807626945,198.0,198.0,1.238054072484374,5.0,0.0,33.0,0.0,0.19411764705882353,0.19411764705882353
B1,27,5,170.0,16.0,170.0,2.0,0.0,2.0,8.192290841432364,96.0,96.0,0.627041638828814,5.0,0.0,16.0,0.0,0.09411764705882353,0.09411764705882353
B1,27,6,170.0,33.0,170.0,4.0,0.0,4.0,23.283576510044426,330.0,330.0,1.807554746977985,9.0,0.0,0.0,33.0,0.19411764705882353,0.19411764705882353
B1,27,7,170.0,8.0,170.0,1.0,0.0,1.0,3.812900543305969,48.0,48.0,0.35212815925478935,3.0,0.0,8.0,0.0,0.047058823529411764,0.047058823529411764
B1,27,8,170.0,6.0,170.0,0.0,5.0,0.0,-5.0,18.0,1.0,0.14583646971732378,3.0,6.0,0.0,0.0,0.03529411764705882,0.03529411764705882
B1,28,1,90.0,17.0,90.0,1.0,0.0,1.0,0.17275479362116838,51.0,51.0,0.5041013834998012,3.0,17.0,0.0,0.0,0.18888888888888888,0.18888888888888888
B1,28,2,90.0,6.0,90.0,0.0,0.0,0.0,0.0,18.0,18.0,0.21488722786307335,2.0,6.0,0.0,0.0,0.06666666666666667,0.06666666666666667
B1,28,3,90.0,5.0,90.0,0.0,0.0,0.0,0.0,15.0,15.0,0.33959667291492224,5.0,5.0,0.0,0.0,0.05555555555555555,0.05555555555555555
B1,28,4,90.0,29.0,90.0,1.0,0.0,1.0,1.9858845662019127,87.0,87.0,0.8968358719721437,2.0,29.0,0.0,0.0,0.32222222222222224,0.32222222222222224
B1,28,5,90.0,10.0,90.0,0.0,0.0,0.0,0.0,30.0,30.0,0.2927952976897359,3.0,10.0,0.0,0.0,0.1111111111111111,0.1111111111111111
B1,28,6,90.0,10.0,90.0,0.0,0.0,0.0,0.0,30.0,30.0,0.2946040816605091,3.0,10.0,0.0,0.0,0.1111111111111111,0.1111111111111111
B1,28,7,90.0,9.0,90.0,0.0,0.0,0.0,0.0,27.0,27.0,0.3499864228069782,2.0,9.0,0.0,0.0,0.1,0.1
B1,28,8,90.0,4.0,90.0,0.0,3.0,0.0,-3.0,12.0,1.0,0.1168345594778657,2.0,4.0,0.0,0.0,0.044444444444444446,0.044444444444444446
B1,29,1,161.0,19.0,161.0,0.0,0.0,0.0,0.0,57.0,57.0,0.6155357100069523,4.0,19.0,0.0,0.0,0.11801242236024845,0.11801242236024845
B1,29,2,161.0,27.0,161.0,5.0,0.0,5.0,27.265429656754797,81.0,81.0,1.078272981569171,3.0,27.0,0.0,0.0,0.16770186335403728,0.16770186335403728
B1,29,3,161.0,36.0,161.0,1.0,0.0,1.0,10.0,108.0,108.0,2.427555715665221,6.0,36.0,0.0,0.0,0.2236024844720497,0.2236024844720497
B1,29,4,161.0,10.0,161.0,0.0,0.0,0.0,0.0,30.0,30.0,0.3166123004630208,6.0,10.0,0.0,0.0,0.062111801242236024,0.062111801242236024
B1,29,5,161.0,9.0,161.0,0.0,0.0,0.0,0.0,27.0,27.0,0.27872263733297586,3.0,9.0,0.0,0.0,0.055900621118012424,0.055900621118012424
B1,29,6,161.0,10.0,161.0,0.0,0.0,0.0,0.0,100.0,100.0,0.5378369931131601,8.0,0.0,0.0,10.0,0.062111801242236024,0.062111801242236024
B1,29,7,161.0,43.0,161.0,4.0,0.0,4.0,32.92969447916131,129.0,129.0,1.850804983638227,5.0,43.0,0.0,0.0,0.2670807453416149,0.2670807453416149
B1,29,8,161.0,7.0,161.0,0.0,2.0,0.0,-2.0,21.0,9.0,0.19510567374527454,2.0,7.0,0.0,0.0,0.043478260869565216,0.043478260869565216
B1,30,1,276.0,67.0,276.0,44.0,0.0,44.0,224.31010728860306,530.0,530.0,3.3502822937443852,8.0,0.0,35.0,32.0,0.2427536231884058,0.2427536231884058
B1,30,2,276.0,66.0,276.0,11.0,0.0,11.0,77.48303416391441,528.0,528.0,3.7683346420526505,9.0,0.0,33.0,33.0,0.2391304347826087,0.2391304347826087
B1,30,3,276.0,45.0,276.0,6.0,0.0,6.0,26.095824149730078,150.0,150.0,3.12031726911664,10.0,40.0,5.0,0.0,0.16304347826086957,0.16304347826086957
B1,30,4,276.0,13.0,276.0,1.0,0.0,1.0,1.0489510395883066,39.0,39.0,0.40168613102287054,12.0,13.0,0.0,0.0,0.04710144927536232,0.04710144927536232
B1,30,5,276.0,23.0,276.0,5.0,0.0,5.0,21.93882196023039,69.0,69.0,0.6919080261141062,8.0,23.0,0.0,0.0,0.08333333333333333,0.08333333333333333
B1,30,6,276.0,10.0,276.0,0.0,0.0,0.0,0.0,30.0,30.0,0.2929985588416457,7.0,10.0,0.0,0.0,0.036231884057971016,0.036231884057971016
B1,30,7,276.0,29.0,276.0,10.0,0.0,10.0,73.27405677329553,96.0,96.0,1.3650072887539864,8.0,26.0,3.0,0.0,0.10507246376811594,0.10507246376811594
B1,30,8,276.0,23.0,276.0,6.0,9.0,6.0,17.59133338991773,87.0,39.0,0.7093237889930606,12.0,17.0,6.0,0.0,0.08333333333333333,0.08333333333333333
B1,31,1,320.0,60.0,320.0,11.0,0.0,11.0,51.762906128263836,388.0,388.0,3.064691172912717,12.0,0.0,53.0,7.0,0.1875,0.1875
B1,31,2,320.0,38.0,320.0,5.0,0.0,5.0,30.873997782458197,256.0,256.0,2.1071616364642978,5.0,0.0,31.0,7.0,0.11875,0.11875
B1,31,3,320.0,12.0,320.0,0.0,0.0,0.0,0.0,45.0,45.0,0.8756431099027395,8.0,9.0,3.0,0.0,0.0375,0.0375
B1,31,4,320.0,40.0,320.0,5.0,0.0,5.0,8.220307620564313,120.0,120.0,1.2403192929923534,9.0,40.0,0.0,0.0,0.125,0.125
B1,31,5,320.0,61.0,320.0,6.0,0.0,6.0,19.449362081457565,183.0,183.0,2.0963481729850173,9.0,61.0,0.0,0.0,0.190625,0.190625
B1,31,6,320.0,45.0,320.0,3.0,0.0,3.0,28.6330733696964,450.0,450.0,2.5612968616187572,13.0,0.0,0.0,45.0,0.140625,0.140625
B1,31,7,320.0,56.0,320.0,16.0,0.0,16.0,52.02580558244747,171.0,171.0,2.74616502225399,11.0,55.0,1.0,0.0,0.175,0.175
B1,31,8,320.0,8.0,320.0,0.0,7.0,0.0,-7.0,24.0,2.0,0.23788237664848566,6.0,8.0,0.0,0.0,0.025,0.025
B1,32,1,0.0,0.0,0.0,0.0,0.0,0.0,0.0,0.0,0.0,0.0,0.0,0.0,0.0,0.0,,
B1,32,2,0.0,0.0,0.0,0.0,0.0,0.0,0.0,0.0,0.0,0.0,0.0,0.0,0.0,0.0,,
B1,32,3,0.0,0.0,0.0,0.0,0.0,0.0,0.0,0.0,0.0,0.0,0.0,0.0,0.0,0.0,,
B1,32,4,0.0,0.0,0.0,0.0,0.0,0.0,0.0,0.0,0.0,0.0,0.0,0.0,0.0,0.0,,
B1,32,5,0.0,0.0,0.0,0.0,0.0,0.0,0.0,0.0,0.0,0.0,0.0,0.0,0.0,0.0,,
B1,32,6,0.0,0.0,0.0,0.0,0.0,0.0,0.0,0.0,0.0,0.0,0.0,0.0,0.0,0.0,,
B1,32,7,0.0,0.0,0.0,0.0,0.0,0.0,0.0,0.0,0.0,0.0,0.0,0.0,0.0,0.0,,
B1,32,8,0.0,0.0,0.0,0.0,0.0,0.0,0.0,0.0,0.0,0.0,0.0,0.0,0.0,0.0,,
B1,33,1,0.0,0.0,0.0,0.0,0.0,0.0,0.0,0.0,0.0,0.0,0.0,0.0,0.0,0.0,,
B1,33,2,0.0,0.0,0.0,0.0,0.0,0.0,0.0,0.0,0.0,0.0,0.0,0.0,0.0,0.0,,
B1,33,3,0.0,0.0,0.0,0.0,0.0,0.0,0.0,0.0,0.0,0.0,0.0,0.0,0.0,0.0,,
B1,33,4,0.0,0.0,0.0,0.0,0.0,0.0,0.0,0.0,0.0,0.0,0.0,0.0,0.0,0.0,,
B1,33,5,0.0,0.0,0.0,0.0,0.0,0.0,0.0,0.0,0.0,0.0,0.0,0.0,0.0,0.0,,
B1,33,6,0.0,0.0,0.0,0.0,0.0,0.0,0.0,0.0,0.0,0.0,0.0,0.0,0.0,0.0,,
B1,33,7,0.0,0.0,0.0,0.0,0.0,0.0,0.0,0.0,0.0,0.0,0.0,0.0,0.0,0.0,,
B1,33,8,0.0,0.0,0.0,0.0,0.0,0.0,0.0,0.0,0.0,0.0,0.0,0.0,0.0,0.0,,
B1,34,1,50.0,0.0,50.0,0.0,0.0,0.0,0.0,0.0,0.0,0.0,0.0,0.0,0.0,0.0,0.0,0.0
B1,34,2,50.0,34.0,50.0,1.0,0.0,1.0,0.0026115767600647186,102.0,102.0,1.5607090489938855,1.0,34.0,0.0,0.0,0.68,0.68
B1,34,3,50.0,0.0,50.0,0.0,0.0,0.0,0.0,0.0,0.0,0.0,0.0,0.0,0.0,0.0,0.0,0.0
B1,34,4,50.0,6.0,50.0,0.0,0.0,0.0,0.0,18.0,18.0,0.21580549329519272,1.0,6.0,0.0,0.0,0.12,0.12
B1,34,5,50.0,7.0,50.0,0.0,0.0,0.0,0.0,21.0,21.0,0.20913321524858475,3.0,7.0,0.0,0.0,0.14,0.14
B1,34,6,50.0,1.0,50.0,0.0,0.0,0.0,0.0,3.0,3.0,0.045264643616974354,1.0,1.0,0.0,0.0,0.02,0.02
B1,34,7,50.0,0.0,50.0,0.0,0.0,0.0,0.0,0.0,0.0,0.0,0.0,0.0,0.0,0.0,0.0,0.0
B1,34,8,50.0,2.0,50.0,0.0,0.0,0.0,0.0,6.0,5.0,0.07526469603180885,1.0,2.0,0.0,0.0,0.04,0.04
B1,35,1,135.0,6.0,135.0,0.0,0.0,0.0,0.0,18.0,18.0,0.2597389994189143,3.0,6.0,0.0,0.0,0.044444444444444446,0.044444444444444446
B1,35,2,135.0,48.0,135.0,1.0,0.0,1.0,5.235856992273555,144.0,144.0,2.252982652746141,0.0,48.0,0.0,0.0,0.35555555555555557,0.35555555555555557
B1,35,3,135.0,7.0,135.0,0.0,0.0,0.0,0.0,42.0,42.0,0.5699173687025905,3.0,0.0,7.0,0.0,0.05185185185185185,0.05185185185185185
B1,35,4,135.0,11.0,135.0,0.0,0.0,0.0,0.0,33.0,33.0,0.43856770638376474,3.0,11.0,0.0,0.0,0.08148148148148149,0.08148148148148149
B1,35,5,135.0,4.0,135.0,0.0,0.0,0.0,0.0,12.0,12.0,0.1454600701108575,2.0,4.0,0.0,0.0,0.02962962962962963,0.02962962962962963
B1,35,6,135.0,42.0,135.0,0.0,0.0,0.0,0.0,420.0,420.0,2.782473249360919,5.0,0.0,0.0,42.0,0.3111111111111111,0.3111111111111111
B1,35,7,135.0,14.0,135.0,0.0,0.0,0.0,0.0,42.0,42.0,0.720410636626184,3.0,14.0,0.0,0.0,0.1037037037037037,0.1037037037037037
B1,35,8,135.0,3.0,135.0,0.0,2.0,0.0,-2.0,9.0,2.0,0.09350026957690716,2.0,3.0,0.0,0.0,0.022222222222222223,0.022222222222222223
B1,36,1,1093.0,233.0,1093.0,28.0,0.0,28.0,111.48210936907856,699.0,699.0,7.258570531383157,28.0,233.0,0.0,0.0,0.2131747483989021,0.2131747483989021
B1,36,2,1093.0,117.0,1093.0,9.0,0.0,9.0,12.238054380491722,351.0,351.0,4.7713838098570704,26.0,117.0,0.0,0.0,0.1070448307410796,0.1070448307410796
B1,36,3,1093.0,50.0,1093.0,0.0,0.0,0.0,0.0,153.0,153.0,3.6868464993312955,19.0,49.0,1.0,0.0,0.04574565416285453,0.04574565416285453
B1,36,4,1093.0,147.0,1093.0,6.0,2.0,6.0,32.680019152453795,441.0,435.0,4.842865797691047,22.0,147.0,0.0,0.0,0.1344922232387923,0.1344922232387923
B1,36,5,1093.0,249.0,1093.0,16.0,0.0,16.0,67.05253845220746,747.0,747.0,8.73535295855254,34.0,249.0,0.0,0.0,0.22781335773101555,0.22781335773101555
B1,36,6,1093.0,82.0,1093.0,0.0,0.0,0.0,0.0,246.0,246.0,2.4852233985438943,27.0,82.0,0.0,0.0,0.07502287282708142,0.07502287282708142
B1,36,7,1093.0,188.0,1093.0,24.0,0.0,24.0,112.48402037285955,564.0,564.0,8.058655709028244,17.0,188.0,0.0,0.0,0.17200365965233302,0.17200365965233302
B1,36,8,1093.0,27.0,1093.0,0.0,14.0,0.0,-14.0,90.0,29.0,0.830282662063837,18.0,24.0,3.0,0.0,0.024702653247941447,0.024702653247941447
B1,37,1,4330.0,583.0,4330.0,18.0,0.0,18.0,72.69386762877416,1752.0,1752.0,20.322506851516664,95.0,582.0,1.0,0.0,0.1346420323325635,0.1346420323325635
B1,37,2,4330.0,648.0,4330.0,30.0,0.0,30.0,71.61947515563628,1944.0,1944.0,26.444351670332253,73.0,648.0,0.0,0.0,0.14965357967667436,0.14965357967667436
B1,37,3,4330.0,393.0,4330.0,2.0,0.0,2.0,2.844741321182859,1257.0,1257.0,28.796330215409398,78.0,367.0,26.0,0.0,0.0907621247113164,0.0907621247113164
B1,37,4,4330.0,418.0,4330.0,1.0,0.0,1.0,1.15435352125067,1254.0,1254.0,14.407588322646916,69.0,418.0,0.0,0.0,0.09653579676674365,0.09653579676674365
B1,37,5,4330.0,472.0,4330.0,9.0,0.0,9.0,40.62244286635666,1416.0,1416.0,16.223044835031033,72.0,472.0,0.0,0.0,0.10900692840646652,0.10900692840646652
B1,37,6,4330.0,404.0,4330.0,2.0,0.0,2.0,20.0,4040.0,4040.0,23.332680616527796,75.0,0.0,0.0,404.0,0.09330254041570439,0.09330254041570439
B1,37,7,4330.0,1318.0,4330.0,99.0,0.0,99.0,367.9872041723317,3975.0,3975.0,61.254045761190355,88.0,1311.0,7.0,0.0,0.3043879907621247,0.3043879907621247
B1,37,8,4330.0,94.0,4330.0,4.0,59.0,4.0,-19.0,285.0,66.0,2.680639053694904,62.0,93.0,1.0,0.0,0.021709006928406466,0.021709006928406466
B1,38,1,9.0,2.0,9.0,1.0,0.0,1.0,6.071763721346303,9.0,9.0,0.08326365239918232,2.0,1.0,1.0,0.0,0.2222222222222222,0.2222222222222222
B1,38,2,9.0,0.0,9.0,0.0,0.0,0.0,0.0,0.0,0.0,0.0,0.0,0.0,0.0,0.0,0.0,0.0
B1,38,3,9.0,1.0,9.0,0.0,0.0,0.0,0.0,3.0,3.0,0.06575441174209118,1.0,1.0,0.0,0.0,0.1111111111111111,0.1111111111111111
B1,38,4,9.0,0.0,9.0,0.0,0.0,0.0,0.0,0.0,0.0,0.0,0.0,0.0,0.0,0.0,0.0,0.0
B1,38,5,9.0,5.0,9.0,1.0,0.0,1.0,0.022029865468015535,15.0,15.0,0.13950967695564032,0.0,5.0,0.0,0.0,0.5555555555555556,0.5555555555555556
B1,38,6,9.0,0.0,9.0,0.0,0.0,0.0,0.0,0.0,0.0,0.0,0.0,0.0,0.0,0.0,0.0,0.0
B1,38,7,9.0,1.0,9.0,1.0,0.0,1.0,1.0764752052407989,3.0,3.0,0.04154271259903908,1.0,1.0,0.0,0.0,0.1111111111111111,0.1111111111111111
B1,38,8,9.0,0.0,9.0,0.0,0.0,0.0,0.0,0.0,0.0,0.0,0.0,0.0,0.0,0.0,0.0,0.0
B1,39,1,40.0,3.0,40.0,0.0,0.0,0.0,0.0,9.0,9.0,0.10245798155665398,3.0,3.0,0.0,0.0,0.075,0.075
B1,39,2,40.0,0.0,40.0,0.0,0.0,0.0,0.0,0.0,0.0,0.0,0.0,0.0,0.0,0.0,0.0,0.0
B1,39,3,40.0,1.0,40.0,0.0,0.0,0.0,0.0,3.0,3.0,0.06881176587194204,1.0,1.0,0.0,0.0,0.025,0.025
B1,39,4,40.0,1.0,40.0,0.0,0.0,0.0,0.0,3.0,3.0,0.028040656819939613,0.0,1.0,0.0,0.0,0.025,0.025
B1,39,5,40.0,4.0,40.0,0.0,0.0,0.0,0.0,12.0,12.0,0.1192434886470437,2.0,4.0,0.0,0.0,0.1,0.1
B1,39,6,40.0,23.0,40.0,1.0,0.0,1.0,0.7194244547632554,230.0,230.0,1.342514742165804,1.0,0.0,0.0,23.0,0.575,0.575
B1,39,7,40.0,6.0,40.0,0.0,0.0,0.0,0.0,18.0,18.0,0.2706539696082473,2.0,6.0,0.0,0.0,0.15,0.15
B1,39,8,40.0,2.0,40.0,0.0,1.0,0.0,-1.0,12.0,5.0,0.0759116355329752,1.0,0.0,2.0,0.0,0.05,0.05
B1,40,1,42.0,1.0,42.0,0.0,0.0,0.0,0.0,3.0,3.0,0.029488942585885525,0.0,1.0,0.0,0.0,0.023809523809523808,0.023809523809523808
B1,40,2,42.0,9.0,42.0,2.0,0.0,2.0,9.96023459640501,30.0,30.0,0.34512380976229906,0.0,8.0,1.0,0.0,0.21428571428571427,0.21428571428571427
B1,40,3,42.0,2.0,42.0,0.0,0.0,0.0,0.0,6.0,6.0,0.13224648404866457,2.0,2.0,0.0,0.0,0.047619047619047616,0.047619047619047616
B1,40,4,42.0,15.0,42.0,3.0,0.0,3.0,13.554746448645973,45.0,45.0,0.3995445240288973,4.0,15.0,0.0,0.0,0.35714285714285715,0.35714285714285715
B1,40,5,42.0,1.0,42.0,1.0,0.0,1.0,2.749637015686828,3.0,3.0,0.026014739647507668,1.0,1.0,0.0,0.0,0.023809523809523808,0.023809523809523808
B1,40,6,42.0,2.0,42.0,0.0,0.0,0.0,0.0,6.0,6.0,0.058819410391151905,1.0,2.0,0.0,0.0,0.047619047619047616,0.047619047619047616
B1,40,7,42.0,10.0,42.0,2.0,0.0,2.0,4.800176874597904,60.0,60.0,0.45487545244395733,1.0,0.0,10.0,0.0,0.23809523809523808,0.23809523809523808
B1,40,8,42.0,2.0,42.0,0.0,0.0,0.0,0.0,6.0,4.0,0.05862908158451319,1.0,2.0,0.0,0.0,0.047619047619047616,0.047619047619047616
B1,41,1,44.0,3.0,44.0,2.0,0.0,2.0,2.927570261193077,9.0,9.0,0.08722677547484636,1.0,3.0,0.0,0.0,0.06818181818181818,0.06818181818181818
B1,41,2,44.0,7.0,44.0,2.0,0.0,2.0,6.735415245304731,21.0,21.0,0.25298086181282997,0.0,7.0,0.0,0.0,0.1590909090909091,0.1590909090909091
B1,41,3,44.0,5.0,44.0,0.0,0.0,0.0,0.0,18.0,18.0,0.3433147585019469,0.0,4.0,1.0,0.0,0.11363636363636363,0.11363636363636363
B1,41,4,44.0,4.0,44.0,1.0,0.0,1.0,0.08658141498417855,12.0,12.0,0.12310860771685839,1.0,4.0,0.0,0.0,0.09090909090909091,0.09090909090909091
B1,41,5,44.0,3.0,44.0,0.0,0.0,0.0,0.0,9.0,9.0,0.09038196410983801,1.0,3.0,0.0,0.0,0.06818181818181818,0.06818181818181818
B1,41,6,44.0,3.0,44.0,0.0,0.0,0.0,0.0,30.0,30.0,0.1595513941720128,1.0,0.0,0.0,3.0,0.06818181818181818,0.06818181818181818
B1,41,7,44.0,15.0,44.0,3.0,0.0,3.0,0.779346529861959,90.0,90.0,0.6890432117506862,2.0,0.0,15.0,0.0,0.3409090909090909,0.3409090909090909
B1,41,8,44.0,4.0,44.0,0.0,2.0,0.0,-2.0,15.0,4.0,0.11667616479098797,1.0,3.0,1.0,0.0,0.09090909090909091,0.09090909090909091
B2,0,1,80.0,23.0,80.0,0.0,0.0,0.0,0.0,69.0,69.0,0.75084715988487,3.0,23.0,0.0,0.0,0.2875,0.2875
B2,0,2,80.0,6.0,80.0,0.0,0.0,0.0,0.0,18.0,18.0,0.21832797303795815,3.0,6.0,0.0,0.0,0.075,0.075
B2,0,3,80.0,3.0,80.0,0.0,0.0,0.0,0.0,9.0,9.0,0.19968764018267393,0.0,3.0,0.0,0.0,0.0375,0.0375
B2,0,4,80.0,12.0,80.0,0.0,2.0,0.0,-2.0,120.0,100.0,0.6148026268929243,1.0,0.0,0.0,12.0,0.15,0.15
B2,0,5,80.0,27.0,80.0,1.0,2.0,1.0,-1.6874542204741192,270.0,250.0,1.4400925114750862,1.0,0.0,0.0,27.0,0.3375,0.3375
B2,0,6,80.0,2.0,80.0,0.0,0.0,0.0,0.0,6.0,6.0,0.055540625005960464,1.0,2.0,0.0,0.0,0.025,0.025
B2,0,7,80.0,4.0,80.0,0.0,0.0,0.0,0.0,15.0,15.0,0.16723987460136414,0.0,3.0,1.0,0.0,0.05,0.05
B2,0,8,80.0,3.0,80.0,0.0,1.0,0.0,-1.0,9.0,3.0,0.08313378598541021,1.0,3.0,0.0,0.0,0.0375,0.0375
B2,1,1,685.0,108.0,685.0,2.0,0.0,2.0,3.8271376693716572,324.0,324.0,3.43483482953161,13.0,108.0,0.0,0.0,0.15766423357664233,0.15766423357664233
B2,1,2,685.0,214.0,685.0,7.0,0.0,7.0,25.743848781038377,642.0,642.0,8.767420906573534,10.0,214.0,0.0,0.0,0.3124087591240876,0.3124087591240876
B2,1,3,685.0,96.0,685.0,0.0,0.0,0.0,0.0,465.0,465.0,7.399198622442782,16.0,37.0,59.0,0.0,0.14014598540145987,0.14014598540145987
B2,1,4,685.0,19.0,685.0,0.0,4.0,0.0,-4.0,190.0,150.0,0.8767050886526704,10.0,0.0,0.0,19.0,0.027737226277372264,0.027737226277372264
B2,1,5,685.0,26.0,685.0,0.0,5.0,0.0,-5.0,260.0,210.0,1.3019501147791743,11.0,0.0,0.0,26.0,0.03795620437956204,0.03795620437956204
B2,1,6,685.0,103.0,685.0,0.0,0.0,0.0,0.0,1030.0,1030.0,5.658951842226088,10.0,0.0,0.0,103.0,0.15036496350364964,0.15036496350364964
B2,1,7,685.0,92.0,685.0,0.0,0.0,0.0,0.0,324.0,324.0,4.072574840858579,9.0,76.0,16.0,0.0,0.1343065693430657,0.1343065693430657
B2,1,8,685.0,27.0,685.0,0.0,4.0,0.0,-4.0,144.0,82.0,0.9672226896509528,9.0,6.0,21.0,0.0,0.03941605839416058,0.03941605839416058
B2,2,1,0.0,0.0,0.0,0.0,0.0,0.0,0.0,0.0,0.0,0.0,0.0,0.0,0.0,0.0,,
B2,2,2,0.0,0.0,0.0,0.0,0.0,0.0,0.0,0.0,0.0,0.0,0.0,0.0,0.0,0.0,,
B2,2,3,0.0,0.0,0.0,0.0,0.0,0.0,0.0,0.0,0.0,0.0,0.0,0.0,0.0,0.0,,
B2,2,4,0.0,0.0,0.0,0.0,0.0,0.0,0.0,0.0,0.0,0.0,0.0,0.0,0.0,0.0,,
B2,2,5,0.0,0.0,0.0,0.0,0.0,0.0,0.0,0.0,0.0,0.0,0.0,0.0,0.0,0.0,,
B2,2,6,0.0,0.0,0.0,0.0,0.0,0.0,0.0,0.0,0.0,0.0,0.0,0.0,0.0,0.0,,
B2,2,7,0.0,0.0,0.0,0.0,0.0,0.0,0.0,0.0,0.0,0.0,0.0,0.0,0.0,0.0,,
B2,2,8,0.0,0.0,0.0,0.0,0.0,0.0,0.0,0.0,0.0,0.0,0.0,0.0,0.0,0.0,,
B2,3,1,0.0,0.0,0.0,0.0,0.0,0.0,0.0,0.0,0.0,0.0,0.0,0.0,0.0,0.0,,
B2,3,2,0.0,0.0,0.0,0.0,0.0,0.0,0.0,0.0,0.0,0.0,0.0,0.0,0.0,0.0,,
B2,3,3,0.0,0.0,0.0,0.0,0.0,0.0,0.0,0.0,0.0,0.0,0.0,0.0,0.0,0.0,,
B2,3,4,0.0,0.0,0.0,0.0,0.0,0.0,0.0,0.0,0.0,0.0,0.0,0.0,0.0,0.0,,
B2,3,5,0.0,0.0,0.0,0.0,0.0,0.0,0.0,0.0,0.0,0.0,0.0,0.0,0.0,0.0,,
B2,3,6,0.0,0.0,0.0,0.0,0.0,0.0,0.0,0.0,0.0,0.0,0.0,0.0,0.0,0.0,,
B2,3,7,0.0,0.0,0.0,0.0,0.0,0.0,0.0,0.0,0.0,0.0,0.0,0.0,0.0,0.0,,
B2,3,8,0.0,0.0,0.0,0.0,0.0,0.0,0.0,0.0,0.0,0.0,0.0,0.0,0.0,0.0,,
B2,4,1,0.0,0.0,0.0,0.0,0.0,0.0,0.0,0.0,0.0,0.0,0.0,0.0,0.0,0.0,,
B2,4,2,0.0,0.0,0.0,0.0,0.0,0.0,0.0,0.0,0.0,0.0,0.0,0.0,0.0,0.0,,
B2,4,3,0.0,0.0,0.0,0.0,0.0,0.0,0.0,0.0,0.0,0.0,0.0,0.0,0.0,0.0,,
B2,4,4,0.0,0.0,0.0,0.0,0.0,0.0,0.0,0.0,0.0,0.0,0.0,0.0,0.0,0.0,,
B2,4,5,0.0,0.0,0.0,0.0,0.0,0.0,0.0,0.0,0.0,0.0,0.0,0.0,0.0,0.0,,
B2,4,6,0.0,0.0,0.0,0.0,0.0,0.0,0.0,0.0,0.0,0.0,0.0,0.0,0.0,0.0,,
B2,4,7,0.0,0.0,0.0,0.0,0.0,0.0,0.0,0.0,0.0,0.0,0.0,0.0,0.0,0.0,,
B2,4,8,0.0,0.0,0.0,0.0,0.0,0.0,0.0,0.0,0.0,0.0,0.0,0.0,0.0,0.0,,
B2,5,1,0.0,0.0,0.0,0.0,0.0,0.0,0.0,0.0,0.0,0.0,0.0,0.0,0.0,0.0,,
B2,5,2,0.0,0.0,0.0,0.0,0.0,0.0,0.0,0.0,0.0,0.0,0.0,0.0,0.0,0.0,,
B2,5,3,0.0,0.0,0.0,0.0,0.0,0.0,0.0,0.0,0.0,0.0,0.0,0.0,0.0,0.0,,
B2,5,4,0.0,0.0,0.0,0.0,0.0,0.0,0.0,0.0,0.0,0.0,0.0,0.0,0.0,0.0,,
B2,5,5,0.0,0.0,0.0,0.0,0.0,0.0,0.0,0.0,0.0,0.0,0.0,0.0,0.0,0.0,,
B2,5,6,0.0,0.0,0.0,0.0,0.0,0.0,0.0,0.0,0.0,0.0,0.0,0.0,0.0,0.0,,
B2,5,7,0.0,0.0,0.0,0.0,0.0,0.0,0.0,0.0,0.0,0.0,0.0,0.0,0.0,0.0,,
B2,5,8,0.0,0.0,0.0,0.0,0.0,0.0,0.0,0.0,0.0,0.0,0.0,0.0,0.0,0.0,,
B2,6,1,96.0,33.0,96.0,7.0,0.0,7.0,18.476989664726034,99.0,99.0,0.9473192514851689,2.0,33.0,0.0,0.0,0.34375,0.34375
B2,6,2,96.0,10.0,96.0,0.0,0.0,0.0,0.0,30.0,30.0,0.37283793557435274,2.0,10.0,0.0,0.0,0.10416666666666667,0.10416666666666667
B2,6,3,96.0,24.0,96.0,1.0,0.0,1.0,6.777363326078359,144.0,144.0,1.8314478816464543,2.0,0.0,24.0,0.0,0.25,0.25
B2,6,4,96.0,1.0,96.0,0.0,0.0,0.0,0.0,10.0,10.0,0.04875392932444811,0.0,0.0,0.0,1.0,0.010416666666666666,0.010416666666666666
B2,6,5,96.0,8.0,96.0,0.0,0.0,0.0,0.0,80.0,80.0,0.4692273214459419,1.0,0.0,0.0,8.0,0.08333333333333333,0.08333333333333333
B2,6,6,96.0,12.0,96.0,0.0,0.0,0.0,0.0,36.0,36.0,0.335439570248127,5.0,12.0,0.0,0.0,0.125,0.125
B2,6,7,96.0,3.0,96.0,1.0,0.0,1.0,0.33096925948568484,18.0,18.0,0.1371980644762516,3.0,0.0,3.0,0.0,0.03125,0.03125
B2,6,8,96.0,5.0,96.0,0.0,2.0,0.0,-2.0,27.0,10.0,0.15995693858712912,3.0,1.0,4.0,0.0,0.052083333333333336,0.052083333333333336
B2,7,1,270.0,42.0,270.0,3.0,0.0,3.0,4.399930504435483,126.0,126.0,1.2146855648607016,7.0,42.0,0.0,0.0,0.15555555555555556,0.15555555555555556
B2,7,2,270.0,58.0,270.0,3.0,0.0,3.0,17.173339588405135,174.0,174.0,2.153980736620724,9.0,58.0,0.0,0.0,0.21481481481481482,0.21481481481481482
B2,7,3,270.0,16.0,270.0,0.0,0.0,0.0,0.0,96.0,96.0,1.231808959506452,4.0,0.0,16.0,0.0,0.05925925925925926,0.05925925925925926
B2,7,4,270.0,5.0,270.0,0.0,2.0,0.0,-2.0,50.0,30.0,0.2425299845635891,4.0,0.0,0.0,5.0,0.018518518518518517,0.018518518518518517
B2,7,5,270.0,6.0,270.0,0.0,2.0,0.0,-2.0,60.0,40.0,0.2418127078562975,6.0,0.0,0.0,6.0,0.022222222222222223,0.022222222222222223
B2,7,6,270.0,38.0,270.0,0.0,0.0,0.0,0.0,380.0,380.0,1.9761670026928186,7.0,0.0,0.0,38.0,0.14074074074074075,0.14074074074074075
B2,7,7,270.0,97.0,270.0,9.0,0.0,9.0,1.2075938387935365,393.0,393.0,3.9659937620162964,7.0,63.0,34.0,0.0,0.3592592592592593,0.3592592592592593
B2,7,8,270.0,8.0,270.0,0.0,2.0,0.0,-2.0,48.0,16.0,0.28256188705563545,7.0,0.0,8.0,0.0,0.02962962962962963,0.02962962962962963
B2,8,1,445.0,152.0,445.0,10.0,0.0,10.0,28.61888154211321,456.0,456.0,4.425127598457038,14.0,152.0,0.0,0.0,0.3415730337078652,0.3415730337078652
B2,8,2,445.0,43.0,445.0,1.0,0.0,1.0,0.2652631530978766,129.0,129.0,1.5787671050056815,8.0,43.0,0.0,0.0,0.09662921348314607,0.09662921348314607
B2,8,3,445.0,55.0,445.0,0.0,0.0,0.0,0.0,216.0,216.0,3.916616220958531,15.0,38.0,17.0,0.0,0.12359550561797752,0.12359550561797752
B2,8,4,445.0,28.0,445.0,0.0,3.0,0.0,-3.0,280.0,250.0,1.459781974554062,9.0,0.0,0.0,28.0,0.06292134831460675,0.06292134831460675
B2,8,5,445.0,49.0,445.0,1.0,3.0,1.0,-2.9517956136242662,490.0,460.0,2.597649471834302,11.0,0.0,0.0,49.0,0.1101123595505618,0.1101123595505618
B2,8,6,445.0,34.0,445.0,0.0,0.0,0.0,0.0,102.0,102.0,1.01221683062613,15.0,34.0,0.0,0.0,0.07640449438202247,0.07640449438202247
B2,8,7,445.0,68.0,445.0,2.0,0.0,2.0,0.22098749645450516,297.0,297.0,2.8552056746557355,5.0,37.0,31.0,0.0,0.15280898876404495,0.15280898876404495
B2,8,8,445.0,16.0,445.0,0.0,5.0,0.0,-5.0,87.0,44.0,0.5578800123184919,4.0,3.0,13.0,0.0,0.035955056179775284,0.035955056179775284
B2,9,1,2886.0,497.0,2886.0,7.0,0.0,7.0,21.532345633307536,1491.0,1491.0,15.473719832487404,46.0,497.0,0.0,0.0,0.1722106722106722,0.1722106722106722
B2,9,2,2886.0,587.0,2886.0,20.0,0.0,20.0,46.56242186927306,1761.0,1761.0,24.111077927052975,74.0,587.0,0.0,0.0,0.2033957033957034,0.2033957033957034
B2,9,3,2886.0,589.0,2886.0,10.0,0.0,10.0,27.043430259983644,2145.0,2145.0,41.71872558258474,57.0,463.0,126.0,0.0,0.20408870408870408,0.20408870408870408
B2,9,4,2886.0,217.0,2886.0,1.0,20.0,1.0,-19.598803663392136,2170.0,1970.0,13.8754838174209,45.0,0.0,0.0,217.0,0.07519057519057519,0.07519057519057519
B2,9,5,2886.0,175.0,2886.0,0.0,12.0,0.0,-12.0,1750.0,1630.0,12.968850777484477,47.0,0.0,0.0,175.0,0.060637560637560636,0.060637560637560636
B2,9,6,2886.0,329.0,2886.0,1.0,0.0,1.0,1.3337165768652768,3290.0,3290.0,17.569206905551255,49.0,0.0,0.0,329.0,0.113998613998614,0.113998613998614
B2,9,7,2886.0,418.0,2886.0,6.0,0.0,6.0,0.6672739460335758,1911.0,1911.0,18.111959622241557,63.0,199.0,219.0,0.0,0.14483714483714483,0.14483714483714483
B2,9,8,2886.0,74.0,2886.0,1.0,17.0,1.0,-15.071489763314878,414.0,183.0,2.87422392424196,35.0,10.0,64.0,0.0,0.02564102564102564,0.02564102564102564
B2,10,1,123.0,11.0,123.0,3.0,0.0,3.0,3.370820666179484,33.0,33.0,0.3043122570961714,2.0,11.0,0.0,0.0,0.08943089430894309,0.08943089430894309
B2,10,2,123.0,12.0,123.0,0.0,0.0,0.0,0.0,36.0,36.0,0.4641857258975506,2.0,12.0,0.0,0.0,0.0975609756097561,0.0975609756097561
B2,10,3,123.0,12.0,123.0,1.0,0.0,1.0,2.5701878349761764,36.0,36.0,0.8197956038638949,3.0,12.0,0.0,0.0,0.0975609756097561,0.0975609756097561
B2,10,4,123.0,43.0,123.0,3.0,0.0,3.0,3.0517639844429563,430.0,430.0,2.379345355555415,4.0,0.0,0.0,43.0,0.34959349593495936,0.34959349593495936
B2,10,5,123.0,7.0,123.0,0.0,0.0,0.0,0.0,70.0,70.0,0.3743730941787362,4.0,0.0,0.0,7.0,0.056910569105691054,0.056910569105691054
B2,10,6,123.0,26.0,123.0,2.0,0.0,2.0,13.953279345749088,78.0,78.0,0.6713853590190411,5.0,26.0,0.0,0.0,0.21138211382113822,0.21138211382113822
B2,10,7,123.0,6.0,123.0,0.0,0.0,0.0,0.0,21.0,21.0,0.2602508682757616,5.0,5.0,1.0,0.0,0.04878048780487805,0.04878048780487805
B2,10,8,123.0,6.0,123.0,0.0,0.0,0.0,0.0,36.0,26.0,0.23634563758969307,3.0,0.0,6.0,0.0,0.04878048780487805,0.04878048780487805
B2,11,1,574.0,42.0,574.0,0.0,0.0,0.0,0.0,126.0,126.0,1.4077046429738402,8.0,42.0,0.0,0.0,0.07317073170731707,0.07317073170731707
B2,11,2,574.0,75.0,574.0,1.0,0.0,1.0,0.09092261398795824,225.0,225.0,3.06251176353544,15.0,75.0,0.0,0.0,0.13066202090592335,0.13066202090592335
B2,11,3,574.0,116.0,574.0,2.0,0.0,2.0,13.484199111556647,360.0,360.0,8.710642037913203,9.0,112.0,4.0,0.0,0.20209059233449478,0.20209059233449478
B2,11,4,574.0,90.0,574.0,2.0,0.0,2.0,0.7124444771965316,900.0,900.0,5.5280586974695325,11.0,0.0,0.0,90.0,0.156794425087108,0.156794425087108
B2,11,5,574.0,107.0,574.0,1.0,0.0,1.0,4.255112608052226,1070.0,1070.0,6.671730929985642,9.0,0.0,0.0,107.0,0.18641114982578397,0.18641114982578397
B2,11,6,574.0,64.0,574.0,0.0,0.0,0.0,0.0,640.0,640.0,3.6197235574945807,11.0,0.0,0.0,64.0,0.11149825783972125,0.11149825783972125
B2,11,7,574.0,70.0,574.0,0.0,0.0,0.0,0.0,225.0,225.0,3.082799384370446,8.0,65.0,5.0,0.0,0.12195121951219512,0.12195121951219512
B2,11,8,574.0,10.0,574.0,0.0,3.0,0.0,-3.0,60.0,27.0,0.3969123540446162,7.0,0.0,10.0,0.0,0.017421602787456445,0.017421602787456445
B2,12,1,386.0,110.0,386.0,29.0,0.0,29.0,94.76966197804467,345.0,345.0,3.0250012297183275,12.0,105.0,5.0,0.0,0.2849740932642487,0.2849740932642487
B2,12,2,386.0,32.0,386.0,4.0,0.0,4.0,1.578602452600754,96.0,96.0,1.1505919191986322,18.0,32.0,0.0,0.0,0.08290155440414508,0.08290155440414508
B2,12,3,386.0,25.0,386.0,6.0,0.0,6.0,7.384067686734841,87.0,87.0,1.6913940561935306,12.0,21.0,4.0,0.0,0.06476683937823834,0.06476683937823834
B2,12,4,386.0,35.0,386.0,3.0,5.0,3.0,3.8899005114835337,350.0,279.0,1.5568774044513702,14.0,0.0,0.0,35.0,0.09067357512953368,0.09067357512953368
B2,12,5,386.0,37.0,386.0,8.0,4.0,8.0,16.188657934072406,370.0,330.0,1.7084147380664945,14.0,0.0,0.0,37.0,0.09585492227979274,0.09585492227979274
B2,12,6,386.0,71.0,386.0,2.0,0.0,2.0,1.999315924637529,213.0,213.0,1.9100775998085737,10.0,71.0,0.0,0.0,0.18393782383419688,0.18393782383419688
B2,12,7,386.0,27.0,386.0,1.0,0.0,1.0,0.42618824927329974,190.0,190.0,1.222904714755714,12.0,0.0,20.0,7.0,0.06994818652849741,0.06994818652849741
B2,12,8,386.0,49.0,386.0,2.0,5.0,2.0,0.003037521018207423,243.0,156.0,1.6641222899779677,21.0,17.0,32.0,0.0,0.12694300518134716,0.12694300518134716
B2,13,1,1025.0,165.0,1025.0,18.0,0.0,18.0,61.04754445768362,495.0,495.0,4.806116256862879,24.0,165.0,0.0,0.0,0.16097560975609757,0.16097560975609757
B2,13,2,1025.0,315.0,1025.0,35.0,0.0,35.0,134.1494920997146,945.0,945.0,11.939864605665207,28.0,315.0,0.0,0.0,0.3073170731707317,0.3073170731707317
B2,13,3,1025.0,115.0,1025.0,5.0,0.0,5.0,1.2762429375785018,378.0,378.0,7.9140063636004925,23.0,104.0,11.0,0.0,0.11219512195121951,0.11219512195121951
B2,13,4,1025.0,89.0,1025.0,7.0,16.0,7.0,-12.947861103299886,890.0,701.0,3.888164500705898,34.0,0.0,0.0,89.0,0.08682926829268292,0.08682926829268292
B2,13,5,1025.0,44.0,1025.0,0.0,12.0,0.0,-12.0,440.0,320.0,1.9999934369698167,26.0,0.0,0.0,44.0,0.042926829268292686,0.042926829268292686
B2,13,6,1025.0,117.0,1025.0,2.0,0.0,2.0,0.5814978500413023,1170.0,1170.0,6.040268988348544,37.0,0.0,0.0,117.0,0.11414634146341464,0.11414634146341464
B2,13,7,1025.0,131.0,1025.0,5.0,0.0,5.0,8.491097515215285,930.0,930.0,5.898120330646634,28.0,0.0,95.0,36.0,0.1278048780487805,0.1278048780487805
B2,13,8,1025.0,49.0,1025.0,1.0,10.0,1.0,0.0,282.0,154.0,1.7497605457901955,23.0,4.0,45.0,0.0,0.04780487804878049,0.04780487804878049
B2,14,1,30.0,0.0,30.0,0.0,0.0,0.0,0.0,0.0,0.0,0.0,0.0,0.0,0.0,0.0,0.0,0.0
B2,14,2,30.0,6.0,30.0,0.0,0.0,0.0,0.0,18.0,18.0,0.22236777190119028,1.0,6.0,0.0,0.0,0.2,0.2
B2,14,3,30.0,0.0,30.0,0.0,0.0,0.0,0.0,0.0,0.0,0.0,0.0,0.0,0.0,0.0,0.0,0.0
B2,14,4,30.0,0.0,30.0,0.0,0.0,0.0,0.0,0.0,0.0,0.0,0.0,0.0,0.0,0.0,0.0,0.0
B2,14,5,30.0,0.0,30.0,0.0,0.0,0.0,0.0,0.0,0.0,0.0,0.0,0.0,0.0,0.0,0.0,0.0
B2,14,6,30.0,1.0,30.0,0.0,0.0,0.0,0.0,3.0,3.0,0.035436950623989105,1.0,1.0,0.0,0.0,0.03333333333333333,0.03333333333333333
B2,14,7,30.0,23.0,30.0,3.0,0.0,3.0,1.8521510313183414,69.0,69.0,1.0277870763093233,2.0,23.0,0.0,0.0,0.7666666666666667,0.7666666666666667
B2,14,8,30.0,0.0,30.0,0.0,0.0,0.0,0.0,0.0,0.0,0.0,0.0,0.0,0.0,0.0,0.0,0.0
B2,15,1,354.0,23.0,354.0,0.0,0.0,0.0,0.0,69.0,69.0,0.7085400186479092,5.0,23.0,0.0,0.0,0.06497175141242938,0.06497175141242938
B2,15,2,354.0,89.0,354.0,2.0,0.0,2.0,2.8135301167710387,267.0,267.0,3.7458809008821845,3.0,89.0,0.0,0.0,0.2514124293785311,0.2514124293785311
B2,15,3,354.0,58.0,354.0,0.0,0.0,0.0,0.0,342.0,342.0,4.821152895689011,6.0,2.0,56.0,0.0,0.1638418079096045,0.1638418079096045
B2,15,4,354.0,38.0,354.0,0.0,0.0,0.0,0.0,228.0,210.0,1.4591888636350632,3.0,0.0,38.0,0.0,0.10734463276836158,0.10734463276836158
B2,15,5,354.0,51.0,354.0,0.0,0.0,0.0,0.0,306.0,306.0,2.180768508464098,8.0,0.0,51.0,0.0,0.1440677966101695,0.1440677966101695
B2,15,6,354.0,43.0,354.0,0.0,0.0,0.0,0.0,430.0,430.0,2.3873637430369854,3.0,0.0,0.0,43.0,0.12146892655367232,0.12146892655367232
B2,15,7,354.0,44.0,354.0,0.0,0.0,0.0,0.0,132.0,132.0,2.0740267764776945,2.0,44.0,0.0,0.0,0.12429378531073447,0.12429378531073447
B2,15,8,354.0,8.0,354.0,0.0,3.0,0.0,-3.0,27.0,9.0,0.259120580740273,4.0,7.0,1.0,0.0,0.022598870056497175,0.022598870056497175
B2,16,1,57.0,6.0,57.0,6.0,0.0,6.0,43.679392494132834,56.0,56.0,0.29455369524657726,0.0,0.0,1.0,5.0,0.10526315789473684,0.10526315789473684
B2,16,2,57.0,14.0,57.0,2.0,0.0,2.0,2.2599024199683404,96.0,96.0,0.6805640058591962,2.0,0.0,11.0,3.0,0.24561403508771928,0.24561403508771928
B2,16,3,57.0,18.0,57.0,3.0,0.0,3.0,15.747803941464843,63.0,63.0,1.231558632105589,6.0,15.0,3.0,0.0,0.3157894736842105,0.3157894736842105
B2,16,4,57.0,3.0,57.0,1.0,0.0,1.0,2.3821642896111865,18.0,18.0,0.10808423440903425,1.0,0.0,3.0,0.0,0.05263157894736842,0.05263157894736842
B2,16,5,57.0,6.0,57.0,2.0,0.0,2.0,0.977827929873426,36.0,36.0,0.2232830235734582,0.0,0.0,6.0,0.0,0.10526315789473684,0.10526315789473684
B2,16,6,57.0,4.0,57.0,0.0,0.0,0.0,0.0,12.0,12.0,0.11244411580264568,4.0,4.0,0.0,0.0,0.07017543859649122,0.07017543859649122
B2,16,7,57.0,3.0,57.0,0.0,0.0,0.0,0.0,18.0,18.0,0.13141253869980574,2.0,0.0,3.0,0.0,0.05263157894736842,0.05263157894736842
B2,16,8,57.0,3.0,57.0,0.0,0.0,0.0,0.0,18.0,13.0,0.12076680082827806,3.0,0.0,3.0,0.0,0.05263157894736842,0.05263157894736842
B2,17,1,13.0,0.0,13.0,0.0,0.0,0.0,0.0,0.0,0.0,0.0,0.0,0.0,0.0,0.0,0.0,0.0
B2,17,2,13.0,1.0,13.0,0.0,0.0,0.0,0.0,6.0,6.0,0.04695029277354479,0.0,0.0,1.0,0.0,0.07692307692307693,0.07692307692307693
B2,17,3,13.0,0.0,13.0,0.0,0.0,0.0,0.0,0.0,0.0,0.0,0.0,0.0,0.0,0.0,0.0,0.0
B2,17,4,13.0,2.0,13.0,2.0,0.0,2.0,4.7121721401196925,12.0,12.0,0.07937823981046677,0.0,0.0,2.0,0.0,0.15384615384615385,0.15384615384615385
B2,17,5,13.0,5.0,13.0,1.0,0.0,1.0,2.055820169166158,30.0,30.0,0.20464296732097864,3.0,0.0,5.0,0.0,0.38461538461538464,0.38461538461538464
B2,17,6,13.0,1.0,13.0,0.0,0.0,0.0,0.0,10.0,10.0,0.05343336332589388,1.0,0.0,0.0,1.0,0.07692307692307693,0.07692307692307693
B2,17,7,13.0,2.0,13.0,0.0,0.0,0.0,0.0,6.0,6.0,0.07744175847619772,1.0,2.0,0.0,0.0,0.15384615384615385,0.15384615384615385
B2,17,8,13.0,2.0,13.0,0.0,0.0,0.0,0.0,12.0,8.0,0.07746591418981552,1.0,0.0,2.0,0.0,0.15384615384615385,0.15384615384615385
B2,18,1,0.0,0.0,0.0,0.0,0.0,0.0,0.0,0.0,0.0,0.0,0.0,0.0,0.0,0.0,,
B2,18,2,0.0,0.0,0.0,0.0,0.0,0.0,0.0,0.0,0.0,0.0,0.0,0.0,0.0,0.0,,
B2,18,3,0.0,0.0,0.0,0.0,0.0,0.0,0.0,0.0,0.0,0.0,0.0,0.0,0.0,0.0,,
B2,18,4,0.0,0.0,0.0,0.0,0.0,0.0,0.0,0.0,0.0,0.0,0.0,0.0,0.0,0.0,,
B2,18,5,0.0,0.0,0.0,0.0,0.0,0.0,0.0,0.0,0.0,0.0,0.0,0.0,0.0,0.0,,
B2,18,6,0.0,0.0,0.0,0.0,0.0,0.0,0.0,0.0,0.0,0.0,0.0,0.0,0.0,0.0,,
B2,18,7,0.0,0.0,0.0,0.0,0.0,0.0,0.0,0.0,0.0,0.0,0.0,0.0,0.0,0.0,,
B2,18,8,0.0,0.0,0.0,0.0,0.0,0.0,0.0,0.0,0.0,0.0,0.0,0.0,0.0,0.0,,
B2,19,1,0.0,0.0,0.0,0.0,0.0,0.0,0.0,0.0,0.0,0.0,0.0,0.0,0.0,0.0,,
B2,19,2,0.0,0.0,0.0,0.0,0.0,0.0,0.0,0.0,0.0,0.0,0.0,0.0,0.0,0.0,,
B2,19,3,0.0,0.0,0.0,0.0,0.0,0.0,0.0,0.0,0.0,0.0,0.0,0.0,0.0,0.0,,
B2,19,4,0.0,0.0,0.0,0.0,0.0,0.0,0.0,0.0,0.0,0.0,0.0,0.0,0.0,0.0,,
B2,19,5,0.0,0.0,0.0,0.0,0.0,0.0,0.0,0.0,0.0,0.0,0.0,0.0,0.0,0.0,,
B2,19,6,0.0,0.0,0.0,0.0,0.0,0.0,0.0,0.0,0.0,0.0,0.0,0.0,0.0,0.0,,
B2,19,7,0.0,0.0,0.0,0.0,0.0,0.0,0.0,0.0,0.0,0.0,0.0,0.0,0.0,0.0,,
B2,19,8,0.0,0.0,0.0,0.0,0.0,0.0,0.0,0.0,0.0,0.0,0.0,0.0,0.0,0.0,,
B2,20,1,65.0,6.0,65.0,0.0,0.0,0.0,0.0,18.0,18.0,0.1860723365098238,0.0,6.0,0.0,0.0,0.09230769230769231,0.09230769230769231
B2,20,2,65.0,5.0,65.0,0.0,0.0,0.0,0.0,15.0,15.0,0.1823131125420332,1.0,5.0,0.0,0.0,0.07692307692307693,0.07692307692307693
B2,20,3,65.0,14.0,65.0,0.0,0.0,0.0,0.0,84.0,84.0,1.0936565743759274,6.0,0.0,14.0,0.0,0.2153846153846154,0.2153846153846154
B2,20,4,65.0,10.0,65.0,0.0,0.0,0.0,0.0,60.0,58.0,0.3810373079031706,0.0,0.0,10.0,0.0,0.15384615384615385,0.15384615384615385
B2,20,5,65.0,9.0,65.0,0.0,0.0,0.0,0.0,54.0,54.0,0.34561174269765615,2.0,0.0,9.0,0.0,0.13846153846153847,0.13846153846153847
B2,20,6,65.0,11.0,65.0,0.0,0.0,0.0,0.0,33.0,33.0,0.31393875274807215,1.0,11.0,0.0,0.0,0.16923076923076924,0.16923076923076924
B2,20,7,65.0,7.0,65.0,0.0,0.0,0.0,0.0,36.0,36.0,0.3308430081233382,1.0,2.0,5.0,0.0,0.1076923076923077,0.1076923076923077
B2,20,8,65.0,3.0,65.0,0.0,1.0,0.0,-1.0,18.0,10.0,0.1357787884771824,2.0,0.0,3.0,0.0,0.046153846153846156,0.046153846153846156
B2,21,1,505.0,54.0,505.0,1.0,0.0,1.0,0.5690350022612536,162.0,162.0,1.6237172298133373,11.0,54.0,0.0,0.0,0.10693069306930693,0.10693069306930693
B2,21,2,505.0,49.0,505.0,2.0,0.0,2.0,1.4457312203338406,147.0,147.0,1.810772629454732,11.0,49.0,0.0,0.0,0.09702970297029703,0.09702970297029703
B2,21,3,505.0,50.0,505.0,0.0,0.0,0.0,0.0,300.0,300.0,3.927585550583899,16.0,0.0,50.0,0.0,0.09900990099009901,0.09900990099009901
B2,21,4,505.0,15.0,505.0,0.0,0.0,0.0,0.0,90.0,89.0,0.6194513468071818,5.0,0.0,15.0,0.0,0.0297029702970297,0.0297029702970297
B2,21,5,505.0,56.0,505.0,0.0,0.0,0.0,0.0,336.0,336.0,2.32916421815753,14.0,0.0,56.0,0.0,0.11089108910891089,0.11089108910891089
B2,21,6,505.0,14.0,505.0,0.0,0.0,0.0,0.0,140.0,140.0,0.8097340501844883,6.0,0.0,0.0,14.0,0.027722772277227723,0.027722772277227723
B2,21,7,505.0,264.0,505.0,27.0,0.0,27.0,3.7701923783977827,996.0,996.0,11.181105667725205,6.0,196.0,68.0,0.0,0.5227722772277228,0.5227722772277228
B2,21,8,505.0,3.0,505.0,0.0,2.0,0.0,-2.0,18.0,6.0,0.1101059727370739,3.0,0.0,3.0,0.0,0.005940594059405941,0.005940594059405941
B2,22,1,1207.0,339.0,1207.0,29.0,0.0,29.0,47.230204754799644,1026.0,1026.0,11.00301181152463,30.0,336.0,3.0,0.0,0.28086164043082024,0.28086164043082024
B2,22,2,1207.0,222.0,1207.0,12.0,0.0,12.0,12.731634024899249,681.0,681.0,8.45653335377574,29.0,217.0,5.0,0.0,0.18392709196354598,0.18392709196354598
B2,22,3,1207.0,95.0,1207.0,0.0,0.0,0.0,0.0,309.0,309.0,6.743199227377772,27.0,87.0,8.0,0.0,0.07870753935376967,0.07870753935376967
B2,22,4,1207.0,108.0,1207.0,10.0,1.0,10.0,9.10575635440324,648.0,642.0,4.6743848621845245,24.0,0.0,108.0,0.0,0.08947804473902236,0.08947804473902236
B2,22,5,1207.0,123.0,1207.0,3.0,1.0,3.0,2.5669607185317407,738.0,732.0,5.362960290163755,24.0,0.0,123.0,0.0,0.10190555095277548,0.10190555095277548
B2,22,6,1207.0,113.0,1207.0,0.0,0.0,0.0,0.0,339.0,339.0,3.3254022570326924,33.0,113.0,0.0,0.0,0.0936205468102734,0.0936205468102734
B2,22,7,1207.0,186.0,1207.0,10.0,0.0,10.0,2.9471314882479307,654.0,654.0,8.83472912106663,31.0,154.0,32.0,0.0,0.15410107705053852,0.15410107705053852
B2,22,8,1207.0,21.0,1207.0,1.0,10.0,1.0,-8.796095097280908,108.0,32.0,0.7274163467809558,12.0,6.0,15.0,0.0,0.01739850869925435,0.01739850869925435
B2,23,1,3502.0,560.0,3502.0,20.0,0.0,20.0,14.659946032791886,1689.0,1689.0,18.402788523584604,87.0,557.0,3.0,0.0,0.1599086236436322,0.1599086236436322
B2,23,2,3502.0,847.0,3502.0,49.0,0.0,49.0,68.12704600702244,2574.0,2574.0,33.26311663817614,67.0,836.0,11.0,0.0,0.24186179326099372,0.24186179326099372
B2,23,3,3502.0,384.0,3502.0,1.0,0.0,1.0,10.0,1440.0,1440.0,28.070048875175416,72.0,288.0,96.0,0.0,0.1096516276413478,0.1096516276413478
B2,23,4,3502.0,387.0,3502.0,8.0,5.0,8.0,0.07296392492331083,2322.0,2263.0,17.093530032783747,79.0,0.0,387.0,0.0,0.11050828098229583,0.11050828098229583
B2,23,5,3502.0,319.0,3502.0,8.0,2.0,8.0,7.664281953973562,1914.0,1902.0,16.3886148808524,58.0,0.0,319.0,0.0,0.0910908052541405,0.0910908052541405
B2,23,6,3502.0,421.0,3502.0,2.0,0.0,2.0,14.959219081335965,4210.0,4210.0,23.305624069646,83.0,0.0,0.0,421.0,0.1202170188463735,0.1202170188463735
B2,23,7,3502.0,517.0,3502.0,31.0,0.0,31.0,18.254854945957625,1917.0,1917.0,23.1117030326277,61.0,395.0,122.0,0.0,0.14762992575671044,0.14762992575671044
B2,23,8,3502.0,67.0,3502.0,1.0,19.0,1.0,-17.60310068454524,351.0,134.0,2.474496136419475,52.0,17.0,50.0,0.0,0.019131924614505996,0.019131924614505996
B2,24,1,101.0,11.0,101.0,3.0,0.0,3.0,11.111113211695855,36.0,36.0,0.3466401994228363,3.0,10.0,1.0,0.0,0.10891089108910891,0.10891089108910891
B2,24,2,101.0,6.0,101.0,1.0,0.0,1.0,0.48573339717453595,24.0,24.0,0.2460006633773446,3.0,4.0,2.0,0.0,0.0594059405940594,0.0594059405940594
B2,24,3,101.0,4.0,101.0,0.0,0.0,0.0,0.0,12.0,12.0,0.27396104019135237,2.0,4.0,0.0,0.0,0.039603960396039604,0.039603960396039604
B2,24,4,101.0,1.0,101.0,1.0,0.0,1.0,0.8212606633596656,6.0,6.0,0.03406663704663515,0.0,0.0,1.0,0.0,0.009900990099009901,0.009900990099009901
B2,24,5,101.0,39.0,101.0,2.0,0.0,2.0,2.9845846829980034,234.0,234.0,1.7459219945594668,3.0,0.0,39.0,0.0,0.38613861386138615,0.38613861386138615
B2,24,6,101.0,9.0,101.0,0.0,0.0,0.0,0.0,27.0,27.0,0.2608116725459695,3.0,9.0,0.0,0.0,0.0891089108910891,0.0891089108910891
B2,24,7,101.0,25.0,101.0,0.0,0.0,0.0,0.0,75.0,75.0,1.023929299786687,3.0,25.0,0.0,0.0,0.24752475247524752,0.24752475247524752
B2,24,8,101.0,6.0,101.0,2.0,1.0,2.0,1.4763693502929667,36.0,20.0,0.2863320345059037,4.0,0.0,6.0,0.0,0.0594059405940594,0.0594059405940594
B2,25,1,266.0,41.0,266.0,3.0,0.0,3.0,2.284793258517321,123.0,123.0,1.4161615800112486,8.0,41.0,0.0,0.0,0.15413533834586465,0.15413533834586465
B2,25,2,266.0,44.0,266.0,2.0,0.0,2.0,5.037005278164494,135.0,135.0,1.7950175553560257,11.0,43.0,1.0,0.0,0.16541353383458646,0.16541353383458646
B2,25,3,266.0,31.0,266.0,0.0,0.0,0.0,0.0,93.0,93.0,2.2580155730247498,12.0,31.0,0.0,0.0,0.11654135338345864,0.11654135338345864
B2,25,4,266.0,33.0,266.0,6.0,0.0,6.0,16.639728163180436,198.0,198.0,1.2569367038086057,1.0,0.0,33.0,0.0,0.12406015037593984,0.12406015037593984
B2,25,5,266.0,38.0,266.0,1.0,0.0,1.0,0.32574394951552965,228.0,228.0,1.7519475799053907,4.0,0.0,38.0,0.0,0.14285714285714285,0.14285714285714285
B2,25,6,266.0,26.0,266.0,1.0,0.0,1.0,1.4987287488336707,260.0,260.0,1.4767358535900712,10.0,0.0,0.0,26.0,0.09774436090225563,0.09774436090225563
B2,25,7,266.0,52.0,266.0,4.0,0.0,4.0,10.373445964410093,222.0,222.0,2.231685657054186,8.0,30.0,22.0,0.0,0.19548872180451127,0.19548872180451127
B2,25,8,266.0,1.0,266.0,0.0,0.0,0.0,0.0,6.0,3.0,0.036291335709393024,1.0,0.0,1.0,0.0,0.0037593984962406013,0.0037593984962406013
B2,26,1,145.0,7.0,145.0,5.0,0.0,5.0,3.1059680750395926,24.0,24.0,0.2166628073900938,1.0,6.0,1.0,0.0,0.04827586206896552,0.04827586206896552
B2,26,2,145.0,33.0,145.0,13.0,0.0,13.0,35.18534737286152,129.0,129.0,1.267292721197009,4.0,23.0,10.0,0.0,0.22758620689655173,0.22758620689655173
B2,26,3,145.0,15.0,145.0,1.0,0.0,1.0,0.6333814559504335,54.0,54.0,1.0354017596691847,4.0,12.0,3.0,0.0,0.10344827586206896,0.10344827586206896
B2,26,4,145.0,25.0,145.0,3.0,1.0,3.0,7.579743698395423,150.0,144.0,0.900121764279902,6.0,0.0,25.0,0.0,0.1724137931034483,0.1724137931034483
B2,26,5,145.0,18.0,145.0,4.0,0.0,4.0,19.51989674488002,108.0,108.0,0.7058986993506551,4.0,0.0,18.0,0.0,0.12413793103448276,0.12413793103448276
B2,26,6,145.0,9.0,145.0,0.0,0.0,0.0,0.0,27.0,27.0,0.2530524833127856,5.0,9.0,0.0,0.0,0.06206896551724138,0.06206896551724138
B2,26,7,145.0,21.0,145.0,2.0,0.0,2.0,18.534342581335615,134.0,134.0,0.9372647823765874,4.0,0.0,19.0,2.0,0.14482758620689656,0.14482758620689656
B2,26,8,145.0,17.0,145.0,1.0,2.0,1.0,6.625504488398656,99.0,49.0,0.6145426584407687,7.0,1.0,16.0,0.0,0.11724137931034483,0.11724137931034483
B2,27,1,120.0,19.0,120.0,3.0,0.0,3.0,1.5277037939745104,57.0,57.0,0.5667847264558077,4.0,19.0,0.0,0.0,0.15833333333333333,0.15833333333333333
B2,27,2,120.0,7.0,120.0,2.0,0.0,2.0,1.6049231743112724,24.0,24.0,0.26996440533548594,5.0,6.0,1.0,0.0,0.058333333333333334,0.058333333333333334
B2,27,3,120.0,13.0,120.0,0.0,0.0,0.0,0.0,51.0,51.0,0.9164739418774843,6.0,9.0,4.0,0.0,0.10833333333333334,0.10833333333333334
B2,27,4,120.0,4.0,120.0,0.0,1.0,0.0,-1.0,24.0,18.0,0.1435163700953126,2.0,0.0,4.0,0.0,0.03333333333333333,0.03333333333333333
B2,27,5,120.0,9.0,120.0,1.0,0.0,1.0,0.8709150582892422,54.0,54.0,0.34289616998285055,6.0,0.0,9.0,0.0,0.075,0.075
B2,27,6,120.0,20.0,120.0,1.0,0.0,1.0,0.1285773531098728,200.0,200.0,1.0577012468129396,8.0,0.0,0.0,20.0,0.16666666666666666,0.16666666666666666
B2,27,7,120.0,36.0,120.0,4.0,0.0,4.0,1.806072343356134,216.0,216.0,1.7423081947490573,3.0,0.0,36.0,0.0,0.3,0.3
B2,27,8,120.0,12.0,120.0,1.0,4.0,1.0,6.0,45.0,26.0,0.37104407139122486,4.0,9.0,3.0,0.0,0.1,0.1
B2,28,1,45.0,11.0,45.0,0.0,0.0,0.0,0.0,33.0,33.0,0.330401954241097,1.0,11.0,0.0,0.0,0.24444444444444444,0.24444444444444444
B2,28,2,45.0,3.0,45.0,0.0,0.0,0.0,0.0,9.0,9.0,0.10887418873608112,2.0,3.0,0.0,0.0,0.06666666666666667,0.06666666666666667
B2,28,3,45.0,0.0,45.0,0.0,0.0,0.0,0.0,0.0,0.0,0.0,0.0,0.0,0.0,0.0,0.0,0.0
B2,28,4,45.0,3.0,45.0,0.0,0.0,0.0,0.0,9.0,9.0,0.08406904339790344,0.0,3.0,0.0,0.0,0.06666666666666667,0.06666666666666667
B2,28,5,45.0,5.0,45.0,0.0,0.0,0.0,0.0,15.0,15.0,0.15246643498539925,3.0,5.0,0.0,0.0,0.1111111111111111,0.1111111111111111
B2,28,6,45.0,4.0,45.0,0.0,0.0,0.0,0.0,12.0,12.0,0.11649803631007671,4.0,4.0,0.0,0.0,0.08888888888888889,0.08888888888888889
B2,28,7,45.0,18.0,45.0,3.0,0.0,3.0,11.82654384270117,54.0,54.0,0.8306118501350284,1.0,18.0,0.0,0.0,0.4,0.4
B2,28,8,45.0,1.0,45.0,0.0,1.0,0.0,-1.0,3.0,0.0,0.027432537637650967,1.0,1.0,0.0,0.0,0.022222222222222223,0.022222222222222223
B2,29,1,173.0,14.0,173.0,0.0,0.0,0.0,0.0,45.0,45.0,0.4040046101436019,2.0,13.0,1.0,0.0,0.08092485549132948,0.08092485549132948
B2,29,2,173.0,81.0,173.0,3.0,0.0,3.0,6.184350821647419,246.0,246.0,3.1166087202727795,1.0,80.0,1.0,0.0,0.4682080924855491,0.4682080924855491
B2,29,3,173.0,24.0,173.0,0.0,0.0,0.0,0.0,141.0,141.0,1.8742719646543264,6.0,1.0,23.0,0.0,0.13872832369942195,0.13872832369942195
B2,29,4,173.0,18.0,173.0,0.0,0.0,0.0,0.0,54.0,54.0,0.5193143216893077,4.0,18.0,0.0,0.0,0.10404624277456648,0.10404624277456648
B2,29,5,173.0,11.0,173.0,0.0,0.0,0.0,0.0,33.0,33.0,0.2990567237138748,1.0,11.0,0.0,0.0,0.06358381502890173,0.06358381502890173
B2,29,6,173.0,7.0,173.0,0.0,0.0,0.0,0.0,70.0,70.0,0.36005764827132225,4.0,0.0,0.0,7.0,0.04046242774566474,0.04046242774566474
B2,29,7,173.0,14.0,173.0,1.0,0.0,1.0,10.0,42.0,42.0,0.6971637615934014,1.0,14.0,0.0,0.0,0.08092485549132948,0.08092485549132948
B2,29,8,173.0,4.0,173.0,0.0,3.0,0.0,-3.0,12.0,3.0,0.1082019628956914,1.0,4.0,0.0,0.0,0.023121387283236993,0.023121387283236993
B2,30,1,263.0,103.0,263.0,62.0,0.0,62.0,389.1668820172329,898.0,898.0,5.190304610878229,11.0,0.0,33.0,70.0,0.3916349809885932,0.3916349809885932
B2,30,2,263.0,35.0,263.0,10.0,0.0,10.0,75.62015953154835,250.0,250.0,2.4110754374414682,10.0,0.0,25.0,10.0,0.13307984790874525,0.13307984790874525
B2,30,3,263.0,21.0,263.0,5.0,0.0,5.0,31.063378916360286,105.0,105.0,1.5696931257843971,6.0,7.0,14.0,0.0,0.07984790874524715,0.07984790874524715
B2,30,4,263.0,12.0,263.0,2.0,0.0,2.0,9.663907195987186,36.0,36.0,0.3564529959112406,7.0,12.0,0.0,0.0,0.045627376425855515,0.045627376425855515
B2,30,5,263.0,14.0,263.0,4.0,0.0,4.0,18.16391766636918,42.0,42.0,0.4042483502998948,8.0,14.0,0.0,0.0,0.053231939163498096,0.053231939163498096
B2,30,6,263.0,10.0,263.0,0.0,0.0,0.0,0.0,30.0,30.0,0.2876313142478466,5.0,10.0,0.0,0.0,0.03802281368821293,0.03802281368821293
B2,30,7,263.0,50.0,263.0,20.0,0.0,20.0,95.1406699538881,237.0,237.0,2.3103142362087965,16.0,21.0,29.0,0.0,0.19011406844106463,0.19011406844106463
B2,30,8,263.0,18.0,263.0,4.0,6.0,4.0,25.400554011226376,99.0,55.0,0.6547752069309354,7.0,3.0,15.0,0.0,0.06844106463878327,0.06844106463878327
B2,31,1,327.0,77.0,327.0,24.0,0.0,24.0,76.38759958177224,662.0,662.0,3.900118206627667,13.0,0.0,27.0,50.0,0.23547400611620795,0.23547400611620795
B2,31,2,327.0,58.0,327.0,13.0,0.0,13.0,51.38497073893697,412.0,412.0,3.2072377242147923,12.0,0.0,42.0,16.0,0.17737003058103976,0.17737003058103976
B2,31,3,327.0,14.0,327.0,0.0,0.0,0.0,0.0,57.0,57.0,1.0415882412344217,7.0,9.0,5.0,0.0,0.04281345565749235,0.04281345565749235
B2,31,4,327.0,41.0,327.0,6.0,0.0,6.0,38.6519691252639,123.0,123.0,1.2272694120183587,10.0,41.0,0.0,0.0,0.12538226299694188,0.12538226299694188
B2,31,5,327.0,18.0,327.0,2.0,0.0,2.0,3.407195055960622,54.0,54.0,0.6285910923033953,8.0,18.0,0.0,0.0,0.05504587155963303,0.05504587155963303
B2,31,6,327.0,29.0,327.0,3.0,0.0,3.0,30.0,290.0,290.0,1.6040030606091022,11.0,0.0,0.0,29.0,0.08868501529051988,0.08868501529051988
B2,31,7,327.0,67.0,327.0,20.0,0.0,20.0,109.59869463454457,249.0,249.0,3.168091429397464,7.0,51.0,16.0,0.0,0.20489296636085627,0.20489296636085627
B2,31,8,327.0,23.0,327.0,3.0,10.0,3.0,4.984307542610079,111.0,36.0,0.8511390257626772,10.0,9.0,14.0,0.0,0.07033639143730887,0.07033639143730887
B2,32,1,0.0,0.0,0.0,0.0,0.0,0.0,0.0,0.0,0.0,0.0,0.0,0.0,0.0,0.0,,
B2,32,2,0.0,0.0,0.0,0.0,0.0,0.0,0.0,0.0,0.0,0.0,0.0,0.0,0.0,0.0,,
B2,32,3,0.0,0.0,0.0,0.0,0.0,0.0,0.0,0.0,0.0,0.0,0.0,0.0,0.0,0.0,,
B2,32,4,0.0,0.0,0.0,0.0,0.0,0.0,0.0,0.0,0.0,0.0,0.0,0.0,0.0,0.0,,
B2,32,5,0.0,0.0,0.0,0.0,0.0,0.0,0.0,0.0,0.0,0.0,0.0,0.0,0.0,0.0,,
B2,32,6,0.0,0.0,0.0,0.0,0.0,0.0,0.0,0.0,0.0,0.0,0.0,0.0,0.0,0.0,,
B2,32,7,0.0,0.0,0.0,0.0,0.0,0.0,0.0,0.0,0.0,0.0,0.0,0.0,0.0,0.0,,
B2,32,8,0.0,0.0,0.0,0.0,0.0,0.0,0.0,0.0,0.0,0.0,0.0,0.0,0.0,0.0,,
B2,33,1,0.0,0.0,0.0,0.0,0.0,0.0,0.0,0.0,0.0,0.0,0.0,0.0,0.0,0.0,,
B2,33,2,0.0,0.0,0.0,0.0,0.0,0.0,0.0,0.0,0.0,0.0,0.0,0.0,0.0,0.0,,
B2,33,3,0.0,0.0,0.0,0.0,0.0,0.0,0.0,0.0,0.0,0.0,0.0,0.0,0.0,0.0,,
B2,33,4,0.0,0.0,0.0,0.0,0.0,0.0,0.0,0.0,0.0,0.0,0.0,0.0,0.0,0.0,,
B2,33,5,0.0,0.0,0.0,0.0,0.0,0.0,0.0,0.0,0.0,0.0,0.0,0.0,0.0,0.0,,
B2,33,6,0.0,0.0,0.0,0.0,0.0,0.0,0.0,0.0,0.0,0.0,0.0,0.0,0.0,0.0,,
B2,33,7,0.0,0.0,0.0,0.0,0.0,0.0,0.0,0.0,0.0,0.0,0.0,0.0,0.0,0.0,,
B2,33,8,0.0,0.0,0.0,0.0,0.0,0.0,0.0,0.0,0.0,0.0,0.0,0.0,0.0,0.0,,
B2,34,1,70.0,1.0,70.0,0.0,0.0,0.0,0.0,3.0,3.0,0.02873296570032835,0.0,1.0,0.0,0.0,0.014285714285714285,0.014285714285714285
B2,34,2,70.0,8.0,70.0,0.0,0.0,0.0,0.0,24.0,24.0,0.2902947263792157,4.0,8.0,0.0,0.0,0.11428571428571428,0.11428571428571428
B2,34,3,70.0,3.0,70.0,0.0,0.0,0.0,0.0,18.0,18.0,0.2275522919371724,3.0,0.0,3.0,0.0,0.04285714285714286,0.04285714285714286
B2,34,4,70.0,0.0,70.0,0.0,0.0,0.0,0.0,0.0,0.0,0.0,0.0,0.0,0.0,0.0,0.0,0.0
B2,34,5,70.0,18.0,70.0,0.0,0.0,0.0,0.0,54.0,54.0,0.5183470668271184,3.0,18.0,0.0,0.0,0.2571428571428571,0.2571428571428571
B2,34,6,70.0,8.0,70.0,0.0,0.0,0.0,0.0,24.0,24.0,0.22680208180099726,4.0,8.0,0.0,0.0,0.11428571428571428,0.11428571428571428
B2,34,7,70.0,32.0,70.0,2.0,0.0,2.0,5.089008761671917,141.0,141.0,1.353775774128735,1.0,17.0,15.0,0.0,0.45714285714285713,0.45714285714285713
B2,34,8,70.0,0.0,70.0,0.0,0.0,0.0,0.0,0.0,0.0,0.0,0.0,0.0,0.0,0.0,0.0,0.0
B2,35,1,360.0,37.0,360.0,5.0,0.0,5.0,8.707247314270155,129.0,129.0,1.1513510504737496,10.0,31.0,6.0,0.0,0.10277777777777777,0.10277777777777777
B2,35,2,360.0,48.0,360.0,2.0,0.0,2.0,7.539813866377424,150.0,150.0,1.7601883737370372,8.0,46.0,2.0,0.0,0.13333333333333333,0.13333333333333333
B2,35,3,360.0,14.0,360.0,0.0,0.0,0.0,0.0,84.0,84.0,1.0508826356381178,2.0,0.0,14.0,0.0,0.03888888888888889,0.03888888888888889
B2,35,4,360.0,34.0,360.0,0.0,0.0,0.0,0.0,102.0,96.0,0.9283761316910386,9.0,34.0,0.0,0.0,0.09444444444444444,0.09444444444444444
B2,35,5,360.0,22.0,360.0,0.0,0.0,0.0,0.0,66.0,66.0,0.6088368631899357,4.0,22.0,0.0,0.0,0.06111111111111111,0.06111111111111111
B2,35,6,360.0,33.0,360.0,0.0,0.0,0.0,0.0,330.0,330.0,1.7281080251559615,6.0,0.0,0.0,33.0,0.09166666666666666,0.09166666666666666
B2,35,7,360.0,163.0,360.0,28.0,0.0,28.0,50.35004773316229,618.0,618.0,7.043547938577831,9.0,120.0,43.0,0.0,0.4527777777777778,0.4527777777777778
B2,35,8,360.0,9.0,360.0,0.0,5.0,0.0,-5.0,48.0,8.0,0.2710399003699422,9.0,2.0,7.0,0.0,0.025,0.025
B2,36,1,920.0,143.0,920.0,9.0,0.0,9.0,22.80875976764905,510.0,510.0,4.848023584112525,31.0,116.0,27.0,0.0,0.15543478260869564,0.15543478260869564
B2,36,2,920.0,140.0,920.0,9.0,0.0,9.0,26.39740528693627,495.0,495.0,5.724213658832014,20.0,115.0,25.0,0.0,0.15217391304347827,0.15217391304347827
B2,36,3,920.0,97.0,920.0,2.0,0.0,2.0,11.178239770187473,360.0,360.0,7.0467068729922175,22.0,74.0,23.0,0.0,0.10543478260869565,0.10543478260869565
B2,36,4,920.0,82.0,920.0,2.0,1.0,2.0,0.7727190599042691,246.0,243.0,2.822210614569485,20.0,82.0,0.0,0.0,0.0891304347826087,0.0891304347826087
B2,36,5,920.0,98.0,920.0,4.0,0.0,4.0,10.181053012645677,294.0,294.0,3.391747632995248,24.0,98.0,0.0,0.0,0.10652173913043478,0.10652173913043478
B2,36,6,920.0,107.0,920.0,0.0,0.0,0.0,0.0,321.0,321.0,3.1823631711304188,24.0,107.0,0.0,0.0,0.11630434782608695,0.11630434782608695
B2,36,7,920.0,197.0,920.0,15.0,0.0,15.0,48.273880769750434,660.0,660.0,9.082696409896016,14.0,174.0,23.0,0.0,0.2141304347826087,0.2141304347826087
B2,36,8,920.0,56.0,920.0,3.0,21.0,3.0,9.0,267.0,80.0,1.9399797152727842,16.0,23.0,33.0,0.0,0.06086956521739131,0.06086956521739131
B2,37,1,3514.0,493.0,3514.0,18.0,0.0,18.0,35.96481501052973,1626.0,1626.0,16.676748282276094,77.0,444.0,49.0,0.0,0.14029595902105862,0.14029595902105862
B2,37,2,3514.0,662.0,3514.0,41.0,0.0,41.0,113.6411497352672,2223.0,2223.0,27.3083175169304,55.0,583.0,79.0,0.0,0.18838929994308481,0.18838929994308481
B2,37,3,3514.0,265.0,3514.0,0.0,0.0,0.0,0.0,1131.0,1131.0,19.9371192259714,67.0,153.0,112.0,0.0,0.07541263517359136,0.07541263517359136
B2,37,4,3514.0,355.0,3514.0,3.0,2.0,3.0,8.99052510043917,1065.0,1059.0,12.427037707529962,63.0,355.0,0.0,0.0,0.1010244735344337,0.1010244735344337
B2,37,5,3514.0,456.0,3514.0,11.0,0.0,11.0,19.54260298180539,1368.0,1368.0,15.862565411254764,75.0,456.0,0.0,0.0,0.12976664769493454,0.12976664769493454
B2,37,6,3514.0,326.0,3514.0,3.0,0.0,3.0,10.066548599936826,3260.0,3260.0,18.54058981873095,70.0,0.0,0.0,326.0,0.09277177006260671,0.09277177006260671
B2,37,7,3514.0,873.0,3514.0,82.0,0.0,82.0,258.87531609885787,3324.0,3324.0,39.90746071655303,68.0,638.0,235.0,0.0,0.24843483210017075,0.24843483210017075
B2,37,8,3514.0,84.0,3514.0,3.0,39.0,3.0,-15.040216895393854,342.0,123.0,2.7010364001616836,58.0,54.0,30.0,0.0,0.02390438247011952,0.02390438247011952
B2,38,1,22.0,1.0,22.0,0.0,0.0,0.0,0.0,6.0,6.0,0.06636395305395126,1.0,0.0,1.0,0.0,0.045454545454545456,0.045454545454545456
B2,38,2,22.0,0.0,22.0,0.0,0.0,0.0,0.0,0.0,0.0,0.0,0.0,0.0,0.0,0.0,0.0,0.0
B2,38,3,22.0,16.0,22.0,1.0,0.0,1.0,4.559206063609508,48.0,48.0,1.2018059631809592,1.0,16.0,0.0,0.0,0.7272727272727273,0.7272727272727273
B2,38,4,22.0,0.0,22.0,0.0,0.0,0.0,0.0,0.0,0.0,0.0,0.0,0.0,0.0,0.0,0.0,0.0
B2,38,5,22.0,0.0,22.0,0.0,0.0,0.0,0.0,0.0,0.0,0.0,0.0,0.0,0.0,0.0,0.0,0.0
B2,38,6,22.0,3.0,22.0,0.0,0.0,0.0,0.0,9.0,9.0,0.11137123219668865,1.0,3.0,0.0,0.0,0.13636363636363635,0.13636363636363635
B2,38,7,22.0,2.0,22.0,0.0,0.0,0.0,0.0,9.0,9.0,0.09923716261982918,1.0,1.0,1.0,0.0,0.09090909090909091,0.09090909090909091
B2,38,8,22.0,0.0,22.0,0.0,0.0,0.0,0.0,0.0,0.0,0.0,0.0,0.0,0.0,0.0,0.0,0.0
B2,39,1,36.0,1.0,36.0,0.0,0.0,0.0,0.0,6.0,6.0,0.037586696445941925,1.0,0.0,1.0,0.0,0.027777777777777776,0.027777777777777776
B2,39,2,36.0,1.0,36.0,0.0,0.0,0.0,0.0,3.0,3.0,0.04125161375850439,0.0,1.0,0.0,0.0,0.027777777777777776,0.027777777777777776
B2,39,3,36.0,0.0,36.0,0.0,0.0,0.0,0.0,0.0,0.0,0.0,0.0,0.0,0.0,0.0,0.0,0.0
B2,39,4,36.0,1.0,36.0,0.0,0.0,0.0,0.0,3.0,3.0,0.027618199586868286,0.0,1.0,0.0,0.0,0.027777777777777776,0.027777777777777776
B2,39,5,36.0,16.0,36.0,2.0,0.0,2.0,2.697515499038795,48.0,48.0,0.5179842161014676,3.0,16.0,0.0,0.0,0.4444444444444444,0.4444444444444444
B2,39,6,36.0,3.0,36.0,0.0,0.0,0.0,0.0,30.0,30.0,0.16761070024222136,1.0,0.0,0.0,3.0,0.08333333333333333,0.08333333333333333
B2,39,7,36.0,5.0,36.0,2.0,0.0,2.0,6.3120758946158775,18.0,18.0,0.2453778563067317,1.0,4.0,1.0,0.0,0.1388888888888889,0.1388888888888889
B2,39,8,36.0,9.0,36.0,2.0,3.0,2.0,17.0,54.0,18.0,0.7249973360449076,1.0,0.0,9.0,0.0,0.25,0.25
B2,40,1,40.0,9.0,40.0,4.0,0.0,4.0,7.506844349844864,30.0,30.0,0.2784402687102556,4.0,8.0,1.0,0.0,0.225,0.225
B2,40,2,40.0,0.0,40.0,0.0,0.0,0.0,0.0,0.0,0.0,0.0,0.0,0.0,0.0,0.0,0.0,0.0
B2,40,3,40.0,3.0,40.0,0.0,0.0,0.0,0.0,9.0,9.0,0.1989116258919239,3.0,3.0,0.0,0.0,0.075,0.075
B2,40,4,40.0,9.0,40.0,2.0,0.0,2.0,3.5547464486459734,27.0,27.0,0.23860853910446167,1.0,9.0,0.0,0.0,0.225,0.225
B2,40,5,40.0,12.0,40.0,3.0,0.0,3.0,5.812461591489145,36.0,36.0,0.3368066381663084,2.0,12.0,0.0,0.0,0.3,0.3
B2,40,6,40.0,2.0,40.0,0.0,0.0,0.0,0.0,6.0,6.0,0.05555861070752144,0.0,2.0,0.0,0.0,0.05,0.05
B2,40,7,40.0,2.0,40.0,0.0,0.0,0.0,0.0,12.0,12.0,0.08623726293444633,1.0,0.0,2.0,0.0,0.05,0.05
B2,40,8,40.0,3.0,40.0,0.0,3.0,0.0,-3.0,15.0,0.0,0.07862596958875656,3.0,1.0,2.0,0.0,0.075,0.075
B2,41,1,60.0,5.0,60.0,2.0,0.0,2.0,2.8053827767417623,21.0,21.0,0.15410403162240982,2.0,3.0,2.0,0.0,0.08333333333333333,0.08333333333333333
B2,41,2,60.0,17.0,60.0,5.0,0.0,5.0,17.615499640258598,57.0,57.0,0.6721993153914809,0.0,15.0,2.0,0.0,0.2833333333333333,0.2833333333333333
B2,41,3,60.0,5.0,60.0,0.0,0.0,0.0,0.0,15.0,15.0,0.33253014087677,4.0,5.0,0.0,0.0,0.08333333333333333,0.08333333333333333
B2,41,4,60.0,15.0,60.0,3.0,5.0,3.0,18.347921342070457,45.0,24.0,0.3348636506125331,2.0,15.0,0.0,0.0,0.25,0.25
B2,41,5,60.0,1.0,60.0,0.0,0.0,0.0,0.0,3.0,3.0,0.02605870831757784,1.0,1.0,0.0,0.0,0.016666666666666666,0.016666666666666666
B2,41,6,60.0,7.0,60.0,0.0,0.0,0.0,0.0,70.0,70.0,0.3555471748113632,6.0,0.0,0.0,7.0,0.11666666666666667,0.11666666666666667
B2,41,7,60.0,9.0,60.0,2.0,0.0,2.0,1.714094712115962,54.0,54.0,0.39267722703516483,6.0,0.0,9.0,0.0,0.15,0.15
B2,41,8,60.0,1.0,60.0,0.0,0.0,0.0,0.0,3.0,2.0,0.02648978680372238,0.0,1.0,0.0,0.0,0.016666666666666666,0.016666666666666666
B3,0,1,43.0,9.0,43.0,1.0,0.0,1.0,0.8162165210449833,27.0,27.0,0.24941448494791985,1.0,9.0,0.0,0.0,0.20930232558139536,0.20930232558139536
B3,0,2,43.0,2.0,43.0,0.0,0.0,0.0,0.0,6.0,6.0,0.07130742073059082,1.0,2.0,0.0,0.0,0.046511627906976744,0.046511627906976744
B3,0,3,43.0,0.0,43.0,0.0,0.0,0.0,0.0,0.0,0.0,0.0,0.0,0.0,0.0,0.0,0.0,0.0
B3,0,4,43.0,4.0,43.0,0.0,0.0,0.0,0.0,40.0,40.0,0.1904056491330266,3.0,0.0,0.0,4.0,0.09302325581395349,0.09302325581395349
B3,0,5,43.0,7.0,43.0,0.0,0.0,0.0,0.0,70.0,70.0,0.3387238383293152,2.0,0.0,0.0,7.0,0.16279069767441862,0.16279069767441862
B3,0,6,43.0,1.0,43.0,0.0,0.0,0.0,0.0,3.0,3.0,0.025983886793255806,1.0,1.0,0.0,0.0,0.023255813953488372,0.023255813953488372
B3,0,7,43.0,19.0,43.0,1.0,0.0,1.0,0.193386189655671,114.0,114.0,0.8100825743749738,0.0,0.0,19.0,0.0,0.4418604651162791,0.4418604651162791
B3,0,8,43.0,1.0,43.0,0.0,1.0,0.0,-1.0,6.0,0.0,0.032338764518499374,1.0,0.0,1.0,0.0,0.023255813953488372,0.023255813953488372
B3,1,1,72.0,7.0,72.0,0.0,0.0,0.0,0.0,21.0,21.0,0.20143535733222961,5.0,7.0,0.0,0.0,0.09722222222222222,0.09722222222222222
B3,1,2,72.0,11.0,72.0,0.0,0.0,0.0,0.0,33.0,33.0,0.4160426752641797,2.0,11.0,0.0,0.0,0.1527777777777778,0.1527777777777778
B3,1,3,72.0,12.0,72.0,1.0,0.0,1.0,1.4731978454272991,36.0,36.0,0.8146126316860318,2.0,12.0,0.0,0.0,0.16666666666666666,0.16666666666666666
B3,1,4,72.0,7.0,72.0,0.0,1.0,0.0,-1.0,70.0,60.0,0.3133529480546713,1.0,0.0,0.0,7.0,0.09722222222222222,0.09722222222222222
B3,1,5,72.0,12.0,72.0,0.0,0.0,0.0,0.0,120.0,120.0,0.6012231688946486,2.0,0.0,0.0,12.0,0.16666666666666666,0.16666666666666666
B3,1,6,72.0,11.0,72.0,0.0,0.0,0.0,0.0,110.0,110.0,0.5662800930440426,3.0,0.0,0.0,11.0,0.1527777777777778,0.1527777777777778
B3,1,7,72.0,10.0,72.0,0.0,0.0,0.0,0.0,60.0,60.0,0.43417794071137905,1.0,0.0,10.0,0.0,0.1388888888888889,0.1388888888888889
B3,1,8,72.0,2.0,72.0,0.0,2.0,0.0,-2.0,12.0,0.0,0.05631660204380751,1.0,0.0,2.0,0.0,0.027777777777777776,0.027777777777777776
B3,2,1,0.0,0.0,0.0,0.0,0.0,0.0,0.0,0.0,0.0,0.0,0.0,0.0,0.0,0.0,,
B3,2,2,0.0,0.0,0.0,0.0,0.0,0.0,0.0,0.0,0.0,0.0,0.0,0.0,0.0,0.0,,
B3,2,3,0.0,0.0,0.0,0.0,0.0,0.0,0.0,0.0,0.0,0.0,0.0,0.0,0.0,0.0,,
B3,2,4,0.0,0.0,0.0,0.0,0.0,0.0,0.0,0.0,0.0,0.0,0.0,0.0,0.0,0.0,,
B3,2,5,0.0,0.0,0.0,0.0,0.0,0.0,0.0,0.0,0.0,0.0,0.0,0.0,0.0,0.0,,
B3,2,6,0.0,0.0,0.0,0.0,0.0,0.0,0.0,0.0,0.0,0.0,0.0,0.0,0.0,0.0,,
B3,2,7,0.0,0.0,0.0,0.0,0.0,0.0,0.0,0.0,0.0,0.0,0.0,0.0,0.0,0.0,,
B3,2,8,0.0,0.0,0.0,0.0,0.0,0.0,0.0,0.0,0.0,0.0,0.0,0.0,0.0,0.0,,
B3,3,1,0.0,0.0,0.0,0.0,0.0,0.0,0.0,0.0,0.0,0.0,0.0,0.0,0.0,0.0,,
B3,3,2,0.0,0.0,0.0,0.0,0.0,0.0,0.0,0.0,0.0,0.0,0.0,0.0,0.0,0.0,,
B3,3,3,0.0,0.0,0.0,0.0,0.0,0.0,0.0,0.0,0.0,0.0,0.0,0.0,0.0,0.0,,
B3,3,4,0.0,0.0,0.0,0.0,0.0,0.0,0.0,0.0,0.0,0.0,0.0,0.0,0.0,0.0,,
B3,3,5,0.0,0.0,0.0,0.0,0.0,0.0,0.0,0.0,0.0,0.0,0.0,0.0,0.0,0.0,,
B3,3,6,0.0,0.0,0.0,0.0,0.0,0.0,0.0,0.0,0.0,0.0,0.0,0.0,0.0,0.0,,
B3,3,7,0.0,0.0,0.0,0.0,0.0,0.0,0.0,0.0,0.0,0.0,0.0,0.0,0.0,0.0,,
B3,3,8,0.0,0.0,0.0,0.0,0.0,0.0,0.0,0.0,0.0,0.0,0.0,0.0,0.0,0.0,,
B3,4,1,0.0,0.0,0.0,0.0,0.0,0.0,0.0,0.0,0.0,0.0,0.0,0.0,0.0,0.0,,
B3,4,2,0.0,0.0,0.0,0.0,0.0,0.0,0.0,0.0,0.0,0.0,0.0,0.0,0.0,0.0,,
B3,4,3,0.0,0.0,0.0,0.0,0.0,0.0,0.0,0.0,0.0,0.0,0.0,0.0,0.0,0.0,,
B3,4,4,0.0,0.0,0.0,0.0,0.0,0.0,0.0,0.0,0.0,0.0,0.0,0.0,0.0,0.0,,
B3,4,5,0.0,0.0,0.0,0.0,0.0,0.0,0.0,0.0,0.0,0.0,0.0,0.0,0.0,0.0,,
B3,4,6,0.0,0.0,0.0,0.0,0.0,0.0,0.0,0.0,0.0,0.0,0.0,0.0,0.0,0.0,,
B3,4,7,0.0,0.0,0.0,0.0,0.0,0.0,0.0,0.0,0.0,0.0,0.0,0.0,0.0,0.0,,
B3,4,8,0.0,0.0,0.0,0.0,0.0,0.0,0.0,0.0,0.0,0.0,0.0,0.0,0.0,0.0,,
B3,5,1,0.0,0.0,0.0,0.0,0.0,0.0,0.0,0.0,0.0,0.0,0.0,0.0,0.0,0.0,,
B3,5,2,0.0,0.0,0.0,0.0,0.0,0.0,0.0,0.0,0.0,0.0,0.0,0.0,0.0,0.0,,
B3,5,3,0.0,0.0,0.0,0.0,0.0,0.0,0.0,0.0,0.0,0.0,0.0,0.0,0.0,0.0,,
B3,5,4,0.0,0.0,0.0,0.0,0.0,0.0,0.0,0.0,0.0,0.0,0.0,0.0,0.0,0.0,,
B3,5,5,0.0,0.0,0.0,0.0,0.0,0.0,0.0,0.0,0.0,0.0,0.0,0.0,0.0,0.0,,
B3,5,6,0.0,0.0,0.0,0.0,0.0,0.0,0.0,0.0,0.0,0.0,0.0,0.0,0.0,0.0,,
B3,5,7,0.0,0.0,0.0,0.0,0.0,0.0,0.0,0.0,0.0,0.0,0.0,0.0,0.0,0.0,,
B3,5,8,0.0,0.0,0.0,0.0,0.0,0.0,0.0,0.0,0.0,0.0,0.0,0.0,0.0,0.0,,
B3,6,1,15.0,0.0,15.0,0.0,0.0,0.0,0.0,0.0,0.0,0.0,0.0,0.0,0.0,0.0,0.0,0.0
B3,6,2,15.0,1.0,15.0,0.0,0.0,0.0,0.0,3.0,3.0,0.04036496486514807,0.0,1.0,0.0,0.0,0.06666666666666667,0.06666666666666667
B3,6,3,15.0,6.0,15.0,0.0,0.0,0.0,0.0,36.0,36.0,0.48156291153281927,0.0,0.0,6.0,0.0,0.4,0.4
B3,6,4,15.0,2.0,15.0,0.0,0.0,0.0,0.0,20.0,20.0,0.10807973053306341,0.0,0.0,0.0,2.0,0.13333333333333333,0.13333333333333333
B3,6,5,15.0,1.0,15.0,0.0,0.0,0.0,0.0,10.0,10.0,0.062395237386226654,0.0,0.0,0.0,1.0,0.06666666666666667,0.06666666666666667
B3,6,6,15.0,1.0,15.0,0.0,0.0,0.0,0.0,3.0,3.0,0.03151078522205353,0.0,1.0,0.0,0.0,0.06666666666666667,0.06666666666666667
B3,6,7,15.0,1.0,15.0,0.0,0.0,0.0,0.0,6.0,6.0,0.050547012127935886,0.0,0.0,1.0,0.0,0.06666666666666667,0.06666666666666667
B3,6,8,15.0,3.0,15.0,0.0,1.0,0.0,-1.0,18.0,5.0,0.11679057404398918,0.0,0.0,3.0,0.0,0.2,0.2
B3,7,1,155.0,45.0,155.0,2.0,0.0,2.0,2.1208851546571026,135.0,135.0,1.3995653297752142,4.0,45.0,0.0,0.0,0.2903225806451613,0.2903225806451613
B3,7,2,155.0,61.0,155.0,3.0,0.0,3.0,10.539054419470483,183.0,183.0,2.384997930377722,2.0,61.0,0.0,0.0,0.3935483870967742,0.3935483870967742
B3,7,3,155.0,6.0,155.0,0.0,0.0,0.0,0.0,40.0,40.0,0.472919637337327,1.0,0.0,5.0,1.0,0.03870967741935484,0.03870967741935484
B3,7,4,155.0,6.0,155.0,0.0,0.0,0.0,0.0,60.0,60.0,0.3090371023863554,2.0,0.0,0.0,6.0,0.03870967741935484,0.03870967741935484
B3,7,5,155.0,6.0,155.0,0.0,0.0,0.0,0.0,60.0,60.0,0.3326172521337867,1.0,0.0,0.0,6.0,0.03870967741935484,0.03870967741935484
B3,7,6,155.0,19.0,155.0,0.0,0.0,0.0,0.0,190.0,190.0,1.019097551703453,5.0,0.0,0.0,19.0,0.12258064516129032,0.12258064516129032
B3,7,7,155.0,7.0,155.0,0.0,0.0,0.0,0.0,42.0,42.0,0.33331017289310694,2.0,0.0,7.0,0.0,0.04516129032258064,0.04516129032258064
B3,7,8,155.0,5.0,155.0,0.0,0.0,0.0,0.0,30.0,18.0,0.19204593915492296,2.0,0.0,5.0,0.0,0.03225806451612903,0.03225806451612903
B3,8,1,583.0,107.0,583.0,5.0,0.0,5.0,21.050486877662813,321.0,321.0,3.313017413020134,14.0,107.0,0.0,0.0,0.1835334476843911,0.1835334476843911
B3,8,2,583.0,127.0,583.0,11.0,0.0,11.0,24.110814682109172,381.0,381.0,5.095470384694636,15.0,127.0,0.0,0.0,0.21783876500857632,0.21783876500857632
B3,8,3,583.0,103.0,583.0,4.0,0.0,4.0,3.807741437286672,333.0,333.0,7.1108250468969345,11.0,95.0,8.0,0.0,0.17667238421955403,0.17667238421955403
B3,8,4,583.0,39.0,583.0,1.0,1.0,1.0,-0.692947394162233,390.0,380.0,2.50915012601763,8.0,0.0,0.0,39.0,0.06689536878216124,0.06689536878216124
B3,8,5,583.0,52.0,583.0,2.0,1.0,2.0,2.6901414096006806,520.0,510.0,2.9943391932174563,7.0,0.0,0.0,52.0,0.08919382504288165,0.08919382504288165
B3,8,6,583.0,52.0,583.0,0.0,0.0,0.0,0.0,156.0,156.0,1.5523682069033384,11.0,52.0,0.0,0.0,0.08919382504288165,0.08919382504288165
B3,8,7,583.0,94.0,583.0,2.0,0.0,2.0,0.556741328050251,537.0,537.0,4.464003968052566,11.0,9.0,85.0,0.0,0.16123499142367068,0.16123499142367068
B3,8,8,583.0,9.0,583.0,0.0,3.0,0.0,-3.0,54.0,17.0,0.3419204195961356,3.0,0.0,9.0,0.0,0.015437392795883362,0.015437392795883362
B3,9,1,3806.0,688.0,3806.0,20.0,0.0,20.0,18.42962509585987,2064.0,2064.0,22.6360699897632,70.0,688.0,0.0,0.0,0.18076720966894377,0.18076720966894377
B3,9,2,3806.0,1020.0,3806.0,53.0,0.0,53.0,109.85616760289213,3075.0,3075.0,40.86575392726809,69.0,1015.0,5.0,0.0,0.2679978980557015,0.2679978980557015
B3,9,3,3806.0,604.0,3806.0,9.0,0.0,9.0,17.696266939161728,2121.0,2121.0,43.97992069367319,90.0,501.0,103.0,0.0,0.1586967945349448,0.1586967945349448
B3,9,4,3806.0,326.0,3806.0,5.0,10.0,5.0,-7.767239083581226,3260.0,3152.0,19.521139606833458,62.0,0.0,0.0,326.0,0.08565423016290068,0.08565423016290068
B3,9,5,3806.0,199.0,3806.0,1.0,10.0,1.0,-9.133869923401377,1990.0,1890.0,13.063167857937515,51.0,0.0,0.0,199.0,0.05228586442459275,0.05228586442459275
B3,9,6,3806.0,468.0,3806.0,0.0,0.0,0.0,0.0,4680.0,4680.0,25.46875738259405,77.0,0.0,0.0,468.0,0.12296374146085129,0.12296374146085129
B3,9,7,3806.0,423.0,3806.0,9.0,0.0,9.0,8.714431046480705,2265.0,2265.0,20.593361284583807,51.0,91.0,332.0,0.0,0.11114030478192329,0.11114030478192329
B3,9,8,3806.0,78.0,3806.0,0.0,27.0,0.0,-27.0,468.0,197.0,3.0538140079006553,58.0,0.0,78.0,0.0,0.020493956910141883,0.020493956910141883
B3,10,1,38.0,0.0,38.0,0.0,0.0,0.0,0.0,0.0,0.0,0.0,0.0,0.0,0.0,0.0,0.0,0.0
B3,10,2,38.0,13.0,38.0,2.0,0.0,2.0,0.6153122097072641,51.0,51.0,0.5615907534956932,0.0,9.0,4.0,0.0,0.34210526315789475,0.34210526315789475
B3,10,3,38.0,2.0,38.0,0.0,0.0,0.0,0.0,9.0,9.0,0.14914720878005028,1.0,1.0,1.0,0.0,0.05263157894736842,0.05263157894736842
B3,10,4,38.0,13.0,38.0,1.0,0.0,1.0,0.08832215416616371,130.0,95.0,0.7542438991367817,1.0,0.0,0.0,13.0,0.34210526315789475,0.34210526315789475
B3,10,5,38.0,6.0,38.0,1.0,0.0,1.0,0.18768403938691697,60.0,60.0,0.323177688755095,3.0,0.0,0.0,6.0,0.15789473684210525,0.15789473684210525
B3,10,6,38.0,2.0,38.0,0.0,0.0,0.0,0.0,6.0,6.0,0.051564641296863556,2.0,2.0,0.0,0.0,0.05263157894736842,0.05263157894736842
B3,10,7,38.0,0.0,38.0,0.0,0.0,0.0,0.0,0.0,0.0,0.0,0.0,0.0,0.0,0.0,0.0,0.0
B3,10,8,38.0,2.0,38.0,0.0,0.0,0.0,0.0,16.0,14.0,0.0916209639981389,1.0,0.0,1.0,1.0,0.05263157894736842,0.05263157894736842
B3,11,1,270.0,100.0,270.0,7.0,0.0,7.0,23.06886466552607,300.0,300.0,3.376115931198001,8.0,100.0,0.0,0.0,0.37037037037037035,0.37037037037037035
B3,11,2,270.0,66.0,270.0,6.0,0.0,6.0,22.69284863654006,198.0,198.0,3.193523509427905,8.0,66.0,0.0,0.0,0.24444444444444444,0.24444444444444444
B3,11,3,270.0,5.0,270.0,0.0,0.0,0.0,0.0,15.0,15.0,0.3641622541472316,3.0,5.0,0.0,0.0,0.018518518518518517,0.018518518518518517
B3,11,4,270.0,15.0,270.0,0.0,1.0,0.0,-1.0,150.0,140.0,0.8302579233422875,3.0,0.0,0.0,15.0,0.05555555555555555,0.05555555555555555
B3,11,5,270.0,32.0,270.0,0.0,1.0,0.0,-1.0,320.0,310.0,1.7929562162607908,6.0,0.0,0.0,32.0,0.11851851851851852,0.11851851851851852
B3,11,6,270.0,17.0,270.0,0.0,0.0,0.0,0.0,170.0,170.0,1.037134375423193,5.0,0.0,0.0,17.0,0.06296296296296296,0.06296296296296296
B3,11,7,270.0,27.0,270.0,2.0,0.0,2.0,0.39500672718571433,162.0,162.0,1.3735405951738358,3.0,0.0,27.0,0.0,0.1,0.1
B3,11,8,270.0,8.0,270.0,0.0,2.0,0.0,-2.0,52.0,16.0,0.32750680297613144,3.0,0.0,7.0,1.0,0.02962962962962963,0.02962962962962963
B3,12,1,476.0,72.0,476.0,25.0,0.0,25.0,82.0392232420741,243.0,243.0,1.9944199519231915,9.0,63.0,9.0,0.0,0.15126050420168066,0.15126050420168066
B3,12,2,476.0,95.0,476.0,20.0,0.0,20.0,33.04331949700343,288.0,288.0,3.3786210510879755,12.0,94.0,1.0,0.0,0.19957983193277312,0.19957983193277312
B3,12,3,476.0,26.0,476.0,2.0,0.0,2.0,2.7206914956689427,87.0,87.0,1.7083959067240357,12.0,23.0,3.0,0.0,0.0546218487394958,0.0546218487394958
B3,12,4,476.0,27.0,476.0,3.0,1.0,3.0,17.481502458955422,270.0,260.0,1.250135057605803,10.0,0.0,0.0,27.0,0.05672268907563025,0.05672268907563025
B3,12,5,476.0,89.0,476.0,13.0,1.0,13.0,20.27418850403532,890.0,880.0,4.492870157584548,17.0,0.0,0.0,89.0,0.1869747899159664,0.1869747899159664
B3,12,6,476.0,82.0,476.0,3.0,0.0,3.0,13.861872846594506,246.0,246.0,2.203726679086685,23.0,82.0,0.0,0.0,0.1722689075630252,0.1722689075630252
B3,12,7,476.0,49.0,476.0,9.0,0.0,9.0,8.592495689808255,402.0,402.0,2.428510133177042,21.0,0.0,22.0,27.0,0.10294117647058823,0.10294117647058823
B3,12,8,476.0,36.0,476.0,2.0,6.0,2.0,-2.3046472989233306,216.0,125.0,1.2875874461606145,21.0,0.0,36.0,0.0,0.07563025210084033,0.07563025210084033
B3,13,1,977.0,248.0,977.0,29.0,0.0,29.0,61.803754915139635,744.0,744.0,7.1405448745936155,39.0,248.0,0.0,0.0,0.2538382804503582,0.2538382804503582
B3,13,2,977.0,171.0,977.0,19.0,0.0,19.0,54.31537704486175,513.0,513.0,7.027571145445108,25.0,171.0,0.0,0.0,0.1750255885363357,0.1750255885363357
B3,13,3,977.0,124.0,977.0,10.0,0.0,10.0,15.626886916815604,387.0,387.0,8.458650553599,24.0,119.0,5.0,0.0,0.1269191402251791,0.1269191402251791
B3,13,4,977.0,77.0,977.0,1.0,6.0,1.0,-5.824686141918824,770.0,687.0,3.9929071413353086,28.0,0.0,0.0,77.0,0.07881269191402251,0.07881269191402251
B3,13,5,977.0,99.0,977.0,3.0,4.0,3.0,-2.5640356374343156,990.0,950.0,4.938827905803919,29.0,0.0,0.0,99.0,0.10133060388945753,0.10133060388945753
B3,13,6,977.0,145.0,977.0,5.0,0.0,5.0,25.949943089369835,1450.0,1450.0,7.647009160369635,32.0,0.0,0.0,145.0,0.14841351074718526,0.14841351074718526
B3,13,7,977.0,80.0,977.0,2.0,0.0,2.0,0.18179480550307925,700.0,700.0,4.104467029683292,26.0,0.0,25.0,55.0,0.08188331627430911,0.08188331627430911
B3,13,8,977.0,33.0,977.0,0.0,3.0,0.0,-3.0,198.0,146.0,1.2346391947939992,19.0,0.0,33.0,0.0,0.033776867963152504,0.033776867963152504
B3,14,1,40.0,2.0,40.0,0.0,0.0,0.0,0.0,6.0,6.0,0.0575293293222785,1.0,2.0,0.0,0.0,0.05,0.05
B3,14,2,40.0,4.0,40.0,0.0,0.0,0.0,0.0,12.0,12.0,0.14721240289509296,3.0,4.0,0.0,0.0,0.1,0.1
B3,14,3,40.0,1.0,40.0,0.0,0.0,0.0,0.0,3.0,3.0,0.06593585386872292,1.0,1.0,0.0,0.0,0.025,0.025
B3,14,4,40.0,0.0,40.0,0.0,0.0,0.0,0.0,0.0,0.0,0.0,0.0,0.0,0.0,0.0,0.0,0.0
B3,14,5,40.0,29.0,40.0,1.0,0.0,1.0,1.389513297995893,174.0,174.0,1.0770691400393844,2.0,0.0,29.0,0.0,0.725,0.725
B3,14,6,40.0,1.0,40.0,0.0,0.0,0.0,0.0,3.0,3.0,0.027262424118816853,1.0,1.0,0.0,0.0,0.025,0.025
B3,14,7,40.0,2.0,40.0,0.0,0.0,0.0,0.0,12.0,12.0,0.08850267715752125,2.0,0.0,2.0,0.0,0.05,0.05
B3,14,8,40.0,1.0,40.0,0.0,1.0,0.0,-1.0,6.0,0.0,0.02732547838240862,0.0,0.0,1.0,0.0,0.025,0.025
B3,15,1,81.0,39.0,81.0,1.0,0.0,1.0,1.585473503186801,117.0,117.0,1.2462890706956387,1.0,39.0,0.0,0.0,0.48148148148148145,0.48148148148148145
B3,15,2,81.0,6.0,81.0,0.0,0.0,0.0,0.0,18.0,18.0,0.2243712916970253,1.0,6.0,0.0,0.0,0.07407407407407407,0.07407407407407407
B3,15,3,81.0,2.0,81.0,0.0,0.0,0.0,0.0,6.0,6.0,0.15093373227864504,0.0,2.0,0.0,0.0,0.024691358024691357,0.024691358024691357
B3,15,4,81.0,11.0,81.0,0.0,0.0,0.0,0.0,66.0,61.0,0.6696898955851793,1.0,0.0,11.0,0.0,0.13580246913580246,0.13580246913580246
B3,15,5,81.0,4.0,81.0,0.0,0.0,0.0,0.0,24.0,24.0,0.2386241750791669,1.0,0.0,4.0,0.0,0.04938271604938271,0.04938271604938271
B3,15,6,81.0,17.0,81.0,0.0,0.0,0.0,0.0,170.0,170.0,1.0773526960983872,3.0,0.0,0.0,17.0,0.20987654320987653,0.20987654320987653
B3,15,7,81.0,2.0,81.0,0.0,0.0,0.0,0.0,12.0,12.0,0.09792099613696337,1.0,0.0,2.0,0.0,0.024691358024691357,0.024691358024691357
B3,15,8,81.0,0.0,81.0,0.0,0.0,0.0,0.0,0.0,0.0,0.0,0.0,0.0,0.0,0.0,0.0,0.0
B3,16,1,42.0,11.0,42.0,9.0,0.0,9.0,35.84053613605002,90.0,90.0,0.4808270251378417,1.0,0.0,5.0,6.0,0.2619047619047619,0.2619047619047619
B3,16,2,42.0,6.0,42.0,4.0,0.0,4.0,14.46563133938698,56.0,56.0,0.34898214414715767,2.0,0.0,1.0,5.0,0.14285714285714285,0.14285714285714285
B3,16,3,42.0,12.0,42.0,2.0,0.0,2.0,15.426496405028654,66.0,66.0,0.9010914238169789,3.0,2.0,10.0,0.0,0.2857142857142857,0.2857142857142857
B3,16,4,42.0,5.0,42.0,2.0,0.0,2.0,3.0454359490998617,30.0,30.0,0.18712531682103872,0.0,0.0,5.0,0.0,0.11904761904761904,0.11904761904761904
B3,16,5,42.0,6.0,42.0,5.0,0.0,5.0,14.232133755504734,36.0,36.0,0.24498903285712004,3.0,0.0,6.0,0.0,0.14285714285714285,0.14285714285714285
B3,16,6,42.0,1.0,42.0,0.0,0.0,0.0,0.0,3.0,3.0,0.027502925135195255,1.0,1.0,0.0,0.0,0.023809523809523808,0.023809523809523808
B3,16,7,42.0,1.0,42.0,0.0,0.0,0.0,0.0,6.0,6.0,0.03974262997508049,0.0,0.0,1.0,0.0,0.023809523809523808,0.023809523809523808
B3,16,8,42.0,0.0,42.0,0.0,0.0,0.0,0.0,0.0,0.0,0.0,0.0,0.0,0.0,0.0,0.0,0.0
B3,17,1,33.0,2.0,33.0,2.0,0.0,2.0,0.7142804192082377,16.0,16.0,0.09574607107788324,2.0,0.0,1.0,1.0,0.06060606060606061,0.06060606060606061
B3,17,2,33.0,1.0,33.0,0.0,0.0,0.0,0.0,6.0,6.0,0.04648793675005436,0.0,0.0,1.0,0.0,0.030303030303030304,0.030303030303030304
B3,17,3,33.0,1.0,33.0,0.0,0.0,0.0,0.0,6.0,6.0,0.08072766568511724,0.0,0.0,1.0,0.0,0.030303030303030304,0.030303030303030304
B3,17,4,33.0,0.0,33.0,0.0,0.0,0.0,0.0,0.0,0.0,0.0,0.0,0.0,0.0,0.0,0.0,0.0
B3,17,5,33.0,18.0,33.0,9.0,0.0,9.0,16.009120137374644,108.0,108.0,0.7146308999508619,1.0,0.0,18.0,0.0,0.5454545454545454,0.5454545454545454
B3,17,6,33.0,2.0,33.0,0.0,0.0,0.0,0.0,20.0,20.0,0.11055922601372004,1.0,0.0,0.0,2.0,0.06060606060606061,0.06060606060606061
B3,17,7,33.0,7.0,33.0,2.0,0.0,2.0,0.6569226447791237,42.0,42.0,0.336279378272593,1.0,0.0,7.0,0.0,0.21212121212121213,0.21212121212121213
B3,17,8,33.0,2.0,33.0,0.0,1.0,0.0,-1.0,12.0,4.0,0.06694956310093403,1.0,0.0,2.0,0.0,0.06060606060606061,0.06060606060606061
B3,18,1,0.0,0.0,0.0,0.0,0.0,0.0,0.0,0.0,0.0,0.0,0.0,0.0,0.0,0.0,,
B3,18,2,0.0,0.0,0.0,0.0,0.0,0.0,0.0,0.0,0.0,0.0,0.0,0.0,0.0,0.0,,
B3,18,3,0.0,0.0,0.0,0.0,0.0,0.0,0.0,0.0,0.0,0.0,0.0,0.0,0.0,0.0,,
B3,18,4,0.0,0.0,0.0,0.0,0.0,0.0,0.0,0.0,0.0,0.0,0.0,0.0,0.0,0.0,,
B3,18,5,0.0,0.0,0.0,0.0,0.0,0.0,0.0,0.0,0.0,0.0,0.0,0.0,0.0,0.0,,
B3,18,6,0.0,0.0,0.0,0.0,0.0,0.0,0.0,0.0,0.0,0.0,0.0,0.0,0.0,0.0,,
B3,18,7,0.0,0.0,0.0,0.0,0.0,0.0,0.0,0.0,0.0,0.0,0.0,0.0,0.0,0.0,,
B3,18,8,0.0,0.0,0.0,0.0,0.0,0.0,0.0,0.0,0.0,0.0,0.0,0.0,0.0,0.0,,
B3,19,1,0.0,0.0,0.0,0.0,0.0,0.0,0.0,0.0,0.0,0.0,0.0,0.0,0.0,0.0,,
B3,19,2,0.0,0.0,0.0,0.0,0.0,0.0,0.0,0.0,0.0,0.0,0.0,0.0,0.0,0.0,,
B3,19,3,0.0,0.0,0.0,0.0,0.0,0.0,0.0,0.0,0.0,0.0,0.0,0.0,0.0,0.0,,
B3,19,4,0.0,0.0,0.0,0.0,0.0,0.0,0.0,0.0,0.0,0.0,0.0,0.0,0.0,0.0,,
B3,19,5,0.0,0.0,0.0,0.0,0.0,0.0,0.0,0.0,0.0,0.0,0.0,0.0,0.0,0.0,,
B3,19,6,0.0,0.0,0.0,0.0,0.0,0.0,0.0,0.0,0.0,0.0,0.0,0.0,0.0,0.0,,
B3,19,7,0.0,0.0,0.0,0.0,0.0,0.0,0.0,0.0,0.0,0.0,0.0,0.0,0.0,0.0,,
B3,19,8,0.0,0.0,0.0,0.0,0.0,0.0,0.0,0.0,0.0,0.0,0.0,0.0,0.0,0.0,,
B3,20,1,96.0,14.0,96.0,0.0,0.0,0.0,0.0,63.0,63.0,0.4939343687146902,4.0,7.0,7.0,0.0,0.14583333333333334,0.14583333333333334
B3,20,2,96.0,15.0,96.0,0.0,0.0,0.0,0.0,69.0,69.0,0.6462147114798427,2.0,7.0,8.0,0.0,0.15625,0.15625
B3,20,3,96.0,5.0,96.0,0.0,0.0,0.0,0.0,30.0,30.0,0.3827385250478983,2.0,0.0,5.0,0.0,0.052083333333333336,0.052083333333333336
B3,20,4,96.0,3.0,96.0,0.0,0.0,0.0,0.0,18.0,18.0,0.11666904669255018,2.0,0.0,3.0,0.0,0.03125,0.03125
B3,20,5,96.0,44.0,96.0,2.0,0.0,2.0,1.4745815464844032,264.0,264.0,1.8335285503417253,3.0,0.0,44.0,0.0,0.4583333333333333,0.4583333333333333
B3,20,6,96.0,3.0,96.0,0.0,0.0,0.0,0.0,9.0,9.0,0.08806038089096546,2.0,3.0,0.0,0.0,0.03125,0.03125
B3,20,7,96.0,9.0,96.0,0.0,0.0,0.0,0.0,48.0,48.0,0.40092470962554216,1.0,2.0,7.0,0.0,0.09375,0.09375
B3,20,8,96.0,3.0,96.0,0.0,1.0,0.0,-1.0,18.0,10.0,0.11318450979888439,1.0,0.0,3.0,0.0,0.03125,0.03125
B3,21,1,420.0,79.0,420.0,3.0,0.0,3.0,2.574497576573151,351.0,351.0,2.8605310395359993,11.0,41.0,38.0,0.0,0.1880952380952381,0.1880952380952381
B3,21,2,420.0,51.0,420.0,2.0,0.0,2.0,2.577505524096262,219.0,219.0,2.1701814904809,6.0,29.0,22.0,0.0,0.12142857142857143,0.12142857142857143
B3,21,3,420.0,33.0,420.0,0.0,0.0,0.0,0.0,222.0,222.0,2.6875157924368978,5.0,0.0,27.0,6.0,0.07857142857142857,0.07857142857142857
B3,21,4,420.0,69.0,420.0,1.0,0.0,1.0,0.6491311025630387,414.0,414.0,2.8631096044555306,10.0,0.0,69.0,0.0,0.16428571428571428,0.16428571428571428
B3,21,5,420.0,74.0,420.0,4.0,0.0,4.0,7.794956466690012,444.0,444.0,3.0939095178619027,8.0,0.0,74.0,0.0,0.1761904761904762,0.1761904761904762
B3,21,6,420.0,48.0,420.0,0.0,0.0,0.0,0.0,480.0,480.0,2.61176326777786,10.0,0.0,0.0,48.0,0.11428571428571428,0.11428571428571428
B3,21,7,420.0,48.0,420.0,2.0,0.0,2.0,0.8428019492486656,225.0,225.0,2.2364672357216477,8.0,21.0,27.0,0.0,0.11428571428571428,0.11428571428571428
B3,21,8,420.0,18.0,420.0,1.0,8.0,1.0,0.44950092973325795,108.0,41.0,0.6859407387673855,9.0,0.0,18.0,0.0,0.04285714285714286,0.04285714285714286
B3,22,1,1005.0,215.0,1005.0,10.0,0.0,10.0,16.735846911295646,654.0,654.0,6.582945715636015,29.0,212.0,3.0,0.0,0.21393034825870647,0.21393034825870647
B3,22,2,1005.0,290.0,1005.0,23.0,0.0,23.0,29.05031836178028,954.0,954.0,11.396134786307812,31.0,262.0,28.0,0.0,0.2885572139303483,0.2885572139303483
B3,22,3,1005.0,88.0,1005.0,2.0,0.0,2.0,0.3760016911989631,348.0,348.0,6.337691624648869,23.0,60.0,28.0,0.0,0.08756218905472637,0.08756218905472637
B3,22,4,1005.0,71.0,1005.0,1.0,0.0,1.0,0.03488409614873554,426.0,420.0,2.7519359812140465,18.0,0.0,71.0,0.0,0.07064676616915423,0.07064676616915423
B3,22,5,1005.0,69.0,1005.0,2.0,0.0,2.0,1.5212473167991956,414.0,414.0,2.909192587248981,23.0,0.0,69.0,0.0,0.06865671641791045,0.06865671641791045
B3,22,6,1005.0,101.0,1005.0,0.0,0.0,0.0,0.0,303.0,303.0,2.8482084991410375,30.0,101.0,0.0,0.0,0.10049751243781095,0.10049751243781095
B3,22,7,1005.0,132.0,1005.0,9.0,0.0,9.0,22.289228787922912,747.0,747.0,6.147306275554001,28.0,15.0,117.0,0.0,0.13134328358208955,0.13134328358208955
B3,22,8,1005.0,39.0,1005.0,0.0,11.0,0.0,-11.0,234.0,103.0,1.458035632967949,25.0,0.0,39.0,0.0,0.03880597014925373,0.03880597014925373
B3,23,1,3652.0,585.0,3652.0,26.0,0.0,26.0,37.083751150359475,1794.0,1794.0,18.684309352189302,71.0,572.0,13.0,0.0,0.16018619934282585,0.16018619934282585
B3,23,2,3652.0,606.0,3652.0,20.0,0.0,20.0,32.58454970644018,1875.0,1875.0,25.536070098169148,62.0,587.0,19.0,0.0,0.16593647316538881,0.16593647316538881
B3,23,3,3652.0,473.0,3652.0,1.0,0.0,1.0,2.821708449738482,1872.0,1872.0,35.614457168616354,82.0,322.0,151.0,0.0,0.12951807228915663,0.12951807228915663
B3,23,4,3652.0,416.0,3652.0,3.0,0.0,3.0,2.6155461922892833,2496.0,2468.0,19.023464936763048,60.0,0.0,416.0,0.0,0.11391018619934283,0.11391018619934283
B3,23,5,3652.0,637.0,3652.0,11.0,0.0,11.0,12.084627101330295,3822.0,3822.0,29.261022236198187,61.0,0.0,637.0,0.0,0.1744249726177437,0.1744249726177437
B3,23,6,3652.0,404.0,3652.0,3.0,0.0,3.0,23.518618661158968,4040.0,4040.0,22.564349961467087,66.0,0.0,0.0,404.0,0.11062431544359255,0.11062431544359255
B3,23,7,3652.0,471.0,3652.0,9.0,0.0,9.0,14.544002502133056,2547.0,2547.0,23.01484233047813,64.0,93.0,378.0,0.0,0.12897042716319826,0.12897042716319826
B3,23,8,3652.0,60.0,3652.0,2.0,19.0,2.0,-16.406837432019568,360.0,134.0,2.343709805049002,47.0,0.0,60.0,0.0,0.01642935377875137,0.01642935377875137
B3,24,1,86.0,0.0,86.0,0.0,0.0,0.0,0.0,0.0,0.0,0.0,0.0,0.0,0.0,0.0,0.0,0.0
B3,24,2,86.0,4.0,86.0,2.0,0.0,2.0,1.5250635774935049,21.0,21.0,0.17695446871221066,3.0,1.0,3.0,0.0,0.046511627906976744,0.046511627906976744
B3,24,3,86.0,11.0,86.0,1.0,0.0,1.0,1.3772667401103929,45.0,45.0,0.7841050056740642,5.0,7.0,4.0,0.0,0.12790697674418605,0.12790697674418605
B3,24,4,86.0,24.0,86.0,3.0,0.0,3.0,5.510609260128902,144.0,144.0,0.915703734382987,3.0,0.0,24.0,0.0,0.27906976744186046,0.27906976744186046
B3,24,5,86.0,36.0,86.0,3.0,0.0,3.0,2.045966255752513,216.0,216.0,1.4900512676686049,8.0,0.0,36.0,0.0,0.4186046511627907,0.4186046511627907
B3,24,6,86.0,7.0,86.0,0.0,0.0,0.0,0.0,21.0,21.0,0.19470861926674843,4.0,7.0,0.0,0.0,0.08139534883720931,0.08139534883720931
B3,24,7,86.0,2.0,86.0,0.0,0.0,0.0,0.0,9.0,9.0,0.08411003928631544,2.0,1.0,1.0,0.0,0.023255813953488372,0.023255813953488372
B3,24,8,86.0,2.0,86.0,1.0,0.0,1.0,10.0,16.0,16.0,0.09795621316879988,2.0,0.0,1.0,1.0,0.023255813953488372,0.023255813953488372
B3,25,1,260.0,82.0,260.0,7.0,0.0,7.0,7.599337951617981,249.0,249.0,2.6132812593132257,7.0,81.0,1.0,0.0,0.3153846153846154,0.3153846153846154
B3,25,2,260.0,30.0,260.0,1.0,0.0,1.0,1.137796091315573,126.0,126.0,1.2779762418940663,8.0,18.0,12.0,0.0,0.11538461538461539,0.11538461538461539
B3,25,3,260.0,42.0,260.0,2.0,0.0,2.0,3.0975646938283785,132.0,132.0,2.9070033160969615,10.0,40.0,2.0,0.0,0.16153846153846155,0.16153846153846155
B3,25,4,260.0,20.0,260.0,0.0,0.0,0.0,0.0,120.0,120.0,0.866025467403233,6.0,0.0,20.0,0.0,0.07692307692307693,0.07692307692307693
B3,25,5,260.0,15.0,260.0,0.0,0.0,0.0,0.0,90.0,90.0,0.6141960322856903,6.0,0.0,15.0,0.0,0.057692307692307696,0.057692307692307696
B3,25,6,260.0,11.0,260.0,0.0,0.0,0.0,0.0,110.0,110.0,0.5937131186947227,8.0,0.0,0.0,11.0,0.04230769230769231,0.04230769230769231
B3,25,7,260.0,53.0,260.0,3.0,0.0,3.0,0.7717246957636601,306.0,306.0,2.4178143329918385,9.0,4.0,49.0,0.0,0.20384615384615384,0.20384615384615384
B3,25,8,260.0,7.0,260.0,0.0,4.0,0.0,-4.0,42.0,12.0,0.2507985681295395,6.0,0.0,7.0,0.0,0.026923076923076925,0.026923076923076925
B3,26,1,151.0,11.0,151.0,5.0,0.0,5.0,1.5974515128120403,39.0,39.0,0.317078173160553,4.0,9.0,2.0,0.0,0.0728476821192053,0.0728476821192053
B3,26,2,151.0,23.0,151.0,15.0,0.0,15.0,41.888337148078406,135.0,135.0,1.0097538428381085,6.0,5.0,15.0,3.0,0.152317880794702,0.152317880794702
B3,26,3,151.0,21.0,151.0,3.0,0.0,3.0,13.14957995216503,84.0,84.0,1.4611574355512857,8.0,14.0,7.0,0.0,0.1390728476821192,0.1390728476821192
B3,26,4,151.0,33.0,151.0,3.0,0.0,3.0,7.144350031373636,198.0,156.0,1.1026694867759943,4.0,0.0,33.0,0.0,0.2185430463576159,0.2185430463576159
B3,26,5,151.0,36.0,151.0,6.0,0.0,6.0,12.679407476193683,216.0,216.0,1.3559003286063671,5.0,0.0,36.0,0.0,0.23841059602649006,0.23841059602649006
B3,26,6,151.0,8.0,151.0,0.0,0.0,0.0,0.0,24.0,24.0,0.21557830832898617,7.0,8.0,0.0,0.0,0.052980132450331126,0.052980132450331126
B3,26,7,151.0,12.0,151.0,2.0,0.0,2.0,10.112100441166888,108.0,108.0,0.5637096194550395,3.0,0.0,3.0,9.0,0.07947019867549669,0.07947019867549669
B3,26,8,151.0,7.0,151.0,0.0,2.0,0.0,-2.0,42.0,16.0,0.24424601905047894,4.0,0.0,7.0,0.0,0.046357615894039736,0.046357615894039736
B3,27,1,34.0,22.0,34.0,12.0,0.0,12.0,71.81964727542484,72.0,72.0,0.6476429924368858,2.0,20.0,2.0,0.0,0.6470588235294118,0.6470588235294118
B3,27,2,34.0,1.0,34.0,1.0,0.0,1.0,2.9670838424588912,6.0,6.0,0.04706033691763878,1.0,0.0,1.0,0.0,0.029411764705882353,0.029411764705882353
B3,27,3,34.0,0.0,34.0,0.0,0.0,0.0,0.0,0.0,0.0,0.0,0.0,0.0,0.0,0.0,0.0,0.0
B3,27,4,34.0,6.0,34.0,4.0,0.0,4.0,1.7978421338260282,36.0,27.0,0.19429008848965168,2.0,0.0,6.0,0.0,0.17647058823529413,0.17647058823529413
B3,27,5,34.0,0.0,34.0,0.0,0.0,0.0,0.0,0.0,0.0,0.0,0.0,0.0,0.0,0.0,0.0,0.0
B3,27,6,34.0,1.0,34.0,0.0,0.0,0.0,0.0,10.0,10.0,0.05257720313966274,1.0,0.0,0.0,1.0,0.029411764705882353,0.029411764705882353
B3,27,7,34.0,2.0,34.0,1.0,0.0,1.0,2.4400301447062076,20.0,20.0,0.10769968666136265,2.0,0.0,0.0,2.0,0.058823529411764705,0.058823529411764705
B3,27,8,34.0,2.0,34.0,0.0,0.0,0.0,0.0,12.0,5.0,0.07204153388738632,2.0,0.0,2.0,0.0,0.058823529411764705,0.058823529411764705
B3,28,1,29.0,5.0,29.0,0.0,0.0,0.0,0.0,18.0,18.0,0.15295693837106228,1.0,4.0,1.0,0.0,0.1724137931034483,0.1724137931034483
B3,28,2,29.0,2.0,29.0,0.0,0.0,0.0,0.0,6.0,6.0,0.07074853871017694,1.0,2.0,0.0,0.0,0.06896551724137931,0.06896551724137931
B3,28,3,29.0,2.0,29.0,0.0,0.0,0.0,0.0,6.0,6.0,0.13541134353727102,1.0,2.0,0.0,0.0,0.06896551724137931,0.06896551724137931
B3,28,4,29.0,1.0,29.0,0.0,0.0,0.0,0.0,3.0,3.0,0.026231179013848305,0.0,1.0,0.0,0.0,0.034482758620689655,0.034482758620689655
B3,28,5,29.0,1.0,29.0,0.0,0.0,0.0,0.0,3.0,3.0,0.051303036510944366,1.0,1.0,0.0,0.0,0.034482758620689655,0.034482758620689655
B3,28,6,29.0,4.0,29.0,0.0,0.0,0.0,0.0,12.0,12.0,0.10896848607808352,1.0,4.0,0.0,0.0,0.13793103448275862,0.13793103448275862
B3,28,7,29.0,12.0,29.0,2.0,0.0,2.0,20.0,54.0,54.0,0.7139693591743708,0.0,6.0,6.0,0.0,0.41379310344827586,0.41379310344827586
B3,28,8,29.0,2.0,29.0,0.0,1.0,0.0,-1.0,12.0,4.0,0.06897793896496296,0.0,0.0,2.0,0.0,0.06896551724137931,0.06896551724137931
B3,29,1,322.0,49.0,322.0,1.0,0.0,1.0,3.0208676330461466,162.0,162.0,2.008657463826239,3.0,44.0,5.0,0.0,0.15217391304347827,0.15217391304347827
B3,29,2,322.0,42.0,322.0,4.0,0.0,4.0,5.842272183107664,141.0,141.0,1.6440451359376311,8.0,37.0,5.0,0.0,0.13043478260869565,0.13043478260869565
B3,29,3,322.0,32.0,322.0,0.0,0.0,0.0,0.0,177.0,177.0,2.7056322069838643,8.0,5.0,27.0,0.0,0.09937888198757763,0.09937888198757763
B3,29,4,322.0,27.0,322.0,1.0,0.0,1.0,1.881056884377472,81.0,81.0,1.028407484292984,4.0,27.0,0.0,0.0,0.08385093167701864,0.08385093167701864
B3,29,5,322.0,17.0,322.0,0.0,0.0,0.0,0.0,51.0,51.0,0.7452735435217619,5.0,17.0,0.0,0.0,0.052795031055900624,0.052795031055900624
B3,29,6,322.0,28.0,322.0,0.0,0.0,0.0,0.0,280.0,280.0,1.6358847469091415,4.0,0.0,0.0,28.0,0.08695652173913043,0.08695652173913043
B3,29,7,322.0,121.0,322.0,10.0,0.0,10.0,49.313698506928745,630.0,630.0,7.8747790437191725,4.0,32.0,89.0,0.0,0.37577639751552794,0.37577639751552794
B3,29,8,322.0,6.0,322.0,0.0,4.0,0.0,-4.0,36.0,5.0,0.20626123156398535,2.0,0.0,6.0,0.0,0.018633540372670808,0.018633540372670808
B3,30,1,316.0,101.0,316.0,46.0,0.0,46.0,314.4987644937465,846.0,846.0,4.9839805494993925,9.0,0.0,41.0,60.0,0.31962025316455694,0.31962025316455694
B3,30,2,316.0,41.0,316.0,11.0,0.0,11.0,49.6765215518763,362.0,362.0,2.4117566607892513,8.0,0.0,12.0,29.0,0.12974683544303797,0.12974683544303797
B3,30,3,316.0,22.0,316.0,3.0,0.0,3.0,2.4838851900247763,120.0,120.0,1.68359006755054,8.0,4.0,18.0,0.0,0.06962025316455696,0.06962025316455696
B3,30,4,316.0,28.0,316.0,3.0,0.0,3.0,8.647538234025555,84.0,84.0,0.8100233133882284,16.0,28.0,0.0,0.0,0.08860759493670886,0.08860759493670886
B3,30,5,316.0,35.0,316.0,7.0,0.0,7.0,29.795459309208002,105.0,105.0,0.9906857656314969,7.0,35.0,0.0,0.0,0.11075949367088607,0.11075949367088607
B3,30,6,316.0,18.0,316.0,0.0,0.0,0.0,0.0,54.0,54.0,0.5041531063616276,9.0,18.0,0.0,0.0,0.056962025316455694,0.056962025316455694
B3,30,7,316.0,40.0,316.0,11.0,0.0,11.0,32.89294317471149,248.0,248.0,1.9733508611097932,12.0,0.0,38.0,2.0,0.12658227848101267,0.12658227848101267
B3,30,8,316.0,31.0,316.0,4.0,5.0,4.0,18.395443375871178,186.0,92.0,1.1392917670309544,10.0,0.0,31.0,0.0,0.0981012658227848,0.0981012658227848
B3,31,1,490.0,134.0,490.0,45.0,0.0,45.0,111.9906145377341,1124.0,1124.0,6.9134957026690245,14.0,0.0,54.0,80.0,0.27346938775510204,0.27346938775510204
B3,31,2,490.0,65.0,490.0,10.0,0.0,10.0,47.823161007125734,498.0,498.0,3.913200605660677,17.0,0.0,38.0,27.0,0.1326530612244898,0.1326530612244898
B3,31,3,490.0,44.0,490.0,3.0,0.0,3.0,11.327831770710603,183.0,183.0,3.3560846000909805,13.0,27.0,17.0,0.0,0.08979591836734693,0.08979591836734693
B3,31,4,490.0,36.0,490.0,4.0,0.0,4.0,23.12834635994116,108.0,108.0,1.1907986793667078,12.0,36.0,0.0,0.0,0.07346938775510205,0.07346938775510205
B3,31,5,490.0,54.0,490.0,4.0,0.0,4.0,16.56589827826787,162.0,162.0,1.8559119030833244,11.0,54.0,0.0,0.0,0.11020408163265306,0.11020408163265306
B3,31,6,490.0,18.0,490.0,3.0,0.0,3.0,30.0,180.0,180.0,1.0039709266275167,8.0,0.0,0.0,18.0,0.036734693877551024,0.036734693877551024
B3,31,7,490.0,114.0,490.0,28.0,0.0,28.0,162.81084302923355,684.0,684.0,6.353286195546389,12.0,0.0,114.0,0.0,0.23265306122448978,0.23265306122448978
B3,31,8,490.0,25.0,490.0,3.0,7.0,3.0,21.614620516498544,150.0,57.0,0.9870271161198616,11.0,0.0,25.0,0.0,0.05102040816326531,0.05102040816326531
B3,32,1,0.0,0.0,0.0,0.0,0.0,0.0,0.0,0.0,0.0,0.0,0.0,0.0,0.0,0.0,,
B3,32,2,0.0,0.0,0.0,0.0,0.0,0.0,0.0,0.0,0.0,0.0,0.0,0.0,0.0,0.0,,
B3,32,3,0.0,0.0,0.0,0.0,0.0,0.0,0.0,0.0,0.0,0.0,0.0,0.0,0.0,0.0,,
B3,32,4,0.0,0.0,0.0,0.0,0.0,0.0,0.0,0.0,0.0,0.0,0.0,0.0,0.0,0.0,,
B3,32,5,0.0,0.0,0.0,0.0,0.0,0.0,0.0,0.0,0.0,0.0,0.0,0.0,0.0,0.0,,
B3,32,6,0.0,0.0,0.0,0.0,0.0,0.0,0.0,0.0,0.0,0.0,0.0,0.0,0.0,0.0,,
B3,32,7,0.0,0.0,0.0,0.0,0.0,0.0,0.0,0.0,0.0,0.0,0.0,0.0,0.0,0.0,,
B3,32,8,0.0,0.0,0.0,0.0,0.0,0.0,0.0,0.0,0.0,0.0,0.0,0.0,0.0,0.0,,
B3,33,1,0.0,0.0,0.0,0.0,0.0,0.0,0.0,0.0,0.0,0.0,0.0,0.0,0.0,0.0,,
B3,33,2,0.0,0.0,0.0,0.0,0.0,0.0,0.0,0.0,0.0,0.0,0.0,0.0,0.0,0.0,,
B3,33,3,0.0,0.0,0.0,0.0,0.0,0.0,0.0,0.0,0.0,0.0,0.0,0.0,0.0,0.0,,
B3,33,4,0.0,0.0,0.0,0.0,0.0,0.0,0.0,0.0,0.0,0.0,0.0,0.0,0.0,0.0,,
B3,33,5,0.0,0.0,0.0,0.0,0.0,0.0,0.0,0.0,0.0,0.0,0.0,0.0,0.0,0.0,,
B3,33,6,0.0,0.0,0.0,0.0,0.0,0.0,0.0,0.0,0.0,0.0,0.0,0.0,0.0,0.0,,
B3,33,7,0.0,0.0,0.0,0.0,0.0,0.0,0.0,0.0,0.0,0.0,0.0,0.0,0.0,0.0,,
B3,33,8,0.0,0.0,0.0,0.0,0.0,0.0,0.0,0.0,0.0,0.0,0.0,0.0,0.0,0.0,,
B3,34,1,70.0,1.0,70.0,0.0,0.0,0.0,0.0,6.0,6.0,0.04244154505431652,1.0,0.0,1.0,0.0,0.014285714285714285,0.014285714285714285
B3,34,2,70.0,0.0,70.0,0.0,0.0,0.0,0.0,0.0,0.0,0.0,0.0,0.0,0.0,0.0,0.0,0.0
B3,34,3,70.0,2.0,70.0,0.0,0.0,0.0,0.0,12.0,12.0,0.16280333790928125,1.0,0.0,2.0,0.0,0.02857142857142857,0.02857142857142857
B3,34,4,70.0,17.0,70.0,0.0,0.0,0.0,0.0,51.0,51.0,0.530171268619597,1.0,17.0,0.0,0.0,0.24285714285714285,0.24285714285714285
B3,34,5,70.0,44.0,70.0,2.0,0.0,2.0,2.1618480406442293,132.0,132.0,1.4701124485582113,2.0,44.0,0.0,0.0,0.6285714285714286,0.6285714285714286
B3,34,6,70.0,3.0,70.0,1.0,0.0,1.0,2.2956461806788675,9.0,9.0,0.09246459137648344,2.0,3.0,0.0,0.0,0.04285714285714286,0.04285714285714286
B3,34,7,70.0,2.0,70.0,0.0,0.0,0.0,0.0,12.0,12.0,0.09762105997651815,0.0,0.0,2.0,0.0,0.02857142857142857,0.02857142857142857
B3,34,8,70.0,1.0,70.0,0.0,0.0,0.0,0.0,6.0,1.0,0.03555342648178339,0.0,0.0,1.0,0.0,0.014285714285714285,0.014285714285714285
B3,35,1,288.0,32.0,288.0,4.0,0.0,4.0,19.670546693251193,183.0,183.0,1.3175353119149804,4.0,3.0,29.0,0.0,0.1111111111111111,0.1111111111111111
B3,35,2,288.0,46.0,288.0,2.0,0.0,2.0,3.0069101807052108,240.0,240.0,2.222624521702528,9.0,12.0,34.0,0.0,0.1597222222222222,0.1597222222222222
B3,35,3,288.0,25.0,288.0,0.0,0.0,0.0,0.0,162.0,162.0,2.055107679218054,6.0,0.0,22.0,3.0,0.08680555555555555,0.08680555555555555
B3,35,4,288.0,17.0,288.0,0.0,0.0,0.0,0.0,51.0,51.0,0.5866029495373368,6.0,17.0,0.0,0.0,0.059027777777777776,0.059027777777777776
B3,35,5,288.0,70.0,288.0,7.0,0.0,7.0,4.364427649745814,210.0,210.0,2.249687331728637,7.0,70.0,0.0,0.0,0.24305555555555555,0.24305555555555555
B3,35,6,288.0,26.0,288.0,0.0,0.0,0.0,0.0,260.0,260.0,1.414651514030993,4.0,0.0,0.0,26.0,0.09027777777777778,0.09027777777777778
B3,35,7,288.0,63.0,288.0,8.0,0.0,8.0,8.985310540818416,276.0,276.0,2.8463188726454973,5.0,34.0,29.0,0.0,0.21875,0.21875
B3,35,8,288.0,9.0,288.0,2.0,4.0,2.0,7.346296429237066,54.0,12.0,0.3315717689692974,6.0,0.0,9.0,0.0,0.03125,0.03125
B3,36,1,932.0,132.0,932.0,7.0,0.0,7.0,35.58066318497364,525.0,525.0,4.870635130442679,20.0,89.0,43.0,0.0,0.14163090128755365,0.14163090128755365
B3,36,2,932.0,185.0,932.0,11.0,0.0,11.0,40.79084817923403,711.0,711.0,7.417956925928593,20.0,133.0,52.0,0.0,0.1984978540772532,0.1984978540772532
B3,36,3,932.0,56.0,932.0,2.0,0.0,2.0,5.403086373281618,246.0,246.0,4.155633826740086,11.0,30.0,26.0,0.0,0.060085836909871244,0.060085836909871244
B3,36,4,932.0,143.0,932.0,6.0,0.0,6.0,36.093450898661914,429.0,429.0,4.677877641282976,18.0,143.0,0.0,0.0,0.15343347639484978,0.15343347639484978
B3,36,5,932.0,76.0,932.0,2.0,0.0,2.0,2.7571629404530453,228.0,228.0,2.3406934440135956,21.0,76.0,0.0,0.0,0.0815450643776824,0.0815450643776824
B3,36,6,932.0,133.0,932.0,2.0,0.0,2.0,20.0,399.0,399.0,3.818016856908798,20.0,133.0,0.0,0.0,0.1427038626609442,0.1427038626609442
B3,36,7,932.0,179.0,932.0,17.0,0.0,17.0,65.40555775974708,870.0,870.0,9.034164570271969,28.0,68.0,111.0,0.0,0.19206008583690987,0.19206008583690987
B3,36,8,932.0,28.0,932.0,0.0,13.0,0.0,-13.0,168.0,33.0,1.0394506584852934,19.0,0.0,28.0,0.0,0.030042918454935622,0.030042918454935622
B3,37,1,3345.0,570.0,3345.0,40.0,0.0,40.0,116.51181027889515,2337.0,2337.0,21.071518045850098,74.0,361.0,209.0,0.0,0.17040358744394618,0.17040358744394618
B3,37,2,3345.0,501.0,3345.0,28.0,0.0,28.0,72.42176589635173,2136.0,2136.0,23.2637687753886,65.0,290.0,211.0,0.0,0.14977578475336323,0.14977578475336323
B3,37,3,3345.0,346.0,3345.0,3.0,0.0,3.0,7.163844328660446,1503.0,1503.0,26.535646107047796,66.0,191.0,155.0,0.0,0.10343796711509716,0.10343796711509716
B3,37,4,3345.0,404.0,3345.0,10.0,0.0,10.0,32.80552874810691,1212.0,1212.0,13.758740914985538,73.0,404.0,0.0,0.0,0.12077727952167414,0.12077727952167414
B3,37,5,3345.0,336.0,3345.0,7.0,0.0,7.0,52.88962673765399,1008.0,1008.0,11.957533029839396,56.0,336.0,0.0,0.0,0.10044843049327354,0.10044843049327354
B3,37,6,3345.0,307.0,3345.0,3.0,0.0,3.0,19.04215683136736,3070.0,3070.0,17.555431104265153,62.0,0.0,0.0,307.0,0.09177877428998506,0.09177877428998506
B3,37,7,3345.0,823.0,3345.0,94.0,0.0,94.0,414.0004437415049,4221.0,4221.0,41.84020983055234,57.0,239.0,584.0,0.0,0.2460388639760837,0.2460388639760837
B3,37,8,3345.0,58.0,3345.0,1.0,25.0,1.0,-24.693271117019552,348.0,104.0,2.207132645882666,38.0,0.0,58.0,0.0,0.01733931240657698,0.01733931240657698
B3,38,1,20.0,4.0,20.0,0.0,0.0,0.0,0.0,21.0,21.0,0.15116591844707727,1.0,1.0,3.0,0.0,0.2,0.2
B3,38,2,20.0,2.0,20.0,0.0,0.0,0.0,0.0,12.0,12.0,0.0959570137783885,0.0,0.0,2.0,0.0,0.1,0.1
B3,38,3,20.0,1.0,20.0,0.0,0.0,0.0,0.0,3.0,3.0,0.06849406752735376,1.0,1.0,0.0,0.0,0.05,0.05
B3,38,4,20.0,2.0,20.0,0.0,0.0,0.0,0.0,6.0,6.0,0.058092426508665085,0.0,2.0,0.0,0.0,0.1,0.1
B3,38,5,20.0,2.0,20.0,0.0,0.0,0.0,0.0,6.0,6.0,0.058508395217359066,1.0,2.0,0.0,0.0,0.1,0.1
B3,38,6,20.0,3.0,20.0,0.0,0.0,0.0,0.0,9.0,9.0,0.08787828218191862,1.0,3.0,0.0,0.0,0.15,0.15
B3,38,7,20.0,5.0,20.0,1.0,0.0,1.0,0.7079941939087725,27.0,27.0,0.23226343374699354,1.0,1.0,4.0,0.0,0.25,0.25
B3,38,8,20.0,1.0,20.0,0.0,1.0,0.0,-1.0,6.0,0.0,0.028679677285254,0.0,0.0,1.0,0.0,0.05,0.05
B3,39,1,26.0,0.0,26.0,0.0,0.0,0.0,0.0,0.0,0.0,0.0,0.0,0.0,0.0,0.0,0.0,0.0
B3,39,2,26.0,3.0,26.0,0.0,0.0,0.0,0.0,18.0,18.0,0.15055566001683474,3.0,0.0,3.0,0.0,0.11538461538461539,0.11538461538461539
B3,39,3,26.0,4.0,26.0,0.0,0.0,0.0,0.0,12.0,12.0,0.2773862527683377,2.0,4.0,0.0,0.0,0.15384615384615385,0.15384615384615385
B3,39,4,26.0,1.0,26.0,0.0,0.0,0.0,0.0,3.0,3.0,0.031084507703781128,1.0,1.0,0.0,0.0,0.038461538461538464,0.038461538461538464
B3,39,5,26.0,0.0,26.0,0.0,0.0,0.0,0.0,0.0,0.0,0.0,0.0,0.0,0.0,0.0,0.0,0.0
B3,39,6,26.0,0.0,26.0,0.0,0.0,0.0,0.0,0.0,0.0,0.0,0.0,0.0,0.0,0.0,0.0,0.0
B3,39,7,26.0,18.0,26.0,1.0,0.0,1.0,1.7631595396216924,96.0,96.0,0.8173532970249653,2.0,4.0,14.0,0.0,0.6923076923076923,0.6923076923076923
B3,39,8,26.0,0.0,26.0,0.0,0.0,0.0,0.0,0.0,0.0,0.0,0.0,0.0,0.0,0.0,0.0,0.0
B3,40,1,63.0,5.0,63.0,3.0,0.0,3.0,3.4330253432894144,30.0,30.0,0.22762720007449389,1.0,0.0,5.0,0.0,0.07936507936507936,0.07936507936507936
B3,40,2,63.0,23.0,63.0,3.0,0.0,3.0,11.534251416748862,142.0,142.0,1.0989432279020548,5.0,0.0,22.0,1.0,0.36507936507936506,0.36507936507936506
B3,40,3,63.0,2.0,63.0,0.0,0.0,0.0,0.0,6.0,6.0,0.1351326322183013,1.0,2.0,0.0,0.0,0.031746031746031744,0.031746031746031744
B3,40,4,63.0,20.0,63.0,3.0,0.0,3.0,3.0971759158429197,60.0,60.0,0.534781719557941,2.0,20.0,0.0,0.0,0.31746031746031744,0.31746031746031744
B3,40,5,63.0,5.0,63.0,0.0,0.0,0.0,0.0,15.0,15.0,0.14944649394601583,3.0,5.0,0.0,0.0,0.07936507936507936,0.07936507936507936
B3,40,6,63.0,1.0,63.0,0.0,0.0,0.0,0.0,3.0,3.0,0.02878460381180048,1.0,1.0,0.0,0.0,0.015873015873015872,0.015873015873015872
B3,40,7,63.0,4.0,63.0,0.0,0.0,0.0,0.0,24.0,24.0,0.17987880669534206,2.0,0.0,4.0,0.0,0.06349206349206349,0.06349206349206349
B3,40,8,63.0,3.0,63.0,0.0,0.0,0.0,0.0,18.0,12.0,0.11571285035461187,2.0,0.0,3.0,0.0,0.047619047619047616,0.047619047619047616
B3,41,1,104.0,30.0,104.0,9.0,0.0,9.0,37.64713340466929,180.0,180.0,1.2062260061502457,3.0,0.0,30.0,0.0,0.28846153846153844,0.28846153846153844
B3,41,2,104.0,33.0,104.0,7.0,0.0,7.0,23.43180334791761,192.0,192.0,1.6855667671188712,6.0,2.0,31.0,0.0,0.3173076923076923,0.3173076923076923
B3,41,3,104.0,9.0,104.0,0.0,0.0,0.0,0.0,39.0,39.0,0.6651119021698833,5.0,5.0,4.0,0.0,0.08653846153846154,0.08653846153846154
B3,41,4,104.0,3.0,104.0,0.0,0.0,0.0,0.0,9.0,9.0,0.08677467610687017,1.0,3.0,0.0,0.0,0.028846153846153848,0.028846153846153848
B3,41,5,104.0,5.0,104.0,0.0,0.0,0.0,0.0,15.0,15.0,0.15400546416640282,3.0,5.0,0.0,0.0,0.04807692307692308,0.04807692307692308
B3,41,6,104.0,3.0,104.0,0.0,0.0,0.0,0.0,30.0,30.0,0.15877405740320683,1.0,0.0,0.0,3.0,0.028846153846153848,0.028846153846153848
B3,41,7,104.0,13.0,104.0,4.0,0.0,4.0,1.6631376539170055,78.0,78.0,0.6779373036697507,2.0,0.0,13.0,0.0,0.125,0.125
B3,41,8,104.0,8.0,104.0,0.0,2.0,0.0,-2.0,48.0,29.0,0.31701489072293043,5.0,0.0,8.0,0.0,0.07692307692307693,0.07692307692307693
M0,0,1,26.0,2.0,26.0,0.0,0.0,0.0,0.0,12.0,12.0,0.07369859889149666,1.0,0.0,2.0,0.0,0.07692307692307693,0.07692307692307693
M0,0,2,26.0,9.0,26.0,2.0,0.0,2.0,2.805433981079235,54.0,54.0,0.41003786493092775,1.0,0.0,9.0,0.0,0.34615384615384615,0.34615384615384615
M0,0,3,26.0,4.0,26.0,0.0,0.0,0.0,0.0,24.0,24.0,0.3064770372584462,1.0,0.0,4.0,0.0,0.15384615384615385,0.15384615384615385
M0,0,4,26.0,2.0,26.0,0.0,1.0,0.0,-1.0,12.0,6.0,0.052912368439137936,1.0,0.0,2.0,0.0,0.07692307692307693,0.07692307692307693
M0,0,5,26.0,1.0,26.0,0.0,0.0,0.0,0.0,6.0,6.0,0.03754851780831814,0.0,0.0,1.0,0.0,0.038461538461538464,0.038461538461538464
M0,0,6,26.0,2.0,26.0,0.0,0.0,0.0,0.0,12.0,12.0,0.07410003338009119,0.0,0.0,2.0,0.0,0.07692307692307693,0.07692307692307693
M0,0,7,26.0,4.0,26.0,0.0,0.0,0.0,0.0,24.0,24.0,0.17184631805866957,2.0,0.0,4.0,0.0,0.15384615384615385,0.15384615384615385
M0,0,8,26.0,2.0,26.0,0.0,2.0,0.0,-2.0,12.0,0.0,0.06291065830737352,0.0,0.0,2.0,0.0,0.07692307692307693,0.07692307692307693
M0,1,1,210.0,58.0,210.0,4.0,0.0,4.0,11.047069813197291,348.0,348.0,2.240634649991989,4.0,0.0,58.0,0.0,0.2761904761904762,0.2761904761904762
M0,1,2,210.0,79.0,210.0,2.0,0.0,2.0,1.7203141139099964,474.0,474.0,3.8438143273815513,3.0,0.0,79.0,0.0,0.3761904761904762,0.3761904761904762
M0,1,3,210.0,24.0,210.0,0.0,0.0,0.0,0.0,144.0,144.0,1.8938378933817148,3.0,0.0,24.0,0.0,0.11428571428571428,0.11428571428571428
M0,1,4,210.0,16.0,210.0,0.0,3.0,0.0,-3.0,96.0,78.0,0.5660718539729714,5.0,0.0,16.0,0.0,0.0761904761904762,0.0761904761904762
M0,1,5,210.0,9.0,210.0,0.0,2.0,0.0,-2.0,54.0,42.0,0.30244953464716673,3.0,0.0,9.0,0.0,0.04285714285714286,0.04285714285714286
M0,1,6,210.0,8.0,210.0,0.0,0.0,0.0,0.0,48.0,48.0,0.31425295397639275,2.0,0.0,8.0,0.0,0.0380952380952381,0.0380952380952381
M0,1,7,210.0,8.0,210.0,0.0,0.0,0.0,0.0,48.0,48.0,0.35540565475821495,2.0,0.0,8.0,0.0,0.0380952380952381,0.0380952380952381
M0,1,8,210.0,8.0,210.0,0.0,2.0,0.0,-2.0,48.0,20.0,0.29820507299154997,1.0,0.0,8.0,0.0,0.0380952380952381,0.0380952380952381
M0,2,1,0.0,0.0,0.0,0.0,0.0,0.0,0.0,0.0,0.0,0.0,0.0,0.0,0.0,0.0,,
M0,2,2,0.0,0.0,0.0,0.0,0.0,0.0,0.0,0.0,0.0,0.0,0.0,0.0,0.0,0.0,,
M0,2,3,0.0,0.0,0.0,0.0,0.0,0.0,0.0,0.0,0.0,0.0,0.0,0.0,0.0,0.0,,
M0,2,4,0.0,0.0,0.0,0.0,0.0,0.0,0.0,0.0,0.0,0.0,0.0,0.0,0.0,0.0,,
M0,2,5,0.0,0.0,0.0,0.0,0.0,0.0,0.0,0.0,0.0,0.0,0.0,0.0,0.0,0.0,,
M0,2,6,0.0,0.0,0.0,0.0,0.0,0.0,0.0,0.0,0.0,0.0,0.0,0.0,0.0,0.0,,
M0,2,7,0.0,0.0,0.0,0.0,0.0,0.0,0.0,0.0,0.0,0.0,0.0,0.0,0.0,0.0,,
M0,2,8,0.0,0.0,0.0,0.0,0.0,0.0,0.0,0.0,0.0,0.0,0.0,0.0,0.0,0.0,,
M0,3,1,0.0,0.0,0.0,0.0,0.0,0.0,0.0,0.0,0.0,0.0,0.0,0.0,0.0,0.0,,
M0,3,2,0.0,0.0,0.0,0.0,0.0,0.0,0.0,0.0,0.0,0.0,0.0,0.0,0.0,0.0,,
M0,3,3,0.0,0.0,0.0,0.0,0.0,0.0,0.0,0.0,0.0,0.0,0.0,0.0,0.0,0.0,,
M0,3,4,0.0,0.0,0.0,0.0,0.0,0.0,0.0,0.0,0.0,0.0,0.0,0.0,0.0,0.0,,
M0,3,5,0.0,0.0,0.0,0.0,0.0,0.0,0.0,0.0,0.0,0.0,0.0,0.0,0.0,0.0,,
M0,3,6,0.0,0.0,0.0,0.0,0.0,0.0,0.0,0.0,0.0,0.0,0.0,0.0,0.0,0.0,,
M0,3,7,0.0,0.0,0.0,0.0,0.0,0.0,0.0,0.0,0.0,0.0,0.0,0.0,0.0,0.0,,
M0,3,8,0.0,0.0,0.0,0.0,0.0,0.0,0.0,0.0,0.0,0.0,0.0,0.0,0.0,0.0,,
M0,4,1,0.0,0.0,0.0,0.0,0.0,0.0,0.0,0.0,0.0,0.0,0.0,0.0,0.0,0.0,,
M0,4,2,0.0,0.0,0.0,0.0,0.0,0.0,0.0,0.0,0.0,0.0,0.0,0.0,0.0,0.0,,
M0,4,3,0.0,0.0,0.0,0.0,0.0,0.0,0.0,0.0,0.0,0.0,0.0,0.0,0.0,0.0,,
M0,4,4,0.0,0.0,0.0,0.0,0.0,0.0,0.0,0.0,0.0,0.0,0.0,0.0,0.0,0.0,,
M0,4,5,0.0,0.0,0.0,0.0,0.0,0.0,0.0,0.0,0.0,0.0,0.0,0.0,0.0,0.0,,
M0,4,6,0.0,0.0,0.0,0.0,0.0,0.0,0.0,0.0,0.0,0.0,0.0,0.0,0.0,0.0,,
M0,4,7,0.0,0.0,0.0,0.0,0.0,0.0,0.0,0.0,0.0,0.0,0.0,0.0,0.0,0.0,,
M0,4,8,0.0,0.0,0.0,0.0,0.0,0.0,0.0,0.0,0.0,0.0,0.0,0.0,0.0,0.0,,
M0,5,1,0.0,0.0,0.0,0.0,0.0,0.0,0.0,0.0,0.0,0.0,0.0,0.0,0.0,0.0,,
M0,5,2,0.0,0.0,0.0,0.0,0.0,0.0,0.0,0.0,0.0,0.0,0.0,0.0,0.0,0.0,,
M0,5,3,0.0,0.0,0.0,0.0,0.0,0.0,0.0,0.0,0.0,0.0,0.0,0.0,0.0,0.0,,
M0,5,4,0.0,0.0,0.0,0.0,0.0,0.0,0.0,0.0,0.0,0.0,0.0,0.0,0.0,0.0,,
M0,5,5,0.0,0.0,0.0,0.0,0.0,0.0,0.0,0.0,0.0,0.0,0.0,0.0,0.0,0.0,,
M0,5,6,0.0,0.0,0.0,0.0,0.0,0.0,0.0,0.0,0.0,0.0,0.0,0.0,0.0,0.0,,
M0,5,7,0.0,0.0,0.0,0.0,0.0,0.0,0.0,0.0,0.0,0.0,0.0,0.0,0.0,0.0,,
M0,5,8,0.0,0.0,0.0,0.0,0.0,0.0,0.0,0.0,0.0,0.0,0.0,0.0,0.0,0.0,,
M0,6,1,0.0,0.0,0.0,0.0,0.0,0.0,0.0,0.0,0.0,0.0,0.0,0.0,0.0,0.0,,
M0,6,2,0.0,0.0,0.0,0.0,0.0,0.0,0.0,0.0,0.0,0.0,0.0,0.0,0.0,0.0,,
M0,6,3,0.0,0.0,0.0,0.0,0.0,0.0,0.0,0.0,0.0,0.0,0.0,0.0,0.0,0.0,,
M0,6,4,0.0,0.0,0.0,0.0,0.0,0.0,0.0,0.0,0.0,0.0,0.0,0.0,0.0,0.0,,
M0,6,5,0.0,0.0,0.0,0.0,0.0,0.0,0.0,0.0,0.0,0.0,0.0,0.0,0.0,0.0,,
M0,6,6,0.0,0.0,0.0,0.0,0.0,0.0,0.0,0.0,0.0,0.0,0.0,0.0,0.0,0.0,,
M0,6,7,0.0,0.0,0.0,0.0,0.0,0.0,0.0,0.0,0.0,0.0,0.0,0.0,0.0,0.0,,
M0,6,8,0.0,0.0,0.0,0.0,0.0,0.0,0.0,0.0,0.0,0.0,0.0,0.0,0.0,0.0,,
M0,7,1,0.0,0.0,0.0,0.0,0.0,0.0,0.0,0.0,0.0,0.0,0.0,0.0,0.0,0.0,,
M0,7,2,0.0,0.0,0.0,0.0,0.0,0.0,0.0,0.0,0.0,0.0,0.0,0.0,0.0,0.0,,
M0,7,3,0.0,0.0,0.0,0.0,0.0,0.0,0.0,0.0,0.0,0.0,0.0,0.0,0.0,0.0,,
M0,7,4,0.0,0.0,0.0,0.0,0.0,0.0,0.0,0.0,0.0,0.0,0.0,0.0,0.0,0.0,,
M0,7,5,0.0,0.0,0.0,0.0,0.0,0.0,0.0,0.0,0.0,0.0,0.0,0.0,0.0,0.0,,
M0,7,6,0.0,0.0,0.0,0.0,0.0,0.0,0.0,0.0,0.0,0.0,0.0,0.0,0.0,0.0,,
M0,7,7,0.0,0.0,0.0,0.0,0.0,0.0,0.0,0.0,0.0,0.0,0.0,0.0,0.0,0.0,,
M0,7,8,0.0,0.0,0.0,0.0,0.0,0.0,0.0,0.0,0.0,0.0,0.0,0.0,0.0,0.0,,
M0,8,1,694.0,145.0,694.0,8.0,0.0,8.0,19.641131175390186,870.0,870.0,5.998460402712226,15.0,0.0,145.0,0.0,0.20893371757925072,0.20893371757925072
M0,8,2,694.0,149.0,694.0,13.0,0.0,13.0,21.889545228919342,894.0,894.0,7.046800057403743,15.0,0.0,149.0,0.0,0.21469740634005763,0.21469740634005763
M0,8,3,694.0,57.0,694.0,0.0,0.0,0.0,0.0,342.0,342.0,4.498780130408704,15.0,0.0,57.0,0.0,0.08213256484149856,0.08213256484149856
M0,8,4,694.0,51.0,694.0,0.0,3.0,0.0,-3.0,306.0,288.0,1.9522209567949176,14.0,0.0,51.0,0.0,0.07348703170028818,0.07348703170028818
M0,8,5,694.0,101.0,694.0,6.0,3.0,6.0,5.395195292172831,606.0,588.0,3.86466798838228,12.0,0.0,101.0,0.0,0.14553314121037464,0.14553314121037464
M0,8,6,694.0,69.0,694.0,0.0,0.0,0.0,0.0,414.0,414.0,2.685458612628281,19.0,0.0,69.0,0.0,0.0994236311239193,0.0994236311239193
M0,8,7,694.0,79.0,694.0,3.0,0.0,3.0,1.7297072427354667,474.0,474.0,3.758636767975986,13.0,0.0,79.0,0.0,0.1138328530259366,0.1138328530259366
M0,8,8,694.0,43.0,694.0,2.0,12.0,2.0,-0.1068618118380198,258.0,87.0,1.5129284234717488,17.0,0.0,43.0,0.0,0.06195965417867435,0.06195965417867435
M0,9,1,3771.0,785.0,3771.0,33.0,0.0,33.0,75.95756017560579,4710.0,4710.0,34.78122138418257,84.0,0.0,785.0,0.0,0.20816759480243968,0.20816759480243968
M0,9,2,3771.0,995.0,3771.0,59.0,0.0,59.0,152.42357570449937,5970.0,5970.0,51.79224982485175,81.0,0.0,995.0,0.0,0.26385574118271016,0.26385574118271016
M0,9,3,3771.0,534.0,3771.0,10.0,0.0,10.0,10.113912791686882,3204.0,3204.0,43.99266926199198,67.0,0.0,534.0,0.0,0.14160700079554495,0.14160700079554495
M0,9,4,3771.0,200.0,3771.0,1.0,17.0,1.0,-15.848973829419972,1200.0,1086.0,8.0706239445135,66.0,0.0,200.0,0.0,0.05303632988597189,0.05303632988597189
M0,9,5,3771.0,233.0,3771.0,3.0,24.0,3.0,-21.81598885355084,1398.0,1254.0,9.520150878466666,71.0,0.0,233.0,0.0,0.06178732431715725,0.06178732431715725
M0,9,6,3771.0,472.0,3771.0,1.0,0.0,1.0,10.0,2832.0,2832.0,19.260055379010737,73.0,0.0,472.0,0.0,0.12516573853089366,0.12516573853089366
M0,9,7,3771.0,481.0,3771.0,10.0,0.0,10.0,10.716812086611517,2886.0,2886.0,24.099703961983323,70.0,0.0,481.0,0.0,0.1275523733757624,0.1275523733757624
M0,9,8,3771.0,71.0,3771.0,0.0,23.0,0.0,-23.0,426.0,154.0,2.7227274756878614,55.0,0.0,71.0,0.0,0.01882789710952002,0.01882789710952002
M0,10,1,81.0,45.0,81.0,4.0,0.0,4.0,6.372227067578777,270.0,270.0,2.056190900504589,4.0,0.0,45.0,0.0,0.5555555555555556,0.5555555555555556
M0,10,2,81.0,0.0,81.0,0.0,0.0,0.0,0.0,0.0,0.0,0.0,0.0,0.0,0.0,0.0,0.0,0.0
M0,10,3,81.0,0.0,81.0,0.0,0.0,0.0,0.0,0.0,0.0,0.0,0.0,0.0,0.0,0.0,0.0,0.0
M0,10,4,81.0,20.0,81.0,1.0,0.0,1.0,0.08832215416616371,120.0,120.0,0.8871299680322409,6.0,0.0,20.0,0.0,0.24691358024691357,0.24691358024691357
M0,10,5,81.0,13.0,81.0,0.0,0.0,0.0,0.0,78.0,78.0,0.5651995055377483,2.0,0.0,13.0,0.0,0.16049382716049382,0.16049382716049382
M0,10,6,81.0,2.0,81.0,0.0,0.0,0.0,0.0,12.0,12.0,0.08215247001498938,1.0,0.0,2.0,0.0,0.024691358024691357,0.024691358024691357
M0,10,7,81.0,0.0,81.0,0.0,0.0,0.0,0.0,0.0,0.0,0.0,0.0,0.0,0.0,0.0,0.0,0.0
M0,10,8,81.0,1.0,81.0,0.0,0.0,0.0,0.0,6.0,6.0,0.03735046926885843,1.0,0.0,1.0,0.0,0.012345679012345678,0.012345679012345678
M0,11,1,507.0,61.0,507.0,3.0,0.0,3.0,7.28341533708792,366.0,366.0,2.858409502543509,8.0,0.0,61.0,0.0,0.1203155818540434,0.1203155818540434
M0,11,2,507.0,129.0,507.0,12.0,0.0,12.0,73.41450282548095,774.0,774.0,7.165485274977982,15.0,0.0,129.0,0.0,0.25443786982248523,0.25443786982248523
M0,11,3,507.0,61.0,507.0,0.0,0.0,0.0,0.0,366.0,366.0,5.162270276807249,8.0,0.0,61.0,0.0,0.1203155818540434,0.1203155818540434
M0,11,4,507.0,53.0,507.0,0.0,1.0,0.0,-1.0,318.0,312.0,2.3781152796000242,5.0,0.0,53.0,0.0,0.10453648915187377,0.10453648915187377
M0,11,5,507.0,81.0,507.0,2.0,1.0,2.0,1.1639744132596337,486.0,480.0,3.633936818689108,10.0,0.0,81.0,0.0,0.15976331360946747,0.15976331360946747
M0,11,6,507.0,44.0,507.0,0.0,0.0,0.0,0.0,264.0,264.0,1.8113153856247663,14.0,0.0,44.0,0.0,0.08678500986193294,0.08678500986193294
M0,11,7,507.0,65.0,507.0,2.0,0.0,2.0,4.933622017257963,390.0,390.0,3.6504696356132627,11.0,0.0,65.0,0.0,0.1282051282051282,0.1282051282051282
M0,11,8,507.0,13.0,507.0,0.0,2.0,0.0,-2.0,78.0,50.0,0.5395359471440315,11.0,0.0,13.0,0.0,0.02564102564102564,0.02564102564102564
M0,12,1,404.0,92.0,404.0,37.0,0.0,37.0,131.56280039151642,552.0,552.0,3.3340197959914804,10.0,0.0,92.0,0.0,0.22772277227722773,0.22772277227722773
M0,12,2,404.0,103.0,404.0,37.0,0.0,37.0,103.364955966965,618.0,618.0,4.604805115610361,14.0,0.0,103.0,0.0,0.25495049504950495,0.25495049504950495
M0,12,3,404.0,51.0,404.0,19.0,0.0,19.0,50.40114862072305,306.0,306.0,3.789151939563453,12.0,0.0,51.0,0.0,0.12623762376237624,0.12623762376237624
M0,12,4,404.0,19.0,404.0,2.0,2.0,2.0,-0.216925734155489,114.0,102.0,0.6471954984590411,18.0,0.0,19.0,0.0,0.04702970297029703,0.04702970297029703
M0,12,5,404.0,30.0,404.0,2.0,1.0,2.0,9.726955507336017,180.0,174.0,1.110944644547999,11.0,0.0,30.0,0.0,0.07425742574257425,0.07425742574257425
M0,12,6,404.0,47.0,404.0,4.0,0.0,4.0,13.027818008628234,282.0,282.0,1.7115056244656444,18.0,0.0,47.0,0.0,0.11633663366336634,0.11633663366336634
M0,12,7,404.0,34.0,404.0,3.0,0.0,3.0,14.407720523767182,204.0,204.0,1.5132960807532072,20.0,0.0,34.0,0.0,0.08415841584158416,0.08415841584158416
M0,12,8,404.0,28.0,404.0,3.0,2.0,3.0,4.797947113126193,168.0,105.0,1.0611377870664,16.0,0.0,28.0,0.0,0.06930693069306931,0.06930693069306931
M0,13,1,782.0,156.0,782.0,27.0,0.0,27.0,42.41642457609659,936.0,936.0,6.20355227496475,26.0,0.0,156.0,0.0,0.19948849104859334,0.19948849104859334
M0,13,2,782.0,246.0,782.0,53.0,0.0,53.0,191.7045459891112,1476.0,1476.0,11.396696913987398,30.0,0.0,246.0,0.0,0.3145780051150895,0.3145780051150895
M0,13,3,782.0,59.0,782.0,1.0,0.0,1.0,1.7567218863997143,354.0,354.0,4.65301784966141,18.0,0.0,59.0,0.0,0.07544757033248081,0.07544757033248081
M0,13,4,782.0,45.0,782.0,1.0,7.0,1.0,1.2587092632903918,270.0,224.0,1.5713817439973354,24.0,0.0,45.0,0.0,0.05754475703324808,0.05754475703324808
M0,13,5,782.0,66.0,782.0,3.0,11.0,3.0,3.773026779566126,396.0,330.0,2.3449596697464585,25.0,0.0,66.0,0.0,0.08439897698209718,0.08439897698209718
M0,13,6,782.0,83.0,782.0,2.0,0.0,2.0,10.100102726051503,498.0,498.0,3.2027686843648553,22.0,0.0,83.0,0.0,0.10613810741687979,0.10613810741687979
M0,13,7,782.0,86.0,782.0,0.0,0.0,0.0,0.0,516.0,516.0,3.9274962339550257,27.0,0.0,86.0,0.0,0.10997442455242967,0.10997442455242967
M0,13,8,782.0,41.0,782.0,1.0,11.0,1.0,-1.0,246.0,125.0,1.5441281702369452,20.0,0.0,41.0,0.0,0.052429667519181586,0.052429667519181586
M0,14,1,30.0,2.0,30.0,0.0,0.0,0.0,0.0,12.0,12.0,0.07442372385412455,0.0,0.0,2.0,0.0,0.06666666666666667,0.06666666666666667
M0,14,2,30.0,3.0,30.0,0.0,0.0,0.0,0.0,18.0,18.0,0.1360901240259409,1.0,0.0,3.0,0.0,0.1,0.1
M0,14,3,30.0,5.0,30.0,0.0,0.0,0.0,0.0,30.0,30.0,0.37939306627959013,3.0,0.0,5.0,0.0,0.16666666666666666,0.16666666666666666
M0,14,4,30.0,4.0,30.0,0.0,0.0,0.0,0.0,24.0,24.0,0.14887014031410217,2.0,0.0,4.0,0.0,0.13333333333333333,0.13333333333333333
M0,14,5,30.0,1.0,30.0,0.0,0.0,0.0,0.0,6.0,6.0,0.03620905242860317,1.0,0.0,1.0,0.0,0.03333333333333333,0.03333333333333333
M0,14,6,30.0,4.0,30.0,1.0,0.0,1.0,3.4701262155502057,24.0,24.0,0.14962708204984665,0.0,0.0,4.0,0.0,0.13333333333333333,0.13333333333333333
M0,14,7,30.0,6.0,30.0,1.0,0.0,1.0,1.9202010915568182,36.0,36.0,0.2522977888584137,3.0,0.0,6.0,0.0,0.2,0.2
M0,14,8,30.0,5.0,30.0,0.0,2.0,0.0,-2.0,30.0,10.0,0.16739608347415924,2.0,0.0,5.0,0.0,0.16666666666666666,0.16666666666666666
M0,15,1,68.0,8.0,68.0,0.0,0.0,0.0,0.0,48.0,48.0,0.3170414660125971,4.0,0.0,8.0,0.0,0.11764705882352941,0.11764705882352941
M0,15,2,68.0,9.0,68.0,0.0,0.0,0.0,0.0,54.0,54.0,0.43004552088677883,4.0,0.0,9.0,0.0,0.1323529411764706,0.1323529411764706
M0,15,3,68.0,8.0,68.0,0.0,0.0,0.0,0.0,48.0,48.0,0.621489817276597,2.0,0.0,8.0,0.0,0.11764705882352941,0.11764705882352941
M0,15,4,68.0,8.0,68.0,0.0,0.0,0.0,0.0,48.0,48.0,0.3141387738287449,4.0,0.0,8.0,0.0,0.11764705882352941,0.11764705882352941
M0,15,5,68.0,7.0,68.0,0.0,0.0,0.0,0.0,42.0,42.0,0.2732540238648653,1.0,0.0,7.0,0.0,0.10294117647058823,0.10294117647058823
M0,15,6,68.0,15.0,68.0,0.0,0.0,0.0,0.0,90.0,90.0,0.5732721639797091,3.0,0.0,15.0,0.0,0.22058823529411764,0.22058823529411764
M0,15,7,68.0,11.0,68.0,0.0,0.0,0.0,0.0,66.0,66.0,0.5005038902163506,0.0,0.0,11.0,0.0,0.16176470588235295,0.16176470588235295
M0,15,8,68.0,2.0,68.0,0.0,1.0,0.0,-1.0,12.0,3.0,0.05941387638449669,0.0,0.0,2.0,0.0,0.029411764705882353,0.029411764705882353
M0,16,1,24.0,13.0,24.0,12.0,0.0,12.0,35.68399760570383,78.0,78.0,0.5153658855706453,0.0,0.0,13.0,0.0,0.5416666666666666,0.5416666666666666
M0,16,2,24.0,0.0,24.0,0.0,0.0,0.0,0.0,0.0,0.0,0.0,0.0,0.0,0.0,0.0,0.0,0.0
M0,16,3,24.0,6.0,24.0,2.0,0.0,2.0,20.0,36.0,36.0,0.4553602272644639,2.0,0.0,6.0,0.0,0.25,0.25
M0,16,4,24.0,3.0,24.0,1.0,0.0,1.0,2.3821642896111865,18.0,18.0,0.11304602958261967,1.0,0.0,3.0,0.0,0.125,0.125
M0,16,5,24.0,1.0,24.0,1.0,0.0,1.0,0.506435955025325,6.0,6.0,0.03833758272230625,1.0,0.0,1.0,0.0,0.041666666666666664,0.041666666666666664
M0,16,6,24.0,0.0,24.0,0.0,0.0,0.0,0.0,0.0,0.0,0.0,0.0,0.0,0.0,0.0,0.0,0.0
M0,16,7,24.0,1.0,24.0,0.0,0.0,0.0,0.0,6.0,6.0,0.03950869757682085,0.0,0.0,1.0,0.0,0.041666666666666664,0.041666666666666664
M0,16,8,24.0,0.0,24.0,0.0,0.0,0.0,0.0,0.0,0.0,0.0,0.0,0.0,0.0,0.0,0.0,0.0
M0,17,1,18.0,0.0,18.0,0.0,0.0,0.0,0.0,0.0,0.0,0.0,0.0,0.0,0.0,0.0,0.0,0.0
M0,17,2,18.0,6.0,18.0,3.0,0.0,3.0,10.952409462218219,36.0,36.0,0.27754023019224405,2.0,0.0,6.0,0.0,0.3333333333333333,0.3333333333333333
M0,17,3,18.0,0.0,18.0,0.0,0.0,0.0,0.0,0.0,0.0,0.0,0.0,0.0,0.0,0.0,0.0,0.0
M0,17,4,18.0,5.0,18.0,1.0,0.0,1.0,3.869541525691516,30.0,30.0,0.23499789647758007,0.0,0.0,5.0,0.0,0.2777777777777778,0.2777777777777778
M0,17,5,18.0,1.0,18.0,0.0,0.0,0.0,0.0,6.0,6.0,0.03726440016180277,1.0,0.0,1.0,0.0,0.05555555555555555,0.05555555555555555
M0,17,6,18.0,2.0,18.0,0.0,0.0,0.0,0.0,12.0,12.0,0.08444099128246307,2.0,0.0,2.0,0.0,0.1111111111111111,0.1111111111111111
M0,17,7,18.0,3.0,18.0,1.0,0.0,1.0,0.2411644786453949,18.0,18.0,0.130318658426404,0.0,0.0,3.0,0.0,0.16666666666666666,0.16666666666666666
M0,17,8,18.0,1.0,18.0,1.0,0.0,1.0,10.0,6.0,6.0,0.039415507577359676,1.0,0.0,1.0,0.0,0.05555555555555555,0.05555555555555555
M0,18,1,0.0,0.0,0.0,0.0,0.0,0.0,0.0,0.0,0.0,0.0,0.0,0.0,0.0,0.0,,
M0,18,2,0.0,0.0,0.0,0.0,0.0,0.0,0.0,0.0,0.0,0.0,0.0,0.0,0.0,0.0,,
M0,18,3,0.0,0.0,0.0,0.0,0.0,0.0,0.0,0.0,0.0,0.0,0.0,0.0,0.0,0.0,,
M0,18,4,0.0,0.0,0.0,0.0,0.0,0.0,0.0,0.0,0.0,0.0,0.0,0.0,0.0,0.0,,
M0,18,5,0.0,0.0,0.0,0.0,0.0,0.0,0.0,0.0,0.0,0.0,0.0,0.0,0.0,0.0,,
M0,18,6,0.0,0.0,0.0,0.0,0.0,0.0,0.0,0.0,0.0,0.0,0.0,0.0,0.0,0.0,,
M0,18,7,0.0,0.0,0.0,0.0,0.0,0.0,0.0,0.0,0.0,0.0,0.0,0.0,0.0,0.0,,
M0,18,8,0.0,0.0,0.0,0.0,0.0,0.0,0.0,0.0,0.0,0.0,0.0,0.0,0.0,0.0,,
M0,19,1,0.0,0.0,0.0,0.0,0.0,0.0,0.0,0.0,0.0,0.0,0.0,0.0,0.0,0.0,,
M0,19,2,0.0,0.0,0.0,0.0,0.0,0.0,0.0,0.0,0.0,0.0,0.0,0.0,0.0,0.0,,
M0,19,3,0.0,0.0,0.0,0.0,0.0,0.0,0.0,0.0,0.0,0.0,0.0,0.0,0.0,0.0,,
M0,19,4,0.0,0.0,0.0,0.0,0.0,0.0,0.0,0.0,0.0,0.0,0.0,0.0,0.0,0.0,,
M0,19,5,0.0,0.0,0.0,0.0,0.0,0.0,0.0,0.0,0.0,0.0,0.0,0.0,0.0,0.0,,
M0,19,6,0.0,0.0,0.0,0.0,0.0,0.0,0.0,0.0,0.0,0.0,0.0,0.0,0.0,0.0,,
M0,19,7,0.0,0.0,0.0,0.0,0.0,0.0,0.0,0.0,0.0,0.0,0.0,0.0,0.0,0.0,,
M0,19,8,0.0,0.0,0.0,0.0,0.0,0.0,0.0,0.0,0.0,0.0,0.0,0.0,0.0,0.0,,
M0,20,1,0.0,0.0,0.0,0.0,0.0,0.0,0.0,0.0,0.0,0.0,0.0,0.0,0.0,0.0,,
M0,20,2,0.0,0.0,0.0,0.0,0.0,0.0,0.0,0.0,0.0,0.0,0.0,0.0,0.0,0.0,,
M0,20,3,0.0,0.0,0.0,0.0,0.0,0.0,0.0,0.0,0.0,0.0,0.0,0.0,0.0,0.0,,
M0,20,4,0.0,0.0,0.0,0.0,0.0,0.0,0.0,0.0,0.0,0.0,0.0,0.0,0.0,0.0,,
M0,20,5,0.0,0.0,0.0,0.0,0.0,0.0,0.0,0.0,0.0,0.0,0.0,0.0,0.0,0.0,,
M0,20,6,0.0,0.0,0.0,0.0,0.0,0.0,0.0,0.0,0.0,0.0,0.0,0.0,0.0,0.0,,
M0,20,7,0.0,0.0,0.0,0.0,0.0,0.0,0.0,0.0,0.0,0.0,0.0,0.0,0.0,0.0,,
M0,20,8,0.0,0.0,0.0,0.0,0.0,0.0,0.0,0.0,0.0,0.0,0.0,0.0,0.0,0.0,,
M0,21,1,0.0,0.0,0.0,0.0,0.0,0.0,0.0,0.0,0.0,0.0,0.0,0.0,0.0,0.0,,
M0,21,2,0.0,0.0,0.0,0.0,0.0,0.0,0.0,0.0,0.0,0.0,0.0,0.0,0.0,0.0,,
M0,21,3,0.0,0.0,0.0,0.0,0.0,0.0,0.0,0.0,0.0,0.0,0.0,0.0,0.0,0.0,,
M0,21,4,0.0,0.0,0.0,0.0,0.0,0.0,0.0,0.0,0.0,0.0,0.0,0.0,0.0,0.0,,
M0,21,5,0.0,0.0,0.0,0.0,0.0,0.0,0.0,0.0,0.0,0.0,0.0,0.0,0.0,0.0,,
M0,21,6,0.0,0.0,0.0,0.0,0.0,0.0,0.0,0.0,0.0,0.0,0.0,0.0,0.0,0.0,,
M0,21,7,0.0,0.0,0.0,0.0,0.0,0.0,0.0,0.0,0.0,0.0,0.0,0.0,0.0,0.0,,
M0,21,8,0.0,0.0,0.0,0.0,0.0,0.0,0.0,0.0,0.0,0.0,0.0,0.0,0.0,0.0,,
M0,22,1,1348.0,350.0,1348.0,21.0,0.0,21.0,11.970204770496983,2100.0,2100.0,14.056125780567527,33.0,0.0,350.0,0.0,0.2596439169139466,0.2596439169139466
M0,22,2,1348.0,188.0,1348.0,9.0,0.0,9.0,10.390400763978251,1128.0,1128.0,9.917363089509308,26.0,0.0,188.0,0.0,0.1394658753709199,0.1394658753709199
M0,22,3,1348.0,136.0,1348.0,2.0,0.0,2.0,7.944928226324375,816.0,816.0,10.76782229822129,29.0,0.0,136.0,0.0,0.10089020771513353,0.10089020771513353
M0,22,4,1348.0,213.0,1348.0,12.0,5.0,12.0,4.599818146083712,1278.0,1248.0,8.42471216339618,26.0,0.0,213.0,0.0,0.15801186943620177,0.15801186943620177
M0,22,5,1348.0,93.0,1348.0,0.0,2.0,0.0,-2.0,558.0,546.0,3.8588269483298063,27.0,0.0,93.0,0.0,0.06899109792284866,0.06899109792284866
M0,22,6,1348.0,153.0,1348.0,0.0,0.0,0.0,0.0,918.0,918.0,5.98333443980664,37.0,0.0,153.0,0.0,0.11350148367952523,0.11350148367952523
M0,22,7,1348.0,169.0,1348.0,10.0,0.0,10.0,5.072490424144625,1014.0,1014.0,8.208073941990733,25.0,0.0,169.0,0.0,0.12537091988130564,0.12537091988130564
M0,22,8,1348.0,46.0,1348.0,1.0,12.0,1.0,-7.924308618080376,276.0,116.0,1.679358090274036,23.0,0.0,46.0,0.0,0.03412462908011869,0.03412462908011869
M0,23,1,3937.0,740.0,3937.0,31.0,0.0,31.0,45.18393454062626,4440.0,4440.0,32.00051646400243,77.0,0.0,740.0,0.0,0.18796037592075185,0.18796037592075185
M0,23,2,3937.0,802.0,3937.0,71.0,0.0,71.0,88.43814900960498,4812.0,4812.0,40.98398906458169,72.0,0.0,802.0,0.0,0.20370840741681484,0.20370840741681484
M0,23,3,3937.0,532.0,3937.0,3.0,0.0,3.0,2.527820208366116,3192.0,3192.0,43.840603842400014,94.0,0.0,532.0,0.0,0.1351282702565405,0.1351282702565405
M0,23,4,3937.0,420.0,3937.0,4.0,1.0,4.0,1.522001844593975,2520.0,2514.0,18.72574922349304,72.0,0.0,420.0,0.0,0.10668021336042673,0.10668021336042673
M0,23,5,3937.0,379.0,3937.0,9.0,3.0,9.0,1.2343379563135077,2274.0,2256.0,15.8752815797925,68.0,0.0,379.0,0.0,0.09626619253238507,0.09626619253238507
M0,23,6,3937.0,398.0,3937.0,0.0,0.0,0.0,0.0,2388.0,2388.0,16.240753324702382,73.0,0.0,398.0,0.0,0.10109220218440437,0.10109220218440437
M0,23,7,3937.0,596.0,3937.0,19.0,0.0,19.0,25.61990749878783,3576.0,3576.0,29.1635530423373,75.0,0.0,596.0,0.0,0.15138430276860554,0.15138430276860554
M0,23,8,3937.0,70.0,3937.0,0.0,27.0,0.0,-27.0,420.0,143.0,2.6463150456547737,54.0,0.0,70.0,0.0,0.01778003556007112,0.01778003556007112
M0,24,1,90.0,17.0,90.0,4.0,0.0,4.0,2.270605117239778,102.0,102.0,0.6703304499387741,4.0,0.0,17.0,0.0,0.18888888888888888,0.18888888888888888
M0,24,2,90.0,46.0,90.0,11.0,0.0,11.0,29.155399080176135,276.0,276.0,2.28293377161026,2.0,0.0,46.0,0.0,0.5111111111111111,0.5111111111111111
M0,24,3,90.0,3.0,90.0,0.0,0.0,0.0,0.0,18.0,18.0,0.22524262871593237,1.0,0.0,3.0,0.0,0.03333333333333333,0.03333333333333333
M0,24,4,90.0,3.0,90.0,0.0,0.0,0.0,0.0,18.0,18.0,0.1035894975066185,2.0,0.0,3.0,0.0,0.03333333333333333,0.03333333333333333
M0,24,5,90.0,1.0,90.0,0.0,0.0,0.0,0.0,6.0,6.0,0.033557409420609474,1.0,0.0,1.0,0.0,0.011111111111111112,0.011111111111111112
M0,24,6,90.0,5.0,90.0,0.0,0.0,0.0,0.0,30.0,30.0,0.18072533793747425,4.0,0.0,5.0,0.0,0.05555555555555555,0.05555555555555555
M0,24,7,90.0,10.0,90.0,1.0,0.0,1.0,1.408899173108704,60.0,60.0,0.44806260149925947,4.0,0.0,10.0,0.0,0.1111111111111111,0.1111111111111111
M0,24,8,90.0,5.0,90.0,0.0,1.0,0.0,-1.0,30.0,17.0,0.19079284649342299,4.0,0.0,5.0,0.0,0.05555555555555555,0.05555555555555555
M0,25,1,203.0,32.0,203.0,2.0,0.0,2.0,0.7477491618322186,192.0,192.0,1.3916338440030813,5.0,0.0,32.0,0.0,0.15763546798029557,0.15763546798029557
M0,25,2,203.0,5.0,203.0,1.0,0.0,1.0,10.0,30.0,30.0,0.23181328177452087,2.0,0.0,5.0,0.0,0.024630541871921183,0.024630541871921183
M0,25,3,203.0,69.0,203.0,1.0,0.0,1.0,2.2490074468690207,414.0,414.0,5.560055182315409,7.0,0.0,69.0,0.0,0.3399014778325123,0.3399014778325123
M0,25,4,203.0,6.0,203.0,0.0,0.0,0.0,0.0,36.0,36.0,0.25677743647247553,3.0,0.0,6.0,0.0,0.029556650246305417,0.029556650246305417
M0,25,5,203.0,38.0,203.0,2.0,0.0,2.0,1.0779924232860676,228.0,228.0,1.6226934548467398,1.0,0.0,38.0,0.0,0.18719211822660098,0.18719211822660098
M0,25,6,203.0,35.0,203.0,0.0,0.0,0.0,0.0,210.0,210.0,1.6692756693810225,3.0,0.0,35.0,0.0,0.1724137931034483,0.1724137931034483
M0,25,7,203.0,10.0,203.0,0.0,0.0,0.0,0.0,60.0,60.0,0.4451959580183029,4.0,0.0,10.0,0.0,0.04926108374384237,0.04926108374384237
M0,25,8,203.0,8.0,203.0,0.0,3.0,0.0,-3.0,48.0,20.0,0.27602434903383255,2.0,0.0,8.0,0.0,0.03940886699507389,0.03940886699507389
M0,26,1,268.0,73.0,268.0,27.0,0.0,27.0,60.657200103167405,438.0,438.0,2.8065580939874053,8.0,0.0,73.0,0.0,0.27238805970149255,0.27238805970149255
M0,26,2,268.0,11.0,268.0,8.0,0.0,8.0,9.251162992477855,66.0,66.0,0.48517841286957264,4.0,0.0,11.0,0.0,0.041044776119402986,0.041044776119402986
M0,26,3,268.0,41.0,268.0,7.0,0.0,7.0,20.329834033679134,246.0,246.0,3.116778800264001,9.0,0.0,41.0,0.0,0.15298507462686567,0.15298507462686567
M0,26,4,268.0,75.0,268.0,14.0,0.0,14.0,41.935776248237694,450.0,450.0,2.8128188950940967,9.0,0.0,75.0,0.0,0.2798507462686567,0.2798507462686567
M0,26,5,268.0,18.0,268.0,2.0,0.0,2.0,9.396001262241121,108.0,108.0,0.6847928762435913,9.0,0.0,18.0,0.0,0.06716417910447761,0.06716417910447761
M0,26,6,268.0,13.0,268.0,0.0,0.0,0.0,0.0,78.0,78.0,0.49268370121717453,13.0,0.0,13.0,0.0,0.048507462686567165,0.048507462686567165
M0,26,7,268.0,23.0,268.0,4.0,0.0,4.0,18.880619587824494,138.0,138.0,1.0215935306623578,9.0,0.0,23.0,0.0,0.08582089552238806,0.08582089552238806
M0,26,8,268.0,14.0,268.0,0.0,0.0,0.0,0.0,84.0,49.0,0.5317677818238735,8.0,0.0,14.0,0.0,0.05223880597014925,0.05223880597014925
M0,27,1,189.0,83.0,189.0,26.0,0.0,26.0,45.92533002405148,498.0,498.0,3.261029575020075,9.0,0.0,83.0,0.0,0.43915343915343913,0.43915343915343913
M0,27,2,189.0,33.0,189.0,10.0,0.0,10.0,27.540634402630328,198.0,198.0,1.5399261834099889,5.0,0.0,33.0,0.0,0.1746031746031746,0.1746031746031746
M0,27,3,189.0,26.0,189.0,6.0,0.0,6.0,22.792121517442503,156.0,156.0,1.991788748651743,8.0,0.0,26.0,0.0,0.13756613756613756,0.13756613756613756
M0,27,4,189.0,9.0,189.0,0.0,0.0,0.0,0.0,54.0,54.0,0.3335648216307163,6.0,0.0,9.0,0.0,0.047619047619047616,0.047619047619047616
M0,27,5,189.0,22.0,189.0,3.0,0.0,3.0,3.137110108839918,132.0,132.0,0.8119480656459928,8.0,0.0,22.0,0.0,0.1164021164021164,0.1164021164021164
M0,27,6,189.0,11.0,189.0,0.0,0.0,0.0,0.0,66.0,66.0,0.4171835836023092,9.0,0.0,11.0,0.0,0.0582010582010582,0.0582010582010582
M0,27,7,189.0,3.0,189.0,1.0,0.0,1.0,0.17410544164095093,18.0,18.0,0.14247280452400446,2.0,0.0,3.0,0.0,0.015873015873015872,0.015873015873015872
M0,27,8,189.0,2.0,189.0,0.0,0.0,0.0,0.0,12.0,9.0,0.08175169862806797,2.0,0.0,2.0,0.0,0.010582010582010581,0.010582010582010581
M0,28,1,25.0,13.0,25.0,1.0,0.0,1.0,2.096815905620021,78.0,78.0,0.5064002815634012,1.0,0.0,13.0,0.0,0.52,0.52
M0,28,2,25.0,3.0,25.0,0.0,0.0,0.0,0.0,18.0,18.0,0.13906380627304316,1.0,0.0,3.0,0.0,0.12,0.12
M0,28,3,25.0,4.0,25.0,0.0,0.0,0.0,0.0,24.0,24.0,0.3005127627402544,2.0,0.0,4.0,0.0,0.16,0.16
M0,28,4,25.0,0.0,25.0,0.0,0.0,0.0,0.0,0.0,0.0,0.0,0.0,0.0,0.0,0.0,0.0,0.0
M0,28,5,25.0,1.0,25.0,0.0,0.0,0.0,0.0,6.0,6.0,0.03592426236718893,0.0,0.0,1.0,0.0,0.04,0.04
M0,28,6,25.0,0.0,25.0,0.0,0.0,0.0,0.0,0.0,0.0,0.0,0.0,0.0,0.0,0.0,0.0,0.0
M0,28,7,25.0,1.0,25.0,0.0,0.0,0.0,0.0,6.0,6.0,0.0417899526655674,0.0,0.0,1.0,0.0,0.04,0.04
M0,28,8,25.0,3.0,25.0,0.0,3.0,0.0,-3.0,18.0,0.0,0.08671986311674118,2.0,0.0,3.0,0.0,0.12,0.12
M0,29,1,60.0,0.0,60.0,0.0,0.0,0.0,0.0,0.0,0.0,0.0,0.0,0.0,0.0,0.0,0.0,0.0
M0,29,2,60.0,7.0,60.0,0.0,0.0,0.0,0.0,42.0,42.0,0.339314897544682,3.0,0.0,7.0,0.0,0.11666666666666667,0.11666666666666667
M0,29,3,60.0,1.0,60.0,0.0,0.0,0.0,0.0,6.0,6.0,0.07491897698491812,0.0,0.0,1.0,0.0,0.016666666666666666,0.016666666666666666
M0,29,4,60.0,22.0,60.0,0.0,0.0,0.0,0.0,132.0,132.0,0.8400794854387641,3.0,0.0,22.0,0.0,0.36666666666666664,0.36666666666666664
M0,29,5,60.0,22.0,60.0,1.0,0.0,1.0,1.021820099759077,132.0,132.0,0.8512426521629095,1.0,0.0,22.0,0.0,0.36666666666666664,0.36666666666666664
M0,29,6,60.0,3.0,60.0,0.0,0.0,0.0,0.0,18.0,18.0,0.11051498632878065,2.0,0.0,3.0,0.0,0.05,0.05
M0,29,7,60.0,3.0,60.0,0.0,0.0,0.0,0.0,18.0,18.0,0.12397350836545229,1.0,0.0,3.0,0.0,0.05,0.05
M0,29,8,60.0,2.0,60.0,0.0,2.0,0.0,-2.0,12.0,0.0,0.04782048333436251,1.0,0.0,2.0,0.0,0.03333333333333333,0.03333333333333333
M0,30,1,357.0,106.0,357.0,39.0,0.0,39.0,199.32295629338714,636.0,636.0,4.340249255299568,9.0,0.0,106.0,0.0,0.2969187675070028,0.2969187675070028
M0,30,2,357.0,28.0,357.0,12.0,0.0,12.0,64.5210724003503,168.0,168.0,1.3394521977752447,9.0,0.0,28.0,0.0,0.0784313725490196,0.0784313725490196
M0,30,3,357.0,24.0,357.0,2.0,0.0,2.0,1.2890420049341575,144.0,144.0,1.8894632933661342,14.0,0.0,24.0,0.0,0.06722689075630252,0.06722689075630252
M0,30,4,357.0,27.0,357.0,6.0,0.0,6.0,11.780156952365711,162.0,162.0,1.1254771947860718,15.0,0.0,27.0,0.0,0.07563025210084033,0.07563025210084033
M0,30,5,357.0,58.0,357.0,8.0,0.0,8.0,39.48667956004999,348.0,348.0,2.397921015508473,18.0,0.0,58.0,0.0,0.16246498599439776,0.16246498599439776
M0,30,6,357.0,40.0,357.0,6.0,0.0,6.0,43.356658503658394,240.0,240.0,1.6873018257319927,7.0,0.0,40.0,0.0,0.11204481792717087,0.11204481792717087
M0,30,7,357.0,61.0,357.0,18.0,0.0,18.0,79.01946576117714,366.0,366.0,2.9543687012046576,14.0,0.0,61.0,0.0,0.17086834733893558,0.17086834733893558
M0,30,8,357.0,13.0,357.0,1.0,3.0,1.0,-1.599445988773626,78.0,42.0,0.48434891551733017,10.0,0.0,13.0,0.0,0.036414565826330535,0.036414565826330535
M0,31,1,636.0,90.0,636.0,16.0,0.0,16.0,104.57225480535195,540.0,540.0,3.776804025284946,16.0,0.0,90.0,0.0,0.14150943396226415,0.14150943396226415
M0,31,2,636.0,51.0,636.0,5.0,0.0,5.0,6.255164038681839,306.0,306.0,2.734799951314926,15.0,0.0,51.0,0.0,0.08018867924528301,0.08018867924528301
M0,31,3,636.0,31.0,636.0,0.0,0.0,0.0,0.0,186.0,186.0,2.5769046852365136,20.0,0.0,31.0,0.0,0.04874213836477988,0.04874213836477988
M0,31,4,636.0,40.0,636.0,3.0,0.0,3.0,6.499972764491336,240.0,240.0,1.7313008671626449,15.0,0.0,40.0,0.0,0.06289308176100629,0.06289308176100629
M0,31,5,636.0,66.0,636.0,9.0,0.0,9.0,19.86432051633565,396.0,396.0,3.052765524946153,17.0,0.0,66.0,0.0,0.10377358490566038,0.10377358490566038
M0,31,6,636.0,87.0,636.0,5.0,0.0,5.0,35.69830481562195,522.0,522.0,3.7865616492927074,16.0,0.0,87.0,0.0,0.13679245283018868,0.13679245283018868
M0,31,7,636.0,218.0,636.0,38.0,0.0,38.0,185.43396287599643,1308.0,1308.0,12.450160346925259,27.0,0.0,218.0,0.0,0.34276729559748426,0.34276729559748426
M0,31,8,636.0,53.0,636.0,7.0,20.0,7.0,27.564570728598248,318.0,100.0,2.1201679399237037,15.0,0.0,53.0,0.0,0.08333333333333333,0.08333333333333333
M0,32,1,0.0,0.0,0.0,0.0,0.0,0.0,0.0,0.0,0.0,0.0,0.0,0.0,0.0,0.0,,
M0,32,2,0.0,0.0,0.0,0.0,0.0,0.0,0.0,0.0,0.0,0.0,0.0,0.0,0.0,0.0,,
M0,32,3,0.0,0.0,0.0,0.0,0.0,0.0,0.0,0.0,0.0,0.0,0.0,0.0,0.0,0.0,,
M0,32,4,0.0,0.0,0.0,0.0,0.0,0.0,0.0,0.0,0.0,0.0,0.0,0.0,0.0,0.0,,
M0,32,5,0.0,0.0,0.0,0.0,0.0,0.0,0.0,0.0,0.0,0.0,0.0,0.0,0.0,0.0,,
M0,32,6,0.0,0.0,0.0,0.0,0.0,0.0,0.0,0.0,0.0,0.0,0.0,0.0,0.0,0.0,,
M0,32,7,0.0,0.0,0.0,0.0,0.0,0.0,0.0,0.0,0.0,0.0,0.0,0.0,0.0,0.0,,
M0,32,8,0.0,0.0,0.0,0.0,0.0,0.0,0.0,0.0,0.0,0.0,0.0,0.0,0.0,0.0,,
M0,33,1,0.0,0.0,0.0,0.0,0.0,0.0,0.0,0.0,0.0,0.0,0.0,0.0,0.0,0.0,,
M0,33,2,0.0,0.0,0.0,0.0,0.0,0.0,0.0,0.0,0.0,0.0,0.0,0.0,0.0,0.0,,
M0,33,3,0.0,0.0,0.0,0.0,0.0,0.0,0.0,0.0,0.0,0.0,0.0,0.0,0.0,0.0,,
M0,33,4,0.0,0.0,0.0,0.0,0.0,0.0,0.0,0.0,0.0,0.0,0.0,0.0,0.0,0.0,,
M0,33,5,0.0,0.0,0.0,0.0,0.0,0.0,0.0,0.0,0.0,0.0,0.0,0.0,0.0,0.0,,
M0,33,6,0.0,0.0,0.0,0.0,0.0,0.0,0.0,0.0,0.0,0.0,0.0,0.0,0.0,0.0,,
M0,33,7,0.0,0.0,0.0,0.0,0.0,0.0,0.0,0.0,0.0,0.0,0.0,0.0,0.0,0.0,,
M0,33,8,0.0,0.0,0.0,0.0,0.0,0.0,0.0,0.0,0.0,0.0,0.0,0.0,0.0,0.0,,
M0,34,1,0.0,0.0,0.0,0.0,0.0,0.0,0.0,0.0,0.0,0.0,0.0,0.0,0.0,0.0,,
M0,34,2,0.0,0.0,0.0,0.0,0.0,0.0,0.0,0.0,0.0,0.0,0.0,0.0,0.0,0.0,,
M0,34,3,0.0,0.0,0.0,0.0,0.0,0.0,0.0,0.0,0.0,0.0,0.0,0.0,0.0,0.0,,
M0,34,4,0.0,0.0,0.0,0.0,0.0,0.0,0.0,0.0,0.0,0.0,0.0,0.0,0.0,0.0,,
M0,34,5,0.0,0.0,0.0,0.0,0.0,0.0,0.0,0.0,0.0,0.0,0.0,0.0,0.0,0.0,,
M0,34,6,0.0,0.0,0.0,0.0,0.0,0.0,0.0,0.0,0.0,0.0,0.0,0.0,0.0,0.0,,
M0,34,7,0.0,0.0,0.0,0.0,0.0,0.0,0.0,0.0,0.0,0.0,0.0,0.0,0.0,0.0,,
M0,34,8,0.0,0.0,0.0,0.0,0.0,0.0,0.0,0.0,0.0,0.0,0.0,0.0,0.0,0.0,,
M0,35,1,0.0,0.0,0.0,0.0,0.0,0.0,0.0,0.0,0.0,0.0,0.0,0.0,0.0,0.0,,
M0,35,2,0.0,0.0,0.0,0.0,0.0,0.0,0.0,0.0,0.0,0.0,0.0,0.0,0.0,0.0,,
M0,35,3,0.0,0.0,0.0,0.0,0.0,0.0,0.0,0.0,0.0,0.0,0.0,0.0,0.0,0.0,,
M0,35,4,0.0,0.0,0.0,0.0,0.0,0.0,0.0,0.0,0.0,0.0,0.0,0.0,0.0,0.0,,
M0,35,5,0.0,0.0,0.0,0.0,0.0,0.0,0.0,0.0,0.0,0.0,0.0,0.0,0.0,0.0,,
M0,35,6,0.0,0.0,0.0,0.0,0.0,0.0,0.0,0.0,0.0,0.0,0.0,0.0,0.0,0.0,,
M0,35,7,0.0,0.0,0.0,0.0,0.0,0.0,0.0,0.0,0.0,0.0,0.0,0.0,0.0,0.0,,
M0,35,8,0.0,0.0,0.0,0.0,0.0,0.0,0.0,0.0,0.0,0.0,0.0,0.0,0.0,0.0,,
M0,36,1,864.0,170.0,864.0,17.0,0.0,17.0,42.717176527724725,1020.0,1020.0,7.215581504628062,19.0,0.0,170.0,0.0,0.19675925925925927,0.19675925925925927
M0,36,2,864.0,184.0,864.0,38.0,0.0,38.0,175.68307663679425,1104.0,1104.0,9.102526484057307,27.0,0.0,184.0,0.0,0.21296296296296297,0.21296296296296297
M0,36,3,864.0,87.0,864.0,1.0,0.0,1.0,0.814541686229679,522.0,522.0,7.0747997192665935,24.0,0.0,87.0,0.0,0.10069444444444445,0.10069444444444445
M0,36,4,864.0,45.0,864.0,0.0,0.0,0.0,0.0,270.0,270.0,1.9104962991550565,14.0,0.0,45.0,0.0,0.052083333333333336,0.052083333333333336
M0,36,5,864.0,158.0,864.0,12.0,0.0,12.0,38.127073095343775,948.0,948.0,6.9495443338528275,21.0,0.0,158.0,0.0,0.18287037037037038,0.18287037037037038
M0,36,6,864.0,58.0,864.0,0.0,0.0,0.0,0.0,348.0,348.0,2.4141277745366096,22.0,0.0,58.0,0.0,0.06712962962962964,0.06712962962962964
M0,36,7,864.0,146.0,864.0,19.0,0.0,19.0,45.495722180086915,876.0,876.0,7.452679826878011,13.0,0.0,146.0,0.0,0.16898148148148148,0.16898148148148148
M0,36,8,864.0,16.0,864.0,0.0,7.0,0.0,-7.0,96.0,31.0,0.6162570239976048,9.0,0.0,16.0,0.0,0.018518518518518517,0.018518518518518517
M0,37,1,3599.0,462.0,3599.0,23.0,0.0,23.0,37.99323988137796,2772.0,2772.0,20.063357796519995,68.0,0.0,462.0,0.0,0.12836899138649624,0.12836899138649624
M0,37,2,3599.0,469.0,3599.0,9.0,0.0,9.0,19.080151899762576,2814.0,2814.0,24.703573307022452,74.0,0.0,469.0,0.0,0.13031397610447346,0.13031397610447346
M0,37,3,3599.0,394.0,3599.0,4.0,0.0,4.0,7.6031454018694316,2364.0,2364.0,32.08479671459645,69.0,0.0,394.0,0.0,0.10947485412614615,0.10947485412614615
M0,37,4,3599.0,394.0,3599.0,8.0,2.0,8.0,21.415684809617897,2364.0,2352.0,17.48516038618982,51.0,0.0,394.0,0.0,0.10947485412614615,0.10947485412614615
M0,37,5,3599.0,492.0,3599.0,17.0,2.0,17.0,80.88084291110864,2952.0,2940.0,23.72864460106939,56.0,0.0,492.0,0.0,0.13670464017782719,0.13670464017782719
M0,37,6,3599.0,359.0,3599.0,1.0,0.0,1.0,10.0,2154.0,2154.0,14.650830492377281,71.0,0.0,359.0,0.0,0.09974993053626008,0.09974993053626008
M0,37,7,3599.0,956.0,3599.0,107.0,0.0,107.0,333.1619891590987,5736.0,5736.0,49.93996768724173,61.0,0.0,956.0,0.0,0.2656293414837455,0.2656293414837455
M0,37,8,3599.0,73.0,3599.0,5.0,28.0,5.0,5.440021871333499,438.0,125.0,2.8594548674300313,38.0,0.0,73.0,0.0,0.020283412058905253,0.020283412058905253
M0,38,1,10.0,2.0,10.0,2.0,0.0,2.0,10.08836668860244,12.0,12.0,0.07702156435698271,0.0,0.0,2.0,0.0,0.2,0.2
M0,38,2,10.0,1.0,10.0,1.0,0.0,1.0,3.8218405378567555,6.0,6.0,0.04870697017759085,1.0,0.0,1.0,0.0,0.1,0.1
M0,38,3,10.0,3.0,10.0,1.0,0.0,1.0,5.045329013004187,18.0,18.0,0.232983173802495,0.0,0.0,3.0,0.0,0.3,0.3
M0,38,4,10.0,0.0,10.0,0.0,0.0,0.0,0.0,0.0,0.0,0.0,0.0,0.0,0.0,0.0,0.0,0.0
M0,38,5,10.0,2.0,10.0,0.0,0.0,0.0,0.0,12.0,12.0,0.07696681283414364,2.0,0.0,2.0,0.0,0.2,0.2
M0,38,6,10.0,1.0,10.0,0.0,0.0,0.0,0.0,6.0,6.0,0.03905785270035267,1.0,0.0,1.0,0.0,0.1,0.1
M0,38,7,10.0,0.0,10.0,0.0,0.0,0.0,0.0,0.0,0.0,0.0,0.0,0.0,0.0,0.0,0.0,0.0
M0,38,8,10.0,1.0,10.0,0.0,0.0,0.0,0.0,6.0,4.0,0.037665084935724735,0.0,0.0,1.0,0.0,0.1,0.1
M0,39,1,10.0,0.0,10.0,0.0,0.0,0.0,0.0,0.0,0.0,0.0,0.0,0.0,0.0,0.0,0.0,0.0
M0,39,2,10.0,1.0,10.0,0.0,0.0,0.0,0.0,6.0,6.0,0.045761922374367714,0.0,0.0,1.0,0.0,0.1,0.1
M0,39,3,10.0,2.0,10.0,0.0,0.0,0.0,0.0,12.0,12.0,0.15290452539920807,0.0,0.0,2.0,0.0,0.2,0.2
M0,39,4,10.0,3.0,10.0,0.0,0.0,0.0,0.0,18.0,18.0,0.11120634991675615,2.0,0.0,3.0,0.0,0.3,0.3
M0,39,5,10.0,1.0,10.0,0.0,0.0,0.0,0.0,6.0,6.0,0.037406724877655506,0.0,0.0,1.0,0.0,0.1,0.1
M0,39,6,10.0,1.0,10.0,0.0,0.0,0.0,0.0,6.0,6.0,0.03644223418086767,0.0,0.0,1.0,0.0,0.1,0.1
M0,39,7,10.0,1.0,10.0,0.0,0.0,0.0,0.0,6.0,6.0,0.04423085879534483,0.0,0.0,1.0,0.0,0.1,0.1
M0,39,8,10.0,1.0,10.0,0.0,1.0,0.0,-1.0,6.0,0.0,0.026415688917040825,0.0,0.0,1.0,0.0,0.1,0.1
M0,40,1,74.0,19.0,74.0,9.0,0.0,9.0,28.537550579618156,114.0,114.0,0.7226118193939328,3.0,0.0,19.0,0.0,0.25675675675675674,0.25675675675675674
M0,40,2,74.0,10.0,74.0,3.0,0.0,3.0,12.133070697505167,60.0,60.0,0.47995117865502834,1.0,0.0,10.0,0.0,0.13513513513513514,0.13513513513513514
M0,40,3,74.0,3.0,74.0,1.0,0.0,1.0,0.5306421395414911,18.0,18.0,0.23769883159548044,3.0,0.0,3.0,0.0,0.04054054054054054,0.04054054054054054
M0,40,4,74.0,5.0,74.0,1.0,0.0,1.0,4.853114594602526,30.0,30.0,0.19533475581556559,4.0,0.0,5.0,0.0,0.06756756756756757,0.06756756756756757
M0,40,5,74.0,8.0,74.0,1.0,0.0,1.0,1.5512923672217065,48.0,48.0,0.3067364590242505,6.0,0.0,8.0,0.0,0.10810810810810811,0.10810810810810811
M0,40,6,74.0,4.0,74.0,0.0,0.0,0.0,0.0,24.0,24.0,0.15281359944492579,3.0,0.0,4.0,0.0,0.05405405405405406,0.05405405405405406
M0,40,7,74.0,9.0,74.0,2.0,0.0,2.0,0.2530137751993468,54.0,54.0,0.42450559977442026,0.0,0.0,9.0,0.0,0.12162162162162163,0.12162162162162163
M0,40,8,74.0,16.0,74.0,2.0,2.0,2.0,9.666949924058157,96.0,54.0,0.5861335676163435,5.0,0.0,16.0,0.0,0.21621621621621623,0.21621621621621623
M0,41,1,55.0,11.0,55.0,3.0,0.0,3.0,19.822769319109483,66.0,66.0,0.43735205475240946,1.0,0.0,11.0,0.0,0.2,0.2
M0,41,2,55.0,1.0,55.0,0.0,0.0,0.0,0.0,6.0,6.0,0.049676086753606796,1.0,0.0,1.0,0.0,0.01818181818181818,0.01818181818181818
M0,41,3,55.0,2.0,55.0,0.0,0.0,0.0,0.0,12.0,12.0,0.15732055436819792,2.0,0.0,2.0,0.0,0.03636363636363636,0.03636363636363636
M0,41,4,55.0,3.0,55.0,0.0,0.0,0.0,0.0,18.0,18.0,0.11385342758148909,1.0,0.0,3.0,0.0,0.05454545454545454,0.05454545454545454
M0,41,5,55.0,7.0,55.0,1.0,0.0,1.0,0.9042514055744327,42.0,42.0,0.27263628505170345,4.0,0.0,7.0,0.0,0.12727272727272726,0.12727272727272726
M0,41,6,55.0,14.0,55.0,1.0,0.0,1.0,4.11986956636994,84.0,84.0,0.5503107029944658,2.0,0.0,14.0,0.0,0.2545454545454545,0.2545454545454545
M0,41,7,55.0,2.0,55.0,0.0,0.0,0.0,0.0,12.0,12.0,0.09120025485754013,1.0,0.0,2.0,0.0,0.03636363636363636,0.03636363636363636
M0,41,8,55.0,15.0,55.0,5.0,3.0,5.0,37.47943417810146,90.0,54.0,0.5891733942553401,4.0,0.0,15.0,0.0,0.2727272727272727,0.2727272727272727
M1,0,1,80.0,11.0,80.0,0.0,0.0,0.0,0.0,66.0,66.0,0.4136063475161791,1.0,0.0,11.0,0.0,0.1375,0.1375
M1,0,2,80.0,19.0,80.0,0.0,0.0,0.0,0.0,114.0,114.0,0.8807836668565869,0.0,0.0,19.0,0.0,0.2375,0.2375
M1,0,3,80.0,10.0,80.0,0.0,0.0,0.0,0.0,60.0,60.0,0.7530654529109597,4.0,0.0,10.0,0.0,0.125,0.125
M1,0,4,80.0,11.0,80.0,0.0,3.0,0.0,-3.0,66.0,48.0,0.3602477200329304,2.0,0.0,11.0,0.0,0.1375,0.1375
M1,0,5,80.0,6.0,80.0,0.0,1.0,0.0,-1.0,36.0,30.0,0.2108216118067503,1.0,0.0,6.0,0.0,0.075,0.075
M1,0,6,80.0,8.0,80.0,0.0,0.0,0.0,0.0,48.0,48.0,0.29990679305046797,0.0,0.0,8.0,0.0,0.1,0.1
M1,0,7,80.0,9.0,80.0,0.0,0.0,0.0,0.0,54.0,54.0,0.3907350040972233,2.0,0.0,9.0,0.0,0.1125,0.1125
M1,0,8,80.0,6.0,80.0,0.0,3.0,0.0,-3.0,36.0,7.0,0.21531753707677126,0.0,0.0,6.0,0.0,0.075,0.075
M1,1,1,790.0,121.0,790.0,1.0,0.0,1.0,0.11893749011930965,726.0,726.0,4.5484676929190755,20.0,0.0,121.0,0.0,0.15316455696202533,0.15316455696202533
M1,1,2,790.0,291.0,790.0,14.0,0.0,14.0,60.395855037173746,1746.0,1746.0,13.390469519421458,7.0,0.0,291.0,0.0,0.36835443037974686,0.36835443037974686
M1,1,3,790.0,96.0,790.0,0.0,0.0,0.0,0.0,576.0,576.0,7.288507716730237,12.0,0.0,96.0,0.0,0.12151898734177215,0.12151898734177215
M1,1,4,790.0,36.0,790.0,0.0,6.0,0.0,-6.0,216.0,180.0,1.2287868792191148,14.0,0.0,36.0,0.0,0.04556962025316456,0.04556962025316456
M1,1,5,790.0,43.0,790.0,0.0,4.0,0.0,-4.0,258.0,234.0,1.5635067829862237,13.0,0.0,43.0,0.0,0.05443037974683544,0.05443037974683544
M1,1,6,790.0,78.0,790.0,0.0,0.0,0.0,0.0,468.0,468.0,2.877297969534993,13.0,0.0,78.0,0.0,0.09873417721518987,0.09873417721518987
M1,1,7,790.0,103.0,790.0,0.0,0.0,0.0,0.0,618.0,618.0,4.37021638546139,10.0,0.0,103.0,0.0,0.13037974683544304,0.13037974683544304
M1,1,8,790.0,22.0,790.0,0.0,3.0,0.0,-3.0,132.0,66.0,0.7972133113071322,12.0,0.0,22.0,0.0,0.027848101265822784,0.027848101265822784
M1,2,1,0.0,0.0,0.0,0.0,0.0,0.0,0.0,0.0,0.0,0.0,0.0,0.0,0.0,0.0,,
M1,2,2,0.0,0.0,0.0,0.0,0.0,0.0,0.0,0.0,0.0,0.0,0.0,0.0,0.0,0.0,,
M1,2,3,0.0,0.0,0.0,0.0,0.0,0.0,0.0,0.0,0.0,0.0,0.0,0.0,0.0,0.0,,
M1,2,4,0.0,0.0,0.0,0.0,0.0,0.0,0.0,0.0,0.0,0.0,0.0,0.0,0.0,0.0,,
M1,2,5,0.0,0.0,0.0,0.0,0.0,0.0,0.0,0.0,0.0,0.0,0.0,0.0,0.0,0.0,,
M1,2,6,0.0,0.0,0.0,0.0,0.0,0.0,0.0,0.0,0.0,0.0,0.0,0.0,0.0,0.0,,
M1,2,7,0.0,0.0,0.0,0.0,0.0,0.0,0.0,0.0,0.0,0.0,0.0,0.0,0.0,0.0,,
M1,2,8,0.0,0.0,0.0,0.0,0.0,0.0,0.0,0.0,0.0,0.0,0.0,0.0,0.0,0.0,,
M1,3,1,0.0,0.0,0.0,0.0,0.0,0.0,0.0,0.0,0.0,0.0,0.0,0.0,0.0,0.0,,
M1,3,2,0.0,0.0,0.0,0.0,0.0,0.0,0.0,0.0,0.0,0.0,0.0,0.0,0.0,0.0,,
M1,3,3,0.0,0.0,0.0,0.0,0.0,0.0,0.0,0.0,0.0,0.0,0.0,0.0,0.0,0.0,,
M1,3,4,0.0,0.0,0.0,0.0,0.0,0.0,0.0,0.0,0.0,0.0,0.0,0.0,0.0,0.0,,
M1,3,5,0.0,0.0,0.0,0.0,0.0,0.0,0.0,0.0,0.0,0.0,0.0,0.0,0.0,0.0,,
M1,3,6,0.0,0.0,0.0,0.0,0.0,0.0,0.0,0.0,0.0,0.0,0.0,0.0,0.0,0.0,,
M1,3,7,0.0,0.0,0.0,0.0,0.0,0.0,0.0,0.0,0.0,0.0,0.0,0.0,0.0,0.0,,
M1,3,8,0.0,0.0,0.0,0.0,0.0,0.0,0.0,0.0,0.0,0.0,0.0,0.0,0.0,0.0,,
M1,4,1,0.0,0.0,0.0,0.0,0.0,0.0,0.0,0.0,0.0,0.0,0.0,0.0,0.0,0.0,,
M1,4,2,0.0,0.0,0.0,0.0,0.0,0.0,0.0,0.0,0.0,0.0,0.0,0.0,0.0,0.0,,
M1,4,3,0.0,0.0,0.0,0.0,0.0,0.0,0.0,0.0,0.0,0.0,0.0,0.0,0.0,0.0,,
M1,4,4,0.0,0.0,0.0,0.0,0.0,0.0,0.0,0.0,0.0,0.0,0.0,0.0,0.0,0.0,,
M1,4,5,0.0,0.0,0.0,0.0,0.0,0.0,0.0,0.0,0.0,0.0,0.0,0.0,0.0,0.0,,
M1,4,6,0.0,0.0,0.0,0.0,0.0,0.0,0.0,0.0,0.0,0.0,0.0,0.0,0.0,0.0,,
M1,4,7,0.0,0.0,0.0,0.0,0.0,0.0,0.0,0.0,0.0,0.0,0.0,0.0,0.0,0.0,,
M1,4,8,0.0,0.0,0.0,0.0,0.0,0.0,0.0,0.0,0.0,0.0,0.0,0.0,0.0,0.0,,
M1,5,1,0.0,0.0,0.0,0.0,0.0,0.0,0.0,0.0,0.0,0.0,0.0,0.0,0.0,0.0,,
M1,5,2,0.0,0.0,0.0,0.0,0.0,0.0,0.0,0.0,0.0,0.0,0.0,0.0,0.0,0.0,,
M1,5,3,0.0,0.0,0.0,0.0,0.0,0.0,0.0,0.0,0.0,0.0,0.0,0.0,0.0,0.0,,
M1,5,4,0.0,0.0,0.0,0.0,0.0,0.0,0.0,0.0,0.0,0.0,0.0,0.0,0.0,0.0,,
M1,5,5,0.0,0.0,0.0,0.0,0.0,0.0,0.0,0.0,0.0,0.0,0.0,0.0,0.0,0.0,,
M1,5,6,0.0,0.0,0.0,0.0,0.0,0.0,0.0,0.0,0.0,0.0,0.0,0.0,0.0,0.0,,
M1,5,7,0.0,0.0,0.0,0.0,0.0,0.0,0.0,0.0,0.0,0.0,0.0,0.0,0.0,0.0,,
M1,5,8,0.0,0.0,0.0,0.0,0.0,0.0,0.0,0.0,0.0,0.0,0.0,0.0,0.0,0.0,,
M1,6,1,0.0,0.0,0.0,0.0,0.0,0.0,0.0,0.0,0.0,0.0,0.0,0.0,0.0,0.0,,
M1,6,2,0.0,0.0,0.0,0.0,0.0,0.0,0.0,0.0,0.0,0.0,0.0,0.0,0.0,0.0,,
M1,6,3,0.0,0.0,0.0,0.0,0.0,0.0,0.0,0.0,0.0,0.0,0.0,0.0,0.0,0.0,,
M1,6,4,0.0,0.0,0.0,0.0,0.0,0.0,0.0,0.0,0.0,0.0,0.0,0.0,0.0,0.0,,
M1,6,5,0.0,0.0,0.0,0.0,0.0,0.0,0.0,0.0,0.0,0.0,0.0,0.0,0.0,0.0,,
M1,6,6,0.0,0.0,0.0,0.0,0.0,0.0,0.0,0.0,0.0,0.0,0.0,0.0,0.0,0.0,,
M1,6,7,0.0,0.0,0.0,0.0,0.0,0.0,0.0,0.0,0.0,0.0,0.0,0.0,0.0,0.0,,
M1,6,8,0.0,0.0,0.0,0.0,0.0,0.0,0.0,0.0,0.0,0.0,0.0,0.0,0.0,0.0,,
M1,7,1,0.0,0.0,0.0,0.0,0.0,0.0,0.0,0.0,0.0,0.0,0.0,0.0,0.0,0.0,,
M1,7,2,0.0,0.0,0.0,0.0,0.0,0.0,0.0,0.0,0.0,0.0,0.0,0.0,0.0,0.0,,
M1,7,3,0.0,0.0,0.0,0.0,0.0,0.0,0.0,0.0,0.0,0.0,0.0,0.0,0.0,0.0,,
M1,7,4,0.0,0.0,0.0,0.0,0.0,0.0,0.0,0.0,0.0,0.0,0.0,0.0,0.0,0.0,,
M1,7,5,0.0,0.0,0.0,0.0,0.0,0.0,0.0,0.0,0.0,0.0,0.0,0.0,0.0,0.0,,
M1,7,6,0.0,0.0,0.0,0.0,0.0,0.0,0.0,0.0,0.0,0.0,0.0,0.0,0.0,0.0,,
M1,7,7,0.0,0.0,0.0,0.0,0.0,0.0,0.0,0.0,0.0,0.0,0.0,0.0,0.0,0.0,,
M1,7,8,0.0,0.0,0.0,0.0,0.0,0.0,0.0,0.0,0.0,0.0,0.0,0.0,0.0,0.0,,
M1,8,1,494.0,94.0,494.0,2.0,0.0,2.0,9.88529696161137,564.0,564.0,4.0789865255355835,11.0,0.0,94.0,0.0,0.1902834008097166,0.1902834008097166
M1,8,2,494.0,70.0,494.0,3.0,0.0,3.0,9.567314473563828,420.0,420.0,3.383389523252845,7.0,0.0,70.0,0.0,0.1417004048582996,0.1417004048582996
M1,8,3,494.0,70.0,494.0,1.0,0.0,1.0,4.193200662959453,420.0,420.0,5.5278082843869925,16.0,0.0,70.0,0.0,0.1417004048582996,0.1417004048582996
M1,8,4,494.0,30.0,494.0,0.0,3.0,0.0,-3.0,180.0,162.0,1.1880058897659183,11.0,0.0,30.0,0.0,0.06072874493927125,0.06072874493927125
M1,8,5,494.0,68.0,494.0,8.0,4.0,8.0,4.9160512744779385,408.0,384.0,2.548351589590311,7.0,0.0,68.0,0.0,0.13765182186234817,0.13765182186234817
M1,8,6,494.0,61.0,494.0,0.0,0.0,0.0,0.0,366.0,366.0,2.3232890693470836,16.0,0.0,61.0,0.0,0.12348178137651822,0.12348178137651822
M1,8,7,494.0,72.0,494.0,2.0,0.0,2.0,2.468811515185576,432.0,432.0,3.2832894986495376,10.0,0.0,72.0,0.0,0.145748987854251,0.145748987854251
M1,8,8,494.0,29.0,494.0,1.0,7.0,1.0,-4.650334636238194,174.0,84.0,1.1441327426582575,3.0,0.0,29.0,0.0,0.058704453441295545,0.058704453441295545
M1,9,1,3211.0,809.0,3211.0,31.0,0.0,31.0,63.58092944193952,4854.0,4854.0,35.43744156975299,78.0,0.0,809.0,0.0,0.25194643413266893,0.25194643413266893
M1,9,2,3211.0,773.0,3211.0,40.0,0.0,40.0,99.15358030632514,4638.0,4638.0,39.03977522160858,55.0,0.0,773.0,0.0,0.2407349735284958,0.2407349735284958
M1,9,3,3211.0,651.0,3211.0,9.0,0.0,9.0,12.489071764821942,3906.0,3906.0,53.02553577441722,78.0,0.0,651.0,0.0,0.20274057925879788,0.20274057925879788
M1,9,4,3211.0,159.0,3211.0,2.0,15.0,2.0,-14.033407803346433,954.0,848.0,6.407689468935132,59.0,0.0,159.0,0.0,0.049517284335098104,0.049517284335098104
M1,9,5,3211.0,189.0,3211.0,1.0,20.0,1.0,-19.96913453693262,1134.0,1014.0,7.48127088136971,77.0,0.0,189.0,0.0,0.05886016817190906,0.05886016817190906
M1,9,6,3211.0,0.0,0.0,0.0,0.0,0.0,0.0,0.0,0.0,0.0,0.0,0.0,0.0,0.0,0.0,
M1,9,7,3211.0,539.0,3211.0,6.0,0.0,6.0,0.9918876956493119,3234.0,3234.0,26.0969798611477,68.0,0.0,539.0,0.0,0.1678604796013703,0.1678604796013703
M1,9,8,3211.0,91.0,3211.0,0.0,27.0,0.0,-27.0,546.0,227.0,3.453320578671992,74.0,0.0,91.0,0.0,0.02834008097165992,0.02834008097165992
M1,10,1,140.0,58.0,140.0,8.0,0.0,8.0,14.196561403908742,348.0,348.0,2.528205346316099,4.0,0.0,58.0,0.0,0.4142857142857143,0.4142857142857143
M1,10,2,140.0,28.0,140.0,1.0,0.0,1.0,0.9929620401103731,168.0,168.0,1.7482902137562633,3.0,0.0,28.0,0.0,0.2,0.2
M1,10,3,140.0,4.0,140.0,0.0,0.0,0.0,0.0,24.0,24.0,0.34824784751981497,4.0,0.0,4.0,0.0,0.02857142857142857,0.02857142857142857
M1,10,4,140.0,13.0,140.0,1.0,0.0,1.0,0.08832215416616371,78.0,78.0,0.5121039552614093,7.0,0.0,13.0,0.0,0.09285714285714286,0.09285714285714286
M1,10,5,140.0,22.0,140.0,0.0,0.0,0.0,0.0,132.0,132.0,1.0060039525851607,4.0,0.0,22.0,0.0,0.15714285714285714,0.15714285714285714
M1,10,6,140.0,13.0,140.0,0.0,0.0,0.0,0.0,78.0,78.0,0.579564904794097,3.0,0.0,13.0,0.0,0.09285714285714286,0.09285714285714286
M1,10,7,140.0,1.0,140.0,0.0,0.0,0.0,0.0,6.0,6.0,0.03904984798282385,0.0,0.0,1.0,0.0,0.007142857142857143,0.007142857142857143
M1,10,8,140.0,1.0,140.0,0.0,0.0,0.0,0.0,6.0,6.0,0.037724925205111504,1.0,0.0,1.0,0.0,0.007142857142857143,0.007142857142857143
M1,11,1,605.0,61.0,605.0,3.0,0.0,3.0,7.28341533708792,366.0,366.0,2.93842314183712,7.0,0.0,61.0,0.0,0.10082644628099173,0.10082644628099173
M1,11,2,605.0,178.0,605.0,17.0,0.0,17.0,45.79685134549801,1068.0,1068.0,10.154667563736439,16.0,0.0,178.0,0.0,0.29421487603305785,0.29421487603305785
M1,11,3,605.0,71.0,605.0,0.0,0.0,0.0,0.0,426.0,426.0,6.488507398404181,18.0,0.0,71.0,0.0,0.11735537190082644,0.11735537190082644
M1,11,4,605.0,47.0,605.0,0.0,2.0,0.0,-2.0,282.0,270.0,2.241696123033762,7.0,0.0,47.0,0.0,0.07768595041322314,0.07768595041322314
M1,11,5,605.0,75.0,605.0,2.0,2.0,2.0,0.1639744132596337,450.0,438.0,3.4580346504226327,14.0,0.0,75.0,0.0,0.12396694214876033,0.12396694214876033
M1,11,6,605.0,73.0,605.0,0.0,0.0,0.0,0.0,438.0,438.0,3.224304690025747,15.0,0.0,73.0,0.0,0.1206611570247934,0.1206611570247934
M1,11,7,605.0,80.0,605.0,1.0,0.0,1.0,4.717806922816968,480.0,480.0,4.344134654849768,14.0,0.0,80.0,0.0,0.1322314049586777,0.1322314049586777
M1,11,8,605.0,20.0,605.0,0.0,5.0,0.0,-5.0,120.0,58.0,0.8310208516195416,15.0,0.0,20.0,0.0,0.03305785123966942,0.03305785123966942
M1,12,1,426.0,96.0,426.0,36.0,0.0,36.0,136.04228364186858,576.0,576.0,3.4807437108829618,11.0,0.0,96.0,0.0,0.22535211267605634,0.22535211267605634
M1,12,2,426.0,99.0,426.0,36.0,0.0,36.0,105.19231581438993,594.0,594.0,4.430932031944394,17.0,0.0,99.0,0.0,0.2323943661971831,0.2323943661971831
M1,12,3,426.0,52.0,426.0,19.0,0.0,19.0,50.40114862072305,312.0,312.0,3.867064367979765,12.0,0.0,52.0,0.0,0.12206572769953052,0.12206572769953052
M1,12,4,426.0,32.0,426.0,2.0,3.0,2.0,-1.216925734155489,192.0,153.0,1.0487573882564902,23.0,0.0,32.0,0.0,0.07511737089201878,0.07511737089201878
M1,12,5,426.0,29.0,426.0,2.0,1.0,2.0,9.726955507336017,174.0,168.0,1.0633526416495442,10.0,0.0,29.0,0.0,0.06807511737089202,0.06807511737089202
M1,12,6,426.0,55.0,426.0,4.0,0.0,4.0,13.027818008628234,330.0,330.0,2.019844649359584,24.0,0.0,55.0,0.0,0.12910798122065728,0.12910798122065728
M1,12,7,426.0,34.0,426.0,2.0,0.0,2.0,13.83332228647917,204.0,204.0,1.5152396177873015,18.0,0.0,34.0,0.0,0.07981220657276995,0.07981220657276995
M1,12,8,426.0,29.0,426.0,2.0,3.0,2.0,2.7161851002541484,174.0,111.0,1.095447763800621,20.0,0.0,29.0,0.0,0.06807511737089202,0.06807511737089202
M1,13,1,859.0,185.0,859.0,35.0,0.0,35.0,62.10721945658146,1110.0,1110.0,7.12749370932579,26.0,0.0,185.0,0.0,0.21536670547147846,0.21536670547147846
M1,13,2,859.0,238.0,859.0,49.0,0.0,49.0,172.5264753157685,1428.0,1428.0,11.067947832867503,26.0,0.0,238.0,0.0,0.2770663562281723,0.2770663562281723
M1,13,3,859.0,91.0,859.0,3.0,0.0,3.0,11.703332564349425,546.0,546.0,7.0552804581820965,26.0,0.0,91.0,0.0,0.10593713620488941,0.10593713620488941
M1,13,4,859.0,56.0,859.0,2.0,7.0,2.0,1.6731534080914319,336.0,290.0,2.0300495894625783,27.0,0.0,56.0,0.0,0.06519208381839348,0.06519208381839348
M1,13,5,859.0,70.0,859.0,3.0,9.0,3.0,5.773026779566126,420.0,366.0,2.58657502848655,24.0,0.0,70.0,0.0,0.08149010477299184,0.08149010477299184
M1,13,6,859.0,83.0,859.0,2.0,0.0,2.0,10.100102726051503,498.0,498.0,3.1513017918914557,28.0,0.0,83.0,0.0,0.09662398137369034,0.09662398137369034
M1,13,7,859.0,94.0,859.0,1.0,0.0,1.0,0.4814305251711157,564.0,564.0,4.2706267749890685,35.0,0.0,94.0,0.0,0.10942956926658906,0.10942956926658906
M1,13,8,859.0,42.0,859.0,0.0,8.0,0.0,-8.0,252.0,140.0,1.5894230222329497,24.0,0.0,42.0,0.0,0.048894062863795114,0.048894062863795114
M1,14,1,78.0,27.0,78.0,1.0,0.0,1.0,10.0,162.0,162.0,1.0574114797636867,1.0,0.0,27.0,0.0,0.34615384615384615,0.34615384615384615
M1,14,2,78.0,7.0,78.0,1.0,0.0,1.0,0.2587003365229083,42.0,42.0,0.32467092853039503,1.0,0.0,7.0,0.0,0.08974358974358974,0.08974358974358974
M1,14,3,78.0,6.0,78.0,0.0,0.0,0.0,0.0,36.0,36.0,0.4618410738185048,0.0,0.0,6.0,0.0,0.07692307692307693,0.07692307692307693
M1,14,4,78.0,8.0,78.0,0.0,0.0,0.0,0.0,48.0,48.0,0.302970077842474,3.0,0.0,8.0,0.0,0.10256410256410256,0.10256410256410256
M1,14,5,78.0,6.0,78.0,0.0,0.0,0.0,0.0,36.0,36.0,0.23751049023121595,1.0,0.0,6.0,0.0,0.07692307692307693,0.07692307692307693
M1,14,6,78.0,8.0,78.0,1.0,0.0,1.0,3.4701262155502057,48.0,48.0,0.2987721310928464,0.0,0.0,8.0,0.0,0.10256410256410256,0.10256410256410256
M1,14,7,78.0,8.0,78.0,0.0,0.0,0.0,0.0,48.0,48.0,0.34059464279562235,2.0,0.0,8.0,0.0,0.10256410256410256,0.10256410256410256
M1,14,8,78.0,8.0,78.0,2.0,3.0,2.0,-1.1664720130711395,48.0,14.0,0.2696635341271758,3.0,0.0,8.0,0.0,0.10256410256410256,0.10256410256410256
M1,15,1,194.0,4.0,194.0,1.0,0.0,1.0,0.25813972582883715,24.0,24.0,0.1514523047953844,0.0,0.0,4.0,0.0,0.020618556701030927,0.020618556701030927
M1,15,2,194.0,89.0,194.0,7.0,0.0,7.0,26.12285158647098,534.0,534.0,4.0003879107534885,9.0,0.0,89.0,0.0,0.4587628865979381,0.4587628865979381
M1,15,3,194.0,13.0,194.0,0.0,0.0,0.0,0.0,78.0,78.0,0.9834743216633797,2.0,0.0,13.0,0.0,0.06701030927835051,0.06701030927835051
M1,15,4,194.0,31.0,194.0,0.0,0.0,0.0,0.0,186.0,186.0,1.2039665738120675,3.0,0.0,31.0,0.0,0.15979381443298968,0.15979381443298968
M1,15,5,194.0,6.0,194.0,0.0,1.0,0.0,-1.0,36.0,30.0,0.21717065665870905,2.0,0.0,6.0,0.0,0.030927835051546393,0.030927835051546393
M1,15,6,194.0,24.0,194.0,0.0,0.0,0.0,0.0,144.0,144.0,0.8924957923591137,6.0,0.0,24.0,0.0,0.12371134020618557,0.12371134020618557
M1,15,7,194.0,18.0,194.0,0.0,0.0,0.0,0.0,108.0,108.0,0.7465483890846372,2.0,0.0,18.0,0.0,0.09278350515463918,0.09278350515463918
M1,15,8,194.0,9.0,194.0,0.0,4.0,0.0,-4.0,54.0,13.0,0.30443220119923353,3.0,0.0,9.0,0.0,0.04639175257731959,0.04639175257731959
M1,16,1,22.0,12.0,22.0,11.0,0.0,11.0,35.15683404251408,72.0,72.0,0.47214880120009184,0.0,0.0,12.0,0.0,0.5454545454545454,0.5454545454545454
M1,16,2,22.0,0.0,22.0,0.0,0.0,0.0,0.0,0.0,0.0,0.0,0.0,0.0,0.0,0.0,0.0,0.0
M1,16,3,22.0,6.0,22.0,2.0,0.0,2.0,20.0,36.0,36.0,0.4650995712727308,2.0,0.0,6.0,0.0,0.2727272727272727,0.2727272727272727
M1,16,4,22.0,2.0,22.0,1.0,0.0,1.0,2.3821642896111865,12.0,12.0,0.06986359506845474,0.0,0.0,2.0,0.0,0.09090909090909091,0.09090909090909091
M1,16,5,22.0,1.0,22.0,1.0,0.0,1.0,0.506435955025325,6.0,6.0,0.038540457375347614,1.0,0.0,1.0,0.0,0.045454545454545456,0.045454545454545456
M1,16,6,22.0,0.0,22.0,0.0,0.0,0.0,0.0,0.0,0.0,0.0,0.0,0.0,0.0,0.0,0.0,0.0
M1,16,7,22.0,1.0,22.0,0.0,0.0,0.0,0.0,6.0,6.0,0.040085495449602604,0.0,0.0,1.0,0.0,0.045454545454545456,0.045454545454545456
M1,16,8,22.0,0.0,22.0,0.0,0.0,0.0,0.0,0.0,0.0,0.0,0.0,0.0,0.0,0.0,0.0,0.0
M1,17,1,18.0,0.0,18.0,0.0,0.0,0.0,0.0,0.0,0.0,0.0,0.0,0.0,0.0,0.0,0.0,0.0
M1,17,2,18.0,6.0,18.0,3.0,0.0,3.0,10.952409462218219,36.0,36.0,0.2808058662340045,2.0,0.0,6.0,0.0,0.3333333333333333,0.3333333333333333
M1,17,3,18.0,0.0,18.0,0.0,0.0,0.0,0.0,0.0,0.0,0.0,0.0,0.0,0.0,0.0,0.0,0.0
M1,17,4,18.0,4.0,18.0,1.0,0.0,1.0,3.869541525691516,24.0,24.0,0.16843067482113838,0.0,0.0,4.0,0.0,0.2222222222222222,0.2222222222222222
M1,17,5,18.0,1.0,18.0,0.0,0.0,0.0,0.0,6.0,6.0,0.03736523073166609,1.0,0.0,1.0,0.0,0.05555555555555555,0.05555555555555555
M1,17,6,18.0,1.0,18.0,0.0,0.0,0.0,0.0,6.0,6.0,0.03992631006985903,1.0,0.0,1.0,0.0,0.05555555555555555,0.05555555555555555
M1,17,7,18.0,3.0,18.0,1.0,0.0,1.0,0.2411644786453949,18.0,18.0,0.13118361961096525,0.0,0.0,3.0,0.0,0.16666666666666666,0.16666666666666666
M1,17,8,18.0,3.0,18.0,1.0,0.0,1.0,10.0,18.0,14.0,0.12956673465669155,3.0,0.0,3.0,0.0,0.16666666666666666,0.16666666666666666
M1,18,1,0.0,0.0,0.0,0.0,0.0,0.0,0.0,0.0,0.0,0.0,0.0,0.0,0.0,0.0,,
M1,18,2,0.0,0.0,0.0,0.0,0.0,0.0,0.0,0.0,0.0,0.0,0.0,0.0,0.0,0.0,,
M1,18,3,0.0,0.0,0.0,0.0,0.0,0.0,0.0,0.0,0.0,0.0,0.0,0.0,0.0,0.0,,
M1,18,4,0.0,0.0,0.0,0.0,0.0,0.0,0.0,0.0,0.0,0.0,0.0,0.0,0.0,0.0,,
M1,18,5,0.0,0.0,0.0,0.0,0.0,0.0,0.0,0.0,0.0,0.0,0.0,0.0,0.0,0.0,,
M1,18,6,0.0,0.0,0.0,0.0,0.0,0.0,0.0,0.0,0.0,0.0,0.0,0.0,0.0,0.0,,
M1,18,7,0.0,0.0,0.0,0.0,0.0,0.0,0.0,0.0,0.0,0.0,0.0,0.0,0.0,0.0,,
M1,18,8,0.0,0.0,0.0,0.0,0.0,0.0,0.0,0.0,0.0,0.0,0.0,0.0,0.0,0.0,,
M1,19,1,0.0,0.0,0.0,0.0,0.0,0.0,0.0,0.0,0.0,0.0,0.0,0.0,0.0,0.0,,
M1,19,2,0.0,0.0,0.0,0.0,0.0,0.0,0.0,0.0,0.0,0.0,0.0,0.0,0.0,0.0,,
M1,19,3,0.0,0.0,0.0,0.0,0.0,0.0,0.0,0.0,0.0,0.0,0.0,0.0,0.0,0.0,,
M1,19,4,0.0,0.0,0.0,0.0,0.0,0.0,0.0,0.0,0.0,0.0,0.0,0.0,0.0,0.0,,
M1,19,5,0.0,0.0,0.0,0.0,0.0,0.0,0.0,0.0,0.0,0.0,0.0,0.0,0.0,0.0,,
M1,19,6,0.0,0.0,0.0,0.0,0.0,0.0,0.0,0.0,0.0,0.0,0.0,0.0,0.0,0.0,,
M1,19,7,0.0,0.0,0.0,0.0,0.0,0.0,0.0,0.0,0.0,0.0,0.0,0.0,0.0,0.0,,
M1,19,8,0.0,0.0,0.0,0.0,0.0,0.0,0.0,0.0,0.0,0.0,0.0,0.0,0.0,0.0,,
M1,20,1,0.0,0.0,0.0,0.0,0.0,0.0,0.0,0.0,0.0,0.0,0.0,0.0,0.0,0.0,,
M1,20,2,0.0,0.0,0.0,0.0,0.0,0.0,0.0,0.0,0.0,0.0,0.0,0.0,0.0,0.0,,
M1,20,3,0.0,0.0,0.0,0.0,0.0,0.0,0.0,0.0,0.0,0.0,0.0,0.0,0.0,0.0,,
M1,20,4,0.0,0.0,0.0,0.0,0.0,0.0,0.0,0.0,0.0,0.0,0.0,0.0,0.0,0.0,,
M1,20,5,0.0,0.0,0.0,0.0,0.0,0.0,0.0,0.0,0.0,0.0,0.0,0.0,0.0,0.0,,
M1,20,6,0.0,0.0,0.0,0.0,0.0,0.0,0.0,0.0,0.0,0.0,0.0,0.0,0.0,0.0,,
M1,20,7,0.0,0.0,0.0,0.0,0.0,0.0,0.0,0.0,0.0,0.0,0.0,0.0,0.0,0.0,,
M1,20,8,0.0,0.0,0.0,0.0,0.0,0.0,0.0,0.0,0.0,0.0,0.0,0.0,0.0,0.0,,
M1,21,1,0.0,0.0,0.0,0.0,0.0,0.0,0.0,0.0,0.0,0.0,0.0,0.0,0.0,0.0,,
M1,21,2,0.0,0.0,0.0,0.0,0.0,0.0,0.0,0.0,0.0,0.0,0.0,0.0,0.0,0.0,,
M1,21,3,0.0,0.0,0.0,0.0,0.0,0.0,0.0,0.0,0.0,0.0,0.0,0.0,0.0,0.0,,
M1,21,4,0.0,0.0,0.0,0.0,0.0,0.0,0.0,0.0,0.0,0.0,0.0,0.0,0.0,0.0,,
M1,21,5,0.0,0.0,0.0,0.0,0.0,0.0,0.0,0.0,0.0,0.0,0.0,0.0,0.0,0.0,,
M1,21,6,0.0,0.0,0.0,0.0,0.0,0.0,0.0,0.0,0.0,0.0,0.0,0.0,0.0,0.0,,
M1,21,7,0.0,0.0,0.0,0.0,0.0,0.0,0.0,0.0,0.0,0.0,0.0,0.0,0.0,0.0,,
M1,21,8,0.0,0.0,0.0,0.0,0.0,0.0,0.0,0.0,0.0,0.0,0.0,0.0,0.0,0.0,,
M1,22,1,988.0,207.0,988.0,16.0,0.0,16.0,12.153978484163632,1242.0,1242.0,8.202923994511366,25.0,0.0,207.0,0.0,0.20951417004048584,0.20951417004048584
M1,22,2,988.0,286.0,988.0,24.0,0.0,24.0,43.89291109266081,1716.0,1716.0,14.386309149675071,33.0,0.0,286.0,0.0,0.2894736842105263,0.2894736842105263
M1,22,3,988.0,65.0,988.0,0.0,0.0,0.0,0.0,390.0,390.0,5.162885434925556,17.0,0.0,65.0,0.0,0.06578947368421052,0.06578947368421052
M1,22,4,988.0,118.0,988.0,2.0,1.0,2.0,3.7636973585611013,708.0,702.0,4.750217106193304,24.0,0.0,118.0,0.0,0.1194331983805668,0.1194331983805668
M1,22,5,988.0,65.0,988.0,0.0,2.0,0.0,-2.0,390.0,378.0,2.6623873068019748,16.0,0.0,65.0,0.0,0.06578947368421052,0.06578947368421052
M1,22,6,988.0,56.0,988.0,0.0,0.0,0.0,0.0,336.0,336.0,2.213641275651753,21.0,0.0,56.0,0.0,0.05668016194331984,0.05668016194331984
M1,22,7,988.0,150.0,988.0,19.0,0.0,19.0,8.658314873801292,900.0,900.0,7.395271670073271,25.0,0.0,150.0,0.0,0.15182186234817813,0.15182186234817813
M1,22,8,988.0,41.0,988.0,1.0,12.0,1.0,-7.924308618080376,246.0,96.0,1.547991644591093,21.0,0.0,41.0,0.0,0.04149797570850203,0.04149797570850203
M1,23,1,3199.0,512.0,3199.0,14.0,0.0,14.0,14.120004924162956,3072.0,3072.0,22.69893847592175,63.0,0.0,512.0,0.0,0.16005001562988433,0.16005001562988433
M1,23,2,3199.0,526.0,3199.0,42.0,0.0,42.0,59.910396497027264,3156.0,3156.0,26.71883813943714,68.0,0.0,526.0,0.0,0.164426383244764,0.164426383244764
M1,23,3,3199.0,387.0,3199.0,3.0,0.0,3.0,15.129031847847472,2322.0,2322.0,31.496361011639237,74.0,0.0,387.0,0.0,0.12097530478274461,0.12097530478274461
M1,23,4,3199.0,400.0,3199.0,5.0,1.0,5.0,4.845336367804395,2400.0,2394.0,18.026390464045107,53.0,0.0,400.0,0.0,0.12503907471084713,0.12503907471084713
M1,23,5,3199.0,406.0,3199.0,10.0,2.0,10.0,4.148990588014062,2436.0,2424.0,18.40221732854843,54.0,0.0,406.0,0.0,0.12691466083150985,0.12691466083150985
M1,23,6,3199.0,332.0,3199.0,0.0,0.0,0.0,0.0,1992.0,1992.0,13.688244986347854,70.0,0.0,332.0,0.0,0.10378243201000313,0.10378243201000313
M1,23,7,3199.0,553.0,3199.0,33.0,0.0,33.0,16.7771953182336,3318.0,3318.0,27.26784840784967,53.0,0.0,553.0,0.0,0.17286652078774617,0.17286652078774617
M1,23,8,3199.0,83.0,3199.0,1.0,19.0,1.0,-15.175508870623702,498.0,207.0,3.237133682705462,44.0,0.0,83.0,0.0,0.025945608002500783,0.025945608002500783
M1,24,1,139.0,29.0,139.0,4.0,0.0,4.0,2.270605117239778,174.0,174.0,1.3573009073734283,4.0,0.0,29.0,0.0,0.20863309352517986,0.20863309352517986
M1,24,2,139.0,46.0,139.0,11.0,0.0,11.0,29.155399080176135,276.0,276.0,2.0867366828024387,4.0,0.0,46.0,0.0,0.33093525179856115,0.33093525179856115
M1,24,3,139.0,3.0,139.0,0.0,0.0,0.0,0.0,18.0,18.0,0.22430939227342606,1.0,0.0,3.0,0.0,0.02158273381294964,0.02158273381294964
M1,24,4,139.0,16.0,139.0,0.0,0.0,0.0,0.0,96.0,96.0,0.582643860951066,6.0,0.0,16.0,0.0,0.11510791366906475,0.11510791366906475
M1,24,5,139.0,2.0,139.0,0.0,0.0,0.0,0.0,12.0,12.0,0.06851378548890352,2.0,0.0,2.0,0.0,0.014388489208633094,0.014388489208633094
M1,24,6,139.0,14.0,139.0,0.0,0.0,0.0,0.0,84.0,84.0,0.5214682202786207,5.0,0.0,14.0,0.0,0.10071942446043165,0.10071942446043165
M1,24,7,139.0,19.0,139.0,1.0,0.0,1.0,1.408899173108704,114.0,114.0,0.9195501562207937,5.0,0.0,19.0,0.0,0.1366906474820144,0.1366906474820144
M1,24,8,139.0,10.0,139.0,0.0,2.0,0.0,-2.0,60.0,29.0,0.37270077411085367,5.0,0.0,10.0,0.0,0.07194244604316546,0.07194244604316546
M1,25,1,475.0,61.0,475.0,1.0,0.0,1.0,0.6072298265392336,366.0,366.0,2.790838995948434,12.0,0.0,61.0,0.0,0.12842105263157894,0.12842105263157894
M1,25,2,475.0,150.0,475.0,10.0,0.0,10.0,32.26899485120306,900.0,900.0,7.9238964999094605,8.0,0.0,150.0,0.0,0.3157894736842105,0.3157894736842105
M1,25,3,475.0,83.0,475.0,1.0,0.0,1.0,2.2490074468690207,498.0,498.0,6.758538409136236,9.0,0.0,83.0,0.0,0.17473684210526316,0.17473684210526316
M1,25,4,475.0,30.0,475.0,0.0,0.0,0.0,0.0,180.0,180.0,1.2117675272747874,6.0,0.0,30.0,0.0,0.06315789473684211,0.06315789473684211
M1,25,5,475.0,69.0,475.0,4.0,0.0,4.0,6.609068416673877,414.0,414.0,3.1318767173215747,8.0,0.0,69.0,0.0,0.14526315789473684,0.14526315789473684
M1,25,6,475.0,22.0,475.0,0.0,0.0,0.0,0.0,132.0,132.0,0.8670254293829203,8.0,0.0,22.0,0.0,0.04631578947368421,0.04631578947368421
M1,25,7,475.0,43.0,475.0,0.0,0.0,0.0,0.0,258.0,258.0,1.976042346097529,12.0,0.0,43.0,0.0,0.09052631578947369,0.09052631578947369
M1,25,8,475.0,17.0,475.0,0.0,4.0,0.0,-4.0,102.0,51.0,0.6577550368383527,8.0,0.0,17.0,0.0,0.035789473684210524,0.035789473684210524
M1,26,1,273.0,74.0,273.0,28.0,0.0,28.0,61.66503883440401,444.0,444.0,2.8487123902887106,9.0,0.0,74.0,0.0,0.27106227106227104,0.27106227106227104
M1,26,2,273.0,12.0,273.0,7.0,0.0,7.0,8.945040546998749,72.0,72.0,0.5345513764768839,5.0,0.0,12.0,0.0,0.04395604395604396,0.04395604395604396
M1,26,3,273.0,43.0,273.0,9.0,0.0,9.0,25.027763321233945,258.0,258.0,3.2806114833801985,8.0,0.0,43.0,0.0,0.1575091575091575,0.1575091575091575
M1,26,4,273.0,75.0,273.0,14.0,0.0,14.0,41.935776248237694,450.0,450.0,2.832952474243939,9.0,0.0,75.0,0.0,0.27472527472527475,0.27472527472527475
M1,26,5,273.0,21.0,273.0,3.0,0.0,3.0,9.62639527373603,126.0,126.0,0.8077233899384737,11.0,0.0,21.0,0.0,0.07692307692307693,0.07692307692307693
M1,26,6,273.0,10.0,273.0,0.0,0.0,0.0,0.0,60.0,60.0,0.37832567282021046,10.0,0.0,10.0,0.0,0.03663003663003663,0.03663003663003663
M1,26,7,273.0,23.0,273.0,4.0,0.0,4.0,18.880619587824494,138.0,138.0,1.0182554014027119,9.0,0.0,23.0,0.0,0.08424908424908426,0.08424908424908426
M1,26,8,273.0,15.0,273.0,0.0,1.0,0.0,-1.0,90.0,49.0,0.5649853860959411,9.0,0.0,15.0,0.0,0.054945054945054944,0.054945054945054944
M1,27,1,189.0,86.0,189.0,29.0,0.0,29.0,58.5402608878252,516.0,516.0,3.3748821998015046,9.0,0.0,86.0,0.0,0.455026455026455,0.455026455026455
M1,27,2,189.0,33.0,189.0,10.0,0.0,10.0,27.540634402630328,198.0,198.0,1.5468366891145706,5.0,0.0,33.0,0.0,0.1746031746031746,0.1746031746031746
M1,27,3,189.0,20.0,189.0,2.0,0.0,2.0,5.970839251976931,120.0,120.0,1.536735120229423,8.0,0.0,20.0,0.0,0.10582010582010581,0.10582010582010581
M1,27,4,189.0,9.0,189.0,0.0,0.0,0.0,0.0,54.0,54.0,0.3346162596717477,6.0,0.0,9.0,0.0,0.047619047619047616,0.047619047619047616
M1,27,5,189.0,24.0,189.0,3.0,0.0,3.0,3.137110108839918,144.0,144.0,0.8858777657151222,9.0,0.0,24.0,0.0,0.12698412698412698,0.12698412698412698
M1,27,6,189.0,11.0,189.0,0.0,0.0,0.0,0.0,66.0,66.0,0.4179586824029684,9.0,0.0,11.0,0.0,0.0582010582010582,0.0582010582010582
M1,27,7,189.0,4.0,189.0,1.0,0.0,1.0,0.17410544164095093,24.0,24.0,0.18722313549369574,2.0,0.0,4.0,0.0,0.021164021164021163,0.021164021164021163
M1,27,8,189.0,2.0,189.0,0.0,0.0,0.0,0.0,12.0,9.0,0.0821020258590579,2.0,0.0,2.0,0.0,0.010582010582010581,0.010582010582010581
M1,28,1,30.0,1.0,30.0,0.0,0.0,0.0,0.0,6.0,6.0,0.03822275344282389,0.0,0.0,1.0,0.0,0.03333333333333333,0.03333333333333333
M1,28,2,30.0,3.0,30.0,0.0,0.0,0.0,0.0,18.0,18.0,0.14551813527941704,0.0,0.0,3.0,0.0,0.1,0.1
M1,28,3,30.0,5.0,30.0,0.0,0.0,0.0,0.0,30.0,30.0,0.38651924673467875,2.0,0.0,5.0,0.0,0.16666666666666666,0.16666666666666666
M1,28,4,30.0,5.0,30.0,0.0,0.0,0.0,0.0,30.0,30.0,0.20216251257807016,1.0,0.0,5.0,0.0,0.16666666666666666,0.16666666666666666
M1,28,5,30.0,2.0,30.0,0.0,0.0,0.0,0.0,12.0,12.0,0.09444875922054052,0.0,0.0,2.0,0.0,0.06666666666666667,0.06666666666666667
M1,28,6,30.0,3.0,30.0,0.0,0.0,0.0,0.0,18.0,18.0,0.11426505353301764,0.0,0.0,3.0,0.0,0.1,0.1
M1,28,7,30.0,10.0,30.0,0.0,0.0,0.0,0.0,60.0,60.0,0.4442011723294854,1.0,0.0,10.0,0.0,0.3333333333333333,0.3333333333333333
M1,28,8,30.0,1.0,30.0,0.0,1.0,0.0,-1.0,6.0,0.0,0.03244555555284023,0.0,0.0,1.0,0.0,0.03333333333333333,0.03333333333333333
M1,29,1,100.0,13.0,100.0,0.0,0.0,0.0,0.0,78.0,78.0,0.5425712233409286,2.0,0.0,13.0,0.0,0.13,0.13
M1,29,2,100.0,43.0,100.0,1.0,0.0,1.0,0.7387608335713112,258.0,258.0,2.0068277940154076,1.0,0.0,43.0,0.0,0.43,0.43
M1,29,3,100.0,0.0,100.0,0.0,0.0,0.0,0.0,0.0,0.0,0.0,0.0,0.0,0.0,0.0,0.0,0.0
M1,29,4,100.0,2.0,100.0,0.0,0.0,0.0,0.0,12.0,12.0,0.08498475234955549,2.0,0.0,2.0,0.0,0.02,0.02
M1,29,5,100.0,0.0,100.0,0.0,0.0,0.0,0.0,0.0,0.0,0.0,0.0,0.0,0.0,0.0,0.0,0.0
M1,29,6,100.0,38.0,100.0,0.0,0.0,0.0,0.0,228.0,228.0,1.4442001217976213,1.0,0.0,38.0,0.0,0.38,0.38
M1,29,7,100.0,4.0,100.0,0.0,0.0,0.0,0.0,24.0,24.0,0.182928666472435,1.0,0.0,4.0,0.0,0.04,0.04
M1,29,8,100.0,0.0,100.0,0.0,0.0,0.0,0.0,0.0,0.0,0.0,0.0,0.0,0.0,0.0,0.0,0.0
M1,30,1,426.0,120.0,426.0,42.0,0.0,42.0,219.64992900524086,720.0,720.0,5.009685928933322,12.0,0.0,120.0,0.0,0.28169014084507044,0.28169014084507044
M1,30,2,426.0,34.0,426.0,12.0,0.0,12.0,64.5210724003503,204.0,204.0,1.6219897354021668,13.0,0.0,34.0,0.0,0.07981220657276995,0.07981220657276995
M1,30,3,426.0,29.0,426.0,2.0,0.0,2.0,1.2890420049341575,174.0,174.0,2.3256539423018694,20.0,0.0,29.0,0.0,0.06807511737089202,0.06807511737089202
M1,30,4,426.0,34.0,426.0,6.0,0.0,6.0,12.907363056908057,204.0,204.0,1.4385079648345709,18.0,0.0,34.0,0.0,0.07981220657276995,0.07981220657276995
M1,30,5,426.0,70.0,426.0,9.0,0.0,9.0,47.6919425586365,420.0,420.0,3.2348187202587724,15.0,0.0,70.0,0.0,0.1643192488262911,0.1643192488262911
M1,30,6,426.0,41.0,426.0,6.0,0.0,6.0,43.356658503658394,246.0,246.0,1.7154119880869985,8.0,0.0,41.0,0.0,0.09624413145539906,0.09624413145539906
M1,30,7,426.0,85.0,426.0,29.0,0.0,29.0,102.5280533151984,510.0,510.0,4.16297029517591,16.0,0.0,85.0,0.0,0.19953051643192488,0.19953051643192488
M1,30,8,426.0,13.0,426.0,1.0,3.0,1.0,-1.599445988773626,78.0,42.0,0.49827888049185276,10.0,0.0,13.0,0.0,0.03051643192488263,0.03051643192488263
M1,31,1,746.0,142.0,746.0,25.0,0.0,25.0,139.92985157506212,852.0,852.0,6.026349408552051,25.0,0.0,142.0,0.0,0.1903485254691689,0.1903485254691689
M1,31,2,746.0,42.0,746.0,2.0,0.0,2.0,2.8684232883975067,252.0,252.0,2.1202952144667506,12.0,0.0,42.0,0.0,0.05630026809651475,0.05630026809651475
M1,31,3,746.0,61.0,746.0,0.0,0.0,0.0,0.0,366.0,366.0,5.009767991490662,21.0,0.0,61.0,0.0,0.08176943699731903,0.08176943699731903
M1,31,4,746.0,70.0,746.0,5.0,0.0,5.0,14.232591079461075,420.0,420.0,3.048772770911455,11.0,0.0,70.0,0.0,0.0938337801608579,0.0938337801608579
M1,31,5,746.0,101.0,746.0,13.0,0.0,13.0,27.429141709435,606.0,606.0,4.559494999237359,22.0,0.0,101.0,0.0,0.1353887399463807,0.1353887399463807
M1,31,6,746.0,63.0,746.0,3.0,0.0,3.0,15.698304815621958,378.0,378.0,2.6469812197610736,17.0,0.0,63.0,0.0,0.08445040214477212,0.08445040214477212
M1,31,7,746.0,221.0,746.0,33.0,0.0,33.0,152.28178095584613,1326.0,1326.0,12.052741878665984,28.0,0.0,221.0,0.0,0.29624664879356566,0.29624664879356566
M1,31,8,746.0,46.0,746.0,8.0,18.0,8.0,32.42950516729331,276.0,79.0,1.775331356562674,14.0,0.0,46.0,0.0,0.06166219839142091,0.06166219839142091
M1,32,1,0.0,0.0,0.0,0.0,0.0,0.0,0.0,0.0,0.0,0.0,0.0,0.0,0.0,0.0,,
M1,32,2,0.0,0.0,0.0,0.0,0.0,0.0,0.0,0.0,0.0,0.0,0.0,0.0,0.0,0.0,,
M1,32,3,0.0,0.0,0.0,0.0,0.0,0.0,0.0,0.0,0.0,0.0,0.0,0.0,0.0,0.0,,
M1,32,4,0.0,0.0,0.0,0.0,0.0,0.0,0.0,0.0,0.0,0.0,0.0,0.0,0.0,0.0,,
M1,32,5,0.0,0.0,0.0,0.0,0.0,0.0,0.0,0.0,0.0,0.0,0.0,0.0,0.0,0.0,,
M1,32,6,0.0,0.0,0.0,0.0,0.0,0.0,0.0,0.0,0.0,0.0,0.0,0.0,0.0,0.0,,
M1,32,7,0.0,0.0,0.0,0.0,0.0,0.0,0.0,0.0,0.0,0.0,0.0,0.0,0.0,0.0,,
M1,32,8,0.0,0.0,0.0,0.0,0.0,0.0,0.0,0.0,0.0,0.0,0.0,0.0,0.0,0.0,,
M1,33,1,0.0,0.0,0.0,0.0,0.0,0.0,0.0,0.0,0.0,0.0,0.0,0.0,0.0,0.0,,
M1,33,2,0.0,0.0,0.0,0.0,0.0,0.0,0.0,0.0,0.0,0.0,0.0,0.0,0.0,0.0,,
M1,33,3,0.0,0.0,0.0,0.0,0.0,0.0,0.0,0.0,0.0,0.0,0.0,0.0,0.0,0.0,,
M1,33,4,0.0,0.0,0.0,0.0,0.0,0.0,0.0,0.0,0.0,0.0,0.0,0.0,0.0,0.0,,
M1,33,5,0.0,0.0,0.0,0.0,0.0,0.0,0.0,0.0,0.0,0.0,0.0,0.0,0.0,0.0,,
M1,33,6,0.0,0.0,0.0,0.0,0.0,0.0,0.0,0.0,0.0,0.0,0.0,0.0,0.0,0.0,,
M1,33,7,0.0,0.0,0.0,0.0,0.0,0.0,0.0,0.0,0.0,0.0,0.0,0.0,0.0,0.0,,
M1,33,8,0.0,0.0,0.0,0.0,0.0,0.0,0.0,0.0,0.0,0.0,0.0,0.0,0.0,0.0,,
M1,34,1,0.0,0.0,0.0,0.0,0.0,0.0,0.0,0.0,0.0,0.0,0.0,0.0,0.0,0.0,,
M1,34,2,0.0,0.0,0.0,0.0,0.0,0.0,0.0,0.0,0.0,0.0,0.0,0.0,0.0,0.0,,
M1,34,3,0.0,0.0,0.0,0.0,0.0,0.0,0.0,0.0,0.0,0.0,0.0,0.0,0.0,0.0,,
M1,34,4,0.0,0.0,0.0,0.0,0.0,0.0,0.0,0.0,0.0,0.0,0.0,0.0,0.0,0.0,,
M1,34,5,0.0,0.0,0.0,0.0,0.0,0.0,0.0,0.0,0.0,0.0,0.0,0.0,0.0,0.0,,
M1,34,6,0.0,0.0,0.0,0.0,0.0,0.0,0.0,0.0,0.0,0.0,0.0,0.0,0.0,0.0,,
M1,34,7,0.0,0.0,0.0,0.0,0.0,0.0,0.0,0.0,0.0,0.0,0.0,0.0,0.0,0.0,,
M1,34,8,0.0,0.0,0.0,0.0,0.0,0.0,0.0,0.0,0.0,0.0,0.0,0.0,0.0,0.0,,
M1,35,1,0.0,0.0,0.0,0.0,0.0,0.0,0.0,0.0,0.0,0.0,0.0,0.0,0.0,0.0,,
M1,35,2,0.0,0.0,0.0,0.0,0.0,0.0,0.0,0.0,0.0,0.0,0.0,0.0,0.0,0.0,,
M1,35,3,0.0,0.0,0.0,0.0,0.0,0.0,0.0,0.0,0.0,0.0,0.0,0.0,0.0,0.0,,
M1,35,4,0.0,0.0,0.0,0.0,0.0,0.0,0.0,0.0,0.0,0.0,0.0,0.0,0.0,0.0,,
M1,35,5,0.0,0.0,0.0,0.0,0.0,0.0,0.0,0.0,0.0,0.0,0.0,0.0,0.0,0.0,,
M1,35,6,0.0,0.0,0.0,0.0,0.0,0.0,0.0,0.0,0.0,0.0,0.0,0.0,0.0,0.0,,
M1,35,7,0.0,0.0,0.0,0.0,0.0,0.0,0.0,0.0,0.0,0.0,0.0,0.0,0.0,0.0,,
M1,35,8,0.0,0.0,0.0,0.0,0.0,0.0,0.0,0.0,0.0,0.0,0.0,0.0,0.0,0.0,,
M1,36,1,845.0,203.0,845.0,22.0,0.0,22.0,54.300250125729576,1218.0,1218.0,8.58113406226039,25.0,0.0,203.0,0.0,0.24023668639053256,0.24023668639053256
M1,36,2,845.0,155.0,845.0,33.0,0.0,33.0,160.12632528741443,930.0,930.0,7.642515025101602,29.0,0.0,155.0,0.0,0.1834319526627219,0.1834319526627219
M1,36,3,845.0,114.0,845.0,1.0,0.0,1.0,0.25336864850176444,684.0,684.0,9.017777788452804,26.0,0.0,114.0,0.0,0.1349112426035503,0.1349112426035503
M1,36,4,845.0,34.0,845.0,0.0,0.0,0.0,0.0,204.0,204.0,1.4903806801885366,16.0,0.0,34.0,0.0,0.040236686390532544,0.040236686390532544
M1,36,5,845.0,117.0,845.0,7.0,0.0,7.0,33.18039565675653,702.0,702.0,5.260659402236342,22.0,0.0,117.0,0.0,0.13846153846153847,0.13846153846153847
M1,36,6,845.0,42.0,845.0,0.0,0.0,0.0,0.0,252.0,252.0,1.758194150403142,16.0,0.0,42.0,0.0,0.04970414201183432,0.04970414201183432
M1,36,7,845.0,158.0,845.0,26.0,0.0,26.0,47.68915558626233,948.0,948.0,8.365968612022698,11.0,0.0,158.0,0.0,0.18698224852071005,0.18698224852071005
M1,36,8,845.0,22.0,845.0,1.0,8.0,1.0,-7.48375608427132,132.0,37.0,0.7992345793172717,17.0,0.0,22.0,0.0,0.02603550295857988,0.02603550295857988
M1,37,1,3779.0,645.0,3779.0,20.0,0.0,20.0,44.05735740611904,3870.0,3870.0,28.378212608397007,81.0,0.0,645.0,0.0,0.17068007409367558,0.17068007409367558
M1,37,2,3779.0,516.0,3779.0,31.0,0.0,31.0,93.83685375181204,3096.0,3096.0,26.580040539614856,62.0,0.0,516.0,0.0,0.13654405927494045,0.13654405927494045
M1,37,3,3779.0,439.0,3779.0,3.0,0.0,3.0,21.222517418087158,2634.0,2634.0,35.56990326847881,58.0,0.0,439.0,0.0,0.11616829849166446,0.11616829849166446
M1,37,4,3779.0,385.0,3779.0,12.0,8.0,12.0,49.485344349040936,2310.0,2262.0,17.380277565680444,67.0,0.0,385.0,0.0,0.10187880391637999,0.10187880391637999
M1,37,5,3779.0,476.0,3779.0,9.0,6.0,9.0,30.672732896157463,2856.0,2820.0,22.381513994187117,75.0,0.0,476.0,0.0,0.12595924847843346,0.12595924847843346
M1,37,6,3779.0,324.0,3779.0,0.0,0.0,0.0,0.0,1944.0,1944.0,13.39940712787211,69.0,0.0,324.0,0.0,0.0857369674517068,0.0857369674517068
M1,37,7,3779.0,911.0,3779.0,93.0,0.0,93.0,211.35406284008437,5466.0,5466.0,46.24116457719356,66.0,0.0,911.0,0.0,0.24106906589044722,0.24106906589044722
M1,37,8,3779.0,83.0,3779.0,2.0,30.0,2.0,-16.768832619585815,498.0,149.0,3.2483174772933125,47.0,0.0,83.0,0.0,0.02196348240275205,0.02196348240275205
M1,38,1,10.0,2.0,10.0,2.0,0.0,2.0,10.08836668860244,12.0,12.0,0.07662716135382652,0.0,0.0,2.0,0.0,0.2,0.2
M1,38,2,10.0,1.0,10.0,1.0,0.0,1.0,3.8218405378567555,6.0,6.0,0.04874332342296839,1.0,0.0,1.0,0.0,0.1,0.1
M1,38,3,10.0,3.0,10.0,1.0,0.0,1.0,5.045329013004187,18.0,18.0,0.2325778678059578,0.0,0.0,3.0,0.0,0.3,0.3
M1,38,4,10.0,0.0,10.0,0.0,0.0,0.0,0.0,0.0,0.0,0.0,0.0,0.0,0.0,0.0,0.0,0.0
M1,38,5,10.0,2.0,10.0,0.0,0.0,0.0,0.0,12.0,12.0,0.07705206144601107,2.0,0.0,2.0,0.0,0.2,0.2
M1,38,6,10.0,1.0,10.0,0.0,0.0,0.0,0.0,6.0,6.0,0.038985672406852245,1.0,0.0,1.0,0.0,0.1,0.1
M1,38,7,10.0,0.0,10.0,0.0,0.0,0.0,0.0,0.0,0.0,0.0,0.0,0.0,0.0,0.0,0.0,0.0
M1,38,8,10.0,1.0,10.0,0.0,0.0,0.0,0.0,6.0,4.0,0.03762030694633722,0.0,0.0,1.0,0.0,0.1,0.1
M1,39,1,10.0,0.0,10.0,0.0,0.0,0.0,0.0,0.0,0.0,0.0,0.0,0.0,0.0,0.0,0.0,0.0
M1,39,2,10.0,1.0,10.0,0.0,0.0,0.0,0.0,6.0,6.0,0.046005782671272755,0.0,0.0,1.0,0.0,0.1,0.1
M1,39,3,10.0,2.0,10.0,0.0,0.0,0.0,0.0,12.0,12.0,0.15377062279731035,0.0,0.0,2.0,0.0,0.2,0.2
M1,39,4,10.0,3.0,10.0,0.0,0.0,0.0,0.0,18.0,18.0,0.11280415765941143,2.0,0.0,3.0,0.0,0.3,0.3
M1,39,5,10.0,1.0,10.0,0.0,0.0,0.0,0.0,6.0,6.0,0.03758114855736494,0.0,0.0,1.0,0.0,0.1,0.1
M1,39,6,10.0,1.0,10.0,0.0,0.0,0.0,0.0,6.0,6.0,0.03679778892546892,0.0,0.0,1.0,0.0,0.1,0.1
M1,39,7,10.0,1.0,10.0,0.0,0.0,0.0,0.0,6.0,6.0,0.04437353555113077,0.0,0.0,1.0,0.0,0.1,0.1
M1,39,8,10.0,1.0,10.0,0.0,1.0,0.0,-1.0,6.0,0.0,0.026403699070215225,0.0,0.0,1.0,0.0,0.1,0.1
M1,40,1,74.0,19.0,74.0,9.0,0.0,9.0,28.537550579618156,114.0,114.0,0.7241212064400315,3.0,0.0,19.0,0.0,0.25675675675675674,0.25675675675675674
M1,40,2,74.0,10.0,74.0,3.0,0.0,3.0,12.133070697505167,60.0,60.0,0.48137377854436636,1.0,0.0,10.0,0.0,0.13513513513513514,0.13513513513513514
M1,40,3,74.0,3.0,74.0,1.0,0.0,1.0,0.5306421395414911,18.0,18.0,0.23703751899302006,3.0,0.0,3.0,0.0,0.04054054054054054,0.04054054054054054
M1,40,4,74.0,5.0,74.0,1.0,0.0,1.0,4.853114594602526,30.0,30.0,0.19573425874114037,4.0,0.0,5.0,0.0,0.06756756756756757,0.06756756756756757
M1,40,5,74.0,8.0,74.0,1.0,0.0,1.0,1.5512923672217065,48.0,48.0,0.3078050874173641,6.0,0.0,8.0,0.0,0.10810810810810811,0.10810810810810811
M1,40,6,74.0,4.0,74.0,0.0,0.0,0.0,0.0,24.0,24.0,0.15278550796210766,3.0,0.0,4.0,0.0,0.05405405405405406,0.05405405405405406
M1,40,7,74.0,9.0,74.0,2.0,0.0,2.0,0.2530137751993468,54.0,54.0,0.4294355111196637,0.0,0.0,9.0,0.0,0.12162162162162163,0.12162162162162163
M1,40,8,74.0,16.0,74.0,2.0,2.0,2.0,9.666949924058157,96.0,54.0,0.5898475022986531,5.0,0.0,16.0,0.0,0.21621621621621623,0.21621621621621623
M1,41,1,55.0,11.0,55.0,3.0,0.0,3.0,19.822769319109483,66.0,66.0,0.43704984057694674,1.0,0.0,11.0,0.0,0.2,0.2
M1,41,2,55.0,1.0,55.0,0.0,0.0,0.0,0.0,6.0,6.0,0.05059048347175121,1.0,0.0,1.0,0.0,0.01818181818181818,0.01818181818181818
M1,41,3,55.0,2.0,55.0,0.0,0.0,0.0,0.0,12.0,12.0,0.15650043915957212,2.0,0.0,2.0,0.0,0.03636363636363636,0.03636363636363636
M1,41,4,55.0,3.0,55.0,0.0,0.0,0.0,0.0,18.0,18.0,0.11477803066372871,1.0,0.0,3.0,0.0,0.05454545454545454,0.05454545454545454
M1,41,5,55.0,7.0,55.0,1.0,0.0,1.0,0.9042514055744327,42.0,42.0,0.27493663877248764,4.0,0.0,7.0,0.0,0.12727272727272726,0.12727272727272726
M1,41,6,55.0,14.0,55.0,1.0,0.0,1.0,4.11986956636994,84.0,84.0,0.5561617985367775,2.0,0.0,14.0,0.0,0.2545454545454545,0.2545454545454545
M1,41,7,55.0,2.0,55.0,0.0,0.0,0.0,0.0,12.0,12.0,0.09173906408250332,1.0,0.0,2.0,0.0,0.03636363636363636,0.03636363636363636
M1,41,8,55.0,15.0,55.0,5.0,3.0,5.0,37.47943417810146,90.0,54.0,0.5899853631854057,4.0,0.0,15.0,0.0,0.2727272727272727,0.2727272727272727
M2,0,1,30.0,6.0,30.0,0.0,0.0,0.0,0.0,36.0,36.0,0.23419645335525274,2.0,0.0,6.0,0.0,0.2,0.2
M2,0,2,30.0,6.0,30.0,0.0,0.0,0.0,0.0,36.0,36.0,0.278276976197958,0.0,0.0,6.0,0.0,0.2,0.2
M2,0,3,30.0,1.0,30.0,0.0,0.0,0.0,0.0,6.0,6.0,0.07634078897535801,0.0,0.0,1.0,0.0,0.03333333333333333,0.03333333333333333
M2,0,4,30.0,3.0,30.0,0.0,0.0,0.0,0.0,18.0,18.0,0.13226750679314137,0.0,0.0,3.0,0.0,0.1,0.1
M2,0,5,30.0,5.0,30.0,0.0,0.0,0.0,0.0,30.0,30.0,0.18933692947030067,1.0,0.0,5.0,0.0,0.16666666666666666,0.16666666666666666
M2,0,6,30.0,4.0,30.0,0.0,0.0,0.0,0.0,24.0,24.0,0.14907978475093842,1.0,0.0,4.0,0.0,0.13333333333333333,0.13333333333333333
M2,0,7,30.0,4.0,30.0,0.0,0.0,0.0,0.0,24.0,24.0,0.17269755899906158,2.0,0.0,4.0,0.0,0.13333333333333333,0.13333333333333333
M2,0,8,30.0,1.0,30.0,0.0,1.0,0.0,-1.0,6.0,0.0,0.02868954185396433,0.0,0.0,1.0,0.0,0.03333333333333333,0.03333333333333333
M2,1,1,273.0,33.0,273.0,1.0,0.0,1.0,0.11893749011930965,198.0,198.0,1.3129700003191829,7.0,0.0,33.0,0.0,0.12087912087912088,0.12087912087912088
M2,1,2,273.0,63.0,273.0,4.0,0.0,4.0,14.440407983597543,378.0,378.0,3.0725779496133327,6.0,0.0,63.0,0.0,0.23076923076923078,0.23076923076923078
M2,1,3,273.0,7.0,273.0,0.0,0.0,0.0,0.0,42.0,42.0,0.5461514070630074,2.0,0.0,7.0,0.0,0.02564102564102564,0.02564102564102564
M2,1,4,273.0,27.0,273.0,0.0,1.0,0.0,-1.0,162.0,156.0,1.0490211304277182,5.0,0.0,27.0,0.0,0.0989010989010989,0.0989010989010989
M2,1,5,273.0,40.0,273.0,0.0,2.0,0.0,-2.0,240.0,228.0,1.549873893149197,3.0,0.0,40.0,0.0,0.14652014652014653,0.14652014652014653
M2,1,6,273.0,40.0,273.0,0.0,0.0,0.0,0.0,240.0,240.0,1.5579492477700114,6.0,0.0,40.0,0.0,0.14652014652014653,0.14652014652014653
M2,1,7,273.0,46.0,273.0,0.0,0.0,0.0,0.0,276.0,276.0,2.078726693056524,6.0,0.0,46.0,0.0,0.1684981684981685,0.1684981684981685
M2,1,8,273.0,17.0,273.0,1.0,3.0,1.0,-0.30112280347979503,102.0,39.0,0.6374483611434698,5.0,0.0,17.0,0.0,0.06227106227106227,0.06227106227106227
M2,2,1,0.0,0.0,0.0,0.0,0.0,0.0,0.0,0.0,0.0,0.0,0.0,0.0,0.0,0.0,,
M2,2,2,0.0,0.0,0.0,0.0,0.0,0.0,0.0,0.0,0.0,0.0,0.0,0.0,0.0,0.0,,
M2,2,3,0.0,0.0,0.0,0.0,0.0,0.0,0.0,0.0,0.0,0.0,0.0,0.0,0.0,0.0,,
M2,2,4,0.0,0.0,0.0,0.0,0.0,0.0,0.0,0.0,0.0,0.0,0.0,0.0,0.0,0.0,,
M2,2,5,0.0,0.0,0.0,0.0,0.0,0.0,0.0,0.0,0.0,0.0,0.0,0.0,0.0,0.0,,
M2,2,6,0.0,0.0,0.0,0.0,0.0,0.0,0.0,0.0,0.0,0.0,0.0,0.0,0.0,0.0,,
M2,2,7,0.0,0.0,0.0,0.0,0.0,0.0,0.0,0.0,0.0,0.0,0.0,0.0,0.0,0.0,,
M2,2,8,0.0,0.0,0.0,0.0,0.0,0.0,0.0,0.0,0.0,0.0,0.0,0.0,0.0,0.0,,
M2,3,1,0.0,0.0,0.0,0.0,0.0,0.0,0.0,0.0,0.0,0.0,0.0,0.0,0.0,0.0,,
M2,3,2,0.0,0.0,0.0,0.0,0.0,0.0,0.0,0.0,0.0,0.0,0.0,0.0,0.0,0.0,,
M2,3,3,0.0,0.0,0.0,0.0,0.0,0.0,0.0,0.0,0.0,0.0,0.0,0.0,0.0,0.0,,
M2,3,4,0.0,0.0,0.0,0.0,0.0,0.0,0.0,0.0,0.0,0.0,0.0,0.0,0.0,0.0,,
M2,3,5,0.0,0.0,0.0,0.0,0.0,0.0,0.0,0.0,0.0,0.0,0.0,0.0,0.0,0.0,,
M2,3,6,0.0,0.0,0.0,0.0,0.0,0.0,0.0,0.0,0.0,0.0,0.0,0.0,0.0,0.0,,
M2,3,7,0.0,0.0,0.0,0.0,0.0,0.0,0.0,0.0,0.0,0.0,0.0,0.0,0.0,0.0,,
M2,3,8,0.0,0.0,0.0,0.0,0.0,0.0,0.0,0.0,0.0,0.0,0.0,0.0,0.0,0.0,,
M2,4,1,0.0,0.0,0.0,0.0,0.0,0.0,0.0,0.0,0.0,0.0,0.0,0.0,0.0,0.0,,
M2,4,2,0.0,0.0,0.0,0.0,0.0,0.0,0.0,0.0,0.0,0.0,0.0,0.0,0.0,0.0,,
M2,4,3,0.0,0.0,0.0,0.0,0.0,0.0,0.0,0.0,0.0,0.0,0.0,0.0,0.0,0.0,,
M2,4,4,0.0,0.0,0.0,0.0,0.0,0.0,0.0,0.0,0.0,0.0,0.0,0.0,0.0,0.0,,
M2,4,5,0.0,0.0,0.0,0.0,0.0,0.0,0.0,0.0,0.0,0.0,0.0,0.0,0.0,0.0,,
M2,4,6,0.0,0.0,0.0,0.0,0.0,0.0,0.0,0.0,0.0,0.0,0.0,0.0,0.0,0.0,,
M2,4,7,0.0,0.0,0.0,0.0,0.0,0.0,0.0,0.0,0.0,0.0,0.0,0.0,0.0,0.0,,
M2,4,8,0.0,0.0,0.0,0.0,0.0,0.0,0.0,0.0,0.0,0.0,0.0,0.0,0.0,0.0,,
M2,5,1,0.0,0.0,0.0,0.0,0.0,0.0,0.0,0.0,0.0,0.0,0.0,0.0,0.0,0.0,,
M2,5,2,0.0,0.0,0.0,0.0,0.0,0.0,0.0,0.0,0.0,0.0,0.0,0.0,0.0,0.0,,
M2,5,3,0.0,0.0,0.0,0.0,0.0,0.0,0.0,0.0,0.0,0.0,0.0,0.0,0.0,0.0,,
M2,5,4,0.0,0.0,0.0,0.0,0.0,0.0,0.0,0.0,0.0,0.0,0.0,0.0,0.0,0.0,,
M2,5,5,0.0,0.0,0.0,0.0,0.0,0.0,0.0,0.0,0.0,0.0,0.0,0.0,0.0,0.0,,
M2,5,6,0.0,0.0,0.0,0.0,0.0,0.0,0.0,0.0,0.0,0.0,0.0,0.0,0.0,0.0,,
M2,5,7,0.0,0.0,0.0,0.0,0.0,0.0,0.0,0.0,0.0,0.0,0.0,0.0,0.0,0.0,,
M2,5,8,0.0,0.0,0.0,0.0,0.0,0.0,0.0,0.0,0.0,0.0,0.0,0.0,0.0,0.0,,
M2,6,1,5.0,4.0,5.0,4.0,0.0,4.0,17.919874932024168,24.0,24.0,0.16428027488291264,0.0,0.0,4.0,0.0,0.8,0.8
M2,6,2,5.0,0.0,5.0,0.0,0.0,0.0,0.0,0.0,0.0,0.0,0.0,0.0,0.0,0.0,0.0,0.0
M2,6,3,5.0,0.0,5.0,0.0,0.0,0.0,0.0,0.0,0.0,0.0,0.0,0.0,0.0,0.0,0.0,0.0
M2,6,4,5.0,0.0,5.0,0.0,0.0,0.0,0.0,0.0,0.0,0.0,0.0,0.0,0.0,0.0,0.0,0.0
M2,6,5,5.0,0.0,5.0,0.0,0.0,0.0,0.0,0.0,0.0,0.0,0.0,0.0,0.0,0.0,0.0,0.0
M2,6,6,5.0,0.0,5.0,0.0,0.0,0.0,0.0,0.0,0.0,0.0,0.0,0.0,0.0,0.0,0.0,0.0
M2,6,7,5.0,0.0,5.0,0.0,0.0,0.0,0.0,0.0,0.0,0.0,0.0,0.0,0.0,0.0,0.0,0.0
M2,6,8,5.0,1.0,5.0,0.0,1.0,0.0,-1.0,6.0,0.0,0.034297531470656395,0.0,0.0,1.0,0.0,0.2,0.2
M2,7,1,0.0,0.0,0.0,0.0,0.0,0.0,0.0,0.0,0.0,0.0,0.0,0.0,0.0,0.0,,
M2,7,2,0.0,0.0,0.0,0.0,0.0,0.0,0.0,0.0,0.0,0.0,0.0,0.0,0.0,0.0,,
M2,7,3,0.0,0.0,0.0,0.0,0.0,0.0,0.0,0.0,0.0,0.0,0.0,0.0,0.0,0.0,,
M2,7,4,0.0,0.0,0.0,0.0,0.0,0.0,0.0,0.0,0.0,0.0,0.0,0.0,0.0,0.0,,
M2,7,5,0.0,0.0,0.0,0.0,0.0,0.0,0.0,0.0,0.0,0.0,0.0,0.0,0.0,0.0,,
M2,7,6,0.0,0.0,0.0,0.0,0.0,0.0,0.0,0.0,0.0,0.0,0.0,0.0,0.0,0.0,,
M2,7,7,0.0,0.0,0.0,0.0,0.0,0.0,0.0,0.0,0.0,0.0,0.0,0.0,0.0,0.0,,
M2,7,8,0.0,0.0,0.0,0.0,0.0,0.0,0.0,0.0,0.0,0.0,0.0,0.0,0.0,0.0,,
M2,8,1,439.0,98.0,439.0,6.0,0.0,6.0,11.451800852014143,588.0,588.0,4.280842650681734,17.0,0.0,98.0,0.0,0.22323462414578588,0.22323462414578588
M2,8,2,439.0,95.0,439.0,10.0,0.0,10.0,18.444434583377245,570.0,570.0,4.858442859724164,9.0,0.0,95.0,0.0,0.2164009111617312,0.2164009111617312
M2,8,3,439.0,47.0,439.0,1.0,0.0,1.0,2.042776049960884,282.0,282.0,3.8000582475215197,14.0,0.0,47.0,0.0,0.1070615034168565,0.1070615034168565
M2,8,4,439.0,15.0,439.0,0.0,3.0,0.0,-3.0,90.0,72.0,0.6183063462376595,4.0,0.0,15.0,0.0,0.03416856492027335,0.03416856492027335
M2,8,5,439.0,54.0,439.0,8.0,5.0,8.0,4.185786996114518,324.0,294.0,2.1150430040434003,9.0,0.0,54.0,0.0,0.12300683371298406,0.12300683371298406
M2,8,6,439.0,62.0,439.0,0.0,0.0,0.0,0.0,372.0,372.0,2.4547849660739303,19.0,0.0,62.0,0.0,0.14123006833712984,0.14123006833712984
M2,8,7,439.0,35.0,439.0,1.0,0.0,1.0,0.19823447220902404,210.0,210.0,1.624721390195191,5.0,0.0,35.0,0.0,0.07972665148063782,0.07972665148063782
M2,8,8,439.0,33.0,439.0,1.0,6.0,1.0,-3.9798871124193798,198.0,71.0,1.2799695171415806,8.0,0.0,33.0,0.0,0.07517084282460136,0.07517084282460136
M2,9,1,3676.0,725.0,3676.0,35.0,0.0,35.0,56.78083306353406,4350.0,4350.0,33.119383863173425,83.0,0.0,725.0,0.0,0.1972252448313384,0.1972252448313384
M2,9,2,3676.0,1166.0,3676.0,61.0,0.0,61.0,200.6134854350094,6996.0,6996.0,64.22612493950874,79.0,0.0,1166.0,0.0,0.31719260065288357,0.31719260065288357
M2,9,3,3676.0,614.0,3676.0,3.0,0.0,3.0,5.809760399159355,3684.0,3684.0,51.29320614505559,85.0,0.0,614.0,0.0,0.16702937976060936,0.16702937976060936
M2,9,4,3676.0,0.0,0.0,0.0,0.0,0.0,0.0,0.0,0.0,0.0,0.0,0.0,0.0,0.0,0.0,
M2,9,5,3676.0,0.0,0.0,0.0,0.0,0.0,0.0,0.0,0.0,0.0,0.0,0.0,0.0,0.0,0.0,
M2,9,6,3676.0,464.0,3676.0,0.0,0.0,0.0,0.0,2784.0,2784.0,19.21542029082775,78.0,0.0,464.0,0.0,0.12622415669205658,0.12622415669205658
M2,9,7,3676.0,587.0,3676.0,8.0,0.0,8.0,10.107920364185153,3522.0,3522.0,29.626044721342623,78.0,0.0,587.0,0.0,0.15968443960826986,0.15968443960826986
M2,9,8,3676.0,120.0,3676.0,0.0,46.0,0.0,-46.0,720.0,228.0,4.54530531540513,87.0,0.0,120.0,0.0,0.03264417845484222,0.03264417845484222
M2,10,1,114.0,49.0,114.0,7.0,0.0,7.0,7.424739461671443,294.0,294.0,2.080392384901643,4.0,0.0,49.0,0.0,0.4298245614035088,0.4298245614035088
M2,10,2,114.0,4.0,114.0,0.0,0.0,0.0,0.0,24.0,24.0,0.19830178562551737,2.0,0.0,4.0,0.0,0.03508771929824561,0.03508771929824561
M2,10,3,114.0,1.0,114.0,0.0,0.0,0.0,0.0,6.0,6.0,0.07863421458750963,1.0,0.0,1.0,0.0,0.008771929824561403,0.008771929824561403
M2,10,4,114.0,26.0,114.0,1.0,0.0,1.0,0.08832215416616371,156.0,156.0,0.9946746323257685,6.0,0.0,26.0,0.0,0.22807017543859648,0.22807017543859648
M2,10,5,114.0,23.0,114.0,0.0,0.0,0.0,0.0,138.0,138.0,0.9610140006989241,4.0,0.0,23.0,0.0,0.20175438596491227,0.20175438596491227
M2,10,6,114.0,2.0,114.0,0.0,0.0,0.0,0.0,12.0,12.0,0.0724535183981061,0.0,0.0,2.0,0.0,0.017543859649122806,0.017543859649122806
M2,10,7,114.0,1.0,114.0,0.0,0.0,0.0,0.0,6.0,6.0,0.03895687870681286,0.0,0.0,1.0,0.0,0.008771929824561403,0.008771929824561403
M2,10,8,114.0,8.0,114.0,0.0,0.0,0.0,0.0,48.0,29.0,0.3252411847934127,3.0,0.0,8.0,0.0,0.07017543859649122,0.07017543859649122
M2,11,1,470.0,74.0,470.0,4.0,0.0,4.0,7.434338862203451,444.0,444.0,3.4073246140033007,9.0,0.0,74.0,0.0,0.1574468085106383,0.1574468085106383
M2,11,2,470.0,90.0,470.0,8.0,0.0,8.0,22.011547276347756,540.0,540.0,5.001281292177737,18.0,0.0,90.0,0.0,0.19148936170212766,0.19148936170212766
M2,11,3,470.0,45.0,470.0,0.0,0.0,0.0,0.0,270.0,270.0,3.780653541907668,11.0,0.0,45.0,0.0,0.09574468085106383,0.09574468085106383
M2,11,4,470.0,68.0,470.0,0.0,1.0,0.0,-1.0,408.0,374.0,3.1884026024490595,8.0,0.0,68.0,0.0,0.14468085106382977,0.14468085106382977
M2,11,5,470.0,88.0,470.0,2.0,1.0,2.0,1.1639744132596337,528.0,522.0,3.9397123269736767,10.0,0.0,88.0,0.0,0.18723404255319148,0.18723404255319148
M2,11,6,470.0,47.0,470.0,0.0,0.0,0.0,0.0,282.0,282.0,1.9913588613271713,14.0,0.0,47.0,0.0,0.1,0.1
M2,11,7,470.0,46.0,470.0,1.0,0.0,1.0,0.3749077666477736,276.0,276.0,2.389566090889275,11.0,0.0,46.0,0.0,0.09787234042553192,0.09787234042553192
M2,11,8,470.0,12.0,470.0,0.0,3.0,0.0,-3.0,72.0,38.0,0.4602506458759308,9.0,0.0,12.0,0.0,0.02553191489361702,0.02553191489361702
M2,12,1,417.0,100.0,417.0,35.0,0.0,35.0,126.89505243568527,600.0,600.0,3.652042276225984,10.0,0.0,100.0,0.0,0.23980815347721823,0.23980815347721823
M2,12,2,417.0,104.0,417.0,35.0,0.0,35.0,93.55179710512832,624.0,624.0,4.638889256864786,15.0,0.0,104.0,0.0,0.24940047961630696,0.24940047961630696
M2,12,3,417.0,52.0,417.0,19.0,0.0,19.0,50.40114862072305,312.0,312.0,3.8280637580901384,12.0,0.0,52.0,0.0,0.12470023980815348,0.12470023980815348
M2,12,4,417.0,21.0,417.0,2.0,3.0,2.0,-1.216925734155489,126.0,108.0,0.7013015579432249,19.0,0.0,21.0,0.0,0.050359712230215826,0.050359712230215826
M2,12,5,417.0,30.0,417.0,2.0,1.0,2.0,9.726955507336017,180.0,174.0,1.0862670755013824,11.0,0.0,30.0,0.0,0.07194244604316546,0.07194244604316546
M2,12,6,417.0,49.0,417.0,4.0,0.0,4.0,13.027818008628234,294.0,294.0,1.7932397723197937,17.0,0.0,49.0,0.0,0.11750599520383694,0.11750599520383694
M2,12,7,417.0,34.0,417.0,2.0,0.0,2.0,13.83332228647917,204.0,204.0,1.5142409820109606,18.0,0.0,34.0,0.0,0.0815347721822542,0.0815347721822542
M2,12,8,417.0,27.0,417.0,2.0,5.0,2.0,0.7161851002541484,162.0,99.0,1.0130859827622771,17.0,0.0,27.0,0.0,0.06474820143884892,0.06474820143884892
M2,13,1,866.0,148.0,866.0,28.0,0.0,28.0,42.3977454083262,888.0,888.0,5.777311277575791,28.0,0.0,148.0,0.0,0.17090069284064666,0.17090069284064666
M2,13,2,866.0,261.0,866.0,56.0,0.0,56.0,218.51614806431664,1566.0,1566.0,12.335528057999909,23.0,0.0,261.0,0.0,0.30138568129330257,0.30138568129330257
M2,13,3,866.0,59.0,866.0,2.0,0.0,2.0,1.958288218054049,354.0,354.0,4.624148555099964,21.0,0.0,59.0,0.0,0.06812933025404157,0.06812933025404157
M2,13,4,866.0,92.0,866.0,1.0,8.0,1.0,0.2587092632903918,552.0,504.0,4.078625961206853,21.0,0.0,92.0,0.0,0.10623556581986143,0.10623556581986143
M2,13,5,866.0,67.0,866.0,3.0,11.0,3.0,3.773026779566126,402.0,336.0,2.371532720513642,21.0,0.0,67.0,0.0,0.07736720554272518,0.07736720554272518
M2,13,6,866.0,91.0,866.0,3.0,0.0,3.0,11.61106612208002,546.0,546.0,3.4366728896275163,26.0,0.0,91.0,0.0,0.10508083140877598,0.10508083140877598
M2,13,7,866.0,101.0,866.0,2.0,0.0,2.0,6.587358458994559,606.0,606.0,4.595593395642936,33.0,0.0,101.0,0.0,0.11662817551963048,0.11662817551963048
M2,13,8,866.0,47.0,866.0,1.0,8.0,1.0,-6.828302635874421,282.0,166.0,1.8021305128932,25.0,0.0,47.0,0.0,0.054272517321016164,0.054272517321016164
M2,14,1,25.0,2.0,25.0,0.0,0.0,0.0,0.0,12.0,12.0,0.07842042949050665,0.0,0.0,2.0,0.0,0.08,0.08
M2,14,2,25.0,7.0,25.0,0.0,0.0,0.0,0.0,42.0,42.0,0.36525160539895296,0.0,0.0,7.0,0.0,0.28,0.28
M2,14,3,25.0,1.0,25.0,0.0,0.0,0.0,0.0,6.0,6.0,0.08119207248091698,0.0,0.0,1.0,0.0,0.04,0.04
M2,14,4,25.0,4.0,25.0,0.0,1.0,0.0,-1.0,24.0,18.0,0.12719720415771008,3.0,0.0,4.0,0.0,0.16,0.16
M2,14,5,25.0,1.0,25.0,0.0,1.0,0.0,-1.0,6.0,0.0,0.02164678741246462,0.0,0.0,1.0,0.0,0.04,0.04
M2,14,6,25.0,5.0,25.0,1.0,0.0,1.0,3.4701262155502057,30.0,30.0,0.18738470692187548,0.0,0.0,5.0,0.0,0.2,0.2
M2,14,7,25.0,2.0,25.0,0.0,0.0,0.0,0.0,12.0,12.0,0.09308617748320103,0.0,0.0,2.0,0.0,0.08,0.08
M2,14,8,25.0,3.0,25.0,0.0,1.0,0.0,-1.0,18.0,6.0,0.10596340242773294,1.0,0.0,3.0,0.0,0.12,0.12
M2,15,1,243.0,35.0,243.0,0.0,0.0,0.0,0.0,210.0,210.0,1.4816589299589396,5.0,0.0,35.0,0.0,0.1440329218106996,0.1440329218106996
M2,15,2,243.0,43.0,243.0,0.0,0.0,0.0,0.0,258.0,258.0,2.2365287262946367,4.0,0.0,43.0,0.0,0.17695473251028807,0.17695473251028807
M2,15,3,243.0,31.0,243.0,0.0,0.0,0.0,0.0,186.0,186.0,2.4732640348374844,2.0,0.0,31.0,0.0,0.12757201646090535,0.12757201646090535
M2,15,4,243.0,19.0,243.0,0.0,3.0,0.0,-3.0,114.0,96.0,0.7020590575411916,7.0,0.0,19.0,0.0,0.07818930041152264,0.07818930041152264
M2,15,5,243.0,15.0,243.0,0.0,5.0,0.0,-5.0,90.0,60.0,0.5710304901003838,5.0,0.0,15.0,0.0,0.06172839506172839,0.06172839506172839
M2,15,6,243.0,51.0,243.0,0.0,0.0,0.0,0.0,306.0,306.0,2.0656530931591988,11.0,0.0,51.0,0.0,0.20987654320987653,0.20987654320987653
M2,15,7,243.0,39.0,243.0,0.0,0.0,0.0,0.0,234.0,234.0,1.7975404132157564,1.0,0.0,39.0,0.0,0.16049382716049382,0.16049382716049382
M2,15,8,243.0,10.0,243.0,0.0,4.0,0.0,-4.0,60.0,20.0,0.3831814397126436,4.0,0.0,10.0,0.0,0.0411522633744856,0.0411522633744856
M2,16,1,27.0,12.0,27.0,11.0,0.0,11.0,35.15683404251408,72.0,72.0,0.46625968255102634,0.0,0.0,12.0,0.0,0.4444444444444444,0.4444444444444444
M2,16,2,27.0,2.0,27.0,0.0,0.0,0.0,0.0,12.0,12.0,0.10809530131518841,0.0,0.0,2.0,0.0,0.07407407407407407,0.07407407407407407
M2,16,3,27.0,6.0,27.0,2.0,0.0,2.0,20.0,36.0,36.0,0.45457283593714237,2.0,0.0,6.0,0.0,0.2222222222222222,0.2222222222222222
M2,16,4,27.0,4.0,27.0,1.0,0.0,1.0,2.3821642896111865,24.0,24.0,0.16234848648309708,1.0,0.0,4.0,0.0,0.14814814814814814,0.14814814814814814
M2,16,5,27.0,2.0,27.0,1.0,0.0,1.0,0.506435955025325,12.0,12.0,0.09176471829414368,1.0,0.0,2.0,0.0,0.07407407407407407,0.07407407407407407
M2,16,6,27.0,0.0,27.0,0.0,0.0,0.0,0.0,0.0,0.0,0.0,0.0,0.0,0.0,0.0,0.0,0.0
M2,16,7,27.0,1.0,27.0,0.0,0.0,0.0,0.0,6.0,6.0,0.039480083622038364,0.0,0.0,1.0,0.0,0.037037037037037035,0.037037037037037035
M2,16,8,27.0,0.0,27.0,0.0,0.0,0.0,0.0,0.0,0.0,0.0,0.0,0.0,0.0,0.0,0.0,0.0
M2,17,1,18.0,0.0,18.0,0.0,0.0,0.0,0.0,0.0,0.0,0.0,0.0,0.0,0.0,0.0,0.0,0.0
M2,17,2,18.0,7.0,18.0,3.0,0.0,3.0,10.952409462218219,42.0,42.0,0.3286224389448762,3.0,0.0,7.0,0.0,0.3888888888888889,0.3888888888888889
M2,17,3,18.0,0.0,18.0,0.0,0.0,0.0,0.0,0.0,0.0,0.0,0.0,0.0,0.0,0.0,0.0,0.0
M2,17,4,18.0,5.0,18.0,1.0,0.0,1.0,3.869541525691516,30.0,30.0,0.2103435192257166,0.0,0.0,5.0,0.0,0.2777777777777778,0.2777777777777778
M2,17,5,18.0,1.0,18.0,0.0,0.0,0.0,0.0,6.0,6.0,0.03753972426056862,1.0,0.0,1.0,0.0,0.05555555555555555,0.05555555555555555
M2,17,6,18.0,1.0,18.0,0.0,0.0,0.0,0.0,6.0,6.0,0.03968911338597536,1.0,0.0,1.0,0.0,0.05555555555555555,0.05555555555555555
M2,17,7,18.0,3.0,18.0,1.0,0.0,1.0,0.2411644786453949,18.0,18.0,0.1314433729276061,0.0,0.0,3.0,0.0,0.16666666666666666,0.16666666666666666
M2,17,8,18.0,1.0,18.0,1.0,0.0,1.0,10.0,6.0,6.0,0.03957020118832588,1.0,0.0,1.0,0.0,0.05555555555555555,0.05555555555555555
M2,18,1,0.0,0.0,0.0,0.0,0.0,0.0,0.0,0.0,0.0,0.0,0.0,0.0,0.0,0.0,,
M2,18,2,0.0,0.0,0.0,0.0,0.0,0.0,0.0,0.0,0.0,0.0,0.0,0.0,0.0,0.0,,
M2,18,3,0.0,0.0,0.0,0.0,0.0,0.0,0.0,0.0,0.0,0.0,0.0,0.0,0.0,0.0,,
M2,18,4,0.0,0.0,0.0,0.0,0.0,0.0,0.0,0.0,0.0,0.0,0.0,0.0,0.0,0.0,,
M2,18,5,0.0,0.0,0.0,0.0,0.0,0.0,0.0,0.0,0.0,0.0,0.0,0.0,0.0,0.0,,
M2,18,6,0.0,0.0,0.0,0.0,0.0,0.0,0.0,0.0,0.0,0.0,0.0,0.0,0.0,0.0,,
M2,18,7,0.0,0.0,0.0,0.0,0.0,0.0,0.0,0.0,0.0,0.0,0.0,0.0,0.0,0.0,,
M2,18,8,0.0,0.0,0.0,0.0,0.0,0.0,0.0,0.0,0.0,0.0,0.0,0.0,0.0,0.0,,
M2,19,1,0.0,0.0,0.0,0.0,0.0,0.0,0.0,0.0,0.0,0.0,0.0,0.0,0.0,0.0,,
M2,19,2,0.0,0.0,0.0,0.0,0.0,0.0,0.0,0.0,0.0,0.0,0.0,0.0,0.0,0.0,,
M2,19,3,0.0,0.0,0.0,0.0,0.0,0.0,0.0,0.0,0.0,0.0,0.0,0.0,0.0,0.0,,
M2,19,4,0.0,0.0,0.0,0.0,0.0,0.0,0.0,0.0,0.0,0.0,0.0,0.0,0.0,0.0,,
M2,19,5,0.0,0.0,0.0,0.0,0.0,0.0,0.0,0.0,0.0,0.0,0.0,0.0,0.0,0.0,,
M2,19,6,0.0,0.0,0.0,0.0,0.0,0.0,0.0,0.0,0.0,0.0,0.0,0.0,0.0,0.0,,
M2,19,7,0.0,0.0,0.0,0.0,0.0,0.0,0.0,0.0,0.0,0.0,0.0,0.0,0.0,0.0,,
M2,19,8,0.0,0.0,0.0,0.0,0.0,0.0,0.0,0.0,0.0,0.0,0.0,0.0,0.0,0.0,,
M2,20,1,0.0,0.0,0.0,0.0,0.0,0.0,0.0,0.0,0.0,0.0,0.0,0.0,0.0,0.0,,
M2,20,2,0.0,0.0,0.0,0.0,0.0,0.0,0.0,0.0,0.0,0.0,0.0,0.0,0.0,0.0,,
M2,20,3,0.0,0.0,0.0,0.0,0.0,0.0,0.0,0.0,0.0,0.0,0.0,0.0,0.0,0.0,,
M2,20,4,0.0,0.0,0.0,0.0,0.0,0.0,0.0,0.0,0.0,0.0,0.0,0.0,0.0,0.0,,
M2,20,5,0.0,0.0,0.0,0.0,0.0,0.0,0.0,0.0,0.0,0.0,0.0,0.0,0.0,0.0,,
M2,20,6,0.0,0.0,0.0,0.0,0.0,0.0,0.0,0.0,0.0,0.0,0.0,0.0,0.0,0.0,,
M2,20,7,0.0,0.0,0.0,0.0,0.0,0.0,0.0,0.0,0.0,0.0,0.0,0.0,0.0,0.0,,
M2,20,8,0.0,0.0,0.0,0.0,0.0,0.0,0.0,0.0,0.0,0.0,0.0,0.0,0.0,0.0,,
M2,21,1,0.0,0.0,0.0,0.0,0.0,0.0,0.0,0.0,0.0,0.0,0.0,0.0,0.0,0.0,,
M2,21,2,0.0,0.0,0.0,0.0,0.0,0.0,0.0,0.0,0.0,0.0,0.0,0.0,0.0,0.0,,
M2,21,3,0.0,0.0,0.0,0.0,0.0,0.0,0.0,0.0,0.0,0.0,0.0,0.0,0.0,0.0,,
M2,21,4,0.0,0.0,0.0,0.0,0.0,0.0,0.0,0.0,0.0,0.0,0.0,0.0,0.0,0.0,,
M2,21,5,0.0,0.0,0.0,0.0,0.0,0.0,0.0,0.0,0.0,0.0,0.0,0.0,0.0,0.0,,
M2,21,6,0.0,0.0,0.0,0.0,0.0,0.0,0.0,0.0,0.0,0.0,0.0,0.0,0.0,0.0,,
M2,21,7,0.0,0.0,0.0,0.0,0.0,0.0,0.0,0.0,0.0,0.0,0.0,0.0,0.0,0.0,,
M2,21,8,0.0,0.0,0.0,0.0,0.0,0.0,0.0,0.0,0.0,0.0,0.0,0.0,0.0,0.0,,
M2,22,1,1140.0,211.0,1140.0,12.0,0.0,12.0,11.70863701947252,1266.0,1266.0,9.061499111354351,30.0,0.0,211.0,0.0,0.1850877192982456,0.1850877192982456
M2,22,2,1140.0,243.0,1140.0,12.0,0.0,12.0,41.082072317434765,1458.0,1458.0,12.471882455982268,28.0,0.0,243.0,0.0,0.2131578947368421,0.2131578947368421
M2,22,3,1140.0,124.0,1140.0,3.0,0.0,3.0,8.103667855176354,744.0,744.0,9.780151809565723,27.0,0.0,124.0,0.0,0.10877192982456141,0.10877192982456141
M2,22,4,1140.0,133.0,1140.0,4.0,3.0,4.0,1.640834668529795,798.0,780.0,5.530248609371483,24.0,0.0,133.0,0.0,0.11666666666666667,0.11666666666666667
M2,22,5,1140.0,98.0,1140.0,1.0,5.0,1.0,-4.022965317577192,588.0,558.0,4.6395282512530684,28.0,0.0,98.0,0.0,0.08596491228070176,0.08596491228070176
M2,22,6,1140.0,142.0,1140.0,0.0,0.0,0.0,0.0,852.0,852.0,5.794200833886862,37.0,0.0,142.0,0.0,0.12456140350877193,0.12456140350877193
M2,22,7,1140.0,145.0,1140.0,8.0,0.0,8.0,4.460188035916081,870.0,870.0,7.062435996718705,29.0,0.0,145.0,0.0,0.12719298245614036,0.12719298245614036
M2,22,8,1140.0,44.0,1140.0,3.0,16.0,3.0,-8.787599474565077,264.0,108.0,1.6765346331521869,19.0,0.0,44.0,0.0,0.03859649122807018,0.03859649122807018
M2,23,1,4684.0,721.0,4684.0,21.0,0.0,21.0,20.493701164988863,4326.0,4326.0,32.737880111671984,83.0,0.0,721.0,0.0,0.15392826643894109,0.15392826643894109
M2,23,2,4684.0,866.0,4684.0,45.0,0.0,45.0,77.24123608517483,5196.0,5196.0,47.08875824324787,93.0,0.0,866.0,0.0,0.18488471391972672,0.18488471391972672
M2,23,3,4684.0,619.0,4684.0,1.0,0.0,1.0,1.3498884115516787,3714.0,3714.0,51.504694250412285,104.0,0.0,619.0,0.0,0.13215200683176773,0.13215200683176773
M2,23,4,4684.0,482.0,4684.0,2.0,10.0,2.0,-7.665628863039426,2892.0,2832.0,23.343872915953398,83.0,0.0,482.0,0.0,0.10290350128095645,0.10290350128095645
M2,23,5,4684.0,498.0,4684.0,7.0,11.0,7.0,-6.755315279513359,2988.0,2922.0,25.002790328115225,78.0,0.0,498.0,0.0,0.1063193851409052,0.1063193851409052
M2,23,6,4684.0,603.0,4684.0,0.0,0.0,0.0,0.0,3618.0,3618.0,25.655235649086535,84.0,0.0,603.0,0.0,0.12873612297181897,0.12873612297181897
M2,23,7,4684.0,824.0,4684.0,24.0,0.0,24.0,13.818051682458174,4944.0,4944.0,42.698589930310845,76.0,0.0,824.0,0.0,0.17591801878736124,0.17591801878736124
M2,23,8,4684.0,71.0,4684.0,0.0,32.0,0.0,-32.0,426.0,145.0,2.684266198426485,57.0,0.0,71.0,0.0,0.01515798462852263,0.01515798462852263
M2,24,1,70.0,15.0,70.0,4.0,0.0,4.0,2.270605117239778,90.0,90.0,0.5947440853342414,2.0,0.0,15.0,0.0,0.21428571428571427,0.21428571428571427
M2,24,2,70.0,32.0,70.0,11.0,0.0,11.0,29.155399080176135,192.0,192.0,1.5069106677547097,2.0,0.0,32.0,0.0,0.45714285714285713,0.45714285714285713
M2,24,3,70.0,3.0,70.0,0.0,0.0,0.0,0.0,18.0,18.0,0.22354654502123594,1.0,0.0,3.0,0.0,0.04285714285714286,0.04285714285714286
M2,24,4,70.0,2.0,70.0,0.0,0.0,0.0,0.0,12.0,12.0,0.06855618860572577,2.0,0.0,2.0,0.0,0.02857142857142857,0.02857142857142857
M2,24,5,70.0,2.0,70.0,0.0,0.0,0.0,0.0,12.0,12.0,0.07843014504760504,2.0,0.0,2.0,0.0,0.02857142857142857,0.02857142857142857
M2,24,6,70.0,4.0,70.0,0.0,0.0,0.0,0.0,24.0,24.0,0.1435701409354806,3.0,0.0,4.0,0.0,0.05714285714285714,0.05714285714285714
M2,24,7,70.0,8.0,70.0,1.0,0.0,1.0,1.408899173108704,48.0,48.0,0.36063298117369413,2.0,0.0,8.0,0.0,0.11428571428571428,0.11428571428571428
M2,24,8,70.0,4.0,70.0,0.0,0.0,0.0,0.0,24.0,17.0,0.1577935740351677,4.0,0.0,4.0,0.0,0.05714285714285714,0.05714285714285714
M2,25,1,265.0,45.0,265.0,6.0,0.0,6.0,4.856809586480451,270.0,270.0,1.9337322572246194,5.0,0.0,45.0,0.0,0.16981132075471697,0.16981132075471697
M2,25,2,265.0,6.0,265.0,1.0,0.0,1.0,10.0,36.0,36.0,0.2894996674731374,4.0,0.0,6.0,0.0,0.022641509433962263,0.022641509433962263
M2,25,3,265.0,37.0,265.0,1.0,0.0,1.0,2.2490074468690207,222.0,222.0,2.8268422316759825,3.0,0.0,37.0,0.0,0.13962264150943396,0.13962264150943396
M2,25,4,265.0,6.0,265.0,0.0,0.0,0.0,0.0,36.0,36.0,0.2928407173603773,4.0,0.0,6.0,0.0,0.022641509433962263,0.022641509433962263
M2,25,5,265.0,59.0,265.0,2.0,0.0,2.0,1.0779924232860676,354.0,354.0,3.0204900074750185,4.0,0.0,59.0,0.0,0.22264150943396227,0.22264150943396227
M2,25,6,265.0,22.0,265.0,0.0,0.0,0.0,0.0,132.0,132.0,0.9608893357217312,5.0,0.0,22.0,0.0,0.0830188679245283,0.0830188679245283
M2,25,7,265.0,74.0,265.0,2.0,0.0,2.0,2.521449930347729,444.0,444.0,3.9914934458211064,8.0,0.0,74.0,0.0,0.2792452830188679,0.2792452830188679
M2,25,8,265.0,16.0,265.0,0.0,3.0,0.0,-3.0,96.0,52.0,0.6799584180116653,5.0,0.0,16.0,0.0,0.06037735849056604,0.06037735849056604
M2,26,1,293.0,84.0,293.0,28.0,0.0,28.0,62.58167166306695,504.0,504.0,3.249926454387605,10.0,0.0,84.0,0.0,0.28668941979522183,0.28668941979522183
M2,26,2,293.0,11.0,293.0,7.0,0.0,7.0,8.945040546998749,66.0,66.0,0.48397346585989,4.0,0.0,11.0,0.0,0.03754266211604096,0.03754266211604096
M2,26,3,293.0,41.0,293.0,7.0,0.0,7.0,20.329834033679134,246.0,246.0,3.075536599382758,8.0,0.0,41.0,0.0,0.13993174061433447,0.13993174061433447
M2,26,4,293.0,78.0,293.0,14.0,0.0,14.0,41.935776248237694,468.0,468.0,2.956121176481247,9.0,0.0,78.0,0.0,0.26621160409556316,0.26621160409556316
M2,26,5,293.0,23.0,293.0,2.0,0.0,2.0,9.396001262241121,138.0,138.0,0.8891279362142086,11.0,0.0,23.0,0.0,0.07849829351535836,0.07849829351535836
M2,26,6,293.0,12.0,293.0,0.0,0.0,0.0,0.0,72.0,72.0,0.45507623441517353,12.0,0.0,12.0,0.0,0.040955631399317405,0.040955631399317405
M2,26,7,293.0,29.0,293.0,5.0,0.0,5.0,19.18181144319706,174.0,174.0,1.265012332238257,11.0,0.0,29.0,0.0,0.09897610921501707,0.09897610921501707
M2,26,8,293.0,15.0,293.0,0.0,1.0,0.0,-1.0,90.0,49.0,0.5763240102678537,8.0,0.0,15.0,0.0,0.051194539249146756,0.051194539249146756
M2,27,1,230.0,101.0,230.0,29.0,0.0,29.0,57.09011207234776,606.0,606.0,3.9174568885937333,10.0,0.0,101.0,0.0,0.4391304347826087,0.4391304347826087
M2,27,2,230.0,39.0,230.0,11.0,0.0,11.0,27.708931445078615,234.0,234.0,1.8263765145093203,8.0,0.0,39.0,0.0,0.16956521739130434,0.16956521739130434
M2,27,3,230.0,29.0,230.0,2.0,0.0,2.0,5.970839251976931,174.0,174.0,2.2132159899920225,9.0,0.0,29.0,0.0,0.12608695652173912,0.12608695652173912
M2,27,4,230.0,11.0,230.0,0.0,0.0,0.0,0.0,66.0,66.0,0.40593055449426174,8.0,0.0,11.0,0.0,0.04782608695652174,0.04782608695652174
M2,27,5,230.0,26.0,230.0,4.0,0.0,4.0,8.542515487099191,156.0,156.0,0.981325251981616,10.0,0.0,26.0,0.0,0.11304347826086956,0.11304347826086956
M2,27,6,230.0,15.0,230.0,0.0,0.0,0.0,0.0,90.0,90.0,0.5650070635601878,10.0,0.0,15.0,0.0,0.06521739130434782,0.06521739130434782
M2,27,7,230.0,4.0,230.0,1.0,0.0,1.0,0.17410544164095093,24.0,24.0,0.1836266415193677,3.0,0.0,4.0,0.0,0.017391304347826087,0.017391304347826087
M2,27,8,230.0,5.0,230.0,0.0,1.0,0.0,-1.0,30.0,13.0,0.1857518320903182,4.0,0.0,5.0,0.0,0.021739130434782608,0.021739130434782608
M2,28,1,20.0,0.0,20.0,0.0,0.0,0.0,0.0,0.0,0.0,0.0,0.0,0.0,0.0,0.0,0.0,0.0
M2,28,2,20.0,1.0,20.0,0.0,0.0,0.0,0.0,6.0,6.0,0.06871362868696451,0.0,0.0,1.0,0.0,0.05,0.05
M2,28,3,20.0,0.0,20.0,0.0,0.0,0.0,0.0,0.0,0.0,0.0,0.0,0.0,0.0,0.0,0.0,0.0
M2,28,4,20.0,2.0,20.0,0.0,0.0,0.0,0.0,12.0,12.0,0.09362419787794352,0.0,0.0,2.0,0.0,0.1,0.1
M2,28,5,20.0,2.0,20.0,0.0,0.0,0.0,0.0,12.0,12.0,0.10770406574010849,0.0,0.0,2.0,0.0,0.1,0.1
M2,28,6,20.0,1.0,20.0,0.0,0.0,0.0,0.0,6.0,6.0,0.04346736893057823,0.0,0.0,1.0,0.0,0.05,0.05
M2,28,7,20.0,12.0,20.0,2.0,0.0,2.0,13.236746239599405,72.0,72.0,0.6337915686890483,0.0,0.0,12.0,0.0,0.6,0.6
M2,28,8,20.0,2.0,20.0,0.0,2.0,0.0,-2.0,12.0,0.0,0.06866949051618576,0.0,0.0,2.0,0.0,0.1,0.1
M2,29,1,124.0,23.0,124.0,1.0,0.0,1.0,0.4029934338140074,138.0,138.0,0.961993433535099,2.0,0.0,23.0,0.0,0.18548387096774194,0.18548387096774194
M2,29,2,124.0,22.0,124.0,2.0,0.0,2.0,2.273300593273053,132.0,132.0,1.235903806053102,1.0,0.0,22.0,0.0,0.1774193548387097,0.1774193548387097
M2,29,3,124.0,52.0,124.0,3.0,0.0,3.0,17.031756486390087,312.0,312.0,4.258264078758657,1.0,0.0,52.0,0.0,0.41935483870967744,0.41935483870967744
M2,29,4,124.0,3.0,124.0,0.0,1.0,0.0,-1.0,18.0,12.0,0.11105580255389214,1.0,0.0,3.0,0.0,0.024193548387096774,0.024193548387096774
M2,29,5,124.0,6.0,124.0,0.0,1.0,0.0,-1.0,36.0,30.0,0.25183242559432983,2.0,0.0,6.0,0.0,0.04838709677419355,0.04838709677419355
M2,29,6,124.0,4.0,124.0,0.0,0.0,0.0,0.0,24.0,24.0,0.15802332013845444,0.0,0.0,4.0,0.0,0.03225806451612903,0.03225806451612903
M2,29,7,124.0,10.0,124.0,0.0,0.0,0.0,0.0,60.0,60.0,0.5010253135114908,1.0,0.0,10.0,0.0,0.08064516129032258,0.08064516129032258
M2,29,8,124.0,4.0,124.0,0.0,2.0,0.0,-2.0,24.0,2.0,0.13962740264832973,1.0,0.0,4.0,0.0,0.03225806451612903,0.03225806451612903
M2,30,1,402.0,113.0,402.0,41.0,0.0,41.0,196.4000605088282,678.0,678.0,4.684339091181755,11.0,0.0,113.0,0.0,0.2810945273631841,0.2810945273631841
M2,30,2,402.0,36.0,402.0,13.0,0.0,13.0,65.18423901695122,216.0,216.0,1.7254075082018971,13.0,0.0,36.0,0.0,0.08955223880597014,0.08955223880597014
M2,30,3,402.0,28.0,402.0,3.0,0.0,3.0,2.8534831654779733,168.0,168.0,2.2268463000655174,15.0,0.0,28.0,0.0,0.06965174129353234,0.06965174129353234
M2,30,4,402.0,40.0,402.0,6.0,0.0,6.0,12.056827159243934,240.0,240.0,1.7281910832971334,15.0,0.0,40.0,0.0,0.09950248756218906,0.09950248756218906
M2,30,5,402.0,46.0,402.0,7.0,0.0,7.0,35.21601340538881,276.0,276.0,1.9328196635469794,16.0,0.0,46.0,0.0,0.11442786069651742,0.11442786069651742
M2,30,6,402.0,35.0,402.0,6.0,0.0,6.0,43.356658503658394,210.0,210.0,1.4555743504315615,4.0,0.0,35.0,0.0,0.08706467661691543,0.08706467661691543
M2,30,7,402.0,82.0,402.0,23.0,0.0,23.0,97.61832045493345,492.0,492.0,4.081978757865727,12.0,0.0,82.0,0.0,0.20398009950248755,0.20398009950248755
M2,30,8,402.0,22.0,402.0,2.0,3.0,2.0,8.400554011226374,132.0,76.0,0.8494924968108535,10.0,0.0,22.0,0.0,0.05472636815920398,0.05472636815920398
M2,31,1,736.0,104.0,736.0,20.0,0.0,20.0,92.71472488175698,624.0,624.0,4.3255403796210885,21.0,0.0,104.0,0.0,0.14130434782608695,0.14130434782608695
M2,31,2,736.0,85.0,736.0,5.0,0.0,5.0,23.574957864153344,510.0,510.0,4.3317044377326965,19.0,0.0,85.0,0.0,0.11548913043478261,0.11548913043478261
M2,31,3,736.0,52.0,736.0,0.0,0.0,0.0,0.0,312.0,312.0,4.230343576520681,20.0,0.0,52.0,0.0,0.07065217391304347,0.07065217391304347
M2,31,4,736.0,83.0,736.0,7.0,0.0,7.0,16.4874294626453,498.0,498.0,3.582161447033286,18.0,0.0,83.0,0.0,0.11277173913043478,0.11277173913043478
M2,31,5,736.0,36.0,736.0,1.0,0.0,1.0,1.3988051714809757,216.0,216.0,1.5489428592845798,13.0,0.0,36.0,0.0,0.04891304347826087,0.04891304347826087
M2,31,6,736.0,68.0,736.0,3.0,0.0,3.0,15.698304815621958,408.0,408.0,2.8598651625216007,14.0,0.0,68.0,0.0,0.09239130434782608,0.09239130434782608
M2,31,7,736.0,255.0,736.0,48.0,0.0,48.0,222.24852673759173,1530.0,1530.0,13.675763097591698,29.0,0.0,255.0,0.0,0.34646739130434784,0.34646739130434784
M2,31,8,736.0,53.0,736.0,7.0,15.0,7.0,36.39069743071576,318.0,133.0,2.0884621990844607,13.0,0.0,53.0,0.0,0.07201086956521739,0.07201086956521739
M2,32,1,0.0,0.0,0.0,0.0,0.0,0.0,0.0,0.0,0.0,0.0,0.0,0.0,0.0,0.0,,
M2,32,2,0.0,0.0,0.0,0.0,0.0,0.0,0.0,0.0,0.0,0.0,0.0,0.0,0.0,0.0,,
M2,32,3,0.0,0.0,0.0,0.0,0.0,0.0,0.0,0.0,0.0,0.0,0.0,0.0,0.0,0.0,,
M2,32,4,0.0,0.0,0.0,0.0,0.0,0.0,0.0,0.0,0.0,0.0,0.0,0.0,0.0,0.0,,
M2,32,5,0.0,0.0,0.0,0.0,0.0,0.0,0.0,0.0,0.0,0.0,0.0,0.0,0.0,0.0,,
M2,32,6,0.0,0.0,0.0,0.0,0.0,0.0,0.0,0.0,0.0,0.0,0.0,0.0,0.0,0.0,,
M2,32,7,0.0,0.0,0.0,0.0,0.0,0.0,0.0,0.0,0.0,0.0,0.0,0.0,0.0,0.0,,
M2,32,8,0.0,0.0,0.0,0.0,0.0,0.0,0.0,0.0,0.0,0.0,0.0,0.0,0.0,0.0,,
M2,33,1,0.0,0.0,0.0,0.0,0.0,0.0,0.0,0.0,0.0,0.0,0.0,0.0,0.0,0.0,,
M2,33,2,0.0,0.0,0.0,0.0,0.0,0.0,0.0,0.0,0.0,0.0,0.0,0.0,0.0,0.0,,
M2,33,3,0.0,0.0,0.0,0.0,0.0,0.0,0.0,0.0,0.0,0.0,0.0,0.0,0.0,0.0,,
M2,33,4,0.0,0.0,0.0,0.0,0.0,0.0,0.0,0.0,0.0,0.0,0.0,0.0,0.0,0.0,,
M2,33,5,0.0,0.0,0.0,0.0,0.0,0.0,0.0,0.0,0.0,0.0,0.0,0.0,0.0,0.0,,
M2,33,6,0.0,0.0,0.0,0.0,0.0,0.0,0.0,0.0,0.0,0.0,0.0,0.0,0.0,0.0,,
M2,33,7,0.0,0.0,0.0,0.0,0.0,0.0,0.0,0.0,0.0,0.0,0.0,0.0,0.0,0.0,,
M2,33,8,0.0,0.0,0.0,0.0,0.0,0.0,0.0,0.0,0.0,0.0,0.0,0.0,0.0,0.0,,
M2,34,1,0.0,0.0,0.0,0.0,0.0,0.0,0.0,0.0,0.0,0.0,0.0,0.0,0.0,0.0,,
M2,34,2,0.0,0.0,0.0,0.0,0.0,0.0,0.0,0.0,0.0,0.0,0.0,0.0,0.0,0.0,,
M2,34,3,0.0,0.0,0.0,0.0,0.0,0.0,0.0,0.0,0.0,0.0,0.0,0.0,0.0,0.0,,
M2,34,4,0.0,0.0,0.0,0.0,0.0,0.0,0.0,0.0,0.0,0.0,0.0,0.0,0.0,0.0,,
M2,34,5,0.0,0.0,0.0,0.0,0.0,0.0,0.0,0.0,0.0,0.0,0.0,0.0,0.0,0.0,,
M2,34,6,0.0,0.0,0.0,0.0,0.0,0.0,0.0,0.0,0.0,0.0,0.0,0.0,0.0,0.0,,
M2,34,7,0.0,0.0,0.0,0.0,0.0,0.0,0.0,0.0,0.0,0.0,0.0,0.0,0.0,0.0,,
M2,34,8,0.0,0.0,0.0,0.0,0.0,0.0,0.0,0.0,0.0,0.0,0.0,0.0,0.0,0.0,,
M2,35,1,0.0,0.0,0.0,0.0,0.0,0.0,0.0,0.0,0.0,0.0,0.0,0.0,0.0,0.0,,
M2,35,2,0.0,0.0,0.0,0.0,0.0,0.0,0.0,0.0,0.0,0.0,0.0,0.0,0.0,0.0,,
M2,35,3,0.0,0.0,0.0,0.0,0.0,0.0,0.0,0.0,0.0,0.0,0.0,0.0,0.0,0.0,,
M2,35,4,0.0,0.0,0.0,0.0,0.0,0.0,0.0,0.0,0.0,0.0,0.0,0.0,0.0,0.0,,
M2,35,5,0.0,0.0,0.0,0.0,0.0,0.0,0.0,0.0,0.0,0.0,0.0,0.0,0.0,0.0,,
M2,35,6,0.0,0.0,0.0,0.0,0.0,0.0,0.0,0.0,0.0,0.0,0.0,0.0,0.0,0.0,,
M2,35,7,0.0,0.0,0.0,0.0,0.0,0.0,0.0,0.0,0.0,0.0,0.0,0.0,0.0,0.0,,
M2,35,8,0.0,0.0,0.0,0.0,0.0,0.0,0.0,0.0,0.0,0.0,0.0,0.0,0.0,0.0,,
M2,36,1,734.0,187.0,734.0,22.0,0.0,22.0,52.16287026198979,1122.0,1122.0,7.767401718534529,19.0,0.0,187.0,0.0,0.2547683923705722,0.2547683923705722
M2,36,2,734.0,125.0,734.0,30.0,0.0,30.0,143.9623357011145,750.0,750.0,6.0141372224316,30.0,0.0,125.0,0.0,0.17029972752043596,0.17029972752043596
M2,36,3,734.0,96.0,734.0,0.0,0.0,0.0,0.0,576.0,576.0,7.692071828991175,28.0,0.0,96.0,0.0,0.1307901907356948,0.1307901907356948
M2,36,4,734.0,48.0,734.0,1.0,0.0,1.0,1.4609648342833523,288.0,288.0,2.1334948232397437,8.0,0.0,48.0,0.0,0.0653950953678474,0.0653950953678474
M2,36,5,734.0,114.0,734.0,16.0,0.0,16.0,45.68769155792234,684.0,684.0,4.9994459031149745,18.0,0.0,114.0,0.0,0.1553133514986376,0.1553133514986376
M2,36,6,734.0,46.0,734.0,0.0,0.0,0.0,0.0,276.0,276.0,1.8492737738415599,22.0,0.0,46.0,0.0,0.06267029972752043,0.06267029972752043
M2,36,7,734.0,98.0,734.0,10.0,0.0,10.0,26.340301716763776,588.0,588.0,4.780554465018213,15.0,0.0,98.0,0.0,0.1335149863760218,0.1335149863760218
M2,36,8,734.0,20.0,734.0,1.0,9.0,1.0,-1.3936269363023754,120.0,32.0,0.7507767546921968,11.0,0.0,20.0,0.0,0.027247956403269755,0.027247956403269755
M2,37,1,3625.0,491.0,3625.0,14.0,0.0,14.0,23.559687306767433,2946.0,2946.0,21.909128991886973,85.0,0.0,491.0,0.0,0.13544827586206898,0.13544827586206898
M2,37,2,3625.0,583.0,3625.0,25.0,0.0,25.0,72.52926685449971,3498.0,3498.0,31.05749217327684,67.0,0.0,583.0,0.0,0.16082758620689655,0.16082758620689655
M2,37,3,3625.0,379.0,3625.0,3.0,0.0,3.0,13.033955334865528,2274.0,2274.0,31.37678758893162,70.0,0.0,379.0,0.0,0.10455172413793104,0.10455172413793104
M2,37,4,3625.0,322.0,3625.0,6.0,3.0,6.0,22.950879451328174,1932.0,1914.0,15.508966804482043,64.0,0.0,322.0,0.0,0.08882758620689656,0.08882758620689656
M2,37,5,3625.0,340.0,3625.0,6.0,5.0,6.0,22.679391876206218,2040.0,2010.0,16.248003093525767,66.0,0.0,340.0,0.0,0.09379310344827586,0.09379310344827586
M2,37,6,3625.0,343.0,3625.0,0.0,0.0,0.0,0.0,2058.0,2058.0,14.750835930928588,70.0,0.0,343.0,0.0,0.09462068965517241,0.09462068965517241
M2,37,7,3625.0,1072.0,3625.0,75.0,0.0,75.0,294.20476945891966,6432.0,6432.0,56.69575462024659,59.0,0.0,1072.0,0.0,0.29572413793103447,0.29572413793103447
M2,37,8,3625.0,95.0,3625.0,3.0,34.0,3.0,-10.768832619585815,570.0,172.0,3.929949895478785,54.0,0.0,95.0,0.0,0.02620689655172414,0.02620689655172414
M2,38,1,10.0,2.0,10.0,2.0,0.0,2.0,10.08836668860244,12.0,12.0,0.07632833160459995,0.0,0.0,2.0,0.0,0.2,0.2
M2,38,2,10.0,1.0,10.0,1.0,0.0,1.0,3.8218405378567555,6.0,6.0,0.04804261028766632,1.0,0.0,1.0,0.0,0.1,0.1
M2,38,3,10.0,3.0,10.0,1.0,0.0,1.0,5.045329013004187,18.0,18.0,0.2291634874418378,0.0,0.0,3.0,0.0,0.3,0.3
M2,38,4,10.0,0.0,10.0,0.0,0.0,0.0,0.0,0.0,0.0,0.0,0.0,0.0,0.0,0.0,0.0,0.0
M2,38,5,10.0,2.0,10.0,0.0,0.0,0.0,0.0,12.0,12.0,0.07610200252383947,2.0,0.0,2.0,0.0,0.2,0.2
M2,38,6,10.0,1.0,10.0,0.0,0.0,0.0,0.0,6.0,6.0,0.03840523865073919,1.0,0.0,1.0,0.0,0.1,0.1
M2,38,7,10.0,0.0,10.0,0.0,0.0,0.0,0.0,0.0,0.0,0.0,0.0,0.0,0.0,0.0,0.0,0.0
M2,38,8,10.0,1.0,10.0,0.0,0.0,0.0,0.0,6.0,4.0,0.03713173232972622,0.0,0.0,1.0,0.0,0.1,0.1
M2,39,1,10.0,0.0,10.0,0.0,0.0,0.0,0.0,0.0,0.0,0.0,0.0,0.0,0.0,0.0,0.0,0.0
M2,39,2,10.0,1.0,10.0,0.0,0.0,0.0,0.0,6.0,6.0,0.04554131254553795,0.0,0.0,1.0,0.0,0.1,0.1
M2,39,3,10.0,2.0,10.0,0.0,0.0,0.0,0.0,12.0,12.0,0.15211171377450228,0.0,0.0,2.0,0.0,0.2,0.2
M2,39,4,10.0,3.0,10.0,0.0,0.0,0.0,0.0,18.0,18.0,0.11226327158510685,2.0,0.0,3.0,0.0,0.3,0.3
M2,39,5,10.0,1.0,10.0,0.0,0.0,0.0,0.0,6.0,6.0,0.03786106966435909,0.0,0.0,1.0,0.0,0.1,0.1
M2,39,6,10.0,1.0,10.0,0.0,0.0,0.0,0.0,6.0,6.0,0.036818480119109154,0.0,0.0,1.0,0.0,0.1,0.1
M2,39,7,10.0,1.0,10.0,0.0,0.0,0.0,0.0,6.0,6.0,0.04429110046476126,0.0,0.0,1.0,0.0,0.1,0.1
M2,39,8,10.0,1.0,10.0,0.0,1.0,0.0,-1.0,6.0,0.0,0.02631546836346388,0.0,0.0,1.0,0.0,0.1,0.1
M2,40,1,79.0,19.0,79.0,9.0,0.0,9.0,28.537550579618156,114.0,114.0,0.7551533663645387,3.0,0.0,19.0,0.0,0.24050632911392406,0.24050632911392406
M2,40,2,79.0,13.0,79.0,4.0,0.0,4.0,12.223119947177995,78.0,78.0,0.6098105125129223,2.0,0.0,13.0,0.0,0.16455696202531644,0.16455696202531644
M2,40,3,79.0,3.0,79.0,1.0,0.0,1.0,0.5306421395414911,18.0,18.0,0.23375462740659714,3.0,0.0,3.0,0.0,0.0379746835443038,0.0379746835443038
M2,40,4,79.0,6.0,79.0,1.0,0.0,1.0,4.853114594602526,36.0,36.0,0.23709489963948727,4.0,0.0,6.0,0.0,0.0759493670886076,0.0759493670886076
M2,40,5,79.0,9.0,79.0,1.0,0.0,1.0,1.5512923672217065,54.0,54.0,0.3530936148017645,6.0,0.0,9.0,0.0,0.11392405063291139,0.11392405063291139
M2,40,6,79.0,4.0,79.0,0.0,0.0,0.0,0.0,24.0,24.0,0.15900431852787733,3.0,0.0,4.0,0.0,0.05063291139240506,0.05063291139240506
M2,40,7,79.0,9.0,79.0,2.0,0.0,2.0,0.2530137751993468,54.0,54.0,0.42386119347065687,0.0,0.0,9.0,0.0,0.11392405063291139,0.11392405063291139
M2,40,8,79.0,16.0,79.0,2.0,2.0,2.0,9.666949924058157,96.0,54.0,0.606235608458519,5.0,0.0,16.0,0.0,0.20253164556962025,0.20253164556962025
M2,41,1,65.0,11.0,65.0,3.0,0.0,3.0,19.822769319109483,66.0,66.0,0.4343086741864681,1.0,0.0,11.0,0.0,0.16923076923076924,0.16923076923076924
M2,41,2,65.0,6.0,65.0,3.0,0.0,3.0,8.046484886399202,36.0,36.0,0.26993118040263653,1.0,0.0,6.0,0.0,0.09230769230769231,0.09230769230769231
M2,41,3,65.0,4.0,65.0,0.0,0.0,0.0,0.0,24.0,24.0,0.3030962208285928,2.0,0.0,4.0,0.0,0.06153846153846154,0.06153846153846154
M2,41,4,65.0,3.0,65.0,0.0,0.0,0.0,0.0,18.0,18.0,0.11654512770473957,1.0,0.0,3.0,0.0,0.046153846153846156,0.046153846153846156
M2,41,5,65.0,9.0,65.0,1.0,0.0,1.0,0.9042514055744327,54.0,54.0,0.3489429512992501,5.0,0.0,9.0,0.0,0.13846153846153847,0.13846153846153847
M2,41,6,65.0,14.0,65.0,1.0,0.0,1.0,4.11986956636994,84.0,84.0,0.553036130964756,2.0,0.0,14.0,0.0,0.2153846153846154,0.2153846153846154
M2,41,7,65.0,3.0,65.0,1.0,0.0,1.0,8.455226288355774,18.0,18.0,0.13593752309679985,2.0,0.0,3.0,0.0,0.046153846153846156,0.046153846153846156
M2,41,8,65.0,15.0,65.0,5.0,3.0,5.0,37.47943417810146,90.0,54.0,0.5997500801458955,4.0,0.0,15.0,0.0,0.23076923076923078,0.23076923076923078
M3,0,1,45.0,2.0,45.0,0.0,0.0,0.0,0.0,12.0,12.0,0.07244561519473791,1.0,0.0,2.0,0.0,0.044444444444444446,0.044444444444444446
M3,0,2,45.0,8.0,45.0,0.0,0.0,0.0,0.0,48.0,48.0,0.37686010543257,1.0,0.0,8.0,0.0,0.17777777777777778,0.17777777777777778
M3,0,3,45.0,8.0,45.0,0.0,0.0,0.0,0.0,48.0,48.0,0.6187490820884705,1.0,0.0,8.0,0.0,0.17777777777777778,0.17777777777777778
M3,0,4,45.0,4.0,45.0,0.0,0.0,0.0,0.0,24.0,24.0,0.210421584546566,0.0,0.0,4.0,0.0,0.08888888888888889,0.08888888888888889
M3,0,5,45.0,5.0,45.0,0.0,0.0,0.0,0.0,30.0,30.0,0.2236694460734725,2.0,0.0,5.0,0.0,0.1111111111111111,0.1111111111111111
M3,0,6,45.0,10.0,45.0,0.0,0.0,0.0,0.0,60.0,60.0,0.37880298029631376,1.0,0.0,10.0,0.0,0.2222222222222222,0.2222222222222222
M3,0,7,45.0,7.0,45.0,0.0,0.0,0.0,0.0,42.0,42.0,0.2959879720583558,1.0,0.0,7.0,0.0,0.15555555555555556,0.15555555555555556
M3,0,8,45.0,1.0,45.0,0.0,1.0,0.0,-1.0,6.0,0.0,0.029066557995975018,0.0,0.0,1.0,0.0,0.022222222222222223,0.022222222222222223
M3,1,1,343.0,86.0,343.0,2.0,0.0,2.0,3.114565846736709,516.0,516.0,3.3727764477953315,7.0,0.0,86.0,0.0,0.25072886297376096,0.25072886297376096
M3,1,2,343.0,80.0,343.0,4.0,0.0,4.0,14.963846663807987,480.0,480.0,3.8751440476626158,3.0,0.0,80.0,0.0,0.23323615160349853,0.23323615160349853
M3,1,3,343.0,50.0,343.0,0.0,0.0,0.0,0.0,300.0,300.0,3.8983645075932145,10.0,0.0,50.0,0.0,0.1457725947521866,0.1457725947521866
M3,1,4,343.0,22.0,343.0,0.0,1.0,0.0,-1.0,132.0,126.0,0.8314466383308172,8.0,0.0,22.0,0.0,0.0641399416909621,0.0641399416909621
M3,1,5,343.0,30.0,343.0,0.0,1.0,0.0,-1.0,180.0,174.0,1.1614970285445452,8.0,0.0,30.0,0.0,0.08746355685131195,0.08746355685131195
M3,1,6,343.0,32.0,343.0,0.0,0.0,0.0,0.0,192.0,192.0,1.241320751607418,7.0,0.0,32.0,0.0,0.09329446064139942,0.09329446064139942
M3,1,7,343.0,39.0,343.0,0.0,0.0,0.0,0.0,234.0,234.0,1.7023747079074383,9.0,0.0,39.0,0.0,0.11370262390670553,0.11370262390670553
M3,1,8,343.0,4.0,343.0,0.0,1.0,0.0,-1.0,24.0,7.0,0.1395431188866496,2.0,0.0,4.0,0.0,0.011661807580174927,0.011661807580174927
M3,2,1,0.0,0.0,0.0,0.0,0.0,0.0,0.0,0.0,0.0,0.0,0.0,0.0,0.0,0.0,,
M3,2,2,0.0,0.0,0.0,0.0,0.0,0.0,0.0,0.0,0.0,0.0,0.0,0.0,0.0,0.0,,
M3,2,3,0.0,0.0,0.0,0.0,0.0,0.0,0.0,0.0,0.0,0.0,0.0,0.0,0.0,0.0,,
M3,2,4,0.0,0.0,0.0,0.0,0.0,0.0,0.0,0.0,0.0,0.0,0.0,0.0,0.0,0.0,,
M3,2,5,0.0,0.0,0.0,0.0,0.0,0.0,0.0,0.0,0.0,0.0,0.0,0.0,0.0,0.0,,
M3,2,6,0.0,0.0,0.0,0.0,0.0,0.0,0.0,0.0,0.0,0.0,0.0,0.0,0.0,0.0,,
M3,2,7,0.0,0.0,0.0,0.0,0.0,0.0,0.0,0.0,0.0,0.0,0.0,0.0,0.0,0.0,,
M3,2,8,0.0,0.0,0.0,0.0,0.0,0.0,0.0,0.0,0.0,0.0,0.0,0.0,0.0,0.0,,
M3,3,1,0.0,0.0,0.0,0.0,0.0,0.0,0.0,0.0,0.0,0.0,0.0,0.0,0.0,0.0,,
M3,3,2,0.0,0.0,0.0,0.0,0.0,0.0,0.0,0.0,0.0,0.0,0.0,0.0,0.0,0.0,,
M3,3,3,0.0,0.0,0.0,0.0,0.0,0.0,0.0,0.0,0.0,0.0,0.0,0.0,0.0,0.0,,
M3,3,4,0.0,0.0,0.0,0.0,0.0,0.0,0.0,0.0,0.0,0.0,0.0,0.0,0.0,0.0,,
M3,3,5,0.0,0.0,0.0,0.0,0.0,0.0,0.0,0.0,0.0,0.0,0.0,0.0,0.0,0.0,,
M3,3,6,0.0,0.0,0.0,0.0,0.0,0.0,0.0,0.0,0.0,0.0,0.0,0.0,0.0,0.0,,
M3,3,7,0.0,0.0,0.0,0.0,0.0,0.0,0.0,0.0,0.0,0.0,0.0,0.0,0.0,0.0,,
M3,3,8,0.0,0.0,0.0,0.0,0.0,0.0,0.0,0.0,0.0,0.0,0.0,0.0,0.0,0.0,,
M3,4,1,0.0,0.0,0.0,0.0,0.0,0.0,0.0,0.0,0.0,0.0,0.0,0.0,0.0,0.0,,
M3,4,2,0.0,0.0,0.0,0.0,0.0,0.0,0.0,0.0,0.0,0.0,0.0,0.0,0.0,0.0,,
M3,4,3,0.0,0.0,0.0,0.0,0.0,0.0,0.0,0.0,0.0,0.0,0.0,0.0,0.0,0.0,,
M3,4,4,0.0,0.0,0.0,0.0,0.0,0.0,0.0,0.0,0.0,0.0,0.0,0.0,0.0,0.0,,
M3,4,5,0.0,0.0,0.0,0.0,0.0,0.0,0.0,0.0,0.0,0.0,0.0,0.0,0.0,0.0,,
M3,4,6,0.0,0.0,0.0,0.0,0.0,0.0,0.0,0.0,0.0,0.0,0.0,0.0,0.0,0.0,,
M3,4,7,0.0,0.0,0.0,0.0,0.0,0.0,0.0,0.0,0.0,0.0,0.0,0.0,0.0,0.0,,
M3,4,8,0.0,0.0,0.0,0.0,0.0,0.0,0.0,0.0,0.0,0.0,0.0,0.0,0.0,0.0,,
M3,5,1,0.0,0.0,0.0,0.0,0.0,0.0,0.0,0.0,0.0,0.0,0.0,0.0,0.0,0.0,,
M3,5,2,0.0,0.0,0.0,0.0,0.0,0.0,0.0,0.0,0.0,0.0,0.0,0.0,0.0,0.0,,
M3,5,3,0.0,0.0,0.0,0.0,0.0,0.0,0.0,0.0,0.0,0.0,0.0,0.0,0.0,0.0,,
M3,5,4,0.0,0.0,0.0,0.0,0.0,0.0,0.0,0.0,0.0,0.0,0.0,0.0,0.0,0.0,,
M3,5,5,0.0,0.0,0.0,0.0,0.0,0.0,0.0,0.0,0.0,0.0,0.0,0.0,0.0,0.0,,
M3,5,6,0.0,0.0,0.0,0.0,0.0,0.0,0.0,0.0,0.0,0.0,0.0,0.0,0.0,0.0,,
M3,5,7,0.0,0.0,0.0,0.0,0.0,0.0,0.0,0.0,0.0,0.0,0.0,0.0,0.0,0.0,,
M3,5,8,0.0,0.0,0.0,0.0,0.0,0.0,0.0,0.0,0.0,0.0,0.0,0.0,0.0,0.0,,
M3,6,1,5.0,0.0,5.0,0.0,0.0,0.0,0.0,0.0,0.0,0.0,0.0,0.0,0.0,0.0,0.0,0.0
M3,6,2,5.0,5.0,5.0,1.0,0.0,1.0,0.17081850258605444,30.0,30.0,0.24166217632591724,0.0,0.0,5.0,0.0,1.0,1.0
M3,6,3,5.0,0.0,5.0,0.0,0.0,0.0,0.0,0.0,0.0,0.0,0.0,0.0,0.0,0.0,0.0,0.0
M3,6,4,5.0,0.0,5.0,0.0,0.0,0.0,0.0,0.0,0.0,0.0,0.0,0.0,0.0,0.0,0.0,0.0
M3,6,5,5.0,0.0,5.0,0.0,0.0,0.0,0.0,0.0,0.0,0.0,0.0,0.0,0.0,0.0,0.0,0.0
M3,6,6,5.0,0.0,5.0,0.0,0.0,0.0,0.0,0.0,0.0,0.0,0.0,0.0,0.0,0.0,0.0,0.0
M3,6,7,5.0,0.0,5.0,0.0,0.0,0.0,0.0,0.0,0.0,0.0,0.0,0.0,0.0,0.0,0.0,0.0
M3,6,8,5.0,0.0,5.0,0.0,0.0,0.0,0.0,0.0,0.0,0.0,0.0,0.0,0.0,0.0,0.0,0.0
M3,7,1,0.0,0.0,0.0,0.0,0.0,0.0,0.0,0.0,0.0,0.0,0.0,0.0,0.0,0.0,,
M3,7,2,0.0,0.0,0.0,0.0,0.0,0.0,0.0,0.0,0.0,0.0,0.0,0.0,0.0,0.0,,
M3,7,3,0.0,0.0,0.0,0.0,0.0,0.0,0.0,0.0,0.0,0.0,0.0,0.0,0.0,0.0,,
M3,7,4,0.0,0.0,0.0,0.0,0.0,0.0,0.0,0.0,0.0,0.0,0.0,0.0,0.0,0.0,,
M3,7,5,0.0,0.0,0.0,0.0,0.0,0.0,0.0,0.0,0.0,0.0,0.0,0.0,0.0,0.0,,
M3,7,6,0.0,0.0,0.0,0.0,0.0,0.0,0.0,0.0,0.0,0.0,0.0,0.0,0.0,0.0,,
M3,7,7,0.0,0.0,0.0,0.0,0.0,0.0,0.0,0.0,0.0,0.0,0.0,0.0,0.0,0.0,,
M3,7,8,0.0,0.0,0.0,0.0,0.0,0.0,0.0,0.0,0.0,0.0,0.0,0.0,0.0,0.0,,
M3,8,1,445.0,52.0,445.0,3.0,0.0,3.0,4.301518906039029,312.0,312.0,2.1362946396693587,10.0,0.0,52.0,0.0,0.11685393258426967,0.11685393258426967
M3,8,2,445.0,149.0,445.0,12.0,0.0,12.0,21.11543466397783,894.0,894.0,7.289540791884065,11.0,0.0,149.0,0.0,0.3348314606741573,0.3348314606741573
M3,8,3,445.0,70.0,445.0,4.0,0.0,4.0,6.619302644196598,420.0,420.0,5.546358843334019,11.0,0.0,70.0,0.0,0.15730337078651685,0.15730337078651685
M3,8,4,445.0,25.0,445.0,0.0,4.0,0.0,-4.0,150.0,126.0,0.9768623216077685,10.0,0.0,25.0,0.0,0.056179775280898875,0.056179775280898875
M3,8,5,445.0,48.0,445.0,4.0,5.0,4.0,0.9474438613925933,288.0,258.0,1.7742724558338523,11.0,0.0,48.0,0.0,0.10786516853932585,0.10786516853932585
M3,8,6,445.0,38.0,445.0,0.0,0.0,0.0,0.0,228.0,228.0,1.4803697559982538,16.0,0.0,38.0,0.0,0.0853932584269663,0.0853932584269663
M3,8,7,445.0,47.0,445.0,1.0,0.0,1.0,0.19823447220902404,282.0,282.0,2.1478785602375865,9.0,0.0,47.0,0.0,0.10561797752808989,0.10561797752808989
M3,8,8,445.0,16.0,445.0,0.0,8.0,0.0,-8.0,96.0,21.0,0.5494294790551066,6.0,0.0,16.0,0.0,0.035955056179775284,0.035955056179775284
M3,9,1,3788.0,967.0,3788.0,38.0,0.0,38.0,72.2033035042144,5802.0,5802.0,39.671139027923346,117.0,0.0,967.0,0.0,0.2552798310454065,0.2552798310454065
M3,9,2,3788.0,1290.0,3788.0,61.0,0.0,61.0,172.44743952907322,7740.0,7740.0,65.8106107627973,114.0,0.0,1290.0,0.0,0.3405491024287223,0.3405491024287223
M3,9,3,3788.0,749.0,3788.0,6.0,0.0,6.0,8.906147488419002,4494.0,4494.0,60.190243082121015,120.0,0.0,749.0,0.0,0.1977296726504752,0.1977296726504752
M3,9,4,3788.0,0.0,0.0,0.0,0.0,0.0,0.0,0.0,0.0,0.0,0.0,0.0,0.0,0.0,0.0,
M3,9,5,3788.0,0.0,0.0,0.0,0.0,0.0,0.0,0.0,0.0,0.0,0.0,0.0,0.0,0.0,0.0,
M3,9,6,3788.0,0.0,0.0,0.0,0.0,0.0,0.0,0.0,0.0,0.0,0.0,0.0,0.0,0.0,0.0,
M3,9,7,3788.0,639.0,3788.0,7.0,0.0,7.0,3.776920773803379,3834.0,3834.0,29.91957077756524,105.0,0.0,639.0,0.0,0.16869060190073917,0.16869060190073917
M3,9,8,3788.0,143.0,3788.0,0.0,43.0,0.0,-43.0,858.0,347.0,5.376108352094889,101.0,0.0,143.0,0.0,0.03775079197465681,0.03775079197465681
M3,10,1,109.0,69.0,109.0,6.0,0.0,6.0,7.796807982607161,414.0,414.0,2.862134611234069,7.0,0.0,69.0,0.0,0.6330275229357798,0.6330275229357798
M3,10,2,109.0,0.0,109.0,0.0,0.0,0.0,0.0,0.0,0.0,0.0,0.0,0.0,0.0,0.0,0.0,0.0
M3,10,3,109.0,3.0,109.0,0.0,0.0,0.0,0.0,18.0,18.0,0.2246618429198861,3.0,0.0,3.0,0.0,0.027522935779816515,0.027522935779816515
M3,10,4,109.0,12.0,109.0,1.0,0.0,1.0,0.08832215416616371,72.0,72.0,0.44158718455582857,7.0,0.0,12.0,0.0,0.11009174311926606,0.11009174311926606
M3,10,5,109.0,9.0,109.0,0.0,0.0,0.0,0.0,54.0,54.0,0.4025359684601426,3.0,0.0,9.0,0.0,0.08256880733944955,0.08256880733944955
M3,10,6,109.0,12.0,109.0,0.0,0.0,0.0,0.0,72.0,72.0,0.4400955466553569,2.0,0.0,12.0,0.0,0.11009174311926606,0.11009174311926606
M3,10,7,109.0,3.0,109.0,0.0,0.0,0.0,0.0,18.0,18.0,0.14218584168702364,2.0,0.0,3.0,0.0,0.027522935779816515,0.027522935779816515
M3,10,8,109.0,1.0,109.0,0.0,0.0,0.0,0.0,6.0,6.0,0.03769617062062025,1.0,0.0,1.0,0.0,0.009174311926605505,0.009174311926605505
M3,11,1,471.0,63.0,471.0,3.0,0.0,3.0,7.28341533708792,378.0,378.0,3.022445844486356,10.0,0.0,63.0,0.0,0.1337579617834395,0.1337579617834395
M3,11,2,471.0,129.0,471.0,11.0,0.0,11.0,28.978840920105007,774.0,774.0,7.596892382018268,10.0,0.0,129.0,0.0,0.27388535031847133,0.27388535031847133
M3,11,3,471.0,58.0,471.0,0.0,0.0,0.0,0.0,348.0,348.0,5.028950049541891,17.0,0.0,58.0,0.0,0.12314225053078556,0.12314225053078556
M3,11,4,471.0,51.0,471.0,1.0,0.0,1.0,0.18945373965295603,306.0,306.0,2.481034909375012,8.0,0.0,51.0,0.0,0.10828025477707007,0.10828025477707007
M3,11,5,471.0,68.0,471.0,2.0,0.0,2.0,2.1639744132596337,408.0,408.0,3.0563957327976823,11.0,0.0,68.0,0.0,0.14437367303609341,0.14437367303609341
M3,11,6,471.0,32.0,471.0,0.0,0.0,0.0,0.0,192.0,192.0,1.3499265117570758,9.0,0.0,32.0,0.0,0.06794055201698514,0.06794055201698514
M3,11,7,471.0,48.0,471.0,1.0,0.0,1.0,0.11813639727559364,288.0,288.0,2.657311071641743,13.0,0.0,48.0,0.0,0.10191082802547771,0.10191082802547771
M3,11,8,471.0,22.0,471.0,0.0,5.0,0.0,-5.0,132.0,69.0,0.9522289466112852,13.0,0.0,22.0,0.0,0.04670912951167728,0.04670912951167728
M3,12,1,396.0,98.0,396.0,40.0,0.0,40.0,146.47694127222104,588.0,588.0,3.535217291675508,12.0,0.0,98.0,0.0,0.2474747474747475,0.2474747474747475
M3,12,2,396.0,93.0,396.0,35.0,0.0,35.0,112.44577101362744,558.0,558.0,4.159313638694584,14.0,0.0,93.0,0.0,0.23484848484848486,0.23484848484848486
M3,12,3,396.0,51.0,396.0,19.0,0.0,19.0,50.40114862072305,306.0,306.0,3.7989080427214503,12.0,0.0,51.0,0.0,0.12878787878787878,0.12878787878787878
M3,12,4,396.0,20.0,396.0,2.0,2.0,2.0,-0.216925734155489,120.0,108.0,0.681632136926055,19.0,0.0,20.0,0.0,0.050505050505050504,0.050505050505050504
M3,12,5,396.0,30.0,396.0,2.0,1.0,2.0,9.726955507336017,180.0,174.0,1.0916644241660833,11.0,0.0,30.0,0.0,0.07575757575757576,0.07575757575757576
M3,12,6,396.0,46.0,396.0,4.0,0.0,4.0,13.027818008628234,276.0,276.0,1.6771386601030827,17.0,0.0,46.0,0.0,0.11616161616161616,0.11616161616161616
M3,12,7,396.0,31.0,396.0,2.0,0.0,2.0,13.83332228647917,186.0,186.0,1.3717206232249737,17.0,0.0,31.0,0.0,0.07828282828282829,0.07828282828282829
M3,12,8,396.0,27.0,396.0,2.0,3.0,2.0,2.7161851002541484,162.0,101.0,1.0212348299100995,17.0,0.0,27.0,0.0,0.06818181818181818,0.06818181818181818
M3,13,1,848.0,156.0,848.0,27.0,0.0,27.0,44.41366644319046,936.0,936.0,6.10249204095453,31.0,0.0,156.0,0.0,0.18396226415094338,0.18396226415094338
M3,13,2,848.0,231.0,848.0,61.0,0.0,61.0,210.82355632651914,1386.0,1386.0,10.71325340680778,24.0,0.0,231.0,0.0,0.27240566037735847,0.27240566037735847
M3,13,3,848.0,83.0,848.0,5.0,0.0,5.0,10.352392374110213,498.0,498.0,6.419265693984926,21.0,0.0,83.0,0.0,0.09787735849056604,0.09787735849056604
M3,13,4,848.0,48.0,848.0,1.0,9.0,1.0,-0.7412907367096082,288.0,234.0,1.669226880185306,26.0,0.0,48.0,0.0,0.05660377358490566,0.05660377358490566
M3,13,5,848.0,101.0,848.0,6.0,11.0,6.0,12.23969333605865,606.0,540.0,3.7419954854995012,24.0,0.0,101.0,0.0,0.11910377358490566,0.11910377358490566
M3,13,6,848.0,84.0,848.0,2.0,0.0,2.0,10.100102726051503,504.0,504.0,3.2187731359153986,25.0,0.0,84.0,0.0,0.09905660377358491,0.09905660377358491
M3,13,7,848.0,109.0,848.0,5.0,0.0,5.0,5.76359498964386,654.0,654.0,4.915857099927962,33.0,0.0,109.0,0.0,0.12853773584905662,0.12853773584905662
M3,13,8,848.0,36.0,848.0,0.0,5.0,0.0,-5.0,216.0,125.0,1.3536873115226626,22.0,0.0,36.0,0.0,0.04245283018867924,0.04245283018867924
M3,14,1,100.0,12.0,100.0,0.0,0.0,0.0,0.0,72.0,72.0,0.48509159963577986,1.0,0.0,12.0,0.0,0.12,0.12
M3,14,2,100.0,42.0,100.0,3.0,0.0,3.0,1.2590751934520972,252.0,252.0,2.0590310972183943,1.0,0.0,42.0,0.0,0.42,0.42
M3,14,3,100.0,4.0,100.0,0.0,0.0,0.0,0.0,24.0,24.0,0.30589378625154495,2.0,0.0,4.0,0.0,0.04,0.04
M3,14,4,100.0,5.0,100.0,0.0,0.0,0.0,0.0,30.0,30.0,0.18449620716273785,2.0,0.0,5.0,0.0,0.05,0.05
M3,14,5,100.0,0.0,100.0,0.0,0.0,0.0,0.0,0.0,0.0,0.0,0.0,0.0,0.0,0.0,0.0,0.0
M3,14,6,100.0,11.0,100.0,1.0,0.0,1.0,3.4701262155502057,66.0,66.0,0.4170883120968938,3.0,0.0,11.0,0.0,0.11,0.11
M3,14,7,100.0,24.0,100.0,0.0,0.0,0.0,0.0,144.0,144.0,1.0619008699432015,4.0,0.0,24.0,0.0,0.24,0.24
M3,14,8,100.0,2.0,100.0,0.0,1.0,0.0,-1.0,12.0,3.0,0.06432025041431189,1.0,0.0,2.0,0.0,0.02,0.02
M3,15,1,288.0,34.0,288.0,0.0,0.0,0.0,0.0,204.0,204.0,1.3863766863942146,2.0,0.0,34.0,0.0,0.11805555555555555,0.11805555555555555
M3,15,2,288.0,95.0,288.0,2.0,0.0,2.0,3.983863029994553,570.0,570.0,4.608772383071482,5.0,0.0,95.0,0.0,0.3298611111111111,0.3298611111111111
M3,15,3,288.0,59.0,288.0,0.0,0.0,0.0,0.0,354.0,354.0,4.56668202765286,2.0,0.0,59.0,0.0,0.2048611111111111,0.2048611111111111
M3,15,4,288.0,27.0,288.0,0.0,0.0,0.0,0.0,162.0,162.0,1.032286667264998,3.0,0.0,27.0,0.0,0.09375,0.09375
M3,15,5,288.0,22.0,288.0,0.0,0.0,0.0,0.0,132.0,132.0,0.8853281615301967,4.0,0.0,22.0,0.0,0.0763888888888889,0.0763888888888889
M3,15,6,288.0,36.0,288.0,0.0,0.0,0.0,0.0,216.0,216.0,1.3981071300804615,6.0,0.0,36.0,0.0,0.125,0.125
M3,15,7,288.0,13.0,288.0,0.0,0.0,0.0,0.0,78.0,78.0,0.5724598709493876,2.0,0.0,13.0,0.0,0.04513888888888889,0.04513888888888889
M3,15,8,288.0,2.0,288.0,0.0,2.0,0.0,-2.0,12.0,0.0,0.05216324143111706,1.0,0.0,2.0,0.0,0.006944444444444444,0.006944444444444444
M3,16,1,22.0,12.0,22.0,11.0,0.0,11.0,35.15683404251408,72.0,72.0,0.47072541527450085,0.0,0.0,12.0,0.0,0.5454545454545454,0.5454545454545454
M3,16,2,22.0,0.0,22.0,0.0,0.0,0.0,0.0,0.0,0.0,0.0,0.0,0.0,0.0,0.0,0.0,0.0
M3,16,3,22.0,6.0,22.0,2.0,0.0,2.0,20.0,36.0,36.0,0.4685366852208972,2.0,0.0,6.0,0.0,0.2727272727272727,0.2727272727272727
M3,16,4,22.0,2.0,22.0,1.0,0.0,1.0,2.3821642896111865,12.0,12.0,0.0694443341344595,0.0,0.0,2.0,0.0,0.09090909090909091,0.09090909090909091
M3,16,5,22.0,1.0,22.0,1.0,0.0,1.0,0.506435955025325,6.0,6.0,0.03843460977077484,1.0,0.0,1.0,0.0,0.045454545454545456,0.045454545454545456
M3,16,6,22.0,0.0,22.0,0.0,0.0,0.0,0.0,0.0,0.0,0.0,0.0,0.0,0.0,0.0,0.0,0.0
M3,16,7,22.0,1.0,22.0,0.0,0.0,0.0,0.0,6.0,6.0,0.03997808415442705,0.0,0.0,1.0,0.0,0.045454545454545456,0.045454545454545456
M3,16,8,22.0,0.0,22.0,0.0,0.0,0.0,0.0,0.0,0.0,0.0,0.0,0.0,0.0,0.0,0.0,0.0
M3,17,1,13.0,0.0,13.0,0.0,0.0,0.0,0.0,0.0,0.0,0.0,0.0,0.0,0.0,0.0,0.0,0.0
M3,17,2,13.0,6.0,13.0,3.0,0.0,3.0,10.952409462218219,36.0,36.0,0.28104891534894705,2.0,0.0,6.0,0.0,0.46153846153846156,0.46153846153846156
M3,17,3,13.0,0.0,13.0,0.0,0.0,0.0,0.0,0.0,0.0,0.0,0.0,0.0,0.0,0.0,0.0,0.0
M3,17,4,13.0,1.0,13.0,1.0,0.0,1.0,3.869541525691516,6.0,6.0,0.039636545814573765,0.0,0.0,1.0,0.0,0.07692307692307693,0.07692307692307693
M3,17,5,13.0,1.0,13.0,0.0,0.0,0.0,0.0,6.0,6.0,0.037517281249165535,1.0,0.0,1.0,0.0,0.07692307692307693,0.07692307692307693
M3,17,6,13.0,1.0,13.0,0.0,0.0,0.0,0.0,6.0,6.0,0.0399880139157176,1.0,0.0,1.0,0.0,0.07692307692307693,0.07692307692307693
M3,17,7,13.0,3.0,13.0,1.0,0.0,1.0,0.2411644786453949,18.0,18.0,0.1318277595564723,0.0,0.0,3.0,0.0,0.23076923076923078,0.23076923076923078
M3,17,8,13.0,1.0,13.0,1.0,0.0,1.0,10.0,6.0,6.0,0.03979777358472347,1.0,0.0,1.0,0.0,0.07692307692307693,0.07692307692307693
M3,18,1,0.0,0.0,0.0,0.0,0.0,0.0,0.0,0.0,0.0,0.0,0.0,0.0,0.0,0.0,,
M3,18,2,0.0,0.0,0.0,0.0,0.0,0.0,0.0,0.0,0.0,0.0,0.0,0.0,0.0,0.0,,
M3,18,3,0.0,0.0,0.0,0.0,0.0,0.0,0.0,0.0,0.0,0.0,0.0,0.0,0.0,0.0,,
M3,18,4,0.0,0.0,0.0,0.0,0.0,0.0,0.0,0.0,0.0,0.0,0.0,0.0,0.0,0.0,,
M3,18,5,0.0,0.0,0.0,0.0,0.0,0.0,0.0,0.0,0.0,0.0,0.0,0.0,0.0,0.0,,
M3,18,6,0.0,0.0,0.0,0.0,0.0,0.0,0.0,0.0,0.0,0.0,0.0,0.0,0.0,0.0,,
M3,18,7,0.0,0.0,0.0,0.0,0.0,0.0,0.0,0.0,0.0,0.0,0.0,0.0,0.0,0.0,,
M3,18,8,0.0,0.0,0.0,0.0,0.0,0.0,0.0,0.0,0.0,0.0,0.0,0.0,0.0,0.0,,
M3,19,1,0.0,0.0,0.0,0.0,0.0,0.0,0.0,0.0,0.0,0.0,0.0,0.0,0.0,0.0,,
M3,19,2,0.0,0.0,0.0,0.0,0.0,0.0,0.0,0.0,0.0,0.0,0.0,0.0,0.0,0.0,,
M3,19,3,0.0,0.0,0.0,0.0,0.0,0.0,0.0,0.0,0.0,0.0,0.0,0.0,0.0,0.0,,
M3,19,4,0.0,0.0,0.0,0.0,0.0,0.0,0.0,0.0,0.0,0.0,0.0,0.0,0.0,0.0,,
M3,19,5,0.0,0.0,0.0,0.0,0.0,0.0,0.0,0.0,0.0,0.0,0.0,0.0,0.0,0.0,,
M3,19,6,0.0,0.0,0.0,0.0,0.0,0.0,0.0,0.0,0.0,0.0,0.0,0.0,0.0,0.0,,
M3,19,7,0.0,0.0,0.0,0.0,0.0,0.0,0.0,0.0,0.0,0.0,0.0,0.0,0.0,0.0,,
M3,19,8,0.0,0.0,0.0,0.0,0.0,0.0,0.0,0.0,0.0,0.0,0.0,0.0,0.0,0.0,,
M3,20,1,0.0,0.0,0.0,0.0,0.0,0.0,0.0,0.0,0.0,0.0,0.0,0.0,0.0,0.0,,
M3,20,2,0.0,0.0,0.0,0.0,0.0,0.0,0.0,0.0,0.0,0.0,0.0,0.0,0.0,0.0,,
M3,20,3,0.0,0.0,0.0,0.0,0.0,0.0,0.0,0.0,0.0,0.0,0.0,0.0,0.0,0.0,,
M3,20,4,0.0,0.0,0.0,0.0,0.0,0.0,0.0,0.0,0.0,0.0,0.0,0.0,0.0,0.0,,
M3,20,5,0.0,0.0,0.0,0.0,0.0,0.0,0.0,0.0,0.0,0.0,0.0,0.0,0.0,0.0,,
M3,20,6,0.0,0.0,0.0,0.0,0.0,0.0,0.0,0.0,0.0,0.0,0.0,0.0,0.0,0.0,,
M3,20,7,0.0,0.0,0.0,0.0,0.0,0.0,0.0,0.0,0.0,0.0,0.0,0.0,0.0,0.0,,
M3,20,8,0.0,0.0,0.0,0.0,0.0,0.0,0.0,0.0,0.0,0.0,0.0,0.0,0.0,0.0,,
M3,21,1,0.0,0.0,0.0,0.0,0.0,0.0,0.0,0.0,0.0,0.0,0.0,0.0,0.0,0.0,,
M3,21,2,0.0,0.0,0.0,0.0,0.0,0.0,0.0,0.0,0.0,0.0,0.0,0.0,0.0,0.0,,
M3,21,3,0.0,0.0,0.0,0.0,0.0,0.0,0.0,0.0,0.0,0.0,0.0,0.0,0.0,0.0,,
M3,21,4,0.0,0.0,0.0,0.0,0.0,0.0,0.0,0.0,0.0,0.0,0.0,0.0,0.0,0.0,,
M3,21,5,0.0,0.0,0.0,0.0,0.0,0.0,0.0,0.0,0.0,0.0,0.0,0.0,0.0,0.0,,
M3,21,6,0.0,0.0,0.0,0.0,0.0,0.0,0.0,0.0,0.0,0.0,0.0,0.0,0.0,0.0,,
M3,21,7,0.0,0.0,0.0,0.0,0.0,0.0,0.0,0.0,0.0,0.0,0.0,0.0,0.0,0.0,,
M3,21,8,0.0,0.0,0.0,0.0,0.0,0.0,0.0,0.0,0.0,0.0,0.0,0.0,0.0,0.0,,
M3,22,1,1060.0,284.0,1060.0,26.0,0.0,26.0,33.373301981969526,1704.0,1704.0,11.500870662741363,24.0,0.0,284.0,0.0,0.2679245283018868,0.2679245283018868
M3,22,2,1060.0,203.0,1060.0,12.0,0.0,12.0,9.076571519452404,1218.0,1218.0,9.895263119600713,30.0,0.0,203.0,0.0,0.19150943396226416,0.19150943396226416
M3,22,3,1060.0,121.0,1060.0,0.0,0.0,0.0,0.0,726.0,726.0,9.810447656549513,27.0,0.0,121.0,0.0,0.11415094339622642,0.11415094339622642
M3,22,4,1060.0,143.0,1060.0,6.0,1.0,6.0,4.153551399933153,858.0,852.0,6.261383851058781,18.0,0.0,143.0,0.0,0.1349056603773585,0.1349056603773585
M3,22,5,1060.0,57.0,1060.0,1.0,1.0,1.0,-0.5217694578265389,342.0,336.0,2.3537667226046324,14.0,0.0,57.0,0.0,0.05377358490566038,0.05377358490566038
M3,22,6,1060.0,94.0,1060.0,0.0,0.0,0.0,0.0,564.0,564.0,3.676195706240833,27.0,0.0,94.0,0.0,0.08867924528301886,0.08867924528301886
M3,22,7,1060.0,119.0,1060.0,6.0,0.0,6.0,5.83969622199079,714.0,714.0,5.616720046848059,21.0,0.0,119.0,0.0,0.11226415094339623,0.11226415094339623
M3,22,8,1060.0,39.0,1060.0,2.0,16.0,2.0,-10.013634273832093,234.0,78.0,1.4223493114113808,19.0,0.0,39.0,0.0,0.03679245283018868,0.03679245283018868
M3,23,1,3795.0,731.0,3795.0,36.0,0.0,36.0,28.265822149969175,4386.0,4386.0,31.121896999888122,81.0,0.0,731.0,0.0,0.19262187088274044,0.19262187088274044
M3,23,2,3795.0,802.0,3795.0,58.0,0.0,58.0,92.45485457496194,4812.0,4812.0,40.34428817778826,64.0,0.0,802.0,0.0,0.21133069828722004,0.21133069828722004
M3,23,3,3795.0,383.0,3795.0,2.0,0.0,2.0,0.7767913594319091,2298.0,2298.0,30.971399857662618,88.0,0.0,383.0,0.0,0.10092226613965745,0.10092226613965745
M3,23,4,3795.0,401.0,3795.0,7.0,1.0,7.0,7.579981532956298,2406.0,2400.0,17.296281546354294,61.0,0.0,401.0,0.0,0.10566534914361002,0.10566534914361002
M3,23,5,3795.0,432.0,3795.0,9.0,1.0,9.0,3.810399209500014,2592.0,2586.0,19.228482404723763,67.0,0.0,432.0,0.0,0.11383399209486166,0.11383399209486166
M3,23,6,3795.0,391.0,3795.0,0.0,0.0,0.0,0.0,2346.0,2346.0,16.016174444928765,78.0,0.0,391.0,0.0,0.10303030303030303,0.10303030303030303
M3,23,7,3795.0,568.0,3795.0,37.0,0.0,37.0,42.82017367912981,3408.0,3408.0,27.728596238419414,62.0,0.0,568.0,0.0,0.14967061923583663,0.14967061923583663
M3,23,8,3795.0,87.0,3795.0,0.0,20.0,0.0,-20.0,522.0,214.0,3.356359682045877,46.0,0.0,87.0,0.0,0.02292490118577075,0.02292490118577075
M3,24,1,140.0,17.0,140.0,4.0,0.0,4.0,2.270605117239778,102.0,102.0,0.6756228059530258,4.0,0.0,17.0,0.0,0.12142857142857143,0.12142857142857143
M3,24,2,140.0,53.0,140.0,11.0,0.0,11.0,29.155399080176135,318.0,318.0,2.4124142238870263,3.0,0.0,53.0,0.0,0.37857142857142856,0.37857142857142856
M3,24,3,140.0,9.0,140.0,0.0,0.0,0.0,0.0,54.0,54.0,0.6980353994295001,4.0,0.0,9.0,0.0,0.06428571428571428,0.06428571428571428
M3,24,4,140.0,19.0,140.0,0.0,0.0,0.0,0.0,114.0,114.0,0.7122274721041322,3.0,0.0,19.0,0.0,0.1357142857142857,0.1357142857142857
M3,24,5,140.0,2.0,140.0,0.0,0.0,0.0,0.0,12.0,12.0,0.06843248382210732,2.0,0.0,2.0,0.0,0.014285714285714285,0.014285714285714285
M3,24,6,140.0,17.0,140.0,0.0,0.0,0.0,0.0,102.0,102.0,0.6500975266098976,4.0,0.0,17.0,0.0,0.12142857142857143,0.12142857142857143
M3,24,7,140.0,9.0,140.0,1.0,0.0,1.0,1.408899173108704,54.0,54.0,0.4042913308367133,3.0,0.0,9.0,0.0,0.06428571428571428,0.06428571428571428
M3,24,8,140.0,14.0,140.0,0.0,1.0,0.0,-1.0,84.0,49.0,0.55383116658777,5.0,0.0,14.0,0.0,0.1,0.1
M3,25,1,220.0,24.0,220.0,1.0,0.0,1.0,0.6072298265392336,144.0,144.0,0.9460488483309746,9.0,0.0,24.0,0.0,0.10909090909090909,0.10909090909090909
M3,25,2,220.0,23.0,220.0,2.0,0.0,2.0,13.794682464501426,138.0,138.0,1.075889059342444,8.0,0.0,23.0,0.0,0.10454545454545454,0.10454545454545454
M3,25,3,220.0,50.0,220.0,1.0,0.0,1.0,2.2490074468690207,300.0,300.0,3.8368769865483046,5.0,0.0,50.0,0.0,0.22727272727272727,0.22727272727272727
M3,25,4,220.0,15.0,220.0,0.0,0.0,0.0,0.0,90.0,90.0,0.5678192069754004,2.0,0.0,15.0,0.0,0.06818181818181818,0.06818181818181818
M3,25,5,220.0,33.0,220.0,2.0,0.0,2.0,1.0779924232860676,198.0,198.0,1.3611535327509046,5.0,0.0,33.0,0.0,0.15,0.15
M3,25,6,220.0,16.0,220.0,0.0,0.0,0.0,0.0,96.0,96.0,0.5972128501161933,5.0,0.0,16.0,0.0,0.07272727272727272,0.07272727272727272
M3,25,7,220.0,49.0,220.0,5.0,0.0,5.0,5.559862872491951,294.0,294.0,2.2042289301753044,3.0,0.0,49.0,0.0,0.22272727272727272,0.22272727272727272
M3,25,8,220.0,10.0,220.0,0.0,5.0,0.0,-5.0,60.0,20.0,0.3495767405256629,7.0,0.0,10.0,0.0,0.045454545454545456,0.045454545454545456
M3,26,1,278.0,74.0,278.0,27.0,0.0,27.0,60.657200103167405,444.0,444.0,2.82875560130924,9.0,0.0,74.0,0.0,0.26618705035971224,0.26618705035971224
M3,26,2,278.0,11.0,278.0,8.0,0.0,8.0,9.38313254309415,66.0,66.0,0.4840748142451048,4.0,0.0,11.0,0.0,0.039568345323741004,0.039568345323741004
M3,26,3,278.0,40.0,278.0,7.0,0.0,7.0,20.329834033679134,240.0,240.0,3.059401512145996,8.0,0.0,40.0,0.0,0.14388489208633093,0.14388489208633093
M3,26,4,278.0,77.0,278.0,14.0,0.0,14.0,41.935776248237694,462.0,462.0,2.9047877825796604,9.0,0.0,77.0,0.0,0.27697841726618705,0.27697841726618705
M3,26,5,278.0,22.0,278.0,2.0,0.0,2.0,9.396001262241121,132.0,132.0,0.8309794897213578,10.0,0.0,22.0,0.0,0.07913669064748201,0.07913669064748201
M3,26,6,278.0,11.0,278.0,0.0,0.0,0.0,0.0,66.0,66.0,0.4156476827338338,11.0,0.0,11.0,0.0,0.039568345323741004,0.039568345323741004
M3,26,7,278.0,27.0,278.0,4.0,0.0,4.0,18.880619587824494,162.0,162.0,1.1977969510480762,9.0,0.0,27.0,0.0,0.09712230215827339,0.09712230215827339
M3,26,8,278.0,16.0,278.0,0.0,1.0,0.0,-1.0,96.0,50.0,0.5988114587962627,9.0,0.0,16.0,0.0,0.05755395683453238,0.05755395683453238
M3,27,1,199.0,89.0,199.0,28.0,0.0,28.0,56.47495992928309,534.0,534.0,3.4799637757241726,9.0,0.0,89.0,0.0,0.4472361809045226,0.4472361809045226
M3,27,2,199.0,35.0,199.0,10.0,0.0,10.0,27.540634402630328,210.0,210.0,1.635141771286726,7.0,0.0,35.0,0.0,0.17587939698492464,0.17587939698492464
M3,27,3,199.0,24.0,199.0,4.0,0.0,4.0,9.786083101349803,144.0,144.0,1.8450072295963764,9.0,0.0,24.0,0.0,0.12060301507537688,0.12060301507537688
M3,27,4,199.0,10.0,199.0,0.0,0.0,0.0,0.0,60.0,60.0,0.37094783037900925,7.0,0.0,10.0,0.0,0.05025125628140704,0.05025125628140704
M3,27,5,199.0,23.0,199.0,3.0,0.0,3.0,3.137110108839918,138.0,138.0,0.8455014824867249,8.0,0.0,23.0,0.0,0.11557788944723618,0.11557788944723618
M3,27,6,199.0,13.0,199.0,0.0,0.0,0.0,0.0,78.0,78.0,0.4926214003935456,11.0,0.0,13.0,0.0,0.06532663316582915,0.06532663316582915
M3,27,7,199.0,3.0,199.0,1.0,0.0,1.0,0.17410544164095093,18.0,18.0,0.1420155093073845,2.0,0.0,3.0,0.0,0.01507537688442211,0.01507537688442211
M3,27,8,199.0,2.0,199.0,0.0,0.0,0.0,0.0,12.0,9.0,0.0819315705448389,2.0,0.0,2.0,0.0,0.010050251256281407,0.010050251256281407
M3,28,1,14.0,0.0,14.0,0.0,0.0,0.0,0.0,0.0,0.0,0.0,0.0,0.0,0.0,0.0,0.0,0.0
M3,28,2,14.0,2.0,14.0,0.0,0.0,0.0,0.0,12.0,12.0,0.12463580723851919,1.0,0.0,2.0,0.0,0.14285714285714285,0.14285714285714285
M3,28,3,14.0,1.0,14.0,0.0,0.0,0.0,0.0,6.0,6.0,0.08470317907631397,0.0,0.0,1.0,0.0,0.07142857142857142,0.07142857142857142
M3,28,4,14.0,4.0,14.0,0.0,0.0,0.0,0.0,24.0,24.0,0.15892532002180815,0.0,0.0,4.0,0.0,0.2857142857142857,0.2857142857142857
M3,28,5,14.0,0.0,14.0,0.0,0.0,0.0,0.0,0.0,0.0,0.0,0.0,0.0,0.0,0.0,0.0,0.0
M3,28,6,14.0,3.0,14.0,0.0,0.0,0.0,0.0,18.0,18.0,0.12562733702361584,0.0,0.0,3.0,0.0,0.21428571428571427,0.21428571428571427
M3,28,7,14.0,3.0,14.0,0.0,0.0,0.0,0.0,18.0,18.0,0.13806115556508303,2.0,0.0,3.0,0.0,0.21428571428571427,0.21428571428571427
M3,28,8,14.0,1.0,14.0,0.0,0.0,0.0,0.0,6.0,3.0,0.04183811601251364,0.0,0.0,1.0,0.0,0.07142857142857142,0.07142857142857142
M3,29,1,161.0,44.0,161.0,0.0,0.0,0.0,0.0,264.0,264.0,1.8533674953505397,4.0,0.0,44.0,0.0,0.2732919254658385,0.2732919254658385
M3,29,2,161.0,6.0,161.0,0.0,0.0,0.0,0.0,36.0,36.0,0.2913829190656543,1.0,0.0,6.0,0.0,0.037267080745341616,0.037267080745341616
M3,29,3,161.0,9.0,161.0,0.0,0.0,0.0,0.0,54.0,54.0,0.7250994388014078,2.0,0.0,9.0,0.0,0.055900621118012424,0.055900621118012424
M3,29,4,161.0,9.0,161.0,0.0,0.0,0.0,0.0,54.0,54.0,0.37054193764925003,1.0,0.0,9.0,0.0,0.055900621118012424,0.055900621118012424
M3,29,5,161.0,80.0,161.0,1.0,0.0,1.0,2.722999511297293,480.0,480.0,3.2370749032124877,1.0,0.0,80.0,0.0,0.4968944099378882,0.4968944099378882
M3,29,6,161.0,7.0,161.0,0.0,0.0,0.0,0.0,42.0,42.0,0.28215311374515295,1.0,0.0,7.0,0.0,0.043478260869565216,0.043478260869565216
M3,29,7,161.0,5.0,161.0,0.0,0.0,0.0,0.0,30.0,30.0,0.23372665792703629,0.0,0.0,5.0,0.0,0.031055900621118012,0.031055900621118012
M3,29,8,161.0,1.0,161.0,0.0,1.0,0.0,-1.0,6.0,0.0,0.027736466377973557,0.0,0.0,1.0,0.0,0.006211180124223602,0.006211180124223602
M3,30,1,368.0,92.0,368.0,35.0,0.0,35.0,188.89741118166668,552.0,552.0,3.8196178255602717,9.0,0.0,92.0,0.0,0.25,0.25
M3,30,2,368.0,30.0,368.0,12.0,0.0,12.0,64.5210724003503,180.0,180.0,1.4230964705348015,11.0,0.0,30.0,0.0,0.08152173913043478,0.08152173913043478
M3,30,3,368.0,20.0,368.0,2.0,0.0,2.0,1.2890420049341575,120.0,120.0,1.5872349040582776,13.0,0.0,20.0,0.0,0.05434782608695652,0.05434782608695652
M3,30,4,368.0,26.0,368.0,5.0,0.0,5.0,9.025893995311396,156.0,156.0,1.0741899237036705,18.0,0.0,26.0,0.0,0.07065217391304347,0.07065217391304347
M3,30,5,368.0,62.0,368.0,9.0,0.0,9.0,48.527469446752285,372.0,372.0,2.915272034704685,16.0,0.0,62.0,0.0,0.16847826086956522,0.16847826086956522
M3,30,6,368.0,40.0,368.0,6.0,0.0,6.0,43.356658503658394,240.0,240.0,1.645888346247375,6.0,0.0,40.0,0.0,0.10869565217391304,0.10869565217391304
M3,30,7,368.0,71.0,368.0,19.0,0.0,19.0,96.63346887268969,426.0,426.0,3.4960806649178267,18.0,0.0,71.0,0.0,0.19293478260869565,0.19293478260869565
M3,30,8,368.0,27.0,368.0,5.0,6.0,5.0,35.400554011226376,162.0,63.0,1.0527323381975293,11.0,0.0,27.0,0.0,0.07336956521739131,0.07336956521739131
M3,31,1,621.0,129.0,621.0,16.0,0.0,16.0,94.00695651991919,774.0,774.0,5.481700744479895,18.0,0.0,129.0,0.0,0.20772946859903382,0.20772946859903382
M3,31,2,621.0,41.0,621.0,3.0,0.0,3.0,4.3001529288210465,246.0,246.0,2.154780368320644,17.0,0.0,41.0,0.0,0.06602254428341385,0.06602254428341385
M3,31,3,621.0,50.0,621.0,0.0,0.0,0.0,0.0,300.0,300.0,4.126062811352313,17.0,0.0,50.0,0.0,0.08051529790660225,0.08051529790660225
M3,31,4,621.0,54.0,621.0,3.0,0.0,3.0,12.739639952392752,324.0,324.0,2.3709669187664986,13.0,0.0,54.0,0.0,0.08695652173913043,0.08695652173913043
M3,31,5,621.0,92.0,621.0,11.0,0.0,11.0,25.262577875778344,552.0,552.0,4.20503890234977,13.0,0.0,92.0,0.0,0.14814814814814814,0.14814814814814814
M3,31,6,621.0,74.0,621.0,3.0,0.0,3.0,15.698304815621958,444.0,444.0,3.1429045889526606,16.0,0.0,74.0,0.0,0.11916264090177134,0.11916264090177134
M3,31,7,621.0,145.0,621.0,24.0,0.0,24.0,130.6925593748045,870.0,870.0,7.929845222271979,22.0,0.0,145.0,0.0,0.23349436392914655,0.23349436392914655
M3,31,8,621.0,36.0,621.0,5.0,11.0,5.0,32.8718946511874,216.0,65.0,1.4031197763979435,15.0,0.0,36.0,0.0,0.057971014492753624,0.057971014492753624
M3,32,1,0.0,0.0,0.0,0.0,0.0,0.0,0.0,0.0,0.0,0.0,0.0,0.0,0.0,0.0,,
M3,32,2,0.0,0.0,0.0,0.0,0.0,0.0,0.0,0.0,0.0,0.0,0.0,0.0,0.0,0.0,,
M3,32,3,0.0,0.0,0.0,0.0,0.0,0.0,0.0,0.0,0.0,0.0,0.0,0.0,0.0,0.0,,
M3,32,4,0.0,0.0,0.0,0.0,0.0,0.0,0.0,0.0,0.0,0.0,0.0,0.0,0.0,0.0,,
M3,32,5,0.0,0.0,0.0,0.0,0.0,0.0,0.0,0.0,0.0,0.0,0.0,0.0,0.0,0.0,,
M3,32,6,0.0,0.0,0.0,0.0,0.0,0.0,0.0,0.0,0.0,0.0,0.0,0.0,0.0,0.0,,
M3,32,7,0.0,0.0,0.0,0.0,0.0,0.0,0.0,0.0,0.0,0.0,0.0,0.0,0.0,0.0,,
M3,32,8,0.0,0.0,0.0,0.0,0.0,0.0,0.0,0.0,0.0,0.0,0.0,0.0,0.0,0.0,,
M3,33,1,0.0,0.0,0.0,0.0,0.0,0.0,0.0,0.0,0.0,0.0,0.0,0.0,0.0,0.0,,
M3,33,2,0.0,0.0,0.0,0.0,0.0,0.0,0.0,0.0,0.0,0.0,0.0,0.0,0.0,0.0,,
M3,33,3,0.0,0.0,0.0,0.0,0.0,0.0,0.0,0.0,0.0,0.0,0.0,0.0,0.0,0.0,,
M3,33,4,0.0,0.0,0.0,0.0,0.0,0.0,0.0,0.0,0.0,0.0,0.0,0.0,0.0,0.0,,
M3,33,5,0.0,0.0,0.0,0.0,0.0,0.0,0.0,0.0,0.0,0.0,0.0,0.0,0.0,0.0,,
M3,33,6,0.0,0.0,0.0,0.0,0.0,0.0,0.0,0.0,0.0,0.0,0.0,0.0,0.0,0.0,,
M3,33,7,0.0,0.0,0.0,0.0,0.0,0.0,0.0,0.0,0.0,0.0,0.0,0.0,0.0,0.0,,
M3,33,8,0.0,0.0,0.0,0.0,0.0,0.0,0.0,0.0,0.0,0.0,0.0,0.0,0.0,0.0,,
M3,34,1,0.0,0.0,0.0,0.0,0.0,0.0,0.0,0.0,0.0,0.0,0.0,0.0,0.0,0.0,,
M3,34,2,0.0,0.0,0.0,0.0,0.0,0.0,0.0,0.0,0.0,0.0,0.0,0.0,0.0,0.0,,
M3,34,3,0.0,0.0,0.0,0.0,0.0,0.0,0.0,0.0,0.0,0.0,0.0,0.0,0.0,0.0,,
M3,34,4,0.0,0.0,0.0,0.0,0.0,0.0,0.0,0.0,0.0,0.0,0.0,0.0,0.0,0.0,,
M3,34,5,0.0,0.0,0.0,0.0,0.0,0.0,0.0,0.0,0.0,0.0,0.0,0.0,0.0,0.0,,
M3,34,6,0.0,0.0,0.0,0.0,0.0,0.0,0.0,0.0,0.0,0.0,0.0,0.0,0.0,0.0,,
M3,34,7,0.0,0.0,0.0,0.0,0.0,0.0,0.0,0.0,0.0,0.0,0.0,0.0,0.0,0.0,,
M3,34,8,0.0,0.0,0.0,0.0,0.0,0.0,0.0,0.0,0.0,0.0,0.0,0.0,0.0,0.0,,
M3,35,1,0.0,0.0,0.0,0.0,0.0,0.0,0.0,0.0,0.0,0.0,0.0,0.0,0.0,0.0,,
M3,35,2,0.0,0.0,0.0,0.0,0.0,0.0,0.0,0.0,0.0,0.0,0.0,0.0,0.0,0.0,,
M3,35,3,0.0,0.0,0.0,0.0,0.0,0.0,0.0,0.0,0.0,0.0,0.0,0.0,0.0,0.0,,
M3,35,4,0.0,0.0,0.0,0.0,0.0,0.0,0.0,0.0,0.0,0.0,0.0,0.0,0.0,0.0,,
M3,35,5,0.0,0.0,0.0,0.0,0.0,0.0,0.0,0.0,0.0,0.0,0.0,0.0,0.0,0.0,,
M3,35,6,0.0,0.0,0.0,0.0,0.0,0.0,0.0,0.0,0.0,0.0,0.0,0.0,0.0,0.0,,
M3,35,7,0.0,0.0,0.0,0.0,0.0,0.0,0.0,0.0,0.0,0.0,0.0,0.0,0.0,0.0,,
M3,35,8,0.0,0.0,0.0,0.0,0.0,0.0,0.0,0.0,0.0,0.0,0.0,0.0,0.0,0.0,,
M3,36,1,739.0,187.0,739.0,20.0,0.0,20.0,46.11537316391729,1122.0,1122.0,7.989948232658207,19.0,0.0,187.0,0.0,0.2530446549391069,0.2530446549391069
M3,36,2,739.0,116.0,739.0,31.0,0.0,31.0,154.42686591128867,696.0,696.0,5.764643486589193,21.0,0.0,116.0,0.0,0.15696887686062247,0.15696887686062247
M3,36,3,739.0,86.0,739.0,1.0,0.0,1.0,1.0251421240899938,516.0,516.0,6.909203221090138,19.0,0.0,86.0,0.0,0.11637347767253045,0.11637347767253045
M3,36,4,739.0,68.0,739.0,1.0,0.0,1.0,1.4981884514105572,408.0,408.0,2.692087539471686,11.0,0.0,68.0,0.0,0.09201623815967523,0.09201623815967523
M3,36,5,739.0,124.0,739.0,11.0,0.0,11.0,48.61638690545638,744.0,744.0,5.93091734778136,11.0,0.0,124.0,0.0,0.16779431664411368,0.16779431664411368
M3,36,6,739.0,42.0,739.0,1.0,0.0,1.0,0.18473540982018002,252.0,252.0,1.67246834654361,20.0,0.0,42.0,0.0,0.056833558863328824,0.056833558863328824
M3,36,7,739.0,101.0,739.0,13.0,0.0,13.0,24.460856353077794,606.0,606.0,5.396785227581859,7.0,0.0,101.0,0.0,0.13667117726657646,0.13667117726657646
M3,36,8,739.0,15.0,739.0,0.0,8.0,0.0,-8.0,90.0,25.0,0.5349006587639451,9.0,0.0,15.0,0.0,0.02029769959404601,0.02029769959404601
M3,37,1,3289.0,447.0,3289.0,20.0,0.0,20.0,41.33704742602787,2682.0,2682.0,19.32848627027124,55.0,0.0,447.0,0.0,0.1359075706901794,0.1359075706901794
M3,37,2,3289.0,497.0,3289.0,16.0,0.0,16.0,19.685674119613072,2982.0,2982.0,25.824700139462948,86.0,0.0,497.0,0.0,0.15110975980541197,0.15110975980541197
M3,37,3,3289.0,378.0,3289.0,10.0,0.0,10.0,48.73632159949912,2268.0,2268.0,31.013048962689936,63.0,0.0,378.0,0.0,0.1149285497111584,0.1149285497111584
M3,37,4,3289.0,364.0,3289.0,10.0,4.0,10.0,25.74084669308411,2184.0,2160.0,16.1758839385584,61.0,0.0,364.0,0.0,0.11067193675889328,0.11067193675889328
M3,37,5,3289.0,341.0,3289.0,9.0,4.0,9.0,27.55148068253527,2046.0,2022.0,16.54088762588799,53.0,0.0,341.0,0.0,0.10367892976588629,0.10367892976588629
M3,37,6,3289.0,297.0,3289.0,0.0,0.0,0.0,0.0,1782.0,1782.0,12.312340111471713,67.0,0.0,297.0,0.0,0.0903010033444816,0.0903010033444816
M3,37,7,3289.0,853.0,3289.0,89.0,0.0,89.0,306.6795191378465,5118.0,5118.0,43.54990412387997,51.0,0.0,853.0,0.0,0.25934934630586803,0.25934934630586803
M3,37,8,3289.0,112.0,3289.0,8.0,43.0,8.0,23.152759707588757,672.0,183.0,4.269379044882953,47.0,0.0,112.0,0.0,0.03405290361812101,0.03405290361812101
M3,38,1,15.0,6.0,15.0,2.0,0.0,2.0,10.08836668860244,36.0,36.0,0.21993081271648407,0.0,0.0,6.0,0.0,0.4,0.4
M3,38,2,15.0,1.0,15.0,1.0,0.0,1.0,3.8218405378567555,6.0,6.0,0.04829480778425932,1.0,0.0,1.0,0.0,0.06666666666666667,0.06666666666666667
M3,38,3,15.0,4.0,15.0,1.0,0.0,1.0,5.045329013004187,24.0,24.0,0.30407706927508116,1.0,0.0,4.0,0.0,0.26666666666666666,0.26666666666666666
M3,38,4,15.0,0.0,15.0,0.0,0.0,0.0,0.0,0.0,0.0,0.0,0.0,0.0,0.0,0.0,0.0,0.0
M3,38,5,15.0,2.0,15.0,0.0,0.0,0.0,0.0,12.0,12.0,0.07621960993856192,2.0,0.0,2.0,0.0,0.13333333333333333,0.13333333333333333
M3,38,6,15.0,1.0,15.0,0.0,0.0,0.0,0.0,6.0,6.0,0.03874335903674364,1.0,0.0,1.0,0.0,0.06666666666666667,0.06666666666666667
M3,38,7,15.0,0.0,15.0,0.0,0.0,0.0,0.0,0.0,0.0,0.0,0.0,0.0,0.0,0.0,0.0,0.0
M3,38,8,15.0,1.0,15.0,0.0,0.0,0.0,0.0,6.0,4.0,0.03724244888871908,0.0,0.0,1.0,0.0,0.06666666666666667,0.06666666666666667
M3,39,1,20.0,1.0,20.0,0.0,0.0,0.0,0.0,6.0,6.0,0.037301115691661835,0.0,0.0,1.0,0.0,0.05,0.05
M3,39,2,20.0,4.0,20.0,0.0,0.0,0.0,0.0,24.0,24.0,0.18233808781951666,2.0,0.0,4.0,0.0,0.2,0.2
M3,39,3,20.0,3.0,20.0,0.0,0.0,0.0,0.0,18.0,18.0,0.23043770249933004,0.0,0.0,3.0,0.0,0.15,0.15
M3,39,4,20.0,4.0,20.0,0.0,0.0,0.0,0.0,24.0,24.0,0.1502015171572566,2.0,0.0,4.0,0.0,0.2,0.2
M3,39,5,20.0,3.0,20.0,0.0,0.0,0.0,0.0,18.0,18.0,0.11206849757581949,0.0,0.0,3.0,0.0,0.15,0.15
M3,39,6,20.0,1.0,20.0,0.0,0.0,0.0,0.0,6.0,6.0,0.037101355381309986,0.0,0.0,1.0,0.0,0.05,0.05
M3,39,7,20.0,2.0,20.0,0.0,0.0,0.0,0.0,12.0,12.0,0.08624992705881596,0.0,0.0,2.0,0.0,0.1,0.1
M3,39,8,20.0,2.0,20.0,0.0,2.0,0.0,-2.0,12.0,0.0,0.058174311183393,0.0,0.0,2.0,0.0,0.1,0.1
M3,40,1,74.0,19.0,74.0,9.0,0.0,9.0,28.537550579618156,114.0,114.0,0.7196281449869275,3.0,0.0,19.0,0.0,0.25675675675675674,0.25675675675675674
M3,40,2,74.0,10.0,74.0,3.0,0.0,3.0,12.133070697505167,60.0,60.0,0.47416745219379663,1.0,0.0,10.0,0.0,0.13513513513513514,0.13513513513513514
M3,40,3,74.0,3.0,74.0,1.0,0.0,1.0,0.5306421395414911,18.0,18.0,0.23480972554534674,3.0,0.0,3.0,0.0,0.04054054054054054,0.04054054054054054
M3,40,4,74.0,5.0,74.0,1.0,0.0,1.0,4.853114594602526,30.0,30.0,0.19462233316153288,4.0,0.0,5.0,0.0,0.06756756756756757,0.06756756756756757
M3,40,5,74.0,8.0,74.0,1.0,0.0,1.0,1.5512923672217065,48.0,48.0,0.30489108618348837,6.0,0.0,8.0,0.0,0.10810810810810811,0.10810810810810811
M3,40,6,74.0,4.0,74.0,0.0,0.0,0.0,0.0,24.0,24.0,0.15164225548505783,3.0,0.0,4.0,0.0,0.05405405405405406,0.05405405405405406
M3,40,7,74.0,9.0,74.0,2.0,0.0,2.0,0.2530137751993468,54.0,54.0,0.4267327357083559,0.0,0.0,9.0,0.0,0.12162162162162163,0.12162162162162163
M3,40,8,74.0,16.0,74.0,2.0,2.0,2.0,9.666949924058157,96.0,54.0,0.5833366522565484,5.0,0.0,16.0,0.0,0.21621621621621623,0.21621621621621623
M3,41,1,79.0,19.0,79.0,5.0,0.0,5.0,22.73463263434405,114.0,114.0,0.7247375780716538,2.0,0.0,19.0,0.0,0.24050632911392406,0.24050632911392406
M3,41,2,79.0,2.0,79.0,0.0,0.0,0.0,0.0,12.0,12.0,0.09480572678148746,2.0,0.0,2.0,0.0,0.02531645569620253,0.02531645569620253
M3,41,3,79.0,4.0,79.0,0.0,0.0,0.0,0.0,24.0,24.0,0.3222613874822855,2.0,0.0,4.0,0.0,0.05063291139240506,0.05063291139240506
M3,41,4,79.0,6.0,79.0,0.0,0.0,0.0,0.0,36.0,36.0,0.2430208008736372,1.0,0.0,6.0,0.0,0.0759493670886076,0.0759493670886076
M3,41,5,79.0,7.0,79.0,1.0,0.0,1.0,0.9042514055744327,42.0,42.0,0.27330686151981354,4.0,0.0,7.0,0.0,0.08860759493670886,0.08860759493670886
M3,41,6,79.0,15.0,79.0,1.0,0.0,1.0,4.11986956636994,90.0,90.0,0.5904332250356674,2.0,0.0,15.0,0.0,0.189873417721519,0.189873417721519
M3,41,7,79.0,10.0,79.0,1.0,0.0,1.0,0.7563280633379286,60.0,60.0,0.4879606841132045,2.0,0.0,10.0,0.0,0.12658227848101267,0.12658227848101267
M3,41,8,79.0,16.0,79.0,5.0,4.0,5.0,36.47943417810146,96.0,54.0,0.6173771014437079,5.0,0.0,16.0,0.0,0.20253164556962025,0.20253164556962025
V1,0,1,0.0,0.0,0.0,0.0,0.0,0.0,0.0,0.0,0.0,0.0,0.0,0.0,0.0,0.0,,
V1,0,2,0.0,0.0,0.0,0.0,0.0,0.0,0.0,0.0,0.0,0.0,0.0,0.0,0.0,0.0,,
V1,0,3,0.0,0.0,0.0,0.0,0.0,0.0,0.0,0.0,0.0,0.0,0.0,0.0,0.0,0.0,,
V1,0,4,0.0,0.0,0.0,0.0,0.0,0.0,0.0,0.0,0.0,0.0,0.0,0.0,0.0,0.0,,
V1,0,5,0.0,0.0,0.0,0.0,0.0,0.0,0.0,0.0,0.0,0.0,0.0,0.0,0.0,0.0,,
V1,0,6,0.0,0.0,0.0,0.0,0.0,0.0,0.0,0.0,0.0,0.0,0.0,0.0,0.0,0.0,,
V1,0,7,0.0,0.0,0.0,0.0,0.0,0.0,0.0,0.0,0.0,0.0,0.0,0.0,0.0,0.0,,
V1,0,8,0.0,0.0,0.0,0.0,0.0,0.0,0.0,0.0,0.0,0.0,0.0,0.0,0.0,0.0,,
V1,1,1,0.0,0.0,0.0,0.0,0.0,0.0,0.0,0.0,0.0,0.0,0.0,0.0,0.0,0.0,,
V1,1,2,0.0,0.0,0.0,0.0,0.0,0.0,0.0,0.0,0.0,0.0,0.0,0.0,0.0,0.0,,
V1,1,3,0.0,0.0,0.0,0.0,0.0,0.0,0.0,0.0,0.0,0.0,0.0,0.0,0.0,0.0,,
V1,1,4,0.0,0.0,0.0,0.0,0.0,0.0,0.0,0.0,0.0,0.0,0.0,0.0,0.0,0.0,,
V1,1,5,0.0,0.0,0.0,0.0,0.0,0.0,0.0,0.0,0.0,0.0,0.0,0.0,0.0,0.0,,
V1,1,6,0.0,0.0,0.0,0.0,0.0,0.0,0.0,0.0,0.0,0.0,0.0,0.0,0.0,0.0,,
V1,1,7,0.0,0.0,0.0,0.0,0.0,0.0,0.0,0.0,0.0,0.0,0.0,0.0,0.0,0.0,,
V1,1,8,0.0,0.0,0.0,0.0,0.0,0.0,0.0,0.0,0.0,0.0,0.0,0.0,0.0,0.0,,
V1,2,1,0.0,0.0,0.0,0.0,0.0,0.0,0.0,0.0,0.0,0.0,0.0,0.0,0.0,0.0,,
V1,2,2,0.0,0.0,0.0,0.0,0.0,0.0,0.0,0.0,0.0,0.0,0.0,0.0,0.0,0.0,,
V1,2,3,0.0,0.0,0.0,0.0,0.0,0.0,0.0,0.0,0.0,0.0,0.0,0.0,0.0,0.0,,
V1,2,4,0.0,0.0,0.0,0.0,0.0,0.0,0.0,0.0,0.0,0.0,0.0,0.0,0.0,0.0,,
V1,2,5,0.0,0.0,0.0,0.0,0.0,0.0,0.0,0.0,0.0,0.0,0.0,0.0,0.0,0.0,,
V1,2,6,0.0,0.0,0.0,0.0,0.0,0.0,0.0,0.0,0.0,0.0,0.0,0.0,0.0,0.0,,
V1,2,7,0.0,0.0,0.0,0.0,0.0,0.0,0.0,0.0,0.0,0.0,0.0,0.0,0.0,0.0,,
V1,2,8,0.0,0.0,0.0,0.0,0.0,0.0,0.0,0.0,0.0,0.0,0.0,0.0,0.0,0.0,,
V1,3,1,0.0,0.0,0.0,0.0,0.0,0.0,0.0,0.0,0.0,0.0,0.0,0.0,0.0,0.0,,
V1,3,2,0.0,0.0,0.0,0.0,0.0,0.0,0.0,0.0,0.0,0.0,0.0,0.0,0.0,0.0,,
V1,3,3,0.0,0.0,0.0,0.0,0.0,0.0,0.0,0.0,0.0,0.0,0.0,0.0,0.0,0.0,,
V1,3,4,0.0,0.0,0.0,0.0,0.0,0.0,0.0,0.0,0.0,0.0,0.0,0.0,0.0,0.0,,
V1,3,5,0.0,0.0,0.0,0.0,0.0,0.0,0.0,0.0,0.0,0.0,0.0,0.0,0.0,0.0,,
V1,3,6,0.0,0.0,0.0,0.0,0.0,0.0,0.0,0.0,0.0,0.0,0.0,0.0,0.0,0.0,,
V1,3,7,0.0,0.0,0.0,0.0,0.0,0.0,0.0,0.0,0.0,0.0,0.0,0.0,0.0,0.0,,
V1,3,8,0.0,0.0,0.0,0.0,0.0,0.0,0.0,0.0,0.0,0.0,0.0,0.0,0.0,0.0,,
V1,4,1,0.0,0.0,0.0,0.0,0.0,0.0,0.0,0.0,0.0,0.0,0.0,0.0,0.0,0.0,,
V1,4,2,0.0,0.0,0.0,0.0,0.0,0.0,0.0,0.0,0.0,0.0,0.0,0.0,0.0,0.0,,
V1,4,3,0.0,0.0,0.0,0.0,0.0,0.0,0.0,0.0,0.0,0.0,0.0,0.0,0.0,0.0,,
V1,4,4,0.0,0.0,0.0,0.0,0.0,0.0,0.0,0.0,0.0,0.0,0.0,0.0,0.0,0.0,,
V1,4,5,0.0,0.0,0.0,0.0,0.0,0.0,0.0,0.0,0.0,0.0,0.0,0.0,0.0,0.0,,
V1,4,6,0.0,0.0,0.0,0.0,0.0,0.0,0.0,0.0,0.0,0.0,0.0,0.0,0.0,0.0,,
V1,4,7,0.0,0.0,0.0,0.0,0.0,0.0,0.0,0.0,0.0,0.0,0.0,0.0,0.0,0.0,,
V1,4,8,0.0,0.0,0.0,0.0,0.0,0.0,0.0,0.0,0.0,0.0,0.0,0.0,0.0,0.0,,
V1,5,1,0.0,0.0,0.0,0.0,0.0,0.0,0.0,0.0,0.0,0.0,0.0,0.0,0.0,0.0,,
V1,5,2,0.0,0.0,0.0,0.0,0.0,0.0,0.0,0.0,0.0,0.0,0.0,0.0,0.0,0.0,,
V1,5,3,0.0,0.0,0.0,0.0,0.0,0.0,0.0,0.0,0.0,0.0,0.0,0.0,0.0,0.0,,
V1,5,4,0.0,0.0,0.0,0.0,0.0,0.0,0.0,0.0,0.0,0.0,0.0,0.0,0.0,0.0,,
V1,5,5,0.0,0.0,0.0,0.0,0.0,0.0,0.0,0.0,0.0,0.0,0.0,0.0,0.0,0.0,,
V1,5,6,0.0,0.0,0.0,0.0,0.0,0.0,0.0,0.0,0.0,0.0,0.0,0.0,0.0,0.0,,
V1,5,7,0.0,0.0,0.0,0.0,0.0,0.0,0.0,0.0,0.0,0.0,0.0,0.0,0.0,0.0,,
V1,5,8,0.0,0.0,0.0,0.0,0.0,0.0,0.0,0.0,0.0,0.0,0.0,0.0,0.0,0.0,,
V1,6,1,0.0,0.0,0.0,0.0,0.0,0.0,0.0,0.0,0.0,0.0,0.0,0.0,0.0,0.0,,
V1,6,2,0.0,0.0,0.0,0.0,0.0,0.0,0.0,0.0,0.0,0.0,0.0,0.0,0.0,0.0,,
V1,6,3,0.0,0.0,0.0,0.0,0.0,0.0,0.0,0.0,0.0,0.0,0.0,0.0,0.0,0.0,,
V1,6,4,0.0,0.0,0.0,0.0,0.0,0.0,0.0,0.0,0.0,0.0,0.0,0.0,0.0,0.0,,
V1,6,5,0.0,0.0,0.0,0.0,0.0,0.0,0.0,0.0,0.0,0.0,0.0,0.0,0.0,0.0,,
V1,6,6,0.0,0.0,0.0,0.0,0.0,0.0,0.0,0.0,0.0,0.0,0.0,0.0,0.0,0.0,,
V1,6,7,0.0,0.0,0.0,0.0,0.0,0.0,0.0,0.0,0.0,0.0,0.0,0.0,0.0,0.0,,
V1,6,8,0.0,0.0,0.0,0.0,0.0,0.0,0.0,0.0,0.0,0.0,0.0,0.0,0.0,0.0,,
V1,7,1,0.0,0.0,0.0,0.0,0.0,0.0,0.0,0.0,0.0,0.0,0.0,0.0,0.0,0.0,,
V1,7,2,0.0,0.0,0.0,0.0,0.0,0.0,0.0,0.0,0.0,0.0,0.0,0.0,0.0,0.0,,
V1,7,3,0.0,0.0,0.0,0.0,0.0,0.0,0.0,0.0,0.0,0.0,0.0,0.0,0.0,0.0,,
V1,7,4,0.0,0.0,0.0,0.0,0.0,0.0,0.0,0.0,0.0,0.0,0.0,0.0,0.0,0.0,,
V1,7,5,0.0,0.0,0.0,0.0,0.0,0.0,0.0,0.0,0.0,0.0,0.0,0.0,0.0,0.0,,
V1,7,6,0.0,0.0,0.0,0.0,0.0,0.0,0.0,0.0,0.0,0.0,0.0,0.0,0.0,0.0,,
V1,7,7,0.0,0.0,0.0,0.0,0.0,0.0,0.0,0.0,0.0,0.0,0.0,0.0,0.0,0.0,,
V1,7,8,0.0,0.0,0.0,0.0,0.0,0.0,0.0,0.0,0.0,0.0,0.0,0.0,0.0,0.0,,
V1,8,1,0.0,0.0,0.0,0.0,0.0,0.0,0.0,0.0,0.0,0.0,0.0,0.0,0.0,0.0,,
V1,8,2,0.0,0.0,0.0,0.0,0.0,0.0,0.0,0.0,0.0,0.0,0.0,0.0,0.0,0.0,,
V1,8,3,0.0,0.0,0.0,0.0,0.0,0.0,0.0,0.0,0.0,0.0,0.0,0.0,0.0,0.0,,
V1,8,4,0.0,0.0,0.0,0.0,0.0,0.0,0.0,0.0,0.0,0.0,0.0,0.0,0.0,0.0,,
V1,8,5,0.0,0.0,0.0,0.0,0.0,0.0,0.0,0.0,0.0,0.0,0.0,0.0,0.0,0.0,,
V1,8,6,0.0,0.0,0.0,0.0,0.0,0.0,0.0,0.0,0.0,0.0,0.0,0.0,0.0,0.0,,
V1,8,7,0.0,0.0,0.0,0.0,0.0,0.0,0.0,0.0,0.0,0.0,0.0,0.0,0.0,0.0,,
V1,8,8,0.0,0.0,0.0,0.0,0.0,0.0,0.0,0.0,0.0,0.0,0.0,0.0,0.0,0.0,,
V1,9,1,0.0,0.0,0.0,0.0,0.0,0.0,0.0,0.0,0.0,0.0,0.0,0.0,0.0,0.0,,
V1,9,2,0.0,0.0,0.0,0.0,0.0,0.0,0.0,0.0,0.0,0.0,0.0,0.0,0.0,0.0,,
V1,9,3,0.0,0.0,0.0,0.0,0.0,0.0,0.0,0.0,0.0,0.0,0.0,0.0,0.0,0.0,,
V1,9,4,0.0,0.0,0.0,0.0,0.0,0.0,0.0,0.0,0.0,0.0,0.0,0.0,0.0,0.0,,
V1,9,5,0.0,0.0,0.0,0.0,0.0,0.0,0.0,0.0,0.0,0.0,0.0,0.0,0.0,0.0,,
V1,9,6,0.0,0.0,0.0,0.0,0.0,0.0,0.0,0.0,0.0,0.0,0.0,0.0,0.0,0.0,,
V1,9,7,0.0,0.0,0.0,0.0,0.0,0.0,0.0,0.0,0.0,0.0,0.0,0.0,0.0,0.0,,
V1,9,8,0.0,0.0,0.0,0.0,0.0,0.0,0.0,0.0,0.0,0.0,0.0,0.0,0.0,0.0,,
V1,10,1,0.0,0.0,0.0,0.0,0.0,0.0,0.0,0.0,0.0,0.0,0.0,0.0,0.0,0.0,,
V1,10,2,0.0,0.0,0.0,0.0,0.0,0.0,0.0,0.0,0.0,0.0,0.0,0.0,0.0,0.0,,
V1,10,3,0.0,0.0,0.0,0.0,0.0,0.0,0.0,0.0,0.0,0.0,0.0,0.0,0.0,0.0,,
V1,10,4,0.0,0.0,0.0,0.0,0.0,0.0,0.0,0.0,0.0,0.0,0.0,0.0,0.0,0.0,,
V1,10,5,0.0,0.0,0.0,0.0,0.0,0.0,0.0,0.0,0.0,0.0,0.0,0.0,0.0,0.0,,
V1,10,6,0.0,0.0,0.0,0.0,0.0,0.0,0.0,0.0,0.0,0.0,0.0,0.0,0.0,0.0,,
V1,10,7,0.0,0.0,0.0,0.0,0.0,0.0,0.0,0.0,0.0,0.0,0.0,0.0,0.0,0.0,,
V1,10,8,0.0,0.0,0.0,0.0,0.0,0.0,0.0,0.0,0.0,0.0,0.0,0.0,0.0,0.0,,
V1,11,1,0.0,0.0,0.0,0.0,0.0,0.0,0.0,0.0,0.0,0.0,0.0,0.0,0.0,0.0,,
V1,11,2,0.0,0.0,0.0,0.0,0.0,0.0,0.0,0.0,0.0,0.0,0.0,0.0,0.0,0.0,,
V1,11,3,0.0,0.0,0.0,0.0,0.0,0.0,0.0,0.0,0.0,0.0,0.0,0.0,0.0,0.0,,
V1,11,4,0.0,0.0,0.0,0.0,0.0,0.0,0.0,0.0,0.0,0.0,0.0,0.0,0.0,0.0,,
V1,11,5,0.0,0.0,0.0,0.0,0.0,0.0,0.0,0.0,0.0,0.0,0.0,0.0,0.0,0.0,,
V1,11,6,0.0,0.0,0.0,0.0,0.0,0.0,0.0,0.0,0.0,0.0,0.0,0.0,0.0,0.0,,
V1,11,7,0.0,0.0,0.0,0.0,0.0,0.0,0.0,0.0,0.0,0.0,0.0,0.0,0.0,0.0,,
V1,11,8,0.0,0.0,0.0,0.0,0.0,0.0,0.0,0.0,0.0,0.0,0.0,0.0,0.0,0.0,,
V1,12,1,0.0,0.0,0.0,0.0,0.0,0.0,0.0,0.0,0.0,0.0,0.0,0.0,0.0,0.0,,
V1,12,2,0.0,0.0,0.0,0.0,0.0,0.0,0.0,0.0,0.0,0.0,0.0,0.0,0.0,0.0,,
V1,12,3,0.0,0.0,0.0,0.0,0.0,0.0,0.0,0.0,0.0,0.0,0.0,0.0,0.0,0.0,,
V1,12,4,0.0,0.0,0.0,0.0,0.0,0.0,0.0,0.0,0.0,0.0,0.0,0.0,0.0,0.0,,
V1,12,5,0.0,0.0,0.0,0.0,0.0,0.0,0.0,0.0,0.0,0.0,0.0,0.0,0.0,0.0,,
V1,12,6,0.0,0.0,0.0,0.0,0.0,0.0,0.0,0.0,0.0,0.0,0.0,0.0,0.0,0.0,,
V1,12,7,0.0,0.0,0.0,0.0,0.0,0.0,0.0,0.0,0.0,0.0,0.0,0.0,0.0,0.0,,
V1,12,8,0.0,0.0,0.0,0.0,0.0,0.0,0.0,0.0,0.0,0.0,0.0,0.0,0.0,0.0,,
V1,13,1,0.0,0.0,0.0,0.0,0.0,0.0,0.0,0.0,0.0,0.0,0.0,0.0,0.0,0.0,,
V1,13,2,0.0,0.0,0.0,0.0,0.0,0.0,0.0,0.0,0.0,0.0,0.0,0.0,0.0,0.0,,
V1,13,3,0.0,0.0,0.0,0.0,0.0,0.0,0.0,0.0,0.0,0.0,0.0,0.0,0.0,0.0,,
V1,13,4,0.0,0.0,0.0,0.0,0.0,0.0,0.0,0.0,0.0,0.0,0.0,0.0,0.0,0.0,,
V1,13,5,0.0,0.0,0.0,0.0,0.0,0.0,0.0,0.0,0.0,0.0,0.0,0.0,0.0,0.0,,
V1,13,6,0.0,0.0,0.0,0.0,0.0,0.0,0.0,0.0,0.0,0.0,0.0,0.0,0.0,0.0,,
V1,13,7,0.0,0.0,0.0,0.0,0.0,0.0,0.0,0.0,0.0,0.0,0.0,0.0,0.0,0.0,,
V1,13,8,0.0,0.0,0.0,0.0,0.0,0.0,0.0,0.0,0.0,0.0,0.0,0.0,0.0,0.0,,
V1,14,1,0.0,0.0,0.0,0.0,0.0,0.0,0.0,0.0,0.0,0.0,0.0,0.0,0.0,0.0,,
V1,14,2,0.0,0.0,0.0,0.0,0.0,0.0,0.0,0.0,0.0,0.0,0.0,0.0,0.0,0.0,,
V1,14,3,0.0,0.0,0.0,0.0,0.0,0.0,0.0,0.0,0.0,0.0,0.0,0.0,0.0,0.0,,
V1,14,4,0.0,0.0,0.0,0.0,0.0,0.0,0.0,0.0,0.0,0.0,0.0,0.0,0.0,0.0,,
V1,14,5,0.0,0.0,0.0,0.0,0.0,0.0,0.0,0.0,0.0,0.0,0.0,0.0,0.0,0.0,,
V1,14,6,0.0,0.0,0.0,0.0,0.0,0.0,0.0,0.0,0.0,0.0,0.0,0.0,0.0,0.0,,
V1,14,7,0.0,0.0,0.0,0.0,0.0,0.0,0.0,0.0,0.0,0.0,0.0,0.0,0.0,0.0,,
V1,14,8,0.0,0.0,0.0,0.0,0.0,0.0,0.0,0.0,0.0,0.0,0.0,0.0,0.0,0.0,,
V1,15,1,0.0,0.0,0.0,0.0,0.0,0.0,0.0,0.0,0.0,0.0,0.0,0.0,0.0,0.0,,
V1,15,2,0.0,0.0,0.0,0.0,0.0,0.0,0.0,0.0,0.0,0.0,0.0,0.0,0.0,0.0,,
V1,15,3,0.0,0.0,0.0,0.0,0.0,0.0,0.0,0.0,0.0,0.0,0.0,0.0,0.0,0.0,,
V1,15,4,0.0,0.0,0.0,0.0,0.0,0.0,0.0,0.0,0.0,0.0,0.0,0.0,0.0,0.0,,
V1,15,5,0.0,0.0,0.0,0.0,0.0,0.0,0.0,0.0,0.0,0.0,0.0,0.0,0.0,0.0,,
V1,15,6,0.0,0.0,0.0,0.0,0.0,0.0,0.0,0.0,0.0,0.0,0.0,0.0,0.0,0.0,,
V1,15,7,0.0,0.0,0.0,0.0,0.0,0.0,0.0,0.0,0.0,0.0,0.0,0.0,0.0,0.0,,
V1,15,8,0.0,0.0,0.0,0.0,0.0,0.0,0.0,0.0,0.0,0.0,0.0,0.0,0.0,0.0,,
V1,16,1,0.0,0.0,0.0,0.0,0.0,0.0,0.0,0.0,0.0,0.0,0.0,0.0,0.0,0.0,,
V1,16,2,0.0,0.0,0.0,0.0,0.0,0.0,0.0,0.0,0.0,0.0,0.0,0.0,0.0,0.0,,
V1,16,3,0.0,0.0,0.0,0.0,0.0,0.0,0.0,0.0,0.0,0.0,0.0,0.0,0.0,0.0,,
V1,16,4,0.0,0.0,0.0,0.0,0.0,0.0,0.0,0.0,0.0,0.0,0.0,0.0,0.0,0.0,,
V1,16,5,0.0,0.0,0.0,0.0,0.0,0.0,0.0,0.0,0.0,0.0,0.0,0.0,0.0,0.0,,
V1,16,6,0.0,0.0,0.0,0.0,0.0,0.0,0.0,0.0,0.0,0.0,0.0,0.0,0.0,0.0,,
V1,16,7,0.0,0.0,0.0,0.0,0.0,0.0,0.0,0.0,0.0,0.0,0.0,0.0,0.0,0.0,,
V1,16,8,0.0,0.0,0.0,0.0,0.0,0.0,0.0,0.0,0.0,0.0,0.0,0.0,0.0,0.0,,
V1,17,1,0.0,0.0,0.0,0.0,0.0,0.0,0.0,0.0,0.0,0.0,0.0,0.0,0.0,0.0,,
V1,17,2,0.0,0.0,0.0,0.0,0.0,0.0,0.0,0.0,0.0,0.0,0.0,0.0,0.0,0.0,,
V1,17,3,0.0,0.0,0.0,0.0,0.0,0.0,0.0,0.0,0.0,0.0,0.0,0.0,0.0,0.0,,
V1,17,4,0.0,0.0,0.0,0.0,0.0,0.0,0.0,0.0,0.0,0.0,0.0,0.0,0.0,0.0,,
V1,17,5,0.0,0.0,0.0,0.0,0.0,0.0,0.0,0.0,0.0,0.0,0.0,0.0,0.0,0.0,,
V1,17,6,0.0,0.0,0.0,0.0,0.0,0.0,0.0,0.0,0.0,0.0,0.0,0.0,0.0,0.0,,
V1,17,7,0.0,0.0,0.0,0.0,0.0,0.0,0.0,0.0,0.0,0.0,0.0,0.0,0.0,0.0,,
V1,17,8,0.0,0.0,0.0,0.0,0.0,0.0,0.0,0.0,0.0,0.0,0.0,0.0,0.0,0.0,,
V1,18,1,0.0,0.0,0.0,0.0,0.0,0.0,0.0,0.0,0.0,0.0,0.0,0.0,0.0,0.0,,
V1,18,2,0.0,0.0,0.0,0.0,0.0,0.0,0.0,0.0,0.0,0.0,0.0,0.0,0.0,0.0,,
V1,18,3,0.0,0.0,0.0,0.0,0.0,0.0,0.0,0.0,0.0,0.0,0.0,0.0,0.0,0.0,,
V1,18,4,0.0,0.0,0.0,0.0,0.0,0.0,0.0,0.0,0.0,0.0,0.0,0.0,0.0,0.0,,
V1,18,5,0.0,0.0,0.0,0.0,0.0,0.0,0.0,0.0,0.0,0.0,0.0,0.0,0.0,0.0,,
V1,18,6,0.0,0.0,0.0,0.0,0.0,0.0,0.0,0.0,0.0,0.0,0.0,0.0,0.0,0.0,,
V1,18,7,0.0,0.0,0.0,0.0,0.0,0.0,0.0,0.0,0.0,0.0,0.0,0.0,0.0,0.0,,
V1,18,8,0.0,0.0,0.0,0.0,0.0,0.0,0.0,0.0,0.0,0.0,0.0,0.0,0.0,0.0,,
V1,19,1,0.0,0.0,0.0,0.0,0.0,0.0,0.0,0.0,0.0,0.0,0.0,0.0,0.0,0.0,,
V1,19,2,0.0,0.0,0.0,0.0,0.0,0.0,0.0,0.0,0.0,0.0,0.0,0.0,0.0,0.0,,
V1,19,3,0.0,0.0,0.0,0.0,0.0,0.0,0.0,0.0,0.0,0.0,0.0,0.0,0.0,0.0,,
V1,19,4,0.0,0.0,0.0,0.0,0.0,0.0,0.0,0.0,0.0,0.0,0.0,0.0,0.0,0.0,,
V1,19,5,0.0,0.0,0.0,0.0,0.0,0.0,0.0,0.0,0.0,0.0,0.0,0.0,0.0,0.0,,
V1,19,6,0.0,0.0,0.0,0.0,0.0,0.0,0.0,0.0,0.0,0.0,0.0,0.0,0.0,0.0,,
V1,19,7,0.0,0.0,0.0,0.0,0.0,0.0,0.0,0.0,0.0,0.0,0.0,0.0,0.0,0.0,,
V1,19,8,0.0,0.0,0.0,0.0,0.0,0.0,0.0,0.0,0.0,0.0,0.0,0.0,0.0,0.0,,
V1,20,1,0.0,0.0,0.0,0.0,0.0,0.0,0.0,0.0,0.0,0.0,0.0,0.0,0.0,0.0,,
V1,20,2,0.0,0.0,0.0,0.0,0.0,0.0,0.0,0.0,0.0,0.0,0.0,0.0,0.0,0.0,,
V1,20,3,0.0,0.0,0.0,0.0,0.0,0.0,0.0,0.0,0.0,0.0,0.0,0.0,0.0,0.0,,
V1,20,4,0.0,0.0,0.0,0.0,0.0,0.0,0.0,0.0,0.0,0.0,0.0,0.0,0.0,0.0,,
V1,20,5,0.0,0.0,0.0,0.0,0.0,0.0,0.0,0.0,0.0,0.0,0.0,0.0,0.0,0.0,,
V1,20,6,0.0,0.0,0.0,0.0,0.0,0.0,0.0,0.0,0.0,0.0,0.0,0.0,0.0,0.0,,
V1,20,7,0.0,0.0,0.0,0.0,0.0,0.0,0.0,0.0,0.0,0.0,0.0,0.0,0.0,0.0,,
V1,20,8,0.0,0.0,0.0,0.0,0.0,0.0,0.0,0.0,0.0,0.0,0.0,0.0,0.0,0.0,,
V1,21,1,0.0,0.0,0.0,0.0,0.0,0.0,0.0,0.0,0.0,0.0,0.0,0.0,0.0,0.0,,
V1,21,2,0.0,0.0,0.0,0.0,0.0,0.0,0.0,0.0,0.0,0.0,0.0,0.0,0.0,0.0,,
V1,21,3,0.0,0.0,0.0,0.0,0.0,0.0,0.0,0.0,0.0,0.0,0.0,0.0,0.0,0.0,,
V1,21,4,0.0,0.0,0.0,0.0,0.0,0.0,0.0,0.0,0.0,0.0,0.0,0.0,0.0,0.0,,
V1,21,5,0.0,0.0,0.0,0.0,0.0,0.0,0.0,0.0,0.0,0.0,0.0,0.0,0.0,0.0,,
V1,21,6,0.0,0.0,0.0,0.0,0.0,0.0,0.0,0.0,0.0,0.0,0.0,0.0,0.0,0.0,,
V1,21,7,0.0,0.0,0.0,0.0,0.0,0.0,0.0,0.0,0.0,0.0,0.0,0.0,0.0,0.0,,
V1,21,8,0.0,0.0,0.0,0.0,0.0,0.0,0.0,0.0,0.0,0.0,0.0,0.0,0.0,0.0,,
V1,22,1,0.0,0.0,0.0,0.0,0.0,0.0,0.0,0.0,0.0,0.0,0.0,0.0,0.0,0.0,,
V1,22,2,0.0,0.0,0.0,0.0,0.0,0.0,0.0,0.0,0.0,0.0,0.0,0.0,0.0,0.0,,
V1,22,3,0.0,0.0,0.0,0.0,0.0,0.0,0.0,0.0,0.0,0.0,0.0,0.0,0.0,0.0,,
V1,22,4,0.0,0.0,0.0,0.0,0.0,0.0,0.0,0.0,0.0,0.0,0.0,0.0,0.0,0.0,,
V1,22,5,0.0,0.0,0.0,0.0,0.0,0.0,0.0,0.0,0.0,0.0,0.0,0.0,0.0,0.0,,
V1,22,6,0.0,0.0,0.0,0.0,0.0,0.0,0.0,0.0,0.0,0.0,0.0,0.0,0.0,0.0,,
V1,22,7,0.0,0.0,0.0,0.0,0.0,0.0,0.0,0.0,0.0,0.0,0.0,0.0,0.0,0.0,,
V1,22,8,0.0,0.0,0.0,0.0,0.0,0.0,0.0,0.0,0.0,0.0,0.0,0.0,0.0,0.0,,
V1,23,1,0.0,0.0,0.0,0.0,0.0,0.0,0.0,0.0,0.0,0.0,0.0,0.0,0.0,0.0,,
V1,23,2,0.0,0.0,0.0,0.0,0.0,0.0,0.0,0.0,0.0,0.0,0.0,0.0,0.0,0.0,,
V1,23,3,0.0,0.0,0.0,0.0,0.0,0.0,0.0,0.0,0.0,0.0,0.0,0.0,0.0,0.0,,
V1,23,4,0.0,0.0,0.0,0.0,0.0,0.0,0.0,0.0,0.0,0.0,0.0,0.0,0.0,0.0,,
V1,23,5,0.0,0.0,0.0,0.0,0.0,0.0,0.0,0.0,0.0,0.0,0.0,0.0,0.0,0.0,,
V1,23,6,0.0,0.0,0.0,0.0,0.0,0.0,0.0,0.0,0.0,0.0,0.0,0.0,0.0,0.0,,
V1,23,7,0.0,0.0,0.0,0.0,0.0,0.0,0.0,0.0,0.0,0.0,0.0,0.0,0.0,0.0,,
V1,23,8,0.0,0.0,0.0,0.0,0.0,0.0,0.0,0.0,0.0,0.0,0.0,0.0,0.0,0.0,,
V1,24,1,0.0,0.0,0.0,0.0,0.0,0.0,0.0,0.0,0.0,0.0,0.0,0.0,0.0,0.0,,
V1,24,2,0.0,0.0,0.0,0.0,0.0,0.0,0.0,0.0,0.0,0.0,0.0,0.0,0.0,0.0,,
V1,24,3,0.0,0.0,0.0,0.0,0.0,0.0,0.0,0.0,0.0,0.0,0.0,0.0,0.0,0.0,,
V1,24,4,0.0,0.0,0.0,0.0,0.0,0.0,0.0,0.0,0.0,0.0,0.0,0.0,0.0,0.0,,
V1,24,5,0.0,0.0,0.0,0.0,0.0,0.0,0.0,0.0,0.0,0.0,0.0,0.0,0.0,0.0,,
V1,24,6,0.0,0.0,0.0,0.0,0.0,0.0,0.0,0.0,0.0,0.0,0.0,0.0,0.0,0.0,,
V1,24,7,0.0,0.0,0.0,0.0,0.0,0.0,0.0,0.0,0.0,0.0,0.0,0.0,0.0,0.0,,
V1,24,8,0.0,0.0,0.0,0.0,0.0,0.0,0.0,0.0,0.0,0.0,0.0,0.0,0.0,0.0,,
V1,25,1,0.0,0.0,0.0,0.0,0.0,0.0,0.0,0.0,0.0,0.0,0.0,0.0,0.0,0.0,,
V1,25,2,0.0,0.0,0.0,0.0,0.0,0.0,0.0,0.0,0.0,0.0,0.0,0.0,0.0,0.0,,
V1,25,3,0.0,0.0,0.0,0.0,0.0,0.0,0.0,0.0,0.0,0.0,0.0,0.0,0.0,0.0,,
V1,25,4,0.0,0.0,0.0,0.0,0.0,0.0,0.0,0.0,0.0,0.0,0.0,0.0,0.0,0.0,,
V1,25,5,0.0,0.0,0.0,0.0,0.0,0.0,0.0,0.0,0.0,0.0,0.0,0.0,0.0,0.0,,
V1,25,6,0.0,0.0,0.0,0.0,0.0,0.0,0.0,0.0,0.0,0.0,0.0,0.0,0.0,0.0,,
V1,25,7,0.0,0.0,0.0,0.0,0.0,0.0,0.0,0.0,0.0,0.0,0.0,0.0,0.0,0.0,,
V1,25,8,0.0,0.0,0.0,0.0,0.0,0.0,0.0,0.0,0.0,0.0,0.0,0.0,0.0,0.0,,
V1,26,1,0.0,0.0,0.0,0.0,0.0,0.0,0.0,0.0,0.0,0.0,0.0,0.0,0.0,0.0,,
V1,26,2,0.0,0.0,0.0,0.0,0.0,0.0,0.0,0.0,0.0,0.0,0.0,0.0,0.0,0.0,,
V1,26,3,0.0,0.0,0.0,0.0,0.0,0.0,0.0,0.0,0.0,0.0,0.0,0.0,0.0,0.0,,
V1,26,4,0.0,0.0,0.0,0.0,0.0,0.0,0.0,0.0,0.0,0.0,0.0,0.0,0.0,0.0,,
V1,26,5,0.0,0.0,0.0,0.0,0.0,0.0,0.0,0.0,0.0,0.0,0.0,0.0,0.0,0.0,,
V1,26,6,0.0,0.0,0.0,0.0,0.0,0.0,0.0,0.0,0.0,0.0,0.0,0.0,0.0,0.0,,
V1,26,7,0.0,0.0,0.0,0.0,0.0,0.0,0.0,0.0,0.0,0.0,0.0,0.0,0.0,0.0,,
V1,26,8,0.0,0.0,0.0,0.0,0.0,0.0,0.0,0.0,0.0,0.0,0.0,0.0,0.0,0.0,,
V1,27,1,0.0,0.0,0.0,0.0,0.0,0.0,0.0,0.0,0.0,0.0,0.0,0.0,0.0,0.0,,
V1,27,2,0.0,0.0,0.0,0.0,0.0,0.0,0.0,0.0,0.0,0.0,0.0,0.0,0.0,0.0,,
V1,27,3,0.0,0.0,0.0,0.0,0.0,0.0,0.0,0.0,0.0,0.0,0.0,0.0,0.0,0.0,,
V1,27,4,0.0,0.0,0.0,0.0,0.0,0.0,0.0,0.0,0.0,0.0,0.0,0.0,0.0,0.0,,
V1,27,5,0.0,0.0,0.0,0.0,0.0,0.0,0.0,0.0,0.0,0.0,0.0,0.0,0.0,0.0,,
V1,27,6,0.0,0.0,0.0,0.0,0.0,0.0,0.0,0.0,0.0,0.0,0.0,0.0,0.0,0.0,,
V1,27,7,0.0,0.0,0.0,0.0,0.0,0.0,0.0,0.0,0.0,0.0,0.0,0.0,0.0,0.0,,
V1,27,8,0.0,0.0,0.0,0.0,0.0,0.0,0.0,0.0,0.0,0.0,0.0,0.0,0.0,0.0,,
V1,28,1,0.0,0.0,0.0,0.0,0.0,0.0,0.0,0.0,0.0,0.0,0.0,0.0,0.0,0.0,,
V1,28,2,0.0,0.0,0.0,0.0,0.0,0.0,0.0,0.0,0.0,0.0,0.0,0.0,0.0,0.0,,
V1,28,3,0.0,0.0,0.0,0.0,0.0,0.0,0.0,0.0,0.0,0.0,0.0,0.0,0.0,0.0,,
V1,28,4,0.0,0.0,0.0,0.0,0.0,0.0,0.0,0.0,0.0,0.0,0.0,0.0,0.0,0.0,,
V1,28,5,0.0,0.0,0.0,0.0,0.0,0.0,0.0,0.0,0.0,0.0,0.0,0.0,0.0,0.0,,
V1,28,6,0.0,0.0,0.0,0.0,0.0,0.0,0.0,0.0,0.0,0.0,0.0,0.0,0.0,0.0,,
V1,28,7,0.0,0.0,0.0,0.0,0.0,0.0,0.0,0.0,0.0,0.0,0.0,0.0,0.0,0.0,,
V1,28,8,0.0,0.0,0.0,0.0,0.0,0.0,0.0,0.0,0.0,0.0,0.0,0.0,0.0,0.0,,
V1,29,1,0.0,0.0,0.0,0.0,0.0,0.0,0.0,0.0,0.0,0.0,0.0,0.0,0.0,0.0,,
V1,29,2,0.0,0.0,0.0,0.0,0.0,0.0,0.0,0.0,0.0,0.0,0.0,0.0,0.0,0.0,,
V1,29,3,0.0,0.0,0.0,0.0,0.0,0.0,0.0,0.0,0.0,0.0,0.0,0.0,0.0,0.0,,
V1,29,4,0.0,0.0,0.0,0.0,0.0,0.0,0.0,0.0,0.0,0.0,0.0,0.0,0.0,0.0,,
V1,29,5,0.0,0.0,0.0,0.0,0.0,0.0,0.0,0.0,0.0,0.0,0.0,0.0,0.0,0.0,,
V1,29,6,0.0,0.0,0.0,0.0,0.0,0.0,0.0,0.0,0.0,0.0,0.0,0.0,0.0,0.0,,
V1,29,7,0.0,0.0,0.0,0.0,0.0,0.0,0.0,0.0,0.0,0.0,0.0,0.0,0.0,0.0,,
V1,29,8,0.0,0.0,0.0,0.0,0.0,0.0,0.0,0.0,0.0,0.0,0.0,0.0,0.0,0.0,,
V1,30,1,0.0,0.0,0.0,0.0,0.0,0.0,0.0,0.0,0.0,0.0,0.0,0.0,0.0,0.0,,
V1,30,2,0.0,0.0,0.0,0.0,0.0,0.0,0.0,0.0,0.0,0.0,0.0,0.0,0.0,0.0,,
V1,30,3,0.0,0.0,0.0,0.0,0.0,0.0,0.0,0.0,0.0,0.0,0.0,0.0,0.0,0.0,,
V1,30,4,0.0,0.0,0.0,0.0,0.0,0.0,0.0,0.0,0.0,0.0,0.0,0.0,0.0,0.0,,
V1,30,5,0.0,0.0,0.0,0.0,0.0,0.0,0.0,0.0,0.0,0.0,0.0,0.0,0.0,0.0,,
V1,30,6,0.0,0.0,0.0,0.0,0.0,0.0,0.0,0.0,0.0,0.0,0.0,0.0,0.0,0.0,,
V1,30,7,0.0,0.0,0.0,0.0,0.0,0.0,0.0,0.0,0.0,0.0,0.0,0.0,0.0,0.0,,
V1,30,8,0.0,0.0,0.0,0.0,0.0,0.0,0.0,0.0,0.0,0.0,0.0,0.0,0.0,0.0,,
V1,31,1,0.0,0.0,0.0,0.0,0.0,0.0,0.0,0.0,0.0,0.0,0.0,0.0,0.0,0.0,,
V1,31,2,0.0,0.0,0.0,0.0,0.0,0.0,0.0,0.0,0.0,0.0,0.0,0.0,0.0,0.0,,
V1,31,3,0.0,0.0,0.0,0.0,0.0,0.0,0.0,0.0,0.0,0.0,0.0,0.0,0.0,0.0,,
V1,31,4,0.0,0.0,0.0,0.0,0.0,0.0,0.0,0.0,0.0,0.0,0.0,0.0,0.0,0.0,,
V1,31,5,0.0,0.0,0.0,0.0,0.0,0.0,0.0,0.0,0.0,0.0,0.0,0.0,0.0,0.0,,
V1,31,6,0.0,0.0,0.0,0.0,0.0,0.0,0.0,0.0,0.0,0.0,0.0,0.0,0.0,0.0,,
V1,31,7,0.0,0.0,0.0,0.0,0.0,0.0,0.0,0.0,0.0,0.0,0.0,0.0,0.0,0.0,,
V1,31,8,0.0,0.0,0.0,0.0,0.0,0.0,0.0,0.0,0.0,0.0,0.0,0.0,0.0,0.0,,
V1,32,1,0.0,0.0,0.0,0.0,0.0,0.0,0.0,0.0,0.0,0.0,0.0,0.0,0.0,0.0,,
V1,32,2,0.0,0.0,0.0,0.0,0.0,0.0,0.0,0.0,0.0,0.0,0.0,0.0,0.0,0.0,,
V1,32,3,0.0,0.0,0.0,0.0,0.0,0.0,0.0,0.0,0.0,0.0,0.0,0.0,0.0,0.0,,
V1,32,4,0.0,0.0,0.0,0.0,0.0,0.0,0.0,0.0,0.0,0.0,0.0,0.0,0.0,0.0,,
V1,32,5,0.0,0.0,0.0,0.0,0.0,0.0,0.0,0.0,0.0,0.0,0.0,0.0,0.0,0.0,,
V1,32,6,0.0,0.0,0.0,0.0,0.0,0.0,0.0,0.0,0.0,0.0,0.0,0.0,0.0,0.0,,
V1,32,7,0.0,0.0,0.0,0.0,0.0,0.0,0.0,0.0,0.0,0.0,0.0,0.0,0.0,0.0,,
V1,32,8,0.0,0.0,0.0,0.0,0.0,0.0,0.0,0.0,0.0,0.0,0.0,0.0,0.0,0.0,,
V1,33,1,0.0,0.0,0.0,0.0,0.0,0.0,0.0,0.0,0.0,0.0,0.0,0.0,0.0,0.0,,
V1,33,2,0.0,0.0,0.0,0.0,0.0,0.0,0.0,0.0,0.0,0.0,0.0,0.0,0.0,0.0,,
V1,33,3,0.0,0.0,0.0,0.0,0.0,0.0,0.0,0.0,0.0,0.0,0.0,0.0,0.0,0.0,,
V1,33,4,0.0,0.0,0.0,0.0,0.0,0.0,0.0,0.0,0.0,0.0,0.0,0.0,0.0,0.0,,
V1,33,5,0.0,0.0,0.0,0.0,0.0,0.0,0.0,0.0,0.0,0.0,0.0,0.0,0.0,0.0,,
V1,33,6,0.0,0.0,0.0,0.0,0.0,0.0,0.0,0.0,0.0,0.0,0.0,0.0,0.0,0.0,,
V1,33,7,0.0,0.0,0.0,0.0,0.0,0.0,0.0,0.0,0.0,0.0,0.0,0.0,0.0,0.0,,
V1,33,8,0.0,0.0,0.0,0.0,0.0,0.0,0.0,0.0,0.0,0.0,0.0,0.0,0.0,0.0,,
V1,34,1,0.0,0.0,0.0,0.0,0.0,0.0,0.0,0.0,0.0,0.0,0.0,0.0,0.0,0.0,,
V1,34,2,0.0,0.0,0.0,0.0,0.0,0.0,0.0,0.0,0.0,0.0,0.0,0.0,0.0,0.0,,
V1,34,3,0.0,0.0,0.0,0.0,0.0,0.0,0.0,0.0,0.0,0.0,0.0,0.0,0.0,0.0,,
V1,34,4,0.0,0.0,0.0,0.0,0.0,0.0,0.0,0.0,0.0,0.0,0.0,0.0,0.0,0.0,,
V1,34,5,0.0,0.0,0.0,0.0,0.0,0.0,0.0,0.0,0.0,0.0,0.0,0.0,0.0,0.0,,
V1,34,6,0.0,0.0,0.0,0.0,0.0,0.0,0.0,0.0,0.0,0.0,0.0,0.0,0.0,0.0,,
V1,34,7,0.0,0.0,0.0,0.0,0.0,0.0,0.0,0.0,0.0,0.0,0.0,0.0,0.0,0.0,,
V1,34,8,0.0,0.0,0.0,0.0,0.0,0.0,0.0,0.0,0.0,0.0,0.0,0.0,0.0,0.0,,
V1,35,1,0.0,0.0,0.0,0.0,0.0,0.0,0.0,0.0,0.0,0.0,0.0,0.0,0.0,0.0,,
V1,35,2,0.0,0.0,0.0,0.0,0.0,0.0,0.0,0.0,0.0,0.0,0.0,0.0,0.0,0.0,,
V1,35,3,0.0,0.0,0.0,0.0,0.0,0.0,0.0,0.0,0.0,0.0,0.0,0.0,0.0,0.0,,
V1,35,4,0.0,0.0,0.0,0.0,0.0,0.0,0.0,0.0,0.0,0.0,0.0,0.0,0.0,0.0,,
V1,35,5,0.0,0.0,0.0,0.0,0.0,0.0,0.0,0.0,0.0,0.0,0.0,0.0,0.0,0.0,,
V1,35,6,0.0,0.0,0.0,0.0,0.0,0.0,0.0,0.0,0.0,0.0,0.0,0.0,0.0,0.0,,
V1,35,7,0.0,0.0,0.0,0.0,0.0,0.0,0.0,0.0,0.0,0.0,0.0,0.0,0.0,0.0,,
V1,35,8,0.0,0.0,0.0,0.0,0.0,0.0,0.0,0.0,0.0,0.0,0.0,0.0,0.0,0.0,,
V1,36,1,0.0,0.0,0.0,0.0,0.0,0.0,0.0,0.0,0.0,0.0,0.0,0.0,0.0,0.0,,
V1,36,2,0.0,0.0,0.0,0.0,0.0,0.0,0.0,0.0,0.0,0.0,0.0,0.0,0.0,0.0,,
V1,36,3,0.0,0.0,0.0,0.0,0.0,0.0,0.0,0.0,0.0,0.0,0.0,0.0,0.0,0.0,,
V1,36,4,0.0,0.0,0.0,0.0,0.0,0.0,0.0,0.0,0.0,0.0,0.0,0.0,0.0,0.0,,
V1,36,5,0.0,0.0,0.0,0.0,0.0,0.0,0.0,0.0,0.0,0.0,0.0,0.0,0.0,0.0,,
V1,36,6,0.0,0.0,0.0,0.0,0.0,0.0,0.0,0.0,0.0,0.0,0.0,0.0,0.0,0.0,,
V1,36,7,0.0,0.0,0.0,0.0,0.0,0.0,0.0,0.0,0.0,0.0,0.0,0.0,0.0,0.0,,
V1,36,8,0.0,0.0,0.0,0.0,0.0,0.0,0.0,0.0,0.0,0.0,0.0,0.0,0.0,0.0,,
V1,37,1,0.0,0.0,0.0,0.0,0.0,0.0,0.0,0.0,0.0,0.0,0.0,0.0,0.0,0.0,,
V1,37,2,0.0,0.0,0.0,0.0,0.0,0.0,0.0,0.0,0.0,0.0,0.0,0.0,0.0,0.0,,
V1,37,3,0.0,0.0,0.0,0.0,0.0,0.0,0.0,0.0,0.0,0.0,0.0,0.0,0.0,0.0,,
V1,37,4,0.0,0.0,0.0,0.0,0.0,0.0,0.0,0.0,0.0,0.0,0.0,0.0,0.0,0.0,,
V1,37,5,0.0,0.0,0.0,0.0,0.0,0.0,0.0,0.0,0.0,0.0,0.0,0.0,0.0,0.0,,
V1,37,6,0.0,0.0,0.0,0.0,0.0,0.0,0.0,0.0,0.0,0.0,0.0,0.0,0.0,0.0,,
V1,37,7,0.0,0.0,0.0,0.0,0.0,0.0,0.0,0.0,0.0,0.0,0.0,0.0,0.0,0.0,,
V1,37,8,0.0,0.0,0.0,0.0,0.0,0.0,0.0,0.0,0.0,0.0,0.0,0.0,0.0,0.0,,
V1,38,1,0.0,0.0,0.0,0.0,0.0,0.0,0.0,0.0,0.0,0.0,0.0,0.0,0.0,0.0,,
V1,38,2,0.0,0.0,0.0,0.0,0.0,0.0,0.0,0.0,0.0,0.0,0.0,0.0,0.0,0.0,,
V1,38,3,0.0,0.0,0.0,0.0,0.0,0.0,0.0,0.0,0.0,0.0,0.0,0.0,0.0,0.0,,
V1,38,4,0.0,0.0,0.0,0.0,0.0,0.0,0.0,0.0,0.0,0.0,0.0,0.0,0.0,0.0,,
V1,38,5,0.0,0.0,0.0,0.0,0.0,0.0,0.0,0.0,0.0,0.0,0.0,0.0,0.0,0.0,,
V1,38,6,0.0,0.0,0.0,0.0,0.0,0.0,0.0,0.0,0.0,0.0,0.0,0.0,0.0,0.0,,
V1,38,7,0.0,0.0,0.0,0.0,0.0,0.0,0.0,0.0,0.0,0.0,0.0,0.0,0.0,0.0,,
V1,38,8,0.0,0.0,0.0,0.0,0.0,0.0,0.0,0.0,0.0,0.0,0.0,0.0,0.0,0.0,,
V1,39,1,0.0,0.0,0.0,0.0,0.0,0.0,0.0,0.0,0.0,0.0,0.0,0.0,0.0,0.0,,
V1,39,2,0.0,0.0,0.0,0.0,0.0,0.0,0.0,0.0,0.0,0.0,0.0,0.0,0.0,0.0,,
V1,39,3,0.0,0.0,0.0,0.0,0.0,0.0,0.0,0.0,0.0,0.0,0.0,0.0,0.0,0.0,,
V1,39,4,0.0,0.0,0.0,0.0,0.0,0.0,0.0,0.0,0.0,0.0,0.0,0.0,0.0,0.0,,
V1,39,5,0.0,0.0,0.0,0.0,0.0,0.0,0.0,0.0,0.0,0.0,0.0,0.0,0.0,0.0,,
V1,39,6,0.0,0.0,0.0,0.0,0.0,0.0,0.0,0.0,0.0,0.0,0.0,0.0,0.0,0.0,,
V1,39,7,0.0,0.0,0.0,0.0,0.0,0.0,0.0,0.0,0.0,0.0,0.0,0.0,0.0,0.0,,
V1,39,8,0.0,0.0,0.0,0.0,0.0,0.0,0.0,0.0,0.0,0.0,0.0,0.0,0.0,0.0,,
V1,40,1,0.0,0.0,0.0,0.0,0.0,0.0,0.0,0.0,0.0,0.0,0.0,0.0,0.0,0.0,,
V1,40,2,0.0,0.0,0.0,0.0,0.0,0.0,0.0,0.0,0.0,0.0,0.0,0.0,0.0,0.0,,
V1,40,3,0.0,0.0,0.0,0.0,0.0,0.0,0.0,0.0,0.0,0.0,0.0,0.0,0.0,0.0,,
V1,40,4,0.0,0.0,0.0,0.0,0.0,0.0,0.0,0.0,0.0,0.0,0.0,0.0,0.0,0.0,,
V1,40,5,0.0,0.0,0.0,0.0,0.0,0.0,0.0,0.0,0.0,0.0,0.0,0.0,0.0,0.0,,
V1,40,6,0.0,0.0,0.0,0.0,0.0,0.0,0.0,0.0,0.0,0.0,0.0,0.0,0.0,0.0,,
V1,40,7,0.0,0.0,0.0,0.0,0.0,0.0,0.0,0.0,0.0,0.0,0.0,0.0,0.0,0.0,,
V1,40,8,0.0,0.0,0.0,0.0,0.0,0.0,0.0,0.0,0.0,0.0,0.0,0.0,0.0,0.0,,
V1,41,1,0.0,0.0,0.0,0.0,0.0,0.0,0.0,0.0,0.0,0.0,0.0,0.0,0.0,0.0,,
V1,41,2,0.0,0.0,0.0,0.0,0.0,0.0,0.0,0.0,0.0,0.0,0.0,0.0,0.0,0.0,,
V1,41,3,0.0,0.0,0.0,0.0,0.0,0.0,0.0,0.0,0.0,0.0,0.0,0.0,0.0,0.0,,
V1,41,4,0.0,0.0,0.0,0.0,0.0,0.0,0.0,0.0,0.0,0.0,0.0,0.0,0.0,0.0,,
V1,41,5,0.0,0.0,0.0,0.0,0.0,0.0,0.0,0.0,0.0,0.0,0.0,0.0,0.0,0.0,,
V1,41,6,0.0,0.0,0.0,0.0,0.0,0.0,0.0,0.0,0.0,0.0,0.0,0.0,0.0,0.0,,
V1,41,7,0.0,0.0,0.0,0.0,0.0,0.0,0.0,0.0,0.0,0.0,0.0,0.0,0.0,0.0,,
V1,41,8,0.0,0.0,0.0,0.0,0.0,0.0,0.0,0.0,0.0,0.0,0.0,0.0,0.0,0.0,,
V2,0,1,0.0,0.0,0.0,0.0,0.0,0.0,0.0,0.0,0.0,0.0,0.0,0.0,0.0,0.0,,
V2,0,2,0.0,0.0,0.0,0.0,0.0,0.0,0.0,0.0,0.0,0.0,0.0,0.0,0.0,0.0,,
V2,0,3,0.0,0.0,0.0,0.0,0.0,0.0,0.0,0.0,0.0,0.0,0.0,0.0,0.0,0.0,,
V2,0,4,0.0,0.0,0.0,0.0,0.0,0.0,0.0,0.0,0.0,0.0,0.0,0.0,0.0,0.0,,
V2,0,5,0.0,0.0,0.0,0.0,0.0,0.0,0.0,0.0,0.0,0.0,0.0,0.0,0.0,0.0,,
V2,0,6,0.0,0.0,0.0,0.0,0.0,0.0,0.0,0.0,0.0,0.0,0.0,0.0,0.0,0.0,,
V2,0,7,0.0,0.0,0.0,0.0,0.0,0.0,0.0,0.0,0.0,0.0,0.0,0.0,0.0,0.0,,
V2,0,8,0.0,0.0,0.0,0.0,0.0,0.0,0.0,0.0,0.0,0.0,0.0,0.0,0.0,0.0,,
V2,1,1,0.0,0.0,0.0,0.0,0.0,0.0,0.0,0.0,0.0,0.0,0.0,0.0,0.0,0.0,,
V2,1,2,0.0,0.0,0.0,0.0,0.0,0.0,0.0,0.0,0.0,0.0,0.0,0.0,0.0,0.0,,
V2,1,3,0.0,0.0,0.0,0.0,0.0,0.0,0.0,0.0,0.0,0.0,0.0,0.0,0.0,0.0,,
V2,1,4,0.0,0.0,0.0,0.0,0.0,0.0,0.0,0.0,0.0,0.0,0.0,0.0,0.0,0.0,,
V2,1,5,0.0,0.0,0.0,0.0,0.0,0.0,0.0,0.0,0.0,0.0,0.0,0.0,0.0,0.0,,
V2,1,6,0.0,0.0,0.0,0.0,0.0,0.0,0.0,0.0,0.0,0.0,0.0,0.0,0.0,0.0,,
V2,1,7,0.0,0.0,0.0,0.0,0.0,0.0,0.0,0.0,0.0,0.0,0.0,0.0,0.0,0.0,,
V2,1,8,0.0,0.0,0.0,0.0,0.0,0.0,0.0,0.0,0.0,0.0,0.0,0.0,0.0,0.0,,
V2,2,1,0.0,0.0,0.0,0.0,0.0,0.0,0.0,0.0,0.0,0.0,0.0,0.0,0.0,0.0,,
V2,2,2,0.0,0.0,0.0,0.0,0.0,0.0,0.0,0.0,0.0,0.0,0.0,0.0,0.0,0.0,,
V2,2,3,0.0,0.0,0.0,0.0,0.0,0.0,0.0,0.0,0.0,0.0,0.0,0.0,0.0,0.0,,
V2,2,4,0.0,0.0,0.0,0.0,0.0,0.0,0.0,0.0,0.0,0.0,0.0,0.0,0.0,0.0,,
V2,2,5,0.0,0.0,0.0,0.0,0.0,0.0,0.0,0.0,0.0,0.0,0.0,0.0,0.0,0.0,,
V2,2,6,0.0,0.0,0.0,0.0,0.0,0.0,0.0,0.0,0.0,0.0,0.0,0.0,0.0,0.0,,
V2,2,7,0.0,0.0,0.0,0.0,0.0,0.0,0.0,0.0,0.0,0.0,0.0,0.0,0.0,0.0,,
V2,2,8,0.0,0.0,0.0,0.0,0.0,0.0,0.0,0.0,0.0,0.0,0.0,0.0,0.0,0.0,,
V2,3,1,0.0,0.0,0.0,0.0,0.0,0.0,0.0,0.0,0.0,0.0,0.0,0.0,0.0,0.0,,
V2,3,2,0.0,0.0,0.0,0.0,0.0,0.0,0.0,0.0,0.0,0.0,0.0,0.0,0.0,0.0,,
V2,3,3,0.0,0.0,0.0,0.0,0.0,0.0,0.0,0.0,0.0,0.0,0.0,0.0,0.0,0.0,,
V2,3,4,0.0,0.0,0.0,0.0,0.0,0.0,0.0,0.0,0.0,0.0,0.0,0.0,0.0,0.0,,
V2,3,5,0.0,0.0,0.0,0.0,0.0,0.0,0.0,0.0,0.0,0.0,0.0,0.0,0.0,0.0,,
V2,3,6,0.0,0.0,0.0,0.0,0.0,0.0,0.0,0.0,0.0,0.0,0.0,0.0,0.0,0.0,,
V2,3,7,0.0,0.0,0.0,0.0,0.0,0.0,0.0,0.0,0.0,0.0,0.0,0.0,0.0,0.0,,
V2,3,8,0.0,0.0,0.0,0.0,0.0,0.0,0.0,0.0,0.0,0.0,0.0,0.0,0.0,0.0,,
V2,4,1,0.0,0.0,0.0,0.0,0.0,0.0,0.0,0.0,0.0,0.0,0.0,0.0,0.0,0.0,,
V2,4,2,0.0,0.0,0.0,0.0,0.0,0.0,0.0,0.0,0.0,0.0,0.0,0.0,0.0,0.0,,
V2,4,3,0.0,0.0,0.0,0.0,0.0,0.0,0.0,0.0,0.0,0.0,0.0,0.0,0.0,0.0,,
V2,4,4,0.0,0.0,0.0,0.0,0.0,0.0,0.0,0.0,0.0,0.0,0.0,0.0,0.0,0.0,,
V2,4,5,0.0,0.0,0.0,0.0,0.0,0.0,0.0,0.0,0.0,0.0,0.0,0.0,0.0,0.0,,
V2,4,6,0.0,0.0,0.0,0.0,0.0,0.0,0.0,0.0,0.0,0.0,0.0,0.0,0.0,0.0,,
V2,4,7,0.0,0.0,0.0,0.0,0.0,0.0,0.0,0.0,0.0,0.0,0.0,0.0,0.0,0.0,,
V2,4,8,0.0,0.0,0.0,0.0,0.0,0.0,0.0,0.0,0.0,0.0,0.0,0.0,0.0,0.0,,
V2,5,1,0.0,0.0,0.0,0.0,0.0,0.0,0.0,0.0,0.0,0.0,0.0,0.0,0.0,0.0,,
V2,5,2,0.0,0.0,0.0,0.0,0.0,0.0,0.0,0.0,0.0,0.0,0.0,0.0,0.0,0.0,,
V2,5,3,0.0,0.0,0.0,0.0,0.0,0.0,0.0,0.0,0.0,0.0,0.0,0.0,0.0,0.0,,
V2,5,4,0.0,0.0,0.0,0.0,0.0,0.0,0.0,0.0,0.0,0.0,0.0,0.0,0.0,0.0,,
V2,5,5,0.0,0.0,0.0,0.0,0.0,0.0,0.0,0.0,0.0,0.0,0.0,0.0,0.0,0.0,,
V2,5,6,0.0,0.0,0.0,0.0,0.0,0.0,0.0,0.0,0.0,0.0,0.0,0.0,0.0,0.0,,
V2,5,7,0.0,0.0,0.0,0.0,0.0,0.0,0.0,0.0,0.0,0.0,0.0,0.0,0.0,0.0,,
V2,5,8,0.0,0.0,0.0,0.0,0.0,0.0,0.0,0.0,0.0,0.0,0.0,0.0,0.0,0.0,,
V2,6,1,0.0,0.0,0.0,0.0,0.0,0.0,0.0,0.0,0.0,0.0,0.0,0.0,0.0,0.0,,
V2,6,2,0.0,0.0,0.0,0.0,0.0,0.0,0.0,0.0,0.0,0.0,0.0,0.0,0.0,0.0,,
V2,6,3,0.0,0.0,0.0,0.0,0.0,0.0,0.0,0.0,0.0,0.0,0.0,0.0,0.0,0.0,,
V2,6,4,0.0,0.0,0.0,0.0,0.0,0.0,0.0,0.0,0.0,0.0,0.0,0.0,0.0,0.0,,
V2,6,5,0.0,0.0,0.0,0.0,0.0,0.0,0.0,0.0,0.0,0.0,0.0,0.0,0.0,0.0,,
V2,6,6,0.0,0.0,0.0,0.0,0.0,0.0,0.0,0.0,0.0,0.0,0.0,0.0,0.0,0.0,,
V2,6,7,0.0,0.0,0.0,0.0,0.0,0.0,0.0,0.0,0.0,0.0,0.0,0.0,0.0,0.0,,
V2,6,8,0.0,0.0,0.0,0.0,0.0,0.0,0.0,0.0,0.0,0.0,0.0,0.0,0.0,0.0,,
V2,7,1,0.0,0.0,0.0,0.0,0.0,0.0,0.0,0.0,0.0,0.0,0.0,0.0,0.0,0.0,,
V2,7,2,0.0,0.0,0.0,0.0,0.0,0.0,0.0,0.0,0.0,0.0,0.0,0.0,0.0,0.0,,
V2,7,3,0.0,0.0,0.0,0.0,0.0,0.0,0.0,0.0,0.0,0.0,0.0,0.0,0.0,0.0,,
V2,7,4,0.0,0.0,0.0,0.0,0.0,0.0,0.0,0.0,0.0,0.0,0.0,0.0,0.0,0.0,,
V2,7,5,0.0,0.0,0.0,0.0,0.0,0.0,0.0,0.0,0.0,0.0,0.0,0.0,0.0,0.0,,
V2,7,6,0.0,0.0,0.0,0.0,0.0,0.0,0.0,0.0,0.0,0.0,0.0,0.0,0.0,0.0,,
V2,7,7,0.0,0.0,0.0,0.0,0.0,0.0,0.0,0.0,0.0,0.0,0.0,0.0,0.0,0.0,,
V2,7,8,0.0,0.0,0.0,0.0,0.0,0.0,0.0,0.0,0.0,0.0,0.0,0.0,0.0,0.0,,
V2,8,1,0.0,0.0,0.0,0.0,0.0,0.0,0.0,0.0,0.0,0.0,0.0,0.0,0.0,0.0,,
V2,8,2,0.0,0.0,0.0,0.0,0.0,0.0,0.0,0.0,0.0,0.0,0.0,0.0,0.0,0.0,,
V2,8,3,0.0,0.0,0.0,0.0,0.0,0.0,0.0,0.0,0.0,0.0,0.0,0.0,0.0,0.0,,
V2,8,4,0.0,0.0,0.0,0.0,0.0,0.0,0.0,0.0,0.0,0.0,0.0,0.0,0.0,0.0,,
V2,8,5,0.0,0.0,0.0,0.0,0.0,0.0,0.0,0.0,0.0,0.0,0.0,0.0,0.0,0.0,,
V2,8,6,0.0,0.0,0.0,0.0,0.0,0.0,0.0,0.0,0.0,0.0,0.0,0.0,0.0,0.0,,
V2,8,7,0.0,0.0,0.0,0.0,0.0,0.0,0.0,0.0,0.0,0.0,0.0,0.0,0.0,0.0,,
V2,8,8,0.0,0.0,0.0,0.0,0.0,0.0,0.0,0.0,0.0,0.0,0.0,0.0,0.0,0.0,,
V2,9,1,0.0,0.0,0.0,0.0,0.0,0.0,0.0,0.0,0.0,0.0,0.0,0.0,0.0,0.0,,
V2,9,2,0.0,0.0,0.0,0.0,0.0,0.0,0.0,0.0,0.0,0.0,0.0,0.0,0.0,0.0,,
V2,9,3,0.0,0.0,0.0,0.0,0.0,0.0,0.0,0.0,0.0,0.0,0.0,0.0,0.0,0.0,,
V2,9,4,0.0,0.0,0.0,0.0,0.0,0.0,0.0,0.0,0.0,0.0,0.0,0.0,0.0,0.0,,
V2,9,5,0.0,0.0,0.0,0.0,0.0,0.0,0.0,0.0,0.0,0.0,0.0,0.0,0.0,0.0,,
V2,9,6,0.0,0.0,0.0,0.0,0.0,0.0,0.0,0.0,0.0,0.0,0.0,0.0,0.0,0.0,,
V2,9,7,0.0,0.0,0.0,0.0,0.0,0.0,0.0,0.0,0.0,0.0,0.0,0.0,0.0,0.0,,
V2,9,8,0.0,0.0,0.0,0.0,0.0,0.0,0.0,0.0,0.0,0.0,0.0,0.0,0.0,0.0,,
V2,10,1,0.0,0.0,0.0,0.0,0.0,0.0,0.0,0.0,0.0,0.0,0.0,0.0,0.0,0.0,,
V2,10,2,0.0,0.0,0.0,0.0,0.0,0.0,0.0,0.0,0.0,0.0,0.0,0.0,0.0,0.0,,
V2,10,3,0.0,0.0,0.0,0.0,0.0,0.0,0.0,0.0,0.0,0.0,0.0,0.0,0.0,0.0,,
V2,10,4,0.0,0.0,0.0,0.0,0.0,0.0,0.0,0.0,0.0,0.0,0.0,0.0,0.0,0.0,,
V2,10,5,0.0,0.0,0.0,0.0,0.0,0.0,0.0,0.0,0.0,0.0,0.0,0.0,0.0,0.0,,
V2,10,6,0.0,0.0,0.0,0.0,0.0,0.0,0.0,0.0,0.0,0.0,0.0,0.0,0.0,0.0,,
V2,10,7,0.0,0.0,0.0,0.0,0.0,0.0,0.0,0.0,0.0,0.0,0.0,0.0,0.0,0.0,,
V2,10,8,0.0,0.0,0.0,0.0,0.0,0.0,0.0,0.0,0.0,0.0,0.0,0.0,0.0,0.0,,
V2,11,1,0.0,0.0,0.0,0.0,0.0,0.0,0.0,0.0,0.0,0.0,0.0,0.0,0.0,0.0,,
V2,11,2,0.0,0.0,0.0,0.0,0.0,0.0,0.0,0.0,0.0,0.0,0.0,0.0,0.0,0.0,,
V2,11,3,0.0,0.0,0.0,0.0,0.0,0.0,0.0,0.0,0.0,0.0,0.0,0.0,0.0,0.0,,
V2,11,4,0.0,0.0,0.0,0.0,0.0,0.0,0.0,0.0,0.0,0.0,0.0,0.0,0.0,0.0,,
V2,11,5,0.0,0.0,0.0,0.0,0.0,0.0,0.0,0.0,0.0,0.0,0.0,0.0,0.0,0.0,,
V2,11,6,0.0,0.0,0.0,0.0,0.0,0.0,0.0,0.0,0.0,0.0,0.0,0.0,0.0,0.0,,
V2,11,7,0.0,0.0,0.0,0.0,0.0,0.0,0.0,0.0,0.0,0.0,0.0,0.0,0.0,0.0,,
V2,11,8,0.0,0.0,0.0,0.0,0.0,0.0,0.0,0.0,0.0,0.0,0.0,0.0,0.0,0.0,,
V2,12,1,0.0,0.0,0.0,0.0,0.0,0.0,0.0,0.0,0.0,0.0,0.0,0.0,0.0,0.0,,
V2,12,2,0.0,0.0,0.0,0.0,0.0,0.0,0.0,0.0,0.0,0.0,0.0,0.0,0.0,0.0,,
V2,12,3,0.0,0.0,0.0,0.0,0.0,0.0,0.0,0.0,0.0,0.0,0.0,0.0,0.0,0.0,,
V2,12,4,0.0,0.0,0.0,0.0,0.0,0.0,0.0,0.0,0.0,0.0,0.0,0.0,0.0,0.0,,
V2,12,5,0.0,0.0,0.0,0.0,0.0,0.0,0.0,0.0,0.0,0.0,0.0,0.0,0.0,0.0,,
V2,12,6,0.0,0.0,0.0,0.0,0.0,0.0,0.0,0.0,0.0,0.0,0.0,0.0,0.0,0.0,,
V2,12,7,0.0,0.0,0.0,0.0,0.0,0.0,0.0,0.0,0.0,0.0,0.0,0.0,0.0,0.0,,
V2,12,8,0.0,0.0,0.0,0.0,0.0,0.0,0.0,0.0,0.0,0.0,0.0,0.0,0.0,0.0,,
V2,13,1,0.0,0.0,0.0,0.0,0.0,0.0,0.0,0.0,0.0,0.0,0.0,0.0,0.0,0.0,,
V2,13,2,0.0,0.0,0.0,0.0,0.0,0.0,0.0,0.0,0.0,0.0,0.0,0.0,0.0,0.0,,
V2,13,3,0.0,0.0,0.0,0.0,0.0,0.0,0.0,0.0,0.0,0.0,0.0,0.0,0.0,0.0,,
V2,13,4,0.0,0.0,0.0,0.0,0.0,0.0,0.0,0.0,0.0,0.0,0.0,0.0,0.0,0.0,,
V2,13,5,0.0,0.0,0.0,0.0,0.0,0.0,0.0,0.0,0.0,0.0,0.0,0.0,0.0,0.0,,
V2,13,6,0.0,0.0,0.0,0.0,0.0,0.0,0.0,0.0,0.0,0.0,0.0,0.0,0.0,0.0,,
V2,13,7,0.0,0.0,0.0,0.0,0.0,0.0,0.0,0.0,0.0,0.0,0.0,0.0,0.0,0.0,,
V2,13,8,0.0,0.0,0.0,0.0,0.0,0.0,0.0,0.0,0.0,0.0,0.0,0.0,0.0,0.0,,
V2,14,1,0.0,0.0,0.0,0.0,0.0,0.0,0.0,0.0,0.0,0.0,0.0,0.0,0.0,0.0,,
V2,14,2,0.0,0.0,0.0,0.0,0.0,0.0,0.0,0.0,0.0,0.0,0.0,0.0,0.0,0.0,,
V2,14,3,0.0,0.0,0.0,0.0,0.0,0.0,0.0,0.0,0.0,0.0,0.0,0.0,0.0,0.0,,
V2,14,4,0.0,0.0,0.0,0.0,0.0,0.0,0.0,0.0,0.0,0.0,0.0,0.0,0.0,0.0,,
V2,14,5,0.0,0.0,0.0,0.0,0.0,0.0,0.0,0.0,0.0,0.0,0.0,0.0,0.0,0.0,,
V2,14,6,0.0,0.0,0.0,0.0,0.0,0.0,0.0,0.0,0.0,0.0,0.0,0.0,0.0,0.0,,
V2,14,7,0.0,0.0,0.0,0.0,0.0,0.0,0.0,0.0,0.0,0.0,0.0,0.0,0.0,0.0,,
V2,14,8,0.0,0.0,0.0,0.0,0.0,0.0,0.0,0.0,0.0,0.0,0.0,0.0,0.0,0.0,,
V2,15,1,0.0,0.0,0.0,0.0,0.0,0.0,0.0,0.0,0.0,0.0,0.0,0.0,0.0,0.0,,
V2,15,2,0.0,0.0,0.0,0.0,0.0,0.0,0.0,0.0,0.0,0.0,0.0,0.0,0.0,0.0,,
V2,15,3,0.0,0.0,0.0,0.0,0.0,0.0,0.0,0.0,0.0,0.0,0.0,0.0,0.0,0.0,,
V2,15,4,0.0,0.0,0.0,0.0,0.0,0.0,0.0,0.0,0.0,0.0,0.0,0.0,0.0,0.0,,
V2,15,5,0.0,0.0,0.0,0.0,0.0,0.0,0.0,0.0,0.0,0.0,0.0,0.0,0.0,0.0,,
V2,15,6,0.0,0.0,0.0,0.0,0.0,0.0,0.0,0.0,0.0,0.0,0.0,0.0,0.0,0.0,,
V2,15,7,0.0,0.0,0.0,0.0,0.0,0.0,0.0,0.0,0.0,0.0,0.0,0.0,0.0,0.0,,
V2,15,8,0.0,0.0,0.0,0.0,0.0,0.0,0.0,0.0,0.0,0.0,0.0,0.0,0.0,0.0,,
V2,16,1,0.0,0.0,0.0,0.0,0.0,0.0,0.0,0.0,0.0,0.0,0.0,0.0,0.0,0.0,,
V2,16,2,0.0,0.0,0.0,0.0,0.0,0.0,0.0,0.0,0.0,0.0,0.0,0.0,0.0,0.0,,
V2,16,3,0.0,0.0,0.0,0.0,0.0,0.0,0.0,0.0,0.0,0.0,0.0,0.0,0.0,0.0,,
V2,16,4,0.0,0.0,0.0,0.0,0.0,0.0,0.0,0.0,0.0,0.0,0.0,0.0,0.0,0.0,,
V2,16,5,0.0,0.0,0.0,0.0,0.0,0.0,0.0,0.0,0.0,0.0,0.0,0.0,0.0,0.0,,
V2,16,6,0.0,0.0,0.0,0.0,0.0,0.0,0.0,0.0,0.0,0.0,0.0,0.0,0.0,0.0,,
V2,16,7,0.0,0.0,0.0,0.0,0.0,0.0,0.0,0.0,0.0,0.0,0.0,0.0,0.0,0.0,,
V2,16,8,0.0,0.0,0.0,0.0,0.0,0.0,0.0,0.0,0.0,0.0,0.0,0.0,0.0,0.0,,
V2,17,1,0.0,0.0,0.0,0.0,0.0,0.0,0.0,0.0,0.0,0.0,0.0,0.0,0.0,0.0,,
V2,17,2,0.0,0.0,0.0,0.0,0.0,0.0,0.0,0.0,0.0,0.0,0.0,0.0,0.0,0.0,,
V2,17,3,0.0,0.0,0.0,0.0,0.0,0.0,0.0,0.0,0.0,0.0,0.0,0.0,0.0,0.0,,
V2,17,4,0.0,0.0,0.0,0.0,0.0,0.0,0.0,0.0,0.0,0.0,0.0,0.0,0.0,0.0,,
V2,17,5,0.0,0.0,0.0,0.0,0.0,0.0,0.0,0.0,0.0,0.0,0.0,0.0,0.0,0.0,,
V2,17,6,0.0,0.0,0.0,0.0,0.0,0.0,0.0,0.0,0.0,0.0,0.0,0.0,0.0,0.0,,
V2,17,7,0.0,0.0,0.0,0.0,0.0,0.0,0.0,0.0,0.0,0.0,0.0,0.0,0.0,0.0,,
V2,17,8,0.0,0.0,0.0,0.0,0.0,0.0,0.0,0.0,0.0,0.0,0.0,0.0,0.0,0.0,,
V2,18,1,0.0,0.0,0.0,0.0,0.0,0.0,0.0,0.0,0.0,0.0,0.0,0.0,0.0,0.0,,
V2,18,2,0.0,0.0,0.0,0.0,0.0,0.0,0.0,0.0,0.0,0.0,0.0,0.0,0.0,0.0,,
V2,18,3,0.0,0.0,0.0,0.0,0.0,0.0,0.0,0.0,0.0,0.0,0.0,0.0,0.0,0.0,,
V2,18,4,0.0,0.0,0.0,0.0,0.0,0.0,0.0,0.0,0.0,0.0,0.0,0.0,0.0,0.0,,
V2,18,5,0.0,0.0,0.0,0.0,0.0,0.0,0.0,0.0,0.0,0.0,0.0,0.0,0.0,0.0,,
V2,18,6,0.0,0.0,0.0,0.0,0.0,0.0,0.0,0.0,0.0,0.0,0.0,0.0,0.0,0.0,,
V2,18,7,0.0,0.0,0.0,0.0,0.0,0.0,0.0,0.0,0.0,0.0,0.0,0.0,0.0,0.0,,
V2,18,8,0.0,0.0,0.0,0.0,0.0,0.0,0.0,0.0,0.0,0.0,0.0,0.0,0.0,0.0,,
V2,19,1,0.0,0.0,0.0,0.0,0.0,0.0,0.0,0.0,0.0,0.0,0.0,0.0,0.0,0.0,,
V2,19,2,0.0,0.0,0.0,0.0,0.0,0.0,0.0,0.0,0.0,0.0,0.0,0.0,0.0,0.0,,
V2,19,3,0.0,0.0,0.0,0.0,0.0,0.0,0.0,0.0,0.0,0.0,0.0,0.0,0.0,0.0,,
V2,19,4,0.0,0.0,0.0,0.0,0.0,0.0,0.0,0.0,0.0,0.0,0.0,0.0,0.0,0.0,,
V2,19,5,0.0,0.0,0.0,0.0,0.0,0.0,0.0,0.0,0.0,0.0,0.0,0.0,0.0,0.0,,
V2,19,6,0.0,0.0,0.0,0.0,0.0,0.0,0.0,0.0,0.0,0.0,0.0,0.0,0.0,0.0,,
V2,19,7,0.0,0.0,0.0,0.0,0.0,0.0,0.0,0.0,0.0,0.0,0.0,0.0,0.0,0.0,,
V2,19,8,0.0,0.0,0.0,0.0,0.0,0.0,0.0,0.0,0.0,0.0,0.0,0.0,0.0,0.0,,
V2,20,1,0.0,0.0,0.0,0.0,0.0,0.0,0.0,0.0,0.0,0.0,0.0,0.0,0.0,0.0,,
V2,20,2,0.0,0.0,0.0,0.0,0.0,0.0,0.0,0.0,0.0,0.0,0.0,0.0,0.0,0.0,,
V2,20,3,0.0,0.0,0.0,0.0,0.0,0.0,0.0,0.0,0.0,0.0,0.0,0.0,0.0,0.0,,
V2,20,4,0.0,0.0,0.0,0.0,0.0,0.0,0.0,0.0,0.0,0.0,0.0,0.0,0.0,0.0,,
V2,20,5,0.0,0.0,0.0,0.0,0.0,0.0,0.0,0.0,0.0,0.0,0.0,0.0,0.0,0.0,,
V2,20,6,0.0,0.0,0.0,0.0,0.0,0.0,0.0,0.0,0.0,0.0,0.0,0.0,0.0,0.0,,
V2,20,7,0.0,0.0,0.0,0.0,0.0,0.0,0.0,0.0,0.0,0.0,0.0,0.0,0.0,0.0,,
V2,20,8,0.0,0.0,0.0,0.0,0.0,0.0,0.0,0.0,0.0,0.0,0.0,0.0,0.0,0.0,,
V2,21,1,0.0,0.0,0.0,0.0,0.0,0.0,0.0,0.0,0.0,0.0,0.0,0.0,0.0,0.0,,
V2,21,2,0.0,0.0,0.0,0.0,0.0,0.0,0.0,0.0,0.0,0.0,0.0,0.0,0.0,0.0,,
V2,21,3,0.0,0.0,0.0,0.0,0.0,0.0,0.0,0.0,0.0,0.0,0.0,0.0,0.0,0.0,,
V2,21,4,0.0,0.0,0.0,0.0,0.0,0.0,0.0,0.0,0.0,0.0,0.0,0.0,0.0,0.0,,
V2,21,5,0.0,0.0,0.0,0.0,0.0,0.0,0.0,0.0,0.0,0.0,0.0,0.0,0.0,0.0,,
V2,21,6,0.0,0.0,0.0,0.0,0.0,0.0,0.0,0.0,0.0,0.0,0.0,0.0,0.0,0.0,,
V2,21,7,0.0,0.0,0.0,0.0,0.0,0.0,0.0,0.0,0.0,0.0,0.0,0.0,0.0,0.0,,
V2,21,8,0.0,0.0,0.0,0.0,0.0,0.0,0.0,0.0,0.0,0.0,0.0,0.0,0.0,0.0,,
V2,22,1,0.0,0.0,0.0,0.0,0.0,0.0,0.0,0.0,0.0,0.0,0.0,0.0,0.0,0.0,,
V2,22,2,0.0,0.0,0.0,0.0,0.0,0.0,0.0,0.0,0.0,0.0,0.0,0.0,0.0,0.0,,
V2,22,3,0.0,0.0,0.0,0.0,0.0,0.0,0.0,0.0,0.0,0.0,0.0,0.0,0.0,0.0,,
V2,22,4,0.0,0.0,0.0,0.0,0.0,0.0,0.0,0.0,0.0,0.0,0.0,0.0,0.0,0.0,,
V2,22,5,0.0,0.0,0.0,0.0,0.0,0.0,0.0,0.0,0.0,0.0,0.0,0.0,0.0,0.0,,
V2,22,6,0.0,0.0,0.0,0.0,0.0,0.0,0.0,0.0,0.0,0.0,0.0,0.0,0.0,0.0,,
V2,22,7,0.0,0.0,0.0,0.0,0.0,0.0,0.0,0.0,0.0,0.0,0.0,0.0,0.0,0.0,,
V2,22,8,0.0,0.0,0.0,0.0,0.0,0.0,0.0,0.0,0.0,0.0,0.0,0.0,0.0,0.0,,
V2,23,1,0.0,0.0,0.0,0.0,0.0,0.0,0.0,0.0,0.0,0.0,0.0,0.0,0.0,0.0,,
V2,23,2,0.0,0.0,0.0,0.0,0.0,0.0,0.0,0.0,0.0,0.0,0.0,0.0,0.0,0.0,,
V2,23,3,0.0,0.0,0.0,0.0,0.0,0.0,0.0,0.0,0.0,0.0,0.0,0.0,0.0,0.0,,
V2,23,4,0.0,0.0,0.0,0.0,0.0,0.0,0.0,0.0,0.0,0.0,0.0,0.0,0.0,0.0,,
V2,23,5,0.0,0.0,0.0,0.0,0.0,0.0,0.0,0.0,0.0,0.0,0.0,0.0,0.0,0.0,,
V2,23,6,0.0,0.0,0.0,0.0,0.0,0.0,0.0,0.0,0.0,0.0,0.0,0.0,0.0,0.0,,
V2,23,7,0.0,0.0,0.0,0.0,0.0,0.0,0.0,0.0,0.0,0.0,0.0,0.0,0.0,0.0,,
V2,23,8,0.0,0.0,0.0,0.0,0.0,0.0,0.0,0.0,0.0,0.0,0.0,0.0,0.0,0.0,,
V2,24,1,0.0,0.0,0.0,0.0,0.0,0.0,0.0,0.0,0.0,0.0,0.0,0.0,0.0,0.0,,
V2,24,2,0.0,0.0,0.0,0.0,0.0,0.0,0.0,0.0,0.0,0.0,0.0,0.0,0.0,0.0,,
V2,24,3,0.0,0.0,0.0,0.0,0.0,0.0,0.0,0.0,0.0,0.0,0.0,0.0,0.0,0.0,,
V2,24,4,0.0,0.0,0.0,0.0,0.0,0.0,0.0,0.0,0.0,0.0,0.0,0.0,0.0,0.0,,
V2,24,5,0.0,0.0,0.0,0.0,0.0,0.0,0.0,0.0,0.0,0.0,0.0,0.0,0.0,0.0,,
V2,24,6,0.0,0.0,0.0,0.0,0.0,0.0,0.0,0.0,0.0,0.0,0.0,0.0,0.0,0.0,,
V2,24,7,0.0,0.0,0.0,0.0,0.0,0.0,0.0,0.0,0.0,0.0,0.0,0.0,0.0,0.0,,
V2,24,8,0.0,0.0,0.0,0.0,0.0,0.0,0.0,0.0,0.0,0.0,0.0,0.0,0.0,0.0,,
V2,25,1,0.0,0.0,0.0,0.0,0.0,0.0,0.0,0.0,0.0,0.0,0.0,0.0,0.0,0.0,,
V2,25,2,0.0,0.0,0.0,0.0,0.0,0.0,0.0,0.0,0.0,0.0,0.0,0.0,0.0,0.0,,
V2,25,3,0.0,0.0,0.0,0.0,0.0,0.0,0.0,0.0,0.0,0.0,0.0,0.0,0.0,0.0,,
V2,25,4,0.0,0.0,0.0,0.0,0.0,0.0,0.0,0.0,0.0,0.0,0.0,0.0,0.0,0.0,,
V2,25,5,0.0,0.0,0.0,0.0,0.0,0.0,0.0,0.0,0.0,0.0,0.0,0.0,0.0,0.0,,
V2,25,6,0.0,0.0,0.0,0.0,0.0,0.0,0.0,0.0,0.0,0.0,0.0,0.0,0.0,0.0,,
V2,25,7,0.0,0.0,0.0,0.0,0.0,0.0,0.0,0.0,0.0,0.0,0.0,0.0,0.0,0.0,,
V2,25,8,0.0,0.0,0.0,0.0,0.0,0.0,0.0,0.0,0.0,0.0,0.0,0.0,0.0,0.0,,
V2,26,1,0.0,0.0,0.0,0.0,0.0,0.0,0.0,0.0,0.0,0.0,0.0,0.0,0.0,0.0,,
V2,26,2,0.0,0.0,0.0,0.0,0.0,0.0,0.0,0.0,0.0,0.0,0.0,0.0,0.0,0.0,,
V2,26,3,0.0,0.0,0.0,0.0,0.0,0.0,0.0,0.0,0.0,0.0,0.0,0.0,0.0,0.0,,
V2,26,4,0.0,0.0,0.0,0.0,0.0,0.0,0.0,0.0,0.0,0.0,0.0,0.0,0.0,0.0,,
V2,26,5,0.0,0.0,0.0,0.0,0.0,0.0,0.0,0.0,0.0,0.0,0.0,0.0,0.0,0.0,,
V2,26,6,0.0,0.0,0.0,0.0,0.0,0.0,0.0,0.0,0.0,0.0,0.0,0.0,0.0,0.0,,
V2,26,7,0.0,0.0,0.0,0.0,0.0,0.0,0.0,0.0,0.0,0.0,0.0,0.0,0.0,0.0,,
V2,26,8,0.0,0.0,0.0,0.0,0.0,0.0,0.0,0.0,0.0,0.0,0.0,0.0,0.0,0.0,,
V2,27,1,0.0,0.0,0.0,0.0,0.0,0.0,0.0,0.0,0.0,0.0,0.0,0.0,0.0,0.0,,
V2,27,2,0.0,0.0,0.0,0.0,0.0,0.0,0.0,0.0,0.0,0.0,0.0,0.0,0.0,0.0,,
V2,27,3,0.0,0.0,0.0,0.0,0.0,0.0,0.0,0.0,0.0,0.0,0.0,0.0,0.0,0.0,,
V2,27,4,0.0,0.0,0.0,0.0,0.0,0.0,0.0,0.0,0.0,0.0,0.0,0.0,0.0,0.0,,
V2,27,5,0.0,0.0,0.0,0.0,0.0,0.0,0.0,0.0,0.0,0.0,0.0,0.0,0.0,0.0,,
V2,27,6,0.0,0.0,0.0,0.0,0.0,0.0,0.0,0.0,0.0,0.0,0.0,0.0,0.0,0.0,,
V2,27,7,0.0,0.0,0.0,0.0,0.0,0.0,0.0,0.0,0.0,0.0,0.0,0.0,0.0,0.0,,
V2,27,8,0.0,0.0,0.0,0.0,0.0,0.0,0.0,0.0,0.0,0.0,0.0,0.0,0.0,0.0,,
V2,28,1,0.0,0.0,0.0,0.0,0.0,0.0,0.0,0.0,0.0,0.0,0.0,0.0,0.0,0.0,,
V2,28,2,0.0,0.0,0.0,0.0,0.0,0.0,0.0,0.0,0.0,0.0,0.0,0.0,0.0,0.0,,
V2,28,3,0.0,0.0,0.0,0.0,0.0,0.0,0.0,0.0,0.0,0.0,0.0,0.0,0.0,0.0,,
V2,28,4,0.0,0.0,0.0,0.0,0.0,0.0,0.0,0.0,0.0,0.0,0.0,0.0,0.0,0.0,,
V2,28,5,0.0,0.0,0.0,0.0,0.0,0.0,0.0,0.0,0.0,0.0,0.0,0.0,0.0,0.0,,
V2,28,6,0.0,0.0,0.0,0.0,0.0,0.0,0.0,0.0,0.0,0.0,0.0,0.0,0.0,0.0,,
V2,28,7,0.0,0.0,0.0,0.0,0.0,0.0,0.0,0.0,0.0,0.0,0.0,0.0,0.0,0.0,,
V2,28,8,0.0,0.0,0.0,0.0,0.0,0.0,0.0,0.0,0.0,0.0,0.0,0.0,0.0,0.0,,
V2,29,1,0.0,0.0,0.0,0.0,0.0,0.0,0.0,0.0,0.0,0.0,0.0,0.0,0.0,0.0,,
V2,29,2,0.0,0.0,0.0,0.0,0.0,0.0,0.0,0.0,0.0,0.0,0.0,0.0,0.0,0.0,,
V2,29,3,0.0,0.0,0.0,0.0,0.0,0.0,0.0,0.0,0.0,0.0,0.0,0.0,0.0,0.0,,
V2,29,4,0.0,0.0,0.0,0.0,0.0,0.0,0.0,0.0,0.0,0.0,0.0,0.0,0.0,0.0,,
V2,29,5,0.0,0.0,0.0,0.0,0.0,0.0,0.0,0.0,0.0,0.0,0.0,0.0,0.0,0.0,,
V2,29,6,0.0,0.0,0.0,0.0,0.0,0.0,0.0,0.0,0.0,0.0,0.0,0.0,0.0,0.0,,
V2,29,7,0.0,0.0,0.0,0.0,0.0,0.0,0.0,0.0,0.0,0.0,0.0,0.0,0.0,0.0,,
V2,29,8,0.0,0.0,0.0,0.0,0.0,0.0,0.0,0.0,0.0,0.0,0.0,0.0,0.0,0.0,,
V2,30,1,0.0,0.0,0.0,0.0,0.0,0.0,0.0,0.0,0.0,0.0,0.0,0.0,0.0,0.0,,
V2,30,2,0.0,0.0,0.0,0.0,0.0,0.0,0.0,0.0,0.0,0.0,0.0,0.0,0.0,0.0,,
V2,30,3,0.0,0.0,0.0,0.0,0.0,0.0,0.0,0.0,0.0,0.0,0.0,0.0,0.0,0.0,,
V2,30,4,0.0,0.0,0.0,0.0,0.0,0.0,0.0,0.0,0.0,0.0,0.0,0.0,0.0,0.0,,
V2,30,5,0.0,0.0,0.0,0.0,0.0,0.0,0.0,0.0,0.0,0.0,0.0,0.0,0.0,0.0,,
V2,30,6,0.0,0.0,0.0,0.0,0.0,0.0,0.0,0.0,0.0,0.0,0.0,0.0,0.0,0.0,,
V2,30,7,0.0,0.0,0.0,0.0,0.0,0.0,0.0,0.0,0.0,0.0,0.0,0.0,0.0,0.0,,
V2,30,8,0.0,0.0,0.0,0.0,0.0,0.0,0.0,0.0,0.0,0.0,0.0,0.0,0.0,0.0,,
V2,31,1,0.0,0.0,0.0,0.0,0.0,0.0,0.0,0.0,0.0,0.0,0.0,0.0,0.0,0.0,,
V2,31,2,0.0,0.0,0.0,0.0,0.0,0.0,0.0,0.0,0.0,0.0,0.0,0.0,0.0,0.0,,
V2,31,3,0.0,0.0,0.0,0.0,0.0,0.0,0.0,0.0,0.0,0.0,0.0,0.0,0.0,0.0,,
V2,31,4,0.0,0.0,0.0,0.0,0.0,0.0,0.0,0.0,0.0,0.0,0.0,0.0,0.0,0.0,,
V2,31,5,0.0,0.0,0.0,0.0,0.0,0.0,0.0,0.0,0.0,0.0,0.0,0.0,0.0,0.0,,
V2,31,6,0.0,0.0,0.0,0.0,0.0,0.0,0.0,0.0,0.0,0.0,0.0,0.0,0.0,0.0,,
V2,31,7,0.0,0.0,0.0,0.0,0.0,0.0,0.0,0.0,0.0,0.0,0.0,0.0,0.0,0.0,,
V2,31,8,0.0,0.0,0.0,0.0,0.0,0.0,0.0,0.0,0.0,0.0,0.0,0.0,0.0,0.0,,
V2,32,1,0.0,0.0,0.0,0.0,0.0,0.0,0.0,0.0,0.0,0.0,0.0,0.0,0.0,0.0,,
V2,32,2,0.0,0.0,0.0,0.0,0.0,0.0,0.0,0.0,0.0,0.0,0.0,0.0,0.0,0.0,,
V2,32,3,0.0,0.0,0.0,0.0,0.0,0.0,0.0,0.0,0.0,0.0,0.0,0.0,0.0,0.0,,
V2,32,4,0.0,0.0,0.0,0.0,0.0,0.0,0.0,0.0,0.0,0.0,0.0,0.0,0.0,0.0,,
V2,32,5,0.0,0.0,0.0,0.0,0.0,0.0,0.0,0.0,0.0,0.0,0.0,0.0,0.0,0.0,,
V2,32,6,0.0,0.0,0.0,0.0,0.0,0.0,0.0,0.0,0.0,0.0,0.0,0.0,0.0,0.0,,
V2,32,7,0.0,0.0,0.0,0.0,0.0,0.0,0.0,0.0,0.0,0.0,0.0,0.0,0.0,0.0,,
V2,32,8,0.0,0.0,0.0,0.0,0.0,0.0,0.0,0.0,0.0,0.0,0.0,0.0,0.0,0.0,,
V2,33,1,0.0,0.0,0.0,0.0,0.0,0.0,0.0,0.0,0.0,0.0,0.0,0.0,0.0,0.0,,
V2,33,2,0.0,0.0,0.0,0.0,0.0,0.0,0.0,0.0,0.0,0.0,0.0,0.0,0.0,0.0,,
V2,33,3,0.0,0.0,0.0,0.0,0.0,0.0,0.0,0.0,0.0,0.0,0.0,0.0,0.0,0.0,,
V2,33,4,0.0,0.0,0.0,0.0,0.0,0.0,0.0,0.0,0.0,0.0,0.0,0.0,0.0,0.0,,
V2,33,5,0.0,0.0,0.0,0.0,0.0,0.0,0.0,0.0,0.0,0.0,0.0,0.0,0.0,0.0,,
V2,33,6,0.0,0.0,0.0,0.0,0.0,0.0,0.0,0.0,0.0,0.0,0.0,0.0,0.0,0.0,,
V2,33,7,0.0,0.0,0.0,0.0,0.0,0.0,0.0,0.0,0.0,0.0,0.0,0.0,0.0,0.0,,
V2,33,8,0.0,0.0,0.0,0.0,0.0,0.0,0.0,0.0,0.0,0.0,0.0,0.0,0.0,0.0,,
V2,34,1,0.0,0.0,0.0,0.0,0.0,0.0,0.0,0.0,0.0,0.0,0.0,0.0,0.0,0.0,,
V2,34,2,0.0,0.0,0.0,0.0,0.0,0.0,0.0,0.0,0.0,0.0,0.0,0.0,0.0,0.0,,
V2,34,3,0.0,0.0,0.0,0.0,0.0,0.0,0.0,0.0,0.0,0.0,0.0,0.0,0.0,0.0,,
V2,34,4,0.0,0.0,0.0,0.0,0.0,0.0,0.0,0.0,0.0,0.0,0.0,0.0,0.0,0.0,,
V2,34,5,0.0,0.0,0.0,0.0,0.0,0.0,0.0,0.0,0.0,0.0,0.0,0.0,0.0,0.0,,
V2,34,6,0.0,0.0,0.0,0.0,0.0,0.0,0.0,0.0,0.0,0.0,0.0,0.0,0.0,0.0,,
V2,34,7,0.0,0.0,0.0,0.0,0.0,0.0,0.0,0.0,0.0,0.0,0.0,0.0,0.0,0.0,,
V2,34,8,0.0,0.0,0.0,0.0,0.0,0.0,0.0,0.0,0.0,0.0,0.0,0.0,0.0,0.0,,
V2,35,1,0.0,0.0,0.0,0.0,0.0,0.0,0.0,0.0,0.0,0.0,0.0,0.0,0.0,0.0,,
V2,35,2,0.0,0.0,0.0,0.0,0.0,0.0,0.0,0.0,0.0,0.0,0.0,0.0,0.0,0.0,,
V2,35,3,0.0,0.0,0.0,0.0,0.0,0.0,0.0,0.0,0.0,0.0,0.0,0.0,0.0,0.0,,
V2,35,4,0.0,0.0,0.0,0.0,0.0,0.0,0.0,0.0,0.0,0.0,0.0,0.0,0.0,0.0,,
V2,35,5,0.0,0.0,0.0,0.0,0.0,0.0,0.0,0.0,0.0,0.0,0.0,0.0,0.0,0.0,,
V2,35,6,0.0,0.0,0.0,0.0,0.0,0.0,0.0,0.0,0.0,0.0,0.0,0.0,0.0,0.0,,
V2,35,7,0.0,0.0,0.0,0.0,0.0,0.0,0.0,0.0,0.0,0.0,0.0,0.0,0.0,0.0,,
V2,35,8,0.0,0.0,0.0,0.0,0.0,0.0,0.0,0.0,0.0,0.0,0.0,0.0,0.0,0.0,,
V2,36,1,0.0,0.0,0.0,0.0,0.0,0.0,0.0,0.0,0.0,0.0,0.0,0.0,0.0,0.0,,
V2,36,2,0.0,0.0,0.0,0.0,0.0,0.0,0.0,0.0,0.0,0.0,0.0,0.0,0.0,0.0,,
V2,36,3,0.0,0.0,0.0,0.0,0.0,0.0,0.0,0.0,0.0,0.0,0.0,0.0,0.0,0.0,,
V2,36,4,0.0,0.0,0.0,0.0,0.0,0.0,0.0,0.0,0.0,0.0,0.0,0.0,0.0,0.0,,
V2,36,5,0.0,0.0,0.0,0.0,0.0,0.0,0.0,0.0,0.0,0.0,0.0,0.0,0.0,0.0,,
V2,36,6,0.0,0.0,0.0,0.0,0.0,0.0,0.0,0.0,0.0,0.0,0.0,0.0,0.0,0.0,,
V2,36,7,0.0,0.0,0.0,0.0,0.0,0.0,0.0,0.0,0.0,0.0,0.0,0.0,0.0,0.0,,
V2,36,8,0.0,0.0,0.0,0.0,0.0,0.0,0.0,0.0,0.0,0.0,0.0,0.0,0.0,0.0,,
V2,37,1,0.0,0.0,0.0,0.0,0.0,0.0,0.0,0.0,0.0,0.0,0.0,0.0,0.0,0.0,,
V2,37,2,0.0,0.0,0.0,0.0,0.0,0.0,0.0,0.0,0.0,0.0,0.0,0.0,0.0,0.0,,
V2,37,3,0.0,0.0,0.0,0.0,0.0,0.0,0.0,0.0,0.0,0.0,0.0,0.0,0.0,0.0,,
V2,37,4,0.0,0.0,0.0,0.0,0.0,0.0,0.0,0.0,0.0,0.0,0.0,0.0,0.0,0.0,,
V2,37,5,0.0,0.0,0.0,0.0,0.0,0.0,0.0,0.0,0.0,0.0,0.0,0.0,0.0,0.0,,
V2,37,6,0.0,0.0,0.0,0.0,0.0,0.0,0.0,0.0,0.0,0.0,0.0,0.0,0.0,0.0,,
V2,37,7,0.0,0.0,0.0,0.0,0.0,0.0,0.0,0.0,0.0,0.0,0.0,0.0,0.0,0.0,,
V2,37,8,0.0,0.0,0.0,0.0,0.0,0.0,0.0,0.0,0.0,0.0,0.0,0.0,0.0,0.0,,
V2,38,1,0.0,0.0,0.0,0.0,0.0,0.0,0.0,0.0,0.0,0.0,0.0,0.0,0.0,0.0,,
V2,38,2,0.0,0.0,0.0,0.0,0.0,0.0,0.0,0.0,0.0,0.0,0.0,0.0,0.0,0.0,,
V2,38,3,0.0,0.0,0.0,0.0,0.0,0.0,0.0,0.0,0.0,0.0,0.0,0.0,0.0,0.0,,
V2,38,4,0.0,0.0,0.0,0.0,0.0,0.0,0.0,0.0,0.0,0.0,0.0,0.0,0.0,0.0,,
V2,38,5,0.0,0.0,0.0,0.0,0.0,0.0,0.0,0.0,0.0,0.0,0.0,0.0,0.0,0.0,,
V2,38,6,0.0,0.0,0.0,0.0,0.0,0.0,0.0,0.0,0.0,0.0,0.0,0.0,0.0,0.0,,
V2,38,7,0.0,0.0,0.0,0.0,0.0,0.0,0.0,0.0,0.0,0.0,0.0,0.0,0.0,0.0,,
V2,38,8,0.0,0.0,0.0,0.0,0.0,0.0,0.0,0.0,0.0,0.0,0.0,0.0,0.0,0.0,,
V2,39,1,0.0,0.0,0.0,0.0,0.0,0.0,0.0,0.0,0.0,0.0,0.0,0.0,0.0,0.0,,
V2,39,2,0.0,0.0,0.0,0.0,0.0,0.0,0.0,0.0,0.0,0.0,0.0,0.0,0.0,0.0,,
V2,39,3,0.0,0.0,0.0,0.0,0.0,0.0,0.0,0.0,0.0,0.0,0.0,0.0,0.0,0.0,,
V2,39,4,0.0,0.0,0.0,0.0,0.0,0.0,0.0,0.0,0.0,0.0,0.0,0.0,0.0,0.0,,
V2,39,5,0.0,0.0,0.0,0.0,0.0,0.0,0.0,0.0,0.0,0.0,0.0,0.0,0.0,0.0,,
V2,39,6,0.0,0.0,0.0,0.0,0.0,0.0,0.0,0.0,0.0,0.0,0.0,0.0,0.0,0.0,,
V2,39,7,0.0,0.0,0.0,0.0,0.0,0.0,0.0,0.0,0.0,0.0,0.0,0.0,0.0,0.0,,
V2,39,8,0.0,0.0,0.0,0.0,0.0,0.0,0.0,0.0,0.0,0.0,0.0,0.0,0.0,0.0,,
V2,40,1,0.0,0.0,0.0,0.0,0.0,0.0,0.0,0.0,0.0,0.0,0.0,0.0,0.0,0.0,,
V2,40,2,0.0,0.0,0.0,0.0,0.0,0.0,0.0,0.0,0.0,0.0,0.0,0.0,0.0,0.0,,
V2,40,3,0.0,0.0,0.0,0.0,0.0,0.0,0.0,0.0,0.0,0.0,0.0,0.0,0.0,0.0,,
V2,40,4,0.0,0.0,0.0,0.0,0.0,0.0,0.0,0.0,0.0,0.0,0.0,0.0,0.0,0.0,,
V2,40,5,0.0,0.0,0.0,0.0,0.0,0.0,0.0,0.0,0.0,0.0,0.0,0.0,0.0,0.0,,
V2,40,6,0.0,0.0,0.0,0.0,0.0,0.0,0.0,0.0,0.0,0.0,0.0,0.0,0.0,0.0,,
V2,40,7,0.0,0.0,0.0,0.0,0.0,0.0,0.0,0.0,0.0,0.0,0.0,0.0,0.0,0.0,,
V2,40,8,0.0,0.0,0.0,0.0,0.0,0.0,0.0,0.0,0.0,0.0,0.0,0.0,0.0,0.0,,
V2,41,1,0.0,0.0,0.0,0.0,0.0,0.0,0.0,0.0,0.0,0.0,0.0,0.0,0.0,0.0,,
V2,41,2,0.0,0.0,0.0,0.0,0.0,0.0,0.0,0.0,0.0,0.0,0.0,0.0,0.0,0.0,,
V2,41,3,0.0,0.0,0.0,0.0,0.0,0.0,0.0,0.0,0.0,0.0,0.0,0.0,0.0,0.0,,
V2,41,4,0.0,0.0,0.0,0.0,0.0,0.0,0.0,0.0,0.0,0.0,0.0,0.0,0.0,0.0,,
V2,41,5,0.0,0.0,0.0,0.0,0.0,0.0,0.0,0.0,0.0,0.0,0.0,0.0,0.0,0.0,,
V2,41,6,0.0,0.0,0.0,0.0,0.0,0.0,0.0,0.0,0.0,0.0,0.0,0.0,0.0,0.0,,
V2,41,7,0.0,0.0,0.0,0.0,0.0,0.0,0.0,0.0,0.0,0.0,0.0,0.0,0.0,0.0,,
V2,41,8,0.0,0.0,0.0,0.0,0.0,0.0,0.0,0.0,0.0,0.0,0.0,0.0,0.0,0.0,,
V3,0,1,267.0,53.0,267.0,8.0,0.0,8.0,12.578960167584182,318.0,318.0,2.3277356447651982,6.0,0.0,53.0,0.0,0.19850187265917604,0.19850187265917604
V3,0,2,267.0,64.0,267.0,8.0,0.0,8.0,17.22949670077576,384.0,384.0,3.385349655523896,7.0,0.0,64.0,0.0,0.2397003745318352,0.2397003745318352
V3,0,3,267.0,20.0,267.0,2.0,0.0,2.0,11.342440596588753,120.0,120.0,1.5932220984250307,3.0,0.0,20.0,0.0,0.0749063670411985,0.0749063670411985
V3,0,4,267.0,28.0,267.0,1.0,1.0,1.0,-0.8834630793032593,168.0,162.0,1.3232433218508959,5.0,0.0,28.0,0.0,0.10486891385767791,0.10486891385767791
V3,0,5,267.0,33.0,267.0,0.0,1.0,0.0,-1.0,198.0,192.0,1.4550776928663254,7.0,0.0,33.0,0.0,0.12359550561797752,0.12359550561797752
V3,0,6,267.0,33.0,267.0,0.0,0.0,0.0,0.0,198.0,198.0,1.3364605912938714,7.0,0.0,33.0,0.0,0.12359550561797752,0.12359550561797752
V3,0,7,267.0,21.0,267.0,2.0,0.0,2.0,0.6916907554562585,126.0,126.0,1.0664322981610894,5.0,0.0,21.0,0.0,0.07865168539325842,0.07865168539325842
V3,0,8,267.0,15.0,267.0,2.0,2.0,2.0,6.437704766678818,90.0,38.0,0.5963862501084805,4.0,0.0,15.0,0.0,0.056179775280898875,0.056179775280898875
V3,1,1,1217.0,160.0,1217.0,7.0,0.0,7.0,11.61903656456909,960.0,960.0,7.71400002669543,22.0,0.0,160.0,0.0,0.1314708299096138,0.1314708299096138
V3,1,2,1217.0,287.0,1217.0,14.0,0.0,14.0,31.379501892922956,1722.0,1722.0,15.744610762223601,27.0,0.0,287.0,0.0,0.23582580115036977,0.23582580115036977
V3,1,3,1217.0,142.0,1217.0,0.0,0.0,0.0,0.0,852.0,852.0,11.794600603170693,24.0,0.0,142.0,0.0,0.11668036154478226,0.11668036154478226
V3,1,4,1217.0,122.0,1217.0,3.0,3.0,3.0,-0.8733787049361368,732.0,692.0,5.599686556495726,21.0,0.0,122.0,0.0,0.10024650780608052,0.10024650780608052
V3,1,5,1217.0,123.0,1217.0,2.0,5.0,2.0,-3.639466383480328,738.0,708.0,5.422158339992166,28.0,0.0,123.0,0.0,0.10106820049301561,0.10106820049301561
V3,1,6,1217.0,171.0,1217.0,0.0,0.0,0.0,0.0,1026.0,1026.0,7.3485142653808,31.0,0.0,171.0,0.0,0.14050944946589974,0.14050944946589974
V3,1,7,1217.0,138.0,1217.0,5.0,0.0,5.0,1.3268042330082996,828.0,828.0,7.510146390646696,20.0,0.0,138.0,0.0,0.11339359079704191,0.11339359079704191
V3,1,8,1217.0,74.0,1217.0,1.0,11.0,1.0,-8.81830376906471,444.0,243.0,3.0574361458420753,15.0,0.0,74.0,0.0,0.06080525883319639,0.06080525883319639
V3,2,1,92.0,15.0,92.0,9.0,0.0,9.0,10.250842343269065,90.0,90.0,0.6003738446161151,3.0,0.0,15.0,0.0,0.16304347826086957,0.16304347826086957
V3,2,2,92.0,14.0,92.0,10.0,0.0,10.0,18.37856939589588,84.0,84.0,0.7311702398583293,6.0,0.0,14.0,0.0,0.15217391304347827,0.15217391304347827
V3,2,3,92.0,13.0,92.0,2.0,0.0,2.0,2.3795308068280443,78.0,78.0,1.0500005474314094,3.0,0.0,13.0,0.0,0.14130434782608695,0.14130434782608695
V3,2,4,92.0,8.0,92.0,3.0,0.0,3.0,4.746144911802729,48.0,48.0,0.33254524134099483,3.0,0.0,8.0,0.0,0.08695652173913043,0.08695652173913043
V3,2,5,92.0,10.0,92.0,4.0,0.0,4.0,9.526378864899176,60.0,60.0,0.4160807551816106,3.0,0.0,10.0,0.0,0.10869565217391304,0.10869565217391304
V3,2,6,92.0,15.0,92.0,5.0,0.0,5.0,24.98208361660425,90.0,90.0,0.6174445282667875,7.0,0.0,15.0,0.0,0.16304347826086957,0.16304347826086957
V3,2,7,92.0,5.0,92.0,2.0,0.0,2.0,0.998878213248507,30.0,30.0,0.24176878295838833,5.0,0.0,5.0,0.0,0.05434782608695652,0.05434782608695652
V3,2,8,92.0,12.0,92.0,1.0,2.0,1.0,-0.6137016515237601,72.0,39.0,0.4550913302227855,6.0,0.0,12.0,0.0,0.13043478260869565,0.13043478260869565
V3,3,1,23.0,11.0,23.0,2.0,0.0,2.0,0.4700400636502406,66.0,66.0,0.44581964798271656,2.0,0.0,11.0,0.0,0.4782608695652174,0.4782608695652174
V3,3,2,23.0,3.0,23.0,1.0,0.0,1.0,0.16197208747348735,18.0,18.0,0.15579154063016176,2.0,0.0,3.0,0.0,0.13043478260869565,0.13043478260869565
V3,3,3,23.0,1.0,23.0,0.0,0.0,0.0,0.0,6.0,6.0,0.07842650543898344,1.0,0.0,1.0,0.0,0.043478260869565216,0.043478260869565216
V3,3,4,23.0,0.0,23.0,0.0,0.0,0.0,0.0,0.0,0.0,0.0,0.0,0.0,0.0,0.0,0.0,0.0
V3,3,5,23.0,0.0,23.0,0.0,0.0,0.0,0.0,0.0,0.0,0.0,0.0,0.0,0.0,0.0,0.0,0.0
V3,3,6,23.0,1.0,23.0,0.0,0.0,0.0,0.0,6.0,6.0,0.04254315886646509,0.0,0.0,1.0,0.0,0.043478260869565216,0.043478260869565216
V3,3,7,23.0,6.0,23.0,0.0,0.0,0.0,0.0,36.0,36.0,0.2989896610379219,1.0,0.0,6.0,0.0,0.2608695652173913,0.2608695652173913
V3,3,8,23.0,1.0,23.0,0.0,1.0,0.0,-1.0,6.0,0.0,0.027562947943806648,0.0,0.0,1.0,0.0,0.043478260869565216,0.043478260869565216
V3,4,1,0.0,0.0,0.0,0.0,0.0,0.0,0.0,0.0,0.0,0.0,0.0,0.0,0.0,0.0,,
V3,4,2,0.0,0.0,0.0,0.0,0.0,0.0,0.0,0.0,0.0,0.0,0.0,0.0,0.0,0.0,,
V3,4,3,0.0,0.0,0.0,0.0,0.0,0.0,0.0,0.0,0.0,0.0,0.0,0.0,0.0,0.0,,
V3,4,4,0.0,0.0,0.0,0.0,0.0,0.0,0.0,0.0,0.0,0.0,0.0,0.0,0.0,0.0,,
V3,4,5,0.0,0.0,0.0,0.0,0.0,0.0,0.0,0.0,0.0,0.0,0.0,0.0,0.0,0.0,,
V3,4,6,0.0,0.0,0.0,0.0,0.0,0.0,0.0,0.0,0.0,0.0,0.0,0.0,0.0,0.0,,
V3,4,7,0.0,0.0,0.0,0.0,0.0,0.0,0.0,0.0,0.0,0.0,0.0,0.0,0.0,0.0,,
V3,4,8,0.0,0.0,0.0,0.0,0.0,0.0,0.0,0.0,0.0,0.0,0.0,0.0,0.0,0.0,,
V3,5,1,0.0,0.0,0.0,0.0,0.0,0.0,0.0,0.0,0.0,0.0,0.0,0.0,0.0,0.0,,
V3,5,2,0.0,0.0,0.0,0.0,0.0,0.0,0.0,0.0,0.0,0.0,0.0,0.0,0.0,0.0,,
V3,5,3,0.0,0.0,0.0,0.0,0.0,0.0,0.0,0.0,0.0,0.0,0.0,0.0,0.0,0.0,,
V3,5,4,0.0,0.0,0.0,0.0,0.0,0.0,0.0,0.0,0.0,0.0,0.0,0.0,0.0,0.0,,
V3,5,5,0.0,0.0,0.0,0.0,0.0,0.0,0.0,0.0,0.0,0.0,0.0,0.0,0.0,0.0,,
V3,5,6,0.0,0.0,0.0,0.0,0.0,0.0,0.0,0.0,0.0,0.0,0.0,0.0,0.0,0.0,,
V3,5,7,0.0,0.0,0.0,0.0,0.0,0.0,0.0,0.0,0.0,0.0,0.0,0.0,0.0,0.0,,
V3,5,8,0.0,0.0,0.0,0.0,0.0,0.0,0.0,0.0,0.0,0.0,0.0,0.0,0.0,0.0,,
V3,6,1,1019.0,177.0,1019.0,21.0,0.0,21.0,20.075846648731797,1062.0,1062.0,9.868516348302364,27.0,0.0,177.0,0.0,0.17369970559371933,0.17369970559371933
V3,6,2,1019.0,205.0,1019.0,39.0,0.0,39.0,52.6071495801982,1230.0,1230.0,12.530470194295049,26.0,0.0,205.0,0.0,0.2011776251226693,0.2011776251226693
V3,6,3,1019.0,75.0,1019.0,0.0,0.0,0.0,0.0,450.0,450.0,6.804227284155786,37.0,0.0,75.0,0.0,0.07360157016683022,0.07360157016683022
V3,6,4,1019.0,154.0,1019.0,12.0,1.0,12.0,14.209265746409187,924.0,918.0,8.330413041636348,29.0,0.0,154.0,0.0,0.15112855740922473,0.15112855740922473
V3,6,5,1019.0,160.0,1019.0,14.0,0.0,14.0,18.90434729670306,960.0,960.0,8.803101470693946,25.0,0.0,160.0,0.0,0.15701668302257116,0.15701668302257116
V3,6,6,1019.0,75.0,1019.0,1.0,0.0,1.0,0.9478193028939456,450.0,450.0,3.8298147497698665,26.0,0.0,75.0,0.0,0.07360157016683022,0.07360157016683022
V3,6,7,1019.0,134.0,1019.0,16.0,0.0,16.0,3.6176017819775934,804.0,804.0,9.544565756805241,29.0,0.0,134.0,0.0,0.13150147203140333,0.13150147203140333
V3,6,8,1019.0,39.0,1019.0,1.0,17.0,1.0,-14.108496358123304,234.0,72.0,1.8026371160522103,23.0,0.0,39.0,0.0,0.038272816486751716,0.038272816486751716
V3,7,1,8715.0,2025.0,8715.0,194.0,0.0,194.0,252.3790928752994,12150.0,12150.0,126.2168941469863,176.0,0.0,2025.0,0.0,0.23235800344234078,0.23235800344234078
V3,7,2,8715.0,1860.0,8715.0,147.0,0.0,147.0,302.2661317558308,11160.0,11160.0,131.04455736465752,171.0,0.0,1860.0,0.0,0.2134251290877797,0.2134251290877797
V3,7,3,8715.0,832.0,8715.0,3.0,0.0,3.0,11.756919382244476,4992.0,4992.0,84.73583169654012,170.0,0.0,832.0,0.0,0.09546758462421114,0.09546758462421114
V3,7,4,8715.0,797.0,8715.0,18.0,2.0,18.0,14.702440638606136,4782.0,4758.0,52.278076210059226,149.0,0.0,797.0,0.0,0.09145152036718301,0.09145152036718301
V3,7,5,8715.0,933.0,8715.0,27.0,1.0,27.0,41.69573443232668,5598.0,5592.0,60.897254632785916,154.0,0.0,933.0,0.0,0.10705679862306368,0.10705679862306368
V3,7,6,8715.0,760.0,8715.0,3.0,0.0,3.0,10.651558632685223,4560.0,4560.0,45.82544348575175,172.0,0.0,760.0,0.0,0.08720596672403902,0.08720596672403902
V3,7,7,8715.0,1339.0,8715.0,102.0,0.0,102.0,30.901856585288595,8034.0,7998.0,103.49299129005522,165.0,0.0,1339.0,0.0,0.15364314400458978,0.15364314400458978
V3,7,8,8715.0,169.0,8715.0,2.0,79.0,2.0,-76.92804130619334,1014.0,312.0,8.442235666327178,150.0,0.0,169.0,0.0,0.019391853126792886,0.019391853126792886
V3,8,1,1489.0,248.0,1489.0,21.0,0.0,21.0,19.994988899732558,1488.0,1488.0,10.092590699903667,37.0,0.0,248.0,0.0,0.16655473472128945,0.16655473472128945
V3,8,2,1489.0,307.0,1489.0,30.0,0.0,30.0,72.43424065582313,1842.0,1842.0,15.336374460719526,39.0,0.0,307.0,0.0,0.20617864338482203,0.20617864338482203
V3,8,3,1489.0,201.0,1489.0,8.0,0.0,8.0,47.83313415391798,1206.0,1206.0,16.339421118609607,37.0,0.0,201.0,0.0,0.13498992612491606,0.13498992612491606
V3,8,4,1489.0,166.0,1489.0,5.0,8.0,5.0,-0.2789567263625776,996.0,948.0,6.3465343452990055,43.0,0.0,166.0,0.0,0.11148421759570182,0.11148421759570182
V3,8,5,1489.0,67.0,1489.0,3.0,6.0,3.0,-5.300303384370395,402.0,366.0,2.5322695951908827,27.0,0.0,67.0,0.0,0.04499664204163868,0.04499664204163868
V3,8,6,1489.0,189.0,1489.0,2.0,0.0,2.0,10.652023752415337,1134.0,1134.0,7.4563064854592085,49.0,0.0,189.0,0.0,0.12693082605775688,0.12693082605775688
V3,8,7,1489.0,232.0,1489.0,18.0,0.0,18.0,25.06290120870159,1392.0,1392.0,10.96444707736373,33.0,0.0,232.0,0.0,0.15580926796507724,0.15580926796507724
V3,8,8,1489.0,79.0,1489.0,1.0,6.0,1.0,-5.5786884109765476,474.0,283.0,3.082423120737076,29.0,0.0,79.0,0.0,0.05305574210879785,0.05305574210879785
V3,9,1,8070.0,1296.0,8070.0,43.0,0.0,43.0,69.51645469003707,7776.0,7776.0,57.48310464434326,153.0,0.0,1296.0,0.0,0.16059479553903347,0.16059479553903347
V3,9,2,8070.0,2156.0,8070.0,128.0,0.0,128.0,319.7201517091337,12936.0,12936.0,113.88225012551993,147.0,0.0,2156.0,0.0,0.2671623296158612,0.2671623296158612
V3,9,3,8070.0,1204.0,8070.0,23.0,0.0,23.0,67.14384945851437,7224.0,7224.0,100.54755820799619,194.0,0.0,1204.0,0.0,0.14919454770755886,0.14919454770755886
V3,9,4,8070.0,499.0,8070.0,4.0,30.0,4.0,-22.965797566878372,2994.0,2733.0,20.647019686177373,151.0,0.0,499.0,0.0,0.061833952912019825,0.061833952912019825
V3,9,5,8070.0,572.0,8070.0,11.0,37.0,11.0,-9.952132725678187,3432.0,3210.0,23.85806056857109,154.0,0.0,572.0,0.0,0.07087980173482032,0.07087980173482032
V3,9,6,8070.0,993.0,8070.0,2.0,0.0,2.0,15.003004765093026,5958.0,5958.0,42.0862050075084,148.0,0.0,993.0,0.0,0.12304832713754647,0.12304832713754647
V3,9,7,8070.0,1171.0,8070.0,33.0,0.0,33.0,10.069528975165495,7026.0,7026.0,58.49133875127882,161.0,0.0,1171.0,0.0,0.14510532837670384,0.14510532837670384
V3,9,8,8070.0,179.0,8070.0,3.0,53.0,3.0,-47.566060981262744,1074.0,452.0,6.838254367001355,113.0,0.0,179.0,0.0,0.022180916976456008,0.022180916976456008
V3,10,1,617.0,85.0,617.0,24.0,0.0,24.0,69.95372596554215,510.0,510.0,3.3468079706653953,11.0,0.0,85.0,0.0,0.13776337115072934,0.13776337115072934
V3,10,2,617.0,122.0,617.0,28.0,0.0,28.0,57.45742447352201,732.0,732.0,6.077527425251901,20.0,0.0,122.0,0.0,0.19773095623987033,0.19773095623987033
V3,10,3,617.0,132.0,617.0,13.0,0.0,13.0,45.80778124940047,792.0,792.0,10.481103804893792,23.0,0.0,132.0,0.0,0.21393841166936792,0.21393841166936792
V3,10,4,617.0,53.0,617.0,4.0,0.0,4.0,12.684745841914268,318.0,318.0,2.1239215061068535,16.0,0.0,53.0,0.0,0.08589951377633712,0.08589951377633712
V3,10,5,617.0,34.0,617.0,1.0,0.0,1.0,0.9658236677934445,204.0,204.0,1.4511614963412285,17.0,0.0,34.0,0.0,0.055105348460291734,0.055105348460291734
V3,10,6,617.0,60.0,617.0,9.0,0.0,9.0,39.586236283748626,360.0,360.0,2.4446110483258963,14.0,0.0,60.0,0.0,0.09724473257698542,0.09724473257698542
V3,10,7,617.0,100.0,617.0,18.0,0.0,18.0,11.838426528594978,600.0,600.0,4.779648206196725,16.0,0.0,100.0,0.0,0.1620745542949757,0.1620745542949757
V3,10,8,617.0,31.0,617.0,0.0,2.0,0.0,-2.0,186.0,103.0,1.2102988865226507,12.0,0.0,31.0,0.0,0.050243111831442464,0.050243111831442464
V3,11,1,3713.0,796.0,3713.0,45.0,0.0,45.0,103.28302414157542,4776.0,4776.0,35.20371741987765,81.0,0.0,796.0,0.0,0.21438190142741717,0.21438190142741717
V3,11,2,3713.0,774.0,3713.0,64.0,0.0,64.0,182.59666181938312,4644.0,4644.0,41.8025296125561,77.0,0.0,774.0,0.0,0.2084567734985187,0.2084567734985187
V3,11,3,3713.0,500.0,3713.0,8.0,0.0,8.0,28.246093716363003,3000.0,3000.0,42.53759159054607,77.0,0.0,500.0,0.0,0.13466199838405601,0.13466199838405601
V3,11,4,3713.0,330.0,3713.0,7.0,9.0,7.0,-4.9046975158126305,1980.0,1919.0,14.692929213866591,75.0,0.0,330.0,0.0,0.08887691893347698,0.08887691893347698
V3,11,5,3713.0,241.0,3713.0,6.0,9.0,6.0,-7.65423347209257,1446.0,1392.0,11.268492417410016,65.0,0.0,241.0,0.0,0.064907083221115,0.064907083221115
V3,11,6,3713.0,406.0,3713.0,5.0,0.0,5.0,32.569410675733295,2436.0,2436.0,17.204582969658077,64.0,0.0,406.0,0.0,0.10934554268785349,0.10934554268785349
V3,11,7,3713.0,480.0,3713.0,29.0,0.0,29.0,7.587593812467182,2880.0,2880.0,23.91735729854554,50.0,0.0,480.0,0.0,0.12927551844869378,0.12927551844869378
V3,11,8,3713.0,186.0,3713.0,2.0,17.0,2.0,-12.463384729578497,1116.0,674.0,7.612066268920898,62.0,0.0,186.0,0.0,0.05009426339886884,0.05009426339886884
V3,12,1,1576.0,237.0,1576.0,105.0,0.0,105.0,237.1534236895068,1422.0,1422.0,9.001175277866423,49.0,0.0,237.0,0.0,0.15038071065989847,0.15038071065989847
V3,12,2,1576.0,313.0,1576.0,130.0,0.0,130.0,378.4733195773806,1878.0,1878.0,14.438653184100986,56.0,0.0,313.0,0.0,0.19860406091370558,0.19860406091370558
V3,12,3,1576.0,226.0,1576.0,52.0,0.0,52.0,134.07317365493756,1356.0,1356.0,16.96997012849897,48.0,0.0,226.0,0.0,0.1434010152284264,0.1434010152284264
V3,12,4,1576.0,168.0,1576.0,31.0,7.0,31.0,57.540033053426285,1008.0,962.0,6.053831505589187,64.0,0.0,168.0,0.0,0.1065989847715736,0.1065989847715736
V3,12,5,1576.0,178.0,1576.0,31.0,1.0,31.0,33.146748015203826,1068.0,1062.0,6.741507249884307,69.0,0.0,178.0,0.0,0.11294416243654823,0.11294416243654823
V3,12,6,1576.0,208.0,1576.0,32.0,0.0,32.0,115.46484761211227,1248.0,1248.0,7.792218869552016,56.0,0.0,208.0,0.0,0.1319796954314721,0.1319796954314721
V3,12,7,1576.0,132.0,1576.0,25.0,0.0,25.0,41.51757028705107,792.0,792.0,5.8488759864121675,62.0,0.0,132.0,0.0,0.08375634517766498,0.08375634517766498
V3,12,8,1576.0,114.0,1576.0,6.0,10.0,6.0,11.59000309986645,684.0,454.0,4.3550360929220915,64.0,0.0,114.0,0.0,0.07233502538071065,0.07233502538071065
V3,13,1,2927.0,496.0,2927.0,115.0,0.0,115.0,245.4859500773472,2976.0,2976.0,20.37933925073594,104.0,0.0,496.0,0.0,0.16945678168773487,0.16945678168773487
V3,13,2,2927.0,1056.0,2927.0,267.0,0.0,267.0,881.4710234223476,6336.0,6336.0,53.80355891119689,80.0,0.0,1056.0,0.0,0.36077895456098397,0.36077895456098397
V3,13,3,2927.0,221.0,2927.0,18.0,0.0,18.0,30.059250076748132,1326.0,1326.0,17.708298737183213,62.0,0.0,221.0,0.0,0.07550392893747865,0.07550392893747865
V3,13,4,2927.0,227.0,2927.0,17.0,10.0,17.0,8.071952003558224,1362.0,1270.0,8.617069024592638,73.0,0.0,227.0,0.0,0.07755380936112061,0.07755380936112061
V3,13,5,2927.0,234.0,2927.0,19.0,16.0,19.0,21.887856911675122,1404.0,1308.0,9.042279687710106,92.0,0.0,234.0,0.0,0.07994533652203621,0.07994533652203621
V3,13,6,2927.0,287.0,2927.0,13.0,0.0,13.0,60.01991570653466,1722.0,1722.0,11.927732482552528,93.0,0.0,287.0,0.0,0.09805261359754014,0.09805261359754014
V3,13,7,2927.0,275.0,2927.0,29.0,0.0,29.0,45.401251196299796,1650.0,1650.0,12.902438373304904,88.0,0.0,275.0,0.0,0.09395285275025624,0.09395285275025624
V3,13,8,2927.0,131.0,2927.0,5.0,21.0,5.0,-0.9083329126333899,786.0,481.0,5.018976748920977,64.0,0.0,131.0,0.0,0.044755722582849336,0.044755722582849336
V3,14,1,527.0,55.0,527.0,2.0,0.0,2.0,0.8710002522091165,330.0,330.0,2.3251556493341923,16.0,0.0,55.0,0.0,0.10436432637571158,0.10436432637571158
V3,14,2,527.0,124.0,527.0,4.0,0.0,4.0,11.175733628757522,744.0,744.0,6.315331271849573,10.0,0.0,124.0,0.0,0.23529411764705882,0.23529411764705882
V3,14,3,527.0,48.0,527.0,1.0,0.0,1.0,0.740780038989414,288.0,288.0,3.838897617533803,11.0,0.0,48.0,0.0,0.09108159392789374,0.09108159392789374
V3,14,4,527.0,73.0,527.0,2.0,0.0,2.0,0.8507604684151946,438.0,438.0,3.216830501332879,15.0,0.0,73.0,0.0,0.13851992409867173,0.13851992409867173
V3,14,5,527.0,60.0,527.0,2.0,0.0,2.0,2.8723353925339747,360.0,360.0,2.569077500142157,7.0,0.0,60.0,0.0,0.11385199240986717,0.11385199240986717
V3,14,6,527.0,50.0,527.0,0.0,0.0,0.0,0.0,300.0,300.0,2.028035302646458,7.0,0.0,50.0,0.0,0.09487666034155598,0.09487666034155598
V3,14,7,527.0,93.0,527.0,6.0,0.0,6.0,4.833193155805487,558.0,558.0,4.756463723257184,13.0,0.0,93.0,0.0,0.17647058823529413,0.17647058823529413
V3,14,8,527.0,24.0,527.0,0.0,7.0,0.0,-7.0,144.0,56.0,0.8866561343893409,9.0,0.0,24.0,0.0,0.04554079696394687,0.04554079696394687
V3,15,1,1726.0,264.0,1726.0,8.0,0.0,8.0,17.142139480100642,1584.0,1584.0,11.577151196077466,33.0,0.0,264.0,0.0,0.15295480880648898,0.15295480880648898
V3,15,2,1726.0,365.0,1726.0,15.0,0.0,15.0,25.907039350637387,2190.0,2190.0,19.182806227356195,31.0,0.0,365.0,0.0,0.21147161066048667,0.21147161066048667
V3,15,3,1726.0,222.0,1726.0,1.0,0.0,1.0,1.0188073133050102,1332.0,1332.0,18.2561430381611,36.0,0.0,222.0,0.0,0.12862108922363846,0.12862108922363846
V3,15,4,1726.0,123.0,1726.0,2.0,0.0,2.0,0.5760232790589521,738.0,738.0,6.029968542046845,33.0,0.0,123.0,0.0,0.0712630359212051,0.0712630359212051
V3,15,5,1726.0,190.0,1726.0,2.0,0.0,2.0,10.20879550846173,1140.0,1140.0,8.84868114348501,26.0,0.0,190.0,0.0,0.1100811123986095,0.1100811123986095
V3,15,6,1726.0,173.0,1726.0,1.0,0.0,1.0,7.187101215512885,1038.0,1038.0,7.303271622397006,34.0,0.0,173.0,0.0,0.10023174971031286,0.10023174971031286
V3,15,7,1726.0,347.0,1726.0,21.0,0.0,21.0,6.330020811696545,2082.0,2082.0,18.22828326653689,22.0,0.0,347.0,0.0,0.2010428736964079,0.2010428736964079
V3,15,8,1726.0,42.0,1726.0,0.0,16.0,0.0,-16.0,252.0,85.0,1.6744990106672049,22.0,0.0,42.0,0.0,0.02433371958285052,0.02433371958285052
V3,16,1,915.0,205.0,915.0,116.0,0.0,116.0,190.04368027014672,1230.0,1230.0,10.355979525484145,39.0,0.0,205.0,0.0,0.22404371584699453,0.22404371584699453
V3,16,2,915.0,132.0,915.0,51.0,0.0,51.0,84.22494847985803,792.0,792.0,7.732060358859599,34.0,0.0,132.0,0.0,0.14426229508196722,0.14426229508196722
V3,16,3,915.0,69.0,915.0,11.0,0.0,11.0,20.103470315532707,414.0,414.0,6.033418909646571,22.0,0.0,69.0,0.0,0.07540983606557378,0.07540983606557378
V3,16,4,915.0,104.0,915.0,37.0,0.0,37.0,32.04923050218761,624.0,624.0,5.281618053093553,37.0,0.0,104.0,0.0,0.11366120218579236,0.11366120218579236
V3,16,5,915.0,117.0,915.0,36.0,0.0,36.0,69.23980831419719,702.0,702.0,5.836098421365023,27.0,0.0,117.0,0.0,0.12786885245901639,0.12786885245901639
V3,16,6,915.0,108.0,915.0,14.0,0.0,14.0,48.79960452460935,648.0,648.0,5.5646178759634495,40.0,0.0,108.0,0.0,0.1180327868852459,0.1180327868852459
V3,16,7,915.0,142.0,915.0,39.0,0.0,39.0,54.18353427923429,852.0,852.0,8.734547293744981,42.0,0.0,142.0,0.0,0.1551912568306011,0.1551912568306011
V3,16,8,915.0,38.0,915.0,2.0,11.0,2.0,-1.3698473467207748,228.0,100.0,1.7008861741051078,29.0,0.0,38.0,0.0,0.041530054644808745,0.041530054644808745
V3,17,1,612.0,157.0,612.0,41.0,0.0,41.0,49.94165884231869,942.0,942.0,8.652250587940216,28.0,0.0,157.0,0.0,0.2565359477124183,0.2565359477124183
V3,17,2,612.0,122.0,612.0,37.0,0.0,37.0,36.16718863431765,732.0,732.0,7.641090216115117,20.0,0.0,122.0,0.0,0.19934640522875818,0.19934640522875818
V3,17,3,612.0,38.0,612.0,2.0,0.0,2.0,8.820523590428882,228.0,228.0,3.514188041910529,22.0,0.0,38.0,0.0,0.06209150326797386,0.06209150326797386
V3,17,4,612.0,74.0,612.0,15.0,0.0,15.0,11.729837235609025,444.0,444.0,3.85286280605942,17.0,0.0,74.0,0.0,0.12091503267973856,0.12091503267973856
V3,17,5,612.0,42.0,612.0,5.0,0.0,5.0,4.029294923096836,252.0,252.0,2.3273976696655154,12.0,0.0,42.0,0.0,0.06862745098039216,0.06862745098039216
V3,17,6,612.0,54.0,612.0,1.0,0.0,1.0,9.752919308368977,324.0,324.0,2.8992148404940963,28.0,0.0,54.0,0.0,0.08823529411764706,0.08823529411764706
V3,17,7,612.0,101.0,612.0,23.0,0.0,23.0,13.840433229435062,606.0,605.0,6.738254071213305,22.0,0.0,101.0,0.0,0.1650326797385621,0.1650326797385621
V3,17,8,612.0,24.0,612.0,1.0,13.0,1.0,-12.839420140578252,144.0,35.0,1.0530194183811545,21.0,0.0,24.0,0.0,0.0392156862745098,0.0392156862745098
V3,18,1,0.0,0.0,0.0,0.0,0.0,0.0,0.0,0.0,0.0,0.0,0.0,0.0,0.0,0.0,,
V3,18,2,0.0,0.0,0.0,0.0,0.0,0.0,0.0,0.0,0.0,0.0,0.0,0.0,0.0,0.0,,
V3,18,3,0.0,0.0,0.0,0.0,0.0,0.0,0.0,0.0,0.0,0.0,0.0,0.0,0.0,0.0,,
V3,18,4,0.0,0.0,0.0,0.0,0.0,0.0,0.0,0.0,0.0,0.0,0.0,0.0,0.0,0.0,,
V3,18,5,0.0,0.0,0.0,0.0,0.0,0.0,0.0,0.0,0.0,0.0,0.0,0.0,0.0,0.0,,
V3,18,6,0.0,0.0,0.0,0.0,0.0,0.0,0.0,0.0,0.0,0.0,0.0,0.0,0.0,0.0,,
V3,18,7,0.0,0.0,0.0,0.0,0.0,0.0,0.0,0.0,0.0,0.0,0.0,0.0,0.0,0.0,,
V3,18,8,0.0,0.0,0.0,0.0,0.0,0.0,0.0,0.0,0.0,0.0,0.0,0.0,0.0,0.0,,
V3,19,1,0.0,0.0,0.0,0.0,0.0,0.0,0.0,0.0,0.0,0.0,0.0,0.0,0.0,0.0,,
V3,19,2,0.0,0.0,0.0,0.0,0.0,0.0,0.0,0.0,0.0,0.0,0.0,0.0,0.0,0.0,,
V3,19,3,0.0,0.0,0.0,0.0,0.0,0.0,0.0,0.0,0.0,0.0,0.0,0.0,0.0,0.0,,
V3,19,4,0.0,0.0,0.0,0.0,0.0,0.0,0.0,0.0,0.0,0.0,0.0,0.0,0.0,0.0,,
V3,19,5,0.0,0.0,0.0,0.0,0.0,0.0,0.0,0.0,0.0,0.0,0.0,0.0,0.0,0.0,,
V3,19,6,0.0,0.0,0.0,0.0,0.0,0.0,0.0,0.0,0.0,0.0,0.0,0.0,0.0,0.0,,
V3,19,7,0.0,0.0,0.0,0.0,0.0,0.0,0.0,0.0,0.0,0.0,0.0,0.0,0.0,0.0,,
V3,19,8,0.0,0.0,0.0,0.0,0.0,0.0,0.0,0.0,0.0,0.0,0.0,0.0,0.0,0.0,,
V3,20,1,2133.0,452.0,2133.0,76.0,0.0,76.0,75.14426041015744,2712.0,2712.0,26.375247688032687,52.0,0.0,452.0,0.0,0.21190811064228784,0.21190811064228784
V3,20,2,2133.0,402.0,2133.0,50.0,0.0,50.0,53.36685464731492,2412.0,2412.0,27.220811119303107,58.0,0.0,402.0,0.0,0.18846694796061886,0.18846694796061886
V3,20,3,2133.0,201.0,2133.0,3.0,0.0,3.0,16.040446671350836,1206.0,1206.0,19.498501253314316,54.0,0.0,201.0,0.0,0.09423347398030943,0.09423347398030943
V3,20,4,2133.0,187.0,2133.0,14.0,0.0,14.0,11.230884385418465,1122.0,1122.0,11.37534467317164,55.0,0.0,187.0,0.0,0.0876699484294421,0.0876699484294421
V3,20,5,2133.0,372.0,2133.0,40.0,0.0,40.0,27.569658192444088,2232.0,2232.0,22.91842918097973,64.0,0.0,372.0,0.0,0.17440225035161744,0.17440225035161744
V3,20,6,2133.0,149.0,2133.0,0.0,0.0,0.0,0.0,894.0,894.0,8.699237428605556,51.0,0.0,149.0,0.0,0.06985466479137366,0.06985466479137366
V3,20,7,2133.0,310.0,2133.0,38.0,0.0,38.0,17.397529344035526,1860.0,1859.0,24.00121330935508,45.0,0.0,310.0,0.0,0.14533520862634786,0.14533520862634786
V3,20,8,2133.0,60.0,2133.0,1.0,28.0,1.0,-27.01677685658971,360.0,102.0,2.9444695068523288,47.0,0.0,60.0,0.0,0.02812939521800281,0.02812939521800281
V3,21,1,10532.0,2667.0,10532.0,293.0,0.0,293.0,192.72039851793195,16002.0,16002.0,172.0169774349779,212.0,0.0,2667.0,0.0,0.2532282567413597,0.2532282567413597
V3,21,2,10532.0,1549.0,10532.0,77.0,0.0,77.0,58.83358410264153,9294.0,9294.0,114.08696840703487,234.0,0.0,1549.0,0.0,0.1470755791872389,0.1470755791872389
V3,21,3,10532.0,853.0,10532.0,0.0,0.0,0.0,0.0,5118.0,5118.0,88.52008537389338,218.0,0.0,853.0,0.0,0.08099126471705279,0.08099126471705279
V3,21,4,10532.0,1262.0,10532.0,57.0,0.0,57.0,35.23216805419219,7572.0,7572.0,83.53022289182991,184.0,0.0,1262.0,0.0,0.11982529434105584,0.11982529434105584
V3,21,5,10532.0,1276.0,10532.0,47.0,0.0,47.0,29.22104496594268,7656.0,7656.0,85.66624779999256,190.0,0.0,1276.0,0.0,0.12115457652867452,0.12115457652867452
V3,21,6,10532.0,800.0,10532.0,2.0,0.0,2.0,1.6951245579537726,4800.0,4800.0,49.860101447440684,191.0,0.0,800.0,0.0,0.0759589821496392,0.0759589821496392
V3,21,7,10532.0,1905.0,10532.0,173.0,0.0,173.0,33.149563978880096,11430.0,11402.0,161.70947921928018,239.0,0.0,1905.0,0.0,0.18087732624382832,0.18087732624382832
V3,21,8,10532.0,220.0,10532.0,7.0,102.0,7.0,-83.24649151365068,1320.0,370.0,11.824368253350258,170.0,0.0,220.0,0.0,0.020888720091150777,0.020888720091150777
V3,22,1,2620.0,427.0,2620.0,30.0,0.0,30.0,57.9524693414366,2562.0,2562.0,17.933834706433117,65.0,0.0,427.0,0.0,0.16297709923664122,0.16297709923664122
V3,22,2,2620.0,549.0,2620.0,56.0,0.0,56.0,125.07169259337428,3294.0,3294.0,27.59161319863051,59.0,0.0,549.0,0.0,0.20954198473282443,0.20954198473282443
V3,22,3,2620.0,308.0,2620.0,4.0,0.0,4.0,3.796805405873698,1848.0,1848.0,24.612054586410522,65.0,0.0,308.0,0.0,0.11755725190839694,0.11755725190839694
V3,22,4,2620.0,237.0,2620.0,8.0,1.0,8.0,33.06369250415637,1422.0,1414.0,9.900590090081096,67.0,0.0,237.0,0.0,0.09045801526717558,0.09045801526717558
V3,22,5,2620.0,313.0,2620.0,17.0,1.0,17.0,16.148434753041702,1878.0,1872.0,13.29655403085053,55.0,0.0,313.0,0.0,0.11946564885496183,0.11946564885496183
V3,22,6,2620.0,221.0,2620.0,2.0,0.0,2.0,7.320044558932997,1326.0,1326.0,8.963485178537667,76.0,0.0,221.0,0.0,0.08435114503816794,0.08435114503816794
V3,22,7,2620.0,442.0,2620.0,35.0,0.0,35.0,25.86822826784315,2652.0,2652.0,21.502454398199916,49.0,0.0,442.0,0.0,0.1687022900763359,0.1687022900763359
V3,22,8,2620.0,123.0,2620.0,4.0,37.0,4.0,-20.847096301825484,738.0,340.0,4.539594516158104,63.0,0.0,123.0,0.0,0.046946564885496186,0.046946564885496186
V3,23,1,8521.0,1609.0,8521.0,81.0,0.0,81.0,161.07201820363412,9654.0,9654.0,71.26686605997384,193.0,0.0,1609.0,0.0,0.1888276023940852,0.1888276023940852
V3,23,2,8521.0,1585.0,8521.0,70.0,0.0,70.0,148.2143269008248,9510.0,9510.0,81.94391676597297,175.0,0.0,1585.0,0.0,0.18601103156906468,0.18601103156906468
V3,23,3,8521.0,1046.0,8521.0,15.0,0.0,15.0,25.228548115002226,6276.0,6276.0,86.02069488260895,156.0,0.0,1046.0,0.0,0.12275554512381176,0.12275554512381176
V3,23,4,8521.0,929.0,8521.0,11.0,5.0,11.0,10.884100775321954,5574.0,5532.0,40.83649623580277,152.0,0.0,929.0,0.0,0.10902476235183664,0.10902476235183664
V3,23,5,8521.0,1091.0,8521.0,24.0,4.0,24.0,27.304286697950957,6546.0,6522.0,50.12108381744474,147.0,0.0,1091.0,0.0,0.12803661542072528,0.12803661542072528
V3,23,6,8521.0,868.0,8521.0,1.0,0.0,1.0,1.1628480148591565,5208.0,5208.0,36.18671208899468,144.0,0.0,868.0,0.0,0.10186597817157611,0.10186597817157611
V3,23,7,8521.0,1197.0,8521.0,59.0,0.0,59.0,32.89515086032434,7182.0,7182.0,60.021197873167694,143.0,0.0,1197.0,0.0,0.1404764698978993,0.1404764698978993
V3,23,8,8521.0,196.0,8521.0,1.0,73.0,1.0,-72.89104371647838,1176.0,429.0,7.486809857189655,139.0,0.0,196.0,0.0,0.023001995071001057,0.023001995071001057
V3,24,1,352.0,95.0,352.0,23.0,0.0,23.0,49.51847120372731,570.0,570.0,3.8071544487029314,17.0,0.0,95.0,0.0,0.26988636363636365,0.26988636363636365
V3,24,2,352.0,56.0,352.0,8.0,0.0,8.0,20.26422673050311,336.0,336.0,2.7587659768760204,17.0,0.0,56.0,0.0,0.1590909090909091,0.1590909090909091
V3,24,3,352.0,28.0,352.0,5.0,0.0,5.0,21.95255374431243,168.0,168.0,2.1741335541009903,10.0,0.0,28.0,0.0,0.07954545454545454,0.07954545454545454
V3,24,4,352.0,29.0,352.0,3.0,0.0,3.0,12.229893584415585,174.0,174.0,1.1955115124583244,14.0,0.0,29.0,0.0,0.08238636363636363,0.08238636363636363
V3,24,5,352.0,33.0,352.0,5.0,0.0,5.0,4.2246636889279685,198.0,198.0,1.2763977982103825,8.0,0.0,33.0,0.0,0.09375,0.09375
V3,24,6,352.0,58.0,352.0,8.0,0.0,8.0,64.68477564218273,348.0,348.0,2.283957897685468,12.0,0.0,58.0,0.0,0.16477272727272727,0.16477272727272727
V3,24,7,352.0,43.0,352.0,7.0,0.0,7.0,16.756413679439877,258.0,258.0,2.0950353499501944,10.0,0.0,43.0,0.0,0.12215909090909091,0.12215909090909091
V3,24,8,352.0,10.0,352.0,1.0,2.0,1.0,0.9458482309717442,60.0,42.0,0.3699284940958023,5.0,0.0,10.0,0.0,0.028409090909090908,0.028409090909090908
V3,25,1,1045.0,92.0,1045.0,1.0,0.0,1.0,0.4020482210281073,552.0,552.0,4.00223749037832,21.0,0.0,92.0,0.0,0.08803827751196172,0.08803827751196172
V3,25,2,1045.0,207.0,1045.0,14.0,0.0,14.0,18.31506237378956,1242.0,1242.0,10.421913282945752,30.0,0.0,207.0,0.0,0.19808612440191387,0.19808612440191387
V3,25,3,1045.0,106.0,1045.0,1.0,0.0,1.0,0.41421218223792744,636.0,636.0,8.673660246655345,26.0,0.0,106.0,0.0,0.10143540669856459,0.10143540669856459
V3,25,4,1045.0,102.0,1045.0,2.0,0.0,2.0,1.7447404030187799,612.0,612.0,4.512479011900723,19.0,0.0,102.0,0.0,0.09760765550239234,0.09760765550239234
V3,25,5,1045.0,154.0,1045.0,5.0,0.0,5.0,19.775330109973755,924.0,924.0,6.699239526875317,16.0,0.0,154.0,0.0,0.14736842105263157,0.14736842105263157
V3,25,6,1045.0,77.0,1045.0,0.0,0.0,0.0,0.0,462.0,462.0,3.3251390662044287,23.0,0.0,77.0,0.0,0.07368421052631578,0.07368421052631578
V3,25,7,1045.0,276.0,1045.0,24.0,0.0,24.0,8.502165968518838,1656.0,1656.0,13.2699005138129,29.0,0.0,276.0,0.0,0.2641148325358852,0.2641148325358852
V3,25,8,1045.0,31.0,1045.0,0.0,4.0,0.0,-4.0,186.0,113.0,1.2552459388971329,9.0,0.0,31.0,0.0,0.02966507177033493,0.02966507177033493
V3,26,1,678.0,117.0,678.0,55.0,0.0,55.0,173.4129674259018,702.0,702.0,4.361790906637907,24.0,0.0,117.0,0.0,0.17256637168141592,0.17256637168141592
V3,26,2,678.0,108.0,678.0,34.0,0.0,34.0,93.59080759440059,648.0,648.0,4.8800174267962575,25.0,0.0,108.0,0.0,0.1592920353982301,0.1592920353982301
V3,26,3,678.0,77.0,678.0,17.0,0.0,17.0,49.47951720917131,462.0,462.0,5.737480876967311,11.0,0.0,77.0,0.0,0.11356932153392331,0.11356932153392331
V3,26,4,678.0,76.0,678.0,26.0,0.0,26.0,54.15552609494335,456.0,456.0,2.784038390032947,22.0,0.0,76.0,0.0,0.11209439528023599,0.11209439528023599
V3,26,5,678.0,103.0,678.0,21.0,0.0,21.0,55.975170261923616,618.0,618.0,3.8418608997017145,26.0,0.0,103.0,0.0,0.15191740412979352,0.15191740412979352
V3,26,6,678.0,101.0,678.0,18.0,0.0,18.0,110.76987791197699,606.0,606.0,3.759634582325816,26.0,0.0,101.0,0.0,0.14896755162241887,0.14896755162241887
V3,26,7,678.0,58.0,678.0,7.0,0.0,7.0,4.087731213632892,348.0,348.0,2.6056411312893033,24.0,0.0,58.0,0.0,0.0855457227138643,0.0855457227138643
V3,26,8,678.0,38.0,678.0,7.0,5.0,7.0,27.915756396442607,228.0,134.0,1.3699655504897237,25.0,0.0,38.0,0.0,0.05604719764011799,0.05604719764011799
V3,27,1,609.0,112.0,609.0,28.0,0.0,28.0,85.53829687360336,672.0,672.0,4.315831719897687,16.0,0.0,112.0,0.0,0.1839080459770115,0.1839080459770115
V3,27,2,609.0,133.0,609.0,27.0,0.0,27.0,71.20190979860396,798.0,798.0,6.080571374855936,25.0,0.0,133.0,0.0,0.21839080459770116,0.21839080459770116
V3,27,3,609.0,59.0,609.0,9.0,0.0,9.0,31.699116727001886,354.0,354.0,4.455245461314917,12.0,0.0,59.0,0.0,0.09688013136288999,0.09688013136288999
V3,27,4,609.0,74.0,609.0,8.0,0.0,8.0,16.47480289376392,444.0,444.0,2.778827744536102,19.0,0.0,74.0,0.0,0.12151067323481117,0.12151067323481117
V3,27,5,609.0,42.0,609.0,0.0,0.0,0.0,0.0,252.0,252.0,1.6210193075239658,18.0,0.0,42.0,0.0,0.06896551724137931,0.06896551724137931
V3,27,6,609.0,43.0,609.0,0.0,0.0,0.0,0.0,258.0,258.0,1.631285585463047,20.0,0.0,43.0,0.0,0.07060755336617405,0.07060755336617405
V3,27,7,609.0,101.0,609.0,11.0,0.0,11.0,14.991966329578165,606.0,606.0,4.465985792689025,18.0,0.0,101.0,0.0,0.16584564860426929,0.16584564860426929
V3,27,8,609.0,45.0,609.0,4.0,7.0,4.0,8.70019885157532,270.0,158.0,1.640971953049302,13.0,0.0,45.0,0.0,0.07389162561576355,0.07389162561576355
V3,28,1,429.0,115.0,429.0,9.0,0.0,9.0,41.923189827172735,690.0,690.0,4.76707336306572,10.0,0.0,115.0,0.0,0.2680652680652681,0.2680652680652681
V3,28,2,429.0,72.0,429.0,4.0,0.0,4.0,8.39838392454331,432.0,432.0,3.6781070474535227,13.0,0.0,72.0,0.0,0.16783216783216784,0.16783216783216784
V3,28,3,429.0,29.0,429.0,1.0,0.0,1.0,0.92545870836676,174.0,174.0,2.341414988040924,7.0,0.0,29.0,0.0,0.0675990675990676,0.0675990675990676
V3,28,4,429.0,39.0,429.0,3.0,0.0,3.0,8.663769163016886,234.0,234.0,1.697181200608611,8.0,0.0,39.0,0.0,0.09090909090909091,0.09090909090909091
V3,28,5,429.0,27.0,429.0,0.0,0.0,0.0,0.0,162.0,162.0,1.0759363966062665,12.0,0.0,27.0,0.0,0.06293706293706294,0.06293706293706294
V3,28,6,429.0,34.0,429.0,0.0,0.0,0.0,0.0,204.0,204.0,1.3868772769346833,10.0,0.0,34.0,0.0,0.07925407925407925,0.07925407925407925
V3,28,7,429.0,99.0,429.0,9.0,0.0,9.0,10.127039365558346,594.0,594.0,4.837006957270205,7.0,0.0,99.0,0.0,0.23076923076923078,0.23076923076923078
V3,28,8,429.0,14.0,429.0,0.0,7.0,0.0,-7.0,84.0,16.0,0.485083038918674,7.0,0.0,14.0,0.0,0.03263403263403263,0.03263403263403263
V3,29,1,1525.0,296.0,1525.0,21.0,0.0,21.0,96.49608331276974,1776.0,1776.0,12.397189754992723,35.0,0.0,296.0,0.0,0.1940983606557377,0.1940983606557377
V3,29,2,1525.0,242.0,1525.0,10.0,0.0,10.0,18.80169972919014,1452.0,1452.0,12.401976116001606,22.0,0.0,242.0,0.0,0.15868852459016394,0.15868852459016394
V3,29,3,1525.0,150.0,1525.0,2.0,0.0,2.0,10.801315848050509,900.0,900.0,12.617845104075968,36.0,0.0,150.0,0.0,0.09836065573770492,0.09836065573770492
V3,29,4,1525.0,122.0,1525.0,2.0,0.0,2.0,0.7417486529073702,732.0,732.0,5.5585746839642525,26.0,0.0,122.0,0.0,0.08,0.08
V3,29,5,1525.0,101.0,1525.0,2.0,0.0,2.0,11.449334921500224,606.0,606.0,4.71834109723568,22.0,0.0,101.0,0.0,0.06622950819672131,0.06622950819672131
V3,29,6,1525.0,126.0,1525.0,2.0,0.0,2.0,14.391303776487813,756.0,756.0,5.161067392677069,35.0,0.0,126.0,0.0,0.08262295081967214,0.08262295081967214
V3,29,7,1525.0,452.0,1525.0,59.0,0.0,59.0,241.77581405583356,2712.0,2712.0,24.61736585199833,25.0,0.0,452.0,0.0,0.2963934426229508,0.2963934426229508
V3,29,8,1525.0,36.0,1525.0,0.0,22.0,0.0,-22.0,216.0,33.0,1.273782178759575,26.0,0.0,36.0,0.0,0.02360655737704918,0.02360655737704918
V3,30,1,2656.0,425.0,2656.0,176.0,0.0,176.0,628.9789467136756,2550.0,2550.0,23.056178747676313,80.0,0.0,425.0,0.0,0.16001506024096385,0.16001506024096385
V3,30,2,2656.0,532.0,2656.0,175.0,0.0,175.0,518.3809004481171,3192.0,3192.0,34.33217757474631,112.0,0.0,532.0,0.0,0.2003012048192771,0.2003012048192771
V3,30,3,2656.0,129.0,2656.0,13.0,0.0,13.0,54.05354340925862,774.0,774.0,11.565613108687103,79.0,0.0,129.0,0.0,0.048569277108433735,0.048569277108433735
V3,30,4,2656.0,313.0,2656.0,89.0,0.0,89.0,273.90052745379967,1878.0,1878.0,17.984380490146577,77.0,0.0,313.0,0.0,0.11784638554216867,0.11784638554216867
V3,30,5,2656.0,455.0,2656.0,127.0,0.0,127.0,343.84192088895776,2730.0,2730.0,25.89510879293084,96.0,0.0,455.0,0.0,0.17131024096385541,0.17131024096385541
V3,30,6,2656.0,275.0,2656.0,33.0,0.0,33.0,196.37294411957083,1650.0,1650.0,14.13900726661086,107.0,0.0,275.0,0.0,0.10353915662650602,0.10353915662650602
V3,30,7,2656.0,352.0,2656.0,118.0,0.0,118.0,513.1243206852085,2112.0,2092.0,23.125314264558256,76.0,0.0,352.0,0.0,0.13253012048192772,0.13253012048192772
V3,30,8,2656.0,175.0,2656.0,31.0,74.0,31.0,130.1081533036109,1050.0,349.0,8.191409792751074,86.0,0.0,175.0,0.0,0.06588855421686747,0.06588855421686747
V3,31,1,7039.0,1251.0,7039.0,170.0,0.0,170.0,365.8367711033318,7506.0,7506.0,80.59384778700769,149.0,0.0,1251.0,0.0,0.17772410853814463,0.17772410853814463
V3,31,2,7039.0,1077.0,7039.0,117.0,0.0,117.0,264.4815367360031,6462.0,6462.0,77.18609777465463,206.0,0.0,1077.0,0.0,0.15300468816593266,0.15300468816593266
V3,31,3,7039.0,622.0,7039.0,25.0,0.0,25.0,131.57563899339416,3732.0,3732.0,61.05831959936768,190.0,0.0,622.0,0.0,0.08836482454894161,0.08836482454894161
V3,31,4,7039.0,933.0,7039.0,89.0,0.0,89.0,186.042343713365,5598.0,5598.0,60.53206227347255,153.0,0.0,933.0,0.0,0.1325472368234124,0.1325472368234124
V3,31,5,7039.0,964.0,7039.0,100.0,0.0,100.0,224.75784303301918,5784.0,5784.0,62.853107064031065,166.0,0.0,964.0,0.0,0.1369512714874272,0.1369512714874272
V3,31,6,7039.0,519.0,7039.0,5.0,0.0,5.0,50.0,3114.0,3114.0,31.22492063883692,166.0,0.0,519.0,0.0,0.07373206421366671,0.07373206421366671
V3,31,7,7039.0,1465.0,7039.0,276.0,0.0,276.0,813.87780343206,8790.0,8582.0,114.21753333229572,146.0,0.0,1465.0,0.0,0.20812615428327888,0.20812615428327888
V3,31,8,7039.0,208.0,7039.0,14.0,117.0,14.0,-2.815090689342629,1248.0,264.0,10.067821678705513,132.0,0.0,208.0,0.0,0.029549651939195908,0.029549651939195908
V3,32,1,0.0,0.0,0.0,0.0,0.0,0.0,0.0,0.0,0.0,0.0,0.0,0.0,0.0,0.0,,
V3,32,2,0.0,0.0,0.0,0.0,0.0,0.0,0.0,0.0,0.0,0.0,0.0,0.0,0.0,0.0,,
V3,32,3,0.0,0.0,0.0,0.0,0.0,0.0,0.0,0.0,0.0,0.0,0.0,0.0,0.0,0.0,,
V3,32,4,0.0,0.0,0.0,0.0,0.0,0.0,0.0,0.0,0.0,0.0,0.0,0.0,0.0,0.0,,
V3,32,5,0.0,0.0,0.0,0.0,0.0,0.0,0.0,0.0,0.0,0.0,0.0,0.0,0.0,0.0,,
V3,32,6,0.0,0.0,0.0,0.0,0.0,0.0,0.0,0.0,0.0,0.0,0.0,0.0,0.0,0.0,,
V3,32,7,0.0,0.0,0.0,0.0,0.0,0.0,0.0,0.0,0.0,0.0,0.0,0.0,0.0,0.0,,
V3,32,8,0.0,0.0,0.0,0.0,0.0,0.0,0.0,0.0,0.0,0.0,0.0,0.0,0.0,0.0,,
V3,33,1,0.0,0.0,0.0,0.0,0.0,0.0,0.0,0.0,0.0,0.0,0.0,0.0,0.0,0.0,,
V3,33,2,0.0,0.0,0.0,0.0,0.0,0.0,0.0,0.0,0.0,0.0,0.0,0.0,0.0,0.0,,
V3,33,3,0.0,0.0,0.0,0.0,0.0,0.0,0.0,0.0,0.0,0.0,0.0,0.0,0.0,0.0,,
V3,33,4,0.0,0.0,0.0,0.0,0.0,0.0,0.0,0.0,0.0,0.0,0.0,0.0,0.0,0.0,,
V3,33,5,0.0,0.0,0.0,0.0,0.0,0.0,0.0,0.0,0.0,0.0,0.0,0.0,0.0,0.0,,
V3,33,6,0.0,0.0,0.0,0.0,0.0,0.0,0.0,0.0,0.0,0.0,0.0,0.0,0.0,0.0,,
V3,33,7,0.0,0.0,0.0,0.0,0.0,0.0,0.0,0.0,0.0,0.0,0.0,0.0,0.0,0.0,,
V3,33,8,0.0,0.0,0.0,0.0,0.0,0.0,0.0,0.0,0.0,0.0,0.0,0.0,0.0,0.0,,
V3,34,1,485.0,111.0,485.0,16.0,0.0,16.0,14.367090227994659,666.0,666.0,7.194825827144086,11.0,0.0,111.0,0.0,0.2288659793814433,0.2288659793814433
V3,34,2,485.0,52.0,485.0,4.0,0.0,4.0,2.410086480111116,312.0,312.0,3.8532416550442576,14.0,0.0,52.0,0.0,0.10721649484536082,0.10721649484536082
V3,34,3,485.0,29.0,485.0,0.0,0.0,0.0,0.0,174.0,174.0,2.792768992483616,10.0,0.0,29.0,0.0,0.05979381443298969,0.05979381443298969
V3,34,4,485.0,62.0,485.0,2.0,0.0,2.0,0.3068607185475435,372.0,372.0,4.4111317321658134,10.0,0.0,62.0,0.0,0.12783505154639174,0.12783505154639174
V3,34,5,485.0,100.0,485.0,4.0,0.0,4.0,15.95896403758875,600.0,600.0,6.729117595590651,11.0,0.0,100.0,0.0,0.20618556701030927,0.20618556701030927
V3,34,6,485.0,32.0,485.0,0.0,0.0,0.0,0.0,192.0,192.0,1.9274009494110942,12.0,0.0,32.0,0.0,0.06597938144329897,0.06597938144329897
V3,34,7,485.0,74.0,485.0,12.0,0.0,12.0,5.319551465864329,444.0,435.0,6.037215699441731,10.0,0.0,74.0,0.0,0.15257731958762888,0.15257731958762888
V3,34,8,485.0,25.0,485.0,1.0,16.0,1.0,-14.533253915448146,150.0,33.0,1.3351329024881124,10.0,0.0,25.0,0.0,0.05154639175257732,0.05154639175257732
V3,35,1,4286.0,941.0,4286.0,82.0,0.0,82.0,79.37797933671962,5646.0,5646.0,64.36656561028212,88.0,0.0,941.0,0.0,0.2195520298646757,0.2195520298646757
V3,35,2,4286.0,606.0,4286.0,29.0,0.0,29.0,36.06653487818784,3636.0,3636.0,46.24116649385542,81.0,0.0,606.0,0.0,0.14139057396173588,0.14139057396173588
V3,35,3,4286.0,328.0,4286.0,0.0,0.0,0.0,0.0,1968.0,1968.0,34.56206692196429,86.0,0.0,328.0,0.0,0.07652823145123658,0.07652823145123658
V3,35,4,4286.0,572.0,4286.0,26.0,0.0,26.0,23.317220121757565,3432.0,3432.0,41.38289174810052,82.0,0.0,572.0,0.0,0.13345776948203453,0.13345776948203453
V3,35,5,4286.0,459.0,4286.0,19.0,0.0,19.0,17.692851051956236,2754.0,2754.0,32.753109463490546,70.0,0.0,459.0,0.0,0.10709286047596826,0.10709286047596826
V3,35,6,4286.0,325.0,4286.0,0.0,0.0,0.0,0.0,1950.0,1950.0,21.127331021241844,71.0,0.0,325.0,0.0,0.07582827811479234,0.07582827811479234
V3,35,7,4286.0,979.0,4286.0,113.0,0.0,113.0,67.81042252525174,5874.0,5835.0,84.01942647062242,70.0,0.0,979.0,0.0,0.22841810545963603,0.22841810545963603
V3,35,8,4286.0,76.0,4286.0,1.0,60.0,1.0,-59.59921689950916,456.0,49.0,4.181463201530278,61.0,0.0,76.0,0.0,0.01773215118992067,0.01773215118992067
V3,36,1,1708.0,445.0,1708.0,48.0,0.0,48.0,172.82729169702426,2670.0,2670.0,18.525525613687932,39.0,0.0,445.0,0.0,0.2605386416861827,0.2605386416861827
V3,36,2,1708.0,296.0,1708.0,30.0,0.0,30.0,77.79004637366626,1776.0,1776.0,14.392935941927135,52.0,0.0,296.0,0.0,0.17330210772833723,0.17330210772833723
V3,36,3,1708.0,110.0,1708.0,3.0,0.0,3.0,5.314286801449046,660.0,660.0,8.8540582312271,34.0,0.0,110.0,0.0,0.06440281030444965,0.06440281030444965
V3,36,4,1708.0,125.0,1708.0,2.0,0.0,2.0,5.2210977781770405,750.0,750.0,5.660597276873887,34.0,0.0,125.0,0.0,0.07318501170960187,0.07318501170960187
V3,36,5,1708.0,230.0,1708.0,19.0,0.0,19.0,45.59267323665077,1380.0,1380.0,10.074980944395065,41.0,0.0,230.0,0.0,0.13466042154566746,0.13466042154566746
V3,36,6,1708.0,102.0,1708.0,0.0,0.0,0.0,0.0,612.0,612.0,4.122736695222557,45.0,0.0,102.0,0.0,0.059718969555035126,0.059718969555035126
V3,36,7,1708.0,334.0,1708.0,55.0,0.0,55.0,246.65517601310341,2004.0,2004.0,16.803569968789816,43.0,0.0,334.0,0.0,0.1955503512880562,0.1955503512880562
V3,36,8,1708.0,66.0,1708.0,3.0,33.0,3.0,-12.939285197005841,396.0,104.0,2.4947375915944576,35.0,0.0,66.0,0.0,0.03864168618266979,0.03864168618266979
V3,37,1,7515.0,1308.0,7515.0,60.0,0.0,60.0,176.9742609450329,7848.0,7848.0,58.123644741252065,148.0,0.0,1308.0,0.0,0.17405189620758482,0.17405189620758482
V3,37,2,7515.0,1209.0,7515.0,61.0,0.0,61.0,172.390983447757,7254.0,7254.0,62.885425593703985,155.0,0.0,1209.0,0.0,0.16087824351297406,0.16087824351297406
V3,37,3,7515.0,808.0,7515.0,13.0,0.0,13.0,40.39015997741025,4848.0,4848.0,67.34573996812105,155.0,0.0,808.0,0.0,0.10751829673985362,0.10751829673985362
V3,37,4,7515.0,743.0,7515.0,14.0,3.0,14.0,34.30198483956031,4458.0,4440.0,34.12529990263283,125.0,0.0,743.0,0.0,0.09886892880904857,0.09886892880904857
V3,37,5,7515.0,912.0,7515.0,32.0,5.0,32.0,96.43162711292587,5472.0,5442.0,41.95755282510072,143.0,0.0,912.0,0.0,0.12135728542914172,0.12135728542914172
V3,37,6,7515.0,667.0,7515.0,1.0,0.0,1.0,0.24282552729225082,4002.0,4002.0,28.261488046497107,124.0,0.0,667.0,0.0,0.08875582168995343,0.08875582168995343
V3,37,7,7515.0,1637.0,7515.0,127.0,0.0,127.0,421.8459084713762,9822.0,9822.0,86.82486257236451,138.0,0.0,1637.0,0.0,0.21783100465735197,0.21783100465735197
V3,37,8,7515.0,231.0,7515.0,12.0,109.0,12.0,-28.727540043049462,1386.0,348.0,8.694217472337186,115.0,0.0,231.0,0.0,0.030738522954091817,0.030738522954091817
V3,38,1,80.0,8.0,80.0,1.0,0.0,1.0,0.10114437564914544,48.0,48.0,0.3207056652754545,2.0,0.0,8.0,0.0,0.1,0.1
V3,38,2,80.0,7.0,80.0,1.0,0.0,1.0,1.72416888807836,42.0,42.0,0.33629927411675453,2.0,0.0,7.0,0.0,0.0875,0.0875
V3,38,3,80.0,9.0,80.0,0.0,0.0,0.0,0.0,54.0,54.0,0.7064935080707073,2.0,0.0,9.0,0.0,0.1125,0.1125
V3,38,4,80.0,8.0,80.0,1.0,0.0,1.0,0.4219780179197865,48.0,48.0,0.322995200753212,3.0,0.0,8.0,0.0,0.1,0.1
V3,38,5,80.0,17.0,80.0,4.0,0.0,4.0,16.750840141801767,102.0,102.0,0.6882720608264208,1.0,0.0,17.0,0.0,0.2125,0.2125
V3,38,6,80.0,10.0,80.0,1.0,0.0,1.0,10.0,60.0,60.0,0.39610452856868505,3.0,0.0,10.0,0.0,0.125,0.125
V3,38,7,80.0,8.0,80.0,7.0,0.0,7.0,5.023015192917489,48.0,48.0,0.3761453842744231,3.0,0.0,8.0,0.0,0.1,0.1
V3,38,8,80.0,13.0,80.0,1.0,7.0,1.0,3.0,78.0,10.0,0.42379098664969206,2.0,0.0,13.0,0.0,0.1625,0.1625
V3,39,1,177.0,49.0,177.0,4.0,0.0,4.0,4.325528005981074,294.0,294.0,2.1952687120065093,7.0,0.0,49.0,0.0,0.2768361581920904,0.2768361581920904
V3,39,2,177.0,10.0,177.0,2.0,0.0,2.0,2.3169407180600388,60.0,60.0,0.4865395985543728,2.0,0.0,10.0,0.0,0.05649717514124294,0.05649717514124294
V3,39,3,177.0,12.0,177.0,0.0,0.0,0.0,0.0,72.0,72.0,1.00066377222538,4.0,0.0,12.0,0.0,0.06779661016949153,0.06779661016949153
V3,39,4,177.0,4.0,177.0,0.0,0.0,0.0,0.0,24.0,24.0,0.17206078302115202,1.0,0.0,4.0,0.0,0.022598870056497175,0.022598870056497175
V3,39,5,177.0,22.0,177.0,1.0,0.0,1.0,10.0,132.0,132.0,0.9081592792645097,7.0,0.0,22.0,0.0,0.12429378531073447,0.12429378531073447
V3,39,6,177.0,20.0,177.0,0.0,0.0,0.0,0.0,120.0,120.0,0.8469504890963435,6.0,0.0,20.0,0.0,0.11299435028248588,0.11299435028248588
V3,39,7,177.0,54.0,177.0,7.0,0.0,7.0,5.63703993609542,324.0,324.0,2.8471618480980396,4.0,0.0,54.0,0.0,0.3050847457627119,0.3050847457627119
V3,39,8,177.0,6.0,177.0,0.0,3.0,0.0,-3.0,36.0,13.0,0.21778637450188398,3.0,0.0,6.0,0.0,0.03389830508474576,0.03389830508474576
V3,40,1,177.0,19.0,177.0,8.0,0.0,8.0,51.802460138011625,114.0,114.0,0.7268974799662828,7.0,0.0,19.0,0.0,0.10734463276836158,0.10734463276836158
V3,40,2,177.0,17.0,177.0,11.0,0.0,11.0,70.67200633685373,102.0,102.0,0.8001874359324574,6.0,0.0,17.0,0.0,0.096045197740113,0.096045197740113
V3,40,3,177.0,25.0,177.0,8.0,0.0,8.0,35.948413833052534,150.0,150.0,1.9189767530187964,9.0,0.0,25.0,0.0,0.14124293785310735,0.14124293785310735
V3,40,4,177.0,13.0,177.0,1.0,0.0,1.0,6.244371190933289,78.0,78.0,0.5134504130110145,4.0,0.0,13.0,0.0,0.07344632768361582,0.07344632768361582
V3,40,5,177.0,19.0,177.0,4.0,0.0,4.0,16.611919981194326,114.0,114.0,0.747159831225872,11.0,0.0,19.0,0.0,0.10734463276836158,0.10734463276836158
V3,40,6,177.0,34.0,177.0,5.0,0.0,5.0,31.05924996632327,204.0,204.0,1.347009756602347,19.0,0.0,34.0,0.0,0.192090395480226,0.192090395480226
V3,40,7,177.0,41.0,177.0,15.0,0.0,15.0,63.15271462491065,246.0,246.0,1.8857413046061993,10.0,0.0,41.0,0.0,0.23163841807909605,0.23163841807909605
V3,40,8,177.0,9.0,177.0,0.0,2.0,0.0,-2.0,54.0,30.0,0.34786153584718704,6.0,0.0,9.0,0.0,0.05084745762711865,0.05084745762711865
V3,41,1,183.0,20.0,183.0,4.0,0.0,4.0,7.544501061978078,120.0,120.0,0.8071677321568131,4.0,0.0,20.0,0.0,0.1092896174863388,0.1092896174863388
V3,41,2,183.0,43.0,183.0,5.0,0.0,5.0,5.820573821261526,258.0,258.0,2.0749242370948195,8.0,0.0,43.0,0.0,0.23497267759562843,0.23497267759562843
V3,41,3,183.0,11.0,183.0,1.0,0.0,1.0,1.9854344756560793,66.0,66.0,0.8619659636169672,5.0,0.0,11.0,0.0,0.060109289617486336,0.060109289617486336
V3,41,4,183.0,15.0,183.0,2.0,0.0,2.0,2.1507855020156206,90.0,90.0,0.5674524363130331,4.0,0.0,15.0,0.0,0.08196721311475409,0.08196721311475409
V3,41,5,183.0,38.0,183.0,3.0,0.0,3.0,10.472249917104213,228.0,228.0,1.5115496944636106,4.0,0.0,38.0,0.0,0.20765027322404372,0.20765027322404372
V3,41,6,183.0,14.0,183.0,0.0,0.0,0.0,0.0,84.0,84.0,0.5588100524619222,7.0,0.0,14.0,0.0,0.07650273224043716,0.07650273224043716
V3,41,7,183.0,26.0,183.0,4.0,0.0,4.0,13.457614244705338,156.0,156.0,1.2329092668369412,7.0,0.0,26.0,0.0,0.14207650273224043,0.14207650273224043
V3,41,8,183.0,16.0,183.0,1.0,6.0,1.0,4.0,96.0,28.0,0.582190073095262,5.0,0.0,16.0,0.0,0.08743169398907104,0.08743169398907104
V4,0,1,101.0,28.0,101.0,9.0,0.0,9.0,13.595298524921779,168.0,168.0,1.222510226070881,4.0,0.0,28.0,0.0,0.27722772277227725,0.27722772277227725
V4,0,2,101.0,13.0,101.0,5.0,0.0,5.0,12.95677240736926,78.0,78.0,0.6453478876501322,2.0,0.0,13.0,0.0,0.12871287128712872,0.12871287128712872
V4,0,3,101.0,9.0,101.0,2.0,0.0,2.0,11.342440596588753,54.0,54.0,0.7054456993937492,3.0,0.0,9.0,0.0,0.0891089108910891,0.0891089108910891
V4,0,4,101.0,10.0,101.0,1.0,0.0,1.0,0.11653692069674072,60.0,60.0,0.4169383626431227,3.0,0.0,10.0,0.0,0.09900990099009901,0.09900990099009901
V4,0,5,101.0,11.0,101.0,0.0,0.0,0.0,0.0,66.0,66.0,0.49508221074938774,3.0,0.0,11.0,0.0,0.10891089108910891,0.10891089108910891
V4,0,6,101.0,9.0,101.0,0.0,0.0,0.0,0.0,54.0,54.0,0.3647076226770878,4.0,0.0,9.0,0.0,0.0891089108910891,0.0891089108910891
V4,0,7,101.0,12.0,101.0,1.0,0.0,1.0,0.10876054763700402,72.0,72.0,0.5570615297183394,5.0,0.0,12.0,0.0,0.1188118811881188,0.1188118811881188
V4,0,8,101.0,9.0,101.0,2.0,2.0,2.0,6.437704766678818,54.0,31.0,0.3614933555945754,1.0,0.0,9.0,0.0,0.0891089108910891,0.0891089108910891
V4,1,1,1089.0,154.0,1089.0,5.0,0.0,5.0,19.135696328676005,924.0,924.0,7.135284150019288,22.0,0.0,154.0,0.0,0.1414141414141414,0.1414141414141414
V4,1,2,1089.0,366.0,1089.0,21.0,0.0,21.0,52.23558708137081,2196.0,2196.0,19.573441487737,19.0,0.0,366.0,0.0,0.33608815426997246,0.33608815426997246
V4,1,3,1089.0,95.0,1089.0,0.0,0.0,0.0,0.0,570.0,570.0,7.594453507103026,18.0,0.0,95.0,0.0,0.08723599632690542,0.08723599632690542
V4,1,4,1089.0,81.0,1089.0,1.0,2.0,1.0,-1.9634274576266235,486.0,469.0,3.7114975852891803,16.0,0.0,81.0,0.0,0.0743801652892562,0.0743801652892562
V4,1,5,1089.0,90.0,1089.0,3.0,2.0,3.0,-0.027553907844646508,540.0,528.0,4.019011566415429,16.0,0.0,90.0,0.0,0.08264462809917356,0.08264462809917356
V4,1,6,1089.0,80.0,1089.0,0.0,0.0,0.0,0.0,480.0,480.0,3.2167792543768883,19.0,0.0,80.0,0.0,0.07346189164370982,0.07346189164370982
V4,1,7,1089.0,145.0,1089.0,4.0,0.0,4.0,1.3476897349044539,870.0,870.0,7.396305846981704,17.0,0.0,145.0,0.0,0.13314967860422405,0.13314967860422405
V4,1,8,1089.0,78.0,1089.0,1.0,12.0,1.0,-9.81830376906471,468.0,244.0,3.235747559927404,10.0,0.0,78.0,0.0,0.07162534435261708,0.07162534435261708
V4,2,1,92.0,15.0,92.0,9.0,0.0,9.0,10.250842343269065,90.0,90.0,0.6013689329847693,3.0,0.0,15.0,0.0,0.16304347826086957,0.16304347826086957
V4,2,2,92.0,14.0,92.0,10.0,0.0,10.0,18.37856939589588,84.0,84.0,0.7183047533035278,6.0,0.0,14.0,0.0,0.15217391304347827,0.15217391304347827
V4,2,3,92.0,13.0,92.0,2.0,0.0,2.0,2.3795308068280443,78.0,78.0,1.054278469644487,3.0,0.0,13.0,0.0,0.14130434782608695,0.14130434782608695
V4,2,4,92.0,8.0,92.0,3.0,0.0,3.0,4.746144911802729,48.0,48.0,0.3292860612273216,3.0,0.0,8.0,0.0,0.08695652173913043,0.08695652173913043
V4,2,5,92.0,10.0,92.0,4.0,0.0,4.0,9.526378864899176,60.0,60.0,0.41133108362555504,3.0,0.0,10.0,0.0,0.10869565217391304,0.10869565217391304
V4,2,6,92.0,15.0,92.0,5.0,0.0,5.0,24.98208361660425,90.0,90.0,0.6121836733072996,7.0,0.0,15.0,0.0,0.16304347826086957,0.16304347826086957
V4,2,7,92.0,5.0,92.0,2.0,0.0,2.0,0.998878213248507,30.0,30.0,0.2380131660029292,5.0,0.0,5.0,0.0,0.05434782608695652,0.05434782608695652
V4,2,8,92.0,12.0,92.0,1.0,2.0,1.0,-0.6137016515237601,72.0,39.0,0.450654910877347,6.0,0.0,12.0,0.0,0.13043478260869565,0.13043478260869565
V4,3,1,23.0,11.0,23.0,2.0,0.0,2.0,0.4700400636502406,66.0,66.0,0.4429295687004924,2.0,0.0,11.0,0.0,0.4782608695652174,0.4782608695652174
V4,3,2,23.0,3.0,23.0,1.0,0.0,1.0,0.16197208747348735,18.0,18.0,0.1544635472819209,2.0,0.0,3.0,0.0,0.13043478260869565,0.13043478260869565
V4,3,3,23.0,1.0,23.0,0.0,0.0,0.0,0.0,6.0,6.0,0.07784173171967268,1.0,0.0,1.0,0.0,0.043478260869565216,0.043478260869565216
V4,3,4,23.0,0.0,23.0,0.0,0.0,0.0,0.0,0.0,0.0,0.0,0.0,0.0,0.0,0.0,0.0,0.0
V4,3,5,23.0,0.0,23.0,0.0,0.0,0.0,0.0,0.0,0.0,0.0,0.0,0.0,0.0,0.0,0.0,0.0
V4,3,6,23.0,1.0,23.0,0.0,0.0,0.0,0.0,6.0,6.0,0.04235013760626316,0.0,0.0,1.0,0.0,0.043478260869565216,0.043478260869565216
V4,3,7,23.0,6.0,23.0,0.0,0.0,0.0,0.0,36.0,36.0,0.29421928245574236,1.0,0.0,6.0,0.0,0.2608695652173913,0.2608695652173913
V4,3,8,23.0,1.0,23.0,0.0,1.0,0.0,-1.0,6.0,0.0,0.027380316518247128,0.0,0.0,1.0,0.0,0.043478260869565216,0.043478260869565216
V4,4,1,0.0,0.0,0.0,0.0,0.0,0.0,0.0,0.0,0.0,0.0,0.0,0.0,0.0,0.0,,
V4,4,2,0.0,0.0,0.0,0.0,0.0,0.0,0.0,0.0,0.0,0.0,0.0,0.0,0.0,0.0,,
V4,4,3,0.0,0.0,0.0,0.0,0.0,0.0,0.0,0.0,0.0,0.0,0.0,0.0,0.0,0.0,,
V4,4,4,0.0,0.0,0.0,0.0,0.0,0.0,0.0,0.0,0.0,0.0,0.0,0.0,0.0,0.0,,
V4,4,5,0.0,0.0,0.0,0.0,0.0,0.0,0.0,0.0,0.0,0.0,0.0,0.0,0.0,0.0,,
V4,4,6,0.0,0.0,0.0,0.0,0.0,0.0,0.0,0.0,0.0,0.0,0.0,0.0,0.0,0.0,,
V4,4,7,0.0,0.0,0.0,0.0,0.0,0.0,0.0,0.0,0.0,0.0,0.0,0.0,0.0,0.0,,
V4,4,8,0.0,0.0,0.0,0.0,0.0,0.0,0.0,0.0,0.0,0.0,0.0,0.0,0.0,0.0,,
V4,5,1,0.0,0.0,0.0,0.0,0.0,0.0,0.0,0.0,0.0,0.0,0.0,0.0,0.0,0.0,,
V4,5,2,0.0,0.0,0.0,0.0,0.0,0.0,0.0,0.0,0.0,0.0,0.0,0.0,0.0,0.0,,
V4,5,3,0.0,0.0,0.0,0.0,0.0,0.0,0.0,0.0,0.0,0.0,0.0,0.0,0.0,0.0,,
V4,5,4,0.0,0.0,0.0,0.0,0.0,0.0,0.0,0.0,0.0,0.0,0.0,0.0,0.0,0.0,,
V4,5,5,0.0,0.0,0.0,0.0,0.0,0.0,0.0,0.0,0.0,0.0,0.0,0.0,0.0,0.0,,
V4,5,6,0.0,0.0,0.0,0.0,0.0,0.0,0.0,0.0,0.0,0.0,0.0,0.0,0.0,0.0,,
V4,5,7,0.0,0.0,0.0,0.0,0.0,0.0,0.0,0.0,0.0,0.0,0.0,0.0,0.0,0.0,,
V4,5,8,0.0,0.0,0.0,0.0,0.0,0.0,0.0,0.0,0.0,0.0,0.0,0.0,0.0,0.0,,
V4,6,1,1097.0,201.0,1097.0,22.0,0.0,22.0,21.34326198166072,1206.0,1206.0,11.068629447370768,30.0,0.0,201.0,0.0,0.18322698268003645,0.18322698268003645
V4,6,2,1097.0,237.0,1097.0,42.0,0.0,42.0,63.68662032441761,1422.0,1422.0,14.2634799471125,24.0,0.0,237.0,0.0,0.21604375569735643,0.21604375569735643
V4,6,3,1097.0,79.0,1097.0,0.0,0.0,0.0,0.0,474.0,474.0,7.1397518971934915,39.0,0.0,79.0,0.0,0.07201458523245215,0.07201458523245215
V4,6,4,1097.0,163.0,1097.0,11.0,0.0,11.0,14.688422236435988,978.0,978.0,8.715191357769072,35.0,0.0,163.0,0.0,0.14858705560619873,0.14858705560619873
V4,6,5,1097.0,184.0,1097.0,14.0,0.0,14.0,18.90434729670306,1104.0,1104.0,10.028111468069255,31.0,0.0,184.0,0.0,0.16773017319963537,0.16773017319963537
V4,6,6,1097.0,53.0,1097.0,0.0,0.0,0.0,0.0,318.0,318.0,2.665871956385672,25.0,0.0,53.0,0.0,0.04831358249772106,0.04831358249772106
V4,6,7,1097.0,145.0,1097.0,16.0,0.0,16.0,3.6054894426834534,870.0,870.0,9.92208268865943,32.0,0.0,145.0,0.0,0.13217866909753875,0.13217866909753875
V4,6,8,1097.0,35.0,1097.0,1.0,16.0,1.0,-13.108496358123304,210.0,55.0,1.5912185227498412,21.0,0.0,35.0,0.0,0.03190519598906107,0.03190519598906107
V4,7,1,8692.0,2017.0,8692.0,184.0,0.0,184.0,224.61229122153767,12102.0,12102.0,124.35172906797379,177.0,0.0,2017.0,0.0,0.2320524620340543,0.2320524620340543
V4,7,2,8692.0,1859.0,8692.0,149.0,0.0,149.0,316.6502519112675,11154.0,11154.0,128.15983923804015,178.0,0.0,1859.0,0.0,0.21387482742751956,0.21387482742751956
V4,7,3,8692.0,907.0,8692.0,4.0,0.0,4.0,14.71095983625618,5442.0,5442.0,91.34628252964467,174.0,0.0,907.0,0.0,0.104348826507133,0.104348826507133
V4,7,4,8692.0,792.0,8692.0,16.0,2.0,16.0,14.602510603986262,4752.0,4728.0,51.54279073141515,148.0,0.0,792.0,0.0,0.09111826967326277,0.09111826967326277
V4,7,5,8692.0,959.0,8692.0,26.0,1.0,26.0,37.46961116472219,5754.0,5748.0,61.62775741238147,152.0,0.0,959.0,0.0,0.11033133916244822,0.11033133916244822
V4,7,6,8692.0,766.0,8692.0,3.0,0.0,3.0,10.651558632685223,4596.0,4596.0,46.09060385078192,170.0,0.0,766.0,0.0,0.08812701334560516,0.08812701334560516
V4,7,7,8692.0,1228.0,8692.0,80.0,0.0,80.0,25.80835982059644,7368.0,7332.0,94.1899096975103,161.0,0.0,1228.0,0.0,0.1412793373216751,0.1412793373216751
V4,7,8,8692.0,164.0,8692.0,2.0,73.0,2.0,-70.92804130619334,984.0,331.0,8.196671653538942,140.0,0.0,164.0,0.0,0.018867924528301886,0.018867924528301886
V4,8,1,1652.0,289.0,1652.0,28.0,0.0,28.0,20.97534585093224,1734.0,1734.0,12.170287040062249,38.0,0.0,289.0,0.0,0.17493946731234866,0.17493946731234866
V4,8,2,1652.0,321.0,1652.0,31.0,0.0,31.0,69.79251448964786,1926.0,1926.0,16.61458895355463,40.0,0.0,321.0,0.0,0.19430992736077482,0.19430992736077482
V4,8,3,1652.0,185.0,1652.0,5.0,0.0,5.0,31.59348539590943,1110.0,1110.0,14.393935466185212,32.0,0.0,185.0,0.0,0.11198547215496368,0.11198547215496368
V4,8,4,1652.0,163.0,1652.0,1.0,6.0,1.0,-5.991894755185708,978.0,942.0,6.665287830866873,44.0,0.0,163.0,0.0,0.0986682808716707,0.0986682808716707
V4,8,5,1652.0,112.0,1652.0,3.0,3.0,3.0,1.1309708510485608,672.0,654.0,4.513003503903747,32.0,0.0,112.0,0.0,0.06779661016949153,0.06779661016949153
V4,8,6,1652.0,163.0,1652.0,2.0,0.0,2.0,10.466942815068089,978.0,978.0,6.334343501366675,35.0,0.0,163.0,0.0,0.0986682808716707,0.0986682808716707
V4,8,7,1652.0,352.0,1652.0,22.0,0.0,22.0,40.286440181225274,2112.0,2112.0,16.13402971997857,37.0,0.0,352.0,0.0,0.21307506053268765,0.21307506053268765
V4,8,8,1652.0,67.0,1652.0,1.0,22.0,1.0,-21.578688410976547,402.0,147.0,2.4545154962688684,39.0,0.0,67.0,0.0,0.04055690072639225,0.04055690072639225
V4,9,1,9037.0,2315.0,9037.0,146.0,0.0,146.0,273.5494162153318,13890.0,13890.0,102.47365181148052,281.0,0.0,2315.0,0.0,0.25616908266017485,0.25616908266017485
V4,9,2,9037.0,2672.0,9037.0,106.0,0.0,106.0,288.1654616723142,16032.0,16032.0,142.71116175875068,270.0,0.0,2672.0,0.0,0.2956733429235366,0.2956733429235366
V4,9,3,9037.0,1822.0,9037.0,38.0,0.0,38.0,107.72696052257685,10932.0,10932.0,149.21178539004177,260.0,0.0,1822.0,0.0,0.20161558039172292,0.20161558039172292
V4,9,4,9037.0,0.0,0.0,0.0,0.0,0.0,0.0,0.0,0.0,0.0,0.0,0.0,0.0,0.0,0.0,
V4,9,5,9037.0,0.0,0.0,0.0,0.0,0.0,0.0,0.0,0.0,0.0,0.0,0.0,0.0,0.0,0.0,
V4,9,6,9037.0,0.0,0.0,0.0,0.0,0.0,0.0,0.0,0.0,0.0,0.0,0.0,0.0,0.0,0.0,
V4,9,7,9037.0,1882.0,9037.0,42.0,0.0,42.0,31.087805093711953,11292.0,11292.0,93.55502975732088,253.0,0.0,1882.0,0.0,0.2082549518645568,0.2082549518645568
V4,9,8,9037.0,346.0,9037.0,5.0,109.0,5.0,-92.26502845241708,2076.0,819.0,13.08821492549032,256.0,0.0,346.0,0.0,0.038287042160008854,0.038287042160008854
V4,10,1,636.0,84.0,636.0,21.0,0.0,21.0,59.86901927012555,504.0,504.0,3.2492472706362605,16.0,0.0,84.0,0.0,0.1320754716981132,0.1320754716981132
V4,10,2,636.0,175.0,636.0,40.0,0.0,40.0,97.05591874657593,1050.0,1050.0,8.775100152008235,25.0,0.0,175.0,0.0,0.2751572327044025,0.2751572327044025
V4,10,3,636.0,119.0,636.0,16.0,0.0,16.0,57.940218919543106,714.0,714.0,9.3332695113495,27.0,0.0,119.0,0.0,0.1871069182389937,0.1871069182389937
V4,10,4,636.0,39.0,636.0,4.0,2.0,4.0,3.616521102265894,234.0,210.0,1.4947678139433265,15.0,0.0,39.0,0.0,0.06132075471698113,0.06132075471698113
V4,10,5,636.0,29.0,636.0,1.0,1.0,1.0,-0.03417633220655547,174.0,168.0,1.1615048311650753,16.0,0.0,29.0,0.0,0.04559748427672956,0.04559748427672956
V4,10,6,636.0,55.0,636.0,9.0,0.0,9.0,39.586236283748626,330.0,330.0,2.244478459469974,15.0,0.0,55.0,0.0,0.08647798742138364,0.08647798742138364
V4,10,7,636.0,108.0,636.0,17.0,0.0,17.0,11.775334217740497,648.0,648.0,5.04993861913681,21.0,0.0,108.0,0.0,0.16981132075471697,0.16981132075471697
V4,10,8,636.0,27.0,636.0,0.0,4.0,0.0,-4.0,162.0,88.0,1.0137359034270048,11.0,0.0,27.0,0.0,0.04245283018867924,0.04245283018867924
V4,11,1,3791.0,792.0,3791.0,43.0,0.0,43.0,86.27109380423603,4752.0,4752.0,34.60930474102497,89.0,0.0,792.0,0.0,0.20891585333685045,0.20891585333685045
V4,11,2,3791.0,978.0,3791.0,72.0,0.0,72.0,197.72192664206818,5868.0,5868.0,52.46810030937195,89.0,0.0,978.0,0.0,0.257979424953838,0.257979424953838
V4,11,3,3791.0,484.0,3791.0,6.0,0.0,6.0,15.714480782697477,2904.0,2904.0,40.28726591356099,100.0,0.0,484.0,0.0,0.1276707992614086,0.1276707992614086
V4,11,4,3791.0,305.0,3791.0,6.0,12.0,6.0,-8.115429783878074,1830.0,1738.0,13.267945548519492,76.0,0.0,305.0,0.0,0.08045370614613559,0.08045370614613559
V4,11,5,3791.0,292.0,3791.0,8.0,9.0,8.0,-5.272022265644712,1752.0,1698.0,13.744226913899183,69.0,0.0,292.0,0.0,0.0770245317858085,0.0770245317858085
V4,11,6,3791.0,392.0,3791.0,6.0,0.0,6.0,39.414530680130035,2352.0,2352.0,16.76155659649521,71.0,0.0,392.0,0.0,0.10340279609601688,0.10340279609601688
V4,11,7,3791.0,374.0,3791.0,27.0,0.0,27.0,5.538819422084912,2244.0,2244.0,18.826622751541436,52.0,0.0,374.0,0.0,0.09865470852017937,0.09865470852017937
V4,11,8,3791.0,174.0,3791.0,3.0,17.0,3.0,-11.151060581442794,1044.0,647.0,7.240254486910999,64.0,0.0,174.0,0.0,0.045898179899762595,0.045898179899762595
V4,12,1,1582.0,230.0,1582.0,102.0,0.0,102.0,238.47547218205398,1380.0,1380.0,8.669745579361916,45.0,0.0,230.0,0.0,0.14538558786346398,0.14538558786346398
V4,12,2,1582.0,300.0,1582.0,123.0,0.0,123.0,342.7015165003575,1800.0,1800.0,13.796517915092409,52.0,0.0,300.0,0.0,0.18963337547408343,0.18963337547408343
V4,12,3,1582.0,251.0,1582.0,52.0,0.0,52.0,134.07317365493756,1506.0,1506.0,18.929701297543943,47.0,0.0,251.0,0.0,0.1586599241466498,0.1586599241466498
V4,12,4,1582.0,165.0,1582.0,31.0,4.0,31.0,60.540033053426285,990.0,966.0,6.100897834636271,63.0,0.0,165.0,0.0,0.10429835651074588,0.10429835651074588
V4,12,5,1582.0,182.0,1582.0,32.0,2.0,32.0,32.719563157205464,1092.0,1080.0,6.841946260072291,73.0,0.0,182.0,0.0,0.11504424778761062,0.11504424778761062
V4,12,6,1582.0,216.0,1582.0,32.0,0.0,32.0,115.46484761211227,1296.0,1296.0,8.070126123726368,58.0,0.0,216.0,0.0,0.13653603034134007,0.13653603034134007
V4,12,7,1582.0,128.0,1582.0,24.0,0.0,24.0,41.31060013975286,768.0,768.0,5.649944896809757,59.0,0.0,128.0,0.0,0.08091024020227561,0.08091024020227561
V4,12,8,1582.0,110.0,1582.0,6.0,11.0,6.0,10.59000309986645,660.0,438.0,4.191326366737485,65.0,0.0,110.0,0.0,0.0695322376738306,0.0695322376738306
V4,13,1,2963.0,523.0,2963.0,94.0,0.0,94.0,189.83336603142064,3138.0,3138.0,21.389207041822374,99.0,0.0,523.0,0.0,0.17651029362132972,0.17651029362132972
V4,13,2,2963.0,1013.0,2963.0,260.0,0.0,260.0,783.8696198811627,6078.0,6078.0,52.173308433033526,86.0,0.0,1013.0,0.0,0.34188322645966923,0.34188322645966923
V4,13,3,2963.0,243.0,2963.0,18.0,0.0,18.0,33.31843373874051,1458.0,1458.0,19.41827640775591,66.0,0.0,243.0,0.0,0.08201147485656429,0.08201147485656429
V4,13,4,2963.0,247.0,2963.0,18.0,11.0,18.0,7.66545970068803,1482.0,1385.0,9.396938329562545,82.0,0.0,247.0,0.0,0.08336145798177523,0.08336145798177523
V4,13,5,2963.0,225.0,2963.0,18.0,17.0,18.0,17.855224090272436,1350.0,1248.0,8.463446779176593,81.0,0.0,225.0,0.0,0.07593655079311509,0.07593655079311509
V4,13,6,2963.0,280.0,2963.0,13.0,0.0,13.0,63.18438433476804,1680.0,1680.0,11.599980188533664,83.0,0.0,280.0,0.0,0.09449881876476544,0.09449881876476544
V4,13,7,2963.0,300.0,2963.0,33.0,0.0,33.0,40.10326526811722,1800.0,1800.0,14.090228241868317,85.0,0.0,300.0,0.0,0.10124873439082012,0.10124873439082012
V4,13,8,2963.0,132.0,2963.0,5.0,18.0,5.0,2.0916670873666092,792.0,462.0,5.00785359647125,58.0,0.0,132.0,0.0,0.04454944313196085,0.04454944313196085
V4,14,1,314.0,45.0,314.0,2.0,0.0,2.0,3.2468501730097965,270.0,270.0,1.826023230329156,5.0,0.0,45.0,0.0,0.14331210191082802,0.14331210191082802
V4,14,2,314.0,86.0,314.0,9.0,0.0,9.0,9.915735882713866,516.0,516.0,4.250721401534975,8.0,0.0,86.0,0.0,0.27388535031847133,0.27388535031847133
V4,14,3,314.0,30.0,314.0,0.0,0.0,0.0,0.0,180.0,180.0,2.3674092879518867,6.0,0.0,30.0,0.0,0.09554140127388536,0.09554140127388536
V4,14,4,314.0,28.0,314.0,0.0,0.0,0.0,0.0,168.0,168.0,1.134491253644228,9.0,0.0,28.0,0.0,0.08917197452229299,0.08917197452229299
V4,14,5,314.0,54.0,314.0,1.0,0.0,1.0,1.2730988620226475,324.0,324.0,2.227086284197867,6.0,0.0,54.0,0.0,0.17197452229299362,0.17197452229299362
V4,14,6,314.0,18.0,314.0,0.0,0.0,0.0,0.0,108.0,108.0,0.706912892870605,7.0,0.0,18.0,0.0,0.05732484076433121,0.05732484076433121
V4,14,7,314.0,37.0,314.0,2.0,0.0,2.0,0.5277020635106261,222.0,222.0,1.773049434646964,13.0,0.0,37.0,0.0,0.1178343949044586,0.1178343949044586
V4,14,8,314.0,16.0,314.0,0.0,7.0,0.0,-7.0,96.0,31.0,0.5494424002245069,4.0,0.0,16.0,0.0,0.050955414012738856,0.050955414012738856
V4,15,1,1214.0,250.0,1214.0,8.0,0.0,8.0,18.123491924486885,1500.0,1500.0,10.440924539230764,21.0,0.0,250.0,0.0,0.20593080724876442,0.20593080724876442
V4,15,2,1214.0,233.0,1214.0,11.0,0.0,11.0,31.898157934480952,1398.0,1398.0,11.659716884605587,19.0,0.0,233.0,0.0,0.19192751235584843,0.19192751235584843
V4,15,3,1214.0,128.0,1214.0,0.0,0.0,0.0,0.0,768.0,768.0,10.334439663216472,19.0,0.0,128.0,0.0,0.10543657331136738,0.10543657331136738
V4,15,4,1214.0,86.0,1214.0,2.0,0.0,2.0,0.5760232790589521,516.0,516.0,3.8951022950932384,12.0,0.0,86.0,0.0,0.07084019769357495,0.07084019769357495
V4,15,5,1214.0,99.0,1214.0,0.0,0.0,0.0,0.0,594.0,594.0,4.777572927065194,18.0,0.0,99.0,0.0,0.0815485996705107,0.0815485996705107
V4,15,6,1214.0,169.0,1214.0,1.0,0.0,1.0,7.187101215512885,1014.0,1014.0,6.880475722253323,24.0,0.0,169.0,0.0,0.13920922570016475,0.13920922570016475
V4,15,7,1214.0,202.0,1214.0,12.0,0.0,12.0,4.517769090489668,1212.0,1212.0,10.358349080197513,21.0,0.0,202.0,0.0,0.16639209225700163,0.16639209225700163
V4,15,8,1214.0,47.0,1214.0,0.0,10.0,0.0,-10.0,282.0,121.0,1.8044772185385227,16.0,0.0,47.0,0.0,0.03871499176276771,0.03871499176276771
V4,16,1,890.0,199.0,890.0,115.0,0.0,115.0,184.7766722552175,1194.0,1194.0,10.02784940134734,38.0,0.0,199.0,0.0,0.22359550561797753,0.22359550561797753
V4,16,2,890.0,131.0,890.0,51.0,0.0,51.0,81.79221005904736,786.0,786.0,7.6261324137449265,32.0,0.0,131.0,0.0,0.14719101123595504,0.14719101123595504
V4,16,3,890.0,64.0,890.0,11.0,0.0,11.0,20.103470315532707,384.0,384.0,5.62250857334584,19.0,0.0,64.0,0.0,0.07191011235955057,0.07191011235955057
V4,16,4,890.0,104.0,890.0,37.0,0.0,37.0,32.31093744961112,624.0,624.0,5.275082134641707,39.0,0.0,104.0,0.0,0.11685393258426967,0.11685393258426967
V4,16,5,890.0,111.0,890.0,36.0,0.0,36.0,69.23980831419719,666.0,666.0,5.582737327553332,28.0,0.0,111.0,0.0,0.12471910112359551,0.12471910112359551
V4,16,6,890.0,114.0,890.0,15.0,0.0,15.0,55.669833483192164,684.0,684.0,5.789694141596556,42.0,0.0,114.0,0.0,0.12808988764044943,0.12808988764044943
V4,16,7,890.0,131.0,890.0,38.0,0.0,38.0,53.76368659586597,786.0,786.0,8.145311929285526,40.0,0.0,131.0,0.0,0.14719101123595504,0.14719101123595504
V4,16,8,890.0,36.0,890.0,2.0,12.0,2.0,-2.369847346720775,216.0,90.0,1.6260610343888402,30.0,0.0,36.0,0.0,0.04044943820224719,0.04044943820224719
V4,17,1,435.0,105.0,435.0,30.0,0.0,30.0,32.25646839107364,630.0,630.0,6.225123475305736,21.0,0.0,105.0,0.0,0.2413793103448276,0.2413793103448276
V4,17,2,435.0,105.0,435.0,36.0,0.0,36.0,35.969384340088645,630.0,630.0,6.687754984013736,14.0,0.0,105.0,0.0,0.2413793103448276,0.2413793103448276
V4,17,3,435.0,30.0,435.0,2.0,0.0,2.0,8.820523590428882,180.0,180.0,2.8406159384176135,18.0,0.0,30.0,0.0,0.06896551724137931,0.06896551724137931
V4,17,4,435.0,41.0,435.0,9.0,0.0,9.0,8.694949946327327,246.0,246.0,2.2665907936170697,13.0,0.0,41.0,0.0,0.09425287356321839,0.09425287356321839
V4,17,5,435.0,21.0,435.0,3.0,0.0,3.0,1.0666462673561359,126.0,126.0,1.278203154914081,8.0,0.0,21.0,0.0,0.04827586206896552,0.04827586206896552
V4,17,6,435.0,45.0,435.0,2.0,0.0,2.0,9.878716448029923,270.0,270.0,2.460096675902605,24.0,0.0,45.0,0.0,0.10344827586206896,0.10344827586206896
V4,17,7,435.0,68.0,435.0,16.0,0.0,16.0,10.422060205795429,408.0,407.0,4.932423159480095,19.0,0.0,68.0,0.0,0.15632183908045977,0.15632183908045977
V4,17,8,435.0,20.0,435.0,1.0,13.0,1.0,-12.839420140578252,120.0,23.0,0.8520611096173525,17.0,0.0,20.0,0.0,0.04597701149425287,0.04597701149425287
V4,18,1,0.0,0.0,0.0,0.0,0.0,0.0,0.0,0.0,0.0,0.0,0.0,0.0,0.0,0.0,,
V4,18,2,0.0,0.0,0.0,0.0,0.0,0.0,0.0,0.0,0.0,0.0,0.0,0.0,0.0,0.0,,
V4,18,3,0.0,0.0,0.0,0.0,0.0,0.0,0.0,0.0,0.0,0.0,0.0,0.0,0.0,0.0,,
V4,18,4,0.0,0.0,0.0,0.0,0.0,0.0,0.0,0.0,0.0,0.0,0.0,0.0,0.0,0.0,,
V4,18,5,0.0,0.0,0.0,0.0,0.0,0.0,0.0,0.0,0.0,0.0,0.0,0.0,0.0,0.0,,
V4,18,6,0.0,0.0,0.0,0.0,0.0,0.0,0.0,0.0,0.0,0.0,0.0,0.0,0.0,0.0,,
V4,18,7,0.0,0.0,0.0,0.0,0.0,0.0,0.0,0.0,0.0,0.0,0.0,0.0,0.0,0.0,,
V4,18,8,0.0,0.0,0.0,0.0,0.0,0.0,0.0,0.0,0.0,0.0,0.0,0.0,0.0,0.0,,
V4,19,1,0.0,0.0,0.0,0.0,0.0,0.0,0.0,0.0,0.0,0.0,0.0,0.0,0.0,0.0,,
V4,19,2,0.0,0.0,0.0,0.0,0.0,0.0,0.0,0.0,0.0,0.0,0.0,0.0,0.0,0.0,,
V4,19,3,0.0,0.0,0.0,0.0,0.0,0.0,0.0,0.0,0.0,0.0,0.0,0.0,0.0,0.0,,
V4,19,4,0.0,0.0,0.0,0.0,0.0,0.0,0.0,0.0,0.0,0.0,0.0,0.0,0.0,0.0,,
V4,19,5,0.0,0.0,0.0,0.0,0.0,0.0,0.0,0.0,0.0,0.0,0.0,0.0,0.0,0.0,,
V4,19,6,0.0,0.0,0.0,0.0,0.0,0.0,0.0,0.0,0.0,0.0,0.0,0.0,0.0,0.0,,
V4,19,7,0.0,0.0,0.0,0.0,0.0,0.0,0.0,0.0,0.0,0.0,0.0,0.0,0.0,0.0,,
V4,19,8,0.0,0.0,0.0,0.0,0.0,0.0,0.0,0.0,0.0,0.0,0.0,0.0,0.0,0.0,,
V4,20,1,2103.0,505.0,2103.0,91.0,0.0,91.0,84.06179284913878,3030.0,3030.0,29.77830939926207,50.0,0.0,505.0,0.0,0.24013314312886352,0.24013314312886352
V4,20,2,2103.0,362.0,2103.0,51.0,0.0,51.0,62.36337587787389,2172.0,2172.0,24.258785814978182,53.0,0.0,362.0,0.0,0.17213504517356157,0.17213504517356157
V4,20,3,2103.0,175.0,2103.0,3.0,0.0,3.0,16.040446671350836,1050.0,1050.0,16.713472737930715,50.0,0.0,175.0,0.0,0.08321445553970519,0.08321445553970519
V4,20,4,2103.0,190.0,2103.0,13.0,0.0,13.0,13.593372244749458,1140.0,1140.0,11.368802158161998,53.0,0.0,190.0,0.0,0.0903471231573942,0.0903471231573942
V4,20,5,2103.0,388.0,2103.0,45.0,0.0,45.0,30.218893650482897,2328.0,2328.0,23.308192370459437,67.0,0.0,388.0,0.0,0.1844983357108892,0.1844983357108892
V4,20,6,2103.0,149.0,2103.0,0.0,0.0,0.0,0.0,894.0,894.0,8.600558472797275,59.0,0.0,149.0,0.0,0.07085116500237755,0.07085116500237755
V4,20,7,2103.0,273.0,2103.0,39.0,0.0,39.0,15.226226455122381,1638.0,1637.0,21.19063731469214,46.0,0.0,273.0,0.0,0.12981455064194009,0.12981455064194009
V4,20,8,2103.0,61.0,2103.0,1.0,27.0,1.0,-26.01677685658971,366.0,117.0,3.0065050879493356,49.0,0.0,61.0,0.0,0.029006181645268664,0.029006181645268664
V4,21,1,10537.0,2634.0,10537.0,272.0,0.0,272.0,184.00696187695158,15804.0,15804.0,168.93558494187891,214.0,0.0,2634.0,0.0,0.24997627408180698,0.24997627408180698
V4,21,2,10537.0,1589.0,10537.0,81.0,0.0,81.0,57.92699415526408,9534.0,9534.0,114.43585641868412,232.0,0.0,1589.0,0.0,0.15080193603492456,0.15080193603492456
V4,21,3,10537.0,862.0,10537.0,0.0,0.0,0.0,0.0,5172.0,5172.0,88.65956852491945,193.0,0.0,862.0,0.0,0.08180696592958148,0.08180696592958148
V4,21,4,10537.0,1171.0,10537.0,42.0,0.0,42.0,23.18131649122784,7026.0,7026.0,77.72491188533604,184.0,0.0,1171.0,0.0,0.11113220081617159,0.11113220081617159
V4,21,5,10537.0,1463.0,10537.0,53.0,0.0,53.0,36.341273984497185,8778.0,8778.0,97.16826658323407,196.0,0.0,1463.0,0.0,0.1388440732656354,0.1388440732656354
V4,21,6,10537.0,790.0,10537.0,2.0,0.0,2.0,1.6951245579537726,4740.0,4740.0,49.14061348233372,183.0,0.0,790.0,0.0,0.07497390148998766,0.07497390148998766
V4,21,7,10537.0,1806.0,10537.0,153.0,0.0,153.0,27.326892676368022,10836.0,10808.0,151.80845635477453,240.0,0.0,1806.0,0.0,0.17139603302647813,0.17139603302647813
V4,21,8,10537.0,222.0,10537.0,6.0,105.0,6.0,-90.27719248863065,1332.0,374.0,11.735503572970629,175.0,0.0,222.0,0.0,0.021068615355414256,0.021068615355414256
V4,22,1,2445.0,366.0,2445.0,35.0,0.0,35.0,58.15487854715174,2196.0,2196.0,15.516275099478662,64.0,0.0,366.0,0.0,0.14969325153374233,0.14969325153374233
V4,22,2,2445.0,609.0,2445.0,68.0,0.0,68.0,143.465101739601,3654.0,3654.0,30.023846965283155,51.0,0.0,609.0,0.0,0.249079754601227,0.249079754601227
V4,22,3,2445.0,201.0,2445.0,4.0,0.0,4.0,12.264198094392869,1206.0,1206.0,15.702050510793924,57.0,0.0,201.0,0.0,0.08220858895705521,0.08220858895705521
V4,22,4,2445.0,331.0,2445.0,18.0,0.0,18.0,54.138641397910504,1986.0,1980.0,13.573502010665834,52.0,0.0,331.0,0.0,0.13537832310838446,0.13537832310838446
V4,22,5,2445.0,265.0,2445.0,9.0,0.0,9.0,14.288403431554002,1590.0,1590.0,11.666293947957456,52.0,0.0,265.0,0.0,0.1083844580777096,0.1083844580777096
V4,22,6,2445.0,163.0,2445.0,2.0,0.0,2.0,7.320044558932997,978.0,978.0,6.4449434988200665,66.0,0.0,163.0,0.0,0.06666666666666667,0.06666666666666667
V4,22,7,2445.0,408.0,2445.0,43.0,0.0,43.0,53.53475885710694,2448.0,2448.0,19.730160167440772,44.0,0.0,408.0,0.0,0.1668711656441718,0.1668711656441718
V4,22,8,2445.0,102.0,2445.0,6.0,35.0,6.0,-18.54134116617639,612.0,263.0,3.71684854850173,48.0,0.0,102.0,0.0,0.04171779141104295,0.04171779141104295
V4,23,1,9056.0,1384.0,9056.0,80.0,0.0,80.0,120.8740412952123,8304.0,8304.0,60.43045058194548,165.0,0.0,1384.0,0.0,0.15282685512367492,0.15282685512367492
V4,23,2,9056.0,1915.0,9056.0,109.0,0.0,109.0,163.81755332041473,11490.0,11490.0,99.10025908518583,177.0,0.0,1915.0,0.0,0.21146201413427562,0.21146201413427562
V4,23,3,9056.0,1120.0,9056.0,16.0,0.0,16.0,31.735112309786373,6720.0,6720.0,91.59865283221006,201.0,0.0,1120.0,0.0,0.12367491166077739,0.12367491166077739
V4,23,4,9056.0,1004.0,9056.0,12.0,2.0,12.0,6.898362649876042,6024.0,5997.0,48.92941755056381,144.0,0.0,1004.0,0.0,0.11086572438162544,0.11086572438162544
V4,23,5,9056.0,1150.0,9056.0,29.0,1.0,29.0,34.83014819841217,6900.0,6894.0,56.78691443987191,177.0,0.0,1150.0,0.0,0.1269876325088339,0.1269876325088339
V4,23,6,9056.0,762.0,9056.0,0.0,0.0,0.0,0.0,4572.0,4572.0,32.1358471699059,155.0,0.0,762.0,0.0,0.08414310954063604,0.08414310954063604
V4,23,7,9056.0,1551.0,9056.0,104.0,0.0,104.0,52.6677763052276,9306.0,9306.0,78.78504975140095,159.0,0.0,1551.0,0.0,0.17126766784452296,0.17126766784452296
V4,23,8,9056.0,170.0,9056.0,1.0,76.0,1.0,-75.5877346072613,1020.0,338.0,6.32523946557194,129.0,0.0,170.0,0.0,0.018772084805653712,0.018772084805653712
V4,24,1,463.0,125.0,463.0,32.0,0.0,32.0,64.91483562370095,750.0,750.0,5.000154450535774,18.0,0.0,125.0,0.0,0.26997840172786175,0.26997840172786175
V4,24,2,463.0,80.0,463.0,10.0,0.0,10.0,21.24019839040617,480.0,480.0,3.981548869982362,18.0,0.0,80.0,0.0,0.17278617710583152,0.17278617710583152
V4,24,3,463.0,28.0,463.0,5.0,0.0,5.0,21.95255374431243,168.0,168.0,2.1581025887280703,8.0,0.0,28.0,0.0,0.06047516198704104,0.06047516198704104
V4,24,4,463.0,25.0,463.0,2.0,0.0,2.0,9.904312206200348,150.0,150.0,1.0046963887289166,14.0,0.0,25.0,0.0,0.05399568034557235,0.05399568034557235
V4,24,5,463.0,45.0,463.0,5.0,0.0,5.0,4.2246636889279685,270.0,270.0,1.7927280720323324,10.0,0.0,45.0,0.0,0.09719222462203024,0.09719222462203024
V4,24,6,463.0,79.0,463.0,8.0,0.0,8.0,56.79399081557894,474.0,474.0,3.1968909380957484,15.0,0.0,79.0,0.0,0.17062634989200864,0.17062634989200864
V4,24,7,463.0,65.0,463.0,9.0,0.0,9.0,17.88140568528163,390.0,390.0,3.2486705109477043,12.0,0.0,65.0,0.0,0.14038876889848811,0.14038876889848811
V4,24,8,463.0,16.0,463.0,1.0,3.0,1.0,-0.0541517690282558,96.0,53.0,0.5772367790341377,8.0,0.0,16.0,0.0,0.03455723542116631,0.03455723542116631
V4,25,1,1291.0,179.0,1291.0,8.0,0.0,8.0,4.419020018382916,1074.0,1074.0,7.741196534596384,24.0,0.0,179.0,0.0,0.1386522075910147,0.1386522075910147
V4,25,2,1291.0,213.0,1291.0,14.0,0.0,14.0,16.254509876582524,1278.0,1278.0,11.052884596399963,23.0,0.0,213.0,0.0,0.16498838109992253,0.16498838109992253
V4,25,3,1291.0,133.0,1291.0,1.0,0.0,1.0,0.3350446247569947,798.0,798.0,11.036730824038386,31.0,0.0,133.0,0.0,0.10302091402013942,0.10302091402013942
V4,25,4,1291.0,157.0,1291.0,3.0,0.0,3.0,2.0454812184623843,942.0,942.0,6.91411894839257,24.0,0.0,157.0,0.0,0.12161115414407436,0.12161115414407436
V4,25,5,1291.0,200.0,1291.0,5.0,0.0,5.0,19.775330109973755,1200.0,1200.0,8.5466696517542,20.0,0.0,200.0,0.0,0.15491866769945778,0.15491866769945778
V4,25,6,1291.0,91.0,1291.0,0.0,0.0,0.0,0.0,546.0,546.0,3.766208980232477,25.0,0.0,91.0,0.0,0.0704879938032533,0.0704879938032533
V4,25,7,1291.0,279.0,1291.0,26.0,0.0,26.0,8.568463134642874,1674.0,1674.0,13.235173179768026,32.0,0.0,279.0,0.0,0.2161115414407436,0.2161115414407436
V4,25,8,1291.0,39.0,1291.0,1.0,5.0,1.0,-4.855759398458526,234.0,139.0,1.6311083566397429,15.0,0.0,39.0,0.0,0.030209140201394268,0.030209140201394268
V4,26,1,685.0,125.0,685.0,60.0,0.0,60.0,186.7536670351075,750.0,750.0,4.664212883450091,23.0,0.0,125.0,0.0,0.18248175182481752,0.18248175182481752
V4,26,2,685.0,100.0,685.0,33.0,0.0,33.0,90.31875439108663,600.0,600.0,4.47310973983258,27.0,0.0,100.0,0.0,0.145985401459854,0.145985401459854
V4,26,3,685.0,82.0,685.0,17.0,0.0,17.0,49.47951720917131,492.0,492.0,6.20104430988431,11.0,0.0,82.0,0.0,0.11970802919708029,0.11970802919708029
V4,26,4,685.0,79.0,685.0,25.0,0.0,25.0,53.907604392730896,474.0,474.0,2.9386092433705926,23.0,0.0,79.0,0.0,0.11532846715328467,0.11532846715328467
V4,26,5,685.0,102.0,685.0,21.0,0.0,21.0,55.975170261923616,612.0,612.0,3.7859390461817384,25.0,0.0,102.0,0.0,0.14890510948905109,0.14890510948905109
V4,26,6,685.0,99.0,685.0,19.0,0.0,19.0,112.48338385801462,594.0,594.0,3.691923165693879,29.0,0.0,99.0,0.0,0.14452554744525548,0.14452554744525548
V4,26,7,685.0,61.0,685.0,9.0,0.0,9.0,5.280907736740724,366.0,366.0,2.7290226565673947,27.0,0.0,61.0,0.0,0.08905109489051095,0.08905109489051095
V4,26,8,685.0,37.0,685.0,7.0,7.0,7.0,25.915756396442607,222.0,117.0,1.29992161039263,23.0,0.0,37.0,0.0,0.05401459854014599,0.05401459854014599
V4,27,1,552.0,115.0,552.0,31.0,0.0,31.0,89.25332027173252,690.0,690.0,4.455300148576498,18.0,0.0,115.0,0.0,0.20833333333333334,0.20833333333333334
V4,27,2,552.0,132.0,552.0,28.0,0.0,28.0,85.12549614499385,792.0,792.0,6.058876905590296,22.0,0.0,132.0,0.0,0.2391304347826087,0.2391304347826087
V4,27,3,552.0,67.0,552.0,11.0,0.0,11.0,34.77010430904089,402.0,402.0,5.076246771961451,15.0,0.0,67.0,0.0,0.1213768115942029,0.1213768115942029
V4,27,4,552.0,72.0,552.0,8.0,0.0,8.0,16.47480289376392,432.0,431.0,2.681563758291304,20.0,0.0,72.0,0.0,0.13043478260869565,0.13043478260869565
V4,27,5,552.0,28.0,552.0,0.0,0.0,0.0,0.0,168.0,168.0,1.0960174053907394,15.0,0.0,28.0,0.0,0.050724637681159424,0.050724637681159424
V4,27,6,552.0,34.0,552.0,1.0,0.0,1.0,0.4590316421276142,204.0,204.0,1.293933511711657,23.0,0.0,34.0,0.0,0.06159420289855073,0.06159420289855073
V4,27,7,552.0,58.0,552.0,8.0,0.0,8.0,13.777839814698872,348.0,348.0,2.5384387522935867,13.0,0.0,58.0,0.0,0.10507246376811594,0.10507246376811594
V4,27,8,552.0,46.0,552.0,4.0,6.0,4.0,9.70019885157532,276.0,164.0,1.697340328246355,13.0,0.0,46.0,0.0,0.08333333333333333,0.08333333333333333
V4,28,1,285.0,65.0,285.0,4.0,0.0,4.0,12.508056691327884,390.0,390.0,2.646889583207667,9.0,0.0,65.0,0.0,0.22807017543859648,0.22807017543859648
V4,28,2,285.0,59.0,285.0,3.0,0.0,3.0,2.1138121471606466,354.0,354.0,2.8483033291995525,7.0,0.0,59.0,0.0,0.20701754385964913,0.20701754385964913
V4,28,3,285.0,15.0,285.0,1.0,0.0,1.0,0.92545870836676,90.0,90.0,1.1849409397691488,6.0,0.0,15.0,0.0,0.05263157894736842,0.05263157894736842
V4,28,4,285.0,5.0,285.0,0.0,0.0,0.0,0.0,30.0,30.0,0.208615536801517,2.0,0.0,5.0,0.0,0.017543859649122806,0.017543859649122806
V4,28,5,285.0,26.0,285.0,0.0,0.0,0.0,0.0,156.0,156.0,1.263389065861702,9.0,0.0,26.0,0.0,0.0912280701754386,0.0912280701754386
V4,28,6,285.0,36.0,285.0,1.0,0.0,1.0,10.0,216.0,216.0,1.4084341805428267,11.0,0.0,36.0,0.0,0.12631578947368421,0.12631578947368421
V4,28,7,285.0,52.0,285.0,2.0,0.0,2.0,4.1088350038416745,312.0,312.0,2.482586902566254,7.0,0.0,52.0,0.0,0.1824561403508772,0.1824561403508772
V4,28,8,285.0,27.0,285.0,3.0,17.0,3.0,13.0,162.0,28.0,0.9373841444030404,5.0,0.0,27.0,0.0,0.09473684210526316,0.09473684210526316
V4,29,1,1603.0,291.0,1603.0,12.0,0.0,12.0,42.42479074033632,1746.0,1746.0,12.96133622340858,33.0,0.0,291.0,0.0,0.1815346225826575,0.1815346225826575
V4,29,2,1603.0,204.0,1603.0,3.0,0.0,3.0,12.868938388032552,1224.0,1224.0,10.647867633961141,34.0,0.0,204.0,0.0,0.1272613849033063,0.1272613849033063
V4,29,3,1603.0,146.0,1603.0,1.0,0.0,1.0,2.891083197060404,876.0,876.0,11.815541876479983,27.0,0.0,146.0,0.0,0.09107922645040549,0.09107922645040549
V4,29,4,1603.0,151.0,1603.0,4.0,0.0,4.0,11.731675767074547,906.0,906.0,6.858442110940814,22.0,0.0,151.0,0.0,0.0941983780411728,0.0941983780411728
V4,29,5,1603.0,214.0,1603.0,10.0,0.0,10.0,48.789595900636314,1284.0,1284.0,10.573109457269311,29.0,0.0,214.0,0.0,0.13349968808484092,0.13349968808484092
V4,29,6,1603.0,162.0,1603.0,0.0,0.0,0.0,0.0,972.0,972.0,6.706444023177028,29.0,0.0,162.0,0.0,0.10106051154086089,0.10106051154086089
V4,29,7,1603.0,392.0,1603.0,29.0,0.0,29.0,135.4275863741322,2352.0,2352.0,20.708189576864243,21.0,0.0,392.0,0.0,0.2445414847161572,0.2445414847161572
V4,29,8,1603.0,43.0,1603.0,0.0,25.0,0.0,-25.0,258.0,52.0,1.5444382233545184,24.0,0.0,43.0,0.0,0.026824703680598878,0.026824703680598878
V4,30,1,2541.0,419.0,2541.0,174.0,0.0,174.0,621.0601731890916,2514.0,2514.0,22.67019400652498,80.0,0.0,419.0,0.0,0.1648957103502558,0.1648957103502558
V4,30,2,2541.0,471.0,2541.0,169.0,0.0,169.0,499.7550712706261,2826.0,2826.0,31.019519705325365,101.0,0.0,471.0,0.0,0.18536009445100354,0.18536009445100354
V4,30,3,2541.0,117.0,2541.0,14.0,0.0,14.0,54.340076358578834,702.0,702.0,10.567892065271735,77.0,0.0,117.0,0.0,0.04604486422668241,0.04604486422668241
V4,30,4,2541.0,313.0,2541.0,88.0,0.0,88.0,290.810577874097,1878.0,1878.0,17.610087959095836,74.0,0.0,313.0,0.0,0.12317985045257772,0.12317985045257772
V4,30,5,2541.0,414.0,2541.0,115.0,0.0,115.0,293.47696184857665,2484.0,2484.0,23.492748371325433,87.0,0.0,414.0,0.0,0.16292798110979928,0.16292798110979928
V4,30,6,2541.0,262.0,2541.0,35.0,0.0,35.0,211.65559015842513,1572.0,1572.0,13.49616284109652,99.0,0.0,262.0,0.0,0.10310901219992129,0.10310901219992129
V4,30,7,2541.0,385.0,2541.0,124.0,0.0,124.0,524.286618834948,2310.0,2287.0,24.45229143463075,81.0,0.0,385.0,0.0,0.15151515151515152,0.15151515151515152
V4,30,8,2541.0,160.0,2541.0,26.0,74.0,26.0,104.82498829403272,960.0,297.0,7.532085488550365,82.0,0.0,160.0,0.0,0.06296733569460843,0.06296733569460843
V4,31,1,6343.0,1216.0,6343.0,167.0,0.0,167.0,360.3364363631173,7296.0,7296.0,78.15155374538153,150.0,0.0,1216.0,0.0,0.1917073939776131,0.1917073939776131
V4,31,2,6343.0,946.0,6343.0,107.0,0.0,107.0,237.26889713063795,5676.0,5676.0,69.8391700796783,180.0,0.0,946.0,0.0,0.1491407851174523,0.1491407851174523
V4,31,3,6343.0,504.0,6343.0,24.0,0.0,24.0,114.50458034450912,3024.0,3024.0,50.77346989698708,166.0,0.0,504.0,0.0,0.07945766987230017,0.07945766987230017
V4,31,4,6343.0,832.0,6343.0,86.0,0.0,86.0,226.76410658067118,4992.0,4992.0,53.16778544615954,148.0,0.0,832.0,0.0,0.13116821693205108,0.13116821693205108
V4,31,5,6343.0,911.0,6343.0,88.0,0.0,88.0,182.83602570088155,5466.0,5466.0,60.03050673007965,154.0,0.0,911.0,0.0,0.14362289137632037,0.14362289137632037
V4,31,6,6343.0,461.0,6343.0,5.0,0.0,5.0,50.0,2766.0,2766.0,28.57263789512217,155.0,0.0,461.0,0.0,0.07267854327605235,0.07267854327605235
V4,31,7,6343.0,1290.0,6343.0,247.0,0.0,247.0,691.9955941534222,7740.0,7556.0,101.23510235082358,143.0,0.0,1290.0,0.0,0.20337379788743495,0.20337379788743495
V4,31,8,6343.0,183.0,6343.0,13.0,101.0,13.0,-9.33045059746755,1098.0,223.0,8.944475412368774,109.0,0.0,183.0,0.0,0.028850701560775658,0.028850701560775658
V4,32,1,0.0,0.0,0.0,0.0,0.0,0.0,0.0,0.0,0.0,0.0,0.0,0.0,0.0,0.0,,
V4,32,2,0.0,0.0,0.0,0.0,0.0,0.0,0.0,0.0,0.0,0.0,0.0,0.0,0.0,0.0,,
V4,32,3,0.0,0.0,0.0,0.0,0.0,0.0,0.0,0.0,0.0,0.0,0.0,0.0,0.0,0.0,,
V4,32,4,0.0,0.0,0.0,0.0,0.0,0.0,0.0,0.0,0.0,0.0,0.0,0.0,0.0,0.0,,
V4,32,5,0.0,0.0,0.0,0.0,0.0,0.0,0.0,0.0,0.0,0.0,0.0,0.0,0.0,0.0,,
V4,32,6,0.0,0.0,0.0,0.0,0.0,0.0,0.0,0.0,0.0,0.0,0.0,0.0,0.0,0.0,,
V4,32,7,0.0,0.0,0.0,0.0,0.0,0.0,0.0,0.0,0.0,0.0,0.0,0.0,0.0,0.0,,
V4,32,8,0.0,0.0,0.0,0.0,0.0,0.0,0.0,0.0,0.0,0.0,0.0,0.0,0.0,0.0,,
V4,33,1,0.0,0.0,0.0,0.0,0.0,0.0,0.0,0.0,0.0,0.0,0.0,0.0,0.0,0.0,,
V4,33,2,0.0,0.0,0.0,0.0,0.0,0.0,0.0,0.0,0.0,0.0,0.0,0.0,0.0,0.0,,
V4,33,3,0.0,0.0,0.0,0.0,0.0,0.0,0.0,0.0,0.0,0.0,0.0,0.0,0.0,0.0,,
V4,33,4,0.0,0.0,0.0,0.0,0.0,0.0,0.0,0.0,0.0,0.0,0.0,0.0,0.0,0.0,,
V4,33,5,0.0,0.0,0.0,0.0,0.0,0.0,0.0,0.0,0.0,0.0,0.0,0.0,0.0,0.0,,
V4,33,6,0.0,0.0,0.0,0.0,0.0,0.0,0.0,0.0,0.0,0.0,0.0,0.0,0.0,0.0,,
V4,33,7,0.0,0.0,0.0,0.0,0.0,0.0,0.0,0.0,0.0,0.0,0.0,0.0,0.0,0.0,,
V4,33,8,0.0,0.0,0.0,0.0,0.0,0.0,0.0,0.0,0.0,0.0,0.0,0.0,0.0,0.0,,
V4,34,1,570.0,127.0,570.0,17.0,0.0,17.0,16.45012829784176,762.0,762.0,8.474524327553809,14.0,0.0,127.0,0.0,0.22280701754385965,0.22280701754385965
V4,34,2,570.0,52.0,570.0,5.0,0.0,5.0,3.4417676846279206,312.0,312.0,3.9995752600952983,15.0,0.0,52.0,0.0,0.0912280701754386,0.0912280701754386
V4,34,3,570.0,32.0,570.0,0.0,0.0,0.0,0.0,192.0,192.0,3.096118534915149,16.0,0.0,32.0,0.0,0.056140350877192984,0.056140350877192984
V4,34,4,570.0,86.0,570.0,4.0,0.0,4.0,0.7717394277636692,516.0,516.0,5.9920532973483205,11.0,0.0,86.0,0.0,0.15087719298245614,0.15087719298245614
V4,34,5,570.0,92.0,570.0,3.0,0.0,3.0,14.9488630479002,552.0,552.0,6.115959809161723,15.0,0.0,92.0,0.0,0.16140350877192983,0.16140350877192983
V4,34,6,570.0,30.0,570.0,0.0,0.0,0.0,0.0,180.0,180.0,1.8181035788729787,13.0,0.0,30.0,0.0,0.05263157894736842,0.05263157894736842
V4,34,7,570.0,130.0,570.0,17.0,0.0,17.0,16.538101478418444,780.0,771.0,10.404298529028893,14.0,0.0,130.0,0.0,0.22807017543859648,0.22807017543859648
V4,34,8,570.0,21.0,570.0,0.0,16.0,0.0,-16.0,126.0,21.0,1.139917366206646,10.0,0.0,21.0,0.0,0.03684210526315789,0.03684210526315789
V4,35,1,4558.0,1059.0,4558.0,107.0,0.0,107.0,107.48856669748201,6354.0,6354.0,70.8389244666323,94.0,0.0,1059.0,0.0,0.2323387450636244,0.2323387450636244
V4,35,2,4558.0,690.0,4558.0,41.0,0.0,41.0,36.52606973751543,4140.0,4140.0,50.32250196300447,86.0,0.0,690.0,0.0,0.15138218516893373,0.15138218516893373
V4,35,3,4558.0,388.0,4558.0,0.0,0.0,0.0,0.0,2328.0,2328.0,40.01827680133283,99.0,0.0,388.0,0.0,0.08512505484861782,0.08512505484861782
V4,35,4,4558.0,544.0,4558.0,18.0,0.0,18.0,14.410686960513917,3264.0,3264.0,39.4536664839834,84.0,0.0,544.0,0.0,0.1193505923650724,0.1193505923650724
V4,35,5,4558.0,452.0,4558.0,15.0,0.0,15.0,12.763799725906486,2712.0,2712.0,32.027152203023434,61.0,0.0,452.0,0.0,0.09916630100921457,0.09916630100921457
V4,35,6,4558.0,338.0,4558.0,0.0,0.0,0.0,0.0,2028.0,2028.0,21.21798208821565,78.0,0.0,338.0,0.0,0.0741553312856516,0.0741553312856516
V4,35,7,4558.0,1010.0,4558.0,113.0,0.0,113.0,71.27889810529217,6060.0,5996.0,86.66200168523937,70.0,0.0,1010.0,0.0,0.2215884159719175,0.2215884159719175
V4,35,8,4558.0,77.0,4558.0,1.0,61.0,1.0,-60.59921689950916,462.0,48.0,4.181944436393678,62.0,0.0,77.0,0.0,0.01689337428696797,0.01689337428696797
V4,36,1,2057.0,368.0,2057.0,53.0,0.0,53.0,212.74642978057713,2208.0,2208.0,14.971297332085669,57.0,0.0,368.0,0.0,0.17890131259115216,0.17890131259115216
V4,36,2,2057.0,341.0,2057.0,36.0,0.0,36.0,75.68066949157935,2046.0,2046.0,16.553639727644622,60.0,0.0,341.0,0.0,0.1657754010695187,0.1657754010695187
V4,36,3,2057.0,203.0,2057.0,7.0,0.0,7.0,35.477657034951896,1218.0,1218.0,16.121749641373754,42.0,0.0,203.0,0.0,0.09868740884783665,0.09868740884783665
V4,36,4,2057.0,235.0,2057.0,14.0,0.0,14.0,51.09370646926781,1410.0,1410.0,10.240253639407456,46.0,0.0,235.0,0.0,0.11424404472532815,0.11424404472532815
V4,36,5,2057.0,228.0,2057.0,17.0,0.0,17.0,35.06399951438743,1368.0,1368.0,9.682548131793737,51.0,0.0,228.0,0.0,0.11084103062712689,0.11084103062712689
V4,36,6,2057.0,186.0,2057.0,2.0,0.0,2.0,20.0,1116.0,1116.0,7.366978648118675,60.0,0.0,186.0,0.0,0.0904229460379193,0.0904229460379193
V4,36,7,2057.0,404.0,2057.0,57.0,0.0,57.0,155.91870859033511,2424.0,2424.0,19.280311522074044,42.0,0.0,404.0,0.0,0.1964025279533301,0.1964025279533301
V4,36,8,2057.0,92.0,2057.0,5.0,36.0,5.0,-19.168368718067427,552.0,185.0,3.4858743054792285,47.0,0.0,92.0,0.0,0.04472532814778804,0.04472532814778804
V4,37,1,8373.0,1354.0,8373.0,64.0,0.0,64.0,251.36855526176984,8124.0,8124.0,59.41674546152353,167.0,0.0,1354.0,0.0,0.16171025916636808,0.16171025916636808
V4,37,2,8373.0,1366.0,8373.0,65.0,0.0,65.0,237.50829891268927,8196.0,8196.0,70.64715217519552,172.0,0.0,1366.0,0.0,0.16314343723874358,0.16314343723874358
V4,37,3,8373.0,946.0,8373.0,21.0,0.0,21.0,76.81399040967602,5676.0,5676.0,77.38687245175242,167.0,0.0,946.0,0.0,0.11298220470560134,0.11298220470560134
V4,37,4,8373.0,838.0,8373.0,6.0,0.0,6.0,22.934788093234722,5028.0,5028.0,40.7081224899739,151.0,0.0,838.0,0.0,0.1000836020542219,0.1000836020542219
V4,37,5,8373.0,988.0,8373.0,33.0,0.0,33.0,93.23054984272483,5928.0,5928.0,46.65286758262664,159.0,0.0,988.0,0.0,0.11799832795891556,0.11799832795891556
V4,37,6,8373.0,808.0,8373.0,0.0,0.0,0.0,0.0,4848.0,4848.0,34.77748937997967,169.0,0.0,808.0,0.0,0.09650065687328317,0.09650065687328317
V4,37,7,8373.0,1833.0,8373.0,193.0,0.0,193.0,737.4623493948475,10998.0,10998.0,98.36181766074151,152.0,0.0,1833.0,0.0,0.2189179505553565,0.2189179505553565
V4,37,8,8373.0,240.0,8373.0,12.0,127.0,12.0,-20.698075753030274,1440.0,329.0,9.356341630220413,110.0,0.0,240.0,0.0,0.028663561447509853,0.028663561447509853
V4,38,1,72.0,6.0,72.0,1.0,0.0,1.0,0.10114437564914544,36.0,36.0,0.2642340064048767,2.0,0.0,6.0,0.0,0.08333333333333333,0.08333333333333333
V4,38,2,72.0,7.0,72.0,2.0,0.0,2.0,2.7645714291996626,42.0,42.0,0.322539365850389,1.0,0.0,7.0,0.0,0.09722222222222222,0.09722222222222222
V4,38,3,72.0,7.0,72.0,0.0,0.0,0.0,0.0,42.0,42.0,0.565667967312038,3.0,0.0,7.0,0.0,0.09722222222222222,0.09722222222222222
V4,38,4,72.0,7.0,72.0,1.0,0.0,1.0,0.4219780179197865,42.0,42.0,0.298844289034605,1.0,0.0,7.0,0.0,0.09722222222222222,0.09722222222222222
V4,38,5,72.0,4.0,72.0,0.0,0.0,0.0,0.0,24.0,24.0,0.21752984821796417,0.0,0.0,4.0,0.0,0.05555555555555555,0.05555555555555555
V4,38,6,72.0,7.0,72.0,1.0,0.0,1.0,10.0,42.0,42.0,0.28756001591682434,4.0,0.0,7.0,0.0,0.09722222222222222,0.09722222222222222
V4,38,7,72.0,19.0,72.0,2.0,0.0,2.0,1.7376885348567779,114.0,114.0,0.9401102690026164,3.0,0.0,19.0,0.0,0.2638888888888889,0.2638888888888889
V4,38,8,72.0,15.0,72.0,1.0,7.0,1.0,3.0,90.0,25.0,0.593398354947567,1.0,0.0,15.0,0.0,0.20833333333333334,0.20833333333333334
V4,39,1,356.0,58.0,356.0,2.0,0.0,2.0,1.6277677262216124,348.0,348.0,2.4678799035027623,6.0,0.0,58.0,0.0,0.16292134831460675,0.16292134831460675
V4,39,2,356.0,39.0,356.0,1.0,0.0,1.0,1.5350118905084646,234.0,234.0,1.9325575130060315,3.0,0.0,39.0,0.0,0.10955056179775281,0.10955056179775281
V4,39,3,356.0,36.0,356.0,0.0,0.0,0.0,0.0,216.0,216.0,2.8213188759982586,4.0,0.0,36.0,0.0,0.10112359550561797,0.10112359550561797
V4,39,4,356.0,16.0,356.0,1.0,0.0,1.0,6.217615964766906,96.0,96.0,0.7021528817713261,3.0,0.0,16.0,0.0,0.0449438202247191,0.0449438202247191
V4,39,5,356.0,68.0,356.0,1.0,0.0,1.0,2.2450243397656466,408.0,408.0,2.912018498405814,10.0,0.0,68.0,0.0,0.19101123595505617,0.19101123595505617
V4,39,6,356.0,15.0,356.0,0.0,0.0,0.0,0.0,90.0,90.0,0.6368406815454364,4.0,0.0,15.0,0.0,0.042134831460674156,0.042134831460674156
V4,39,7,356.0,119.0,356.0,11.0,0.0,11.0,16.49539042489854,714.0,714.0,6.295870724134147,5.0,0.0,119.0,0.0,0.3342696629213483,0.3342696629213483
V4,39,8,356.0,5.0,356.0,0.0,0.0,0.0,0.0,30.0,24.0,0.24473067838698626,5.0,0.0,5.0,0.0,0.014044943820224719,0.014044943820224719
V4,40,1,170.0,12.0,170.0,5.0,0.0,5.0,40.52505597194538,72.0,72.0,0.4469128893688321,3.0,0.0,12.0,0.0,0.07058823529411765,0.07058823529411765
V4,40,2,170.0,14.0,170.0,9.0,0.0,9.0,70.1227945266994,84.0,84.0,0.6595757948234677,4.0,0.0,14.0,0.0,0.08235294117647059,0.08235294117647059
V4,40,3,170.0,35.0,170.0,9.0,0.0,9.0,38.02095257887122,210.0,210.0,2.7234097085893154,9.0,0.0,35.0,0.0,0.20588235294117646,0.20588235294117646
V4,40,4,170.0,20.0,170.0,2.0,0.0,2.0,6.428273507492045,120.0,120.0,0.7900665141642094,4.0,0.0,20.0,0.0,0.11764705882352941,0.11764705882352941
V4,40,5,170.0,17.0,170.0,2.0,0.0,2.0,11.12389708107705,102.0,102.0,0.6729716388508677,12.0,0.0,17.0,0.0,0.1,0.1
V4,40,6,170.0,23.0,170.0,4.0,0.0,4.0,22.852786279175202,138.0,138.0,0.9194691432639956,15.0,0.0,23.0,0.0,0.13529411764705881,0.13529411764705881
V4,40,7,170.0,40.0,170.0,12.0,0.0,12.0,62.98045147766419,240.0,240.0,1.896755162626505,6.0,0.0,40.0,0.0,0.23529411764705882,0.23529411764705882
V4,40,8,170.0,9.0,170.0,0.0,2.0,0.0,-2.0,54.0,27.0,0.3437476819381118,6.0,0.0,9.0,0.0,0.052941176470588235,0.052941176470588235
V4,41,1,237.0,32.0,237.0,3.0,0.0,3.0,6.013953629753072,192.0,192.0,1.3187176287174225,9.0,0.0,32.0,0.0,0.1350210970464135,0.1350210970464135
V4,41,2,237.0,30.0,237.0,3.0,0.0,3.0,4.844106373737974,180.0,180.0,1.4364118333905935,8.0,0.0,30.0,0.0,0.12658227848101267,0.12658227848101267
V4,41,3,237.0,18.0,237.0,1.0,0.0,1.0,1.9854344756560793,108.0,108.0,1.4079047860577703,5.0,0.0,18.0,0.0,0.0759493670886076,0.0759493670886076
V4,41,4,237.0,28.0,237.0,2.0,0.0,2.0,2.1507855020156206,168.0,168.0,1.1337370006367564,6.0,0.0,28.0,0.0,0.11814345991561181,0.11814345991561181
V4,41,5,237.0,47.0,237.0,3.0,0.0,3.0,10.472249917104213,282.0,282.0,1.9222568152472377,9.0,0.0,47.0,0.0,0.19831223628691982,0.19831223628691982
V4,41,6,237.0,18.0,237.0,0.0,0.0,0.0,0.0,108.0,108.0,0.7025754591450095,5.0,0.0,18.0,0.0,0.0759493670886076,0.0759493670886076
V4,41,7,237.0,48.0,237.0,7.0,0.0,7.0,35.906593783076914,288.0,288.0,2.3167733028531075,8.0,0.0,48.0,0.0,0.20253164556962025,0.20253164556962025
V4,41,8,237.0,16.0,237.0,0.0,7.0,0.0,-7.0,96.0,33.0,0.5839085122570395,9.0,0.0,16.0,0.0,0.06751054852320675,0.06751054852320675
V5,0,1,251.0,40.0,251.0,4.0,0.0,4.0,3.7592954374930225,165.0,165.0,1.372902374714613,8.0,25.0,15.0,0.0,0.1593625498007968,0.1593625498007968
V5,0,2,251.0,54.0,251.0,8.0,0.0,8.0,6.494427441093699,174.0,174.0,2.3348387395963073,6.0,50.0,4.0,0.0,0.2151394422310757,0.2151394422310757
V5,0,3,251.0,25.0,251.0,1.0,0.0,1.0,10.0,87.0,87.0,1.7201450215652585,6.0,21.0,4.0,0.0,0.099601593625498,0.099601593625498
V5,0,4,251.0,32.0,251.0,0.0,0.0,0.0,0.0,320.0,308.0,1.8123518349602818,7.0,0.0,0.0,32.0,0.12749003984063745,0.12749003984063745
V5,0,5,251.0,28.0,251.0,1.0,0.0,1.0,0.0329527695535148,280.0,280.0,1.4831687826663256,6.0,0.0,0.0,28.0,0.11155378486055777,0.11155378486055777
V5,0,6,251.0,27.0,251.0,0.0,0.0,0.0,0.0,81.0,81.0,0.7616668809205294,5.0,27.0,0.0,0.0,0.10756972111553785,0.10756972111553785
V5,0,7,251.0,24.0,251.0,1.0,0.0,1.0,0.044365796860861235,138.0,138.0,1.1207539290189743,5.0,2.0,22.0,0.0,0.09561752988047809,0.09561752988047809
V5,0,8,251.0,21.0,251.0,0.0,3.0,0.0,-3.0,126.0,56.0,0.7620777972042561,4.0,0.0,21.0,0.0,0.08366533864541832,0.08366533864541832
V5,1,1,916.0,179.0,916.0,10.0,0.0,10.0,13.054840635083805,576.0,576.0,6.685706446878612,19.0,166.0,13.0,0.0,0.19541484716157206,0.19541484716157206
V5,1,2,916.0,188.0,916.0,9.0,0.0,9.0,16.52859698238784,591.0,591.0,8.647950766608119,23.0,179.0,9.0,0.0,0.2052401746724891,0.2052401746724891
V5,1,3,916.0,66.0,916.0,3.0,0.0,3.0,2.8430320022184787,312.0,312.0,5.498254958540201,10.0,28.0,38.0,0.0,0.07205240174672489,0.07205240174672489
V5,1,4,916.0,74.0,916.0,0.0,2.0,0.0,-2.0,740.0,715.0,5.756850290112197,17.0,0.0,0.0,74.0,0.08078602620087336,0.08078602620087336
V5,1,5,916.0,163.0,916.0,8.0,0.0,8.0,6.631005756974869,1630.0,1630.0,12.71217982750386,21.0,0.0,0.0,163.0,0.1779475982532751,0.1779475982532751
V5,1,6,916.0,102.0,916.0,0.0,0.0,0.0,0.0,1020.0,1020.0,6.195467597804964,25.0,0.0,0.0,102.0,0.11135371179039301,0.11135371179039301
V5,1,7,916.0,114.0,916.0,6.0,0.0,6.0,0.5295952671985857,615.0,615.0,6.13077621627599,15.0,23.0,91.0,0.0,0.12445414847161572,0.12445414847161572
V5,1,8,916.0,30.0,916.0,0.0,2.0,0.0,-2.0,180.0,89.0,1.3402798399329185,10.0,0.0,30.0,0.0,0.03275109170305677,0.03275109170305677
V5,2,1,90.0,2.0,90.0,1.0,0.0,1.0,7.612720513660993,20.0,20.0,0.1144526181742549,2.0,0.0,0.0,2.0,0.022222222222222223,0.022222222222222223
V5,2,2,90.0,19.0,90.0,16.0,0.0,16.0,30.377885157744114,182.0,182.0,1.1690745297819376,5.0,0.0,2.0,17.0,0.2111111111111111,0.2111111111111111
V5,2,3,90.0,4.0,90.0,2.0,0.0,2.0,2.06000632241807,28.0,28.0,0.32807218469679356,3.0,0.0,3.0,1.0,0.044444444444444446,0.044444444444444446
V5,2,4,90.0,14.0,90.0,6.0,0.0,6.0,22.614885248080014,140.0,140.0,0.76186802983284,4.0,0.0,0.0,14.0,0.15555555555555556,0.15555555555555556
V5,2,5,90.0,22.0,90.0,12.0,0.0,12.0,16.339334685748447,220.0,220.0,1.2606581076979637,5.0,0.0,0.0,22.0,0.24444444444444444,0.24444444444444444
V5,2,6,90.0,17.0,90.0,6.0,0.0,6.0,28.78871238398557,51.0,51.0,0.4984033349901438,6.0,17.0,0.0,0.0,0.18888888888888888,0.18888888888888888
V5,2,7,90.0,8.0,90.0,2.0,0.0,2.0,0.7763219030981621,64.0,64.0,0.41778453066945076,1.0,0.0,4.0,4.0,0.08888888888888889,0.08888888888888889
V5,2,8,90.0,4.0,90.0,0.0,0.0,0.0,0.0,32.0,29.0,0.18488129321485758,3.0,0.0,2.0,2.0,0.044444444444444446,0.044444444444444446
V5,3,1,32.0,2.0,32.0,2.0,0.0,2.0,6.438054695659041,20.0,20.0,0.11161577235907316,1.0,0.0,0.0,2.0,0.0625,0.0625
V5,3,2,32.0,1.0,32.0,0.0,0.0,0.0,0.0,6.0,6.0,0.046223122626543045,1.0,0.0,1.0,0.0,0.03125,0.03125
V5,3,3,32.0,4.0,32.0,0.0,0.0,0.0,0.0,28.0,28.0,0.3394251596182585,4.0,0.0,3.0,1.0,0.125,0.125
V5,3,4,32.0,15.0,32.0,11.0,0.0,11.0,19.290931268435813,150.0,150.0,0.8562506902962923,1.0,0.0,0.0,15.0,0.46875,0.46875
V5,3,5,32.0,1.0,32.0,0.0,0.0,0.0,0.0,10.0,10.0,0.05429722834378481,0.0,0.0,0.0,1.0,0.03125,0.03125
V5,3,6,32.0,5.0,32.0,3.0,0.0,3.0,2.907643767134021,50.0,50.0,0.27112237084656954,1.0,0.0,0.0,5.0,0.15625,0.15625
V5,3,7,32.0,4.0,32.0,1.0,0.0,1.0,0.3417163731021177,24.0,24.0,0.20935210585594177,2.0,0.0,4.0,0.0,0.125,0.125
V5,3,8,32.0,0.0,32.0,0.0,0.0,0.0,0.0,0.0,0.0,0.0,0.0,0.0,0.0,0.0,0.0,0.0
V5,4,1,0.0,0.0,0.0,0.0,0.0,0.0,0.0,0.0,0.0,0.0,0.0,0.0,0.0,0.0,,
V5,4,2,0.0,0.0,0.0,0.0,0.0,0.0,0.0,0.0,0.0,0.0,0.0,0.0,0.0,0.0,,
V5,4,3,0.0,0.0,0.0,0.0,0.0,0.0,0.0,0.0,0.0,0.0,0.0,0.0,0.0,0.0,,
V5,4,4,0.0,0.0,0.0,0.0,0.0,0.0,0.0,0.0,0.0,0.0,0.0,0.0,0.0,0.0,,
V5,4,5,0.0,0.0,0.0,0.0,0.0,0.0,0.0,0.0,0.0,0.0,0.0,0.0,0.0,0.0,,
V5,4,6,0.0,0.0,0.0,0.0,0.0,0.0,0.0,0.0,0.0,0.0,0.0,0.0,0.0,0.0,,
V5,4,7,0.0,0.0,0.0,0.0,0.0,0.0,0.0,0.0,0.0,0.0,0.0,0.0,0.0,0.0,,
V5,4,8,0.0,0.0,0.0,0.0,0.0,0.0,0.0,0.0,0.0,0.0,0.0,0.0,0.0,0.0,,
V5,5,1,0.0,0.0,0.0,0.0,0.0,0.0,0.0,0.0,0.0,0.0,0.0,0.0,0.0,0.0,,
V5,5,2,0.0,0.0,0.0,0.0,0.0,0.0,0.0,0.0,0.0,0.0,0.0,0.0,0.0,0.0,,
V5,5,3,0.0,0.0,0.0,0.0,0.0,0.0,0.0,0.0,0.0,0.0,0.0,0.0,0.0,0.0,,
V5,5,4,0.0,0.0,0.0,0.0,0.0,0.0,0.0,0.0,0.0,0.0,0.0,0.0,0.0,0.0,,
V5,5,5,0.0,0.0,0.0,0.0,0.0,0.0,0.0,0.0,0.0,0.0,0.0,0.0,0.0,0.0,,
V5,5,6,0.0,0.0,0.0,0.0,0.0,0.0,0.0,0.0,0.0,0.0,0.0,0.0,0.0,0.0,,
V5,5,7,0.0,0.0,0.0,0.0,0.0,0.0,0.0,0.0,0.0,0.0,0.0,0.0,0.0,0.0,,
V5,5,8,0.0,0.0,0.0,0.0,0.0,0.0,0.0,0.0,0.0,0.0,0.0,0.0,0.0,0.0,,
V5,6,1,1123.0,131.0,1123.0,16.0,0.0,16.0,13.86588132441932,513.0,513.0,5.823572509922087,36.0,91.0,40.0,0.0,0.11665182546749778,0.11665182546749778
V5,6,2,1123.0,219.0,1123.0,28.0,0.0,28.0,21.119569833276064,907.0,907.0,11.951614325866103,30.0,137.0,81.0,1.0,0.195013357079252,0.195013357079252
V5,6,3,1123.0,164.0,1123.0,8.0,0.0,8.0,16.674364623941162,1444.0,1444.0,17.225756926462054,41.0,0.0,49.0,115.0,0.1460373998219056,0.1460373998219056
V5,6,4,1123.0,161.0,1123.0,16.0,0.0,16.0,12.47050555740796,1610.0,1610.0,11.95936756581068,29.0,0.0,0.0,161.0,0.1433659839715049,0.1433659839715049
V5,6,5,1123.0,146.0,1123.0,10.0,0.0,10.0,9.070894625754292,1460.0,1460.0,11.078166838735342,27.0,0.0,0.0,146.0,0.13000890471950133,0.13000890471950133
V5,6,6,1123.0,73.0,1123.0,0.0,0.0,0.0,0.0,219.0,219.0,2.7574837608262897,35.0,73.0,0.0,0.0,0.06500445235975066,0.06500445235975066
V5,6,7,1123.0,186.0,1123.0,24.0,0.0,24.0,24.261663410287674,954.0,954.0,11.282794297672808,29.0,54.0,132.0,0.0,0.16562778272484416,0.16562778272484416
V5,6,8,1123.0,43.0,1123.0,0.0,11.0,0.0,-11.0,274.0,102.0,2.072723424062133,24.0,0.0,39.0,4.0,0.03829029385574354,0.03829029385574354
V5,7,1,7670.0,1629.0,7670.0,114.0,0.0,114.0,160.5143694601781,5670.0,5670.0,80.40982292313129,145.0,1368.0,261.0,0.0,0.2123859191655802,0.2123859191655802
V5,7,2,7670.0,1629.0,7670.0,106.0,0.0,106.0,185.70261329576277,5730.0,5730.0,93.0386265926063,169.0,1348.0,281.0,0.0,0.2123859191655802,0.2123859191655802
V5,7,3,7670.0,731.0,7670.0,8.0,0.0,8.0,15.172756575866558,6610.0,6610.0,85.18654487282038,155.0,0.0,175.0,556.0,0.09530638852672751,0.09530638852672751
V5,7,4,7670.0,829.0,7670.0,25.0,2.0,25.0,26.88864693755588,8290.0,8270.0,69.99284179043025,163.0,0.0,0.0,829.0,0.10808344198174706,0.10808344198174706
V5,7,5,7670.0,1004.0,7670.0,43.0,1.0,43.0,36.05105182668048,10040.0,10030.0,85.5512085724622,139.0,0.0,0.0,1004.0,0.13089960886571056,0.13089960886571056
V5,7,6,7670.0,753.0,7670.0,4.0,0.0,4.0,3.927408238436609,7530.0,7530.0,57.4644380742684,144.0,0.0,0.0,753.0,0.09817470664928292,0.09817470664928292
V5,7,7,7670.0,878.0,7670.0,65.0,0.0,65.0,21.7885120983176,4320.0,4320.0,62.72293114848435,163.0,316.0,562.0,0.0,0.11447196870925684,0.11447196870925684
V5,7,8,7670.0,217.0,7670.0,2.0,62.0,2.0,-57.21097577338513,1325.0,543.0,11.231451949104667,139.0,7.0,199.0,11.0,0.028292046936114732,0.028292046936114732
V5,8,1,1206.0,209.0,1206.0,9.0,0.0,9.0,20.73327303933084,630.0,630.0,6.281492905691266,35.0,208.0,1.0,0.0,0.17330016583747926,0.17330016583747926
V5,8,2,1206.0,237.0,1206.0,15.0,0.0,15.0,33.97204375711165,717.0,717.0,9.770315827801824,35.0,235.0,2.0,0.0,0.19651741293532338,0.19651741293532338
V5,8,3,1206.0,156.0,1206.0,2.0,0.0,2.0,2.000953053874343,597.0,597.0,11.218202596530318,31.0,113.0,43.0,0.0,0.12935323383084577,0.12935323383084577
V5,8,4,1206.0,89.0,1206.0,1.0,2.0,1.0,-0.8148773608186994,890.0,866.0,4.733789948746562,28.0,0.0,0.0,89.0,0.07379767827529021,0.07379767827529021
V5,8,5,1206.0,153.0,1206.0,7.0,1.0,7.0,7.3933123631694855,1530.0,1520.0,8.816424230113626,29.0,0.0,0.0,153.0,0.12686567164179105,0.12686567164179105
V5,8,6,1206.0,143.0,1206.0,0.0,0.0,0.0,0.0,429.0,429.0,4.296120570041239,37.0,143.0,0.0,0.0,0.11857379767827529,0.11857379767827529
V5,8,7,1206.0,174.0,1206.0,11.0,0.0,11.0,15.763272875908068,987.0,987.0,8.350834424607456,22.0,19.0,155.0,0.0,0.14427860696517414,0.14427860696517414
V5,8,8,1206.0,45.0,1206.0,1.0,11.0,1.0,-10.48403979478054,270.0,127.0,1.7358635580167174,18.0,0.0,45.0,0.0,0.03731343283582089,0.03731343283582089
V5,9,1,7713.0,938.0,7713.0,14.0,0.0,14.0,29.7402638771203,2814.0,2814.0,34.120202145539224,145.0,938.0,0.0,0.0,0.1216128614028264,0.1216128614028264
V5,9,2,7713.0,1916.0,7713.0,78.0,0.0,78.0,209.77223081173537,5751.0,5751.0,81.04194991104305,124.0,1915.0,1.0,0.0,0.24841177233242578,0.24841177233242578
V5,9,3,7713.0,1101.0,7713.0,8.0,0.0,8.0,36.56651757157561,4407.0,4407.0,85.22404885385185,153.0,733.0,368.0,0.0,0.1427460132244263,0.1427460132244263
V5,9,4,7713.0,595.0,7713.0,3.0,18.0,3.0,-14.268475559867337,5950.0,5725.0,39.14016345515847,110.0,0.0,0.0,595.0,0.07714248671074808,0.07714248671074808
V5,9,5,7713.0,757.0,7713.0,4.0,23.0,4.0,-22.22620585772909,7570.0,7340.0,51.5822350140661,132.0,0.0,0.0,757.0,0.09814598729417866,0.09814598729417866
V5,9,6,7713.0,1057.0,7713.0,5.0,0.0,5.0,18.015696495050207,10570.0,10570.0,61.12360100913793,129.0,0.0,0.0,1057.0,0.13704135874497603,0.13704135874497603
V5,9,7,7713.0,1167.0,7713.0,38.0,0.0,38.0,32.225507916803124,6534.0,6534.0,60.84512793645263,113.0,156.0,1011.0,0.0,0.15130299494360172,0.15130299494360172
V5,9,8,7713.0,182.0,7713.0,0.0,55.0,0.0,-55.0,1092.0,453.0,7.411620738916099,111.0,0.0,182.0,0.0,0.02359652534681706,0.02359652534681706
V5,10,1,716.0,73.0,716.0,15.0,0.0,15.0,21.020721539780197,279.0,279.0,2.6262041609734297,13.0,53.0,20.0,0.0,0.10195530726256984,0.10195530726256984
V5,10,2,716.0,236.0,716.0,37.0,0.0,37.0,81.9738087053864,831.0,831.0,9.27721697371453,30.0,195.0,41.0,0.0,0.329608938547486,0.329608938547486
V5,10,3,716.0,85.0,716.0,9.0,0.0,9.0,30.222602271755203,372.0,372.0,6.208113802596927,19.0,46.0,39.0,0.0,0.11871508379888268,0.11871508379888268
V5,10,4,716.0,71.0,716.0,5.0,3.0,5.0,6.627356442386234,710.0,680.0,4.065903263166547,21.0,0.0,0.0,71.0,0.09916201117318436,0.09916201117318436
V5,10,5,716.0,77.0,716.0,7.0,1.0,7.0,7.116846099000694,770.0,760.0,4.445467979647219,19.0,0.0,0.0,77.0,0.10754189944134078,0.10754189944134078
V5,10,6,716.0,94.0,716.0,4.0,0.0,4.0,21.517247929535383,282.0,282.0,2.652930611744523,24.0,94.0,0.0,0.0,0.13128491620111732,0.13128491620111732
V5,10,7,716.0,45.0,716.0,10.0,0.0,10.0,16.861475711566573,258.0,258.0,2.094393204897642,17.0,4.0,41.0,0.0,0.06284916201117319,0.06284916201117319
V5,10,8,716.0,35.0,716.0,0.0,11.0,0.0,-11.0,246.0,100.0,1.407930470071733,12.0,0.0,26.0,9.0,0.04888268156424581,0.04888268156424581
V5,11,1,4019.0,671.0,4019.0,27.0,0.0,27.0,66.63730755836156,2031.0,2031.0,22.980687901377678,72.0,665.0,6.0,0.0,0.16695695446628514,0.16695695446628514
V5,11,2,4019.0,1022.0,4019.0,58.0,0.0,58.0,162.56873422075108,3120.0,3120.0,44.120105965062976,65.0,1004.0,18.0,0.0,0.25429211246578753,0.25429211246578753
V5,11,3,4019.0,395.0,4019.0,4.0,0.0,4.0,1.9799401237250458,2085.0,2085.0,33.20905612036586,83.0,95.0,300.0,0.0,0.098283155013685,0.098283155013685
V5,11,4,4019.0,206.0,4019.0,2.0,11.0,2.0,-9.018265117164978,2060.0,1940.0,13.737055127508938,63.0,0.0,0.0,206.0,0.05125653147549142,0.05125653147549142
V5,11,5,4019.0,352.0,4019.0,8.0,7.0,8.0,2.568450755246763,3520.0,3450.0,24.055144475772977,70.0,0.0,0.0,352.0,0.08758397611346105,0.08758397611346105
V5,11,6,4019.0,571.0,4019.0,6.0,0.0,6.0,18.764169401033286,5710.0,5710.0,32.5362743139267,82.0,0.0,0.0,571.0,0.14207514307041552,0.14207514307041552
V5,11,7,4019.0,656.0,4019.0,24.0,0.0,24.0,20.68320964953293,3447.0,3447.0,32.88301855418831,85.0,163.0,493.0,0.0,0.16322468275690472,0.16322468275690472
V5,11,8,4019.0,146.0,4019.0,0.0,16.0,0.0,-16.0,920.0,519.0,6.5248718140646815,63.0,0.0,135.0,11.0,0.03632744463796964,0.03632744463796964
V5,12,1,1944.0,336.0,1944.0,120.0,0.0,120.0,273.0876169671866,1242.0,1242.0,10.216819604858756,62.0,262.0,71.0,3.0,0.1728395061728395,0.1728395061728395
V5,12,2,1944.0,434.0,1944.0,128.0,0.0,128.0,337.7019235389795,1525.0,1525.0,16.383990925736725,64.0,361.0,72.0,1.0,0.22325102880658437,0.22325102880658437
V5,12,3,1944.0,237.0,1944.0,34.0,0.0,34.0,88.12952106123264,912.0,912.0,16.353687588125467,66.0,170.0,67.0,0.0,0.12191358024691358,0.12191358024691358
V5,12,4,1944.0,175.0,1944.0,29.0,5.0,29.0,34.84129192558248,1750.0,1684.0,8.3891672315076,75.0,0.0,0.0,175.0,0.09002057613168725,0.09002057613168725
V5,12,5,1944.0,258.0,1944.0,60.0,8.0,60.0,96.57096397442253,2580.0,2500.0,12.507391632534564,78.0,0.0,0.0,258.0,0.13271604938271606,0.13271604938271606
V5,12,6,1944.0,221.0,1944.0,18.0,0.0,18.0,82.17846833950946,663.0,663.0,6.078101065941155,73.0,221.0,0.0,0.0,0.11368312757201646,0.11368312757201646
V5,12,7,1944.0,192.0,1944.0,38.0,0.0,38.0,55.29313403971933,1588.0,1588.0,9.329652068205178,81.0,0.0,83.0,109.0,0.09876543209876543,0.09876543209876543
V5,12,8,1944.0,91.0,1944.0,5.0,8.0,5.0,0.790574826898738,550.0,347.0,3.400665668770671,61.0,0.0,90.0,1.0,0.04681069958847737,0.04681069958847737
V5,13,1,4370.0,1006.0,4370.0,160.0,0.0,160.0,442.74891072906877,3066.0,3066.0,30.151459934189916,137.0,990.0,16.0,0.0,0.23020594965675056,0.23020594965675056
V5,13,2,4370.0,1121.0,4370.0,155.0,0.0,155.0,621.6684092376341,3390.0,3390.0,44.285241227597,140.0,1112.0,9.0,0.0,0.2565217391304348,0.2565217391304348
V5,13,3,4370.0,498.0,4370.0,26.0,0.0,26.0,54.31652234669568,1983.0,1983.0,35.97370804660022,124.0,335.0,163.0,0.0,0.11395881006864989,0.11395881006864989
V5,13,4,4370.0,319.0,4370.0,11.0,28.0,11.0,-12.953772142321547,3190.0,2740.0,16.43504074215889,125.0,0.0,0.0,319.0,0.07299771167048055,0.07299771167048055
V5,13,5,4370.0,348.0,4370.0,18.0,23.0,18.0,3.27107793050833,3480.0,3250.0,18.98552366346121,109.0,0.0,0.0,348.0,0.07963386727688787,0.07963386727688787
V5,13,6,4370.0,388.0,4370.0,13.0,0.0,13.0,43.4849147201989,3880.0,3880.0,20.805596687830985,120.0,0.0,0.0,388.0,0.08878718535469107,0.08878718535469107
V5,13,7,4370.0,428.0,4370.0,19.0,0.0,19.0,18.043814388981744,3476.0,3476.0,22.059645850211382,128.0,0.0,201.0,227.0,0.09794050343249427,0.09794050343249427
V5,13,8,4370.0,262.0,4370.0,6.0,31.0,6.0,-20.207170058338757,1580.0,944.0,10.12741123791784,102.0,0.0,260.0,2.0,0.05995423340961099,0.05995423340961099
V5,14,1,403.0,108.0,403.0,6.0,0.0,6.0,13.21950560177835,339.0,339.0,3.067661989480257,14.0,103.0,5.0,0.0,0.2679900744416873,0.2679900744416873
V5,14,2,403.0,88.0,403.0,6.0,0.0,6.0,20.486464660039495,279.0,279.0,3.1545892413705587,9.0,83.0,5.0,0.0,0.21836228287841192,0.21836228287841192
V5,14,3,403.0,42.0,403.0,2.0,0.0,2.0,4.609250648014328,156.0,156.0,2.947282907553017,7.0,32.0,10.0,0.0,0.10421836228287841,0.10421836228287841
V5,14,4,403.0,38.0,403.0,1.0,0.0,1.0,0.20671012745116057,228.0,222.0,1.5073988642543554,11.0,0.0,38.0,0.0,0.09429280397022333,0.09429280397022333
V5,14,5,403.0,37.0,403.0,1.0,0.0,1.0,0.27527670872802673,222.0,222.0,1.442178849130869,9.0,0.0,37.0,0.0,0.09181141439205956,0.09181141439205956
V5,14,6,403.0,29.0,403.0,0.0,0.0,0.0,0.0,87.0,87.0,0.7976805148646235,9.0,29.0,0.0,0.0,0.07196029776674938,0.07196029776674938
V5,14,7,403.0,38.0,403.0,0.0,0.0,0.0,0.0,216.0,216.0,1.658961983397603,16.0,4.0,34.0,0.0,0.09429280397022333,0.09429280397022333
V5,14,8,403.0,23.0,403.0,1.0,5.0,1.0,-4.52073196692888,138.0,57.0,0.8541598254814744,7.0,0.0,23.0,0.0,0.05707196029776675,0.05707196029776675
V5,15,1,1742.0,262.0,1742.0,9.0,0.0,9.0,12.31126391856726,810.0,810.0,8.268555265851319,28.0,254.0,8.0,0.0,0.15040183696900114,0.15040183696900114
V5,15,2,1742.0,326.0,1742.0,7.0,0.0,7.0,5.732176740860676,996.0,996.0,12.83924874290824,38.0,320.0,6.0,0.0,0.18714121699196326,0.18714121699196326
V5,15,3,1742.0,192.0,1742.0,1.0,0.0,1.0,1.0181818087253016,783.0,783.0,14.130206149071455,38.0,123.0,69.0,0.0,0.11021814006888633,0.11021814006888633
V5,15,4,1742.0,149.0,1742.0,0.0,0.0,0.0,0.0,894.0,894.0,6.60909903421998,26.0,0.0,149.0,0.0,0.08553386911595867,0.08553386911595867
V5,15,5,1742.0,185.0,1742.0,0.0,0.0,0.0,0.0,1110.0,1110.0,8.153991905041039,30.0,0.0,185.0,0.0,0.10619977037887486,0.10619977037887486
V5,15,6,1742.0,241.0,1742.0,2.0,0.0,2.0,3.0508541358307806,2410.0,2410.0,13.04148453194648,42.0,0.0,0.0,241.0,0.1383467278989667,0.1383467278989667
V5,15,7,1742.0,336.0,1742.0,17.0,0.0,17.0,5.788710207928862,1827.0,1827.0,16.108237063512206,23.0,63.0,273.0,0.0,0.1928817451205511,0.1928817451205511
V5,15,8,1742.0,51.0,1742.0,0.0,17.0,0.0,-17.0,306.0,136.0,1.9797824369743466,32.0,0.0,51.0,0.0,0.029276693455797934,0.029276693455797934
V5,16,1,857.0,233.0,857.0,151.0,0.0,151.0,198.7505821917687,2322.0,2322.0,16.015974970534444,39.0,0.0,2.0,231.0,0.2718786464410735,0.2718786464410735
V5,16,2,857.0,99.0,857.0,65.0,0.0,65.0,163.891102305904,990.0,990.0,7.126899112015963,33.0,0.0,0.0,99.0,0.11551925320886815,0.11551925320886815
V5,16,3,857.0,90.0,857.0,17.0,0.0,17.0,29.205554197573715,832.0,832.0,9.27498452551663,24.0,4.0,10.0,76.0,0.10501750291715285,0.10501750291715285
V5,16,4,857.0,69.0,857.0,25.0,0.0,25.0,21.60652525080523,414.0,414.0,3.3724228646606207,30.0,0.0,69.0,0.0,0.08051341890315053,0.08051341890315053
V5,16,5,857.0,173.0,857.0,62.0,0.0,62.0,102.18289432375168,1038.0,1038.0,8.827052460983396,25.0,0.0,173.0,0.0,0.20186697782963828,0.20186697782963828
V5,16,6,857.0,41.0,857.0,4.0,0.0,4.0,11.913775020893976,123.0,123.0,1.5381278423592448,26.0,41.0,0.0,0.0,0.047841306884480746,0.047841306884480746
V5,16,7,857.0,97.0,857.0,34.0,0.0,34.0,43.86733565617963,514.0,514.0,5.95363505743444,37.0,32.0,58.0,7.0,0.11318553092182031,0.11318553092182031
V5,16,8,857.0,55.0,857.0,4.0,14.0,4.0,14.427539009760991,370.0,180.0,2.591524448245764,35.0,0.0,45.0,10.0,0.06417736289381563,0.06417736289381563
V5,17,1,452.0,123.0,452.0,57.0,0.0,57.0,44.64358478415923,1222.0,1222.0,9.925900060683489,16.0,0.0,2.0,121.0,0.2721238938053097,0.2721238938053097
V5,17,2,452.0,138.0,452.0,50.0,0.0,50.0,40.21307323757173,1376.0,1376.0,11.666111928410828,14.0,0.0,1.0,137.0,0.3053097345132743,0.3053097345132743
V5,17,3,452.0,38.0,452.0,0.0,0.0,0.0,0.0,380.0,380.0,4.840199208818376,18.0,0.0,0.0,38.0,0.084070796460177,0.084070796460177
V5,17,4,452.0,35.0,452.0,6.0,0.0,6.0,3.876518294711266,210.0,210.0,2.1670139310881495,10.0,0.0,35.0,0.0,0.07743362831858407,0.07743362831858407
V5,17,5,452.0,50.0,452.0,17.0,0.0,17.0,7.8162477863613224,300.0,300.0,2.9789667082950473,17.0,0.0,50.0,0.0,0.11061946902654868,0.11061946902654868
V5,17,6,452.0,39.0,452.0,2.0,0.0,2.0,2.3959224264940895,390.0,390.0,2.8559078257530928,19.0,0.0,0.0,39.0,0.08628318584070796,0.08628318584070796
V5,17,7,452.0,17.0,452.0,8.0,0.0,8.0,1.7683475544640221,75.0,75.0,1.170108437538147,14.0,9.0,8.0,0.0,0.03761061946902655,0.03761061946902655
V5,17,8,452.0,12.0,452.0,0.0,4.0,0.0,-4.0,72.0,30.0,0.5941764106974006,10.0,0.0,12.0,0.0,0.02654867256637168,0.02654867256637168
V5,18,1,0.0,0.0,0.0,0.0,0.0,0.0,0.0,0.0,0.0,0.0,0.0,0.0,0.0,0.0,,
V5,18,2,0.0,0.0,0.0,0.0,0.0,0.0,0.0,0.0,0.0,0.0,0.0,0.0,0.0,0.0,,
V5,18,3,0.0,0.0,0.0,0.0,0.0,0.0,0.0,0.0,0.0,0.0,0.0,0.0,0.0,0.0,,
V5,18,4,0.0,0.0,0.0,0.0,0.0,0.0,0.0,0.0,0.0,0.0,0.0,0.0,0.0,0.0,,
V5,18,5,0.0,0.0,0.0,0.0,0.0,0.0,0.0,0.0,0.0,0.0,0.0,0.0,0.0,0.0,,
V5,18,6,0.0,0.0,0.0,0.0,0.0,0.0,0.0,0.0,0.0,0.0,0.0,0.0,0.0,0.0,,
V5,18,7,0.0,0.0,0.0,0.0,0.0,0.0,0.0,0.0,0.0,0.0,0.0,0.0,0.0,0.0,,
V5,18,8,0.0,0.0,0.0,0.0,0.0,0.0,0.0,0.0,0.0,0.0,0.0,0.0,0.0,0.0,,
V5,19,1,0.0,0.0,0.0,0.0,0.0,0.0,0.0,0.0,0.0,0.0,0.0,0.0,0.0,0.0,,
V5,19,2,0.0,0.0,0.0,0.0,0.0,0.0,0.0,0.0,0.0,0.0,0.0,0.0,0.0,0.0,,
V5,19,3,0.0,0.0,0.0,0.0,0.0,0.0,0.0,0.0,0.0,0.0,0.0,0.0,0.0,0.0,,
V5,19,4,0.0,0.0,0.0,0.0,0.0,0.0,0.0,0.0,0.0,0.0,0.0,0.0,0.0,0.0,,
V5,19,5,0.0,0.0,0.0,0.0,0.0,0.0,0.0,0.0,0.0,0.0,0.0,0.0,0.0,0.0,,
V5,19,6,0.0,0.0,0.0,0.0,0.0,0.0,0.0,0.0,0.0,0.0,0.0,0.0,0.0,0.0,,
V5,19,7,0.0,0.0,0.0,0.0,0.0,0.0,0.0,0.0,0.0,0.0,0.0,0.0,0.0,0.0,,
V5,19,8,0.0,0.0,0.0,0.0,0.0,0.0,0.0,0.0,0.0,0.0,0.0,0.0,0.0,0.0,,
V5,20,1,1842.0,461.0,1842.0,106.0,0.0,106.0,73.32998098008682,2813.0,2813.0,27.52302868012339,56.0,75.0,318.0,68.0,0.250271444082519,0.250271444082519
V5,20,2,1842.0,378.0,1842.0,41.0,0.0,41.0,22.408384903232037,2329.0,2329.0,26.253772431984544,73.0,49.0,277.0,52.0,0.20521172638436483,0.20521172638436483
V5,20,3,1842.0,133.0,1842.0,4.0,0.0,4.0,10.067461128821241,1314.0,1314.0,15.464464038610458,49.0,0.0,4.0,129.0,0.0722041259500543,0.0722041259500543
V5,20,4,1842.0,277.0,1842.0,34.0,0.0,34.0,23.72414032348257,1662.0,1662.0,16.828349037095904,48.0,0.0,277.0,0.0,0.1503800217155266,0.1503800217155266
V5,20,5,1842.0,210.0,1842.0,18.0,0.0,18.0,31.152112524235452,1260.0,1260.0,12.562208550050855,67.0,0.0,210.0,0.0,0.11400651465798045,0.11400651465798045
V5,20,6,1842.0,139.0,1842.0,1.0,0.0,1.0,10.0,417.0,417.0,6.160500753670931,53.0,139.0,0.0,0.0,0.07546145494028231,0.07546145494028231
V5,20,7,1842.0,184.0,1842.0,24.0,0.0,24.0,14.435267396487081,864.0,864.0,13.231387388892472,49.0,80.0,104.0,0.0,0.0998914223669924,0.0998914223669924
V5,20,8,1842.0,60.0,1842.0,2.0,20.0,2.0,-16.01751078978863,386.0,139.0,3.1201808117330074,43.0,2.0,50.0,8.0,0.03257328990228013,0.03257328990228013
V5,21,1,10331.0,1988.0,10331.0,144.0,0.0,144.0,91.78994500128158,11050.0,11050.0,124.92031407635659,184.0,454.0,1413.0,121.0,0.19243054883360758,0.19243054883360758
V5,21,2,10331.0,2110.0,10331.0,147.0,0.0,147.0,113.82063265867036,12459.0,12459.0,154.07822814304382,218.0,451.0,1371.0,288.0,0.20423966702158552,0.20423966702158552
V5,21,3,10331.0,958.0,10331.0,1.0,0.0,1.0,0.9495578719546294,9548.0,9548.0,120.55074049998075,208.0,0.0,8.0,950.0,0.0927306165908431,0.0927306165908431
V5,21,4,10331.0,1280.0,10331.0,28.0,0.0,28.0,22.22403166493601,7680.0,7680.0,89.13023757003248,181.0,0.0,1280.0,0.0,0.12389894492304714,0.12389894492304714
V5,21,5,10331.0,1210.0,10331.0,35.0,0.0,35.0,28.875618359564207,7260.0,7260.0,85.08012617193162,176.0,0.0,1210.0,0.0,0.117123221372568,0.117123221372568
V5,21,6,10331.0,941.0,10331.0,1.0,0.0,1.0,0.6306681798573476,9410.0,9410.0,75.78907046001405,201.0,0.0,0.0,941.0,0.09108508372858387,0.09108508372858387
V5,21,7,10331.0,1671.0,10331.0,95.0,0.0,95.0,15.897149110598702,6264.0,6261.0,128.2311708619818,182.0,1254.0,417.0,0.0,0.1617462007550092,0.1617462007550092
V5,21,8,10331.0,173.0,10331.0,3.0,103.0,3.0,-100.05114996916804,1043.0,243.0,9.266580836847425,159.0,13.0,149.0,11.0,0.01674571677475559,0.01674571677475559
V5,22,1,2377.0,384.0,2377.0,35.0,0.0,35.0,68.04533258635612,1350.0,1350.0,12.676435558125377,53.0,318.0,66.0,0.0,0.16154816996213714,0.16154816996213714
V5,22,2,2377.0,395.0,2377.0,24.0,0.0,24.0,34.652665147417224,1377.0,1377.0,16.07396448776126,71.0,331.0,64.0,0.0,0.16617585191417752,0.16617585191417752
V5,22,3,2377.0,236.0,2377.0,1.0,0.0,1.0,0.26388504985115097,969.0,969.0,17.23362003546208,51.0,149.0,87.0,0.0,0.09928481278923013,0.09928481278923013
V5,22,4,2377.0,268.0,2377.0,5.0,3.0,5.0,0.7442549451435596,1608.0,1584.0,11.286217698827386,55.0,0.0,268.0,0.0,0.11274716028607489,0.11274716028607489
V5,22,5,2377.0,341.0,2377.0,6.0,1.0,6.0,37.09874826190119,2046.0,2040.0,14.678590689785779,51.0,0.0,341.0,0.0,0.143458140513252,0.143458140513252
V5,22,6,2377.0,303.0,2377.0,2.0,0.0,2.0,0.8324463595223844,909.0,909.0,9.020292763598263,54.0,303.0,0.0,0.0,0.12747160286074885,0.12747160286074885
V5,22,7,2377.0,378.0,2377.0,31.0,0.0,31.0,25.430653340847805,2166.0,2166.0,17.923479599878192,61.0,34.0,344.0,0.0,0.15902397980647875,0.15902397980647875
V5,22,8,2377.0,72.0,2377.0,5.0,28.0,5.0,-8.034586318353862,432.0,151.0,2.554672052152455,30.0,0.0,72.0,0.0,0.030290281867900715,0.030290281867900715
V5,23,1,9454.0,1396.0,9454.0,46.0,0.0,46.0,90.65798484828636,4593.0,4593.0,47.04882466606796,204.0,1261.0,135.0,0.0,0.14766236513645017,0.14766236513645017
V5,23,2,9454.0,1642.0,9454.0,54.0,0.0,54.0,133.72718961736467,5385.0,5385.0,70.81962261442095,174.0,1489.0,153.0,0.0,0.17368309710175586,0.17368309710175586
V5,23,3,9454.0,1255.0,9454.0,21.0,0.0,21.0,35.23938356063177,5061.0,5061.0,94.45658902823925,187.0,823.0,432.0,0.0,0.13274804315633595,0.13274804315633595
V5,23,4,9454.0,887.0,9454.0,9.0,7.0,9.0,-3.168023315643657,5322.0,5280.0,43.13656036928296,175.0,0.0,887.0,0.0,0.0938227205415697,0.0938227205415697
V5,23,5,9454.0,1045.0,9454.0,6.0,9.0,6.0,-4.047055665578552,6270.0,6216.0,51.58675829786807,180.0,0.0,1045.0,0.0,0.11053522318595303,0.11053522318595303
V5,23,6,9454.0,1144.0,9454.0,4.0,0.0,4.0,35.493025305780876,11440.0,11440.0,64.95830990560353,197.0,0.0,0.0,1144.0,0.12100698117199069,0.12100698117199069
V5,23,7,9454.0,1855.0,9454.0,90.0,0.0,90.0,53.47847055288116,10146.0,10146.0,92.32438735105097,175.0,328.0,1527.0,0.0,0.19621324307171567,0.19621324307171567
V5,23,8,9454.0,230.0,9454.0,0.0,73.0,0.0,-73.0,1380.0,542.0,9.063281441107392,160.0,0.0,230.0,0.0,0.0243283266342289,0.0243283266342289
V5,24,1,628.0,139.0,628.0,16.0,0.0,16.0,29.91888690073756,456.0,456.0,4.342983581125736,13.0,126.0,13.0,0.0,0.2213375796178344,0.2213375796178344
V5,24,2,628.0,162.0,628.0,22.0,0.0,22.0,44.879861981362446,570.0,570.0,6.604106661863625,20.0,134.0,28.0,0.0,0.25796178343949044,0.25796178343949044
V5,24,3,628.0,29.0,628.0,3.0,0.0,3.0,10.94428562587526,144.0,144.0,2.2936394419521093,13.0,10.0,19.0,0.0,0.04617834394904458,0.04617834394904458
V5,24,4,628.0,56.0,628.0,9.0,0.0,9.0,11.949687706707191,336.0,336.0,2.2680332139134407,12.0,0.0,56.0,0.0,0.08917197452229299,0.08917197452229299
V5,24,5,628.0,47.0,628.0,1.0,0.0,1.0,1.81818180657289,282.0,282.0,2.1808796962723136,16.0,0.0,47.0,0.0,0.07484076433121019,0.07484076433121019
V5,24,6,628.0,86.0,628.0,2.0,0.0,2.0,19.63855415092476,258.0,258.0,2.569070592522621,22.0,86.0,0.0,0.0,0.13694267515923567,0.13694267515923567
V5,24,7,628.0,60.0,628.0,11.0,0.0,11.0,7.351076778794423,324.0,324.0,2.8314723828807473,17.0,12.0,48.0,0.0,0.09554140127388536,0.09554140127388536
V5,24,8,628.0,49.0,628.0,2.0,6.0,2.0,9.365238587978627,302.0,181.0,2.0240645417943597,12.0,0.0,47.0,2.0,0.07802547770700637,0.07802547770700637
V5,25,1,1706.0,267.0,1706.0,8.0,0.0,8.0,2.3230392422099992,906.0,906.0,8.643444526009262,39.0,232.0,35.0,0.0,0.15650644783118406,0.15650644783118406
V5,25,2,1706.0,387.0,1706.0,16.0,0.0,16.0,23.418169095056697,1245.0,1245.0,16.52468470390886,37.0,359.0,28.0,0.0,0.2268464243845252,0.2268464243845252
V5,25,3,1706.0,177.0,1706.0,0.0,0.0,0.0,0.0,915.0,915.0,13.992163557559252,37.0,49.0,128.0,0.0,0.10375146541617819,0.10375146541617819
V5,25,4,1706.0,226.0,1706.0,2.0,0.0,2.0,6.6429857485838655,1356.0,1356.0,9.784166635014117,32.0,0.0,226.0,0.0,0.1324736225087925,0.1324736225087925
V5,25,5,1706.0,206.0,1706.0,1.0,0.0,1.0,0.0016159870827247788,1236.0,1236.0,10.543431863188744,34.0,0.0,206.0,0.0,0.12075029308323564,0.12075029308323564
V5,25,6,1706.0,153.0,1706.0,1.0,0.0,1.0,3.3531930768749043,1530.0,1530.0,8.717478190548718,28.0,0.0,0.0,153.0,0.08968347010550996,0.08968347010550996
V5,25,7,1706.0,253.0,1706.0,5.0,0.0,5.0,1.9347962135509957,1170.0,1170.0,12.063017453998327,25.0,116.0,137.0,0.0,0.14830011723329425,0.14830011723329425
V5,25,8,1706.0,37.0,1706.0,0.0,10.0,0.0,-10.0,222.0,111.0,1.5632741199806333,28.0,0.0,37.0,0.0,0.021688159437280186,0.021688159437280186
V5,26,1,708.0,166.0,708.0,81.0,0.0,81.0,244.20166643033198,827.0,827.0,5.663025984540582,25.0,71.0,84.0,11.0,0.2344632768361582,0.2344632768361582
V5,26,2,708.0,90.0,708.0,30.0,0.0,30.0,56.03951777712538,374.0,374.0,3.5341052459552884,28.0,58.0,30.0,2.0,0.1271186440677966,0.1271186440677966
V5,26,3,708.0,87.0,708.0,8.0,0.0,8.0,23.066650521168363,342.0,342.0,5.934454427100718,21.0,60.0,27.0,0.0,0.1228813559322034,0.1228813559322034
V5,26,4,708.0,98.0,708.0,24.0,0.0,24.0,95.28368047317304,588.0,588.0,3.628701268695295,23.0,0.0,98.0,0.0,0.1384180790960452,0.1384180790960452
V5,26,5,708.0,90.0,708.0,22.0,0.0,22.0,59.7855776117573,540.0,540.0,3.377229760400951,23.0,0.0,90.0,0.0,0.1271186440677966,0.1271186440677966
V5,26,6,708.0,58.0,708.0,4.0,0.0,4.0,24.825787948993543,174.0,174.0,1.5776341250166297,29.0,58.0,0.0,0.0,0.08192090395480225,0.08192090395480225
V5,26,7,708.0,71.0,708.0,25.0,0.0,25.0,18.628118343235407,490.0,490.0,3.3094236170873046,25.0,0.0,55.0,16.0,0.10028248587570622,0.10028248587570622
V5,26,8,708.0,48.0,708.0,9.0,5.0,9.0,45.52943003624408,296.0,157.0,1.7778434166684747,24.0,0.0,46.0,2.0,0.06779661016949153,0.06779661016949153
V5,27,1,600.0,121.0,600.0,23.0,0.0,23.0,45.55320142107216,402.0,402.0,3.464458995498717,19.0,108.0,13.0,0.0,0.20166666666666666,0.20166666666666666
V5,27,2,600.0,99.0,600.0,14.0,0.0,14.0,10.83181590289203,375.0,375.0,3.801649123430252,25.0,73.0,26.0,0.0,0.165,0.165
V5,27,3,600.0,48.0,600.0,6.0,0.0,6.0,8.699593126374253,195.0,195.0,3.433064280077815,19.0,31.0,17.0,0.0,0.08,0.08
V5,27,4,600.0,51.0,600.0,4.0,0.0,4.0,24.123711316226178,306.0,306.0,1.902418146841228,21.0,0.0,51.0,0.0,0.085,0.085
V5,27,5,600.0,63.0,600.0,8.0,0.0,8.0,29.23887535463066,378.0,378.0,2.537293660454452,22.0,0.0,63.0,0.0,0.105,0.105
V5,27,6,600.0,70.0,600.0,4.0,0.0,4.0,7.964039491655325,700.0,700.0,3.6312177116051316,20.0,0.0,0.0,70.0,0.11666666666666667,0.11666666666666667
V5,27,7,600.0,124.0,600.0,12.0,0.0,12.0,19.607719370112534,844.0,844.0,5.684899616986513,26.0,0.0,99.0,25.0,0.20666666666666667,0.20666666666666667
V5,27,8,600.0,24.0,600.0,1.0,7.0,1.0,-5.267760229431405,144.0,55.0,0.8925238233059645,15.0,0.0,24.0,0.0,0.04,0.04
V5,28,1,229.0,50.0,229.0,5.0,0.0,5.0,13.763936984540443,165.0,165.0,1.4560971111059189,8.0,45.0,5.0,0.0,0.2183406113537118,0.2183406113537118
V5,28,2,229.0,41.0,229.0,2.0,0.0,2.0,10.996781212376423,174.0,174.0,1.8621785948053002,4.0,24.0,17.0,0.0,0.17903930131004367,0.17903930131004367
V5,28,3,229.0,39.0,229.0,1.0,0.0,1.0,1.3499440602543333,156.0,156.0,2.784815486520529,5.0,26.0,13.0,0.0,0.1703056768558952,0.1703056768558952
V5,28,4,229.0,24.0,229.0,0.0,0.0,0.0,0.0,72.0,72.0,0.7505503306165338,5.0,24.0,0.0,0.0,0.10480349344978165,0.10480349344978165
V5,28,5,229.0,24.0,229.0,0.0,0.0,0.0,0.0,72.0,72.0,0.6980265704914927,10.0,24.0,0.0,0.0,0.10480349344978165,0.10480349344978165
V5,28,6,229.0,22.0,229.0,0.0,0.0,0.0,0.0,66.0,66.0,0.6341993398964405,6.0,22.0,0.0,0.0,0.09606986899563319,0.09606986899563319
V5,28,7,229.0,20.0,229.0,2.0,0.0,2.0,1.484021013541644,120.0,120.0,0.9361219517886639,4.0,0.0,20.0,0.0,0.08733624454148471,0.08733624454148471
V5,28,8,229.0,9.0,229.0,0.0,5.0,0.0,-5.0,54.0,14.0,0.3302415944635868,6.0,0.0,9.0,0.0,0.039301310043668124,0.039301310043668124
V5,29,1,1824.0,303.0,1824.0,7.0,0.0,7.0,21.935204093360927,1062.0,1062.0,9.884759917855263,44.0,252.0,51.0,0.0,0.16611842105263158,0.16611842105263158
V5,29,2,1824.0,218.0,1824.0,4.0,0.0,4.0,1.856102471445392,750.0,750.0,8.850202684290707,27.0,186.0,32.0,0.0,0.11951754385964912,0.11951754385964912
V5,29,3,1824.0,145.0,1824.0,0.0,0.0,0.0,0.0,669.0,669.0,11.072934832423925,26.0,67.0,78.0,0.0,0.07949561403508772,0.07949561403508772
V5,29,4,1824.0,178.0,1824.0,0.0,0.0,0.0,0.0,534.0,534.0,5.545292680151761,28.0,178.0,0.0,0.0,0.09758771929824561,0.09758771929824561
V5,29,5,1824.0,195.0,1824.0,4.0,0.0,4.0,24.980999871946498,585.0,585.0,5.981515844352543,21.0,195.0,0.0,0.0,0.1069078947368421,0.1069078947368421
V5,29,6,1824.0,171.0,1824.0,1.0,0.0,1.0,4.687499954882815,1710.0,1710.0,9.286066967993975,29.0,0.0,0.0,171.0,0.09375,0.09375
V5,29,7,1824.0,562.0,1824.0,23.0,0.0,23.0,74.08150230518788,2976.0,2976.0,28.59872703254223,26.0,132.0,430.0,0.0,0.3081140350877193,0.3081140350877193
V5,29,8,1824.0,52.0,1824.0,2.0,23.0,2.0,-15.093024134488175,312.0,68.0,1.7737927585840225,29.0,0.0,52.0,0.0,0.02850877192982456,0.02850877192982456
V5,30,1,2471.0,653.0,2471.0,301.0,0.0,301.0,895.3348682226618,6302.0,6302.0,48.89741840492934,101.0,0.0,57.0,596.0,0.26426547956293,0.26426547956293
V5,30,2,2471.0,461.0,2471.0,187.0,0.0,187.0,654.3930687570552,4430.0,4430.0,36.449300735257566,82.0,0.0,45.0,416.0,0.18656414407122623,0.18656414407122623
V5,30,3,2471.0,148.0,2471.0,13.0,0.0,13.0,68.49160008765125,1058.0,1058.0,14.697244950570166,66.0,50.0,18.0,80.0,0.05989477944152165,0.05989477944152165
V5,30,4,2471.0,200.0,2471.0,42.0,1.0,42.0,100.53441960071004,600.0,597.0,8.18640923127532,76.0,200.0,0.0,0.0,0.08093889113719142,0.08093889113719142
V5,30,5,2471.0,357.0,2471.0,71.0,0.0,71.0,200.2997939592196,1071.0,1071.0,15.792754255235195,74.0,357.0,0.0,0.0,0.14447592067988668,0.14447592067988668
V5,30,6,2471.0,195.0,2471.0,15.0,0.0,15.0,98.36479936256734,585.0,585.0,7.5707961255684495,85.0,195.0,0.0,0.0,0.07891541885876163,0.07891541885876163
V5,30,7,2471.0,303.0,2471.0,110.0,0.0,110.0,338.436453199609,1390.0,1388.0,19.384267047978938,85.0,160.0,130.0,13.0,0.122622420072845,0.122622420072845
V5,30,8,2471.0,154.0,2471.0,20.0,53.0,20.0,78.26842376341001,926.0,368.0,7.195686411112547,93.0,6.0,143.0,5.0,0.06232294617563739,0.06232294617563739
V5,31,1,4966.0,1301.0,4966.0,346.0,0.0,346.0,843.9842838065024,12746.0,12746.0,111.44651335570961,143.0,0.0,66.0,1235.0,0.26198147402335886,0.26198147402335886
V5,31,2,4966.0,899.0,4966.0,130.0,0.0,130.0,439.7149468183271,8798.0,8798.0,87.26178039889783,140.0,0.0,48.0,851.0,0.1810310108739428,0.1810310108739428
V5,31,3,4966.0,355.0,4966.0,2.0,0.0,2.0,13.199999982470402,3187.0,3187.0,41.74155120924115,118.0,33.0,33.0,289.0,0.07148610551751913,0.07148610551751913
V5,31,4,4966.0,386.0,4966.0,14.0,0.0,14.0,27.409800464393147,1158.0,1158.0,19.43743293080479,115.0,386.0,0.0,0.0,0.07772855416834475,0.07772855416834475
V5,31,5,4966.0,549.0,4966.0,45.0,0.0,45.0,134.60655214202995,1647.0,1647.0,26.16225339844823,127.0,549.0,0.0,0.0,0.11055175191300846,0.11055175191300846
V5,31,6,4966.0,378.0,4966.0,11.0,0.0,11.0,68.99408301293198,3780.0,3780.0,30.704919315874577,116.0,0.0,0.0,378.0,0.07611759967780911,0.07611759967780911
V5,31,7,4966.0,917.0,4966.0,174.0,4.0,174.0,631.0804869761184,3161.0,3110.0,68.36375686433166,121.0,783.0,132.0,2.0,0.184655658477648,0.184655658477648
V5,31,8,4966.0,181.0,4966.0,17.0,119.0,17.0,13.582802595770204,1033.0,206.0,9.148898744024336,95.0,27.0,147.0,7.0,0.03644784534836891,0.03644784534836891
V5,32,1,2.0,0.0,2.0,0.0,0.0,0.0,0.0,0.0,0.0,0.0,0.0,0.0,0.0,0.0,0.0,0.0
V5,32,2,2.0,0.0,2.0,0.0,0.0,0.0,0.0,0.0,0.0,0.0,0.0,0.0,0.0,0.0,0.0,0.0
V5,32,3,2.0,0.0,2.0,0.0,0.0,0.0,0.0,0.0,0.0,0.0,0.0,0.0,0.0,0.0,0.0,0.0
V5,32,4,2.0,0.0,2.0,0.0,0.0,0.0,0.0,0.0,0.0,0.0,0.0,0.0,0.0,0.0,0.0,0.0
V5,32,5,2.0,0.0,2.0,0.0,0.0,0.0,0.0,0.0,0.0,0.0,0.0,0.0,0.0,0.0,0.0,0.0
V5,32,6,2.0,1.0,2.0,0.0,0.0,0.0,0.0,3.0,3.0,0.027615275233983994,0.0,1.0,0.0,0.0,0.5,0.5
V5,32,7,2.0,1.0,2.0,0.0,0.0,0.0,0.0,6.0,6.0,0.04698162153363228,0.0,0.0,1.0,0.0,0.5,0.5
V5,32,8,2.0,0.0,2.0,0.0,0.0,0.0,0.0,0.0,0.0,0.0,0.0,0.0,0.0,0.0,0.0,0.0
V5,33,1,4.0,0.0,4.0,0.0,0.0,0.0,0.0,0.0,0.0,0.0,0.0,0.0,0.0,0.0,0.0,0.0
V5,33,2,4.0,0.0,4.0,0.0,0.0,0.0,0.0,0.0,0.0,0.0,0.0,0.0,0.0,0.0,0.0,0.0
V5,33,3,4.0,1.0,4.0,1.0,0.0,1.0,6.657600483568847,3.0,3.0,0.0681373355910182,0.0,1.0,0.0,0.0,0.25,0.25
V5,33,4,4.0,0.0,4.0,0.0,0.0,0.0,0.0,0.0,0.0,0.0,0.0,0.0,0.0,0.0,0.0,0.0
V5,33,5,4.0,0.0,4.0,0.0,0.0,0.0,0.0,0.0,0.0,0.0,0.0,0.0,0.0,0.0,0.0,0.0
V5,33,6,4.0,2.0,4.0,0.0,0.0,0.0,0.0,20.0,20.0,0.10538392513990402,1.0,0.0,0.0,2.0,0.5,0.5
V5,33,7,4.0,0.0,4.0,0.0,0.0,0.0,0.0,0.0,0.0,0.0,0.0,0.0,0.0,0.0,0.0,0.0
V5,33,8,4.0,1.0,4.0,0.0,0.0,0.0,0.0,6.0,1.0,0.03241105377674103,0.0,0.0,1.0,0.0,0.25,0.25
V5,34,1,720.0,201.0,720.0,17.0,0.0,17.0,16.83729513679702,1590.0,1590.0,15.51486702542752,24.0,0.0,105.0,96.0,0.2791666666666667,0.2791666666666667
V5,34,2,720.0,123.0,720.0,7.0,0.0,7.0,6.512613630003252,922.0,922.0,9.887087441049516,21.0,0.0,77.0,46.0,0.17083333333333334,0.17083333333333334
V5,34,3,720.0,38.0,720.0,0.0,0.0,0.0,0.0,372.0,372.0,4.5680013401433825,17.0,0.0,2.0,36.0,0.05277777777777778,0.05277777777777778
V5,34,4,720.0,64.0,720.0,2.0,0.0,2.0,5.586116127289724,192.0,192.0,2.9453327683731914,10.0,64.0,0.0,0.0,0.08888888888888889,0.08888888888888889
V5,34,5,720.0,70.0,720.0,2.0,0.0,2.0,4.557489610527375,210.0,210.0,3.4909197874367237,20.0,70.0,0.0,0.0,0.09722222222222222,0.09722222222222222
V5,34,6,720.0,47.0,720.0,0.0,0.0,0.0,0.0,141.0,141.0,2.244383556768298,16.0,47.0,0.0,0.0,0.06527777777777778,0.06527777777777778
V5,34,7,720.0,149.0,720.0,23.0,0.0,23.0,9.962653333468621,486.0,486.0,10.82136960979551,22.0,136.0,13.0,0.0,0.20694444444444443,0.20694444444444443
V5,34,8,720.0,28.0,720.0,0.0,23.0,0.0,-23.0,153.0,13.0,1.3805592777207494,15.0,5.0,23.0,0.0,0.03888888888888889,0.03888888888888889
V5,35,1,6133.0,1392.0,6133.0,119.0,0.0,119.0,127.79344503881107,11206.0,11206.0,108.09231247846037,119.0,34.0,619.0,739.0,0.226968857003098,0.226968857003098
V5,35,2,6133.0,901.0,6133.0,47.0,0.0,47.0,49.46070552597724,7200.0,7200.0,78.93146023713052,119.0,26.0,407.0,468.0,0.1469101581607696,0.1469101581607696
V5,35,3,6133.0,578.0,6133.0,0.0,0.0,0.0,0.0,5584.0,5584.0,71.83814977947623,143.0,0.0,49.0,529.0,0.09424425240502202,0.09424425240502202
V5,35,4,6133.0,605.0,6133.0,7.0,0.0,7.0,9.514100123191662,1815.0,1815.0,32.58321662154049,102.0,605.0,0.0,0.0,0.09864666557965107,0.09864666557965107
V5,35,5,6133.0,676.0,6133.0,8.0,0.0,8.0,16.276949031810258,2028.0,2028.0,35.9491973221302,110.0,676.0,0.0,0.0,0.11022338170552748,0.11022338170552748
V5,35,6,6133.0,497.0,6133.0,2.0,0.0,2.0,16.58285079222541,4970.0,4970.0,41.49352026171982,118.0,0.0,0.0,497.0,0.08103701288113485,0.08103701288113485
V5,35,7,6133.0,1377.0,6133.0,136.0,0.0,136.0,103.55350672655561,4659.0,4628.0,107.13546224590391,120.0,1201.0,176.0,0.0,0.22452307190608184,0.22452307190608184
V5,35,8,6133.0,107.0,6133.0,0.0,80.0,0.0,-80.0,598.0,85.0,5.908825919963419,88.0,16.0,90.0,1.0,0.017446600358715147,0.017446600358715147
V5,36,1,1849.0,341.0,1849.0,37.0,0.0,37.0,131.9379364905392,1530.0,1530.0,12.045571124181151,41.0,172.0,169.0,0.0,0.18442401297998917,0.18442401297998917
V5,36,2,1849.0,263.0,1849.0,16.0,0.0,16.0,67.39176372254363,984.0,984.0,11.407652171328664,52.0,198.0,65.0,0.0,0.14223904813412655,0.14223904813412655
V5,36,3,1849.0,193.0,1849.0,7.0,0.0,7.0,61.70780542769307,894.0,894.0,14.71612340491265,46.0,88.0,105.0,0.0,0.10438074634937804,0.10438074634937804
V5,36,4,1849.0,133.0,1849.0,5.0,0.0,5.0,26.66851551551308,399.0,399.0,4.192481855861843,29.0,133.0,0.0,0.0,0.07193077339102218,0.07193077339102218
V5,36,5,1849.0,190.0,1849.0,11.0,0.0,11.0,42.01397785530559,570.0,570.0,6.07388209272176,43.0,190.0,0.0,0.0,0.10275824770146025,0.10275824770146025
V5,36,6,1849.0,188.0,1849.0,2.0,0.0,2.0,12.503945941804272,564.0,564.0,5.486121919006109,52.0,188.0,0.0,0.0,0.10167658193618172,0.10167658193618172
V5,36,7,1849.0,433.0,1849.0,69.0,0.0,69.0,242.80281972801015,2187.0,2187.0,21.192821604199708,37.0,137.0,296.0,0.0,0.23418063818280152,0.23418063818280152
V5,36,8,1849.0,108.0,1849.0,6.0,45.0,6.0,-1.9947406364756342,648.0,199.0,4.124290236271918,36.0,0.0,108.0,0.0,0.058409951325040566,0.058409951325040566
V5,37,1,9108.0,1585.0,9108.0,71.0,0.0,71.0,223.43530174993265,5880.0,5880.0,56.87023264821619,180.0,1210.0,375.0,0.0,0.17402283706631533,0.17402283706631533
V5,37,2,9108.0,1381.0,9108.0,49.0,0.0,49.0,170.2460315366315,5682.0,5682.0,64.96640848461539,187.0,868.0,513.0,0.0,0.15162494510320598,0.15162494510320598
V5,37,3,9108.0,888.0,9108.0,6.0,0.0,6.0,23.910171988344167,4014.0,4014.0,69.3218053188175,185.0,438.0,450.0,0.0,0.09749670619235837,0.09749670619235837
V5,37,4,9108.0,951.0,9108.0,9.0,0.0,9.0,39.77594371222874,2853.0,2853.0,35.04190881270915,175.0,951.0,0.0,0.0,0.1044137022397892,0.1044137022397892
V5,37,5,9108.0,965.0,9108.0,22.0,1.0,22.0,97.49830742696997,2895.0,2892.0,34.2776450868696,162.0,965.0,0.0,0.0,0.1059508124725516,0.1059508124725516
V5,37,6,9108.0,976.0,9108.0,10.0,0.0,10.0,45.84920460500258,9760.0,9760.0,55.414436692371964,165.0,0.0,0.0,976.0,0.10715854194115064,0.10715854194115064
V5,37,7,9108.0,2075.0,9108.0,173.0,0.0,173.0,541.6967767179709,10572.0,10572.0,107.75254570599645,147.0,626.0,1449.0,0.0,0.22782169521299955,0.22782169521299955
V5,37,8,9108.0,287.0,9108.0,16.0,112.0,16.0,9.184176757793889,1722.0,566.0,11.03312591649592,130.0,0.0,287.0,0.0,0.031510759771629336,0.031510759771629336
V5,38,1,96.0,12.0,96.0,3.0,0.0,3.0,13.402940824789964,60.0,60.0,0.4263325333595276,2.0,4.0,8.0,0.0,0.125,0.125
V5,38,2,96.0,18.0,96.0,5.0,0.0,5.0,13.367754541617572,84.0,84.0,0.761319107376039,4.0,8.0,10.0,0.0,0.1875,0.1875
V5,38,3,96.0,9.0,96.0,0.0,0.0,0.0,0.0,36.0,36.0,0.6435429882258177,2.0,6.0,3.0,0.0,0.09375,0.09375
V5,38,4,96.0,24.0,96.0,2.0,0.0,2.0,7.507940482973347,72.0,72.0,1.0457878187298775,3.0,24.0,0.0,0.0,0.25,0.25
V5,38,5,96.0,5.0,96.0,1.0,0.0,1.0,2.647298548673067,15.0,15.0,0.1363409273326397,1.0,5.0,0.0,0.0,0.052083333333333336,0.052083333333333336
V5,38,6,96.0,7.0,96.0,0.0,0.0,0.0,0.0,21.0,21.0,0.19595506880432367,2.0,7.0,0.0,0.0,0.07291666666666667,0.07291666666666667
V5,38,7,96.0,9.0,96.0,2.0,0.0,2.0,1.7021120225530044,51.0,51.0,0.43467060290277004,4.0,1.0,8.0,0.0,0.09375,0.09375
V5,38,8,96.0,12.0,96.0,0.0,3.0,0.0,-3.0,72.0,37.0,0.46390873938798904,3.0,0.0,12.0,0.0,0.125,0.125
V5,39,1,375.0,22.0,375.0,3.0,0.0,3.0,2.873560120035444,111.0,111.0,0.8569710478186607,3.0,7.0,15.0,0.0,0.058666666666666666,0.058666666666666666
V5,39,2,375.0,110.0,375.0,7.0,0.0,7.0,6.7255283396739625,453.0,453.0,4.7065753834322095,4.0,69.0,41.0,0.0,0.29333333333333333,0.29333333333333333
V5,39,3,375.0,36.0,375.0,0.0,0.0,0.0,0.0,177.0,177.0,2.7537564719095826,9.0,13.0,23.0,0.0,0.096,0.096
V5,39,4,375.0,24.0,375.0,1.0,0.0,1.0,4.7928467995287205,72.0,72.0,0.7618229044601321,8.0,24.0,0.0,0.0,0.064,0.064
V5,39,5,375.0,70.0,375.0,3.0,0.0,3.0,12.568224716025302,210.0,210.0,2.148552231490612,7.0,70.0,0.0,0.0,0.18666666666666668,0.18666666666666668
V5,39,6,375.0,38.0,375.0,0.0,0.0,0.0,0.0,380.0,380.0,2.2621138263493776,15.0,0.0,0.0,38.0,0.10133333333333333,0.10133333333333333
V5,39,7,375.0,63.0,375.0,7.0,0.0,7.0,11.572663401033456,210.0,210.0,3.067989178933203,6.0,56.0,7.0,0.0,0.168,0.168
V5,39,8,375.0,12.0,375.0,0.0,4.0,0.0,-4.0,72.0,25.0,0.4482833482325077,3.0,0.0,12.0,0.0,0.032,0.032
V5,40,1,323.0,54.0,323.0,18.0,0.0,18.0,51.71204567299451,267.0,267.0,1.8969953013584018,11.0,19.0,35.0,0.0,0.16718266253869968,0.16718266253869968
V5,40,2,323.0,28.0,323.0,6.0,0.0,6.0,21.09021960080058,157.0,157.0,1.2938488479703665,10.0,5.0,22.0,1.0,0.08668730650154799,0.08668730650154799
V5,40,3,323.0,23.0,323.0,1.0,0.0,1.0,1.294084567984948,96.0,96.0,1.6235679080709815,12.0,14.0,9.0,0.0,0.07120743034055728,0.07120743034055728
V5,40,4,323.0,22.0,323.0,2.0,0.0,2.0,3.426996374737712,66.0,66.0,0.6215288890525699,4.0,22.0,0.0,0.0,0.06811145510835913,0.06811145510835913
V5,40,5,323.0,63.0,323.0,11.0,0.0,11.0,52.84522325264868,189.0,189.0,1.9053581347689033,10.0,63.0,0.0,0.0,0.19504643962848298,0.19504643962848298
V5,40,6,323.0,36.0,323.0,5.0,0.0,5.0,40.15078434511018,108.0,108.0,0.9831336112692952,13.0,36.0,0.0,0.0,0.11145510835913312,0.11145510835913312
V5,40,7,323.0,73.0,323.0,22.0,0.0,22.0,41.13388507287735,446.0,446.0,3.438509407453239,15.0,0.0,71.0,2.0,0.2260061919504644,0.2260061919504644
V5,40,8,323.0,24.0,323.0,4.0,1.0,4.0,37.305274906949286,144.0,88.0,0.9671497577801347,6.0,0.0,24.0,0.0,0.07430340557275542,0.07430340557275542
V5,41,1,290.0,33.0,290.0,6.0,0.0,6.0,15.180961126671404,180.0,180.0,1.331523952074349,11.0,6.0,27.0,0.0,0.11379310344827587,0.11379310344827587
V5,41,2,290.0,67.0,290.0,7.0,0.0,7.0,25.33783862542077,381.0,381.0,3.3004741352051497,7.0,7.0,60.0,0.0,0.23103448275862068,0.23103448275862068
V5,41,3,290.0,40.0,290.0,6.0,0.0,6.0,20.210602983989983,165.0,165.0,2.868328000418842,12.0,25.0,15.0,0.0,0.13793103448275862,0.13793103448275862
V5,41,4,290.0,26.0,290.0,0.0,0.0,0.0,0.0,78.0,78.0,0.8458357090130448,9.0,26.0,0.0,0.0,0.0896551724137931,0.0896551724137931
V5,41,5,290.0,47.0,290.0,5.0,0.0,5.0,18.302804477096394,141.0,141.0,1.5602804441004992,11.0,47.0,0.0,0.0,0.16206896551724137,0.16206896551724137
V5,41,6,290.0,42.0,290.0,6.0,0.0,6.0,37.45188319374524,420.0,420.0,2.216903766617179,12.0,0.0,0.0,42.0,0.14482758620689656,0.14482758620689656
V5,41,7,290.0,17.0,290.0,3.0,0.0,3.0,12.253268353924106,102.0,102.0,0.8660531481727958,7.0,0.0,17.0,0.0,0.05862068965517241,0.05862068965517241
V5,41,8,290.0,18.0,290.0,2.0,4.0,2.0,6.219875213072596,108.0,44.0,0.6490269480273128,6.0,0.0,18.0,0.0,0.06206896551724138,0.06206896551724138
V6,0,1,256.0,41.0,256.0,3.0,0.0,3.0,3.6746889683945163,159.0,159.0,1.38977144472301,6.0,29.0,12.0,0.0,0.16015625,0.16015625
V6,0,2,256.0,44.0,256.0,3.0,0.0,3.0,4.47314183842413,138.0,138.0,1.7216081488877535,6.0,42.0,2.0,0.0,0.171875,0.171875
V6,0,3,256.0,33.0,256.0,1.0,0.0,1.0,10.0,138.0,138.0,2.4038982428610325,8.0,20.0,13.0,0.0,0.12890625,0.12890625
V6,0,4,256.0,27.0,256.0,0.0,0.0,0.0,0.0,270.0,257.0,1.3727151528000832,6.0,0.0,0.0,27.0,0.10546875,0.10546875
V6,0,5,256.0,46.0,256.0,2.0,0.0,2.0,0.9364137035138098,460.0,460.0,2.657032787799835,7.0,0.0,0.0,46.0,0.1796875,0.1796875
V6,0,6,256.0,24.0,256.0,0.0,0.0,0.0,0.0,72.0,72.0,0.6629381841048598,5.0,24.0,0.0,0.0,0.09375,0.09375
V6,0,7,256.0,21.0,256.0,1.0,0.0,1.0,0.044365796860861235,120.0,120.0,0.9496065741404891,4.0,2.0,19.0,0.0,0.08203125,0.08203125
V6,0,8,256.0,20.0,256.0,0.0,3.0,0.0,-3.0,120.0,48.0,0.7238364666700363,6.0,0.0,20.0,0.0,0.078125,0.078125
V6,1,1,1309.0,206.0,1309.0,11.0,0.0,11.0,16.153539932787094,657.0,657.0,7.228042292408645,23.0,193.0,13.0,0.0,0.1573720397249809,0.1573720397249809
V6,1,2,1309.0,285.0,1309.0,13.0,0.0,13.0,26.87812294234712,891.0,891.0,12.57488649059087,33.0,273.0,12.0,0.0,0.21772345301757068,0.21772345301757068
V6,1,3,1309.0,200.0,1309.0,5.0,0.0,5.0,1.1241468417822735,765.0,765.0,14.673595178872347,26.0,145.0,55.0,0.0,0.15278838808250572,0.15278838808250572
V6,1,4,1309.0,79.0,1309.0,0.0,5.0,0.0,-5.0,790.0,730.0,5.5266346568241715,22.0,0.0,0.0,79.0,0.060351413292589765,0.060351413292589765
V6,1,5,1309.0,166.0,1309.0,6.0,4.0,6.0,2.9200249672561234,1660.0,1620.0,12.049708936363459,26.0,0.0,0.0,166.0,0.12681436210847977,0.12681436210847977
V6,1,6,1309.0,168.0,1309.0,0.0,0.0,0.0,0.0,1680.0,1680.0,9.798723814077675,35.0,0.0,0.0,168.0,0.12834224598930483,0.12834224598930483
V6,1,7,1309.0,159.0,1309.0,6.0,0.0,6.0,0.479343346953832,867.0,867.0,7.868324128910899,23.0,29.0,130.0,0.0,0.12146676852559206,0.12146676852559206
V6,1,8,1309.0,46.0,1309.0,0.0,9.0,0.0,-9.0,276.0,129.0,1.8518463568761945,17.0,0.0,46.0,0.0,0.03514132925897632,0.03514132925897632
V6,2,1,90.0,2.0,90.0,1.0,0.0,1.0,7.612720513660993,20.0,20.0,0.11579460836946964,2.0,0.0,0.0,2.0,0.022222222222222223,0.022222222222222223
V6,2,2,90.0,19.0,90.0,16.0,0.0,16.0,30.377885157744114,182.0,182.0,1.1786043364554644,5.0,0.0,2.0,17.0,0.2111111111111111,0.2111111111111111
V6,2,3,90.0,4.0,90.0,2.0,0.0,2.0,2.06000632241807,28.0,28.0,0.3339829985052347,3.0,0.0,3.0,1.0,0.044444444444444446,0.044444444444444446
V6,2,4,90.0,14.0,90.0,6.0,0.0,6.0,22.614885248080014,140.0,140.0,0.7688519740477204,4.0,0.0,0.0,14.0,0.15555555555555556,0.15555555555555556
V6,2,5,90.0,22.0,90.0,12.0,0.0,12.0,16.339334685748447,220.0,220.0,1.267238668166101,5.0,0.0,0.0,22.0,0.24444444444444444,0.24444444444444444
V6,2,6,90.0,17.0,90.0,6.0,0.0,6.0,28.78871238398557,51.0,51.0,0.5015155104920268,6.0,17.0,0.0,0.0,0.18888888888888888,0.18888888888888888
V6,2,7,90.0,8.0,90.0,2.0,0.0,2.0,0.7763219030981621,64.0,64.0,0.4247507806867361,1.0,0.0,4.0,4.0,0.08888888888888889,0.08888888888888889
V6,2,8,90.0,4.0,90.0,0.0,0.0,0.0,0.0,32.0,29.0,0.18736937083303928,3.0,0.0,2.0,2.0,0.044444444444444446,0.044444444444444446
V6,3,1,32.0,2.0,32.0,2.0,0.0,2.0,6.438054695659041,20.0,20.0,0.1123201409354806,1.0,0.0,0.0,2.0,0.0625,0.0625
V6,3,2,32.0,1.0,32.0,0.0,0.0,0.0,0.0,6.0,6.0,0.04723421297967434,1.0,0.0,1.0,0.0,0.03125,0.03125
V6,3,3,32.0,4.0,32.0,0.0,0.0,0.0,0.0,28.0,28.0,0.33964364416897297,4.0,0.0,3.0,1.0,0.125,0.125
V6,3,4,32.0,15.0,32.0,11.0,0.0,11.0,19.290931268435813,150.0,150.0,0.8659976525232196,1.0,0.0,0.0,15.0,0.46875,0.46875
V6,3,5,32.0,1.0,32.0,0.0,0.0,0.0,0.0,10.0,10.0,0.05435909237712622,0.0,0.0,0.0,1.0,0.03125,0.03125
V6,3,6,32.0,5.0,32.0,3.0,0.0,3.0,2.907643767134021,50.0,50.0,0.2729786103591323,1.0,0.0,0.0,5.0,0.15625,0.15625
V6,3,7,32.0,4.0,32.0,1.0,0.0,1.0,0.3417163731021177,24.0,24.0,0.21290665678679943,2.0,0.0,4.0,0.0,0.125,0.125
V6,3,8,32.0,0.0,32.0,0.0,0.0,0.0,0.0,0.0,0.0,0.0,0.0,0.0,0.0,0.0,0.0,0.0
V6,4,1,0.0,0.0,0.0,0.0,0.0,0.0,0.0,0.0,0.0,0.0,0.0,0.0,0.0,0.0,,
V6,4,2,0.0,0.0,0.0,0.0,0.0,0.0,0.0,0.0,0.0,0.0,0.0,0.0,0.0,0.0,,
V6,4,3,0.0,0.0,0.0,0.0,0.0,0.0,0.0,0.0,0.0,0.0,0.0,0.0,0.0,0.0,,
V6,4,4,0.0,0.0,0.0,0.0,0.0,0.0,0.0,0.0,0.0,0.0,0.0,0.0,0.0,0.0,,
V6,4,5,0.0,0.0,0.0,0.0,0.0,0.0,0.0,0.0,0.0,0.0,0.0,0.0,0.0,0.0,,
V6,4,6,0.0,0.0,0.0,0.0,0.0,0.0,0.0,0.0,0.0,0.0,0.0,0.0,0.0,0.0,,
V6,4,7,0.0,0.0,0.0,0.0,0.0,0.0,0.0,0.0,0.0,0.0,0.0,0.0,0.0,0.0,,
V6,4,8,0.0,0.0,0.0,0.0,0.0,0.0,0.0,0.0,0.0,0.0,0.0,0.0,0.0,0.0,,
V6,5,1,0.0,0.0,0.0,0.0,0.0,0.0,0.0,0.0,0.0,0.0,0.0,0.0,0.0,0.0,,
V6,5,2,0.0,0.0,0.0,0.0,0.0,0.0,0.0,0.0,0.0,0.0,0.0,0.0,0.0,0.0,,
V6,5,3,0.0,0.0,0.0,0.0,0.0,0.0,0.0,0.0,0.0,0.0,0.0,0.0,0.0,0.0,,
V6,5,4,0.0,0.0,0.0,0.0,0.0,0.0,0.0,0.0,0.0,0.0,0.0,0.0,0.0,0.0,,
V6,5,5,0.0,0.0,0.0,0.0,0.0,0.0,0.0,0.0,0.0,0.0,0.0,0.0,0.0,0.0,,
V6,5,6,0.0,0.0,0.0,0.0,0.0,0.0,0.0,0.0,0.0,0.0,0.0,0.0,0.0,0.0,,
V6,5,7,0.0,0.0,0.0,0.0,0.0,0.0,0.0,0.0,0.0,0.0,0.0,0.0,0.0,0.0,,
V6,5,8,0.0,0.0,0.0,0.0,0.0,0.0,0.0,0.0,0.0,0.0,0.0,0.0,0.0,0.0,,
V6,6,1,1103.0,136.0,1103.0,19.0,0.0,19.0,15.867620741638124,531.0,531.0,6.059572031721473,35.0,95.0,41.0,0.0,0.12330009066183137,0.12330009066183137
V6,6,2,1103.0,186.0,1103.0,23.0,0.0,23.0,22.06362378196341,781.0,781.0,9.99707399867475,26.0,113.0,72.0,1.0,0.1686310063463282,0.1686310063463282
V6,6,3,1103.0,172.0,1103.0,8.0,0.0,8.0,16.674364623941162,1552.0,1552.0,18.107727767899632,41.0,0.0,42.0,130.0,0.1559383499546691,0.1559383499546691
V6,6,4,1103.0,150.0,1103.0,15.0,0.0,15.0,12.435424784994932,1500.0,1500.0,11.210228036157787,28.0,0.0,0.0,150.0,0.1359927470534905,0.1359927470534905
V6,6,5,1103.0,144.0,1103.0,10.0,0.0,10.0,10.944573830785282,1440.0,1440.0,11.126213196665049,27.0,0.0,0.0,144.0,0.13055303717135086,0.13055303717135086
V6,6,6,1103.0,77.0,1103.0,0.0,0.0,0.0,0.0,231.0,231.0,2.8675092328339815,37.0,77.0,0.0,0.0,0.06980961015412511,0.06980961015412511
V6,6,7,1103.0,199.0,1103.0,26.0,0.0,26.0,24.47977836732063,1032.0,1032.0,12.300308676436543,27.0,54.0,145.0,0.0,0.18041704442429737,0.18041704442429737
V6,6,8,1103.0,39.0,1103.0,0.0,11.0,0.0,-11.0,250.0,83.0,1.8480848027393222,24.0,0.0,35.0,4.0,0.03535811423390753,0.03535811423390753
V6,7,1,7664.0,1662.0,7664.0,123.0,0.0,123.0,159.26414304897068,5739.0,5739.0,83.0556814474985,147.0,1411.0,251.0,0.0,0.2168580375782881,0.2168580375782881
V6,7,2,7664.0,1503.0,7664.0,95.0,0.0,95.0,183.80648345335453,5253.0,5253.0,84.63192695565522,161.0,1255.0,248.0,0.0,0.1961116910229645,0.1961116910229645
V6,7,3,7664.0,840.0,7664.0,13.0,0.0,13.0,18.02459044269083,7808.0,7808.0,100.85557325836271,156.0,0.0,148.0,692.0,0.10960334029227557,0.10960334029227557
V6,7,4,7664.0,892.0,7664.0,28.0,3.0,28.0,33.33109643918628,8920.0,8890.0,74.89609945192933,161.0,0.0,0.0,892.0,0.11638830897703549,0.11638830897703549
V6,7,5,7664.0,905.0,7664.0,34.0,2.0,34.0,29.491380497569835,9050.0,9030.0,77.28757594712079,139.0,0.0,0.0,905.0,0.11808455114822547,0.11808455114822547
V6,7,6,7664.0,758.0,7664.0,5.0,0.0,5.0,4.55417976101909,7580.0,7580.0,57.88379141036421,149.0,0.0,0.0,758.0,0.09890396659707724,0.09890396659707724
V6,7,7,7664.0,904.0,7664.0,71.0,0.0,71.0,20.014779998387308,4533.0,4533.0,65.54320923984051,162.0,297.0,607.0,0.0,0.11795407098121086,0.11795407098121086
V6,7,8,7664.0,200.0,7664.0,1.0,58.0,1.0,-54.24574418551356,1240.0,490.0,10.393728410825133,124.0,4.0,183.0,13.0,0.026096033402922755,0.026096033402922755
V6,8,1,1281.0,178.0,1281.0,10.0,0.0,10.0,29.811244212882993,534.0,534.0,5.240528088994324,32.0,178.0,0.0,0.0,0.13895394223263074,0.13895394223263074
V6,8,2,1281.0,302.0,1281.0,20.0,0.0,20.0,66.383792656894,912.0,912.0,11.750391319394112,38.0,300.0,2.0,0.0,0.23575331772053085,0.23575331772053085
V6,8,3,1281.0,186.0,1281.0,4.0,0.0,4.0,2.3552189344470142,699.0,699.0,13.136707806959748,26.0,139.0,47.0,0.0,0.1451990632318501,0.1451990632318501
V6,8,4,1281.0,75.0,1281.0,1.0,8.0,1.0,-6.814877360818699,750.0,662.0,3.8604103280231357,24.0,0.0,0.0,75.0,0.0585480093676815,0.0585480093676815
V6,8,5,1281.0,147.0,1281.0,5.0,8.0,5.0,-2.9509759411131835,1470.0,1390.0,8.747513312846422,33.0,0.0,0.0,147.0,0.11475409836065574,0.11475409836065574
V6,8,6,1281.0,144.0,1281.0,0.0,0.0,0.0,0.0,432.0,432.0,4.251517935656011,33.0,144.0,0.0,0.0,0.11241217798594848,0.11241217798594848
V6,8,7,1281.0,190.0,1281.0,10.0,0.0,10.0,16.391649008670658,1065.0,1065.0,9.082555168308318,22.0,25.0,165.0,0.0,0.1483216237314598,0.1483216237314598
V6,8,8,1281.0,59.0,1281.0,0.0,12.0,0.0,-12.0,354.0,187.0,2.298044228926301,20.0,0.0,59.0,0.0,0.04605776736924278,0.04605776736924278
V6,9,1,8119.0,1974.0,8119.0,55.0,0.0,55.0,75.06423225328881,5949.0,5949.0,67.2150050457567,257.0,1965.0,9.0,0.0,0.24313339081167631,0.24313339081167631
V6,9,2,8119.0,2637.0,8119.0,101.0,0.0,101.0,281.05944699551065,7917.0,7917.0,113.43816476780921,266.0,2635.0,2.0,0.0,0.3247936938046557,0.3247936938046557
V6,9,3,8119.0,1482.0,8119.0,15.0,0.0,15.0,51.04157354981775,6186.0,6186.0,114.26523368433118,202.0,902.0,580.0,0.0,0.18253479492548344,0.18253479492548344
V6,9,4,8119.0,0.0,0.0,0.0,0.0,0.0,0.0,0.0,0.0,0.0,0.0,0.0,0.0,0.0,0.0,
V6,9,5,8119.0,0.0,0.0,0.0,0.0,0.0,0.0,0.0,0.0,0.0,0.0,0.0,0.0,0.0,0.0,
V6,9,6,8119.0,0.0,0.0,0.0,0.0,0.0,0.0,0.0,0.0,0.0,0.0,0.0,0.0,0.0,0.0,
V6,9,7,8119.0,1724.0,8119.0,61.0,0.0,61.0,20.622580494729412,9408.0,9408.0,86.78095763549209,199.0,312.0,1412.0,0.0,0.21234142135731002,0.21234142135731002
V6,9,8,8119.0,302.0,8119.0,2.0,70.0,2.0,-60.24808943374813,1812.0,801.0,12.087856723926961,226.0,0.0,302.0,0.0,0.03719669910087449,0.03719669910087449
V6,10,1,727.0,84.0,727.0,14.0,0.0,14.0,17.63435718976075,312.0,312.0,2.9849330177530646,15.0,64.0,20.0,0.0,0.1155433287482806,0.1155433287482806
V6,10,2,727.0,259.0,727.0,40.0,0.0,40.0,109.57801828305904,900.0,900.0,10.12318266555667,29.0,218.0,41.0,0.0,0.3562585969738652,0.3562585969738652
V6,10,3,727.0,87.0,727.0,9.0,0.0,9.0,30.222602271755203,393.0,393.0,6.425600090995431,21.0,43.0,44.0,0.0,0.11966987620357634,0.11966987620357634
V6,10,4,727.0,59.0,727.0,5.0,5.0,5.0,4.627356442386234,590.0,532.0,3.094295927323401,21.0,0.0,0.0,59.0,0.0811554332874828,0.0811554332874828
V6,10,5,727.0,71.0,727.0,7.0,3.0,7.0,5.116846099000694,710.0,680.0,3.874307089485228,21.0,0.0,0.0,71.0,0.09766162310866575,0.09766162310866575
V6,10,6,727.0,78.0,727.0,4.0,0.0,4.0,21.517247929535383,234.0,234.0,2.259072261862457,25.0,78.0,0.0,0.0,0.10729023383768914,0.10729023383768914
V6,10,7,727.0,42.0,727.0,10.0,0.0,10.0,16.861475711566573,237.0,237.0,1.9856339516118169,13.0,5.0,37.0,0.0,0.0577716643741403,0.0577716643741403
V6,10,8,727.0,47.0,727.0,1.0,9.0,1.0,-8.060991266140558,330.0,147.0,1.981395160779357,12.0,0.0,35.0,12.0,0.06464924346629987,0.06464924346629987
V6,11,1,3727.0,687.0,3727.0,32.0,0.0,32.0,80.77116438264312,2076.0,2076.0,23.518284329213202,73.0,682.0,5.0,0.0,0.18433056077273946,0.18433056077273946
V6,11,2,3727.0,867.0,3727.0,54.0,0.0,54.0,158.49644179497636,2646.0,2646.0,38.04131441283971,79.0,852.0,15.0,0.0,0.23262677756909042,0.23262677756909042
V6,11,3,3727.0,413.0,3727.0,7.0,0.0,7.0,29.715717033141594,2058.0,2058.0,33.70067888777703,74.0,140.0,273.0,0.0,0.11081298631607191,0.11081298631607191
V6,11,4,3727.0,222.0,3727.0,2.0,7.0,2.0,-5.018265117164977,2220.0,2130.0,14.245274005457759,61.0,0.0,0.0,222.0,0.05956533404883284,0.05956533404883284
V6,11,5,3727.0,313.0,3727.0,8.0,9.0,8.0,0.5684507552467629,3130.0,3040.0,21.486046819016337,69.0,0.0,0.0,313.0,0.0839817547625436,0.0839817547625436
V6,11,6,3727.0,487.0,3727.0,4.0,0.0,4.0,12.84462747667864,4870.0,4870.0,28.13158651161939,79.0,0.0,0.0,487.0,0.13066809766568285,0.13066809766568285
V6,11,7,3727.0,606.0,3727.0,21.0,0.0,21.0,36.93371509491923,3084.0,3084.0,30.265990461222827,92.0,184.0,422.0,0.0,0.16259726321438153,0.16259726321438153
V6,11,8,3727.0,132.0,3727.0,0.0,17.0,0.0,-17.0,824.0,423.0,5.632792366668582,62.0,0.0,124.0,8.0,0.035417225650657365,0.035417225650657365
V6,12,1,1918.0,336.0,1918.0,118.0,0.0,118.0,270.94956166013435,1242.0,1242.0,10.338026670739055,62.0,262.0,71.0,3.0,0.17518248175182483,0.17518248175182483
V6,12,2,1918.0,432.0,1918.0,123.0,0.0,123.0,306.8290317422946,1519.0,1519.0,16.239659287966788,65.0,359.0,72.0,1.0,0.22523461939520334,0.22523461939520334
V6,12,3,1918.0,221.0,1918.0,31.0,0.0,31.0,77.13394802197661,861.0,861.0,15.244933554902673,64.0,155.0,66.0,0.0,0.11522419186652763,0.11522419186652763
V6,12,4,1918.0,174.0,1918.0,30.0,5.0,30.0,36.20626825656001,1740.0,1665.0,8.436950772069395,75.0,0.0,0.0,174.0,0.09071949947862357,0.09071949947862357
V6,12,5,1918.0,250.0,1918.0,61.0,5.0,61.0,99.68469457384053,2500.0,2450.0,12.307580592110753,77.0,0.0,0.0,250.0,0.13034410844629823,0.13034410844629823
V6,12,6,1918.0,229.0,1918.0,18.0,0.0,18.0,82.17846833950946,687.0,687.0,6.343874881975353,74.0,229.0,0.0,0.0,0.11939520333680918,0.11939520333680918
V6,12,7,1918.0,189.0,1918.0,38.0,0.0,38.0,55.26318478856577,1582.0,1582.0,9.273210011422634,80.0,0.0,77.0,112.0,0.09854014598540146,0.09854014598540146
V6,12,8,1918.0,87.0,1918.0,5.0,8.0,5.0,0.790574826898738,526.0,351.0,3.280349318869412,59.0,0.0,86.0,1.0,0.04535974973931178,0.04535974973931178
V6,13,1,4139.0,940.0,4139.0,148.0,0.0,148.0,400.89861882466266,2859.0,2859.0,28.08516018744558,137.0,927.0,13.0,0.0,0.22710799710074897,0.22710799710074897
V6,13,2,4139.0,1101.0,4139.0,158.0,0.0,158.0,694.3795263916144,3330.0,3330.0,44.4505290389061,116.0,1092.0,9.0,0.0,0.2660062817105581,0.2660062817105581
V6,13,3,4139.0,432.0,4139.0,23.0,0.0,23.0,23.74445241652351,1797.0,1797.0,31.352846034802496,105.0,265.0,167.0,0.0,0.1043730369654506,0.1043730369654506
V6,13,4,4139.0,315.0,4139.0,11.0,26.0,11.0,-10.953772142321547,3150.0,2799.0,16.65832705795765,119.0,0.0,0.0,315.0,0.0761053394539744,0.0761053394539744
V6,13,5,4139.0,329.0,4139.0,19.0,18.0,19.0,8.293675362048926,3290.0,3110.0,18.2744558500126,107.0,0.0,0.0,329.0,0.07948779898526213,0.07948779898526213
V6,13,6,4139.0,391.0,4139.0,11.0,0.0,11.0,31.3812868552748,3910.0,3910.0,21.287384998053312,132.0,0.0,0.0,391.0,0.09446726262382218,0.09446726262382218
V6,13,7,4139.0,410.0,4139.0,20.0,0.0,20.0,17.890635177677737,3436.0,3436.0,21.435078284703195,114.0,0.0,166.0,244.0,0.09905774341628412,0.09905774341628412
V6,13,8,4139.0,221.0,4139.0,4.0,29.0,4.0,-22.259073472386888,1334.0,800.0,8.442060070112348,94.0,0.0,219.0,2.0,0.053394539743899495,0.053394539743899495
V6,14,1,467.0,104.0,467.0,4.0,0.0,4.0,4.110642755300425,324.0,324.0,2.9935890063643456,14.0,100.0,4.0,0.0,0.22269807280513917,0.22269807280513917
V6,14,2,467.0,99.0,467.0,6.0,0.0,6.0,20.486464660039495,312.0,312.0,3.5867043379694223,10.0,94.0,5.0,0.0,0.21199143468950749,0.21199143468950749
V6,14,3,467.0,37.0,467.0,1.0,0.0,1.0,3.33333330267085,147.0,147.0,2.643380168825388,6.0,25.0,12.0,0.0,0.07922912205567452,0.07922912205567452
V6,14,4,467.0,47.0,467.0,1.0,0.0,1.0,0.20671012745116057,282.0,275.0,1.8561081811785698,12.0,0.0,47.0,0.0,0.1006423982869379,0.1006423982869379
V6,14,5,467.0,55.0,467.0,1.0,0.0,1.0,0.27527670872802673,330.0,330.0,2.2179226698353887,10.0,0.0,55.0,0.0,0.11777301927194861,0.11777301927194861
V6,14,6,467.0,41.0,467.0,0.0,0.0,0.0,0.0,123.0,123.0,1.1256968462839723,10.0,41.0,0.0,0.0,0.08779443254817987,0.08779443254817987
V6,14,7,467.0,58.0,467.0,1.0,0.0,1.0,0.16942315316112314,339.0,339.0,2.705210318788886,11.0,3.0,55.0,0.0,0.12419700214132762,0.12419700214132762
V6,14,8,467.0,26.0,467.0,1.0,6.0,1.0,-5.52073196692888,156.0,65.0,0.9598163487389684,7.0,0.0,26.0,0.0,0.055674518201284794,0.055674518201284794
V6,15,1,2302.0,391.0,2302.0,9.0,0.0,9.0,9.327769089798235,1191.0,1191.0,12.041797242127359,32.0,385.0,6.0,0.0,0.16985230234578627,0.16985230234578627
V6,15,2,2302.0,392.0,2302.0,7.0,0.0,7.0,4.780227487462369,1218.0,1218.0,15.903880714438856,42.0,378.0,14.0,0.0,0.17028670721112077,0.17028670721112077
V6,15,3,2302.0,329.0,2302.0,3.0,0.0,3.0,1.7411820262445836,1320.0,1320.0,24.369640645571053,46.0,218.0,111.0,0.0,0.1429192006950478,0.1429192006950478
V6,15,4,2302.0,199.0,2302.0,0.0,1.0,0.0,-1.0,1194.0,1188.0,9.295580326579511,41.0,0.0,199.0,0.0,0.08644656820156386,0.08644656820156386
V6,15,5,2302.0,281.0,2302.0,1.0,0.0,1.0,2.058030184283438,1686.0,1686.0,12.461180586367846,40.0,0.0,281.0,0.0,0.12206776715899217,0.12206776715899217
V6,15,6,2302.0,287.0,2302.0,1.0,0.0,1.0,1.1842240884366353,2870.0,2870.0,15.7475541299209,52.0,0.0,0.0,287.0,0.12467419635099913,0.12467419635099913
V6,15,7,2302.0,357.0,2302.0,14.0,0.0,14.0,4.90895550627071,1983.0,1983.0,16.734225836582482,28.0,53.0,304.0,0.0,0.15508253692441357,0.15508253692441357
V6,15,8,2302.0,66.0,2302.0,1.0,13.0,1.0,-11.799434266043736,396.0,187.0,2.56017985381186,32.0,0.0,66.0,0.0,0.028670721112076455,0.028670721112076455
V6,16,1,851.0,232.0,851.0,156.0,0.0,156.0,189.12679319845188,2316.0,2316.0,15.95390291325748,36.0,0.0,1.0,231.0,0.27262044653349,0.27262044653349
V6,16,2,851.0,97.0,851.0,63.0,0.0,63.0,162.7140776732131,966.0,966.0,6.9389786552637815,32.0,0.0,1.0,96.0,0.11398354876615746,0.11398354876615746
V6,16,3,851.0,90.0,851.0,17.0,0.0,17.0,29.205554197573715,832.0,832.0,9.254004104994237,24.0,4.0,10.0,76.0,0.10575793184488837,0.10575793184488837
V6,16,4,851.0,69.0,851.0,25.0,0.0,25.0,21.60652525080523,414.0,414.0,3.3414338771253824,30.0,0.0,69.0,0.0,0.08108108108108109,0.08108108108108109
V6,16,5,851.0,173.0,851.0,64.0,0.0,64.0,112.38310380096728,1038.0,1038.0,8.873433442786336,24.0,0.0,173.0,0.0,0.20329024676850763,0.20329024676850763
V6,16,6,851.0,40.0,851.0,4.0,0.0,4.0,11.913775020893976,120.0,120.0,1.487528300844133,26.0,40.0,0.0,0.0,0.04700352526439483,0.04700352526439483
V6,16,7,851.0,95.0,851.0,34.0,0.0,34.0,41.33512777085584,508.0,508.0,5.839923053048551,36.0,30.0,58.0,7.0,0.11163337250293771,0.11163337250293771
V6,16,8,851.0,55.0,851.0,4.0,14.0,4.0,14.427539009760991,370.0,180.0,2.5899474900215864,35.0,0.0,45.0,10.0,0.06462984723854288,0.06462984723854288
V6,17,1,454.0,131.0,454.0,54.0,0.0,54.0,44.54425991258198,1302.0,1302.0,10.650080206803977,14.0,0.0,2.0,129.0,0.28854625550660795,0.28854625550660795
V6,17,2,454.0,139.0,454.0,51.0,0.0,51.0,40.47683570959688,1386.0,1386.0,11.820299601182342,14.0,0.0,1.0,138.0,0.30616740088105726,0.30616740088105726
V6,17,3,454.0,35.0,454.0,0.0,0.0,0.0,0.0,350.0,350.0,4.542079704813659,17.0,0.0,0.0,35.0,0.07709251101321586,0.07709251101321586
V6,17,4,454.0,25.0,454.0,2.0,0.0,2.0,1.7149568087752205,150.0,150.0,1.650032070465386,9.0,0.0,25.0,0.0,0.05506607929515418,0.05506607929515418
V6,17,5,454.0,52.0,454.0,18.0,0.0,18.0,13.449861677086767,312.0,312.0,3.0694404784590006,18.0,0.0,52.0,0.0,0.1145374449339207,0.1145374449339207
V6,17,6,454.0,39.0,454.0,2.0,0.0,2.0,2.3959224264940895,390.0,390.0,2.8547039227560163,19.0,0.0,0.0,39.0,0.08590308370044053,0.08590308370044053
V6,17,7,454.0,20.0,454.0,8.0,0.0,8.0,1.7683475544640221,84.0,84.0,1.3790335953235626,15.0,12.0,8.0,0.0,0.04405286343612335,0.04405286343612335
V6,17,8,454.0,13.0,454.0,0.0,4.0,0.0,-4.0,78.0,33.0,0.6582931019365788,11.0,0.0,13.0,0.0,0.028634361233480177,0.028634361233480177
V6,18,1,0.0,0.0,0.0,0.0,0.0,0.0,0.0,0.0,0.0,0.0,0.0,0.0,0.0,0.0,,
V6,18,2,0.0,0.0,0.0,0.0,0.0,0.0,0.0,0.0,0.0,0.0,0.0,0.0,0.0,0.0,,
V6,18,3,0.0,0.0,0.0,0.0,0.0,0.0,0.0,0.0,0.0,0.0,0.0,0.0,0.0,0.0,,
V6,18,4,0.0,0.0,0.0,0.0,0.0,0.0,0.0,0.0,0.0,0.0,0.0,0.0,0.0,0.0,,
V6,18,5,0.0,0.0,0.0,0.0,0.0,0.0,0.0,0.0,0.0,0.0,0.0,0.0,0.0,0.0,,
V6,18,6,0.0,0.0,0.0,0.0,0.0,0.0,0.0,0.0,0.0,0.0,0.0,0.0,0.0,0.0,,
V6,18,7,0.0,0.0,0.0,0.0,0.0,0.0,0.0,0.0,0.0,0.0,0.0,0.0,0.0,0.0,,
V6,18,8,0.0,0.0,0.0,0.0,0.0,0.0,0.0,0.0,0.0,0.0,0.0,0.0,0.0,0.0,,
V6,19,1,0.0,0.0,0.0,0.0,0.0,0.0,0.0,0.0,0.0,0.0,0.0,0.0,0.0,0.0,,
V6,19,2,0.0,0.0,0.0,0.0,0.0,0.0,0.0,0.0,0.0,0.0,0.0,0.0,0.0,0.0,,
V6,19,3,0.0,0.0,0.0,0.0,0.0,0.0,0.0,0.0,0.0,0.0,0.0,0.0,0.0,0.0,,
V6,19,4,0.0,0.0,0.0,0.0,0.0,0.0,0.0,0.0,0.0,0.0,0.0,0.0,0.0,0.0,,
V6,19,5,0.0,0.0,0.0,0.0,0.0,0.0,0.0,0.0,0.0,0.0,0.0,0.0,0.0,0.0,,
V6,19,6,0.0,0.0,0.0,0.0,0.0,0.0,0.0,0.0,0.0,0.0,0.0,0.0,0.0,0.0,,
V6,19,7,0.0,0.0,0.0,0.0,0.0,0.0,0.0,0.0,0.0,0.0,0.0,0.0,0.0,0.0,,
V6,19,8,0.0,0.0,0.0,0.0,0.0,0.0,0.0,0.0,0.0,0.0,0.0,0.0,0.0,0.0,,
V6,20,1,1973.0,471.0,1973.0,92.0,0.0,92.0,78.29389242658664,2789.0,2789.0,28.17452412005514,61.0,87.0,328.0,56.0,0.2387227572225038,0.2387227572225038
V6,20,2,1973.0,453.0,1973.0,50.0,0.0,50.0,39.06141345195848,2700.0,2700.0,30.882745694369078,79.0,74.0,328.0,51.0,0.22959959452610237,0.22959959452610237
V6,20,3,1973.0,119.0,1973.0,4.0,0.0,4.0,10.067461128821241,1178.0,1178.0,13.922845271416008,47.0,0.0,3.0,116.0,0.06031424227065383,0.06031424227065383
V6,20,4,1973.0,276.0,1973.0,36.0,0.0,36.0,24.089491602203566,1656.0,1656.0,16.894769695587456,51.0,0.0,276.0,0.0,0.1398884946781551,0.1398884946781551
V6,20,5,1973.0,235.0,1973.0,19.0,0.0,19.0,31.318040422122213,1410.0,1410.0,13.933499637059867,67.0,0.0,235.0,0.0,0.11910795742524075,0.11910795742524075
V6,20,6,1973.0,146.0,1973.0,1.0,0.0,1.0,10.0,438.0,438.0,6.416083982214332,54.0,146.0,0.0,0.0,0.07399898631525595,0.07399898631525595
V6,20,7,1973.0,213.0,1973.0,31.0,0.0,31.0,15.617328546261268,978.0,978.0,14.804759442806244,55.0,100.0,113.0,0.0,0.10795742524075012,0.10795742524075012
V6,20,8,1973.0,60.0,1973.0,2.0,24.0,2.0,-20.017510789788627,376.0,121.0,3.0101586673408747,43.0,4.0,49.0,7.0,0.030410542321338063,0.030410542321338063
V6,21,1,10325.0,2078.0,10325.0,159.0,0.0,159.0,100.41422643237163,11343.0,11343.0,127.06152642983943,200.0,563.0,1374.0,141.0,0.2012590799031477,0.2012590799031477
V6,21,2,10325.0,2089.0,10325.0,157.0,0.0,157.0,118.67697914585169,12278.0,12278.0,151.13967944215983,219.0,444.0,1376.0,269.0,0.20232445520581113,0.20232445520581113
V6,21,3,10325.0,963.0,10325.0,3.0,0.0,3.0,3.139627227657998,9526.0,9526.0,118.05888322368264,221.0,0.0,26.0,937.0,0.09326876513317191,0.09326876513317191
V6,21,4,10325.0,1233.0,10325.0,26.0,0.0,26.0,17.866712859044636,7398.0,7398.0,83.96319171506912,186.0,0.0,1233.0,0.0,0.11941888619854722,0.11941888619854722
V6,21,5,10325.0,1341.0,10325.0,42.0,0.0,42.0,33.56131179399453,8046.0,8046.0,91.58905526343733,187.0,0.0,1341.0,0.0,0.12987893462469732,0.12987893462469732
V6,21,6,10325.0,912.0,10325.0,2.0,0.0,2.0,5.79449068029594,9120.0,9120.0,72.91425357758999,194.0,0.0,0.0,912.0,0.08832929782082324,0.08832929782082324
V6,21,7,10325.0,1532.0,10325.0,89.0,0.0,89.0,16.461592665027048,5736.0,5736.0,115.9966164175421,193.0,1152.0,380.0,0.0,0.14837772397094431,0.14837772397094431
V6,21,8,10325.0,177.0,10325.0,3.0,105.0,3.0,-98.75956145950381,1042.0,249.0,9.304257376119494,157.0,20.0,147.0,10.0,0.017142857142857144,0.017142857142857144
V6,22,1,2189.0,400.0,2189.0,33.0,0.0,33.0,60.69911434325843,1470.0,1470.0,12.992939693853259,58.0,310.0,90.0,0.0,0.1827318410232983,0.1827318410232983
V6,22,2,2189.0,251.0,2189.0,14.0,0.0,14.0,18.364091872393306,924.0,924.0,10.234535315074027,56.0,194.0,57.0,0.0,0.11466423024211969,0.11466423024211969
V6,22,3,2189.0,244.0,2189.0,8.0,0.0,8.0,5.904189978757441,957.0,957.0,17.88853028230369,35.0,169.0,75.0,0.0,0.11146642302421197,0.11146642302421197
V6,22,4,2189.0,216.0,2189.0,3.0,7.0,3.0,-5.5627898422665645,1296.0,1238.0,8.760824587196112,48.0,0.0,216.0,0.0,0.09867519415258108,0.09867519415258108
V6,22,5,2189.0,324.0,2189.0,9.0,3.0,9.0,45.57665857735171,1944.0,1926.0,13.62031423021108,55.0,0.0,324.0,0.0,0.14801279122887162,0.14801279122887162
V6,22,6,2189.0,210.0,2189.0,2.0,0.0,2.0,0.8324463595223844,630.0,630.0,6.126818684861064,44.0,210.0,0.0,0.0,0.09593421653723161,0.09593421653723161
V6,22,7,2189.0,466.0,2189.0,42.0,0.0,42.0,41.15012049766215,2595.0,2595.0,21.53545522969216,54.0,67.0,399.0,0.0,0.21288259479214253,0.21288259479214253
V6,22,8,2189.0,78.0,2189.0,4.0,29.0,4.0,-16.271404174832323,468.0,181.0,2.8356757471337914,39.0,0.0,78.0,0.0,0.03563270899954317,0.03563270899954317
V6,23,1,8490.0,1286.0,8490.0,43.0,0.0,43.0,94.00152879665734,4044.0,4044.0,43.44225239939988,164.0,1224.0,62.0,0.0,0.15147232037691402,0.15147232037691402
V6,23,2,8490.0,1241.0,8490.0,43.0,0.0,43.0,100.50676856650615,4341.0,4341.0,54.248289118520916,165.0,1035.0,206.0,0.0,0.14617196702002355,0.14617196702002355
V6,23,3,8490.0,1196.0,8490.0,14.0,0.0,14.0,24.4285008820225,5013.0,5013.0,91.38442818727344,172.0,721.0,475.0,0.0,0.1408716136631331,0.1408716136631331
V6,23,4,8490.0,850.0,8490.0,8.0,13.0,8.0,-6.2694798470922875,5100.0,4973.0,40.991082260385156,150.0,0.0,850.0,0.0,0.10011778563015312,0.10011778563015312
V6,23,5,8490.0,1116.0,8490.0,17.0,10.0,17.0,38.811407906639225,6696.0,6636.0,53.06052256003022,160.0,0.0,1116.0,0.0,0.1314487632508834,0.1314487632508834
V6,23,6,8490.0,1060.0,8490.0,3.0,0.0,3.0,9.430481522280704,10600.0,10600.0,60.78020991105586,167.0,0.0,0.0,1060.0,0.1248527679623086,0.1248527679623086
V6,23,7,8490.0,1566.0,8490.0,104.0,0.0,104.0,45.84001269027049,8073.0,8073.0,77.17698864266276,155.0,441.0,1125.0,0.0,0.18445229681978798,0.18445229681978798
V6,23,8,8490.0,175.0,8490.0,1.0,63.0,1.0,-60.22207094743576,1050.0,377.0,6.600574707612395,130.0,0.0,175.0,0.0,0.02061248527679623,0.02061248527679623
V6,24,1,619.0,142.0,619.0,19.0,0.0,19.0,40.97307026714397,498.0,498.0,4.5803214851766825,12.0,118.0,24.0,0.0,0.2294022617124394,0.2294022617124394
V6,24,2,619.0,155.0,619.0,21.0,0.0,21.0,43.544703422180525,546.0,546.0,6.237611362710595,17.0,128.0,27.0,0.0,0.25040387722132473,0.25040387722132473
V6,24,3,619.0,34.0,619.0,3.0,0.0,3.0,10.94428562587526,165.0,165.0,2.629153558984399,18.0,13.0,21.0,0.0,0.05492730210016155,0.05492730210016155
V6,24,4,619.0,51.0,619.0,10.0,0.0,10.0,14.461096581146228,306.0,306.0,2.026522413827479,9.0,0.0,51.0,0.0,0.08239095315024232,0.08239095315024232
V6,24,5,619.0,55.0,619.0,1.0,0.0,1.0,1.81818180657289,330.0,330.0,2.670450766570866,15.0,0.0,55.0,0.0,0.0888529886914378,0.0888529886914378
V6,24,6,619.0,92.0,619.0,2.0,0.0,2.0,19.63855415092476,276.0,276.0,2.7488157926127315,16.0,92.0,0.0,0.0,0.14862681744749595,0.14862681744749595
V6,24,7,619.0,52.0,619.0,9.0,0.0,9.0,5.3699246073905655,261.0,261.0,2.391323994845152,16.0,17.0,35.0,0.0,0.0840064620355412,0.0840064620355412
V6,24,8,619.0,38.0,619.0,2.0,5.0,2.0,10.365238587978627,236.0,148.0,1.535002433694899,9.0,0.0,36.0,2.0,0.061389337641357025,0.061389337641357025
V6,25,1,1721.0,326.0,1721.0,13.0,0.0,13.0,20.00926083342771,1083.0,1083.0,10.618556773290038,47.0,291.0,35.0,0.0,0.189424753050552,0.189424753050552
V6,25,2,1721.0,346.0,1721.0,12.0,0.0,12.0,24.145563328199426,1077.0,1077.0,14.751033345237374,37.0,333.0,13.0,0.0,0.2010459035444509,0.2010459035444509
V6,25,3,1721.0,227.0,1721.0,1.0,0.0,1.0,6.475018138726616,1212.0,1212.0,17.659577946178615,40.0,50.0,177.0,0.0,0.13190005810575248,0.13190005810575248
V6,25,4,1721.0,191.0,1721.0,1.0,0.0,1.0,6.122448948543519,1146.0,1146.0,8.638969007879496,30.0,0.0,191.0,0.0,0.11098198721673445,0.11098198721673445
V6,25,5,1721.0,245.0,1721.0,0.0,0.0,0.0,0.0,1470.0,1470.0,12.466898426413536,42.0,0.0,245.0,0.0,0.14235909355026147,0.14235909355026147
V6,25,6,1721.0,170.0,1721.0,1.0,0.0,1.0,3.3531930768749043,1700.0,1700.0,9.600726982578635,43.0,0.0,0.0,170.0,0.09877977919814061,0.09877977919814061
V6,25,7,1721.0,186.0,1721.0,3.0,0.0,3.0,1.809898904355568,960.0,960.0,9.196248209103942,19.0,52.0,134.0,0.0,0.10807669959325973,0.10807669959325973
V6,25,8,1721.0,30.0,1721.0,0.0,7.0,0.0,-7.0,180.0,89.0,1.2337843673303723,23.0,0.0,30.0,0.0,0.017431725740848343,0.017431725740848343
V6,26,1,766.0,179.0,766.0,83.0,0.0,83.0,246.30173790396907,866.0,866.0,5.983520548790693,27.0,84.0,84.0,11.0,0.23368146214099217,0.23368146214099217
V6,26,2,766.0,112.0,766.0,32.0,0.0,32.0,79.35353531455974,443.0,443.0,4.359825422056019,35.0,79.0,31.0,2.0,0.1462140992167102,0.1462140992167102
V6,26,3,766.0,90.0,766.0,8.0,0.0,8.0,23.066650521168363,354.0,354.0,6.189580860547721,24.0,62.0,28.0,0.0,0.1174934725848564,0.1174934725848564
V6,26,4,766.0,93.0,766.0,24.0,0.0,24.0,94.06959560974795,558.0,558.0,3.426818954758346,24.0,0.0,93.0,0.0,0.12140992167101827,0.12140992167101827
V6,26,5,766.0,99.0,766.0,23.0,0.0,23.0,60.5504191181828,594.0,594.0,3.7481879591941833,28.0,0.0,99.0,0.0,0.12924281984334204,0.12924281984334204
V6,26,6,766.0,68.0,766.0,4.0,0.0,4.0,24.825787948993543,204.0,204.0,1.842617874033749,33.0,68.0,0.0,0.0,0.08877284595300261,0.08877284595300261
V6,26,7,766.0,79.0,766.0,26.0,0.0,26.0,19.900515610866528,538.0,538.0,3.743784456513822,27.0,0.0,63.0,16.0,0.1031331592689295,0.1031331592689295
V6,26,8,766.0,46.0,766.0,9.0,5.0,9.0,45.52943003624408,284.0,147.0,1.7007612902671099,23.0,0.0,44.0,2.0,0.06005221932114883,0.06005221932114883
V6,27,1,668.0,151.0,668.0,27.0,0.0,27.0,50.13964868085817,513.0,513.0,4.426573388278484,24.0,131.0,20.0,0.0,0.22604790419161677,0.22604790419161677
V6,27,2,668.0,94.0,668.0,14.0,0.0,14.0,11.51269675029888,354.0,354.0,3.63562433142215,26.0,70.0,24.0,0.0,0.1407185628742515,0.1407185628742515
V6,27,3,668.0,59.0,668.0,5.0,0.0,5.0,7.037318631329577,225.0,225.0,4.172244315035641,23.0,43.0,16.0,0.0,0.08832335329341318,0.08832335329341318
V6,27,4,668.0,65.0,668.0,6.0,0.0,6.0,27.669430860433486,390.0,390.0,2.536030883900821,22.0,0.0,65.0,0.0,0.09730538922155689,0.09730538922155689
V6,27,5,668.0,60.0,668.0,8.0,0.0,8.0,31.546710574614224,360.0,360.0,2.385608040727675,19.0,0.0,60.0,0.0,0.08982035928143713,0.08982035928143713
V6,27,6,668.0,57.0,668.0,3.0,0.0,3.0,6.972648941984092,570.0,570.0,2.9177150428295135,17.0,0.0,0.0,57.0,0.08532934131736528,0.08532934131736528
V6,27,7,668.0,150.0,668.0,16.0,0.0,16.0,23.142732999545963,1000.0,1000.0,6.941508990712464,27.0,0.0,125.0,25.0,0.2245508982035928,0.2245508982035928
V6,27,8,668.0,32.0,668.0,2.0,7.0,2.0,-3.704679227922182,192.0,84.0,1.2047396833077073,13.0,0.0,32.0,0.0,0.04790419161676647,0.04790419161676647
V6,28,1,244.0,46.0,244.0,4.0,0.0,4.0,12.684229160735825,159.0,159.0,1.343002524226904,8.0,39.0,7.0,0.0,0.1885245901639344,0.1885245901639344
V6,28,2,244.0,66.0,244.0,4.0,0.0,4.0,6.7369021446737385,312.0,312.0,3.031335426494479,4.0,28.0,38.0,0.0,0.27049180327868855,0.27049180327868855
V6,28,3,244.0,39.0,244.0,1.0,0.0,1.0,1.3499440602543333,168.0,168.0,2.915947579778731,7.0,22.0,17.0,0.0,0.1598360655737705,0.1598360655737705
V6,28,4,244.0,17.0,244.0,0.0,0.0,0.0,0.0,51.0,51.0,0.5312775420024991,4.0,17.0,0.0,0.0,0.06967213114754098,0.06967213114754098
V6,28,5,244.0,22.0,244.0,1.0,0.0,1.0,5.033942681412325,66.0,66.0,0.7374632339924574,8.0,22.0,0.0,0.0,0.09016393442622951,0.09016393442622951
V6,28,6,244.0,18.0,244.0,0.0,0.0,0.0,0.0,54.0,54.0,0.5421851547434926,4.0,18.0,0.0,0.0,0.07377049180327869,0.07377049180327869
V6,28,7,244.0,27.0,244.0,1.0,0.0,1.0,0.3671842172279791,120.0,120.0,1.2266829377040267,3.0,14.0,13.0,0.0,0.11065573770491803,0.11065573770491803
V6,28,8,244.0,9.0,244.0,0.0,3.0,0.0,-3.0,54.0,18.0,0.33924722112715244,5.0,0.0,9.0,0.0,0.036885245901639344,0.036885245901639344
V6,29,1,1631.0,172.0,1631.0,4.0,0.0,4.0,12.425437436297639,615.0,615.0,5.661706012673676,42.0,139.0,33.0,0.0,0.10545677498467199,0.10545677498467199
V6,29,2,1631.0,216.0,1631.0,3.0,0.0,3.0,8.74096421578053,825.0,825.0,8.874530709348619,27.0,157.0,59.0,0.0,0.13243408951563457,0.13243408951563457
V6,29,3,1631.0,149.0,1631.0,0.0,0.0,0.0,0.0,654.0,654.0,11.252256668172777,21.0,80.0,69.0,0.0,0.09135499693439608,0.09135499693439608
V6,29,4,1631.0,190.0,1631.0,0.0,0.0,0.0,0.0,570.0,570.0,6.0175598338246346,28.0,190.0,0.0,0.0,0.11649294911097487,0.11649294911097487
V6,29,5,1631.0,159.0,1631.0,3.0,0.0,3.0,24.029641891052396,477.0,477.0,4.914904455654323,19.0,159.0,0.0,0.0,0.09748620478234211,0.09748620478234211
V6,29,6,1631.0,158.0,1631.0,0.0,0.0,0.0,0.0,1580.0,1580.0,8.693721967749298,24.0,0.0,0.0,158.0,0.09687308399754752,0.09687308399754752
V6,29,7,1631.0,533.0,1631.0,29.0,0.0,29.0,81.92145181650598,2658.0,2658.0,25.911109056323767,28.0,180.0,353.0,0.0,0.32679337829552424,0.32679337829552424
V6,29,8,1631.0,54.0,1631.0,2.0,24.0,2.0,-16.093024134488175,324.0,83.0,1.8921071803197265,27.0,0.0,54.0,0.0,0.03310852237890864,0.03310852237890864
V6,30,1,2488.0,685.0,2488.0,318.0,0.0,318.0,953.8078784970068,6598.0,6598.0,51.09451077692211,102.0,0.0,63.0,622.0,0.2753215434083601,0.2753215434083601
V6,30,2,2488.0,461.0,2488.0,185.0,0.0,185.0,672.7885875569679,4414.0,4414.0,36.498902454040945,84.0,0.0,49.0,412.0,0.18528938906752412,0.18528938906752412
V6,30,3,2488.0,134.0,2488.0,14.0,0.0,14.0,68.52613145161327,963.0,963.0,13.516962996684015,63.0,47.0,12.0,75.0,0.053858520900321546,0.053858520900321546
V6,30,4,2488.0,211.0,2488.0,44.0,1.0,44.0,104.97974922387539,633.0,630.0,8.95520485099405,75.0,211.0,0.0,0.0,0.08480707395498392,0.08480707395498392
V6,30,5,2488.0,342.0,2488.0,70.0,0.0,70.0,198.47850442818506,1026.0,1026.0,15.185922708362341,77.0,342.0,0.0,0.0,0.13745980707395497,0.13745980707395497
V6,30,6,2488.0,202.0,2488.0,15.0,0.0,15.0,98.36479936256734,606.0,606.0,8.084503491409123,89.0,202.0,0.0,0.0,0.08118971061093247,0.08118971061093247
V6,30,7,2488.0,307.0,2488.0,109.0,0.0,109.0,346.2364639125282,1366.0,1366.0,19.78362567536533,90.0,176.0,118.0,13.0,0.12339228295819936,0.12339228295819936
V6,30,8,2488.0,146.0,2488.0,18.0,55.0,18.0,54.12226700322084,868.0,344.0,6.925403094850481,94.0,8.0,134.0,4.0,0.058681672025723476,0.058681672025723476
V6,31,1,5149.0,1410.0,5149.0,366.0,0.0,366.0,850.5240054249638,13708.0,13708.0,121.449721891433,138.0,0.0,98.0,1312.0,0.27383958050106816,0.27383958050106816
V6,31,2,5149.0,921.0,5149.0,136.0,0.0,136.0,452.22075797356797,8842.0,8842.0,88.81885015964508,140.0,0.0,92.0,829.0,0.17886968343367643,0.17886968343367643
V6,31,3,5149.0,316.0,5149.0,2.0,0.0,2.0,13.199999982470402,2861.0,2861.0,37.932315778918564,112.0,21.0,38.0,257.0,0.06137114002718975,0.06137114002718975
V6,31,4,5149.0,461.0,5149.0,16.0,0.0,16.0,34.85869296773798,1383.0,1383.0,23.940106068737805,122.0,461.0,0.0,0.0,0.08953194795105845,0.08953194795105845
V6,31,5,5149.0,541.0,5149.0,46.0,0.0,46.0,117.01148575713837,1623.0,1623.0,26.01621947903186,118.0,541.0,0.0,0.0,0.10506894542629637,0.10506894542629637
V6,31,6,5149.0,413.0,5149.0,12.0,0.0,12.0,73.86060881620256,4130.0,4130.0,34.03416515607387,119.0,0.0,0.0,413.0,0.0802097494659157,0.0802097494659157
V6,31,7,5149.0,864.0,5149.0,180.0,3.0,180.0,700.8017084745285,3056.0,3030.0,65.16428389400244,133.0,712.0,150.0,2.0,0.16779957273256943,0.16779957273256943
V6,31,8,5149.0,223.0,5149.0,23.0,122.0,23.0,36.70940407785412,1259.0,343.0,11.134594963863492,107.0,33.0,185.0,5.0,0.043309380462225676,0.043309380462225676
V6,32,1,2.0,0.0,2.0,0.0,0.0,0.0,0.0,0.0,0.0,0.0,0.0,0.0,0.0,0.0,0.0,0.0
V6,32,2,2.0,0.0,2.0,0.0,0.0,0.0,0.0,0.0,0.0,0.0,0.0,0.0,0.0,0.0,0.0,0.0
V6,32,3,2.0,0.0,2.0,0.0,0.0,0.0,0.0,0.0,0.0,0.0,0.0,0.0,0.0,0.0,0.0,0.0
V6,32,4,2.0,0.0,2.0,0.0,0.0,0.0,0.0,0.0,0.0,0.0,0.0,0.0,0.0,0.0,0.0,0.0
V6,32,5,2.0,0.0,2.0,0.0,0.0,0.0,0.0,0.0,0.0,0.0,0.0,0.0,0.0,0.0,0.0,0.0
V6,32,6,2.0,1.0,2.0,0.0,0.0,0.0,0.0,3.0,3.0,0.027478390373289585,0.0,1.0,0.0,0.0,0.5,0.5
V6,32,7,2.0,1.0,2.0,0.0,0.0,0.0,0.0,6.0,6.0,0.0466382447630167,0.0,0.0,1.0,0.0,0.5,0.5
V6,32,8,2.0,0.0,2.0,0.0,0.0,0.0,0.0,0.0,0.0,0.0,0.0,0.0,0.0,0.0,0.0,0.0
V6,33,1,4.0,0.0,4.0,0.0,0.0,0.0,0.0,0.0,0.0,0.0,0.0,0.0,0.0,0.0,0.0,0.0
V6,33,2,4.0,0.0,4.0,0.0,0.0,0.0,0.0,0.0,0.0,0.0,0.0,0.0,0.0,0.0,0.0,0.0
V6,33,3,4.0,1.0,4.0,1.0,0.0,1.0,6.657600483568847,3.0,3.0,0.06787759158760309,0.0,1.0,0.0,0.0,0.25,0.25
V6,33,4,4.0,0.0,4.0,0.0,0.0,0.0,0.0,0.0,0.0,0.0,0.0,0.0,0.0,0.0,0.0,0.0
V6,33,5,4.0,0.0,4.0,0.0,0.0,0.0,0.0,0.0,0.0,0.0,0.0,0.0,0.0,0.0,0.0,0.0
V6,33,6,4.0,2.0,4.0,0.0,0.0,0.0,0.0,20.0,20.0,0.10484182834625244,1.0,0.0,0.0,2.0,0.5,0.5
V6,33,7,4.0,0.0,4.0,0.0,0.0,0.0,0.0,0.0,0.0,0.0,0.0,0.0,0.0,0.0,0.0,0.0
V6,33,8,4.0,1.0,4.0,0.0,0.0,0.0,0.0,6.0,1.0,0.03221266530454159,0.0,0.0,1.0,0.0,0.25,0.25
V6,34,1,811.0,227.0,811.0,29.0,0.0,29.0,32.444926907609265,1690.0,1690.0,16.50901416875422,27.0,0.0,145.0,82.0,0.279901356350185,0.279901356350185
V6,34,2,811.0,123.0,811.0,6.0,0.0,6.0,6.412014637213081,850.0,850.0,9.349696358665824,20.0,0.0,95.0,28.0,0.15166461159062886,0.15166461159062886
V6,34,3,811.0,53.0,811.0,0.0,0.0,0.0,0.0,494.0,494.0,6.11350626219064,20.0,0.0,9.0,44.0,0.06535141800246609,0.06535141800246609
V6,34,4,811.0,69.0,811.0,2.0,0.0,2.0,5.586116127289724,207.0,207.0,3.1002192236483097,10.0,69.0,0.0,0.0,0.08508014796547472,0.08508014796547472
V6,34,5,811.0,66.0,811.0,2.0,0.0,2.0,4.758081677236133,198.0,198.0,3.237762468867004,18.0,66.0,0.0,0.0,0.08138101109741061,0.08138101109741061
V6,34,6,811.0,62.0,811.0,0.0,0.0,0.0,0.0,186.0,186.0,2.9181912317872047,19.0,62.0,0.0,0.0,0.07644882860665844,0.07644882860665844
V6,34,7,811.0,179.0,811.0,25.0,0.0,25.0,10.349922196853315,621.0,621.0,12.62368387542665,21.0,151.0,28.0,0.0,0.22071516646115907,0.22071516646115907
V6,34,8,811.0,32.0,811.0,1.0,27.0,1.0,-25.33046446746355,168.0,14.0,1.5492858989164233,17.0,8.0,24.0,0.0,0.03945745992601726,0.03945745992601726
V6,35,1,6464.0,1444.0,6464.0,130.0,0.0,130.0,147.0171167356758,11215.0,11215.0,111.02263183053583,127.0,35.0,745.0,664.0,0.2233910891089109,0.2233910891089109
V6,35,2,6464.0,901.0,6464.0,40.0,0.0,40.0,45.7734810500726,7216.0,7216.0,78.29916335456073,110.0,26.0,403.0,472.0,0.13938737623762376,0.13938737623762376
V6,35,3,6464.0,612.0,6464.0,0.0,0.0,0.0,0.0,6016.0,6016.0,76.43507431354374,149.0,0.0,26.0,586.0,0.09467821782178218,0.09467821782178218
V6,35,4,6464.0,660.0,6464.0,12.0,0.0,12.0,15.76858785902441,1980.0,1980.0,35.756202617660165,98.0,660.0,0.0,0.0,0.1021039603960396,0.1021039603960396
V6,35,5,6464.0,713.0,6464.0,8.0,0.0,8.0,8.089652168742866,2139.0,2139.0,38.90646174643189,113.0,713.0,0.0,0.0,0.11030321782178218,0.11030321782178218
V6,35,6,6464.0,547.0,6464.0,3.0,0.0,3.0,26.58285079222541,5470.0,5470.0,45.85663950815797,99.0,0.0,0.0,547.0,0.08462252475247525,0.08462252475247525
V6,35,7,6464.0,1482.0,6464.0,141.0,0.0,141.0,125.09510584343217,4863.0,4848.0,114.05170660465956,111.0,1343.0,139.0,0.0,0.22926980198019803,0.22926980198019803
V6,35,8,6464.0,105.0,6464.0,0.0,78.0,0.0,-78.0,589.0,86.0,5.890399620868266,84.0,15.0,89.0,1.0,0.01624381188118812,0.01624381188118812
V6,36,1,2045.0,357.0,2045.0,45.0,0.0,45.0,182.19360128834055,1713.0,1713.0,13.467372351326048,34.0,143.0,214.0,0.0,0.1745721271393643,0.1745721271393643
V6,36,2,2045.0,279.0,2045.0,20.0,0.0,20.0,57.74079610701984,1113.0,1113.0,11.852989510633051,65.0,187.0,92.0,0.0,0.13643031784841075,0.13643031784841075
V6,36,3,2045.0,222.0,2045.0,7.0,0.0,7.0,61.70780542769307,1056.0,1056.0,16.77177836187184,41.0,92.0,130.0,0.0,0.10855745721271394,0.10855745721271394
V6,36,4,2045.0,210.0,2045.0,7.0,0.0,7.0,36.94185108446302,630.0,628.0,6.8413361962884665,49.0,210.0,0.0,0.0,0.10268948655256724,0.10268948655256724
V6,36,5,2045.0,176.0,2045.0,6.0,0.0,6.0,20.66073319645227,528.0,528.0,5.622654590755701,43.0,176.0,0.0,0.0,0.08606356968215159,0.08606356968215159
V6,36,6,2045.0,175.0,2045.0,2.0,0.0,2.0,12.503945941804272,525.0,525.0,5.138206287287176,56.0,175.0,0.0,0.0,0.08557457212713937,0.08557457212713937
V6,36,7,2045.0,506.0,2045.0,67.0,0.0,67.0,208.8961140686257,2430.0,2430.0,23.215260572731495,41.0,202.0,304.0,0.0,0.24743276283618582,0.24743276283618582
V6,36,8,2045.0,120.0,2045.0,6.0,46.0,6.0,-23.33446134653805,720.0,245.0,4.489430909976363,55.0,0.0,120.0,0.0,0.05867970660146699,0.05867970660146699
V6,37,1,9136.0,1509.0,9136.0,85.0,0.0,85.0,243.95297864678489,6405.0,6405.0,56.229308056645095,191.0,883.0,626.0,0.0,0.1651707530647986,0.1651707530647986
V6,37,2,9136.0,1425.0,9136.0,50.0,0.0,50.0,170.30845735662828,6351.0,6351.0,64.57993802148849,204.0,733.0,692.0,0.0,0.15597635726795098,0.15597635726795098
V6,37,3,9136.0,896.0,9136.0,2.0,0.0,2.0,12.105263141045544,3801.0,3801.0,68.5241018962115,189.0,525.0,371.0,0.0,0.09807355516637478,0.09807355516637478
V6,37,4,9136.0,706.0,9136.0,5.0,4.0,5.0,4.234516612299213,2118.0,2105.0,25.584302456118166,160.0,706.0,0.0,0.0,0.07727670753064798,0.07727670753064798
V6,37,5,9136.0,888.0,9136.0,13.0,5.0,13.0,58.30013892924141,2664.0,2649.0,32.563296859152615,183.0,888.0,0.0,0.0,0.09719789842381786,0.09719789842381786
V6,37,6,9136.0,818.0,9136.0,5.0,0.0,5.0,18.72201338476671,8180.0,8180.0,46.30451029539108,166.0,0.0,0.0,818.0,0.08953590192644484,0.08953590192644484
V6,37,7,9136.0,2624.0,9136.0,258.0,0.0,258.0,791.6978328741137,13317.0,13317.0,131.3577081039548,186.0,809.0,1815.0,0.0,0.287215411558669,0.287215411558669
V6,37,8,9136.0,270.0,9136.0,15.0,97.0,15.0,-12.80022944080925,1620.0,576.0,10.213306309655309,127.0,0.0,270.0,0.0,0.02955341506129597,0.02955341506129597
V6,38,1,91.0,13.0,91.0,3.0,0.0,3.0,13.402940824789964,63.0,63.0,0.45498003624379635,3.0,5.0,8.0,0.0,0.14285714285714285,0.14285714285714285
V6,38,2,91.0,17.0,91.0,5.0,0.0,5.0,13.367754541617572,81.0,81.0,0.7226176485419273,3.0,7.0,10.0,0.0,0.18681318681318682,0.18681318681318682
V6,38,3,91.0,7.0,91.0,0.0,0.0,0.0,0.0,30.0,30.0,0.5029585780575871,1.0,4.0,3.0,0.0,0.07692307692307693,0.07692307692307693
V6,38,4,91.0,24.0,91.0,2.0,0.0,2.0,7.507940482973347,72.0,72.0,1.0290510272607207,3.0,24.0,0.0,0.0,0.26373626373626374,0.26373626373626374
V6,38,5,91.0,3.0,91.0,1.0,0.0,1.0,2.647298548673067,9.0,9.0,0.08609727397561073,1.0,3.0,0.0,0.0,0.03296703296703297,0.03296703296703297
V6,38,6,91.0,6.0,91.0,0.0,0.0,0.0,0.0,18.0,18.0,0.16965117771178484,2.0,6.0,0.0,0.0,0.06593406593406594,0.06593406593406594
V6,38,7,91.0,12.0,91.0,2.0,0.0,2.0,1.7021120225530044,57.0,57.0,0.5670927008613944,3.0,5.0,7.0,0.0,0.13186813186813187,0.13186813186813187
V6,38,8,91.0,9.0,91.0,0.0,2.0,0.0,-2.0,54.0,32.0,0.3554278928786516,2.0,0.0,9.0,0.0,0.0989010989010989,0.0989010989010989
V6,39,1,384.0,45.0,384.0,5.0,0.0,5.0,4.868660356789486,249.0,249.0,1.9798116851598024,5.0,7.0,38.0,0.0,0.1171875,0.1171875
V6,39,2,384.0,72.0,384.0,4.0,0.0,4.0,4.792749082600993,222.0,222.0,2.741367551498115,5.0,70.0,2.0,0.0,0.1875,0.1875
V6,39,3,384.0,35.0,384.0,0.0,0.0,0.0,0.0,165.0,165.0,2.635538008995354,9.0,15.0,20.0,0.0,0.09114583333333333,0.09114583333333333
V6,39,4,384.0,36.0,384.0,2.0,0.0,2.0,14.792846799528721,108.0,108.0,1.2448683055117726,9.0,36.0,0.0,0.0,0.09375,0.09375
V6,39,5,384.0,79.0,384.0,3.0,0.0,3.0,12.568224716025302,237.0,237.0,2.4582052640616894,10.0,79.0,0.0,0.0,0.20572916666666666,0.20572916666666666
V6,39,6,384.0,41.0,384.0,0.0,0.0,0.0,0.0,410.0,410.0,2.397836617194116,16.0,0.0,0.0,41.0,0.10677083333333333,0.10677083333333333
V6,39,7,384.0,66.0,384.0,6.0,0.0,6.0,10.734947485713365,219.0,219.0,3.1520854141563177,7.0,59.0,7.0,0.0,0.171875,0.171875
V6,39,8,384.0,10.0,384.0,0.0,3.0,0.0,-3.0,60.0,22.0,0.3770145811140537,2.0,0.0,10.0,0.0,0.026041666666666668,0.026041666666666668
V6,40,1,339.0,51.0,339.0,17.0,0.0,17.0,50.49472459663601,255.0,255.0,1.7939395233988762,10.0,17.0,34.0,0.0,0.1504424778761062,0.1504424778761062
V6,40,2,339.0,27.0,339.0,6.0,0.0,6.0,21.09021960080058,151.0,151.0,1.2492930460721254,9.0,5.0,21.0,1.0,0.07964601769911504,0.07964601769911504
V6,40,3,339.0,20.0,339.0,0.0,0.0,0.0,0.0,84.0,84.0,1.4195796065032482,10.0,12.0,8.0,0.0,0.058997050147492625,0.058997050147492625
V6,40,4,339.0,24.0,339.0,2.0,0.0,2.0,3.426996374737712,72.0,72.0,0.6882183030247688,6.0,24.0,0.0,0.0,0.07079646017699115,0.07079646017699115
V6,40,5,339.0,73.0,339.0,9.0,0.0,9.0,49.219225253330535,219.0,219.0,2.2215414652600884,10.0,73.0,0.0,0.0,0.2153392330383481,0.2153392330383481
V6,40,6,339.0,50.0,339.0,5.0,0.0,5.0,40.15078434511018,150.0,150.0,1.4267081329599023,13.0,50.0,0.0,0.0,0.14749262536873156,0.14749262536873156
V6,40,7,339.0,66.0,339.0,22.0,0.0,22.0,53.361264099785274,404.0,404.0,3.0685756849125028,13.0,0.0,64.0,2.0,0.19469026548672566,0.19469026548672566
V6,40,8,339.0,28.0,339.0,4.0,5.0,4.0,33.305274906949286,168.0,85.0,1.0957751348614693,10.0,0.0,28.0,0.0,0.08259587020648967,0.08259587020648967
V6,41,1,372.0,53.0,372.0,7.0,0.0,7.0,16.506879122449128,261.0,261.0,2.008261333219707,14.0,19.0,34.0,0.0,0.1424731182795699,0.1424731182795699
V6,41,2,372.0,70.0,372.0,5.0,0.0,5.0,16.337923029136707,393.0,393.0,3.3359780088067055,11.0,9.0,61.0,0.0,0.1881720430107527,0.1881720430107527
V6,41,3,372.0,48.0,372.0,4.0,0.0,4.0,15.296447432921635,174.0,174.0,3.4353211848065257,12.0,38.0,10.0,0.0,0.12903225806451613,0.12903225806451613
V6,41,4,372.0,33.0,372.0,0.0,0.0,0.0,0.0,99.0,99.0,1.0747524937614799,10.0,33.0,0.0,0.0,0.08870967741935484,0.08870967741935484
V6,41,5,372.0,20.0,372.0,2.0,0.0,2.0,5.574795905183748,60.0,60.0,0.6231390228495002,7.0,20.0,0.0,0.0,0.053763440860215055,0.053763440860215055
V6,41,6,372.0,80.0,372.0,7.0,0.0,7.0,43.339410868109454,800.0,800.0,4.288357267156243,17.0,0.0,0.0,80.0,0.21505376344086022,0.21505376344086022
V6,41,7,372.0,34.0,372.0,4.0,0.0,4.0,4.997101363962428,212.0,212.0,1.707793703302741,7.0,0.0,32.0,2.0,0.0913978494623656,0.0913978494623656
V6,41,8,372.0,34.0,372.0,4.0,7.0,4.0,15.11283823020297,204.0,84.0,1.3120949361473322,7.0,0.0,34.0,0.0,0.0913978494623656,0.0913978494623656
