stage,instance,base,tariff,seed,arm,hv,igd_plus,flow_extreme,electricity_extreme,elapsed,exact,archive_size,archive_peak_size
A_GEN,10010,1001,H,101,F6,1.0091190547492772,0.048153552581736835,36330.0,2939.79,1342.7421533521265,161697,456,1003
A_GEN,10010,1001,H,101,C2,1.0269060126850622,0.03558658475911375,36180.0,2910.2475,1851.7447793418542,215989,501,1158
A_GEN,10010,1001,H,101,S2,1.0173177308572887,0.05160819307634283,36180.0,2902.1175000000003,1414.7615170022473,201005,319,577
A_GEN,10010,1001,H,101,SEQ,0.9631642896934138,0.05712145498690186,36360.0,3010.0350000000003,1670.8027712544426,151253,1184,1387
A_GEN,10010,1001,H,202,F6,0.9343742776681153,0.09307372528019525,36450.0,2961.96,1482.1584607204422,176310,422,910
A_GEN,10010,1001,H,202,C2,1.0291258105269492,0.012880948427742104,36240.0,2947.77,3684.548035961576,221093,4573,4573
A_GEN,10010,1001,H,202,S2,0.9530831334185583,0.06712870691943283,36180.0,3038.9550000000004,1480.3827763926238,183124,233,584
A_GEN,10010,1001,H,202,SEQ,1.0434855438808908,0.02786798117275773,36210.0,2898.12,2359.2166533675045,180198,793,2261
A_GEN,10010,1001,H,303,F6,0.9532604731191107,0.08800409586626765,36420.0,2995.815,1283.6287169791758,181200,275,338
A_GEN,10010,1001,H,303,C2,1.0243305475857984,0.07202819452283761,36390.0,2864.7525,1166.6110611679032,181075,574,574
A_GEN,10010,1001,H,303,S2,1.0527168122690245,0.042147675809416,36360.0,2841.6525,1577.3740761820227,209045,1175,1175
A_GEN,10010,1001,H,303,SEQ,1.1043433081413887,0.02176109174995979,36420.0,2755.3650000000002,1367.725080494769,156466,620,666
A_GEN,10011,1001,T,101,F6,1.033023073739187,0.05046198092767751,36270.0,1797.7589999999998,2728.4636929063126,210238,1011,1256
A_GEN,10011,1001,T,101,C2,1.0413020524461207,0.029967758834732884,36450.0,1796.8229999999999,2773.2267831265926,215835,1737,1759
A_GEN,10011,1001,T,101,S2,1.0457107476033527,0.03535815120848806,36330.0,1792.647,2418.4307380467653,205019,890,1034
A_GEN,10011,1001,T,101,SEQ,1.0407203212629372,0.04922284723468639,36240.0,1793.0549999999998,9668.071226590313,193481,5582,7632
A_GEN,10011,1001,T,202,F6,1.0750788860308933,0.02274990074447928,36180.0,1785.8069999999998,2241.8464072747156,216454,1010,1102
A_GEN,10011,1001,T,202,C2,1.0469137265938355,0.03625629750456009,36510.0,1792.5749999999998,3940.1526735825464,216855,3884,3904
A_GEN,10011,1001,T,202,S2,1.0668526583336264,0.016339007375649032,36510.0,1793.8709999999999,3570.9207039894536,228069,1737,2427
A_GEN,10011,1001,T,202,SEQ,1.0350190126012242,0.058937357893302775,36270.0,1798.1909999999998,2115.4144280990586,150832,1092,1649
A_GEN,10011,1001,T,303,F6,1.0087211003807055,0.07375030291704314,36480.0,1795.455,4096.461816236377,288732,1585,1934
A_GEN,10011,1001,T,303,C2,1.0658465644941988,0.020594632330994185,36360.0,1789.047,2742.234123462811,210516,1994,1994
A_GEN,10011,1001,T,303,S2,1.0599209716636717,0.03383542725342077,36180.0,1791.495,3840.4176843026653,245315,955,2904
A_GEN,10011,1001,T,303,SEQ,1.0049016366139432,0.07191683771645058,36480.0,1804.599,4187.50140855927,194775,1216,2866
A_GEN,10020,1002,H,101,F6,1.1002471750144782,0.026176097630053588,33900.0,2844.465,1249.2380530051887,164633,197,452
A_GEN,10020,1002,H,101,C2,1.1094799924805332,0.05274867316704186,33900.0,2793.42,1200.2667821757495,152258,351,1197
A_GEN,10020,1002,H,101,S2,1.1396615600368833,0.03508426452007524,33900.0,2729.205,1349.1553087104112,179839,367,1252
A_GEN,10020,1002,H,101,SEQ,1.1423379007030623,0.013320588174721976,33900.0,2752.86,1204.7591919051483,123627,686,819
A_GEN,10020,1002,H,202,F6,1.1387262043826465,0.018007103624329647,33960.0,2752.3125,1419.795799612999,190451,280,1276
A_GEN,10020,1002,H,202,C2,1.13884763810244,0.05999522006540377,33900.0,2656.26,1270.4477370558307,180388,672,679
A_GEN,10020,1002,H,202,S2,1.0662648492655382,0.05434666851369691,33900.0,2907.75,1646.734597377479,183629,1097,1097
A_GEN,10020,1002,H,202,SEQ,1.1780097298082537,0.019692839423303483,33990.0,2649.405,1186.630487177521,131347,198,716
A_GEN,10020,1002,H,303,F6,1.169168840131122,0.013929944693979877,33900.0,2669.385,1326.1155661325902,181030,1487,1546
A_GEN,10020,1002,H,303,C2,1.126564682500205,0.012023657135233085,33900.0,2792.475,1620.4659058535472,206775,196,945
A_GEN,10020,1002,H,303,S2,1.075218471302328,0.04234155761052154,33900.0,2894.8275000000003,1593.058554074727,181356,376,816
A_GEN,10020,1002,H,303,SEQ,1.13095730342551,0.009161315607481098,33900.0,2786.61,1268.9814217500389,146926,502,502
A_GEN,10021,1002,T,101,F6,1.1163513056714858,0.0409264898478682,33900.0,1791.8549999999998,4521.977625797503,241906,2142,3179
A_GEN,10021,1002,T,101,C2,1.1269221496875494,0.028936795189250512,33900.0,1789.0829999999999,3146.5286457771435,273597,360,1144
A_GEN,10021,1002,T,101,S2,1.1266309102993504,0.01179580671576412,33900.0,1802.7989999999998,3642.8376273987815,239747,1335,2252
A_GEN,10021,1002,T,101,SEQ,1.126947624493203,0.029393990096435146,33900.0,1793.799,2720.8809506762773,181978,773,2135
A_GEN,10021,1002,T,202,F6,1.1376380802889463,0.014174228400897902,33930.0,1792.6109999999999,3013.315778738819,226450,1116,1541
A_GEN,10021,1002,T,202,C2,1.1192693520792039,0.0368912968807161,33930.0,1792.359,4862.115081788041,283196,1377,3019
A_GEN,10021,1002,T,202,S2,1.0899252279061726,0.02962375028974383,33900.0,1963.3139999999999,3340.543175735511,247851,1074,1735
A_GEN,10021,1002,T,202,SEQ,1.0816614638811746,0.02452362998498825,34020.0,2018.8829999999998,2373.7748098317534,180228,1534,1577
A_GEN,10021,1002,T,303,F6,1.128566382299413,0.017580215767541815,34020.0,1796.8229999999999,4272.716055613011,217517,1868,3922
A_GEN,10021,1002,T,303,C2,1.1382747612456345,0.012396437149574455,33990.0,1794.9029999999998,5023.338839373551,240653,4454,4639
A_GEN,10021,1002,T,303,S2,1.1297503998160003,0.018514340162748607,33960.0,1794.3509999999999,3078.0985106127337,242000,604,1865
A_GEN,10021,1002,T,303,SEQ,1.133350526169436,0.014568300619647258,33960.0,1797.255,2581.827818658203,189174,567,1305
A_GEN,10030,1003,H,101,F6,0.9430865435184327,0.10999005169441164,36540.0,2932.275,1635.0377970915288,205423,222,980
A_GEN,10030,1003,H,101,C2,1.1128349719902322,0.023485942306719357,36540.0,2733.81,4971.45591350086,273225,4561,5003
A_GEN,10030,1003,H,101,S2,0.9304022814009858,0.1287785687803837,36540.0,2937.87,1167.4580657342449,149218,100,786
A_GEN,10030,1003,H,101,SEQ,1.1090655006951973,0.04724638019797025,36600.0,2710.1099999999997,1324.0459096673876,146523,488,764
A_GEN,10030,1003,H,202,F6,1.105261826238018,0.03761537188987364,36540.0,2723.55,1627.2517448002473,189888,365,1203
A_GEN,10030,1003,H,202,C2,1.0729428086527841,0.07386391047963883,36540.0,2750.535,2884.127859922126,234418,811,2599
A_GEN,10030,1003,H,202,S2,0.9497064622908418,0.12062204412723669,36540.0,2898.915,1979.2769868606701,212692,807,1223
A_GEN,10030,1003,H,202,SEQ,1.031919155888802,0.08411757980061252,36540.0,2806.29,1439.271771820262,138281,506,877
A_GEN,10030,1003,H,303,F6,1.1675724978741597,0.01273591880353638,36540.0,2664.45,2786.8918573195115,249021,2804,2804
A_GEN,10030,1003,H,303,C2,1.0147716282650416,0.09243407001548662,36540.0,2817.405,2443.1995086651295,246308,913,2302
A_GEN,10030,1003,H,303,S2,1.0777921806845832,0.05993047821558965,36540.0,2745.15,1522.2887818096206,186104,539,607
A_GEN,10030,1003,H,303,SEQ,1.0276888481342488,0.06991577067755039,36540.0,2816.0025,1298.7847051993012,153941,136,317
A_GEN,10031,1003,T,101,F6,1.1294092382062797,0.03840901843164615,36600.0,1787.2469999999998,4347.362665176392,247729,951,2920
A_GEN,10031,1003,T,101,C2,1.1351126687576891,0.04042770631664916,36600.0,1788.6149999999998,14106.016595032066,343124,4983,7966
A_GEN,10031,1003,T,101,S2,1.135906290491762,0.02984299010576646,36570.0,1790.8229999999999,3558.465535393916,271272,1117,1647
A_GEN,10031,1003,T,101,SEQ,1.155335368531724,0.014306392760507658,36570.0,1782.783,5389.515496867709,209949,3388,3416
A_GEN,10031,1003,T,202,F6,1.131151056685644,0.025476338750376085,36540.0,1852.1789999999999,5621.268332100473,274473,764,2926
A_GEN,10031,1003,T,202,C2,1.118132355108795,0.03350688037679663,36540.0,1898.703,3511.9847558457404,258560,1282,1463
A_GEN,10031,1003,T,202,S2,1.1464053111341663,0.023152002967060156,36660.0,1790.7749999999999,3257.5542440051213,215243,1166,1584
A_GEN,10031,1003,T,202,SEQ,1.125599995669935,0.02823137033917972,36570.0,1874.5829999999999,2979.5142138097435,184285,2529,2529
A_GEN,10031,1003,T,303,F6,1.1220333255525419,0.06169706876698107,36630.0,1791.639,3720.162373324856,271577,1635,2506
A_GEN,10031,1003,T,303,C2,1.1221801525966333,0.012855235565445945,36660.0,1924.0469999999998,5820.696297502145,267662,3875,4509
A_GEN,10031,1003,T,303,S2,1.132235128681403,0.04318636271265258,36660.0,1790.703,6458.0450979033485,272391,2106,3951
A_GEN,10031,1003,T,303,SEQ,1.112232234649603,0.029701029628961297,36570.0,1837.2869999999998,3418.8885585693642,178881,1077,2983
A_GEN,10040,1004,H,101,F6,1.1436887365182566,0.02910854307266018,34980.0,2730.0600000000004,2427.138720219955,220194,1486,1688
A_GEN,10040,1004,H,101,C2,1.130363966809669,0.0478322467161095,34980.0,2756.88,1818.9351547425613,227328,640,1326
A_GEN,10040,1004,H,101,S2,1.0611651445238317,0.05536095219906092,34980.0,2937.06,1845.4500140575692,212186,371,894
A_GEN,10040,1004,H,101,SEQ,1.1515373121055106,0.028998321897336348,34980.0,2726.4,1405.673153472133,167753,246,574
A_GEN,10040,1004,H,202,F6,1.169488727174893,0.008459048574585567,35100.0,2702.6175000000003,2083.769437446259,216662,1071,1480
A_GEN,10040,1004,H,202,C2,1.1300838989070523,0.03612612347545874,35280.0,2719.4775,1425.9186951164156,209606,487,487
A_GEN,10040,1004,H,202,S2,1.129738965543249,0.0298244038892985,35340.0,2753.4900000000002,2202.567817127332,196348,1448,1704
A_GEN,10040,1004,H,202,SEQ,1.1169537334619637,0.01642851194230448,34980.0,2846.55,1845.9239151682705,142883,787,1200
A_GEN,10040,1004,H,303,F6,1.0899165018444703,0.04899504911947458,35100.0,2849.895,1837.2835642565042,227059,453,671
A_GEN,10040,1004,H,303,C2,1.0982609849256642,0.05661859758540154,35010.0,2831.3849999999998,1211.4302307087928,165194,278,324
A_GEN,10040,1004,H,303,S2,1.1561644420829618,0.016671786659214784,35160.0,2694.69,1651.5250029070303,186296,1134,1167
A_GEN,10040,1004,H,303,SEQ,1.0614453356913134,0.07742657507772038,35070.0,2890.1475,1264.122870854102,138548,453,455
A_GEN,10041,1004,T,101,F6,1.144394975245452,0.032387905865767105,34980.0,1793.439,3002.0905835935846,253234,1893,1893
A_GEN,10041,1004,T,101,C2,1.1468563857585652,0.015870319175236635,34980.0,1798.071,2729.520868550986,224686,704,1296
A_GEN,10041,1004,T,101,S2,1.14151226981587,0.02601937442400396,34980.0,1798.9109999999998,2343.433028789237,211865,490,733
A_GEN,10041,1004,T,101,SEQ,1.134611299053487,0.040728900082591536,34980.0,1795.8869999999997,2498.580902812071,169313,1242,1614
A_GEN,10041,1004,T,202,F6,1.123326564944645,0.049092904813696006,35370.0,1800.855,2572.9165577152744,226490,538,1091
A_GEN,10041,1004,T,202,C2,1.1351024300650263,0.029432468778673202,35370.0,1802.079,3252.959480376914,243706,1384,2263
A_GEN,10041,1004,T,202,S2,1.1193334987482482,0.04180403547691716,35370.0,1802.2949999999998,2959.4547960227355,220189,659,1613
A_GEN,10041,1004,T,202,SEQ,1.084248016245305,0.028352360112234843,35280.0,1962.3869999999997,1892.942854469642,150498,576,706
A_GEN,10041,1004,T,303,F6,1.129528287699795,0.03728750180247172,35310.0,1803.879,3099.8738057650626,237920,1396,1795
A_GEN,10041,1004,T,303,C2,1.1514843938887378,0.013160739642059745,35310.0,1798.335,4032.897838869132,258989,1344,2156
A_GEN,10041,1004,T,303,S2,1.1329848272521001,0.03191007045288846,35310.0,1802.6549999999997,2345.9531559683383,204685,670,1190
A_GEN,10041,1004,T,303,SEQ,1.1445102766410349,0.02173581329923129,35190.0,1799.559,2333.407810293138,163709,872,887
A_GEN,10050,1005,H,101,F6,1.1488128266877793,0.03764186687109454,36600.0,2952.51,1680.753167701885,219793,382,549
A_GEN,10050,1005,H,101,C2,1.134354813412883,0.07857332698429312,36600.0,2909.7900000000004,1261.828154192306,168758,847,847
A_GEN,10050,1005,H,101,S2,1.1311461885624485,0.05934093010761489,36630.0,2952.6825000000003,1619.6849231682718,181607,588,1213
A_GEN,10050,1005,H,101,SEQ,1.118957125680535,0.047469653965252295,36600.0,3007.215,1588.617033100687,156278,894,943
A_GEN,10050,1005,H,202,F6,1.1390205650710006,0.07281785412659675,36600.0,2929.23,3116.3025402417406,227708,997,2766
A_GEN,10050,1005,H,202,C2,1.1325113763978563,0.06409182924403006,36630.0,2938.965,1905.6913626268506,244463,707,1331
A_GEN,10050,1005,H,202,S2,1.0816247749061916,0.07218834478972533,36720.0,3047.43,3666.605682521127,215446,4562,4562
A_GEN,10050,1005,H,202,SEQ,1.1885874473678468,0.008296870036580301,36660.0,2878.56,1795.9619265422225,161365,429,1821
A_GEN,10050,1005,H,303,F6,1.1340866013113213,0.043924377832247084,36600.0,2979.69,2874.699038123712,252109,1398,2335
A_GEN,10050,1005,H,303,C2,1.1192557168578796,0.03901953446925332,36600.0,3009.5775,1897.9993982315063,229581,946,1046
A_GEN,10050,1005,H,303,S2,1.17749269525101,0.0063150988608408004,36600.0,2915.3700000000003,3810.6668802741915,185916,6598,6934
A_GEN,10050,1005,H,303,SEQ,1.1164850049881672,0.12349481779528475,36600.0,2879.1299999999997,1090.0131915677339,134589,285,411
A_GEN,10051,1005,T,101,F6,1.0623660890205273,0.03813332333906441,36780.0,1815.1589999999999,3071.444264800288,240573,1024,1432
A_GEN,10051,1005,T,101,C2,1.0875840769882206,0.02320890202665907,36780.0,1814.9909999999998,5150.792539658956,298140,1885,3433
A_GEN,10051,1005,T,101,S2,1.0406332094450257,0.03726086945531552,36780.0,1855.0709999999997,1987.0210980195552,166515,971,1635
A_GEN,10051,1005,T,101,SEQ,1.085506254554217,0.016449847829755886,36780.0,1799.5469999999998,1859.2978718150407,148451,702,905
A_GEN,10051,1005,T,202,F6,1.0704664346219555,0.015034953697608522,36720.0,1901.0369999999998,2400.1807402987033,195073,1163,1364
A_GEN,10051,1005,T,202,C2,1.0555231360779884,0.03824618625097551,36720.0,1839.0389999999998,3236.732387630269,209138,2738,2738
A_GEN,10051,1005,T,202,S2,1.0401043181046643,0.04361142300816975,36720.0,1911.5909999999997,2348.082120376639,188027,688,1351
A_GEN,10051,1005,T,202,SEQ,1.0639976739102381,0.020879560964093026,36720.0,1913.427,2410.302986790426,169303,509,957
A_GEN,10051,1005,T,303,F6,1.074401684166634,0.031987140472767184,36600.0,1816.731,2051.7543765567243,220592,507,585
A_GEN,10051,1005,T,303,C2,1.0878148094992677,0.017906068125359123,36600.0,1822.5869999999998,3305.2814869582653,234886,1284,1434
A_GEN,10051,1005,T,303,S2,1.0722704065143764,0.032638499847447454,36600.0,1816.1309999999999,3137.0913094673306,227053,1391,2305
A_GEN,10051,1005,T,303,SEQ,1.0727189139813322,0.030007897132109804,36600.0,1824.2069999999999,2521.8850342817605,182111,507,890
A_GEN,10060,1006,H,101,F6,1.0461618672519246,0.06941548697217204,36870.0,2888.6850000000004,1335.456481073983,170980,182,849
A_GEN,10060,1006,H,101,C2,1.0836652153255584,0.04602619548019968,36780.0,2826.7650000000003,2741.004863246344,232158,928,2193
A_GEN,10060,1006,H,101,S2,1.1281046805410164,0.013659893787334005,36780.0,2743.7699999999995,2022.0660727303475,223227,721,1328
A_GEN,10060,1006,H,101,SEQ,0.9971251680151205,0.10792226027816862,36930.0,2950.245,1314.509358287789,135408,186,437
A_GEN,10060,1006,H,202,F6,1.061023658302287,0.0671388013540352,36780.0,2845.635,1340.6492780931294,162301,438,1392
A_GEN,10060,1006,H,202,C2,1.0726919704620181,0.038935166099606316,36780.0,2878.365,2101.264353777282,229154,1144,1303
A_GEN,10060,1006,H,202,S2,1.0662882309857202,0.06561849385206116,36780.0,2850.0600000000004,2236.1165599441156,190942,538,1875
A_GEN,10060,1006,H,202,SEQ,1.0298928006193706,0.07877697502419288,36810.0,2906.205,1176.085901566781,126299,435,746
A_GEN,10060,1006,H,303,F6,1.0073770676707334,0.09476918810081003,36810.0,2974.6800000000003,1570.0910075362772,206394,435,707
A_GEN,10060,1006,H,303,C2,1.090741250297862,0.020415863290488744,36810.0,2847.6600000000003,1730.4127816753462,181074,1042,2019
A_GEN,10060,1006,H,303,S2,1.0724030297456322,0.04650174458794974,36780.0,2858.16,1348.0064346613362,177401,812,1586
A_GEN,10060,1006,H,303,SEQ,1.1493072062191816,0.02485533201829314,36840.0,2657.655,1658.5245039835572,157590,718,1290
A_GEN,10061,1006,T,101,F6,1.1492566119160252,0.020606817136421474,36810.0,1805.1149999999998,3649.5370705556124,224959,1596,1855
A_GEN,10061,1006,T,101,C2,1.1527321779717596,0.016673711989590428,36870.0,1794.4229999999998,4357.621740531176,243254,3780,3780
A_GEN,10061,1006,T,101,S2,1.1492575734539003,0.01712483903388259,36840.0,1766.4509999999998,4882.178680948913,226239,1280,3778
A_GEN,10061,1006,T,101,SEQ,1.1346079559557543,0.04239844261258875,36840.0,1798.9229999999998,2849.8338087154552,194464,1071,1582
A_GEN,10061,1006,T,202,F6,1.1442270029038253,0.014569023020553034,36780.0,1836.243,4323.163780059665,268449,911,2358
A_GEN,10061,1006,T,202,C2,1.1409077432369563,0.023316557821073957,36810.0,1818.3509999999999,3385.152760753408,234364,1559,1770
A_GEN,10061,1006,T,202,S2,1.132228587178022,0.027427038513982246,36810.0,1833.543,3006.2350511318073,235756,894,1456
A_GEN,10061,1006,T,202,SEQ,1.154515133896195,0.010144908035416749,36810.0,1803.375,4702.668485250324,186814,2221,4986
A_GEN,10061,1006,T,303,F6,1.1496964635736884,0.016220944013391764,36840.0,1798.9829999999997,2848.6127636600286,207876,1449,1449
A_GEN,10061,1006,T,303,C2,1.1548270454638883,0.011781445389797243,36780.0,1799.223,4076.337438514456,228539,3394,3904
A_GEN,10061,1006,T,303,S2,1.10466628069159,0.024152819240742633,36780.0,1967.9129999999998,3835.87664374616,220475,1491,2555
A_GEN,10061,1006,T,303,SEQ,1.156814715131759,0.010176372824490468,36840.0,1791.7469999999998,4252.685693583451,184490,2707,3512
A_GEN,10070,1007,H,101,F6,1.0617342333458126,0.08227950431291085,34080.0,2817.8775,1861.1339157484472,192747,2325,2325
A_GEN,10070,1007,H,101,C2,1.1870653542788792,0.0019679899199247747,34080.0,2550.6150000000002,2778.971669865772,203951,3553,3868
A_GEN,10070,1007,H,101,S2,1.108520064324288,0.06768580123309775,34080.0,2690.13,1667.055930679664,167087,1753,1902
A_GEN,10070,1007,H,101,SEQ,1.098444736349686,0.06546099346444263,34080.0,2727.7799999999997,2811.915852408856,151490,2280,2791
A_GEN,10070,1007,H,202,F6,1.1397753631062162,0.03056215397337381,34080.0,2657.28,1563.136600887403,173745,2593,2593
A_GEN,10070,1007,H,202,C2,1.106476175910122,0.054248982485688296,34080.0,2721.675,1717.6769263660535,212274,1188,1193
A_GEN,10070,1007,H,202,S2,1.1140703881519596,0.062143153474675514,34110.0,2658.735,1263.2602102765813,171625,168,484
A_GEN,10070,1007,H,202,SEQ,1.070985989274419,0.09172730122375104,34080.0,2772.3225,1576.6759907985106,149697,866,866
A_GEN,10070,1007,H,303,F6,1.0900013705241478,0.0715285692577806,34080.0,2747.925,1657.8035785537213,195756,247,576
A_GEN,10070,1007,H,303,C2,1.1008104298904304,0.06204709590407184,34080.0,2701.155,1176.6477653170004,196891,213,462
A_GEN,10070,1007,H,303,S2,1.0347295695303853,0.13110870194219554,34080.0,2821.3125,1356.666710138321,162954,1479,1479
A_GEN,10070,1007,H,303,SEQ,1.1109829013600938,0.03834550946453577,34080.0,2735.73,1748.4771972922608,143115,1901,2055
A_GEN,10071,1007,T,101,F6,1.1387390103815391,0.03827090746660285,34110.0,1787.8229999999999,3167.0866219857708,219606,740,1155
A_GEN,10071,1007,T,101,C2,1.1569531007166725,0.020030968400720217,34080.0,1780.7669999999998,2314.7321920180693,167083,1449,1687
A_GEN,10071,1007,T,101,S2,1.138655604756816,0.041125704817613476,34110.0,1784.475,6324.742702106945,182834,2991,4368
A_GEN,10071,1007,T,101,SEQ,1.1396825676234483,0.036833913915836854,34110.0,1784.2949999999998,3867.693876987323,137556,3780,3979
A_GEN,10071,1007,T,202,F6,1.1112856042803319,0.024991879885233086,34080.0,1946.1029999999998,3498.806095764041,192232,2215,2215
A_GEN,10071,1007,T,202,C2,1.1015372332082882,0.023310490705824867,34110.0,2005.5,3382.8968341751024,224539,956,2492
A_GEN,10071,1007,T,202,S2,1.1445118560344358,0.04883750396206414,34110.0,1776.735,4256.097402192652,246671,2129,2347
A_GEN,10071,1007,T,202,SEQ,1.1488742529484128,0.033517592495980596,34110.0,1782.591,2826.038123719394,177670,1876,1876
A_GEN,10071,1007,T,303,F6,1.1616356456022783,0.01603486811841476,34080.0,1780.7669999999998,3717.3673454290256,203817,1342,2672
A_GEN,10071,1007,T,303,C2,1.1433412294405363,0.02659509809942186,34080.0,1789.839,3539.8638833593577,253007,1185,1466
A_GEN,10071,1007,T,303,S2,1.1550595649310438,0.02539396386776309,34230.0,1780.4789999999998,6088.716922898777,228252,5984,5984
A_GEN,10071,1007,T,303,SEQ,1.1323883278005529,0.05388523970855134,34230.0,1783.6469999999997,2691.369966963306,174677,553,1906
A_GEN,10080,1008,H,101,F6,0.9734713744522854,0.1315810933206407,30180.0,2432.955,1970.3433583164588,191156,797,1698
A_GEN,10080,1008,H,101,C2,0.891999891319739,0.1782328182901407,30180.0,2499.525,2776.9885637741536,259848,902,1512
A_GEN,10080,1008,H,101,S2,0.9588344769220373,0.12481737817007447,30180.0,2456.73,1443.9986809305847,152660,403,805
A_GEN,10080,1008,H,101,SEQ,0.9795795819141768,0.1038491386933215,30180.0,2442.03,1690.6390922870487,136083,628,881
A_GEN,10080,1008,H,202,F6,0.8879654638723412,0.17315569438045197,30180.0,2506.815,2563.637946203351,211175,1354,1951
A_GEN,10080,1008,H,202,C2,0.8846072537331072,0.20086616011962288,30180.0,2502.8625,5914.580506100319,262693,5507,6344
A_GEN,10080,1008,H,202,S2,0.8563055652622984,0.2180778640126122,30180.0,2518.875,1966.1748864045367,171994,283,979
A_GEN,10080,1008,H,202,SEQ,1.0139146841443565,0.14800027945544306,30180.0,2352.3,1027.3841653177515,113788,170,292
A_GEN,10080,1008,H,303,F6,1.1313621232896913,0.014021431773449935,30180.0,2335.395,1365.3864557947963,156643,447,953
A_GEN,10080,1008,H,303,C2,1.1695728931862102,0.007086794211135014,30180.0,2303.94,3667.5606779847294,271840,3075,3075
A_GEN,10080,1008,H,303,S2,0.9310074713051723,0.1401587182937413,30180.0,2475.705,3961.7246771845967,173536,4519,4731
A_GEN,10080,1008,H,303,SEQ,1.0638914276262843,0.07855461529466351,30180.0,2363.685,2320.564510304481,127016,4629,4629
A_GEN,10081,1008,T,101,F6,1.1240634226695847,0.050712945530100625,30180.0,1717.791,4316.019996359013,238921,762,2488
A_GEN,10081,1008,T,101,C2,1.1316641135883612,0.06435041003789324,30180.0,1692.5549999999998,5548.013489032164,264474,1305,5281
A_GEN,10081,1008,T,101,S2,1.1399814745817223,0.036186339309160424,30180.0,1687.899,2488.202508851886,193645,256,867
A_GEN,10081,1008,T,101,SEQ,1.1471765714473705,0.023072658372374162,30180.0,1708.719,3213.9627346070483,157963,884,1702
A_GEN,10081,1008,T,202,F6,1.1428304364561803,0.021133555375548185,30180.0,1740.627,4072.9600024307147,232332,939,2274
A_GEN,10081,1008,T,202,C2,1.1520658865334328,0.017660936550537326,30180.0,1714.095,6074.871661408804,228066,2650,4389
A_GEN,10081,1008,T,202,S2,1.1554137728837897,0.005004516705306178,30180.0,1721.127,4300.58495699428,237738,946,3491
A_GEN,10081,1008,T,202,SEQ,1.1301324276941476,0.02674091937272582,30180.0,1754.811,3059.0125579889864,141797,1879,1879
A_GEN,10081,1008,T,303,F6,1.1523912630645994,0.030138720910500023,30180.0,1688.4989999999998,7580.005223825574,225126,7220,7220
A_GEN,10081,1008,T,303,C2,1.1341439636498398,0.034937601730090966,30180.0,1735.107,7989.75087588001,265927,779,3925
A_GEN,10081,1008,T,303,S2,1.1513591884643728,0.038690369616182496,30180.0,1662.2549999999999,4974.219825573266,221666,4121,4121
A_GEN,10081,1008,T,303,SEQ,1.1358901491016025,0.02563325726049939,30180.0,1737.723,2478.3332878686488,140218,938,1126
A_GEN,10090,1009,H,101,F6,1.1339092530870372,0.023738358097324858,36840.0,2872.4474999999998,1669.833891117014,195305,1055,1186
A_GEN,10090,1009,H,101,C2,1.073800844707553,0.05983386666683657,36690.0,3087.315,1657.709522364661,209094,239,814
A_GEN,10090,1009,H,101,S2,1.0764266512955376,0.05868141300026665,36690.0,3068.3325,1058.114665709436,168440,256,557
A_GEN,10090,1009,H,101,SEQ,1.121664119757418,0.024609235901704662,36660.0,3001.2075,1701.4949684431776,143008,742,1306
A_GEN,10090,1009,H,202,F6,1.0923099215846597,0.04596136471427515,36720.0,3034.3199999999997,2535.5296318270266,216102,744,2809
A_GEN,10090,1009,H,202,C2,1.0268081886695286,0.09282328528756822,36720.0,3173.715,954.7626654207706,145952,269,269
A_GEN,10090,1009,H,202,S2,1.0866872953505182,0.04936481670501373,36660.0,3076.5525000000002,1689.4230637848377,163648,1154,1697
A_GEN,10090,1009,H,202,SEQ,1.0950103123402675,0.042505990995711326,36750.0,3026.16,1132.8005991354585,118252,140,600
A_GEN,10090,1009,H,303,F6,1.1096728433619585,0.029274800843821218,36720.0,3029.4300000000003,1650.2262687068433,237399,99,894
A_GEN,10090,1009,H,303,C2,1.099252196499053,0.05308080041886391,36690.0,3012.9825,1242.2414418421686,182088,395,868
A_GEN,10090,1009,H,303,S2,1.1373270159415216,0.019498451698410007,36720.0,2949.2025,1456.7592716515064,175643,768,1010
A_GEN,10090,1009,H,303,SEQ,1.0210950224537951,0.09680062263870974,36660.0,3203.1375000000003,1522.076230449602,140962,125,456
A_GEN,10091,1009,T,101,F6,1.083249810253508,0.05496264660256358,36660.0,1809.8549999999998,2192.7525028865784,229076,420,823
A_GEN,10091,1009,T,101,C2,1.086053807777068,0.048582052070383026,36660.0,1816.1189999999997,4809.247585300356,250970,3409,3531
A_GEN,10091,1009,T,101,S2,1.104812774703014,0.012668681411525204,36840.0,1813.527,2852.235225463286,226715,2291,2292
A_GEN,10091,1009,T,101,SEQ,1.0705850636021645,0.06204271818831978,36720.0,1813.815,2559.795462555252,220545,899,1690
A_GEN,10091,1009,T,202,F6,1.082189675286083,0.050122336649596935,36750.0,1817.5589999999997,5172.013006313704,237562,2013,3980
A_GEN,10091,1009,T,202,C2,1.029389610617976,0.030866848316283543,36750.0,2074.4069999999997,2666.9950188286602,241691,1309,1784
A_GEN,10091,1009,T,202,S2,1.086548569293327,0.038809748706479776,36750.0,1819.2389999999998,3307.4489093031734,259864,2670,2670
A_GEN,10091,1009,T,202,SEQ,1.0269245761483006,0.03936704528938558,36750.0,2049.207,1836.4216438438743,150105,2312,2598
A_GEN,10091,1009,T,303,F6,1.1067439842689035,0.00814159249858143,36840.0,1818.3509999999999,3065.3206567307934,248032,2089,2089
A_GEN,10091,1009,T,303,C2,1.0833528856700927,0.034695662883933456,36840.0,1820.7269999999999,2955.749435137026,274679,1171,1512
A_GEN,10091,1009,T,303,S2,1.0931125838101061,0.018229334995422047,36840.0,1811.367,3015.516753568314,246091,1253,2718
A_GEN,10091,1009,T,303,SEQ,1.1041810562604295,0.014352145174585537,36840.0,1817.2709999999997,2555.983015632257,192251,726,1232
A_GEN,10100,1010,H,101,F6,1.0857041715129612,0.06424568664512645,35100.0,2733.55,2159.9433720745146,206133,202,2000
A_GEN,10100,1010,H,101,C2,1.065162683409654,0.10056933568601682,35100.0,2727.705,2395.5159974759445,208042,3775,3775
A_GEN,10100,1010,H,101,S2,1.084772799055992,0.0638470356891722,35100.0,2738.0249999999996,1948.9232219625264,205487,1044,1635
A_GEN,10100,1010,H,101,SEQ,1.0880911387632106,0.08472518861906342,35100.0,2689.5750000000003,2071.082429002039,190655,911,1144
A_GEN,10100,1010,H,202,F6,1.0966244917258396,0.047602731833914565,35160.0,2727.69,1272.6085341013968,187797,477,477
A_GEN,10100,1010,H,202,C2,1.0281436346066963,0.10697197239203973,35100.0,2823.6600000000003,1430.828593458049,170103,771,937
A_GEN,10100,1010,H,202,S2,1.1120489753395724,0.057094946491407526,35100.0,2670.885,1647.0464565865695,192062,173,763
A_GEN,10100,1010,H,202,SEQ,1.0359459185401818,0.11388722244934979,35100.0,2778.36,1274.950978314504,152104,249,838
A_GEN,10100,1010,H,303,F6,1.0915567582671193,0.07621646999306479,35100.0,2696.235,1419.9994531683624,207339,133,853
A_GEN,10100,1010,H,303,C2,1.0535565051393583,0.0672718824587517,35100.0,2809.89,1850.737159033306,219259,622,1583
A_GEN,10100,1010,H,303,S2,1.1849057624872925,0.003110783947300445,35100.0,2577.195,3849.583638451062,242608,2926,3741
A_GEN,10100,1010,H,303,SEQ,1.0908258950451184,0.0878658335773111,35100.0,2589.18,2207.863809099421,269123,869,879
A_GEN,10101,1010,T,101,F6,1.074760592287995,0.029181936030626267,35100.0,1826.652,5455.345514249057,251005,3009,3851
A_GEN,10101,1010,T,101,C2,1.0894519111635317,0.020850787255090007,35100.0,1789.743,5711.923480135389,238761,2663,3592
A_GEN,10101,1010,T,101,S2,1.0734372874060627,0.03868222577526708,35100.0,1798.4309999999998,3890.463151494041,242808,1508,2357
A_GEN,10101,1010,T,101,SEQ,1.0760383094697925,0.043255156267751185,35100.0,1788.783,8391.03883902356,251485,5879,6999
A_GEN,10101,1010,T,202,F6,1.0832916177899874,0.037147009026145844,35100.0,1797.1949999999997,4734.66230088193,249947,2112,2827
A_GEN,10101,1010,T,202,C2,1.0816057288289116,0.03190329470408045,35100.0,1796.4869999999999,13823.059776626527,301083,2738,13203
A_GEN,10101,1010,T,202,S2,1.0806105629353608,0.033069376928374486,35130.0,1801.6589999999999,3338.0390216372907,262298,553,1910
A_GEN,10101,1010,T,202,SEQ,1.0945134876011702,0.016366253844331744,35160.0,1786.6349999999998,3166.2873779591173,202082,1565,2207
A_GEN,10101,1010,T,303,F6,1.0761797993454785,0.04072527664807664,35100.0,1778.8349999999998,6449.8518756218255,298136,4413,4948
A_GEN,10101,1010,T,303,C2,1.084075440448234,0.028701295704529447,35100.0,1789.935,7569.497963879257,296663,3925,4077
A_GEN,10101,1010,T,303,S2,1.0932820077019885,0.019987629234594097,35100.0,1791.807,5618.813404393382,261244,3352,4336
A_GEN,10101,1010,T,303,SEQ,1.0920968296909919,0.018274575723903484,35100.0,1792.047,3947.686623038724,214954,972,3094
A_GEN,10110,1011,H,101,F6,1.0977766106467195,0.02648410703421522,33900.0,2549.9325,1237.342324196361,165556,183,578
A_GEN,10110,1011,H,101,C2,1.0147744659929552,0.08581132393768477,33900.0,2573.67,686.5232004420832,102520,158,243
A_GEN,10110,1011,H,101,S2,0.9749389620874512,0.08685820989502095,33900.0,2654.67,1712.0346284788102,196197,201,889
A_GEN,10110,1011,H,101,SEQ,0.8609766279499573,0.1677131328103972,33900.0,2762.055,1276.8027462810278,124251,357,380
A_GEN,10110,1011,H,202,F6,1.155710508920606,0.014643308597784833,33900.0,2472.0299999999997,1357.6286043813452,151201,1748,1748
A_GEN,10110,1011,H,202,C2,1.0702865469254512,0.026183570234127585,33900.0,2579.4900000000002,1593.226338869892,158229,928,1854
A_GEN,10110,1011,H,202,S2,0.9041937718394475,0.14497200136626104,33900.0,2698.3725,1068.5543930064887,127588,158,798
A_GEN,10110,1011,H,202,SEQ,0.9078211589331527,0.14260254882530432,33900.0,2715.6200000000003,1186.5059970766306,96446,272,1094
A_GEN,10110,1011,H,303,F6,0.9927911296407974,0.06658465960977283,33900.0,2649.1650000000004,1310.2367959087715,152668,647,1069
A_GEN,10110,1011,H,303,C2,1.0157768209880618,0.07400071892128414,33900.0,2621.01,1680.2241054186597,206933,237,706
A_GEN,10110,1011,H,303,S2,1.0173795665635326,0.09189568886382224,33900.0,2611.755,1126.66486466676,151671,262,654
A_GEN,10110,1011,H,303,SEQ,1.1859911720683574,0.002647387006297334,33900.0,2468.76,1677.1092496672645,132591,2033,2033
A_GEN,10111,1011,T,101,F6,1.142098248148579,0.02104475996955063,33900.0,1782.975,2557.607607046142,205609,1940,1940
A_GEN,10111,1011,T,101,C2,1.1288204916182192,0.03780705947831816,33900.0,1779.735,2574.709990476258,249044,965,974
A_GEN,10111,1011,T,101,S2,1.1282308527338591,0.04722790849791368,33900.0,1782.567,2786.292213048786,204425,960,1475
A_GEN,10111,1011,T,101,SEQ,1.1140170379354846,0.07806525272591228,33900.0,1776.183,2235.0267496472225,184064,420,497
A_GEN,10111,1011,T,202,F6,1.1192942877644494,0.06484385240711783,33900.0,1778.631,2940.098631597124,228435,1041,1412
A_GEN,10111,1011,T,202,C2,1.0725600530900936,0.06604669725681013,33900.0,1937.3999999999999,3055.706959775649,228790,1752,1752
A_GEN,10111,1011,T,202,S2,1.0955554503636344,0.03390186004426864,33900.0,1935.4769999999999,2388.6829147422686,210982,543,663
A_GEN,10111,1011,T,202,SEQ,1.0592084704418987,0.06549131587481757,33900.0,1979.3429999999998,2093.6431070445105,181502,283,337
A_GEN,10111,1011,T,303,F6,1.13825399091069,0.04034451555083574,33900.0,1777.3829999999998,2683.5368363354355,244148,269,419
A_GEN,10111,1011,T,303,C2,1.1580931095097409,0.007935281590809407,33900.0,1763.7389999999998,2405.711672797799,219191,682,987
A_GEN,10111,1011,T,303,S2,1.141962506470484,0.03422872596868487,33900.0,1775.943,3166.802604371682,237973,821,1609
A_GEN,10111,1011,T,303,SEQ,1.1245255431001577,0.037980835550511696,33900.0,1778.5589999999997,2313.5236389385536,173908,530,1056
A_GEN,10120,1012,H,101,F6,0.9808618726046321,0.09105544264714903,34200.0,2640.6825,1791.1886787032709,159378,1557,1557
A_GEN,10120,1012,H,101,C2,0.8298190242807443,0.21694417339525807,34200.0,2781.735,806.2337300200015,114845,111,480
A_GEN,10120,1012,H,101,S2,1.103982545080771,0.013810838997523984,34200.0,2522.565,1869.6884933318943,178593,994,1729
A_GEN,10120,1012,H,101,SEQ,0.9320992903861605,0.1461202308234085,34200.0,2608.74,1170.544804229401,126381,331,473
A_GEN,10120,1012,H,202,F6,1.0979652208705641,0.05143902622051478,34260.0,2442.2325,2552.816670274362,248540,590,2562
A_GEN,10120,1012,H,202,C2,0.9455827684479682,0.10581622691993192,34200.0,2698.185,3487.2445888370275,270263,2236,3365
A_GEN,10120,1012,H,202,S2,0.8805266148532471,0.15217010702123146,34200.0,2770.425,1870.5134131414816,183868,1378,2183
A_GEN,10120,1012,H,202,SEQ,0.8792845432858818,0.15474304047310652,34200.0,2774.1375000000003,1420.1206085067242,139467,1368,1368
A_GEN,10120,1012,H,303,F6,0.8497742637020047,0.17416973022387852,34200.0,2798.6400000000003,2739.057471553795,209254,824,2460
A_GEN,10120,1012,H,303,C2,0.9422865483078305,0.10985688211337721,34200.0,2700.5550000000003,1537.715212142095,178139,1073,1549
A_GEN,10120,1012,H,303,S2,0.8915802375945111,0.14652529258098484,34200.0,2736.465,2398.0540691660717,217367,883,1595
A_GEN,10120,1012,H,303,SEQ,0.9740234524664388,0.11017902200629201,34200.0,2623.7175,1430.948946035467,138081,913,1021
A_GEN,10121,1012,T,101,F6,1.1046512273861147,0.0491336711945399,34200.0,1770.999,3972.732671963051,210569,1999,2553
A_GEN,10121,1012,T,101,C2,1.1248275792965094,0.02561764389028472,34200.0,1772.2469999999998,3685.401756485924,230823,1796,2449
A_GEN,10121,1012,T,101,S2,1.1381165036281646,0.013831192259114123,34200.0,1768.551,3121.7939955843613,215982,1479,1479
A_GEN,10121,1012,T,101,SEQ,1.1139178934712408,0.0404096802320422,34200.0,1759.059,3691.364351194352,162962,3613,3638
A_GEN,10121,1012,T,202,F6,1.1033321315839737,0.04832070236813267,34200.0,1773.3269999999998,3574.4496039729565,216481,1016,1737
A_GEN,10121,1012,T,202,C2,1.1160009995058349,0.0329007272164052,34200.0,1775.319,3726.8418048629537,239806,1567,1762
A_GEN,10121,1012,T,202,S2,1.1283266172605664,0.02208077963124104,34200.0,1766.499,3802.8084908034652,205619,945,2476
A_GEN,10121,1012,T,202,SEQ,1.1137147778879424,0.03943338304112538,34200.0,1768.0349999999999,2676.2654786575586,151038,775,1022
A_GEN,10121,1012,T,303,F6,1.12611816973947,0.01116875969633824,34200.0,1772.0549999999998,2843.8369405912235,200765,1091,1400
A_GEN,10121,1012,T,303,C2,1.0721236934692597,0.06367634897242871,34200.0,1774.875,2660.3613050952554,213733,805,1192
A_GEN,10121,1012,T,303,S2,1.1147605425194842,0.040562783716558234,34200.0,1765.875,3151.1706129889935,211866,568,1596
A_GEN,10121,1012,T,303,SEQ,1.1169885523782328,0.040159084657163474,34200.0,1752.7469999999998,3088.991080100648,160107,1200,1945
A_TIME,10010,1001,H,101,F6,0.9890943295363498,0.07090225961497836,36240.0,3078.165,2095.120201799087,246466,1557,1557
A_TIME,10010,1001,H,101,C2,1.078471147633872,0.03332752906996086,36180.0,2855.07,2095.1179173160344,244483,699,1458
A_TIME,10010,1001,H,101,S2,1.0473626939455312,0.02698570761722344,36330.0,2948.3325,2095.735488578677,236522,279,1462
A_TIME,10010,1001,H,101,SEQ,1.0847162596368545,0.02071690275807608,36330.0,2837.3475000000003,2095.285327339545,189630,1223,1398
A_TIME,10010,1001,H,202,F6,1.0760000401824839,0.04231740508957526,36300.0,2713.77,2095.1310701305047,256399,723,977
A_TIME,10010,1001,H,202,C2,1.0011118802606913,0.06129382392576352,36210.0,3066.375,2095.2693094257265,167200,919,4310
A_TIME,10010,1001,H,202,S2,0.9620169133801476,0.09183797143085778,36180.0,3131.85,2095.5270240185782,220326,1630,1630
A_TIME,10010,1001,H,202,SEQ,1.0404934146608884,0.04995187977310881,36240.0,2912.295,2095.325751664117,207366,1065,1107
A_TIME,10010,1001,H,303,F6,1.056554193693374,0.024333772504702533,36420.0,2909.7825000000003,2095.271301990375,272371,798,868
A_TIME,10010,1001,H,303,C2,1.0382330722539126,0.03590076742675117,36480.0,2919.2850000000003,2095.4955837614834,191228,1571,1571
A_TIME,10010,1001,H,303,S2,0.9962604519659918,0.0784437980485941,36210.0,3020.6400000000003,2095.643506711349,226098,1563,1563
A_TIME,10010,1001,H,303,SEQ,1.0708123386937414,0.02634741280905718,36420.0,2859.855,2095.8108821846545,210819,2329,2329
A_TIME,10011,1001,T,101,F6,1.0539456354224808,0.05119460713920547,36240.0,1794.2309999999998,2095.3328548064455,172740,556,983
A_TIME,10011,1001,T,101,C2,1.0581462882572763,0.03132975298715452,36450.0,1801.3589999999997,2095.20997028891,178738,1010,1134
A_TIME,10011,1001,T,101,S2,1.042695723007653,0.045328754294225865,36270.0,1821.6629999999998,2095.3298660786822,160811,839,2361
A_TIME,10011,1001,T,101,SEQ,1.067318761454369,0.03216103782217198,36330.0,1793.2949999999998,2095.2521310960874,187002,508,719
A_TIME,10011,1001,T,202,F6,1.071090930154894,0.0314171706309722,36330.0,1798.1909999999998,2095.427502467297,144247,2042,2093
A_TIME,10011,1001,T,202,C2,1.083751358405102,0.0153101773751775,36510.0,1793.7989999999998,2095.1407619193196,171449,1516,1516
A_TIME,10011,1001,T,202,S2,1.076977486912266,0.03474250539677189,36510.0,1786.1669999999997,2095.478852772154,196371,1142,1142
A_TIME,10011,1001,T,202,SEQ,1.0812891997003675,0.02162288514654122,36510.0,1797.4709999999998,2095.2711558211595,142794,1444,1444
A_TIME,10011,1001,T,303,F6,1.0375340004302782,0.059238539387624405,36480.0,1799.127,2095.17776172515,149505,1691,2483
A_TIME,10011,1001,T,303,C2,1.0744574920703003,0.012525488211813159,36420.0,1798.1909999999998,2095.111902171746,168775,655,1678
A_TIME,10011,1001,T,303,S2,1.0730859565617121,0.026458881107470574,36480.0,1792.791,2095.099322238937,161580,1577,1990
A_TIME,10011,1001,T,303,SEQ,1.0284027283908297,0.06842041091863416,36480.0,1802.9429999999998,2095.091509805061,144852,959,1476
A_TIME,10020,1002,H,101,F6,1.1352242793812677,0.013496580756874176,33900.0,2703.03,2095.254254937172,238029,597,1618
A_TIME,10020,1002,H,101,C2,1.1332402409597344,0.0419951159146727,33900.0,2648.925,2095.1238614236936,243985,1243,1243
A_TIME,10020,1002,H,101,S2,1.1197319685844578,0.04529350848868713,33900.0,2700.255,2095.014225530438,208267,2177,2177
A_TIME,10020,1002,H,101,SEQ,1.0929407482891438,0.049361485698230005,33900.0,2766.0075,2099.5519728614017,197263,278,1075
A_TIME,10020,1002,H,202,F6,1.063274813372592,0.07674187297112874,33900.0,2832.4199999999996,2095.2668317221105,242788,1332,1332
A_TIME,10020,1002,H,202,C2,1.098467282935645,0.049331624514674134,33960.0,2749.71,2095.2497955048457,251109,293,1406
A_TIME,10020,1002,H,202,S2,1.084131097420409,0.047639406333725064,33900.0,2805.5775,2095.1190645853058,225375,698,806
A_TIME,10020,1002,H,202,SEQ,1.0751092433364893,0.06719631148257507,33960.0,2797.29,2095.4807217530906,144445,1345,1840
A_TIME,10020,1002,H,303,F6,1.1498660831573115,0.0404623523161951,33900.0,2572.9275000000002,2095.0025633266196,311671,472,600
A_TIME,10020,1002,H,303,C2,1.141728321497594,0.01966222413190018,33960.0,2654.385,2095.2121941531077,281346,262,609
A_TIME,10020,1002,H,303,S2,1.1247853495442837,0.016762663135272776,33900.0,2730.195,2095.490137912333,227243,1256,1741
A_TIME,10020,1002,H,303,SEQ,1.1090935657672425,0.04555728441256142,33900.0,2725.7250000000004,2095.502548647113,151640,2662,2662
A_TIME,10021,1002,T,101,F6,1.121702217165936,0.03310900522258079,33900.0,1794.0389999999998,2095.1587599609047,141785,1778,2552
A_TIME,10021,1002,T,101,C2,1.1197082157501095,0.041825532180590735,33900.0,1777.0349999999999,2096.2662847125903,193897,606,837
A_TIME,10021,1002,T,101,S2,1.111432388642496,0.038768319892779145,33900.0,1802.2949999999998,2095.044353679754,165276,763,2205
A_TIME,10021,1002,T,101,SEQ,1.1361146211689632,0.02552399479457608,33900.0,1792.359,2095.422667709179,147903,610,2086
A_TIME,10021,1002,T,202,F6,1.118279349835399,0.04198172998174585,34020.0,1792.875,2095.623228647746,167757,1601,1601
A_TIME,10021,1002,T,202,C2,1.1135340538263183,0.04996706705618548,34020.0,1792.359,2096.0243062265217,154936,1578,2379
A_TIME,10021,1002,T,202,S2,1.0696132377041032,0.055966440929553926,34020.0,1975.7925,2095.0014860183,160216,980,1477
A_TIME,10021,1002,T,202,SEQ,1.0868913775598905,0.020096100349910342,34020.0,2015.5529999999999,2095.260668628849,164551,1292,1292
A_TIME,10021,1002,T,303,F6,1.135622931407443,0.012348905254584925,34020.0,1786.6709999999998,2095.0030453884974,190339,1334,1532
A_TIME,10021,1002,T,303,C2,1.1195706429490808,0.03893442060642846,33990.0,1797.399,2095.5703706173226,170178,2069,2235
A_TIME,10021,1002,T,303,S2,1.1171760439442893,0.039647364961332955,33990.0,1793.3669999999997,2095.1201069448143,177213,1199,1426
A_TIME,10021,1002,T,303,SEQ,1.1377378795986575,0.01717165310743044,34020.0,1789.839,2095.1440423689783,152171,733,1143
A_TIME,10030,1003,H,101,F6,1.0881427458232074,0.035685738455317945,36540.0,2781.78,2095.2096916334704,256823,814,1009
A_TIME,10030,1003,H,101,C2,1.0784703228395818,0.04054650097377504,36540.0,2779.7850000000003,2095.3562579145655,256985,883,1480
A_TIME,10030,1003,H,101,S2,1.0240055422245584,0.09942666541015797,36540.0,2867.965,2095.2131978711113,171767,3375,3375
A_TIME,10030,1003,H,101,SEQ,1.0567631526025596,0.06350242631854766,36540.0,2832.6,2095.2437183745205,172114,1350,1615
A_TIME,10030,1003,H,202,F6,1.11559675743881,0.03385476507579341,36540.0,2711.565,2095.101876298897,209288,834,1993
A_TIME,10030,1003,H,202,C2,1.0760880305186922,0.07616133879075392,36540.0,2763.33,2095.710724618286,258107,1518,1611
A_TIME,10030,1003,H,202,S2,1.072618492747787,0.06629825841616516,36540.0,2774.955,2095.322695082985,216649,1607,1708
A_TIME,10030,1003,H,202,SEQ,1.0723426875972808,0.0657463599207355,36540.0,2785.38,2095.133447648026,177797,1524,1577
A_TIME,10030,1003,H,303,F6,1.1752392034568053,0.0036487833731268017,36570.0,2579.13,2095.117718871683,249982,703,963
A_TIME,10030,1003,H,303,C2,1.1065608214179248,0.043271991234341306,36600.0,2703.315,2095.3908821204677,245922,2428,2428
A_TIME,10030,1003,H,303,S2,1.0566048481973007,0.08711490693242463,36540.0,2778.795,2095.056445661001,192131,476,1456
A_TIME,10030,1003,H,303,SEQ,1.0671489107456562,0.0587391710718962,36540.0,2810.22,2095.0797974774614,165013,1198,1773
A_TIME,10031,1003,T,101,F6,1.1095504072133788,0.04704377032018162,36600.0,1785.6149999999998,2095.8150509437546,151535,1777,1907
A_TIME,10031,1003,T,101,C2,1.1376493558631962,0.0145277626595565,36600.0,1789.7669999999998,2095.408883851953,172083,598,1605
A_TIME,10031,1003,T,101,S2,1.1188029588130366,0.029290344693019735,36600.0,1790.583,2096.7380550839007,135389,2550,2866
A_TIME,10031,1003,T,101,SEQ,1.1200685575996088,0.03191200743651394,36570.0,1787.5349999999999,2095.4352716356516,131839,1604,1614
A_TIME,10031,1003,T,202,F6,1.0700206589242212,0.07207225753793446,36570.0,1907.1269999999997,2096.2910060938448,106036,4331,4331
A_TIME,10031,1003,T,202,C2,1.1067119494801543,0.02409757246429963,36540.0,1906.119,2096.682542119175,127589,2489,2489
A_TIME,10031,1003,T,202,S2,1.1183069816084614,0.03197508408354149,36630.0,1791.6389999999997,2095.171497798525,180034,1132,1507
A_TIME,10031,1003,T,202,SEQ,1.0876301841655205,0.06042164383865844,36630.0,1873.143,2096.154154376127,138459,1955,1955
A_TIME,10031,1003,T,303,F6,1.1045807851857266,0.05518451690625558,36600.0,1787.1749999999997,2095.5501188253984,140604,1452,2412
A_TIME,10031,1003,T,303,C2,1.1157268957376234,0.028522921677269948,36570.0,1855.9979999999998,2095.007781730965,120847,2501,2532
A_TIME,10031,1003,T,303,S2,1.099826016590661,0.034403479567373704,36630.0,1781.5589999999997,2098.847329570912,115371,4774,4774
A_TIME,10031,1003,T,303,SEQ,1.124981375530438,0.02424981251818908,36660.0,1794.879,2095.73313909024,141507,1743,1750
A_TIME,10040,1004,H,101,F6,1.0347256172082653,0.060132198216068244,34980.0,2952.27,2095.2953971419483,160882,1298,2538
A_TIME,10040,1004,H,101,C2,1.0598686828925812,0.04561248180707103,34980.0,2908.11,2095.085475456901,242925,511,690
A_TIME,10040,1004,H,101,S2,1.124713130122295,0.015057239678440812,34980.0,2771.61,2095.162148207426,249181,547,842
A_TIME,10040,1004,H,101,SEQ,1.1586706797199557,0.01983444335055749,34980.0,2677.515,2095.0198613852262,185178,631,1815
A_TIME,10040,1004,H,202,F6,1.1210188169266437,0.023578413266175203,34980.0,2738.0175000000004,2095.1010861881077,209338,477,2233
A_TIME,10040,1004,H,202,C2,1.0702103656327204,0.06406767846762387,34980.0,2821.8450000000003,2095.034309413284,255948,426,983
A_TIME,10040,1004,H,202,S2,1.0511762983554527,0.043273242887195786,35340.0,2864.9775,2095.0030013676733,252760,172,1234
A_TIME,10040,1004,H,202,SEQ,1.0888535047728074,0.055187579208438975,35130.0,2798.13,2095.1361953821033,172426,823,1824
A_TIME,10040,1004,H,303,F6,1.1437834021251827,0.007530493300930696,34980.0,2753.31,2095.1794047802687,257148,1038,1038
A_TIME,10040,1004,H,303,C2,1.128793991768371,0.0367588650051003,35190.0,2680.38,2095.3860394135118,254832,592,875
A_TIME,10040,1004,H,303,S2,1.1211867979076446,0.024888868164700168,34980.0,2750.37,2095.0014714226127,274192,499,1430
A_TIME,10040,1004,H,303,SEQ,1.1115104727224623,0.06150794808185588,35040.0,2692.2974999999997,2095.5691075706854,224280,1218,1684
A_TIME,10041,1004,T,101,F6,1.1252443847373355,0.03021221420841872,34980.0,1798.887,2095.6183830779046,159480,1358,1369
A_TIME,10041,1004,T,101,C2,1.1133189612876644,0.04786469380432552,34980.0,1800.5429999999997,2095.024369285442,168198,986,1463
A_TIME,10041,1004,T,101,S2,1.117977544481431,0.009620713390326753,34980.0,1841.8229999999999,2095.2115735989064,191430,466,863
A_TIME,10041,1004,T,101,SEQ,1.1294706011322093,0.028265083874901068,34980.0,1795.8869999999997,2095.18332921993,157341,802,1177
A_TIME,10041,1004,T,202,F6,1.115119742918146,0.03905431600259033,35310.0,1797.975,2095.2952666655183,182037,775,955
A_TIME,10041,1004,T,202,C2,1.1039268063488359,0.04933754766716073,35370.0,1806.795,2095.3310444774106,167412,1357,1605
A_TIME,10041,1004,T,202,S2,1.137707763157022,0.010225706921195855,35370.0,1802.7269999999999,2095.211518998258,181077,1433,1552
A_TIME,10041,1004,T,202,SEQ,1.0543811512327537,0.04069208210680591,35370.0,2015.7749999999999,2095.368116632104,142950,1157,1209
A_TIME,10041,1004,T,303,F6,1.1218844567063884,0.033421325120776314,35040.0,1800.2069999999999,2095.5478079281747,178260,923,1132
A_TIME,10041,1004,T,303,C2,1.1371037671634758,0.012918701348099965,35310.0,1798.3349999999998,2095.003327245824,181969,1235,1268
A_TIME,10041,1004,T,303,S2,1.1266010503591262,0.02531144921829906,35310.0,1796.319,2095.2351780319586,189643,617,814
A_TIME,10041,1004,T,303,SEQ,1.1144156517493407,0.042539128724488756,35220.0,1795.743,2095.48809132725,149010,423,946
A_TIME,10050,1005,H,101,F6,1.0248958088499314,0.10180220264681387,36600.0,3076.83,2095.1598299080506,204068,378,2338
A_TIME,10050,1005,H,101,C2,1.0761710869443175,0.08389782543075452,36600.0,2930.085,2095.0141587890685,181565,2332,2332
A_TIME,10050,1005,H,101,S2,1.1184889931574722,0.021109507483846716,36660.0,2907.5925,2095.2327126273885,155023,4671,4671
A_TIME,10050,1005,H,101,SEQ,1.0991948594484546,0.04601897543286867,36600.0,2936.175,2095.3231606967747,162495,1435,2038
A_TIME,10050,1005,H,202,F6,1.0801764533564286,0.049538505792323745,36600.0,2989.065,2095.0021713552997,229402,574,1192
A_TIME,10050,1005,H,202,C2,1.171398848560894,0.003254569747204711,36660.0,2779.59,2095.079557225108,270735,472,1241
A_TIME,10050,1005,H,202,S2,1.0899163100848381,0.07281466985637705,36660.0,2899.635,2095.007548949681,191190,583,2047
A_TIME,10050,1005,H,202,SEQ,1.1041834988701515,0.03714822509687069,36600.0,2944.3425,2095.189813748002,181168,234,1391
A_TIME,10050,1005,H,303,F6,1.120128985380404,0.04967695453692196,36600.0,2867.625,2095.3458328573033,281449,310,313
A_TIME,10050,1005,H,303,C2,1.1484658348134908,0.04085270743834659,36600.0,2776.02,2095.142215548083,272533,1292,1292
A_TIME,10050,1005,H,303,S2,1.157042830181571,0.018118227906585505,36600.0,2817.09,2095.2033095546067,195470,2325,2325
A_TIME,10050,1005,H,303,SEQ,1.1510224243558853,0.03305404217449473,36600.0,2804.565,2095.12622048147,202992,566,977
A_TIME,10051,1005,T,101,F6,1.0529251436677431,0.051608514487654925,36660.0,1813.8149999999998,2095.5338908694685,195554,1097,1147
A_TIME,10051,1005,T,101,C2,1.0709452638224475,0.04028308471689705,36600.0,1815.1589999999997,2096.1006970936432,154868,1525,2000
A_TIME,10051,1005,T,101,S2,1.0317036867192746,0.05004578270033104,36780.0,1855.0709999999997,2095.398420806974,139412,912,1782
A_TIME,10051,1005,T,101,SEQ,1.0882035691477743,0.015127082276649453,36780.0,1816.8149999999998,2095.3092621248215,167081,628,1088
A_TIME,10051,1005,T,202,F6,1.070132007422057,0.028094275693813953,36720.0,1899.7649999999999,2095.4832386486232,172101,616,1282
A_TIME,10051,1005,T,202,C2,1.0446499813366985,0.04779351246606189,36720.0,1923.183,2095.683052766137,162906,672,2098
A_TIME,10051,1005,T,202,S2,1.0429779259245326,0.049501995289728845,36720.0,1910.1509999999998,2095.1122657321393,192910,411,508
A_TIME,10051,1005,T,202,SEQ,1.0702936682354867,0.0216619080448607,36690.0,1847.9429999999998,2095.0841808756813,156356,525,976
A_TIME,10051,1005,T,303,F6,1.0770307268816457,0.03335077518838073,36600.0,1820.187,2095.1165940267965,213049,300,596
A_TIME,10051,1005,T,303,C2,1.0929704903087902,0.02371101675707045,36600.0,1819.5029999999997,2095.1018261676654,211994,503,540
A_TIME,10051,1005,T,303,S2,1.0657932617013712,0.03935879266562301,36600.0,1817.271,2095.0079465080053,170225,774,1057
A_TIME,10051,1005,T,303,SEQ,1.0733378182868463,0.03706904871645016,36600.0,1821.4589999999998,2095.037977189757,160084,869,873
A_TIME,10060,1006,H,101,F6,1.1131661383926825,0.04473362012091592,36840.0,2805.735,2095.27562555857,234638,1603,1603
A_TIME,10060,1006,H,101,C2,1.067713457045903,0.06570080460079819,36780.0,2917.3050000000003,2095.3816401660442,235320,703,2529
A_TIME,10060,1006,H,101,S2,1.0459177014204186,0.08075972863224067,36810.0,2957.295,2095.255865455605,184420,2017,2305
A_TIME,10060,1006,H,101,SEQ,1.0402705512958859,0.07616833801516332,36840.0,2987.445,2096.5520165637136,132794,3692,3699
A_TIME,10060,1006,H,202,F6,1.0814492610196575,0.06249290901286328,36780.0,2852.67,2095.154232000932,222312,1017,1352
A_TIME,10060,1006,H,202,C2,1.1407408978002531,0.024891030102562293,36780.0,2755.905,2095.2015970358625,190019,1060,1465
A_TIME,10060,1006,H,202,S2,1.0977767966513186,0.05393915024000265,36780.0,2850.7200000000003,2095.315740651451,204941,1576,1934
A_TIME,10060,1006,H,202,SEQ,1.0727455166918032,0.07492187675325333,36810.0,2872.2000000000003,2095.027300771326,188079,1122,1279
A_TIME,10060,1006,H,303,F6,1.0839651597699618,0.06965532172401491,36780.0,2858.595,2095.371070473455,188841,989,1628
A_TIME,10060,1006,H,303,C2,1.1272324551490192,0.019133279604967152,36810.0,2829.6600000000003,2095.0281444061548,197798,2582,2609
A_TIME,10060,1006,H,303,S2,1.1040500286750787,0.04819528494796924,36840.0,2832.2400000000002,2095.105673042126,238274,1019,1079
A_TIME,10060,1006,H,303,SEQ,1.1439067481344332,0.025950905099598163,36780.0,2709.63,2095.050830071792,199128,767,1303
A_TIME,10061,1006,T,101,F6,1.142081245062776,0.022497731938068755,36930.0,1806.5069999999998,2095.4175044558942,131814,1236,1849
A_TIME,10061,1006,T,101,C2,1.1578589428473405,0.0075195330168781336,36840.0,1797.5549999999998,2095.643635030836,142302,2169,2169
A_TIME,10061,1006,T,101,S2,1.1473233286604685,0.018029302618656026,36930.0,1766.4509999999998,2095.3710422674194,142423,898,2269
A_TIME,10061,1006,T,101,SEQ,1.1324578084509687,0.041522873476513206,36810.0,1803.723,2095.3390175234526,147705,1161,1192
A_TIME,10061,1006,T,202,F6,1.137296174193638,0.015754914071035204,36780.0,1854.4309999999998,2095.5161129627377,171384,931,1233
A_TIME,10061,1006,T,202,C2,1.1366774700337139,0.01667871690673462,36810.0,1828.263,2095.1833410160616,155311,2208,2263
A_TIME,10061,1006,T,202,S2,1.134470630692968,0.021248396886881654,36810.0,1833.543,2095.2430198136717,168613,768,1368
A_TIME,10061,1006,T,202,SEQ,1.1424709697309592,0.025851479720909287,36780.0,1808.487,2095.044363331981,128688,1848,2289
A_TIME,10061,1006,T,303,F6,1.1432560697689031,0.02537956221656917,36840.0,1801.0109999999997,2095.7023567175493,171114,737,928
A_TIME,10061,1006,T,303,C2,1.1530341570311435,0.013534403216775957,36810.0,1803.639,2095.4369202870876,186572,771,784
A_TIME,10061,1006,T,303,S2,1.1481050507835127,0.024048783083853945,36840.0,1797.447,2095.5544109866023,168110,1100,1216
A_TIME,10061,1006,T,303,SEQ,1.153269538211344,0.011957950327233879,36840.0,1796.9789999999998,2095.343155060895,126654,1675,2114
A_TIME,10070,1007,H,101,F6,1.0584703563553683,0.06473034200365524,34080.0,2734.0425,2095.6329265432432,185015,3380,3380
A_TIME,10070,1007,H,101,C2,1.0790781392412832,0.04302644883504324,34080.0,2744.3775,2095.035201953724,193622,750,2161
A_TIME,10070,1007,H,101,S2,1.0751346948627676,0.04866834632164491,34080.0,2747.1525,2095.245969637297,193158,508,1412
A_TIME,10070,1007,H,101,SEQ,1.1434314131512349,0.017336315024010004,34080.0,2636.115,2095.2890261355788,192881,949,1322
A_TIME,10070,1007,H,202,F6,1.1175903719686975,0.06155093436797409,34110.0,2612.13,2095.257342932746,186862,2140,2327
A_TIME,10070,1007,H,202,C2,1.0906785026296082,0.03741149968121115,34080.0,2719.3725,2095.0564945284277,248921,441,1226
A_TIME,10070,1007,H,202,S2,1.1164749794033164,0.0183790965226298,34080.0,2696.9025,2095.018813197501,227672,1259,1259
A_TIME,10070,1007,H,202,SEQ,1.0241977524798809,0.08198553354560723,34080.0,2808.525,2095.319761807099,138562,1013,1893
A_TIME,10070,1007,H,303,F6,1.0539145767674254,0.06384038334312869,34080.0,2768.295,2095.2899333769456,243669,1093,1093
A_TIME,10070,1007,H,303,C2,1.0678443387630854,0.04904978911974563,34080.0,2766.7575,2095.379745987244,229713,1035,1573
A_TIME,10070,1007,H,303,S2,1.1128260100311416,0.05107364937311467,34080.0,2646.7275,2095.2676045466214,255643,168,702
A_TIME,10070,1007,H,303,SEQ,1.065218605163228,0.04538207588337554,34080.0,2774.535,2095.0912449369207,189076,1092,1092
A_TIME,10071,1007,T,101,F6,1.1061449575363007,0.06453080314867714,34110.0,1789.839,2095.1004889486358,153571,1411,1423
A_TIME,10071,1007,T,101,C2,1.1476154234705203,0.012578029060309035,34080.0,1788.975,2095.3819609349594,147449,1523,2625
A_TIME,10071,1007,T,101,S2,1.132228088387615,0.05002025860249297,34080.0,1777.743,2095.11510130018,166260,943,1454
A_TIME,10071,1007,T,101,SEQ,1.1270104508430798,0.035531137096652,34110.0,1784.9429999999998,2095.000955800526,148590,688,776
A_TIME,10071,1007,T,202,F6,1.0698645751728721,0.04020349977017155,34110.0,2067.5609999999997,2095.7042924016714,137663,2817,2817
A_TIME,10071,1007,T,202,C2,1.0852637911209497,0.0255503179296025,34080.0,2053.647,2095.1337903076783,151287,1256,1752
A_TIME,10071,1007,T,202,S2,1.088795522798815,0.054825733125071975,34110.0,1928.3670000000002,2095.0601075151935,182625,1066,1126
A_TIME,10071,1007,T,202,SEQ,1.0969465698932275,0.04824728649268012,34110.0,1934.271,2095.345277873799,143842,698,741
A_TIME,10071,1007,T,303,F6,1.1362314194743277,0.025850201675569756,34230.0,1785.5909999999997,2095.2255470715463,155027,1002,1260
A_TIME,10071,1007,T,303,C2,1.122468054972716,0.036618710702346985,34230.0,1785.591,2095.1017739716917,171126,897,934
A_TIME,10071,1007,T,303,S2,1.1304341981961796,0.027553159098336062,34230.0,1788.1229999999998,2095.3005714071915,154612,1575,1648
A_TIME,10071,1007,T,303,SEQ,1.1348147115920497,0.03783627616559268,34230.0,1777.743,2095.290436605923,123939,1173,1309
A_TIME,10080,1008,H,101,F6,1.1285475385671424,0.09969977411459029,30180.0,2337.63,2095.2361267451197,248010,458,918
A_TIME,10080,1008,H,101,C2,1.0890720578916562,0.04928777374034936,30180.0,2404.14,2095.037912898697,211289,1709,1709
A_TIME,10080,1008,H,101,S2,1.0917017327207317,0.11332116825240132,30180.0,2351.46,2095.2753900056705,210184,371,1068
A_TIME,10080,1008,H,101,SEQ,0.9939427319266545,0.14511353109567232,30180.0,2438.4,2095.1640580529347,153482,1288,1288
A_TIME,10080,1008,H,202,F6,1.1525552809947066,0.027626186801592945,30180.0,2337.825,2095.0949356602505,214624,710,1398
A_TIME,10080,1008,H,202,C2,0.9886659760705491,0.13285969122873167,30180.0,2465.8199999999997,2095.202453286387,236320,1306,1306
A_TIME,10080,1008,H,202,S2,1.1465170123886108,0.01251724979354491,30180.0,2362.995,2095.596242967993,186021,2948,2948
A_TIME,10080,1008,H,202,SEQ,1.15013212562444,0.01734628171906909,30180.0,2364.51,2095.450491652824,171764,1976,1976
A_TIME,10080,1008,H,303,F6,1.0982732166855667,0.0901178462289579,30180.0,2352.9,2095.245551946573,235538,819,1182
A_TIME,10080,1008,H,303,C2,1.0466137321781603,0.08608505181163731,30180.0,2426.8799999999997,2095.3511090995744,204892,422,1169
A_TIME,10080,1008,H,303,S2,1.1064955342034142,0.09400411451956833,30180.0,2366.775,2095.023195793852,215936,829,1240
A_TIME,10080,1008,H,303,SEQ,1.0156285467567356,0.11919131191719076,30180.0,2446.005,2095.043637786992,155490,1159,1159
A_TIME,10081,1008,T,101,F6,1.1564173606431318,0.008054453693828413,30180.0,1714.023,2095.2033015945926,171635,547,866
A_TIME,10081,1008,T,101,C2,1.1202814253979518,0.061093416491955294,30180.0,1710.807,2095.5791017571464,152916,1277,1383
A_TIME,10081,1008,T,101,S2,1.157902082221033,0.013883501433844201,30180.0,1682.571,2095.3716410370544,161103,860,860
A_TIME,10081,1008,T,101,SEQ,1.1576285751052258,0.005933734367271176,30180.0,1712.655,2095.485824909061,99404,1360,1408
A_TIME,10081,1008,T,202,F6,1.1505129360082076,0.01063511815477834,30180.0,1721.5589999999997,2095.1985129984096,149385,927,927
A_TIME,10081,1008,T,202,C2,1.1351526876599796,0.03573882232037099,30180.0,1724.2949999999998,2095.7948590228334,127241,2857,2859
A_TIME,10081,1008,T,202,S2,1.1374612616611732,0.028802576742663955,30180.0,1741.683,2095.0000432804227,147096,1026,1026
A_TIME,10081,1008,T,202,SEQ,1.1377164846979964,0.02994528233553679,30180.0,1744.647,2095.2604643180966,102560,1746,1752
A_TIME,10081,1008,T,303,F6,1.1451583135948389,0.02490127976640597,30180.0,1691.907,2095.8854034300894,128129,1603,2370
A_TIME,10081,1008,T,303,C2,1.1275656982573838,0.033384590896011895,30180.0,1755.519,2095.445636755787,132749,1286,1485
A_TIME,10081,1008,T,303,S2,1.1466199827658121,0.049538517386998326,30180.0,1656.6509999999998,2095.1817549923435,156677,846,1270
A_TIME,10081,1008,T,303,SEQ,1.1333221099295778,0.0348604219869954,30180.0,1740.885,2095.3225001152605,108660,1935,1935
A_TIME,10090,1009,H,101,F6,1.0773537476909356,0.04857550605235017,36660.0,3052.86,2095.6441798098385,266376,2004,2004
A_TIME,10090,1009,H,101,C2,1.1202568686079557,0.03279985917058912,36660.0,2982.3300000000004,2095.1924285469577,248744,412,1095
A_TIME,10090,1009,H,101,S2,1.021211020576203,0.0912691170431479,36660.0,3159.255,2095.0617508711293,243695,596,1405
A_TIME,10090,1009,H,101,SEQ,1.1621636628196732,0.025831002423917507,36690.0,2895.1275,2095.040797078982,197483,345,1126
A_TIME,10090,1009,H,202,F6,1.0747731945516354,0.06556254450610036,36660.0,3065.0550000000003,2095.552865391597,168810,2916,3172
A_TIME,10090,1009,H,202,C2,1.0798590765120823,0.06270345742334629,36690.0,3033.495,2095.239244095981,279890,339,587
A_TIME,10090,1009,H,202,S2,1.0900590827931702,0.05547308053499711,36660.0,3031.83,2095.3160875644535,230725,1874,1904
A_TIME,10090,1009,H,202,SEQ,1.135205861259799,0.02727750279690472,36750.0,2946.525,2095.4179536458105,153894,1425,2683
A_TIME,10090,1009,H,303,F6,1.131658496319231,0.009299302022505028,36660.0,3000.0825,2095.209826119244,290030,353,619
A_TIME,10090,1009,H,303,C2,1.1225558719236766,0.04913226548208846,36690.0,2955.1725,2095.132190898061,280368,485,1054
A_TIME,10090,1009,H,303,S2,1.0532730876223961,0.08628545728331362,36660.0,3075.0150000000003,2095.0337451640517,152954,1332,3108
A_TIME,10090,1009,H,303,SEQ,1.0562851673386886,0.05693785882172599,36690.0,3108.51,2096.275895776227,121241,3326,3326
A_TIME,10091,1009,T,101,F6,1.1121593282381217,0.01028092319580775,36840.0,1810.647,2095.5841422453523,185753,1476,1612
A_TIME,10091,1009,T,101,C2,1.1067808766260334,0.02499935520008042,36780.0,1804.9589999999998,2096.1130313100293,190612,2141,2141
A_TIME,10091,1009,T,101,S2,1.0795651423620258,0.046209141587087735,36840.0,1813.839,2095.5016383370385,146016,2506,2671
A_TIME,10091,1009,T,101,SEQ,1.078372771272248,0.041892731281994125,36840.0,1820.4389999999999,2095.22106333822,163914,1039,1462
A_TIME,10091,1009,T,202,F6,1.0809060022295836,0.03763362149872203,36750.0,1816.0469999999998,2095.3274600673467,156492,1379,1500
A_TIME,10091,1009,T,202,C2,1.0200705415588194,0.039050719749789575,36750.0,2074.4069999999997,2095.235741071403,193771,818,1385
A_TIME,10091,1009,T,202,S2,1.017666569769616,0.03754265781062797,36720.0,2074.4069999999997,2095.143273065798,177674,889,2033
A_TIME,10091,1009,T,202,SEQ,1.0285767258785579,0.025760318257749815,36750.0,2049.207,2095.006790259853,196192,440,1516
A_TIME,10091,1009,T,303,F6,1.1017828076421696,0.012515609249775341,36840.0,1814.5349999999999,2095.6165191428736,197576,1321,1568
A_TIME,10091,1009,T,303,C2,1.0529466762968926,0.08411475421427426,36840.0,1817.5589999999997,2095.2035691011697,141791,1061,3195
A_TIME,10091,1009,T,303,S2,1.0805607325698097,0.036683365470533344,36840.0,1814.2469999999998,2095.3501267051324,178745,837,1140
A_TIME,10091,1009,T,303,SEQ,1.0709494699636357,0.058911499758735636,36840.0,1822.8869999999997,2095.2671847371385,138760,989,2182
A_TIME,10100,1010,H,101,F6,1.1129233395905427,0.0360598694598153,35100.0,2634.4049999999997,2095.437243271619,197325,1329,1772
A_TIME,10100,1010,H,101,C2,1.1193574415630074,0.03717129513137933,35100.0,2607.8325,2095.0576172759756,237051,814,1122
A_TIME,10100,1010,H,101,S2,1.0975120783732424,0.046347614825323645,35100.0,2615.145,2095.1437453068793,214078,823,1725
A_TIME,10100,1010,H,101,SEQ,1.0596556757621873,0.0532238316205882,35100.0,2749.275,2095.179095997475,187857,1076,1078
A_TIME,10100,1010,H,202,F6,1.0313195490649607,0.056293727394839725,35100.0,2806.17,2095.003703141585,248872,378,897
A_TIME,10100,1010,H,202,C2,0.9916135396728757,0.10163507317457829,35100.0,2857.86,2095.3852946078405,195492,1720,1778
A_TIME,10100,1010,H,202,S2,1.0493174773278329,0.0801250292702493,35100.0,2725.335,2095.348494304344,208827,1035,1621
A_TIME,10100,1010,H,202,SEQ,1.1224074122014907,0.03967142943089577,35100.0,2625.42,2095.1390190711245,188100,1096,1504
A_TIME,10100,1010,H,303,F6,1.1074577781138464,0.029642199485562216,35100.0,2666.07,2095.12071858719,284510,562,1077
A_TIME,10100,1010,H,303,C2,1.1470247579762352,0.0070739144609628804,35100.0,2594.745,2095.1903963023797,172874,2548,2548
A_TIME,10100,1010,H,303,S2,1.0328871782703792,0.05686902663776239,35100.0,2798.13,2095.1823579603806,183860,1289,2140
A_TIME,10100,1010,H,303,SEQ,1.1480625955630628,0.004086442095133858,35100.0,2543.64,2095.058865436353,258747,232,729
A_TIME,10101,1010,T,101,F6,1.0815931818692166,0.04050667162451113,35100.0,1824.4589999999998,2095.953509762883,179442,1364,1364
A_TIME,10101,1010,T,101,C2,1.1163890068618196,0.019898776687139432,35100.0,1792.527,2095.280557760969,119565,1299,1572
A_TIME,10101,1010,T,101,S2,1.0942262738962563,0.05179507113934268,35100.0,1786.683,2095.61581883952,131707,2476,2476
A_TIME,10101,1010,T,101,SEQ,1.1105750727042636,0.026549823605692434,35100.0,1792.935,2096.207485492341,151719,1202,1748
A_TIME,10101,1010,T,202,F6,1.1047493107706878,0.04219050559097872,35100.0,1791.687,2096.3716735411435,144131,3275,3275
A_TIME,10101,1010,T,202,C2,1.1057502234513055,0.03292700821772328,35160.0,1799.847,2095.5133005129173,156579,2839,2850
A_TIME,10101,1010,T,202,S2,1.1088418275149505,0.030113815797362702,35160.0,1793.451,2095.492799787782,144668,1856,1983
A_TIME,10101,1010,T,202,SEQ,1.1171132216583297,0.022948041819012,35160.0,1792.299,2095.805425034836,143117,2566,2566
A_TIME,10101,1010,T,303,F6,1.1021774925892183,0.044656481932409196,35100.0,1797.267,2097.423840323463,141082,3105,3484
A_TIME,10101,1010,T,303,C2,1.112554636038884,0.029515473902410567,35100.0,1792.911,2095.9591531977057,147145,2135,2337
A_TIME,10101,1010,T,303,S2,1.1095610802080444,0.02819192482101339,35100.0,1798.0829999999999,2096.859169015661,136996,1759,2193
A_TIME,10101,1010,T,303,SEQ,1.094470031401951,0.04675633796897024,35100.0,1800.387,2095.410154275596,108169,2361,2387
A_TIME,10110,1011,H,101,F6,1.108853326960943,0.019672188381554122,33900.0,2459.49,2095.0441771838814,272885,230,1026
A_TIME,10110,1011,H,101,C2,1.1389674716298759,0.029611335718161946,33900.0,2420.955,2095.2859506169334,237284,819,2310
A_TIME,10110,1011,H,101,S2,0.8864938897742229,0.1409158580513723,33900.0,2656.485,2095.5258457856253,193723,1257,1409
A_TIME,10110,1011,H,101,SEQ,0.8796618551727645,0.15753496945157658,33900.0,2620.155,2095.48961932119,168326,1033,1539
A_TIME,10110,1011,H,202,F6,0.9540944133741545,0.09489062265357563,33900.0,2581.625,2095.5522421710193,228309,1877,1877
A_TIME,10110,1011,H,202,C2,0.960198484486834,0.07046635190215783,33900.0,2611.1549999999997,2095.3310456210747,276351,1013,1013
A_TIME,10110,1011,H,202,S2,0.8464594828955224,0.16945442201785973,33900.0,2672.52,2095.0325495181605,257917,481,798
A_TIME,10110,1011,H,202,SEQ,1.0524473681160877,0.05340852513936576,33900.0,2504.3250000000003,2095.0164295937866,183160,1938,1938
A_TIME,10110,1011,H,303,F6,1.0013495415217908,0.07580661710090404,33900.0,2530.1175000000003,2095.3514238139614,260826,860,1234
A_TIME,10110,1011,H,303,C2,1.0284234461835542,0.06618402212141451,33900.0,2526.915,2095.103398530744,293939,199,400
A_TIME,10110,1011,H,303,S2,1.079975390351297,0.07399857037987441,33900.0,2432.625,2095.0674634352326,279832,354,637
A_TIME,10110,1011,H,303,SEQ,1.072854078895711,0.07043255508215802,33900.0,2456.13,2095.1386243365705,204785,299,760
A_TIME,10111,1011,T,101,F6,1.1422571818432439,0.03526576906733182,33900.0,1779.039,2095.474624911323,160117,1004,1909
A_TIME,10111,1011,T,101,C2,1.1403247009994444,0.038523278554502695,33900.0,1779.447,2095.3613206082955,191197,429,767
A_TIME,10111,1011,T,101,S2,1.1621727316168946,0.010353864193796952,33900.0,1778.223,2095.3715971261263,195143,247,381
A_TIME,10111,1011,T,101,SEQ,1.1493427442086077,0.027819121527209972,33900.0,1778.0069999999998,2095.370358108543,163622,538,734
A_TIME,10111,1011,T,202,F6,1.1529311051939297,0.021985750298858187,33900.0,1783.791,2095.0815408630297,204192,165,265
A_TIME,10111,1011,T,202,C2,1.073239390598359,0.031059446224064556,33900.0,1982.9429999999998,2095.176593360491,186597,181,648
A_TIME,10111,1011,T,202,S2,1.1013133364022927,0.03017735567418988,33900.0,1939.107,2095.4067263985053,201735,309,430
A_TIME,10111,1011,T,202,SEQ,1.0683296024723892,0.05777838064899709,33900.0,1979.3429999999998,2095.388659254648,174395,388,406
A_TIME,10111,1011,T,303,F6,1.1614997607892186,0.006427017125429886,33900.0,1780.107,2095.228570094332,197975,420,660
A_TIME,10111,1011,T,303,C2,1.157810963595359,0.022997169506917374,33900.0,1774.875,2095.1489185886458,179301,1492,1513
A_TIME,10111,1011,T,303,S2,1.147458676650211,0.035115087380931505,33900.0,1780.335,2095.285499549471,188375,460,709
A_TIME,10111,1011,T,303,SEQ,1.1489593068511943,0.02831996220767071,33900.0,1776.2549999999999,2095.088806718588,140657,529,837
A_TIME,10120,1012,H,101,F6,0.8916432671587218,0.1737748472122537,34200.0,2800.0875,2095.07335403841,185091,1213,1962
A_TIME,10120,1012,H,101,C2,1.1782832054944272,0.0018449503133828899,34200.0,2513.1,2095.5281982738525,235851,1473,1707
A_TIME,10120,1012,H,101,S2,1.1540868784794196,0.027520215407729528,34200.0,2526.06,2095.2777550490573,215647,1288,1831
A_TIME,10120,1012,H,101,SEQ,1.0263585197466463,0.120246385279805,34200.0,2634.96,2095.174440940842,193101,1018,1035
A_TIME,10120,1012,H,202,F6,1.0129726055941293,0.08591519286845951,34200.0,2688.0825,2095.118207764812,210702,299,1478
A_TIME,10120,1012,H,202,C2,1.002033038898123,0.11461407247770754,34200.0,2680.1175000000003,2095.194682525471,234261,634,1165
A_TIME,10120,1012,H,202,S2,1.0860297629825255,0.055245248378766744,34200.0,2604.84,2095.0091232238337,247282,1365,1365
A_TIME,10120,1012,H,202,SEQ,1.002420001967349,0.09481122624444822,34200.0,2685.78,2095.1528664594516,156827,501,1940
A_TIME,10120,1012,H,303,F6,1.0147591153197084,0.10636190333738163,34200.0,2661.5550000000003,2095.0835777577013,224252,514,1038
A_TIME,10120,1012,H,303,C2,1.0170608595112562,0.08322110199508355,34200.0,2683.6800000000003,2095.08365982119,229946,224,1383
A_TIME,10120,1012,H,303,S2,0.9374797947192193,0.15605306428475138,34200.0,2742.465,2095.3010917194188,184781,1412,1412
A_TIME,10120,1012,H,303,SEQ,0.9282858741383732,0.14179337709531276,34200.0,2771.0475,2095.12924435921,160588,848,2040
A_TIME,10121,1012,T,101,F6,1.1491728842837192,0.031359156531610845,34200.0,1772.907,2095.259999372065,163189,1068,1149
A_TIME,10121,1012,T,101,C2,1.1464506912168637,0.0318225108370174,34200.0,1771.5269999999998,2095.287704175338,139179,2292,2292
A_TIME,10121,1012,T,101,S2,1.166767447084357,0.0016280404998399909,34200.0,1769.751,2095.1163745652884,171335,716,914
A_TIME,10121,1012,T,101,SEQ,1.1463213473904659,0.03932468204040061,34200.0,1770.759,2095.199735570699,114456,1887,1953
A_TIME,10121,1012,T,202,F6,1.1363509039164021,0.04637383397811353,34200.0,1776.567,2095.807799496688,131322,1140,2086
A_TIME,10121,1012,T,202,C2,1.1473066846510824,0.03444842990497796,34200.0,1772.415,2095.2063561026007,163562,978,1067
A_TIME,10121,1012,T,202,S2,1.1563511640334825,0.020691298304248734,34230.0,1766.427,2096.3344121398404,114677,2870,2870
A_TIME,10121,1012,T,202,SEQ,1.1476832210638916,0.0360940540159775,34200.0,1772.979,2096.1863980060443,109003,2149,2149
A_TIME,10121,1012,T,303,F6,1.15602095765644,0.01348079269830555,34200.0,1738.521,2095.070776228793,137506,906,1876
A_TIME,10121,1012,T,303,C2,1.137200914010295,0.04710809374566492,34200.0,1765.893,2095.2325968807563,142748,1943,2092
A_TIME,10121,1012,T,303,S2,1.1538049980653278,0.03671566004512364,34200.0,1746.507,2095.0974547797814,142398,1132,1225
A_TIME,10121,1012,T,303,SEQ,1.1265623469771606,0.07359253943631201,34200.0,1774.023,2095.4993847059086,116860,2341,2341
B_GEN,20010,2001,H,101,M0,0.8969868872868552,0.1387723070790721,33600.0,2842.3425,128.3003940684721,20100,1222,1247
B_GEN,20010,2001,H,101,N0,0.9342211968418643,0.10924439728934364,33600.0,2770.68,82.60549107100815,20100,183,359
B_GEN,20010,2001,H,101,M1,1.1456922768857531,0.0007879083062313921,33660.0,2344.59,1586.6125048715621,158502,1066,1442
B_GEN,20010,2001,H,101,N1,0.9737265862166555,0.09283655000341319,33600.0,2695.8,1154.9697611173615,95838,834,834
B_GEN,20010,2001,H,202,M0,0.8937324949231139,0.14007249767161561,33600.0,2845.8900000000003,109.0686017088592,20100,479,717
B_GEN,20010,2001,H,202,N0,0.9655124652556228,0.09754742753791808,33630.0,2693.3100000000004,83.4900044221431,20100,284,356
B_GEN,20010,2001,H,202,M1,1.0375845767214058,0.06140525183988806,33600.0,2546.145,1479.3519998509437,154076,1150,1150
B_GEN,20010,2001,H,202,N1,0.9408724589918476,0.1187693780487552,33600.0,2743.575,863.7013484220952,81808,167,581
B_GEN,20010,2001,H,303,M0,0.856485191571441,0.1735352748767132,33630.0,2900.7,94.9746576519683,20100,336,416
B_GEN,20010,2001,H,303,N0,1.0142467243166486,0.07059839530054636,33600.0,2605.215,85.41391924303025,20100,356,536
B_GEN,20010,2001,H,303,M1,0.9881952589021206,0.0841074667633253,33630.0,2655.36,1886.2044482659549,178397,725,771
B_GEN,20010,2001,H,303,N1,1.0243074140924713,0.06114093991060701,33600.0,2576.79,1013.3685725405812,86235,899,899
B_GEN,20011,2001,T,101,M0,1.08228785552327,0.03302521079049178,33660.0,1808.763,130.07118697278202,20100,926,926
B_GEN,20011,2001,T,101,N0,1.1000088636170293,0.026795281214364475,33600.0,1781.415,91.50607787352055,20100,212,259
B_GEN,20011,2001,T,101,M1,1.0898593282540328,0.036606982518312514,33630.0,1770.195,2664.182312838733,162978,1899,2137
B_GEN,20011,2001,T,101,N1,1.0939516718274618,0.03875219016697891,33600.0,1771.9589999999998,969.2076270282269,75374,394,403
B_GEN,20011,2001,T,202,M0,0.982495842489721,0.060070045802265874,33600.0,2155.062,111.89410483464599,20100,213,562
B_GEN,20011,2001,T,202,N0,1.0906425694584088,0.03458129124381578,33600.0,1784.163,88.06183133367449,20100,161,167
B_GEN,20011,2001,T,202,M1,0.9887007342109692,0.06549022891415492,33660.0,2100.363,1798.0358207207173,115280,1173,1213
B_GEN,20011,2001,T,202,N1,1.1338864441339938,0.023992997704679924,33600.0,1659.567,949.1281796852127,76209,312,340
B_GEN,20011,2001,T,303,M0,1.0803035356672703,0.038484352657948695,33840.0,1787.097,111.59797043167055,20100,234,409
B_GEN,20011,2001,T,303,N0,1.1033188288062539,0.013050804006350615,33810.0,1788.123,94.68055656459183,20100,315,315
B_GEN,20011,2001,T,303,M1,1.1055330229956437,0.013690371535615944,33660.0,1785.951,4105.187862736173,209905,2953,2953
B_GEN,20011,2001,T,303,N1,1.1080178312650701,0.02781651279360574,33600.0,1738.059,963.4293287368491,75426,369,372
B_GEN,20020,2002,H,101,M0,0.8281713695519596,0.1708274306024366,36300.0,3304.7325,95.48167778924108,20100,268,759
B_GEN,20020,2002,H,101,N0,1.0226998273988654,0.0827905677125751,36300.0,3014.145,78.34905172139406,20100,162,217
B_GEN,20020,2002,H,101,M1,1.0854973504643295,0.06997411965836516,36330.0,2869.8375,1287.0657283561304,148931,295,338
B_GEN,20020,2002,H,101,N1,0.9789849739286813,0.08112348215870115,36180.0,3112.305,1280.8354883650318,101603,623,1237
B_GEN,20020,2002,H,202,M0,0.999648330298686,0.08186146731586677,36360.0,3023.7675,95.93125978391618,20100,189,297
B_GEN,20020,2002,H,202,N0,0.9297537309745628,0.10719463427627154,36330.0,3132.33,77.72132887411863,20100,134,380
B_GEN,20020,2002,H,202,M1,1.0754989353523847,0.026056131697255548,36210.0,2980.29,1543.5451351311058,166600,200,961
B_GEN,20020,2002,H,202,N1,1.0021002021322793,0.10738241780875787,36180.0,3026.9700000000003,935.8022698601708,85186,332,806
B_GEN,20020,2002,H,303,M0,0.8428448900245864,0.18538813145493369,36210.0,3259.0875000000005,91.84853255189955,20100,253,382
B_GEN,20020,2002,H,303,N0,0.8968785653363303,0.16923979248973273,36390.0,3134.91,76.66833220236003,20100,193,201
B_GEN,20020,2002,H,303,M1,1.106366304071191,0.008501130877998345,36240.0,2939.76,970.1835248870775,123813,578,578
B_GEN,20020,2002,H,303,N1,1.0047916219191146,0.05924691582152525,36180.0,3085.95,1321.5943167097867,105371,299,1248
B_GEN,20021,2002,T,101,M0,1.1347944171769997,0.012794062410492643,36510.0,1816.7669999999998,117.56599240191281,20100,349,378
B_GEN,20021,2002,T,101,N0,1.1277324177632335,0.02518886740692634,36480.0,1807.2629999999997,93.9506597565487,20100,94,123
B_GEN,20021,2002,T,101,M1,1.1411438562544753,0.013713794861228193,36390.0,1810.647,2431.1017055278644,176152,818,1479
B_GEN,20021,2002,T,101,N1,1.1274260451796265,0.031167054098502088,36180.0,1808.727,921.6213644584641,81731,480,624
B_GEN,20021,2002,T,202,M0,1.129075117417677,0.027024626039008237,36540.0,1816.3829999999998,118.94487399980426,20100,507,603
B_GEN,20021,2002,T,202,N0,1.1327197411064873,0.02149456199300477,36300.0,1815.687,97.25152889173478,20100,105,105
B_GEN,20021,2002,T,202,M1,1.1265405812234444,0.028244507073286622,36540.0,1801.2269999999996,2339.1900189481676,170903,736,1424
B_GEN,20021,2002,T,202,N1,1.143409225004921,0.014764564289780312,36180.0,1801.1909999999998,949.4820197224617,84941,658,668
B_GEN,20021,2002,T,303,M0,1.1208256813578295,0.03256397853342181,36360.0,1821.3389999999997,114.35131432954222,20100,312,350
B_GEN,20021,2002,T,303,N0,1.1258084390739258,0.033853189847292874,36240.0,1812.7109999999998,94.38719431683421,20100,128,138
B_GEN,20021,2002,T,303,M1,1.1434004961362283,0.011716173268818526,36270.0,1795.3229999999999,2100.115656257607,154904,687,1218
B_GEN,20021,2002,T,303,N1,1.1218030265531749,0.03985800402005231,36240.0,1808.9909999999998,842.7420266084373,79478,414,586
B_GEN,20030,2003,H,101,M0,0.9613729509020174,0.11827574454105387,32100.0,2935.5,110.60374720394611,20100,555,1098
B_GEN,20030,2003,H,101,N0,1.119602408562624,0.043147238765173124,32100.0,2579.205,95.11434969305992,20100,418,688
B_GEN,20030,2003,H,101,M1,1.147048644829836,0.01429477231031771,32100.0,2534.2425,1852.6812919219956,122445,2181,2193
B_GEN,20030,2003,H,101,N1,1.1573401297551036,0.015005138408850108,32100.0,2525.1375000000003,1439.4093436645344,105478,634,1978
B_GEN,20030,2003,H,202,M0,1.0300056560280144,0.060571581311088356,32130.0,2818.755,113.60304578393698,20100,967,985
B_GEN,20030,2003,H,202,N0,1.09735345213483,0.049870169429562614,32100.0,2631.1275,82.76348907966167,20100,130,523
B_GEN,20030,2003,H,202,M1,1.1321093374543203,0.027047310099274115,32100.0,2564.07,2129.9583060080186,184745,1263,1342
B_GEN,20030,2003,H,202,N1,1.08629287033276,0.05500008096978991,32100.0,2668.0575,1084.99780011829,91798,290,1037
B_GEN,20030,2003,H,303,M0,1.064623660927647,0.049629171934823926,32160.0,2712.33,96.10309885907918,20100,537,537
B_GEN,20030,2003,H,303,N0,1.0683756323262306,0.07546017164506949,32100.0,2649.315,85.94520958513021,20100,192,521
B_GEN,20030,2003,H,303,M1,1.1257693446801944,0.01165787747957531,32100.0,2612.0475,1294.1690920246765,123742,326,535
B_GEN,20030,2003,H,303,N1,1.0881800893799216,0.032929721138839026,32100.0,2701.545,1719.7365306103602,99344,3286,3286
B_GEN,20031,2003,T,101,M0,1.1054275520424257,0.03855724268124387,32100.0,1787.271,120.02028887532651,20100,304,484
B_GEN,20031,2003,T,101,N0,1.1193554848431686,0.029272689522303014,32100.0,1770.915,89.36104872263968,20100,107,107
B_GEN,20031,2003,T,101,M1,1.114725139279122,0.03502320677654844,32100.0,1777.8149999999998,2878.530487179756,181985,735,1471
B_GEN,20031,2003,T,101,N1,1.1318886303648612,0.032928821933015266,32100.0,1695.3269999999998,934.7113307081163,81992,486,486
B_GEN,20031,2003,T,202,M0,1.1110737088759923,0.031201411904088823,32100.0,1791.951,102.27328058425337,20100,178,342
B_GEN,20031,2003,T,202,N0,1.128755871133114,0.032724315354531894,32130.0,1716.051,93.25764677301049,20100,188,188
B_GEN,20031,2003,T,202,M1,1.125682303563198,0.016576921527606384,32130.0,1761.819,2930.5677990801632,180121,616,1850
B_GEN,20031,2003,T,202,N1,1.1224976589793916,0.025566171335872617,32100.0,1767.4589999999998,888.8000313211232,75034,437,461
B_GEN,20031,2003,T,303,M0,1.10459610566631,0.041873541054821745,32220.0,1776.879,113.41636184509844,20100,343,482
B_GEN,20031,2003,T,303,N0,1.1276612079065764,0.018972903406292724,32100.0,1758.747,92.24536724574864,20100,126,126
B_GEN,20031,2003,T,303,M1,1.1347660395544332,0.0037715402691852274,32220.0,1778.547,3043.1571007901803,177212,686,1338
B_GEN,20031,2003,T,303,N1,1.1365212910011553,0.02729292777566922,32100.0,1700.787,967.2052483828738,79309,500,526
B_GEN,20040,2004,H,101,M0,1.1500471607641165,0.025954888543234973,36000.0,3035.715,92.2482320535928,20100,226,362
B_GEN,20040,2004,H,101,N0,1.0758352555180435,0.06702851511353763,35850.0,3142.4399999999996,79.20476072002202,20100,134,197
B_GEN,20040,2004,H,101,M1,1.0732521003569448,0.028567249792114488,35970.0,3210.855,1026.1316626630723,124455,257,287
B_GEN,20040,2004,H,101,N1,1.0538630952271029,0.04468267988797482,35640.0,3253.4175,892.6473197974265,84716,654,654
B_GEN,20040,2004,H,202,M0,1.1001486224706896,0.044417596832818845,35910.0,3123.8399999999997,114.58467476814985,20100,439,541
B_GEN,20040,2004,H,202,N0,1.134262820532551,0.03882671605590054,35700.0,3070.6425,82.02935391291976,20100,233,280
B_GEN,20040,2004,H,202,M1,1.1181716660373469,0.03364927308576993,35910.0,3083.9025,959.7138545019552,121454,333,501
B_GEN,20040,2004,H,202,N1,1.0868831544937196,0.025331673998557097,35730.0,3198.6600000000003,773.445148861967,77475,753,884
B_GEN,20040,2004,H,303,M0,1.0161589439286065,0.054327137779886146,36180.0,3300.3,131.28641761280596,20100,612,1100
B_GEN,20040,2004,H,303,N0,1.139027343512932,0.02620310687649234,35850.0,3065.19,76.45857634209096,20100,191,219
B_GEN,20040,2004,H,303,M1,1.1226425336348247,0.011051425407606917,35700.0,3139.5225,1204.770829574205,131671,167,451
B_GEN,20040,2004,H,303,N1,1.1649555879500038,0.018898667257679018,35640.0,3039.78,937.8503073034808,94676,339,565
B_GEN,20041,2004,T,101,M0,1.079404012985754,0.02295386999524722,36000.0,1819.647,110.26398225780576,20100,340,424
B_GEN,20041,2004,T,101,N0,1.0733983938028149,0.03163095901036706,36000.0,1822.023,93.61302557960153,20100,129,141
B_GEN,20041,2004,T,101,M1,1.0885447756353674,0.012613017178664658,36000.0,1825.839,2438.9456309909,174857,1251,1801
B_GEN,20041,2004,T,101,N1,1.0670597045978778,0.03963907640043392,35820.0,1819.5749999999998,875.0166865279898,80202,594,594
B_GEN,20041,2004,T,202,M0,1.070970880200349,0.03162028600894509,35910.0,1824.1109999999999,110.64441856835037,20100,247,385
B_GEN,20041,2004,T,202,N0,1.0638721558097286,0.03606732454813916,35730.0,1815.4709999999998,94.55689070466906,20100,92,130
B_GEN,20041,2004,T,202,M1,1.1007508752394215,0.008760487754324298,35910.0,1813.9589999999998,2661.852946246974,175368,1178,1856
B_GEN,20041,2004,T,202,N1,1.084680198505398,0.018939382987583978,35670.0,1811.655,1058.0887998407707,88185,658,895
B_GEN,20041,2004,T,303,M0,1.0206857369641529,0.02710066665967926,36210.0,2046.6989999999996,106.42834202386439,20100,442,446
B_GEN,20041,2004,T,303,N0,1.0686031123495228,0.03501531475909845,35700.0,1820.9429999999998,96.09204032551497,20100,132,132
B_GEN,20041,2004,T,303,M1,1.0769664995156614,0.024388640692267247,36210.0,1826.415,2917.473539855331,204727,1972,1972
B_GEN,20041,2004,T,303,N1,1.0562841386475124,0.04578977196315213,35640.0,1818.783,908.302572697401,86688,314,454
B_GEN,20050,2005,H,101,M0,1.0162824616116177,0.06961887457408691,31110.0,2745.7050000000004,83.81616119015962,20100,247,398
B_GEN,20050,2005,H,101,N0,0.9531764621860209,0.1201981596385746,31020.0,2877.555,104.6897003352642,20100,222,754
B_GEN,20050,2005,H,101,M1,1.1362014030238643,0.03509014534386464,31080.0,2422.7775,1635.6776854647323,156956,263,733
B_GEN,20050,2005,H,101,N1,1.1276817311557303,0.006523666410183039,31020.0,2536.695,1641.4824021104723,111388,308,2009
B_GEN,20050,2005,H,202,M0,0.9683801561569594,0.10707022823773676,31110.0,2826.315,104.67941377311945,20100,308,686
B_GEN,20050,2005,H,202,N0,0.9932163804267248,0.08834453769272015,31020.0,2797.5,81.60808613989502,20100,204,386
B_GEN,20050,2005,H,202,M1,1.1263180140967755,0.029746759830364875,31020.0,2457.84,1613.7805644990876,127915,285,791
B_GEN,20050,2005,H,202,N1,1.1056278668630994,0.020883631850212914,31020.0,2575.365,1159.4140076981857,93377,504,848
B_GEN,20050,2005,H,303,M0,0.9851313648595565,0.09248861867951229,31080.0,2800.4625,103.73488915339112,20100,256,496
B_GEN,20050,2005,H,303,N0,1.0284048350749049,0.06348457427792045,31020.0,2728.365,86.05581324826926,20100,129,643
B_GEN,20050,2005,H,303,M1,1.10204307796423,0.033100639987378805,31020.0,2547.19,1442.6191441742703,132493,364,728
B_GEN,20050,2005,H,303,N1,1.0369850206641527,0.06922924627989442,31020.0,2699.6549999999997,1212.8154508192092,101069,313,585
B_GEN,20051,2005,T,101,M0,1.1336182618572581,0.014910906727962386,31140.0,1776.1829999999998,112.481235451065,20100,396,643
B_GEN,20051,2005,T,101,N0,1.138615769970199,0.032302572156838655,31020.0,1707.831,99.23193546850234,20100,291,319
B_GEN,20051,2005,T,101,M1,1.1435557377040253,0.007961607952847333,31050.0,1770.0089999999998,5062.408270873129,157699,1823,3725
B_GEN,20051,2005,T,101,N1,1.155261747617961,0.018889675918270572,31020.0,1699.179,1344.6776686506346,84046,605,1451
B_GEN,20051,2005,T,202,M0,1.128438658904084,0.02632993754313634,31080.0,1779.0149999999999,124.71865994203836,20100,725,734
B_GEN,20051,2005,T,202,N0,1.1422607704244165,0.014984466640023364,31080.0,1753.023,92.07359632104635,20100,81,102
B_GEN,20051,2005,T,202,M1,1.160298945344671,0.004057661115103266,31020.0,1727.895,2916.800359749235,133140,1672,1672
B_GEN,20051,2005,T,202,N1,1.1465156827427234,0.017406936981683337,31050.0,1742.4989999999998,1061.5106170894578,75549,479,544
B_GEN,20051,2005,T,303,M0,1.1338022424926308,0.01734414554877987,31260.0,1775.3489999999997,116.34947802498937,20100,929,958
B_GEN,20051,2005,T,303,N0,1.1054021806719574,0.0351229501177945,31020.0,1838.385,88.78680946771055,20100,196,234
B_GEN,20051,2005,T,303,M1,1.1421377019610768,0.018069629659431284,31050.0,1748.031,3708.010666056536,168434,779,2113
B_GEN,20051,2005,T,303,N1,1.1139771990927478,0.031114978131270257,31020.0,1817.9129999999998,1038.1934846900403,78659,408,436
B_GEN,20060,2006,H,101,M0,0.9673040990123871,0.0853961767334565,32970.0,2759.745,133.54428645409644,20100,371,1072
B_GEN,20060,2006,H,101,N0,0.9084694614161368,0.12712178167344987,32940.0,2832.42,101.68087248317897,20100,485,588
B_GEN,20060,2006,H,101,M1,1.0292639589261805,0.038644466436794256,32940.0,2706.285,1420.0711189154536,115348,243,912
B_GEN,20060,2006,H,101,N1,1.040349613952126,0.05298756922215784,32940.0,2608.665,766.8788686590269,80787,257,552
B_GEN,20060,2006,H,202,M0,0.7470478061181788,0.2338458153085486,32940.0,2982.2175,82.68385332636535,20100,92,500
B_GEN,20060,2006,H,202,N0,0.9632255006067961,0.09143414030251648,32940.0,2753.94,80.62238802202046,20100,281,288
B_GEN,20060,2006,H,202,M1,1.0368661596083022,0.04686183672147192,32940.0,2684.34,1681.5391188431531,155768,639,1124
B_GEN,20060,2006,H,202,N1,0.943520568295949,0.09182506161642813,32940.0,2772.945,1708.500756517984,138069,1421,1421
B_GEN,20060,2006,H,303,M0,0.8976939001297288,0.1169025901938107,32940.0,2851.3425,115.40595976356417,20100,792,1232
B_GEN,20060,2006,H,303,N0,1.0497159043354536,0.02343824497795749,33060.0,2657.295,80.91991995181888,20100,61,246
B_GEN,20060,2006,H,303,M1,1.0224280148874294,0.06504560499375292,32940.0,2689.275,1752.580116290599,134498,687,887
B_GEN,20060,2006,H,303,N1,1.0340323171242047,0.06499550547277022,32940.0,2670.195,871.5706701893359,81388,334,728
B_GEN,20061,2006,T,101,M0,1.1363425454518865,0.02597040984347778,33030.0,1798.5629999999999,105.19365218654275,20100,368,406
B_GEN,20061,2006,T,101,N0,1.132650594763309,0.03408118735239338,32940.0,1786.599,94.32876691687852,20100,119,251
B_GEN,20061,2006,T,101,M1,1.1287947953664685,0.020396387645870866,33060.0,1810.167,2297.8937935922295,143571,1140,1234
B_GEN,20061,2006,T,101,N1,1.1511298742170613,0.016123055415800523,32940.0,1763.511,979.0152320805937,74035,663,748
B_GEN,20061,2006,T,202,M0,1.1379292794187659,0.021111728721886804,33000.0,1785.627,114.48607416637242,20100,587,615
B_GEN,20061,2006,T,202,N0,1.1179596948355837,0.021530568374666225,32970.0,1869.9989999999998,90.30594711657614,20100,154,221
B_GEN,20061,2006,T,202,M1,1.1507369453100713,0.0034442046373784757,32940.0,1781.1989999999998,2945.046964720823,154297,1405,2008
B_GEN,20061,2006,T,202,N1,1.1680819764042885,0.012151771198022965,32940.0,1673.3069999999998,1037.957609497942,78464,1158,1158
B_GEN,20061,2006,T,303,M0,1.1130331614311895,0.022319660267323075,33150.0,1854.2069999999999,111.4526087148115,20100,238,664
B_GEN,20061,2006,T,303,N0,1.1332832805499962,0.037824999806274136,33000.0,1790.571,91.81612347159535,20100,70,156
B_GEN,20061,2006,T,303,M1,1.1409302654916986,0.014520588244258302,33060.0,1788.2789999999998,4208.8252637162805,197785,948,3331
B_GEN,20061,2006,T,303,N1,1.1603583831669966,0.017355269188672383,32940.0,1724.0189999999998,785.7790629472584,69945,247,496
B_GEN,20070,2007,H,101,M0,0.9594936359306439,0.13329994535120807,33240.0,2945.985,102.76692427042872,20100,54,653
B_GEN,20070,2007,H,101,N0,1.0309477193729166,0.0957283987447068,33240.0,2768.43,86.24916559644043,20100,496,498
B_GEN,20070,2007,H,101,M1,1.153511930096577,0.01612672383719861,33240.0,2502.45,1869.8856976553798,146249,1101,2240
B_GEN,20070,2007,H,101,N1,1.0179969395717425,0.0904113557956831,33240.0,2834.5950000000003,1306.4703519474715,110156,75,445
B_GEN,20070,2007,H,202,M0,0.9764070496255539,0.11890270783467871,33240.0,2915.3925,100.76730621233582,20100,1013,1013
B_GEN,20070,2007,H,202,N0,1.0657455740329755,0.06767099504059751,33240.0,2698.815,78.26721787359565,20100,191,295
B_GEN,20070,2007,H,202,M1,1.0605376777227171,0.054465639682228596,33240.0,2759.625,1481.9188360674307,122304,306,853
B_GEN,20070,2007,H,202,N1,1.1143702402486853,0.02625569996148335,33240.0,2634.9900000000002,1255.0818490916863,94110,473,618
B_GEN,20070,2007,H,303,M0,1.0920704126511216,0.03973422402462661,33240.0,2675.8275,133.46121991984546,20100,562,785
B_GEN,20070,2007,H,303,N0,0.9938304122457664,0.11674963670651023,33240.0,2846.94,80.61849444452673,20100,205,286
B_GEN,20070,2007,H,303,M1,1.124487682282958,0.03188516516558507,33240.0,2580.495,1370.9305133866146,131701,655,801
B_GEN,20070,2007,H,303,N1,1.0532609616787767,0.06518985032179983,33240.0,2764.9275,1528.7358169956133,105794,1860,1860
B_GEN,20071,2007,T,101,M0,1.1162048043693502,0.049985627042441985,33240.0,1779.555,114.07950137741864,20100,606,607
B_GEN,20071,2007,T,101,N0,1.1352482006664586,0.024850737918615574,33240.0,1774.839,97.97076608426869,20100,277,279
B_GEN,20071,2007,T,101,M1,1.155691524372428,0.00611892314726327,33240.0,1735.0949999999998,3341.8735042652115,152904,1528,2015
B_GEN,20071,2007,T,101,N1,1.147449915959581,0.008535747276299339,33240.0,1768.215,933.9399146689102,67951,435,465
B_GEN,20071,2007,T,202,M0,1.139079639404204,0.015940200665160022,33330.0,1756.5149999999999,126.30140102468431,20100,689,725
B_GEN,20071,2007,T,202,N0,1.1146745140101186,0.05840105586842228,33240.0,1778.379,96.8799147484824,20100,248,248
B_GEN,20071,2007,T,202,M1,1.108157124126239,0.02432055056179489,33240.0,1873.629,2532.573721187189,127280,1537,1537
B_GEN,20071,2007,T,202,N1,1.1332215081865837,0.03136230835917107,33240.0,1770.831,993.0087014213204,68053,384,418
B_GEN,20071,2007,T,303,M0,1.0762037756624567,0.0439821548592069,33240.0,1930.821,130.4012116799131,20100,744,941
B_GEN,20071,2007,T,303,N0,1.1312681813379983,0.029488839545010335,33240.0,1778.511,91.40001092664897,20100,134,143
B_GEN,20071,2007,T,303,M1,1.1559095635164103,0.0077104107324147755,33240.0,1714.983,3004.1848155399784,143682,1431,1763
B_GEN,20071,2007,T,303,N1,1.1399249809112244,0.024413975000315394,33240.0,1769.7749999999999,1034.5928815100342,74484,222,439
B_GEN,20080,2008,H,101,M0,1.0105046570005762,0.0635342448409561,33780.0,3157.2300000000005,102.24784502014518,20100,55,733
B_GEN,20080,2008,H,101,N0,1.132146874718088,0.04099110307507269,33660.0,2888.64,78.59996316116303,20100,169,390
B_GEN,20080,2008,H,101,M1,1.1381580557286926,0.029022984259947614,33600.0,2906.655,2596.324160799384,196185,2592,2592
B_GEN,20080,2008,H,101,N1,1.1343770893547434,0.012163162039719545,33600.0,2942.1375000000003,1195.3860587105155,107429,538,833
B_GEN,20080,2008,H,202,M0,1.0295561422712822,0.05349900681983418,33690.0,3134.8650000000002,92.19662542827427,20100,189,487
B_GEN,20080,2008,H,202,N0,1.0376774518972418,0.10353257106927474,33810.0,3017.685,79.15975607838482,20100,204,215
B_GEN,20080,2008,H,202,M1,1.1192975559675753,0.05499113516265333,33780.0,2848.7850000000003,985.1040961891413,140920,265,320
B_GEN,20080,2008,H,202,N1,1.1216138233448634,0.018909011111574527,33600.0,2966.13,854.4405247140676,92901,372,770
B_GEN,20080,2008,H,303,M0,1.0409162179466886,0.07229380002684693,33960.0,3053.325,105.03493971563876,20100,483,692
B_GEN,20080,2008,H,303,N0,1.023289737255675,0.06574720168079574,33600.0,3156.9300000000003,94.56353620253503,20100,602,627
B_GEN,20080,2008,H,303,M1,1.1569945293775847,0.006482237504129176,33660.0,2886.2625,1689.3538269689307,153895,2218,2218
B_GEN,20080,2008,H,303,N1,1.1068060235289483,0.0356261606401302,33600.0,2936.175,1018.122132210061,115741,477,1043
B_GEN,20081,2008,T,101,M0,1.0473971628602874,0.05138488669152501,33780.0,1808.2709999999997,106.44122430961579,20100,375,375
B_GEN,20081,2008,T,101,N0,1.064850556892174,0.03412300677068164,33660.0,1801.0709999999997,93.13896993361413,20100,105,158
B_GEN,20081,2008,T,101,M1,1.059561173538321,0.047277665127033394,33780.0,1801.7909999999997,3456.0983953997493,213626,1418,1718
B_GEN,20081,2008,T,101,N1,1.0863784880667093,0.02710036323065656,33600.0,1798.2389999999998,974.7167350398377,83675,892,1055
B_GEN,20081,2008,T,202,M0,1.0727567261234694,0.028708067838229618,34020.0,1807.8149999999998,101.83720057737082,20100,324,326
B_GEN,20081,2008,T,202,N0,1.046823396610907,0.044922715721711845,33780.0,1810.575,93.4186727842316,20100,73,94
B_GEN,20081,2008,T,202,M1,1.0669937284768911,0.03064896713819433,33810.0,1806.279,2797.8732030140236,186980,1567,2388
B_GEN,20081,2008,T,202,N1,1.0663254603819898,0.040428212112219815,33600.0,1801.047,1268.3464544070885,112500,921,1017
B_GEN,20081,2008,T,303,M0,1.0750667876282312,0.021724357606994215,34140.0,1804.6949999999997,123.40934707596898,20100,448,489
B_GEN,20081,2008,T,303,N0,1.0269298174992014,0.06250350066356895,34140.0,1814.031,94.56999430246651,20100,113,184
B_GEN,20081,2008,T,303,M1,1.0786320587741558,0.021007253163894228,33810.0,1803.447,4134.002420433797,195414,1248,3454
B_GEN,20081,2008,T,303,N1,1.0683131296487212,0.04362218600137815,33600.0,1803.579,1126.121626057662,102040,1240,1288
B_GEN,20090,2009,H,101,M0,1.0879956655229919,0.06954819213866201,33690.0,2784.3075,87.77930346410722,20100,358,384
B_GEN,20090,2009,H,101,N0,1.1083709137596285,0.048003202731790914,33660.0,2775.045,80.68646155297756,20100,46,377
B_GEN,20090,2009,H,101,M1,1.1773272692180026,0.015868812494873853,33660.0,2615.7075,1514.1779602924362,160353,570,1200
B_GEN,20090,2009,H,101,N1,1.107148038932722,0.05432373394519695,33660.0,2768.07,1161.1495132809505,96850,712,712
B_GEN,20090,2009,H,202,M0,1.0748905431645452,0.07316892525262332,33660.0,2828.7149999999997,90.78232348244637,20100,178,343
B_GEN,20090,2009,H,202,N0,1.1162943175048936,0.049353044934293884,33660.0,2749.32,106.32042127568275,20100,219,1080
B_GEN,20090,2009,H,202,M1,1.1535094013745597,0.0129646364126361,33660.0,2697.705,1691.069958393462,131407,911,1166
B_GEN,20090,2009,H,202,N1,1.112528877790836,0.06703413313068562,33660.0,2718.3825,1039.5369761930779,96845,235,493
B_GEN,20090,2009,H,303,M0,1.1240684503063887,0.03876944709791049,33660.0,2737.92,105.19841403421015,20100,502,835
B_GEN,20090,2009,H,303,N0,1.0810792827065145,0.08483146759098024,33720.0,2770.065,91.0893279965967,20100,180,499
B_GEN,20090,2009,H,303,M1,1.1490554064806167,0.03204121115051296,33660.0,2677.905,1027.6129057155922,114240,362,722
B_GEN,20090,2009,H,303,N1,1.0591862768414622,0.09539041735837124,33660.0,2850.48,1927.221930171363,98387,772,2947
B_GEN,20091,2009,T,101,M0,1.1168029374595012,0.033835813091426865,33690.0,1818.7469999999998,121.78864561673254,20100,543,671
B_GEN,20091,2009,T,101,N0,1.112848931982575,0.052031411284995534,33690.0,1811.619,91.98017395101488,20100,147,150
B_GEN,20091,2009,T,101,M1,1.1277353909949661,0.03637909604494506,33660.0,1790.391,1871.0602366346866,148697,430,865
B_GEN,20091,2009,T,101,N1,1.1252502864582266,0.047092545442712054,33660.0,1786.203,905.0477055255324,78403,295,550
B_GEN,20091,2009,T,202,M0,1.1205694987084855,0.0317223406522919,33660.0,1821.243,123.48951373901218,20100,354,672
B_GEN,20091,2009,T,202,N0,1.1358343387671663,0.02264275102778767,33660.0,1804.635,93.24666192941368,20100,146,214
B_GEN,20091,2009,T,202,M1,1.0871145277311747,0.04359705429045034,33660.0,1945.6349999999998,2328.4493807358667,184814,650,731
B_GEN,20091,2009,T,202,N1,1.1306454626555373,0.028898541584171305,33660.0,1787.475,1047.7227650191635,81012,838,1052
B_GEN,20091,2009,T,303,M0,1.1005442443673974,0.021253631283594577,34140.0,1847.8949999999998,102.40484186913818,20100,315,360
B_GEN,20091,2009,T,303,N0,1.1424164027591805,0.012912941549794282,33720.0,1814.8349999999998,92.27259624004364,20100,234,251
B_GEN,20091,2009,T,303,M1,1.1234529510152016,0.03142998994774103,33720.0,1815.339,2065.6310362266377,182896,362,701
B_GEN,20091,2009,T,303,N1,1.1299317970359615,0.029664493394568538,33660.0,1802.643,1067.1342191845179,84165,541,709
B_GEN,20100,2010,H,101,M0,0.9891432512721138,0.04499627811517376,37140.0,3057.0075,89.37490883190185,20100,350,626
B_GEN,20100,2010,H,101,N0,0.9672187895438392,0.11029694430716053,37110.0,2922.6525,82.04222136642784,20100,187,248
B_GEN,20100,2010,H,101,M1,1.0838228538690478,0.011640949133011539,37080.0,2697.5475,1392.9274340961128,167939,802,802
B_GEN,20100,2010,H,101,N1,0.9846929471812458,0.059722803523791015,37080.0,3064.02,1122.2051018355414,95152,417,1017
B_GEN,20100,2010,H,202,M0,0.9517606952755164,0.09282999936770132,37140.0,3089.5875,100.5988980550319,20100,361,579
B_GEN,20100,2010,H,202,N0,0.9574842625151442,0.08107290230840097,37140.0,3087.7425000000003,78.40786598529667,20100,116,211
B_GEN,20100,2010,H,202,M1,0.9965004742852475,0.06980087806354945,37110.0,2956.5825,1275.8835739456117,126944,344,746
B_GEN,20100,2010,H,202,N1,1.0483053038671972,0.014888211134704872,37080.0,2938.5225,705.1717364126816,80389,115,301
B_GEN,20100,2010,H,303,M0,0.8870361023137907,0.11768693079035464,37080.0,3270.9,101.1581966727972,20100,529,726
B_GEN,20100,2010,H,303,N0,0.9298802813068309,0.10352162686855562,37080.0,3154.605,80.88872357644141,20100,472,499
B_GEN,20100,2010,H,303,M1,1.0306967668017928,0.03641606570614297,37080.0,2912.7675000000004,1137.194213709794,147154,168,221
B_GEN,20100,2010,H,303,N1,1.050603460579764,0.051597550394415506,37080.0,2819.07,793.9587870556861,86820,293,326
B_GEN,20101,2010,T,101,M0,1.085329857325507,0.027922550523746134,37140.0,1799.283,107.2314292024821,20100,433,488
B_GEN,20101,2010,T,101,N0,1.076734276030177,0.03416338348112874,37140.0,1800.1350000000002,89.52523200307041,20100,158,166
B_GEN,20101,2010,T,101,M1,1.0949136890346471,0.02006636527087339,37170.0,1783.827,3039.0346960276365,205128,1191,1453
B_GEN,20101,2010,T,101,N1,1.0818497378497893,0.034137988128019804,37080.0,1790.7150000000001,1043.9290342330933,87280,737,794
B_GEN,20101,2010,T,202,M0,1.0158121020951183,0.04569319672299549,37200.0,2113.089,112.47726471442729,20100,573,573
B_GEN,20101,2010,T,202,N0,1.064843664249736,0.04997037670472965,37110.0,1792.1429999999998,92.97695337794721,20100,147,169
B_GEN,20101,2010,T,202,M1,1.0718682831887045,0.02999974776863056,37110.0,1866.1109999999999,3706.7814127365127,195460,2216,2344
B_GEN,20101,2010,T,202,N1,1.0657312595931117,0.048182078355795625,37080.0,1788.807,917.1060279943049,81861,635,644
B_GEN,20101,2010,T,303,M0,1.0946402705800065,0.017397952256724372,37200.0,1801.5029999999997,135.8113230895251,20100,392,738
B_GEN,20101,2010,T,303,N0,1.106428756219229,0.01177228917986668,37080.0,1793.1509999999998,91.33185721654445,20100,167,169
B_GEN,20101,2010,T,303,M1,1.0974571762560799,0.015100661200805466,37140.0,1793.2710000000002,2368.699788255617,159653,1465,1936
B_GEN,20101,2010,T,303,N1,1.0756563402200456,0.0396633322692121,37080.0,1791.231,959.9063526196405,83409,583,702
B_GEN,20110,2011,H,101,M0,0.9801817261020803,0.04866682964684853,34140.0,2886.6150000000002,97.21923003531992,20100,123,431
B_GEN,20110,2011,H,101,N0,0.9214254444321462,0.08509641566492673,33900.0,3003.6675,76.78773184120655,20100,131,217
B_GEN,20110,2011,H,101,M1,0.9820858507873504,0.037582846344726056,33840.0,2940.9674999999997,1390.4057153267786,131545,1248,1248
B_GEN,20110,2011,H,101,N1,0.9587743796283924,0.05951787643362224,33720.0,2981.895,749.2586737833917,79350,173,415
B_GEN,20110,2011,H,202,M0,0.9611336738767778,0.04542390999594798,34110.0,2930.775,96.94848256092519,20100,302,437
B_GEN,20110,2011,H,202,N0,0.9408666701736464,0.060254785956825624,33810.0,3027.4350000000004,83.46668512839824,20100,216,294
B_GEN,20110,2011,H,202,M1,1.0735332558690676,0.009698863695771972,33870.0,2627.6775000000002,1516.5421699620783,189458,344,580
B_GEN,20110,2011,H,202,N1,0.9863212980612883,0.054929924152269154,33720.0,2869.2525,826.9071008814499,92633,76,348
B_GEN,20110,2011,H,303,M0,0.9052481379042933,0.08283964772516215,33900.0,3087.8250000000003,104.81212269887328,20100,242,547
B_GEN,20110,2011,H,303,N0,0.8732725782224353,0.10839703915427784,33840.0,3139.6650000000004,79.39212063886225,20100,258,258
B_GEN,20110,2011,H,303,M1,1.0007664540524672,0.03335449489503541,33840.0,2875.59,1121.450714001432,135680,309,369
B_GEN,20110,2011,H,303,N1,0.9019661087864217,0.0928876316827346,33720.0,3084.855,738.8950403751805,78886,107,158
B_GEN,20111,2011,T,101,M0,1.071819372749924,0.03357511211257014,34080.0,1805.871,117.89083221554756,20100,207,563
B_GEN,20111,2011,T,101,N0,1.0563400769565083,0.05050920663190927,33960.0,1809.927,94.75534989032894,20100,185,186
B_GEN,20111,2011,T,101,M1,1.0985096560031302,0.012780776489758982,33840.0,1797.879,2613.8301643459126,165906,2024,2039
B_GEN,20111,2011,T,101,N1,1.0644351354676542,0.04787115365689781,33720.0,1794.0389999999998,868.7342607863247,76974,468,535
B_GEN,20111,2011,T,202,M0,1.0639793395368358,0.03656168293155982,34380.0,1810.9349999999997,115.70548320375383,20100,342,405
B_GEN,20111,2011,T,202,N0,1.0623482180438784,0.045324758461741534,33870.0,1812.0149999999999,92.69859822746366,20100,121,129
B_GEN,20111,2011,T,202,M1,1.0514342055952386,0.026644649303307722,33780.0,1925.3069999999998,2377.546826126054,165166,605,1191
B_GEN,20111,2011,T,202,N1,1.0563256074101357,0.050614281906951206,33720.0,1804.5389999999998,872.2548156762496,73406,535,561
B_GEN,20111,2011,T,303,M0,1.072798752079448,0.03819081840784239,33960.0,1802.2709999999997,117.9972379738465,20100,411,498
B_GEN,20111,2011,T,303,N0,1.083290135869749,0.029861005159434396,33750.0,1807.8269999999998,93.69898819830269,20100,155,157
B_GEN,20111,2011,T,303,M1,1.0767418655495289,0.025544971846593264,33960.0,1807.6950000000002,1780.7435913691297,164630,590,886
B_GEN,20111,2011,T,303,N1,1.074782189374,0.039022899916959675,33720.0,1794.495,910.1248373799026,81216,582,593
B_GEN,20120,2012,H,101,M0,0.9397232080809037,0.12359017134976544,35460.0,3015.525,115.17853942885995,20100,169,718
B_GEN,20120,2012,H,101,N0,0.9708152623887067,0.11492978235160067,35400.0,2972.8725,83.73504978977144,20100,218,333
B_GEN,20120,2012,H,101,M1,1.1795953432901771,0.00045495905368516835,35400.0,2627.2200000000003,1487.4613506598398,129423,449,740
B_GEN,20120,2012,H,101,N1,1.0550342875919332,0.06866864103847899,35400.0,2767.8450000000003,1526.5382564775646,96637,2857,2857
B_GEN,20120,2012,H,202,M0,0.9200660840002324,0.14095799507283904,35430.0,3031.5299999999997,83.8443743782118,20100,277,278
B_GEN,20120,2012,H,202,N0,1.0498460369608238,0.07196054565083862,35400.0,2833.425,78.74162055365741,20100,189,283
B_GEN,20120,2012,H,202,M1,1.0650973449731358,0.07059836693897006,35400.0,2794.62,1444.2511134957895,132264,290,878
B_GEN,20120,2012,H,202,N1,1.1171471184839625,0.03299207661564957,35400.0,2727.4575000000004,1167.4856430301443,99899,1345,1369
B_GEN,20120,2012,H,303,M0,0.9180347773744164,0.1449286448473694,35460.0,3052.2000000000003,84.48932813573629,20100,526,526
B_GEN,20120,2012,H,303,N0,0.9795224508061686,0.11245887249518292,35400.0,2961.63,88.92055321391672,20100,649,649
B_GEN,20120,2012,H,303,M1,1.0839429927569681,0.05655681409240851,35400.0,2762.025,1457.077983111143,124247,663,775
B_GEN,20120,2012,H,303,N1,1.0554153654177496,0.06974871810833223,35400.0,2830.71,1191.329228331335,102876,569,961
B_GEN,20121,2012,T,101,M0,1.094181881135461,0.044426687726499804,35460.0,1810.7909999999997,116.96476694382727,20100,415,469
B_GEN,20121,2012,T,101,N0,1.1134635156401973,0.04697240747099069,35400.0,1766.4209999999998,94.56580210477114,20100,148,164
B_GEN,20121,2012,T,101,M1,1.1307861960121233,0.014836502510528852,35460.0,1801.107,2373.9646142609417,142327,1802,1915
B_GEN,20121,2012,T,101,N1,1.1204447300842593,0.04247180441566709,35400.0,1792.0949999999998,1094.2953987997025,78705,1059,1363
B_GEN,20121,2012,T,202,M0,1.133822265202318,0.01297510187657391,35400.0,1802.067,110.27151258569211,20100,631,665
B_GEN,20121,2012,T,202,N0,1.1163771224865424,0.02602420469204875,35430.0,1810.647,90.51774607598782,20100,138,148
B_GEN,20121,2012,T,202,M1,1.1297783797188905,0.018745759276803938,35400.0,1804.9589999999998,2296.749129023403,152384,931,944
B_GEN,20121,2012,T,202,N1,1.127290672700713,0.03215741881264716,35400.0,1790.415,937.3185623977333,77955,648,759
B_GEN,20121,2012,T,303,M0,1.1114479074008523,0.02723523237335583,35460.0,1785.3029999999997,118.71462777070701,20100,334,422
B_GEN,20121,2012,T,303,N0,1.1022770359462497,0.05264863225304849,35430.0,1808.2709999999997,93.26078325882554,20100,106,125
B_GEN,20121,2012,T,303,M1,1.136682217661938,0.006579798344531778,35460.0,1793.8949999999998,4238.085455151275,201234,1845,2488
B_GEN,20121,2012,T,303,N1,1.1348770423564971,0.027172713693056495,35400.0,1723.047,1059.4150887103751,84602,445,747
B_GEN,20130,2013,H,101,M0,0.915132904242671,0.12386914856981042,34860.0,2981.025,99.94995458517224,20100,217,543
B_GEN,20130,2013,H,101,N0,0.8484391580250844,0.1806259645725715,34680.0,3080.0099999999998,91.33004593849182,20100,572,613
B_GEN,20130,2013,H,101,M1,1.117894600675388,0.020673497857520824,34710.0,2644.5,1210.360881144181,134401,237,662
B_GEN,20130,2013,H,101,N1,1.0103956584171323,0.08404576341773502,34680.0,2831.445,1093.3434566520154,94546,925,925
B_GEN,20130,2013,H,202,M0,0.7734558293064221,0.24374001078690102,34740.0,3177.57,107.70318775996566,20100,796,796
B_GEN,20130,2013,H,202,N0,1.0268473858311533,0.06730956181923588,34740.0,2795.3700000000003,79.87639978714287,20100,145,273
B_GEN,20130,2013,H,202,M1,1.0825279511164951,0.02762676817773443,34710.0,2731.3050000000003,1537.1473958296701,134309,2631,2631
B_GEN,20130,2013,H,202,N1,1.0132590252020097,0.06340942140537358,34680.0,2872.4550000000004,981.0313766943291,92939,121,739
B_GEN,20130,2013,H,303,M0,0.8608656442643376,0.1720531107860091,34710.0,3070.2675000000004,98.24080445058644,20100,188,417
B_GEN,20130,2013,H,303,N0,0.968187713485319,0.08994597743291738,34740.0,2924.295,100.68819932453334,20100,269,601
B_GEN,20130,2013,H,303,M1,1.0876636048633304,0.020683982812095415,34830.0,2745.495,1438.1152448216453,154749,642,650
B_GEN,20130,2013,H,303,N1,1.0677264869998517,0.026237355122644003,34680.0,2799.4800000000005,1074.9889261117205,89208,1239,1644
B_GEN,20131,2013,T,101,M0,1.12898500841428,0.03226625268340364,34920.0,1802.163,110.11677371896803,20100,411,462
B_GEN,20131,2013,T,101,N0,1.1461340149108385,0.00836026571269841,34680.0,1798.8029999999999,91.53966745268553,20100,135,144
B_GEN,20131,2013,T,101,M1,1.1462175510634731,0.011435216124133762,34830.0,1790.7749999999999,2126.3410333422944,152388,681,802
B_GEN,20131,2013,T,101,N1,1.1527517716172748,0.009626471289631084,34680.0,1786.8749999999998,921.7501259818673,77830,738,850
B_GEN,20131,2013,T,202,M0,1.063599851775534,0.04228245216902507,34860.0,2030.4209999999998,119.04132717754692,20100,540,627
B_GEN,20131,2013,T,202,N0,1.127549947271592,0.03332670866325987,34830.0,1796.955,93.60604388825595,20100,132,138
B_GEN,20131,2013,T,202,M1,1.0771210626388577,0.02342599956014354,34680.0,2021.6309999999996,2080.987376768142,164668,583,658
B_GEN,20131,2013,T,202,N1,1.1262787912876628,0.0293030448952159,34680.0,1799.1149999999998,892.8464977666736,76940,625,817
B_GEN,20131,2013,T,303,M0,1.131024561381433,0.02249313039516692,35040.0,1800.495,116.2776047596708,20100,394,738
B_GEN,20131,2013,T,303,N0,1.1235161051322946,0.035937105936611174,34740.0,1800.5429999999997,91.1151680201292,20100,83,117
B_GEN,20131,2013,T,303,M1,1.124910210686164,0.028618413881649433,34980.0,1781.5589999999997,2839.7660473054275,210050,1007,2112
B_GEN,20131,2013,T,303,N1,1.109670846810979,0.05601471079755874,34680.0,1794.9989999999998,884.9069725442678,82652,723,723
B_GEN,20140,2014,H,101,M0,1.024711332263824,0.0969934981465229,39810.0,3213.1050000000005,102.65596275683492,20100,447,598
B_GEN,20140,2014,H,101,N0,1.0766363216140526,0.05247050770829539,39690.0,3158.265,77.10657682083547,20100,270,270
B_GEN,20140,2014,H,101,M1,1.096374541153438,0.04039697649293118,39660.0,3127.8150000000005,1264.3703927136958,151411,315,670
B_GEN,20140,2014,H,101,N1,1.1638761907351518,0.02140844042282196,39660.0,3001.71,1056.2055305903777,92381,856,875
B_GEN,20140,2014,H,202,M0,1.0623864190481371,0.06132744855715706,39840.0,3172.965,90.32862705737352,20100,249,380
B_GEN,20140,2014,H,202,N0,1.0438149568117763,0.12564217432207048,39720.0,3137.34,79.17286573443562,20100,196,228
B_GEN,20140,2014,H,202,M1,1.1150487397014446,0.016929303280141212,39660.0,3118.8450000000003,1244.1118749966845,130674,369,473
B_GEN,20140,2014,H,202,N1,1.0648123510164869,0.05275640891032003,39660.0,3196.53,952.9266451699659,95628,564,564
B_GEN,20140,2014,H,303,M0,1.0878764082624104,0.032886649682704744,39720.0,3156.375,95.1158025925979,20100,216,551
B_GEN,20140,2014,H,303,N0,0.9976709718936656,0.08422687402433277,39660.0,3329.775,83.90063540544361,20100,248,335
B_GEN,20140,2014,H,303,M1,1.1422905439087836,0.015809480707152053,39720.0,3039.15,970.6772708129138,126920,186,232
B_GEN,20140,2014,H,303,N1,1.104195448242108,0.07026991146919394,39660.0,3072.4950000000003,756.4229313824326,88425,203,360
B_GEN,20141,2014,T,101,M0,1.091665501353364,0.038995996135709754,39960.0,1819.935,123.65453066583723,20100,499,595
B_GEN,20141,2014,T,101,N0,1.100401481129582,0.028778520667409536,39840.0,1814.8349999999998,93.32159595750272,20100,135,138
B_GEN,20141,2014,T,101,M1,1.119811666961529,0.012194798114683433,39780.0,1813.671,2245.155859974213,188292,788,922
B_GEN,20141,2014,T,101,N1,1.1024967898135376,0.032623496464594136,39660.0,1817.0069999999998,958.0792623804882,88501,541,674
B_GEN,20141,2014,T,202,M0,1.094091598020178,0.02027234044084037,39900.0,1859.9909999999998,115.22769768442959,20100,318,526
B_GEN,20141,2014,T,202,N0,1.1068679139974251,0.02239826421028108,39780.0,1821.1589999999997,91.01324144098908,20100,176,178
B_GEN,20141,2014,T,202,M1,1.115781983447401,0.01502129682868063,39720.0,1816.9109999999998,2103.4096378106624,188855,1048,1051
B_GEN,20141,2014,T,202,N1,1.0913255093361256,0.040292364338832896,39660.0,1815.543,853.4097469830886,80677,528,598
B_GEN,20141,2014,T,303,M0,1.1126982228531284,0.012730060230995755,39990.0,1823.6069999999997,117.104332995601,20100,517,583
B_GEN,20141,2014,T,303,N0,1.1010830633353397,0.025469064629889203,39660.0,1822.9109999999998,98.87253128364682,20100,221,236
B_GEN,20141,2014,T,303,M1,1.0552498968402184,0.0229902967307269,39840.0,2076.4289999999996,1659.6902025686577,158065,427,732
B_GEN,20141,2014,T,303,N1,1.0989797386905171,0.03626068501155046,39660.0,1810.6469999999997,899.0914175305516,83750,519,536
B_GEN,20150,2015,H,101,M0,0.9234960036351255,0.14442847239925605,31020.0,2818.98,108.65121210087091,20100,456,875
B_GEN,20150,2015,H,101,N0,0.9806676874451254,0.138409256788112,31020.0,2721.5550000000003,82.05209803022444,20100,165,402
B_GEN,20150,2015,H,101,M1,1.1241414860978654,0.0739497889104832,31020.0,2551.4700000000003,1514.9585495544598,160314,445,512
B_GEN,20150,2015,H,101,N1,1.1431229988888807,0.03952986355579658,31020.0,2552.55,1093.642145481892,97087,820,820
B_GEN,20150,2015,H,202,M0,0.9776644341929388,0.13833224029656346,31020.0,2736.4800000000005,133.796463040635,20100,252,1129
B_GEN,20150,2015,H,202,N0,1.1692699929426102,0.011342888316222037,31020.0,2545.29,84.89765966217965,20100,269,498
B_GEN,20150,2015,H,202,M1,1.1151673310944585,0.06625603670634425,31020.0,2584.4474999999998,1685.3218684243038,165717,144,608
B_GEN,20150,2015,H,202,N1,1.1740837211481812,0.03368177778172431,31020.0,2520.7200000000003,892.1417947262526,87173,191,637
B_GEN,20150,2015,H,303,M0,0.9927773987821147,0.1010012158315608,31020.0,2740.5750000000003,109.4277779199183,20100,546,877
B_GEN,20150,2015,H,303,N0,1.008701585759492,0.10720184780022286,31020.0,2715.975,86.58317219465971,20100,354,438
B_GEN,20150,2015,H,303,M1,1.169409044215528,0.010479331644119919,31020.0,2541.6150000000002,1206.5509140631184,126173,1928,1928
B_GEN,20150,2015,H,303,N1,1.1740920994274109,0.023999378730101155,31020.0,2529.315,1019.2112136622891,90759,419,818
B_GEN,20151,2015,T,101,M0,1.1250999566185043,0.021156357026625702,31020.0,1785.201,130.95786871947348,20100,475,756
B_GEN,20151,2015,T,101,N0,1.1466630770155828,0.02176516152663045,31020.0,1701.747,96.05372067727149,20100,204,204
B_GEN,20151,2015,T,101,M1,1.148383110266561,0.011021449232698958,31140.0,1691.751,3880.9642292521894,177664,3061,3061
B_GEN,20151,2015,T,101,N1,1.1391032325891417,0.014352977990607536,31020.0,1750.299,896.5613177930936,72619,414,414
B_GEN,20151,2015,T,202,M0,1.083763988506081,0.03292064864465863,31020.0,1911.543,120.40086290240288,20100,539,600
B_GEN,20151,2015,T,202,N0,1.1393218642455696,0.02364374948529315,31080.0,1729.8269999999998,95.76261623110622,20100,160,160
B_GEN,20151,2015,T,202,M1,1.128284940504181,0.01730718072326238,31050.0,1781.835,2393.500737830065,148416,951,951
B_GEN,20151,2015,T,202,N1,1.1616768620814717,0.014369307990970354,31020.0,1657.7069999999999,867.2948892908171,71532,341,355
B_GEN,20151,2015,T,303,M0,1.1253885969643287,0.018496591511303045,31110.0,1782.483,116.56672888901085,20100,445,524
B_GEN,20151,2015,T,303,N0,1.1402379851468578,0.01258940124290905,31020.0,1756.9589999999998,92.34653091151267,20100,143,143
B_GEN,20151,2015,T,303,M1,1.1355556321334437,0.008357369972075687,31020.0,1774.7069999999999,2568.1194644924253,186879,627,654
B_GEN,20151,2015,T,303,N1,1.1469502807464285,0.02457644881565931,31020.0,1706.043,1020.9252564748749,81570,543,809
B_GEN,20160,2016,H,101,M0,0.8874426270618249,0.14255571902316289,35700.0,3081.0225,96.51642690785229,20100,166,423
B_GEN,20160,2016,H,101,N0,0.9099898139275597,0.1336013328420451,35340.0,3092.5350000000003,81.11389929428697,20100,155,375
B_GEN,20160,2016,H,101,M1,1.0553323404995367,0.043036761032768205,35340.0,2920.5,1330.9274286925793,145225,74,452
B_GEN,20160,2016,H,101,N1,0.9962154490441666,0.09474611609363305,35280.0,2979.3450000000003,1041.1706434544176,94933,544,1271
B_GEN,20160,2016,H,202,M0,1.0493833768084966,0.05456517954664891,35400.0,2920.29,148.82126430235803,20100,698,1149
B_GEN,20160,2016,H,202,N0,1.008352949803649,0.06511505624865693,35430.0,2968.9725,91.56958573218435,20100,482,524
B_GEN,20160,2016,H,202,M1,1.1281066165781726,0.053345539690052714,35310.0,2781.6600000000003,1551.3302435800433,146519,817,879
B_GEN,20160,2016,H,202,N1,1.129394254121884,0.011277390031993599,35310.0,2829.915,829.0291119236499,93759,404,517
B_GEN,20160,2016,H,303,M0,0.9789434895898124,0.08668704397077727,35520.0,3002.265,89.33746677543968,20100,295,408
B_GEN,20160,2016,H,303,N0,1.0189677101020096,0.09844678472685575,35430.0,2918.9399999999996,80.46594126150012,20100,371,381
B_GEN,20160,2016,H,303,M1,1.1310779408137688,0.023591886660187293,35400.0,2781.0675,1327.9310079906136,119267,604,691
B_GEN,20160,2016,H,303,N1,1.0352603257168924,0.08276972825563617,35280.0,2912.985,964.4069657437503,98008,242,355
B_GEN,20161,2016,T,101,M0,1.0576940314983607,0.02643773879724712,35730.0,1804.2389999999998,117.86579738743603,20100,600,620
B_GEN,20161,2016,T,101,N0,1.0635483238213332,0.0215643607690355,35400.0,1803.0749999999998,98.85244417283684,20100,219,239
B_GEN,20161,2016,T,101,M1,1.0453109944227783,0.036947756020838836,35520.0,1790.187,2560.6899868780747,164105,2272,2313
B_GEN,20161,2016,T,101,N1,1.0813320068125598,0.01382947875603366,35310.0,1794.0869999999998,870.4199904380366,74547,417,419
B_GEN,20161,2016,T,202,M0,1.0117863957288773,0.06360532939245707,35700.0,1813.239,112.0173226268962,20100,717,717
B_GEN,20161,2016,T,202,N0,1.0364760507692057,0.03836151400126144,35520.0,1809.495,93.46563190314919,20100,173,184
B_GEN,20161,2016,T,202,M1,1.0513790634447566,0.030915673451698062,35460.0,1813.239,2651.1235363902524,162376,1245,1312
B_GEN,20161,2016,T,202,N1,1.0554085312324655,0.03476703034939955,35340.0,1786.9229999999998,885.2226358382031,77993,420,420
B_GEN,20161,2016,T,303,M0,1.0536430809746573,0.03124349883948608,35550.0,1796.607,121.15019513200969,20100,366,590
B_GEN,20161,2016,T,303,N0,1.0459162553054915,0.0424532722039932,35280.0,1801.647,93.26140564773232,20100,118,125
B_GEN,20161,2016,T,303,M1,1.0674655852801014,0.025206164983409586,35520.0,1803.9509999999998,3815.5378742637113,163729,3593,3769
B_GEN,20161,2016,T,303,N1,1.0537817687901911,0.040315881048451525,35280.0,1788.735,968.7283010510728,77497,517,542
B_GEN,20170,2017,H,101,M0,1.0726810178085722,0.05755050053626842,33720.0,2859.3075,95.13473759498447,20100,289,576
B_GEN,20170,2017,H,101,N0,1.0250749324412163,0.07822927675784527,33720.0,2964.225,80.55552769359201,20100,382,382
B_GEN,20170,2017,H,101,M1,1.1494272668308467,0.017994361343180113,33720.0,2704.6575000000003,1733.9748541861773,143508,553,1086
B_GEN,20170,2017,H,101,N1,1.0855665945852508,0.04258667033169386,33720.0,2851.3725,922.3659640057012,88849,189,404
B_GEN,20170,2017,H,202,M0,1.093225859718742,0.04808625147618204,33780.0,2787.84,95.10959738399833,20100,235,338
B_GEN,20170,2017,H,202,N0,1.1047674234586247,0.0272494705073864,33720.0,2827.02,88.02385491132736,20100,312,412
B_GEN,20170,2017,H,202,M1,1.1282388403264512,0.011426726329125104,33720.0,2726.3250000000003,1623.4546431340277,177484,357,769
B_GEN,20170,2017,H,202,N1,1.0330181651557833,0.07773500410923814,33720.0,2953.0125,843.794895388186,74729,513,525
B_GEN,20170,2017,H,303,M0,0.9895552101351878,0.08577553739049242,33720.0,3071.7,95.9750189455226,20100,432,558
B_GEN,20170,2017,H,303,N0,1.0467223734444597,0.08928714059315418,33750.0,2864.4,80.91989815607667,20100,217,251
B_GEN,20170,2017,H,303,M1,1.095528094862126,0.0262296178173806,33720.0,2855.6925,1466.0319885304198,145453,922,922
B_GEN,20170,2017,H,303,N1,1.0531250231697182,0.03727593529626801,33720.0,2962.8900000000003,1529.149917169474,113432,1526,2029
B_GEN,20171,2017,T,101,M0,1.124598040354534,0.012446590923793839,33720.0,1797.219,97.7306728232652,20100,287,300
B_GEN,20171,2017,T,101,N0,1.091186475311036,0.058756486646467126,33720.0,1804.743,95.68464290350676,20100,178,237
B_GEN,20171,2017,T,101,M1,1.1243861628663987,0.028448811712775954,33720.0,1779.9389999999999,2297.136148041114,162101,940,968
B_GEN,20171,2017,T,101,N1,1.108030939715847,0.04770563819664337,33720.0,1794.2309999999998,879.5247803796083,65997,281,357
B_GEN,20171,2017,T,202,M0,1.0874216039273006,0.06423331126047173,33840.0,1794.147,116.3927336409688,20100,551,554
B_GEN,20171,2017,T,202,N0,1.1145644376620674,0.023948617427710542,33840.0,1798.6709999999998,88.29451968707144,20100,142,144
B_GEN,20171,2017,T,202,M1,1.1215494954756748,0.02244843913364626,33810.0,1799.5349999999999,2279.554576512426,147929,636,1081
B_GEN,20171,2017,T,202,N1,1.1279021736737898,0.01578225944497647,33720.0,1789.0109999999997,878.8510368159041,66576,433,490
B_GEN,20171,2017,T,303,M0,1.0881631137039924,0.029092373511325695,33750.0,1806.291,135.07081189285964,20100,618,774
B_GEN,20171,2017,T,303,N0,1.090717599920642,0.057143506289931284,33720.0,1799.2469999999998,98.98776939418167,20100,221,241
B_GEN,20171,2017,T,303,M1,1.1204068882088047,0.022531614671126975,33720.0,1801.0589999999997,2142.001437759958,153973,616,951
B_GEN,20171,2017,T,303,N1,1.1008111611872147,0.05626461638251018,33720.0,1791.735,950.2662165109068,75057,892,892
B_GEN,20180,2018,H,101,M0,0.8822195816771173,0.17090078613456267,37860.0,3226.875,93.91092203650624,20100,430,735
B_GEN,20180,2018,H,101,N0,0.9765094568653889,0.10896335223913306,37860.0,3030.9525000000003,75.71069539990276,20100,71,216
B_GEN,20180,2018,H,101,M1,1.0467203060966173,0.05620459120559922,37860.0,2905.455,1049.8798543373123,152278,196,406
B_GEN,20180,2018,H,101,N1,1.0095160808525407,0.07023077285564415,37860.0,2998.44,1281.3209813954309,103278,1045,1356
B_GEN,20180,2018,H,202,M0,0.9947633047289777,0.08072881030837896,37890.0,3019.65,111.55133330635726,20100,789,950
B_GEN,20180,2018,H,202,N0,0.9488872277008881,0.11721536686669362,37860.0,3104.295,84.3832344096154,20100,374,498
B_GEN,20180,2018,H,202,M1,1.0224184262940028,0.10136087331705303,37890.0,2827.5150000000003,776.8085140166804,130887,102,249
B_GEN,20180,2018,H,202,N1,0.9832426957961351,0.11026111243731201,37860.0,3010.6650000000004,1077.4846452455968,104559,510,513
B_GEN,20180,2018,H,303,M0,0.994474994600881,0.10227000377365991,37860.0,2959.4399999999996,103.68217796552926,20100,306,521
B_GEN,20180,2018,H,303,N0,1.0226298886564986,0.09433294100540598,37860.0,2879.7975,77.55554764159024,20100,129,184
B_GEN,20180,2018,H,303,M1,1.1647381177923826,0.0007944027373417028,37860.0,2654.19,1774.0991502059624,198115,1241,1278
B_GEN,20180,2018,H,303,N1,1.026792507597895,0.06538259147891663,37860.0,2948.6850000000004,1010.0487371664494,108015,453,453
B_GEN,20181,2018,T,101,M0,1.0851687723262953,0.0204659571944763,37860.0,1810.947,107.72755202744156,20100,459,488
B_GEN,20181,2018,T,101,N0,1.06151584700719,0.05218703991560559,37860.0,1812.5189999999998,95.01725199259818,20100,162,174
B_GEN,20181,2018,T,101,M1,1.0972161836685423,0.018211105813643033,37860.0,1805.895,3030.850715798326,225293,1687,1836
B_GEN,20181,2018,T,101,N1,1.0688485562534822,0.04982660532676676,37860.0,1804.2509999999997,1188.7618204969913,88535,971,1159
B_GEN,20181,2018,T,202,M0,1.0103204852378092,0.05830998573458934,37860.0,2073.1589999999997,121.06855197064579,20100,663,663
B_GEN,20181,2018,T,202,N0,1.0599747493669505,0.03957220724289527,37860.0,1818.2789999999998,94.78964009694755,20100,218,218
B_GEN,20181,2018,T,202,M1,1.0946769692366192,0.01163240429981507,37860.0,1811.511,2643.7458125976846,196226,1053,1167
B_GEN,20181,2018,T,202,N1,1.073822494897116,0.04419719454906191,37860.0,1805.031,1084.6712405281141,96425,867,1023
B_GEN,20181,2018,T,303,M0,1.1020480135591781,0.00561141044304537,37860.0,1810.2869999999998,122.74352849461138,20100,504,558
B_GEN,20181,2018,T,303,N0,1.0671640679950252,0.04629758054232375,37860.0,1810.791,90.9381000008434,20100,140,143
B_GEN,20181,2018,T,303,M1,1.0852347292496032,0.03403276988591379,37860.0,1807.839,2754.228706841357,256220,406,1323
B_GEN,20181,2018,T,303,N1,1.056828780502949,0.06684476030051127,37860.0,1799.3429999999998,1133.15128863696,94508,1151,1151
B_GEN,20190,2019,H,101,M0,0.709216832251365,0.26172832036997906,36720.0,3057.18,86.59706778358668,20100,166,515
B_GEN,20190,2019,H,101,N0,0.8413310200275765,0.1424423964999952,36720.0,2906.73,89.18945696949959,20100,674,674
B_GEN,20190,2019,H,101,M1,1.1116550096419644,0.023871475007493814,36720.0,2491.74,1324.1462030094117,123144,805,1908
B_GEN,20190,2019,H,101,N1,0.899384011407702,0.10124553408079072,36720.0,2837.385,1350.7600295813754,101280,568,865
B_GEN,20190,2019,H,202,M0,0.8400623884394113,0.1421434514167237,36720.0,2912.295,107.0844843890518,20100,239,945
B_GEN,20190,2019,H,202,N0,0.937742252238707,0.08400762068562541,36720.0,2779.44,158.68337730877101,20100,679,1241
B_GEN,20190,2019,H,202,M1,1.0752264256617656,0.02069879060019418,36720.0,2599.0950000000003,1454.003858291544,139155,318,612
B_GEN,20190,2019,H,202,N1,0.9932512630635205,0.08009717736313236,36720.0,2684.49,776.7847355008125,78276,636,636
B_GEN,20190,2019,H,303,M0,0.8198541361231966,0.15822212085478674,36720.0,2929.995,105.195909938775,20100,283,822
B_GEN,20190,2019,H,303,N0,0.8538980683481556,0.15307490562936574,36720.0,2848.395,75.32653899211437,20100,94,152
B_GEN,20190,2019,H,303,M1,0.9880447621792292,0.040342129306461756,36720.0,2733.945,1975.5175211681053,157076,539,1100
B_GEN,20190,2019,H,303,N1,0.9581380949976006,0.0776322364299779,36720.0,2738.3825,1108.39156163577,92833,311,747
B_GEN,20191,2019,T,101,M0,1.1619660130912952,0.015311176680262316,36720.0,1786.3229999999999,110.47574070002884,20100,368,406
B_GEN,20191,2019,T,101,N0,1.152273890390943,0.030298341097436163,36720.0,1781.9189999999999,94.68025372549891,20100,139,158
B_GEN,20191,2019,T,101,M1,1.1573480691431874,0.023098367177166745,36720.0,1786.0949999999998,3190.491972450167,178512,751,1498
B_GEN,20191,2019,T,101,N1,1.1532831530839631,0.03366630186125497,36720.0,1773.3509999999999,978.8671192424372,77513,543,580
B_GEN,20191,2019,T,202,M0,1.1445079717985747,0.04521943232815641,36780.0,1792.6109999999999,118.02807735465467,20100,429,670
B_GEN,20191,2019,T,202,N0,1.1621181357904709,0.016666049555541285,36720.0,1776.711,90.40469704847783,20100,168,199
B_GEN,20191,2019,T,202,M1,1.1527220849601307,0.039691552864058004,36720.0,1761.3749999999998,5100.117814315483,210989,3753,3753
B_GEN,20191,2019,T,202,N1,1.1597025666986676,0.021350662832293244,36720.0,1775.9429999999998,1190.4471420506015,85649,970,1092
B_GEN,20191,2019,T,303,M0,1.1667859584582805,0.00585269383008539,36720.0,1787.463,104.09657781012356,20100,347,361
B_GEN,20191,2019,T,303,N0,1.151036295436334,0.026107223131664224,36720.0,1783.5749999999998,91.35000063292682,20100,235,239
B_GEN,20191,2019,T,303,M1,1.159246585819416,0.016162161376564864,36720.0,1786.2389999999998,2978.917138170451,185308,947,1702
B_GEN,20191,2019,T,303,N1,1.167204479969193,0.011618904543474739,36720.0,1780.551,1074.3946627518162,84196,377,576
B_GEN,20200,2020,H,101,M0,0.9465394602384241,0.05421967246312292,35670.0,3237.2850000000003,89.83151116129011,20100,168,289
B_GEN,20200,2020,H,101,N0,0.9731366940439442,0.059549472023602563,35580.0,3132.39,78.71315080858767,20100,214,227
B_GEN,20200,2020,H,101,M1,1.0482399520958934,0.021522008996395958,35640.0,2913.2549999999997,1244.4221651311964,174500,479,509
B_GEN,20200,2020,H,101,N1,1.0282224604581756,0.043914670476439245,35160.0,3006.7725,690.3836516160518,85459,88,306
B_GEN,20200,2020,H,202,M0,0.9289674724327313,0.06981907315577347,35280.0,3279.3825000000006,99.34353198669851,20100,586,639
B_GEN,20200,2020,H,202,N0,0.952488519419687,0.06638039935016239,35190.0,3208.2000000000003,78.15514245443046,20100,188,225
B_GEN,20200,2020,H,202,M1,1.0156609084070765,0.032794526237541796,35280.0,3045.105,1224.9857136076316,161735,163,374
B_GEN,20200,2020,H,202,N1,1.052608341587505,0.012674185250090668,34980.0,3052.635,693.4045647224411,75548,259,388
B_GEN,20200,2020,H,303,M0,0.9526126225047123,0.06252812096902556,35700.0,3188.2425000000003,95.26908412668854,20100,220,451
B_GEN,20200,2020,H,303,N0,0.9919756715444484,0.05903843054089139,35400.0,3058.4175,77.95489391405135,20100,147,161
B_GEN,20200,2020,H,303,M1,1.0524725320172157,0.015899562962061783,35610.0,2924.2200000000003,1127.2035513827577,146677,365,581
B_GEN,20200,2020,H,303,N1,1.0167417600219177,0.046689385007057375,35040.0,3048.9675,829.7370457025245,103903,162,386
B_GEN,20201,2020,T,101,M0,1.0116585591171177,0.04074119016917659,35700.0,1826.9669999999999,119.117410951294,20100,379,731
B_GEN,20201,2020,T,101,N0,0.9983675791423051,0.057735802198769844,35340.0,1821.735,94.70802804268897,20100,110,113
B_GEN,20201,2020,T,101,M1,1.0373557940734088,0.021685991449878442,35700.0,1811.511,1782.937020810321,149893,1704,1714
B_GEN,20201,2020,T,101,N1,1.0253657326739245,0.03873466744336683,35160.0,1807.4909999999998,860.3574403710663,76833,593,654
B_GEN,20201,2020,T,202,M0,1.0368207094730018,0.02493133173824838,35280.0,1815.783,114.94323873333633,20100,235,400
B_GEN,20201,2020,T,202,N0,1.0136411937729157,0.04762312944924084,35220.0,1823.9669999999999,97.65931366942823,20100,168,168
B_GEN,20201,2020,T,202,M1,1.0318162632839702,0.01584474562706626,35280.0,1885.2909999999997,2017.3806153368205,176024,438,733
B_GEN,20201,2020,T,202,N1,1.0032267633211704,0.0635241919601168,35040.0,1800.783,752.9990727417171,74572,288,406
B_GEN,20201,2020,T,303,M0,1.0179884285612788,0.03771639062847985,35700.0,1822.7669999999998,118.80395823344588,20100,375,444
B_GEN,20201,2020,T,303,N0,1.0313045277745057,0.028056285261162873,35520.0,1827.9809999999998,95.97521413955837,20100,162,162
B_GEN,20201,2020,T,303,M1,1.0417624153621405,0.018593588062996467,35700.0,1819.623,1642.519651627168,156126,522,681
B_GEN,20201,2020,T,303,N1,1.0322796314902996,0.038835019680527334,35160.0,1798.875,923.6151250898838,81366,502,652
