key,block,jobs,base_seed,tariff,algorithm_seed,arm,fraction,delay,hv
n50_i1105001_H_a1101_LEGACY,n50_i1105001_H_a1101,50,1105001,H,1101,LEGACY,0.1,0.05414780043065548,0.3510873589878722
n50_i1105001_H_a1101_LEGACY,n50_i1105001_H_a1101,50,1105001,H,1101,LEGACY,0.25,0.0288515817373991,0.5258652584898471
n50_i1105001_H_a1101_LEGACY,n50_i1105001_H_a1101,50,1105001,H,1101,LEGACY,0.5,0.30597359128296375,0.6312918615561034
n50_i1105001_H_a1101_LEGACY,n50_i1105001_H_a1101,50,1105001,H,1101,LEGACY,0.75,0.014723848551511765,0.7876300792333631
n50_i1105001_H_a1101_LEGACY,n50_i1105001_H_a1101,50,1105001,H,1101,LEGACY,0.9,0.01965470239520073,0.814803002820035
n50_i1105001_H_a1101_LEGACY,n50_i1105001_H_a1101,50,1105001,H,1101,LEGACY,1.0,0.17434153892099857,0.829583224339273
n50_i1105001_H_a1101_REFERENCE,n50_i1105001_H_a1101,50,1105001,H,1101,REFERENCE,0.1,0.002819277346134186,0.4095428330227111
n50_i1105001_H_a1101_REFERENCE,n50_i1105001_H_a1101,50,1105001,H,1101,REFERENCE,0.25,0.001994227059185505,0.6467783966886248
n50_i1105001_H_a1101_REFERENCE,n50_i1105001_H_a1101,50,1105001,H,1101,REFERENCE,0.5,0.06151718646287918,0.67078677861197
n50_i1105001_H_a1101_REFERENCE,n50_i1105001_H_a1101,50,1105001,H,1101,REFERENCE,0.75,0.055093602277338505,0.7312196082196389
n50_i1105001_H_a1101_REFERENCE,n50_i1105001_H_a1101,50,1105001,H,1101,REFERENCE,0.9,0.1279424475505948,0.7400303116163781
n50_i1105001_H_a1101_REFERENCE,n50_i1105001_H_a1101,50,1105001,H,1101,REFERENCE,1.0,0.1937550501897931,0.7603974396171643
n50_i1105001_H_a1101_W,n50_i1105001_H_a1101,50,1105001,H,1101,W,0.1,0.0008226819336414337,0.1789730470750855
n50_i1105001_H_a1101_W,n50_i1105001_H_a1101,50,1105001,H,1101,W,0.25,0.09003268089145422,0.4145559051338865
n50_i1105001_H_a1101_W,n50_i1105001_H_a1101,50,1105001,H,1101,W,0.5,0.09600420109927654,0.7740440649986566
n50_i1105001_H_a1101_W,n50_i1105001_H_a1101,50,1105001,H,1101,W,0.75,0.00014351308345794678,0.9255127673558513
n50_i1105001_H_a1101_W,n50_i1105001_H_a1101,50,1105001,H,1101,W,0.9,0.004689529538154602,0.9394946273702379
n50_i1105001_H_a1101_W,n50_i1105001_H_a1101,50,1105001,H,1101,W,1.0,0.1024219123646617,0.9658410480229269
n50_i1105001_H_a1101_GW,n50_i1105001_H_a1101,50,1105001,H,1101,GW,0.1,0.01693805120885372,0.17703126580382406
n50_i1105001_H_a1101_GW,n50_i1105001_H_a1101,50,1105001,H,1101,GW,0.25,0.042241621762514114,0.3434386953072968
n50_i1105001_H_a1101_GW,n50_i1105001_H_a1101,50,1105001,H,1101,GW,0.5,0.0209149569272995,0.8534345251435664
n50_i1105001_H_a1101_GW,n50_i1105001_H_a1101,50,1105001,H,1101,GW,0.75,0.0028411448001861572,0.9697553983187451
n50_i1105001_H_a1101_GW,n50_i1105001_H_a1101,50,1105001,H,1101,GW,0.9,0.06515530310571194,1.0169186496031877
n50_i1105001_H_a1101_GW,n50_i1105001_H_a1101,50,1105001,H,1101,GW,1.0,0.2575533064082265,1.0184189794369025
n50_i1105001_H_a2202_W,n50_i1105001_H_a2202,50,1105001,H,2202,W,0.1,0.05331766698509455,0.05323120385314886
n50_i1105001_H_a2202_W,n50_i1105001_H_a2202,50,1105001,H,2202,W,0.25,0.001244966872036457,0.5127093122183354
n50_i1105001_H_a2202_W,n50_i1105001_H_a2202,50,1105001,H,2202,W,0.5,0.06538782361894846,0.8169580637186014
n50_i1105001_H_a2202_W,n50_i1105001_H_a2202,50,1105001,H,2202,W,0.75,0.058284479193389416,0.9599545454167768
n50_i1105001_H_a2202_W,n50_i1105001_H_a2202,50,1105001,H,2202,W,0.9,0.09027261845767498,0.96862147107574
n50_i1105001_H_a2202_W,n50_i1105001_H_a2202,50,1105001,H,2202,W,1.0,0.13813467230647802,0.9704404097778836
n50_i1105001_H_a2202_GW,n50_i1105001_H_a2202,50,1105001,H,2202,GW,0.1,0.01645060908049345,0.05323120385314886
n50_i1105001_H_a2202_GW,n50_i1105001_H_a2202,50,1105001,H,2202,GW,0.25,0.11260461527854204,0.5136687608381897
n50_i1105001_H_a2202_GW,n50_i1105001_H_a2202,50,1105001,H,2202,GW,0.5,0.00789010338485241,0.6760212694968433
n50_i1105001_H_a2202_GW,n50_i1105001_H_a2202,50,1105001,H,2202,GW,0.75,0.0002873903140425682,0.9710633396303762
n50_i1105001_H_a2202_GW,n50_i1105001_H_a2202,50,1105001,H,2202,GW,0.9,0.0015249373391270638,0.994818037013137
n50_i1105001_H_a2202_GW,n50_i1105001_H_a2202,50,1105001,H,2202,GW,1.0,0.18723103683441877,0.9977309751890873
n50_i1105001_H_a2202_LEGACY,n50_i1105001_H_a2202,50,1105001,H,2202,LEGACY,0.1,0.08637126255780458,0.11805804952513879
n50_i1105001_H_a2202_LEGACY,n50_i1105001_H_a2202,50,1105001,H,2202,LEGACY,0.25,0.09180338773876429,0.4076642500514976
n50_i1105001_H_a2202_LEGACY,n50_i1105001_H_a2202,50,1105001,H,2202,LEGACY,0.5,0.07042428106069565,0.6908980050517844
n50_i1105001_H_a2202_LEGACY,n50_i1105001_H_a2202,50,1105001,H,2202,LEGACY,0.75,0.06693452876061201,1.0556952980056866
n50_i1105001_H_a2202_LEGACY,n50_i1105001_H_a2202,50,1105001,H,2202,LEGACY,0.9,0.0033174604177474976,1.0961913621713173
n50_i1105001_H_a2202_LEGACY,n50_i1105001_H_a2202,50,1105001,H,2202,LEGACY,1.0,0.32812902983278036,1.097097205730956
n50_i1105001_H_a2202_REFERENCE,n50_i1105001_H_a2202,50,1105001,H,2202,REFERENCE,0.1,0.009655636735260487,0.4238708956890776
n50_i1105001_H_a2202_REFERENCE,n50_i1105001_H_a2202,50,1105001,H,2202,REFERENCE,0.25,0.1361957062035799,0.7984414830121478
n50_i1105001_H_a2202_REFERENCE,n50_i1105001_H_a2202,50,1105001,H,2202,REFERENCE,0.5,0.012499392963945866,1.0600492578873608
n50_i1105001_H_a2202_REFERENCE,n50_i1105001_H_a2202,50,1105001,H,2202,REFERENCE,0.75,0.0011969637125730515,1.1380947432898116
n50_i1105001_H_a2202_REFERENCE,n50_i1105001_H_a2202,50,1105001,H,2202,REFERENCE,0.9,0.05097805801779032,1.1412728778941457
n50_i1105001_H_a2202_REFERENCE,n50_i1105001_H_a2202,50,1105001,H,2202,REFERENCE,1.0,0.7462981017306447,1.1520315528456457
n50_i1105001_T_a1101_REFERENCE,n50_i1105001_T_a1101,50,1105001,T,1101,REFERENCE,0.1,0.0002316012978553772,0.11596132465231868
n50_i1105001_T_a1101_REFERENCE,n50_i1105001_T_a1101,50,1105001,T,1101,REFERENCE,0.25,0.1292996797710657,0.5915073363261768
n50_i1105001_T_a1101_REFERENCE,n50_i1105001_T_a1101,50,1105001,T,1101,REFERENCE,0.5,0.12198198866099119,0.8049050673994431
n50_i1105001_T_a1101_REFERENCE,n50_i1105001_T_a1101,50,1105001,T,1101,REFERENCE,0.75,0.021839382126927376,0.9194538080271613
n50_i1105001_T_a1101_REFERENCE,n50_i1105001_T_a1101,50,1105001,T,1101,REFERENCE,0.9,0.14277510531246662,0.9576745232424526
n50_i1105001_T_a1101_REFERENCE,n50_i1105001_T_a1101,50,1105001,T,1101,REFERENCE,1.0,0.24716669879853725,0.9968521636718373
n50_i1105001_T_a1101_W,n50_i1105001_T_a1101,50,1105001,T,1101,W,0.1,0.02024681679904461,0.2425111938300254
n50_i1105001_T_a1101_W,n50_i1105001_T_a1101,50,1105001,T,1101,W,0.25,0.02169199287891388,0.43545943775551477
n50_i1105001_T_a1101_W,n50_i1105001_T_a1101,50,1105001,T,1101,W,0.5,0.00041264668107032776,0.5322168297484058
n50_i1105001_T_a1101_W,n50_i1105001_T_a1101,50,1105001,T,1101,W,0.75,0.050637803971767426,0.5949086012505234
n50_i1105001_T_a1101_W,n50_i1105001_T_a1101,50,1105001,T,1101,W,0.9,0.016433593817055225,0.6428846667128617
n50_i1105001_T_a1101_W,n50_i1105001_T_a1101,50,1105001,T,1101,W,1.0,0.22574536129832268,0.8179795150665728
n50_i1105001_T_a1101_GW,n50_i1105001_T_a1101,50,1105001,T,1101,GW,0.1,0.06501298770308495,0.2425111938300254
n50_i1105001_T_a1101_GW,n50_i1105001_T_a1101,50,1105001,T,1101,GW,0.25,0.001259705051779747,0.44060997863993634
n50_i1105001_T_a1101_GW,n50_i1105001_T_a1101,50,1105001,T,1101,GW,0.5,0.09894770197570324,0.6120115141647917
n50_i1105001_T_a1101_GW,n50_i1105001_T_a1101,50,1105001,T,1101,GW,0.75,0.0036768438294529915,0.6476530989656446
n50_i1105001_T_a1101_GW,n50_i1105001_T_a1101,50,1105001,T,1101,GW,0.9,0.004759697243571281,0.6512097825504854
n50_i1105001_T_a1101_GW,n50_i1105001_T_a1101,50,1105001,T,1101,GW,1.0,0.13619510550051928,0.6525920747365027
n50_i1105001_T_a1101_LEGACY,n50_i1105001_T_a1101,50,1105001,T,1101,LEGACY,0.1,0.0018087578937411308,0.29434023755606975
n50_i1105001_T_a1101_LEGACY,n50_i1105001_T_a1101,50,1105001,T,1101,LEGACY,0.25,0.019170803017914295,0.7208705868649538
n50_i1105001_T_a1101_LEGACY,n50_i1105001_T_a1101,50,1105001,T,1101,LEGACY,0.5,0.18643330968916416,0.7676643808881788
n50_i1105001_T_a1101_LEGACY,n50_i1105001_T_a1101,50,1105001,T,1101,LEGACY,0.75,0.1928724991157651,0.8752815459807652
n50_i1105001_T_a1101_LEGACY,n50_i1105001_T_a1101,50,1105001,T,1101,LEGACY,0.9,0.005711697041988373,0.9059966453657488
n50_i1105001_T_a1101_LEGACY,n50_i1105001_T_a1101,50,1105001,T,1101,LEGACY,1.0,0.11414953414350748,0.9093769248212992
n50_i1105001_T_a2202_GW,n50_i1105001_T_a2202,50,1105001,T,2202,GW,0.1,0.0003476114943623543,0.513396473273234
n50_i1105001_T_a2202_GW,n50_i1105001_T_a2202,50,1105001,T,2202,GW,0.25,0.04443557187914848,0.756402107008232
n50_i1105001_T_a2202_GW,n50_i1105001_T_a2202,50,1105001,T,2202,GW,0.5,0.14767760783433914,0.8394536254028951
n50_i1105001_T_a2202_GW,n50_i1105001_T_a2202,50,1105001,T,2202,GW,0.75,0.002539621666073799,0.9365684929176659
n50_i1105001_T_a2202_GW,n50_i1105001_T_a2202,50,1105001,T,2202,GW,0.9,0.06834295112639666,0.9444230534569658
n50_i1105001_T_a2202_GW,n50_i1105001_T_a2202,50,1105001,T,2202,GW,1.0,0.3014884851872921,0.9459901699850914
n50_i1105001_T_a2202_LEGACY,n50_i1105001_T_a2202,50,1105001,T,2202,LEGACY,0.1,0.04745984449982643,0.4822252460857494
n50_i1105001_T_a2202_LEGACY,n50_i1105001_T_a2202,50,1105001,T,2202,LEGACY,0.25,0.002951079048216343,0.6688560516190253
n50_i1105001_T_a2202_LEGACY,n50_i1105001_T_a2202,50,1105001,T,2202,LEGACY,0.5,0.020781338214874268,0.9098530312891348
n50_i1105001_T_a2202_LEGACY,n50_i1105001_T_a2202,50,1105001,T,2202,LEGACY,0.75,0.15524452924728394,0.9137661988707054
n50_i1105001_T_a2202_LEGACY,n50_i1105001_T_a2202,50,1105001,T,2202,LEGACY,0.9,0.18750727828592062,0.9140173117071378
n50_i1105001_T_a2202_LEGACY,n50_i1105001_T_a2202,50,1105001,T,2202,LEGACY,1.0,0.4194379225373268,0.9147254413202118
n50_i1105001_T_a2202_REFERENCE,n50_i1105001_T_a2202,50,1105001,T,2202,REFERENCE,0.1,0.016853067092597485,0.4584543995079838
n50_i1105001_T_a2202_REFERENCE,n50_i1105001_T_a2202,50,1105001,T,2202,REFERENCE,0.25,0.17666200920939445,0.5668965290264005
n50_i1105001_T_a2202_REFERENCE,n50_i1105001_T_a2202,50,1105001,T,2202,REFERENCE,0.5,0.040585446171462536,0.7901194795555438
n50_i1105001_T_a2202_REFERENCE,n50_i1105001_T_a2202,50,1105001,T,2202,REFERENCE,0.75,0.25355082005262375,0.8849675041494689
n50_i1105001_T_a2202_REFERENCE,n50_i1105001_T_a2202,50,1105001,T,2202,REFERENCE,0.9,0.0019248509779572487,0.9274718620008771
n50_i1105001_T_a2202_REFERENCE,n50_i1105001_T_a2202,50,1105001,T,2202,REFERENCE,1.0,0.2888290351256728,0.9494787477763565
n50_i1105001_T_a2202_W,n50_i1105001_T_a2202,50,1105001,T,2202,W,0.1,0.07355962321162224,0.4261064191838971
n50_i1105001_T_a2202_W,n50_i1105001_T_a2202,50,1105001,T,2202,W,0.25,0.0011017611250281334,0.711712899343908
n50_i1105001_T_a2202_W,n50_i1105001_T_a2202,50,1105001,T,2202,W,0.5,0.23229381069540977,0.7861376105498368
n50_i1105001_T_a2202_W,n50_i1105001_T_a2202,50,1105001,T,2202,W,0.75,0.034134223125874996,1.0745274472823128
n50_i1105001_T_a2202_W,n50_i1105001_T_a2202,50,1105001,T,2202,W,0.9,0.20809762459248304,1.0878067712927817
n50_i1105001_T_a2202_W,n50_i1105001_T_a2202,50,1105001,T,2202,W,1.0,0.0005328496918082237,1.1013261648271104
n50_i1105002_H_a1101_LEGACY,n50_i1105002_H_a1101,50,1105002,H,1101,LEGACY,0.1,0.002685938961803913,0.5734333169542443
n50_i1105002_H_a1101_LEGACY,n50_i1105002_H_a1101,50,1105002,H,1101,LEGACY,0.25,0.04154462181031704,0.7345953015354668
n50_i1105002_H_a1101_LEGACY,n50_i1105002_H_a1101,50,1105002,H,1101,LEGACY,0.5,0.027896210551261902,0.8679809688301762
n50_i1105002_H_a1101_LEGACY,n50_i1105002_H_a1101,50,1105002,H,1101,LEGACY,0.75,0.09171844460070133,0.9042525356168923
n50_i1105002_H_a1101_LEGACY,n50_i1105002_H_a1101,50,1105002,H,1101,LEGACY,0.9,0.018028235994279385,0.9053946946528089
n50_i1105002_H_a1101_LEGACY,n50_i1105002_H_a1101,50,1105002,H,1101,LEGACY,1.0,0.1844090363010764,0.906255409496367
n50_i1105002_H_a1101_REFERENCE,n50_i1105002_H_a1101,50,1105002,H,1101,REFERENCE,0.1,0.06225191056728363,0.7396454809849174
n50_i1105002_H_a1101_REFERENCE,n50_i1105002_H_a1101,50,1105002,H,1101,REFERENCE,0.25,0.003721819259226322,0.7819019120254656
n50_i1105002_H_a1101_REFERENCE,n50_i1105002_H_a1101,50,1105002,H,1101,REFERENCE,0.5,0.018978608772158623,0.8777306933654874
n50_i1105002_H_a1101_REFERENCE,n50_i1105002_H_a1101,50,1105002,H,1101,REFERENCE,0.75,0.1823724089190364,0.8939334341372592
n50_i1105002_H_a1101_REFERENCE,n50_i1105002_H_a1101,50,1105002,H,1101,REFERENCE,0.9,0.07105307467281818,0.9230615443667955
n50_i1105002_H_a1101_REFERENCE,n50_i1105002_H_a1101,50,1105002,H,1101,REFERENCE,1.0,1.4690682291984558e-05,0.9454154868328665
n50_i1105002_H_a1101_W,n50_i1105002_H_a1101,50,1105002,H,1101,W,0.1,0.0007514785975217819,0.7925022331979649
n50_i1105002_H_a1101_W,n50_i1105002_H_a1101,50,1105002,H,1101,W,0.25,0.0033360999077558517,0.8601549127519194
n50_i1105002_H_a1101_W,n50_i1105002_H_a1101,50,1105002,H,1101,W,0.5,0.047535196878015995,0.8724533380667301
n50_i1105002_H_a1101_W,n50_i1105002_H_a1101,50,1105002,H,1101,W,0.75,0.0576298451051116,0.9291343304383701
n50_i1105002_H_a1101_W,n50_i1105002_H_a1101,50,1105002,H,1101,W,0.9,0.058521829545497894,0.9752818772237546
n50_i1105002_H_a1101_W,n50_i1105002_H_a1101,50,1105002,H,1101,W,1.0,0.009331216104328632,0.9780199797874197
n50_i1105002_H_a1101_GW,n50_i1105002_H_a1101,50,1105002,H,1101,GW,0.1,0.0248298654332757,0.7925022331979649
n50_i1105002_H_a1101_GW,n50_i1105002_H_a1101,50,1105002,H,1101,GW,0.25,0.026820162311196327,0.8591601798150363
n50_i1105002_H_a1101_GW,n50_i1105002_H_a1101,50,1105002,H,1101,GW,0.5,0.0009853951632976532,0.8677921661879652
n50_i1105002_H_a1101_GW,n50_i1105002_H_a1101,50,1105002,H,1101,GW,0.75,0.2340831160545349,0.8698469132726055
n50_i1105002_H_a1101_GW,n50_i1105002_H_a1101,50,1105002,H,1101,GW,0.9,0.029453237541019917,0.8804610728606667
n50_i1105002_H_a1101_GW,n50_i1105002_H_a1101,50,1105002,H,1101,GW,1.0,0.25100513454526663,0.8822199858598688
n50_i1105002_H_a2202_W,n50_i1105002_H_a2202,50,1105002,H,2202,W,0.1,0.03639999311417341,0.7811675160389636
n50_i1105002_H_a2202_W,n50_i1105002_H_a2202,50,1105002,H,2202,W,0.25,0.394672904163599,0.9384248148105605
n50_i1105002_H_a2202_W,n50_i1105002_H_a2202,50,1105002,H,2202,W,0.5,0.20787717681378126,0.9905044975446382
n50_i1105002_H_a2202_W,n50_i1105002_H_a2202,50,1105002,H,2202,W,0.75,0.0022652670741081238,1.0319756212618272
n50_i1105002_H_a2202_W,n50_i1105002_H_a2202,50,1105002,H,2202,W,0.9,0.13709723483771086,1.064146648596762
n50_i1105002_H_a2202_W,n50_i1105002_H_a2202,50,1105002,H,2202,W,1.0,0.0015345793217420578,1.0732496024905238
n50_i1105002_H_a2202_GW,n50_i1105002_H_a2202,50,1105002,H,2202,GW,0.1,0.18353667482733727,0.7815875674564967
n50_i1105002_H_a2202_GW,n50_i1105002_H_a2202,50,1105002,H,2202,GW,0.25,0.043465692549943924,0.9384248148105605
n50_i1105002_H_a2202_GW,n50_i1105002_H_a2202,50,1105002,H,2202,GW,0.5,0.13127892557531595,0.992871685004049
n50_i1105002_H_a2202_GW,n50_i1105002_H_a2202,50,1105002,H,2202,GW,0.75,0.018377725034952164,1.0121512342014443
n50_i1105002_H_a2202_GW,n50_i1105002_H_a2202,50,1105002,H,2202,GW,0.9,0.2931540412828326,1.0143496943255919
n50_i1105002_H_a2202_GW,n50_i1105002_H_a2202,50,1105002,H,2202,GW,1.0,0.262742031365633,1.022672524403357
n50_i1105002_H_a2202_LEGACY,n50_i1105002_H_a2202,50,1105002,H,2202,LEGACY,0.1,0.213042295537889,0.8577266947959923
n50_i1105002_H_a2202_LEGACY,n50_i1105002_H_a2202,50,1105002,H,2202,LEGACY,0.25,0.009108925238251686,0.9499423346126317
n50_i1105002_H_a2202_LEGACY,n50_i1105002_H_a2202,50,1105002,H,2202,LEGACY,0.5,0.0032354285940527916,0.9808330832936492
n50_i1105002_H_a2202_LEGACY,n50_i1105002_H_a2202,50,1105002,H,2202,LEGACY,0.75,0.52498191408813,0.98951430702846
n50_i1105002_H_a2202_LEGACY,n50_i1105002_H_a2202,50,1105002,H,2202,LEGACY,0.9,0.434630055911839,0.9944190537055698
n50_i1105002_H_a2202_LEGACY,n50_i1105002_H_a2202,50,1105002,H,2202,LEGACY,1.0,0.5021967049688101,0.9948937628845914
n50_i1105002_H_a2202_REFERENCE,n50_i1105002_H_a2202,50,1105002,H,2202,REFERENCE,0.1,0.0008073179051280022,0.7458597365310196
n50_i1105002_H_a2202_REFERENCE,n50_i1105002_H_a2202,50,1105002,H,2202,REFERENCE,0.25,0.03210376761853695,0.8463480443734922
n50_i1105002_H_a2202_REFERENCE,n50_i1105002_H_a2202,50,1105002,H,2202,REFERENCE,0.5,0.007557075470685959,0.8646176985770687
n50_i1105002_H_a2202_REFERENCE,n50_i1105002_H_a2202,50,1105002,H,2202,REFERENCE,0.75,0.3883881140500307,0.8809803101553421
n50_i1105002_H_a2202_REFERENCE,n50_i1105002_H_a2202,50,1105002,H,2202,REFERENCE,0.9,0.03546356223523617,0.9198443675151053
n50_i1105002_H_a2202_REFERENCE,n50_i1105002_H_a2202,50,1105002,H,2202,REFERENCE,1.0,0.17487520445138216,0.9235601339046524
n50_i1105002_T_a1101_REFERENCE,n50_i1105002_T_a1101,50,1105002,T,1101,REFERENCE,0.1,0.014127852395176888,0.6165792472486041
n50_i1105002_T_a1101_REFERENCE,n50_i1105002_T_a1101,50,1105002,T,1101,REFERENCE,0.25,0.18646086938679218,0.8043484083370537
n50_i1105002_T_a1101_REFERENCE,n50_i1105002_T_a1101,50,1105002,T,1101,REFERENCE,0.5,0.16871982999145985,0.9216069929050693
n50_i1105002_T_a1101_REFERENCE,n50_i1105002_T_a1101,50,1105002,T,1101,REFERENCE,0.75,0.1923302821815014,0.9315501376353625
n50_i1105002_T_a1101_REFERENCE,n50_i1105002_T_a1101,50,1105002,T,1101,REFERENCE,0.9,0.003921717405319214,0.9341435678549768
n50_i1105002_T_a1101_REFERENCE,n50_i1105002_T_a1101,50,1105002,T,1101,REFERENCE,1.0,0.3246582876890898,0.9380901485882989
n50_i1105002_T_a1101_W,n50_i1105002_T_a1101,50,1105002,T,1101,W,0.1,0.003266129642724991,0.6509435607349855
n50_i1105002_T_a1101_W,n50_i1105002_T_a1101,50,1105002,T,1101,W,0.25,0.23071995936334133,0.8236022594462764
n50_i1105002_T_a1101_W,n50_i1105002_T_a1101,50,1105002,T,1101,W,0.5,0.11579346191138029,0.9574743018267877
n50_i1105002_T_a1101_W,n50_i1105002_T_a1101,50,1105002,T,1101,W,0.75,0.037879773415625095,0.9805262405929663
n50_i1105002_T_a1101_W,n50_i1105002_T_a1101,50,1105002,T,1101,W,0.9,0.06481959111988544,0.9895724837240688
n50_i1105002_T_a1101_W,n50_i1105002_T_a1101,50,1105002,T,1101,W,1.0,0.11106652300804853,0.9911408708606918
n50_i1105002_T_a1101_GW,n50_i1105002_T_a1101,50,1105002,T,1101,GW,0.1,0.062063781544566154,0.6510900402342665
n50_i1105002_T_a1101_GW,n50_i1105002_T_a1101,50,1105002,T,1101,GW,0.25,0.009223608300089836,0.8239898885920445
n50_i1105002_T_a1101_GW,n50_i1105002_T_a1101,50,1105002,T,1101,GW,0.5,0.0032413695007562637,0.9886780331127694
n50_i1105002_T_a1101_GW,n50_i1105002_T_a1101,50,1105002,T,1101,GW,0.75,0.01912410743534565,1.0523070494424651
n50_i1105002_T_a1101_GW,n50_i1105002_T_a1101,50,1105002,T,1101,GW,0.9,0.010388649068772793,1.1012289687056467
n50_i1105002_T_a1101_GW,n50_i1105002_T_a1101,50,1105002,T,1101,GW,1.0,0.2064940445125103,1.1018464919859794
n50_i1105002_T_a1101_LEGACY,n50_i1105002_T_a1101,50,1105002,T,1101,LEGACY,0.1,0.00039159413427114487,0.6218869953159587
n50_i1105002_T_a1101_LEGACY,n50_i1105002_T_a1101,50,1105002,T,1101,LEGACY,0.25,0.019763842225074768,0.7798796870161466
n50_i1105002_T_a1101_LEGACY,n50_i1105002_T_a1101,50,1105002,T,1101,LEGACY,0.5,0.08318196423351765,0.9072516195066792
n50_i1105002_T_a1101_LEGACY,n50_i1105002_T_a1101,50,1105002,T,1101,LEGACY,0.75,0.03244533482939005,0.9340871347276761
n50_i1105002_T_a1101_LEGACY,n50_i1105002_T_a1101,50,1105002,T,1101,LEGACY,0.9,0.002522716298699379,0.9389810665230137
n50_i1105002_T_a1101_LEGACY,n50_i1105002_T_a1101,50,1105002,T,1101,LEGACY,1.0,0.36740979086607695,0.9436030660002335
n50_i1105002_T_a2202_GW,n50_i1105002_T_a2202,50,1105002,T,2202,GW,0.1,0.00205024890601635,0.7018961929026218
n50_i1105002_T_a2202_GW,n50_i1105002_T_a2202,50,1105002,T,2202,GW,0.25,0.06136946193873882,0.9301073977392431
n50_i1105002_T_a2202_GW,n50_i1105002_T_a2202,50,1105002,T,2202,GW,0.5,0.0020149564370512962,0.9572315204649736
n50_i1105002_T_a2202_GW,n50_i1105002_T_a2202,50,1105002,T,2202,GW,0.75,0.002833201549947262,0.9974870324846459
n50_i1105002_T_a2202_GW,n50_i1105002_T_a2202,50,1105002,T,2202,GW,0.9,0.026818037033081055,1.0218857185985057
n50_i1105002_T_a2202_GW,n50_i1105002_T_a2202,50,1105002,T,2202,GW,1.0,0.00280634593218565,1.034300141496477
n50_i1105002_T_a2202_LEGACY,n50_i1105002_T_a2202,50,1105002,T,2202,LEGACY,0.1,0.038641574792563915,0.563915586793183
n50_i1105002_T_a2202_LEGACY,n50_i1105002_T_a2202,50,1105002,T,2202,LEGACY,0.25,0.004515097476541996,0.6767453192611995
n50_i1105002_T_a2202_LEGACY,n50_i1105002_T_a2202,50,1105002,T,2202,LEGACY,0.5,0.01577503327280283,0.7405944174263591
n50_i1105002_T_a2202_LEGACY,n50_i1105002_T_a2202,50,1105002,T,2202,LEGACY,0.75,0.002511276863515377,0.7807384373473768
n50_i1105002_T_a2202_LEGACY,n50_i1105002_T_a2202,50,1105002,T,2202,LEGACY,0.9,0.0005832072347402573,0.8463307470364614
n50_i1105002_T_a2202_LEGACY,n50_i1105002_T_a2202,50,1105002,T,2202,LEGACY,1.0,0.20699353888630867,0.9105386090285382
n50_i1105002_T_a2202_REFERENCE,n50_i1105002_T_a2202,50,1105002,T,2202,REFERENCE,0.1,0.012290344573557377,0.4900732234795372
n50_i1105002_T_a2202_REFERENCE,n50_i1105002_T_a2202,50,1105002,T,2202,REFERENCE,0.25,0.009845106862485409,0.6585211999691892
n50_i1105002_T_a2202_REFERENCE,n50_i1105002_T_a2202,50,1105002,T,2202,REFERENCE,0.5,0.0024442318826913834,0.8243703874256486
n50_i1105002_T_a2202_REFERENCE,n50_i1105002_T_a2202,50,1105002,T,2202,REFERENCE,0.75,0.000513964332640171,0.8444533183137211
n50_i1105002_T_a2202_REFERENCE,n50_i1105002_T_a2202,50,1105002,T,2202,REFERENCE,0.9,0.032487801276147366,0.855538887562997
n50_i1105002_T_a2202_REFERENCE,n50_i1105002_T_a2202,50,1105002,T,2202,REFERENCE,1.0,0.2908623917028308,0.8558173248870613
n50_i1105002_T_a2202_W,n50_i1105002_T_a2202,50,1105002,T,2202,W,0.1,0.0018559983000159264,0.7018961929026218
n50_i1105002_T_a2202_W,n50_i1105002_T_a2202,50,1105002,T,2202,W,0.25,0.0022700978443026543,0.9301073977392431
n50_i1105002_T_a2202_W,n50_i1105002_T_a2202,50,1105002,T,2202,W,0.5,0.007871131412684917,0.9581592199131307
n50_i1105002_T_a2202_W,n50_i1105002_T_a2202,50,1105002,T,2202,W,0.75,0.15141033567488194,0.9868690572839753
n50_i1105002_T_a2202_W,n50_i1105002_T_a2202,50,1105002,T,2202,W,0.9,0.12344744522124529,1.002535705106462
n50_i1105002_T_a2202_W,n50_i1105002_T_a2202,50,1105002,T,2202,W,1.0,0.32521028630435467,1.005473938888131
n50_i1105003_H_a2202_W,n50_i1105003_H_a2202,50,1105003,H,2202,W,0.1,0.05822700262069702,0.39813132058039064
n50_i1105003_H_a2202_W,n50_i1105003_H_a2202,50,1105003,H,2202,W,0.25,0.0013334890827536583,0.5749979008766012
n50_i1105003_H_a2202_W,n50_i1105003_H_a2202,50,1105003,H,2202,W,0.5,0.12332527805119753,0.7085701664259834
n50_i1105003_H_a2202_W,n50_i1105003_H_a2202,50,1105003,H,2202,W,0.75,0.07339384593069553,0.736955509909206
n50_i1105003_H_a2202_W,n50_i1105003_H_a2202,50,1105003,H,2202,W,0.9,0.1834769193083048,0.769095275181382
n50_i1105003_H_a2202_W,n50_i1105003_H_a2202,50,1105003,H,2202,W,1.0,0.2151335161179304,0.7706004809810727
n50_i1105003_H_a2202_GW,n50_i1105003_H_a2202,50,1105003,H,2202,GW,0.1,0.09965407568961382,0.40855309294112496
n50_i1105003_H_a2202_GW,n50_i1105003_H_a2202,50,1105003,H,2202,GW,0.25,0.0016521941870450974,0.602420580969932
n50_i1105003_H_a2202_GW,n50_i1105003_H_a2202,50,1105003,H,2202,GW,0.5,0.004873514175415039,0.7301908411321782
n50_i1105003_H_a2202_GW,n50_i1105003_H_a2202,50,1105003,H,2202,GW,0.75,0.1803957149386406,0.8161580695228614
n50_i1105003_H_a2202_GW,n50_i1105003_H_a2202,50,1105003,H,2202,GW,0.9,0.001300271600484848,0.8232638129299154
n50_i1105003_H_a2202_GW,n50_i1105003_H_a2202,50,1105003,H,2202,GW,1.0,0.16616625804454088,0.8242849297952524
n50_i1105003_H_a2202_LEGACY,n50_i1105003_H_a2202,50,1105003,H,2202,LEGACY,0.1,0.0019615450873970985,0.5594564534612225
n50_i1105003_H_a2202_LEGACY,n50_i1105003_H_a2202,50,1105003,H,2202,LEGACY,0.25,0.05680330656468868,0.7616832296369888
n50_i1105003_H_a2202_LEGACY,n50_i1105003_H_a2202,50,1105003,H,2202,LEGACY,0.5,0.041825613938272,0.9164725429655263
n50_i1105003_H_a2202_LEGACY,n50_i1105003_H_a2202,50,1105003,H,2202,LEGACY,0.75,0.0034719547256827354,0.9279818726077039
n50_i1105003_H_a2202_LEGACY,n50_i1105003_H_a2202,50,1105003,H,2202,LEGACY,0.9,0.008373620919883251,0.9398541175082432
n50_i1105003_H_a2202_LEGACY,n50_i1105003_H_a2202,50,1105003,H,2202,LEGACY,1.0,0.016976557672023773,0.9441210401432988
n50_i1105003_H_a2202_REFERENCE,n50_i1105003_H_a2202,50,1105003,H,2202,REFERENCE,0.1,0.0024423282593488693,0.4496070148647964
n50_i1105003_H_a2202_REFERENCE,n50_i1105003_H_a2202,50,1105003,H,2202,REFERENCE,0.25,0.00046436581760644913,0.6226797325026742
n50_i1105003_H_a2202_REFERENCE,n50_i1105003_H_a2202,50,1105003,H,2202,REFERENCE,0.5,0.0019657202064990997,0.6711750995503348
n50_i1105003_H_a2202_REFERENCE,n50_i1105003_H_a2202,50,1105003,H,2202,REFERENCE,0.75,0.0032983608543872833,0.6887520777239285
n50_i1105003_H_a2202_REFERENCE,n50_i1105003_H_a2202,50,1105003,H,2202,REFERENCE,0.9,0.3123932760208845,0.6967782946426523
n50_i1105003_H_a2202_REFERENCE,n50_i1105003_H_a2202,50,1105003,H,2202,REFERENCE,1.0,0.22652285359799862,0.72021860908449
n50_i1105003_H_a1101_LEGACY,n50_i1105003_H_a1101,50,1105003,H,1101,LEGACY,0.1,0.15556719433516264,0.4760108332677085
n50_i1105003_H_a1101_LEGACY,n50_i1105003_H_a1101,50,1105003,H,1101,LEGACY,0.25,0.001560988835990429,0.6245575129522764
n50_i1105003_H_a1101_LEGACY,n50_i1105003_H_a1101,50,1105003,H,1101,LEGACY,0.5,0.05171120725572109,0.7173056770094368
n50_i1105003_H_a1101_LEGACY,n50_i1105003_H_a1101,50,1105003,H,1101,LEGACY,0.75,0.02737156953662634,0.760791691501026
n50_i1105003_H_a1101_LEGACY,n50_i1105003_H_a1101,50,1105003,H,1101,LEGACY,0.9,0.0012501506134867668,0.7674501563544049
n50_i1105003_H_a1101_LEGACY,n50_i1105003_H_a1101,50,1105003,H,1101,LEGACY,1.0,0.23820958472788334,0.7683072874347845
n50_i1105003_H_a1101_REFERENCE,n50_i1105003_H_a1101,50,1105003,H,1101,REFERENCE,0.1,0.02183014526963234,0.34694736362479905
n50_i1105003_H_a1101_REFERENCE,n50_i1105003_H_a1101,50,1105003,H,1101,REFERENCE,0.25,0.002844887785613537,0.7060150038598063
n50_i1105003_H_a1101_REFERENCE,n50_i1105003_H_a1101,50,1105003,H,1101,REFERENCE,0.5,0.021569183096289635,0.9104947096559416
n50_i1105003_H_a1101_REFERENCE,n50_i1105003_H_a1101,50,1105003,H,1101,REFERENCE,0.75,0.05826426390558481,0.9524339177781007
n50_i1105003_H_a1101_REFERENCE,n50_i1105003_H_a1101,50,1105003,H,1101,REFERENCE,0.9,0.001250607892870903,0.9556094674415954
n50_i1105003_H_a1101_REFERENCE,n50_i1105003_H_a1101,50,1105003,H,1101,REFERENCE,1.0,0.2484976863488555,0.9558128611736708
n50_i1105003_H_a1101_W,n50_i1105003_H_a1101,50,1105003,H,1101,W,0.1,0.15276234596967697,0.334355770600842
n50_i1105003_H_a1101_W,n50_i1105003_H_a1101,50,1105003,H,1101,W,0.25,0.010565681383013725,0.525174660499054
n50_i1105003_H_a1101_W,n50_i1105003_H_a1101,50,1105003,H,1101,W,0.5,0.06362801790237427,0.6798502743280369
n50_i1105003_H_a1101_W,n50_i1105003_H_a1101,50,1105003,H,1101,W,0.75,0.023948035202920437,0.7726326931753208
n50_i1105003_H_a1101_W,n50_i1105003_H_a1101,50,1105003,H,1101,W,0.9,0.002167654223740101,0.8270864693982316
n50_i1105003_H_a1101_W,n50_i1105003_H_a1101,50,1105003,H,1101,W,1.0,0.05465660244226456,0.8526857368647421
n50_i1105003_H_a1101_GW,n50_i1105003_H_a1101,50,1105003,H,1101,GW,0.1,0.0496981181204319,0.3239360064980644
n50_i1105003_H_a1101_GW,n50_i1105003_H_a1101,50,1105003,H,1101,GW,0.25,0.20452854596078396,0.525164981354148
n50_i1105003_H_a1101_GW,n50_i1105003_H_a1101,50,1105003,H,1101,GW,0.5,0.0029565347358584404,0.6570743237174871
n50_i1105003_H_a1101_GW,n50_i1105003_H_a1101,50,1105003,H,1101,GW,0.75,0.016139316372573376,0.7337885233259491
n50_i1105003_H_a1101_GW,n50_i1105003_H_a1101,50,1105003,H,1101,GW,0.9,0.0005085477605462074,0.7624113515431195
n50_i1105003_H_a1101_GW,n50_i1105003_H_a1101,50,1105003,H,1101,GW,1.0,0.017271251417696476,0.774215305796451
n50_i1105003_T_a2202_GW,n50_i1105003_T_a2202,50,1105003,T,2202,GW,0.1,0.19467328768223524,0.5885267406997216
n50_i1105003_T_a2202_GW,n50_i1105003_T_a2202,50,1105003,T,2202,GW,0.25,0.030143498443067074,0.8391764657423202
n50_i1105003_T_a2202_GW,n50_i1105003_T_a2202,50,1105003,T,2202,GW,0.5,0.33393543120473623,0.8917939343070428
n50_i1105003_T_a2202_GW,n50_i1105003_T_a2202,50,1105003,T,2202,GW,0.75,0.03155591245740652,0.9277286066226432
n50_i1105003_T_a2202_GW,n50_i1105003_T_a2202,50,1105003,T,2202,GW,0.9,0.021388359367847443,0.949970013837247
n50_i1105003_T_a2202_GW,n50_i1105003_T_a2202,50,1105003,T,2202,GW,1.0,0.5071744751185179,0.9834910996392198
n50_i1105003_T_a2202_LEGACY,n50_i1105003_T_a2202,50,1105003,T,2202,LEGACY,0.1,0.0025063278153538704,0.6501912116984061
n50_i1105003_T_a2202_LEGACY,n50_i1105003_T_a2202,50,1105003,T,2202,LEGACY,0.25,0.003131857141852379,0.8713591288029855
n50_i1105003_T_a2202_LEGACY,n50_i1105003_T_a2202,50,1105003,T,2202,LEGACY,0.5,0.017950975336134434,0.9705205256862675
n50_i1105003_T_a2202_LEGACY,n50_i1105003_T_a2202,50,1105003,T,2202,LEGACY,0.75,0.01747822016477585,1.0237222359250082
n50_i1105003_T_a2202_LEGACY,n50_i1105003_T_a2202,50,1105003,T,2202,LEGACY,0.9,0.08548843581229448,1.046223280345988
n50_i1105003_T_a2202_LEGACY,n50_i1105003_T_a2202,50,1105003,T,2202,LEGACY,1.0,0.255406204611063,1.0509227970958654
n50_i1105003_T_a2202_REFERENCE,n50_i1105003_T_a2202,50,1105003,T,2202,REFERENCE,0.1,0.03378047328442335,0.6075875517897306
n50_i1105003_T_a2202_REFERENCE,n50_i1105003_T_a2202,50,1105003,T,2202,REFERENCE,0.25,0.043392361141741276,0.6974994380164778
n50_i1105003_T_a2202_REFERENCE,n50_i1105003_T_a2202,50,1105003,T,2202,REFERENCE,0.5,0.07081056572496891,0.7610995236280317
n50_i1105003_T_a2202_REFERENCE,n50_i1105003_T_a2202,50,1105003,T,2202,REFERENCE,0.75,0.03580577950924635,0.812417422501735
n50_i1105003_T_a2202_REFERENCE,n50_i1105003_T_a2202,50,1105003,T,2202,REFERENCE,0.9,0.02070559747517109,0.8278103887421887
n50_i1105003_T_a2202_REFERENCE,n50_i1105003_T_a2202,50,1105003,T,2202,REFERENCE,1.0,0.4706791965290904,0.8337606063739941
n50_i1105003_T_a2202_W,n50_i1105003_T_a2202,50,1105003,T,2202,W,0.1,0.0030216388404369354,0.5893290581952452
n50_i1105003_T_a2202_W,n50_i1105003_T_a2202,50,1105003,T,2202,W,0.25,0.013152510859072208,0.8378112308163319
n50_i1105003_T_a2202_W,n50_i1105003_T_a2202,50,1105003,T,2202,W,0.5,0.05262204725295305,0.8927739172404383
n50_i1105003_T_a2202_W,n50_i1105003_T_a2202,50,1105003,T,2202,W,0.75,0.012128065340220928,0.9549696543644052
n50_i1105003_T_a2202_W,n50_i1105003_T_a2202,50,1105003,T,2202,W,0.9,0.0669223926961422,0.9702237533296708
n50_i1105003_T_a2202_W,n50_i1105003_T_a2202,50,1105003,T,2202,W,1.0,0.03812554944306612,0.9920157154513912
n50_i1105003_T_a1101_REFERENCE,n50_i1105003_T_a1101,50,1105003,T,1101,REFERENCE,0.1,0.02534042950719595,0.6054053894350835
n50_i1105003_T_a1101_REFERENCE,n50_i1105003_T_a1101,50,1105003,T,1101,REFERENCE,0.25,0.034944334998726845,0.7436152118977714
n50_i1105003_T_a1101_REFERENCE,n50_i1105003_T_a1101,50,1105003,T,1101,REFERENCE,0.5,0.007645642384886742,0.8019729149174314
n50_i1105003_T_a1101_REFERENCE,n50_i1105003_T_a1101,50,1105003,T,1101,REFERENCE,0.75,0.06479042675346136,0.8418569862367121
n50_i1105003_T_a1101_REFERENCE,n50_i1105003_T_a1101,50,1105003,T,1101,REFERENCE,0.9,0.2760740965604782,0.846247570568172
n50_i1105003_T_a1101_REFERENCE,n50_i1105003_T_a1101,50,1105003,T,1101,REFERENCE,1.0,0.015463761985301971,0.846902210918543
n50_i1105003_T_a1101_W,n50_i1105003_T_a1101,50,1105003,T,1101,W,0.1,0.007044234313070774,0.6188752869761479
n50_i1105003_T_a1101_W,n50_i1105003_T_a1101,50,1105003,T,1101,W,0.25,0.11973983515053988,0.7377055238458126
n50_i1105003_T_a1101_W,n50_i1105003_T_a1101,50,1105003,T,1101,W,0.5,0.14997156988829374,0.8594154036046047
n50_i1105003_T_a1101_W,n50_i1105003_T_a1101,50,1105003,T,1101,W,0.75,0.10277987271547318,0.9587107319748537
n50_i1105003_T_a1101_W,n50_i1105003_T_a1101,50,1105003,T,1101,W,0.9,0.06555946171283722,0.9875931156723639
n50_i1105003_T_a1101_W,n50_i1105003_T_a1101,50,1105003,T,1101,W,1.0,0.3946446133777499,1.0124444087702325
n50_i1105003_T_a1101_GW,n50_i1105003_T_a1101,50,1105003,T,1101,GW,0.1,0.0251183919608593,0.6072854827793993
n50_i1105003_T_a1101_GW,n50_i1105003_T_a1101,50,1105003,T,1101,GW,0.25,0.013697408139705658,0.737481369427028
n50_i1105003_T_a1101_GW,n50_i1105003_T_a1101,50,1105003,T,1101,GW,0.5,0.007599563337862492,0.8252378989300648
n50_i1105003_T_a1101_GW,n50_i1105003_T_a1101,50,1105003,T,1101,GW,0.75,0.007660969160497189,0.8788914471973552
n50_i1105003_T_a1101_GW,n50_i1105003_T_a1101,50,1105003,T,1101,GW,0.9,0.03718423470854759,0.9534881207988658
n50_i1105003_T_a1101_GW,n50_i1105003_T_a1101,50,1105003,T,1101,GW,1.0,0.13063439913094044,0.9708261234779708
n50_i1105003_T_a1101_LEGACY,n50_i1105003_T_a1101,50,1105003,T,1101,LEGACY,0.1,0.13644905015826225,0.5464361680601398
n50_i1105003_T_a1101_LEGACY,n50_i1105003_T_a1101,50,1105003,T,1101,LEGACY,0.25,0.07433613296598196,0.6848064884290871
n50_i1105003_T_a1101_LEGACY,n50_i1105003_T_a1101,50,1105003,T,1101,LEGACY,0.5,0.01641883049160242,0.7539235474339815
n50_i1105003_T_a1101_LEGACY,n50_i1105003_T_a1101,50,1105003,T,1101,LEGACY,0.75,0.27565726544708014,0.8100246011154011
n50_i1105003_T_a1101_LEGACY,n50_i1105003_T_a1101,50,1105003,T,1101,LEGACY,0.9,0.08264046348631382,0.8215530540789697
n50_i1105003_T_a1101_LEGACY,n50_i1105003_T_a1101,50,1105003,T,1101,LEGACY,1.0,0.05420084577053785,0.8239459405931315
n50_i1105004_H_a2202_W,n50_i1105004_H_a2202,50,1105004,H,2202,W,0.1,0.009977826848626137,0.5942361923284606
n50_i1105004_H_a2202_W,n50_i1105004_H_a2202,50,1105004,H,2202,W,0.25,0.016044365242123604,0.8263555339165621
n50_i1105004_H_a2202_W,n50_i1105004_H_a2202,50,1105004,H,2202,W,0.5,0.3194005945697427,0.9333159258484569
n50_i1105004_H_a2202_W,n50_i1105004_H_a2202,50,1105004,H,2202,W,0.75,0.2924456289038062,1.006950597923822
n50_i1105004_H_a2202_W,n50_i1105004_H_a2202,50,1105004,H,2202,W,0.9,0.06692564394325018,1.022653480273655
n50_i1105004_H_a2202_W,n50_i1105004_H_a2202,50,1105004,H,2202,W,1.0,0.22744012903422117,1.0286187126610833
n50_i1105004_H_a2202_GW,n50_i1105004_H_a2202,50,1105004,H,2202,GW,0.1,0.003194037824869156,0.5968453017232458
n50_i1105004_H_a2202_GW,n50_i1105004_H_a2202,50,1105004,H,2202,GW,0.25,0.0667407177388668,0.8022923646872457
n50_i1105004_H_a2202_GW,n50_i1105004_H_a2202,50,1105004,H,2202,GW,0.5,0.0012677013874053955,0.8343566524564482
n50_i1105004_H_a2202_GW,n50_i1105004_H_a2202,50,1105004,H,2202,GW,0.75,0.005474039353430271,0.9013784826732458
n50_i1105004_H_a2202_GW,n50_i1105004_H_a2202,50,1105004,H,2202,GW,0.9,0.0028028804808855057,0.9081514132551886
n50_i1105004_H_a2202_GW,n50_i1105004_H_a2202,50,1105004,H,2202,GW,1.0,0.31397578213363886,0.9098084988460302
n50_i1105004_H_a2202_LEGACY,n50_i1105004_H_a2202,50,1105004,H,2202,LEGACY,0.1,0.0949698481708765,0.5216303681740826
n50_i1105004_H_a2202_LEGACY,n50_i1105004_H_a2202,50,1105004,H,2202,LEGACY,0.25,0.11285596992820501,0.6679870229940132
n50_i1105004_H_a2202_LEGACY,n50_i1105004_H_a2202,50,1105004,H,2202,LEGACY,0.5,0.04905613046139479,0.6855737867577857
n50_i1105004_H_a2202_LEGACY,n50_i1105004_H_a2202,50,1105004,H,2202,LEGACY,0.75,0.6609252486377954,0.764479422669551
n50_i1105004_H_a2202_LEGACY,n50_i1105004_H_a2202,50,1105004,H,2202,LEGACY,0.9,0.09994735848158598,0.7648543191085408
n50_i1105004_H_a2202_LEGACY,n50_i1105004_H_a2202,50,1105004,H,2202,LEGACY,1.0,0.24413702078163624,0.7651553129572275
n50_i1105004_H_a2202_REFERENCE,n50_i1105004_H_a2202,50,1105004,H,2202,REFERENCE,0.1,0.01581476256251335,0.5295824072531247
n50_i1105004_H_a2202_REFERENCE,n50_i1105004_H_a2202,50,1105004,H,2202,REFERENCE,0.25,0.018766028806567192,0.6724965851692745
n50_i1105004_H_a2202_REFERENCE,n50_i1105004_H_a2202,50,1105004,H,2202,REFERENCE,0.5,0.023603527806699276,0.7341465607634013
n50_i1105004_H_a2202_REFERENCE,n50_i1105004_H_a2202,50,1105004,H,2202,REFERENCE,0.75,0.004820358008146286,0.8812605081408184
n50_i1105004_H_a2202_REFERENCE,n50_i1105004_H_a2202,50,1105004,H,2202,REFERENCE,0.9,0.011885789223015308,0.8855751588905696
n50_i1105004_H_a2202_REFERENCE,n50_i1105004_H_a2202,50,1105004,H,2202,REFERENCE,1.0,0.13466689828783274,0.8856373316057158
n50_i1105004_H_a1101_LEGACY,n50_i1105004_H_a1101,50,1105004,H,1101,LEGACY,0.1,0.002849522978067398,0.5389617051526938
n50_i1105004_H_a1101_LEGACY,n50_i1105004_H_a1101,50,1105004,H,1101,LEGACY,0.25,0.06806542910635471,0.7605742014613939
n50_i1105004_H_a1101_LEGACY,n50_i1105004_H_a1101,50,1105004,H,1101,LEGACY,0.5,0.15149173885583878,0.8660944907971472
n50_i1105004_H_a1101_LEGACY,n50_i1105004_H_a1101,50,1105004,H,1101,LEGACY,0.75,0.005373947322368622,0.9777161403476066
n50_i1105004_H_a1101_LEGACY,n50_i1105004_H_a1101,50,1105004,H,1101,LEGACY,0.9,0.03324549179524183,1.0373991369700581
n50_i1105004_H_a1101_LEGACY,n50_i1105004_H_a1101,50,1105004,H,1101,LEGACY,1.0,0.2878114441409707,1.0382999738747665
n50_i1105004_H_a1101_REFERENCE,n50_i1105004_H_a1101,50,1105004,H,1101,REFERENCE,0.1,0.164061663672328,0.6025908681258719
n50_i1105004_H_a1101_REFERENCE,n50_i1105004_H_a1101,50,1105004,H,1101,REFERENCE,0.25,0.05814534332603216,0.7632367518172447
n50_i1105004_H_a1101_REFERENCE,n50_i1105004_H_a1101,50,1105004,H,1101,REFERENCE,0.5,0.012693584896624088,0.8569708035091411
n50_i1105004_H_a1101_REFERENCE,n50_i1105004_H_a1101,50,1105004,H,1101,REFERENCE,0.75,0.11086704954504967,0.8927602020042067
n50_i1105004_H_a1101_REFERENCE,n50_i1105004_H_a1101,50,1105004,H,1101,REFERENCE,0.9,0.036362758837640285,0.9690333256695233
n50_i1105004_H_a1101_REFERENCE,n50_i1105004_H_a1101,50,1105004,H,1101,REFERENCE,1.0,0.039561512880027294,0.9806006238805465
n50_i1105004_H_a1101_W,n50_i1105004_H_a1101,50,1105004,H,1101,W,0.1,0.032518086954951286,0.5890005844366527
n50_i1105004_H_a1101_W,n50_i1105004_H_a1101,50,1105004,H,1101,W,0.25,0.0022034859284758568,0.8842575722143421
n50_i1105004_H_a1101_W,n50_i1105004_H_a1101,50,1105004,H,1101,W,0.5,0.0012926505878567696,1.0281511999946777
n50_i1105004_H_a1101_W,n50_i1105004_H_a1101,50,1105004,H,1101,W,0.75,0.04533252213150263,1.060657282970793
n50_i1105004_H_a1101_W,n50_i1105004_H_a1101,50,1105004,H,1101,W,0.9,0.08425697404891253,1.0752071645493875
n50_i1105004_H_a1101_W,n50_i1105004_H_a1101,50,1105004,H,1101,W,1.0,0.1438122419640422,1.1244162999658212
n50_i1105004_H_a1101_GW,n50_i1105004_H_a1101,50,1105004,H,1101,GW,0.1,0.01771183032542467,0.5696216314304281
n50_i1105004_H_a1101_GW,n50_i1105004_H_a1101,50,1105004,H,1101,GW,0.25,0.197626949287951,0.7410204076630578
n50_i1105004_H_a1101_GW,n50_i1105004_H_a1101,50,1105004,H,1101,GW,0.5,0.19658509641885757,0.8283303634427417
n50_i1105004_H_a1101_GW,n50_i1105004_H_a1101,50,1105004,H,1101,GW,0.75,0.10065942257642746,1.0345568612919944
n50_i1105004_H_a1101_GW,n50_i1105004_H_a1101,50,1105004,H,1101,GW,0.9,0.1875071721151471,1.0455980220804397
n50_i1105004_H_a1101_GW,n50_i1105004_H_a1101,50,1105004,H,1101,GW,1.0,0.2560002086684108,1.125533816770509
n50_i1105004_T_a2202_GW,n50_i1105004_T_a2202,50,1105004,T,2202,GW,0.1,0.010960210114717484,0.5650667520330478
n50_i1105004_T_a2202_GW,n50_i1105004_T_a2202,50,1105004,T,2202,GW,0.25,0.051366024650633335,0.6721257621857837
n50_i1105004_T_a2202_GW,n50_i1105004_T_a2202,50,1105004,T,2202,GW,0.5,0.0206075981259346,0.7327466426895577
n50_i1105004_T_a2202_GW,n50_i1105004_T_a2202,50,1105004,T,2202,GW,0.75,0.031209060922265053,0.7420938136173554
n50_i1105004_T_a2202_GW,n50_i1105004_T_a2202,50,1105004,T,2202,GW,0.9,0.10342051461338997,0.7493428177939133
n50_i1105004_T_a2202_GW,n50_i1105004_T_a2202,50,1105004,T,2202,GW,1.0,0.02865225449204445,0.7580054533009126
n50_i1105004_T_a2202_LEGACY,n50_i1105004_T_a2202,50,1105004,T,2202,LEGACY,0.1,0.04838460776954889,0.12585099552777426
n50_i1105004_T_a2202_LEGACY,n50_i1105004_T_a2202,50,1105004,T,2202,LEGACY,0.25,0.07510793581604958,0.37821838557127135
n50_i1105004_T_a2202_LEGACY,n50_i1105004_T_a2202,50,1105004,T,2202,LEGACY,0.5,0.00025936122983694077,0.8676917085393776
n50_i1105004_T_a2202_LEGACY,n50_i1105004_T_a2202,50,1105004,T,2202,LEGACY,0.75,0.061999605037271976,0.9663513160141792
n50_i1105004_T_a2202_LEGACY,n50_i1105004_T_a2202,50,1105004,T,2202,LEGACY,0.9,0.039908585138618946,0.9734907128737194
n50_i1105004_T_a2202_LEGACY,n50_i1105004_T_a2202,50,1105004,T,2202,LEGACY,1.0,0.227548454888165,0.9788043080957797
n50_i1105004_T_a2202_REFERENCE,n50_i1105004_T_a2202,50,1105004,T,2202,REFERENCE,0.1,0.0005459850654006004,0.1340363016028101
n50_i1105004_T_a2202_REFERENCE,n50_i1105004_T_a2202,50,1105004,T,2202,REFERENCE,0.25,0.05317950341850519,0.42895887889062423
n50_i1105004_T_a2202_REFERENCE,n50_i1105004_T_a2202,50,1105004,T,2202,REFERENCE,0.5,0.16432609502226114,0.7501620823104498
n50_i1105004_T_a2202_REFERENCE,n50_i1105004_T_a2202,50,1105004,T,2202,REFERENCE,0.75,0.05379294604063034,0.9674767690000917
n50_i1105004_T_a2202_REFERENCE,n50_i1105004_T_a2202,50,1105004,T,2202,REFERENCE,0.9,0.056424280628561974,0.9901517834188536
n50_i1105004_T_a2202_REFERENCE,n50_i1105004_T_a2202,50,1105004,T,2202,REFERENCE,1.0,0.16168696153908968,1.0535542758211252
n50_i1105004_T_a2202_W,n50_i1105004_T_a2202,50,1105004,T,2202,W,0.1,0.018620898947119713,0.5650667520330478
n50_i1105004_T_a2202_W,n50_i1105004_T_a2202,50,1105004,T,2202,W,0.25,0.22853445261716843,0.6668030552904588
n50_i1105004_T_a2202_W,n50_i1105004_T_a2202,50,1105004,T,2202,W,0.5,0.04745656903833151,0.9621840297016102
n50_i1105004_T_a2202_W,n50_i1105004_T_a2202,50,1105004,T,2202,W,0.75,0.17701548989862204,0.9777309821255127
n50_i1105004_T_a2202_W,n50_i1105004_T_a2202,50,1105004,T,2202,W,0.9,0.3891192898154259,0.9885397685020915
n50_i1105004_T_a2202_W,n50_i1105004_T_a2202,50,1105004,T,2202,W,1.0,0.13621639739722013,0.9930943755559934
n50_i1105004_T_a1101_REFERENCE,n50_i1105004_T_a1101,50,1105004,T,1101,REFERENCE,0.1,0.002492356114089489,0.3975341730391759
n50_i1105004_T_a1101_REFERENCE,n50_i1105004_T_a1101,50,1105004,T,1101,REFERENCE,0.25,0.008294918574392796,0.5946969905948486
n50_i1105004_T_a1101_REFERENCE,n50_i1105004_T_a1101,50,1105004,T,1101,REFERENCE,0.5,0.008694801479578018,0.6478552287457859
n50_i1105004_T_a1101_REFERENCE,n50_i1105004_T_a1101,50,1105004,T,1101,REFERENCE,0.75,0.19115803483873606,0.6692587471850118
n50_i1105004_T_a1101_REFERENCE,n50_i1105004_T_a1101,50,1105004,T,1101,REFERENCE,0.9,0.027748568914830685,0.8884527413613315
n50_i1105004_T_a1101_REFERENCE,n50_i1105004_T_a1101,50,1105004,T,1101,REFERENCE,1.0,0.088960450142622,0.8911023192861663
n50_i1105004_T_a1101_W,n50_i1105004_T_a1101,50,1105004,T,1101,W,0.1,0.038325851783156395,0.3477339006328396
n50_i1105004_T_a1101_W,n50_i1105004_T_a1101,50,1105004,T,1101,W,0.25,0.02664890233427286,0.5921143937742231
n50_i1105004_T_a1101_W,n50_i1105004_T_a1101,50,1105004,T,1101,W,0.5,0.02139536663889885,0.600990167097285
n50_i1105004_T_a1101_W,n50_i1105004_T_a1101,50,1105004,T,1101,W,0.75,0.0975235691294074,0.6762305667270295
n50_i1105004_T_a1101_W,n50_i1105004_T_a1101,50,1105004,T,1101,W,0.9,0.07710019964724779,0.6811458951172777
n50_i1105004_T_a1101_W,n50_i1105004_T_a1101,50,1105004,T,1101,W,1.0,0.11427825223654509,0.7642492664960877
n50_i1105004_T_a1101_GW,n50_i1105004_T_a1101,50,1105004,T,1101,GW,0.1,0.0027150744572281837,0.3482733799210397
n50_i1105004_T_a1101_GW,n50_i1105004_T_a1101,50,1105004,T,1101,GW,0.25,0.006103599444031715,0.5655774353775548
n50_i1105004_T_a1101_GW,n50_i1105004_T_a1101,50,1105004,T,1101,GW,0.5,0.06534768547862768,0.6992547128175439
n50_i1105004_T_a1101_GW,n50_i1105004_T_a1101,50,1105004,T,1101,GW,0.75,0.19727883953601122,0.7132746678510811
n50_i1105004_T_a1101_GW,n50_i1105004_T_a1101,50,1105004,T,1101,GW,0.9,0.021020096726715565,0.7277835309647218
n50_i1105004_T_a1101_GW,n50_i1105004_T_a1101,50,1105004,T,1101,GW,1.0,0.58730249106884,0.7564556777934938
n50_i1105004_T_a1101_LEGACY,n50_i1105004_T_a1101,50,1105004,T,1101,LEGACY,0.1,0.022911003790795803,0.20982968669291147
n50_i1105004_T_a1101_LEGACY,n50_i1105004_T_a1101,50,1105004,T,1101,LEGACY,0.25,0.02602042816579342,0.48929239697817706
n50_i1105004_T_a1101_LEGACY,n50_i1105004_T_a1101,50,1105004,T,1101,LEGACY,0.5,0.06849405355751514,0.7239890983022749
n50_i1105004_T_a1101_LEGACY,n50_i1105004_T_a1101,50,1105004,T,1101,LEGACY,0.75,0.16184174548834562,0.847156542512608
n50_i1105004_T_a1101_LEGACY,n50_i1105004_T_a1101,50,1105004,T,1101,LEGACY,0.9,0.003167496994137764,0.8760352663262491
n50_i1105004_T_a1101_LEGACY,n50_i1105004_T_a1101,50,1105004,T,1101,LEGACY,1.0,0.017152895219624043,0.8824760991997106
n50_i1105005_H_a1101_LEGACY,n50_i1105005_H_a1101,50,1105005,H,1101,LEGACY,0.1,0.004949875175952911,0.8117038409153229
n50_i1105005_H_a1101_LEGACY,n50_i1105005_H_a1101,50,1105005,H,1101,LEGACY,0.25,0.00454749446362257,0.8491944772403583
n50_i1105005_H_a1101_LEGACY,n50_i1105005_H_a1101,50,1105005,H,1101,LEGACY,0.5,0.036581797525286674,0.877070012689037
n50_i1105005_H_a1101_LEGACY,n50_i1105005_H_a1101,50,1105005,H,1101,LEGACY,0.75,0.0064212484285235405,0.971817431541701
n50_i1105005_H_a1101_LEGACY,n50_i1105005_H_a1101,50,1105005,H,1101,LEGACY,0.9,0.02526523917913437,0.9868143800800453
n50_i1105005_H_a1101_LEGACY,n50_i1105005_H_a1101,50,1105005,H,1101,LEGACY,1.0,0.09546205587685108,0.9875716196481241
n50_i1105005_H_a1101_REFERENCE,n50_i1105005_H_a1101,50,1105005,H,1101,REFERENCE,0.1,0.03343026991933584,0.6180432054160745
n50_i1105005_H_a1101_REFERENCE,n50_i1105005_H_a1101,50,1105005,H,1101,REFERENCE,0.25,0.0013359664008021355,0.7873039402656996
n50_i1105005_H_a1101_REFERENCE,n50_i1105005_H_a1101,50,1105005,H,1101,REFERENCE,0.5,0.0012662634253501892,1.0526941528461948
n50_i1105005_H_a1101_REFERENCE,n50_i1105005_H_a1101,50,1105005,H,1101,REFERENCE,0.75,0.19768471829593182,1.0749264523890605
n50_i1105005_H_a1101_REFERENCE,n50_i1105005_H_a1101,50,1105005,H,1101,REFERENCE,0.9,0.06174078211188316,1.0766261330926306
n50_i1105005_H_a1101_REFERENCE,n50_i1105005_H_a1101,50,1105005,H,1101,REFERENCE,1.0,0.13041868060827255,1.0782137091323531
n50_i1105005_H_a1101_W,n50_i1105005_H_a1101,50,1105005,H,1101,W,0.1,0.0077763572335243225,0.6590600970699021
n50_i1105005_H_a1101_W,n50_i1105005_H_a1101,50,1105005,H,1101,W,0.25,0.039036340080201626,0.8441590331318187
n50_i1105005_H_a1101_W,n50_i1105005_H_a1101,50,1105005,H,1101,W,0.5,0.11434931866824627,0.9111997729418551
n50_i1105005_H_a1101_W,n50_i1105005_H_a1101,50,1105005,H,1101,W,0.75,0.00763488095253706,0.9336499842767738
n50_i1105005_H_a1101_W,n50_i1105005_H_a1101,50,1105005,H,1101,W,0.9,0.02756456471979618,0.9444063798613522
n50_i1105005_H_a1101_W,n50_i1105005_H_a1101,50,1105005,H,1101,W,1.0,0.18008132930845022,0.9466380473761484
n50_i1105005_H_a1101_GW,n50_i1105005_H_a1101,50,1105005,H,1101,GW,0.1,0.028372924774885178,0.6590600970699021
n50_i1105005_H_a1101_GW,n50_i1105005_H_a1101,50,1105005,H,1101,GW,0.25,0.0010649235919117928,0.8455216677375562
n50_i1105005_H_a1101_GW,n50_i1105005_H_a1101,50,1105005,H,1101,GW,0.5,0.09707500413060188,0.9225831756260301
n50_i1105005_H_a1101_GW,n50_i1105005_H_a1101,50,1105005,H,1101,GW,0.75,0.17891373671591282,0.9901023618217978
n50_i1105005_H_a1101_GW,n50_i1105005_H_a1101,50,1105005,H,1101,GW,0.9,0.01980380993336439,1.0551681901893302
n50_i1105005_H_a1101_GW,n50_i1105005_H_a1101,50,1105005,H,1101,GW,1.0,0.12496965657919645,1.0564396384691415
n50_i1105005_H_a2202_W,n50_i1105005_H_a2202,50,1105005,H,2202,W,0.1,0.0010079946368932724,0.5727911528068309
n50_i1105005_H_a2202_W,n50_i1105005_H_a2202,50,1105005,H,2202,W,0.25,0.00255658570677042,0.6852676043948382
n50_i1105005_H_a2202_W,n50_i1105005_H_a2202,50,1105005,H,2202,W,0.5,0.0009123673662543297,0.8340632575656398
n50_i1105005_H_a2202_W,n50_i1105005_H_a2202,50,1105005,H,2202,W,0.75,0.016685510985553265,0.9788072042443063
n50_i1105005_H_a2202_W,n50_i1105005_H_a2202,50,1105005,H,2202,W,0.9,0.04338282719254494,1.0310329047374627
n50_i1105005_H_a2202_W,n50_i1105005_H_a2202,50,1105005,H,2202,W,1.0,0.8230102714151144,1.064969386087084
n50_i1105005_H_a2202_GW,n50_i1105005_H_a2202,50,1105005,H,2202,GW,0.1,0.02660028263926506,0.572722007855657
n50_i1105005_H_a2202_GW,n50_i1105005_H_a2202,50,1105005,H,2202,GW,0.25,0.0031051654368638992,0.6852676043948382
n50_i1105005_H_a2202_GW,n50_i1105005_H_a2202,50,1105005,H,2202,GW,0.5,0.0003538718447089195,0.8280195396183013
n50_i1105005_H_a2202_GW,n50_i1105005_H_a2202,50,1105005,H,2202,GW,0.75,0.021258411929011345,0.9180805115623254
n50_i1105005_H_a2202_GW,n50_i1105005_H_a2202,50,1105005,H,2202,GW,0.9,0.007099301554262638,0.9462680252209053
n50_i1105005_H_a2202_GW,n50_i1105005_H_a2202,50,1105005,H,2202,GW,1.0,0.4747826652601361,0.9742872226683644
n50_i1105005_H_a2202_LEGACY,n50_i1105005_H_a2202,50,1105005,H,2202,LEGACY,0.1,0.22851510532200336,0.5999364172085806
n50_i1105005_H_a2202_LEGACY,n50_i1105005_H_a2202,50,1105005,H,2202,LEGACY,0.25,0.0006502941250801086,0.9043550667448514
n50_i1105005_H_a2202_LEGACY,n50_i1105005_H_a2202,50,1105005,H,2202,LEGACY,0.5,0.05108904093503952,1.0315157394962264
n50_i1105005_H_a2202_LEGACY,n50_i1105005_H_a2202,50,1105005,H,2202,LEGACY,0.75,0.004217172972857952,1.0823373695893033
n50_i1105005_H_a2202_LEGACY,n50_i1105005_H_a2202,50,1105005,H,2202,LEGACY,0.9,0.034395056776702404,1.091777993899977
n50_i1105005_H_a2202_LEGACY,n50_i1105005_H_a2202,50,1105005,H,2202,LEGACY,1.0,0.2659059604629874,1.093551951406567
n50_i1105005_H_a2202_REFERENCE,n50_i1105005_H_a2202,50,1105005,H,2202,REFERENCE,0.1,0.003087315708398819,0.6787232934911616
n50_i1105005_H_a2202_REFERENCE,n50_i1105005_H_a2202,50,1105005,H,2202,REFERENCE,0.25,0.08049224317073822,0.9025895462301455
n50_i1105005_H_a2202_REFERENCE,n50_i1105005_H_a2202,50,1105005,H,2202,REFERENCE,0.5,0.011203562840819359,0.9609459488486296
n50_i1105005_H_a2202_REFERENCE,n50_i1105005_H_a2202,50,1105005,H,2202,REFERENCE,0.75,0.16323647648096085,0.9933905113082914
n50_i1105005_H_a2202_REFERENCE,n50_i1105005_H_a2202,50,1105005,H,2202,REFERENCE,0.9,0.04997629672288895,0.9956975843491999
n50_i1105005_H_a2202_REFERENCE,n50_i1105005_H_a2202,50,1105005,H,2202,REFERENCE,1.0,0.15876307245343924,0.9967186380628147
n50_i1105005_T_a2202_GW,n50_i1105005_T_a2202,50,1105005,T,2202,GW,0.1,0.02117889653891325,0.659973293011822
n50_i1105005_T_a2202_GW,n50_i1105005_T_a2202,50,1105005,T,2202,GW,0.25,0.0031935321167111397,0.7968227675290432
n50_i1105005_T_a2202_GW,n50_i1105005_T_a2202,50,1105005,T,2202,GW,0.5,0.0003359103575348854,0.9249730116361068
n50_i1105005_T_a2202_GW,n50_i1105005_T_a2202,50,1105005,T,2202,GW,0.75,0.0023883599787950516,0.9537859927423556
n50_i1105005_T_a2202_GW,n50_i1105005_T_a2202,50,1105005,T,2202,GW,0.9,0.5091194752603769,0.9601838637403848
n50_i1105005_T_a2202_GW,n50_i1105005_T_a2202,50,1105005,T,2202,GW,1.0,0.45436624344438314,0.9613790823539078
n50_i1105005_T_a2202_LEGACY,n50_i1105005_T_a2202,50,1105005,T,2202,LEGACY,0.1,0.040666451677680016,0.609946216821726
n50_i1105005_T_a2202_LEGACY,n50_i1105005_T_a2202,50,1105005,T,2202,LEGACY,0.25,0.010521356016397476,0.7246209020483491
n50_i1105005_T_a2202_LEGACY,n50_i1105005_T_a2202,50,1105005,T,2202,LEGACY,0.5,0.006532283499836922,0.7326501798730413
n50_i1105005_T_a2202_LEGACY,n50_i1105005_T_a2202,50,1105005,T,2202,LEGACY,0.75,0.031878805719316006,0.7605612959572831
n50_i1105005_T_a2202_LEGACY,n50_i1105005_T_a2202,50,1105005,T,2202,LEGACY,0.9,0.005998304113745689,0.7641927553552179
n50_i1105005_T_a2202_LEGACY,n50_i1105005_T_a2202,50,1105005,T,2202,LEGACY,1.0,0.14219306502491236,0.766656789991881
n50_i1105005_T_a2202_REFERENCE,n50_i1105005_T_a2202,50,1105005,T,2202,REFERENCE,0.1,0.0025435835123062134,0.6325997347719797
n50_i1105005_T_a2202_REFERENCE,n50_i1105005_T_a2202,50,1105005,T,2202,REFERENCE,0.25,0.00044441502541303635,0.7906359567632435
n50_i1105005_T_a2202_REFERENCE,n50_i1105005_T_a2202,50,1105005,T,2202,REFERENCE,0.5,0.0005699377506971359,0.8909714362639676
n50_i1105005_T_a2202_REFERENCE,n50_i1105005_T_a2202,50,1105005,T,2202,REFERENCE,0.75,0.009563877247273922,0.97165377735164
n50_i1105005_T_a2202_REFERENCE,n50_i1105005_T_a2202,50,1105005,T,2202,REFERENCE,0.9,0.17370968125760555,0.9751291822695469
n50_i1105005_T_a2202_REFERENCE,n50_i1105005_T_a2202,50,1105005,T,2202,REFERENCE,1.0,0.23756503593176603,0.9757588404362174
n50_i1105005_T_a2202_W,n50_i1105005_T_a2202,50,1105005,T,2202,W,0.1,0.004616636782884598,0.6599550877422877
n50_i1105005_T_a2202_W,n50_i1105005_T_a2202,50,1105005,T,2202,W,0.25,0.0020730160176753998,0.8029646992238203
n50_i1105005_T_a2202_W,n50_i1105005_T_a2202,50,1105005,T,2202,W,0.5,0.04467676021158695,0.8964196926685009
n50_i1105005_T_a2202_W,n50_i1105005_T_a2202,50,1105005,T,2202,W,0.75,0.18769447971135378,0.9323092469399739
n50_i1105005_T_a2202_W,n50_i1105005_T_a2202,50,1105005,T,2202,W,0.9,0.0930449916049838,0.9528394573995268
n50_i1105005_T_a2202_W,n50_i1105005_T_a2202,50,1105005,T,2202,W,1.0,0.2785127041861415,0.9546601325078128
n50_i1105005_T_a1101_REFERENCE,n50_i1105005_T_a1101,50,1105005,T,1101,REFERENCE,0.1,0.026063240133225918,0.7345654096370543
n50_i1105005_T_a1101_REFERENCE,n50_i1105005_T_a1101,50,1105005,T,1101,REFERENCE,0.25,0.0001686764881014824,0.857873163460469
n50_i1105005_T_a1101_REFERENCE,n50_i1105005_T_a1101,50,1105005,T,1101,REFERENCE,0.5,0.37024473771452904,0.881945618015328
n50_i1105005_T_a1101_REFERENCE,n50_i1105005_T_a1101,50,1105005,T,1101,REFERENCE,0.75,0.21828129142522812,0.8833590805940645
n50_i1105005_T_a1101_REFERENCE,n50_i1105005_T_a1101,50,1105005,T,1101,REFERENCE,0.9,0.016604398377239704,0.8867314171370565
n50_i1105005_T_a1101_REFERENCE,n50_i1105005_T_a1101,50,1105005,T,1101,REFERENCE,1.0,0.08986903075128794,0.8893174495991382
n50_i1105005_T_a1101_W,n50_i1105005_T_a1101,50,1105005,T,1101,W,0.1,0.03805000800639391,0.6761849824162699
n50_i1105005_T_a1101_W,n50_i1105005_T_a1101,50,1105005,T,1101,W,0.25,0.01874947641044855,0.8190439512186013
n50_i1105005_T_a1101_W,n50_i1105005_T_a1101,50,1105005,T,1101,W,0.5,0.015605245716869831,0.9835422936382919
n50_i1105005_T_a1101_W,n50_i1105005_T_a1101,50,1105005,T,1101,W,0.75,0.012849409133195877,1.027204124308994
n50_i1105005_T_a1101_W,n50_i1105005_T_a1101,50,1105005,T,1101,W,0.9,0.18267079535871744,1.0577257849292043
n50_i1105005_T_a1101_W,n50_i1105005_T_a1101,50,1105005,T,1101,W,1.0,0.3043181896209717,1.0622489825198134
n50_i1105005_T_a1101_GW,n50_i1105005_T_a1101,50,1105005,T,1101,GW,0.1,0.018111485987901688,0.6766681569070463
n50_i1105005_T_a1101_GW,n50_i1105005_T_a1101,50,1105005,T,1101,GW,0.25,0.2623107135295868,0.8073101346839117
n50_i1105005_T_a1101_GW,n50_i1105005_T_a1101,50,1105005,T,1101,GW,0.5,0.19449915178120136,0.9108101238271235
n50_i1105005_T_a1101_GW,n50_i1105005_T_a1101,50,1105005,T,1101,GW,0.75,0.36562755052000284,0.9902645348928174
n50_i1105005_T_a1101_GW,n50_i1105005_T_a1101,50,1105005,T,1101,GW,0.9,0.2920567346736789,1.0166302050833091
n50_i1105005_T_a1101_GW,n50_i1105005_T_a1101,50,1105005,T,1101,GW,1.0,0.2430677590891719,1.0326305450572368
n50_i1105005_T_a1101_LEGACY,n50_i1105005_T_a1101,50,1105005,T,1101,LEGACY,0.1,0.001391393132507801,0.6934955625129607
n50_i1105005_T_a1101_LEGACY,n50_i1105005_T_a1101,50,1105005,T,1101,LEGACY,0.25,0.030604115687310696,0.7578492998604168
n50_i1105005_T_a1101_LEGACY,n50_i1105005_T_a1101,50,1105005,T,1101,LEGACY,0.5,0.06313534826040268,0.8391030908470452
n50_i1105005_T_a1101_LEGACY,n50_i1105005_T_a1101,50,1105005,T,1101,LEGACY,0.75,0.041494034230709076,0.8843683186305239
n50_i1105005_T_a1101_LEGACY,n50_i1105005_T_a1101,50,1105005,T,1101,LEGACY,0.9,0.00579387042671442,0.9124238301478695
n50_i1105005_T_a1101_LEGACY,n50_i1105005_T_a1101,50,1105005,T,1101,LEGACY,1.0,0.19932840391993523,0.9131972992767105
n50_i1105006_H_a1101_LEGACY,n50_i1105006_H_a1101,50,1105006,H,1101,LEGACY,0.1,0.13580661825835705,0.5093139109306759
n50_i1105006_H_a1101_LEGACY,n50_i1105006_H_a1101,50,1105006,H,1101,LEGACY,0.25,0.013451776467263699,0.760046979287935
n50_i1105006_H_a1101_LEGACY,n50_i1105006_H_a1101,50,1105006,H,1101,LEGACY,0.5,0.0033513130620121956,0.7936614806765102
n50_i1105006_H_a1101_LEGACY,n50_i1105006_H_a1101,50,1105006,H,1101,LEGACY,0.75,0.014914881438016891,0.8145891712743686
n50_i1105006_H_a1101_LEGACY,n50_i1105006_H_a1101,50,1105006,H,1101,LEGACY,0.9,0.22302419133484364,0.8165012963076875
n50_i1105006_H_a1101_LEGACY,n50_i1105006_H_a1101,50,1105006,H,1101,LEGACY,1.0,0.36818498745560646,0.8166282501668795
n50_i1105006_H_a1101_REFERENCE,n50_i1105006_H_a1101,50,1105006,H,1101,REFERENCE,0.1,0.06574527733027935,0.5037229859957765
n50_i1105006_H_a1101_REFERENCE,n50_i1105006_H_a1101,50,1105006,H,1101,REFERENCE,0.25,0.030015737749636173,0.7681969732696345
n50_i1105006_H_a1101_REFERENCE,n50_i1105006_H_a1101,50,1105006,H,1101,REFERENCE,0.5,0.03848776035010815,0.9940492338722843
n50_i1105006_H_a1101_REFERENCE,n50_i1105006_H_a1101,50,1105006,H,1101,REFERENCE,0.75,0.018704472109675407,1.0685550991519703
n50_i1105006_H_a1101_REFERENCE,n50_i1105006_H_a1101,50,1105006,H,1101,REFERENCE,0.9,0.012416242621839046,1.0812023861326214
n50_i1105006_H_a1101_REFERENCE,n50_i1105006_H_a1101,50,1105006,H,1101,REFERENCE,1.0,0.31218546628952026,1.0854245464631764
n50_i1105006_H_a1101_W,n50_i1105006_H_a1101,50,1105006,H,1101,W,0.1,0.023821484297513962,0.42861172860389896
n50_i1105006_H_a1101_W,n50_i1105006_H_a1101,50,1105006,H,1101,W,0.25,0.05642223730683327,0.5552876538653434
n50_i1105006_H_a1101_W,n50_i1105006_H_a1101,50,1105006,H,1101,W,0.5,0.02374969609081745,0.7666680620769634
n50_i1105006_H_a1101_W,n50_i1105006_H_a1101,50,1105006,H,1101,W,0.75,0.21101415995508432,0.8607178275341224
n50_i1105006_H_a1101_W,n50_i1105006_H_a1101,50,1105006,H,1101,W,0.9,0.04718519374728203,0.87329400554519
n50_i1105006_H_a1101_W,n50_i1105006_H_a1101,50,1105006,H,1101,W,1.0,0.44972951896488667,0.8734942042060517
n50_i1105006_H_a1101_GW,n50_i1105006_H_a1101,50,1105006,H,1101,GW,0.1,0.09651852399110794,0.437785850748434
n50_i1105006_H_a1101_GW,n50_i1105006_H_a1101,50,1105006,H,1101,GW,0.25,0.07063743844628334,0.5610161548643432
n50_i1105006_H_a1101_GW,n50_i1105006_H_a1101,50,1105006,H,1101,GW,0.5,0.3013629261404276,0.856539843805176
n50_i1105006_H_a1101_GW,n50_i1105006_H_a1101,50,1105006,H,1101,GW,0.75,0.28486334532499313,0.9001957361956905
n50_i1105006_H_a1101_GW,n50_i1105006_H_a1101,50,1105006,H,1101,GW,0.9,0.17142458260059357,0.9177248860320006
n50_i1105006_H_a1101_GW,n50_i1105006_H_a1101,50,1105006,H,1101,GW,1.0,0.35887578781694174,0.9177480384518129
n50_i1105006_H_a2202_W,n50_i1105006_H_a2202,50,1105006,H,2202,W,0.1,0.012620619498193264,0.3570215394394213
n50_i1105006_H_a2202_W,n50_i1105006_H_a2202,50,1105006,H,2202,W,0.25,0.013718310743570328,0.6099508844053504
n50_i1105006_H_a2202_W,n50_i1105006_H_a2202,50,1105006,H,2202,W,0.5,0.12392065487802029,0.8854300853877197
n50_i1105006_H_a2202_W,n50_i1105006_H_a2202,50,1105006,H,2202,W,0.75,0.0028365151956677437,0.9391715676893604
n50_i1105006_H_a2202_W,n50_i1105006_H_a2202,50,1105006,H,2202,W,0.9,0.3964099958539009,0.9473783173743964
n50_i1105006_H_a2202_W,n50_i1105006_H_a2202,50,1105006,H,2202,W,1.0,0.3197500128298998,0.9848210258145214
n50_i1105006_H_a2202_GW,n50_i1105006_H_a2202,50,1105006,H,2202,GW,0.1,0.000919640064239502,0.3570215394394213
n50_i1105006_H_a2202_GW,n50_i1105006_H_a2202,50,1105006,H,2202,GW,0.25,0.001519261859357357,0.6052108578868592
n50_i1105006_H_a2202_GW,n50_i1105006_H_a2202,50,1105006,H,2202,GW,0.5,0.00030822306871414185,0.7732471112159096
n50_i1105006_H_a2202_GW,n50_i1105006_H_a2202,50,1105006,H,2202,GW,0.75,0.049421160481870174,0.7838778366697884
n50_i1105006_H_a2202_GW,n50_i1105006_H_a2202,50,1105006,H,2202,GW,0.9,0.28436965961009264,0.8131542737145715
n50_i1105006_H_a2202_GW,n50_i1105006_H_a2202,50,1105006,H,2202,GW,1.0,0.04631896037608385,0.8367490670685447
n50_i1105006_H_a2202_LEGACY,n50_i1105006_H_a2202,50,1105006,H,2202,LEGACY,0.1,4.2283907532691956e-05,0.15997489970132528
n50_i1105006_H_a2202_LEGACY,n50_i1105006_H_a2202,50,1105006,H,2202,LEGACY,0.25,0.004607527516782284,0.3556867630430042
n50_i1105006_H_a2202_LEGACY,n50_i1105006_H_a2202,50,1105006,H,2202,LEGACY,0.5,0.0006265556439757347,0.7303539130722038
n50_i1105006_H_a2202_LEGACY,n50_i1105006_H_a2202,50,1105006,H,2202,LEGACY,0.75,0.03606094140559435,0.8196674760995645
n50_i1105006_H_a2202_LEGACY,n50_i1105006_H_a2202,50,1105006,H,2202,LEGACY,0.9,0.20574264135211706,0.823694409511724
n50_i1105006_H_a2202_LEGACY,n50_i1105006_H_a2202,50,1105006,H,2202,LEGACY,1.0,0.21796328015625477,0.847372280089033
n50_i1105006_H_a2202_REFERENCE,n50_i1105006_H_a2202,50,1105006,H,2202,REFERENCE,0.1,0.012518542818725109,0.32450967797727426
n50_i1105006_H_a2202_REFERENCE,n50_i1105006_H_a2202,50,1105006,H,2202,REFERENCE,0.25,0.004491768777370453,0.45879469442223225
n50_i1105006_H_a2202_REFERENCE,n50_i1105006_H_a2202,50,1105006,H,2202,REFERENCE,0.5,0.00043874699622392654,0.741531753273234
n50_i1105006_H_a2202_REFERENCE,n50_i1105006_H_a2202,50,1105006,H,2202,REFERENCE,0.75,0.12221440859138966,0.8577544573391748
n50_i1105006_H_a2202_REFERENCE,n50_i1105006_H_a2202,50,1105006,H,2202,REFERENCE,0.9,0.00027724355459213257,0.916688315460691
n50_i1105006_H_a2202_REFERENCE,n50_i1105006_H_a2202,50,1105006,H,2202,REFERENCE,1.0,0.1389734735712409,0.9217291639612795
n50_i1105006_T_a2202_GW,n50_i1105006_T_a2202,50,1105006,T,2202,GW,0.1,0.030932080931961536,0.22550219458915216
n50_i1105006_T_a2202_GW,n50_i1105006_T_a2202,50,1105006,T,2202,GW,0.25,0.025326342321932316,0.4635559517972164
n50_i1105006_T_a2202_GW,n50_i1105006_T_a2202,50,1105006,T,2202,GW,0.5,0.07261584792286158,0.5337993022607821
n50_i1105006_T_a2202_GW,n50_i1105006_T_a2202,50,1105006,T,2202,GW,0.75,0.0007789535447955132,0.6085432483634774
n50_i1105006_T_a2202_GW,n50_i1105006_T_a2202,50,1105006,T,2202,GW,0.9,0.015555541962385178,0.6120525234569585
n50_i1105006_T_a2202_GW,n50_i1105006_T_a2202,50,1105006,T,2202,GW,1.0,0.03297987952828407,0.6127532349295856
n50_i1105006_T_a2202_LEGACY,n50_i1105006_T_a2202,50,1105006,T,2202,LEGACY,0.1,0.049662940204143524,0.3555933017971145
n50_i1105006_T_a2202_LEGACY,n50_i1105006_T_a2202,50,1105006,T,2202,LEGACY,0.25,0.08506207633763552,0.6620551440833663
n50_i1105006_T_a2202_LEGACY,n50_i1105006_T_a2202,50,1105006,T,2202,LEGACY,0.5,0.0001619206741452217,0.8206011805038377
n50_i1105006_T_a2202_LEGACY,n50_i1105006_T_a2202,50,1105006,T,2202,LEGACY,0.75,0.17075667437165976,1.004594055439813
n50_i1105006_T_a2202_LEGACY,n50_i1105006_T_a2202,50,1105006,T,2202,LEGACY,0.9,0.01949149463325739,1.0118778600639058
n50_i1105006_T_a2202_LEGACY,n50_i1105006_T_a2202,50,1105006,T,2202,LEGACY,1.0,0.19205532129853964,1.0348865811587729
n50_i1105006_T_a2202_REFERENCE,n50_i1105006_T_a2202,50,1105006,T,2202,REFERENCE,0.1,0.020674871280789375,0.3077530863771606
n50_i1105006_T_a2202_REFERENCE,n50_i1105006_T_a2202,50,1105006,T,2202,REFERENCE,0.25,0.028065393678843975,0.5114203306592404
n50_i1105006_T_a2202_REFERENCE,n50_i1105006_T_a2202,50,1105006,T,2202,REFERENCE,0.5,0.0013261688873171806,0.7533327392040536
n50_i1105006_T_a2202_REFERENCE,n50_i1105006_T_a2202,50,1105006,T,2202,REFERENCE,0.75,0.05113430507481098,0.7755001149758372
n50_i1105006_T_a2202_REFERENCE,n50_i1105006_T_a2202,50,1105006,T,2202,REFERENCE,0.9,0.04889208637177944,0.7793071643993557
n50_i1105006_T_a2202_REFERENCE,n50_i1105006_T_a2202,50,1105006,T,2202,REFERENCE,1.0,0.26797455456107855,0.7804091483589027
n50_i1105006_T_a2202_W,n50_i1105006_T_a2202,50,1105006,T,2202,W,0.1,0.05162334069609642,0.22550219458915216
n50_i1105006_T_a2202_W,n50_i1105006_T_a2202,50,1105006,T,2202,W,0.25,0.22707628924399614,0.4635559517972164
n50_i1105006_T_a2202_W,n50_i1105006_T_a2202,50,1105006,T,2202,W,0.5,0.1177324466407299,0.5220009200962018
n50_i1105006_T_a2202_W,n50_i1105006_T_a2202,50,1105006,T,2202,W,0.75,0.30791731365025043,0.6120979583034393
n50_i1105006_T_a2202_W,n50_i1105006_T_a2202,50,1105006,T,2202,W,0.9,0.03653876390308142,0.6138785970479838
n50_i1105006_T_a2202_W,n50_i1105006_T_a2202,50,1105006,T,2202,W,1.0,0.22361151780933142,0.6422546324381775
n50_i1105006_T_a1101_REFERENCE,n50_i1105006_T_a1101,50,1105006,T,1101,REFERENCE,0.1,0.20962135680019855,0.29246209859497363
n50_i1105006_T_a1101_REFERENCE,n50_i1105006_T_a1101,50,1105006,T,1101,REFERENCE,0.25,0.001943153329193592,0.5902554020881073
n50_i1105006_T_a1101_REFERENCE,n50_i1105006_T_a1101,50,1105006,T,1101,REFERENCE,0.5,0.015658725053071976,0.7155754734555145
n50_i1105006_T_a1101_REFERENCE,n50_i1105006_T_a1101,50,1105006,T,1101,REFERENCE,0.75,0.008585787378251553,0.846998932461143
n50_i1105006_T_a1101_REFERENCE,n50_i1105006_T_a1101,50,1105006,T,1101,REFERENCE,0.9,0.2143863132223487,0.8551095299402005
n50_i1105006_T_a1101_REFERENCE,n50_i1105006_T_a1101,50,1105006,T,1101,REFERENCE,1.0,0.26861395966261625,0.8728310570393417
n50_i1105006_T_a1101_W,n50_i1105006_T_a1101,50,1105006,T,1101,W,0.1,0.009384483098983765,0.1998802572163209
n50_i1105006_T_a1101_W,n50_i1105006_T_a1101,50,1105006,T,1101,W,0.25,0.08950197417289019,0.4276657940051088
n50_i1105006_T_a1101_W,n50_i1105006_T_a1101,50,1105006,T,1101,W,0.5,0.03251609671860933,0.6318499096508132
n50_i1105006_T_a1101_W,n50_i1105006_T_a1101,50,1105006,T,1101,W,0.75,0.0004187803715467453,0.662822549744163
n50_i1105006_T_a1101_W,n50_i1105006_T_a1101,50,1105006,T,1101,W,0.9,0.1351010799407959,0.6771441735477357
n50_i1105006_T_a1101_W,n50_i1105006_T_a1101,50,1105006,T,1101,W,1.0,0.22390695568174124,0.6781103614115828
n50_i1105006_T_a1101_GW,n50_i1105006_T_a1101,50,1105006,T,1101,GW,0.1,0.002260216511785984,0.2622908997363774
n50_i1105006_T_a1101_GW,n50_i1105006_T_a1101,50,1105006,T,1101,GW,0.25,0.044207798317074776,0.5419669696850637
n50_i1105006_T_a1101_GW,n50_i1105006_T_a1101,50,1105006,T,1101,GW,0.5,0.07750237733125687,0.5800384512540623
n50_i1105006_T_a1101_GW,n50_i1105006_T_a1101,50,1105006,T,1101,GW,0.75,0.009109619073569775,0.6133787015533778
n50_i1105006_T_a1101_GW,n50_i1105006_T_a1101,50,1105006,T,1101,GW,0.9,0.08892801124602556,0.6649987203261102
n50_i1105006_T_a1101_GW,n50_i1105006_T_a1101,50,1105006,T,1101,GW,1.0,0.028522592969238758,0.684410241145036
n50_i1105006_T_a1101_LEGACY,n50_i1105006_T_a1101,50,1105006,T,1101,LEGACY,0.1,0.010124019347131252,0.4047988641788982
n50_i1105006_T_a1101_LEGACY,n50_i1105006_T_a1101,50,1105006,T,1101,LEGACY,0.25,0.08445619139820337,0.71508534876593
n50_i1105006_T_a1101_LEGACY,n50_i1105006_T_a1101,50,1105006,T,1101,LEGACY,0.5,0.0022873813286423683,0.7701332409698736
n50_i1105006_T_a1101_LEGACY,n50_i1105006_T_a1101,50,1105006,T,1101,LEGACY,0.75,0.11523212492465973,0.8114997715260093
n50_i1105006_T_a1101_LEGACY,n50_i1105006_T_a1101,50,1105006,T,1101,LEGACY,0.9,0.060500250197947025,0.8336425869921614
n50_i1105006_T_a1101_LEGACY,n50_i1105006_T_a1101,50,1105006,T,1101,LEGACY,1.0,0.32306487765163183,0.8673549167842857
n50_i1105007_H_a2202_W,n50_i1105007_H_a2202,50,1105007,H,2202,W,0.1,0.0012134183198213577,0.23472091212574359
n50_i1105007_H_a2202_W,n50_i1105007_H_a2202,50,1105007,H,2202,W,0.25,0.01661167573183775,0.3056472415166187
n50_i1105007_H_a2202_W,n50_i1105007_H_a2202,50,1105007,H,2202,W,0.5,0.015204464085400105,0.5772026053723536
n50_i1105007_H_a2202_W,n50_i1105007_H_a2202,50,1105007,H,2202,W,0.75,0.0023308489471673965,0.7628794137912206
n50_i1105007_H_a2202_W,n50_i1105007_H_a2202,50,1105007,H,2202,W,0.9,0.09404362179338932,0.8221964729550889
n50_i1105007_H_a2202_W,n50_i1105007_H_a2202,50,1105007,H,2202,W,1.0,0.1357268476858735,0.8339865436542826
n50_i1105007_H_a2202_GW,n50_i1105007_H_a2202,50,1105007,H,2202,GW,0.1,0.0009756619110703468,0.23472091212574359
n50_i1105007_H_a2202_GW,n50_i1105007_H_a2202,50,1105007,H,2202,GW,0.25,0.10470223613083363,0.3047095553429956
n50_i1105007_H_a2202_GW,n50_i1105007_H_a2202,50,1105007,H,2202,GW,0.5,0.0025876881554722786,0.5823613947920784
n50_i1105007_H_a2202_GW,n50_i1105007_H_a2202,50,1105007,H,2202,GW,0.75,0.01353119220584631,0.6468515513267068
n50_i1105007_H_a2202_GW,n50_i1105007_H_a2202,50,1105007,H,2202,GW,0.9,0.02961194235831499,0.9952623441356724
n50_i1105007_H_a2202_GW,n50_i1105007_H_a2202,50,1105007,H,2202,GW,1.0,0.21982828062027693,1.0763975315716718
n50_i1105007_H_a2202_LEGACY,n50_i1105007_H_a2202,50,1105007,H,2202,LEGACY,0.1,0.003105195239186287,0.12522572142566638
n50_i1105007_H_a2202_LEGACY,n50_i1105007_H_a2202,50,1105007,H,2202,LEGACY,0.25,0.004814451560378075,0.8221896380247916
n50_i1105007_H_a2202_LEGACY,n50_i1105007_H_a2202,50,1105007,H,2202,LEGACY,0.5,0.014362874440848827,0.9145532692011539
n50_i1105007_H_a2202_LEGACY,n50_i1105007_H_a2202,50,1105007,H,2202,LEGACY,0.75,0.0023745261132717133,0.9431141942604989
n50_i1105007_H_a2202_LEGACY,n50_i1105007_H_a2202,50,1105007,H,2202,LEGACY,0.9,0.0063781896606087685,1.0013513344373117
n50_i1105007_H_a2202_LEGACY,n50_i1105007_H_a2202,50,1105007,H,2202,LEGACY,1.0,0.028230478055775166,1.0148417934513516
n50_i1105007_H_a2202_REFERENCE,n50_i1105007_H_a2202,50,1105007,H,2202,REFERENCE,0.1,0.014337196946144104,0.16423437430017154
n50_i1105007_H_a2202_REFERENCE,n50_i1105007_H_a2202,50,1105007,H,2202,REFERENCE,0.25,0.0033950582146644592,0.5196207840781711
n50_i1105007_H_a2202_REFERENCE,n50_i1105007_H_a2202,50,1105007,H,2202,REFERENCE,0.5,0.0012117773294448853,0.7849370591270554
n50_i1105007_H_a2202_REFERENCE,n50_i1105007_H_a2202,50,1105007,H,2202,REFERENCE,0.75,0.12966678570955992,0.9136781005520093
n50_i1105007_H_a2202_REFERENCE,n50_i1105007_H_a2202,50,1105007,H,2202,REFERENCE,0.9,0.04831583425402641,0.9256134595361696
n50_i1105007_H_a2202_REFERENCE,n50_i1105007_H_a2202,50,1105007,H,2202,REFERENCE,1.0,0.338588060811162,0.9276452867510947
n50_i1105007_H_a1101_LEGACY,n50_i1105007_H_a1101,50,1105007,H,1101,LEGACY,0.1,0.07104696054011583,0.2898884262051478
n50_i1105007_H_a1101_LEGACY,n50_i1105007_H_a1101,50,1105007,H,1101,LEGACY,0.25,0.0041242921724915504,0.514317865980147
n50_i1105007_H_a1101_LEGACY,n50_i1105007_H_a1101,50,1105007,H,1101,LEGACY,0.5,0.025873452425003052,0.5297719869706841
n50_i1105007_H_a1101_LEGACY,n50_i1105007_H_a1101,50,1105007,H,1101,LEGACY,0.75,0.0035380935296416283,0.556531297415795
n50_i1105007_H_a1101_LEGACY,n50_i1105007_H_a1101,50,1105007,H,1101,LEGACY,0.9,0.3132244907319546,0.806842231524981
n50_i1105007_H_a1101_LEGACY,n50_i1105007_H_a1101,50,1105007,H,1101,LEGACY,1.0,0.16181794088333845,0.8114082594672068
n50_i1105007_H_a1101_REFERENCE,n50_i1105007_H_a1101,50,1105007,H,1101,REFERENCE,0.1,0.2195666143670678,0.21183208854568406
n50_i1105007_H_a1101_REFERENCE,n50_i1105007_H_a1101,50,1105007,H,1101,REFERENCE,0.25,0.1772024929523468,0.3740442110778641
n50_i1105007_H_a1101_REFERENCE,n50_i1105007_H_a1101,50,1105007,H,1101,REFERENCE,0.5,0.0029050856828689575,0.7286042139738128
n50_i1105007_H_a1101_REFERENCE,n50_i1105007_H_a1101,50,1105007,H,1101,REFERENCE,0.75,0.38519890047609806,0.9591914105664099
n50_i1105007_H_a1101_REFERENCE,n50_i1105007_H_a1101,50,1105007,H,1101,REFERENCE,0.9,0.08825049735605717,1.0116048710842573
n50_i1105007_H_a1101_REFERENCE,n50_i1105007_H_a1101,50,1105007,H,1101,REFERENCE,1.0,0.08214240800589323,1.0844997585686655
n50_i1105007_H_a1101_W,n50_i1105007_H_a1101,50,1105007,H,1101,W,0.1,0.1731232488527894,0.2603623187961204
n50_i1105007_H_a1101_W,n50_i1105007_H_a1101,50,1105007,H,1101,W,0.25,0.06944361701607704,0.43921025877635184
n50_i1105007_H_a1101_W,n50_i1105007_H_a1101,50,1105007,H,1101,W,0.5,0.2668901113793254,0.6384100136023704
n50_i1105007_H_a1101_W,n50_i1105007_H_a1101,50,1105007,H,1101,W,0.75,0.11670264322310686,0.7905848221598996
n50_i1105007_H_a1101_W,n50_i1105007_H_a1101,50,1105007,H,1101,W,0.9,0.058383459225296974,0.8118871647494299
n50_i1105007_H_a1101_W,n50_i1105007_H_a1101,50,1105007,H,1101,W,1.0,0.18985585775226355,0.8190823461849248
n50_i1105007_H_a1101_GW,n50_i1105007_H_a1101,50,1105007,H,1101,GW,0.1,0.008991208858788013,0.2604055126105698
n50_i1105007_H_a1101_GW,n50_i1105007_H_a1101,50,1105007,H,1101,GW,0.25,0.27209839038550854,0.44299309205743115
n50_i1105007_H_a1101_GW,n50_i1105007_H_a1101,50,1105007,H,1101,GW,0.5,0.013765743933618069,0.6557001968877143
n50_i1105007_H_a1101_GW,n50_i1105007_H_a1101,50,1105007,H,1101,GW,0.75,0.13583002425730228,0.7346765525691425
n50_i1105007_H_a1101_GW,n50_i1105007_H_a1101,50,1105007,H,1101,GW,0.9,0.021174619905650616,0.763154909339006
n50_i1105007_H_a1101_GW,n50_i1105007_H_a1101,50,1105007,H,1101,GW,1.0,0.0031364252790808678,0.7667797538811544
n50_i1105007_T_a1101_REFERENCE,n50_i1105007_T_a1101,50,1105007,T,1101,REFERENCE,0.1,0.0029008444398641586,0.3298304638255198
n50_i1105007_T_a1101_REFERENCE,n50_i1105007_T_a1101,50,1105007,T,1101,REFERENCE,0.25,0.1076775835826993,0.5200325352517552
n50_i1105007_T_a1101_REFERENCE,n50_i1105007_T_a1101,50,1105007,T,1101,REFERENCE,0.5,0.0024262452498078346,0.7027153720832374
n50_i1105007_T_a1101_REFERENCE,n50_i1105007_T_a1101,50,1105007,T,1101,REFERENCE,0.75,0.012507867999374866,0.7759011667141553
n50_i1105007_T_a1101_REFERENCE,n50_i1105007_T_a1101,50,1105007,T,1101,REFERENCE,0.9,0.17378163803368807,0.7946601927407309
n50_i1105007_T_a1101_REFERENCE,n50_i1105007_T_a1101,50,1105007,T,1101,REFERENCE,1.0,0.11827779188752174,0.8238858795860078
n50_i1105007_T_a1101_W,n50_i1105007_T_a1101,50,1105007,T,1101,W,0.1,0.06812919024378061,0.3853664930405306
n50_i1105007_T_a1101_W,n50_i1105007_T_a1101,50,1105007,T,1101,W,0.25,0.14239523466676474,0.6378229680113914
n50_i1105007_T_a1101_W,n50_i1105007_T_a1101,50,1105007,T,1101,W,0.5,0.009883183985948563,0.7429180149056253
n50_i1105007_T_a1101_W,n50_i1105007_T_a1101,50,1105007,T,1101,W,0.75,0.021298406645655632,0.7761535408764617
n50_i1105007_T_a1101_W,n50_i1105007_T_a1101,50,1105007,T,1101,W,0.9,0.09971097484230995,0.7869380221725195
n50_i1105007_T_a1101_W,n50_i1105007_T_a1101,50,1105007,T,1101,W,1.0,0.2898506009951234,0.8005001437298465
n50_i1105007_T_a1101_GW,n50_i1105007_T_a1101,50,1105007,T,1101,GW,0.1,0.3020798610523343,0.3901826489257122
n50_i1105007_T_a1101_GW,n50_i1105007_T_a1101,50,1105007,T,1101,GW,0.25,0.024676060304045677,0.697631924756748
n50_i1105007_T_a1101_GW,n50_i1105007_T_a1101,50,1105007,T,1101,GW,0.5,0.03745388984680176,0.9204670199174699
n50_i1105007_T_a1101_GW,n50_i1105007_T_a1101,50,1105007,T,1101,GW,0.75,0.0017204675823450089,1.0055707402891112
n50_i1105007_T_a1101_GW,n50_i1105007_T_a1101,50,1105007,T,1101,GW,0.9,0.008426004089415073,1.0213447747470539
n50_i1105007_T_a1101_GW,n50_i1105007_T_a1101,50,1105007,T,1101,GW,1.0,0.014579377137124538,1.0337961970401592
n50_i1105007_T_a1101_LEGACY,n50_i1105007_T_a1101,50,1105007,T,1101,LEGACY,0.1,0.12436629366129637,0.30999809609898615
n50_i1105007_T_a1101_LEGACY,n50_i1105007_T_a1101,50,1105007,T,1101,LEGACY,0.25,0.0027898214757442474,0.6371651081027321
n50_i1105007_T_a1101_LEGACY,n50_i1105007_T_a1101,50,1105007,T,1101,LEGACY,0.5,0.003075864166021347,0.7644647178911048
n50_i1105007_T_a1101_LEGACY,n50_i1105007_T_a1101,50,1105007,T,1101,LEGACY,0.75,0.0056350454688072205,0.8470046853581119
n50_i1105007_T_a1101_LEGACY,n50_i1105007_T_a1101,50,1105007,T,1101,LEGACY,0.9,0.06817755568772554,0.85399237698812
n50_i1105007_T_a1101_LEGACY,n50_i1105007_T_a1101,50,1105007,T,1101,LEGACY,1.0,0.12118728272616863,0.8603851661764561
n50_i1105007_T_a2202_GW,n50_i1105007_T_a2202,50,1105007,T,2202,GW,0.1,0.17963948659598827,0.41608628370988887
n50_i1105007_T_a2202_GW,n50_i1105007_T_a2202,50,1105007,T,2202,GW,0.25,0.0017139585688710213,0.49514204230806863
n50_i1105007_T_a2202_GW,n50_i1105007_T_a2202,50,1105007,T,2202,GW,0.5,0.030162103474140167,0.8641944204091688
n50_i1105007_T_a2202_GW,n50_i1105007_T_a2202,50,1105007,T,2202,GW,0.75,0.12184719555079937,0.9232914469087604
n50_i1105007_T_a2202_GW,n50_i1105007_T_a2202,50,1105007,T,2202,GW,0.9,0.17410957906395197,0.9340572166746861
n50_i1105007_T_a2202_GW,n50_i1105007_T_a2202,50,1105007,T,2202,GW,1.0,0.17385740019381046,0.935670816824577
n50_i1105007_T_a2202_LEGACY,n50_i1105007_T_a2202,50,1105007,T,2202,LEGACY,0.1,0.02527308464050293,0.4030622343911286
n50_i1105007_T_a2202_LEGACY,n50_i1105007_T_a2202,50,1105007,T,2202,LEGACY,0.25,0.02490181103348732,0.6659980199429458
n50_i1105007_T_a2202_LEGACY,n50_i1105007_T_a2202,50,1105007,T,2202,LEGACY,0.5,0.08893796149641275,0.8127200715342813
n50_i1105007_T_a2202_LEGACY,n50_i1105007_T_a2202,50,1105007,T,2202,LEGACY,0.75,0.028357628732919693,0.8837899839539314
n50_i1105007_T_a2202_LEGACY,n50_i1105007_T_a2202,50,1105007,T,2202,LEGACY,0.9,0.08369862381368876,0.8840881714401658
n50_i1105007_T_a2202_LEGACY,n50_i1105007_T_a2202,50,1105007,T,2202,LEGACY,1.0,0.46401551458984613,0.8849702444888949
n50_i1105007_T_a2202_REFERENCE,n50_i1105007_T_a2202,50,1105007,T,2202,REFERENCE,0.1,0.05200585350394249,0.287198754979729
n50_i1105007_T_a2202_REFERENCE,n50_i1105007_T_a2202,50,1105007,T,2202,REFERENCE,0.25,0.3171438742429018,0.39480292659623706
n50_i1105007_T_a2202_REFERENCE,n50_i1105007_T_a2202,50,1105007,T,2202,REFERENCE,0.5,0.03945914003998041,0.6300681736588992
n50_i1105007_T_a2202_REFERENCE,n50_i1105007_T_a2202,50,1105007,T,2202,REFERENCE,0.75,0.002240573987364769,0.6791228405064857
n50_i1105007_T_a2202_REFERENCE,n50_i1105007_T_a2202,50,1105007,T,2202,REFERENCE,0.9,0.01033035572618246,0.7292814492377078
n50_i1105007_T_a2202_REFERENCE,n50_i1105007_T_a2202,50,1105007,T,2202,REFERENCE,1.0,0.3193522226065397,0.7529236538855208
n50_i1105007_T_a2202_W,n50_i1105007_T_a2202,50,1105007,T,2202,W,0.1,0.10347913391888142,0.4373087430928822
n50_i1105007_T_a2202_W,n50_i1105007_T_a2202,50,1105007,T,2202,W,0.25,0.06429235637187958,0.4903248339698944
n50_i1105007_T_a2202_W,n50_i1105007_T_a2202,50,1105007,T,2202,W,0.5,0.06106501631438732,0.6402225715618349
n50_i1105007_T_a2202_W,n50_i1105007_T_a2202,50,1105007,T,2202,W,0.75,0.03383830562233925,0.745641980064282
n50_i1105007_T_a2202_W,n50_i1105007_T_a2202,50,1105007,T,2202,W,0.9,0.00017090514302253723,0.7988430316500171
n50_i1105007_T_a2202_W,n50_i1105007_T_a2202,50,1105007,T,2202,W,1.0,0.1594836376607418,0.8002698507540355
n50_i1105008_H_a2202_W,n50_i1105008_H_a2202,50,1105008,H,2202,W,0.1,0.021728812716901302,0.5252389110775737
n50_i1105008_H_a2202_W,n50_i1105008_H_a2202,50,1105008,H,2202,W,0.25,0.025718655437231064,0.7329149709910049
n50_i1105008_H_a2202_W,n50_i1105008_H_a2202,50,1105008,H,2202,W,0.5,0.03519542422145605,0.8701780359894719
n50_i1105008_H_a2202_W,n50_i1105008_H_a2202,50,1105008,H,2202,W,0.75,0.0035596881061792374,0.94479722572861
n50_i1105008_H_a2202_W,n50_i1105008_H_a2202,50,1105008,H,2202,W,0.9,0.1981317326426506,0.9485239359054511
n50_i1105008_H_a2202_W,n50_i1105008_H_a2202,50,1105008,H,2202,W,1.0,0.24651869665831327,0.9497352157656025
n50_i1105008_H_a2202_GW,n50_i1105008_H_a2202,50,1105008,H,2202,GW,0.1,0.02858943399041891,0.5046895121630717
n50_i1105008_H_a2202_GW,n50_i1105008_H_a2202,50,1105008,H,2202,GW,0.25,0.024072320200502872,0.7260034086067326
n50_i1105008_H_a2202_GW,n50_i1105008_H_a2202,50,1105008,H,2202,GW,0.5,0.005483896471560001,0.8646787208964316
n50_i1105008_H_a2202_GW,n50_i1105008_H_a2202,50,1105008,H,2202,GW,0.75,0.025154179893434048,0.9126788224378709
n50_i1105008_H_a2202_GW,n50_i1105008_H_a2202,50,1105008,H,2202,GW,0.9,0.0384169602766633,0.92163320444871
n50_i1105008_H_a2202_GW,n50_i1105008_H_a2202,50,1105008,H,2202,GW,1.0,0.0783615130931139,0.9249135404513221
n50_i1105008_H_a2202_LEGACY,n50_i1105008_H_a2202,50,1105008,H,2202,LEGACY,0.1,0.020080331712961197,0.387108398472498
n50_i1105008_H_a2202_LEGACY,n50_i1105008_H_a2202,50,1105008,H,2202,LEGACY,0.25,0.17887542583048344,0.48066676887177495
n50_i1105008_H_a2202_LEGACY,n50_i1105008_H_a2202,50,1105008,H,2202,LEGACY,0.5,0.007624659687280655,0.6571116239064387
n50_i1105008_H_a2202_LEGACY,n50_i1105008_H_a2202,50,1105008,H,2202,LEGACY,0.75,0.0026638107374310493,0.7018002500706806
n50_i1105008_H_a2202_LEGACY,n50_i1105008_H_a2202,50,1105008,H,2202,LEGACY,0.9,0.052326650358736515,0.7300298949942065
n50_i1105008_H_a2202_LEGACY,n50_i1105008_H_a2202,50,1105008,H,2202,LEGACY,1.0,0.025258268229663372,0.7945543724539981
n50_i1105008_H_a2202_REFERENCE,n50_i1105008_H_a2202,50,1105008,H,2202,REFERENCE,0.1,0.28671144507825375,0.46103231805167866
n50_i1105008_H_a2202_REFERENCE,n50_i1105008_H_a2202,50,1105008,H,2202,REFERENCE,0.25,0.1107797808945179,0.6847904861644815
n50_i1105008_H_a2202_REFERENCE,n50_i1105008_H_a2202,50,1105008,H,2202,REFERENCE,0.5,0.1600743057206273,0.7440358839480905
n50_i1105008_H_a2202_REFERENCE,n50_i1105008_H_a2202,50,1105008,H,2202,REFERENCE,0.75,0.04844802804291248,0.7822924572630002
n50_i1105008_H_a2202_REFERENCE,n50_i1105008_H_a2202,50,1105008,H,2202,REFERENCE,0.9,0.0222197063267231,0.8267364183348003
n50_i1105008_H_a2202_REFERENCE,n50_i1105008_H_a2202,50,1105008,H,2202,REFERENCE,1.0,0.330867157317698,0.8345309681478447
n50_i1105008_H_a1101_LEGACY,n50_i1105008_H_a1101,50,1105008,H,1101,LEGACY,0.1,0.003745238296687603,0.3725112691087052
n50_i1105008_H_a1101_LEGACY,n50_i1105008_H_a1101,50,1105008,H,1101,LEGACY,0.25,0.0004997709766030312,0.6264554223128352
n50_i1105008_H_a1101_LEGACY,n50_i1105008_H_a1101,50,1105008,H,1101,LEGACY,0.5,0.1957416208460927,0.7417865369989128
n50_i1105008_H_a1101_LEGACY,n50_i1105008_H_a1101,50,1105008,H,1101,LEGACY,0.75,0.013083070516586304,0.8244235134134252
n50_i1105008_H_a1101_LEGACY,n50_i1105008_H_a1101,50,1105008,H,1101,LEGACY,0.9,0.04693966172635555,0.8485142695586733
n50_i1105008_H_a1101_LEGACY,n50_i1105008_H_a1101,50,1105008,H,1101,LEGACY,1.0,0.13853546231985092,0.8803476599675859
n50_i1105008_H_a1101_REFERENCE,n50_i1105008_H_a1101,50,1105008,H,1101,REFERENCE,0.1,0.007145088165998459,0.4733825444293573
n50_i1105008_H_a1101_REFERENCE,n50_i1105008_H_a1101,50,1105008,H,1101,REFERENCE,0.25,0.0007271971553564072,0.7316629998924855
n50_i1105008_H_a1101_REFERENCE,n50_i1105008_H_a1101,50,1105008,H,1101,REFERENCE,0.5,0.0022350577637553215,0.9164103060578431
n50_i1105008_H_a1101_REFERENCE,n50_i1105008_H_a1101,50,1105008,H,1101,REFERENCE,0.75,0.0320099052041769,0.9220889612509908
n50_i1105008_H_a1101_REFERENCE,n50_i1105008_H_a1101,50,1105008,H,1101,REFERENCE,0.9,0.020660891197621822,0.9252389110775739
n50_i1105008_H_a1101_REFERENCE,n50_i1105008_H_a1101,50,1105008,H,1101,REFERENCE,1.0,0.07011844031512737,0.9279463592416649
n50_i1105008_H_a1101_W,n50_i1105008_H_a1101,50,1105008,H,1101,W,0.1,0.022989865392446518,0.5369536473286639
n50_i1105008_H_a1101_W,n50_i1105008_H_a1101,50,1105008,H,1101,W,0.25,0.10031325463205576,0.7283431324140185
n50_i1105008_H_a1101_W,n50_i1105008_H_a1101,50,1105008,H,1101,W,0.5,0.007425560615956783,0.7846601547411891
n50_i1105008_H_a1101_W,n50_i1105008_H_a1101,50,1105008,H,1101,W,0.75,0.028313979506492615,0.8830641871309173
n50_i1105008_H_a1101_W,n50_i1105008_H_a1101,50,1105008,H,1101,W,0.9,0.12246046494692564,0.8934218618717876
n50_i1105008_H_a1101_W,n50_i1105008_H_a1101,50,1105008,H,1101,W,1.0,0.44948225375264883,0.897417641929049
n50_i1105008_H_a1101_GW,n50_i1105008_H_a1101,50,1105008,H,1101,GW,0.1,0.037224430590867996,0.5137227182045883
n50_i1105008_H_a1101_GW,n50_i1105008_H_a1101,50,1105008,H,1101,GW,0.25,0.15282045491039753,0.808279091622234
n50_i1105008_H_a1101_GW,n50_i1105008_H_a1101,50,1105008,H,1101,GW,0.5,0.0017466675490140915,0.9322928355546349
n50_i1105008_H_a1101_GW,n50_i1105008_H_a1101,50,1105008,H,1101,GW,0.75,0.0012139538303017616,0.9667690310557525
n50_i1105008_H_a1101_GW,n50_i1105008_H_a1101,50,1105008,H,1101,GW,0.9,0.2242181170731783,0.9727783927782139
n50_i1105008_H_a1101_GW,n50_i1105008_H_a1101,50,1105008,H,1101,GW,1.0,0.10563265811651945,0.9782103620051851
n50_i1105008_T_a1101_REFERENCE,n50_i1105008_T_a1101,50,1105008,T,1101,REFERENCE,0.1,0.04036250337958336,0.5041751729286652
n50_i1105008_T_a1101_REFERENCE,n50_i1105008_T_a1101,50,1105008,T,1101,REFERENCE,0.25,0.015005217865109444,0.6513300899963109
n50_i1105008_T_a1101_REFERENCE,n50_i1105008_T_a1101,50,1105008,T,1101,REFERENCE,0.5,0.04534636437892914,0.7985476499725233
n50_i1105008_T_a1101_REFERENCE,n50_i1105008_T_a1101,50,1105008,T,1101,REFERENCE,0.75,0.035062693990767,0.8285842515831412
n50_i1105008_T_a1101_REFERENCE,n50_i1105008_T_a1101,50,1105008,T,1101,REFERENCE,0.9,0.033311229199171066,0.8312680665612588
n50_i1105008_T_a1101_REFERENCE,n50_i1105008_T_a1101,50,1105008,T,1101,REFERENCE,1.0,0.18695035204291344,0.8762037366453318
n50_i1105008_T_a1101_W,n50_i1105008_T_a1101,50,1105008,T,1101,W,0.1,0.003340030089020729,0.4640926118756896
n50_i1105008_T_a1101_W,n50_i1105008_T_a1101,50,1105008,T,1101,W,0.25,0.0024494482204318047,0.7093934303078003
n50_i1105008_T_a1101_W,n50_i1105008_T_a1101,50,1105008,T,1101,W,0.5,0.04362238198518753,0.7207193735231934
n50_i1105008_T_a1101_W,n50_i1105008_T_a1101,50,1105008,T,1101,W,0.75,0.0036999396979808807,0.8074668851226212
n50_i1105008_T_a1101_W,n50_i1105008_T_a1101,50,1105008,T,1101,W,0.9,0.2216922389343381,0.8839248859325738
n50_i1105008_T_a1101_W,n50_i1105008_T_a1101,50,1105008,T,1101,W,1.0,0.23822332080453634,0.8847223173954945
n50_i1105008_T_a1101_GW,n50_i1105008_T_a1101,50,1105008,T,1101,GW,0.1,0.0022618714720010757,0.4640926118756896
n50_i1105008_T_a1101_GW,n50_i1105008_T_a1101,50,1105008,T,1101,GW,0.25,0.0035067787393927574,0.7413707803122045
n50_i1105008_T_a1101_GW,n50_i1105008_T_a1101,50,1105008,T,1101,GW,0.5,0.0015327585861086845,0.8574574728731038
n50_i1105008_T_a1101_GW,n50_i1105008_T_a1101,50,1105008,T,1101,GW,0.75,0.054091026075184345,0.8860217573527196
n50_i1105008_T_a1101_GW,n50_i1105008_T_a1101,50,1105008,T,1101,GW,0.9,0.005055646412074566,0.8949921395856609
n50_i1105008_T_a1101_GW,n50_i1105008_T_a1101,50,1105008,T,1101,GW,1.0,0.10809606686234474,0.8963164400819982
n50_i1105008_T_a1101_LEGACY,n50_i1105008_T_a1101,50,1105008,T,1101,LEGACY,0.1,0.03848649375140667,0.50041964400937
n50_i1105008_T_a1101_LEGACY,n50_i1105008_T_a1101,50,1105008,T,1101,LEGACY,0.25,0.0016088653355836868,0.7294639624997027
n50_i1105008_T_a1101_LEGACY,n50_i1105008_T_a1101,50,1105008,T,1101,LEGACY,0.5,0.013032135553658009,0.7782056479192114
n50_i1105008_T_a1101_LEGACY,n50_i1105008_T_a1101,50,1105008,T,1101,LEGACY,0.75,0.17230025492608547,0.8214697794730562
n50_i1105008_T_a1101_LEGACY,n50_i1105008_T_a1101,50,1105008,T,1101,LEGACY,0.9,0.0731765441596508,0.8244143180678205
n50_i1105008_T_a1101_LEGACY,n50_i1105008_T_a1101,50,1105008,T,1101,LEGACY,1.0,0.7396157244220376,0.8258345263788454
n50_i1105008_T_a2202_GW,n50_i1105008_T_a2202,50,1105008,T,2202,GW,0.1,5.452800542116165e-05,0.5953989394802517
n50_i1105008_T_a2202_GW,n50_i1105008_T_a2202,50,1105008,T,2202,GW,0.25,0.003222244791686535,0.8658103025333518
n50_i1105008_T_a2202_GW,n50_i1105008_T_a2202,50,1105008,T,2202,GW,0.5,0.004840997979044914,0.9785985251353071
n50_i1105008_T_a2202_GW,n50_i1105008_T_a2202,50,1105008,T,2202,GW,0.75,0.021267332136631012,1.0112973254298538
n50_i1105008_T_a2202_GW,n50_i1105008_T_a2202,50,1105008,T,2202,GW,0.9,0.38291182555258274,1.019117139717907
n50_i1105008_T_a2202_GW,n50_i1105008_T_a2202,50,1105008,T,2202,GW,1.0,0.27062135376036167,1.0220202127544873
n50_i1105008_T_a2202_LEGACY,n50_i1105008_T_a2202,50,1105008,T,2202,LEGACY,0.1,0.19295557588338852,0.7919107779860275
n50_i1105008_T_a2202_LEGACY,n50_i1105008_T_a2202,50,1105008,T,2202,LEGACY,0.25,0.1474021878093481,0.9562213454951235
n50_i1105008_T_a2202_LEGACY,n50_i1105008_T_a2202,50,1105008,T,2202,LEGACY,0.5,0.0030679497867822647,0.9933313937269441
n50_i1105008_T_a2202_LEGACY,n50_i1105008_T_a2202,50,1105008,T,2202,LEGACY,0.75,0.010772353038191795,1.010249816425822
n50_i1105008_T_a2202_LEGACY,n50_i1105008_T_a2202,50,1105008,T,2202,LEGACY,0.9,0.026269279420375824,1.0171492634714276
n50_i1105008_T_a2202_LEGACY,n50_i1105008_T_a2202,50,1105008,T,2202,LEGACY,1.0,0.2943528834730387,1.021164884603587
n50_i1105008_T_a2202_REFERENCE,n50_i1105008_T_a2202,50,1105008,T,2202,REFERENCE,0.1,0.002067059278488159,0.6443263904203463
n50_i1105008_T_a2202_REFERENCE,n50_i1105008_T_a2202,50,1105008,T,2202,REFERENCE,0.25,0.0010721422731876373,0.8531480748116013
n50_i1105008_T_a2202_REFERENCE,n50_i1105008_T_a2202,50,1105008,T,2202,REFERENCE,0.5,0.0031069377437233925,0.925372270155011
n50_i1105008_T_a2202_REFERENCE,n50_i1105008_T_a2202,50,1105008,T,2202,REFERENCE,0.75,0.028905500657856464,0.9757789786029755
n50_i1105008_T_a2202_REFERENCE,n50_i1105008_T_a2202,50,1105008,T,2202,REFERENCE,0.9,0.002740706317126751,0.9761762677670666
n50_i1105008_T_a2202_REFERENCE,n50_i1105008_T_a2202,50,1105008,T,2202,REFERENCE,1.0,0.0909405667334795,0.9767434518194233
n50_i1105008_T_a2202_W,n50_i1105008_T_a2202,50,1105008,T,2202,W,0.1,0.07493382412940264,0.5954938413820512
n50_i1105008_T_a2202_W,n50_i1105008_T_a2202,50,1105008,T,2202,W,0.25,0.2186951730400324,0.7125254012841157
n50_i1105008_T_a2202_W,n50_i1105008_T_a2202,50,1105008,T,2202,W,0.5,0.010427135974168777,0.8577686325399038
n50_i1105008_T_a2202_W,n50_i1105008_T_a2202,50,1105008,T,2202,W,0.75,0.07585007790476084,0.9191888642612654
n50_i1105008_T_a2202_W,n50_i1105008_T_a2202,50,1105008,T,2202,W,0.9,0.0949584087356925,0.9273894797460187
n50_i1105008_T_a2202_W,n50_i1105008_T_a2202,50,1105008,T,2202,W,1.0,0.04330456908792257,0.9275001948797947
n50_i1105009_H_a1101_LEGACY,n50_i1105009_H_a1101,50,1105009,H,1101,LEGACY,0.1,0.1728450320661068,0.7100553338460006
n50_i1105009_H_a1101_LEGACY,n50_i1105009_H_a1101,50,1105009,H,1101,LEGACY,0.25,0.24255693703889847,0.85130944640136
n50_i1105009_H_a1101_LEGACY,n50_i1105009_H_a1101,50,1105009,H,1101,LEGACY,0.5,0.03427496459335089,0.9130234161937187
n50_i1105009_H_a1101_LEGACY,n50_i1105009_H_a1101,50,1105009,H,1101,LEGACY,0.75,0.0015535829588770866,0.9250638794319093
n50_i1105009_H_a1101_LEGACY,n50_i1105009_H_a1101,50,1105009,H,1101,LEGACY,0.9,0.03693356830626726,0.9321108431394183
n50_i1105009_H_a1101_LEGACY,n50_i1105009_H_a1101,50,1105009,H,1101,LEGACY,1.0,0.09938349481672049,0.9460814878634016
n50_i1105009_H_a1101_REFERENCE,n50_i1105009_H_a1101,50,1105009,H,1101,REFERENCE,0.1,0.0023278221487998962,0.7422391950255657
n50_i1105009_H_a1101_REFERENCE,n50_i1105009_H_a1101,50,1105009,H,1101,REFERENCE,0.25,0.01627044379711151,0.8954919937653848
n50_i1105009_H_a1101_REFERENCE,n50_i1105009_H_a1101,50,1105009,H,1101,REFERENCE,0.5,0.3583225104957819,0.9527497528770879
n50_i1105009_H_a1101_REFERENCE,n50_i1105009_H_a1101,50,1105009,H,1101,REFERENCE,0.75,0.01698349043726921,0.9686798417485544
n50_i1105009_H_a1101_REFERENCE,n50_i1105009_H_a1101,50,1105009,H,1101,REFERENCE,0.9,0.22677192278206348,0.9699801242501956
n50_i1105009_H_a1101_REFERENCE,n50_i1105009_H_a1101,50,1105009,H,1101,REFERENCE,1.0,0.2709661666303873,0.9719242565723126
n50_i1105009_H_a1101_W,n50_i1105009_H_a1101,50,1105009,H,1101,W,0.1,0.0001501394435763359,0.7515213345092803
n50_i1105009_H_a1101_W,n50_i1105009_H_a1101,50,1105009,H,1101,W,0.25,0.00972921121865511,0.8847453881544939
n50_i1105009_H_a1101_W,n50_i1105009_H_a1101,50,1105009,H,1101,W,0.5,0.0037024319171905518,0.9352190724253256
n50_i1105009_H_a1101_W,n50_i1105009_H_a1101,50,1105009,H,1101,W,0.75,0.08738825842738152,0.9541562959255203
n50_i1105009_H_a1101_W,n50_i1105009_H_a1101,50,1105009,H,1101,W,0.9,0.15174830425530672,0.9774502409691183
n50_i1105009_H_a1101_W,n50_i1105009_H_a1101,50,1105009,H,1101,W,1.0,0.18101139180362225,0.9935132791868363
n50_i1105009_H_a1101_GW,n50_i1105009_H_a1101,50,1105009,H,1101,GW,0.1,0.017909995280206203,0.7515213345092803
n50_i1105009_H_a1101_GW,n50_i1105009_H_a1101,50,1105009,H,1101,GW,0.25,0.012738208286464214,0.8845504621060831
n50_i1105009_H_a1101_GW,n50_i1105009_H_a1101,50,1105009,H,1101,GW,0.5,0.0018695704638957977,0.9352190724253256
n50_i1105009_H_a1101_GW,n50_i1105009_H_a1101,50,1105009,H,1101,GW,0.75,0.11246402747929096,0.9446641547149993
n50_i1105009_H_a1101_GW,n50_i1105009_H_a1101,50,1105009,H,1101,GW,0.9,0.06851151585578918,0.9691504854524947
n50_i1105009_H_a1101_GW,n50_i1105009_H_a1101,50,1105009,H,1101,GW,1.0,0.14823995158076286,0.9774716898210404
n50_i1105009_H_a2202_W,n50_i1105009_H_a2202,50,1105009,H,2202,W,0.1,0.23170272074639797,0.7375104148498605
n50_i1105009_H_a2202_W,n50_i1105009_H_a2202,50,1105009,H,2202,W,0.25,0.006190406158566475,0.8257691875490686
n50_i1105009_H_a2202_W,n50_i1105009_H_a2202,50,1105009,H,2202,W,0.5,0.007554648444056511,0.8756341547996762
n50_i1105009_H_a2202_W,n50_i1105009_H_a2202,50,1105009,H,2202,W,0.75,0.13536004442721605,0.892959643097812
n50_i1105009_H_a2202_W,n50_i1105009_H_a2202,50,1105009,H,2202,W,0.9,0.02130438480526209,0.9134875358136444
n50_i1105009_H_a2202_W,n50_i1105009_H_a2202,50,1105009,H,2202,W,1.0,0.023522712290287018,0.9200805691538798
n50_i1105009_H_a2202_GW,n50_i1105009_H_a2202,50,1105009,H,2202,GW,0.1,0.0013630595058202744,0.7295689320128965
n50_i1105009_H_a2202_GW,n50_i1105009_H_a2202,50,1105009,H,2202,GW,0.25,0.003558788448572159,0.8257098573697457
n50_i1105009_H_a2202_GW,n50_i1105009_H_a2202,50,1105009,H,2202,GW,0.5,0.07576684933155775,0.8756210758906214
n50_i1105009_H_a2202_GW,n50_i1105009_H_a2202,50,1105009,H,2202,GW,0.75,0.002881217747926712,0.8892992253457183
n50_i1105009_H_a2202_GW,n50_i1105009_H_a2202,50,1105009,H,2202,GW,0.9,0.04926000814884901,0.8991341038394396
n50_i1105009_H_a2202_GW,n50_i1105009_H_a2202,50,1105009,H,2202,GW,1.0,0.29292600601911545,0.9108218669075127
n50_i1105009_H_a2202_LEGACY,n50_i1105009_H_a2202,50,1105009,H,2202,LEGACY,0.1,0.11401759088039398,0.6581140758097727
n50_i1105009_H_a2202_LEGACY,n50_i1105009_H_a2202,50,1105009,H,2202,LEGACY,0.25,0.0020351847633719444,0.8253867831643475
n50_i1105009_H_a2202_LEGACY,n50_i1105009_H_a2202,50,1105009,H,2202,LEGACY,0.5,7.754098623991013e-05,0.9096905943724198
n50_i1105009_H_a2202_LEGACY,n50_i1105009_H_a2202,50,1105009,H,2202,LEGACY,0.75,0.15502446424216032,0.938502455690934
n50_i1105009_H_a2202_LEGACY,n50_i1105009_H_a2202,50,1105009,H,2202,LEGACY,0.9,0.08731861878186464,0.9416363914608032
n50_i1105009_H_a2202_LEGACY,n50_i1105009_H_a2202,50,1105009,H,2202,LEGACY,1.0,0.08300541248172522,0.9458799385213026
n50_i1105009_H_a2202_REFERENCE,n50_i1105009_H_a2202,50,1105009,H,2202,REFERENCE,0.1,0.2565654758363962,0.5856999843304613
n50_i1105009_H_a2202_REFERENCE,n50_i1105009_H_a2202,50,1105009,H,2202,REFERENCE,0.25,0.0001419801265001297,0.7403775087366697
n50_i1105009_H_a2202_REFERENCE,n50_i1105009_H_a2202,50,1105009,H,2202,REFERENCE,0.5,0.03674440644681454,0.7850916452851191
n50_i1105009_H_a2202_REFERENCE,n50_i1105009_H_a2202,50,1105009,H,2202,REFERENCE,0.75,0.077380096539855,0.8793406659249514
n50_i1105009_H_a2202_REFERENCE,n50_i1105009_H_a2202,50,1105009,H,2202,REFERENCE,0.9,0.004554790444672108,0.8823853269619674
n50_i1105009_H_a2202_REFERENCE,n50_i1105009_H_a2202,50,1105009,H,2202,REFERENCE,1.0,0.22362247202545404,0.8825204547290753
n50_i1105009_T_a1101_REFERENCE,n50_i1105009_T_a1101,50,1105009,T,1101,REFERENCE,0.1,0.027074184268712997,0.5802001653751578
n50_i1105009_T_a1101_REFERENCE,n50_i1105009_T_a1101,50,1105009,T,1101,REFERENCE,0.25,0.06982774566859007,0.7456618845960348
n50_i1105009_T_a1101_REFERENCE,n50_i1105009_T_a1101,50,1105009,T,1101,REFERENCE,0.5,0.0018959399312734604,0.852139497515222
n50_i1105009_T_a1101_REFERENCE,n50_i1105009_T_a1101,50,1105009,T,1101,REFERENCE,0.75,0.1669499957934022,0.8878475970790372
n50_i1105009_T_a1101_REFERENCE,n50_i1105009_T_a1101,50,1105009,T,1101,REFERENCE,0.9,0.008597235195338726,0.8948837579512081
n50_i1105009_T_a1101_REFERENCE,n50_i1105009_T_a1101,50,1105009,T,1101,REFERENCE,1.0,0.034181409515440464,0.8961348019233996
n50_i1105009_T_a1101_W,n50_i1105009_T_a1101,50,1105009,T,1101,W,0.1,0.000960133969783783,0.5734572627256683
n50_i1105009_T_a1101_W,n50_i1105009_T_a1101,50,1105009,T,1101,W,0.25,0.0026006437838077545,0.7972710782759141
n50_i1105009_T_a1101_W,n50_i1105009_T_a1101,50,1105009,T,1101,W,0.5,0.09503262583166361,0.8775461863259989
n50_i1105009_T_a1101_W,n50_i1105009_T_a1101,50,1105009,T,1101,W,0.75,0.025976411066949368,1.0056039721585277
n50_i1105009_T_a1101_W,n50_i1105009_T_a1101,50,1105009,T,1101,W,0.9,0.08483545295894146,1.0160375888102786
n50_i1105009_T_a1101_W,n50_i1105009_T_a1101,50,1105009,T,1101,W,1.0,0.25354989152401686,1.0276323258621176
n50_i1105009_T_a1101_GW,n50_i1105009_T_a1101,50,1105009,T,1101,GW,0.1,0.0319841243326664,0.5783281339505569
n50_i1105009_T_a1101_GW,n50_i1105009_T_a1101,50,1105009,T,1101,GW,0.25,0.06651062052696943,0.7986582039195241
n50_i1105009_T_a1101_GW,n50_i1105009_T_a1101,50,1105009,T,1101,GW,0.5,0.26805275958031416,0.9001595554795465
n50_i1105009_T_a1101_GW,n50_i1105009_T_a1101,50,1105009,T,1101,GW,0.75,0.0012815510854125023,1.0326978316925886
n50_i1105009_T_a1101_GW,n50_i1105009_T_a1101,50,1105009,T,1101,GW,0.9,0.28722859267145395,1.0441462382963038
n50_i1105009_T_a1101_GW,n50_i1105009_T_a1101,50,1105009,T,1101,GW,1.0,0.0006805192679166794,1.0469469271934204
n50_i1105009_T_a1101_LEGACY,n50_i1105009_T_a1101,50,1105009,T,1101,LEGACY,0.1,0.17267778608947992,0.652049150957964
n50_i1105009_T_a1101_LEGACY,n50_i1105009_T_a1101,50,1105009,T,1101,LEGACY,0.25,0.003337262198328972,0.7534944426641347
n50_i1105009_T_a1101_LEGACY,n50_i1105009_T_a1101,50,1105009,T,1101,LEGACY,0.5,0.03997524827718735,0.9290825568228045
n50_i1105009_T_a1101_LEGACY,n50_i1105009_T_a1101,50,1105009,T,1101,LEGACY,0.75,0.01093421969562769,0.9987627680082092
n50_i1105009_T_a1101_LEGACY,n50_i1105009_T_a1101,50,1105009,T,1101,LEGACY,0.9,0.16848634742200375,0.999277157805425
n50_i1105009_T_a1101_LEGACY,n50_i1105009_T_a1101,50,1105009,T,1101,LEGACY,1.0,0.06855116691440344,0.9998699555180681
n50_i1105009_T_a2202_GW,n50_i1105009_T_a2202,50,1105009,T,2202,GW,0.1,0.0012809382751584053,0.5936757974453194
n50_i1105009_T_a2202_GW,n50_i1105009_T_a2202,50,1105009,T,2202,GW,0.25,0.014727253466844559,0.7657311131317174
n50_i1105009_T_a2202_GW,n50_i1105009_T_a2202,50,1105009,T,2202,GW,0.5,0.2575802467763424,0.940915058022439
n50_i1105009_T_a2202_GW,n50_i1105009_T_a2202,50,1105009,T,2202,GW,0.75,0.007038768380880356,0.9548509826206656
n50_i1105009_T_a2202_GW,n50_i1105009_T_a2202,50,1105009,T,2202,GW,0.9,0.0005756877362728119,0.971323016618876
n50_i1105009_T_a2202_GW,n50_i1105009_T_a2202,50,1105009,T,2202,GW,1.0,0.05919638741761446,0.9749224500927343
n50_i1105009_T_a2202_LEGACY,n50_i1105009_T_a2202,50,1105009,T,2202,LEGACY,0.1,0.0012492099776864052,0.5944357664457794
n50_i1105009_T_a2202_LEGACY,n50_i1105009_T_a2202,50,1105009,T,2202,LEGACY,0.25,0.011109385639429092,0.7149724042658823
n50_i1105009_T_a2202_LEGACY,n50_i1105009_T_a2202,50,1105009,T,2202,LEGACY,0.5,0.0007834518328309059,0.8037375416551134
n50_i1105009_T_a2202_LEGACY,n50_i1105009_T_a2202,50,1105009,T,2202,LEGACY,0.75,0.0397309847176075,0.8393473808128292
n50_i1105009_T_a2202_LEGACY,n50_i1105009_T_a2202,50,1105009,T,2202,LEGACY,0.9,0.02906357031315565,0.8594252395532218
n50_i1105009_T_a2202_LEGACY,n50_i1105009_T_a2202,50,1105009,T,2202,LEGACY,1.0,0.003418929874897003,0.8969895777122107
n50_i1105009_T_a2202_REFERENCE,n50_i1105009_T_a2202,50,1105009,T,2202,REFERENCE,0.1,0.11942351330071688,0.49647429960466044
n50_i1105009_T_a2202_REFERENCE,n50_i1105009_T_a2202,50,1105009,T,2202,REFERENCE,0.25,0.014110074378550053,0.8269697347687988
n50_i1105009_T_a2202_REFERENCE,n50_i1105009_T_a2202,50,1105009,T,2202,REFERENCE,0.5,0.023071376606822014,1.0151502136925978
n50_i1105009_T_a2202_REFERENCE,n50_i1105009_T_a2202,50,1105009,T,2202,REFERENCE,0.75,0.027584027498960495,1.0312787538583388
n50_i1105009_T_a2202_REFERENCE,n50_i1105009_T_a2202,50,1105009,T,2202,REFERENCE,0.9,0.12638390250504017,1.0431488878686697
n50_i1105009_T_a2202_REFERENCE,n50_i1105009_T_a2202,50,1105009,T,2202,REFERENCE,1.0,0.2929709507152438,1.0432900212862402
n50_i1105009_T_a2202_W,n50_i1105009_T_a2202,50,1105009,T,2202,W,0.1,0.0005287360399961472,0.5932449835372021
n50_i1105009_T_a2202_W,n50_i1105009_T_a2202,50,1105009,T,2202,W,0.25,0.04285143129527569,0.7798064355178023
n50_i1105009_T_a2202_W,n50_i1105009_T_a2202,50,1105009,T,2202,W,0.5,0.022562754340469837,0.8460616084726548
n50_i1105009_T_a2202_W,n50_i1105009_T_a2202,50,1105009,T,2202,W,0.75,0.00144127756357193,0.8686946088694885
n50_i1105009_T_a2202_W,n50_i1105009_T_a2202,50,1105009,T,2202,W,0.9,0.04182373732328415,0.8704033277599476
n50_i1105009_T_a2202_W,n50_i1105009_T_a2202,50,1105009,T,2202,W,1.0,0.41711299680173397,0.8856888531166413
n50_i1105010_H_a1101_LEGACY,n50_i1105010_H_a1101,50,1105010,H,1101,LEGACY,0.1,0.006938711740076542,0.37446205145213124
n50_i1105010_H_a1101_LEGACY,n50_i1105010_H_a1101,50,1105010,H,1101,LEGACY,0.25,0.05814087297767401,0.5611487637702087
n50_i1105010_H_a1101_LEGACY,n50_i1105010_H_a1101,50,1105010,H,1101,LEGACY,0.5,0.07677396759390831,0.7546548723017764
n50_i1105010_H_a1101_LEGACY,n50_i1105010_H_a1101,50,1105010,H,1101,LEGACY,0.75,0.0015612663701176643,0.9016211046730919
n50_i1105010_H_a1101_LEGACY,n50_i1105010_H_a1101,50,1105010,H,1101,LEGACY,0.9,0.011669454164803028,0.9079225600556663
n50_i1105010_H_a1101_LEGACY,n50_i1105010_H_a1101,50,1105010,H,1101,LEGACY,1.0,0.2529666442424059,0.9117896393408513
n50_i1105010_H_a1101_REFERENCE,n50_i1105010_H_a1101,50,1105010,H,1101,REFERENCE,0.1,0.0015485882759094238,0.21901721032164098
n50_i1105010_H_a1101_REFERENCE,n50_i1105010_H_a1101,50,1105010,H,1101,REFERENCE,0.25,1.1661089956760406e-05,0.7219942659357242
n50_i1105010_H_a1101_REFERENCE,n50_i1105010_H_a1101,50,1105010,H,1101,REFERENCE,0.5,0.01676150318235159,0.8474247068750247
n50_i1105010_H_a1101_REFERENCE,n50_i1105010_H_a1101,50,1105010,H,1101,REFERENCE,0.75,0.00018657837063074112,0.8702453316230316
n50_i1105010_H_a1101_REFERENCE,n50_i1105010_H_a1101,50,1105010,H,1101,REFERENCE,0.9,0.011932467110455036,0.9355183540455478
n50_i1105010_H_a1101_REFERENCE,n50_i1105010_H_a1101,50,1105010,H,1101,REFERENCE,1.0,0.006794406101107597,0.9450016298268891
n50_i1105010_H_a1101_W,n50_i1105010_H_a1101,50,1105010,H,1101,W,0.1,0.003025817684829235,0.2263202776477168
n50_i1105010_H_a1101_W,n50_i1105010_H_a1101,50,1105010,H,1101,W,0.25,0.002749823033809662,0.4026792982314956
n50_i1105010_H_a1101_W,n50_i1105010_H_a1101,50,1105010,H,1101,W,0.5,0.043711124919354916,0.682879035345702
n50_i1105010_H_a1101_W,n50_i1105010_H_a1101,50,1105010,H,1101,W,0.75,0.04354277066886425,0.6903386432768218
n50_i1105010_H_a1101_W,n50_i1105010_H_a1101,50,1105010,H,1101,W,0.9,0.0006491830572485924,0.6984080899566898
n50_i1105010_H_a1101_W,n50_i1105010_H_a1101,50,1105010,H,1101,W,1.0,0.29130518715828657,0.7006532679451665
n50_i1105010_H_a1101_GW,n50_i1105010_H_a1101,50,1105010,H,1101,GW,0.1,0.1047034366056323,0.2263202776477168
n50_i1105010_H_a1101_GW,n50_i1105010_H_a1101,50,1105010,H,1101,GW,0.25,0.003120625391602516,0.4319764018543448
n50_i1105010_H_a1101_GW,n50_i1105010_H_a1101,50,1105010,H,1101,GW,0.5,0.00038508791476488113,0.6173817186666796
n50_i1105010_H_a1101_GW,n50_i1105010_H_a1101,50,1105010,H,1101,GW,0.75,0.0016741855069994926,0.6386050368560352
n50_i1105010_H_a1101_GW,n50_i1105010_H_a1101,50,1105010,H,1101,GW,0.9,0.06663141120225191,0.65427489773954
n50_i1105010_H_a1101_GW,n50_i1105010_H_a1101,50,1105010,H,1101,GW,1.0,0.13976650033146143,0.6601545693680334
n50_i1105010_H_a2202_W,n50_i1105010_H_a2202,50,1105010,H,2202,W,0.1,0.16565531492233276,0.34013728751284367
n50_i1105010_H_a2202_W,n50_i1105010_H_a2202,50,1105010,H,2202,W,0.25,0.005351309664547443,0.5203156661724355
n50_i1105010_H_a2202_W,n50_i1105010_H_a2202,50,1105010,H,2202,W,0.5,0.002818044275045395,0.54098743935906
n50_i1105010_H_a2202_W,n50_i1105010_H_a2202,50,1105010,H,2202,W,0.75,0.2529876632615924,0.5922047645814642
n50_i1105010_H_a2202_W,n50_i1105010_H_a2202,50,1105010,H,2202,W,0.9,0.2607085956260562,0.6343762355794871
n50_i1105010_H_a2202_W,n50_i1105010_H_a2202,50,1105010,H,2202,W,1.0,0.265587879344821,0.6544514758671817
n50_i1105010_H_a2202_GW,n50_i1105010_H_a2202,50,1105010,H,2202,GW,0.1,0.07438862882554531,0.3361793687489435
n50_i1105010_H_a2202_GW,n50_i1105010_H_a2202,50,1105010,H,2202,GW,0.25,0.007871105335652828,0.5194863240859969
n50_i1105010_H_a2202_GW,n50_i1105010_H_a2202,50,1105010,H,2202,GW,0.5,0.007328059524297714,0.54098743935906
n50_i1105010_H_a2202_GW,n50_i1105010_H_a2202,50,1105010,H,2202,GW,0.75,0.04111399967223406,0.5808209826189736
n50_i1105010_H_a2202_GW,n50_i1105010_H_a2202,50,1105010,H,2202,GW,0.9,0.022078688256442547,0.6271100120956729
n50_i1105010_H_a2202_GW,n50_i1105010_H_a2202,50,1105010,H,2202,GW,1.0,0.4914747476577759,0.6359748884726941
n50_i1105010_H_a2202_LEGACY,n50_i1105010_H_a2202,50,1105010,H,2202,LEGACY,0.1,0.04986431822180748,0.3941943168220896
n50_i1105010_H_a2202_LEGACY,n50_i1105010_H_a2202,50,1105010,H,2202,LEGACY,0.25,0.0011082906275987625,0.7284606600026661
n50_i1105010_H_a2202_LEGACY,n50_i1105010_H_a2202,50,1105010,H,2202,LEGACY,0.5,0.05416092649102211,0.8512851662586008
n50_i1105010_H_a2202_LEGACY,n50_i1105010_H_a2202,50,1105010,H,2202,LEGACY,0.75,0.0027173273265361786,0.9450137417573844
n50_i1105010_H_a2202_LEGACY,n50_i1105010_H_a2202,50,1105010,H,2202,LEGACY,0.9,0.0375595772638917,0.9704120332435915
n50_i1105010_H_a2202_LEGACY,n50_i1105010_H_a2202,50,1105010,H,2202,LEGACY,1.0,0.12764788325875998,0.9725556010769053
n50_i1105010_H_a2202_REFERENCE,n50_i1105010_H_a2202,50,1105010,H,2202,REFERENCE,0.1,0.0016858242452144623,0.4774527431490371
n50_i1105010_H_a2202_REFERENCE,n50_i1105010_H_a2202,50,1105010,H,2202,REFERENCE,0.25,0.05055753793567419,0.788277659097117
n50_i1105010_H_a2202_REFERENCE,n50_i1105010_H_a2202,50,1105010,H,2202,REFERENCE,0.5,0.11780988983809948,0.8371347480718462
n50_i1105010_H_a2202_REFERENCE,n50_i1105010_H_a2202,50,1105010,H,2202,REFERENCE,0.75,0.002606756053864956,0.8816895817888598
n50_i1105010_H_a2202_REFERENCE,n50_i1105010_H_a2202,50,1105010,H,2202,REFERENCE,0.9,0.17345763090997934,0.9461191179913384
n50_i1105010_H_a2202_REFERENCE,n50_i1105010_H_a2202,50,1105010,H,2202,REFERENCE,1.0,0.18112781643867493,0.9800726797117854
n50_i1105010_T_a1101_REFERENCE,n50_i1105010_T_a1101,50,1105010,T,1101,REFERENCE,0.1,0.0026695793494582176,0.2402706266891667
n50_i1105010_T_a1101_REFERENCE,n50_i1105010_T_a1101,50,1105010,T,1101,REFERENCE,0.25,0.0007671145722270012,0.599880576330216
n50_i1105010_T_a1101_REFERENCE,n50_i1105010_T_a1101,50,1105010,T,1101,REFERENCE,0.5,0.13465417549014091,0.749631703012522
n50_i1105010_T_a1101_REFERENCE,n50_i1105010_T_a1101,50,1105010,T,1101,REFERENCE,0.75,0.14148947782814503,0.8291784847041678
n50_i1105010_T_a1101_REFERENCE,n50_i1105010_T_a1101,50,1105010,T,1101,REFERENCE,0.9,0.22349582705646753,0.8381413049230065
n50_i1105010_T_a1101_REFERENCE,n50_i1105010_T_a1101,50,1105010,T,1101,REFERENCE,1.0,0.12067175935953856,0.841042285251756
n50_i1105010_T_a1101_W,n50_i1105010_T_a1101,50,1105010,T,1101,W,0.1,0.06553483754396439,0.1992781557067276
n50_i1105010_T_a1101_W,n50_i1105010_T_a1101,50,1105010,T,1101,W,0.25,0.0654827356338501,0.30942747438935336
n50_i1105010_T_a1101_W,n50_i1105010_T_a1101,50,1105010,T,1101,W,0.5,0.0022593094035983086,0.37655098513044016
n50_i1105010_T_a1101_W,n50_i1105010_T_a1101,50,1105010,T,1101,W,0.75,0.09951751306653023,0.4252836916962126
n50_i1105010_T_a1101_W,n50_i1105010_T_a1101,50,1105010,T,1101,W,0.9,0.2634190749377012,0.43193854032537904
n50_i1105010_T_a1101_W,n50_i1105010_T_a1101,50,1105010,T,1101,W,1.0,0.1670216415077448,0.4328155347416992
n50_i1105010_T_a1101_GW,n50_i1105010_T_a1101,50,1105010,T,1101,GW,0.1,0.1248391019180417,0.23134050614387738
n50_i1105010_T_a1101_GW,n50_i1105010_T_a1101,50,1105010,T,1101,GW,0.25,0.00037883780896663666,0.3758846158745842
n50_i1105010_T_a1101_GW,n50_i1105010_T_a1101,50,1105010,T,1101,GW,0.5,0.002204407937824726,0.5766326236631221
n50_i1105010_T_a1101_GW,n50_i1105010_T_a1101,50,1105010,T,1101,GW,0.75,0.12002241518348455,0.6603125630834302
n50_i1105010_T_a1101_GW,n50_i1105010_T_a1101,50,1105010,T,1101,GW,0.9,0.021626565605401993,0.6697137825167525
n50_i1105010_T_a1101_GW,n50_i1105010_T_a1101,50,1105010,T,1101,GW,1.0,0.2799332980066538,0.6708910785576119
n50_i1105010_T_a1101_LEGACY,n50_i1105010_T_a1101,50,1105010,T,1101,LEGACY,0.1,0.06907159835100174,0.3399393517130281
n50_i1105010_T_a1101_LEGACY,n50_i1105010_T_a1101,50,1105010,T,1101,LEGACY,0.25,0.11536617483943701,0.4302881847063234
n50_i1105010_T_a1101_LEGACY,n50_i1105010_T_a1101,50,1105010,T,1101,LEGACY,0.5,0.15578358247876167,0.5423543666962615
n50_i1105010_T_a1101_LEGACY,n50_i1105010_T_a1101,50,1105010,T,1101,LEGACY,0.75,0.06317885499447584,0.6114236178481769
n50_i1105010_T_a1101_LEGACY,n50_i1105010_T_a1101,50,1105010,T,1101,LEGACY,0.9,0.09418407641351223,0.6294534990602414
n50_i1105010_T_a1101_LEGACY,n50_i1105010_T_a1101,50,1105010,T,1101,LEGACY,1.0,0.4310772232711315,0.6395717566052646
n50_i1105010_T_a2202_GW,n50_i1105010_T_a2202,50,1105010,T,2202,GW,0.1,0.1281742500141263,0.05743410415160038
n50_i1105010_T_a2202_GW,n50_i1105010_T_a2202,50,1105010,T,2202,GW,0.25,0.09716869238764048,0.4272444079907967
n50_i1105010_T_a2202_GW,n50_i1105010_T_a2202,50,1105010,T,2202,GW,0.5,0.036346676759421825,0.7081455970460789
n50_i1105010_T_a2202_GW,n50_i1105010_T_a2202,50,1105010,T,2202,GW,0.75,0.0038651982322335243,0.8939883965686533
n50_i1105010_T_a2202_GW,n50_i1105010_T_a2202,50,1105010,T,2202,GW,0.9,0.17376710940152407,0.9199708027838042
n50_i1105010_T_a2202_GW,n50_i1105010_T_a2202,50,1105010,T,2202,GW,1.0,0.21308226231485605,0.9214378416304582
n50_i1105010_T_a2202_LEGACY,n50_i1105010_T_a2202,50,1105010,T,2202,LEGACY,0.1,0.05414766073226929,0.4323183981169544
n50_i1105010_T_a2202_LEGACY,n50_i1105010_T_a2202,50,1105010,T,2202,LEGACY,0.25,0.02336765918880701,0.6603435333727278
n50_i1105010_T_a2202_LEGACY,n50_i1105010_T_a2202,50,1105010,T,2202,LEGACY,0.5,0.02677306067198515,0.7015934016937235
n50_i1105010_T_a2202_LEGACY,n50_i1105010_T_a2202,50,1105010,T,2202,LEGACY,0.75,0.018218277022242546,0.9550493447162793
n50_i1105010_T_a2202_LEGACY,n50_i1105010_T_a2202,50,1105010,T,2202,LEGACY,0.9,0.0003449339419603348,1.000314189778476
n50_i1105010_T_a2202_LEGACY,n50_i1105010_T_a2202,50,1105010,T,2202,LEGACY,1.0,0.24585415422916412,1.020707793633155
n50_i1105010_T_a2202_REFERENCE,n50_i1105010_T_a2202,50,1105010,T,2202,REFERENCE,0.1,0.02132358681410551,0.04524994267369884
n50_i1105010_T_a2202_REFERENCE,n50_i1105010_T_a2202,50,1105010,T,2202,REFERENCE,0.25,0.00232660211622715,0.19165403528164432
n50_i1105010_T_a2202_REFERENCE,n50_i1105010_T_a2202,50,1105010,T,2202,REFERENCE,0.5,0.06056170258671045,0.5461317779776854
n50_i1105010_T_a2202_REFERENCE,n50_i1105010_T_a2202,50,1105010,T,2202,REFERENCE,0.75,0.011250067502260208,0.6008359007676828
n50_i1105010_T_a2202_REFERENCE,n50_i1105010_T_a2202,50,1105010,T,2202,REFERENCE,0.9,0.11326917074620724,0.6034061279366257
n50_i1105010_T_a2202_REFERENCE,n50_i1105010_T_a2202,50,1105010,T,2202,REFERENCE,1.0,0.5720514627173543,0.6117909079506196
n50_i1105010_T_a2202_W,n50_i1105010_T_a2202,50,1105010,T,2202,W,0.1,0.0010131364688277245,0.05719637149011161
n50_i1105010_T_a2202_W,n50_i1105010_T_a2202,50,1105010,T,2202,W,0.25,0.006424593739211559,0.6376489773379828
n50_i1105010_T_a2202_W,n50_i1105010_T_a2202,50,1105010,T,2202,W,0.5,0.0011634044349193573,0.808958996015577
n50_i1105010_T_a2202_W,n50_i1105010_T_a2202,50,1105010,T,2202,W,0.75,0.41529396641999483,0.9044375199662119
n50_i1105010_T_a2202_W,n50_i1105010_T_a2202,50,1105010,T,2202,W,0.9,0.024431804195046425,0.9092020717823289
n50_i1105010_T_a2202_W,n50_i1105010_T_a2202,50,1105010,T,2202,W,1.0,0.28735626116394997,0.9134396185008148
n50_i1105011_H_a2202_W,n50_i1105011_H_a2202,50,1105011,H,2202,W,0.1,0.16175032872706652,0.7773208587921441
n50_i1105011_H_a2202_W,n50_i1105011_H_a2202,50,1105011,H,2202,W,0.25,0.27671443298459053,0.8469240356544712
n50_i1105011_H_a2202_W,n50_i1105011_H_a2202,50,1105011,H,2202,W,0.5,0.31113474629819393,0.8957361099158624
n50_i1105011_H_a2202_W,n50_i1105011_H_a2202,50,1105011,H,2202,W,0.75,0.11772268172353506,0.897312807408928
n50_i1105011_H_a2202_W,n50_i1105011_H_a2202,50,1105011,H,2202,W,0.9,0.002739205025136471,0.9023442185607146
n50_i1105011_H_a2202_W,n50_i1105011_H_a2202,50,1105011,H,2202,W,1.0,0.35713585559278727,0.9084334143160716
n50_i1105011_H_a2202_GW,n50_i1105011_H_a2202,50,1105011,H,2202,GW,0.1,0.007720739580690861,0.7675384199098383
n50_i1105011_H_a2202_GW,n50_i1105011_H_a2202,50,1105011,H,2202,GW,0.25,0.0047983331605792046,0.8709409857607198
n50_i1105011_H_a2202_GW,n50_i1105011_H_a2202,50,1105011,H,2202,GW,0.5,0.13422156311571598,0.8803941205870481
n50_i1105011_H_a2202_GW,n50_i1105011_H_a2202,50,1105011,H,2202,GW,0.75,0.055764018557965755,0.9590643680367543
n50_i1105011_H_a2202_GW,n50_i1105011_H_a2202,50,1105011,H,2202,GW,0.9,0.04827181901782751,1.0169103209961545
n50_i1105011_H_a2202_GW,n50_i1105011_H_a2202,50,1105011,H,2202,GW,1.0,0.18750006053596735,1.04086296264423
n50_i1105011_H_a2202_LEGACY,n50_i1105011_H_a2202,50,1105011,H,2202,LEGACY,0.1,0.026178819127380848,0.7121489166628054
n50_i1105011_H_a2202_LEGACY,n50_i1105011_H_a2202,50,1105011,H,2202,LEGACY,0.25,0.0735744135454297,0.7990851775110722
n50_i1105011_H_a2202_LEGACY,n50_i1105011_H_a2202,50,1105011,H,2202,LEGACY,0.5,0.09963088482618332,0.9068849951344164
n50_i1105011_H_a2202_LEGACY,n50_i1105011_H_a2202,50,1105011,H,2202,LEGACY,0.75,0.006295572966337204,0.9704260149873232
n50_i1105011_H_a2202_LEGACY,n50_i1105011_H_a2202,50,1105011,H,2202,LEGACY,0.9,0.0030018091201782227,0.9982602607555893
n50_i1105011_H_a2202_LEGACY,n50_i1105011_H_a2202,50,1105011,H,2202,LEGACY,1.0,0.24945203121751547,1.0007557178888005
n50_i1105011_H_a2202_REFERENCE,n50_i1105011_H_a2202,50,1105011,H,2202,REFERENCE,0.1,0.0030704429373145103,0.835421450606047
n50_i1105011_H_a2202_REFERENCE,n50_i1105011_H_a2202,50,1105011,H,2202,REFERENCE,0.25,0.04303528741002083,0.8753007675707168
n50_i1105011_H_a2202_REFERENCE,n50_i1105011_H_a2202,50,1105011,H,2202,REFERENCE,0.5,0.0883725555613637,0.9184909043366585
n50_i1105011_H_a2202_REFERENCE,n50_i1105011_H_a2202,50,1105011,H,2202,REFERENCE,0.75,0.06869068462401628,0.9591643359305188
n50_i1105011_H_a2202_REFERENCE,n50_i1105011_H_a2202,50,1105011,H,2202,REFERENCE,0.9,0.0004880530759692192,0.9618170722423393
n50_i1105011_H_a2202_REFERENCE,n50_i1105011_H_a2202,50,1105011,H,2202,REFERENCE,1.0,0.3389685647562146,0.9858127428654648
n50_i1105011_H_a1101_LEGACY,n50_i1105011_H_a1101,50,1105011,H,1101,LEGACY,0.1,0.033297634683549404,0.8539304949656099
n50_i1105011_H_a1101_LEGACY,n50_i1105011_H_a1101,50,1105011,H,1101,LEGACY,0.25,0.0034517012536525726,0.8999655602703548
n50_i1105011_H_a1101_LEGACY,n50_i1105011_H_a1101,50,1105011,H,1101,LEGACY,0.5,0.002580375410616398,0.9412411128616921
n50_i1105011_H_a1101_LEGACY,n50_i1105011_H_a1101,50,1105011,H,1101,LEGACY,0.75,0.00043856631964445114,0.9745860116112041
n50_i1105011_H_a1101_LEGACY,n50_i1105011_H_a1101,50,1105011,H,1101,LEGACY,0.9,0.0008576270192861557,0.9783312122255251
n50_i1105011_H_a1101_LEGACY,n50_i1105011_H_a1101,50,1105011,H,1101,LEGACY,1.0,0.003757006488740444,0.9804376708746803
n50_i1105011_H_a1101_REFERENCE,n50_i1105011_H_a1101,50,1105011,H,1101,REFERENCE,0.1,0.016253609210252762,0.6888551479203774
n50_i1105011_H_a1101_REFERENCE,n50_i1105011_H_a1101,50,1105011,H,1101,REFERENCE,0.25,0.001564384438097477,0.7750483016794544
n50_i1105011_H_a1101_REFERENCE,n50_i1105011_H_a1101,50,1105011,H,1101,REFERENCE,0.5,0.03454678971320391,0.8164881703417824
n50_i1105011_H_a1101_REFERENCE,n50_i1105011_H_a1101,50,1105011,H,1101,REFERENCE,0.75,0.22730930894613266,0.9355894109002332
n50_i1105011_H_a1101_REFERENCE,n50_i1105011_H_a1101,50,1105011,H,1101,REFERENCE,0.9,0.003674841485917568,0.9469778566274553
n50_i1105011_H_a1101_REFERENCE,n50_i1105011_H_a1101,50,1105011,H,1101,REFERENCE,1.0,0.003730596974492073,0.9500725667114612
n50_i1105011_H_a1101_W,n50_i1105011_H_a1101,50,1105011,H,1101,W,0.1,0.0018528606742620468,0.7121433642700632
n50_i1105011_H_a1101_W,n50_i1105011_H_a1101,50,1105011,H,1101,W,0.25,0.00029057450592517853,0.8657537004918547
n50_i1105011_H_a1101_W,n50_i1105011_H_a1101,50,1105011,H,1101,W,0.5,0.0073341187089681625,0.9441755797326913
n50_i1105011_H_a1101_W,n50_i1105011_H_a1101,50,1105011,H,1101,W,0.75,0.0006663799285888672,0.9692439958030207
n50_i1105011_H_a1101_W,n50_i1105011_H_a1101,50,1105011,H,1101,W,0.9,0.012994766235351562,0.991850691111538
n50_i1105011_H_a1101_W,n50_i1105011_H_a1101,50,1105011,H,1101,W,1.0,0.00981923472136259,0.9970266134210689
n50_i1105011_H_a1101_GW,n50_i1105011_H_a1101,50,1105011,H,1101,GW,0.1,0.008329564705491066,0.7095571242743
n50_i1105011_H_a1101_GW,n50_i1105011_H_a1101,50,1105011,H,1101,GW,0.25,0.07691974565386772,0.8482283100866539
n50_i1105011_H_a1101_GW,n50_i1105011_H_a1101,50,1105011,H,1101,GW,0.5,0.0027045076712965965,0.9012587746009896
n50_i1105011_H_a1101_GW,n50_i1105011_H_a1101,50,1105011,H,1101,GW,0.75,0.03788410034030676,0.9230189327490222
n50_i1105011_H_a1101_GW,n50_i1105011_H_a1101,50,1105011,H,1101,GW,0.9,0.023008781485259533,0.9421527512064667
n50_i1105011_H_a1101_GW,n50_i1105011_H_a1101,50,1105011,H,1101,GW,1.0,0.20662419497966766,0.9437369787701659
n50_i1105011_T_a1101_REFERENCE,n50_i1105011_T_a1101,50,1105011,T,1101,REFERENCE,0.1,0.03763396479189396,0.4317603750420554
n50_i1105011_T_a1101_REFERENCE,n50_i1105011_T_a1101,50,1105011,T,1101,REFERENCE,0.25,0.058946787379682064,0.5526203815878254
n50_i1105011_T_a1101_REFERENCE,n50_i1105011_T_a1101,50,1105011,T,1101,REFERENCE,0.5,0.0021465271711349487,0.6897144774082237
n50_i1105011_T_a1101_REFERENCE,n50_i1105011_T_a1101,50,1105011,T,1101,REFERENCE,0.75,0.0029124291613698006,0.7774866945926753
n50_i1105011_T_a1101_REFERENCE,n50_i1105011_T_a1101,50,1105011,T,1101,REFERENCE,0.9,0.002003583125770092,0.806273841978626
n50_i1105011_T_a1101_REFERENCE,n50_i1105011_T_a1101,50,1105011,T,1101,REFERENCE,1.0,0.0006836391985416412,0.8081230937765502
n50_i1105011_T_a1101_W,n50_i1105011_T_a1101,50,1105011,T,1101,W,0.1,0.013269852846860886,0.6361444624826313
n50_i1105011_T_a1101_W,n50_i1105011_T_a1101,50,1105011,T,1101,W,0.25,0.01160144992172718,0.7603787753475756
n50_i1105011_T_a1101_W,n50_i1105011_T_a1101,50,1105011,T,1101,W,0.5,0.011365885846316814,0.8117341310380044
n50_i1105011_T_a1101_W,n50_i1105011_T_a1101,50,1105011,T,1101,W,0.75,0.004897875711321831,0.8164176031648497
n50_i1105011_T_a1101_W,n50_i1105011_T_a1101,50,1105011,T,1101,W,0.9,0.004295574501156807,0.8203609678294481
n50_i1105011_T_a1101_W,n50_i1105011_T_a1101,50,1105011,T,1101,W,1.0,0.2314995750784874,0.8222755486896243
n50_i1105011_T_a1101_GW,n50_i1105011_T_a1101,50,1105011,T,1101,GW,0.1,0.025089058093726635,0.6355089994233943
n50_i1105011_T_a1101_GW,n50_i1105011_T_a1101,50,1105011,T,1101,GW,0.25,0.00995896477252245,0.7603787753475756
n50_i1105011_T_a1101_GW,n50_i1105011_T_a1101,50,1105011,T,1101,GW,0.5,0.02396858111023903,0.8122460306957973
n50_i1105011_T_a1101_GW,n50_i1105011_T_a1101,50,1105011,T,1101,GW,0.75,0.022726228460669518,0.8136896825427895
n50_i1105011_T_a1101_GW,n50_i1105011_T_a1101,50,1105011,T,1101,GW,0.9,0.015074147842824459,0.8165260691692411
n50_i1105011_T_a1101_GW,n50_i1105011_T_a1101,50,1105011,T,1101,GW,1.0,0.14496951550245285,0.8171608298587869
n50_i1105011_T_a1101_LEGACY,n50_i1105011_T_a1101,50,1105011,T,1101,LEGACY,0.1,0.048175483010709286,0.7115053692295912
n50_i1105011_T_a1101_LEGACY,n50_i1105011_T_a1101,50,1105011,T,1101,LEGACY,0.25,0.0006320849061012268,0.8264700539236838
n50_i1105011_T_a1101_LEGACY,n50_i1105011_T_a1101,50,1105011,T,1101,LEGACY,0.5,0.04987815208733082,0.846525376032949
n50_i1105011_T_a1101_LEGACY,n50_i1105011_T_a1101,50,1105011,T,1101,LEGACY,0.75,0.0019561471417546272,0.857814863967248
n50_i1105011_T_a1101_LEGACY,n50_i1105011_T_a1101,50,1105011,T,1101,LEGACY,0.9,0.08074148185551167,0.873567665854107
n50_i1105011_T_a1101_LEGACY,n50_i1105011_T_a1101,50,1105011,T,1101,LEGACY,1.0,0.21227881964296103,0.8766118860397126
n50_i1105011_T_a2202_GW,n50_i1105011_T_a2202,50,1105011,T,2202,GW,0.1,0.0032094214111566544,0.6269100396060746
n50_i1105011_T_a2202_GW,n50_i1105011_T_a2202,50,1105011,T,2202,GW,0.25,0.0016113482415676117,0.7582343515031692
n50_i1105011_T_a2202_GW,n50_i1105011_T_a2202,50,1105011,T,2202,GW,0.5,0.001718602143228054,0.9071615851824177
n50_i1105011_T_a2202_GW,n50_i1105011_T_a2202,50,1105011,T,2202,GW,0.75,0.04150236397981644,0.9367154803605761
n50_i1105011_T_a2202_GW,n50_i1105011_T_a2202,50,1105011,T,2202,GW,0.9,0.05346656683832407,0.9434666736156551
n50_i1105011_T_a2202_GW,n50_i1105011_T_a2202,50,1105011,T,2202,GW,1.0,0.19549470581114292,0.9466771423396216
n50_i1105011_T_a2202_LEGACY,n50_i1105011_T_a2202,50,1105011,T,2202,LEGACY,0.1,0.05258361157029867,0.5801181234298093
n50_i1105011_T_a2202_LEGACY,n50_i1105011_T_a2202,50,1105011,T,2202,LEGACY,0.25,0.03221471980214119,0.7170414203032636
n50_i1105011_T_a2202_LEGACY,n50_i1105011_T_a2202,50,1105011,T,2202,LEGACY,0.5,0.1139765428379178,0.8703312402295644
n50_i1105011_T_a2202_LEGACY,n50_i1105011_T_a2202,50,1105011,T,2202,LEGACY,0.75,0.006745176389813423,0.9385513823992909
n50_i1105011_T_a2202_LEGACY,n50_i1105011_T_a2202,50,1105011,T,2202,LEGACY,0.9,0.013124111108481884,0.9561467477884198
n50_i1105011_T_a2202_LEGACY,n50_i1105011_T_a2202,50,1105011,T,2202,LEGACY,1.0,0.10901406779885292,0.9611051305691052
n50_i1105011_T_a2202_REFERENCE,n50_i1105011_T_a2202,50,1105011,T,2202,REFERENCE,0.1,0.0392892574891448,0.522134295042116
n50_i1105011_T_a2202_REFERENCE,n50_i1105011_T_a2202,50,1105011,T,2202,REFERENCE,0.25,0.0014368807896971703,0.6170847154758782
n50_i1105011_T_a2202_REFERENCE,n50_i1105011_T_a2202,50,1105011,T,2202,REFERENCE,0.5,0.0016983551904559135,0.7088246683694424
n50_i1105011_T_a2202_REFERENCE,n50_i1105011_T_a2202,50,1105011,T,2202,REFERENCE,0.75,0.23248154763132334,0.7335853216919481
n50_i1105011_T_a2202_REFERENCE,n50_i1105011_T_a2202,50,1105011,T,2202,REFERENCE,0.9,0.0012895157560706139,0.7359600178341927
n50_i1105011_T_a2202_REFERENCE,n50_i1105011_T_a2202,50,1105011,T,2202,REFERENCE,1.0,0.0541748171672225,0.7361280341344725
n50_i1105011_T_a2202_W,n50_i1105011_T_a2202,50,1105011,T,2202,W,0.1,0.000871734693646431,0.6261024328381477
n50_i1105011_T_a2202_W,n50_i1105011_T_a2202,50,1105011,T,2202,W,0.25,0.004728863015770912,0.7721696009567888
n50_i1105011_T_a2202_W,n50_i1105011_T_a2202,50,1105011,T,2202,W,0.5,0.2118167644366622,0.9429056278089663
n50_i1105011_T_a2202_W,n50_i1105011_T_a2202,50,1105011,T,2202,W,0.75,0.025576059706509113,1.0152382589514888
n50_i1105011_T_a2202_W,n50_i1105011_T_a2202,50,1105011,T,2202,W,0.9,0.045066614635288715,1.0791604794473377
n50_i1105011_T_a2202_W,n50_i1105011_T_a2202,50,1105011,T,2202,W,1.0,0.44508684519678354,1.0888782139568978
n50_i1105012_H_a2202_W,n50_i1105012_H_a2202,50,1105012,H,2202,W,0.1,0.07273226231336594,0.5763981102490066
n50_i1105012_H_a2202_W,n50_i1105012_H_a2202,50,1105012,H,2202,W,0.25,0.0008175401017069817,0.7697073635797161
n50_i1105012_H_a2202_W,n50_i1105012_H_a2202,50,1105012,H,2202,W,0.5,0.00946076586842537,0.8256835652118671
n50_i1105012_H_a2202_W,n50_i1105012_H_a2202,50,1105012,H,2202,W,0.75,0.038720459677278996,0.833237718556498
n50_i1105012_H_a2202_W,n50_i1105012_H_a2202,50,1105012,H,2202,W,0.9,0.39401800837367773,0.8336663630148409
n50_i1105012_H_a2202_W,n50_i1105012_H_a2202,50,1105012,H,2202,W,1.0,0.2491491911932826,0.8346719230082085
n50_i1105012_H_a2202_GW,n50_i1105012_H_a2202,50,1105012,H,2202,GW,0.1,0.002081845887005329,0.5790169811091415
n50_i1105012_H_a2202_GW,n50_i1105012_H_a2202,50,1105012,H,2202,GW,0.25,0.04287901893258095,0.7565592567135381
n50_i1105012_H_a2202_GW,n50_i1105012_H_a2202,50,1105012,H,2202,GW,0.5,0.001991383731365204,0.8240685858654666
n50_i1105012_H_a2202_GW,n50_i1105012_H_a2202,50,1105012,H,2202,GW,0.75,0.002926318906247616,0.8746308921698889
n50_i1105012_H_a2202_GW,n50_i1105012_H_a2202,50,1105012,H,2202,GW,0.9,0.09675418864935637,0.8775255609933084
n50_i1105012_H_a2202_GW,n50_i1105012_H_a2202,50,1105012,H,2202,GW,1.0,0.459890098311007,0.88015665590354
n50_i1105012_H_a2202_LEGACY,n50_i1105012_H_a2202,50,1105012,H,2202,LEGACY,0.1,0.02955387532711029,0.6002376855309218
n50_i1105012_H_a2202_LEGACY,n50_i1105012_H_a2202,50,1105012,H,2202,LEGACY,0.25,0.061914329417049885,0.8150024803583826
n50_i1105012_H_a2202_LEGACY,n50_i1105012_H_a2202,50,1105012,H,2202,LEGACY,0.5,0.0009732823818922043,0.88568579959851
n50_i1105012_H_a2202_LEGACY,n50_i1105012_H_a2202,50,1105012,H,2202,LEGACY,0.75,0.03173774667084217,0.9104545316938891
n50_i1105012_H_a2202_LEGACY,n50_i1105012_H_a2202,50,1105012,H,2202,LEGACY,0.9,0.010322870686650276,0.9275114419861038
n50_i1105012_H_a2202_LEGACY,n50_i1105012_H_a2202,50,1105012,H,2202,LEGACY,1.0,0.16576788760721684,0.9291546249452732
n50_i1105012_H_a2202_REFERENCE,n50_i1105012_H_a2202,50,1105012,H,2202,REFERENCE,0.1,0.0191810866817832,0.6539138621874816
n50_i1105012_H_a2202_REFERENCE,n50_i1105012_H_a2202,50,1105012,H,2202,REFERENCE,0.25,0.03160356357693672,0.7211083991150067
n50_i1105012_H_a2202_REFERENCE,n50_i1105012_H_a2202,50,1105012,H,2202,REFERENCE,0.5,0.14927851408720016,0.8002664911724241
n50_i1105012_H_a2202_REFERENCE,n50_i1105012_H_a2202,50,1105012,H,2202,REFERENCE,0.75,0.0018625454977154732,0.8382438684233526
n50_i1105012_H_a2202_REFERENCE,n50_i1105012_H_a2202,50,1105012,H,2202,REFERENCE,0.9,0.0001373523846268654,0.853659668455323
n50_i1105012_H_a2202_REFERENCE,n50_i1105012_H_a2202,50,1105012,H,2202,REFERENCE,1.0,0.04480245057493448,0.860527153559985
n50_i1105012_H_a1101_LEGACY,n50_i1105012_H_a1101,50,1105012,H,1101,LEGACY,0.1,0.037620759569108486,0.5282945408951812
n50_i1105012_H_a1101_LEGACY,n50_i1105012_H_a1101,50,1105012,H,1101,LEGACY,0.25,0.24208193458616734,0.7274532544755966
n50_i1105012_H_a1101_LEGACY,n50_i1105012_H_a1101,50,1105012,H,1101,LEGACY,0.5,0.0056443773210048676,0.7971473401682524
n50_i1105012_H_a1101_LEGACY,n50_i1105012_H_a1101,50,1105012,H,1101,LEGACY,0.75,0.08701149560511112,0.877877862474621
n50_i1105012_H_a1101_LEGACY,n50_i1105012_H_a1101,50,1105012,H,1101,LEGACY,0.9,0.3099430901929736,0.9031499393269714
n50_i1105012_H_a1101_LEGACY,n50_i1105012_H_a1101,50,1105012,H,1101,LEGACY,1.0,0.3052955372259021,0.9158285497850248
n50_i1105012_H_a1101_REFERENCE,n50_i1105012_H_a1101,50,1105012,H,1101,REFERENCE,0.1,0.008125298656523228,0.6774630876115791
n50_i1105012_H_a1101_REFERENCE,n50_i1105012_H_a1101,50,1105012,H,1101,REFERENCE,0.25,0.05596389155834913,0.8350019780944109
n50_i1105012_H_a1101_REFERENCE,n50_i1105012_H_a1101,50,1105012,H,1101,REFERENCE,0.5,0.14552172273397446,0.9342158317732189
n50_i1105012_H_a1101_REFERENCE,n50_i1105012_H_a1101,50,1105012,H,1101,REFERENCE,0.75,0.0014139525592327118,0.9795244913315891
n50_i1105012_H_a1101_REFERENCE,n50_i1105012_H_a1101,50,1105012,H,1101,REFERENCE,0.9,0.004860903136432171,0.9975588640761313
n50_i1105012_H_a1101_REFERENCE,n50_i1105012_H_a1101,50,1105012,H,1101,REFERENCE,1.0,0.14706843718886375,1.0004980256897704
n50_i1105012_H_a1101_W,n50_i1105012_H_a1101,50,1105012,H,1101,W,0.1,0.02346526924520731,0.6023487652218669
n50_i1105012_H_a1101_W,n50_i1105012_H_a1101,50,1105012,H,1101,W,0.25,0.009030546061694622,0.7419703804156503
n50_i1105012_H_a1101_W,n50_i1105012_H_a1101,50,1105012,H,1101,W,0.5,0.010147416964173317,0.8786561881558824
n50_i1105012_H_a1101_W,n50_i1105012_H_a1101,50,1105012,H,1101,W,0.75,0.1508285002782941,0.8995949997901508
n50_i1105012_H_a1101_W,n50_i1105012_H_a1101,50,1105012,H,1101,W,0.9,0.04886233992874622,0.9082668452799918
n50_i1105012_H_a1101_W,n50_i1105012_H_a1101,50,1105012,H,1101,W,1.0,0.21588809695094824,0.9118779970997131
n50_i1105012_H_a1101_GW,n50_i1105012_H_a1101,50,1105012,H,1101,GW,0.1,0.014599708840250969,0.6045750101427512
n50_i1105012_H_a1101_GW,n50_i1105012_H_a1101,50,1105012,H,1101,GW,0.25,0.00022169016301631927,0.704054926120181
n50_i1105012_H_a1101_GW,n50_i1105012_H_a1101,50,1105012,H,1101,GW,0.5,0.001913372427225113,0.8109848444713244
n50_i1105012_H_a1101_GW,n50_i1105012_H_a1101,50,1105012,H,1101,GW,0.75,0.15787606965750456,0.9060414431993349
n50_i1105012_H_a1101_GW,n50_i1105012_H_a1101,50,1105012,H,1101,GW,0.9,0.0006911000236868858,0.9805850423495681
n50_i1105012_H_a1101_GW,n50_i1105012_H_a1101,50,1105012,H,1101,GW,1.0,0.0005550282076001167,1.020843357398429
n50_i1105012_T_a1101_REFERENCE,n50_i1105012_T_a1101,50,1105012,T,1101,REFERENCE,0.1,0.000520363450050354,0.7653962386654574
n50_i1105012_T_a1101_REFERENCE,n50_i1105012_T_a1101,50,1105012,T,1101,REFERENCE,0.25,0.00218870397657156,0.882710155974062
n50_i1105012_T_a1101_REFERENCE,n50_i1105012_T_a1101,50,1105012,T,1101,REFERENCE,0.5,0.08576114941388369,0.8936846736712828
n50_i1105012_T_a1101_REFERENCE,n50_i1105012_T_a1101,50,1105012,T,1101,REFERENCE,0.75,0.0004173433408141136,0.9392491595160982
n50_i1105012_T_a1101_REFERENCE,n50_i1105012_T_a1101,50,1105012,T,1101,REFERENCE,0.9,0.061371139250695705,0.9489526646428085
n50_i1105012_T_a1101_REFERENCE,n50_i1105012_T_a1101,50,1105012,T,1101,REFERENCE,1.0,0.2026612302288413,0.9509019147576893
n50_i1105012_T_a1101_W,n50_i1105012_T_a1101,50,1105012,T,1101,W,0.1,0.0006936779245734215,0.7540223173045948
n50_i1105012_T_a1101_W,n50_i1105012_T_a1101,50,1105012,T,1101,W,0.25,0.0015900526195764542,0.9005061447881676
n50_i1105012_T_a1101_W,n50_i1105012_T_a1101,50,1105012,T,1101,W,0.5,0.0342305563390255,0.9377015610081307
n50_i1105012_T_a1101_W,n50_i1105012_T_a1101,50,1105012,T,1101,W,0.75,0.2451844708994031,0.9391569718496776
n50_i1105012_T_a1101_W,n50_i1105012_T_a1101,50,1105012,T,1101,W,0.9,0.029597686603665352,0.9405544188142022
n50_i1105012_T_a1101_W,n50_i1105012_T_a1101,50,1105012,T,1101,W,1.0,0.13026712834835052,0.9412933125177478
n50_i1105012_T_a1101_GW,n50_i1105012_T_a1101,50,1105012,T,1101,GW,0.1,0.059457555413246155,0.7539977994465701
n50_i1105012_T_a1101_GW,n50_i1105012_T_a1101,50,1105012,T,1101,GW,0.25,0.07860086392611265,0.9005061447881676
n50_i1105012_T_a1101_GW,n50_i1105012_T_a1101,50,1105012,T,1101,GW,0.5,0.10036620404571295,0.9398793240392492
n50_i1105012_T_a1101_GW,n50_i1105012_T_a1101,50,1105012,T,1101,GW,0.75,0.004204469732940197,0.942161031863189
n50_i1105012_T_a1101_GW,n50_i1105012_T_a1101,50,1105012,T,1101,GW,0.9,0.09170207101851702,0.9434528898154978
n50_i1105012_T_a1101_GW,n50_i1105012_T_a1101,50,1105012,T,1101,GW,1.0,0.11332227848470211,0.9443060642159788
n50_i1105012_T_a1101_LEGACY,n50_i1105012_T_a1101,50,1105012,T,1101,LEGACY,0.1,0.018086306750774384,0.7341713985565117
n50_i1105012_T_a1101_LEGACY,n50_i1105012_T_a1101,50,1105012,T,1101,LEGACY,0.25,0.025833500549197197,0.8354572154864326
n50_i1105012_T_a1101_LEGACY,n50_i1105012_T_a1101,50,1105012,T,1101,LEGACY,0.5,0.002855881117284298,0.8872799370897496
n50_i1105012_T_a1101_LEGACY,n50_i1105012_T_a1101,50,1105012,T,1101,LEGACY,0.75,0.03189943637698889,0.9652396511842823
n50_i1105012_T_a1101_LEGACY,n50_i1105012_T_a1101,50,1105012,T,1101,LEGACY,0.9,0.0027537746354937553,0.980604237030176
n50_i1105012_T_a1101_LEGACY,n50_i1105012_T_a1101,50,1105012,T,1101,LEGACY,1.0,0.31956291291862726,0.9853200658803926
n50_i1105012_T_a2202_GW,n50_i1105012_T_a2202,50,1105012,T,2202,GW,0.1,0.025222687982022762,0.8314351677647678
n50_i1105012_T_a2202_GW,n50_i1105012_T_a2202,50,1105012,T,2202,GW,0.25,0.03282401617616415,0.8930391128886562
n50_i1105012_T_a2202_GW,n50_i1105012_T_a2202,50,1105012,T,2202,GW,0.5,0.003287309780716896,1.0004766131606035
n50_i1105012_T_a2202_GW,n50_i1105012_T_a2202,50,1105012,T,2202,GW,0.75,0.04403585568070412,1.0088457300807068
n50_i1105012_T_a2202_GW,n50_i1105012_T_a2202,50,1105012,T,2202,GW,0.9,0.0017743855714797974,1.0117726274195544
n50_i1105012_T_a2202_GW,n50_i1105012_T_a2202,50,1105012,T,2202,GW,1.0,0.3524336898699403,1.0125078581059241
n50_i1105012_T_a2202_LEGACY,n50_i1105012_T_a2202,50,1105012,T,2202,LEGACY,0.1,0.005227032117545605,0.7108698807384037
n50_i1105012_T_a2202_LEGACY,n50_i1105012_T_a2202,50,1105012,T,2202,LEGACY,0.25,0.05468382313847542,0.8151611632966911
n50_i1105012_T_a2202_LEGACY,n50_i1105012_T_a2202,50,1105012,T,2202,LEGACY,0.5,0.0032979659736156464,0.8590787395929166
n50_i1105012_T_a2202_LEGACY,n50_i1105012_T_a2202,50,1105012,T,2202,LEGACY,0.75,0.0036205053329467773,0.9278212811318624
n50_i1105012_T_a2202_LEGACY,n50_i1105012_T_a2202,50,1105012,T,2202,LEGACY,0.9,0.002950398251414299,0.9459336087241202
n50_i1105012_T_a2202_LEGACY,n50_i1105012_T_a2202,50,1105012,T,2202,LEGACY,1.0,0.17052989918738604,0.950131109529558
n50_i1105012_T_a2202_REFERENCE,n50_i1105012_T_a2202,50,1105012,T,2202,REFERENCE,0.1,0.002886587753891945,0.8063253997441895
n50_i1105012_T_a2202_REFERENCE,n50_i1105012_T_a2202,50,1105012,T,2202,REFERENCE,0.25,0.010977095924317837,0.9384359242996003
n50_i1105012_T_a2202_REFERENCE,n50_i1105012_T_a2202,50,1105012,T,2202,REFERENCE,0.5,0.3158359657973051,1.0894477804149616
n50_i1105012_T_a2202_REFERENCE,n50_i1105012_T_a2202,50,1105012,T,2202,REFERENCE,0.75,0.029735783115029335,1.1094340534413634
n50_i1105012_T_a2202_REFERENCE,n50_i1105012_T_a2202,50,1105012,T,2202,REFERENCE,0.9,0.008267337456345558,1.1249806562424156
n50_i1105012_T_a2202_REFERENCE,n50_i1105012_T_a2202,50,1105012,T,2202,REFERENCE,1.0,0.17296385671943426,1.1256830711190042
n50_i1105012_T_a2202_W,n50_i1105012_T_a2202,50,1105012,T,2202,W,0.1,0.008783543482422829,0.8315915400525508
n50_i1105012_T_a2202_W,n50_i1105012_T_a2202,50,1105012,T,2202,W,0.25,0.00026569142937660217,0.9535879827875557
n50_i1105012_T_a2202_W,n50_i1105012_T_a2202,50,1105012,T,2202,W,0.5,0.030909470282495022,0.978273418763691
n50_i1105012_T_a2202_W,n50_i1105012_T_a2202,50,1105012,T,2202,W,0.75,0.036233093589544296,1.0451453420893875
n50_i1105012_T_a2202_W,n50_i1105012_T_a2202,50,1105012,T,2202,W,0.9,0.0025650234892964363,1.0713544593651505
n50_i1105012_T_a2202_W,n50_i1105012_T_a2202,50,1105012,T,2202,W,1.0,0.23734434321522713,1.072718501694022
n50_i1105013_H_a2202_W,n50_i1105013_H_a2202,50,1105013,H,2202,W,0.1,0.0012327348813414574,0.36315446795238326
n50_i1105013_H_a2202_W,n50_i1105013_H_a2202,50,1105013,H,2202,W,0.25,0.0983506953343749,0.6869071916532375
n50_i1105013_H_a2202_W,n50_i1105013_H_a2202,50,1105013,H,2202,W,0.5,8.67089256644249e-05,0.8359281755211311
n50_i1105013_H_a2202_W,n50_i1105013_H_a2202,50,1105013,H,2202,W,0.75,0.2419100347906351,0.8885648316612088
n50_i1105013_H_a2202_W,n50_i1105013_H_a2202,50,1105013,H,2202,W,0.9,0.1197013109922409,0.8970957009928779
n50_i1105013_H_a2202_W,n50_i1105013_H_a2202,50,1105013,H,2202,W,1.0,0.23364499770104885,0.9197890566789693
n50_i1105013_H_a2202_GW,n50_i1105013_H_a2202,50,1105013,H,2202,GW,0.1,0.10542186349630356,0.36315446795238326
n50_i1105013_H_a2202_GW,n50_i1105013_H_a2202,50,1105013,H,2202,GW,0.25,0.05868650786578655,0.6869071916532375
n50_i1105013_H_a2202_GW,n50_i1105013_H_a2202,50,1105013,H,2202,GW,0.5,0.2915919302031398,0.8359281755211311
n50_i1105013_H_a2202_GW,n50_i1105013_H_a2202,50,1105013,H,2202,GW,0.75,0.00418662466108799,0.9136260959782366
n50_i1105013_H_a2202_GW,n50_i1105013_H_a2202,50,1105013,H,2202,GW,0.9,0.2168313479050994,0.9519674867009754
n50_i1105013_H_a2202_GW,n50_i1105013_H_a2202,50,1105013,H,2202,GW,1.0,0.10312835965305567,0.9626704397775127
n50_i1105013_H_a2202_LEGACY,n50_i1105013_H_a2202,50,1105013,H,2202,LEGACY,0.1,0.012187599204480648,0.45688628467709785
n50_i1105013_H_a2202_LEGACY,n50_i1105013_H_a2202,50,1105013,H,2202,LEGACY,0.25,0.0018680579960346222,0.6097310223570895
n50_i1105013_H_a2202_LEGACY,n50_i1105013_H_a2202,50,1105013,H,2202,LEGACY,0.5,0.05763426888734102,0.7495183922908977
n50_i1105013_H_a2202_LEGACY,n50_i1105013_H_a2202,50,1105013,H,2202,LEGACY,0.75,0.2692309934645891,0.8707328433920741
n50_i1105013_H_a2202_LEGACY,n50_i1105013_H_a2202,50,1105013,H,2202,LEGACY,0.9,0.16366192232817411,0.8984289823430537
n50_i1105013_H_a2202_LEGACY,n50_i1105013_H_a2202,50,1105013,H,2202,LEGACY,1.0,0.22934091743081808,0.9134123937594218
n50_i1105013_H_a2202_REFERENCE,n50_i1105013_H_a2202,50,1105013,H,2202,REFERENCE,0.1,0.00037007685750722885,0.48949889319193907
n50_i1105013_H_a2202_REFERENCE,n50_i1105013_H_a2202,50,1105013,H,2202,REFERENCE,0.25,0.09976707305759192,0.7125468552355702
n50_i1105013_H_a2202_REFERENCE,n50_i1105013_H_a2202,50,1105013,H,2202,REFERENCE,0.5,0.1680427137762308,0.9217488108852726
n50_i1105013_H_a2202_REFERENCE,n50_i1105013_H_a2202,50,1105013,H,2202,REFERENCE,0.75,0.038766538724303246,0.9865894608480188
n50_i1105013_H_a2202_REFERENCE,n50_i1105013_H_a2202,50,1105013,H,2202,REFERENCE,0.9,0.24322024080902338,1.0066248852038602
n50_i1105013_H_a2202_REFERENCE,n50_i1105013_H_a2202,50,1105013,H,2202,REFERENCE,1.0,0.12499571684747934,1.0067186714837721
n50_i1105013_H_a1101_LEGACY,n50_i1105013_H_a1101,50,1105013,H,1101,LEGACY,0.1,0.12053366471081972,0.19746908626604992
n50_i1105013_H_a1101_LEGACY,n50_i1105013_H_a1101,50,1105013,H,1101,LEGACY,0.25,0.02456969115883112,0.5072877462702087
n50_i1105013_H_a1101_LEGACY,n50_i1105013_H_a1101,50,1105013,H,1101,LEGACY,0.5,0.24004884343594313,0.6828429697111469
n50_i1105013_H_a1101_LEGACY,n50_i1105013_H_a1101,50,1105013,H,1101,LEGACY,0.75,0.005551876500248909,0.7671191854672422
n50_i1105013_H_a1101_LEGACY,n50_i1105013_H_a1101,50,1105013,H,1101,LEGACY,0.9,0.07340056914836168,0.7773685313458439
n50_i1105013_H_a1101_LEGACY,n50_i1105013_H_a1101,50,1105013,H,1101,LEGACY,1.0,0.0355248749256134,0.7849367646549184
n50_i1105013_H_a1101_REFERENCE,n50_i1105013_H_a1101,50,1105013,H,1101,REFERENCE,0.1,0.02082725241780281,0.29727949935887465
n50_i1105013_H_a1101_REFERENCE,n50_i1105013_H_a1101,50,1105013,H,1101,REFERENCE,0.25,0.04713057819753885,0.5195815680719448
n50_i1105013_H_a1101_REFERENCE,n50_i1105013_H_a1101,50,1105013,H,1101,REFERENCE,0.5,0.16215724404901266,0.6506773946907869
n50_i1105013_H_a1101_REFERENCE,n50_i1105013_H_a1101,50,1105013,H,1101,REFERENCE,0.75,0.003277241252362728,0.6893296446951186
n50_i1105013_H_a1101_REFERENCE,n50_i1105013_H_a1101,50,1105013,H,1101,REFERENCE,0.9,0.004014006815850735,0.6915806507858119
n50_i1105013_H_a1101_REFERENCE,n50_i1105013_H_a1101,50,1105013,H,1101,REFERENCE,1.0,0.005202597938477993,0.6919893683613173
n50_i1105013_H_a1101_W,n50_i1105013_H_a1101,50,1105013,H,1101,W,0.1,0.07487354520708323,0.3008854762307014
n50_i1105013_H_a1101_W,n50_i1105013_H_a1101,50,1105013,H,1101,W,0.25,0.05814702808856964,0.5321448088319382
n50_i1105013_H_a1101_W,n50_i1105013_H_a1101,50,1105013,H,1101,W,0.5,0.20694868545979261,0.7459004701226797
n50_i1105013_H_a1101_W,n50_i1105013_H_a1101,50,1105013,H,1101,W,0.75,0.07924016937613487,0.7838294665445058
n50_i1105013_H_a1101_W,n50_i1105013_H_a1101,50,1105013,H,1101,W,0.9,0.14904937986284494,0.8026944792803793
n50_i1105013_H_a1101_W,n50_i1105013_H_a1101,50,1105013,H,1101,W,1.0,0.06798412185162306,0.8044008805730274
n50_i1105013_H_a1101_GW,n50_i1105013_H_a1101,50,1105013,H,1101,GW,0.1,0.039634404703974724,0.29983843526364135
n50_i1105013_H_a1101_GW,n50_i1105013_H_a1101,50,1105013,H,1101,GW,0.25,0.0027004675939679146,0.5269832061911938
n50_i1105013_H_a1101_GW,n50_i1105013_H_a1101,50,1105013,H,1101,GW,0.5,0.0036813896149396896,0.7334132574379232
n50_i1105013_H_a1101_GW,n50_i1105013_H_a1101,50,1105013,H,1101,GW,0.75,0.0039682211354374886,0.8414054079811469
n50_i1105013_H_a1101_GW,n50_i1105013_H_a1101,50,1105013,H,1101,GW,0.9,0.06707836128771305,0.847769554331063
n50_i1105013_H_a1101_GW,n50_i1105013_H_a1101,50,1105013,H,1101,GW,1.0,0.06635995022952557,0.8552361768120459
n50_i1105013_T_a1101_REFERENCE,n50_i1105013_T_a1101,50,1105013,T,1101,REFERENCE,0.1,0.04402655269950628,0.428285818304451
n50_i1105013_T_a1101_REFERENCE,n50_i1105013_T_a1101,50,1105013,T,1101,REFERENCE,0.25,0.0034213196486234665,0.7583506389039109
n50_i1105013_T_a1101_REFERENCE,n50_i1105013_T_a1101,50,1105013,T,1101,REFERENCE,0.5,0.04653116222470999,0.8576031760415945
n50_i1105013_T_a1101_REFERENCE,n50_i1105013_T_a1101,50,1105013,T,1101,REFERENCE,0.75,0.012710236012935638,1.0073348756463145
n50_i1105013_T_a1101_REFERENCE,n50_i1105013_T_a1101,50,1105013,T,1101,REFERENCE,0.9,0.0016935579478740692,1.019235253921141
n50_i1105013_T_a1101_REFERENCE,n50_i1105013_T_a1101,50,1105013,T,1101,REFERENCE,1.0,0.3369909059256315,1.0194312039538829
n50_i1105013_T_a1101_W,n50_i1105013_T_a1101,50,1105013,T,1101,W,0.1,0.011998428031802177,0.46381400614130536
n50_i1105013_T_a1101_W,n50_i1105013_T_a1101,50,1105013,T,1101,W,0.25,0.001077304594218731,0.5781894968268239
n50_i1105013_T_a1101_W,n50_i1105013_T_a1101,50,1105013,T,1101,W,0.5,0.15394763927906752,0.7794819296326962
n50_i1105013_T_a1101_W,n50_i1105013_T_a1101,50,1105013,T,1101,W,0.75,0.23932249657809734,1.0289763075762213
n50_i1105013_T_a1101_W,n50_i1105013_T_a1101,50,1105013,T,1101,W,0.9,0.17384771164506674,1.0432880739173884
n50_i1105013_T_a1101_W,n50_i1105013_T_a1101,50,1105013,T,1101,W,1.0,0.6489343270659447,1.051345405436465
n50_i1105013_T_a1101_GW,n50_i1105013_T_a1101,50,1105013,T,1101,GW,0.1,0.010994973592460155,0.46336619953990943
n50_i1105013_T_a1101_GW,n50_i1105013_T_a1101,50,1105013,T,1101,GW,0.25,0.19051145296543837,0.5804655748427717
n50_i1105013_T_a1101_GW,n50_i1105013_T_a1101,50,1105013,T,1101,GW,0.5,0.09320911299437284,0.7305628693396053
n50_i1105013_T_a1101_GW,n50_i1105013_T_a1101,50,1105013,T,1101,GW,0.75,0.003304431214928627,0.7774962280658038
n50_i1105013_T_a1101_GW,n50_i1105013_T_a1101,50,1105013,T,1101,GW,0.9,0.002912526950240135,0.7797107742476163
n50_i1105013_T_a1101_GW,n50_i1105013_T_a1101,50,1105013,T,1101,GW,1.0,0.23964289855211973,0.7797616721597377
n50_i1105013_T_a1101_LEGACY,n50_i1105013_T_a1101,50,1105013,T,1101,LEGACY,0.1,0.11736566945910454,0.5261393785178836
n50_i1105013_T_a1101_LEGACY,n50_i1105013_T_a1101,50,1105013,T,1101,LEGACY,0.25,0.04434259328991175,0.6542419643386974
n50_i1105013_T_a1101_LEGACY,n50_i1105013_T_a1101,50,1105013,T,1101,LEGACY,0.5,0.00560956634581089,0.6699889112434743
n50_i1105013_T_a1101_LEGACY,n50_i1105013_T_a1101,50,1105013,T,1101,LEGACY,0.75,0.0933047141879797,0.7621908215385274
n50_i1105013_T_a1101_LEGACY,n50_i1105013_T_a1101,50,1105013,T,1101,LEGACY,0.9,0.01264734473079443,0.7747508068610819
n50_i1105013_T_a1101_LEGACY,n50_i1105013_T_a1101,50,1105013,T,1101,LEGACY,1.0,0.10495984274893999,0.7791530902194194
n50_i1105013_T_a2202_GW,n50_i1105013_T_a2202,50,1105013,T,2202,GW,0.1,0.10351877938956022,0.5398840389760018
n50_i1105013_T_a2202_GW,n50_i1105013_T_a2202,50,1105013,T,2202,GW,0.25,0.1071861069649458,0.5798678648825737
n50_i1105013_T_a2202_GW,n50_i1105013_T_a2202,50,1105013,T,2202,GW,0.5,0.03129417356103659,0.6822123056640356
n50_i1105013_T_a2202_GW,n50_i1105013_T_a2202,50,1105013,T,2202,GW,0.75,0.0005118995904922485,0.855674207202576
n50_i1105013_T_a2202_GW,n50_i1105013_T_a2202,50,1105013,T,2202,GW,0.9,0.02406289614737034,0.8930858731683485
n50_i1105013_T_a2202_GW,n50_i1105013_T_a2202,50,1105013,T,2202,GW,1.0,0.09542197175323963,0.9027171853355612
n50_i1105013_T_a2202_LEGACY,n50_i1105013_T_a2202,50,1105013,T,2202,LEGACY,0.1,0.009005463682115078,0.42977292506582404
n50_i1105013_T_a2202_LEGACY,n50_i1105013_T_a2202,50,1105013,T,2202,LEGACY,0.25,0.035064279101789,0.807983588442373
n50_i1105013_T_a2202_LEGACY,n50_i1105013_T_a2202,50,1105013,T,2202,LEGACY,0.5,0.07243159506469965,0.8820275116973885
n50_i1105013_T_a2202_LEGACY,n50_i1105013_T_a2202,50,1105013,T,2202,LEGACY,0.75,0.32816344778984785,0.9042301841743229
n50_i1105013_T_a2202_LEGACY,n50_i1105013_T_a2202,50,1105013,T,2202,LEGACY,0.9,0.010173534974455833,0.9346197467170626
n50_i1105013_T_a2202_LEGACY,n50_i1105013_T_a2202,50,1105013,T,2202,LEGACY,1.0,0.03488114848732948,0.9393118423118935
n50_i1105013_T_a2202_REFERENCE,n50_i1105013_T_a2202,50,1105013,T,2202,REFERENCE,0.1,0.04482813738286495,0.5359086378518029
n50_i1105013_T_a2202_REFERENCE,n50_i1105013_T_a2202,50,1105013,T,2202,REFERENCE,0.25,0.0009611425921320915,0.7396097851483517
n50_i1105013_T_a2202_REFERENCE,n50_i1105013_T_a2202,50,1105013,T,2202,REFERENCE,0.5,0.020920890383422375,0.8568029800915616
n50_i1105013_T_a2202_REFERENCE,n50_i1105013_T_a2202,50,1105013,T,2202,REFERENCE,0.75,0.01647445559501648,0.873340569936844
n50_i1105013_T_a2202_REFERENCE,n50_i1105013_T_a2202,50,1105013,T,2202,REFERENCE,0.9,0.03077835962176323,0.8774065677608645
n50_i1105013_T_a2202_REFERENCE,n50_i1105013_T_a2202,50,1105013,T,2202,REFERENCE,1.0,0.24680806323885918,0.8781941985981697
n50_i1105013_T_a2202_W,n50_i1105013_T_a2202,50,1105013,T,2202,W,0.1,0.1702759237959981,0.5396091942099319
n50_i1105013_T_a2202_W,n50_i1105013_T_a2202,50,1105013,T,2202,W,0.25,0.0017705895006656647,0.5795014682147142
n50_i1105013_T_a2202_W,n50_i1105013_T_a2202,50,1105013,T,2202,W,0.5,0.04580277483910322,0.6767430283000611
n50_i1105013_T_a2202_W,n50_i1105013_T_a2202,50,1105013,T,2202,W,0.75,0.10417664609849453,0.875114210232826
n50_i1105013_T_a2202_W,n50_i1105013_T_a2202,50,1105013,T,2202,W,0.9,0.02206565160304308,0.8821064591400477
n50_i1105013_T_a2202_W,n50_i1105013_T_a2202,50,1105013,T,2202,W,1.0,0.05587525200098753,0.8916623466461597
n50_i1105014_H_a2202_W,n50_i1105014_H_a2202,50,1105014,H,2202,W,0.1,0.012526938691735268,0.6968583035786253
n50_i1105014_H_a2202_W,n50_i1105014_H_a2202,50,1105014,H,2202,W,0.25,0.00018330290913581848,0.8369572659698777
n50_i1105014_H_a2202_W,n50_i1105014_H_a2202,50,1105014,H,2202,W,0.5,0.2073040958493948,0.935790375638238
n50_i1105014_H_a2202_W,n50_i1105014_H_a2202,50,1105014,H,2202,W,0.75,0.016556882299482822,0.9740320650567785
n50_i1105014_H_a2202_W,n50_i1105014_H_a2202,50,1105014,H,2202,W,0.9,0.007766288705170155,1.0016381216722774
n50_i1105014_H_a2202_W,n50_i1105014_H_a2202,50,1105014,H,2202,W,1.0,0.30897373612970114,1.0037258033330854
n50_i1105014_H_a2202_GW,n50_i1105014_H_a2202,50,1105014,H,2202,GW,0.1,0.014900862239301205,0.6968583035786253
n50_i1105014_H_a2202_GW,n50_i1105014_H_a2202,50,1105014,H,2202,GW,0.25,0.01873582974076271,0.8369572659698777
n50_i1105014_H_a2202_GW,n50_i1105014_H_a2202,50,1105014,H,2202,GW,0.5,0.0036315154284238815,0.935790375638238
n50_i1105014_H_a2202_GW,n50_i1105014_H_a2202,50,1105014,H,2202,GW,0.75,0.40577146504074335,0.988683977909799
n50_i1105014_H_a2202_GW,n50_i1105014_H_a2202,50,1105014,H,2202,GW,0.9,0.01664604712277651,0.9972311362782528
n50_i1105014_H_a2202_GW,n50_i1105014_H_a2202,50,1105014,H,2202,GW,1.0,0.2482832921668887,0.9985227849790508
n50_i1105014_H_a2202_LEGACY,n50_i1105014_H_a2202,50,1105014,H,2202,LEGACY,0.1,0.0014716600999236107,0.6396531790889181
n50_i1105014_H_a2202_LEGACY,n50_i1105014_H_a2202,50,1105014,H,2202,LEGACY,0.25,0.06697229109704494,0.8509819384111669
n50_i1105014_H_a2202_LEGACY,n50_i1105014_H_a2202,50,1105014,H,2202,LEGACY,0.5,0.0006275493651628494,0.9249905549812842
n50_i1105014_H_a2202_LEGACY,n50_i1105014_H_a2202,50,1105014,H,2202,LEGACY,0.75,0.09789342153817415,1.0047215360080053
n50_i1105014_H_a2202_LEGACY,n50_i1105014_H_a2202,50,1105014,H,2202,LEGACY,0.9,0.07021066080778837,1.0568568942030176
n50_i1105014_H_a2202_LEGACY,n50_i1105014_H_a2202,50,1105014,H,2202,LEGACY,1.0,0.1931204879656434,1.0640718843219734
n50_i1105014_H_a2202_REFERENCE,n50_i1105014_H_a2202,50,1105014,H,2202,REFERENCE,0.1,0.011617571115493774,0.7224627957872002
n50_i1105014_H_a2202_REFERENCE,n50_i1105014_H_a2202,50,1105014,H,2202,REFERENCE,0.25,0.19934879057109356,0.8670496923817527
n50_i1105014_H_a2202_REFERENCE,n50_i1105014_H_a2202,50,1105014,H,2202,REFERENCE,0.5,0.18148564733564854,0.9368397482678998
n50_i1105014_H_a2202_REFERENCE,n50_i1105014_H_a2202,50,1105014,H,2202,REFERENCE,0.75,0.21128449402749538,0.9695599004452309
n50_i1105014_H_a2202_REFERENCE,n50_i1105014_H_a2202,50,1105014,H,2202,REFERENCE,0.9,0.049322607927024364,0.9728873041243176
n50_i1105014_H_a2202_REFERENCE,n50_i1105014_H_a2202,50,1105014,H,2202,REFERENCE,1.0,0.25877777114510536,0.9747982853184023
n50_i1105014_H_a1101_LEGACY,n50_i1105014_H_a1101,50,1105014,H,1101,LEGACY,0.1,0.06051250081509352,0.6993676748253369
n50_i1105014_H_a1101_LEGACY,n50_i1105014_H_a1101,50,1105014,H,1101,LEGACY,0.25,0.01942474488168955,0.8689495923601277
n50_i1105014_H_a1101_LEGACY,n50_i1105014_H_a1101,50,1105014,H,1101,LEGACY,0.5,0.20006134640425444,0.9278983567120852
n50_i1105014_H_a1101_LEGACY,n50_i1105014_H_a1101,50,1105014,H,1101,LEGACY,0.75,0.28676987811923027,1.0220896812124511
n50_i1105014_H_a1101_LEGACY,n50_i1105014_H_a1101,50,1105014,H,1101,LEGACY,0.9,0.1894246218726039,1.0370538368268964
n50_i1105014_H_a1101_LEGACY,n50_i1105014_H_a1101,50,1105014,H,1101,LEGACY,1.0,0.006832745857536793,1.0396682285778218
n50_i1105014_H_a1101_REFERENCE,n50_i1105014_H_a1101,50,1105014,H,1101,REFERENCE,0.1,0.005253319628536701,0.707351928576368
n50_i1105014_H_a1101_REFERENCE,n50_i1105014_H_a1101,50,1105014,H,1101,REFERENCE,0.25,0.0017701564356684685,0.8103505953951299
n50_i1105014_H_a1101_REFERENCE,n50_i1105014_H_a1101,50,1105014,H,1101,REFERENCE,0.5,0.0028406139463186264,0.8676111039418914
n50_i1105014_H_a1101_REFERENCE,n50_i1105014_H_a1101,50,1105014,H,1101,REFERENCE,0.75,0.222956083714962,0.9750794953906811
n50_i1105014_H_a1101_REFERENCE,n50_i1105014_H_a1101,50,1105014,H,1101,REFERENCE,0.9,0.18939744774252176,1.0206408651099819
n50_i1105014_H_a1101_REFERENCE,n50_i1105014_H_a1101,50,1105014,H,1101,REFERENCE,1.0,0.2412721272557974,1.0339499953534652
n50_i1105014_H_a1101_W,n50_i1105014_H_a1101,50,1105014,H,1101,W,0.1,0.28298678528517485,0.6601292287324123
n50_i1105014_H_a1101_W,n50_i1105014_H_a1101,50,1105014,H,1101,W,0.25,0.013953599147498608,0.844372310349794
n50_i1105014_H_a1101_W,n50_i1105014_H_a1101,50,1105014,H,1101,W,0.5,0.007426737807691097,0.9252801816685161
n50_i1105014_H_a1101_W,n50_i1105014_H_a1101,50,1105014,H,1101,W,0.75,0.022533634677529335,1.0169806329770108
n50_i1105014_H_a1101_W,n50_i1105014_H_a1101,50,1105014,H,1101,W,0.9,0.004523139446973801,1.0463417145670864
n50_i1105014_H_a1101_W,n50_i1105014_H_a1101,50,1105014,H,1101,W,1.0,0.3964575557038188,1.0468567092224699
n50_i1105014_H_a1101_GW,n50_i1105014_H_a1101,50,1105014,H,1101,GW,0.1,0.01656974758952856,0.6506331972258205
n50_i1105014_H_a1101_GW,n50_i1105014_H_a1101,50,1105014,H,1101,GW,0.25,0.014845737256109715,0.8328877005112071
n50_i1105014_H_a1101_GW,n50_i1105014_H_a1101,50,1105014,H,1101,GW,0.5,0.26996206399053335,0.9173544962825515
n50_i1105014_H_a1101_GW,n50_i1105014_H_a1101,50,1105014,H,1101,GW,0.75,0.059927137568593025,0.9416682294586809
n50_i1105014_H_a1101_GW,n50_i1105014_H_a1101,50,1105014,H,1101,GW,0.9,0.2617874415591359,0.9477932877605861
n50_i1105014_H_a1101_GW,n50_i1105014_H_a1101,50,1105014,H,1101,GW,1.0,0.07495500892400742,0.9644432547944097
n50_i1105014_T_a1101_REFERENCE,n50_i1105014_T_a1101,50,1105014,T,1101,REFERENCE,0.1,0.0035932911559939384,0.7826279165017158
n50_i1105014_T_a1101_REFERENCE,n50_i1105014_T_a1101,50,1105014,T,1101,REFERENCE,0.25,0.2374469954520464,0.8485529247297022
n50_i1105014_T_a1101_REFERENCE,n50_i1105014_T_a1101,50,1105014,T,1101,REFERENCE,0.5,0.04418349638581276,0.873497648569269
n50_i1105014_T_a1101_REFERENCE,n50_i1105014_T_a1101,50,1105014,T,1101,REFERENCE,0.75,0.025647340342402458,0.9841001666721435
n50_i1105014_T_a1101_REFERENCE,n50_i1105014_T_a1101,50,1105014,T,1101,REFERENCE,0.9,0.00862279161810875,1.0107260637312967
n50_i1105014_T_a1101_REFERENCE,n50_i1105014_T_a1101,50,1105014,T,1101,REFERENCE,1.0,0.12407018709927797,1.0155373168523245
n50_i1105014_T_a1101_W,n50_i1105014_T_a1101,50,1105014,T,1101,W,0.1,0.12437345273792744,0.7701834893130064
n50_i1105014_T_a1101_W,n50_i1105014_T_a1101,50,1105014,T,1101,W,0.25,0.03956794925034046,0.8602076536442813
n50_i1105014_T_a1101_W,n50_i1105014_T_a1101,50,1105014,T,1101,W,0.5,8.837878704071045e-05,0.8989798281328811
n50_i1105014_T_a1101_W,n50_i1105014_T_a1101,50,1105014,T,1101,W,0.75,0.022957014851272106,0.9191611483087385
n50_i1105014_T_a1101_W,n50_i1105014_T_a1101,50,1105014,T,1101,W,0.9,0.3527416596189141,0.9533090790288317
n50_i1105014_T_a1101_W,n50_i1105014_T_a1101,50,1105014,T,1101,W,1.0,0.4433573493734002,0.9540723323459752
n50_i1105014_T_a1101_GW,n50_i1105014_T_a1101,50,1105014,T,1101,GW,0.1,0.02700499538332224,0.7670448515233123
n50_i1105014_T_a1101_GW,n50_i1105014_T_a1101,50,1105014,T,1101,GW,0.25,0.07497013546526432,0.8602013946371789
n50_i1105014_T_a1101_GW,n50_i1105014_T_a1101,50,1105014,T,1101,GW,0.5,0.16479539964348078,0.8864504936009477
n50_i1105014_T_a1101_GW,n50_i1105014_T_a1101,50,1105014,T,1101,GW,0.75,0.030001848936080933,0.9033614832177767
n50_i1105014_T_a1101_GW,n50_i1105014_T_a1101,50,1105014,T,1101,GW,0.9,0.058049640618264675,0.9424226197647968
n50_i1105014_T_a1101_GW,n50_i1105014_T_a1101,50,1105014,T,1101,GW,1.0,0.23846218921244144,0.9615553404456517
n50_i1105014_T_a1101_LEGACY,n50_i1105014_T_a1101,50,1105014,T,1101,LEGACY,0.1,0.04307400621473789,0.7800172989828591
n50_i1105014_T_a1101_LEGACY,n50_i1105014_T_a1101,50,1105014,T,1101,LEGACY,0.25,0.25535922683775425,0.8620939286587942
n50_i1105014_T_a1101_LEGACY,n50_i1105014_T_a1101,50,1105014,T,1101,LEGACY,0.5,0.00298352912068367,0.9367846078758133
n50_i1105014_T_a1101_LEGACY,n50_i1105014_T_a1101,50,1105014,T,1101,LEGACY,0.75,0.06596986204385757,1.0137416442255187
n50_i1105014_T_a1101_LEGACY,n50_i1105014_T_a1101,50,1105014,T,1101,LEGACY,0.9,0.2409905670210719,1.017368406331612
n50_i1105014_T_a1101_LEGACY,n50_i1105014_T_a1101,50,1105014,T,1101,LEGACY,1.0,0.22885358426719904,1.020000657847726
n50_i1105014_T_a2202_GW,n50_i1105014_T_a2202,50,1105014,T,2202,GW,0.1,0.01784876175224781,0.7532313949709925
n50_i1105014_T_a2202_GW,n50_i1105014_T_a2202,50,1105014,T,2202,GW,0.25,0.0020625079050660133,0.8708862506304649
n50_i1105014_T_a2202_GW,n50_i1105014_T_a2202,50,1105014,T,2202,GW,0.5,0.009899895638227463,0.944123836802649
n50_i1105014_T_a2202_GW,n50_i1105014_T_a2202,50,1105014,T,2202,GW,0.75,0.004154086112976074,0.971686742431948
n50_i1105014_T_a2202_GW,n50_i1105014_T_a2202,50,1105014,T,2202,GW,0.9,0.1388205923140049,0.982251737787243
n50_i1105014_T_a2202_GW,n50_i1105014_T_a2202,50,1105014,T,2202,GW,1.0,0.11670326255261898,1.0102768489237381
n50_i1105014_T_a2202_LEGACY,n50_i1105014_T_a2202,50,1105014,T,2202,LEGACY,0.1,0.006728292442858219,0.8282189408508184
n50_i1105014_T_a2202_LEGACY,n50_i1105014_T_a2202,50,1105014,T,2202,LEGACY,0.25,0.002621370367705822,0.9345174677152591
n50_i1105014_T_a2202_LEGACY,n50_i1105014_T_a2202,50,1105014,T,2202,LEGACY,0.5,0.002339109778404236,0.9758606571592349
n50_i1105014_T_a2202_LEGACY,n50_i1105014_T_a2202,50,1105014,T,2202,LEGACY,0.75,0.12288755923509598,0.9978278533118231
n50_i1105014_T_a2202_LEGACY,n50_i1105014_T_a2202,50,1105014,T,2202,LEGACY,0.9,0.2991173220798373,0.9991171826957232
n50_i1105014_T_a2202_LEGACY,n50_i1105014_T_a2202,50,1105014,T,2202,LEGACY,1.0,0.0706812608987093,1.0003489552934772
n50_i1105014_T_a2202_REFERENCE,n50_i1105014_T_a2202,50,1105014,T,2202,REFERENCE,0.1,0.07099344301968813,0.8070527065772258
n50_i1105014_T_a2202_REFERENCE,n50_i1105014_T_a2202,50,1105014,T,2202,REFERENCE,0.25,0.26337761525064707,0.8776991003198874
n50_i1105014_T_a2202_REFERENCE,n50_i1105014_T_a2202,50,1105014,T,2202,REFERENCE,0.5,0.0014973804354667664,0.9677284198562827
n50_i1105014_T_a2202_REFERENCE,n50_i1105014_T_a2202,50,1105014,T,2202,REFERENCE,0.75,0.06214169040322304,1.0215325361444625
n50_i1105014_T_a2202_REFERENCE,n50_i1105014_T_a2202,50,1105014,T,2202,REFERENCE,0.9,0.0020106909796595573,1.0448311724111314
n50_i1105014_T_a2202_REFERENCE,n50_i1105014_T_a2202,50,1105014,T,2202,REFERENCE,1.0,0.4594194069504738,1.0513190570597166
n50_i1105014_T_a2202_W,n50_i1105014_T_a2202,50,1105014,T,2202,W,0.1,0.02819837350398302,0.7524336193178
n50_i1105014_T_a2202_W,n50_i1105014_T_a2202,50,1105014,T,2202,W,0.25,0.08760809618979692,0.883556199624773
n50_i1105014_T_a2202_W,n50_i1105014_T_a2202,50,1105014,T,2202,W,0.5,0.021850142627954483,0.8980388248818482
n50_i1105014_T_a2202_W,n50_i1105014_T_a2202,50,1105014,T,2202,W,0.75,0.01235444936901331,0.950008849975251
n50_i1105014_T_a2202_W,n50_i1105014_T_a2202,50,1105014,T,2202,W,0.9,0.006567424163222313,1.0168645001895957
n50_i1105014_T_a2202_W,n50_i1105014_T_a2202,50,1105014,T,2202,W,1.0,0.06424986571073532,1.0380585101111657
n50_i1105015_H_a1101_LEGACY,n50_i1105015_H_a1101,50,1105015,H,1101,LEGACY,0.1,0.1084406403824687,0.7603000305600021
n50_i1105015_H_a1101_LEGACY,n50_i1105015_H_a1101,50,1105015,H,1101,LEGACY,0.25,0.015047145076096058,0.8316310518026558
n50_i1105015_H_a1101_LEGACY,n50_i1105015_H_a1101,50,1105015,H,1101,LEGACY,0.5,0.0013986537232995033,0.8599067081472495
n50_i1105015_H_a1101_LEGACY,n50_i1105015_H_a1101,50,1105015,H,1101,LEGACY,0.75,0.002157132141292095,0.909482561366121
n50_i1105015_H_a1101_LEGACY,n50_i1105015_H_a1101,50,1105015,H,1101,LEGACY,0.9,0.23594656493514776,0.955118588195001
n50_i1105015_H_a1101_LEGACY,n50_i1105015_H_a1101,50,1105015,H,1101,LEGACY,1.0,0.0019793976098299026,0.9597159350186649
n50_i1105015_H_a1101_REFERENCE,n50_i1105015_H_a1101,50,1105015,H,1101,REFERENCE,0.1,0.02199938613921404,0.6778894521039549
n50_i1105015_H_a1101_REFERENCE,n50_i1105015_H_a1101,50,1105015,H,1101,REFERENCE,0.25,0.0010156603530049324,0.7950555613974903
n50_i1105015_H_a1101_REFERENCE,n50_i1105015_H_a1101,50,1105015,H,1101,REFERENCE,0.5,0.0784861147403717,0.8664291022757834
n50_i1105015_H_a1101_REFERENCE,n50_i1105015_H_a1101,50,1105015,H,1101,REFERENCE,0.75,0.13697310723364353,0.8738023981216552
n50_i1105015_H_a1101_REFERENCE,n50_i1105015_H_a1101,50,1105015,H,1101,REFERENCE,0.9,0.03776487521827221,0.8745284792976216
n50_i1105015_H_a1101_REFERENCE,n50_i1105015_H_a1101,50,1105015,H,1101,REFERENCE,1.0,0.2683262340724468,0.8753296682375445
n50_i1105015_H_a1101_W,n50_i1105015_H_a1101,50,1105015,H,1101,W,0.1,0.02636374719440937,0.783663200174719
n50_i1105015_H_a1101_W,n50_i1105015_H_a1101,50,1105015,H,1101,W,0.25,0.09683706797659397,0.8971130536254708
n50_i1105015_H_a1101_W,n50_i1105015_H_a1101,50,1105015,H,1101,W,0.5,0.001182064414024353,0.9301875809992944
n50_i1105015_H_a1101_W,n50_i1105015_H_a1101,50,1105015,H,1101,W,0.75,0.0023997630923986435,0.9449362228482406
n50_i1105015_H_a1101_W,n50_i1105015_H_a1101,50,1105015,H,1101,W,0.9,0.0010597249493002892,0.9572091971202968
n50_i1105015_H_a1101_W,n50_i1105015_H_a1101,50,1105015,H,1101,W,1.0,0.04370213020592928,0.9585076420719487
n50_i1105015_H_a1101_GW,n50_i1105015_H_a1101,50,1105015,H,1101,GW,0.1,0.0035120081156492233,0.7836725121958873
n50_i1105015_H_a1101_GW,n50_i1105015_H_a1101,50,1105015,H,1101,GW,0.25,0.08420603070408106,0.8920280423034076
n50_i1105015_H_a1101_GW,n50_i1105015_H_a1101,50,1105015,H,1101,GW,0.5,0.07371531706303358,0.9455594463056437
n50_i1105015_H_a1101_GW,n50_i1105015_H_a1101,50,1105015,H,1101,GW,0.75,0.0796887269243598,0.9748290326723708
n50_i1105015_H_a1101_GW,n50_i1105015_H_a1101,50,1105015,H,1101,GW,0.9,0.2867299225181341,0.9774310619432888
n50_i1105015_H_a1101_GW,n50_i1105015_H_a1101,50,1105015,H,1101,GW,1.0,0.35696949902921915,0.9777494561246959
n50_i1105015_H_a2202_W,n50_i1105015_H_a2202,50,1105015,H,2202,W,0.1,0.10231748223304749,0.7650208800372955
n50_i1105015_H_a2202_W,n50_i1105015_H_a2202,50,1105015,H,2202,W,0.25,0.0005375882610678673,0.8641960263317128
n50_i1105015_H_a2202_W,n50_i1105015_H_a2202,50,1105015,H,2202,W,0.5,0.4163660826161504,0.9297592875409431
n50_i1105015_H_a2202_W,n50_i1105015_H_a2202,50,1105015,H,2202,W,0.75,0.02630594838410616,1.055613997585583
n50_i1105015_H_a2202_W,n50_i1105015_H_a2202,50,1105015,H,2202,W,0.9,0.015345735475420952,1.057847486849237
n50_i1105015_H_a2202_W,n50_i1105015_H_a2202,50,1105015,H,2202,W,1.0,0.287116851657629,1.058854457646778
n50_i1105015_H_a2202_GW,n50_i1105015_H_a2202,50,1105015,H,2202,GW,0.1,0.1176510788500309,0.7650208800372955
n50_i1105015_H_a2202_GW,n50_i1105015_H_a2202,50,1105015,H,2202,GW,0.25,0.06756860390305519,0.8632599906445754
n50_i1105015_H_a2202_GW,n50_i1105015_H_a2202,50,1105015,H,2202,GW,0.5,0.07332857139408588,0.9297572751973855
n50_i1105015_H_a2202_GW,n50_i1105015_H_a2202,50,1105015,H,2202,GW,0.75,0.0009416667744517326,1.0355136260319924
n50_i1105015_H_a2202_GW,n50_i1105015_H_a2202,50,1105015,H,2202,GW,0.9,0.039479040540754795,1.0739744140381087
n50_i1105015_H_a2202_GW,n50_i1105015_H_a2202,50,1105015,H,2202,GW,1.0,0.04377405159175396,1.0795136823250018
n50_i1105015_H_a2202_LEGACY,n50_i1105015_H_a2202,50,1105015,H,2202,LEGACY,0.1,0.020765671506524086,0.7151589051035994
n50_i1105015_H_a2202_LEGACY,n50_i1105015_H_a2202,50,1105015,H,2202,LEGACY,0.25,0.00028029829263687134,0.7916381699747693
n50_i1105015_H_a2202_LEGACY,n50_i1105015_H_a2202,50,1105015,H,2202,LEGACY,0.5,0.21423239447176456,0.8454695201961367
n50_i1105015_H_a2202_LEGACY,n50_i1105015_H_a2202,50,1105015,H,2202,LEGACY,0.75,0.0013780435547232628,0.9493389993957053
n50_i1105015_H_a2202_LEGACY,n50_i1105015_H_a2202,50,1105015,H,2202,LEGACY,0.9,0.053184724412858486,0.9568364094898183
n50_i1105015_H_a2202_LEGACY,n50_i1105015_H_a2202,50,1105015,H,2202,LEGACY,1.0,0.39190056174993515,0.9583157187509191
n50_i1105015_H_a2202_REFERENCE,n50_i1105015_H_a2202,50,1105015,H,2202,REFERENCE,0.1,0.00022145453840494156,0.7358193168014711
n50_i1105015_H_a2202_REFERENCE,n50_i1105015_H_a2202,50,1105015,H,2202,REFERENCE,0.25,0.0010815784335136414,0.8739501228811947
n50_i1105015_H_a2202_REFERENCE,n50_i1105015_H_a2202,50,1105015,H,2202,REFERENCE,0.5,0.021465422585606575,0.9004025732744595
n50_i1105015_H_a2202_REFERENCE,n50_i1105015_H_a2202,50,1105015,H,2202,REFERENCE,0.75,0.11245911382138729,0.9545136037383819
n50_i1105015_H_a2202_REFERENCE,n50_i1105015_H_a2202,50,1105015,H,2202,REFERENCE,0.9,0.4038118049502373,0.9548246883777488
n50_i1105015_H_a2202_REFERENCE,n50_i1105015_H_a2202,50,1105015,H,2202,REFERENCE,1.0,0.1376151842996478,0.9552749009266049
n50_i1105015_T_a2202_GW,n50_i1105015_T_a2202,50,1105015,T,2202,GW,0.1,0.1354287452995777,0.7458711172461459
n50_i1105015_T_a2202_GW,n50_i1105015_T_a2202,50,1105015,T,2202,GW,0.25,0.00012036040425300598,0.9340383988492046
n50_i1105015_T_a2202_GW,n50_i1105015_T_a2202,50,1105015,T,2202,GW,0.5,0.027830560691654682,1.0233314211416715
n50_i1105015_T_a2202_GW,n50_i1105015_T_a2202,50,1105015,T,2202,GW,0.75,0.023543124087154865,1.0372261135046308
n50_i1105015_T_a2202_GW,n50_i1105015_T_a2202,50,1105015,T,2202,GW,0.9,0.01180986501276493,1.046485298239748
n50_i1105015_T_a2202_GW,n50_i1105015_T_a2202,50,1105015,T,2202,GW,1.0,0.4648386761546135,1.0527846348045402
n50_i1105015_T_a2202_LEGACY,n50_i1105015_T_a2202,50,1105015,T,2202,LEGACY,0.1,0.028870712034404278,0.6800497444334093
n50_i1105015_T_a2202_LEGACY,n50_i1105015_T_a2202,50,1105015,T,2202,LEGACY,0.25,0.07353086583316326,0.8169799387684328
n50_i1105015_T_a2202_LEGACY,n50_i1105015_T_a2202,50,1105015,T,2202,LEGACY,0.5,0.022609523497521877,1.0165962579258585
n50_i1105015_T_a2202_LEGACY,n50_i1105015_T_a2202,50,1105015,T,2202,LEGACY,0.75,0.11120388563722372,1.0611487444794014
n50_i1105015_T_a2202_LEGACY,n50_i1105015_T_a2202,50,1105015,T,2202,LEGACY,0.9,0.027872140519320965,1.0668538514295451
n50_i1105015_T_a2202_LEGACY,n50_i1105015_T_a2202,50,1105015,T,2202,LEGACY,1.0,0.4135885899886489,1.0672169826858608
n50_i1105015_T_a2202_REFERENCE,n50_i1105015_T_a2202,50,1105015,T,2202,REFERENCE,0.1,0.0007828129455447197,0.5991164276116334
n50_i1105015_T_a2202_REFERENCE,n50_i1105015_T_a2202,50,1105015,T,2202,REFERENCE,0.25,0.02384201530367136,0.7706543779348415
n50_i1105015_T_a2202_REFERENCE,n50_i1105015_T_a2202,50,1105015,T,2202,REFERENCE,0.5,0.018737873062491417,0.8340854459114935
n50_i1105015_T_a2202_REFERENCE,n50_i1105015_T_a2202,50,1105015,T,2202,REFERENCE,0.75,0.02052247803658247,0.8492372367421721
n50_i1105015_T_a2202_REFERENCE,n50_i1105015_T_a2202,50,1105015,T,2202,REFERENCE,0.9,0.45626905653625727,0.8496004573411379
n50_i1105015_T_a2202_REFERENCE,n50_i1105015_T_a2202,50,1105015,T,2202,REFERENCE,1.0,0.38813771679997444,0.8515612760057027
n50_i1105015_T_a2202_W,n50_i1105015_T_a2202,50,1105015,T,2202,W,0.1,0.21595673449337482,0.7459741293209214
n50_i1105015_T_a2202_W,n50_i1105015_T_a2202,50,1105015,T,2202,W,0.25,0.03192948363721371,0.9340383988492046
n50_i1105015_T_a2202_W,n50_i1105015_T_a2202,50,1105015,T,2202,W,0.5,0.008048200979828835,1.0284312308651353
n50_i1105015_T_a2202_W,n50_i1105015_T_a2202,50,1105015,T,2202,W,0.75,0.4644988887012005,1.056973160380466
n50_i1105015_T_a2202_W,n50_i1105015_T_a2202,50,1105015,T,2202,W,0.9,0.05031177029013634,1.064183826929459
n50_i1105015_T_a2202_W,n50_i1105015_T_a2202,50,1105015,T,2202,W,1.0,0.08602740056812763,1.078790177000996
n50_i1105015_T_a1101_REFERENCE,n50_i1105015_T_a1101,50,1105015,T,1101,REFERENCE,0.1,0.03247109893709421,0.6752676576294379
n50_i1105015_T_a1101_REFERENCE,n50_i1105015_T_a1101,50,1105015,T,1101,REFERENCE,0.25,0.002675744704902172,0.8275370278668268
n50_i1105015_T_a1101_REFERENCE,n50_i1105015_T_a1101,50,1105015,T,1101,REFERENCE,0.5,0.025315333157777786,1.0001515826234608
n50_i1105015_T_a1101_REFERENCE,n50_i1105015_T_a1101,50,1105015,T,1101,REFERENCE,0.75,0.03606109321117401,1.0146389166325869
n50_i1105015_T_a1101_REFERENCE,n50_i1105015_T_a1101,50,1105015,T,1101,REFERENCE,0.9,0.47162636183202267,1.016465612558065
n50_i1105015_T_a1101_REFERENCE,n50_i1105015_T_a1101,50,1105015,T,1101,REFERENCE,1.0,0.9327468313276768,1.0165909564107314
n50_i1105015_T_a1101_W,n50_i1105015_T_a1101,50,1105015,T,1101,W,0.1,0.01815149188041687,0.6851743921903027
n50_i1105015_T_a1101_W,n50_i1105015_T_a1101,50,1105015,T,1101,W,0.25,0.020387965254485607,0.7754621827325984
n50_i1105015_T_a1101_W,n50_i1105015_T_a1101,50,1105015,T,1101,W,0.5,0.0033527053892612457,0.8221398434654634
n50_i1105015_T_a1101_W,n50_i1105015_T_a1101,50,1105015,T,1101,W,0.75,0.2914036652073264,0.8958545414655551
n50_i1105015_T_a1101_W,n50_i1105015_T_a1101,50,1105015,T,1101,W,0.9,0.14718708954751492,0.9012639669752277
n50_i1105015_T_a1101_W,n50_i1105015_T_a1101,50,1105015,T,1101,W,1.0,0.4520489200949669,0.9067012736066588
n50_i1105015_T_a1101_GW,n50_i1105015_T_a1101,50,1105015,T,1101,GW,0.1,0.014852381311357021,0.6851743921903027
n50_i1105015_T_a1101_GW,n50_i1105015_T_a1101,50,1105015,T,1101,GW,0.25,0.2998433206230402,0.7754621827325984
n50_i1105015_T_a1101_GW,n50_i1105015_T_a1101,50,1105015,T,1101,GW,0.5,0.012775330804288387,0.8227134559041975
n50_i1105015_T_a1101_GW,n50_i1105015_T_a1101,50,1105015,T,1101,GW,0.75,0.1681065559387207,0.9317237879543115
n50_i1105015_T_a1101_GW,n50_i1105015_T_a1101,50,1105015,T,1101,GW,0.9,0.016780543141067028,0.9506485483917081
n50_i1105015_T_a1101_GW,n50_i1105015_T_a1101,50,1105015,T,1101,GW,1.0,0.3231312856078148,0.9864673248293637
n50_i1105015_T_a1101_LEGACY,n50_i1105015_T_a1101,50,1105015,T,1101,LEGACY,0.1,0.3553469469770789,0.6090267120537687
n50_i1105015_T_a1101_LEGACY,n50_i1105015_T_a1101,50,1105015,T,1101,LEGACY,0.25,0.061961851082742214,0.7032642813059752
n50_i1105015_T_a1101_LEGACY,n50_i1105015_T_a1101,50,1105015,T,1101,LEGACY,0.5,0.016027078963816166,0.7887273831025238
n50_i1105015_T_a1101_LEGACY,n50_i1105015_T_a1101,50,1105015,T,1101,LEGACY,0.75,0.17583246249705553,0.8485683360949278
n50_i1105015_T_a1101_LEGACY,n50_i1105015_T_a1101,50,1105015,T,1101,LEGACY,0.9,0.04136472661048174,0.8570899584144928
n50_i1105015_T_a1101_LEGACY,n50_i1105015_T_a1101,50,1105015,T,1101,LEGACY,1.0,0.1927314568310976,0.8632596186555326
n50_i1105016_H_a1101_LEGACY,n50_i1105016_H_a1101,50,1105016,H,1101,LEGACY,0.1,0.010815906338393688,0.8656992620238897
n50_i1105016_H_a1101_LEGACY,n50_i1105016_H_a1101,50,1105016,H,1101,LEGACY,0.25,0.0022420166060328484,0.9586371036525542
n50_i1105016_H_a1101_LEGACY,n50_i1105016_H_a1101,50,1105016,H,1101,LEGACY,0.5,0.12242418434470892,1.002564891196458
n50_i1105016_H_a1101_LEGACY,n50_i1105016_H_a1101,50,1105016,H,1101,LEGACY,0.75,0.08996006101369858,1.0097052199849184
n50_i1105016_H_a1101_LEGACY,n50_i1105016_H_a1101,50,1105016,H,1101,LEGACY,0.9,0.14266556315124035,1.0133494346797927
n50_i1105016_H_a1101_LEGACY,n50_i1105016_H_a1101,50,1105016,H,1101,LEGACY,1.0,0.0012902440503239632,1.0211776917260547
n50_i1105016_H_a1101_REFERENCE,n50_i1105016_H_a1101,50,1105016,H,1101,REFERENCE,0.1,0.011764570139348507,0.8164049219439313
n50_i1105016_H_a1101_REFERENCE,n50_i1105016_H_a1101,50,1105016,H,1101,REFERENCE,0.25,0.018268936313688755,0.8693737770079227
n50_i1105016_H_a1101_REFERENCE,n50_i1105016_H_a1101,50,1105016,H,1101,REFERENCE,0.5,0.09886829555034637,0.9341071981717322
n50_i1105016_H_a1101_REFERENCE,n50_i1105016_H_a1101,50,1105016,H,1101,REFERENCE,0.75,0.1003535958006978,0.9700704712972198
n50_i1105016_H_a1101_REFERENCE,n50_i1105016_H_a1101,50,1105016,H,1101,REFERENCE,0.9,0.04716549161821604,0.9889657103803665
n50_i1105016_H_a1101_REFERENCE,n50_i1105016_H_a1101,50,1105016,H,1101,REFERENCE,1.0,0.2911958619952202,1.007192348130496
n50_i1105016_H_a1101_W,n50_i1105016_H_a1101,50,1105016,H,1101,W,0.1,0.01106324139982462,0.8679270653111208
n50_i1105016_H_a1101_W,n50_i1105016_H_a1101,50,1105016,H,1101,W,0.25,0.002761176787316799,0.9346384052846939
n50_i1105016_H_a1101_W,n50_i1105016_H_a1101,50,1105016,H,1101,W,0.5,0.07803280837833881,0.9935440005570402
n50_i1105016_H_a1101_W,n50_i1105016_H_a1101,50,1105016,H,1101,W,0.75,0.005120434798300266,1.0336079550153328
n50_i1105016_H_a1101_W,n50_i1105016_H_a1101,50,1105016,H,1101,W,0.9,0.17262034583836794,1.0420331026422054
n50_i1105016_H_a1101_W,n50_i1105016_H_a1101,50,1105016,H,1101,W,1.0,0.5848198235034943,1.049035301603145
n50_i1105016_H_a1101_GW,n50_i1105016_H_a1101,50,1105016,H,1101,GW,0.1,0.1750687276944518,0.8669738155392561
n50_i1105016_H_a1101_GW,n50_i1105016_H_a1101,50,1105016,H,1101,GW,0.25,0.08216653391718864,0.93463791522004
n50_i1105016_H_a1101_GW,n50_i1105016_H_a1101,50,1105016,H,1101,GW,0.5,0.224893631413579,0.9931335101513833
n50_i1105016_H_a1101_GW,n50_i1105016_H_a1101,50,1105016,H,1101,GW,0.75,0.0005477899685502052,1.0323196567178787
n50_i1105016_H_a1101_GW,n50_i1105016_H_a1101,50,1105016,H,1101,GW,0.9,0.23988494463264942,1.0390146392521784
n50_i1105016_H_a1101_GW,n50_i1105016_H_a1101,50,1105016,H,1101,GW,1.0,0.40867587085813284,1.0502177112224607
n50_i1105016_H_a2202_W,n50_i1105016_H_a2202,50,1105016,H,2202,W,0.1,0.0039101094007492065,0.8388011650470372
n50_i1105016_H_a2202_W,n50_i1105016_H_a2202,50,1105016,H,2202,W,0.25,0.018971526995301247,0.8978002263690315
n50_i1105016_H_a2202_W,n50_i1105016_H_a2202,50,1105016,H,2202,W,0.5,0.014470405876636505,0.9558695901201334
n50_i1105016_H_a2202_W,n50_i1105016_H_a2202,50,1105016,H,2202,W,0.75,0.0406445637345314,0.9963640919010083
n50_i1105016_H_a2202_W,n50_i1105016_H_a2202,50,1105016,H,2202,W,0.9,0.02568692062050104,1.0064452139367042
n50_i1105016_H_a2202_W,n50_i1105016_H_a2202,50,1105016,H,2202,W,1.0,0.18021726049482822,1.00656809764865
n50_i1105016_H_a2202_GW,n50_i1105016_H_a2202,50,1105016,H,2202,GW,0.1,0.0004253135994076729,0.8345332915212895
n50_i1105016_H_a2202_GW,n50_i1105016_H_a2202,50,1105016,H,2202,GW,0.25,0.0016506602987647057,0.906936301090006
n50_i1105016_H_a2202_GW,n50_i1105016_H_a2202,50,1105016,H,2202,GW,0.5,0.019116911105811596,0.9800184427664724
n50_i1105016_H_a2202_GW,n50_i1105016_H_a2202,50,1105016,H,2202,GW,0.75,0.007979221642017365,1.0221939888261182
n50_i1105016_H_a2202_GW,n50_i1105016_H_a2202,50,1105016,H,2202,GW,0.9,0.0033780625090003014,1.0346486655029001
n50_i1105016_H_a2202_GW,n50_i1105016_H_a2202,50,1105016,H,2202,GW,1.0,0.09220941364765167,1.0404571057639163
n50_i1105016_H_a2202_LEGACY,n50_i1105016_H_a2202,50,1105016,H,2202,LEGACY,0.1,0.0005486216396093369,0.7943284118250149
n50_i1105016_H_a2202_LEGACY,n50_i1105016_H_a2202,50,1105016,H,2202,LEGACY,0.25,0.0012259427458047867,0.9131333284190742
n50_i1105016_H_a2202_LEGACY,n50_i1105016_H_a2202,50,1105016,H,2202,LEGACY,0.5,0.17292277421802282,0.9769313999329835
n50_i1105016_H_a2202_LEGACY,n50_i1105016_H_a2202,50,1105016,H,2202,LEGACY,0.75,0.0010558981448411942,1.0153396352244595
n50_i1105016_H_a2202_LEGACY,n50_i1105016_H_a2202,50,1105016,H,2202,LEGACY,0.9,0.007849212735891342,1.0305136908749757
n50_i1105016_H_a2202_LEGACY,n50_i1105016_H_a2202,50,1105016,H,2202,LEGACY,1.0,0.20296794176101685,1.033445364835779
n50_i1105016_H_a2202_REFERENCE,n50_i1105016_H_a2202,50,1105016,H,2202,REFERENCE,0.1,0.05249279085546732,0.8030676709861101
n50_i1105016_H_a2202_REFERENCE,n50_i1105016_H_a2202,50,1105016,H,2202,REFERENCE,0.25,0.02438469510525465,0.9332876987850276
n50_i1105016_H_a2202_REFERENCE,n50_i1105016_H_a2202,50,1105016,H,2202,REFERENCE,0.5,0.002017635852098465,0.953730158762571
n50_i1105016_H_a2202_REFERENCE,n50_i1105016_H_a2202,50,1105016,H,2202,REFERENCE,0.75,0.017682867124676704,0.9707985338082332
n50_i1105016_H_a2202_REFERENCE,n50_i1105016_H_a2202,50,1105016,H,2202,REFERENCE,0.9,0.030367664992809296,0.9892626487218606
n50_i1105016_H_a2202_REFERENCE,n50_i1105016_H_a2202,50,1105016,H,2202,REFERENCE,1.0,0.06021267268806696,0.9982118112524153
n50_i1105016_T_a2202_GW,n50_i1105016_T_a2202,50,1105016,T,2202,GW,0.1,0.02570432238280773,0.6112254207139631
n50_i1105016_T_a2202_GW,n50_i1105016_T_a2202,50,1105016,T,2202,GW,0.25,0.08090330939739943,0.8293778910757664
n50_i1105016_T_a2202_GW,n50_i1105016_T_a2202,50,1105016,T,2202,GW,0.5,0.027560709975659847,0.8499395545841819
n50_i1105016_T_a2202_GW,n50_i1105016_T_a2202,50,1105016,T,2202,GW,0.75,0.13607710786163807,0.8886787777450925
n50_i1105016_T_a2202_GW,n50_i1105016_T_a2202,50,1105016,T,2202,GW,0.9,0.14277917798608541,0.9009193039574008
n50_i1105016_T_a2202_GW,n50_i1105016_T_a2202,50,1105016,T,2202,GW,1.0,0.15751386154443026,0.914892451771609
n50_i1105016_T_a2202_LEGACY,n50_i1105016_T_a2202,50,1105016,T,2202,LEGACY,0.1,0.01033452246338129,0.6271773513271371
n50_i1105016_T_a2202_LEGACY,n50_i1105016_T_a2202,50,1105016,T,2202,LEGACY,0.25,0.004401620477437973,0.8766458920573263
n50_i1105016_T_a2202_LEGACY,n50_i1105016_T_a2202,50,1105016,T,2202,LEGACY,0.5,0.06335114873945713,0.9652929651427141
n50_i1105016_T_a2202_LEGACY,n50_i1105016_T_a2202,50,1105016,T,2202,LEGACY,0.75,0.054512154310941696,1.0025954308955871
n50_i1105016_T_a2202_LEGACY,n50_i1105016_T_a2202,50,1105016,T,2202,LEGACY,0.9,0.2944628158584237,1.0099242758521574
n50_i1105016_T_a2202_LEGACY,n50_i1105016_T_a2202,50,1105016,T,2202,LEGACY,1.0,0.8301250264048576,1.0310878823229959
n50_i1105016_T_a2202_REFERENCE,n50_i1105016_T_a2202,50,1105016,T,2202,REFERENCE,0.1,0.0023149196058511734,0.5871764782327499
n50_i1105016_T_a2202_REFERENCE,n50_i1105016_T_a2202,50,1105016,T,2202,REFERENCE,0.25,0.001328389160335064,0.7902043091237694
n50_i1105016_T_a2202_REFERENCE,n50_i1105016_T_a2202,50,1105016,T,2202,REFERENCE,0.5,0.0036000246182084084,0.9142239853132093
n50_i1105016_T_a2202_REFERENCE,n50_i1105016_T_a2202,50,1105016,T,2202,REFERENCE,0.75,0.04877092596143484,0.964484688988668
n50_i1105016_T_a2202_REFERENCE,n50_i1105016_T_a2202,50,1105016,T,2202,REFERENCE,0.9,0.4234150992706418,0.9660264099718798
n50_i1105016_T_a2202_REFERENCE,n50_i1105016_T_a2202,50,1105016,T,2202,REFERENCE,1.0,0.5727334264665842,0.9668439684205119
n50_i1105016_T_a2202_W,n50_i1105016_T_a2202,50,1105016,T,2202,W,0.1,0.16955369990319014,0.6112254207139631
n50_i1105016_T_a2202_W,n50_i1105016_T_a2202,50,1105016,T,2202,W,0.25,0.08145320042967796,0.8291362747967201
n50_i1105016_T_a2202_W,n50_i1105016_T_a2202,50,1105016,T,2202,W,0.5,0.007649976760149002,0.8499576880830002
n50_i1105016_T_a2202_W,n50_i1105016_T_a2202,50,1105016,T,2202,W,0.75,0.0026782918721437454,0.8668828400098192
n50_i1105016_T_a2202_W,n50_i1105016_T_a2202,50,1105016,T,2202,W,0.9,0.002664772793650627,0.8862943622196612
n50_i1105016_T_a2202_W,n50_i1105016_T_a2202,50,1105016,T,2202,W,1.0,0.1415029326453805,0.9027189319856113
n50_i1105016_T_a1101_REFERENCE,n50_i1105016_T_a1101,50,1105016,T,1101,REFERENCE,0.1,0.04189515858888626,0.6509562490723372
n50_i1105016_T_a1101_REFERENCE,n50_i1105016_T_a1101,50,1105016,T,1101,REFERENCE,0.25,0.05088587570935488,0.8444796659675197
n50_i1105016_T_a1101_REFERENCE,n50_i1105016_T_a1101,50,1105016,T,1101,REFERENCE,0.5,0.000782025046646595,0.9092829313048498
n50_i1105016_T_a1101_REFERENCE,n50_i1105016_T_a1101,50,1105016,T,1101,REFERENCE,0.75,0.1683525824919343,0.9351290364244906
n50_i1105016_T_a1101_REFERENCE,n50_i1105016_T_a1101,50,1105016,T,1101,REFERENCE,0.9,0.226200963370502,0.940518559929871
n50_i1105016_T_a1101_REFERENCE,n50_i1105016_T_a1101,50,1105016,T,1101,REFERENCE,1.0,0.027912678197026253,0.9427308509832723
n50_i1105016_T_a1101_W,n50_i1105016_T_a1101,50,1105016,T,1101,W,0.1,0.04248977545648813,0.6524363489006064
n50_i1105016_T_a1101_W,n50_i1105016_T_a1101,50,1105016,T,1101,W,0.25,0.0038283802568912506,0.7414329770772429
n50_i1105016_T_a1101_W,n50_i1105016_T_a1101,50,1105016,T,1101,W,0.5,0.055414631962776184,0.9109612307474296
n50_i1105016_T_a1101_W,n50_i1105016_T_a1101,50,1105016,T,1101,W,0.75,0.23330153990536928,1.0097414381342111
n50_i1105016_T_a1101_W,n50_i1105016_T_a1101,50,1105016,T,1101,W,0.9,0.00017875153571367264,1.0171534679980685
n50_i1105016_T_a1101_W,n50_i1105016_T_a1101,50,1105016,T,1101,W,1.0,0.22759058978408575,1.0180531162081912
n50_i1105016_T_a1101_GW,n50_i1105016_T_a1101,50,1105016,T,1101,GW,0.1,0.00011953990906476974,0.6522106875819785
n50_i1105016_T_a1101_GW,n50_i1105016_T_a1101,50,1105016,T,1101,GW,0.25,0.008508327417075634,0.7414329770772429
n50_i1105016_T_a1101_GW,n50_i1105016_T_a1101,50,1105016,T,1101,GW,0.5,0.01853060908615589,0.9109612307474296
n50_i1105016_T_a1101_GW,n50_i1105016_T_a1101,50,1105016,T,1101,GW,0.75,0.0034396667033433914,1.0097317669348413
n50_i1105016_T_a1101_GW,n50_i1105016_T_a1101,50,1105016,T,1101,GW,0.9,0.0023586824536323547,1.0171534679980685
n50_i1105016_T_a1101_GW,n50_i1105016_T_a1101,50,1105016,T,1101,GW,1.0,0.22865423560142517,1.0193255631290898
n50_i1105016_T_a1101_LEGACY,n50_i1105016_T_a1101,50,1105016,T,1101,LEGACY,0.1,0.00010884646326303482,0.7309406945600176
n50_i1105016_T_a1101_LEGACY,n50_i1105016_T_a1101,50,1105016,T,1101,LEGACY,0.25,0.007814749144017696,0.8498335151720297
n50_i1105016_T_a1101_LEGACY,n50_i1105016_T_a1101,50,1105016,T,1101,LEGACY,0.5,0.00010083895176649094,0.9110638814619904
n50_i1105016_T_a1101_LEGACY,n50_i1105016_T_a1101,50,1105016,T,1101,LEGACY,0.75,0.003396725282073021,0.9213923404100992
n50_i1105016_T_a1101_LEGACY,n50_i1105016_T_a1101,50,1105016,T,1101,LEGACY,0.9,0.2971591632813215,0.9379804974220208
n50_i1105016_T_a1101_LEGACY,n50_i1105016_T_a1101,50,1105016,T,1101,LEGACY,1.0,0.1296096472069621,0.9639647652685737
n50_i1105017_H_a2202_W,n50_i1105017_H_a2202,50,1105017,H,2202,W,0.1,0.004459679126739502,0.336288766599222
n50_i1105017_H_a2202_W,n50_i1105017_H_a2202,50,1105017,H,2202,W,0.25,0.012842772528529167,0.6415688670913333
n50_i1105017_H_a2202_W,n50_i1105017_H_a2202,50,1105017,H,2202,W,0.5,0.007075631991028786,0.7423544276431366
n50_i1105017_H_a2202_W,n50_i1105017_H_a2202,50,1105017,H,2202,W,0.75,0.08486752863973379,0.8196703156231119
n50_i1105017_H_a2202_W,n50_i1105017_H_a2202,50,1105017,H,2202,W,0.9,0.03509996272623539,0.8329494518014128
n50_i1105017_H_a2202_W,n50_i1105017_H_a2202,50,1105017,H,2202,W,1.0,0.0606432156637311,0.835182853456752
n50_i1105017_H_a2202_GW,n50_i1105017_H_a2202,50,1105017,H,2202,GW,0.1,0.10151042602956295,0.3398385070369916
n50_i1105017_H_a2202_GW,n50_i1105017_H_a2202,50,1105017,H,2202,GW,0.25,0.0022941073402762413,0.6122189413334109
n50_i1105017_H_a2202_GW,n50_i1105017_H_a2202,50,1105017,H,2202,GW,0.5,0.24403829872608185,0.7733702778662138
n50_i1105017_H_a2202_GW,n50_i1105017_H_a2202,50,1105017,H,2202,GW,0.75,0.25225837156176567,0.7945973945986152
n50_i1105017_H_a2202_GW,n50_i1105017_H_a2202,50,1105017,H,2202,GW,0.9,0.011756147257983685,0.8108276095015831
n50_i1105017_H_a2202_GW,n50_i1105017_H_a2202,50,1105017,H,2202,GW,1.0,0.2685819882899523,0.8234337980369927
n50_i1105017_H_a2202_LEGACY,n50_i1105017_H_a2202,50,1105017,H,2202,LEGACY,0.1,0.015900549478828907,0.2795821920751739
n50_i1105017_H_a2202_LEGACY,n50_i1105017_H_a2202,50,1105017,H,2202,LEGACY,0.25,0.0014835149049758911,0.4815564590607349
n50_i1105017_H_a2202_LEGACY,n50_i1105017_H_a2202,50,1105017,H,2202,LEGACY,0.5,0.009870626963675022,0.8291763163826351
n50_i1105017_H_a2202_LEGACY,n50_i1105017_H_a2202,50,1105017,H,2202,LEGACY,0.75,0.0008537005633115768,0.9298907264497377
n50_i1105017_H_a2202_LEGACY,n50_i1105017_H_a2202,50,1105017,H,2202,LEGACY,0.9,0.0020687980577349663,1.025001427394932
n50_i1105017_H_a2202_LEGACY,n50_i1105017_H_a2202,50,1105017,H,2202,LEGACY,1.0,0.15885163843631744,1.0357087640733247
n50_i1105017_H_a2202_REFERENCE,n50_i1105017_H_a2202,50,1105017,H,2202,REFERENCE,0.1,0.02124573104083538,0.2637326158207105
n50_i1105017_H_a2202_REFERENCE,n50_i1105017_H_a2202,50,1105017,H,2202,REFERENCE,0.25,0.1224265992641449,0.4628881944133825
n50_i1105017_H_a2202_REFERENCE,n50_i1105017_H_a2202,50,1105017,H,2202,REFERENCE,0.5,0.13556200824677944,0.624083114729225
n50_i1105017_H_a2202_REFERENCE,n50_i1105017_H_a2202,50,1105017,H,2202,REFERENCE,0.75,0.26692486368119717,0.842885874622541
n50_i1105017_H_a2202_REFERENCE,n50_i1105017_H_a2202,50,1105017,H,2202,REFERENCE,0.9,0.051217238418757915,0.8492740150974973
n50_i1105017_H_a2202_REFERENCE,n50_i1105017_H_a2202,50,1105017,H,2202,REFERENCE,1.0,0.323343557305634,0.854806486029948
n50_i1105017_H_a1101_LEGACY,n50_i1105017_H_a1101,50,1105017,H,1101,LEGACY,0.1,0.004430665634572506,0.41141243852992826
n50_i1105017_H_a1101_LEGACY,n50_i1105017_H_a1101,50,1105017,H,1101,LEGACY,0.25,0.024854748509824276,0.6490470351845181
n50_i1105017_H_a1101_LEGACY,n50_i1105017_H_a1101,50,1105017,H,1101,LEGACY,0.5,0.010203765705227852,0.719997322812271
n50_i1105017_H_a1101_LEGACY,n50_i1105017_H_a1101,50,1105017,H,1101,LEGACY,0.75,0.17569450195878744,0.8107347685339893
n50_i1105017_H_a1101_LEGACY,n50_i1105017_H_a1101,50,1105017,H,1101,LEGACY,0.9,0.15930682886391878,0.8848051858069147
n50_i1105017_H_a1101_LEGACY,n50_i1105017_H_a1101,50,1105017,H,1101,LEGACY,1.0,0.006976247765123844,0.905945529644647
n50_i1105017_H_a1101_REFERENCE,n50_i1105017_H_a1101,50,1105017,H,1101,REFERENCE,0.1,0.04199437703937292,0.41283004615901453
n50_i1105017_H_a1101_REFERENCE,n50_i1105017_H_a1101,50,1105017,H,1101,REFERENCE,0.25,0.2421679114922881,0.6339001247819441
n50_i1105017_H_a1101_REFERENCE,n50_i1105017_H_a1101,50,1105017,H,1101,REFERENCE,0.5,0.0021498501300811768,0.70613061957272
n50_i1105017_H_a1101_REFERENCE,n50_i1105017_H_a1101,50,1105017,H,1101,REFERENCE,0.75,0.04250718280673027,0.7188034089085229
n50_i1105017_H_a1101_REFERENCE,n50_i1105017_H_a1101,50,1105017,H,1101,REFERENCE,0.9,0.16734315548092127,0.7358219141738785
n50_i1105017_H_a1101_REFERENCE,n50_i1105017_H_a1101,50,1105017,H,1101,REFERENCE,1.0,0.5234664492309093,0.7548685371460344
n50_i1105017_H_a1101_W,n50_i1105017_H_a1101,50,1105017,H,1101,W,0.1,0.0012978790327906609,0.29246150418921796
n50_i1105017_H_a1101_W,n50_i1105017_H_a1101,50,1105017,H,1101,W,0.25,0.025063042528927326,0.8338541921558622
n50_i1105017_H_a1101_W,n50_i1105017_H_a1101,50,1105017,H,1101,W,0.5,0.009143880568444729,0.8495905086788246
n50_i1105017_H_a1101_W,n50_i1105017_H_a1101,50,1105017,H,1101,W,0.75,0.027542946860194206,0.8533292254617438
n50_i1105017_H_a1101_W,n50_i1105017_H_a1101,50,1105017,H,1101,W,0.9,0.18755834642797709,0.888115678628719
n50_i1105017_H_a1101_W,n50_i1105017_H_a1101,50,1105017,H,1101,W,1.0,0.0013459725305438042,0.8943047073774616
n50_i1105017_H_a1101_GW,n50_i1105017_H_a1101,50,1105017,H,1101,GW,0.1,0.019526347517967224,0.34446087666167663
n50_i1105017_H_a1101_GW,n50_i1105017_H_a1101,50,1105017,H,1101,GW,0.25,0.021049347706139088,0.4921503140049591
n50_i1105017_H_a1101_GW,n50_i1105017_H_a1101,50,1105017,H,1101,GW,0.5,0.009204667992889881,0.5854058181362914
n50_i1105017_H_a1101_GW,n50_i1105017_H_a1101,50,1105017,H,1101,GW,0.75,0.015744708478450775,0.7268865287904025
n50_i1105017_H_a1101_GW,n50_i1105017_H_a1101,50,1105017,H,1101,GW,0.9,0.012214346788823605,0.8204231705226064
n50_i1105017_H_a1101_GW,n50_i1105017_H_a1101,50,1105017,H,1101,GW,1.0,0.20975137315690517,0.8310111823086458
n50_i1105017_T_a2202_GW,n50_i1105017_T_a2202,50,1105017,T,2202,GW,0.1,0.0041655367240309715,0.46224347504018765
n50_i1105017_T_a2202_GW,n50_i1105017_T_a2202,50,1105017,T,2202,GW,0.25,0.0030835168436169624,0.5774501899192471
n50_i1105017_T_a2202_GW,n50_i1105017_T_a2202,50,1105017,T,2202,GW,0.5,0.0029672468081116676,0.8065087043156108
n50_i1105017_T_a2202_GW,n50_i1105017_T_a2202,50,1105017,T,2202,GW,0.75,0.017785372212529182,0.8761020850815059
n50_i1105017_T_a2202_GW,n50_i1105017_T_a2202,50,1105017,T,2202,GW,0.9,0.17263854295015335,0.9857026746860419
n50_i1105017_T_a2202_GW,n50_i1105017_T_a2202,50,1105017,T,2202,GW,1.0,0.3045873995870352,0.9871208734844819
n50_i1105017_T_a2202_LEGACY,n50_i1105017_T_a2202,50,1105017,T,2202,LEGACY,0.1,0.20942560117691755,0.4016414999777641
n50_i1105017_T_a2202_LEGACY,n50_i1105017_T_a2202,50,1105017,T,2202,LEGACY,0.25,0.009088502265512943,0.7047567869878896
n50_i1105017_T_a2202_LEGACY,n50_i1105017_T_a2202,50,1105017,T,2202,LEGACY,0.5,0.006976097822189331,0.9810103572357323
n50_i1105017_T_a2202_LEGACY,n50_i1105017_T_a2202,50,1105017,T,2202,LEGACY,0.75,0.026238305494189262,1.04261089037829
n50_i1105017_T_a2202_LEGACY,n50_i1105017_T_a2202,50,1105017,T,2202,LEGACY,0.9,0.011757743544876575,1.0529738531312893
n50_i1105017_T_a2202_LEGACY,n50_i1105017_T_a2202,50,1105017,T,2202,LEGACY,1.0,0.2507166424766183,1.0558899440808664
n50_i1105017_T_a2202_REFERENCE,n50_i1105017_T_a2202,50,1105017,T,2202,REFERENCE,0.1,0.06893759686499834,0.3831272582711112
n50_i1105017_T_a2202_REFERENCE,n50_i1105017_T_a2202,50,1105017,T,2202,REFERENCE,0.25,0.1578230382874608,0.600892916892428
n50_i1105017_T_a2202_REFERENCE,n50_i1105017_T_a2202,50,1105017,T,2202,REFERENCE,0.5,0.0575046194717288,0.8546978156945072
n50_i1105017_T_a2202_REFERENCE,n50_i1105017_T_a2202,50,1105017,T,2202,REFERENCE,0.75,0.06790527608245611,1.0359502295082414
n50_i1105017_T_a2202_REFERENCE,n50_i1105017_T_a2202,50,1105017,T,2202,REFERENCE,0.9,0.00033430755138397217,1.057397607491677
n50_i1105017_T_a2202_REFERENCE,n50_i1105017_T_a2202,50,1105017,T,2202,REFERENCE,1.0,0.14084415696561337,1.092404902573184
n50_i1105017_T_a2202_W,n50_i1105017_T_a2202,50,1105017,T,2202,W,0.1,0.08899964578449726,0.46224347504018765
n50_i1105017_T_a2202_W,n50_i1105017_T_a2202,50,1105017,T,2202,W,0.25,0.09017148800194263,0.5772400121561553
n50_i1105017_T_a2202_W,n50_i1105017_T_a2202,50,1105017,T,2202,W,0.5,0.0296804066747427,0.9605630836660682
n50_i1105017_T_a2202_W,n50_i1105017_T_a2202,50,1105017,T,2202,W,0.75,0.03292164392769337,0.9926445084560267
n50_i1105017_T_a2202_W,n50_i1105017_T_a2202,50,1105017,T,2202,W,0.9,0.01605331338942051,1.1122533425742829
n50_i1105017_T_a2202_W,n50_i1105017_T_a2202,50,1105017,T,2202,W,1.0,0.15187135804444551,1.1161323127781713
n50_i1105017_T_a1101_REFERENCE,n50_i1105017_T_a1101,50,1105017,T,1101,REFERENCE,0.1,0.005633639171719551,0.42940218641734984
n50_i1105017_T_a1101_REFERENCE,n50_i1105017_T_a1101,50,1105017,T,1101,REFERENCE,0.25,0.00174704659730196,0.6104789350658633
n50_i1105017_T_a1101_REFERENCE,n50_i1105017_T_a1101,50,1105017,T,1101,REFERENCE,0.5,0.008911087177693844,0.6621917645023201
n50_i1105017_T_a1101_REFERENCE,n50_i1105017_T_a1101,50,1105017,T,1101,REFERENCE,0.75,0.0053586196154356,0.6943941156730205
n50_i1105017_T_a1101_REFERENCE,n50_i1105017_T_a1101,50,1105017,T,1101,REFERENCE,0.9,0.26359933987259865,0.775097500697906
n50_i1105017_T_a1101_REFERENCE,n50_i1105017_T_a1101,50,1105017,T,1101,REFERENCE,1.0,0.36397824715822935,0.8114274896368547
n50_i1105017_T_a1101_W,n50_i1105017_T_a1101,50,1105017,T,1101,W,0.1,0.05079670716077089,0.4941608919524366
n50_i1105017_T_a1101_W,n50_i1105017_T_a1101,50,1105017,T,1101,W,0.25,0.18590683583170176,0.6520501682643955
n50_i1105017_T_a1101_W,n50_i1105017_T_a1101,50,1105017,T,1101,W,0.5,0.0018727146089076996,0.9350284703675263
n50_i1105017_T_a1101_W,n50_i1105017_T_a1101,50,1105017,T,1101,W,0.75,0.04360674135386944,1.043102872173648
n50_i1105017_T_a1101_W,n50_i1105017_T_a1101,50,1105017,T,1101,W,0.9,0.05575265269726515,1.0470352616081307
n50_i1105017_T_a1101_W,n50_i1105017_T_a1101,50,1105017,T,1101,W,1.0,0.22880889289081097,1.0488176648856864
n50_i1105017_T_a1101_GW,n50_i1105017_T_a1101,50,1105017,T,1101,GW,0.1,0.10460811946541071,0.37307594224443635
n50_i1105017_T_a1101_GW,n50_i1105017_T_a1101,50,1105017,T,1101,GW,0.25,0.015908041037619114,0.5887893837033447
n50_i1105017_T_a1101_GW,n50_i1105017_T_a1101,50,1105017,T,1101,GW,0.5,0.2621031031012535,0.6735381785710169
n50_i1105017_T_a1101_GW,n50_i1105017_T_a1101,50,1105017,T,1101,GW,0.75,0.1397130861878395,0.6820815188298647
n50_i1105017_T_a1101_GW,n50_i1105017_T_a1101,50,1105017,T,1101,GW,0.9,0.004472154192626476,0.6835468963745556
n50_i1105017_T_a1101_GW,n50_i1105017_T_a1101,50,1105017,T,1101,GW,1.0,0.4734018463641405,0.6839984757167704
n50_i1105017_T_a1101_LEGACY,n50_i1105017_T_a1101,50,1105017,T,1101,LEGACY,0.1,0.002147960476577282,0.5477159954719742
n50_i1105017_T_a1101_LEGACY,n50_i1105017_T_a1101,50,1105017,T,1101,LEGACY,0.25,0.0007797293365001678,0.766107814384319
n50_i1105017_T_a1101_LEGACY,n50_i1105017_T_a1101,50,1105017,T,1101,LEGACY,0.5,0.18012182135134935,0.9713333575929033
n50_i1105017_T_a1101_LEGACY,n50_i1105017_T_a1101,50,1105017,T,1101,LEGACY,0.75,0.30633382592350245,0.9737001827521516
n50_i1105017_T_a1101_LEGACY,n50_i1105017_T_a1101,50,1105017,T,1101,LEGACY,0.9,0.017212368547916412,0.9840248972219422
n50_i1105017_T_a1101_LEGACY,n50_i1105017_T_a1101,50,1105017,T,1101,LEGACY,1.0,0.28697763103991747,0.9994263564797621
n50_i1105018_H_a2202_W,n50_i1105018_H_a2202,50,1105018,H,2202,W,0.1,0.0005886908620595932,0.6817585020889124
n50_i1105018_H_a2202_W,n50_i1105018_H_a2202,50,1105018,H,2202,W,0.25,0.012026458978652954,0.7687365234514957
n50_i1105018_H_a2202_W,n50_i1105018_H_a2202,50,1105018,H,2202,W,0.5,0.03035765513777733,0.8177438531822272
n50_i1105018_H_a2202_W,n50_i1105018_H_a2202,50,1105018,H,2202,W,0.75,0.23233946785330772,0.8319180407862461
n50_i1105018_H_a2202_W,n50_i1105018_H_a2202,50,1105018,H,2202,W,0.9,0.25249727722257376,0.8447701431471991
n50_i1105018_H_a2202_W,n50_i1105018_H_a2202,50,1105018,H,2202,W,1.0,0.023941793479025364,0.8478608531333546
n50_i1105018_H_a2202_GW,n50_i1105018_H_a2202,50,1105018,H,2202,GW,0.1,0.015024029649794102,0.6837904045150897
n50_i1105018_H_a2202_GW,n50_i1105018_H_a2202,50,1105018,H,2202,GW,0.25,0.0007945718243718147,0.768987253274889
n50_i1105018_H_a2202_GW,n50_i1105018_H_a2202,50,1105018,H,2202,GW,0.5,0.1402428736910224,0.820797773425348
n50_i1105018_H_a2202_GW,n50_i1105018_H_a2202,50,1105018,H,2202,GW,0.75,0.061601677909493446,0.8497941533519698
n50_i1105018_H_a2202_GW,n50_i1105018_H_a2202,50,1105018,H,2202,GW,0.9,0.35537072736769915,0.8568496632978017
n50_i1105018_H_a2202_GW,n50_i1105018_H_a2202,50,1105018,H,2202,GW,1.0,0.06872942391782999,0.864482634470621
n50_i1105018_H_a2202_LEGACY,n50_i1105018_H_a2202,50,1105018,H,2202,LEGACY,0.1,0.03410534933209419,0.6869317086251391
n50_i1105018_H_a2202_LEGACY,n50_i1105018_H_a2202,50,1105018,H,2202,LEGACY,0.25,0.0010019764304161072,0.887973434079046
n50_i1105018_H_a2202_LEGACY,n50_i1105018_H_a2202,50,1105018,H,2202,LEGACY,0.5,0.22644727025181055,0.9502394548794736
n50_i1105018_H_a2202_LEGACY,n50_i1105018_H_a2202,50,1105018,H,2202,LEGACY,0.75,0.0027385232970118523,0.9655693362021268
n50_i1105018_H_a2202_LEGACY,n50_i1105018_H_a2202,50,1105018,H,2202,LEGACY,0.9,0.020640742033720016,0.9692459099518056
n50_i1105018_H_a2202_LEGACY,n50_i1105018_H_a2202,50,1105018,H,2202,LEGACY,1.0,0.5246857665479183,0.9700650540497966
n50_i1105018_H_a2202_REFERENCE,n50_i1105018_H_a2202,50,1105018,H,2202,REFERENCE,0.1,0.012700430117547512,0.5790638026983183
n50_i1105018_H_a2202_REFERENCE,n50_i1105018_H_a2202,50,1105018,H,2202,REFERENCE,0.25,0.09878147393465042,0.7771901716781281
n50_i1105018_H_a2202_REFERENCE,n50_i1105018_H_a2202,50,1105018,H,2202,REFERENCE,0.5,0.03997187130153179,0.9312122977234275
n50_i1105018_H_a2202_REFERENCE,n50_i1105018_H_a2202,50,1105018,H,2202,REFERENCE,0.75,0.3779606092721224,0.9443471460670677
n50_i1105018_H_a2202_REFERENCE,n50_i1105018_H_a2202,50,1105018,H,2202,REFERENCE,0.9,0.0031568799167871475,0.9461974632345502
n50_i1105018_H_a2202_REFERENCE,n50_i1105018_H_a2202,50,1105018,H,2202,REFERENCE,1.0,0.8391274781897664,0.946350328009466
n50_i1105018_H_a1101_LEGACY,n50_i1105018_H_a1101,50,1105018,H,1101,LEGACY,0.1,0.10645071882754564,0.5967168265129127
n50_i1105018_H_a1101_LEGACY,n50_i1105018_H_a1101,50,1105018,H,1101,LEGACY,0.25,0.0011153025552630424,0.7501558459611318
n50_i1105018_H_a1101_LEGACY,n50_i1105018_H_a1101,50,1105018,H,1101,LEGACY,0.5,0.0045823147520422935,0.8976087770372841
n50_i1105018_H_a1101_LEGACY,n50_i1105018_H_a1101,50,1105018,H,1101,LEGACY,0.75,0.12855583615601063,0.9262390784975341
n50_i1105018_H_a1101_LEGACY,n50_i1105018_H_a1101,50,1105018,H,1101,LEGACY,0.9,0.09407003503292799,0.940295655122133
n50_i1105018_H_a1101_LEGACY,n50_i1105018_H_a1101,50,1105018,H,1101,LEGACY,1.0,0.01081824954599142,0.9588305485712924
n50_i1105018_H_a1101_REFERENCE,n50_i1105018_H_a1101,50,1105018,H,1101,REFERENCE,0.1,0.001971788704395294,0.5452502233855292
n50_i1105018_H_a1101_REFERENCE,n50_i1105018_H_a1101,50,1105018,H,1101,REFERENCE,0.25,0.020997703075408936,0.6998852020722978
n50_i1105018_H_a1101_REFERENCE,n50_i1105018_H_a1101,50,1105018,H,1101,REFERENCE,0.5,0.002380005083978176,0.7946903899538046
n50_i1105018_H_a1101_REFERENCE,n50_i1105018_H_a1101,50,1105018,H,1101,REFERENCE,0.75,0.0048592062667012215,0.8624540001961608
n50_i1105018_H_a1101_REFERENCE,n50_i1105018_H_a1101,50,1105018,H,1101,REFERENCE,0.9,0.03930510859936476,0.8680653006151501
n50_i1105018_H_a1101_REFERENCE,n50_i1105018_H_a1101,50,1105018,H,1101,REFERENCE,1.0,0.2871684366837144,0.8838275688211004
n50_i1105018_H_a1101_W,n50_i1105018_H_a1101,50,1105018,H,1101,W,0.1,0.04556911438703537,0.5324370881392875
n50_i1105018_H_a1101_W,n50_i1105018_H_a1101,50,1105018,H,1101,W,0.25,0.14187965635210276,0.7542494985762539
n50_i1105018_H_a1101_W,n50_i1105018_H_a1101,50,1105018,H,1101,W,0.5,0.028166783042252064,0.8189420651837226
n50_i1105018_H_a1101_W,n50_i1105018_H_a1101,50,1105018,H,1101,W,0.75,0.2517027799040079,0.8363142242073179
n50_i1105018_H_a1101_W,n50_i1105018_H_a1101,50,1105018,H,1101,W,0.9,0.06991830095648766,0.8577276784041062
n50_i1105018_H_a1101_W,n50_i1105018_H_a1101,50,1105018,H,1101,W,1.0,0.05408235639333725,0.8961110361187363
n50_i1105018_H_a1101_GW,n50_i1105018_H_a1101,50,1105018,H,1101,GW,0.1,0.03774327505379915,0.534621356321974
n50_i1105018_H_a1101_GW,n50_i1105018_H_a1101,50,1105018,H,1101,GW,0.25,0.06519019789993763,0.7053804066669722
n50_i1105018_H_a1101_GW,n50_i1105018_H_a1101,50,1105018,H,1101,GW,0.5,0.01582297310233116,0.9175771600927155
n50_i1105018_H_a1101_GW,n50_i1105018_H_a1101,50,1105018,H,1101,GW,0.75,0.006526799872517586,0.9682810776097831
n50_i1105018_H_a1101_GW,n50_i1105018_H_a1101,50,1105018,H,1101,GW,0.9,0.0011291354894638062,0.9899086340379949
n50_i1105018_H_a1101_GW,n50_i1105018_H_a1101,50,1105018,H,1101,GW,1.0,0.11494521610438824,0.994705511288514
n50_i1105018_T_a2202_GW,n50_i1105018_T_a2202,50,1105018,T,2202,GW,0.1,0.01289207860827446,0.2681406529747705
n50_i1105018_T_a2202_GW,n50_i1105018_T_a2202,50,1105018,T,2202,GW,0.25,0.09967820346355438,0.5245629919540638
n50_i1105018_T_a2202_GW,n50_i1105018_T_a2202,50,1105018,T,2202,GW,0.5,0.20087541826069355,0.740269040958603
n50_i1105018_T_a2202_GW,n50_i1105018_T_a2202,50,1105018,T,2202,GW,0.75,0.035599918104708195,0.814299761889795
n50_i1105018_T_a2202_GW,n50_i1105018_T_a2202,50,1105018,T,2202,GW,0.9,0.05152569431811571,0.8182395932355977
n50_i1105018_T_a2202_GW,n50_i1105018_T_a2202,50,1105018,T,2202,GW,1.0,0.2566916970536113,0.8189455741589491
n50_i1105018_T_a2202_LEGACY,n50_i1105018_T_a2202,50,1105018,T,2202,LEGACY,0.1,0.04479523655027151,0.6038655874608733
n50_i1105018_T_a2202_LEGACY,n50_i1105018_T_a2202,50,1105018,T,2202,LEGACY,0.25,0.06315531861037016,0.7453050984951842
n50_i1105018_T_a2202_LEGACY,n50_i1105018_T_a2202,50,1105018,T,2202,LEGACY,0.5,0.02411091234534979,0.7875516529272638
n50_i1105018_T_a2202_LEGACY,n50_i1105018_T_a2202,50,1105018,T,2202,LEGACY,0.75,0.002502584829926491,0.8599741339473079
n50_i1105018_T_a2202_LEGACY,n50_i1105018_T_a2202,50,1105018,T,2202,LEGACY,0.9,0.14403889141976833,0.9183347869316753
n50_i1105018_T_a2202_LEGACY,n50_i1105018_T_a2202,50,1105018,T,2202,LEGACY,1.0,0.002810499630868435,0.9306407525472568
n50_i1105018_T_a2202_REFERENCE,n50_i1105018_T_a2202,50,1105018,T,2202,REFERENCE,0.1,0.15643288102000952,0.5927072511323678
n50_i1105018_T_a2202_REFERENCE,n50_i1105018_T_a2202,50,1105018,T,2202,REFERENCE,0.25,0.009347088634967804,0.8512596579313213
n50_i1105018_T_a2202_REFERENCE,n50_i1105018_T_a2202,50,1105018,T,2202,REFERENCE,0.5,0.06518267560750246,0.8953977261003253
n50_i1105018_T_a2202_REFERENCE,n50_i1105018_T_a2202,50,1105018,T,2202,REFERENCE,0.75,0.1354125365614891,0.9057946988088261
n50_i1105018_T_a2202_REFERENCE,n50_i1105018_T_a2202,50,1105018,T,2202,REFERENCE,0.9,0.5479287710040808,0.9101192458499879
n50_i1105018_T_a2202_REFERENCE,n50_i1105018_T_a2202,50,1105018,T,2202,REFERENCE,1.0,1.1935532027855515,0.9242304114527082
n50_i1105018_T_a2202_W,n50_i1105018_T_a2202,50,1105018,T,2202,W,0.1,0.04130458179861307,0.2669757268671526
n50_i1105018_T_a2202_W,n50_i1105018_T_a2202,50,1105018,T,2202,W,0.25,0.12324045319110155,0.5279491702852673
n50_i1105018_T_a2202_W,n50_i1105018_T_a2202,50,1105018,T,2202,W,0.5,0.13483933825045824,0.7407681945324869
n50_i1105018_T_a2202_W,n50_i1105018_T_a2202,50,1105018,T,2202,W,0.75,0.001826789230108261,0.8509968729440684
n50_i1105018_T_a2202_W,n50_i1105018_T_a2202,50,1105018,T,2202,W,0.9,0.0018404964357614517,0.9264388596143117
n50_i1105018_T_a2202_W,n50_i1105018_T_a2202,50,1105018,T,2202,W,1.0,0.16069520078599453,0.9458082994506966
n50_i1105018_T_a1101_REFERENCE,n50_i1105018_T_a1101,50,1105018,T,1101,REFERENCE,0.1,0.22777668666094542,0.2965920200930079
n50_i1105018_T_a1101_REFERENCE,n50_i1105018_T_a1101,50,1105018,T,1101,REFERENCE,0.25,0.02008173894137144,0.43850354070163394
n50_i1105018_T_a1101_REFERENCE,n50_i1105018_T_a1101,50,1105018,T,1101,REFERENCE,0.5,0.0014784950762987137,0.5195749058620122
n50_i1105018_T_a1101_REFERENCE,n50_i1105018_T_a1101,50,1105018,T,1101,REFERENCE,0.75,0.038632817566394806,0.5336927488196461
n50_i1105018_T_a1101_REFERENCE,n50_i1105018_T_a1101,50,1105018,T,1101,REFERENCE,0.9,0.26283723302185535,0.5383266051924537
n50_i1105018_T_a1101_REFERENCE,n50_i1105018_T_a1101,50,1105018,T,1101,REFERENCE,1.0,0.03223146591335535,0.546750447116453
n50_i1105018_T_a1101_W,n50_i1105018_T_a1101,50,1105018,T,1101,W,0.1,0.021540284156799316,0.3949181598140804
n50_i1105018_T_a1101_W,n50_i1105018_T_a1101,50,1105018,T,1101,W,0.25,0.21764920093119144,0.5845989472189047
n50_i1105018_T_a1101_W,n50_i1105018_T_a1101,50,1105018,T,1101,W,0.5,0.0016507785767316818,0.7360052394322407
n50_i1105018_T_a1101_W,n50_i1105018_T_a1101,50,1105018,T,1101,W,0.75,0.038006813265383244,0.7643698813143959
n50_i1105018_T_a1101_W,n50_i1105018_T_a1101,50,1105018,T,1101,W,0.9,0.14062845893204212,0.7839330436213866
n50_i1105018_T_a1101_W,n50_i1105018_T_a1101,50,1105018,T,1101,W,1.0,0.4305754192173481,0.7872703414592486
n50_i1105018_T_a1101_GW,n50_i1105018_T_a1101,50,1105018,T,1101,GW,0.1,0.012043793685734272,0.39417850659505793
n50_i1105018_T_a1101_GW,n50_i1105018_T_a1101,50,1105018,T,1101,GW,0.25,0.037955889478325844,0.6177622127453746
n50_i1105018_T_a1101_GW,n50_i1105018_T_a1101,50,1105018,T,1101,GW,0.5,0.11373046599328518,0.6890327720644236
n50_i1105018_T_a1101_GW,n50_i1105018_T_a1101,50,1105018,T,1101,GW,0.75,0.017291823402047157,0.7537002551454983
n50_i1105018_T_a1101_GW,n50_i1105018_T_a1101,50,1105018,T,1101,GW,0.9,0.019214153289794922,0.7937263803265886
n50_i1105018_T_a1101_GW,n50_i1105018_T_a1101,50,1105018,T,1101,GW,1.0,0.2422117693349719,0.8084946796501198
n50_i1105018_T_a1101_LEGACY,n50_i1105018_T_a1101,50,1105018,T,1101,LEGACY,0.1,0.09210896957665682,0.43517652642221955
n50_i1105018_T_a1101_LEGACY,n50_i1105018_T_a1101,50,1105018,T,1101,LEGACY,0.25,0.02191808633506298,0.6433153127127917
n50_i1105018_T_a1101_LEGACY,n50_i1105018_T_a1101,50,1105018,T,1101,LEGACY,0.5,0.05679202452301979,0.7261314673529417
n50_i1105018_T_a1101_LEGACY,n50_i1105018_T_a1101,50,1105018,T,1101,LEGACY,0.75,0.15834567323327065,0.746609118968247
n50_i1105018_T_a1101_LEGACY,n50_i1105018_T_a1101,50,1105018,T,1101,LEGACY,0.9,0.09609078336507082,0.8271715211652719
n50_i1105018_T_a1101_LEGACY,n50_i1105018_T_a1101,50,1105018,T,1101,LEGACY,1.0,0.08915034215897322,0.857264149970081
n50_i1105019_H_a1101_LEGACY,n50_i1105019_H_a1101,50,1105019,H,1101,LEGACY,0.1,0.021091743372380733,0.16198330739759345
n50_i1105019_H_a1101_LEGACY,n50_i1105019_H_a1101,50,1105019,H,1101,LEGACY,0.25,0.06191711127758026,0.6972288366921403
n50_i1105019_H_a1101_LEGACY,n50_i1105019_H_a1101,50,1105019,H,1101,LEGACY,0.5,0.20759150572121143,0.7902715870105599
n50_i1105019_H_a1101_LEGACY,n50_i1105019_H_a1101,50,1105019,H,1101,LEGACY,0.75,0.08418122865259647,0.8167627551631815
n50_i1105019_H_a1101_LEGACY,n50_i1105019_H_a1101,50,1105019,H,1101,LEGACY,0.9,0.1239057332277298,0.822893487133134
n50_i1105019_H_a1101_LEGACY,n50_i1105019_H_a1101,50,1105019,H,1101,LEGACY,1.0,0.11207971628755331,0.9044497942260028
n50_i1105019_H_a1101_REFERENCE,n50_i1105019_H_a1101,50,1105019,H,1101,REFERENCE,0.1,0.01168643869459629,0.34535377249476223
n50_i1105019_H_a1101_REFERENCE,n50_i1105019_H_a1101,50,1105019,H,1101,REFERENCE,0.25,0.0017875293269753456,0.5761385982887556
n50_i1105019_H_a1101_REFERENCE,n50_i1105019_H_a1101,50,1105019,H,1101,REFERENCE,0.5,0.19995964784175158,0.7231952447717662
n50_i1105019_H_a1101_REFERENCE,n50_i1105019_H_a1101,50,1105019,H,1101,REFERENCE,0.75,0.014953137375414371,0.7859250842269618
n50_i1105019_H_a1101_REFERENCE,n50_i1105019_H_a1101,50,1105019,H,1101,REFERENCE,0.9,0.02214331366121769,0.951416951703029
n50_i1105019_H_a1101_REFERENCE,n50_i1105019_H_a1101,50,1105019,H,1101,REFERENCE,1.0,0.13477784395217896,0.9571938298615406
n50_i1105019_H_a1101_W,n50_i1105019_H_a1101,50,1105019,H,1101,W,0.1,0.023449684493243694,0.3047984801484592
n50_i1105019_H_a1101_W,n50_i1105019_H_a1101,50,1105019,H,1101,W,0.25,0.05854417569935322,0.552466553165702
n50_i1105019_H_a1101_W,n50_i1105019_H_a1101,50,1105019,H,1101,W,0.5,0.047350671142339706,0.7899116002095412
n50_i1105019_H_a1101_W,n50_i1105019_H_a1101,50,1105019,H,1101,W,0.75,0.14216312672942877,0.8496633874645635
n50_i1105019_H_a1101_W,n50_i1105019_H_a1101,50,1105019,H,1101,W,0.9,0.058899110183119774,0.8609428669008595
n50_i1105019_H_a1101_W,n50_i1105019_H_a1101,50,1105019,H,1101,W,1.0,0.14622630085796118,0.8708768976745151
n50_i1105019_H_a1101_GW,n50_i1105019_H_a1101,50,1105019,H,1101,GW,0.1,0.09631196036934853,0.3047984801484592
n50_i1105019_H_a1101_GW,n50_i1105019_H_a1101,50,1105019,H,1101,GW,0.25,0.017744021490216255,0.552466553165702
n50_i1105019_H_a1101_GW,n50_i1105019_H_a1101,50,1105019,H,1101,GW,0.5,0.003187064081430435,0.7908334103701883
n50_i1105019_H_a1101_GW,n50_i1105019_H_a1101,50,1105019,H,1101,GW,0.75,0.010740293189883232,0.8545037414232309
n50_i1105019_H_a1101_GW,n50_i1105019_H_a1101,50,1105019,H,1101,GW,0.9,0.008052370510995388,0.8951354179506151
n50_i1105019_H_a1101_GW,n50_i1105019_H_a1101,50,1105019,H,1101,GW,1.0,0.015555770136415958,0.8974938755700735
n50_i1105019_H_a2202_W,n50_i1105019_H_a2202,50,1105019,H,2202,W,0.1,0.05761965736746788,0.0
n50_i1105019_H_a2202_W,n50_i1105019_H_a2202,50,1105019,H,2202,W,0.25,0.03318659495562315,0.6181273196652837
n50_i1105019_H_a2202_W,n50_i1105019_H_a2202,50,1105019,H,2202,W,0.5,0.006102709099650383,0.7060855905131689
n50_i1105019_H_a2202_W,n50_i1105019_H_a2202,50,1105019,H,2202,W,0.75,0.017516765743494034,0.7473238680718198
n50_i1105019_H_a2202_W,n50_i1105019_H_a2202,50,1105019,H,2202,W,0.9,0.00747936125844717,0.8939221773696543
n50_i1105019_H_a2202_W,n50_i1105019_H_a2202,50,1105019,H,2202,W,1.0,0.29771511908620596,0.9061637187230377
n50_i1105019_H_a2202_GW,n50_i1105019_H_a2202,50,1105019,H,2202,GW,0.1,0.002295197919011116,0.03230533000876526
n50_i1105019_H_a2202_GW,n50_i1105019_H_a2202,50,1105019,H,2202,GW,0.25,0.07663954328745604,0.6895765177116292
n50_i1105019_H_a2202_GW,n50_i1105019_H_a2202,50,1105019,H,2202,GW,0.5,0.00038553494960069656,0.7838008828423523
n50_i1105019_H_a2202_GW,n50_i1105019_H_a2202,50,1105019,H,2202,GW,0.75,0.25240103900432587,0.870420993569991
n50_i1105019_H_a2202_GW,n50_i1105019_H_a2202,50,1105019,H,2202,GW,0.9,0.0008591851219534874,0.881051223516442
n50_i1105019_H_a2202_GW,n50_i1105019_H_a2202,50,1105019,H,2202,GW,1.0,0.38844832871109247,0.8836253672090066
n50_i1105019_H_a2202_LEGACY,n50_i1105019_H_a2202,50,1105019,H,2202,LEGACY,0.1,0.020648634992539883,0.04901424283043701
n50_i1105019_H_a2202_LEGACY,n50_i1105019_H_a2202,50,1105019,H,2202,LEGACY,0.25,0.0014703432098031044,0.3777267515612806
n50_i1105019_H_a2202_LEGACY,n50_i1105019_H_a2202,50,1105019,H,2202,LEGACY,0.5,0.022764273919165134,0.8669460151403107
n50_i1105019_H_a2202_LEGACY,n50_i1105019_H_a2202,50,1105019,H,2202,LEGACY,0.75,0.2103337263688445,0.9751564875303013
n50_i1105019_H_a2202_LEGACY,n50_i1105019_H_a2202,50,1105019,H,2202,LEGACY,0.9,0.011391006410121918,0.9968067967048773
n50_i1105019_H_a2202_LEGACY,n50_i1105019_H_a2202,50,1105019,H,2202,LEGACY,1.0,0.24074438121169806,0.9998601524302564
n50_i1105019_H_a2202_REFERENCE,n50_i1105019_H_a2202,50,1105019,H,2202,REFERENCE,0.1,0.026464096270501614,0.13360266701590026
n50_i1105019_H_a2202_REFERENCE,n50_i1105019_H_a2202,50,1105019,H,2202,REFERENCE,0.25,0.2563753519207239,0.5575766559499843
n50_i1105019_H_a2202_REFERENCE,n50_i1105019_H_a2202,50,1105019,H,2202,REFERENCE,0.5,0.000269879586994648,0.6726619913855681
n50_i1105019_H_a2202_REFERENCE,n50_i1105019_H_a2202,50,1105019,H,2202,REFERENCE,0.75,0.3337293975055218,0.7931596794239707
n50_i1105019_H_a2202_REFERENCE,n50_i1105019_H_a2202,50,1105019,H,2202,REFERENCE,0.9,0.1564072323963046,0.9230789448005269
n50_i1105019_H_a2202_REFERENCE,n50_i1105019_H_a2202,50,1105019,H,2202,REFERENCE,1.0,0.11451988574117422,0.9663751549296746
n50_i1105019_T_a1101_REFERENCE,n50_i1105019_T_a1101,50,1105019,T,1101,REFERENCE,0.1,0.011252066120505333,0.0
n50_i1105019_T_a1101_REFERENCE,n50_i1105019_T_a1101,50,1105019,T,1101,REFERENCE,0.25,0.055703907273709774,0.018673506356629836
n50_i1105019_T_a1101_REFERENCE,n50_i1105019_T_a1101,50,1105019,T,1101,REFERENCE,0.5,0.00294417142868042,0.2761539466778291
n50_i1105019_T_a1101_REFERENCE,n50_i1105019_T_a1101,50,1105019,T,1101,REFERENCE,0.75,0.020152433775365353,0.37794447006126003
n50_i1105019_T_a1101_REFERENCE,n50_i1105019_T_a1101,50,1105019,T,1101,REFERENCE,0.9,0.03650928474962711,0.4226470960092299
n50_i1105019_T_a1101_REFERENCE,n50_i1105019_T_a1101,50,1105019,T,1101,REFERENCE,1.0,0.22738495096564293,0.42875134134136184
n50_i1105019_T_a1101_W,n50_i1105019_T_a1101,50,1105019,T,1101,W,0.1,0.08732025977224112,0.0
n50_i1105019_T_a1101_W,n50_i1105019_T_a1101,50,1105019,T,1101,W,0.25,0.18530586827546358,0.18283037370567184
n50_i1105019_T_a1101_W,n50_i1105019_T_a1101,50,1105019,T,1101,W,0.5,0.25712292175740004,0.28266333553614337
n50_i1105019_T_a1101_W,n50_i1105019_T_a1101,50,1105019,T,1101,W,0.75,0.023574749007821083,0.36433686739153986
n50_i1105019_T_a1101_W,n50_i1105019_T_a1101,50,1105019,T,1101,W,0.9,0.003970207646489143,0.40332820524807095
n50_i1105019_T_a1101_W,n50_i1105019_T_a1101,50,1105019,T,1101,W,1.0,0.1348543493077159,0.4077543820692672
n50_i1105019_T_a1101_GW,n50_i1105019_T_a1101,50,1105019,T,1101,GW,0.1,0.077863410115242,0.0
n50_i1105019_T_a1101_GW,n50_i1105019_T_a1101,50,1105019,T,1101,GW,0.25,0.003747096285223961,0.3642250712371788
n50_i1105019_T_a1101_GW,n50_i1105019_T_a1101,50,1105019,T,1101,GW,0.5,0.009263867512345314,0.5322694964631087
n50_i1105019_T_a1101_GW,n50_i1105019_T_a1101,50,1105019,T,1101,GW,0.75,0.5093174204230309,0.6506583462774987
n50_i1105019_T_a1101_GW,n50_i1105019_T_a1101,50,1105019,T,1101,GW,0.9,0.022098442539572716,0.6670483159127178
n50_i1105019_T_a1101_GW,n50_i1105019_T_a1101,50,1105019,T,1101,GW,1.0,0.19085150584578514,0.677443791156603
n50_i1105019_T_a1101_LEGACY,n50_i1105019_T_a1101,50,1105019,T,1101,LEGACY,0.1,0.04991562571376562,0.25301449870487486
n50_i1105019_T_a1101_LEGACY,n50_i1105019_T_a1101,50,1105019,T,1101,LEGACY,0.25,0.18551977444440126,0.2949013489909921
n50_i1105019_T_a1101_LEGACY,n50_i1105019_T_a1101,50,1105019,T,1101,LEGACY,0.5,0.02230718359351158,0.570176262879533
n50_i1105019_T_a1101_LEGACY,n50_i1105019_T_a1101,50,1105019,T,1101,LEGACY,0.75,0.10686725471168756,0.656231981757049
n50_i1105019_T_a1101_LEGACY,n50_i1105019_T_a1101,50,1105019,T,1101,LEGACY,0.9,0.25356577429920435,0.6707383362621498
n50_i1105019_T_a1101_LEGACY,n50_i1105019_T_a1101,50,1105019,T,1101,LEGACY,1.0,0.24202689994126558,0.8060611931439476
n50_i1105019_T_a2202_GW,n50_i1105019_T_a2202,50,1105019,T,2202,GW,0.1,0.026808849535882473,0.0
n50_i1105019_T_a2202_GW,n50_i1105019_T_a2202,50,1105019,T,2202,GW,0.25,0.033071662299335,0.3255446270911646
n50_i1105019_T_a2202_GW,n50_i1105019_T_a2202,50,1105019,T,2202,GW,0.5,0.06743216142058372,0.8716137744336612
n50_i1105019_T_a2202_GW,n50_i1105019_T_a2202,50,1105019,T,2202,GW,0.75,0.0011486439034342766,0.9270918763054832
n50_i1105019_T_a2202_GW,n50_i1105019_T_a2202,50,1105019,T,2202,GW,0.9,0.09703642409294844,0.9275574412837774
n50_i1105019_T_a2202_GW,n50_i1105019_T_a2202,50,1105019,T,2202,GW,1.0,0.26105879433453083,0.9275574412837774
n50_i1105019_T_a2202_LEGACY,n50_i1105019_T_a2202,50,1105019,T,2202,LEGACY,0.1,0.05565866455435753,0.10372974972960693
n50_i1105019_T_a2202_LEGACY,n50_i1105019_T_a2202,50,1105019,T,2202,LEGACY,0.25,0.10594854317605495,0.47765901004226397
n50_i1105019_T_a2202_LEGACY,n50_i1105019_T_a2202,50,1105019,T,2202,LEGACY,0.5,0.10428556147962809,0.6071332254770927
n50_i1105019_T_a2202_LEGACY,n50_i1105019_T_a2202,50,1105019,T,2202,LEGACY,0.75,0.18908623326569796,0.6684606102492294
n50_i1105019_T_a2202_LEGACY,n50_i1105019_T_a2202,50,1105019,T,2202,LEGACY,0.9,0.17978954687714577,0.7728821122965673
n50_i1105019_T_a2202_LEGACY,n50_i1105019_T_a2202,50,1105019,T,2202,LEGACY,1.0,0.06628528796136379,0.7865686283363541
n50_i1105019_T_a2202_REFERENCE,n50_i1105019_T_a2202,50,1105019,T,2202,REFERENCE,0.1,0.016021613031625748,0.0
n50_i1105019_T_a2202_REFERENCE,n50_i1105019_T_a2202,50,1105019,T,2202,REFERENCE,0.25,0.006052304059267044,0.05548798529996075
n50_i1105019_T_a2202_REFERENCE,n50_i1105019_T_a2202,50,1105019,T,2202,REFERENCE,0.5,0.251299848780036,0.22746597773957739
n50_i1105019_T_a2202_REFERENCE,n50_i1105019_T_a2202,50,1105019,T,2202,REFERENCE,0.75,0.004258543252944946,0.2997967217085879
n50_i1105019_T_a2202_REFERENCE,n50_i1105019_T_a2202,50,1105019,T,2202,REFERENCE,0.9,0.1573962727561593,0.3037790978111439
n50_i1105019_T_a2202_REFERENCE,n50_i1105019_T_a2202,50,1105019,T,2202,REFERENCE,1.0,0.545106035657227,0.3078178368121448
n50_i1105019_T_a2202_W,n50_i1105019_T_a2202,50,1105019,T,2202,W,0.1,0.005863604135811329,0.0
n50_i1105019_T_a2202_W,n50_i1105019_T_a2202,50,1105019,T,2202,W,0.25,0.0025878511369228363,0.29673776749799713
n50_i1105019_T_a2202_W,n50_i1105019_T_a2202,50,1105019,T,2202,W,0.5,2.2938475012779236e-06,0.8355783651465858
n50_i1105019_T_a2202_W,n50_i1105019_T_a2202,50,1105019,T,2202,W,0.75,0.0010390235111117363,0.9027501694605519
n50_i1105019_T_a2202_W,n50_i1105019_T_a2202,50,1105019,T,2202,W,0.9,0.01370870042592287,0.972133003690946
n50_i1105019_T_a2202_W,n50_i1105019_T_a2202,50,1105019,T,2202,W,1.0,0.08087073732167482,1.0058423198777755
n50_i1105020_H_a1101_LEGACY,n50_i1105020_H_a1101,50,1105020,H,1101,LEGACY,0.1,0.001929204910993576,0.6378685155643206
n50_i1105020_H_a1101_LEGACY,n50_i1105020_H_a1101,50,1105020,H,1101,LEGACY,0.25,0.0021735792979598045,0.7974794441897325
n50_i1105020_H_a1101_LEGACY,n50_i1105020_H_a1101,50,1105020,H,1101,LEGACY,0.5,0.02456000167876482,0.8514844644655333
n50_i1105020_H_a1101_LEGACY,n50_i1105020_H_a1101,50,1105020,H,1101,LEGACY,0.75,0.18256225902587175,0.8759828555906575
n50_i1105020_H_a1101_LEGACY,n50_i1105020_H_a1101,50,1105020,H,1101,LEGACY,0.9,0.26125671342015266,0.8767380716111575
n50_i1105020_H_a1101_LEGACY,n50_i1105020_H_a1101,50,1105020,H,1101,LEGACY,1.0,0.30063444655388594,0.8871807634252604
n50_i1105020_H_a1101_REFERENCE,n50_i1105020_H_a1101,50,1105020,H,1101,REFERENCE,0.1,0.038140433840453625,0.5880363980463217
n50_i1105020_H_a1101_REFERENCE,n50_i1105020_H_a1101,50,1105020,H,1101,REFERENCE,0.25,0.19312764704227448,0.8192238042301792
n50_i1105020_H_a1101_REFERENCE,n50_i1105020_H_a1101,50,1105020,H,1101,REFERENCE,0.5,0.04403113014996052,0.9099770013063605
n50_i1105020_H_a1101_REFERENCE,n50_i1105020_H_a1101,50,1105020,H,1101,REFERENCE,0.75,0.15678616892546415,0.9313799804988039
n50_i1105020_H_a1101_REFERENCE,n50_i1105020_H_a1101,50,1105020,H,1101,REFERENCE,0.9,0.05790904350578785,0.9385526302016279
n50_i1105020_H_a1101_REFERENCE,n50_i1105020_H_a1101,50,1105020,H,1101,REFERENCE,1.0,0.36401802208274603,0.9667573817733426
n50_i1105020_H_a1101_W,n50_i1105020_H_a1101,50,1105020,H,1101,W,0.1,0.02125666756182909,0.5859468233880373
n50_i1105020_H_a1101_W,n50_i1105020_H_a1101,50,1105020,H,1101,W,0.25,0.04277110751718283,0.8483697005001437
n50_i1105020_H_a1101_W,n50_i1105020_H_a1101,50,1105020,H,1101,W,0.5,0.0056458450853824615,0.9479506105769131
n50_i1105020_H_a1101_W,n50_i1105020_H_a1101,50,1105020,H,1101,W,0.75,0.002093539573252201,1.0204395462910048
n50_i1105020_H_a1101_W,n50_i1105020_H_a1101,50,1105020,H,1101,W,0.9,0.06567471195012331,1.07946650148745
n50_i1105020_H_a1101_W,n50_i1105020_H_a1101,50,1105020,H,1101,W,1.0,0.17037862911820412,1.0809298239553828
n50_i1105020_H_a1101_GW,n50_i1105020_H_a1101,50,1105020,H,1101,GW,0.1,0.01933682058006525,0.5840217344655124
n50_i1105020_H_a1101_GW,n50_i1105020_H_a1101,50,1105020,H,1101,GW,0.25,0.13913579005748034,0.8483020272660854
n50_i1105020_H_a1101_GW,n50_i1105020_H_a1101,50,1105020,H,1101,GW,0.5,0.057766806334257126,0.9479611828841675
n50_i1105020_H_a1101_GW,n50_i1105020_H_a1101,50,1105020,H,1101,GW,0.75,0.09945524483919144,1.0475767185756488
n50_i1105020_H_a1101_GW,n50_i1105020_H_a1101,50,1105020,H,1101,GW,0.9,0.002576013095676899,1.0902486337124713
n50_i1105020_H_a1101_GW,n50_i1105020_H_a1101,50,1105020,H,1101,GW,1.0,0.1548321172595024,1.0957717941310083
n50_i1105020_H_a2202_W,n50_i1105020_H_a2202,50,1105020,H,2202,W,0.1,0.022134547121822834,0.7124784628493314
n50_i1105020_H_a2202_W,n50_i1105020_H_a2202,50,1105020,H,2202,W,0.25,0.002930964343249798,0.8087136118979288
n50_i1105020_H_a2202_W,n50_i1105020_H_a2202,50,1105020,H,2202,W,0.5,0.28367340192198753,0.8475574986967801
n50_i1105020_H_a2202_W,n50_i1105020_H_a2202,50,1105020,H,2202,W,0.75,0.2800979055464268,0.866787190969366
n50_i1105020_H_a2202_W,n50_i1105020_H_a2202,50,1105020,H,2202,W,0.9,0.03154988121241331,0.8677907096635078
n50_i1105020_H_a2202_W,n50_i1105020_H_a2202,50,1105020,H,2202,W,1.0,0.8714286498725414,0.8685806756018366
n50_i1105020_H_a2202_GW,n50_i1105020_H_a2202,50,1105020,H,2202,GW,0.1,0.07996180281043053,0.7124784628493314
n50_i1105020_H_a2202_GW,n50_i1105020_H_a2202,50,1105020,H,2202,GW,0.25,0.028562123887240887,0.8106115765717676
n50_i1105020_H_a2202_GW,n50_i1105020_H_a2202,50,1105020,H,2202,GW,0.5,0.0015013311058282852,0.8679050227356947
n50_i1105020_H_a2202_GW,n50_i1105020_H_a2202,50,1105020,H,2202,GW,0.75,0.00239395909011364,0.920411100503912
n50_i1105020_H_a2202_GW,n50_i1105020_H_a2202,50,1105020,H,2202,GW,0.9,6.917119026184082e-05,0.9239046134513248
n50_i1105020_H_a2202_GW,n50_i1105020_H_a2202,50,1105020,H,2202,GW,1.0,0.02828076295554638,0.9259132994914828
n50_i1105020_H_a2202_LEGACY,n50_i1105020_H_a2202,50,1105020,H,2202,LEGACY,0.1,0.0010481318458914757,0.6295853666706447
n50_i1105020_H_a2202_LEGACY,n50_i1105020_H_a2202,50,1105020,H,2202,LEGACY,0.25,0.1610964285209775,0.8315780058325644
n50_i1105020_H_a2202_LEGACY,n50_i1105020_H_a2202,50,1105020,H,2202,LEGACY,0.5,0.07232552487403154,0.8922772134852396
n50_i1105020_H_a2202_LEGACY,n50_i1105020_H_a2202,50,1105020,H,2202,LEGACY,0.75,0.021171415224671364,0.9346489575286349
n50_i1105020_H_a2202_LEGACY,n50_i1105020_H_a2202,50,1105020,H,2202,LEGACY,0.9,0.04939705412834883,0.952305862082682
n50_i1105020_H_a2202_LEGACY,n50_i1105020_H_a2202,50,1105020,H,2202,LEGACY,1.0,0.29427052941173315,0.9532389728741816
n50_i1105020_H_a2202_REFERENCE,n50_i1105020_H_a2202,50,1105020,H,2202,REFERENCE,0.1,0.006554261781275272,0.6025826576477558
n50_i1105020_H_a2202_REFERENCE,n50_i1105020_H_a2202,50,1105020,H,2202,REFERENCE,0.25,0.023688816465437412,0.7687135543259584
n50_i1105020_H_a2202_REFERENCE,n50_i1105020_H_a2202,50,1105020,H,2202,REFERENCE,0.5,0.016649065539240837,0.8409605935565451
n50_i1105020_H_a2202_REFERENCE,n50_i1105020_H_a2202,50,1105020,H,2202,REFERENCE,0.75,0.02337881177663803,0.883672217651357
n50_i1105020_H_a2202_REFERENCE,n50_i1105020_H_a2202,50,1105020,H,2202,REFERENCE,0.9,0.1974514378234744,0.8990770742134103
n50_i1105020_H_a2202_REFERENCE,n50_i1105020_H_a2202,50,1105020,H,2202,REFERENCE,1.0,0.025452223606407642,0.9021419442159018
n50_i1105020_T_a1101_REFERENCE,n50_i1105020_T_a1101,50,1105020,T,1101,REFERENCE,0.1,0.01866933051496744,0.6466413660181229
n50_i1105020_T_a1101_REFERENCE,n50_i1105020_T_a1101,50,1105020,T,1101,REFERENCE,0.25,0.1179588083177805,0.8721508569930203
n50_i1105020_T_a1101_REFERENCE,n50_i1105020_T_a1101,50,1105020,T,1101,REFERENCE,0.5,0.0555309085175395,0.9484317374263468
n50_i1105020_T_a1101_REFERENCE,n50_i1105020_T_a1101,50,1105020,T,1101,REFERENCE,0.75,9.034667164087296e-05,0.9690472422242253
n50_i1105020_T_a1101_REFERENCE,n50_i1105020_T_a1101,50,1105020,T,1101,REFERENCE,0.9,0.0026696203276515007,0.9970051009676612
n50_i1105020_T_a1101_REFERENCE,n50_i1105020_T_a1101,50,1105020,T,1101,REFERENCE,1.0,0.36275231279432774,0.999250096581636
n50_i1105020_T_a1101_W,n50_i1105020_T_a1101,50,1105020,T,1101,W,0.1,0.010217486880719662,0.6764206621834007
n50_i1105020_T_a1101_W,n50_i1105020_T_a1101,50,1105020,T,1101,W,0.25,0.05208341125398874,0.8035762821113819
n50_i1105020_T_a1101_W,n50_i1105020_T_a1101,50,1105020,T,1101,W,0.5,0.005361068993806839,0.8408606146951801
n50_i1105020_T_a1101_W,n50_i1105020_T_a1101,50,1105020,T,1101,W,0.75,0.0032142233103513718,0.8919924142111915
n50_i1105020_T_a1101_W,n50_i1105020_T_a1101,50,1105020,T,1101,W,0.9,0.20075009297579527,0.9038837383928051
n50_i1105020_T_a1101_W,n50_i1105020_T_a1101,50,1105020,T,1101,W,1.0,0.07699181232601404,0.9069677421088408
n50_i1105020_T_a1101_GW,n50_i1105020_T_a1101,50,1105020,T,1101,GW,0.1,0.018310372717678547,0.6443000030041437
n50_i1105020_T_a1101_GW,n50_i1105020_T_a1101,50,1105020,T,1101,GW,0.25,0.05136713571846485,0.8253040812800649
n50_i1105020_T_a1101_GW,n50_i1105020_T_a1101,50,1105020,T,1101,GW,0.5,0.006183133460581303,0.848992441662429
n50_i1105020_T_a1101_GW,n50_i1105020_T_a1101,50,1105020,T,1101,GW,0.75,0.007595383562147617,0.933537124397656
n50_i1105020_T_a1101_GW,n50_i1105020_T_a1101,50,1105020,T,1101,GW,0.9,0.07126107811927795,0.9408710347879566
n50_i1105020_T_a1101_GW,n50_i1105020_T_a1101,50,1105020,T,1101,GW,1.0,0.002373136579990387,0.9418045100059405
n50_i1105020_T_a1101_LEGACY,n50_i1105020_T_a1101,50,1105020,T,1101,LEGACY,0.1,0.003363765776157379,0.3790774729601073
n50_i1105020_T_a1101_LEGACY,n50_i1105020_T_a1101,50,1105020,T,1101,LEGACY,0.25,0.007112349383533001,0.6590891103240301
n50_i1105020_T_a1101_LEGACY,n50_i1105020_T_a1101,50,1105020,T,1101,LEGACY,0.5,0.018363097682595253,0.9503746653351606
n50_i1105020_T_a1101_LEGACY,n50_i1105020_T_a1101,50,1105020,T,1101,LEGACY,0.75,0.11629569996148348,0.9591706857674991
n50_i1105020_T_a1101_LEGACY,n50_i1105020_T_a1101,50,1105020,T,1101,LEGACY,0.9,0.11967678926885128,0.9602962954409666
n50_i1105020_T_a1101_LEGACY,n50_i1105020_T_a1101,50,1105020,T,1101,LEGACY,1.0,0.29928878229111433,0.9617504000824214
n50_i1105020_T_a2202_GW,n50_i1105020_T_a2202,50,1105020,T,2202,GW,0.1,0.001905909739434719,0.4945375941914534
n50_i1105020_T_a2202_GW,n50_i1105020_T_a2202,50,1105020,T,2202,GW,0.25,0.0034560486674308777,0.6434953125801492
n50_i1105020_T_a2202_GW,n50_i1105020_T_a2202,50,1105020,T,2202,GW,0.5,0.43615442980080843,0.7595630629606724
n50_i1105020_T_a2202_GW,n50_i1105020_T_a2202,50,1105020,T,2202,GW,0.75,0.0010788226500153542,0.860857287140405
n50_i1105020_T_a2202_GW,n50_i1105020_T_a2202,50,1105020,T,2202,GW,0.9,0.0077860914170742035,0.8641586373612361
n50_i1105020_T_a2202_GW,n50_i1105020_T_a2202,50,1105020,T,2202,GW,1.0,0.054631832987070084,0.8691304220158153
n50_i1105020_T_a2202_LEGACY,n50_i1105020_T_a2202,50,1105020,T,2202,LEGACY,0.1,0.035574667155742645,0.5131645836285127
n50_i1105020_T_a2202_LEGACY,n50_i1105020_T_a2202,50,1105020,T,2202,LEGACY,0.25,0.09130068775266409,0.6181916901521204
n50_i1105020_T_a2202_LEGACY,n50_i1105020_T_a2202,50,1105020,T,2202,LEGACY,0.5,0.02011463139206171,0.632911325748803
n50_i1105020_T_a2202_LEGACY,n50_i1105020_T_a2202,50,1105020,T,2202,LEGACY,0.75,0.00046673137694597244,0.6541444380028443
n50_i1105020_T_a2202_LEGACY,n50_i1105020_T_a2202,50,1105020,T,2202,LEGACY,0.9,0.0013479338958859444,0.6759517325906682
n50_i1105020_T_a2202_LEGACY,n50_i1105020_T_a2202,50,1105020,T,2202,LEGACY,1.0,0.259548201225698,0.6803612316581131
n50_i1105020_T_a2202_REFERENCE,n50_i1105020_T_a2202,50,1105020,T,2202,REFERENCE,0.1,0.2084424253553152,0.5528146361477655
n50_i1105020_T_a2202_REFERENCE,n50_i1105020_T_a2202,50,1105020,T,2202,REFERENCE,0.25,0.14333782624453306,0.7592439834766788
n50_i1105020_T_a2202_REFERENCE,n50_i1105020_T_a2202,50,1105020,T,2202,REFERENCE,0.5,0.07019398454576731,0.8374652391442157
n50_i1105020_T_a2202_REFERENCE,n50_i1105020_T_a2202,50,1105020,T,2202,REFERENCE,0.75,0.24195423256605864,0.874491872630228
n50_i1105020_T_a2202_REFERENCE,n50_i1105020_T_a2202,50,1105020,T,2202,REFERENCE,0.9,0.0007501952350139618,0.9120123633208572
n50_i1105020_T_a2202_REFERENCE,n50_i1105020_T_a2202,50,1105020,T,2202,REFERENCE,1.0,0.08572951797395945,0.9375943640527453
n50_i1105020_T_a2202_W,n50_i1105020_T_a2202,50,1105020,T,2202,W,0.1,0.04964985512197018,0.4945375941914534
n50_i1105020_T_a2202_W,n50_i1105020_T_a2202,50,1105020,T,2202,W,0.25,0.06872581131756306,0.6176137217746385
n50_i1105020_T_a2202_W,n50_i1105020_T_a2202,50,1105020,T,2202,W,0.5,0.020389086566865444,0.8208416568802036
n50_i1105020_T_a2202_W,n50_i1105020_T_a2202,50,1105020,T,2202,W,0.75,0.1960398405790329,0.8586297692984923
n50_i1105020_T_a2202_W,n50_i1105020_T_a2202,50,1105020,T,2202,W,0.9,0.04575933329761028,0.8916683274181245
n50_i1105020_T_a2202_W,n50_i1105020_T_a2202,50,1105020,T,2202,W,1.0,0.5924564311280847,0.8958767304356011
n50_i1105021_H_a2202_W,n50_i1105021_H_a2202,50,1105021,H,2202,W,0.1,0.08188418112695217,0.47315598447445684
n50_i1105021_H_a2202_W,n50_i1105021_H_a2202,50,1105021,H,2202,W,0.25,0.14586115814745426,0.6119920458803675
n50_i1105021_H_a2202_W,n50_i1105021_H_a2202,50,1105021,H,2202,W,0.5,0.00035395286977291107,0.7542434942504689
n50_i1105021_H_a2202_W,n50_i1105021_H_a2202,50,1105021,H,2202,W,0.75,0.010801289230585098,0.809839852416322
n50_i1105021_H_a2202_W,n50_i1105021_H_a2202,50,1105021,H,2202,W,0.9,0.0016709854826331139,0.8631017560498613
n50_i1105021_H_a2202_W,n50_i1105021_H_a2202,50,1105021,H,2202,W,1.0,0.13773463107645512,0.8722919528655686
n50_i1105021_H_a2202_GW,n50_i1105021_H_a2202,50,1105021,H,2202,GW,0.1,0.03500892873853445,0.4115766349976609
n50_i1105021_H_a2202_GW,n50_i1105021_H_a2202,50,1105021,H,2202,GW,0.25,1.794472336769104e-05,0.6689957152678516
n50_i1105021_H_a2202_GW,n50_i1105021_H_a2202,50,1105021,H,2202,GW,0.5,0.0028718700632452965,0.8083021023384632
n50_i1105021_H_a2202_GW,n50_i1105021_H_a2202,50,1105021,H,2202,GW,0.75,0.002390049397945404,0.9718007863991892
n50_i1105021_H_a2202_GW,n50_i1105021_H_a2202,50,1105021,H,2202,GW,0.9,0.200395155698061,1.0230881497324813
n50_i1105021_H_a2202_GW,n50_i1105021_H_a2202,50,1105021,H,2202,GW,1.0,0.03794258181005716,1.0460723450410754
n50_i1105021_H_a2202_LEGACY,n50_i1105021_H_a2202,50,1105021,H,2202,LEGACY,0.1,0.017631443217396736,0.5327035130158568
n50_i1105021_H_a2202_LEGACY,n50_i1105021_H_a2202,50,1105021,H,2202,LEGACY,0.25,0.015929637476801872,0.6918572613319657
n50_i1105021_H_a2202_LEGACY,n50_i1105021_H_a2202,50,1105021,H,2202,LEGACY,0.5,0.14424460846930742,0.8073075055954715
n50_i1105021_H_a2202_LEGACY,n50_i1105021_H_a2202,50,1105021,H,2202,LEGACY,0.75,0.2913177153095603,0.8337007719110723
n50_i1105021_H_a2202_LEGACY,n50_i1105021_H_a2202,50,1105021,H,2202,LEGACY,0.9,0.06552386935800314,0.8500368835392627
n50_i1105021_H_a2202_LEGACY,n50_i1105021_H_a2202,50,1105021,H,2202,LEGACY,1.0,0.3603154318407178,0.853993119886086
n50_i1105021_H_a2202_REFERENCE,n50_i1105021_H_a2202,50,1105021,H,2202,REFERENCE,0.1,0.14207243267446756,0.6253459758781523
n50_i1105021_H_a2202_REFERENCE,n50_i1105021_H_a2202,50,1105021,H,2202,REFERENCE,0.25,0.047794897109270096,0.7910174193645191
n50_i1105021_H_a2202_REFERENCE,n50_i1105021_H_a2202,50,1105021,H,2202,REFERENCE,0.5,6.193388253450394e-05,0.8335443986328115
n50_i1105021_H_a2202_REFERENCE,n50_i1105021_H_a2202,50,1105021,H,2202,REFERENCE,0.75,0.020463441498577595,0.8482187841956152
n50_i1105021_H_a2202_REFERENCE,n50_i1105021_H_a2202,50,1105021,H,2202,REFERENCE,0.9,0.03498831670731306,0.8542293437002021
n50_i1105021_H_a2202_REFERENCE,n50_i1105021_H_a2202,50,1105021,H,2202,REFERENCE,1.0,0.2364017264917493,0.856605076241877
n50_i1105021_H_a1101_LEGACY,n50_i1105021_H_a1101,50,1105021,H,1101,LEGACY,0.1,0.09237904287874699,0.5293635647026295
n50_i1105021_H_a1101_LEGACY,n50_i1105021_H_a1101,50,1105021,H,1101,LEGACY,0.25,0.02707958035171032,0.6971784649572201
n50_i1105021_H_a1101_LEGACY,n50_i1105021_H_a1101,50,1105021,H,1101,LEGACY,0.5,0.20696395449340343,0.8325490046059724
n50_i1105021_H_a1101_LEGACY,n50_i1105021_H_a1101,50,1105021,H,1101,LEGACY,0.75,0.025832182727754116,0.9595630921658641
n50_i1105021_H_a1101_LEGACY,n50_i1105021_H_a1101,50,1105021,H,1101,LEGACY,0.9,0.11563610937446356,1.0049751742647075
n50_i1105021_H_a1101_LEGACY,n50_i1105021_H_a1101,50,1105021,H,1101,LEGACY,1.0,0.16792608052492142,1.006355564776316
n50_i1105021_H_a1101_REFERENCE,n50_i1105021_H_a1101,50,1105021,H,1101,REFERENCE,0.1,0.01730557531118393,0.46054255041990844
n50_i1105021_H_a1101_REFERENCE,n50_i1105021_H_a1101,50,1105021,H,1101,REFERENCE,0.25,0.011042170226573944,0.7726047642117206
n50_i1105021_H_a1101_REFERENCE,n50_i1105021_H_a1101,50,1105021,H,1101,REFERENCE,0.5,0.0010880930349230766,0.8543326092906541
n50_i1105021_H_a1101_REFERENCE,n50_i1105021_H_a1101,50,1105021,H,1101,REFERENCE,0.75,0.010040298104286194,0.9406792410214321
n50_i1105021_H_a1101_REFERENCE,n50_i1105021_H_a1101,50,1105021,H,1101,REFERENCE,0.9,0.002300390973687172,0.954266096752326
n50_i1105021_H_a1101_REFERENCE,n50_i1105021_H_a1101,50,1105021,H,1101,REFERENCE,1.0,0.1756332339718938,0.9591613824327466
n50_i1105021_H_a1101_W,n50_i1105021_H_a1101,50,1105021,H,1101,W,0.1,0.020503378473222256,0.6202101221770642
n50_i1105021_H_a1101_W,n50_i1105021_H_a1101,50,1105021,H,1101,W,0.25,0.0012674415484070778,0.7606574286229157
n50_i1105021_H_a1101_W,n50_i1105021_H_a1101,50,1105021,H,1101,W,0.5,0.26487140636891127,0.9068021576283644
n50_i1105021_H_a1101_W,n50_i1105021_H_a1101,50,1105021,H,1101,W,0.75,0.08943908382207155,0.9230443399755
n50_i1105021_H_a1101_W,n50_i1105021_H_a1101,50,1105021,H,1101,W,0.9,0.18056555837392807,0.9603609628336478
n50_i1105021_H_a1101_W,n50_i1105021_H_a1101,50,1105021,H,1101,W,1.0,0.11158356443047523,1.0174016737315426
n50_i1105021_H_a1101_GW,n50_i1105021_H_a1101,50,1105021,H,1101,GW,0.1,0.1903679622337222,0.6203404855141694
n50_i1105021_H_a1101_GW,n50_i1105021_H_a1101,50,1105021,H,1101,GW,0.25,0.00989407766610384,0.7752477477845531
n50_i1105021_H_a1101_GW,n50_i1105021_H_a1101,50,1105021,H,1101,GW,0.5,0.017866387963294983,0.8868784490263998
n50_i1105021_H_a1101_GW,n50_i1105021_H_a1101,50,1105021,H,1101,GW,0.75,0.041559276171028614,0.9503071961899132
n50_i1105021_H_a1101_GW,n50_i1105021_H_a1101,50,1105021,H,1101,GW,0.9,0.1576707847416401,0.9588048801793796
n50_i1105021_H_a1101_GW,n50_i1105021_H_a1101,50,1105021,H,1101,GW,1.0,0.2382781794294715,0.9712936135929663
n50_i1105021_T_a1101_REFERENCE,n50_i1105021_T_a1101,50,1105021,T,1101,REFERENCE,0.1,0.019424849189817905,0.3976456443558737
n50_i1105021_T_a1101_REFERENCE,n50_i1105021_T_a1101,50,1105021,T,1101,REFERENCE,0.25,0.05120445881038904,0.5210509207634967
n50_i1105021_T_a1101_REFERENCE,n50_i1105021_T_a1101,50,1105021,T,1101,REFERENCE,0.5,0.10991534497588873,0.6542280927156499
n50_i1105021_T_a1101_REFERENCE,n50_i1105021_T_a1101,50,1105021,T,1101,REFERENCE,0.75,0.01614114362746477,0.6558647852358437
n50_i1105021_T_a1101_REFERENCE,n50_i1105021_T_a1101,50,1105021,T,1101,REFERENCE,0.9,0.20099030528217554,0.6601566776814584
n50_i1105021_T_a1101_REFERENCE,n50_i1105021_T_a1101,50,1105021,T,1101,REFERENCE,1.0,0.06675483658909798,0.6604266625826628
n50_i1105021_T_a1101_W,n50_i1105021_T_a1101,50,1105021,T,1101,W,0.1,0.015020589344203472,0.4512934045790155
n50_i1105021_T_a1101_W,n50_i1105021_T_a1101,50,1105021,T,1101,W,0.25,0.002912078984081745,0.6368917271073388
n50_i1105021_T_a1101_W,n50_i1105021_T_a1101,50,1105021,T,1101,W,0.5,0.03353586234152317,0.7784130173204947
n50_i1105021_T_a1101_W,n50_i1105021_T_a1101,50,1105021,T,1101,W,0.75,0.26782179437577724,0.7912364951822408
n50_i1105021_T_a1101_W,n50_i1105021_T_a1101,50,1105021,T,1101,W,0.9,0.03995741531252861,0.817117054129437
n50_i1105021_T_a1101_W,n50_i1105021_T_a1101,50,1105021,T,1101,W,1.0,0.09622786846011877,0.8180496082194195
n50_i1105021_T_a1101_GW,n50_i1105021_T_a1101,50,1105021,T,1101,GW,0.1,0.0029931804165244102,0.423213400875771
n50_i1105021_T_a1101_GW,n50_i1105021_T_a1101,50,1105021,T,1101,GW,0.25,0.0011438457295298576,0.5916643475362207
n50_i1105021_T_a1101_GW,n50_i1105021_T_a1101,50,1105021,T,1101,GW,0.5,0.006983370520174503,0.7174347757023178
n50_i1105021_T_a1101_GW,n50_i1105021_T_a1101,50,1105021,T,1101,GW,0.75,0.04545839875936508,0.836229866270571
n50_i1105021_T_a1101_GW,n50_i1105021_T_a1101,50,1105021,T,1101,GW,0.9,0.0016922354698181152,0.8692711030571436
n50_i1105021_T_a1101_GW,n50_i1105021_T_a1101,50,1105021,T,1101,GW,1.0,0.05812102649360895,0.894554059344939
n50_i1105021_T_a1101_LEGACY,n50_i1105021_T_a1101,50,1105021,T,1101,LEGACY,0.1,0.0026139765977859497,0.5211803538272779
n50_i1105021_T_a1101_LEGACY,n50_i1105021_T_a1101,50,1105021,T,1101,LEGACY,0.25,0.002250789664685726,0.5945328917559367
n50_i1105021_T_a1101_LEGACY,n50_i1105021_T_a1101,50,1105021,T,1101,LEGACY,0.5,0.040656968019902706,0.7049415189781619
n50_i1105021_T_a1101_LEGACY,n50_i1105021_T_a1101,50,1105021,T,1101,LEGACY,0.75,0.09118432831019163,0.7450015012852129
n50_i1105021_T_a1101_LEGACY,n50_i1105021_T_a1101,50,1105021,T,1101,LEGACY,0.9,0.16474186070263386,0.7522473541194858
n50_i1105021_T_a1101_LEGACY,n50_i1105021_T_a1101,50,1105021,T,1101,LEGACY,1.0,0.06868531834334135,0.7543976173267462
n50_i1105021_T_a2202_GW,n50_i1105021_T_a2202,50,1105021,T,2202,GW,0.1,0.010358943603932858,0.7462443643291167
n50_i1105021_T_a2202_GW,n50_i1105021_T_a2202,50,1105021,T,2202,GW,0.25,0.00041169673204421997,0.9347948237350233
n50_i1105021_T_a2202_GW,n50_i1105021_T_a2202,50,1105021,T,2202,GW,0.5,0.03834623750299215,1.0448339401218651
n50_i1105021_T_a2202_GW,n50_i1105021_T_a2202,50,1105021,T,2202,GW,0.75,0.003574144095182419,1.0523769973978718
n50_i1105021_T_a2202_GW,n50_i1105021_T_a2202,50,1105021,T,2202,GW,0.9,0.15909184888005257,1.053909898392106
n50_i1105021_T_a2202_GW,n50_i1105021_T_a2202,50,1105021,T,2202,GW,1.0,0.00978052243590355,1.0540946148009016
n50_i1105021_T_a2202_LEGACY,n50_i1105021_T_a2202,50,1105021,T,2202,LEGACY,0.1,0.05389917828142643,0.46582590302621385
n50_i1105021_T_a2202_LEGACY,n50_i1105021_T_a2202,50,1105021,T,2202,LEGACY,0.25,0.01954849623143673,0.6275232206952917
n50_i1105021_T_a2202_LEGACY,n50_i1105021_T_a2202,50,1105021,T,2202,LEGACY,0.5,0.05164987035095692,0.7137016575139825
n50_i1105021_T_a2202_LEGACY,n50_i1105021_T_a2202,50,1105021,T,2202,LEGACY,0.75,0.015394262038171291,0.8894361671558177
n50_i1105021_T_a2202_LEGACY,n50_i1105021_T_a2202,50,1105021,T,2202,LEGACY,0.9,0.00019586365669965744,0.8991575703288286
n50_i1105021_T_a2202_LEGACY,n50_i1105021_T_a2202,50,1105021,T,2202,LEGACY,1.0,0.132597541436553,0.9036689553041276
n50_i1105021_T_a2202_REFERENCE,n50_i1105021_T_a2202,50,1105021,T,2202,REFERENCE,0.1,0.003693503327667713,0.5958960867167501
n50_i1105021_T_a2202_REFERENCE,n50_i1105021_T_a2202,50,1105021,T,2202,REFERENCE,0.25,0.019492716528475285,0.6624115002088153
n50_i1105021_T_a2202_REFERENCE,n50_i1105021_T_a2202,50,1105021,T,2202,REFERENCE,0.5,0.02229300793260336,0.7988761545828175
n50_i1105021_T_a2202_REFERENCE,n50_i1105021_T_a2202,50,1105021,T,2202,REFERENCE,0.75,0.0018737167119979858,0.8595533704354581
n50_i1105021_T_a2202_REFERENCE,n50_i1105021_T_a2202,50,1105021,T,2202,REFERENCE,0.9,0.18943160865455866,0.8822026237952879
n50_i1105021_T_a2202_REFERENCE,n50_i1105021_T_a2202,50,1105021,T,2202,REFERENCE,1.0,0.23314382880926132,0.8846851523920282
n50_i1105021_T_a2202_W,n50_i1105021_T_a2202,50,1105021,T,2202,W,0.1,0.00271411519497633,0.7462443643291167
n50_i1105021_T_a2202_W,n50_i1105021_T_a2202,50,1105021,T,2202,W,0.25,0.003907494246959686,0.8811350818986194
n50_i1105021_T_a2202_W,n50_i1105021_T_a2202,50,1105021,T,2202,W,0.5,0.001703379675745964,0.97375529635541
n50_i1105021_T_a2202_W,n50_i1105021_T_a2202,50,1105021,T,2202,W,0.75,0.08410846721380949,1.0092968466992012
n50_i1105021_T_a2202_W,n50_i1105021_T_a2202,50,1105021,T,2202,W,0.9,0.015824577771127224,1.015529780926538
n50_i1105021_T_a2202_W,n50_i1105021_T_a2202,50,1105021,T,2202,W,1.0,0.41780049726366997,1.0390415345916273
n50_i1105022_H_a2202_W,n50_i1105022_H_a2202,50,1105022,H,2202,W,0.1,0.056842369958758354,0.7754293597179981
n50_i1105022_H_a2202_W,n50_i1105022_H_a2202,50,1105022,H,2202,W,0.25,0.1954764211550355,0.8512923399834956
n50_i1105022_H_a2202_W,n50_i1105022_H_a2202,50,1105022,H,2202,W,0.5,0.009612644091248512,1.0185474284380247
n50_i1105022_H_a2202_W,n50_i1105022_H_a2202,50,1105022,H,2202,W,0.75,0.0020370688289403915,1.0727365555146107
n50_i1105022_H_a2202_W,n50_i1105022_H_a2202,50,1105022,H,2202,W,0.9,0.03770475462079048,1.080525428288292
n50_i1105022_H_a2202_W,n50_i1105022_H_a2202,50,1105022,H,2202,W,1.0,0.20397876389324665,1.0839017397992785
n50_i1105022_H_a2202_GW,n50_i1105022_H_a2202,50,1105022,H,2202,GW,0.1,0.002642895095050335,0.7754293597179981
n50_i1105022_H_a2202_GW,n50_i1105022_H_a2202,50,1105022,H,2202,GW,0.25,0.08018668834120035,0.8511435780023014
n50_i1105022_H_a2202_GW,n50_i1105022_H_a2202,50,1105022,H,2202,GW,0.5,0.020543876104056835,0.9796361992988286
n50_i1105022_H_a2202_GW,n50_i1105022_H_a2202,50,1105022,H,2202,GW,0.75,0.0019985511898994446,1.0874197452772625
n50_i1105022_H_a2202_GW,n50_i1105022_H_a2202,50,1105022,H,2202,GW,0.9,0.004920988343656063,1.0979953206712538
n50_i1105022_H_a2202_GW,n50_i1105022_H_a2202,50,1105022,H,2202,GW,1.0,0.057957470417022705,1.1040834896891323
n50_i1105022_H_a2202_LEGACY,n50_i1105022_H_a2202,50,1105022,H,2202,LEGACY,0.1,3.4508295357227325e-05,0.7478395331446186
n50_i1105022_H_a2202_LEGACY,n50_i1105022_H_a2202,50,1105022,H,2202,LEGACY,0.25,0.01894751749932766,0.8321526277299374
n50_i1105022_H_a2202_LEGACY,n50_i1105022_H_a2202,50,1105022,H,2202,LEGACY,0.5,0.009532762691378593,0.8712065943541067
n50_i1105022_H_a2202_LEGACY,n50_i1105022_H_a2202,50,1105022,H,2202,LEGACY,0.75,0.004850992001593113,0.9720773737030802
n50_i1105022_H_a2202_LEGACY,n50_i1105022_H_a2202,50,1105022,H,2202,LEGACY,0.9,0.04808110371232033,0.9786152170644802
n50_i1105022_H_a2202_LEGACY,n50_i1105022_H_a2202,50,1105022,H,2202,LEGACY,1.0,0.004207253456115723,0.9808706658967291
n50_i1105022_H_a2202_REFERENCE,n50_i1105022_H_a2202,50,1105022,H,2202,REFERENCE,0.1,0.0017783958464860916,0.7453446394056902
n50_i1105022_H_a2202_REFERENCE,n50_i1105022_H_a2202,50,1105022,H,2202,REFERENCE,0.25,0.041786449030041695,0.8838514962288356
n50_i1105022_H_a2202_REFERENCE,n50_i1105022_H_a2202,50,1105022,H,2202,REFERENCE,0.5,0.013974180445075035,1.0317652125809926
n50_i1105022_H_a2202_REFERENCE,n50_i1105022_H_a2202,50,1105022,H,2202,REFERENCE,0.75,0.0009251218289136887,1.0547271886060463
n50_i1105022_H_a2202_REFERENCE,n50_i1105022_H_a2202,50,1105022,H,2202,REFERENCE,0.9,0.02214726433157921,1.0759826001871289
n50_i1105022_H_a2202_REFERENCE,n50_i1105022_H_a2202,50,1105022,H,2202,REFERENCE,1.0,0.11495453771203756,1.0777787706703017
n50_i1105022_H_a1101_LEGACY,n50_i1105022_H_a1101,50,1105022,H,1101,LEGACY,0.1,0.06528834253549576,0.7279864762497131
n50_i1105022_H_a1101_LEGACY,n50_i1105022_H_a1101,50,1105022,H,1101,LEGACY,0.25,0.06838366389274597,0.781427164326052
n50_i1105022_H_a1101_LEGACY,n50_i1105022_H_a1101,50,1105022,H,1101,LEGACY,0.5,0.03414610214531422,0.9562295617600656
n50_i1105022_H_a1101_LEGACY,n50_i1105022_H_a1101,50,1105022,H,1101,LEGACY,0.75,0.02961660549044609,0.9987991283106067
n50_i1105022_H_a1101_LEGACY,n50_i1105022_H_a1101,50,1105022,H,1101,LEGACY,0.9,0.0033897096291184425,1.0103930013069455
n50_i1105022_H_a1101_LEGACY,n50_i1105022_H_a1101,50,1105022,H,1101,LEGACY,1.0,0.018901106901466846,1.0254660906406996
n50_i1105022_H_a1101_REFERENCE,n50_i1105022_H_a1101,50,1105022,H,1101,REFERENCE,0.1,0.025688815861940384,0.6609058403395655
n50_i1105022_H_a1101_REFERENCE,n50_i1105022_H_a1101,50,1105022,H,1101,REFERENCE,0.25,0.24918753188103437,0.7971996078799202
n50_i1105022_H_a1101_REFERENCE,n50_i1105022_H_a1101,50,1105022,H,1101,REFERENCE,0.5,0.02508687600493431,0.9266554387368191
n50_i1105022_H_a1101_REFERENCE,n50_i1105022_H_a1101,50,1105022,H,1101,REFERENCE,0.75,0.00016665272414684296,0.9787204243041164
n50_i1105022_H_a1101_REFERENCE,n50_i1105022_H_a1101,50,1105022,H,1101,REFERENCE,0.9,0.3523894501850009,0.978825185621827
n50_i1105022_H_a1101_REFERENCE,n50_i1105022_H_a1101,50,1105022,H,1101,REFERENCE,1.0,0.2829712461680174,0.98057134914619
n50_i1105022_H_a1101_W,n50_i1105022_H_a1101,50,1105022,H,1101,W,0.1,0.04734136629849672,0.6929412931347564
n50_i1105022_H_a1101_W,n50_i1105022_H_a1101,50,1105022,H,1101,W,0.25,0.038490707986056805,0.8631650415896518
n50_i1105022_H_a1101_W,n50_i1105022_H_a1101,50,1105022,H,1101,W,0.5,0.051284510642290115,0.9594816263785814
n50_i1105022_H_a1101_W,n50_i1105022_H_a1101,50,1105022,H,1101,W,0.75,0.6042753867805004,0.9630973099926674
n50_i1105022_H_a1101_W,n50_i1105022_H_a1101,50,1105022,H,1101,W,0.9,0.008881893940269947,0.9734936687580301
n50_i1105022_H_a1101_W,n50_i1105022_H_a1101,50,1105022,H,1101,W,1.0,0.2141642365604639,0.9757756423611514
n50_i1105022_H_a1101_GW,n50_i1105022_H_a1101,50,1105022,H,1101,GW,0.1,0.0008778637275099754,0.6964528827972791
n50_i1105022_H_a1101_GW,n50_i1105022_H_a1101,50,1105022,H,1101,GW,0.25,0.15554191172122955,0.8528852792739252
n50_i1105022_H_a1101_GW,n50_i1105022_H_a1101,50,1105022,H,1101,GW,0.5,0.07220271695405245,0.9321773991479315
n50_i1105022_H_a1101_GW,n50_i1105022_H_a1101,50,1105022,H,1101,GW,0.75,0.05077019892632961,0.9716500136567383
n50_i1105022_H_a1101_GW,n50_i1105022_H_a1101,50,1105022,H,1101,GW,0.9,0.038471197709441185,0.9729420132834989
n50_i1105022_H_a1101_GW,n50_i1105022_H_a1101,50,1105022,H,1101,GW,1.0,0.44542450085282326,0.9732535367675674
n50_i1105022_T_a1101_REFERENCE,n50_i1105022_T_a1101,50,1105022,T,1101,REFERENCE,0.1,0.06292454712092876,0.6856979061699626
n50_i1105022_T_a1101_REFERENCE,n50_i1105022_T_a1101,50,1105022,T,1101,REFERENCE,0.25,0.079486851580441,0.8298148512617042
n50_i1105022_T_a1101_REFERENCE,n50_i1105022_T_a1101,50,1105022,T,1101,REFERENCE,0.5,0.0034182099625468254,0.8622074670636753
n50_i1105022_T_a1101_REFERENCE,n50_i1105022_T_a1101,50,1105022,T,1101,REFERENCE,0.75,0.22804264165461063,0.8944391888030493
n50_i1105022_T_a1101_REFERENCE,n50_i1105022_T_a1101,50,1105022,T,1101,REFERENCE,0.9,0.25429766066372395,0.8952665987879804
n50_i1105022_T_a1101_REFERENCE,n50_i1105022_T_a1101,50,1105022,T,1101,REFERENCE,1.0,0.214394086971879,0.8971288161350671
n50_i1105022_T_a1101_W,n50_i1105022_T_a1101,50,1105022,T,1101,W,0.1,0.02659629564732313,0.6140518611530981
n50_i1105022_T_a1101_W,n50_i1105022_T_a1101,50,1105022,T,1101,W,0.25,0.0002870699390769005,0.7606448420508465
n50_i1105022_T_a1101_W,n50_i1105022_T_a1101,50,1105022,T,1101,W,0.5,0.028112350031733513,0.878561507624106
n50_i1105022_T_a1101_W,n50_i1105022_T_a1101,50,1105022,T,1101,W,0.75,0.015526417642831802,0.8921103987931124
n50_i1105022_T_a1101_W,n50_i1105022_T_a1101,50,1105022,T,1101,W,0.9,0.05643519386649132,0.8948837227610528
n50_i1105022_T_a1101_W,n50_i1105022_T_a1101,50,1105022,T,1101,W,1.0,0.1993596088141203,0.8984655808701073
n50_i1105022_T_a1101_GW,n50_i1105022_T_a1101,50,1105022,T,1101,GW,0.1,0.04431537818163633,0.6140518611530981
n50_i1105022_T_a1101_GW,n50_i1105022_T_a1101,50,1105022,T,1101,GW,0.25,0.002115304581820965,0.7785263371051487
n50_i1105022_T_a1101_GW,n50_i1105022_T_a1101,50,1105022,T,1101,GW,0.5,0.03642318490892649,0.8452908848080035
n50_i1105022_T_a1101_GW,n50_i1105022_T_a1101,50,1105022,T,1101,GW,0.75,1.1453943559899926,0.8658415786674759
n50_i1105022_T_a1101_GW,n50_i1105022_T_a1101,50,1105022,T,1101,GW,0.9,0.04256042465567589,0.8682057874452425
n50_i1105022_T_a1101_GW,n50_i1105022_T_a1101,50,1105022,T,1101,GW,1.0,0.1171955456957221,0.8687572288759661
n50_i1105022_T_a1101_LEGACY,n50_i1105022_T_a1101,50,1105022,T,1101,LEGACY,0.1,0.0017560524865984917,0.6214186222609435
n50_i1105022_T_a1101_LEGACY,n50_i1105022_T_a1101,50,1105022,T,1101,LEGACY,0.25,0.01366343628615141,0.7278842515325186
n50_i1105022_T_a1101_LEGACY,n50_i1105022_T_a1101,50,1105022,T,1101,LEGACY,0.5,0.016390498727560043,0.7916811615944259
n50_i1105022_T_a1101_LEGACY,n50_i1105022_T_a1101,50,1105022,T,1101,LEGACY,0.75,0.035936431027948856,0.8723669185584056
n50_i1105022_T_a1101_LEGACY,n50_i1105022_T_a1101,50,1105022,T,1101,LEGACY,0.9,0.12637602910399437,0.8758190148085164
n50_i1105022_T_a1101_LEGACY,n50_i1105022_T_a1101,50,1105022,T,1101,LEGACY,1.0,0.47011686209589243,0.8777285803091159
n50_i1105022_T_a2202_GW,n50_i1105022_T_a2202,50,1105022,T,2202,GW,0.1,0.010107366368174553,0.5992372293016659
n50_i1105022_T_a2202_GW,n50_i1105022_T_a2202,50,1105022,T,2202,GW,0.25,0.07633427809923887,0.781047473385024
n50_i1105022_T_a2202_GW,n50_i1105022_T_a2202,50,1105022,T,2202,GW,0.5,0.06218478363007307,0.9515898169433136
n50_i1105022_T_a2202_GW,n50_i1105022_T_a2202,50,1105022,T,2202,GW,0.75,0.06841451674699783,0.9896064552397219
n50_i1105022_T_a2202_GW,n50_i1105022_T_a2202,50,1105022,T,2202,GW,0.9,0.38495690561831,0.9990039211021073
n50_i1105022_T_a2202_GW,n50_i1105022_T_a2202,50,1105022,T,2202,GW,1.0,0.011313789524137974,1.0059260746292331
n50_i1105022_T_a2202_LEGACY,n50_i1105022_T_a2202,50,1105022,T,2202,LEGACY,0.1,0.17387667298316956,0.44054981225478546
n50_i1105022_T_a2202_LEGACY,n50_i1105022_T_a2202,50,1105022,T,2202,LEGACY,0.25,0.03871194086968899,0.5721609921776231
n50_i1105022_T_a2202_LEGACY,n50_i1105022_T_a2202,50,1105022,T,2202,LEGACY,0.5,0.0022453758865594864,0.6124468320072496
n50_i1105022_T_a2202_LEGACY,n50_i1105022_T_a2202,50,1105022,T,2202,LEGACY,0.75,0.05192210990935564,0.7229798269385078
n50_i1105022_T_a2202_LEGACY,n50_i1105022_T_a2202,50,1105022,T,2202,LEGACY,0.9,0.00013560336083173752,0.7283462085613449
n50_i1105022_T_a2202_LEGACY,n50_i1105022_T_a2202,50,1105022,T,2202,LEGACY,1.0,0.48674914333969355,0.7355118054389255
n50_i1105022_T_a2202_REFERENCE,n50_i1105022_T_a2202,50,1105022,T,2202,REFERENCE,0.1,0.00348456297069788,0.4604120284355714
n50_i1105022_T_a2202_REFERENCE,n50_i1105022_T_a2202,50,1105022,T,2202,REFERENCE,0.25,0.0007642945274710655,0.5737455265088427
n50_i1105022_T_a2202_REFERENCE,n50_i1105022_T_a2202,50,1105022,T,2202,REFERENCE,0.5,0.01958202477544546,0.6567434974376379
n50_i1105022_T_a2202_REFERENCE,n50_i1105022_T_a2202,50,1105022,T,2202,REFERENCE,0.75,0.012151788920164108,0.7011056739642085
n50_i1105022_T_a2202_REFERENCE,n50_i1105022_T_a2202,50,1105022,T,2202,REFERENCE,0.9,0.0019754255190491676,0.7552903891303139
n50_i1105022_T_a2202_REFERENCE,n50_i1105022_T_a2202,50,1105022,T,2202,REFERENCE,1.0,0.12490132451057434,0.7700714759940382
n50_i1105022_T_a2202_W,n50_i1105022_T_a2202,50,1105022,T,2202,W,0.1,0.23102278728038073,0.5991768732534651
n50_i1105022_T_a2202_W,n50_i1105022_T_a2202,50,1105022,T,2202,W,0.25,0.0031737834215164185,0.7876269787744985
n50_i1105022_T_a2202_W,n50_i1105022_T_a2202,50,1105022,T,2202,W,0.5,0.001871366985142231,0.9537654804516382
n50_i1105022_T_a2202_W,n50_i1105022_T_a2202,50,1105022,T,2202,W,0.75,0.02584733348339796,0.9846559595911882
n50_i1105022_T_a2202_W,n50_i1105022_T_a2202,50,1105022,T,2202,W,0.9,0.016596474684774876,0.9968289872605004
n50_i1105022_T_a2202_W,n50_i1105022_T_a2202,50,1105022,T,2202,W,1.0,0.2639055075123906,1.002037185740344
n50_i1105023_H_a1101_LEGACY,n50_i1105023_H_a1101,50,1105023,H,1101,LEGACY,0.1,0.01964651234447956,0.5262433002499949
n50_i1105023_H_a1101_LEGACY,n50_i1105023_H_a1101,50,1105023,H,1101,LEGACY,0.25,0.0043434519320726395,0.6935531663825879
n50_i1105023_H_a1101_LEGACY,n50_i1105023_H_a1101,50,1105023,H,1101,LEGACY,0.5,0.004970315843820572,0.8507624889675761
n50_i1105023_H_a1101_LEGACY,n50_i1105023_H_a1101,50,1105023,H,1101,LEGACY,0.75,0.1849304623901844,0.9026743034943856
n50_i1105023_H_a1101_LEGACY,n50_i1105023_H_a1101,50,1105023,H,1101,LEGACY,0.9,0.016465505585074425,0.9272887032381428
n50_i1105023_H_a1101_LEGACY,n50_i1105023_H_a1101,50,1105023,H,1101,LEGACY,1.0,0.3986605778336525,0.9312418263269926
n50_i1105023_H_a1101_REFERENCE,n50_i1105023_H_a1101,50,1105023,H,1101,REFERENCE,0.1,0.010770833119750023,0.5846712447741726
n50_i1105023_H_a1101_REFERENCE,n50_i1105023_H_a1101,50,1105023,H,1101,REFERENCE,0.25,0.00827382504940033,0.7630420098854035
n50_i1105023_H_a1101_REFERENCE,n50_i1105023_H_a1101,50,1105023,H,1101,REFERENCE,0.5,0.004791293293237686,0.8302420225567414
n50_i1105023_H_a1101_REFERENCE,n50_i1105023_H_a1101,50,1105023,H,1101,REFERENCE,0.75,0.05672140512615442,0.9804098297904918
n50_i1105023_H_a1101_REFERENCE,n50_i1105023_H_a1101,50,1105023,H,1101,REFERENCE,0.9,0.01602393016219139,0.9943738643093286
n50_i1105023_H_a1101_REFERENCE,n50_i1105023_H_a1101,50,1105023,H,1101,REFERENCE,1.0,0.0011826194822788239,1.0242946244488185
n50_i1105023_H_a1101_W,n50_i1105023_H_a1101,50,1105023,H,1101,W,0.1,0.003937982022762299,0.32973624257868794
n50_i1105023_H_a1101_W,n50_i1105023_H_a1101,50,1105023,H,1101,W,0.25,0.0035250987857580185,0.6458731123886088
n50_i1105023_H_a1101_W,n50_i1105023_H_a1101,50,1105023,H,1101,W,0.5,0.018431078642606735,0.7999917240323362
n50_i1105023_H_a1101_W,n50_i1105023_H_a1101,50,1105023,H,1101,W,0.75,0.0981525219976902,0.8501195197562882
n50_i1105023_H_a1101_W,n50_i1105023_H_a1101,50,1105023,H,1101,W,0.9,0.028307274915277958,0.8733647594249677
n50_i1105023_H_a1101_W,n50_i1105023_H_a1101,50,1105023,H,1101,W,1.0,0.2761759590357542,0.911640163917837
n50_i1105023_H_a1101_GW,n50_i1105023_H_a1101,50,1105023,H,1101,GW,0.1,0.0016958825290203094,0.32990624969751603
n50_i1105023_H_a1101_GW,n50_i1105023_H_a1101,50,1105023,H,1101,GW,0.25,0.004365134052932262,0.659535982640267
n50_i1105023_H_a1101_GW,n50_i1105023_H_a1101,50,1105023,H,1101,GW,0.5,0.016003758646547794,0.7706683250866972
n50_i1105023_H_a1101_GW,n50_i1105023_H_a1101,50,1105023,H,1101,GW,0.75,0.1618564622476697,0.8249624171633273
n50_i1105023_H_a1101_GW,n50_i1105023_H_a1101,50,1105023,H,1101,GW,0.9,0.10293047316372395,0.8531023923310246
n50_i1105023_H_a1101_GW,n50_i1105023_H_a1101,50,1105023,H,1101,GW,1.0,0.08444244042038918,0.8822736164262778
n50_i1105023_H_a2202_W,n50_i1105023_H_a2202,50,1105023,H,2202,W,0.1,0.02859888505190611,0.45200530964262414
n50_i1105023_H_a2202_W,n50_i1105023_H_a2202,50,1105023,H,2202,W,0.25,0.016035020351409912,0.7479499050969578
n50_i1105023_H_a2202_W,n50_i1105023_H_a2202,50,1105023,H,2202,W,0.5,0.07625220436602831,0.8052685707698627
n50_i1105023_H_a2202_W,n50_i1105023_H_a2202,50,1105023,H,2202,W,0.75,0.0806557284668088,0.8406999110366473
n50_i1105023_H_a2202_W,n50_i1105023_H_a2202,50,1105023,H,2202,W,0.9,0.003099227324128151,0.8758011673470175
n50_i1105023_H_a2202_W,n50_i1105023_H_a2202,50,1105023,H,2202,W,1.0,0.224489014595747,0.9124535406270378
n50_i1105023_H_a2202_GW,n50_i1105023_H_a2202,50,1105023,H,2202,GW,0.1,1.1487863957881927e-05,0.4510174732471974
n50_i1105023_H_a2202_GW,n50_i1105023_H_a2202,50,1105023,H,2202,GW,0.25,0.005719827488064766,0.7479499050969578
n50_i1105023_H_a2202_GW,n50_i1105023_H_a2202,50,1105023,H,2202,GW,0.5,0.003222840838134289,0.8446529813282557
n50_i1105023_H_a2202_GW,n50_i1105023_H_a2202,50,1105023,H,2202,GW,0.75,0.006967724300920963,0.8926219814276902
n50_i1105023_H_a2202_GW,n50_i1105023_H_a2202,50,1105023,H,2202,GW,0.9,0.04671016242355108,0.9068914743893778
n50_i1105023_H_a2202_GW,n50_i1105023_H_a2202,50,1105023,H,2202,GW,1.0,0.09378828294575214,0.9229481715875163
n50_i1105023_H_a2202_LEGACY,n50_i1105023_H_a2202,50,1105023,H,2202,LEGACY,0.1,0.00460297055542469,0.19570263889414383
n50_i1105023_H_a2202_LEGACY,n50_i1105023_H_a2202,50,1105023,H,2202,LEGACY,0.25,0.020539864897727966,0.4904461454933592
n50_i1105023_H_a2202_LEGACY,n50_i1105023_H_a2202,50,1105023,H,2202,LEGACY,0.5,0.25551270972937346,0.5496177303697654
n50_i1105023_H_a2202_LEGACY,n50_i1105023_H_a2202,50,1105023,H,2202,LEGACY,0.75,0.09748551342636347,0.773491349611896
n50_i1105023_H_a2202_LEGACY,n50_i1105023_H_a2202,50,1105023,H,2202,LEGACY,0.9,0.05295547377318144,0.8354695038731178
n50_i1105023_H_a2202_LEGACY,n50_i1105023_H_a2202,50,1105023,H,2202,LEGACY,1.0,0.3069806694984436,0.8830442361691022
n50_i1105023_H_a2202_REFERENCE,n50_i1105023_H_a2202,50,1105023,H,2202,REFERENCE,0.1,0.013168692588806152,0.48255967628251095
n50_i1105023_H_a2202_REFERENCE,n50_i1105023_H_a2202,50,1105023,H,2202,REFERENCE,0.25,0.19116776250302792,0.7074229666242238
n50_i1105023_H_a2202_REFERENCE,n50_i1105023_H_a2202,50,1105023,H,2202,REFERENCE,0.5,0.0021680230274796486,0.8152842383513886
n50_i1105023_H_a2202_REFERENCE,n50_i1105023_H_a2202,50,1105023,H,2202,REFERENCE,0.75,0.16223420202732086,0.8323044852136926
n50_i1105023_H_a2202_REFERENCE,n50_i1105023_H_a2202,50,1105023,H,2202,REFERENCE,0.9,0.00523721519857645,0.8431581462184417
n50_i1105023_H_a2202_REFERENCE,n50_i1105023_H_a2202,50,1105023,H,2202,REFERENCE,1.0,0.3057719385251403,0.8990743235573373
n50_i1105023_T_a1101_REFERENCE,n50_i1105023_T_a1101,50,1105023,T,1101,REFERENCE,0.1,0.0026465607807040215,0.45617782532240414
n50_i1105023_T_a1101_REFERENCE,n50_i1105023_T_a1101,50,1105023,T,1101,REFERENCE,0.25,0.14648888539522886,0.6531718735704973
n50_i1105023_T_a1101_REFERENCE,n50_i1105023_T_a1101,50,1105023,T,1101,REFERENCE,0.5,0.05971644725650549,0.8722878933752267
n50_i1105023_T_a1101_REFERENCE,n50_i1105023_T_a1101,50,1105023,T,1101,REFERENCE,0.75,0.038240332156419754,0.9283463453238974
n50_i1105023_T_a1101_REFERENCE,n50_i1105023_T_a1101,50,1105023,T,1101,REFERENCE,0.9,0.0008187126368284225,0.93189307904023
n50_i1105023_T_a1101_REFERENCE,n50_i1105023_T_a1101,50,1105023,T,1101,REFERENCE,1.0,0.16911965515464544,0.936883455810551
n50_i1105023_T_a1101_W,n50_i1105023_T_a1101,50,1105023,T,1101,W,0.1,0.0011779014021158218,0.6335340624644288
n50_i1105023_T_a1101_W,n50_i1105023_T_a1101,50,1105023,T,1101,W,0.25,0.2578172469511628,0.7911084323228896
n50_i1105023_T_a1101_W,n50_i1105023_T_a1101,50,1105023,T,1101,W,0.5,0.011682619340717793,0.8483142782760213
n50_i1105023_T_a1101_W,n50_i1105023_T_a1101,50,1105023,T,1101,W,0.75,0.28866634890437126,0.870527884556661
n50_i1105023_T_a1101_W,n50_i1105023_T_a1101,50,1105023,T,1101,W,0.9,0.03750826325267553,0.8878996092150588
n50_i1105023_T_a1101_W,n50_i1105023_T_a1101,50,1105023,T,1101,W,1.0,0.30947429966181517,0.896229944982623
n50_i1105023_T_a1101_GW,n50_i1105023_T_a1101,50,1105023,T,1101,GW,0.1,3.243982791900635e-05,0.5360073774556582
n50_i1105023_T_a1101_GW,n50_i1105023_T_a1101,50,1105023,T,1101,GW,0.25,0.0018581505864858627,0.6591634901750858
n50_i1105023_T_a1101_GW,n50_i1105023_T_a1101,50,1105023,T,1101,GW,0.5,0.006971401162445545,0.7845154444054133
n50_i1105023_T_a1101_GW,n50_i1105023_T_a1101,50,1105023,T,1101,GW,0.75,0.02874934859573841,0.8909774798542003
n50_i1105023_T_a1101_GW,n50_i1105023_T_a1101,50,1105023,T,1101,GW,0.9,0.2406932571902871,0.9364137143939191
n50_i1105023_T_a1101_GW,n50_i1105023_T_a1101,50,1105023,T,1101,GW,1.0,0.10143904574215412,0.9407184947572708
n50_i1105023_T_a1101_LEGACY,n50_i1105023_T_a1101,50,1105023,T,1101,LEGACY,0.1,0.02467702329158783,0.5206641002073548
n50_i1105023_T_a1101_LEGACY,n50_i1105023_T_a1101,50,1105023,T,1101,LEGACY,0.25,0.03505653142929077,0.6397948983804522
n50_i1105023_T_a1101_LEGACY,n50_i1105023_T_a1101,50,1105023,T,1101,LEGACY,0.5,0.042737881653010845,0.7421186685181508
n50_i1105023_T_a1101_LEGACY,n50_i1105023_T_a1101,50,1105023,T,1101,LEGACY,0.75,0.06630112696439028,0.8516736359056392
n50_i1105023_T_a1101_LEGACY,n50_i1105023_T_a1101,50,1105023,T,1101,LEGACY,0.9,0.2187784779816866,0.9260497202713437
n50_i1105023_T_a1101_LEGACY,n50_i1105023_T_a1101,50,1105023,T,1101,LEGACY,1.0,0.25724070984870195,0.9344166929100912
n50_i1105023_T_a2202_GW,n50_i1105023_T_a2202,50,1105023,T,2202,GW,0.1,0.003762299194931984,0.43366316985301184
n50_i1105023_T_a2202_GW,n50_i1105023_T_a2202,50,1105023,T,2202,GW,0.25,0.028805182315409184,0.6120278172559104
n50_i1105023_T_a2202_GW,n50_i1105023_T_a2202,50,1105023,T,2202,GW,0.5,0.0016620876267552376,0.862930482397305
n50_i1105023_T_a2202_GW,n50_i1105023_T_a2202,50,1105023,T,2202,GW,0.75,0.10074381902813911,0.930848028599035
n50_i1105023_T_a2202_GW,n50_i1105023_T_a2202,50,1105023,T,2202,GW,0.9,0.06477358844131231,0.9398646613650924
n50_i1105023_T_a2202_GW,n50_i1105023_T_a2202,50,1105023,T,2202,GW,1.0,0.24357012007385492,0.9401473561904834
n50_i1105023_T_a2202_LEGACY,n50_i1105023_T_a2202,50,1105023,T,2202,LEGACY,0.1,0.14800771791487932,0.4809428757857232
n50_i1105023_T_a2202_LEGACY,n50_i1105023_T_a2202,50,1105023,T,2202,LEGACY,0.25,0.020636497996747494,0.5677733194146003
n50_i1105023_T_a2202_LEGACY,n50_i1105023_T_a2202,50,1105023,T,2202,LEGACY,0.5,0.029688281938433647,0.6803922429939206
n50_i1105023_T_a2202_LEGACY,n50_i1105023_T_a2202,50,1105023,T,2202,LEGACY,0.75,0.03704857360571623,0.7397559533863841
n50_i1105023_T_a2202_LEGACY,n50_i1105023_T_a2202,50,1105023,T,2202,LEGACY,0.9,0.05919900629669428,0.7822927435769647
n50_i1105023_T_a2202_LEGACY,n50_i1105023_T_a2202,50,1105023,T,2202,LEGACY,1.0,0.14516649208962917,0.7856596900026218
n50_i1105023_T_a2202_REFERENCE,n50_i1105023_T_a2202,50,1105023,T,2202,REFERENCE,0.1,0.02992970496416092,0.5500875335690063
n50_i1105023_T_a2202_REFERENCE,n50_i1105023_T_a2202,50,1105023,T,2202,REFERENCE,0.25,0.0011861231178045273,0.8897993817880177
n50_i1105023_T_a2202_REFERENCE,n50_i1105023_T_a2202,50,1105023,T,2202,REFERENCE,0.5,0.27896587271243334,0.9879584485029139
n50_i1105023_T_a2202_REFERENCE,n50_i1105023_T_a2202,50,1105023,T,2202,REFERENCE,0.75,0.012150750495493412,1.056943977463531
n50_i1105023_T_a2202_REFERENCE,n50_i1105023_T_a2202,50,1105023,T,2202,REFERENCE,0.9,0.03752371575683355,1.0831260305390493
n50_i1105023_T_a2202_REFERENCE,n50_i1105023_T_a2202,50,1105023,T,2202,REFERENCE,1.0,0.2481273701414466,1.0971261419435014
n50_i1105023_T_a2202_W,n50_i1105023_T_a2202,50,1105023,T,2202,W,0.1,0.049682941287755966,0.43476323942004835
n50_i1105023_T_a2202_W,n50_i1105023_T_a2202,50,1105023,T,2202,W,0.25,0.24465381354093552,0.5160356146504768
n50_i1105023_T_a2202_W,n50_i1105023_T_a2202,50,1105023,T,2202,W,0.5,0.043484400026500225,0.6095503917850095
n50_i1105023_T_a2202_W,n50_i1105023_T_a2202,50,1105023,T,2202,W,0.75,0.14595849253237247,0.7120874242634914
n50_i1105023_T_a2202_W,n50_i1105023_T_a2202,50,1105023,T,2202,W,0.9,0.11152016185224056,0.7699590538763912
n50_i1105023_T_a2202_W,n50_i1105023_T_a2202,50,1105023,T,2202,W,1.0,0.30711712781339884,0.8174823051830475
n50_i1105024_H_a1101_LEGACY,n50_i1105024_H_a1101,50,1105024,H,1101,LEGACY,0.1,0.022558225318789482,0.7808608533118374
n50_i1105024_H_a1101_LEGACY,n50_i1105024_H_a1101,50,1105024,H,1101,LEGACY,0.25,0.13111046608537436,0.865037981856608
n50_i1105024_H_a1101_LEGACY,n50_i1105024_H_a1101,50,1105024,H,1101,LEGACY,0.5,0.020428359508514404,0.9407653430734719
n50_i1105024_H_a1101_LEGACY,n50_i1105024_H_a1101,50,1105024,H,1101,LEGACY,0.75,0.004305577836930752,0.9625374953630742
n50_i1105024_H_a1101_LEGACY,n50_i1105024_H_a1101,50,1105024,H,1101,LEGACY,0.9,0.017667995765805244,0.9730011460815229
n50_i1105024_H_a1101_LEGACY,n50_i1105024_H_a1101,50,1105024,H,1101,LEGACY,1.0,0.21374526526778936,1.001429784978761
n50_i1105024_H_a1101_REFERENCE,n50_i1105024_H_a1101,50,1105024,H,1101,REFERENCE,0.1,0.041288696229457855,0.7743524781337517
n50_i1105024_H_a1101_REFERENCE,n50_i1105024_H_a1101,50,1105024,H,1101,REFERENCE,0.25,0.11452471558004618,0.8896753167866973
n50_i1105024_H_a1101_REFERENCE,n50_i1105024_H_a1101,50,1105024,H,1101,REFERENCE,0.5,0.013719932176172733,0.9322228851713028
n50_i1105024_H_a1101_REFERENCE,n50_i1105024_H_a1101,50,1105024,H,1101,REFERENCE,0.75,0.02980698924511671,0.9436647623578854
n50_i1105024_H_a1101_REFERENCE,n50_i1105024_H_a1101,50,1105024,H,1101,REFERENCE,0.9,0.0030495431274175644,0.9500640526681279
n50_i1105024_H_a1101_REFERENCE,n50_i1105024_H_a1101,50,1105024,H,1101,REFERENCE,1.0,0.42978008557111025,0.9576124388997554
n50_i1105024_H_a1101_W,n50_i1105024_H_a1101,50,1105024,H,1101,W,0.1,0.0014740871265530586,0.789489646773882
n50_i1105024_H_a1101_W,n50_i1105024_H_a1101,50,1105024,H,1101,W,0.25,0.05017723795026541,0.9033900591413533
n50_i1105024_H_a1101_W,n50_i1105024_H_a1101,50,1105024,H,1101,W,0.5,0.007489255629479885,0.9941750542003412
n50_i1105024_H_a1101_W,n50_i1105024_H_a1101,50,1105024,H,1101,W,0.75,0.11543263215571642,1.0124896105039825
n50_i1105024_H_a1101_W,n50_i1105024_H_a1101,50,1105024,H,1101,W,0.9,0.06704222969710827,1.026114280739559
n50_i1105024_H_a1101_W,n50_i1105024_H_a1101,50,1105024,H,1101,W,1.0,0.032187786884605885,1.032274274377572
n50_i1105024_H_a1101_GW,n50_i1105024_H_a1101,50,1105024,H,1101,GW,0.1,0.0018690964207053185,0.7940149175496026
n50_i1105024_H_a1101_GW,n50_i1105024_H_a1101,50,1105024,H,1101,GW,0.25,0.0032880520448088646,0.9032281158436952
n50_i1105024_H_a1101_GW,n50_i1105024_H_a1101,50,1105024,H,1101,GW,0.5,0.027009333483874798,0.9471884173736883
n50_i1105024_H_a1101_GW,n50_i1105024_H_a1101,50,1105024,H,1101,GW,0.75,0.004862870089709759,0.9719761397847171
n50_i1105024_H_a1101_GW,n50_i1105024_H_a1101,50,1105024,H,1101,GW,0.9,0.011414114385843277,0.9986807594008115
n50_i1105024_H_a1101_GW,n50_i1105024_H_a1101,50,1105024,H,1101,GW,1.0,0.013502378016710281,0.9994055410720135
n50_i1105024_H_a2202_W,n50_i1105024_H_a2202,50,1105024,H,2202,W,0.1,0.13584256637841463,0.8533425789412877
n50_i1105024_H_a2202_W,n50_i1105024_H_a2202,50,1105024,H,2202,W,0.25,0.0005859481170773506,0.9156443708797849
n50_i1105024_H_a2202_W,n50_i1105024_H_a2202,50,1105024,H,2202,W,0.5,0.0003903554752469063,0.94244154286352
n50_i1105024_H_a2202_W,n50_i1105024_H_a2202,50,1105024,H,2202,W,0.75,0.013515114784240723,0.9518895392665622
n50_i1105024_H_a2202_W,n50_i1105024_H_a2202,50,1105024,H,2202,W,0.9,0.004603514447808266,0.9598565658062548
n50_i1105024_H_a2202_W,n50_i1105024_H_a2202,50,1105024,H,2202,W,1.0,0.0764035414904356,0.9724364612177097
n50_i1105024_H_a2202_GW,n50_i1105024_H_a2202,50,1105024,H,2202,GW,0.1,0.012845978140830994,0.8531821347496881
n50_i1105024_H_a2202_GW,n50_i1105024_H_a2202,50,1105024,H,2202,GW,0.25,0.0032369671389460564,0.9156385437897905
n50_i1105024_H_a2202_GW,n50_i1105024_H_a2202,50,1105024,H,2202,GW,0.5,0.038454972207546234,0.9445621130502525
n50_i1105024_H_a2202_GW,n50_i1105024_H_a2202,50,1105024,H,2202,GW,0.75,0.17149666789919138,0.956479427240881
n50_i1105024_H_a2202_GW,n50_i1105024_H_a2202,50,1105024,H,2202,GW,0.9,0.031850019469857216,0.9956985381636606
n50_i1105024_H_a2202_GW,n50_i1105024_H_a2202,50,1105024,H,2202,GW,1.0,0.12839193269610405,1.0075488532703993
n50_i1105024_H_a2202_LEGACY,n50_i1105024_H_a2202,50,1105024,H,2202,LEGACY,0.1,0.001120549626648426,0.7635945282429654
n50_i1105024_H_a2202_LEGACY,n50_i1105024_H_a2202,50,1105024,H,2202,LEGACY,0.25,0.21564756333827972,0.883336712879516
n50_i1105024_H_a2202_LEGACY,n50_i1105024_H_a2202,50,1105024,H,2202,LEGACY,0.5,0.004255298525094986,0.9283724051130924
n50_i1105024_H_a2202_LEGACY,n50_i1105024_H_a2202,50,1105024,H,2202,LEGACY,0.75,0.04679880943149328,0.9594440937468712
n50_i1105024_H_a2202_LEGACY,n50_i1105024_H_a2202,50,1105024,H,2202,LEGACY,0.9,0.1919142473489046,0.9751543517075381
n50_i1105024_H_a2202_LEGACY,n50_i1105024_H_a2202,50,1105024,H,2202,LEGACY,1.0,0.08885302394628525,0.9844402616258817
n50_i1105024_H_a2202_REFERENCE,n50_i1105024_H_a2202,50,1105024,H,2202,REFERENCE,0.1,0.023324609734117985,0.862835621987259
n50_i1105024_H_a2202_REFERENCE,n50_i1105024_H_a2202,50,1105024,H,2202,REFERENCE,0.25,0.014797352254390717,0.9542787918415407
n50_i1105024_H_a2202_REFERENCE,n50_i1105024_H_a2202,50,1105024,H,2202,REFERENCE,0.5,0.0627593882381916,0.9626622810011803
n50_i1105024_H_a2202_REFERENCE,n50_i1105024_H_a2202,50,1105024,H,2202,REFERENCE,0.75,0.08848602883517742,0.9802637982160414
n50_i1105024_H_a2202_REFERENCE,n50_i1105024_H_a2202,50,1105024,H,2202,REFERENCE,0.9,0.04193477239459753,0.9816420263974399
n50_i1105024_H_a2202_REFERENCE,n50_i1105024_H_a2202,50,1105024,H,2202,REFERENCE,1.0,0.2883788198232651,0.9840416326405493
n50_i1105024_T_a1101_REFERENCE,n50_i1105024_T_a1101,50,1105024,T,1101,REFERENCE,0.1,0.00432176236063242,0.7794622602634703
n50_i1105024_T_a1101_REFERENCE,n50_i1105024_T_a1101,50,1105024,T,1101,REFERENCE,0.25,0.06798164173960686,0.8985895823175891
n50_i1105024_T_a1101_REFERENCE,n50_i1105024_T_a1101,50,1105024,T,1101,REFERENCE,0.5,0.334567541256547,0.9110960269601732
n50_i1105024_T_a1101_REFERENCE,n50_i1105024_T_a1101,50,1105024,T,1101,REFERENCE,0.75,0.002285354770720005,0.9251952102878297
n50_i1105024_T_a1101_REFERENCE,n50_i1105024_T_a1101,50,1105024,T,1101,REFERENCE,0.9,0.06875440757721663,0.9282592957765816
n50_i1105024_T_a1101_REFERENCE,n50_i1105024_T_a1101,50,1105024,T,1101,REFERENCE,1.0,0.014247749000787735,0.932809914374146
n50_i1105024_T_a1101_W,n50_i1105024_T_a1101,50,1105024,T,1101,W,0.1,0.027447757311165333,0.7019599509525363
n50_i1105024_T_a1101_W,n50_i1105024_T_a1101,50,1105024,T,1101,W,0.25,0.01862898375838995,0.8103893672047422
n50_i1105024_T_a1101_W,n50_i1105024_T_a1101,50,1105024,T,1101,W,0.5,0.07606325391680002,0.8689392900406414
n50_i1105024_T_a1101_W,n50_i1105024_T_a1101,50,1105024,T,1101,W,0.75,0.1470744125545025,0.877842715088729
n50_i1105024_T_a1101_W,n50_i1105024_T_a1101,50,1105024,T,1101,W,0.9,0.05180622171610594,0.9216032998170176
n50_i1105024_T_a1101_W,n50_i1105024_T_a1101,50,1105024,T,1101,W,1.0,0.3893563458696008,0.9515866744827955
n50_i1105024_T_a1101_GW,n50_i1105024_T_a1101,50,1105024,T,1101,GW,0.1,0.04185268562287092,0.6985545927667688
n50_i1105024_T_a1101_GW,n50_i1105024_T_a1101,50,1105024,T,1101,GW,0.25,0.01975330524146557,0.8103291762373901
n50_i1105024_T_a1101_GW,n50_i1105024_T_a1101,50,1105024,T,1101,GW,0.5,0.06952047720551491,0.85218876243336
n50_i1105024_T_a1101_GW,n50_i1105024_T_a1101,50,1105024,T,1101,GW,0.75,0.004820896312594414,0.8786152877798445
n50_i1105024_T_a1101_GW,n50_i1105024_T_a1101,50,1105024,T,1101,GW,0.9,0.07171928137540817,0.8953594782905294
n50_i1105024_T_a1101_GW,n50_i1105024_T_a1101,50,1105024,T,1101,GW,1.0,0.14887466840445995,0.9017773088772718
n50_i1105024_T_a1101_LEGACY,n50_i1105024_T_a1101,50,1105024,T,1101,LEGACY,0.1,0.001500711776316166,0.6824005386877067
n50_i1105024_T_a1101_LEGACY,n50_i1105024_T_a1101,50,1105024,T,1101,LEGACY,0.25,0.0432578194886446,0.8302708504247389
n50_i1105024_T_a1101_LEGACY,n50_i1105024_T_a1101,50,1105024,T,1101,LEGACY,0.5,0.0031615253537893295,0.9161305830803714
n50_i1105024_T_a1101_LEGACY,n50_i1105024_T_a1101,50,1105024,T,1101,LEGACY,0.75,0.01018092967569828,0.9703837417596584
n50_i1105024_T_a1101_LEGACY,n50_i1105024_T_a1101,50,1105024,T,1101,LEGACY,0.9,0.10876055993139744,0.9733671935570716
n50_i1105024_T_a1101_LEGACY,n50_i1105024_T_a1101,50,1105024,T,1101,LEGACY,1.0,0.4967580381780863,0.9751778401251725
n50_i1105024_T_a2202_GW,n50_i1105024_T_a2202,50,1105024,T,2202,GW,0.1,0.04386388789862394,0.6137105197809483
n50_i1105024_T_a2202_GW,n50_i1105024_T_a2202,50,1105024,T,2202,GW,0.25,0.022346749901771545,0.8152713129594509
n50_i1105024_T_a2202_GW,n50_i1105024_T_a2202,50,1105024,T,2202,GW,0.5,0.04304563254117966,0.9027939677681603
n50_i1105024_T_a2202_GW,n50_i1105024_T_a2202,50,1105024,T,2202,GW,0.75,0.017334332689642906,0.9366331011870574
n50_i1105024_T_a2202_GW,n50_i1105024_T_a2202,50,1105024,T,2202,GW,0.9,0.15689201280474663,0.946381423892876
n50_i1105024_T_a2202_GW,n50_i1105024_T_a2202,50,1105024,T,2202,GW,1.0,0.08908000588417053,0.9848765651796633
n50_i1105024_T_a2202_LEGACY,n50_i1105024_T_a2202,50,1105024,T,2202,LEGACY,0.1,0.027108035050332546,0.6260495366269515
n50_i1105024_T_a2202_LEGACY,n50_i1105024_T_a2202,50,1105024,T,2202,LEGACY,0.25,0.021928166039288044,0.7058312160398179
n50_i1105024_T_a2202_LEGACY,n50_i1105024_T_a2202,50,1105024,T,2202,LEGACY,0.5,0.05498357675969601,0.8072744147828554
n50_i1105024_T_a2202_LEGACY,n50_i1105024_T_a2202,50,1105024,T,2202,LEGACY,0.75,0.04129184316843748,0.8352501380531029
n50_i1105024_T_a2202_LEGACY,n50_i1105024_T_a2202,50,1105024,T,2202,LEGACY,0.9,0.05169124435633421,0.8488069260914759
n50_i1105024_T_a2202_LEGACY,n50_i1105024_T_a2202,50,1105024,T,2202,LEGACY,1.0,0.14746667630970478,0.8538834358724903
n50_i1105024_T_a2202_REFERENCE,n50_i1105024_T_a2202,50,1105024,T,2202,REFERENCE,0.1,0.022830921225249767,0.6790111291950702
n50_i1105024_T_a2202_REFERENCE,n50_i1105024_T_a2202,50,1105024,T,2202,REFERENCE,0.25,0.00043475255370140076,0.8337608301998315
n50_i1105024_T_a2202_REFERENCE,n50_i1105024_T_a2202,50,1105024,T,2202,REFERENCE,0.5,0.10948748607188463,0.888295160943063
n50_i1105024_T_a2202_REFERENCE,n50_i1105024_T_a2202,50,1105024,T,2202,REFERENCE,0.75,0.28370837215334177,0.9065469313993191
n50_i1105024_T_a2202_REFERENCE,n50_i1105024_T_a2202,50,1105024,T,2202,REFERENCE,0.9,0.1508595123887062,0.9217289433884412
n50_i1105024_T_a2202_REFERENCE,n50_i1105024_T_a2202,50,1105024,T,2202,REFERENCE,1.0,0.04838892072439194,0.9302888097350416
n50_i1105024_T_a2202_W,n50_i1105024_T_a2202,50,1105024,T,2202,W,0.1,0.07888783700764179,0.6137105197809483
n50_i1105024_T_a2202_W,n50_i1105024_T_a2202,50,1105024,T,2202,W,0.25,0.21597808226943016,0.7883679953761833
n50_i1105024_T_a2202_W,n50_i1105024_T_a2202,50,1105024,T,2202,W,0.5,0.029162193648517132,0.9025642286669577
n50_i1105024_T_a2202_W,n50_i1105024_T_a2202,50,1105024,T,2202,W,0.75,0.04664329253137112,0.9710024021193528
n50_i1105024_T_a2202_W,n50_i1105024_T_a2202,50,1105024,T,2202,W,0.9,0.16570046171545982,0.9959694681173167
n50_i1105024_T_a2202_W,n50_i1105024_T_a2202,50,1105024,T,2202,W,1.0,0.31017163302749395,1.0011951630255713
n50_i1105025_H_a2202_W,n50_i1105025_H_a2202,50,1105025,H,2202,W,0.1,0.013089660555124283,0.652515098254335
n50_i1105025_H_a2202_W,n50_i1105025_H_a2202,50,1105025,H,2202,W,0.25,0.0002332022413611412,0.7836063191335019
n50_i1105025_H_a2202_W,n50_i1105025_H_a2202,50,1105025,H,2202,W,0.5,0.09236430283635855,0.8543882072465945
n50_i1105025_H_a2202_W,n50_i1105025_H_a2202,50,1105025,H,2202,W,0.75,0.06281472183763981,0.9686118671304416
n50_i1105025_H_a2202_W,n50_i1105025_H_a2202,50,1105025,H,2202,W,0.9,0.2292619775980711,0.9781167034356706
n50_i1105025_H_a2202_W,n50_i1105025_H_a2202,50,1105025,H,2202,W,1.0,0.544210628606379,0.9803799890573025
n50_i1105025_H_a2202_GW,n50_i1105025_H_a2202,50,1105025,H,2202,GW,0.1,0.09784368798136711,0.652515098254335
n50_i1105025_H_a2202_GW,n50_i1105025_H_a2202,50,1105025,H,2202,GW,0.25,0.0957388048991561,0.7869614993804755
n50_i1105025_H_a2202_GW,n50_i1105025_H_a2202,50,1105025,H,2202,GW,0.5,0.08601642865687609,0.8952856522913335
n50_i1105025_H_a2202_GW,n50_i1105025_H_a2202,50,1105025,H,2202,GW,0.75,0.0024348702281713486,0.9209025643801373
n50_i1105025_H_a2202_GW,n50_i1105025_H_a2202,50,1105025,H,2202,GW,0.9,0.34137684386223555,0.9210686352419593
n50_i1105025_H_a2202_GW,n50_i1105025_H_a2202,50,1105025,H,2202,GW,1.0,0.484596430324018,0.9238252412191092
n50_i1105025_H_a2202_LEGACY,n50_i1105025_H_a2202,50,1105025,H,2202,LEGACY,0.1,0.04650674760341644,0.6215024710019457
n50_i1105025_H_a2202_LEGACY,n50_i1105025_H_a2202,50,1105025,H,2202,LEGACY,0.25,0.049003031104803085,0.7555428189350684
n50_i1105025_H_a2202_LEGACY,n50_i1105025_H_a2202,50,1105025,H,2202,LEGACY,0.5,0.005052439868450165,0.8549648771955658
n50_i1105025_H_a2202_LEGACY,n50_i1105025_H_a2202,50,1105025,H,2202,LEGACY,0.75,0.0018635252490639687,0.9847121145050552
n50_i1105025_H_a2202_LEGACY,n50_i1105025_H_a2202,50,1105025,H,2202,LEGACY,0.9,0.036158609203994274,1.0165527001040329
n50_i1105025_H_a2202_LEGACY,n50_i1105025_H_a2202,50,1105025,H,2202,LEGACY,1.0,0.2940490208566189,1.0405319509929145
n50_i1105025_H_a2202_REFERENCE,n50_i1105025_H_a2202,50,1105025,H,2202,REFERENCE,0.1,0.0023933900520205498,0.657483601566952
n50_i1105025_H_a2202_REFERENCE,n50_i1105025_H_a2202,50,1105025,H,2202,REFERENCE,0.25,0.011110218241810799,0.8038900041238569
n50_i1105025_H_a2202_REFERENCE,n50_i1105025_H_a2202,50,1105025,H,2202,REFERENCE,0.5,0.030475550331175327,0.9743360619422552
n50_i1105025_H_a2202_REFERENCE,n50_i1105025_H_a2202,50,1105025,H,2202,REFERENCE,0.75,0.1550216982141137,0.9913296437529262
n50_i1105025_H_a2202_REFERENCE,n50_i1105025_H_a2202,50,1105025,H,2202,REFERENCE,0.9,0.19824121333658695,0.9998934307666196
n50_i1105025_H_a2202_REFERENCE,n50_i1105025_H_a2202,50,1105025,H,2202,REFERENCE,1.0,0.24484913796186447,1.0100193058559712
n50_i1105025_H_a1101_LEGACY,n50_i1105025_H_a1101,50,1105025,H,1101,LEGACY,0.1,0.06371025275439024,0.6144330643584681
n50_i1105025_H_a1101_LEGACY,n50_i1105025_H_a1101,50,1105025,H,1101,LEGACY,0.25,0.003079689107835293,0.7616726941084497
n50_i1105025_H_a1101_LEGACY,n50_i1105025_H_a1101,50,1105025,H,1101,LEGACY,0.5,0.09599857870489359,0.843527409451637
n50_i1105025_H_a1101_LEGACY,n50_i1105025_H_a1101,50,1105025,H,1101,LEGACY,0.75,0.019756531342864037,0.8801595756458931
n50_i1105025_H_a1101_LEGACY,n50_i1105025_H_a1101,50,1105025,H,1101,LEGACY,0.9,0.1813756600022316,0.8941405184703924
n50_i1105025_H_a1101_LEGACY,n50_i1105025_H_a1101,50,1105025,H,1101,LEGACY,1.0,0.3718261169269681,0.8947637526072185
n50_i1105025_H_a1101_REFERENCE,n50_i1105025_H_a1101,50,1105025,H,1101,REFERENCE,0.1,0.0024969056248664856,0.6204961591736694
n50_i1105025_H_a1101_REFERENCE,n50_i1105025_H_a1101,50,1105025,H,1101,REFERENCE,0.25,0.05355911981314421,0.8083586464439356
n50_i1105025_H_a1101_REFERENCE,n50_i1105025_H_a1101,50,1105025,H,1101,REFERENCE,0.5,0.28759447764605284,0.904915549891378
n50_i1105025_H_a1101_REFERENCE,n50_i1105025_H_a1101,50,1105025,H,1101,REFERENCE,0.75,0.22072372771799564,0.9093086493679186
n50_i1105025_H_a1101_REFERENCE,n50_i1105025_H_a1101,50,1105025,H,1101,REFERENCE,0.9,0.18432088196277618,0.9211246243060749
n50_i1105025_H_a1101_REFERENCE,n50_i1105025_H_a1101,50,1105025,H,1101,REFERENCE,1.0,0.42390133906155825,0.9212914521860701
n50_i1105025_H_a1101_W,n50_i1105025_H_a1101,50,1105025,H,1101,W,0.1,0.0016272170469164848,0.5156011982840667
n50_i1105025_H_a1101_W,n50_i1105025_H_a1101,50,1105025,H,1101,W,0.25,0.012309862300753593,0.7048930910547138
n50_i1105025_H_a1101_W,n50_i1105025_H_a1101,50,1105025,H,1101,W,0.5,0.0599161796271801,0.8371231700741631
n50_i1105025_H_a1101_W,n50_i1105025_H_a1101,50,1105025,H,1101,W,0.75,0.08957261871546507,0.8703020086152455
n50_i1105025_H_a1101_W,n50_i1105025_H_a1101,50,1105025,H,1101,W,0.9,0.26917261630296707,0.9153818295577365
n50_i1105025_H_a1101_W,n50_i1105025_H_a1101,50,1105025,H,1101,W,1.0,0.09961674641817808,0.925323966873641
n50_i1105025_H_a1101_GW,n50_i1105025_H_a1101,50,1105025,H,1101,GW,0.1,0.11808083672076464,0.5156011982840667
n50_i1105025_H_a1101_GW,n50_i1105025_H_a1101,50,1105025,H,1101,GW,0.25,0.0007827784866094589,0.6980327576904057
n50_i1105025_H_a1101_GW,n50_i1105025_H_a1101,50,1105025,H,1101,GW,0.5,0.00248724315315485,0.8312134187527405
n50_i1105025_H_a1101_GW,n50_i1105025_H_a1101,50,1105025,H,1101,GW,0.75,0.13065501395612955,0.8483871803514422
n50_i1105025_H_a1101_GW,n50_i1105025_H_a1101,50,1105025,H,1101,GW,0.9,0.0038559306412935257,0.8587389875146891
n50_i1105025_H_a1101_GW,n50_i1105025_H_a1101,50,1105025,H,1101,GW,1.0,0.2701823879033327,0.8605709431064889
n50_i1105025_T_a1101_REFERENCE,n50_i1105025_T_a1101,50,1105025,T,1101,REFERENCE,0.1,0.00184653140604496,0.3164621123897912
n50_i1105025_T_a1101_REFERENCE,n50_i1105025_T_a1101,50,1105025,T,1101,REFERENCE,0.25,0.03207764681428671,0.4854242429445336
n50_i1105025_T_a1101_REFERENCE,n50_i1105025_T_a1101,50,1105025,T,1101,REFERENCE,0.5,0.044785065576434135,0.786090944199259
n50_i1105025_T_a1101_REFERENCE,n50_i1105025_T_a1101,50,1105025,T,1101,REFERENCE,0.75,0.003606949932873249,0.8602227354028441
n50_i1105025_T_a1101_REFERENCE,n50_i1105025_T_a1101,50,1105025,T,1101,REFERENCE,0.9,0.0020254962146282196,0.8605565574480286
n50_i1105025_T_a1101_REFERENCE,n50_i1105025_T_a1101,50,1105025,T,1101,REFERENCE,1.0,0.11652371101081371,0.8606015567612443
n50_i1105025_T_a1101_W,n50_i1105025_T_a1101,50,1105025,T,1101,W,0.1,0.03049649577587843,0.35730815720795234
n50_i1105025_T_a1101_W,n50_i1105025_T_a1101,50,1105025,T,1101,W,0.25,0.12312301155179739,0.5462434083620489
n50_i1105025_T_a1101_W,n50_i1105025_T_a1101,50,1105025,T,1101,W,0.5,0.06812295597046614,0.6677991384338529
n50_i1105025_T_a1101_W,n50_i1105025_T_a1101,50,1105025,T,1101,W,0.75,0.04237096291035414,0.6941778184539983
n50_i1105025_T_a1101_W,n50_i1105025_T_a1101,50,1105025,T,1101,W,0.9,0.08994076494127512,0.6981986081167967
n50_i1105025_T_a1101_W,n50_i1105025_T_a1101,50,1105025,T,1101,W,1.0,0.6764515275135636,0.6996912495695149
n50_i1105025_T_a1101_GW,n50_i1105025_T_a1101,50,1105025,T,1101,GW,0.1,0.02206184435635805,0.3573500212007381
n50_i1105025_T_a1101_GW,n50_i1105025_T_a1101,50,1105025,T,1101,GW,0.25,0.060214487835764885,0.5441126246911955
n50_i1105025_T_a1101_GW,n50_i1105025_T_a1101,50,1105025,T,1101,GW,0.5,0.026174861937761307,0.6787865055808703
n50_i1105025_T_a1101_GW,n50_i1105025_T_a1101,50,1105025,T,1101,GW,0.75,0.37093137577176094,0.7159962893731551
n50_i1105025_T_a1101_GW,n50_i1105025_T_a1101,50,1105025,T,1101,GW,0.9,0.036523585207760334,0.8241268421251698
n50_i1105025_T_a1101_GW,n50_i1105025_T_a1101,50,1105025,T,1101,GW,1.0,0.060385216027498245,0.8705866075036681
n50_i1105025_T_a1101_LEGACY,n50_i1105025_T_a1101,50,1105025,T,1101,LEGACY,0.1,0.02081718947738409,0.4772723229837894
n50_i1105025_T_a1101_LEGACY,n50_i1105025_T_a1101,50,1105025,T,1101,LEGACY,0.25,0.00959013495594263,0.6693139182348246
n50_i1105025_T_a1101_LEGACY,n50_i1105025_T_a1101,50,1105025,T,1101,LEGACY,0.5,0.0014036307111382484,0.6907329981028822
n50_i1105025_T_a1101_LEGACY,n50_i1105025_T_a1101,50,1105025,T,1101,LEGACY,0.75,0.005434267222881317,0.7021843429065118
n50_i1105025_T_a1101_LEGACY,n50_i1105025_T_a1101,50,1105025,T,1101,LEGACY,0.9,0.08200420439243317,0.7238678606763133
n50_i1105025_T_a1101_LEGACY,n50_i1105025_T_a1101,50,1105025,T,1101,LEGACY,1.0,0.23106848914176226,0.8040464943136234
n50_i1105025_T_a2202_GW,n50_i1105025_T_a2202,50,1105025,T,2202,GW,0.1,0.2030350472778082,0.48687717108498024
n50_i1105025_T_a2202_GW,n50_i1105025_T_a2202,50,1105025,T,2202,GW,0.25,0.07948455587029457,0.6059866982786589
n50_i1105025_T_a2202_GW,n50_i1105025_T_a2202,50,1105025,T,2202,GW,0.5,0.0012185517698526382,0.6389270157124342
n50_i1105025_T_a2202_GW,n50_i1105025_T_a2202,50,1105025,T,2202,GW,0.75,0.02865222655236721,0.6721245249740713
n50_i1105025_T_a2202_GW,n50_i1105025_T_a2202,50,1105025,T,2202,GW,0.9,0.0006424626335501671,0.689251390987397
n50_i1105025_T_a2202_GW,n50_i1105025_T_a2202,50,1105025,T,2202,GW,1.0,0.3094718176871538,0.6916073454087959
n50_i1105025_T_a2202_LEGACY,n50_i1105025_T_a2202,50,1105025,T,2202,LEGACY,0.1,0.011873609386384487,0.4762215586623428
n50_i1105025_T_a2202_LEGACY,n50_i1105025_T_a2202,50,1105025,T,2202,LEGACY,0.25,0.02643159218132496,0.5547132167193202
n50_i1105025_T_a2202_LEGACY,n50_i1105025_T_a2202,50,1105025,T,2202,LEGACY,0.5,0.014731744304299355,0.620800880278536
n50_i1105025_T_a2202_LEGACY,n50_i1105025_T_a2202,50,1105025,T,2202,LEGACY,0.75,0.3867732426151633,0.7176311186027023
n50_i1105025_T_a2202_LEGACY,n50_i1105025_T_a2202,50,1105025,T,2202,LEGACY,0.9,2.7349218726158142e-05,0.7473500296611265
n50_i1105025_T_a2202_LEGACY,n50_i1105025_T_a2202,50,1105025,T,2202,LEGACY,1.0,0.2009619865566492,0.7521075151142349
n50_i1105025_T_a2202_REFERENCE,n50_i1105025_T_a2202,50,1105025,T,2202,REFERENCE,0.1,0.1288384571671486,0.5840191881610298
n50_i1105025_T_a2202_REFERENCE,n50_i1105025_T_a2202,50,1105025,T,2202,REFERENCE,0.25,0.13995085004717112,0.829166587039481
n50_i1105025_T_a2202_REFERENCE,n50_i1105025_T_a2202,50,1105025,T,2202,REFERENCE,0.5,0.00382809154689312,0.8365844515976197
n50_i1105025_T_a2202_REFERENCE,n50_i1105025_T_a2202,50,1105025,T,2202,REFERENCE,0.75,0.11498316191136837,0.8537921272601676
n50_i1105025_T_a2202_REFERENCE,n50_i1105025_T_a2202,50,1105025,T,2202,REFERENCE,0.9,0.06637392286211252,0.9143685026704969
n50_i1105025_T_a2202_REFERENCE,n50_i1105025_T_a2202,50,1105025,T,2202,REFERENCE,1.0,0.2344521563500166,0.92121393236865
n50_i1105025_T_a2202_W,n50_i1105025_T_a2202,50,1105025,T,2202,W,0.1,0.27047351002693176,0.48687717108498024
n50_i1105025_T_a2202_W,n50_i1105025_T_a2202,50,1105025,T,2202,W,0.25,0.3005043137818575,0.5794150567045094
n50_i1105025_T_a2202_W,n50_i1105025_T_a2202,50,1105025,T,2202,W,0.5,0.0005449783056974411,0.6382860367758154
n50_i1105025_T_a2202_W,n50_i1105025_T_a2202,50,1105025,T,2202,W,0.75,0.03309420123696327,0.666612900400326
n50_i1105025_T_a2202_W,n50_i1105025_T_a2202,50,1105025,T,2202,W,0.9,0.2860813969746232,0.7076026484001904
n50_i1105025_T_a2202_W,n50_i1105025_T_a2202,50,1105025,T,2202,W,1.0,0.2552170129492879,0.710258229469623
n50_i1105026_H_a2202_W,n50_i1105026_H_a2202,50,1105026,H,2202,W,0.1,0.03515773732215166,0.8170236221987518
n50_i1105026_H_a2202_W,n50_i1105026_H_a2202,50,1105026,H,2202,W,0.25,0.001813695766031742,0.9345825058970323
n50_i1105026_H_a2202_W,n50_i1105026_H_a2202,50,1105026,H,2202,W,0.5,0.36350874602794647,0.9715780428226275
n50_i1105026_H_a2202_W,n50_i1105026_H_a2202,50,1105026,H,2202,W,0.75,0.0020109377801418304,1.0073682443998904
n50_i1105026_H_a2202_W,n50_i1105026_H_a2202,50,1105026,H,2202,W,0.9,0.1686696046963334,1.0168264625106165
n50_i1105026_H_a2202_W,n50_i1105026_H_a2202,50,1105026,H,2202,W,1.0,0.2631356492638588,1.0185547021565682
n50_i1105026_H_a2202_GW,n50_i1105026_H_a2202,50,1105026,H,2202,GW,0.1,0.025337363593280315,0.8170236221987518
n50_i1105026_H_a2202_GW,n50_i1105026_H_a2202,50,1105026,H,2202,GW,0.25,0.003030073828995228,0.9345825058970323
n50_i1105026_H_a2202_GW,n50_i1105026_H_a2202,50,1105026,H,2202,GW,0.5,0.005988629534840584,0.9817499665625675
n50_i1105026_H_a2202_GW,n50_i1105026_H_a2202,50,1105026,H,2202,GW,0.75,0.004914679564535618,1.028990544711508
n50_i1105026_H_a2202_GW,n50_i1105026_H_a2202,50,1105026,H,2202,GW,0.9,0.01621897704899311,1.0671749894226314
n50_i1105026_H_a2202_GW,n50_i1105026_H_a2202,50,1105026,H,2202,GW,1.0,0.05113060399889946,1.077455102877703
n50_i1105026_H_a2202_LEGACY,n50_i1105026_H_a2202,50,1105026,H,2202,LEGACY,0.1,0.06340244971215725,0.6329250786192584
n50_i1105026_H_a2202_LEGACY,n50_i1105026_H_a2202,50,1105026,H,2202,LEGACY,0.25,0.0023726755753159523,0.7316595037501643
n50_i1105026_H_a2202_LEGACY,n50_i1105026_H_a2202,50,1105026,H,2202,LEGACY,0.5,0.006729911081492901,0.8046146178882105
n50_i1105026_H_a2202_LEGACY,n50_i1105026_H_a2202,50,1105026,H,2202,LEGACY,0.75,0.002139776013791561,1.0326287525606133
n50_i1105026_H_a2202_LEGACY,n50_i1105026_H_a2202,50,1105026,H,2202,LEGACY,0.9,0.007849160581827164,1.0749948746148734
n50_i1105026_H_a2202_LEGACY,n50_i1105026_H_a2202,50,1105026,H,2202,LEGACY,1.0,0.1585207488387823,1.07546256465143
n50_i1105026_H_a2202_REFERENCE,n50_i1105026_H_a2202,50,1105026,H,2202,REFERENCE,0.1,0.007218748331069946,0.7327535127026441
n50_i1105026_H_a2202_REFERENCE,n50_i1105026_H_a2202,50,1105026,H,2202,REFERENCE,0.25,0.19311607535928488,0.884820734492175
n50_i1105026_H_a2202_REFERENCE,n50_i1105026_H_a2202,50,1105026,H,2202,REFERENCE,0.5,0.0013165473937988281,1.0285596846775986
n50_i1105026_H_a2202_REFERENCE,n50_i1105026_H_a2202,50,1105026,H,2202,REFERENCE,0.75,0.048690494149923325,1.044454707994104
n50_i1105026_H_a2202_REFERENCE,n50_i1105026_H_a2202,50,1105026,H,2202,REFERENCE,0.9,0.018941120244562626,1.049174160159841
n50_i1105026_H_a2202_REFERENCE,n50_i1105026_H_a2202,50,1105026,H,2202,REFERENCE,1.0,0.27721237298101187,1.0509622038020372
n50_i1105026_H_a1101_LEGACY,n50_i1105026_H_a1101,50,1105026,H,1101,LEGACY,0.1,0.047331747598946095,0.6297197447658756
n50_i1105026_H_a1101_LEGACY,n50_i1105026_H_a1101,50,1105026,H,1101,LEGACY,0.25,0.0012596193701028824,0.8800025373145954
n50_i1105026_H_a1101_LEGACY,n50_i1105026_H_a1101,50,1105026,H,1101,LEGACY,0.5,0.002884926274418831,0.9108639781644826
n50_i1105026_H_a1101_LEGACY,n50_i1105026_H_a1101,50,1105026,H,1101,LEGACY,0.75,0.23256885912269354,0.9417238318364434
n50_i1105026_H_a1101_LEGACY,n50_i1105026_H_a1101,50,1105026,H,1101,LEGACY,0.9,0.010862169787287712,0.9498594912914508
n50_i1105026_H_a1101_LEGACY,n50_i1105026_H_a1101,50,1105026,H,1101,LEGACY,1.0,0.27026835177093744,0.9546271073449007
n50_i1105026_H_a1101_REFERENCE,n50_i1105026_H_a1101,50,1105026,H,1101,REFERENCE,0.1,0.04376525618135929,0.5537269725077155
n50_i1105026_H_a1101_REFERENCE,n50_i1105026_H_a1101,50,1105026,H,1101,REFERENCE,0.25,0.02817316073924303,0.7233732236416769
n50_i1105026_H_a1101_REFERENCE,n50_i1105026_H_a1101,50,1105026,H,1101,REFERENCE,0.5,0.002156458795070648,0.8676354675348754
n50_i1105026_H_a1101_REFERENCE,n50_i1105026_H_a1101,50,1105026,H,1101,REFERENCE,0.75,0.4175777416676283,0.8746367532032484
n50_i1105026_H_a1101_REFERENCE,n50_i1105026_H_a1101,50,1105026,H,1101,REFERENCE,0.9,0.4507888676598668,0.88818542269725
n50_i1105026_H_a1101_REFERENCE,n50_i1105026_H_a1101,50,1105026,H,1101,REFERENCE,1.0,0.16793117206543684,0.890578233573324
n50_i1105026_H_a1101_W,n50_i1105026_H_a1101,50,1105026,H,1101,W,0.1,0.018067955039441586,0.7010868029959074
n50_i1105026_H_a1101_W,n50_i1105026_H_a1101,50,1105026,H,1101,W,0.25,0.004028618335723877,1.0396288926035966
n50_i1105026_H_a1101_W,n50_i1105026_H_a1101,50,1105026,H,1101,W,0.5,0.04630676843225956,1.061828114308928
n50_i1105026_H_a1101_W,n50_i1105026_H_a1101,50,1105026,H,1101,W,0.75,0.1023627482354641,1.0816731852480055
n50_i1105026_H_a1101_W,n50_i1105026_H_a1101,50,1105026,H,1101,W,0.9,0.038550252094864845,1.0905317936996135
n50_i1105026_H_a1101_W,n50_i1105026_H_a1101,50,1105026,H,1101,W,1.0,0.2843351783230901,1.0910653061085722
n50_i1105026_H_a1101_GW,n50_i1105026_H_a1101,50,1105026,H,1101,GW,0.1,0.06165157072246075,0.7011277091463478
n50_i1105026_H_a1101_GW,n50_i1105026_H_a1101,50,1105026,H,1101,GW,0.25,0.005860540084540844,1.0396338114687251
n50_i1105026_H_a1101_GW,n50_i1105026_H_a1101,50,1105026,H,1101,GW,0.5,0.06032596714794636,1.0644364618979283
n50_i1105026_H_a1101_GW,n50_i1105026_H_a1101,50,1105026,H,1101,GW,0.75,0.005334476009011269,1.0819357115901551
n50_i1105026_H_a1101_GW,n50_i1105026_H_a1101,50,1105026,H,1101,GW,0.9,0.047546667978167534,1.0828533059873364
n50_i1105026_H_a1101_GW,n50_i1105026_H_a1101,50,1105026,H,1101,GW,1.0,0.01369769312441349,1.0845592516004576
n50_i1105026_T_a1101_REFERENCE,n50_i1105026_T_a1101,50,1105026,T,1101,REFERENCE,0.1,0.019509682431817055,0.6530525464576571
n50_i1105026_T_a1101_REFERENCE,n50_i1105026_T_a1101,50,1105026,T,1101,REFERENCE,0.25,0.001002536155283451,0.7774466881768534
n50_i1105026_T_a1101_REFERENCE,n50_i1105026_T_a1101,50,1105026,T,1101,REFERENCE,0.5,0.011882047168910503,0.8622000512425477
n50_i1105026_T_a1101_REFERENCE,n50_i1105026_T_a1101,50,1105026,T,1101,REFERENCE,0.75,0.3522564619779587,0.9250423278873475
n50_i1105026_T_a1101_REFERENCE,n50_i1105026_T_a1101,50,1105026,T,1101,REFERENCE,0.9,0.04347979836165905,0.9328688419207339
n50_i1105026_T_a1101_REFERENCE,n50_i1105026_T_a1101,50,1105026,T,1101,REFERENCE,1.0,0.06116087082773447,0.9354327544066939
n50_i1105026_T_a1101_W,n50_i1105026_T_a1101,50,1105026,T,1101,W,0.1,0.05845325626432896,0.7407449400671803
n50_i1105026_T_a1101_W,n50_i1105026_T_a1101,50,1105026,T,1101,W,0.25,0.0003239782527089119,0.890894619517176
n50_i1105026_T_a1101_W,n50_i1105026_T_a1101,50,1105026,T,1101,W,0.5,0.03861174173653126,0.9630580846251396
n50_i1105026_T_a1101_W,n50_i1105026_T_a1101,50,1105026,T,1101,W,0.75,0.0001119980588555336,0.9950165734014939
n50_i1105026_T_a1101_W,n50_i1105026_T_a1101,50,1105026,T,1101,W,0.9,0.20273613184690475,1.0327014485117973
n50_i1105026_T_a1101_W,n50_i1105026_T_a1101,50,1105026,T,1101,W,1.0,0.27928253542631865,1.0411194371719463
n50_i1105026_T_a1101_GW,n50_i1105026_T_a1101,50,1105026,T,1101,GW,0.1,0.000857028178870678,0.7899789728195679
n50_i1105026_T_a1101_GW,n50_i1105026_T_a1101,50,1105026,T,1101,GW,0.25,0.06345572136342525,0.9007998119750161
n50_i1105026_T_a1101_GW,n50_i1105026_T_a1101,50,1105026,T,1101,GW,0.5,0.02015923149883747,1.0246142819751307
n50_i1105026_T_a1101_GW,n50_i1105026_T_a1101,50,1105026,T,1101,GW,0.75,0.2779223760589957,1.0518676440091017
n50_i1105026_T_a1101_GW,n50_i1105026_T_a1101,50,1105026,T,1101,GW,0.9,0.01971742045134306,1.0677108574389182
n50_i1105026_T_a1101_GW,n50_i1105026_T_a1101,50,1105026,T,1101,GW,1.0,0.04882992338389158,1.068962447443566
n50_i1105026_T_a1101_LEGACY,n50_i1105026_T_a1101,50,1105026,T,1101,LEGACY,0.1,0.011471915058791637,0.6360300210767029
n50_i1105026_T_a1101_LEGACY,n50_i1105026_T_a1101,50,1105026,T,1101,LEGACY,0.25,0.049069992266595364,0.7173008700330373
n50_i1105026_T_a1101_LEGACY,n50_i1105026_T_a1101,50,1105026,T,1101,LEGACY,0.5,0.05706479586660862,0.8633153905079057
n50_i1105026_T_a1101_LEGACY,n50_i1105026_T_a1101,50,1105026,T,1101,LEGACY,0.75,0.004030521959066391,0.9387379319795751
n50_i1105026_T_a1101_LEGACY,n50_i1105026_T_a1101,50,1105026,T,1101,LEGACY,0.9,0.14577797055244446,0.9772856763727042
n50_i1105026_T_a1101_LEGACY,n50_i1105026_T_a1101,50,1105026,T,1101,LEGACY,1.0,0.26059073116630316,0.9817681224059612
n50_i1105026_T_a2202_GW,n50_i1105026_T_a2202,50,1105026,T,2202,GW,0.1,0.021098746918141842,0.7121352139491518
n50_i1105026_T_a2202_GW,n50_i1105026_T_a2202,50,1105026,T,2202,GW,0.25,0.0007757777348160744,0.8179885204102197
n50_i1105026_T_a2202_GW,n50_i1105026_T_a2202,50,1105026,T,2202,GW,0.5,0.004396902397274971,0.9264999351598271
n50_i1105026_T_a2202_GW,n50_i1105026_T_a2202,50,1105026,T,2202,GW,0.75,0.010212191380560398,0.9882733902764921
n50_i1105026_T_a2202_GW,n50_i1105026_T_a2202,50,1105026,T,2202,GW,0.9,0.03823382779955864,1.0213254091399537
n50_i1105026_T_a2202_GW,n50_i1105026_T_a2202,50,1105026,T,2202,GW,1.0,0.16917026974260807,1.048680677544101
n50_i1105026_T_a2202_LEGACY,n50_i1105026_T_a2202,50,1105026,T,2202,LEGACY,0.1,0.010103357024490833,0.7030769525779169
n50_i1105026_T_a2202_LEGACY,n50_i1105026_T_a2202,50,1105026,T,2202,LEGACY,0.25,0.005568616092205048,0.7690824593474379
n50_i1105026_T_a2202_LEGACY,n50_i1105026_T_a2202,50,1105026,T,2202,LEGACY,0.5,0.023256867192685604,0.8450477813336004
n50_i1105026_T_a2202_LEGACY,n50_i1105026_T_a2202,50,1105026,T,2202,LEGACY,0.75,0.05491441302001476,0.9289991092058223
n50_i1105026_T_a2202_LEGACY,n50_i1105026_T_a2202,50,1105026,T,2202,LEGACY,0.9,0.012529736384749413,0.9382995969927979
n50_i1105026_T_a2202_LEGACY,n50_i1105026_T_a2202,50,1105026,T,2202,LEGACY,1.0,0.13673395942896605,0.9391153009524555
n50_i1105026_T_a2202_REFERENCE,n50_i1105026_T_a2202,50,1105026,T,2202,REFERENCE,0.1,0.04850827995687723,0.6748287852821333
n50_i1105026_T_a2202_REFERENCE,n50_i1105026_T_a2202,50,1105026,T,2202,REFERENCE,0.25,0.03035815805196762,0.8183311934284848
n50_i1105026_T_a2202_REFERENCE,n50_i1105026_T_a2202,50,1105026,T,2202,REFERENCE,0.5,0.002805231139063835,0.8999111407470924
n50_i1105026_T_a2202_REFERENCE,n50_i1105026_T_a2202,50,1105026,T,2202,REFERENCE,0.75,0.0030827904120087624,0.9436742916124768
n50_i1105026_T_a2202_REFERENCE,n50_i1105026_T_a2202,50,1105026,T,2202,REFERENCE,0.9,0.029033197090029716,0.9632021994907534
n50_i1105026_T_a2202_REFERENCE,n50_i1105026_T_a2202,50,1105026,T,2202,REFERENCE,1.0,0.09720024093985558,0.9839685613842952
n50_i1105026_T_a2202_W,n50_i1105026_T_a2202,50,1105026,T,2202,W,0.1,0.0009898385033011436,0.7121352139491518
n50_i1105026_T_a2202_W,n50_i1105026_T_a2202,50,1105026,T,2202,W,0.25,0.05638973228633404,0.8163873760368383
n50_i1105026_T_a2202_W,n50_i1105026_T_a2202,50,1105026,T,2202,W,0.5,0.013090578839182854,0.8864646268258038
n50_i1105026_T_a2202_W,n50_i1105026_T_a2202,50,1105026,T,2202,W,0.75,0.003827645443379879,0.9551747951315435
n50_i1105026_T_a2202_W,n50_i1105026_T_a2202,50,1105026,T,2202,W,0.9,0.09765027370303869,0.9787335178699748
n50_i1105026_T_a2202_W,n50_i1105026_T_a2202,50,1105026,T,2202,W,1.0,0.26292280573397875,0.9878753718136655
n50_i1105027_H_a2202_W,n50_i1105027_H_a2202,50,1105027,H,2202,W,0.1,0.0026645567268133163,0.4518316675497122
n50_i1105027_H_a2202_W,n50_i1105027_H_a2202,50,1105027,H,2202,W,0.25,0.06239459663629532,0.6240167847204006
n50_i1105027_H_a2202_W,n50_i1105027_H_a2202,50,1105027,H,2202,W,0.5,0.0995246721431613,0.7678219986317085
n50_i1105027_H_a2202_W,n50_i1105027_H_a2202,50,1105027,H,2202,W,0.75,0.0038648489862680435,0.861712956533021
n50_i1105027_H_a2202_W,n50_i1105027_H_a2202,50,1105027,H,2202,W,0.9,0.03136639669537544,0.8767971087551799
n50_i1105027_H_a2202_W,n50_i1105027_H_a2202,50,1105027,H,2202,W,1.0,0.11348332557827234,0.8827495774813717
n50_i1105027_H_a2202_GW,n50_i1105027_H_a2202,50,1105027,H,2202,GW,0.1,0.01308052334934473,0.44438279416126997
n50_i1105027_H_a2202_GW,n50_i1105027_H_a2202,50,1105027,H,2202,GW,0.25,0.00025634001940488815,0.6222365009799234
n50_i1105027_H_a2202_GW,n50_i1105027_H_a2202,50,1105027,H,2202,GW,0.5,0.02001566719263792,0.7618389162375756
n50_i1105027_H_a2202_GW,n50_i1105027_H_a2202,50,1105027,H,2202,GW,0.75,0.05703330598771572,0.9136066487314153
n50_i1105027_H_a2202_GW,n50_i1105027_H_a2202,50,1105027,H,2202,GW,0.9,0.2787925712764263,0.924132527961674
n50_i1105027_H_a2202_GW,n50_i1105027_H_a2202,50,1105027,H,2202,GW,1.0,0.10966719593852758,0.9279439289059899
n50_i1105027_H_a2202_LEGACY,n50_i1105027_H_a2202,50,1105027,H,2202,LEGACY,0.1,0.18270894046872854,0.3172060416305873
n50_i1105027_H_a2202_LEGACY,n50_i1105027_H_a2202,50,1105027,H,2202,LEGACY,0.25,0.004199596121907234,0.5052613271285825
n50_i1105027_H_a2202_LEGACY,n50_i1105027_H_a2202,50,1105027,H,2202,LEGACY,0.5,0.006358969025313854,0.8154488528126286
n50_i1105027_H_a2202_LEGACY,n50_i1105027_H_a2202,50,1105027,H,2202,LEGACY,0.75,0.21367807779461145,0.863457131148525
n50_i1105027_H_a2202_LEGACY,n50_i1105027_H_a2202,50,1105027,H,2202,LEGACY,0.9,0.10550841037184,0.9107386845882013
n50_i1105027_H_a2202_LEGACY,n50_i1105027_H_a2202,50,1105027,H,2202,LEGACY,1.0,0.003594059497117996,0.9125988024876164
n50_i1105027_H_a2202_REFERENCE,n50_i1105027_H_a2202,50,1105027,H,2202,REFERENCE,0.1,0.014534767717123032,0.40786165851350015
n50_i1105027_H_a2202_REFERENCE,n50_i1105027_H_a2202,50,1105027,H,2202,REFERENCE,0.25,0.017551849596202374,0.5757792318019784
n50_i1105027_H_a2202_REFERENCE,n50_i1105027_H_a2202,50,1105027,H,2202,REFERENCE,0.5,0.14147350937128067,0.6554808910699251
n50_i1105027_H_a2202_REFERENCE,n50_i1105027_H_a2202,50,1105027,H,2202,REFERENCE,0.75,0.054403829388320446,0.6832329405067477
n50_i1105027_H_a2202_REFERENCE,n50_i1105027_H_a2202,50,1105027,H,2202,REFERENCE,0.9,0.0031097596511244774,0.6881550181838756
n50_i1105027_H_a2202_REFERENCE,n50_i1105027_H_a2202,50,1105027,H,2202,REFERENCE,1.0,0.1893522460013628,0.6900926597497635
n50_i1105027_H_a1101_LEGACY,n50_i1105027_H_a1101,50,1105027,H,1101,LEGACY,0.1,0.04192767012864351,0.3012864856337948
n50_i1105027_H_a1101_LEGACY,n50_i1105027_H_a1101,50,1105027,H,1101,LEGACY,0.25,0.02734897844493389,0.3606052182836687
n50_i1105027_H_a1101_LEGACY,n50_i1105027_H_a1101,50,1105027,H,1101,LEGACY,0.5,0.2606532834470272,0.4719015310120387
n50_i1105027_H_a1101_LEGACY,n50_i1105027_H_a1101,50,1105027,H,1101,LEGACY,0.75,0.006620376370847225,0.7099365407598309
n50_i1105027_H_a1101_LEGACY,n50_i1105027_H_a1101,50,1105027,H,1101,LEGACY,0.9,0.01899996865540743,0.7261588984394963
n50_i1105027_H_a1101_LEGACY,n50_i1105027_H_a1101,50,1105027,H,1101,LEGACY,1.0,0.36370053701102734,0.7267514818872826
n50_i1105027_H_a1101_REFERENCE,n50_i1105027_H_a1101,50,1105027,H,1101,REFERENCE,0.1,0.05297425668686628,0.2739044965012544
n50_i1105027_H_a1101_REFERENCE,n50_i1105027_H_a1101,50,1105027,H,1101,REFERENCE,0.25,0.21320730913430452,0.44472668460191805
n50_i1105027_H_a1101_REFERENCE,n50_i1105027_H_a1101,50,1105027,H,1101,REFERENCE,0.5,7.224082946777344e-05,0.533356446831239
n50_i1105027_H_a1101_REFERENCE,n50_i1105027_H_a1101,50,1105027,H,1101,REFERENCE,0.75,0.06533096637576818,0.6817455234744323
n50_i1105027_H_a1101_REFERENCE,n50_i1105027_H_a1101,50,1105027,H,1101,REFERENCE,0.9,0.4360673325136304,0.7014101291303807
n50_i1105027_H_a1101_REFERENCE,n50_i1105027_H_a1101,50,1105027,H,1101,REFERENCE,1.0,0.45068752206861973,0.7115148257314277
n50_i1105027_H_a1101_W,n50_i1105027_H_a1101,50,1105027,H,1101,W,0.1,0.05623479746282101,0.2743985603788695
n50_i1105027_H_a1101_W,n50_i1105027_H_a1101,50,1105027,H,1101,W,0.25,0.0015559280291199684,0.6047522329044986
n50_i1105027_H_a1101_W,n50_i1105027_H_a1101,50,1105027,H,1101,W,0.5,0.06947461888194084,0.6619319317774586
n50_i1105027_H_a1101_W,n50_i1105027_H_a1101,50,1105027,H,1101,W,0.75,0.005492993630468845,0.740726111908424
n50_i1105027_H_a1101_W,n50_i1105027_H_a1101,50,1105027,H,1101,W,0.9,0.052051519975066185,0.7883747035796772
n50_i1105027_H_a1101_W,n50_i1105027_H_a1101,50,1105027,H,1101,W,1.0,0.124542904086411,0.7903895901812215
n50_i1105027_H_a1101_GW,n50_i1105027_H_a1101,50,1105027,H,1101,GW,0.1,0.0022252267226576805,0.2743985603788695
n50_i1105027_H_a1101_GW,n50_i1105027_H_a1101,50,1105027,H,1101,GW,0.25,0.2166162608191371,0.5847038454482012
n50_i1105027_H_a1101_GW,n50_i1105027_H_a1101,50,1105027,H,1101,GW,0.5,0.00229700468480587,0.716855389748786
n50_i1105027_H_a1101_GW,n50_i1105027_H_a1101,50,1105027,H,1101,GW,0.75,0.02339767385274172,0.7425329341625388
n50_i1105027_H_a1101_GW,n50_i1105027_H_a1101,50,1105027,H,1101,GW,0.9,0.004141426645219326,0.7514878714148787
n50_i1105027_H_a1101_GW,n50_i1105027_H_a1101,50,1105027,H,1101,GW,1.0,0.3352501066401601,0.752427564560904
n50_i1105027_T_a1101_REFERENCE,n50_i1105027_T_a1101,50,1105027,T,1101,REFERENCE,0.1,0.03997577540576458,0.7004873236747089
n50_i1105027_T_a1101_REFERENCE,n50_i1105027_T_a1101,50,1105027,T,1101,REFERENCE,0.25,0.0010024895891547203,0.7736960276144014
n50_i1105027_T_a1101_REFERENCE,n50_i1105027_T_a1101,50,1105027,T,1101,REFERENCE,0.5,0.05570964515209198,0.8846685518608366
n50_i1105027_T_a1101_REFERENCE,n50_i1105027_T_a1101,50,1105027,T,1101,REFERENCE,0.75,0.10597788821905851,0.9062577418722875
n50_i1105027_T_a1101_REFERENCE,n50_i1105027_T_a1101,50,1105027,T,1101,REFERENCE,0.9,0.0024927454069256783,0.9373867160687679
n50_i1105027_T_a1101_REFERENCE,n50_i1105027_T_a1101,50,1105027,T,1101,REFERENCE,1.0,0.07002317067235708,0.9419179563705149
n50_i1105027_T_a1101_W,n50_i1105027_T_a1101,50,1105027,T,1101,W,0.1,0.0003433525562286377,0.7067831791798861
n50_i1105027_T_a1101_W,n50_i1105027_T_a1101,50,1105027,T,1101,W,0.25,0.2085402449592948,0.8627555384725532
n50_i1105027_T_a1101_W,n50_i1105027_T_a1101,50,1105027,T,1101,W,0.5,0.013315812684595585,0.9399179231920681
n50_i1105027_T_a1101_W,n50_i1105027_T_a1101,50,1105027,T,1101,W,0.75,0.045443165116012096,0.9813355056986578
n50_i1105027_T_a1101_W,n50_i1105027_T_a1101,50,1105027,T,1101,W,0.9,0.03241212572902441,0.9848574281843628
n50_i1105027_T_a1101_W,n50_i1105027_T_a1101,50,1105027,T,1101,W,1.0,0.2173655927181244,0.9869048069202789
n50_i1105027_T_a1101_GW,n50_i1105027_T_a1101,50,1105027,T,1101,GW,0.1,0.0333508625626564,0.7013529780926523
n50_i1105027_T_a1101_GW,n50_i1105027_T_a1101,50,1105027,T,1101,GW,0.25,0.002565395087003708,0.8169770078703232
n50_i1105027_T_a1101_GW,n50_i1105027_T_a1101,50,1105027,T,1101,GW,0.5,0.015053884126245975,0.8867432235512221
n50_i1105027_T_a1101_GW,n50_i1105027_T_a1101,50,1105027,T,1101,GW,0.75,0.05042346753180027,0.9111856279109917
n50_i1105027_T_a1101_GW,n50_i1105027_T_a1101,50,1105027,T,1101,GW,0.9,0.0289450166746974,0.9163280463954236
n50_i1105027_T_a1101_GW,n50_i1105027_T_a1101,50,1105027,T,1101,GW,1.0,0.00540741253644228,0.9262532121046578
n50_i1105027_T_a1101_LEGACY,n50_i1105027_T_a1101,50,1105027,T,1101,LEGACY,0.1,0.003093224950134754,0.39760511601259874
n50_i1105027_T_a1101_LEGACY,n50_i1105027_T_a1101,50,1105027,T,1101,LEGACY,0.25,0.007832285948097706,0.47741139719508713
n50_i1105027_T_a1101_LEGACY,n50_i1105027_T_a1101,50,1105027,T,1101,LEGACY,0.5,0.030163009651005268,0.7682085561671047
n50_i1105027_T_a1101_LEGACY,n50_i1105027_T_a1101,50,1105027,T,1101,LEGACY,0.75,0.265826647169888,0.8294568229072659
n50_i1105027_T_a1101_LEGACY,n50_i1105027_T_a1101,50,1105027,T,1101,LEGACY,0.9,0.007909975945949554,0.8365260801436217
n50_i1105027_T_a1101_LEGACY,n50_i1105027_T_a1101,50,1105027,T,1101,LEGACY,1.0,0.08391222264617682,0.8845198734350526
n50_i1105027_T_a2202_GW,n50_i1105027_T_a2202,50,1105027,T,2202,GW,0.1,0.05429529771208763,0.5561621195085069
n50_i1105027_T_a2202_GW,n50_i1105027_T_a2202,50,1105027,T,2202,GW,0.25,0.05233320593833923,0.7029021997700292
n50_i1105027_T_a2202_GW,n50_i1105027_T_a2202,50,1105027,T,2202,GW,0.5,0.02266190480440855,0.8283071567946282
n50_i1105027_T_a2202_GW,n50_i1105027_T_a2202,50,1105027,T,2202,GW,0.75,0.10728344600647688,1.0048514456685382
n50_i1105027_T_a2202_GW,n50_i1105027_T_a2202,50,1105027,T,2202,GW,0.9,0.020585197024047375,1.0143322259268597
n50_i1105027_T_a2202_GW,n50_i1105027_T_a2202,50,1105027,T,2202,GW,1.0,0.34822804294526577,1.0206289754309266
n50_i1105027_T_a2202_LEGACY,n50_i1105027_T_a2202,50,1105027,T,2202,LEGACY,0.1,0.017622054554522038,0.5210873239836816
n50_i1105027_T_a2202_LEGACY,n50_i1105027_T_a2202,50,1105027,T,2202,LEGACY,0.25,0.032440898939967155,0.6782538776660406
n50_i1105027_T_a2202_LEGACY,n50_i1105027_T_a2202,50,1105027,T,2202,LEGACY,0.5,0.2541858972981572,0.8723531800653667
n50_i1105027_T_a2202_LEGACY,n50_i1105027_T_a2202,50,1105027,T,2202,LEGACY,0.75,0.26132931001484394,0.8877654194559192
n50_i1105027_T_a2202_LEGACY,n50_i1105027_T_a2202,50,1105027,T,2202,LEGACY,0.9,0.0643305005505681,0.8967785482021114
n50_i1105027_T_a2202_LEGACY,n50_i1105027_T_a2202,50,1105027,T,2202,LEGACY,1.0,0.21660649124532938,0.8985593125599008
n50_i1105027_T_a2202_REFERENCE,n50_i1105027_T_a2202,50,1105027,T,2202,REFERENCE,0.1,0.2887934111058712,0.45497158499895846
n50_i1105027_T_a2202_REFERENCE,n50_i1105027_T_a2202,50,1105027,T,2202,REFERENCE,0.25,0.09281439613550901,0.6400059214432258
n50_i1105027_T_a2202_REFERENCE,n50_i1105027_T_a2202,50,1105027,T,2202,REFERENCE,0.5,0.09048837888985872,0.8854338530264961
n50_i1105027_T_a2202_REFERENCE,n50_i1105027_T_a2202,50,1105027,T,2202,REFERENCE,0.75,0.0011526886373758316,1.02606892228997
n50_i1105027_T_a2202_REFERENCE,n50_i1105027_T_a2202,50,1105027,T,2202,REFERENCE,0.9,0.4157569147646427,1.0456568797610912
n50_i1105027_T_a2202_REFERENCE,n50_i1105027_T_a2202,50,1105027,T,2202,REFERENCE,1.0,0.3315855413675308,1.0559897657051551
n50_i1105027_T_a2202_W,n50_i1105027_T_a2202,50,1105027,T,2202,W,0.1,0.10101451259106398,0.5559915493715435
n50_i1105027_T_a2202_W,n50_i1105027_T_a2202,50,1105027,T,2202,W,0.25,0.24210867006331682,0.701199933192641
n50_i1105027_T_a2202_W,n50_i1105027_T_a2202,50,1105027,T,2202,W,0.5,0.21064399741590023,0.7926097906652222
n50_i1105027_T_a2202_W,n50_i1105027_T_a2202,50,1105027,T,2202,W,0.75,0.0017614690586924553,0.8217064719239088
n50_i1105027_T_a2202_W,n50_i1105027_T_a2202,50,1105027,T,2202,W,0.9,0.002578803338110447,0.8273526466546919
n50_i1105027_T_a2202_W,n50_i1105027_T_a2202,50,1105027,T,2202,W,1.0,0.10837724711745977,0.8292312094665817
n50_i1105028_H_a2202_W,n50_i1105028_H_a2202,50,1105028,H,2202,W,0.1,0.06254996173083782,0.3668861723092125
n50_i1105028_H_a2202_W,n50_i1105028_H_a2202,50,1105028,H,2202,W,0.25,0.01327823381870985,0.6283496312584735
n50_i1105028_H_a2202_W,n50_i1105028_H_a2202,50,1105028,H,2202,W,0.5,0.1287888027727604,0.7353049396922423
n50_i1105028_H_a2202_W,n50_i1105028_H_a2202,50,1105028,H,2202,W,0.75,0.00046005938202142715,0.8158795987868572
n50_i1105028_H_a2202_W,n50_i1105028_H_a2202,50,1105028,H,2202,W,0.9,0.0039012478664517403,0.8585451131847815
n50_i1105028_H_a2202_W,n50_i1105028_H_a2202,50,1105028,H,2202,W,1.0,0.006778565235435963,0.8809239735568303
n50_i1105028_H_a2202_GW,n50_i1105028_H_a2202,50,1105028,H,2202,GW,0.1,0.00904681533575058,0.36087160899887794
n50_i1105028_H_a2202_GW,n50_i1105028_H_a2202,50,1105028,H,2202,GW,0.25,0.018991339951753616,0.6249842067747817
n50_i1105028_H_a2202_GW,n50_i1105028_H_a2202,50,1105028,H,2202,GW,0.5,0.11680887080729008,0.7195123667009868
n50_i1105028_H_a2202_GW,n50_i1105028_H_a2202,50,1105028,H,2202,GW,0.75,0.06969336699694395,0.7355061984914911
n50_i1105028_H_a2202_GW,n50_i1105028_H_a2202,50,1105028,H,2202,GW,0.9,0.009654790163040161,0.744978825897163
n50_i1105028_H_a2202_GW,n50_i1105028_H_a2202,50,1105028,H,2202,GW,1.0,0.20760404784232378,0.7454577705929221
n50_i1105028_H_a2202_LEGACY,n50_i1105028_H_a2202,50,1105028,H,2202,LEGACY,0.1,0.04183254111558199,0.3588145064733594
n50_i1105028_H_a2202_LEGACY,n50_i1105028_H_a2202,50,1105028,H,2202,LEGACY,0.25,0.010859212838113308,0.5192582075854075
n50_i1105028_H_a2202_LEGACY,n50_i1105028_H_a2202,50,1105028,H,2202,LEGACY,0.5,0.022351902909576893,0.8418946745617271
n50_i1105028_H_a2202_LEGACY,n50_i1105028_H_a2202,50,1105028,H,2202,LEGACY,0.75,0.16761820949614048,1.0069194126224679
n50_i1105028_H_a2202_LEGACY,n50_i1105028_H_a2202,50,1105028,H,2202,LEGACY,0.9,0.30184502713382244,1.024532096585589
n50_i1105028_H_a2202_LEGACY,n50_i1105028_H_a2202,50,1105028,H,2202,LEGACY,1.0,0.30507257115095854,1.0387425983815446
n50_i1105028_H_a2202_REFERENCE,n50_i1105028_H_a2202,50,1105028,H,2202,REFERENCE,0.1,0.018225538544356823,0.36497805720036025
n50_i1105028_H_a2202_REFERENCE,n50_i1105028_H_a2202,50,1105028,H,2202,REFERENCE,0.25,0.02226029895246029,0.7777270101421393
n50_i1105028_H_a2202_REFERENCE,n50_i1105028_H_a2202,50,1105028,H,2202,REFERENCE,0.5,0.0023715943098068237,0.8762454111130267
n50_i1105028_H_a2202_REFERENCE,n50_i1105028_H_a2202,50,1105028,H,2202,REFERENCE,0.75,0.6008377354592085,0.8912996333549195
n50_i1105028_H_a2202_REFERENCE,n50_i1105028_H_a2202,50,1105028,H,2202,REFERENCE,0.9,0.012450414709746838,0.9573199036566679
n50_i1105028_H_a2202_REFERENCE,n50_i1105028_H_a2202,50,1105028,H,2202,REFERENCE,1.0,0.15786002203822136,0.9648995511276555
n50_i1105028_H_a1101_LEGACY,n50_i1105028_H_a1101,50,1105028,H,1101,LEGACY,0.1,0.026599129661917686,0.428016179903005
n50_i1105028_H_a1101_LEGACY,n50_i1105028_H_a1101,50,1105028,H,1101,LEGACY,0.25,0.0205348776653409,0.5464946261105347
n50_i1105028_H_a1101_LEGACY,n50_i1105028_H_a1101,50,1105028,H,1101,LEGACY,0.5,0.19688945915549994,0.6301031917223006
n50_i1105028_H_a1101_LEGACY,n50_i1105028_H_a1101,50,1105028,H,1101,LEGACY,0.75,0.00012322328984737396,0.6447176087473043
n50_i1105028_H_a1101_LEGACY,n50_i1105028_H_a1101,50,1105028,H,1101,LEGACY,0.9,0.3412424838170409,0.678441828287111
n50_i1105028_H_a1101_LEGACY,n50_i1105028_H_a1101,50,1105028,H,1101,LEGACY,1.0,0.5062651941552758,0.7057952750769868
n50_i1105028_H_a1101_REFERENCE,n50_i1105028_H_a1101,50,1105028,H,1101,REFERENCE,0.1,0.01327904686331749,0.3538304394616333
n50_i1105028_H_a1101_REFERENCE,n50_i1105028_H_a1101,50,1105028,H,1101,REFERENCE,0.25,0.02924945391714573,0.47020291266206726
n50_i1105028_H_a1101_REFERENCE,n50_i1105028_H_a1101,50,1105028,H,1101,REFERENCE,0.5,0.008785753510892391,0.5477458548607266
n50_i1105028_H_a1101_REFERENCE,n50_i1105028_H_a1101,50,1105028,H,1101,REFERENCE,0.75,0.024668254889547825,0.6655669954204311
n50_i1105028_H_a1101_REFERENCE,n50_i1105028_H_a1101,50,1105028,H,1101,REFERENCE,0.9,0.0008677765727043152,0.7230425951204067
n50_i1105028_H_a1101_REFERENCE,n50_i1105028_H_a1101,50,1105028,H,1101,REFERENCE,1.0,0.43839511275291443,0.8240939859957422
n50_i1105028_H_a1101_W,n50_i1105028_H_a1101,50,1105028,H,1101,W,0.1,0.0019388850778341293,0.4096019781131062
n50_i1105028_H_a1101_W,n50_i1105028_H_a1101,50,1105028,H,1101,W,0.25,0.15667846519500017,0.6214031977786996
n50_i1105028_H_a1101_W,n50_i1105028_H_a1101,50,1105028,H,1101,W,0.5,9.259209036827087e-05,0.8425665854488028
n50_i1105028_H_a1101_W,n50_i1105028_H_a1101,50,1105028,H,1101,W,0.75,0.11614523269236088,0.8796680161566097
n50_i1105028_H_a1101_W,n50_i1105028_H_a1101,50,1105028,H,1101,W,0.9,0.0016739573329687119,0.888591514519053
n50_i1105028_H_a1101_W,n50_i1105028_H_a1101,50,1105028,H,1101,W,1.0,0.2637561531737447,0.9206352696728154
n50_i1105028_H_a1101_GW,n50_i1105028_H_a1101,50,1105028,H,1101,GW,0.1,0.20590810384601355,0.4094437663348077
n50_i1105028_H_a1101_GW,n50_i1105028_H_a1101,50,1105028,H,1101,GW,0.25,0.005653302185237408,0.5832916528844772
n50_i1105028_H_a1101_GW,n50_i1105028_H_a1101,50,1105028,H,1101,GW,0.5,0.0032150810584425926,0.7565559122101668
n50_i1105028_H_a1101_GW,n50_i1105028_H_a1101,50,1105028,H,1101,GW,0.75,0.019835086539387703,1.0083535912116999
n50_i1105028_H_a1101_GW,n50_i1105028_H_a1101,50,1105028,H,1101,GW,0.9,0.015787271782755852,1.0129753225032503
n50_i1105028_H_a1101_GW,n50_i1105028_H_a1101,50,1105028,H,1101,GW,1.0,0.25032544415444136,1.0146257378324617
n50_i1105028_T_a1101_REFERENCE,n50_i1105028_T_a1101,50,1105028,T,1101,REFERENCE,0.1,0.020919889211654663,0.3140322666873679
n50_i1105028_T_a1101_REFERENCE,n50_i1105028_T_a1101,50,1105028,T,1101,REFERENCE,0.25,0.0024663498625159264,0.6892691458727587
n50_i1105028_T_a1101_REFERENCE,n50_i1105028_T_a1101,50,1105028,T,1101,REFERENCE,0.5,0.018384997732937336,0.8006714054709609
n50_i1105028_T_a1101_REFERENCE,n50_i1105028_T_a1101,50,1105028,T,1101,REFERENCE,0.75,0.04201208986341953,0.8055352100091985
n50_i1105028_T_a1101_REFERENCE,n50_i1105028_T_a1101,50,1105028,T,1101,REFERENCE,0.9,0.09031347464770079,0.8145373953469299
n50_i1105028_T_a1101_REFERENCE,n50_i1105028_T_a1101,50,1105028,T,1101,REFERENCE,1.0,0.0440653320401907,0.8272784397831066
n50_i1105028_T_a1101_W,n50_i1105028_T_a1101,50,1105028,T,1101,W,0.1,0.0007354747503995895,0.32510531035604023
n50_i1105028_T_a1101_W,n50_i1105028_T_a1101,50,1105028,T,1101,W,0.25,0.10471801087260246,0.5448149035785638
n50_i1105028_T_a1101_W,n50_i1105028_T_a1101,50,1105028,T,1101,W,0.5,0.06146447453647852,0.6988550686799504
n50_i1105028_T_a1101_W,n50_i1105028_T_a1101,50,1105028,T,1101,W,0.75,0.026018048636615276,0.7099702317307524
n50_i1105028_T_a1101_W,n50_i1105028_T_a1101,50,1105028,T,1101,W,0.9,0.01674631703644991,0.7222080223279413
n50_i1105028_T_a1101_W,n50_i1105028_T_a1101,50,1105028,T,1101,W,1.0,0.3172206524759531,0.7462352028321506
n50_i1105028_T_a1101_GW,n50_i1105028_T_a1101,50,1105028,T,1101,GW,0.1,0.002892781049013138,0.2849174932477167
n50_i1105028_T_a1101_GW,n50_i1105028_T_a1101,50,1105028,T,1101,GW,0.25,0.04556941241025925,0.5962601284252094
n50_i1105028_T_a1101_GW,n50_i1105028_T_a1101,50,1105028,T,1101,GW,0.5,0.21462888456881046,0.7128963963897988
n50_i1105028_T_a1101_GW,n50_i1105028_T_a1101,50,1105028,T,1101,GW,0.75,0.15857180953025818,0.7499366442469374
n50_i1105028_T_a1101_GW,n50_i1105028_T_a1101,50,1105028,T,1101,GW,0.9,0.01100811269134283,0.7740907175143396
n50_i1105028_T_a1101_GW,n50_i1105028_T_a1101,50,1105028,T,1101,GW,1.0,0.38375703897327185,0.7752577475495509
n50_i1105028_T_a1101_LEGACY,n50_i1105028_T_a1101,50,1105028,T,1101,LEGACY,0.1,0.018376464024186134,0.4014970131032382
n50_i1105028_T_a1101_LEGACY,n50_i1105028_T_a1101,50,1105028,T,1101,LEGACY,0.25,0.022951927967369556,0.5640102869793712
n50_i1105028_T_a1101_LEGACY,n50_i1105028_T_a1101,50,1105028,T,1101,LEGACY,0.5,0.0028929850086569786,0.6618110254096781
n50_i1105028_T_a1101_LEGACY,n50_i1105028_T_a1101,50,1105028,T,1101,LEGACY,0.75,0.2988080605864525,0.7037986299895125
n50_i1105028_T_a1101_LEGACY,n50_i1105028_T_a1101,50,1105028,T,1101,LEGACY,0.9,0.04515537526458502,0.7255014815476645
n50_i1105028_T_a1101_LEGACY,n50_i1105028_T_a1101,50,1105028,T,1101,LEGACY,1.0,0.26640258077532053,0.726267722913237
n50_i1105028_T_a2202_GW,n50_i1105028_T_a2202,50,1105028,T,2202,GW,0.1,0.0023407600820064545,0.18607722722825376
n50_i1105028_T_a2202_GW,n50_i1105028_T_a2202,50,1105028,T,2202,GW,0.25,0.005341660231351852,0.4316446039588011
n50_i1105028_T_a2202_GW,n50_i1105028_T_a2202,50,1105028,T,2202,GW,0.5,0.0023206304758787155,0.671774464577609
n50_i1105028_T_a2202_GW,n50_i1105028_T_a2202,50,1105028,T,2202,GW,0.75,0.012028750963509083,0.860201193513707
n50_i1105028_T_a2202_GW,n50_i1105028_T_a2202,50,1105028,T,2202,GW,0.9,0.17650469485670328,0.9154234952367843
n50_i1105028_T_a2202_GW,n50_i1105028_T_a2202,50,1105028,T,2202,GW,1.0,0.015139675699174404,0.9262726095305335
n50_i1105028_T_a2202_LEGACY,n50_i1105028_T_a2202,50,1105028,T,2202,LEGACY,0.1,0.0536372996866703,0.342920571322276
n50_i1105028_T_a2202_LEGACY,n50_i1105028_T_a2202,50,1105028,T,2202,LEGACY,0.25,0.0007358342409133911,0.5556058352691836
n50_i1105028_T_a2202_LEGACY,n50_i1105028_T_a2202,50,1105028,T,2202,LEGACY,0.5,0.17550928611308336,0.6190461658088386
n50_i1105028_T_a2202_LEGACY,n50_i1105028_T_a2202,50,1105028,T,2202,LEGACY,0.75,0.14813571237027645,0.667227939435789
n50_i1105028_T_a2202_LEGACY,n50_i1105028_T_a2202,50,1105028,T,2202,LEGACY,0.9,0.5601190961897373,0.6674847385897764
n50_i1105028_T_a2202_LEGACY,n50_i1105028_T_a2202,50,1105028,T,2202,LEGACY,1.0,0.11677808035165071,0.668225750436299
n50_i1105028_T_a2202_REFERENCE,n50_i1105028_T_a2202,50,1105028,T,2202,REFERENCE,0.1,0.0020214272662997246,0.34737463602116203
n50_i1105028_T_a2202_REFERENCE,n50_i1105028_T_a2202,50,1105028,T,2202,REFERENCE,0.25,0.10420848801732063,0.44012285933572776
n50_i1105028_T_a2202_REFERENCE,n50_i1105028_T_a2202,50,1105028,T,2202,REFERENCE,0.5,0.0887332335114479,0.5473535085875573
n50_i1105028_T_a2202_REFERENCE,n50_i1105028_T_a2202,50,1105028,T,2202,REFERENCE,0.75,0.21251485776156187,0.6139672887750978
n50_i1105028_T_a2202_REFERENCE,n50_i1105028_T_a2202,50,1105028,T,2202,REFERENCE,0.9,0.016130859963595867,0.6161659461545673
n50_i1105028_T_a2202_REFERENCE,n50_i1105028_T_a2202,50,1105028,T,2202,REFERENCE,1.0,0.2744109006598592,0.6168976791039532
n50_i1105028_T_a2202_W,n50_i1105028_T_a2202,50,1105028,T,2202,W,0.1,0.0024846186861395836,0.18613947713011864
n50_i1105028_T_a2202_W,n50_i1105028_T_a2202,50,1105028,T,2202,W,0.25,0.011077539063990116,0.4336311493748648
n50_i1105028_T_a2202_W,n50_i1105028_T_a2202,50,1105028,T,2202,W,0.5,0.24706637486815453,0.5629986803020809
n50_i1105028_T_a2202_W,n50_i1105028_T_a2202,50,1105028,T,2202,W,0.75,0.0008559590205550194,0.5907619497841028
n50_i1105028_T_a2202_W,n50_i1105028_T_a2202,50,1105028,T,2202,W,0.9,0.12884567119181156,0.6339516567262121
n50_i1105028_T_a2202_W,n50_i1105028_T_a2202,50,1105028,T,2202,W,1.0,0.16393515281379223,0.697359046082504
n50_i1105029_H_a1101_LEGACY,n50_i1105029_H_a1101,50,1105029,H,1101,LEGACY,0.1,0.17790696024894714,0.5917000632219089
n50_i1105029_H_a1101_LEGACY,n50_i1105029_H_a1101,50,1105029,H,1101,LEGACY,0.25,0.14629725366830826,0.7274485819747276
n50_i1105029_H_a1101_LEGACY,n50_i1105029_H_a1101,50,1105029,H,1101,LEGACY,0.5,0.22809407208114862,0.7861538552280539
n50_i1105029_H_a1101_LEGACY,n50_i1105029_H_a1101,50,1105029,H,1101,LEGACY,0.75,0.10540301166474819,0.7993704308843056
n50_i1105029_H_a1101_LEGACY,n50_i1105029_H_a1101,50,1105029,H,1101,LEGACY,0.9,0.10768318548798561,0.8235864943717319
n50_i1105029_H_a1101_LEGACY,n50_i1105029_H_a1101,50,1105029,H,1101,LEGACY,1.0,0.23587178252637386,0.83268880681544
n50_i1105029_H_a1101_REFERENCE,n50_i1105029_H_a1101,50,1105029,H,1101,REFERENCE,0.1,0.05615634936839342,0.6078868840430166
n50_i1105029_H_a1101_REFERENCE,n50_i1105029_H_a1101,50,1105029,H,1101,REFERENCE,0.25,0.0016399063169956207,0.746442420013826
n50_i1105029_H_a1101_REFERENCE,n50_i1105029_H_a1101,50,1105029,H,1101,REFERENCE,0.5,0.13849546946585178,0.878937014574865
n50_i1105029_H_a1101_REFERENCE,n50_i1105029_H_a1101,50,1105029,H,1101,REFERENCE,0.75,0.17331058625131845,0.8972707684425669
n50_i1105029_H_a1101_REFERENCE,n50_i1105029_H_a1101,50,1105029,H,1101,REFERENCE,0.9,0.0031101303175091743,0.9012295268113397
n50_i1105029_H_a1101_REFERENCE,n50_i1105029_H_a1101,50,1105029,H,1101,REFERENCE,1.0,0.29793611355125904,0.9015175301242575
n50_i1105029_H_a1101_W,n50_i1105029_H_a1101,50,1105029,H,1101,W,0.1,0.0012055831030011177,0.6668263563243599
n50_i1105029_H_a1101_W,n50_i1105029_H_a1101,50,1105029,H,1101,W,0.25,0.09866293612867594,0.763920198251079
n50_i1105029_H_a1101_W,n50_i1105029_H_a1101,50,1105029,H,1101,W,0.5,0.11625583004206419,0.8641425372648691
n50_i1105029_H_a1101_W,n50_i1105029_H_a1101,50,1105029,H,1101,W,0.75,0.011974168941378593,0.9102433217398803
n50_i1105029_H_a1101_W,n50_i1105029_H_a1101,50,1105029,H,1101,W,0.9,0.0579780675470829,0.9214157484239252
n50_i1105029_H_a1101_W,n50_i1105029_H_a1101,50,1105029,H,1101,W,1.0,0.13881455641239882,0.9294522205013067
n50_i1105029_H_a1101_GW,n50_i1105029_H_a1101,50,1105029,H,1101,GW,0.1,0.0011529922485351562,0.6665575141279838
n50_i1105029_H_a1101_GW,n50_i1105029_H_a1101,50,1105029,H,1101,GW,0.25,0.11597766075283289,0.7639173306009843
n50_i1105029_H_a1101_GW,n50_i1105029_H_a1101,50,1105029,H,1101,GW,0.5,0.06865676585584879,0.7896856416792348
n50_i1105029_H_a1101_GW,n50_i1105029_H_a1101,50,1105029,H,1101,GW,0.75,0.11799265258014202,0.8062106725007705
n50_i1105029_H_a1101_GW,n50_i1105029_H_a1101,50,1105029,H,1101,GW,0.9,0.06847812328487635,0.829660600902391
n50_i1105029_H_a1101_GW,n50_i1105029_H_a1101,50,1105029,H,1101,GW,1.0,0.24013647064566612,0.8318703061578191
n50_i1105029_H_a2202_W,n50_i1105029_H_a2202,50,1105029,H,2202,W,0.1,0.0027903039008378983,0.5983109156416532
n50_i1105029_H_a2202_W,n50_i1105029_H_a2202,50,1105029,H,2202,W,0.25,0.15797435957938433,0.7527922331782753
n50_i1105029_H_a2202_W,n50_i1105029_H_a2202,50,1105029,H,2202,W,0.5,0.02218280080705881,0.8357801613163977
n50_i1105029_H_a2202_W,n50_i1105029_H_a2202,50,1105029,H,2202,W,0.75,0.0019476190209388733,0.8866216357617089
n50_i1105029_H_a2202_W,n50_i1105029_H_a2202,50,1105029,H,2202,W,0.9,0.02856849692761898,0.9172379032172654
n50_i1105029_H_a2202_W,n50_i1105029_H_a2202,50,1105029,H,2202,W,1.0,0.033686691895127296,0.9272472501272275
n50_i1105029_H_a2202_GW,n50_i1105029_H_a2202,50,1105029,H,2202,GW,0.1,0.0019181584939360619,0.5983109156416532
n50_i1105029_H_a2202_GW,n50_i1105029_H_a2202,50,1105029,H,2202,GW,0.25,0.012937470339238644,0.7388749586268157
n50_i1105029_H_a2202_GW,n50_i1105029_H_a2202,50,1105029,H,2202,GW,0.5,0.020775241777300835,0.8185992793660489
n50_i1105029_H_a2202_GW,n50_i1105029_H_a2202,50,1105029,H,2202,GW,0.75,0.38401710987091064,0.9060697389040441
n50_i1105029_H_a2202_GW,n50_i1105029_H_a2202,50,1105029,H,2202,GW,0.9,0.0514968428760767,0.9263492911217848
n50_i1105029_H_a2202_GW,n50_i1105029_H_a2202,50,1105029,H,2202,GW,1.0,0.047527603805065155,0.9299550189530493
n50_i1105029_H_a2202_LEGACY,n50_i1105029_H_a2202,50,1105029,H,2202,LEGACY,0.1,0.02247756626456976,0.6383775060614141
n50_i1105029_H_a2202_LEGACY,n50_i1105029_H_a2202,50,1105029,H,2202,LEGACY,0.25,0.03392558451741934,0.8437485690670433
n50_i1105029_H_a2202_LEGACY,n50_i1105029_H_a2202,50,1105029,H,2202,LEGACY,0.5,0.0004151090979576111,0.9312602136001766
n50_i1105029_H_a2202_LEGACY,n50_i1105029_H_a2202,50,1105029,H,2202,LEGACY,0.75,0.0013429811224341393,0.947944983937413
n50_i1105029_H_a2202_LEGACY,n50_i1105029_H_a2202,50,1105029,H,2202,LEGACY,0.9,0.15037254244089127,0.9496108768273576
n50_i1105029_H_a2202_LEGACY,n50_i1105029_H_a2202,50,1105029,H,2202,LEGACY,1.0,0.00167794618755579,0.9514194841899126
n50_i1105029_H_a2202_REFERENCE,n50_i1105029_H_a2202,50,1105029,H,2202,REFERENCE,0.1,0.013796309009194374,0.6239667480329797
n50_i1105029_H_a2202_REFERENCE,n50_i1105029_H_a2202,50,1105029,H,2202,REFERENCE,0.25,0.0050797732546925545,0.7070359251708871
n50_i1105029_H_a2202_REFERENCE,n50_i1105029_H_a2202,50,1105029,H,2202,REFERENCE,0.5,0.14814829267561436,0.7939737284798754
n50_i1105029_H_a2202_REFERENCE,n50_i1105029_H_a2202,50,1105029,H,2202,REFERENCE,0.75,0.1918978439643979,0.827451441478089
n50_i1105029_H_a2202_REFERENCE,n50_i1105029_H_a2202,50,1105029,H,2202,REFERENCE,0.9,0.24544900469481945,0.839908911049959
n50_i1105029_H_a2202_REFERENCE,n50_i1105029_H_a2202,50,1105029,H,2202,REFERENCE,1.0,0.05522179510444403,0.8448136925208464
n50_i1105029_T_a1101_REFERENCE,n50_i1105029_T_a1101,50,1105029,T,1101,REFERENCE,0.1,0.0032773390412330627,0.7036828937221048
n50_i1105029_T_a1101_REFERENCE,n50_i1105029_T_a1101,50,1105029,T,1101,REFERENCE,0.25,0.16158710792660713,0.860454400275226
n50_i1105029_T_a1101_REFERENCE,n50_i1105029_T_a1101,50,1105029,T,1101,REFERENCE,0.5,0.0010557658970355988,0.9221438066834009
n50_i1105029_T_a1101_REFERENCE,n50_i1105029_T_a1101,50,1105029,T,1101,REFERENCE,0.75,0.17636447306722403,0.9461116460996126
n50_i1105029_T_a1101_REFERENCE,n50_i1105029_T_a1101,50,1105029,T,1101,REFERENCE,0.9,0.004618451930582523,0.9632241954155761
n50_i1105029_T_a1101_REFERENCE,n50_i1105029_T_a1101,50,1105029,T,1101,REFERENCE,1.0,0.42277009319514036,0.967199554212652
n50_i1105029_T_a1101_W,n50_i1105029_T_a1101,50,1105029,T,1101,W,0.1,0.0015778029337525368,0.78182557687256
n50_i1105029_T_a1101_W,n50_i1105029_T_a1101,50,1105029,T,1101,W,0.25,0.09306432213634253,0.8757418826009524
n50_i1105029_T_a1101_W,n50_i1105029_T_a1101,50,1105029,T,1101,W,0.5,0.012285485863685608,0.8959749513260015
n50_i1105029_T_a1101_W,n50_i1105029_T_a1101,50,1105029,T,1101,W,0.75,0.0005009621381759644,0.9288613074099501
n50_i1105029_T_a1101_W,n50_i1105029_T_a1101,50,1105029,T,1101,W,0.9,0.13329856377094984,0.9360565638548033
n50_i1105029_T_a1101_W,n50_i1105029_T_a1101,50,1105029,T,1101,W,1.0,0.007543299347162247,0.9809985667827139
n50_i1105029_T_a1101_GW,n50_i1105029_T_a1101,50,1105029,T,1101,GW,0.1,0.021436150185763836,0.7540101580680001
n50_i1105029_T_a1101_GW,n50_i1105029_T_a1101,50,1105029,T,1101,GW,0.25,0.10080261342227459,0.8779451885988837
n50_i1105029_T_a1101_GW,n50_i1105029_T_a1101,50,1105029,T,1101,GW,0.5,0.09804399870336056,0.9471084574773821
n50_i1105029_T_a1101_GW,n50_i1105029_T_a1101,50,1105029,T,1101,GW,0.75,0.022925958037376404,0.9820851931411843
n50_i1105029_T_a1101_GW,n50_i1105029_T_a1101,50,1105029,T,1101,GW,0.9,0.1404440114274621,0.9841890334826155
n50_i1105029_T_a1101_GW,n50_i1105029_T_a1101,50,1105029,T,1101,GW,1.0,0.008034261874854565,0.9924833735543094
n50_i1105029_T_a1101_LEGACY,n50_i1105029_T_a1101,50,1105029,T,1101,LEGACY,0.1,0.0031374869868159294,0.7082641816521786
n50_i1105029_T_a1101_LEGACY,n50_i1105029_T_a1101,50,1105029,T,1101,LEGACY,0.25,0.05485678277909756,0.8609174656513888
n50_i1105029_T_a1101_LEGACY,n50_i1105029_T_a1101,50,1105029,T,1101,LEGACY,0.5,0.12864611949771643,0.914607382574299
n50_i1105029_T_a1101_LEGACY,n50_i1105029_T_a1101,50,1105029,T,1101,LEGACY,0.75,0.24907308351248503,0.9920778381874881
n50_i1105029_T_a1101_LEGACY,n50_i1105029_T_a1101,50,1105029,T,1101,LEGACY,0.9,0.016043344512581825,1.0120075777208883
n50_i1105029_T_a1101_LEGACY,n50_i1105029_T_a1101,50,1105029,T,1101,LEGACY,1.0,0.09399778489023447,1.0135421443300046
n50_i1105029_T_a2202_GW,n50_i1105029_T_a2202,50,1105029,T,2202,GW,0.1,0.16171265952289104,0.6699053690028915
n50_i1105029_T_a2202_GW,n50_i1105029_T_a2202,50,1105029,T,2202,GW,0.25,0.02633765432983637,0.7557681198014237
n50_i1105029_T_a2202_GW,n50_i1105029_T_a2202,50,1105029,T,2202,GW,0.5,0.0013045798987150192,0.7898732941109543
n50_i1105029_T_a2202_GW,n50_i1105029_T_a2202,50,1105029,T,2202,GW,0.75,0.001531226560473442,0.8520971404613549
n50_i1105029_T_a2202_GW,n50_i1105029_T_a2202,50,1105029,T,2202,GW,0.9,0.0855488870292902,0.8596520502420915
n50_i1105029_T_a2202_GW,n50_i1105029_T_a2202,50,1105029,T,2202,GW,1.0,0.24845067039132118,0.8656033176659367
n50_i1105029_T_a2202_LEGACY,n50_i1105029_T_a2202,50,1105029,T,2202,LEGACY,0.1,0.0524097578600049,0.8743415155700013
n50_i1105029_T_a2202_LEGACY,n50_i1105029_T_a2202,50,1105029,T,2202,LEGACY,0.25,0.0013004755601286888,1.0177717346694661
n50_i1105029_T_a2202_LEGACY,n50_i1105029_T_a2202,50,1105029,T,2202,LEGACY,0.5,0.002846992574632168,1.041130231771424
n50_i1105029_T_a2202_LEGACY,n50_i1105029_T_a2202,50,1105029,T,2202,LEGACY,0.75,0.06194380298256874,1.0415019021245704
n50_i1105029_T_a2202_LEGACY,n50_i1105029_T_a2202,50,1105029,T,2202,LEGACY,0.9,0.21057122759521008,1.0421759498231529
n50_i1105029_T_a2202_LEGACY,n50_i1105029_T_a2202,50,1105029,T,2202,LEGACY,1.0,0.0716429241001606,1.0432950784129185
n50_i1105029_T_a2202_REFERENCE,n50_i1105029_T_a2202,50,1105029,T,2202,REFERENCE,0.1,0.03188543859869242,0.6752398487765449
n50_i1105029_T_a2202_REFERENCE,n50_i1105029_T_a2202,50,1105029,T,2202,REFERENCE,0.25,0.02196689322590828,0.7656028249114427
n50_i1105029_T_a2202_REFERENCE,n50_i1105029_T_a2202,50,1105029,T,2202,REFERENCE,0.5,0.0014171814545989037,0.97309717964456
n50_i1105029_T_a2202_REFERENCE,n50_i1105029_T_a2202,50,1105029,T,2202,REFERENCE,0.75,0.002032357268035412,1.0070353022757648
n50_i1105029_T_a2202_REFERENCE,n50_i1105029_T_a2202,50,1105029,T,2202,REFERENCE,0.9,0.0323907844722271,1.0159613217235457
n50_i1105029_T_a2202_REFERENCE,n50_i1105029_T_a2202,50,1105029,T,2202,REFERENCE,1.0,0.3302244506776333,1.0181499632687099
n50_i1105029_T_a2202_W,n50_i1105029_T_a2202,50,1105029,T,2202,W,0.1,0.2310591684654355,0.6602840871945679
n50_i1105029_T_a2202_W,n50_i1105029_T_a2202,50,1105029,T,2202,W,0.25,0.0040625110268592834,0.7329594803237205
n50_i1105029_T_a2202_W,n50_i1105029_T_a2202,50,1105029,T,2202,W,0.5,0.03308132477104664,0.7869550159680129
n50_i1105029_T_a2202_W,n50_i1105029_T_a2202,50,1105029,T,2202,W,0.75,0.018752248026430607,1.0580403293465637
n50_i1105029_T_a2202_W,n50_i1105029_T_a2202,50,1105029,T,2202,W,0.9,0.21578727290034294,1.0942176896596898
n50_i1105029_T_a2202_W,n50_i1105029_T_a2202,50,1105029,T,2202,W,1.0,0.25623652897775173,1.1064380501014335
n50_i1105030_H_a1101_LEGACY,n50_i1105030_H_a1101,50,1105030,H,1101,LEGACY,0.1,0.002954668365418911,0.6892181221794831
n50_i1105030_H_a1101_LEGACY,n50_i1105030_H_a1101,50,1105030,H,1101,LEGACY,0.25,0.10671055316925049,0.8843036060993453
n50_i1105030_H_a1101_LEGACY,n50_i1105030_H_a1101,50,1105030,H,1101,LEGACY,0.5,0.03323263581842184,0.9128376291659538
n50_i1105030_H_a1101_LEGACY,n50_i1105030_H_a1101,50,1105030,H,1101,LEGACY,0.75,0.0071181729435920715,0.9376096647163075
n50_i1105030_H_a1101_LEGACY,n50_i1105030_H_a1101,50,1105030,H,1101,LEGACY,0.9,0.02056669071316719,0.9767264096753657
n50_i1105030_H_a1101_LEGACY,n50_i1105030_H_a1101,50,1105030,H,1101,LEGACY,1.0,0.13584121502935886,0.9876690660940455
n50_i1105030_H_a1101_REFERENCE,n50_i1105030_H_a1101,50,1105030,H,1101,REFERENCE,0.1,0.016546927392482758,0.7125845147874373
n50_i1105030_H_a1101_REFERENCE,n50_i1105030_H_a1101,50,1105030,H,1101,REFERENCE,0.25,0.019948947243392467,0.7528006882568008
n50_i1105030_H_a1101_REFERENCE,n50_i1105030_H_a1101,50,1105030,H,1101,REFERENCE,0.5,0.0200234642252326,0.8069331482400351
n50_i1105030_H_a1101_REFERENCE,n50_i1105030_H_a1101,50,1105030,H,1101,REFERENCE,0.75,0.009920572862029076,0.8943362887945516
n50_i1105030_H_a1101_REFERENCE,n50_i1105030_H_a1101,50,1105030,H,1101,REFERENCE,0.9,0.09503332525491714,0.9215874389128504
n50_i1105030_H_a1101_REFERENCE,n50_i1105030_H_a1101,50,1105030,H,1101,REFERENCE,1.0,0.2796784844249487,0.9327264671636102
n50_i1105030_H_a1101_W,n50_i1105030_H_a1101,50,1105030,H,1101,W,0.1,0.00012291036546230316,0.8152575732515681
n50_i1105030_H_a1101_W,n50_i1105030_H_a1101,50,1105030,H,1101,W,0.25,0.012790135107934475,0.9368353616788079
n50_i1105030_H_a1101_W,n50_i1105030_H_a1101,50,1105030,H,1101,W,0.5,0.003902176395058632,1.0517563035624335
n50_i1105030_H_a1101_W,n50_i1105030_H_a1101,50,1105030,H,1101,W,0.75,0.08363271504640579,1.0577260572064575
n50_i1105030_H_a1101_W,n50_i1105030_H_a1101,50,1105030,H,1101,W,0.9,0.03998273890465498,1.0619669461443535
n50_i1105030_H_a1101_W,n50_i1105030_H_a1101,50,1105030,H,1101,W,1.0,0.4130412023514509,1.0687537868024906
n50_i1105030_H_a1101_GW,n50_i1105030_H_a1101,50,1105030,H,1101,GW,0.1,0.006845449097454548,0.8154856413685407
n50_i1105030_H_a1101_GW,n50_i1105030_H_a1101,50,1105030,H,1101,GW,0.25,0.0028057126328349113,0.9369632730225105
n50_i1105030_H_a1101_GW,n50_i1105030_H_a1101,50,1105030,H,1101,GW,0.5,0.03087738249450922,1.041621149642371
n50_i1105030_H_a1101_GW,n50_i1105030_H_a1101,50,1105030,H,1101,GW,0.75,0.12274229526519775,1.050912121679053
n50_i1105030_H_a1101_GW,n50_i1105030_H_a1101,50,1105030,H,1101,GW,0.9,0.043559011071920395,1.0534830006790208
n50_i1105030_H_a1101_GW,n50_i1105030_H_a1101,50,1105030,H,1101,GW,1.0,0.14238931611180305,1.053992690511094
n50_i1105030_H_a2202_W,n50_i1105030_H_a2202,50,1105030,H,2202,W,0.1,0.07155843172222376,0.7337930484460976
n50_i1105030_H_a2202_W,n50_i1105030_H_a2202,50,1105030,H,2202,W,0.25,0.032661592587828636,0.9201709603788196
n50_i1105030_H_a2202_W,n50_i1105030_H_a2202,50,1105030,H,2202,W,0.5,0.001268254593014717,0.9639861205943158
n50_i1105030_H_a2202_W,n50_i1105030_H_a2202,50,1105030,H,2202,W,0.75,0.12702990043908358,1.0073083014438504
n50_i1105030_H_a2202_W,n50_i1105030_H_a2202,50,1105030,H,2202,W,0.9,0.00047387368977069855,1.015449988643716
n50_i1105030_H_a2202_W,n50_i1105030_H_a2202,50,1105030,H,2202,W,1.0,0.24220823869109154,1.018407820663066
n50_i1105030_H_a2202_GW,n50_i1105030_H_a2202,50,1105030,H,2202,GW,0.1,0.2253568647429347,0.7337930484460976
n50_i1105030_H_a2202_GW,n50_i1105030_H_a2202,50,1105030,H,2202,GW,0.25,0.022975249215960503,0.9201030582803572
n50_i1105030_H_a2202_GW,n50_i1105030_H_a2202,50,1105030,H,2202,GW,0.5,0.07354449760168791,0.9747464061601018
n50_i1105030_H_a2202_GW,n50_i1105030_H_a2202,50,1105030,H,2202,GW,0.75,0.2797211082652211,1.0087560863322644
n50_i1105030_H_a2202_GW,n50_i1105030_H_a2202,50,1105030,H,2202,GW,0.9,0.17991014942526817,1.020376950889489
n50_i1105030_H_a2202_GW,n50_i1105030_H_a2202,50,1105030,H,2202,GW,1.0,0.19444888643920422,1.0277471558633537
n50_i1105030_H_a2202_LEGACY,n50_i1105030_H_a2202,50,1105030,H,2202,LEGACY,0.1,0.0001931171864271164,0.7963530612254516
n50_i1105030_H_a2202_LEGACY,n50_i1105030_H_a2202,50,1105030,H,2202,LEGACY,0.25,0.04832793120294809,0.8505483742371622
n50_i1105030_H_a2202_LEGACY,n50_i1105030_H_a2202,50,1105030,H,2202,LEGACY,0.5,0.005757319740951061,0.8963353930146134
n50_i1105030_H_a2202_LEGACY,n50_i1105030_H_a2202,50,1105030,H,2202,LEGACY,0.75,0.008654760196805,0.9216334554251709
n50_i1105030_H_a2202_LEGACY,n50_i1105030_H_a2202,50,1105030,H,2202,LEGACY,0.9,0.3765544733032584,0.9341412881984646
n50_i1105030_H_a2202_LEGACY,n50_i1105030_H_a2202,50,1105030,H,2202,LEGACY,1.0,0.18463559914380312,0.9980688874092736
n50_i1105030_H_a2202_REFERENCE,n50_i1105030_H_a2202,50,1105030,H,2202,REFERENCE,0.1,0.003489689901471138,0.7261087173383134
n50_i1105030_H_a2202_REFERENCE,n50_i1105030_H_a2202,50,1105030,H,2202,REFERENCE,0.25,0.03900220524519682,0.8104969693799701
n50_i1105030_H_a2202_REFERENCE,n50_i1105030_H_a2202,50,1105030,H,2202,REFERENCE,0.5,0.10506242327392101,0.8405002678857947
n50_i1105030_H_a2202_REFERENCE,n50_i1105030_H_a2202,50,1105030,H,2202,REFERENCE,0.75,0.034526998177170753,0.9221941448694334
n50_i1105030_H_a2202_REFERENCE,n50_i1105030_H_a2202,50,1105030,H,2202,REFERENCE,0.9,0.20178977958858013,0.9631096993506189
n50_i1105030_H_a2202_REFERENCE,n50_i1105030_H_a2202,50,1105030,H,2202,REFERENCE,1.0,0.06903845723718405,0.9848740701158673
n50_i1105030_T_a1101_REFERENCE,n50_i1105030_T_a1101,50,1105030,T,1101,REFERENCE,0.1,0.140192954801023,0.6536235945147326
n50_i1105030_T_a1101_REFERENCE,n50_i1105030_T_a1101,50,1105030,T,1101,REFERENCE,0.25,0.016680805012583733,0.8150808756621214
n50_i1105030_T_a1101_REFERENCE,n50_i1105030_T_a1101,50,1105030,T,1101,REFERENCE,0.5,0.012148983776569366,0.8644033485687764
n50_i1105030_T_a1101_REFERENCE,n50_i1105030_T_a1101,50,1105030,T,1101,REFERENCE,0.75,0.0004289010539650917,0.8996558446519825
n50_i1105030_T_a1101_REFERENCE,n50_i1105030_T_a1101,50,1105030,T,1101,REFERENCE,0.9,0.14264448266476393,0.9052664968743035
n50_i1105030_T_a1101_REFERENCE,n50_i1105030_T_a1101,50,1105030,T,1101,REFERENCE,1.0,0.24159958213567734,0.9592531564674983
n50_i1105030_T_a1101_W,n50_i1105030_T_a1101,50,1105030,T,1101,W,0.1,0.07433526404201984,0.6919014267848149
n50_i1105030_T_a1101_W,n50_i1105030_T_a1101,50,1105030,T,1101,W,0.25,0.0011319881305098534,0.7484291035658647
n50_i1105030_T_a1101_W,n50_i1105030_T_a1101,50,1105030,T,1101,W,0.5,9.557977318763733e-05,0.9301489797201892
n50_i1105030_T_a1101_W,n50_i1105030_T_a1101,50,1105030,T,1101,W,0.75,0.011041143909096718,0.9354702445575859
n50_i1105030_T_a1101_W,n50_i1105030_T_a1101,50,1105030,T,1101,W,0.9,0.07175670843571424,0.9371501658519774
n50_i1105030_T_a1101_W,n50_i1105030_T_a1101,50,1105030,T,1101,W,1.0,0.2551021436229348,0.9374839180472582
n50_i1105030_T_a1101_GW,n50_i1105030_T_a1101,50,1105030,T,1101,GW,0.1,0.02505847066640854,0.6917421073040473
n50_i1105030_T_a1101_GW,n50_i1105030_T_a1101,50,1105030,T,1101,GW,0.25,0.07955838274210691,0.7485975753804186
n50_i1105030_T_a1101_GW,n50_i1105030_T_a1101,50,1105030,T,1101,GW,0.5,0.09987641777843237,0.8556095318738416
n50_i1105030_T_a1101_GW,n50_i1105030_T_a1101,50,1105030,T,1101,GW,0.75,0.02451771590858698,0.9661665577981933
n50_i1105030_T_a1101_GW,n50_i1105030_T_a1101,50,1105030,T,1101,GW,0.9,0.24621456302702427,0.9680806580674473
n50_i1105030_T_a1101_GW,n50_i1105030_T_a1101,50,1105030,T,1101,GW,1.0,0.2843264499679208,0.96860361669675
n50_i1105030_T_a1101_LEGACY,n50_i1105030_T_a1101,50,1105030,T,1101,LEGACY,0.1,0.02852407842874527,0.7534677773658286
n50_i1105030_T_a1101_LEGACY,n50_i1105030_T_a1101,50,1105030,T,1101,LEGACY,0.25,0.002053814008831978,0.9013449745425195
n50_i1105030_T_a1101_LEGACY,n50_i1105030_T_a1101,50,1105030,T,1101,LEGACY,0.5,0.09479547664523125,0.9183055304720554
n50_i1105030_T_a1101_LEGACY,n50_i1105030_T_a1101,50,1105030,T,1101,LEGACY,0.75,0.028964968398213387,0.9564633502796367
n50_i1105030_T_a1101_LEGACY,n50_i1105030_T_a1101,50,1105030,T,1101,LEGACY,0.9,0.14692787546664476,0.9698002309870559
n50_i1105030_T_a1101_LEGACY,n50_i1105030_T_a1101,50,1105030,T,1101,LEGACY,1.0,0.091532071121037,0.9758396157249821
n50_i1105030_T_a2202_GW,n50_i1105030_T_a2202,50,1105030,T,2202,GW,0.1,0.054308654740452766,0.9159448404508866
n50_i1105030_T_a2202_GW,n50_i1105030_T_a2202,50,1105030,T,2202,GW,0.25,0.05465452466160059,0.9672563138625977
n50_i1105030_T_a2202_GW,n50_i1105030_T_a2202,50,1105030,T,2202,GW,0.5,0.002329431474208832,1.0149825678597657
n50_i1105030_T_a2202_GW,n50_i1105030_T_a2202,50,1105030,T,2202,GW,0.75,0.019538248889148235,1.0352122127675005
n50_i1105030_T_a2202_GW,n50_i1105030_T_a2202,50,1105030,T,2202,GW,0.9,0.004124963656067848,1.0399840138266494
n50_i1105030_T_a2202_GW,n50_i1105030_T_a2202,50,1105030,T,2202,GW,1.0,0.2655088845640421,1.044648696931506
n50_i1105030_T_a2202_LEGACY,n50_i1105030_T_a2202,50,1105030,T,2202,LEGACY,0.1,0.000693662092089653,0.8145130890280393
n50_i1105030_T_a2202_LEGACY,n50_i1105030_T_a2202,50,1105030,T,2202,LEGACY,0.25,0.0038693295791745186,0.9649352034411263
n50_i1105030_T_a2202_LEGACY,n50_i1105030_T_a2202,50,1105030,T,2202,LEGACY,0.5,0.001681240275502205,1.000894574955846
n50_i1105030_T_a2202_LEGACY,n50_i1105030_T_a2202,50,1105030,T,2202,LEGACY,0.75,0.0030114734545350075,1.0048154551207016
n50_i1105030_T_a2202_LEGACY,n50_i1105030_T_a2202,50,1105030,T,2202,LEGACY,0.9,0.07838480733335018,1.0071032184538247
n50_i1105030_T_a2202_LEGACY,n50_i1105030_T_a2202,50,1105030,T,2202,LEGACY,1.0,0.40948102809488773,1.0079426916555805
n50_i1105030_T_a2202_REFERENCE,n50_i1105030_T_a2202,50,1105030,T,2202,REFERENCE,0.1,0.20173536613583565,0.6800763360415109
n50_i1105030_T_a2202_REFERENCE,n50_i1105030_T_a2202,50,1105030,T,2202,REFERENCE,0.25,0.023533026687800884,0.7595666699766074
n50_i1105030_T_a2202_REFERENCE,n50_i1105030_T_a2202,50,1105030,T,2202,REFERENCE,0.5,0.03040600474923849,0.8521944719021196
n50_i1105030_T_a2202_REFERENCE,n50_i1105030_T_a2202,50,1105030,T,2202,REFERENCE,0.75,0.0025427090004086494,0.8902075500002257
n50_i1105030_T_a2202_REFERENCE,n50_i1105030_T_a2202,50,1105030,T,2202,REFERENCE,0.9,0.1825884161517024,0.9089284523266307
n50_i1105030_T_a2202_REFERENCE,n50_i1105030_T_a2202,50,1105030,T,2202,REFERENCE,1.0,0.09886839240789413,0.9152272417047103
n50_i1105030_T_a2202_W,n50_i1105030_T_a2202,50,1105030,T,2202,W,0.1,0.017820842564105988,0.9159448404508866
n50_i1105030_T_a2202_W,n50_i1105030_T_a2202,50,1105030,T,2202,W,0.25,0.001540161669254303,0.9714188864523787
n50_i1105030_T_a2202_W,n50_i1105030_T_a2202,50,1105030,T,2202,W,0.5,0.05167184676975012,1.0750532520077742
n50_i1105030_T_a2202_W,n50_i1105030_T_a2202,50,1105030,T,2202,W,0.75,0.13346832804381847,1.093030460038736
n50_i1105030_T_a2202_W,n50_i1105030_T_a2202,50,1105030,T,2202,W,0.9,0.3166507864370942,1.0956815569575804
n50_i1105030_T_a2202_W,n50_i1105030_T_a2202,50,1105030,T,2202,W,1.0,0.0027005355805158615,1.099485615123722
n50_i1105031_H_a2202_W,n50_i1105031_H_a2202,50,1105031,H,2202,W,0.1,0.08165313117206097,0.3831860048409847
n50_i1105031_H_a2202_W,n50_i1105031_H_a2202,50,1105031,H,2202,W,0.25,0.001013987697660923,0.5305995201612653
n50_i1105031_H_a2202_W,n50_i1105031_H_a2202,50,1105031,H,2202,W,0.5,0.019610464572906494,0.6033375484115646
n50_i1105031_H_a2202_W,n50_i1105031_H_a2202,50,1105031,H,2202,W,0.75,0.008869524113833904,0.7903069020102522
n50_i1105031_H_a2202_W,n50_i1105031_H_a2202,50,1105031,H,2202,W,0.9,0.166926184669137,0.8238567089823419
n50_i1105031_H_a2202_W,n50_i1105031_H_a2202,50,1105031,H,2202,W,1.0,0.9930031932890415,0.9069586595982517
n50_i1105031_H_a2202_GW,n50_i1105031_H_a2202,50,1105031,H,2202,GW,0.1,0.04062363784760237,0.3831860048409847
n50_i1105031_H_a2202_GW,n50_i1105031_H_a2202,50,1105031,H,2202,GW,0.25,0.0036338064819574356,0.5294991167916762
n50_i1105031_H_a2202_GW,n50_i1105031_H_a2202,50,1105031,H,2202,GW,0.5,0.02506557758897543,0.6863444278864355
n50_i1105031_H_a2202_GW,n50_i1105031_H_a2202,50,1105031,H,2202,GW,0.75,0.009794380515813828,0.782351439962789
n50_i1105031_H_a2202_GW,n50_i1105031_H_a2202,50,1105031,H,2202,GW,0.9,0.0012524407356977463,0.7827799900926765
n50_i1105031_H_a2202_GW,n50_i1105031_H_a2202,50,1105031,H,2202,GW,1.0,0.3844352988526225,0.7828368438373629
n50_i1105031_H_a2202_LEGACY,n50_i1105031_H_a2202,50,1105031,H,2202,LEGACY,0.1,0.35701929219067097,0.3722875628053528
n50_i1105031_H_a2202_LEGACY,n50_i1105031_H_a2202,50,1105031,H,2202,LEGACY,0.25,0.0038705850020051003,0.6083571157184974
n50_i1105031_H_a2202_LEGACY,n50_i1105031_H_a2202,50,1105031,H,2202,LEGACY,0.5,0.002748638391494751,0.7888350599008309
n50_i1105031_H_a2202_LEGACY,n50_i1105031_H_a2202,50,1105031,H,2202,LEGACY,0.75,0.00013529136776924133,0.8364016659521301
n50_i1105031_H_a2202_LEGACY,n50_i1105031_H_a2202,50,1105031,H,2202,LEGACY,0.9,0.16170768719166517,0.8636185578137312
n50_i1105031_H_a2202_LEGACY,n50_i1105031_H_a2202,50,1105031,H,2202,LEGACY,1.0,0.13743537571281195,0.869724598463987
n50_i1105031_H_a2202_REFERENCE,n50_i1105031_H_a2202,50,1105031,H,2202,REFERENCE,0.1,0.0008875830098986626,0.5431491512474506
n50_i1105031_H_a2202_REFERENCE,n50_i1105031_H_a2202,50,1105031,H,2202,REFERENCE,0.25,0.0514938635751605,0.7518442702074699
n50_i1105031_H_a2202_REFERENCE,n50_i1105031_H_a2202,50,1105031,H,2202,REFERENCE,0.5,0.0009882878512144089,0.8705039268589461
n50_i1105031_H_a2202_REFERENCE,n50_i1105031_H_a2202,50,1105031,H,2202,REFERENCE,0.75,0.036281831562519073,0.9137407702840771
n50_i1105031_H_a2202_REFERENCE,n50_i1105031_H_a2202,50,1105031,H,2202,REFERENCE,0.9,0.27714385464787483,0.918622903110227
n50_i1105031_H_a2202_REFERENCE,n50_i1105031_H_a2202,50,1105031,H,2202,REFERENCE,1.0,0.0673398720100522,0.9239433443846025
n50_i1105031_H_a1101_LEGACY,n50_i1105031_H_a1101,50,1105031,H,1101,LEGACY,0.1,0.00038913823664188385,0.32552779684353506
n50_i1105031_H_a1101_LEGACY,n50_i1105031_H_a1101,50,1105031,H,1101,LEGACY,0.25,0.00879731960594654,0.4823469182865689
n50_i1105031_H_a1101_LEGACY,n50_i1105031_H_a1101,50,1105031,H,1101,LEGACY,0.5,0.024686239659786224,0.644816477486261
n50_i1105031_H_a1101_LEGACY,n50_i1105031_H_a1101,50,1105031,H,1101,LEGACY,0.75,0.1678438913077116,0.7454816834754506
n50_i1105031_H_a1101_LEGACY,n50_i1105031_H_a1101,50,1105031,H,1101,LEGACY,0.9,0.0034634917974472046,0.8421558424694388
n50_i1105031_H_a1101_LEGACY,n50_i1105031_H_a1101,50,1105031,H,1101,LEGACY,1.0,0.2873978391289711,0.8704340534349626
n50_i1105031_H_a1101_REFERENCE,n50_i1105031_H_a1101,50,1105031,H,1101,REFERENCE,0.1,0.04771250765770674,0.3300333530517924
n50_i1105031_H_a1101_REFERENCE,n50_i1105031_H_a1101,50,1105031,H,1101,REFERENCE,0.25,0.02370489202439785,0.5967305506946464
n50_i1105031_H_a1101_REFERENCE,n50_i1105031_H_a1101,50,1105031,H,1101,REFERENCE,0.5,0.011451512575149536,0.7594442245870635
n50_i1105031_H_a1101_REFERENCE,n50_i1105031_H_a1101,50,1105031,H,1101,REFERENCE,0.75,0.022960440255701542,0.7771294321015142
n50_i1105031_H_a1101_REFERENCE,n50_i1105031_H_a1101,50,1105031,H,1101,REFERENCE,0.9,0.0036575905978679657,0.7898842949002025
n50_i1105031_H_a1101_REFERENCE,n50_i1105031_H_a1101,50,1105031,H,1101,REFERENCE,1.0,0.1120902244001627,0.7988547337011829
n50_i1105031_H_a1101_W,n50_i1105031_H_a1101,50,1105031,H,1101,W,0.1,0.0005386741831898689,0.3811936847341342
n50_i1105031_H_a1101_W,n50_i1105031_H_a1101,50,1105031,H,1101,W,0.25,0.07647503726184368,0.7118162796146178
n50_i1105031_H_a1101_W,n50_i1105031_H_a1101,50,1105031,H,1101,W,0.5,0.021242150105535984,0.7920094483709607
n50_i1105031_H_a1101_W,n50_i1105031_H_a1101,50,1105031,H,1101,W,0.75,0.000880146399140358,0.8212978438861444
n50_i1105031_H_a1101_W,n50_i1105031_H_a1101,50,1105031,H,1101,W,0.9,0.04263884946703911,0.8354839524723309
n50_i1105031_H_a1101_W,n50_i1105031_H_a1101,50,1105031,H,1101,W,1.0,0.02434236090630293,0.8491122588353468
n50_i1105031_H_a1101_GW,n50_i1105031_H_a1101,50,1105031,H,1101,GW,0.1,0.020528653636574745,0.4093812646471397
n50_i1105031_H_a1101_GW,n50_i1105031_H_a1101,50,1105031,H,1101,GW,0.25,0.16788871679455042,0.7274656936603437
n50_i1105031_H_a1101_GW,n50_i1105031_H_a1101,50,1105031,H,1101,GW,0.5,0.0018304241821169853,0.8846464590251115
n50_i1105031_H_a1101_GW,n50_i1105031_H_a1101,50,1105031,H,1101,GW,0.75,0.01793825253844261,0.9253677174818911
n50_i1105031_H_a1101_GW,n50_i1105031_H_a1101,50,1105031,H,1101,GW,0.9,0.026921642944216728,0.9314431670387071
n50_i1105031_H_a1101_GW,n50_i1105031_H_a1101,50,1105031,H,1101,GW,1.0,0.03152795787900686,0.9348406892803729
n50_i1105031_T_a1101_REFERENCE,n50_i1105031_T_a1101,50,1105031,T,1101,REFERENCE,0.1,0.017488820478320122,0.16607397996277884
n50_i1105031_T_a1101_REFERENCE,n50_i1105031_T_a1101,50,1105031,T,1101,REFERENCE,0.25,0.0006752461194992065,0.47230398179968625
n50_i1105031_T_a1101_REFERENCE,n50_i1105031_T_a1101,50,1105031,T,1101,REFERENCE,0.5,0.0070480527356266975,0.5480982437743325
n50_i1105031_T_a1101_REFERENCE,n50_i1105031_T_a1101,50,1105031,T,1101,REFERENCE,0.75,0.05097484961152077,0.5790530903284378
n50_i1105031_T_a1101_REFERENCE,n50_i1105031_T_a1101,50,1105031,T,1101,REFERENCE,0.9,0.1017901049926877,0.5820311399377619
n50_i1105031_T_a1101_REFERENCE,n50_i1105031_T_a1101,50,1105031,T,1101,REFERENCE,1.0,0.1948565263301134,0.5851302069632317
n50_i1105031_T_a1101_W,n50_i1105031_T_a1101,50,1105031,T,1101,W,0.1,0.035425037145614624,0.32364773259199664
n50_i1105031_T_a1101_W,n50_i1105031_T_a1101,50,1105031,T,1101,W,0.25,0.0025087492540478706,0.5994508759582511
n50_i1105031_T_a1101_W,n50_i1105031_T_a1101,50,1105031,T,1101,W,0.5,0.03185649961233139,0.6651675168250393
n50_i1105031_T_a1101_W,n50_i1105031_T_a1101,50,1105031,T,1101,W,0.75,0.0012462539598345757,0.6722905682677627
n50_i1105031_T_a1101_W,n50_i1105031_T_a1101,50,1105031,T,1101,W,0.9,0.0027220984920859337,0.6723122143110615
n50_i1105031_T_a1101_W,n50_i1105031_T_a1101,50,1105031,T,1101,W,1.0,0.09925003629177809,0.6736069683824467
n50_i1105031_T_a1101_GW,n50_i1105031_T_a1101,50,1105031,T,1101,GW,0.1,0.010568724013864994,0.2953429905752529
n50_i1105031_T_a1101_GW,n50_i1105031_T_a1101,50,1105031,T,1101,GW,0.25,0.014068343676626682,0.4338810599025187
n50_i1105031_T_a1101_GW,n50_i1105031_T_a1101,50,1105031,T,1101,GW,0.5,0.07820597849786282,0.5094671089875276
n50_i1105031_T_a1101_GW,n50_i1105031_T_a1101,50,1105031,T,1101,GW,0.75,0.1456905947998166,0.5728628605907629
n50_i1105031_T_a1101_GW,n50_i1105031_T_a1101,50,1105031,T,1101,GW,0.9,0.022702306509017944,0.5998021782132777
n50_i1105031_T_a1101_GW,n50_i1105031_T_a1101,50,1105031,T,1101,GW,1.0,0.02432838175445795,0.6015802854251284
n50_i1105031_T_a1101_LEGACY,n50_i1105031_T_a1101,50,1105031,T,1101,LEGACY,0.1,0.006166897714138031,0.1353283734832362
n50_i1105031_T_a1101_LEGACY,n50_i1105031_T_a1101,50,1105031,T,1101,LEGACY,0.25,0.009411857463419437,0.42548377303362
n50_i1105031_T_a1101_LEGACY,n50_i1105031_T_a1101,50,1105031,T,1101,LEGACY,0.5,0.12234091572463512,0.6985551080703769
n50_i1105031_T_a1101_LEGACY,n50_i1105031_T_a1101,50,1105031,T,1101,LEGACY,0.75,0.1772429859265685,0.8245960597787557
n50_i1105031_T_a1101_LEGACY,n50_i1105031_T_a1101,50,1105031,T,1101,LEGACY,0.9,0.09484816715121269,0.824722829430482
n50_i1105031_T_a1101_LEGACY,n50_i1105031_T_a1101,50,1105031,T,1101,LEGACY,1.0,0.40801963955163956,0.824793830456765
n50_i1105031_T_a2202_GW,n50_i1105031_T_a2202,50,1105031,T,2202,GW,0.1,0.009725546464323997,0.39219009154372303
n50_i1105031_T_a2202_GW,n50_i1105031_T_a2202,50,1105031,T,2202,GW,0.25,0.00014043226838111877,0.5498747626075429
n50_i1105031_T_a2202_GW,n50_i1105031_T_a2202,50,1105031,T,2202,GW,0.5,0.24232318997383118,0.7213936554444966
n50_i1105031_T_a2202_GW,n50_i1105031_T_a2202,50,1105031,T,2202,GW,0.75,0.08742689806967974,0.7885431015312675
n50_i1105031_T_a2202_GW,n50_i1105031_T_a2202,50,1105031,T,2202,GW,0.9,0.023812100291252136,0.7892837269155224
n50_i1105031_T_a2202_GW,n50_i1105031_T_a2202,50,1105031,T,2202,GW,1.0,0.2525063008069992,0.8079364982253755
n50_i1105031_T_a2202_LEGACY,n50_i1105031_T_a2202,50,1105031,T,2202,LEGACY,0.1,0.0032629212364554405,0.45414381831594003
n50_i1105031_T_a2202_LEGACY,n50_i1105031_T_a2202,50,1105031,T,2202,LEGACY,0.25,0.017304609529674053,0.6572301720489655
n50_i1105031_T_a2202_LEGACY,n50_i1105031_T_a2202,50,1105031,T,2202,LEGACY,0.5,0.06804792303591967,0.8734404667167536
n50_i1105031_T_a2202_LEGACY,n50_i1105031_T_a2202,50,1105031,T,2202,LEGACY,0.75,0.12099139764904976,0.9291641991680508
n50_i1105031_T_a2202_LEGACY,n50_i1105031_T_a2202,50,1105031,T,2202,LEGACY,0.9,0.008592402562499046,0.9400148946824798
n50_i1105031_T_a2202_LEGACY,n50_i1105031_T_a2202,50,1105031,T,2202,LEGACY,1.0,0.06209943164139986,0.9461110868929307
n50_i1105031_T_a2202_REFERENCE,n50_i1105031_T_a2202,50,1105031,T,2202,REFERENCE,0.1,0.0018419818952679634,0.24241269629629209
n50_i1105031_T_a2202_REFERENCE,n50_i1105031_T_a2202,50,1105031,T,2202,REFERENCE,0.25,0.010921286419034004,0.4028894351174386
n50_i1105031_T_a2202_REFERENCE,n50_i1105031_T_a2202,50,1105031,T,2202,REFERENCE,0.5,0.0020169736817479134,0.5869158326676676
n50_i1105031_T_a2202_REFERENCE,n50_i1105031_T_a2202,50,1105031,T,2202,REFERENCE,0.75,0.021453791297972202,0.7198328579721927
n50_i1105031_T_a2202_REFERENCE,n50_i1105031_T_a2202,50,1105031,T,2202,REFERENCE,0.9,0.04394370969384909,0.7552477364602248
n50_i1105031_T_a2202_REFERENCE,n50_i1105031_T_a2202,50,1105031,T,2202,REFERENCE,1.0,0.12882474809885025,0.7570890531249024
n50_i1105031_T_a2202_W,n50_i1105031_T_a2202,50,1105031,T,2202,W,0.1,0.0005184272304177284,0.39219009154372303
n50_i1105031_T_a2202_W,n50_i1105031_T_a2202,50,1105031,T,2202,W,0.25,0.22240476310253143,0.5618202067618036
n50_i1105031_T_a2202_W,n50_i1105031_T_a2202,50,1105031,T,2202,W,0.5,0.07603549119085073,0.6862948768325109
n50_i1105031_T_a2202_W,n50_i1105031_T_a2202,50,1105031,T,2202,W,0.75,0.012078938074409962,0.705965628488358
n50_i1105031_T_a2202_W,n50_i1105031_T_a2202,50,1105031,T,2202,W,0.9,0.0014038234949111938,0.7115789586028447
n50_i1105031_T_a2202_W,n50_i1105031_T_a2202,50,1105031,T,2202,W,1.0,0.22813747078180313,0.727610559420945
n50_i1105032_H_a2202_W,n50_i1105032_H_a2202,50,1105032,H,2202,W,0.1,0.06789760384708643,0.5835869848770148
n50_i1105032_H_a2202_W,n50_i1105032_H_a2202,50,1105032,H,2202,W,0.25,0.016896389424800873,0.8532480754492135
n50_i1105032_H_a2202_W,n50_i1105032_H_a2202,50,1105032,H,2202,W,0.5,0.014461253769695759,0.9097318429375031
n50_i1105032_H_a2202_W,n50_i1105032_H_a2202,50,1105032,H,2202,W,0.75,0.08164791949093342,1.0073246929530766
n50_i1105032_H_a2202_W,n50_i1105032_H_a2202,50,1105032,H,2202,W,0.9,0.12819231674075127,1.0335071780351324
n50_i1105032_H_a2202_W,n50_i1105032_H_a2202,50,1105032,H,2202,W,1.0,0.23296196106821299,1.0423913004746956
n50_i1105032_H_a2202_GW,n50_i1105032_H_a2202,50,1105032,H,2202,GW,0.1,0.028456836007535458,0.5973486301972386
n50_i1105032_H_a2202_GW,n50_i1105032_H_a2202,50,1105032,H,2202,GW,0.25,0.14449032489210367,0.8728587942002355
n50_i1105032_H_a2202_GW,n50_i1105032_H_a2202,50,1105032,H,2202,GW,0.5,0.041204094886779785,0.9642290160518674
n50_i1105032_H_a2202_GW,n50_i1105032_H_a2202,50,1105032,H,2202,GW,0.75,0.13003117498010397,0.9894590589256165
n50_i1105032_H_a2202_GW,n50_i1105032_H_a2202,50,1105032,H,2202,GW,0.9,0.18262128811329603,1.0024560010847756
n50_i1105032_H_a2202_GW,n50_i1105032_H_a2202,50,1105032,H,2202,GW,1.0,0.42295182682573795,1.0079894357353854
n50_i1105032_H_a2202_LEGACY,n50_i1105032_H_a2202,50,1105032,H,2202,LEGACY,0.1,0.09987011644989252,0.5033873166872149
n50_i1105032_H_a2202_LEGACY,n50_i1105032_H_a2202,50,1105032,H,2202,LEGACY,0.25,0.08428912609815598,0.6870392615750165
n50_i1105032_H_a2202_LEGACY,n50_i1105032_H_a2202,50,1105032,H,2202,LEGACY,0.5,0.0042773038148880005,0.8014686726448111
n50_i1105032_H_a2202_LEGACY,n50_i1105032_H_a2202,50,1105032,H,2202,LEGACY,0.75,0.1442520199343562,0.9063377631044426
n50_i1105032_H_a2202_LEGACY,n50_i1105032_H_a2202,50,1105032,H,2202,LEGACY,0.9,0.000554022379219532,0.9281813778333008
n50_i1105032_H_a2202_LEGACY,n50_i1105032_H_a2202,50,1105032,H,2202,LEGACY,1.0,0.2860325863584876,0.9729871330163294
n50_i1105032_H_a2202_REFERENCE,n50_i1105032_H_a2202,50,1105032,H,2202,REFERENCE,0.1,0.003789324313402176,0.5358788926176228
n50_i1105032_H_a2202_REFERENCE,n50_i1105032_H_a2202,50,1105032,H,2202,REFERENCE,0.25,0.007495267316699028,0.7749605776724673
n50_i1105032_H_a2202_REFERENCE,n50_i1105032_H_a2202,50,1105032,H,2202,REFERENCE,0.5,0.0028440626338124275,0.8304221545311508
n50_i1105032_H_a2202_REFERENCE,n50_i1105032_H_a2202,50,1105032,H,2202,REFERENCE,0.75,0.0015608277171850204,0.907915238275619
n50_i1105032_H_a2202_REFERENCE,n50_i1105032_H_a2202,50,1105032,H,2202,REFERENCE,0.9,7.150694727897644e-06,0.915529218440095
n50_i1105032_H_a2202_REFERENCE,n50_i1105032_H_a2202,50,1105032,H,2202,REFERENCE,1.0,0.3800017395988107,0.9230639611788745
n50_i1105032_H_a1101_LEGACY,n50_i1105032_H_a1101,50,1105032,H,1101,LEGACY,0.1,0.023645900189876556,0.500527115143241
n50_i1105032_H_a1101_LEGACY,n50_i1105032_H_a1101,50,1105032,H,1101,LEGACY,0.25,0.28976942505687475,0.7749551479727921
n50_i1105032_H_a1101_LEGACY,n50_i1105032_H_a1101,50,1105032,H,1101,LEGACY,0.5,0.21220634505152702,0.929645885894665
n50_i1105032_H_a1101_LEGACY,n50_i1105032_H_a1101,50,1105032,H,1101,LEGACY,0.75,0.19065238814800978,0.9471637698651588
n50_i1105032_H_a1101_LEGACY,n50_i1105032_H_a1101,50,1105032,H,1101,LEGACY,0.9,0.31431585270911455,1.046441304731398
n50_i1105032_H_a1101_LEGACY,n50_i1105032_H_a1101,50,1105032,H,1101,LEGACY,1.0,0.1615602131932974,1.0509708712998953
n50_i1105032_H_a1101_REFERENCE,n50_i1105032_H_a1101,50,1105032,H,1101,REFERENCE,0.1,0.0017108656466007233,0.4783254945392225
n50_i1105032_H_a1101_REFERENCE,n50_i1105032_H_a1101,50,1105032,H,1101,REFERENCE,0.25,0.018159584142267704,0.6700489859887172
n50_i1105032_H_a1101_REFERENCE,n50_i1105032_H_a1101,50,1105032,H,1101,REFERENCE,0.5,0.0483936183154583,0.7834893160820644
n50_i1105032_H_a1101_REFERENCE,n50_i1105032_H_a1101,50,1105032,H,1101,REFERENCE,0.75,0.10654646158218384,0.8540962524923982
n50_i1105032_H_a1101_REFERENCE,n50_i1105032_H_a1101,50,1105032,H,1101,REFERENCE,0.9,0.2651116531342268,0.8546452304333668
n50_i1105032_H_a1101_REFERENCE,n50_i1105032_H_a1101,50,1105032,H,1101,REFERENCE,1.0,0.14359070174396038,0.8553698821252818
n50_i1105032_H_a1101_W,n50_i1105032_H_a1101,50,1105032,H,1101,W,0.1,0.00047498568892478943,0.6779222959994387
n50_i1105032_H_a1101_W,n50_i1105032_H_a1101,50,1105032,H,1101,W,0.25,0.05529896914958954,0.8114783714474373
n50_i1105032_H_a1101_W,n50_i1105032_H_a1101,50,1105032,H,1101,W,0.5,0.0014965161681175232,1.030401769431694
n50_i1105032_H_a1101_W,n50_i1105032_H_a1101,50,1105032,H,1101,W,0.75,0.0028478875756263733,1.0537585279564117
n50_i1105032_H_a1101_W,n50_i1105032_H_a1101,50,1105032,H,1101,W,0.9,0.02602311782538891,1.0579347781083823
n50_i1105032_H_a1101_W,n50_i1105032_H_a1101,50,1105032,H,1101,W,1.0,0.20214343909174204,1.0591172024527113
n50_i1105032_H_a1101_GW,n50_i1105032_H_a1101,50,1105032,H,1101,GW,0.1,0.00680831354111433,0.6406847019584576
n50_i1105032_H_a1101_GW,n50_i1105032_H_a1101,50,1105032,H,1101,GW,0.25,0.021273938938975334,0.8660474605607161
n50_i1105032_H_a1101_GW,n50_i1105032_H_a1101,50,1105032,H,1101,GW,0.5,0.1393497120589018,0.9767605756276311
n50_i1105032_H_a1101_GW,n50_i1105032_H_a1101,50,1105032,H,1101,GW,0.75,0.030804268084466457,1.0596893366519085
n50_i1105032_H_a1101_GW,n50_i1105032_H_a1101,50,1105032,H,1101,GW,0.9,0.3435760736465454,1.064109605681569
n50_i1105032_H_a1101_GW,n50_i1105032_H_a1101,50,1105032,H,1101,GW,1.0,0.37576360534876585,1.064642275542973
n50_i1105032_T_a1101_REFERENCE,n50_i1105032_T_a1101,50,1105032,T,1101,REFERENCE,0.1,0.05701000429689884,0.5416922964919706
n50_i1105032_T_a1101_REFERENCE,n50_i1105032_T_a1101,50,1105032,T,1101,REFERENCE,0.25,0.0019762786105275154,0.8010332841891339
n50_i1105032_T_a1101_REFERENCE,n50_i1105032_T_a1101,50,1105032,T,1101,REFERENCE,0.5,0.24085407238453627,0.9093424109292774
n50_i1105032_T_a1101_REFERENCE,n50_i1105032_T_a1101,50,1105032,T,1101,REFERENCE,0.75,0.0007480774074792862,0.9587042573792458
n50_i1105032_T_a1101_REFERENCE,n50_i1105032_T_a1101,50,1105032,T,1101,REFERENCE,0.9,0.024957667104899883,0.9811258508359748
n50_i1105032_T_a1101_REFERENCE,n50_i1105032_T_a1101,50,1105032,T,1101,REFERENCE,1.0,0.2282265778630972,1.0324376576159093
n50_i1105032_T_a1101_W,n50_i1105032_T_a1101,50,1105032,T,1101,W,0.1,0.004281209781765938,0.5108633649403802
n50_i1105032_T_a1101_W,n50_i1105032_T_a1101,50,1105032,T,1101,W,0.25,0.001090003177523613,0.7302441897219709
n50_i1105032_T_a1101_W,n50_i1105032_T_a1101,50,1105032,T,1101,W,0.5,0.2653373247012496,0.8302556103847075
n50_i1105032_T_a1101_W,n50_i1105032_T_a1101,50,1105032,T,1101,W,0.75,0.06815201416611671,0.858652732968672
n50_i1105032_T_a1101_W,n50_i1105032_T_a1101,50,1105032,T,1101,W,0.9,0.044117022305727005,0.8629081534803289
n50_i1105032_T_a1101_W,n50_i1105032_T_a1101,50,1105032,T,1101,W,1.0,0.10549894999712706,0.86718195582058
n50_i1105032_T_a1101_GW,n50_i1105032_T_a1101,50,1105032,T,1101,GW,0.1,0.0034194719046354294,0.5111757653863045
n50_i1105032_T_a1101_GW,n50_i1105032_T_a1101,50,1105032,T,1101,GW,0.25,0.021073312498629093,0.6796746022960412
n50_i1105032_T_a1101_GW,n50_i1105032_T_a1101,50,1105032,T,1101,GW,0.5,0.03546340949833393,0.7780959372288475
n50_i1105032_T_a1101_GW,n50_i1105032_T_a1101,50,1105032,T,1101,GW,0.75,0.016904781572520733,0.8072980597281988
n50_i1105032_T_a1101_GW,n50_i1105032_T_a1101,50,1105032,T,1101,GW,0.9,0.024156647734344006,0.8206666297942415
n50_i1105032_T_a1101_GW,n50_i1105032_T_a1101,50,1105032,T,1101,GW,1.0,0.25926070287823677,0.8262589322385524
n50_i1105032_T_a1101_LEGACY,n50_i1105032_T_a1101,50,1105032,T,1101,LEGACY,0.1,0.1053702998906374,0.5457957922779775
n50_i1105032_T_a1101_LEGACY,n50_i1105032_T_a1101,50,1105032,T,1101,LEGACY,0.25,0.2611426645889878,0.6632299777858144
n50_i1105032_T_a1101_LEGACY,n50_i1105032_T_a1101,50,1105032,T,1101,LEGACY,0.5,0.05076699238270521,0.8444935629927097
n50_i1105032_T_a1101_LEGACY,n50_i1105032_T_a1101,50,1105032,T,1101,LEGACY,0.75,0.004053729586303234,0.9775600371323822
n50_i1105032_T_a1101_LEGACY,n50_i1105032_T_a1101,50,1105032,T,1101,LEGACY,0.9,0.19287184346467257,1.0558305639359205
n50_i1105032_T_a1101_LEGACY,n50_i1105032_T_a1101,50,1105032,T,1101,LEGACY,1.0,0.1039056209847331,1.1021304083420798
n50_i1105032_T_a2202_GW,n50_i1105032_T_a2202,50,1105032,T,2202,GW,0.1,0.07429993897676468,0.512429223003278
n50_i1105032_T_a2202_GW,n50_i1105032_T_a2202,50,1105032,T,2202,GW,0.25,0.048254155553877354,0.6197620308229731
n50_i1105032_T_a2202_GW,n50_i1105032_T_a2202,50,1105032,T,2202,GW,0.5,0.07044072635471821,0.7895030057507479
n50_i1105032_T_a2202_GW,n50_i1105032_T_a2202,50,1105032,T,2202,GW,0.75,0.02196370903402567,0.8408382602389616
n50_i1105032_T_a2202_GW,n50_i1105032_T_a2202,50,1105032,T,2202,GW,0.9,0.06688850093632936,0.874894667907386
n50_i1105032_T_a2202_GW,n50_i1105032_T_a2202,50,1105032,T,2202,GW,1.0,0.019403300248086452,0.8890496027209172
n50_i1105032_T_a2202_LEGACY,n50_i1105032_T_a2202,50,1105032,T,2202,LEGACY,0.1,0.007767799310386181,0.3294440834699261
n50_i1105032_T_a2202_LEGACY,n50_i1105032_T_a2202,50,1105032,T,2202,LEGACY,0.25,0.15508813504129648,0.48822040640935926
n50_i1105032_T_a2202_LEGACY,n50_i1105032_T_a2202,50,1105032,T,2202,LEGACY,0.5,0.027562848292291164,0.7070163001952742
n50_i1105032_T_a2202_LEGACY,n50_i1105032_T_a2202,50,1105032,T,2202,LEGACY,0.75,0.009218498133122921,0.8312885893883535
n50_i1105032_T_a2202_LEGACY,n50_i1105032_T_a2202,50,1105032,T,2202,LEGACY,0.9,0.015417064540088177,0.9007592811896511
n50_i1105032_T_a2202_LEGACY,n50_i1105032_T_a2202,50,1105032,T,2202,LEGACY,1.0,0.22007904946804047,0.904810770359323
n50_i1105032_T_a2202_REFERENCE,n50_i1105032_T_a2202,50,1105032,T,2202,REFERENCE,0.1,0.0070494553074240685,0.4324503871228511
n50_i1105032_T_a2202_REFERENCE,n50_i1105032_T_a2202,50,1105032,T,2202,REFERENCE,0.25,0.0980228902772069,0.6703737863268513
n50_i1105032_T_a2202_REFERENCE,n50_i1105032_T_a2202,50,1105032,T,2202,REFERENCE,0.5,0.04859667457640171,0.7831468984466606
n50_i1105032_T_a2202_REFERENCE,n50_i1105032_T_a2202,50,1105032,T,2202,REFERENCE,0.75,0.01760724000632763,0.7995306604550222
n50_i1105032_T_a2202_REFERENCE,n50_i1105032_T_a2202,50,1105032,T,2202,REFERENCE,0.9,0.068542524240911,0.8093007635791659
n50_i1105032_T_a2202_REFERENCE,n50_i1105032_T_a2202,50,1105032,T,2202,REFERENCE,1.0,0.18275530729442835,0.8148591149310872
n50_i1105032_T_a2202_W,n50_i1105032_T_a2202,50,1105032,T,2202,W,0.1,0.009785028174519539,0.51301363463072
n50_i1105032_T_a2202_W,n50_i1105032_T_a2202,50,1105032,T,2202,W,0.25,0.0005773836746811867,0.6119709870390253
n50_i1105032_T_a2202_W,n50_i1105032_T_a2202,50,1105032,T,2202,W,0.5,0.1893699625506997,0.7506245046797393
n50_i1105032_T_a2202_W,n50_i1105032_T_a2202,50,1105032,T,2202,W,0.75,0.12643068376928568,0.7933760987300706
n50_i1105032_T_a2202_W,n50_i1105032_T_a2202,50,1105032,T,2202,W,0.9,0.039595347829163074,0.928235642298571
n50_i1105032_T_a2202_W,n50_i1105032_T_a2202,50,1105032,T,2202,W,1.0,0.00031373370438814163,0.9427004156133262
n100_i1115001_H_a2202_W,n100_i1115001_H_a2202,100,1115001,H,2202,W,0.1,0.21199309453368187,0.5283007721749173
n100_i1115001_H_a2202_W,n100_i1115001_H_a2202,100,1115001,H,2202,W,0.25,0.1392614096403122,0.6878044864468105
n100_i1115001_H_a2202_W,n100_i1115001_H_a2202,100,1115001,H,2202,W,0.5,0.006525239907205105,0.8510772559882714
n100_i1115001_H_a2202_W,n100_i1115001_H_a2202,100,1115001,H,2202,W,0.75,0.37624035868793726,0.8921614840039244
n100_i1115001_H_a2202_W,n100_i1115001_H_a2202,100,1115001,H,2202,W,0.9,0.020094307139515877,0.902751811527561
n100_i1115001_H_a2202_W,n100_i1115001_H_a2202,100,1115001,H,2202,W,1.0,0.5564100975170732,0.9091539453320833
n100_i1115001_H_a2202_GW,n100_i1115001_H_a2202,100,1115001,H,2202,GW,0.1,0.014044408686459064,0.525577617581089
n100_i1115001_H_a2202_GW,n100_i1115001_H_a2202,100,1115001,H,2202,GW,0.25,0.2624118337407708,0.690749959287927
n100_i1115001_H_a2202_GW,n100_i1115001_H_a2202,100,1115001,H,2202,GW,0.5,0.0023989034816622734,0.8229109574327806
n100_i1115001_H_a2202_GW,n100_i1115001_H_a2202,100,1115001,H,2202,GW,0.75,1.222252388484776,0.8976309658024327
n100_i1115001_H_a2202_GW,n100_i1115001_H_a2202,100,1115001,H,2202,GW,0.9,0.22030635457485914,0.9234982569378289
n100_i1115001_H_a2202_GW,n100_i1115001_H_a2202,100,1115001,H,2202,GW,1.0,0.8699974343180656,0.9323101531579694
n100_i1115001_H_a2202_LEGACY,n100_i1115001_H_a2202,100,1115001,H,2202,LEGACY,0.1,0.7617456754669547,0.6883541293590021
n100_i1115001_H_a2202_LEGACY,n100_i1115001_H_a2202,100,1115001,H,2202,LEGACY,0.25,0.008287538774311543,0.7886626669701723
n100_i1115001_H_a2202_LEGACY,n100_i1115001_H_a2202,100,1115001,H,2202,LEGACY,0.5,0.40265866555273533,0.82616297515873
n100_i1115001_H_a2202_LEGACY,n100_i1115001_H_a2202,100,1115001,H,2202,LEGACY,0.75,0.5104128615930676,0.8646553763882334
n100_i1115001_H_a2202_LEGACY,n100_i1115001_H_a2202,100,1115001,H,2202,LEGACY,0.9,1.0435625482350588,0.8908846307717001
n100_i1115001_H_a2202_LEGACY,n100_i1115001_H_a2202,100,1115001,H,2202,LEGACY,1.0,0.7722303904592991,0.8951910622692979
n100_i1115001_H_a2202_REFERENCE,n100_i1115001_H_a2202,100,1115001,H,2202,REFERENCE,0.1,0.47729998733848333,0.6069408713432809
n100_i1115001_H_a2202_REFERENCE,n100_i1115001_H_a2202,100,1115001,H,2202,REFERENCE,0.25,0.33391683734953403,0.8670858974596141
n100_i1115001_H_a2202_REFERENCE,n100_i1115001_H_a2202,100,1115001,H,2202,REFERENCE,0.5,0.31048732716590166,0.9160445329774228
n100_i1115001_H_a2202_REFERENCE,n100_i1115001_H_a2202,100,1115001,H,2202,REFERENCE,0.75,0.009629673324525356,0.946378580805249
n100_i1115001_H_a2202_REFERENCE,n100_i1115001_H_a2202,100,1115001,H,2202,REFERENCE,0.9,0.1804856201633811,0.9543523228484645
n100_i1115001_H_a2202_REFERENCE,n100_i1115001_H_a2202,100,1115001,H,2202,REFERENCE,1.0,1.002969372086227,0.9636078627207308
n100_i1115001_H_a1101_LEGACY,n100_i1115001_H_a1101,100,1115001,H,1101,LEGACY,0.1,0.015256433747708797,0.5630347200224025
n100_i1115001_H_a1101_LEGACY,n100_i1115001_H_a1101,100,1115001,H,1101,LEGACY,0.25,0.21034643240273,0.6992999221428446
n100_i1115001_H_a1101_LEGACY,n100_i1115001_H_a1101,100,1115001,H,1101,LEGACY,0.5,0.24520715419203043,0.7952469732815645
n100_i1115001_H_a1101_LEGACY,n100_i1115001_H_a1101,100,1115001,H,1101,LEGACY,0.75,0.8670957274734974,0.8371852862197303
n100_i1115001_H_a1101_LEGACY,n100_i1115001_H_a1101,100,1115001,H,1101,LEGACY,0.9,0.5697107622399926,0.9085019038483292
n100_i1115001_H_a1101_LEGACY,n100_i1115001_H_a1101,100,1115001,H,1101,LEGACY,1.0,0.39101980347186327,0.9154136565408711
n100_i1115001_H_a1101_REFERENCE,n100_i1115001_H_a1101,100,1115001,H,1101,REFERENCE,0.1,0.010425560176372528,0.6051629922895374
n100_i1115001_H_a1101_REFERENCE,n100_i1115001_H_a1101,100,1115001,H,1101,REFERENCE,0.25,0.2101942291483283,0.7433964316397346
n100_i1115001_H_a1101_REFERENCE,n100_i1115001_H_a1101,100,1115001,H,1101,REFERENCE,0.5,0.8902825014665723,0.8064430649668124
n100_i1115001_H_a1101_REFERENCE,n100_i1115001_H_a1101,100,1115001,H,1101,REFERENCE,0.75,0.009450702928006649,0.8440760156997067
n100_i1115001_H_a1101_REFERENCE,n100_i1115001_H_a1101,100,1115001,H,1101,REFERENCE,0.9,1.4815707597881556,0.8487777433451569
n100_i1115001_H_a1101_REFERENCE,n100_i1115001_H_a1101,100,1115001,H,1101,REFERENCE,1.0,0.5071516474708915,0.8525115250449338
n100_i1115001_H_a1101_W,n100_i1115001_H_a1101,100,1115001,H,1101,W,0.1,0.0041929930448532104,0.6754640321798446
n100_i1115001_H_a1101_W,n100_i1115001_H_a1101,100,1115001,H,1101,W,0.25,0.03732664790004492,0.7553255056105511
n100_i1115001_H_a1101_W,n100_i1115001_H_a1101,100,1115001,H,1101,W,0.5,0.013679671101272106,0.836515470140123
n100_i1115001_H_a1101_W,n100_i1115001_H_a1101,100,1115001,H,1101,W,0.75,0.13388497103005648,0.8825311119051839
n100_i1115001_H_a1101_W,n100_i1115001_H_a1101,100,1115001,H,1101,W,0.9,0.0005293870344758034,0.9058973773297131
n100_i1115001_H_a1101_W,n100_i1115001_H_a1101,100,1115001,H,1101,W,1.0,0.6198828546330333,0.9228035428441141
n100_i1115001_H_a1101_GW,n100_i1115001_H_a1101,100,1115001,H,1101,GW,0.1,0.6604420319199562,0.6754640321798446
n100_i1115001_H_a1101_GW,n100_i1115001_H_a1101,100,1115001,H,1101,GW,0.25,0.011011959053575993,0.7496428772863936
n100_i1115001_H_a1101_GW,n100_i1115001_H_a1101,100,1115001,H,1101,GW,0.5,0.1640330208465457,0.7962373773838323
n100_i1115001_H_a1101_GW,n100_i1115001_H_a1101,100,1115001,H,1101,GW,0.75,0.0655975416302681,0.8479373333939705
n100_i1115001_H_a1101_GW,n100_i1115001_H_a1101,100,1115001,H,1101,GW,0.9,1.6459273053333163,0.8733639148926601
n100_i1115001_H_a1101_GW,n100_i1115001_H_a1101,100,1115001,H,1101,GW,1.0,0.7586872782558203,0.8827278186900286
n100_i1115001_T_a1101_REFERENCE,n100_i1115001_T_a1101,100,1115001,T,1101,REFERENCE,0.1,1.2336396295577288,0.5465024114821176
n100_i1115001_T_a1101_REFERENCE,n100_i1115001_T_a1101,100,1115001,T,1101,REFERENCE,0.25,0.007272650487720966,0.6652544224268967
n100_i1115001_T_a1101_REFERENCE,n100_i1115001_T_a1101,100,1115001,T,1101,REFERENCE,0.5,0.11117023508995771,0.7154775823938219
n100_i1115001_T_a1101_REFERENCE,n100_i1115001_T_a1101,100,1115001,T,1101,REFERENCE,0.75,0.012368387542665005,0.7487776651135194
n100_i1115001_T_a1101_REFERENCE,n100_i1115001_T_a1101,100,1115001,T,1101,REFERENCE,0.9,0.3195752128958702,0.7601042373190322
n100_i1115001_T_a1101_REFERENCE,n100_i1115001_T_a1101,100,1115001,T,1101,REFERENCE,1.0,1.048372771590948,0.7622631509711735
n100_i1115001_T_a1101_W,n100_i1115001_T_a1101,100,1115001,T,1101,W,0.1,0.6958064138889313,0.5507401257991396
n100_i1115001_T_a1101_W,n100_i1115001_T_a1101,100,1115001,T,1101,W,0.25,0.08746707532554865,0.6753183950062976
n100_i1115001_T_a1101_W,n100_i1115001_T_a1101,100,1115001,T,1101,W,0.5,0.07550319284200668,0.740779009538412
n100_i1115001_T_a1101_W,n100_i1115001_T_a1101,100,1115001,T,1101,W,0.75,0.17665852047502995,0.7772906358981393
n100_i1115001_T_a1101_W,n100_i1115001_T_a1101,100,1115001,T,1101,W,0.9,0.08219116181135178,0.8013827996661659
n100_i1115001_T_a1101_W,n100_i1115001_T_a1101,100,1115001,T,1101,W,1.0,0.4700930630788207,0.8057446989318592
n100_i1115001_T_a1101_GW,n100_i1115001_T_a1101,100,1115001,T,1101,GW,0.1,0.6389725236222148,0.5586281625078051
n100_i1115001_T_a1101_GW,n100_i1115001_T_a1101,100,1115001,T,1101,GW,0.25,0.014969199895858765,0.661528007769955
n100_i1115001_T_a1101_GW,n100_i1115001_T_a1101,100,1115001,T,1101,GW,0.5,0.5963406525552273,0.7016720159887078
n100_i1115001_T_a1101_GW,n100_i1115001_T_a1101,100,1115001,T,1101,GW,0.75,0.21825284510850906,0.7169247870213089
n100_i1115001_T_a1101_GW,n100_i1115001_T_a1101,100,1115001,T,1101,GW,0.9,0.012135243974626064,0.7229462160709053
n100_i1115001_T_a1101_GW,n100_i1115001_T_a1101,100,1115001,T,1101,GW,1.0,0.8344582039862871,0.7373430846794204
n100_i1115001_T_a1101_LEGACY,n100_i1115001_T_a1101,100,1115001,T,1101,LEGACY,0.1,0.0028092507272958755,0.5424968720854028
n100_i1115001_T_a1101_LEGACY,n100_i1115001_T_a1101,100,1115001,T,1101,LEGACY,0.25,0.0512144835665822,0.726855388805104
n100_i1115001_T_a1101_LEGACY,n100_i1115001_T_a1101,100,1115001,T,1101,LEGACY,0.5,0.45326937921345234,0.7850123020802686
n100_i1115001_T_a1101_LEGACY,n100_i1115001_T_a1101,100,1115001,T,1101,LEGACY,0.75,0.027652058750391006,0.7984359069841636
n100_i1115001_T_a1101_LEGACY,n100_i1115001_T_a1101,100,1115001,T,1101,LEGACY,0.9,0.3179050590842962,0.80486738768518
n100_i1115001_T_a1101_LEGACY,n100_i1115001_T_a1101,100,1115001,T,1101,LEGACY,1.0,0.008369495160877705,0.8089750178292927
n100_i1115001_T_a2202_GW,n100_i1115001_T_a2202,100,1115001,T,2202,GW,0.1,0.004046129062771797,0.5503146148621241
n100_i1115001_T_a2202_GW,n100_i1115001_T_a2202,100,1115001,T,2202,GW,0.25,0.007685025222599506,0.689211815664355
n100_i1115001_T_a2202_GW,n100_i1115001_T_a2202,100,1115001,T,2202,GW,0.5,0.01719666551798582,0.7706247795711989
n100_i1115001_T_a2202_GW,n100_i1115001_T_a2202,100,1115001,T,2202,GW,0.75,0.0033713625743985176,0.8106594074771922
n100_i1115001_T_a2202_GW,n100_i1115001_T_a2202,100,1115001,T,2202,GW,0.9,0.7154472041875124,0.8190462644238038
n100_i1115001_T_a2202_GW,n100_i1115001_T_a2202,100,1115001,T,2202,GW,1.0,0.09319402184337378,0.8213829126788164
n100_i1115001_T_a2202_LEGACY,n100_i1115001_T_a2202,100,1115001,T,2202,LEGACY,0.1,0.05626137461513281,0.6168652466988984
n100_i1115001_T_a2202_LEGACY,n100_i1115001_T_a2202,100,1115001,T,2202,LEGACY,0.25,0.2925016451627016,0.7675915871307196
n100_i1115001_T_a2202_LEGACY,n100_i1115001_T_a2202,100,1115001,T,2202,LEGACY,0.5,0.38909446354955435,0.8347634280204067
n100_i1115001_T_a2202_LEGACY,n100_i1115001_T_a2202,100,1115001,T,2202,LEGACY,0.75,0.03166062943637371,0.8470829383693186
n100_i1115001_T_a2202_LEGACY,n100_i1115001_T_a2202,100,1115001,T,2202,LEGACY,0.9,0.07025860995054245,0.8541729930434103
n100_i1115001_T_a2202_LEGACY,n100_i1115001_T_a2202,100,1115001,T,2202,LEGACY,1.0,1.0555159579962492,0.8546905372706937
n100_i1115001_T_a2202_REFERENCE,n100_i1115001_T_a2202,100,1115001,T,2202,REFERENCE,0.1,0.06549825426191092,0.5730699132830066
n100_i1115001_T_a2202_REFERENCE,n100_i1115001_T_a2202,100,1115001,T,2202,REFERENCE,0.25,0.11119847651571035,0.6364902473002101
n100_i1115001_T_a2202_REFERENCE,n100_i1115001_T_a2202,100,1115001,T,2202,REFERENCE,0.5,0.23156116530299187,0.682875335538878
n100_i1115001_T_a2202_REFERENCE,n100_i1115001_T_a2202,100,1115001,T,2202,REFERENCE,0.75,0.8442672751843929,0.7066988755514124
n100_i1115001_T_a2202_REFERENCE,n100_i1115001_T_a2202,100,1115001,T,2202,REFERENCE,0.9,0.005655311048030853,0.7170394449197366
n100_i1115001_T_a2202_REFERENCE,n100_i1115001_T_a2202,100,1115001,T,2202,REFERENCE,1.0,1.0499395187944174,0.722962386103852
n100_i1115001_T_a2202_W,n100_i1115001_T_a2202,100,1115001,T,2202,W,0.1,0.041198767721652985,0.5503146148621241
n100_i1115001_T_a2202_W,n100_i1115001_T_a2202,100,1115001,T,2202,W,0.25,0.6340156141668558,0.689211815664355
n100_i1115001_T_a2202_W,n100_i1115001_T_a2202,100,1115001,T,2202,W,0.5,0.640168571844697,0.7668977129182
n100_i1115001_T_a2202_W,n100_i1115001_T_a2202,100,1115001,T,2202,W,0.75,0.007327033206820488,0.843138394809208
n100_i1115001_T_a2202_W,n100_i1115001_T_a2202,100,1115001,T,2202,W,0.9,0.5960532194003463,0.863672888832309
n100_i1115001_T_a2202_W,n100_i1115001_T_a2202,100,1115001,T,2202,W,1.0,0.4102775203064084,0.8857535513028457
n100_i1115002_H_a2202_W,n100_i1115002_H_a2202,100,1115002,H,2202,W,0.1,1.9584914520382881,0.5517457978262578
n100_i1115002_H_a2202_W,n100_i1115002_H_a2202,100,1115002,H,2202,W,0.25,0.5378198157995939,0.7363351117360836
n100_i1115002_H_a2202_W,n100_i1115002_H_a2202,100,1115002,H,2202,W,0.5,0.009285458363592625,0.8420880455986478
n100_i1115002_H_a2202_W,n100_i1115002_H_a2202,100,1115002,H,2202,W,0.75,0.6620895257219672,0.8970318418624722
n100_i1115002_H_a2202_W,n100_i1115002_H_a2202,100,1115002,H,2202,W,0.9,0.9398265834897757,0.9010007344816678
n100_i1115002_H_a2202_W,n100_i1115002_H_a2202,100,1115002,H,2202,W,1.0,0.16125145368278027,0.9034906704643907
n100_i1115002_H_a2202_GW,n100_i1115002_H_a2202,100,1115002,H,2202,GW,0.1,0.7039722027257085,0.5517457978262578
n100_i1115002_H_a2202_GW,n100_i1115002_H_a2202,100,1115002,H,2202,GW,0.25,0.10064120404422283,0.7949419529555829
n100_i1115002_H_a2202_GW,n100_i1115002_H_a2202,100,1115002,H,2202,GW,0.5,0.1763123581185937,0.8572627347190659
n100_i1115002_H_a2202_GW,n100_i1115002_H_a2202,100,1115002,H,2202,GW,0.75,0.08520357217639685,0.9028488639709629
n100_i1115002_H_a2202_GW,n100_i1115002_H_a2202,100,1115002,H,2202,GW,0.9,0.1340981312096119,0.9910024067152104
n100_i1115002_H_a2202_GW,n100_i1115002_H_a2202,100,1115002,H,2202,GW,1.0,0.3836997300386429,1.0053120580645416
n100_i1115002_H_a2202_LEGACY,n100_i1115002_H_a2202,100,1115002,H,2202,LEGACY,0.1,0.8663515942171216,0.5732302894360316
n100_i1115002_H_a2202_LEGACY,n100_i1115002_H_a2202,100,1115002,H,2202,LEGACY,0.25,0.011241034604609013,0.8025663229993297
n100_i1115002_H_a2202_LEGACY,n100_i1115002_H_a2202,100,1115002,H,2202,LEGACY,0.5,0.07824065443128347,0.9084920086983838
n100_i1115002_H_a2202_LEGACY,n100_i1115002_H_a2202,100,1115002,H,2202,LEGACY,0.75,0.5095400279387832,0.9573175550725296
n100_i1115002_H_a2202_LEGACY,n100_i1115002_H_a2202,100,1115002,H,2202,LEGACY,0.9,0.2321634879335761,0.9663552900400585
n100_i1115002_H_a2202_LEGACY,n100_i1115002_H_a2202,100,1115002,H,2202,LEGACY,1.0,0.1277051968500018,0.9806923870504183
n100_i1115002_H_a2202_REFERENCE,n100_i1115002_H_a2202,100,1115002,H,2202,REFERENCE,0.1,0.5795808266848326,0.5871874712997305
n100_i1115002_H_a2202_REFERENCE,n100_i1115002_H_a2202,100,1115002,H,2202,REFERENCE,0.25,0.12415013648569584,0.8696717052733174
n100_i1115002_H_a2202_REFERENCE,n100_i1115002_H_a2202,100,1115002,H,2202,REFERENCE,0.5,0.013733419589698315,1.0003968525515397
n100_i1115002_H_a2202_REFERENCE,n100_i1115002_H_a2202,100,1115002,H,2202,REFERENCE,0.75,0.03706882242113352,1.0243372916691345
n100_i1115002_H_a2202_REFERENCE,n100_i1115002_H_a2202,100,1115002,H,2202,REFERENCE,0.9,0.019592097960412502,1.0267496410929278
n100_i1115002_H_a2202_REFERENCE,n100_i1115002_H_a2202,100,1115002,H,2202,REFERENCE,1.0,0.8024227079004049,1.0298482741238661
n100_i1115002_H_a1101_LEGACY,n100_i1115002_H_a1101,100,1115002,H,1101,LEGACY,0.1,0.09316498972475529,0.577875843071188
n100_i1115002_H_a1101_LEGACY,n100_i1115002_H_a1101,100,1115002,H,1101,LEGACY,0.25,0.16192817874252796,0.7639184858054375
n100_i1115002_H_a1101_LEGACY,n100_i1115002_H_a1101,100,1115002,H,1101,LEGACY,0.5,0.17145127803087234,0.8543063512376177
n100_i1115002_H_a1101_LEGACY,n100_i1115002_H_a1101,100,1115002,H,1101,LEGACY,0.75,0.7591205658391118,0.9024422449437434
n100_i1115002_H_a1101_LEGACY,n100_i1115002_H_a1101,100,1115002,H,1101,LEGACY,0.9,0.2957983175292611,0.9279941200212476
n100_i1115002_H_a1101_LEGACY,n100_i1115002_H_a1101,100,1115002,H,1101,LEGACY,1.0,0.07988334819674492,0.9457090752718713
n100_i1115002_H_a1101_REFERENCE,n100_i1115002_H_a1101,100,1115002,H,1101,REFERENCE,0.1,0.7664516633376479,0.565687019401443
n100_i1115002_H_a1101_REFERENCE,n100_i1115002_H_a1101,100,1115002,H,1101,REFERENCE,0.25,0.004160558804869652,0.8631471829774159
n100_i1115002_H_a1101_REFERENCE,n100_i1115002_H_a1101,100,1115002,H,1101,REFERENCE,0.5,0.047934926114976406,0.9222416401701625
n100_i1115002_H_a1101_REFERENCE,n100_i1115002_H_a1101,100,1115002,H,1101,REFERENCE,0.75,0.06238413695245981,0.9678732536551244
n100_i1115002_H_a1101_REFERENCE,n100_i1115002_H_a1101,100,1115002,H,1101,REFERENCE,0.9,0.7284263949841261,1.0029203185260882
n100_i1115002_H_a1101_REFERENCE,n100_i1115002_H_a1101,100,1115002,H,1101,REFERENCE,1.0,0.416594953276217,1.006871263591911
n100_i1115002_H_a1101_W,n100_i1115002_H_a1101,100,1115002,H,1101,W,0.1,0.31404892913997173,0.48300558837283997
n100_i1115002_H_a1101_W,n100_i1115002_H_a1101,100,1115002,H,1101,W,0.25,0.001943850889801979,0.7123260425989557
n100_i1115002_H_a1101_W,n100_i1115002_H_a1101,100,1115002,H,1101,W,0.5,0.21829519141465425,0.8112353561464375
n100_i1115002_H_a1101_W,n100_i1115002_H_a1101,100,1115002,H,1101,W,0.75,0.36418660543859005,0.8766839329744328
n100_i1115002_H_a1101_W,n100_i1115002_H_a1101,100,1115002,H,1101,W,0.9,0.7339123794808984,0.889300239067515
n100_i1115002_H_a1101_W,n100_i1115002_H_a1101,100,1115002,H,1101,W,1.0,0.44533403124660254,0.9035223797944569
n100_i1115002_H_a1101_GW,n100_i1115002_H_a1101,100,1115002,H,1101,GW,0.1,0.03905684873461723,0.48300558837283997
n100_i1115002_H_a1101_GW,n100_i1115002_H_a1101,100,1115002,H,1101,GW,0.25,0.5136910490691662,0.7123260425989557
n100_i1115002_H_a1101_GW,n100_i1115002_H_a1101,100,1115002,H,1101,GW,0.5,0.04384910874068737,0.81160289268275
n100_i1115002_H_a1101_GW,n100_i1115002_H_a1101,100,1115002,H,1101,GW,0.75,0.10330519266426563,0.8818375449274832
n100_i1115002_H_a1101_GW,n100_i1115002_H_a1101,100,1115002,H,1101,GW,0.9,0.005489985458552837,0.8986230369160302
n100_i1115002_H_a1101_GW,n100_i1115002_H_a1101,100,1115002,H,1101,GW,1.0,0.1405367525294423,0.9047711341477919
n100_i1115002_T_a1101_REFERENCE,n100_i1115002_T_a1101,100,1115002,T,1101,REFERENCE,0.1,0.251246958039701,0.37571823178302494
n100_i1115002_T_a1101_REFERENCE,n100_i1115002_T_a1101,100,1115002,T,1101,REFERENCE,0.25,0.018052032217383385,0.5197635075670184
n100_i1115002_T_a1101_REFERENCE,n100_i1115002_T_a1101,100,1115002,T,1101,REFERENCE,0.5,0.9426723485812545,0.7107831555670701
n100_i1115002_T_a1101_REFERENCE,n100_i1115002_T_a1101,100,1115002,T,1101,REFERENCE,0.75,0.130201387219131,0.7589502650269045
n100_i1115002_T_a1101_REFERENCE,n100_i1115002_T_a1101,100,1115002,T,1101,REFERENCE,0.9,0.3578359168022871,0.796662407040607
n100_i1115002_T_a1101_REFERENCE,n100_i1115002_T_a1101,100,1115002,T,1101,REFERENCE,1.0,0.009090377949178219,0.8205966670096885
n100_i1115002_T_a1101_W,n100_i1115002_T_a1101,100,1115002,T,1101,W,0.1,0.25640903785824776,0.3524342837750652
n100_i1115002_T_a1101_W,n100_i1115002_T_a1101,100,1115002,T,1101,W,0.25,0.0484744431450963,0.49899286100472323
n100_i1115002_T_a1101_W,n100_i1115002_T_a1101,100,1115002,T,1101,W,0.5,0.21959067787975073,0.598599653187692
n100_i1115002_T_a1101_W,n100_i1115002_T_a1101,100,1115002,T,1101,W,0.75,0.1424836926162243,0.6827510074134884
n100_i1115002_T_a1101_W,n100_i1115002_T_a1101,100,1115002,T,1101,W,0.9,1.541363324970007,0.7024959139818162
n100_i1115002_T_a1101_W,n100_i1115002_T_a1101,100,1115002,T,1101,W,1.0,0.9246724601835012,0.7143869199645879
n100_i1115002_T_a1101_GW,n100_i1115002_T_a1101,100,1115002,T,1101,GW,0.1,0.6313199549913406,0.3525595868559572
n100_i1115002_T_a1101_GW,n100_i1115002_T_a1101,100,1115002,T,1101,GW,0.25,0.0988105135038495,0.46112118497105514
n100_i1115002_T_a1101_GW,n100_i1115002_T_a1101,100,1115002,T,1101,GW,0.5,0.00551803782582283,0.6280167713078892
n100_i1115002_T_a1101_GW,n100_i1115002_T_a1101,100,1115002,T,1101,GW,0.75,0.2596834031865001,0.7479855964518567
n100_i1115002_T_a1101_GW,n100_i1115002_T_a1101,100,1115002,T,1101,GW,0.9,0.1602001404389739,0.7727473252392243
n100_i1115002_T_a1101_GW,n100_i1115002_T_a1101,100,1115002,T,1101,GW,1.0,1.3065291587263346,0.7839540753509749
n100_i1115002_T_a1101_LEGACY,n100_i1115002_T_a1101,100,1115002,T,1101,LEGACY,0.1,0.0026809340342879295,0.29491264349561735
n100_i1115002_T_a1101_LEGACY,n100_i1115002_T_a1101,100,1115002,T,1101,LEGACY,0.25,0.010455377399921417,0.49809261025999535
n100_i1115002_T_a1101_LEGACY,n100_i1115002_T_a1101,100,1115002,T,1101,LEGACY,0.5,0.2617185655981302,0.711559947947142
n100_i1115002_T_a1101_LEGACY,n100_i1115002_T_a1101,100,1115002,T,1101,LEGACY,0.75,0.73100361879915,0.7932677511731747
n100_i1115002_T_a1101_LEGACY,n100_i1115002_T_a1101,100,1115002,T,1101,LEGACY,0.9,0.048343815840780735,0.803612247264332
n100_i1115002_T_a1101_LEGACY,n100_i1115002_T_a1101,100,1115002,T,1101,LEGACY,1.0,0.16829829942435026,0.816702094456127
n100_i1115002_T_a2202_GW,n100_i1115002_T_a2202,100,1115002,T,2202,GW,0.1,0.14902814012020826,0.2974936077094706
n100_i1115002_T_a2202_GW,n100_i1115002_T_a2202,100,1115002,T,2202,GW,0.25,0.003429836593568325,0.47953054337771117
n100_i1115002_T_a2202_GW,n100_i1115002_T_a2202,100,1115002,T,2202,GW,0.5,0.08315128367394209,0.7455897785451625
n100_i1115002_T_a2202_GW,n100_i1115002_T_a2202,100,1115002,T,2202,GW,0.75,0.05424418579787016,0.8175682023971758
n100_i1115002_T_a2202_GW,n100_i1115002_T_a2202,100,1115002,T,2202,GW,0.9,0.26781826466321945,0.8416384029651505
n100_i1115002_T_a2202_GW,n100_i1115002_T_a2202,100,1115002,T,2202,GW,1.0,0.2052324404940009,0.8804268610215205
n100_i1115002_T_a2202_LEGACY,n100_i1115002_T_a2202,100,1115002,T,2202,LEGACY,0.1,0.016278068535029888,0.3050466743843116
n100_i1115002_T_a2202_LEGACY,n100_i1115002_T_a2202,100,1115002,T,2202,LEGACY,0.25,0.03565115388482809,0.42315862861966347
n100_i1115002_T_a2202_LEGACY,n100_i1115002_T_a2202,100,1115002,T,2202,LEGACY,0.5,0.08327918127179146,0.5725091753895026
n100_i1115002_T_a2202_LEGACY,n100_i1115002_T_a2202,100,1115002,T,2202,LEGACY,0.75,0.1141411317512393,0.6442809712279228
n100_i1115002_T_a2202_LEGACY,n100_i1115002_T_a2202,100,1115002,T,2202,LEGACY,0.9,0.10777355823665857,0.6745426536051717
n100_i1115002_T_a2202_LEGACY,n100_i1115002_T_a2202,100,1115002,T,2202,LEGACY,1.0,0.9575553964823484,0.7007038339000538
n100_i1115002_T_a2202_REFERENCE,n100_i1115002_T_a2202,100,1115002,T,2202,REFERENCE,0.1,0.2964557372033596,0.3125098561529499
n100_i1115002_T_a2202_REFERENCE,n100_i1115002_T_a2202,100,1115002,T,2202,REFERENCE,0.25,0.2266309605911374,0.5862054822346059
n100_i1115002_T_a2202_REFERENCE,n100_i1115002_T_a2202,100,1115002,T,2202,REFERENCE,0.5,0.23336256854236126,0.6726986278412441
n100_i1115002_T_a2202_REFERENCE,n100_i1115002_T_a2202,100,1115002,T,2202,REFERENCE,0.75,0.5191261069849133,0.7496836436081016
n100_i1115002_T_a2202_REFERENCE,n100_i1115002_T_a2202,100,1115002,T,2202,REFERENCE,0.9,0.6237788619473577,0.768524005305582
n100_i1115002_T_a2202_REFERENCE,n100_i1115002_T_a2202,100,1115002,T,2202,REFERENCE,1.0,0.16203191597014666,0.7977377894136618
n100_i1115002_T_a2202_W,n100_i1115002_T_a2202,100,1115002,T,2202,W,0.1,1.011177365668118,0.2974936077094706
n100_i1115002_T_a2202_W,n100_i1115002_T_a2202,100,1115002,T,2202,W,0.25,0.36325067188590765,0.4543251306428141
n100_i1115002_T_a2202_W,n100_i1115002_T_a2202,100,1115002,T,2202,W,0.5,0.08407727256417274,0.7371833246475199
n100_i1115002_T_a2202_W,n100_i1115002_T_a2202,100,1115002,T,2202,W,0.75,0.005691180005669594,0.8044902897747573
n100_i1115002_T_a2202_W,n100_i1115002_T_a2202,100,1115002,T,2202,W,0.9,0.03845594171434641,0.8236118293046085
n100_i1115002_T_a2202_W,n100_i1115002_T_a2202,100,1115002,T,2202,W,1.0,0.9178174547851086,0.8343453630418058
n100_i1115003_H_a2202_W,n100_i1115003_H_a2202,100,1115003,H,2202,W,0.1,0.008830375969409943,0.2513236239413464
n100_i1115003_H_a2202_W,n100_i1115003_H_a2202,100,1115003,H,2202,W,0.25,0.09669768530875444,0.3892962317095108
n100_i1115003_H_a2202_W,n100_i1115003_H_a2202,100,1115003,H,2202,W,0.5,0.011504699476063251,0.4677426128282377
n100_i1115003_H_a2202_W,n100_i1115003_H_a2202,100,1115003,H,2202,W,0.75,0.12725412100553513,0.5975901201732424
n100_i1115003_H_a2202_W,n100_i1115003_H_a2202,100,1115003,H,2202,W,0.9,1.4382223300635815,0.6936389970369087
n100_i1115003_H_a2202_W,n100_i1115003_H_a2202,100,1115003,H,2202,W,1.0,1.5553846200928092,0.7316098985987471
n100_i1115003_H_a2202_GW,n100_i1115003_H_a2202,100,1115003,H,2202,GW,0.1,0.4099870724603534,0.2288998862993775
n100_i1115003_H_a2202_GW,n100_i1115003_H_a2202,100,1115003,H,2202,GW,0.25,0.17813418060541153,0.38747427099407505
n100_i1115003_H_a2202_GW,n100_i1115003_H_a2202,100,1115003,H,2202,GW,0.5,0.2989216251298785,0.4453353564331003
n100_i1115003_H_a2202_GW,n100_i1115003_H_a2202,100,1115003,H,2202,GW,0.75,0.5788685297593474,0.6354485877564837
n100_i1115003_H_a2202_GW,n100_i1115003_H_a2202,100,1115003,H,2202,GW,0.9,0.8809968447312713,0.65302523577662
n100_i1115003_H_a2202_GW,n100_i1115003_H_a2202,100,1115003,H,2202,GW,1.0,0.2196906879544258,0.6626080144302688
n100_i1115003_H_a2202_LEGACY,n100_i1115003_H_a2202,100,1115003,H,2202,LEGACY,0.1,0.07205167971551418,0.19014064771718336
n100_i1115003_H_a2202_LEGACY,n100_i1115003_H_a2202,100,1115003,H,2202,LEGACY,0.25,0.0594745809212327,0.48262241310173265
n100_i1115003_H_a2202_LEGACY,n100_i1115003_H_a2202,100,1115003,H,2202,LEGACY,0.5,0.006627330556511879,0.6652900592572157
n100_i1115003_H_a2202_LEGACY,n100_i1115003_H_a2202,100,1115003,H,2202,LEGACY,0.75,1.0814661625772715,0.7660407881818271
n100_i1115003_H_a2202_LEGACY,n100_i1115003_H_a2202,100,1115003,H,2202,LEGACY,0.9,0.06756837293505669,0.7848669024316699
n100_i1115003_H_a2202_LEGACY,n100_i1115003_H_a2202,100,1115003,H,2202,LEGACY,1.0,0.5568535663187504,0.8014804174257946
n100_i1115003_H_a2202_REFERENCE,n100_i1115003_H_a2202,100,1115003,H,2202,REFERENCE,0.1,0.008594593964517117,0.1788750431546607
n100_i1115003_H_a2202_REFERENCE,n100_i1115003_H_a2202,100,1115003,H,2202,REFERENCE,0.25,0.00447437260299921,0.3618240428261511
n100_i1115003_H_a2202_REFERENCE,n100_i1115003_H_a2202,100,1115003,H,2202,REFERENCE,0.5,0.2127232039347291,0.46046853856830217
n100_i1115003_H_a2202_REFERENCE,n100_i1115003_H_a2202,100,1115003,H,2202,REFERENCE,0.75,0.30092252790927887,0.5379660989069973
n100_i1115003_H_a2202_REFERENCE,n100_i1115003_H_a2202,100,1115003,H,2202,REFERENCE,0.9,0.7359668128192425,0.5474749047809565
n100_i1115003_H_a2202_REFERENCE,n100_i1115003_H_a2202,100,1115003,H,2202,REFERENCE,1.0,0.4556447574868798,0.5687925765155945
n100_i1115003_H_a1101_LEGACY,n100_i1115003_H_a1101,100,1115003,H,1101,LEGACY,0.1,0.4653306473046541,0.18493209512564943
n100_i1115003_H_a1101_LEGACY,n100_i1115003_H_a1101,100,1115003,H,1101,LEGACY,0.25,0.6110625639557838,0.3109754881529713
n100_i1115003_H_a1101_LEGACY,n100_i1115003_H_a1101,100,1115003,H,1101,LEGACY,0.5,0.2646934147924185,0.5168463210855418
n100_i1115003_H_a1101_LEGACY,n100_i1115003_H_a1101,100,1115003,H,1101,LEGACY,0.75,0.6111519895493984,0.5756877921216204
n100_i1115003_H_a1101_LEGACY,n100_i1115003_H_a1101,100,1115003,H,1101,LEGACY,0.9,0.3795318305492401,0.5836743246150466
n100_i1115003_H_a1101_LEGACY,n100_i1115003_H_a1101,100,1115003,H,1101,LEGACY,1.0,0.18689782358705997,0.5901974692202145
n100_i1115003_H_a1101_REFERENCE,n100_i1115003_H_a1101,100,1115003,H,1101,REFERENCE,0.1,0.27212507743388414,0.16731445540561227
n100_i1115003_H_a1101_REFERENCE,n100_i1115003_H_a1101,100,1115003,H,1101,REFERENCE,0.25,0.43898057099431753,0.40476089274736926
n100_i1115003_H_a1101_REFERENCE,n100_i1115003_H_a1101,100,1115003,H,1101,REFERENCE,0.5,0.05005423724651337,0.5301220662381646
n100_i1115003_H_a1101_REFERENCE,n100_i1115003_H_a1101,100,1115003,H,1101,REFERENCE,0.75,0.07597840949892998,0.6118641475032108
n100_i1115003_H_a1101_REFERENCE,n100_i1115003_H_a1101,100,1115003,H,1101,REFERENCE,0.9,0.056184347718954086,0.6443132226808361
n100_i1115003_H_a1101_REFERENCE,n100_i1115003_H_a1101,100,1115003,H,1101,REFERENCE,1.0,0.7914968654513359,0.6480066482571104
n100_i1115003_H_a1101_W,n100_i1115003_H_a1101,100,1115003,H,1101,W,0.1,0.09756371285766363,0.23088377956297568
n100_i1115003_H_a1101_W,n100_i1115003_H_a1101,100,1115003,H,1101,W,0.25,0.0061215367168188095,0.4860172163280981
n100_i1115003_H_a1101_W,n100_i1115003_H_a1101,100,1115003,H,1101,W,0.5,0.12545204628258944,0.6250466507104783
n100_i1115003_H_a1101_W,n100_i1115003_H_a1101,100,1115003,H,1101,W,0.75,0.0052904896438121796,0.6627972026022444
n100_i1115003_H_a1101_W,n100_i1115003_H_a1101,100,1115003,H,1101,W,0.9,0.005605481564998627,0.6697778261017048
n100_i1115003_H_a1101_W,n100_i1115003_H_a1101,100,1115003,H,1101,W,1.0,0.29047425743192434,0.6769966400931544
n100_i1115003_H_a1101_GW,n100_i1115003_H_a1101,100,1115003,H,1101,GW,0.1,0.09239599853754044,0.23088377956297568
n100_i1115003_H_a1101_GW,n100_i1115003_H_a1101,100,1115003,H,1101,GW,0.25,0.04780415911227465,0.4714493525755499
n100_i1115003_H_a1101_GW,n100_i1115003_H_a1101,100,1115003,H,1101,GW,0.5,0.45217195618897676,0.5768696299455949
n100_i1115003_H_a1101_GW,n100_i1115003_H_a1101,100,1115003,H,1101,GW,0.75,0.27881887927651405,0.6475867337811678
n100_i1115003_H_a1101_GW,n100_i1115003_H_a1101,100,1115003,H,1101,GW,0.9,0.09717785660177469,0.6703629526476644
n100_i1115003_H_a1101_GW,n100_i1115003_H_a1101,100,1115003,H,1101,GW,1.0,0.6597245959565043,0.700983938334954
n100_i1115003_T_a1101_REFERENCE,n100_i1115003_T_a1101,100,1115003,T,1101,REFERENCE,0.1,0.09836840443313122,0.4774927562150151
n100_i1115003_T_a1101_REFERENCE,n100_i1115003_T_a1101,100,1115003,T,1101,REFERENCE,0.25,0.1589963622391224,0.7434579978718333
n100_i1115003_T_a1101_REFERENCE,n100_i1115003_T_a1101,100,1115003,T,1101,REFERENCE,0.5,0.011193650774657726,0.8658176222045995
n100_i1115003_T_a1101_REFERENCE,n100_i1115003_T_a1101,100,1115003,T,1101,REFERENCE,0.75,0.14333727397024632,0.9192952246328526
n100_i1115003_T_a1101_REFERENCE,n100_i1115003_T_a1101,100,1115003,T,1101,REFERENCE,0.9,2.1874575596302748,0.9727158996410254
n100_i1115003_T_a1101_REFERENCE,n100_i1115003_T_a1101,100,1115003,T,1101,REFERENCE,1.0,1.8457333333790302,0.9758819529278492
n100_i1115003_T_a1101_W,n100_i1115003_T_a1101,100,1115003,T,1101,W,0.1,0.03622774872928858,0.5406935658602878
n100_i1115003_T_a1101_W,n100_i1115003_T_a1101,100,1115003,T,1101,W,0.25,0.017450662329792976,0.7391961432513202
n100_i1115003_T_a1101_W,n100_i1115003_T_a1101,100,1115003,T,1101,W,0.5,0.5202075708657503,0.875575972730514
n100_i1115003_T_a1101_W,n100_i1115003_T_a1101,100,1115003,T,1101,W,0.75,0.45814085099846125,0.9860515054752308
n100_i1115003_T_a1101_W,n100_i1115003_T_a1101,100,1115003,T,1101,W,0.9,0.10703287646174431,1.0020270964197333
n100_i1115003_T_a1101_W,n100_i1115003_T_a1101,100,1115003,T,1101,W,1.0,1.4834889192134142,1.030451159322489
n100_i1115003_T_a1101_GW,n100_i1115003_T_a1101,100,1115003,T,1101,GW,0.1,0.6604642057791352,0.5816246162109138
n100_i1115003_T_a1101_GW,n100_i1115003_T_a1101,100,1115003,T,1101,GW,0.25,0.0045184241607785225,0.8441848175803308
n100_i1115003_T_a1101_GW,n100_i1115003_T_a1101,100,1115003,T,1101,GW,0.5,0.2158043822273612,0.9134238634872781
n100_i1115003_T_a1101_GW,n100_i1115003_T_a1101,100,1115003,T,1101,GW,0.75,0.08817651588469744,0.941505562193992
n100_i1115003_T_a1101_GW,n100_i1115003_T_a1101,100,1115003,T,1101,GW,0.9,0.0543249249458313,0.9758815117328828
n100_i1115003_T_a1101_GW,n100_i1115003_T_a1101,100,1115003,T,1101,GW,1.0,0.5774758914485574,0.9835750112135936
n100_i1115003_T_a1101_LEGACY,n100_i1115003_T_a1101,100,1115003,T,1101,LEGACY,0.1,0.03701137285679579,0.5459185825242265
n100_i1115003_T_a1101_LEGACY,n100_i1115003_T_a1101,100,1115003,T,1101,LEGACY,0.25,0.006366746500134468,0.7195680900113153
n100_i1115003_T_a1101_LEGACY,n100_i1115003_T_a1101,100,1115003,T,1101,LEGACY,0.5,0.10994353797286749,0.8404206237309394
n100_i1115003_T_a1101_LEGACY,n100_i1115003_T_a1101,100,1115003,T,1101,LEGACY,0.75,0.31178010255098343,0.9094819109983727
n100_i1115003_T_a1101_LEGACY,n100_i1115003_T_a1101,100,1115003,T,1101,LEGACY,0.9,0.5137178832665086,0.9131704754337973
n100_i1115003_T_a1101_LEGACY,n100_i1115003_T_a1101,100,1115003,T,1101,LEGACY,1.0,0.2748855007812381,0.9144314029030957
n100_i1115003_T_a2202_GW,n100_i1115003_T_a2202,100,1115003,T,2202,GW,0.1,1.2832369385287166,0.5285777296328944
n100_i1115003_T_a2202_GW,n100_i1115003_T_a2202,100,1115003,T,2202,GW,0.25,0.886951501481235,0.6808773546152624
n100_i1115003_T_a2202_GW,n100_i1115003_T_a2202,100,1115003,T,2202,GW,0.5,0.07900464441627264,0.9109678712123797
n100_i1115003_T_a2202_GW,n100_i1115003_T_a2202,100,1115003,T,2202,GW,0.75,0.005906848236918449,0.990754416017358
n100_i1115003_T_a2202_GW,n100_i1115003_T_a2202,100,1115003,T,2202,GW,0.9,0.010172192938625813,1.010245490586134
n100_i1115003_T_a2202_GW,n100_i1115003_T_a2202,100,1115003,T,2202,GW,1.0,1.63735790271312,1.0265920543675875
n100_i1115003_T_a2202_LEGACY,n100_i1115003_T_a2202,100,1115003,T,2202,LEGACY,0.1,1.3500197464600205,0.4577871131735554
n100_i1115003_T_a2202_LEGACY,n100_i1115003_T_a2202,100,1115003,T,2202,LEGACY,0.25,0.00019721407443284988,0.7059670651576955
n100_i1115003_T_a2202_LEGACY,n100_i1115003_T_a2202,100,1115003,T,2202,LEGACY,0.5,0.14479593094438314,0.8301933771839963
n100_i1115003_T_a2202_LEGACY,n100_i1115003_T_a2202,100,1115003,T,2202,LEGACY,0.75,0.004936349578201771,0.8869531577376785
n100_i1115003_T_a2202_LEGACY,n100_i1115003_T_a2202,100,1115003,T,2202,LEGACY,0.9,0.010795569978654385,0.9025813274469587
n100_i1115003_T_a2202_LEGACY,n100_i1115003_T_a2202,100,1115003,T,2202,LEGACY,1.0,1.0274917278438807,0.9161792991488
n100_i1115003_T_a2202_REFERENCE,n100_i1115003_T_a2202,100,1115003,T,2202,REFERENCE,0.1,0.5171793540939689,0.5569308869024773
n100_i1115003_T_a2202_REFERENCE,n100_i1115003_T_a2202,100,1115003,T,2202,REFERENCE,0.25,0.091452750377357,0.7652484610777511
n100_i1115003_T_a2202_REFERENCE,n100_i1115003_T_a2202,100,1115003,T,2202,REFERENCE,0.5,0.09960337076336145,0.828270295531632
n100_i1115003_T_a2202_REFERENCE,n100_i1115003_T_a2202,100,1115003,T,2202,REFERENCE,0.75,0.004452353343367577,0.8473652153314459
n100_i1115003_T_a2202_REFERENCE,n100_i1115003_T_a2202,100,1115003,T,2202,REFERENCE,0.9,0.31965724006295204,0.8557017731270478
n100_i1115003_T_a2202_REFERENCE,n100_i1115003_T_a2202,100,1115003,T,2202,REFERENCE,1.0,0.34796838741749525,0.8662672646218623
n100_i1115003_T_a2202_W,n100_i1115003_T_a2202,100,1115003,T,2202,W,0.1,0.04368250910192728,0.5734346929313936
n100_i1115003_T_a2202_W,n100_i1115003_T_a2202,100,1115003,T,2202,W,0.25,0.049386036582291126,0.7169863640122136
n100_i1115003_T_a2202_W,n100_i1115003_T_a2202,100,1115003,T,2202,W,0.5,0.8212313810363412,0.9027926064484534
n100_i1115003_T_a2202_W,n100_i1115003_T_a2202,100,1115003,T,2202,W,0.75,0.008865860290825367,0.9530792321273867
n100_i1115003_T_a2202_W,n100_i1115003_T_a2202,100,1115003,T,2202,W,0.9,0.7634231029078364,0.9675800559148039
n100_i1115003_T_a2202_W,n100_i1115003_T_a2202,100,1115003,T,2202,W,1.0,0.9255056595429778,0.9754491459322276
n100_i1115004_H_a2202_W,n100_i1115004_H_a2202,100,1115004,H,2202,W,0.1,1.2926892545074224,0.6234074668406557
n100_i1115004_H_a2202_W,n100_i1115004_H_a2202,100,1115004,H,2202,W,0.25,0.6585019305348396,0.7548110071982034
n100_i1115004_H_a2202_W,n100_i1115004_H_a2202,100,1115004,H,2202,W,0.5,0.17275860998779535,0.873327465239806
n100_i1115004_H_a2202_W,n100_i1115004_H_a2202,100,1115004,H,2202,W,0.75,0.3436163840815425,0.9184468411138458
n100_i1115004_H_a2202_W,n100_i1115004_H_a2202,100,1115004,H,2202,W,0.9,1.3484948305413127,0.9305624202570284
n100_i1115004_H_a2202_W,n100_i1115004_H_a2202,100,1115004,H,2202,W,1.0,1.0073619848117232,0.9423866386031009
n100_i1115004_H_a2202_GW,n100_i1115004_H_a2202,100,1115004,H,2202,GW,0.1,0.06015677936375141,0.5964723657308991
n100_i1115004_H_a2202_GW,n100_i1115004_H_a2202,100,1115004,H,2202,GW,0.25,0.00532950833439827,0.7572678643150177
n100_i1115004_H_a2202_GW,n100_i1115004_H_a2202,100,1115004,H,2202,GW,0.5,0.41338007152080536,0.9124259690994486
n100_i1115004_H_a2202_GW,n100_i1115004_H_a2202,100,1115004,H,2202,GW,0.75,0.03935792203992605,0.969751400190738
n100_i1115004_H_a2202_GW,n100_i1115004_H_a2202,100,1115004,H,2202,GW,0.9,0.198217517696321,0.9783945787082718
n100_i1115004_H_a2202_GW,n100_i1115004_H_a2202,100,1115004,H,2202,GW,1.0,0.15558208990842104,0.9861265134805945
n100_i1115004_H_a2202_LEGACY,n100_i1115004_H_a2202,100,1115004,H,2202,LEGACY,0.1,0.07991736009716988,0.6541454269882473
n100_i1115004_H_a2202_LEGACY,n100_i1115004_H_a2202,100,1115004,H,2202,LEGACY,0.25,0.08687278907746077,0.7759625499724161
n100_i1115004_H_a2202_LEGACY,n100_i1115004_H_a2202,100,1115004,H,2202,LEGACY,0.5,0.7399142328649759,0.833792664678799
n100_i1115004_H_a2202_LEGACY,n100_i1115004_H_a2202,100,1115004,H,2202,LEGACY,0.75,0.029174048453569412,0.8672436663205685
n100_i1115004_H_a2202_LEGACY,n100_i1115004_H_a2202,100,1115004,H,2202,LEGACY,0.9,0.30701404996216297,0.8904927055801927
n100_i1115004_H_a2202_LEGACY,n100_i1115004_H_a2202,100,1115004,H,2202,LEGACY,1.0,0.5542582469061017,0.8953548495431451
n100_i1115004_H_a2202_REFERENCE,n100_i1115004_H_a2202,100,1115004,H,2202,REFERENCE,0.1,0.29538136813789606,0.5843041930333812
n100_i1115004_H_a2202_REFERENCE,n100_i1115004_H_a2202,100,1115004,H,2202,REFERENCE,0.25,0.06498663872480392,0.7033811588024722
n100_i1115004_H_a2202_REFERENCE,n100_i1115004_H_a2202,100,1115004,H,2202,REFERENCE,0.5,0.16566788591444492,0.7712364027979948
n100_i1115004_H_a2202_REFERENCE,n100_i1115004_H_a2202,100,1115004,H,2202,REFERENCE,0.75,0.006795552559196949,0.9089384588395394
n100_i1115004_H_a2202_REFERENCE,n100_i1115004_H_a2202,100,1115004,H,2202,REFERENCE,0.9,0.0050795720890164375,0.921068007403078
n100_i1115004_H_a2202_REFERENCE,n100_i1115004_H_a2202,100,1115004,H,2202,REFERENCE,1.0,1.0331089440733194,0.9266899848426142
n100_i1115004_H_a1101_LEGACY,n100_i1115004_H_a1101,100,1115004,H,1101,LEGACY,0.1,1.0323377922177315,0.4807731357609239
n100_i1115004_H_a1101_LEGACY,n100_i1115004_H_a1101,100,1115004,H,1101,LEGACY,0.25,0.8018364142626524,0.7089704113253548
n100_i1115004_H_a1101_LEGACY,n100_i1115004_H_a1101,100,1115004,H,1101,LEGACY,0.5,0.025384354405105114,0.8031624353047411
n100_i1115004_H_a1101_LEGACY,n100_i1115004_H_a1101,100,1115004,H,1101,LEGACY,0.75,0.007396725006401539,0.8831053682756702
n100_i1115004_H_a1101_LEGACY,n100_i1115004_H_a1101,100,1115004,H,1101,LEGACY,0.9,0.1547544002532959,0.9307557281305188
n100_i1115004_H_a1101_LEGACY,n100_i1115004_H_a1101,100,1115004,H,1101,LEGACY,1.0,1.4043150367215276,0.9510593405677867
n100_i1115004_H_a1101_REFERENCE,n100_i1115004_H_a1101,100,1115004,H,1101,REFERENCE,0.1,0.44747075624763966,0.4882916624656257
n100_i1115004_H_a1101_REFERENCE,n100_i1115004_H_a1101,100,1115004,H,1101,REFERENCE,0.25,0.08070755377411842,0.6747580820342979
n100_i1115004_H_a1101_REFERENCE,n100_i1115004_H_a1101,100,1115004,H,1101,REFERENCE,0.5,0.13855200912803411,0.780647700711286
n100_i1115004_H_a1101_REFERENCE,n100_i1115004_H_a1101,100,1115004,H,1101,REFERENCE,0.75,0.010516094043850899,0.9048406066788155
n100_i1115004_H_a1101_REFERENCE,n100_i1115004_H_a1101,100,1115004,H,1101,REFERENCE,0.9,1.009274274110794e-05,0.9389514071074788
n100_i1115004_H_a1101_REFERENCE,n100_i1115004_H_a1101,100,1115004,H,1101,REFERENCE,1.0,0.014296382665634155,0.9540464129901642
n100_i1115004_H_a1101_W,n100_i1115004_H_a1101,100,1115004,H,1101,W,0.1,0.002224222756922245,0.6313809420610283
n100_i1115004_H_a1101_W,n100_i1115004_H_a1101,100,1115004,H,1101,W,0.25,0.22621167730540037,0.714056432357039
n100_i1115004_H_a1101_W,n100_i1115004_H_a1101,100,1115004,H,1101,W,0.5,0.42575769778341055,0.8262858269666445
n100_i1115004_H_a1101_W,n100_i1115004_H_a1101,100,1115004,H,1101,W,0.75,0.03677501901984215,0.8718003435514317
n100_i1115004_H_a1101_W,n100_i1115004_H_a1101,100,1115004,H,1101,W,0.9,0.043613470159471035,0.8895448690040234
n100_i1115004_H_a1101_W,n100_i1115004_H_a1101,100,1115004,H,1101,W,1.0,0.8071999298408628,0.8952372177154087
n100_i1115004_H_a1101_GW,n100_i1115004_H_a1101,100,1115004,H,1101,GW,0.1,0.41875987872481346,0.6261004355012298
n100_i1115004_H_a1101_GW,n100_i1115004_H_a1101,100,1115004,H,1101,GW,0.25,0.00723717175424099,0.714056432357039
n100_i1115004_H_a1101_GW,n100_i1115004_H_a1101,100,1115004,H,1101,GW,0.5,0.034594069235026836,0.7876803154255028
n100_i1115004_H_a1101_GW,n100_i1115004_H_a1101,100,1115004,H,1101,GW,0.75,0.7504635481163859,0.8539819873045312
n100_i1115004_H_a1101_GW,n100_i1115004_H_a1101,100,1115004,H,1101,GW,0.9,0.01149192824959755,0.8737300635658166
n100_i1115004_H_a1101_GW,n100_i1115004_H_a1101,100,1115004,H,1101,GW,1.0,0.8162881480529904,0.8823633404531374
n100_i1115004_T_a1101_REFERENCE,n100_i1115004_T_a1101,100,1115004,T,1101,REFERENCE,0.1,0.10658265184611082,0.29982649968273495
n100_i1115004_T_a1101_REFERENCE,n100_i1115004_T_a1101,100,1115004,T,1101,REFERENCE,0.25,0.6296386895701289,0.46762805300724164
n100_i1115004_T_a1101_REFERENCE,n100_i1115004_T_a1101,100,1115004,T,1101,REFERENCE,0.5,0.3505984805524349,0.5361921742232476
n100_i1115004_T_a1101_REFERENCE,n100_i1115004_T_a1101,100,1115004,T,1101,REFERENCE,0.75,0.07134000770747662,0.598015044235281
n100_i1115004_T_a1101_REFERENCE,n100_i1115004_T_a1101,100,1115004,T,1101,REFERENCE,0.9,0.2813496943563223,0.673673433233637
n100_i1115004_T_a1101_REFERENCE,n100_i1115004_T_a1101,100,1115004,T,1101,REFERENCE,1.0,0.014168471097946167,0.6887371437582925
n100_i1115004_T_a1101_W,n100_i1115004_T_a1101,100,1115004,T,1101,W,0.1,0.012141355313360691,0.30928807862142055
n100_i1115004_T_a1101_W,n100_i1115004_T_a1101,100,1115004,T,1101,W,0.25,0.03913102485239506,0.47630012712480535
n100_i1115004_T_a1101_W,n100_i1115004_T_a1101,100,1115004,T,1101,W,0.5,0.005097687244415283,0.6281494344131737
n100_i1115004_T_a1101_W,n100_i1115004_T_a1101,100,1115004,T,1101,W,0.75,0.024434530176222324,0.6600360655064971
n100_i1115004_T_a1101_W,n100_i1115004_T_a1101,100,1115004,T,1101,W,0.9,0.0889765378087759,0.6624802546777154
n100_i1115004_T_a1101_W,n100_i1115004_T_a1101,100,1115004,T,1101,W,1.0,4.738730262033641,0.6633940584542314
n100_i1115004_T_a1101_GW,n100_i1115004_T_a1101,100,1115004,T,1101,GW,0.1,0.06245597172528505,0.3549047752485597
n100_i1115004_T_a1101_GW,n100_i1115004_T_a1101,100,1115004,T,1101,GW,0.25,0.2847925713285804,0.5716691689736956
n100_i1115004_T_a1101_GW,n100_i1115004_T_a1101,100,1115004,T,1101,GW,0.5,0.1741117238998413,0.6887600018614306
n100_i1115004_T_a1101_GW,n100_i1115004_T_a1101,100,1115004,T,1101,GW,0.75,0.18748970609158278,0.7627897588460362
n100_i1115004_T_a1101_GW,n100_i1115004_T_a1101,100,1115004,T,1101,GW,0.9,0.08141811098903418,0.8231041211817103
n100_i1115004_T_a1101_GW,n100_i1115004_T_a1101,100,1115004,T,1101,GW,1.0,1.0685086864978075,0.8447324930209673
n100_i1115004_T_a1101_LEGACY,n100_i1115004_T_a1101,100,1115004,T,1101,LEGACY,0.1,0.03429477009922266,0.29247622966004583
n100_i1115004_T_a1101_LEGACY,n100_i1115004_T_a1101,100,1115004,T,1101,LEGACY,0.25,0.034761483781039715,0.49326571910722067
n100_i1115004_T_a1101_LEGACY,n100_i1115004_T_a1101,100,1115004,T,1101,LEGACY,0.5,1.0192390885204077,0.6592558707930892
n100_i1115004_T_a1101_LEGACY,n100_i1115004_T_a1101,100,1115004,T,1101,LEGACY,0.75,0.016324766911566257,0.7161294106746164
n100_i1115004_T_a1101_LEGACY,n100_i1115004_T_a1101,100,1115004,T,1101,LEGACY,0.9,0.018558721989393234,0.7631230335021368
n100_i1115004_T_a1101_LEGACY,n100_i1115004_T_a1101,100,1115004,T,1101,LEGACY,1.0,1.9964327868074179,0.765811504052779
n100_i1115004_T_a2202_GW,n100_i1115004_T_a2202,100,1115004,T,2202,GW,0.1,0.4043023604899645,0.22835418582620215
n100_i1115004_T_a2202_GW,n100_i1115004_T_a2202,100,1115004,T,2202,GW,0.25,0.04750854056328535,0.2867596745146135
n100_i1115004_T_a2202_GW,n100_i1115004_T_a2202,100,1115004,T,2202,GW,0.5,0.0013194773346185684,0.47877726503035445
n100_i1115004_T_a2202_GW,n100_i1115004_T_a2202,100,1115004,T,2202,GW,0.75,0.00906906183809042,0.5524152004109342
n100_i1115004_T_a2202_GW,n100_i1115004_T_a2202,100,1115004,T,2202,GW,0.9,0.12331716157495975,0.5768022650791377
n100_i1115004_T_a2202_GW,n100_i1115004_T_a2202,100,1115004,T,2202,GW,1.0,0.4599048374220729,0.5875835655341407
n100_i1115004_T_a2202_LEGACY,n100_i1115004_T_a2202,100,1115004,T,2202,LEGACY,0.1,0.1141887791454792,0.24538535952005394
n100_i1115004_T_a2202_LEGACY,n100_i1115004_T_a2202,100,1115004,T,2202,LEGACY,0.25,0.06993149314075708,0.33871154909253215
n100_i1115004_T_a2202_LEGACY,n100_i1115004_T_a2202,100,1115004,T,2202,LEGACY,0.5,0.1999001605436206,0.4233746299239575
n100_i1115004_T_a2202_LEGACY,n100_i1115004_T_a2202,100,1115004,T,2202,LEGACY,0.75,0.26377671491354704,0.5253407874902429
n100_i1115004_T_a2202_LEGACY,n100_i1115004_T_a2202,100,1115004,T,2202,LEGACY,0.9,0.023703906685113907,0.5631540108233772
n100_i1115004_T_a2202_LEGACY,n100_i1115004_T_a2202,100,1115004,T,2202,LEGACY,1.0,0.5837753750383854,0.5865091879735289
n100_i1115004_T_a2202_REFERENCE,n100_i1115004_T_a2202,100,1115004,T,2202,REFERENCE,0.1,0.08683548867702484,0.25070634181831336
n100_i1115004_T_a2202_REFERENCE,n100_i1115004_T_a2202,100,1115004,T,2202,REFERENCE,0.25,0.45098046585917473,0.3916232937061955
n100_i1115004_T_a2202_REFERENCE,n100_i1115004_T_a2202,100,1115004,T,2202,REFERENCE,0.5,0.09716862253844738,0.6059302370479372
n100_i1115004_T_a2202_REFERENCE,n100_i1115004_T_a2202,100,1115004,T,2202,REFERENCE,0.75,0.08982246462255716,0.6937706143198736
n100_i1115004_T_a2202_REFERENCE,n100_i1115004_T_a2202,100,1115004,T,2202,REFERENCE,0.9,0.015810186974704266,0.7254726291407135
n100_i1115004_T_a2202_REFERENCE,n100_i1115004_T_a2202,100,1115004,T,2202,REFERENCE,1.0,1.226087193004787,0.733570679682802
n100_i1115004_T_a2202_W,n100_i1115004_T_a2202,100,1115004,T,2202,W,0.1,0.014073495753109455,0.19443436793888644
n100_i1115004_T_a2202_W,n100_i1115004_T_a2202,100,1115004,T,2202,W,0.25,0.07562015764415264,0.35784265025091766
n100_i1115004_T_a2202_W,n100_i1115004_T_a2202,100,1115004,T,2202,W,0.5,0.29969354812055826,0.6121405123202379
n100_i1115004_T_a2202_W,n100_i1115004_T_a2202,100,1115004,T,2202,W,0.75,0.012503402307629585,0.675283150561737
n100_i1115004_T_a2202_W,n100_i1115004_T_a2202,100,1115004,T,2202,W,0.9,0.3786984235048294,0.6848072245962813
n100_i1115004_T_a2202_W,n100_i1115004_T_a2202,100,1115004,T,2202,W,1.0,1.0886842831969261,0.689396545367602
n100_i1115005_H_a1101_LEGACY,n100_i1115005_H_a1101,100,1115005,H,1101,LEGACY,0.1,0.4949005749076605,0.6102048519687829
n100_i1115005_H_a1101_LEGACY,n100_i1115005_H_a1101,100,1115005,H,1101,LEGACY,0.25,0.4669892694801092,0.7049627188602047
n100_i1115005_H_a1101_LEGACY,n100_i1115005_H_a1101,100,1115005,H,1101,LEGACY,0.5,0.7239677561447024,0.7314576541454542
n100_i1115005_H_a1101_LEGACY,n100_i1115005_H_a1101,100,1115005,H,1101,LEGACY,0.75,0.004337235353887081,0.7481948477952307
n100_i1115005_H_a1101_LEGACY,n100_i1115005_H_a1101,100,1115005,H,1101,LEGACY,0.9,0.7607872160151601,0.7916783459335226
n100_i1115005_H_a1101_LEGACY,n100_i1115005_H_a1101,100,1115005,H,1101,LEGACY,1.0,1.8734034849330783,0.7975912107165127
n100_i1115005_H_a1101_REFERENCE,n100_i1115005_H_a1101,100,1115005,H,1101,REFERENCE,0.1,0.011439522728323936,0.6312257335847865
n100_i1115005_H_a1101_REFERENCE,n100_i1115005_H_a1101,100,1115005,H,1101,REFERENCE,0.25,0.10236405953764915,0.6932709456577328
n100_i1115005_H_a1101_REFERENCE,n100_i1115005_H_a1101,100,1115005,H,1101,REFERENCE,0.5,0.03398881573230028,0.8131379550772697
n100_i1115005_H_a1101_REFERENCE,n100_i1115005_H_a1101,100,1115005,H,1101,REFERENCE,0.75,0.42424542736262083,0.8252910510102999
n100_i1115005_H_a1101_REFERENCE,n100_i1115005_H_a1101,100,1115005,H,1101,REFERENCE,0.9,0.5848201140761375,0.8300344356913288
n100_i1115005_H_a1101_REFERENCE,n100_i1115005_H_a1101,100,1115005,H,1101,REFERENCE,1.0,0.8984516747295856,0.8314071287381904
n100_i1115005_H_a1101_W,n100_i1115005_H_a1101,100,1115005,H,1101,W,0.1,0.40847762767225504,0.6104462388416011
n100_i1115005_H_a1101_W,n100_i1115005_H_a1101,100,1115005,H,1101,W,0.25,0.07640666794031858,0.7036356003102594
n100_i1115005_H_a1101_W,n100_i1115005_H_a1101,100,1115005,H,1101,W,0.5,0.7053906004875898,0.8040855847890165
n100_i1115005_H_a1101_W,n100_i1115005_H_a1101,100,1115005,H,1101,W,0.75,0.0746579235419631,0.8572720770517998
n100_i1115005_H_a1101_W,n100_i1115005_H_a1101,100,1115005,H,1101,W,0.9,0.1924351155757904,0.8651940922533876
n100_i1115005_H_a1101_W,n100_i1115005_H_a1101,100,1115005,H,1101,W,1.0,0.6218613162636757,0.8709866898797732
n100_i1115005_H_a1101_GW,n100_i1115005_H_a1101,100,1115005,H,1101,GW,0.1,0.6575520811602473,0.6106233145940206
n100_i1115005_H_a1101_GW,n100_i1115005_H_a1101,100,1115005,H,1101,GW,0.25,0.01214011199772358,0.7036356003102594
n100_i1115005_H_a1101_GW,n100_i1115005_H_a1101,100,1115005,H,1101,GW,0.5,1.1543337805196643,0.7797089999762806
n100_i1115005_H_a1101_GW,n100_i1115005_H_a1101,100,1115005,H,1101,GW,0.75,0.01100946869701147,0.7916504160806435
n100_i1115005_H_a1101_GW,n100_i1115005_H_a1101,100,1115005,H,1101,GW,0.9,0.01720179058611393,0.7978445815891171
n100_i1115005_H_a1101_GW,n100_i1115005_H_a1101,100,1115005,H,1101,GW,1.0,2.0045556789264083,0.8056601168414131
n100_i1115005_H_a2202_W,n100_i1115005_H_a2202,100,1115005,H,2202,W,0.1,0.8978866366669536,0.6133746363483886
n100_i1115005_H_a2202_W,n100_i1115005_H_a2202,100,1115005,H,2202,W,0.25,0.03390701673924923,0.7483477685123183
n100_i1115005_H_a2202_W,n100_i1115005_H_a2202,100,1115005,H,2202,W,0.5,0.12366060446947813,0.8857400173922511
n100_i1115005_H_a2202_W,n100_i1115005_H_a2202,100,1115005,H,2202,W,0.75,0.042275852523744106,0.952847011234593
n100_i1115005_H_a2202_W,n100_i1115005_H_a2202,100,1115005,H,2202,W,0.9,0.7005180548876524,0.9738355540340266
n100_i1115005_H_a2202_W,n100_i1115005_H_a2202,100,1115005,H,2202,W,1.0,1.3940205425024033,0.9791091661044656
n100_i1115005_H_a2202_GW,n100_i1115005_H_a2202,100,1115005,H,2202,GW,0.1,0.8220789767801762,0.6133746363483886
n100_i1115005_H_a2202_GW,n100_i1115005_H_a2202,100,1115005,H,2202,GW,0.25,0.01226971298456192,0.727945918916409
n100_i1115005_H_a2202_GW,n100_i1115005_H_a2202,100,1115005,H,2202,GW,0.5,0.00232057087123394,0.8621280836270346
n100_i1115005_H_a2202_GW,n100_i1115005_H_a2202,100,1115005,H,2202,GW,0.75,1.8506534714251757,0.9349617623937909
n100_i1115005_H_a2202_GW,n100_i1115005_H_a2202,100,1115005,H,2202,GW,0.9,1.767846679314971,0.9494288974222546
n100_i1115005_H_a2202_GW,n100_i1115005_H_a2202,100,1115005,H,2202,GW,1.0,1.0573150031268597,0.952742943677432
n100_i1115005_H_a2202_LEGACY,n100_i1115005_H_a2202,100,1115005,H,2202,LEGACY,0.1,0.296856458298862,0.6581169215263549
n100_i1115005_H_a2202_LEGACY,n100_i1115005_H_a2202,100,1115005,H,2202,LEGACY,0.25,0.035971260629594326,0.7434777215986704
n100_i1115005_H_a2202_LEGACY,n100_i1115005_H_a2202,100,1115005,H,2202,LEGACY,0.5,0.6855363454669714,0.7758249442302529
n100_i1115005_H_a2202_LEGACY,n100_i1115005_H_a2202,100,1115005,H,2202,LEGACY,0.75,1.1826955061405897,0.7992080949420654
n100_i1115005_H_a2202_LEGACY,n100_i1115005_H_a2202,100,1115005,H,2202,LEGACY,0.9,0.22869747783988714,0.8030455114584841
n100_i1115005_H_a2202_LEGACY,n100_i1115005_H_a2202,100,1115005,H,2202,LEGACY,1.0,0.6134230038151145,0.8044945709944389
n100_i1115005_H_a2202_REFERENCE,n100_i1115005_H_a2202,100,1115005,H,2202,REFERENCE,0.1,1.5017984760925174,0.6396436639913365
n100_i1115005_H_a2202_REFERENCE,n100_i1115005_H_a2202,100,1115005,H,2202,REFERENCE,0.25,0.043248760513961315,0.8176852448951211
n100_i1115005_H_a2202_REFERENCE,n100_i1115005_H_a2202,100,1115005,H,2202,REFERENCE,0.5,0.02890884317457676,0.8840350726359786
n100_i1115005_H_a2202_REFERENCE,n100_i1115005_H_a2202,100,1115005,H,2202,REFERENCE,0.75,0.9639153555035591,0.9041492056877005
n100_i1115005_H_a2202_REFERENCE,n100_i1115005_H_a2202,100,1115005,H,2202,REFERENCE,0.9,0.7085228934884071,0.914433955728745
n100_i1115005_H_a2202_REFERENCE,n100_i1115005_H_a2202,100,1115005,H,2202,REFERENCE,1.0,1.5012428518384695,0.9169644541723435
n100_i1115005_T_a1101_REFERENCE,n100_i1115005_T_a1101,100,1115005,T,1101,REFERENCE,0.1,0.18679178226739168,0.5062353440151058
n100_i1115005_T_a1101_REFERENCE,n100_i1115005_T_a1101,100,1115005,T,1101,REFERENCE,0.25,0.1809078473597765,0.688497565097164
n100_i1115005_T_a1101_REFERENCE,n100_i1115005_T_a1101,100,1115005,T,1101,REFERENCE,0.5,0.46171365212649107,0.7847035670897791
n100_i1115005_T_a1101_REFERENCE,n100_i1115005_T_a1101,100,1115005,T,1101,REFERENCE,0.75,0.09992066025733948,0.8441064323025373
n100_i1115005_T_a1101_REFERENCE,n100_i1115005_T_a1101,100,1115005,T,1101,REFERENCE,0.9,0.16391621343791485,0.8526096693493761
n100_i1115005_T_a1101_REFERENCE,n100_i1115005_T_a1101,100,1115005,T,1101,REFERENCE,1.0,0.15209753531962633,0.860570838803182
n100_i1115005_T_a1101_W,n100_i1115005_T_a1101,100,1115005,T,1101,W,0.1,1.4891756288707256,0.5345384246529657
n100_i1115005_T_a1101_W,n100_i1115005_T_a1101,100,1115005,T,1101,W,0.25,0.00905199907720089,0.6382769957060662
n100_i1115005_T_a1101_W,n100_i1115005_T_a1101,100,1115005,T,1101,W,0.5,0.008881867863237858,0.7321619237996172
n100_i1115005_T_a1101_W,n100_i1115005_T_a1101,100,1115005,T,1101,W,0.75,0.007677913643419743,0.7602618818979785
n100_i1115005_T_a1101_W,n100_i1115005_T_a1101,100,1115005,T,1101,W,0.9,0.17185526993125677,0.7833688641867851
n100_i1115005_T_a1101_W,n100_i1115005_T_a1101,100,1115005,T,1101,W,1.0,0.10276321601122618,0.8180977407410356
n100_i1115005_T_a1101_GW,n100_i1115005_T_a1101,100,1115005,T,1101,GW,0.1,0.4164819037541747,0.5345384246529657
n100_i1115005_T_a1101_GW,n100_i1115005_T_a1101,100,1115005,T,1101,GW,0.25,0.6567838033661246,0.6382769957060662
n100_i1115005_T_a1101_GW,n100_i1115005_T_a1101,100,1115005,T,1101,GW,0.5,0.007488728500902653,0.7308042779043882
n100_i1115005_T_a1101_GW,n100_i1115005_T_a1101,100,1115005,T,1101,GW,0.75,1.4304726924747229,0.7450396566858329
n100_i1115005_T_a1101_GW,n100_i1115005_T_a1101,100,1115005,T,1101,GW,0.9,0.5489960974082351,0.7523764835225202
n100_i1115005_T_a1101_GW,n100_i1115005_T_a1101,100,1115005,T,1101,GW,1.0,1.459977694787085,0.7594966217359905
n100_i1115005_T_a1101_LEGACY,n100_i1115005_T_a1101,100,1115005,T,1101,LEGACY,0.1,0.06493162736296654,0.5249315101666624
n100_i1115005_T_a1101_LEGACY,n100_i1115005_T_a1101,100,1115005,T,1101,LEGACY,0.25,0.0015327343717217445,0.649523377568566
n100_i1115005_T_a1101_LEGACY,n100_i1115005_T_a1101,100,1115005,T,1101,LEGACY,0.5,0.019466275349259377,0.6960256319807149
n100_i1115005_T_a1101_LEGACY,n100_i1115005_T_a1101,100,1115005,T,1101,LEGACY,0.75,0.14846656005829573,0.7060941533643019
n100_i1115005_T_a1101_LEGACY,n100_i1115005_T_a1101,100,1115005,T,1101,LEGACY,0.9,0.008980900049209595,0.7119499005422738
n100_i1115005_T_a1101_LEGACY,n100_i1115005_T_a1101,100,1115005,T,1101,LEGACY,1.0,1.1832150211557746,0.7134064926713947
n100_i1115005_T_a2202_GW,n100_i1115005_T_a2202,100,1115005,T,2202,GW,0.1,0.4776004385203123,0.49715458212933744
n100_i1115005_T_a2202_GW,n100_i1115005_T_a2202,100,1115005,T,2202,GW,0.25,0.1639433614909649,0.6067041461139089
n100_i1115005_T_a2202_GW,n100_i1115005_T_a2202,100,1115005,T,2202,GW,0.5,2.5395082626491785,0.7182402062545344
n100_i1115005_T_a2202_GW,n100_i1115005_T_a2202,100,1115005,T,2202,GW,0.75,0.276305977255106,0.7636751727902462
n100_i1115005_T_a2202_GW,n100_i1115005_T_a2202,100,1115005,T,2202,GW,0.9,0.9962145807221532,0.7919753441171139
n100_i1115005_T_a2202_GW,n100_i1115005_T_a2202,100,1115005,T,2202,GW,1.0,0.6448731739073992,0.8006664016872226
n100_i1115005_T_a2202_LEGACY,n100_i1115005_T_a2202,100,1115005,T,2202,LEGACY,0.1,0.265741023235023,0.4639825786444916
n100_i1115005_T_a2202_LEGACY,n100_i1115005_T_a2202,100,1115005,T,2202,LEGACY,0.25,0.020732395350933075,0.6279519504419269
n100_i1115005_T_a2202_LEGACY,n100_i1115005_T_a2202,100,1115005,T,2202,LEGACY,0.5,0.6087739067152143,0.7328506965617478
n100_i1115005_T_a2202_LEGACY,n100_i1115005_T_a2202,100,1115005,T,2202,LEGACY,0.75,0.012809107080101967,0.7555629590630308
n100_i1115005_T_a2202_LEGACY,n100_i1115005_T_a2202,100,1115005,T,2202,LEGACY,0.9,0.2973280493170023,0.7705324978935916
n100_i1115005_T_a2202_LEGACY,n100_i1115005_T_a2202,100,1115005,T,2202,LEGACY,1.0,0.6396246133372188,0.7743163207275379
n100_i1115005_T_a2202_REFERENCE,n100_i1115005_T_a2202,100,1115005,T,2202,REFERENCE,0.1,0.5494250925257802,0.5381864749880177
n100_i1115005_T_a2202_REFERENCE,n100_i1115005_T_a2202,100,1115005,T,2202,REFERENCE,0.25,0.4328592261299491,0.7066894204349504
n100_i1115005_T_a2202_REFERENCE,n100_i1115005_T_a2202,100,1115005,T,2202,REFERENCE,0.5,1.0691351676359773,0.8019552279108868
n100_i1115005_T_a2202_REFERENCE,n100_i1115005_T_a2202,100,1115005,T,2202,REFERENCE,0.75,0.012223613448441029,0.837234599027942
n100_i1115005_T_a2202_REFERENCE,n100_i1115005_T_a2202,100,1115005,T,2202,REFERENCE,0.9,0.3273343676701188,0.8537534190946844
n100_i1115005_T_a2202_REFERENCE,n100_i1115005_T_a2202,100,1115005,T,2202,REFERENCE,1.0,1.721305837854743,0.8652439901733272
n100_i1115005_T_a2202_W,n100_i1115005_T_a2202,100,1115005,T,2202,W,0.1,2.067479018121958,0.49715433786934404
n100_i1115005_T_a2202_W,n100_i1115005_T_a2202,100,1115005,T,2202,W,0.25,0.20342335104942322,0.6067793723761571
n100_i1115005_T_a2202_W,n100_i1115005_T_a2202,100,1115005,T,2202,W,0.5,2.335243381559849,0.6784730992020267
n100_i1115005_T_a2202_W,n100_i1115005_T_a2202,100,1115005,T,2202,W,0.75,1.3913440266624093,0.7196755541615157
n100_i1115005_T_a2202_W,n100_i1115005_T_a2202,100,1115005,T,2202,W,0.9,1.856926235370338,0.7290210996958267
n100_i1115005_T_a2202_W,n100_i1115005_T_a2202,100,1115005,T,2202,W,1.0,0.3207028601318598,0.7403819169581274
n100_i1115006_H_a1101_LEGACY,n100_i1115006_H_a1101,100,1115006,H,1101,LEGACY,0.1,0.0656571313738823,0.5561215428178108
n100_i1115006_H_a1101_LEGACY,n100_i1115006_H_a1101,100,1115006,H,1101,LEGACY,0.25,0.058740860782563686,0.804753412400028
n100_i1115006_H_a1101_LEGACY,n100_i1115006_H_a1101,100,1115006,H,1101,LEGACY,0.5,0.04041694290935993,0.9720231882172612
n100_i1115006_H_a1101_LEGACY,n100_i1115006_H_a1101,100,1115006,H,1101,LEGACY,0.75,0.5722685037180781,0.9913536558947709
n100_i1115006_H_a1101_LEGACY,n100_i1115006_H_a1101,100,1115006,H,1101,LEGACY,0.9,0.42390305642038584,1.0040973555803305
n100_i1115006_H_a1101_LEGACY,n100_i1115006_H_a1101,100,1115006,H,1101,LEGACY,1.0,1.0550965461879969,1.0099622925547127
n100_i1115006_H_a1101_REFERENCE,n100_i1115006_H_a1101,100,1115006,H,1101,REFERENCE,0.1,0.04606707487255335,0.5779480744549398
n100_i1115006_H_a1101_REFERENCE,n100_i1115006_H_a1101,100,1115006,H,1101,REFERENCE,0.25,0.0328696146607399,0.7515102386960643
n100_i1115006_H_a1101_REFERENCE,n100_i1115006_H_a1101,100,1115006,H,1101,REFERENCE,0.5,0.05986351799219847,0.8064194912735727
n100_i1115006_H_a1101_REFERENCE,n100_i1115006_H_a1101,100,1115006,H,1101,REFERENCE,0.75,0.1516089979559183,0.8449202177837244
n100_i1115006_H_a1101_REFERENCE,n100_i1115006_H_a1101,100,1115006,H,1101,REFERENCE,0.9,0.003271203488111496,0.8546957842554251
n100_i1115006_H_a1101_REFERENCE,n100_i1115006_H_a1101,100,1115006,H,1101,REFERENCE,1.0,0.782154630869627,0.8582946821453349
n100_i1115006_H_a1101_W,n100_i1115006_H_a1101,100,1115006,H,1101,W,0.1,1.554213342256844,0.607593103894641
n100_i1115006_H_a1101_W,n100_i1115006_H_a1101,100,1115006,H,1101,W,0.25,0.05143121350556612,0.8125691946278949
n100_i1115006_H_a1101_W,n100_i1115006_H_a1101,100,1115006,H,1101,W,0.5,0.7692774813622236,0.9364165163507511
n100_i1115006_H_a1101_W,n100_i1115006_H_a1101,100,1115006,H,1101,W,0.75,0.3392953909933567,0.9950871048761658
n100_i1115006_H_a1101_W,n100_i1115006_H_a1101,100,1115006,H,1101,W,0.9,0.020396064966917038,1.0141194208323163
n100_i1115006_H_a1101_W,n100_i1115006_H_a1101,100,1115006,H,1101,W,1.0,0.5301735801622272,1.0331931264940184
n100_i1115006_H_a1101_GW,n100_i1115006_H_a1101,100,1115006,H,1101,GW,0.1,0.8520953189581633,0.607593103894641
n100_i1115006_H_a1101_GW,n100_i1115006_H_a1101,100,1115006,H,1101,GW,0.25,0.17441251501441002,0.8125691946278949
n100_i1115006_H_a1101_GW,n100_i1115006_H_a1101,100,1115006,H,1101,GW,0.5,0.0074719758704304695,0.9445174520352896
n100_i1115006_H_a1101_GW,n100_i1115006_H_a1101,100,1115006,H,1101,GW,0.75,0.008250722661614418,1.0104657297826598
n100_i1115006_H_a1101_GW,n100_i1115006_H_a1101,100,1115006,H,1101,GW,0.9,0.6637082537636161,1.0356918557150756
n100_i1115006_H_a1101_GW,n100_i1115006_H_a1101,100,1115006,H,1101,GW,1.0,0.012382498942315578,1.0450113820683993
n100_i1115006_H_a2202_W,n100_i1115006_H_a2202,100,1115006,H,2202,W,0.1,0.839434465393424,0.6297752040820128
n100_i1115006_H_a2202_W,n100_i1115006_H_a2202,100,1115006,H,2202,W,0.25,0.16191105358302593,0.7938067087199704
n100_i1115006_H_a2202_W,n100_i1115006_H_a2202,100,1115006,H,2202,W,0.5,0.040145390667021275,0.8325404842680074
n100_i1115006_H_a2202_W,n100_i1115006_H_a2202,100,1115006,H,2202,W,0.75,0.013642914593219757,0.8442942060342482
n100_i1115006_H_a2202_W,n100_i1115006_H_a2202,100,1115006,H,2202,W,0.9,0.1234046034514904,0.8474615066614896
n100_i1115006_H_a2202_W,n100_i1115006_H_a2202,100,1115006,H,2202,W,1.0,1.113200232386589,0.8488612418607554
n100_i1115006_H_a2202_GW,n100_i1115006_H_a2202,100,1115006,H,2202,GW,0.1,0.6853902572765946,0.6297752040820128
n100_i1115006_H_a2202_GW,n100_i1115006_H_a2202,100,1115006,H,2202,GW,0.25,0.3804887654259801,0.7938067087199704
n100_i1115006_H_a2202_GW,n100_i1115006_H_a2202,100,1115006,H,2202,GW,0.5,0.23047578614205122,0.8412337513305844
n100_i1115006_H_a2202_GW,n100_i1115006_H_a2202,100,1115006,H,2202,GW,0.75,0.20898725371807814,0.8527986125237957
n100_i1115006_H_a2202_GW,n100_i1115006_H_a2202,100,1115006,H,2202,GW,0.9,0.04616987146437168,0.859595740282972
n100_i1115006_H_a2202_GW,n100_i1115006_H_a2202,100,1115006,H,2202,GW,1.0,0.49264136981219053,0.8649646702926027
n100_i1115006_H_a2202_LEGACY,n100_i1115006_H_a2202,100,1115006,H,2202,LEGACY,0.1,0.44111011177301407,0.587918468653077
n100_i1115006_H_a2202_LEGACY,n100_i1115006_H_a2202,100,1115006,H,2202,LEGACY,0.25,0.002818996086716652,0.8262604588199595
n100_i1115006_H_a2202_LEGACY,n100_i1115006_H_a2202,100,1115006,H,2202,LEGACY,0.5,0.01119208987802267,0.8679764277918897
n100_i1115006_H_a2202_LEGACY,n100_i1115006_H_a2202,100,1115006,H,2202,LEGACY,0.75,0.3495021853595972,0.8829832852888598
n100_i1115006_H_a2202_LEGACY,n100_i1115006_H_a2202,100,1115006,H,2202,LEGACY,0.9,0.7125899270176888,0.8902522877576442
n100_i1115006_H_a2202_LEGACY,n100_i1115006_H_a2202,100,1115006,H,2202,LEGACY,1.0,0.4062981801107526,0.8941325609133319
n100_i1115006_H_a2202_REFERENCE,n100_i1115006_H_a2202,100,1115006,H,2202,REFERENCE,0.1,0.009324649348855019,0.5785798722300635
n100_i1115006_H_a2202_REFERENCE,n100_i1115006_H_a2202,100,1115006,H,2202,REFERENCE,0.25,0.0722244419157505,0.7917579317120436
n100_i1115006_H_a2202_REFERENCE,n100_i1115006_H_a2202,100,1115006,H,2202,REFERENCE,0.5,0.28232591319829226,0.856862768593348
n100_i1115006_H_a2202_REFERENCE,n100_i1115006_H_a2202,100,1115006,H,2202,REFERENCE,0.75,0.9122549928724766,0.8978870643196473
n100_i1115006_H_a2202_REFERENCE,n100_i1115006_H_a2202,100,1115006,H,2202,REFERENCE,0.9,0.21606433298438787,0.9128005739361769
n100_i1115006_H_a2202_REFERENCE,n100_i1115006_H_a2202,100,1115006,H,2202,REFERENCE,1.0,0.4831937178969383,0.9253431104487827
n100_i1115006_T_a1101_REFERENCE,n100_i1115006_T_a1101,100,1115006,T,1101,REFERENCE,0.1,0.686647268012166,0.6069076949117383
n100_i1115006_T_a1101_REFERENCE,n100_i1115006_T_a1101,100,1115006,T,1101,REFERENCE,0.25,0.4744483698159456,0.7682724480112322
n100_i1115006_T_a1101_REFERENCE,n100_i1115006_T_a1101,100,1115006,T,1101,REFERENCE,0.5,0.13114878721535206,0.8675315879270994
n100_i1115006_T_a1101_REFERENCE,n100_i1115006_T_a1101,100,1115006,T,1101,REFERENCE,0.75,0.4316948028281331,0.9255728650113322
n100_i1115006_T_a1101_REFERENCE,n100_i1115006_T_a1101,100,1115006,T,1101,REFERENCE,0.9,0.024856025353074074,0.9370655834819562
n100_i1115006_T_a1101_REFERENCE,n100_i1115006_T_a1101,100,1115006,T,1101,REFERENCE,1.0,0.3101340364664793,0.9433196110582165
n100_i1115006_T_a1101_W,n100_i1115006_T_a1101,100,1115006,T,1101,W,0.1,1.155549525283277,0.5784080689622559
n100_i1115006_T_a1101_W,n100_i1115006_T_a1101,100,1115006,T,1101,W,0.25,7.4055977165699e-05,0.7341789126814943
n100_i1115006_T_a1101_W,n100_i1115006_T_a1101,100,1115006,T,1101,W,0.5,0.028344805352389812,0.8114110706739637
n100_i1115006_T_a1101_W,n100_i1115006_T_a1101,100,1115006,T,1101,W,0.75,0.21113391779363155,0.8630411100955147
n100_i1115006_T_a1101_W,n100_i1115006_T_a1101,100,1115006,T,1101,W,0.9,1.2439834587275982,0.8786740885185084
n100_i1115006_T_a1101_W,n100_i1115006_T_a1101,100,1115006,T,1101,W,1.0,1.1521484553813934,0.8830769513916267
n100_i1115006_T_a1101_GW,n100_i1115006_T_a1101,100,1115006,T,1101,GW,0.1,1.2326900456100702,0.5784080689622559
n100_i1115006_T_a1101_GW,n100_i1115006_T_a1101,100,1115006,T,1101,GW,0.25,0.004263176582753658,0.7341789126814943
n100_i1115006_T_a1101_GW,n100_i1115006_T_a1101,100,1115006,T,1101,GW,0.5,0.6428915020078421,0.8114110706739637
n100_i1115006_T_a1101_GW,n100_i1115006_T_a1101,100,1115006,T,1101,GW,0.75,0.8519455632194877,0.8623087982333644
n100_i1115006_T_a1101_GW,n100_i1115006_T_a1101,100,1115006,T,1101,GW,0.9,0.0368262343108654,0.8772072726724457
n100_i1115006_T_a1101_GW,n100_i1115006_T_a1101,100,1115006,T,1101,GW,1.0,0.5101628778502345,0.8861916026448488
n100_i1115006_T_a1101_LEGACY,n100_i1115006_T_a1101,100,1115006,T,1101,LEGACY,0.1,0.15158873703330755,0.603570979828732
n100_i1115006_T_a1101_LEGACY,n100_i1115006_T_a1101,100,1115006,T,1101,LEGACY,0.25,0.3582471590489149,0.7906531105660312
n100_i1115006_T_a1101_LEGACY,n100_i1115006_T_a1101,100,1115006,T,1101,LEGACY,0.5,1.176773613318801,0.8486185492921432
n100_i1115006_T_a1101_LEGACY,n100_i1115006_T_a1101,100,1115006,T,1101,LEGACY,0.75,0.6011502835899591,0.8776051829928923
n100_i1115006_T_a1101_LEGACY,n100_i1115006_T_a1101,100,1115006,T,1101,LEGACY,0.9,0.1676497496664524,0.8946725603927443
n100_i1115006_T_a1101_LEGACY,n100_i1115006_T_a1101,100,1115006,T,1101,LEGACY,1.0,0.9705015504732728,0.9038131037837208
n100_i1115006_T_a2202_GW,n100_i1115006_T_a2202,100,1115006,T,2202,GW,0.1,0.38578054029494524,0.633799568642661
n100_i1115006_T_a2202_GW,n100_i1115006_T_a2202,100,1115006,T,2202,GW,0.25,0.0003188690170645714,0.857554210792155
n100_i1115006_T_a2202_GW,n100_i1115006_T_a2202,100,1115006,T,2202,GW,0.5,0.2585426028817892,0.9426687543134372
n100_i1115006_T_a2202_GW,n100_i1115006_T_a2202,100,1115006,T,2202,GW,0.75,0.17854277230799198,0.962771118187203
n100_i1115006_T_a2202_GW,n100_i1115006_T_a2202,100,1115006,T,2202,GW,0.9,0.10219716839492321,0.9787857679621643
n100_i1115006_T_a2202_GW,n100_i1115006_T_a2202,100,1115006,T,2202,GW,1.0,0.7675258563831449,0.9834610271284442
n100_i1115006_T_a2202_LEGACY,n100_i1115006_T_a2202,100,1115006,T,2202,LEGACY,0.1,0.02224771212786436,0.6312291422562365
n100_i1115006_T_a2202_LEGACY,n100_i1115006_T_a2202,100,1115006,T,2202,LEGACY,0.25,0.08142885193228722,0.7804678842790507
n100_i1115006_T_a2202_LEGACY,n100_i1115006_T_a2202,100,1115006,T,2202,LEGACY,0.5,0.0009681191295385361,0.8576577086309245
n100_i1115006_T_a2202_LEGACY,n100_i1115006_T_a2202,100,1115006,T,2202,LEGACY,0.75,1.3068418484181166,0.871375207477691
n100_i1115006_T_a2202_LEGACY,n100_i1115006_T_a2202,100,1115006,T,2202,LEGACY,0.9,0.18161104898899794,0.8916654043891876
n100_i1115006_T_a2202_LEGACY,n100_i1115006_T_a2202,100,1115006,T,2202,LEGACY,1.0,0.46821987722069025,0.8947751849626427
n100_i1115006_T_a2202_REFERENCE,n100_i1115006_T_a2202,100,1115006,T,2202,REFERENCE,0.1,0.5928361136466265,0.5983085641122339
n100_i1115006_T_a2202_REFERENCE,n100_i1115006_T_a2202,100,1115006,T,2202,REFERENCE,0.25,0.07608865294605494,0.8037590543999549
n100_i1115006_T_a2202_REFERENCE,n100_i1115006_T_a2202,100,1115006,T,2202,REFERENCE,0.5,0.0757415872067213,0.9869032988758185
n100_i1115006_T_a2202_REFERENCE,n100_i1115006_T_a2202,100,1115006,T,2202,REFERENCE,0.75,0.007870174944400787,1.0227244182022501
n100_i1115006_T_a2202_REFERENCE,n100_i1115006_T_a2202,100,1115006,T,2202,REFERENCE,0.9,0.029177820309996605,1.036617932213025
n100_i1115006_T_a2202_REFERENCE,n100_i1115006_T_a2202,100,1115006,T,2202,REFERENCE,1.0,1.149335470981896,1.0508172293105509
n100_i1115006_T_a2202_W,n100_i1115006_T_a2202,100,1115006,T,2202,W,0.1,0.04970266669988632,0.6212819121652826
n100_i1115006_T_a2202_W,n100_i1115006_T_a2202,100,1115006,T,2202,W,0.25,1.3350293058902025,0.8507991823154193
n100_i1115006_T_a2202_W,n100_i1115006_T_a2202,100,1115006,T,2202,W,0.5,0.15720395650714636,0.9142160856757837
n100_i1115006_T_a2202_W,n100_i1115006_T_a2202,100,1115006,T,2202,W,0.75,0.45245315600186586,0.9488524013040871
n100_i1115006_T_a2202_W,n100_i1115006_T_a2202,100,1115006,T,2202,W,0.9,0.034594353288412094,0.9714412221401019
n100_i1115006_T_a2202_W,n100_i1115006_T_a2202,100,1115006,T,2202,W,1.0,0.85517836548388,0.9728454856547855
n100_i1115007_H_a1101_LEGACY,n100_i1115007_H_a1101,100,1115007,H,1101,LEGACY,0.1,0.002009899355471134,0.40338493228358685
n100_i1115007_H_a1101_LEGACY,n100_i1115007_H_a1101,100,1115007,H,1101,LEGACY,0.25,0.18199043534696102,0.5582912238861218
n100_i1115007_H_a1101_LEGACY,n100_i1115007_H_a1101,100,1115007,H,1101,LEGACY,0.5,0.031407096423208714,0.7012221003230455
n100_i1115007_H_a1101_LEGACY,n100_i1115007_H_a1101,100,1115007,H,1101,LEGACY,0.75,0.03574508521705866,0.7442746654281578
n100_i1115007_H_a1101_LEGACY,n100_i1115007_H_a1101,100,1115007,H,1101,LEGACY,0.9,0.10221178364008665,0.7665152824763581
n100_i1115007_H_a1101_LEGACY,n100_i1115007_H_a1101,100,1115007,H,1101,LEGACY,1.0,1.4886120548471808,0.7714170191956887
n100_i1115007_H_a1101_REFERENCE,n100_i1115007_H_a1101,100,1115007,H,1101,REFERENCE,0.1,0.5741792675107718,0.44225601052660457
n100_i1115007_H_a1101_REFERENCE,n100_i1115007_H_a1101,100,1115007,H,1101,REFERENCE,0.25,0.004911444149911404,0.6367047226551924
n100_i1115007_H_a1101_REFERENCE,n100_i1115007_H_a1101,100,1115007,H,1101,REFERENCE,0.5,0.09121638722717762,0.7592261374340789
n100_i1115007_H_a1101_REFERENCE,n100_i1115007_H_a1101,100,1115007,H,1101,REFERENCE,0.75,0.07840085867792368,0.7724383194040616
n100_i1115007_H_a1101_REFERENCE,n100_i1115007_H_a1101,100,1115007,H,1101,REFERENCE,0.9,0.009289479814469814,0.78643871019825
n100_i1115007_H_a1101_REFERENCE,n100_i1115007_H_a1101,100,1115007,H,1101,REFERENCE,1.0,0.6289496384561062,0.806814671298757
n100_i1115007_H_a1101_W,n100_i1115007_H_a1101,100,1115007,H,1101,W,0.1,0.49310837499797344,0.45959317705181213
n100_i1115007_H_a1101_W,n100_i1115007_H_a1101,100,1115007,H,1101,W,0.25,0.21382514294236898,0.6199859684868442
n100_i1115007_H_a1101_W,n100_i1115007_H_a1101,100,1115007,H,1101,W,0.5,0.14579446148127317,0.7095519866807253
n100_i1115007_H_a1101_W,n100_i1115007_H_a1101,100,1115007,H,1101,W,0.75,0.002016608603298664,0.7571172190760623
n100_i1115007_H_a1101_W,n100_i1115007_H_a1101,100,1115007,H,1101,W,0.9,0.061136821284890175,0.7700542925174712
n100_i1115007_H_a1101_W,n100_i1115007_H_a1101,100,1115007,H,1101,W,1.0,1.0440764594823122,0.7819951712786202
n100_i1115007_H_a1101_GW,n100_i1115007_H_a1101,100,1115007,H,1101,GW,0.1,0.017836222425103188,0.45963399531621374
n100_i1115007_H_a1101_GW,n100_i1115007_H_a1101,100,1115007,H,1101,GW,0.25,0.33230474032461643,0.6199859684868442
n100_i1115007_H_a1101_GW,n100_i1115007_H_a1101,100,1115007,H,1101,GW,0.5,0.024204196408391,0.7005502791140559
n100_i1115007_H_a1101_GW,n100_i1115007_H_a1101,100,1115007,H,1101,GW,0.75,0.0900617279112339,0.7320778589142516
n100_i1115007_H_a1101_GW,n100_i1115007_H_a1101,100,1115007,H,1101,GW,0.9,0.2595240417867899,0.7417597399394504
n100_i1115007_H_a1101_GW,n100_i1115007_H_a1101,100,1115007,H,1101,GW,1.0,0.012410588562488556,0.7486620364543563
n100_i1115007_H_a2202_W,n100_i1115007_H_a2202,100,1115007,H,2202,W,0.1,0.003459765575826168,0.5334018168494337
n100_i1115007_H_a2202_W,n100_i1115007_H_a2202,100,1115007,H,2202,W,0.25,0.2663159463554621,0.7741783771301336
n100_i1115007_H_a2202_W,n100_i1115007_H_a2202,100,1115007,H,2202,W,0.5,0.686373089440167,0.7994301519088173
n100_i1115007_H_a2202_W,n100_i1115007_H_a2202,100,1115007,H,2202,W,0.75,0.5573082836344838,0.8086061071370034
n100_i1115007_H_a2202_W,n100_i1115007_H_a2202,100,1115007,H,2202,W,0.9,0.728498606942594,0.8336693713383929
n100_i1115007_H_a2202_W,n100_i1115007_H_a2202,100,1115007,H,2202,W,1.0,0.48974640388041735,0.8403487841654681
n100_i1115007_H_a2202_GW,n100_i1115007_H_a2202,100,1115007,H,2202,GW,0.1,0.03532481659203768,0.5334018168494337
n100_i1115007_H_a2202_GW,n100_i1115007_H_a2202,100,1115007,H,2202,GW,0.25,0.02013949304819107,0.7741783771301336
n100_i1115007_H_a2202_GW,n100_i1115007_H_a2202,100,1115007,H,2202,GW,0.5,0.003087094984948635,0.7994301519088173
n100_i1115007_H_a2202_GW,n100_i1115007_H_a2202,100,1115007,H,2202,GW,0.75,0.09647973161190748,0.829266994748162
n100_i1115007_H_a2202_GW,n100_i1115007_H_a2202,100,1115007,H,2202,GW,0.9,0.012212720699608326,0.8370626196390488
n100_i1115007_H_a2202_GW,n100_i1115007_H_a2202,100,1115007,H,2202,GW,1.0,1.038179432041943,0.8469938301424773
n100_i1115007_H_a2202_LEGACY,n100_i1115007_H_a2202,100,1115007,H,2202,LEGACY,0.1,0.0009889453649520874,0.44355734703599936
n100_i1115007_H_a2202_LEGACY,n100_i1115007_H_a2202,100,1115007,H,2202,LEGACY,0.25,0.2411979865282774,0.6910814622294926
n100_i1115007_H_a2202_LEGACY,n100_i1115007_H_a2202,100,1115007,H,2202,LEGACY,0.5,0.2852458655834198,0.7926394686181933
n100_i1115007_H_a2202_LEGACY,n100_i1115007_H_a2202,100,1115007,H,2202,LEGACY,0.75,0.5778382532298565,0.8759124388910632
n100_i1115007_H_a2202_LEGACY,n100_i1115007_H_a2202,100,1115007,H,2202,LEGACY,0.9,0.8584654266014695,0.9096507080321589
n100_i1115007_H_a2202_LEGACY,n100_i1115007_H_a2202,100,1115007,H,2202,LEGACY,1.0,0.4371031578630209,0.925481211065697
n100_i1115007_H_a2202_REFERENCE,n100_i1115007_H_a2202,100,1115007,H,2202,REFERENCE,0.1,0.11026798002421856,0.43706831510163147
n100_i1115007_H_a2202_REFERENCE,n100_i1115007_H_a2202,100,1115007,H,2202,REFERENCE,0.25,0.003668426536023617,0.6198725725937297
n100_i1115007_H_a2202_REFERENCE,n100_i1115007_H_a2202,100,1115007,H,2202,REFERENCE,0.5,0.4448241572827101,0.7652432793991488
n100_i1115007_H_a2202_REFERENCE,n100_i1115007_H_a2202,100,1115007,H,2202,REFERENCE,0.75,1.2626607539132237,0.8227003611579066
n100_i1115007_H_a2202_REFERENCE,n100_i1115007_H_a2202,100,1115007,H,2202,REFERENCE,0.9,0.03156888112425804,0.8478294002047936
n100_i1115007_H_a2202_REFERENCE,n100_i1115007_H_a2202,100,1115007,H,2202,REFERENCE,1.0,0.7416403749957681,0.8624558066966569
n100_i1115007_T_a1101_REFERENCE,n100_i1115007_T_a1101,100,1115007,T,1101,REFERENCE,0.1,1.369297823868692,0.6563019660207503
n100_i1115007_T_a1101_REFERENCE,n100_i1115007_T_a1101,100,1115007,T,1101,REFERENCE,0.25,0.012807869352400303,0.7522466641269696
n100_i1115007_T_a1101_REFERENCE,n100_i1115007_T_a1101,100,1115007,T,1101,REFERENCE,0.5,0.6779893254861236,0.8694182037206177
n100_i1115007_T_a1101_REFERENCE,n100_i1115007_T_a1101,100,1115007,T,1101,REFERENCE,0.75,0.24191953614354134,0.9258022079580392
n100_i1115007_T_a1101_REFERENCE,n100_i1115007_T_a1101,100,1115007,T,1101,REFERENCE,0.9,0.099757538177073,0.9424663164512365
n100_i1115007_T_a1101_REFERENCE,n100_i1115007_T_a1101,100,1115007,T,1101,REFERENCE,1.0,0.3834735322743654,0.9450414972689365
n100_i1115007_T_a1101_W,n100_i1115007_T_a1101,100,1115007,T,1101,W,0.1,0.017982040531933308,0.6033837664173896
n100_i1115007_T_a1101_W,n100_i1115007_T_a1101,100,1115007,T,1101,W,0.25,0.16337822191417217,0.7705571844380119
n100_i1115007_T_a1101_W,n100_i1115007_T_a1101,100,1115007,T,1101,W,0.5,0.47736350912600756,0.8259469753710281
n100_i1115007_T_a1101_W,n100_i1115007_T_a1101,100,1115007,T,1101,W,0.75,0.16898142267018557,0.8657058735092598
n100_i1115007_T_a1101_W,n100_i1115007_T_a1101,100,1115007,T,1101,W,0.9,0.9560810290277004,0.8788871080899342
n100_i1115007_T_a1101_W,n100_i1115007_T_a1101,100,1115007,T,1101,W,1.0,0.1089607160538435,0.8903595552158647
n100_i1115007_T_a1101_GW,n100_i1115007_T_a1101,100,1115007,T,1101,GW,0.1,1.0228830873966217,0.6066274619454309
n100_i1115007_T_a1101_GW,n100_i1115007_T_a1101,100,1115007,T,1101,GW,0.25,0.43725492618978024,0.7713309914241773
n100_i1115007_T_a1101_GW,n100_i1115007_T_a1101,100,1115007,T,1101,GW,0.5,0.09569678641855717,0.8259469753710281
n100_i1115007_T_a1101_GW,n100_i1115007_T_a1101,100,1115007,T,1101,GW,0.75,0.024976986460387707,0.8643442942341554
n100_i1115007_T_a1101_GW,n100_i1115007_T_a1101,100,1115007,T,1101,GW,0.9,0.2668516281992197,0.8803486634188012
n100_i1115007_T_a1101_GW,n100_i1115007_T_a1101,100,1115007,T,1101,GW,1.0,0.34083199221640825,0.8899442774389423
n100_i1115007_T_a1101_LEGACY,n100_i1115007_T_a1101,100,1115007,T,1101,LEGACY,0.1,0.6155261043459177,0.5993503182593621
n100_i1115007_T_a1101_LEGACY,n100_i1115007_T_a1101,100,1115007,T,1101,LEGACY,0.25,0.30344682186841965,0.762084589638296
n100_i1115007_T_a1101_LEGACY,n100_i1115007_T_a1101,100,1115007,T,1101,LEGACY,0.5,0.11093256995081902,0.8102477899513991
n100_i1115007_T_a1101_LEGACY,n100_i1115007_T_a1101,100,1115007,T,1101,LEGACY,0.75,0.35596943367272615,0.9035027400740876
n100_i1115007_T_a1101_LEGACY,n100_i1115007_T_a1101,100,1115007,T,1101,LEGACY,0.9,0.25781981460750103,0.9350791727886623
n100_i1115007_T_a1101_LEGACY,n100_i1115007_T_a1101,100,1115007,T,1101,LEGACY,1.0,1.3145931595936418,0.9437942214157421
n100_i1115007_T_a2202_GW,n100_i1115007_T_a2202,100,1115007,T,2202,GW,0.1,0.8415464907884598,0.6550955805688582
n100_i1115007_T_a2202_GW,n100_i1115007_T_a2202,100,1115007,T,2202,GW,0.25,0.33765314891934395,0.7967823782244994
n100_i1115007_T_a2202_GW,n100_i1115007_T_a2202,100,1115007,T,2202,GW,0.5,0.21462604217231274,0.8582770984532734
n100_i1115007_T_a2202_GW,n100_i1115007_T_a2202,100,1115007,T,2202,GW,0.75,0.05670619569718838,0.8839497776088451
n100_i1115007_T_a2202_GW,n100_i1115007_T_a2202,100,1115007,T,2202,GW,0.9,0.3595977807417512,0.8955384033617073
n100_i1115007_T_a2202_GW,n100_i1115007_T_a2202,100,1115007,T,2202,GW,1.0,0.32745333295315504,0.9056780198701766
n100_i1115007_T_a2202_LEGACY,n100_i1115007_T_a2202,100,1115007,T,2202,LEGACY,0.1,0.010947327129542828,0.6329978305365985
n100_i1115007_T_a2202_LEGACY,n100_i1115007_T_a2202,100,1115007,T,2202,LEGACY,0.25,0.0054925791919231415,0.80511083494699
n100_i1115007_T_a2202_LEGACY,n100_i1115007_T_a2202,100,1115007,T,2202,LEGACY,0.5,0.024307860992848873,0.9249023674178983
n100_i1115007_T_a2202_LEGACY,n100_i1115007_T_a2202,100,1115007,T,2202,LEGACY,0.75,1.0847445912659168,0.9608107224671931
n100_i1115007_T_a2202_LEGACY,n100_i1115007_T_a2202,100,1115007,T,2202,LEGACY,0.9,0.0045633986592292786,0.9685862023368546
n100_i1115007_T_a2202_LEGACY,n100_i1115007_T_a2202,100,1115007,T,2202,LEGACY,1.0,0.02554743830114603,0.9727554177677477
n100_i1115007_T_a2202_REFERENCE,n100_i1115007_T_a2202,100,1115007,T,2202,REFERENCE,0.1,0.10280568990856409,0.5897856841419229
n100_i1115007_T_a2202_REFERENCE,n100_i1115007_T_a2202,100,1115007,T,2202,REFERENCE,0.25,0.006509287282824516,0.7280328797941549
n100_i1115007_T_a2202_REFERENCE,n100_i1115007_T_a2202,100,1115007,T,2202,REFERENCE,0.5,0.007974214851856232,0.8022125561358266
n100_i1115007_T_a2202_REFERENCE,n100_i1115007_T_a2202,100,1115007,T,2202,REFERENCE,0.75,0.18108752835541964,0.8255925400376957
n100_i1115007_T_a2202_REFERENCE,n100_i1115007_T_a2202,100,1115007,T,2202,REFERENCE,0.9,0.005305339582264423,0.8380817869841917
n100_i1115007_T_a2202_REFERENCE,n100_i1115007_T_a2202,100,1115007,T,2202,REFERENCE,1.0,0.6408551065251231,0.8404877953227649
n100_i1115007_T_a2202_W,n100_i1115007_T_a2202,100,1115007,T,2202,W,0.1,0.04606087878346443,0.652752949010596
n100_i1115007_T_a2202_W,n100_i1115007_T_a2202,100,1115007,T,2202,W,0.25,0.22400794830173254,0.796067053387678
n100_i1115007_T_a2202_W,n100_i1115007_T_a2202,100,1115007,T,2202,W,0.5,0.5783237125724554,0.8527085016874939
n100_i1115007_T_a2202_W,n100_i1115007_T_a2202,100,1115007,T,2202,W,0.75,0.002775842323899269,0.8793859985634543
n100_i1115007_T_a2202_W,n100_i1115007_T_a2202,100,1115007,T,2202,W,0.9,0.08893744554370642,0.8967706195225524
n100_i1115007_T_a2202_W,n100_i1115007_T_a2202,100,1115007,T,2202,W,1.0,1.0883089238777757,0.911302368964436
n100_i1115008_H_a1101_LEGACY,n100_i1115008_H_a1101,100,1115008,H,1101,LEGACY,0.1,0.0488167954608798,0.5733269335932857
n100_i1115008_H_a1101_LEGACY,n100_i1115008_H_a1101,100,1115008,H,1101,LEGACY,0.25,0.009769928641617298,0.7416059107444302
n100_i1115008_H_a1101_LEGACY,n100_i1115008_H_a1101,100,1115008,H,1101,LEGACY,0.5,0.03063871990889311,0.8436762535961385
n100_i1115008_H_a1101_LEGACY,n100_i1115008_H_a1101,100,1115008,H,1101,LEGACY,0.75,0.3234639670699835,0.8930886207470459
n100_i1115008_H_a1101_LEGACY,n100_i1115008_H_a1101,100,1115008,H,1101,LEGACY,0.9,0.0012560319155454636,0.9400975367935518
n100_i1115008_H_a1101_LEGACY,n100_i1115008_H_a1101,100,1115008,H,1101,LEGACY,1.0,0.17728564236313105,0.950741358567726
n100_i1115008_H_a1101_REFERENCE,n100_i1115008_H_a1101,100,1115008,H,1101,REFERENCE,0.1,0.1535788206383586,0.6086896324211232
n100_i1115008_H_a1101_REFERENCE,n100_i1115008_H_a1101,100,1115008,H,1101,REFERENCE,0.25,0.010301093570888042,0.7951896716517274
n100_i1115008_H_a1101_REFERENCE,n100_i1115008_H_a1101,100,1115008,H,1101,REFERENCE,0.5,0.08488839585334063,0.8331654972776343
n100_i1115008_H_a1101_REFERENCE,n100_i1115008_H_a1101,100,1115008,H,1101,REFERENCE,0.75,0.30095940362662077,0.8581440036615227
n100_i1115008_H_a1101_REFERENCE,n100_i1115008_H_a1101,100,1115008,H,1101,REFERENCE,0.9,0.1526344157755375,0.8824323497943366
n100_i1115008_H_a1101_REFERENCE,n100_i1115008_H_a1101,100,1115008,H,1101,REFERENCE,1.0,0.35379970259964466,0.9116463408545141
n100_i1115008_H_a1101_W,n100_i1115008_H_a1101,100,1115008,H,1101,W,0.1,0.03096866887062788,0.5792737761240163
n100_i1115008_H_a1101_W,n100_i1115008_H_a1101,100,1115008,H,1101,W,0.25,0.009183700196444988,0.7212275493948979
n100_i1115008_H_a1101_W,n100_i1115008_H_a1101,100,1115008,H,1101,W,0.5,0.06583014968782663,0.7875121175016051
n100_i1115008_H_a1101_W,n100_i1115008_H_a1101,100,1115008,H,1101,W,0.75,0.017848442308604717,0.8288208546327779
n100_i1115008_H_a1101_W,n100_i1115008_H_a1101,100,1115008,H,1101,W,0.9,0.09387620911002159,0.8579938925081428
n100_i1115008_H_a1101_W,n100_i1115008_H_a1101,100,1115008,H,1101,W,1.0,0.0055948542430996895,0.8702237125228844
n100_i1115008_H_a1101_GW,n100_i1115008_H_a1101,100,1115008,H,1101,GW,0.1,5.96512109041214e-06,0.5732477709883738
n100_i1115008_H_a1101_GW,n100_i1115008_H_a1101,100,1115008,H,1101,GW,0.25,0.03527498617768288,0.7461678083168883
n100_i1115008_H_a1101_GW,n100_i1115008_H_a1101,100,1115008,H,1101,GW,0.5,0.0015925262123346329,0.8561731115813507
n100_i1115008_H_a1101_GW,n100_i1115008_H_a1101,100,1115008,H,1101,GW,0.75,0.9120040209963918,0.9051452875722207
n100_i1115008_H_a1101_GW,n100_i1115008_H_a1101,100,1115008,H,1101,GW,0.9,0.0003671683371067047,0.9207535438312853
n100_i1115008_H_a1101_GW,n100_i1115008_H_a1101,100,1115008,H,1101,GW,1.0,0.06424294039607048,0.9297834660833603
n100_i1115008_H_a2202_W,n100_i1115008_H_a2202,100,1115008,H,2202,W,0.1,0.1500819493085146,0.49798281521196425
n100_i1115008_H_a2202_W,n100_i1115008_H_a2202,100,1115008,H,2202,W,0.25,0.12837567273527384,0.7913020720892078
n100_i1115008_H_a2202_W,n100_i1115008_H_a2202,100,1115008,H,2202,W,0.5,0.0030342983081936836,0.905269082717135
n100_i1115008_H_a2202_W,n100_i1115008_H_a2202,100,1115008,H,2202,W,0.75,0.004246958531439304,0.957097736512994
n100_i1115008_H_a2202_W,n100_i1115008_H_a2202,100,1115008,H,2202,W,0.9,0.11985430959612131,0.9775904919280056
n100_i1115008_H_a2202_W,n100_i1115008_H_a2202,100,1115008,H,2202,W,1.0,1.0099982405081391,0.9873907249340206
n100_i1115008_H_a2202_GW,n100_i1115008_H_a2202,100,1115008,H,2202,GW,0.1,0.005607714876532555,0.49788488135714126
n100_i1115008_H_a2202_GW,n100_i1115008_H_a2202,100,1115008,H,2202,GW,0.25,1.2330532679334283,0.8038395343446108
n100_i1115008_H_a2202_GW,n100_i1115008_H_a2202,100,1115008,H,2202,GW,0.5,0.4893551580607891,0.8769198768396784
n100_i1115008_H_a2202_GW,n100_i1115008_H_a2202,100,1115008,H,2202,GW,0.75,0.17082456033676863,0.9044087912218558
n100_i1115008_H_a2202_GW,n100_i1115008_H_a2202,100,1115008,H,2202,GW,0.9,0.06363535299897194,0.9220834434960415
n100_i1115008_H_a2202_GW,n100_i1115008_H_a2202,100,1115008,H,2202,GW,1.0,0.3153729373589158,0.9251550928457639
n100_i1115008_H_a2202_LEGACY,n100_i1115008_H_a2202,100,1115008,H,2202,LEGACY,0.1,0.8866275800392032,0.5519529232744479
n100_i1115008_H_a2202_LEGACY,n100_i1115008_H_a2202,100,1115008,H,2202,LEGACY,0.25,1.2930797021836042,0.7079600893982265
n100_i1115008_H_a2202_LEGACY,n100_i1115008_H_a2202,100,1115008,H,2202,LEGACY,0.5,0.0024247001856565475,0.8533675313250436
n100_i1115008_H_a2202_LEGACY,n100_i1115008_H_a2202,100,1115008,H,2202,LEGACY,0.75,0.0011270949617028236,0.9147982346227923
n100_i1115008_H_a2202_LEGACY,n100_i1115008_H_a2202,100,1115008,H,2202,LEGACY,0.9,0.01624099351465702,0.9292063696236246
n100_i1115008_H_a2202_LEGACY,n100_i1115008_H_a2202,100,1115008,H,2202,LEGACY,1.0,1.0778086241334677,0.9420720226348708
n100_i1115008_H_a2202_REFERENCE,n100_i1115008_H_a2202,100,1115008,H,2202,REFERENCE,0.1,0.34822552278637886,0.58729756889132
n100_i1115008_H_a2202_REFERENCE,n100_i1115008_H_a2202,100,1115008,H,2202,REFERENCE,0.25,0.09496391750872135,0.7691006990180465
n100_i1115008_H_a2202_REFERENCE,n100_i1115008_H_a2202,100,1115008,H,2202,REFERENCE,0.5,0.034926217049360275,0.8677503506978299
n100_i1115008_H_a2202_REFERENCE,n100_i1115008_H_a2202,100,1115008,H,2202,REFERENCE,0.75,0.5930155916139483,0.9114494816804968
n100_i1115008_H_a2202_REFERENCE,n100_i1115008_H_a2202,100,1115008,H,2202,REFERENCE,0.9,0.26839274633675814,0.937945320858794
n100_i1115008_H_a2202_REFERENCE,n100_i1115008_H_a2202,100,1115008,H,2202,REFERENCE,1.0,1.6753023443743587,0.9456401602510764
n100_i1115008_T_a1101_REFERENCE,n100_i1115008_T_a1101,100,1115008,T,1101,REFERENCE,0.1,0.011770114302635193,0.5241777632683637
n100_i1115008_T_a1101_REFERENCE,n100_i1115008_T_a1101,100,1115008,T,1101,REFERENCE,0.25,0.13105383049696684,0.6652042024233047
n100_i1115008_T_a1101_REFERENCE,n100_i1115008_T_a1101,100,1115008,T,1101,REFERENCE,0.5,0.1266420567408204,0.7765689626880766
n100_i1115008_T_a1101_REFERENCE,n100_i1115008_T_a1101,100,1115008,T,1101,REFERENCE,0.75,0.3942984836176038,0.8126961091539819
n100_i1115008_T_a1101_REFERENCE,n100_i1115008_T_a1101,100,1115008,T,1101,REFERENCE,0.9,0.1655739564448595,0.8257110375041816
n100_i1115008_T_a1101_REFERENCE,n100_i1115008_T_a1101,100,1115008,T,1101,REFERENCE,1.0,0.40586663223803043,0.8327447739980417
n100_i1115008_T_a1101_W,n100_i1115008_T_a1101,100,1115008,T,1101,W,0.1,0.03266837261617184,0.5105744276246849
n100_i1115008_T_a1101_W,n100_i1115008_T_a1101,100,1115008,T,1101,W,0.25,0.08276197779923677,0.6519314170723605
n100_i1115008_T_a1101_W,n100_i1115008_T_a1101,100,1115008,T,1101,W,0.5,0.0003992673009634018,0.7776905628588477
n100_i1115008_T_a1101_W,n100_i1115008_T_a1101,100,1115008,T,1101,W,0.75,0.08549986127763987,0.8420104417768296
n100_i1115008_T_a1101_W,n100_i1115008_T_a1101,100,1115008,T,1101,W,0.9,0.022338150069117546,0.8539674433298009
n100_i1115008_T_a1101_W,n100_i1115008_T_a1101,100,1115008,T,1101,W,1.0,0.44743463303893805,0.8634574884253956
n100_i1115008_T_a1101_GW,n100_i1115008_T_a1101,100,1115008,T,1101,GW,0.1,0.08451709896326065,0.5099640990378653
n100_i1115008_T_a1101_GW,n100_i1115008_T_a1101,100,1115008,T,1101,GW,0.25,0.17256528791040182,0.6517054718756959
n100_i1115008_T_a1101_GW,n100_i1115008_T_a1101,100,1115008,T,1101,GW,0.5,0.19335474353283644,0.769918498979987
n100_i1115008_T_a1101_GW,n100_i1115008_T_a1101,100,1115008,T,1101,GW,0.75,0.011100132018327713,0.8149524803069851
n100_i1115008_T_a1101_GW,n100_i1115008_T_a1101,100,1115008,T,1101,GW,0.9,0.18317059893161058,0.8219506405864418
n100_i1115008_T_a1101_GW,n100_i1115008_T_a1101,100,1115008,T,1101,GW,1.0,0.6100445371121168,0.8378460223544262
n100_i1115008_T_a1101_LEGACY,n100_i1115008_T_a1101,100,1115008,T,1101,LEGACY,0.1,0.013520726934075356,0.5397725341478956
n100_i1115008_T_a1101_LEGACY,n100_i1115008_T_a1101,100,1115008,T,1101,LEGACY,0.25,0.11176197975873947,0.6364936337004151
n100_i1115008_T_a1101_LEGACY,n100_i1115008_T_a1101,100,1115008,T,1101,LEGACY,0.5,0.0037724198773503304,0.7056801532829743
n100_i1115008_T_a1101_LEGACY,n100_i1115008_T_a1101,100,1115008,T,1101,LEGACY,0.75,0.2796924849972129,0.7455528825841761
n100_i1115008_T_a1101_LEGACY,n100_i1115008_T_a1101,100,1115008,T,1101,LEGACY,0.9,0.06433524191379547,0.764988437766829
n100_i1115008_T_a1101_LEGACY,n100_i1115008_T_a1101,100,1115008,T,1101,LEGACY,1.0,0.004939372651278973,0.8055941369369111
n100_i1115008_T_a2202_GW,n100_i1115008_T_a2202,100,1115008,T,2202,GW,0.1,0.006330600008368492,0.6027059158600613
n100_i1115008_T_a2202_GW,n100_i1115008_T_a2202,100,1115008,T,2202,GW,0.25,0.1840040134266019,0.8166740468920141
n100_i1115008_T_a2202_GW,n100_i1115008_T_a2202,100,1115008,T,2202,GW,0.5,0.134413062594831,0.9357652619600397
n100_i1115008_T_a2202_GW,n100_i1115008_T_a2202,100,1115008,T,2202,GW,0.75,0.3431501751765609,0.9643788921159402
n100_i1115008_T_a2202_GW,n100_i1115008_T_a2202,100,1115008,T,2202,GW,0.9,0.006433676928281784,0.9672470005562936
n100_i1115008_T_a2202_GW,n100_i1115008_T_a2202,100,1115008,T,2202,GW,1.0,1.0229995241388679,0.9688906220268251
n100_i1115008_T_a2202_LEGACY,n100_i1115008_T_a2202,100,1115008,T,2202,LEGACY,0.1,0.21325608249753714,0.6339611338774978
n100_i1115008_T_a2202_LEGACY,n100_i1115008_T_a2202,100,1115008,T,2202,LEGACY,0.25,0.16186984535306692,0.7540390455497327
n100_i1115008_T_a2202_LEGACY,n100_i1115008_T_a2202,100,1115008,T,2202,LEGACY,0.5,0.5459697982296348,0.8606544153275709
n100_i1115008_T_a2202_LEGACY,n100_i1115008_T_a2202,100,1115008,T,2202,LEGACY,0.75,0.17031259182840586,0.9315762155608348
n100_i1115008_T_a2202_LEGACY,n100_i1115008_T_a2202,100,1115008,T,2202,LEGACY,0.9,0.1595892095938325,0.9579321438099567
n100_i1115008_T_a2202_LEGACY,n100_i1115008_T_a2202,100,1115008,T,2202,LEGACY,1.0,0.5239148754626513,0.9729575696680045
n100_i1115008_T_a2202_REFERENCE,n100_i1115008_T_a2202,100,1115008,T,2202,REFERENCE,0.1,0.08190346416085958,0.5392763061968494
n100_i1115008_T_a2202_REFERENCE,n100_i1115008_T_a2202,100,1115008,T,2202,REFERENCE,0.25,0.005607700906693935,0.6650031515407403
n100_i1115008_T_a2202_REFERENCE,n100_i1115008_T_a2202,100,1115008,T,2202,REFERENCE,0.5,0.02100309543311596,0.7509856561153986
n100_i1115008_T_a2202_REFERENCE,n100_i1115008_T_a2202,100,1115008,T,2202,REFERENCE,0.75,0.2927461192011833,0.8478692727403797
n100_i1115008_T_a2202_REFERENCE,n100_i1115008_T_a2202,100,1115008,T,2202,REFERENCE,0.9,0.04982566833496094,0.8897104764810262
n100_i1115008_T_a2202_REFERENCE,n100_i1115008_T_a2202,100,1115008,T,2202,REFERENCE,1.0,0.5814990578219295,0.9113293094771067
n100_i1115008_T_a2202_W,n100_i1115008_T_a2202,100,1115008,T,2202,W,0.1,0.012674551457166672,0.6027059158600613
n100_i1115008_T_a2202_W,n100_i1115008_T_a2202,100,1115008,T,2202,W,0.25,0.0005327537655830383,0.8168974492354452
n100_i1115008_T_a2202_W,n100_i1115008_T_a2202,100,1115008,T,2202,W,0.5,0.011929014697670937,0.9357652619600397
n100_i1115008_T_a2202_W,n100_i1115008_T_a2202,100,1115008,T,2202,W,0.75,0.12511772103607655,0.9627930808529067
n100_i1115008_T_a2202_W,n100_i1115008_T_a2202,100,1115008,T,2202,W,0.9,0.0014470843598246574,0.9836874397203
n100_i1115008_T_a2202_W,n100_i1115008_T_a2202,100,1115008,T,2202,W,1.0,0.8525093840435147,0.9952292753030203
n100_i1115009_H_a2202_W,n100_i1115009_H_a2202,100,1115009,H,2202,W,0.1,0.6434649396687746,0.46198559562938757
n100_i1115009_H_a2202_W,n100_i1115009_H_a2202,100,1115009,H,2202,W,0.25,0.2172195315361023,0.5449725331448941
n100_i1115009_H_a2202_W,n100_i1115009_H_a2202,100,1115009,H,2202,W,0.5,2.1795800933614373,0.7172680849720026
n100_i1115009_H_a2202_W,n100_i1115009_H_a2202,100,1115009,H,2202,W,0.75,0.4480449538677931,0.7773206866979856
n100_i1115009_H_a2202_W,n100_i1115009_H_a2202,100,1115009,H,2202,W,0.9,0.0018069753423333168,0.8122216542765672
n100_i1115009_H_a2202_W,n100_i1115009_H_a2202,100,1115009,H,2202,W,1.0,0.024288088083267212,0.827470893231657
n100_i1115009_H_a2202_GW,n100_i1115009_H_a2202,100,1115009,H,2202,GW,0.1,2.400028738193214,0.46197267069715253
n100_i1115009_H_a2202_GW,n100_i1115009_H_a2202,100,1115009,H,2202,GW,0.25,0.03447582945227623,0.5519028518288358
n100_i1115009_H_a2202_GW,n100_i1115009_H_a2202,100,1115009,H,2202,GW,0.5,0.1213266309350729,0.7539882446741976
n100_i1115009_H_a2202_GW,n100_i1115009_H_a2202,100,1115009,H,2202,GW,0.75,0.0516936369240284,0.7914156438432989
n100_i1115009_H_a2202_GW,n100_i1115009_H_a2202,100,1115009,H,2202,GW,0.9,0.9135918971151114,0.8088479130136074
n100_i1115009_H_a2202_GW,n100_i1115009_H_a2202,100,1115009,H,2202,GW,1.0,0.6622798508033156,0.8239086070213417
n100_i1115009_H_a2202_LEGACY,n100_i1115009_H_a2202,100,1115009,H,2202,LEGACY,0.1,0.16140140779316425,0.4962301569499009
n100_i1115009_H_a2202_LEGACY,n100_i1115009_H_a2202,100,1115009,H,2202,LEGACY,0.25,0.26958757638931274,0.6054087451107516
n100_i1115009_H_a2202_LEGACY,n100_i1115009_H_a2202,100,1115009,H,2202,LEGACY,0.5,0.039286660961806774,0.6665015269783109
n100_i1115009_H_a2202_LEGACY,n100_i1115009_H_a2202,100,1115009,H,2202,LEGACY,0.75,0.25378189515322447,0.7887260637146366
n100_i1115009_H_a2202_LEGACY,n100_i1115009_H_a2202,100,1115009,H,2202,LEGACY,0.9,1.2983835749328136,0.8219483928109099
n100_i1115009_H_a2202_LEGACY,n100_i1115009_H_a2202,100,1115009,H,2202,LEGACY,1.0,0.14541828352957964,0.8358755902486357
n100_i1115009_H_a2202_REFERENCE,n100_i1115009_H_a2202,100,1115009,H,2202,REFERENCE,0.1,0.08340032398700714,0.4392104043139494
n100_i1115009_H_a2202_REFERENCE,n100_i1115009_H_a2202,100,1115009,H,2202,REFERENCE,0.25,0.6699990266934037,0.6456827406825796
n100_i1115009_H_a2202_REFERENCE,n100_i1115009_H_a2202,100,1115009,H,2202,REFERENCE,0.5,0.11637688800692558,0.8449322992965603
n100_i1115009_H_a2202_REFERENCE,n100_i1115009_H_a2202,100,1115009,H,2202,REFERENCE,0.75,1.1019487353041768,0.8804035715984908
n100_i1115009_H_a2202_REFERENCE,n100_i1115009_H_a2202,100,1115009,H,2202,REFERENCE,0.9,0.0009017232805490494,0.8935984950082324
n100_i1115009_H_a2202_REFERENCE,n100_i1115009_H_a2202,100,1115009,H,2202,REFERENCE,1.0,0.02481229044497013,0.9001060817977162
n100_i1115009_H_a1101_LEGACY,n100_i1115009_H_a1101,100,1115009,H,1101,LEGACY,0.1,0.31531126238405704,0.39960622669936435
n100_i1115009_H_a1101_LEGACY,n100_i1115009_H_a1101,100,1115009,H,1101,LEGACY,0.25,0.04653248470276594,0.6259795167805886
n100_i1115009_H_a1101_LEGACY,n100_i1115009_H_a1101,100,1115009,H,1101,LEGACY,0.5,0.002135290764272213,0.7546124139693574
n100_i1115009_H_a1101_LEGACY,n100_i1115009_H_a1101,100,1115009,H,1101,LEGACY,0.75,1.2745277788490057,0.7852682695853387
n100_i1115009_H_a1101_LEGACY,n100_i1115009_H_a1101,100,1115009,H,1101,LEGACY,0.9,1.2713678954169154,0.7958852011682845
n100_i1115009_H_a1101_LEGACY,n100_i1115009_H_a1101,100,1115009,H,1101,LEGACY,1.0,0.7267384715378284,0.8121910608287206
n100_i1115009_H_a1101_REFERENCE,n100_i1115009_H_a1101,100,1115009,H,1101,REFERENCE,0.1,0.04434151388704777,0.41365961128316314
n100_i1115009_H_a1101_REFERENCE,n100_i1115009_H_a1101,100,1115009,H,1101,REFERENCE,0.25,0.16575994435697794,0.6669586919082489
n100_i1115009_H_a1101_REFERENCE,n100_i1115009_H_a1101,100,1115009,H,1101,REFERENCE,0.5,0.0851072920486331,0.7772928277227541
n100_i1115009_H_a1101_REFERENCE,n100_i1115009_H_a1101,100,1115009,H,1101,REFERENCE,0.75,0.18452533707022667,0.808348546764175
n100_i1115009_H_a1101_REFERENCE,n100_i1115009_H_a1101,100,1115009,H,1101,REFERENCE,0.9,0.004338524304330349,0.8211800347372553
n100_i1115009_H_a1101_REFERENCE,n100_i1115009_H_a1101,100,1115009,H,1101,REFERENCE,1.0,0.7891713129356503,0.8278412799833552
n100_i1115009_H_a1101_W,n100_i1115009_H_a1101,100,1115009,H,1101,W,0.1,0.6423389473930001,0.3848250993089923
n100_i1115009_H_a1101_W,n100_i1115009_H_a1101,100,1115009,H,1101,W,0.25,0.5510929133743048,0.6657967634020954
n100_i1115009_H_a1101_W,n100_i1115009_H_a1101,100,1115009,H,1101,W,0.5,0.0009566023945808411,0.747876820382392
n100_i1115009_H_a1101_W,n100_i1115009_H_a1101,100,1115009,H,1101,W,0.75,0.19855843298137188,0.8116780442851989
n100_i1115009_H_a1101_W,n100_i1115009_H_a1101,100,1115009,H,1101,W,0.9,0.023147490806877613,0.8278480672383628
n100_i1115009_H_a1101_W,n100_i1115009_H_a1101,100,1115009,H,1101,W,1.0,1.3540436988696456,0.8317433353465531
n100_i1115009_H_a1101_GW,n100_i1115009_H_a1101,100,1115009,H,1101,GW,0.1,0.07780734729021788,0.3902470917257712
n100_i1115009_H_a1101_GW,n100_i1115009_H_a1101,100,1115009,H,1101,GW,0.25,0.09221747890114784,0.6708197890328497
n100_i1115009_H_a1101_GW,n100_i1115009_H_a1101,100,1115009,H,1101,GW,0.5,0.21558972354978323,0.7881156571404894
n100_i1115009_H_a1101_GW,n100_i1115009_H_a1101,100,1115009,H,1101,GW,0.75,0.5724676921963692,0.8387507089454415
n100_i1115009_H_a1101_GW,n100_i1115009_H_a1101,100,1115009,H,1101,GW,0.9,1.0779867367818952,0.8581917674194423
n100_i1115009_H_a1101_GW,n100_i1115009_H_a1101,100,1115009,H,1101,GW,1.0,0.16358553804457188,0.8666277874100817
n100_i1115009_T_a2202_GW,n100_i1115009_T_a2202,100,1115009,T,2202,GW,0.1,0.3569829799234867,0.32940944998812094
n100_i1115009_T_a2202_GW,n100_i1115009_T_a2202,100,1115009,T,2202,GW,0.25,0.34395646769553423,0.4655020624199393
n100_i1115009_T_a2202_GW,n100_i1115009_T_a2202,100,1115009,T,2202,GW,0.5,0.7168275117874146,0.5716093261691981
n100_i1115009_T_a2202_GW,n100_i1115009_T_a2202,100,1115009,T,2202,GW,0.75,1.3865520162507892,0.6046478086833577
n100_i1115009_T_a2202_GW,n100_i1115009_T_a2202,100,1115009,T,2202,GW,0.9,0.0831818850710988,0.6643073201448114
n100_i1115009_T_a2202_GW,n100_i1115009_T_a2202,100,1115009,T,2202,GW,1.0,1.2517898958176374,0.6774816784545937
n100_i1115009_T_a2202_LEGACY,n100_i1115009_T_a2202,100,1115009,T,2202,LEGACY,0.1,0.13231904711574316,0.32968828477147727
n100_i1115009_T_a2202_LEGACY,n100_i1115009_T_a2202,100,1115009,T,2202,LEGACY,0.25,0.010756906121969223,0.4862699030299711
n100_i1115009_T_a2202_LEGACY,n100_i1115009_T_a2202,100,1115009,T,2202,LEGACY,0.5,0.1074344227090478,0.5974045372096428
n100_i1115009_T_a2202_LEGACY,n100_i1115009_T_a2202,100,1115009,T,2202,LEGACY,0.75,0.08267331309616566,0.688050975255738
n100_i1115009_T_a2202_LEGACY,n100_i1115009_T_a2202,100,1115009,T,2202,LEGACY,0.9,0.17789111007004976,0.7457328535090477
n100_i1115009_T_a2202_LEGACY,n100_i1115009_T_a2202,100,1115009,T,2202,LEGACY,1.0,0.4905175333842635,0.7604116086159032
n100_i1115009_T_a2202_REFERENCE,n100_i1115009_T_a2202,100,1115009,T,2202,REFERENCE,0.1,0.0041965218260884285,0.3876978114766561
n100_i1115009_T_a2202_REFERENCE,n100_i1115009_T_a2202,100,1115009,T,2202,REFERENCE,0.25,0.35924046114087105,0.5118446127553846
n100_i1115009_T_a2202_REFERENCE,n100_i1115009_T_a2202,100,1115009,T,2202,REFERENCE,0.5,0.5008912906050682,0.5918499781728136
n100_i1115009_T_a2202_REFERENCE,n100_i1115009_T_a2202,100,1115009,T,2202,REFERENCE,0.75,0.032519588246941566,0.6504644320694756
n100_i1115009_T_a2202_REFERENCE,n100_i1115009_T_a2202,100,1115009,T,2202,REFERENCE,0.9,0.2790149301290512,0.6831468061592129
n100_i1115009_T_a2202_REFERENCE,n100_i1115009_T_a2202,100,1115009,T,2202,REFERENCE,1.0,0.2546532144770026,0.6924860501223656
n100_i1115009_T_a2202_W,n100_i1115009_T_a2202,100,1115009,T,2202,W,0.1,0.040485323406755924,0.4357267479713804
n100_i1115009_T_a2202_W,n100_i1115009_T_a2202,100,1115009,T,2202,W,0.25,0.1985729755833745,0.6180750557725126
n100_i1115009_T_a2202_W,n100_i1115009_T_a2202,100,1115009,T,2202,W,0.5,0.36602452024817467,0.7092583481201625
n100_i1115009_T_a2202_W,n100_i1115009_T_a2202,100,1115009,T,2202,W,0.75,0.7125851800665259,0.7501395610804031
n100_i1115009_T_a2202_W,n100_i1115009_T_a2202,100,1115009,T,2202,W,0.9,0.3165782084688544,0.7554717590261969
n100_i1115009_T_a2202_W,n100_i1115009_T_a2202,100,1115009,T,2202,W,1.0,1.1874448424205184,0.7579501441923493
n100_i1115009_T_a1101_REFERENCE,n100_i1115009_T_a1101,100,1115009,T,1101,REFERENCE,0.1,0.22153619956225157,0.36870450765675317
n100_i1115009_T_a1101_REFERENCE,n100_i1115009_T_a1101,100,1115009,T,1101,REFERENCE,0.25,0.1589826699346304,0.5712760264800544
n100_i1115009_T_a1101_REFERENCE,n100_i1115009_T_a1101,100,1115009,T,1101,REFERENCE,0.5,0.009341117925941944,0.7006743884234092
n100_i1115009_T_a1101_REFERENCE,n100_i1115009_T_a1101,100,1115009,T,1101,REFERENCE,0.75,0.006971742957830429,0.7360065578131783
n100_i1115009_T_a1101_REFERENCE,n100_i1115009_T_a1101,100,1115009,T,1101,REFERENCE,0.9,0.011320773512125015,0.7558604824545562
n100_i1115009_T_a1101_REFERENCE,n100_i1115009_T_a1101,100,1115009,T,1101,REFERENCE,1.0,1.273893871344626,0.7647586474651814
n100_i1115009_T_a1101_W,n100_i1115009_T_a1101,100,1115009,T,1101,W,0.1,0.4552301224321127,0.3666226722167119
n100_i1115009_T_a1101_W,n100_i1115009_T_a1101,100,1115009,T,1101,W,0.25,0.04499931074678898,0.5376810258559751
n100_i1115009_T_a1101_W,n100_i1115009_T_a1101,100,1115009,T,1101,W,0.5,1.0744047006592155,0.6401235804800156
n100_i1115009_T_a1101_W,n100_i1115009_T_a1101,100,1115009,T,1101,W,0.75,0.0928853414952755,0.7075885652124073
n100_i1115009_T_a1101_W,n100_i1115009_T_a1101,100,1115009,T,1101,W,0.9,0.1530704079195857,0.714216537946492
n100_i1115009_T_a1101_W,n100_i1115009_T_a1101,100,1115009,T,1101,W,1.0,0.08123283926397562,0.7259286493197648
n100_i1115009_T_a1101_GW,n100_i1115009_T_a1101,100,1115009,T,1101,GW,0.1,0.051644270308315754,0.48852419011998977
n100_i1115009_T_a1101_GW,n100_i1115009_T_a1101,100,1115009,T,1101,GW,0.25,1.8580341218039393,0.6425853243632117
n100_i1115009_T_a1101_GW,n100_i1115009_T_a1101,100,1115009,T,1101,GW,0.5,0.12708362750709057,0.8013940669614898
n100_i1115009_T_a1101_GW,n100_i1115009_T_a1101,100,1115009,T,1101,GW,0.75,0.0547524020075798,0.8432192585049187
n100_i1115009_T_a1101_GW,n100_i1115009_T_a1101,100,1115009,T,1101,GW,0.9,0.05812132824212313,0.8652645341858188
n100_i1115009_T_a1101_GW,n100_i1115009_T_a1101,100,1115009,T,1101,GW,1.0,0.7029955293983221,0.8809160640307072
n100_i1115009_T_a1101_LEGACY,n100_i1115009_T_a1101,100,1115009,T,1101,LEGACY,0.1,0.0006666071712970734,0.4719241085743675
n100_i1115009_T_a1101_LEGACY,n100_i1115009_T_a1101,100,1115009,T,1101,LEGACY,0.25,0.01391756720840931,0.6116240252530791
n100_i1115009_T_a1101_LEGACY,n100_i1115009_T_a1101,100,1115009,T,1101,LEGACY,0.5,0.1748268799856305,0.6802145619215072
n100_i1115009_T_a1101_LEGACY,n100_i1115009_T_a1101,100,1115009,T,1101,LEGACY,0.75,0.125949926674366,0.7166005965924672
n100_i1115009_T_a1101_LEGACY,n100_i1115009_T_a1101,100,1115009,T,1101,LEGACY,0.9,0.9924388807266951,0.7394064266839132
n100_i1115009_T_a1101_LEGACY,n100_i1115009_T_a1101,100,1115009,T,1101,LEGACY,1.0,1.1310126073658466,0.7514683980340168
n100_i1115010_H_a2202_W,n100_i1115010_H_a2202,100,1115010,H,2202,W,0.1,0.040826073847711086,0.5387988897962512
n100_i1115010_H_a2202_W,n100_i1115010_H_a2202,100,1115010,H,2202,W,0.25,0.008051657117903233,0.6732884987044199
n100_i1115010_H_a2202_W,n100_i1115010_H_a2202,100,1115010,H,2202,W,0.5,0.40173021145164967,0.8323002539032988
n100_i1115010_H_a2202_W,n100_i1115010_H_a2202,100,1115010,H,2202,W,0.75,0.1005852147936821,0.8633669807490214
n100_i1115010_H_a2202_W,n100_i1115010_H_a2202,100,1115010,H,2202,W,0.9,0.29483475629240274,0.8735862085829851
n100_i1115010_H_a2202_W,n100_i1115010_H_a2202,100,1115010,H,2202,W,1.0,0.26597312092781067,0.8777277206064114
n100_i1115010_H_a2202_GW,n100_i1115010_H_a2202,100,1115010,H,2202,GW,0.1,5.911104381084442e-06,0.525609041397681
n100_i1115010_H_a2202_GW,n100_i1115010_H_a2202,100,1115010,H,2202,GW,0.25,0.015463057905435562,0.6819558821931169
n100_i1115010_H_a2202_GW,n100_i1115010_H_a2202,100,1115010,H,2202,GW,0.5,0.09000262431800365,0.8353466898738954
n100_i1115010_H_a2202_GW,n100_i1115010_H_a2202,100,1115010,H,2202,GW,0.75,0.051564414985477924,0.8948064580518376
n100_i1115010_H_a2202_GW,n100_i1115010_H_a2202,100,1115010,H,2202,GW,0.9,0.23350429069250822,0.9299573122987195
n100_i1115010_H_a2202_GW,n100_i1115010_H_a2202,100,1115010,H,2202,GW,1.0,0.9806698048487306,0.9419785431714601
n100_i1115010_H_a2202_LEGACY,n100_i1115010_H_a2202,100,1115010,H,2202,LEGACY,0.1,0.006269161589443684,0.559215831957127
n100_i1115010_H_a2202_LEGACY,n100_i1115010_H_a2202,100,1115010,H,2202,LEGACY,0.25,0.013125590048730373,0.7068139150039712
n100_i1115010_H_a2202_LEGACY,n100_i1115010_H_a2202,100,1115010,H,2202,LEGACY,0.5,0.00741521455347538,0.7740478533124772
n100_i1115010_H_a2202_LEGACY,n100_i1115010_H_a2202,100,1115010,H,2202,LEGACY,0.75,0.1087542986497283,0.8142653090741732
n100_i1115010_H_a2202_LEGACY,n100_i1115010_H_a2202,100,1115010,H,2202,LEGACY,0.9,0.03362313471734524,0.8299697901012155
n100_i1115010_H_a2202_LEGACY,n100_i1115010_H_a2202,100,1115010,H,2202,LEGACY,1.0,0.9774386081844568,0.9275882311275103
n100_i1115010_H_a2202_REFERENCE,n100_i1115010_H_a2202,100,1115010,H,2202,REFERENCE,0.1,1.3703519785776734,0.5725411985476657
n100_i1115010_H_a2202_REFERENCE,n100_i1115010_H_a2202,100,1115010,H,2202,REFERENCE,0.25,0.1987981339916587,0.712202790244523
n100_i1115010_H_a2202_REFERENCE,n100_i1115010_H_a2202,100,1115010,H,2202,REFERENCE,0.5,0.6097388211637735,0.8721284453520589
n100_i1115010_H_a2202_REFERENCE,n100_i1115010_H_a2202,100,1115010,H,2202,REFERENCE,0.75,0.010485312901437283,0.9127621556448772
n100_i1115010_H_a2202_REFERENCE,n100_i1115010_H_a2202,100,1115010,H,2202,REFERENCE,0.9,0.01060432568192482,0.9325785022643608
n100_i1115010_H_a2202_REFERENCE,n100_i1115010_H_a2202,100,1115010,H,2202,REFERENCE,1.0,0.853302096016705,0.9370299057809811
n100_i1115010_H_a1101_LEGACY,n100_i1115010_H_a1101,100,1115010,H,1101,LEGACY,0.1,0.48476586677134037,0.558836698059106
n100_i1115010_H_a1101_LEGACY,n100_i1115010_H_a1101,100,1115010,H,1101,LEGACY,0.25,0.2388025252148509,0.6729387000426641
n100_i1115010_H_a1101_LEGACY,n100_i1115010_H_a1101,100,1115010,H,1101,LEGACY,0.5,0.014649813063442707,0.7783054954649614
n100_i1115010_H_a1101_LEGACY,n100_i1115010_H_a1101,100,1115010,H,1101,LEGACY,0.75,0.8533427407965064,0.8263826248709101
n100_i1115010_H_a1101_LEGACY,n100_i1115010_H_a1101,100,1115010,H,1101,LEGACY,0.9,0.23201346304267645,0.8315934540806764
n100_i1115010_H_a1101_LEGACY,n100_i1115010_H_a1101,100,1115010,H,1101,LEGACY,1.0,0.0038355877622962,0.83650716341811
n100_i1115010_H_a1101_REFERENCE,n100_i1115010_H_a1101,100,1115010,H,1101,REFERENCE,0.1,0.09709930047392845,0.614648228648062
n100_i1115010_H_a1101_REFERENCE,n100_i1115010_H_a1101,100,1115010,H,1101,REFERENCE,0.25,0.08640892244875431,0.7244281340499226
n100_i1115010_H_a1101_REFERENCE,n100_i1115010_H_a1101,100,1115010,H,1101,REFERENCE,0.5,0.23325001820921898,0.843813605515294
n100_i1115010_H_a1101_REFERENCE,n100_i1115010_H_a1101,100,1115010,H,1101,REFERENCE,0.75,0.5299723260104656,0.8754886343158128
n100_i1115010_H_a1101_REFERENCE,n100_i1115010_H_a1101,100,1115010,H,1101,REFERENCE,0.9,0.4100072365254164,0.8839626166048202
n100_i1115010_H_a1101_REFERENCE,n100_i1115010_H_a1101,100,1115010,H,1101,REFERENCE,1.0,0.18518381007015705,0.889082409511527
n100_i1115010_H_a1101_W,n100_i1115010_H_a1101,100,1115010,H,1101,W,0.1,0.010063393972814083,0.5450942839437941
n100_i1115010_H_a1101_W,n100_i1115010_H_a1101,100,1115010,H,1101,W,0.25,0.007532238960266113,0.739191956371575
n100_i1115010_H_a1101_W,n100_i1115010_H_a1101,100,1115010,H,1101,W,0.5,0.14303774386644363,0.8148749861305099
n100_i1115010_H_a1101_W,n100_i1115010_H_a1101,100,1115010,H,1101,W,0.75,0.09308912418782711,0.8198960319766636
n100_i1115010_H_a1101_W,n100_i1115010_H_a1101,100,1115010,H,1101,W,0.9,0.0038138367235660553,0.8352047605967969
n100_i1115010_H_a1101_W,n100_i1115010_H_a1101,100,1115010,H,1101,W,1.0,0.29743585735559464,0.8473573646110257
n100_i1115010_H_a1101_GW,n100_i1115010_H_a1101,100,1115010,H,1101,GW,0.1,0.4628286752849817,0.5450942839437941
n100_i1115010_H_a1101_GW,n100_i1115010_H_a1101,100,1115010,H,1101,GW,0.25,0.1843746118247509,0.7416904068746178
n100_i1115010_H_a1101_GW,n100_i1115010_H_a1101,100,1115010,H,1101,GW,0.5,0.46993983816355467,0.8382286870792722
n100_i1115010_H_a1101_GW,n100_i1115010_H_a1101,100,1115010,H,1101,GW,0.75,0.08836669381707907,0.8528833874717375
n100_i1115010_H_a1101_GW,n100_i1115010_H_a1101,100,1115010,H,1101,GW,0.9,0.10315559152513742,0.8591248240881025
n100_i1115010_H_a1101_GW,n100_i1115010_H_a1101,100,1115010,H,1101,GW,1.0,0.22421308979392052,0.8647091540975602
n100_i1115010_T_a2202_GW,n100_i1115010_T_a2202,100,1115010,T,2202,GW,0.1,0.5259189503267407,0.39548137372725545
n100_i1115010_T_a2202_GW,n100_i1115010_T_a2202,100,1115010,T,2202,GW,0.25,0.5117689529433846,0.5027267949202925
n100_i1115010_T_a2202_GW,n100_i1115010_T_a2202,100,1115010,T,2202,GW,0.5,0.8751269113272429,0.5968601807135666
n100_i1115010_T_a2202_GW,n100_i1115010_T_a2202,100,1115010,T,2202,GW,0.75,0.03814052790403366,0.688029181074403
n100_i1115010_T_a2202_GW,n100_i1115010_T_a2202,100,1115010,T,2202,GW,0.9,0.3034575842320919,0.7193686518254573
n100_i1115010_T_a2202_GW,n100_i1115010_T_a2202,100,1115010,T,2202,GW,1.0,1.3948924476280808,0.7347440592634558
n100_i1115010_T_a2202_LEGACY,n100_i1115010_T_a2202,100,1115010,T,2202,LEGACY,0.1,0.14892727695405483,0.39615100591528907
n100_i1115010_T_a2202_LEGACY,n100_i1115010_T_a2202,100,1115010,T,2202,LEGACY,0.25,0.0037624146789312363,0.516876341328417
n100_i1115010_T_a2202_LEGACY,n100_i1115010_T_a2202,100,1115010,T,2202,LEGACY,0.5,1.2000005785375834,0.6369824517894952
n100_i1115010_T_a2202_LEGACY,n100_i1115010_T_a2202,100,1115010,T,2202,LEGACY,0.75,0.05963090527802706,0.7247786686394958
n100_i1115010_T_a2202_LEGACY,n100_i1115010_T_a2202,100,1115010,T,2202,LEGACY,0.9,0.10415391623973846,0.7668267805205505
n100_i1115010_T_a2202_LEGACY,n100_i1115010_T_a2202,100,1115010,T,2202,LEGACY,1.0,1.2646930934861302,0.793867032421279
n100_i1115010_T_a2202_REFERENCE,n100_i1115010_T_a2202,100,1115010,T,2202,REFERENCE,0.1,0.43347857147455215,0.457937104693799
n100_i1115010_T_a2202_REFERENCE,n100_i1115010_T_a2202,100,1115010,T,2202,REFERENCE,0.25,0.009013538248836994,0.6481985806400389
n100_i1115010_T_a2202_REFERENCE,n100_i1115010_T_a2202,100,1115010,T,2202,REFERENCE,0.5,0.162430209107697,0.7854493774654917
n100_i1115010_T_a2202_REFERENCE,n100_i1115010_T_a2202,100,1115010,T,2202,REFERENCE,0.75,0.03330339211970568,0.8642145347636347
n100_i1115010_T_a2202_REFERENCE,n100_i1115010_T_a2202,100,1115010,T,2202,REFERENCE,0.9,0.00884986575692892,0.903676468083353
n100_i1115010_T_a2202_REFERENCE,n100_i1115010_T_a2202,100,1115010,T,2202,REFERENCE,1.0,0.006676064804196358,0.9149881311128786
n100_i1115010_T_a2202_W,n100_i1115010_T_a2202,100,1115010,T,2202,W,0.1,0.7502553714439273,0.41920110789069287
n100_i1115010_T_a2202_W,n100_i1115010_T_a2202,100,1115010,T,2202,W,0.25,0.0025739669799804688,0.5321423147960351
n100_i1115010_T_a2202_W,n100_i1115010_T_a2202,100,1115010,T,2202,W,0.5,0.00930992141366005,0.6779061234481697
n100_i1115010_T_a2202_W,n100_i1115010_T_a2202,100,1115010,T,2202,W,0.75,0.0478611821308732,0.7329896509629265
n100_i1115010_T_a2202_W,n100_i1115010_T_a2202,100,1115010,T,2202,W,0.9,0.003120199777185917,0.7643585095121728
n100_i1115010_T_a2202_W,n100_i1115010_T_a2202,100,1115010,T,2202,W,1.0,1.103363967500627,0.7851202843533415
n100_i1115010_T_a1101_REFERENCE,n100_i1115010_T_a1101,100,1115010,T,1101,REFERENCE,0.1,0.8808445446193218,0.4234913805306538
n100_i1115010_T_a1101_REFERENCE,n100_i1115010_T_a1101,100,1115010,T,1101,REFERENCE,0.25,0.10852914955466986,0.5791972309476215
n100_i1115010_T_a1101_REFERENCE,n100_i1115010_T_a1101,100,1115010,T,1101,REFERENCE,0.5,0.1602242160588503,0.6659072125267645
n100_i1115010_T_a1101_REFERENCE,n100_i1115010_T_a1101,100,1115010,T,1101,REFERENCE,0.75,0.09672170504927635,0.6981687178887069
n100_i1115010_T_a1101_REFERENCE,n100_i1115010_T_a1101,100,1115010,T,1101,REFERENCE,0.9,1.8880184907466173,0.7247396980658369
n100_i1115010_T_a1101_REFERENCE,n100_i1115010_T_a1101,100,1115010,T,1101,REFERENCE,1.0,1.1633049733936787,0.7298837254254635
n100_i1115010_T_a1101_W,n100_i1115010_T_a1101,100,1115010,T,1101,W,0.1,0.01329590193927288,0.4320938759704933
n100_i1115010_T_a1101_W,n100_i1115010_T_a1101,100,1115010,T,1101,W,0.25,0.014815684407949448,0.5732284035697184
n100_i1115010_T_a1101_W,n100_i1115010_T_a1101,100,1115010,T,1101,W,0.5,0.008545905351638794,0.6674152433913939
n100_i1115010_T_a1101_W,n100_i1115010_T_a1101,100,1115010,T,1101,W,0.75,0.0433660838752985,0.7124557158517568
n100_i1115010_T_a1101_W,n100_i1115010_T_a1101,100,1115010,T,1101,W,0.9,0.10035022534430027,0.727123021060074
n100_i1115010_T_a1101_W,n100_i1115010_T_a1101,100,1115010,T,1101,W,1.0,1.3979706363752484,0.7347374046874571
n100_i1115010_T_a1101_GW,n100_i1115010_T_a1101,100,1115010,T,1101,GW,0.1,0.011158887296915054,0.4492890166592289
n100_i1115010_T_a1101_GW,n100_i1115010_T_a1101,100,1115010,T,1101,GW,0.25,0.002137506380677223,0.6907146533275181
n100_i1115010_T_a1101_GW,n100_i1115010_T_a1101,100,1115010,T,1101,GW,0.5,0.05758687760680914,0.8155789042209042
n100_i1115010_T_a1101_GW,n100_i1115010_T_a1101,100,1115010,T,1101,GW,0.75,0.22954140976071358,0.8658536288599906
n100_i1115010_T_a1101_GW,n100_i1115010_T_a1101,100,1115010,T,1101,GW,0.9,0.02258030790835619,0.8782455120561661
n100_i1115010_T_a1101_GW,n100_i1115010_T_a1101,100,1115010,T,1101,GW,1.0,0.1642805729061365,0.8838277171141903
n100_i1115010_T_a1101_LEGACY,n100_i1115010_T_a1101,100,1115010,T,1101,LEGACY,0.1,0.06919749919325113,0.481929503234478
n100_i1115010_T_a1101_LEGACY,n100_i1115010_T_a1101,100,1115010,T,1101,LEGACY,0.25,0.012375379912555218,0.6953037534610689
n100_i1115010_T_a1101_LEGACY,n100_i1115010_T_a1101,100,1115010,T,1101,LEGACY,0.5,0.009927012957632542,0.8252980046096624
n100_i1115010_T_a1101_LEGACY,n100_i1115010_T_a1101,100,1115010,T,1101,LEGACY,0.75,0.1370816072449088,0.8604588564721269
n100_i1115010_T_a1101_LEGACY,n100_i1115010_T_a1101,100,1115010,T,1101,LEGACY,0.9,0.07584472466260195,0.8790070357593218
n100_i1115010_T_a1101_LEGACY,n100_i1115010_T_a1101,100,1115010,T,1101,LEGACY,1.0,0.8868072256445885,0.9088838601214763
n100_i1115011_H_a1101_LEGACY,n100_i1115011_H_a1101,100,1115011,H,1101,LEGACY,0.1,0.9370868224650621,0.2861085477645695
n100_i1115011_H_a1101_LEGACY,n100_i1115011_H_a1101,100,1115011,H,1101,LEGACY,0.25,0.1173853212967515,0.4596892167610625
n100_i1115011_H_a1101_LEGACY,n100_i1115011_H_a1101,100,1115011,H,1101,LEGACY,0.5,0.3051224425435066,0.616417080245227
n100_i1115011_H_a1101_LEGACY,n100_i1115011_H_a1101,100,1115011,H,1101,LEGACY,0.75,0.028621841222047806,0.687765647250304
n100_i1115011_H_a1101_LEGACY,n100_i1115011_H_a1101,100,1115011,H,1101,LEGACY,0.9,0.09580496605485678,0.7033235829127704
n100_i1115011_H_a1101_LEGACY,n100_i1115011_H_a1101,100,1115011,H,1101,LEGACY,1.0,1.1480943579226732,0.7108014176139233
n100_i1115011_H_a1101_REFERENCE,n100_i1115011_H_a1101,100,1115011,H,1101,REFERENCE,0.1,0.8679247880354524,0.4140785979588747
n100_i1115011_H_a1101_REFERENCE,n100_i1115011_H_a1101,100,1115011,H,1101,REFERENCE,0.25,0.14763421658426523,0.5534637449205498
n100_i1115011_H_a1101_REFERENCE,n100_i1115011_H_a1101,100,1115011,H,1101,REFERENCE,0.5,0.007608756422996521,0.6762374876017764
n100_i1115011_H_a1101_REFERENCE,n100_i1115011_H_a1101,100,1115011,H,1101,REFERENCE,0.75,1.5554018318653107e-05,0.7515659971163495
n100_i1115011_H_a1101_REFERENCE,n100_i1115011_H_a1101,100,1115011,H,1101,REFERENCE,0.9,1.1760099632665515,0.785578489814874
n100_i1115011_H_a1101_REFERENCE,n100_i1115011_H_a1101,100,1115011,H,1101,REFERENCE,1.0,0.454326244071126,0.8068576418105701
n100_i1115011_H_a1101_W,n100_i1115011_H_a1101,100,1115011,H,1101,W,0.1,0.9760310538113117,0.47926839848877945
n100_i1115011_H_a1101_W,n100_i1115011_H_a1101,100,1115011,H,1101,W,0.25,0.2184782810509205,0.6121831357572647
n100_i1115011_H_a1101_W,n100_i1115011_H_a1101,100,1115011,H,1101,W,0.5,0.009812994860112667,0.7273475970284922
n100_i1115011_H_a1101_W,n100_i1115011_H_a1101,100,1115011,H,1101,W,0.75,1.213952255435288,0.7796112611348012
n100_i1115011_H_a1101_W,n100_i1115011_H_a1101,100,1115011,H,1101,W,0.9,0.008908404037356377,0.8258542358712866
n100_i1115011_H_a1101_W,n100_i1115011_H_a1101,100,1115011,H,1101,W,1.0,0.5790064074099064,0.8482917961902233
n100_i1115011_H_a1101_GW,n100_i1115011_H_a1101,100,1115011,H,1101,GW,0.1,0.00847769994288683,0.47926839848877945
n100_i1115011_H_a1101_GW,n100_i1115011_H_a1101,100,1115011,H,1101,GW,0.25,0.05770893581211567,0.6269600968248186
n100_i1115011_H_a1101_GW,n100_i1115011_H_a1101,100,1115011,H,1101,GW,0.5,0.13950357772409916,0.7002073096042196
n100_i1115011_H_a1101_GW,n100_i1115011_H_a1101,100,1115011,H,1101,GW,0.75,0.010063842870295048,0.7396821883412206
n100_i1115011_H_a1101_GW,n100_i1115011_H_a1101,100,1115011,H,1101,GW,0.9,0.3427928797900677,0.7944293561415285
n100_i1115011_H_a1101_GW,n100_i1115011_H_a1101,100,1115011,H,1101,GW,1.0,0.05082113854587078,0.8249872564608126
n100_i1115011_H_a2202_W,n100_i1115011_H_a2202,100,1115011,H,2202,W,0.1,0.01034411508589983,0.28216747047656526
n100_i1115011_H_a2202_W,n100_i1115011_H_a2202,100,1115011,H,2202,W,0.25,0.0070173051208257675,0.5738414009156709
n100_i1115011_H_a2202_W,n100_i1115011_H_a2202,100,1115011,H,2202,W,0.5,0.10866129957139492,0.6480686713366183
n100_i1115011_H_a2202_W,n100_i1115011_H_a2202,100,1115011,H,2202,W,0.75,0.9270687745884061,0.7192581249430567
n100_i1115011_H_a2202_W,n100_i1115011_H_a2202,100,1115011,H,2202,W,0.9,0.21322579961270094,0.7518480433925564
n100_i1115011_H_a2202_W,n100_i1115011_H_a2202,100,1115011,H,2202,W,1.0,0.983681227080524,0.7749213297199935
n100_i1115011_H_a2202_GW,n100_i1115011_H_a2202,100,1115011,H,2202,GW,0.1,0.1057165265083313,0.26765605836228673
n100_i1115011_H_a2202_GW,n100_i1115011_H_a2202,100,1115011,H,2202,GW,0.25,0.26221577543765306,0.5738323137650071
n100_i1115011_H_a2202_GW,n100_i1115011_H_a2202,100,1115011,H,2202,GW,0.5,0.008489754050970078,0.6587656237879563
n100_i1115011_H_a2202_GW,n100_i1115011_H_a2202,100,1115011,H,2202,GW,0.75,0.38590157125145197,0.7228892947048684
n100_i1115011_H_a2202_GW,n100_i1115011_H_a2202,100,1115011,H,2202,GW,0.9,0.07313413545489311,0.7383347323631128
n100_i1115011_H_a2202_GW,n100_i1115011_H_a2202,100,1115011,H,2202,GW,1.0,1.0325200902298093,0.7465320575679898
n100_i1115011_H_a2202_LEGACY,n100_i1115011_H_a2202,100,1115011,H,2202,LEGACY,0.1,0.05621250253170729,0.3792961826054336
n100_i1115011_H_a2202_LEGACY,n100_i1115011_H_a2202,100,1115011,H,2202,LEGACY,0.25,0.46181332040578127,0.6314280285349122
n100_i1115011_H_a2202_LEGACY,n100_i1115011_H_a2202,100,1115011,H,2202,LEGACY,0.5,0.11970670521259308,0.7542822239668426
n100_i1115011_H_a2202_LEGACY,n100_i1115011_H_a2202,100,1115011,H,2202,LEGACY,0.75,1.3854514202103019,0.8481270148348581
n100_i1115011_H_a2202_LEGACY,n100_i1115011_H_a2202,100,1115011,H,2202,LEGACY,0.9,0.38665744476020336,0.8605697501479488
n100_i1115011_H_a2202_LEGACY,n100_i1115011_H_a2202,100,1115011,H,2202,LEGACY,1.0,0.8362875087186694,0.8763481175211421
n100_i1115011_H_a2202_REFERENCE,n100_i1115011_H_a2202,100,1115011,H,2202,REFERENCE,0.1,0.03400749713182449,0.4049544977431669
n100_i1115011_H_a2202_REFERENCE,n100_i1115011_H_a2202,100,1115011,H,2202,REFERENCE,0.25,0.06385413091629744,0.5591036404652879
n100_i1115011_H_a2202_REFERENCE,n100_i1115011_H_a2202,100,1115011,H,2202,REFERENCE,0.5,0.07826798968017101,0.6804795790580076
n100_i1115011_H_a2202_REFERENCE,n100_i1115011_H_a2202,100,1115011,H,2202,REFERENCE,0.75,0.41256315261125565,0.7448519873157192
n100_i1115011_H_a2202_REFERENCE,n100_i1115011_H_a2202,100,1115011,H,2202,REFERENCE,0.9,0.3575242478400469,0.763152810331433
n100_i1115011_H_a2202_REFERENCE,n100_i1115011_H_a2202,100,1115011,H,2202,REFERENCE,1.0,0.2687556566670537,0.7720893852202576
n100_i1115011_T_a1101_REFERENCE,n100_i1115011_T_a1101,100,1115011,T,1101,REFERENCE,0.1,2.9114926662296057,0.44951431790264734
n100_i1115011_T_a1101_REFERENCE,n100_i1115011_T_a1101,100,1115011,T,1101,REFERENCE,0.25,0.32830841839313507,0.6279802129357968
n100_i1115011_T_a1101_REFERENCE,n100_i1115011_T_a1101,100,1115011,T,1101,REFERENCE,0.5,0.015292166732251644,0.8324505208913021
n100_i1115011_T_a1101_REFERENCE,n100_i1115011_T_a1101,100,1115011,T,1101,REFERENCE,0.75,0.14863624516874552,0.892325402772585
n100_i1115011_T_a1101_REFERENCE,n100_i1115011_T_a1101,100,1115011,T,1101,REFERENCE,0.9,0.42205315083265305,0.8998562560210557
n100_i1115011_T_a1101_REFERENCE,n100_i1115011_T_a1101,100,1115011,T,1101,REFERENCE,1.0,0.4490071563050151,0.9028047639084976
n100_i1115011_T_a1101_W,n100_i1115011_T_a1101,100,1115011,T,1101,W,0.1,2.1338412147015333,0.4944019066725444
n100_i1115011_T_a1101_W,n100_i1115011_T_a1101,100,1115011,T,1101,W,0.25,0.5081992717459798,0.6454376128348646
n100_i1115011_T_a1101_W,n100_i1115011_T_a1101,100,1115011,T,1101,W,0.5,0.04927748814225197,0.7257430638770147
n100_i1115011_T_a1101_W,n100_i1115011_T_a1101,100,1115011,T,1101,W,0.75,0.006247936747968197,0.7767136538894911
n100_i1115011_T_a1101_W,n100_i1115011_T_a1101,100,1115011,T,1101,W,0.9,0.010865481570363045,0.7831440176878421
n100_i1115011_T_a1101_W,n100_i1115011_T_a1101,100,1115011,T,1101,W,1.0,0.2869394477456808,0.7864889847722899
n100_i1115011_T_a1101_GW,n100_i1115011_T_a1101,100,1115011,T,1101,GW,0.1,0.12338480539619923,0.5750354939936263
n100_i1115011_T_a1101_GW,n100_i1115011_T_a1101,100,1115011,T,1101,GW,0.25,0.15866910014301538,0.7985821285712359
n100_i1115011_T_a1101_GW,n100_i1115011_T_a1101,100,1115011,T,1101,GW,0.5,0.5282742381095886,0.8687420437084103
n100_i1115011_T_a1101_GW,n100_i1115011_T_a1101,100,1115011,T,1101,GW,0.75,0.004348607733845711,0.9344054766919099
n100_i1115011_T_a1101_GW,n100_i1115011_T_a1101,100,1115011,T,1101,GW,0.9,0.7964685587212443,0.9436097966650654
n100_i1115011_T_a1101_GW,n100_i1115011_T_a1101,100,1115011,T,1101,GW,1.0,0.005543048493564129,0.9474796611779417
n100_i1115011_T_a1101_LEGACY,n100_i1115011_T_a1101,100,1115011,T,1101,LEGACY,0.1,0.27339177299290895,0.5019310910203055
n100_i1115011_T_a1101_LEGACY,n100_i1115011_T_a1101,100,1115011,T,1101,LEGACY,0.25,0.04895611293613911,0.8076293152178338
n100_i1115011_T_a1101_LEGACY,n100_i1115011_T_a1101,100,1115011,T,1101,LEGACY,0.5,0.02726595662534237,0.8635553063631994
n100_i1115011_T_a1101_LEGACY,n100_i1115011_T_a1101,100,1115011,T,1101,LEGACY,0.75,0.0076654162257909775,0.9015703662926643
n100_i1115011_T_a1101_LEGACY,n100_i1115011_T_a1101,100,1115011,T,1101,LEGACY,0.9,1.3337873434647918,0.9109038485716459
n100_i1115011_T_a1101_LEGACY,n100_i1115011_T_a1101,100,1115011,T,1101,LEGACY,1.0,0.6411288743838668,0.9150545331720078
n100_i1115011_T_a2202_GW,n100_i1115011_T_a2202,100,1115011,T,2202,GW,0.1,0.3717182734981179,0.45038022734220445
n100_i1115011_T_a2202_GW,n100_i1115011_T_a2202,100,1115011,T,2202,GW,0.25,0.2661709673702717,0.6176658133520891
n100_i1115011_T_a2202_GW,n100_i1115011_T_a2202,100,1115011,T,2202,GW,0.5,0.37369821034371853,0.6975772971230617
n100_i1115011_T_a2202_GW,n100_i1115011_T_a2202,100,1115011,T,2202,GW,0.75,0.921622316353023,0.7269773579516358
n100_i1115011_T_a2202_GW,n100_i1115011_T_a2202,100,1115011,T,2202,GW,0.9,0.14903494622558355,0.756452256429708
n100_i1115011_T_a2202_GW,n100_i1115011_T_a2202,100,1115011,T,2202,GW,1.0,1.5834422912448645,0.7583102621564636
n100_i1115011_T_a2202_LEGACY,n100_i1115011_T_a2202,100,1115011,T,2202,LEGACY,0.1,0.10080013517290354,0.5033529006773054
n100_i1115011_T_a2202_LEGACY,n100_i1115011_T_a2202,100,1115011,T,2202,LEGACY,0.25,0.051824032329022884,0.7638571576599658
n100_i1115011_T_a2202_LEGACY,n100_i1115011_T_a2202,100,1115011,T,2202,LEGACY,0.5,0.04662491753697395,0.8746532487097168
n100_i1115011_T_a2202_LEGACY,n100_i1115011_T_a2202,100,1115011,T,2202,LEGACY,0.75,0.5107617797330022,0.930496419433203
n100_i1115011_T_a2202_LEGACY,n100_i1115011_T_a2202,100,1115011,T,2202,LEGACY,0.9,0.006346745416522026,0.9358051201647326
n100_i1115011_T_a2202_LEGACY,n100_i1115011_T_a2202,100,1115011,T,2202,LEGACY,1.0,0.22598185669630766,0.9506095962205012
n100_i1115011_T_a2202_REFERENCE,n100_i1115011_T_a2202,100,1115011,T,2202,REFERENCE,0.1,0.18084877636283636,0.4932080142766581
n100_i1115011_T_a2202_REFERENCE,n100_i1115011_T_a2202,100,1115011,T,2202,REFERENCE,0.25,0.06410248950123787,0.6338073850119325
n100_i1115011_T_a2202_REFERENCE,n100_i1115011_T_a2202,100,1115011,T,2202,REFERENCE,0.5,0.17929945141077042,0.6724102294253009
n100_i1115011_T_a2202_REFERENCE,n100_i1115011_T_a2202,100,1115011,T,2202,REFERENCE,0.75,0.0939025804400444,0.686411464793348
n100_i1115011_T_a2202_REFERENCE,n100_i1115011_T_a2202,100,1115011,T,2202,REFERENCE,0.9,0.008084321394562721,0.6905373607095666
n100_i1115011_T_a2202_REFERENCE,n100_i1115011_T_a2202,100,1115011,T,2202,REFERENCE,1.0,0.853443413041532,0.6957974521576336
n100_i1115011_T_a2202_W,n100_i1115011_T_a2202,100,1115011,T,2202,W,0.1,0.39350729528814554,0.5603160814806255
n100_i1115011_T_a2202_W,n100_i1115011_T_a2202,100,1115011,T,2202,W,0.25,0.07993257977068424,0.6852666151258582
n100_i1115011_T_a2202_W,n100_i1115011_T_a2202,100,1115011,T,2202,W,0.5,0.33982613030821085,0.7206578305827668
n100_i1115011_T_a2202_W,n100_i1115011_T_a2202,100,1115011,T,2202,W,0.75,0.6203067749738693,0.7350975416104059
n100_i1115011_T_a2202_W,n100_i1115011_T_a2202,100,1115011,T,2202,W,0.9,0.005560716614127159,0.7485431909040252
n100_i1115011_T_a2202_W,n100_i1115011_T_a2202,100,1115011,T,2202,W,1.0,1.3858696511015296,0.751185671162483
n100_i1115012_H_a1101_LEGACY,n100_i1115012_H_a1101,100,1115012,H,1101,LEGACY,0.1,0.2427598237991333,0.5412997848435445
n100_i1115012_H_a1101_LEGACY,n100_i1115012_H_a1101,100,1115012,H,1101,LEGACY,0.25,0.7163741271942854,0.6663702744052306
n100_i1115012_H_a1101_LEGACY,n100_i1115012_H_a1101,100,1115012,H,1101,LEGACY,0.5,0.018776039592921734,0.8151515126926511
n100_i1115012_H_a1101_LEGACY,n100_i1115012_H_a1101,100,1115012,H,1101,LEGACY,0.75,0.0038665179163217545,0.8434990377709491
n100_i1115012_H_a1101_LEGACY,n100_i1115012_H_a1101,100,1115012,H,1101,LEGACY,0.9,1.9861939838156104,0.8551087181598828
n100_i1115012_H_a1101_LEGACY,n100_i1115012_H_a1101,100,1115012,H,1101,LEGACY,1.0,1.7869969150051475,0.8618065985790081
n100_i1115012_H_a1101_REFERENCE,n100_i1115012_H_a1101,100,1115012,H,1101,REFERENCE,0.1,0.10704869870096445,0.5093142071500045
n100_i1115012_H_a1101_REFERENCE,n100_i1115012_H_a1101,100,1115012,H,1101,REFERENCE,0.25,0.0009794766083359718,0.6467050633855155
n100_i1115012_H_a1101_REFERENCE,n100_i1115012_H_a1101,100,1115012,H,1101,REFERENCE,0.5,0.8838643180206418,0.796857651633504
n100_i1115012_H_a1101_REFERENCE,n100_i1115012_H_a1101,100,1115012,H,1101,REFERENCE,0.75,0.39914378616958857,0.8673965189836518
n100_i1115012_H_a1101_REFERENCE,n100_i1115012_H_a1101,100,1115012,H,1101,REFERENCE,0.9,0.21534536127001047,0.898705952933647
n100_i1115012_H_a1101_REFERENCE,n100_i1115012_H_a1101,100,1115012,H,1101,REFERENCE,1.0,0.28915356006473303,0.9102792951785792
n100_i1115012_H_a1101_W,n100_i1115012_H_a1101,100,1115012,H,1101,W,0.1,0.0014901775866746902,0.5394672882740165
n100_i1115012_H_a1101_W,n100_i1115012_H_a1101,100,1115012,H,1101,W,0.25,0.3406260507181287,0.6897043536755344
n100_i1115012_H_a1101_W,n100_i1115012_H_a1101,100,1115012,H,1101,W,0.5,0.004488544538617134,0.7900156825536793
n100_i1115012_H_a1101_W,n100_i1115012_H_a1101,100,1115012,H,1101,W,0.75,0.2730044964700937,0.8484943390534831
n100_i1115012_H_a1101_W,n100_i1115012_H_a1101,100,1115012,H,1101,W,0.9,0.3011757005006075,0.8596431678550941
n100_i1115012_H_a1101_W,n100_i1115012_H_a1101,100,1115012,H,1101,W,1.0,0.4084711195901036,0.8669776651391035
n100_i1115012_H_a1101_GW,n100_i1115012_H_a1101,100,1115012,H,1101,GW,0.1,0.045962932519614697,0.5394672882740165
n100_i1115012_H_a1101_GW,n100_i1115012_H_a1101,100,1115012,H,1101,GW,0.25,0.0011638486757874489,0.6897043536755344
n100_i1115012_H_a1101_GW,n100_i1115012_H_a1101,100,1115012,H,1101,GW,0.5,0.04423477686941624,0.7962635415047702
n100_i1115012_H_a1101_GW,n100_i1115012_H_a1101,100,1115012,H,1101,GW,0.75,0.004364944063127041,0.8457997896046474
n100_i1115012_H_a1101_GW,n100_i1115012_H_a1101,100,1115012,H,1101,GW,0.9,0.010194213129580021,0.8698149822510446
n100_i1115012_H_a1101_GW,n100_i1115012_H_a1101,100,1115012,H,1101,GW,1.0,0.07182747684419155,0.8716656247354588
n100_i1115012_H_a2202_W,n100_i1115012_H_a2202,100,1115012,H,2202,W,0.1,0.6226800894364715,0.6082743457251413
n100_i1115012_H_a2202_W,n100_i1115012_H_a2202,100,1115012,H,2202,W,0.25,0.6713907662779093,0.7035903927727281
n100_i1115012_H_a2202_W,n100_i1115012_H_a2202,100,1115012,H,2202,W,0.5,0.03257566411048174,0.8056819373293826
n100_i1115012_H_a2202_W,n100_i1115012_H_a2202,100,1115012,H,2202,W,0.75,0.5960235977545381,0.8577141857787663
n100_i1115012_H_a2202_W,n100_i1115012_H_a2202,100,1115012,H,2202,W,0.9,0.1702646417543292,0.8908090063909287
n100_i1115012_H_a2202_W,n100_i1115012_H_a2202,100,1115012,H,2202,W,1.0,1.1359678944572806,0.8993071394134156
n100_i1115012_H_a2202_GW,n100_i1115012_H_a2202,100,1115012,H,2202,GW,0.1,0.02727063838392496,0.6137020681424405
n100_i1115012_H_a2202_GW,n100_i1115012_H_a2202,100,1115012,H,2202,GW,0.25,0.009804877452552319,0.7162075141631462
n100_i1115012_H_a2202_GW,n100_i1115012_H_a2202,100,1115012,H,2202,GW,0.5,0.6295803748071194,0.8239383496293192
n100_i1115012_H_a2202_GW,n100_i1115012_H_a2202,100,1115012,H,2202,GW,0.75,1.0865308810025454,0.8980897634225653
n100_i1115012_H_a2202_GW,n100_i1115012_H_a2202,100,1115012,H,2202,GW,0.9,0.0010296059772372246,0.9165338122632172
n100_i1115012_H_a2202_GW,n100_i1115012_H_a2202,100,1115012,H,2202,GW,1.0,0.20122513640671968,0.9294872259011625
n100_i1115012_H_a2202_LEGACY,n100_i1115012_H_a2202,100,1115012,H,2202,LEGACY,0.1,0.011521757580339909,0.5451258811015744
n100_i1115012_H_a2202_LEGACY,n100_i1115012_H_a2202,100,1115012,H,2202,LEGACY,0.25,0.35747375059872866,0.6816817093892739
n100_i1115012_H_a2202_LEGACY,n100_i1115012_H_a2202,100,1115012,H,2202,LEGACY,0.5,0.39186281710863113,0.7874421657318926
n100_i1115012_H_a2202_LEGACY,n100_i1115012_H_a2202,100,1115012,H,2202,LEGACY,0.75,0.043760339729487896,0.8491324048590193
n100_i1115012_H_a2202_LEGACY,n100_i1115012_H_a2202,100,1115012,H,2202,LEGACY,0.9,0.021115577779710293,0.8712769168225072
n100_i1115012_H_a2202_LEGACY,n100_i1115012_H_a2202,100,1115012,H,2202,LEGACY,1.0,0.413889073766768,0.9072704635090053
n100_i1115012_H_a2202_REFERENCE,n100_i1115012_H_a2202,100,1115012,H,2202,REFERENCE,0.1,0.058511403389275074,0.5056032823375698
n100_i1115012_H_a2202_REFERENCE,n100_i1115012_H_a2202,100,1115012,H,2202,REFERENCE,0.25,0.05484569910913706,0.7278301833775773
n100_i1115012_H_a2202_REFERENCE,n100_i1115012_H_a2202,100,1115012,H,2202,REFERENCE,0.5,0.005351231433451176,0.8295152707877644
n100_i1115012_H_a2202_REFERENCE,n100_i1115012_H_a2202,100,1115012,H,2202,REFERENCE,0.75,0.06911022495478392,0.8696856173468579
n100_i1115012_H_a2202_REFERENCE,n100_i1115012_H_a2202,100,1115012,H,2202,REFERENCE,0.9,0.00741965789347887,0.8885089199769135
n100_i1115012_H_a2202_REFERENCE,n100_i1115012_H_a2202,100,1115012,H,2202,REFERENCE,1.0,1.1814511446282268,0.8937229851302706
n100_i1115012_T_a1101_REFERENCE,n100_i1115012_T_a1101,100,1115012,T,1101,REFERENCE,0.1,0.38618979696184397,0.4173675303646701
n100_i1115012_T_a1101_REFERENCE,n100_i1115012_T_a1101,100,1115012,T,1101,REFERENCE,0.25,1.9084106078371406,0.5447838764362344
n100_i1115012_T_a1101_REFERENCE,n100_i1115012_T_a1101,100,1115012,T,1101,REFERENCE,0.5,0.020464939065277576,0.6893135336544085
n100_i1115012_T_a1101_REFERENCE,n100_i1115012_T_a1101,100,1115012,T,1101,REFERENCE,0.75,0.021620157174766064,0.7411130574207214
n100_i1115012_T_a1101_REFERENCE,n100_i1115012_T_a1101,100,1115012,T,1101,REFERENCE,0.9,0.27650249749422073,0.7658942865440409
n100_i1115012_T_a1101_REFERENCE,n100_i1115012_T_a1101,100,1115012,T,1101,REFERENCE,1.0,2.8197000483050942,0.7874619890739998
n100_i1115012_T_a1101_W,n100_i1115012_T_a1101,100,1115012,T,1101,W,0.1,0.007891770452260971,0.41541236005531706
n100_i1115012_T_a1101_W,n100_i1115012_T_a1101,100,1115012,T,1101,W,0.25,0.13302187714725733,0.5482378842979468
n100_i1115012_T_a1101_W,n100_i1115012_T_a1101,100,1115012,T,1101,W,0.5,0.006819933652877808,0.688768719385368
n100_i1115012_T_a1101_W,n100_i1115012_T_a1101,100,1115012,T,1101,W,0.75,0.05665481090545654,0.7573512467745215
n100_i1115012_T_a1101_W,n100_i1115012_T_a1101,100,1115012,T,1101,W,0.9,0.4312368407845497,0.7706446276054458
n100_i1115012_T_a1101_W,n100_i1115012_T_a1101,100,1115012,T,1101,W,1.0,0.6696380320936441,0.7744554983095122
n100_i1115012_T_a1101_GW,n100_i1115012_T_a1101,100,1115012,T,1101,GW,0.1,0.018797915428876877,0.4910485288820188
n100_i1115012_T_a1101_GW,n100_i1115012_T_a1101,100,1115012,T,1101,GW,0.25,0.3625882398337126,0.6488461393521355
n100_i1115012_T_a1101_GW,n100_i1115012_T_a1101,100,1115012,T,1101,GW,0.5,1.5945298476144671,0.7646624379057876
n100_i1115012_T_a1101_GW,n100_i1115012_T_a1101,100,1115012,T,1101,GW,0.75,0.1622805241495371,0.7898731488220573
n100_i1115012_T_a1101_GW,n100_i1115012_T_a1101,100,1115012,T,1101,GW,0.9,0.9539981568232179,0.7949264629150401
n100_i1115012_T_a1101_GW,n100_i1115012_T_a1101,100,1115012,T,1101,GW,1.0,0.9983158344402909,0.800255431660087
n100_i1115012_T_a1101_LEGACY,n100_i1115012_T_a1101,100,1115012,T,1101,LEGACY,0.1,0.2765192845836282,0.47658837349132716
n100_i1115012_T_a1101_LEGACY,n100_i1115012_T_a1101,100,1115012,T,1101,LEGACY,0.25,0.2838140996173024,0.65152089496528
n100_i1115012_T_a1101_LEGACY,n100_i1115012_T_a1101,100,1115012,T,1101,LEGACY,0.5,0.0051884725689888,0.7932139391074688
n100_i1115012_T_a1101_LEGACY,n100_i1115012_T_a1101,100,1115012,T,1101,LEGACY,0.75,0.6872493149712682,0.8434401749211194
n100_i1115012_T_a1101_LEGACY,n100_i1115012_T_a1101,100,1115012,T,1101,LEGACY,0.9,0.08457658067345619,0.867636322124785
n100_i1115012_T_a1101_LEGACY,n100_i1115012_T_a1101,100,1115012,T,1101,LEGACY,1.0,1.1790558136999607,0.8885777089151184
n100_i1115012_T_a2202_GW,n100_i1115012_T_a2202,100,1115012,T,2202,GW,0.1,0.8185153473168612,0.3973306643515778
n100_i1115012_T_a2202_GW,n100_i1115012_T_a2202,100,1115012,T,2202,GW,0.25,0.1390731781721115,0.5563262951152517
n100_i1115012_T_a2202_GW,n100_i1115012_T_a2202,100,1115012,T,2202,GW,0.5,0.01836801040917635,0.6837241209205125
n100_i1115012_T_a2202_GW,n100_i1115012_T_a2202,100,1115012,T,2202,GW,0.75,0.6033579604700208,0.7291170473572274
n100_i1115012_T_a2202_GW,n100_i1115012_T_a2202,100,1115012,T,2202,GW,0.9,0.8388713840395212,0.7364968388781905
n100_i1115012_T_a2202_GW,n100_i1115012_T_a2202,100,1115012,T,2202,GW,1.0,0.5799167584627867,0.7584761564590838
n100_i1115012_T_a2202_LEGACY,n100_i1115012_T_a2202,100,1115012,T,2202,LEGACY,0.1,0.196403244510293,0.4401845266844737
n100_i1115012_T_a2202_LEGACY,n100_i1115012_T_a2202,100,1115012,T,2202,LEGACY,0.25,0.13316819816827774,0.6018062761312062
n100_i1115012_T_a2202_LEGACY,n100_i1115012_T_a2202,100,1115012,T,2202,LEGACY,0.5,0.0020165937021374702,0.6952139624545908
n100_i1115012_T_a2202_LEGACY,n100_i1115012_T_a2202,100,1115012,T,2202,LEGACY,0.75,1.1209420841187239,0.7393517178175613
n100_i1115012_T_a2202_LEGACY,n100_i1115012_T_a2202,100,1115012,T,2202,LEGACY,0.9,0.10177948419004679,0.7939046762882305
n100_i1115012_T_a2202_LEGACY,n100_i1115012_T_a2202,100,1115012,T,2202,LEGACY,1.0,0.5063572963699698,0.8070909109179982
n100_i1115012_T_a2202_REFERENCE,n100_i1115012_T_a2202,100,1115012,T,2202,REFERENCE,0.1,0.010722081176936626,0.4690313883428118
n100_i1115012_T_a2202_REFERENCE,n100_i1115012_T_a2202,100,1115012,T,2202,REFERENCE,0.25,0.008457017131149769,0.5740576491024351
n100_i1115012_T_a2202_REFERENCE,n100_i1115012_T_a2202,100,1115012,T,2202,REFERENCE,0.5,0.8961389362812042,0.6443241099050581
n100_i1115012_T_a2202_REFERENCE,n100_i1115012_T_a2202,100,1115012,T,2202,REFERENCE,0.75,0.0395446652546525,0.669965334269107
n100_i1115012_T_a2202_REFERENCE,n100_i1115012_T_a2202,100,1115012,T,2202,REFERENCE,0.9,0.8780800281092525,0.6876146275723188
n100_i1115012_T_a2202_REFERENCE,n100_i1115012_T_a2202,100,1115012,T,2202,REFERENCE,1.0,0.6197095345705748,0.6998973356805241
n100_i1115012_T_a2202_W,n100_i1115012_T_a2202,100,1115012,T,2202,W,0.1,2.0272686509415507,0.42729374031806433
n100_i1115012_T_a2202_W,n100_i1115012_T_a2202,100,1115012,T,2202,W,0.25,0.5619509425014257,0.5881178120782061
n100_i1115012_T_a2202_W,n100_i1115012_T_a2202,100,1115012,T,2202,W,0.5,0.4516532402485609,0.6856283688864716
n100_i1115012_T_a2202_W,n100_i1115012_T_a2202,100,1115012,T,2202,W,0.75,0.27950788382440805,0.7348959728214786
n100_i1115012_T_a2202_W,n100_i1115012_T_a2202,100,1115012,T,2202,W,0.9,0.841603334993124,0.7441972086743385
n100_i1115012_T_a2202_W,n100_i1115012_T_a2202,100,1115012,T,2202,W,1.0,0.8486182102933526,0.7479781312325341
n100_i1115013_H_a1101_LEGACY,n100_i1115013_H_a1101,100,1115013,H,1101,LEGACY,0.1,0.4023202694952488,0.6545235890343652
n100_i1115013_H_a1101_LEGACY,n100_i1115013_H_a1101,100,1115013,H,1101,LEGACY,0.25,0.2169001055881381,0.8056301088976182
n100_i1115013_H_a1101_LEGACY,n100_i1115013_H_a1101,100,1115013,H,1101,LEGACY,0.5,0.022767549380660057,0.9016198328563738
n100_i1115013_H_a1101_LEGACY,n100_i1115013_H_a1101,100,1115013,H,1101,LEGACY,0.75,0.2961310390383005,0.9759283843539835
n100_i1115013_H_a1101_LEGACY,n100_i1115013_H_a1101,100,1115013,H,1101,LEGACY,0.9,0.0041445167735219,0.9858266878321458
n100_i1115013_H_a1101_LEGACY,n100_i1115013_H_a1101,100,1115013,H,1101,LEGACY,1.0,0.14896386489272118,0.9908683221692777
n100_i1115013_H_a1101_REFERENCE,n100_i1115013_H_a1101,100,1115013,H,1101,REFERENCE,0.1,0.3312871381640434,0.6760114068908436
n100_i1115013_H_a1101_REFERENCE,n100_i1115013_H_a1101,100,1115013,H,1101,REFERENCE,0.25,0.4566597705706954,0.8341499020664657
n100_i1115013_H_a1101_REFERENCE,n100_i1115013_H_a1101,100,1115013,H,1101,REFERENCE,0.5,0.5296152429655194,0.9198139876430205
n100_i1115013_H_a1101_REFERENCE,n100_i1115013_H_a1101,100,1115013,H,1101,REFERENCE,0.75,0.08606293331831694,0.9494021769265509
n100_i1115013_H_a1101_REFERENCE,n100_i1115013_H_a1101,100,1115013,H,1101,REFERENCE,0.9,0.8174590729176998,0.9722855898531606
n100_i1115013_H_a1101_REFERENCE,n100_i1115013_H_a1101,100,1115013,H,1101,REFERENCE,1.0,0.7911442117765546,0.9794605202066435
n100_i1115013_H_a1101_W,n100_i1115013_H_a1101,100,1115013,H,1101,W,0.1,0.1480748662725091,0.7306373224666362
n100_i1115013_H_a1101_W,n100_i1115013_H_a1101,100,1115013,H,1101,W,0.25,0.0019320352002978325,0.864656755380284
n100_i1115013_H_a1101_W,n100_i1115013_H_a1101,100,1115013,H,1101,W,0.5,0.001976221799850464,0.9380513006248015
n100_i1115013_H_a1101_W,n100_i1115013_H_a1101,100,1115013,H,1101,W,0.75,0.1955495998263359,0.9627695767317226
n100_i1115013_H_a1101_W,n100_i1115013_H_a1101,100,1115013,H,1101,W,0.9,0.00733594223856926,0.9657858017747601
n100_i1115013_H_a1101_W,n100_i1115013_H_a1101,100,1115013,H,1101,W,1.0,0.41483467165380716,0.9711055743830694
n100_i1115013_H_a1101_GW,n100_i1115013_H_a1101,100,1115013,H,1101,GW,0.1,0.2431579576805234,0.7306373224666362
n100_i1115013_H_a1101_GW,n100_i1115013_H_a1101,100,1115013,H,1101,GW,0.25,0.8897169837728143,0.8695255235220857
n100_i1115013_H_a1101_GW,n100_i1115013_H_a1101,100,1115013,H,1101,GW,0.5,0.3132159449160099,0.9534511146723511
n100_i1115013_H_a1101_GW,n100_i1115013_H_a1101,100,1115013,H,1101,GW,0.75,1.0557059831917286,0.9860074896295963
n100_i1115013_H_a1101_GW,n100_i1115013_H_a1101,100,1115013,H,1101,GW,0.9,0.011407573707401752,0.9957733191923375
n100_i1115013_H_a1101_GW,n100_i1115013_H_a1101,100,1115013,H,1101,GW,1.0,0.40539613366127014,1.0024818807758706
n100_i1115013_H_a2202_W,n100_i1115013_H_a2202,100,1115013,H,2202,W,0.1,0.009894921444356441,0.6620301687519843
n100_i1115013_H_a2202_W,n100_i1115013_H_a2202,100,1115013,H,2202,W,0.25,0.7600808227434754,0.8133755801422032
n100_i1115013_H_a2202_W,n100_i1115013_H_a2202,100,1115013,H,2202,W,0.5,0.12313802726566792,0.9017099540079692
n100_i1115013_H_a2202_W,n100_i1115013_H_a2202,100,1115013,H,2202,W,0.75,0.04222053661942482,0.9689904516619349
n100_i1115013_H_a2202_W,n100_i1115013_H_a2202,100,1115013,H,2202,W,0.9,0.021125322207808495,0.9753981756359775
n100_i1115013_H_a2202_W,n100_i1115013_H_a2202,100,1115013,H,2202,W,1.0,0.8157547833397985,0.9792782227513046
n100_i1115013_H_a2202_GW,n100_i1115013_H_a2202,100,1115013,H,2202,GW,0.1,0.4818348214030266,0.6620301687519843
n100_i1115013_H_a2202_GW,n100_i1115013_H_a2202,100,1115013,H,2202,GW,0.25,0.010603821836411953,0.8124574685937138
n100_i1115013_H_a2202_GW,n100_i1115013_H_a2202,100,1115013,H,2202,GW,0.5,0.1379073802381754,0.899570181482407
n100_i1115013_H_a2202_GW,n100_i1115013_H_a2202,100,1115013,H,2202,GW,0.75,0.0484691122546792,0.9614223375934672
n100_i1115013_H_a2202_GW,n100_i1115013_H_a2202,100,1115013,H,2202,GW,0.9,0.10575845744460821,0.9698764351165523
n100_i1115013_H_a2202_GW,n100_i1115013_H_a2202,100,1115013,H,2202,GW,1.0,0.0072995759546756744,0.9740104916243509
n100_i1115013_H_a2202_LEGACY,n100_i1115013_H_a2202,100,1115013,H,2202,LEGACY,0.1,0.012278644368052483,0.6239535674661371
n100_i1115013_H_a2202_LEGACY,n100_i1115013_H_a2202,100,1115013,H,2202,LEGACY,0.25,0.03450431302189827,0.7548521123432823
n100_i1115013_H_a2202_LEGACY,n100_i1115013_H_a2202,100,1115013,H,2202,LEGACY,0.5,0.012654099613428116,0.8514651043930639
n100_i1115013_H_a2202_LEGACY,n100_i1115013_H_a2202,100,1115013,H,2202,LEGACY,0.75,0.517451424151659,0.874683191559224
n100_i1115013_H_a2202_LEGACY,n100_i1115013_H_a2202,100,1115013,H,2202,LEGACY,0.9,0.06746306922286749,0.8840684122533636
n100_i1115013_H_a2202_LEGACY,n100_i1115013_H_a2202,100,1115013,H,2202,LEGACY,1.0,0.9749687071889639,0.8896537177321712
n100_i1115013_H_a2202_REFERENCE,n100_i1115013_H_a2202,100,1115013,H,2202,REFERENCE,0.1,0.29425342567265034,0.6471698338967229
n100_i1115013_H_a2202_REFERENCE,n100_i1115013_H_a2202,100,1115013,H,2202,REFERENCE,0.25,0.20810431707650423,0.8253003938709361
n100_i1115013_H_a2202_REFERENCE,n100_i1115013_H_a2202,100,1115013,H,2202,REFERENCE,0.5,0.18550563510507345,0.9198891196578702
n100_i1115013_H_a2202_REFERENCE,n100_i1115013_H_a2202,100,1115013,H,2202,REFERENCE,0.75,0.03316348139196634,0.9602882216901185
n100_i1115013_H_a2202_REFERENCE,n100_i1115013_H_a2202,100,1115013,H,2202,REFERENCE,0.9,1.0798035077750683,0.9862443224981816
n100_i1115013_H_a2202_REFERENCE,n100_i1115013_H_a2202,100,1115013,H,2202,REFERENCE,1.0,0.15344281680881977,0.9930473920289524
n100_i1115013_T_a1101_REFERENCE,n100_i1115013_T_a1101,100,1115013,T,1101,REFERENCE,0.1,0.21262146066874266,0.5289098168755825
n100_i1115013_T_a1101_REFERENCE,n100_i1115013_T_a1101,100,1115013,T,1101,REFERENCE,0.25,0.7796269729733467,0.6876743173896713
n100_i1115013_T_a1101_REFERENCE,n100_i1115013_T_a1101,100,1115013,T,1101,REFERENCE,0.5,0.08228641841560602,0.7806343929342354
n100_i1115013_T_a1101_REFERENCE,n100_i1115013_T_a1101,100,1115013,T,1101,REFERENCE,0.75,0.6416367683559656,0.8209089979511247
n100_i1115013_T_a1101_REFERENCE,n100_i1115013_T_a1101,100,1115013,T,1101,REFERENCE,0.9,0.6328734811395407,0.8431318306278204
n100_i1115013_T_a1101_REFERENCE,n100_i1115013_T_a1101,100,1115013,T,1101,REFERENCE,1.0,1.3671651482582092,0.8560456318724894
n100_i1115013_T_a1101_W,n100_i1115013_T_a1101,100,1115013,T,1101,W,0.1,0.002008729614317417,0.5620732174213878
n100_i1115013_T_a1101_W,n100_i1115013_T_a1101,100,1115013,T,1101,W,0.25,0.14071668311953545,0.797342031660558
n100_i1115013_T_a1101_W,n100_i1115013_T_a1101,100,1115013,T,1101,W,0.5,0.09572709817439318,0.871132932451874
n100_i1115013_T_a1101_W,n100_i1115013_T_a1101,100,1115013,T,1101,W,0.75,0.1875486895442009,0.937540695370809
n100_i1115013_T_a1101_W,n100_i1115013_T_a1101,100,1115013,T,1101,W,0.9,0.6959568569436669,0.9835194207746611
n100_i1115013_T_a1101_W,n100_i1115013_T_a1101,100,1115013,T,1101,W,1.0,0.7004689536988735,0.9862943998649344
n100_i1115013_T_a1101_GW,n100_i1115013_T_a1101,100,1115013,T,1101,GW,0.1,1.4436774868518114,0.5864356809788898
n100_i1115013_T_a1101_GW,n100_i1115013_T_a1101,100,1115013,T,1101,GW,0.25,0.2889210442081094,0.7402019802499689
n100_i1115013_T_a1101_GW,n100_i1115013_T_a1101,100,1115013,T,1101,GW,0.5,0.17986931838095188,0.8007243161264052
n100_i1115013_T_a1101_GW,n100_i1115013_T_a1101,100,1115013,T,1101,GW,0.75,0.024776972830295563,0.8352769003853324
n100_i1115013_T_a1101_GW,n100_i1115013_T_a1101,100,1115013,T,1101,GW,0.9,0.732299611903727,0.8501657221484509
n100_i1115013_T_a1101_GW,n100_i1115013_T_a1101,100,1115013,T,1101,GW,1.0,0.7523153154179454,0.8597073348716612
n100_i1115013_T_a1101_LEGACY,n100_i1115013_T_a1101,100,1115013,T,1101,LEGACY,0.1,0.010279723443090916,0.5302970789831079
n100_i1115013_T_a1101_LEGACY,n100_i1115013_T_a1101,100,1115013,T,1101,LEGACY,0.25,0.008007066324353218,0.6746666332279966
n100_i1115013_T_a1101_LEGACY,n100_i1115013_T_a1101,100,1115013,T,1101,LEGACY,0.5,0.22359322477132082,0.7847558565930214
n100_i1115013_T_a1101_LEGACY,n100_i1115013_T_a1101,100,1115013,T,1101,LEGACY,0.75,0.4176824502646923,0.8284733816137052
n100_i1115013_T_a1101_LEGACY,n100_i1115013_T_a1101,100,1115013,T,1101,LEGACY,0.9,0.12322981096804142,0.8383907550573444
n100_i1115013_T_a1101_LEGACY,n100_i1115013_T_a1101,100,1115013,T,1101,LEGACY,1.0,0.6099148420616984,0.8497346947095381
n100_i1115013_T_a2202_GW,n100_i1115013_T_a2202,100,1115013,T,2202,GW,0.1,0.9435703866183758,0.5146879380829112
n100_i1115013_T_a2202_GW,n100_i1115013_T_a2202,100,1115013,T,2202,GW,0.25,0.0032972926273941994,0.6548381020578524
n100_i1115013_T_a2202_GW,n100_i1115013_T_a2202,100,1115013,T,2202,GW,0.5,0.13712280988693237,0.7561239918309284
n100_i1115013_T_a2202_GW,n100_i1115013_T_a2202,100,1115013,T,2202,GW,0.75,0.35305796936154366,0.8844773489901837
n100_i1115013_T_a2202_GW,n100_i1115013_T_a2202,100,1115013,T,2202,GW,0.9,0.0892921881750226,0.9017608709278017
n100_i1115013_T_a2202_GW,n100_i1115013_T_a2202,100,1115013,T,2202,GW,1.0,0.008350341580808163,0.9069046749720271
n100_i1115013_T_a2202_LEGACY,n100_i1115013_T_a2202,100,1115013,T,2202,LEGACY,0.1,0.34582034312188625,0.540598656784024
n100_i1115013_T_a2202_LEGACY,n100_i1115013_T_a2202,100,1115013,T,2202,LEGACY,0.25,0.09489004220813513,0.6675608837815669
n100_i1115013_T_a2202_LEGACY,n100_i1115013_T_a2202,100,1115013,T,2202,LEGACY,0.5,0.9097640123218298,0.7837579942581383
n100_i1115013_T_a2202_LEGACY,n100_i1115013_T_a2202,100,1115013,T,2202,LEGACY,0.75,0.12323939055204391,0.8387974989663453
n100_i1115013_T_a2202_LEGACY,n100_i1115013_T_a2202,100,1115013,T,2202,LEGACY,0.9,0.1381630264222622,0.8523724599808558
n100_i1115013_T_a2202_LEGACY,n100_i1115013_T_a2202,100,1115013,T,2202,LEGACY,1.0,0.923472486436367,0.8716128846897274
n100_i1115013_T_a2202_REFERENCE,n100_i1115013_T_a2202,100,1115013,T,2202,REFERENCE,0.1,0.10074721649289131,0.4954984596474128
n100_i1115013_T_a2202_REFERENCE,n100_i1115013_T_a2202,100,1115013,T,2202,REFERENCE,0.25,0.02687947079539299,0.7029654190241736
n100_i1115013_T_a2202_REFERENCE,n100_i1115013_T_a2202,100,1115013,T,2202,REFERENCE,0.5,0.14637732598930597,0.8024780156270882
n100_i1115013_T_a2202_REFERENCE,n100_i1115013_T_a2202,100,1115013,T,2202,REFERENCE,0.75,0.1970480876043439,0.8297541303775741
n100_i1115013_T_a2202_REFERENCE,n100_i1115013_T_a2202,100,1115013,T,2202,REFERENCE,0.9,0.11259519681334496,0.8528869385151048
n100_i1115013_T_a2202_REFERENCE,n100_i1115013_T_a2202,100,1115013,T,2202,REFERENCE,1.0,0.3531160121783614,0.8619517707055243
n100_i1115013_T_a2202_W,n100_i1115013_T_a2202,100,1115013,T,2202,W,0.1,0.004653552547097206,0.514373199705849
n100_i1115013_T_a2202_W,n100_i1115013_T_a2202,100,1115013,T,2202,W,0.25,0.04566700756549835,0.6540626279957642
n100_i1115013_T_a2202_W,n100_i1115013_T_a2202,100,1115013,T,2202,W,0.5,2.1626241505146027e-05,0.7531771407090049
n100_i1115013_T_a2202_W,n100_i1115013_T_a2202,100,1115013,T,2202,W,0.75,0.21061596367508173,0.796637974002155
n100_i1115013_T_a2202_W,n100_i1115013_T_a2202,100,1115013,T,2202,W,0.9,0.6534717762842774,0.8055292155225887
n100_i1115013_T_a2202_W,n100_i1115013_T_a2202,100,1115013,T,2202,W,1.0,0.007621465250849724,0.8091466605413782
n100_i1115014_H_a1101_LEGACY,n100_i1115014_H_a1101,100,1115014,H,1101,LEGACY,0.1,0.006066314876079559,0.5610900332643128
n100_i1115014_H_a1101_LEGACY,n100_i1115014_H_a1101,100,1115014,H,1101,LEGACY,0.25,0.7905267421156168,0.7697063762001611
n100_i1115014_H_a1101_LEGACY,n100_i1115014_H_a1101,100,1115014,H,1101,LEGACY,0.5,0.3660284047946334,0.8735082885584263
n100_i1115014_H_a1101_LEGACY,n100_i1115014_H_a1101,100,1115014,H,1101,LEGACY,0.75,0.000857839360833168,0.9114382745471424
n100_i1115014_H_a1101_LEGACY,n100_i1115014_H_a1101,100,1115014,H,1101,LEGACY,0.9,0.14537631534039974,0.9390268260570305
n100_i1115014_H_a1101_LEGACY,n100_i1115014_H_a1101,100,1115014,H,1101,LEGACY,1.0,0.002664206549525261,0.9445656829219683
n100_i1115014_H_a1101_REFERENCE,n100_i1115014_H_a1101,100,1115014,H,1101,REFERENCE,0.1,0.18904981762170792,0.534972948657048
n100_i1115014_H_a1101_REFERENCE,n100_i1115014_H_a1101,100,1115014,H,1101,REFERENCE,0.25,0.44483801536262035,0.6338764966959793
n100_i1115014_H_a1101_REFERENCE,n100_i1115014_H_a1101,100,1115014,H,1101,REFERENCE,0.5,0.27453523874282837,0.7680722770516211
n100_i1115014_H_a1101_REFERENCE,n100_i1115014_H_a1101,100,1115014,H,1101,REFERENCE,0.75,0.009220479987561703,0.7948927995350681
n100_i1115014_H_a1101_REFERENCE,n100_i1115014_H_a1101,100,1115014,H,1101,REFERENCE,0.9,0.0696795592084527,0.8115363615726524
n100_i1115014_H_a1101_REFERENCE,n100_i1115014_H_a1101,100,1115014,H,1101,REFERENCE,1.0,0.2181730940937996,0.8151354630163463
n100_i1115014_H_a1101_W,n100_i1115014_H_a1101,100,1115014,H,1101,W,0.1,0.16311229765415192,0.5506188385343346
n100_i1115014_H_a1101_W,n100_i1115014_H_a1101,100,1115014,H,1101,W,0.25,0.07906073704361916,0.6498422971754027
n100_i1115014_H_a1101_W,n100_i1115014_H_a1101,100,1115014,H,1101,W,0.5,0.39468200504779816,0.7552991730827803
n100_i1115014_H_a1101_W,n100_i1115014_H_a1101,100,1115014,H,1101,W,0.75,0.29565714579075575,0.7687225568658456
n100_i1115014_H_a1101_W,n100_i1115014_H_a1101,100,1115014,H,1101,W,0.9,0.6594000365585089,0.7741927792225911
n100_i1115014_H_a1101_W,n100_i1115014_H_a1101,100,1115014,H,1101,W,1.0,0.0033858856186270714,0.7786986086584893
n100_i1115014_H_a1101_GW,n100_i1115014_H_a1101,100,1115014,H,1101,GW,0.1,0.07800381816923618,0.5502934408459302
n100_i1115014_H_a1101_GW,n100_i1115014_H_a1101,100,1115014,H,1101,GW,0.25,0.49331928323954344,0.6498422971754027
n100_i1115014_H_a1101_GW,n100_i1115014_H_a1101,100,1115014,H,1101,GW,0.5,0.5303475623950362,0.7574209791256867
n100_i1115014_H_a1101_GW,n100_i1115014_H_a1101,100,1115014,H,1101,GW,0.75,0.021419688127934933,0.779087841185597
n100_i1115014_H_a1101_GW,n100_i1115014_H_a1101,100,1115014,H,1101,GW,0.9,0.0005905246362090111,0.7905874627044824
n100_i1115014_H_a1101_GW,n100_i1115014_H_a1101,100,1115014,H,1101,GW,1.0,0.13021740689873695,0.7921259558049956
n100_i1115014_H_a2202_W,n100_i1115014_H_a2202,100,1115014,H,2202,W,0.1,0.28172724694013596,0.5456467701994417
n100_i1115014_H_a2202_W,n100_i1115014_H_a2202,100,1115014,H,2202,W,0.25,0.1319141648709774,0.7497861291771722
n100_i1115014_H_a2202_W,n100_i1115014_H_a2202,100,1115014,H,2202,W,0.5,0.13885312341153622,0.84261061219172
n100_i1115014_H_a2202_W,n100_i1115014_H_a2202,100,1115014,H,2202,W,0.75,0.307695958763361,0.8714336226186763
n100_i1115014_H_a2202_W,n100_i1115014_H_a2202,100,1115014,H,2202,W,0.9,0.027251861058175564,0.8783664830123279
n100_i1115014_H_a2202_W,n100_i1115014_H_a2202,100,1115014,H,2202,W,1.0,0.35539036337286234,0.8826499583818139
n100_i1115014_H_a2202_GW,n100_i1115014_H_a2202,100,1115014,H,2202,GW,0.1,0.007867562584578991,0.5456467701994417
n100_i1115014_H_a2202_GW,n100_i1115014_H_a2202,100,1115014,H,2202,GW,0.25,0.45927843265235424,0.7501178345651917
n100_i1115014_H_a2202_GW,n100_i1115014_H_a2202,100,1115014,H,2202,GW,0.5,0.011290439404547215,0.84261061219172
n100_i1115014_H_a2202_GW,n100_i1115014_H_a2202,100,1115014,H,2202,GW,0.75,0.011010008864104748,0.8693723119315155
n100_i1115014_H_a2202_GW,n100_i1115014_H_a2202,100,1115014,H,2202,GW,0.9,0.39304032269865274,0.8768724538356192
n100_i1115014_H_a2202_GW,n100_i1115014_H_a2202,100,1115014,H,2202,GW,1.0,0.9112724298611283,0.8795948501000828
n100_i1115014_H_a2202_LEGACY,n100_i1115014_H_a2202,100,1115014,H,2202,LEGACY,0.1,0.1285937139764428,0.5739571927659414
n100_i1115014_H_a2202_LEGACY,n100_i1115014_H_a2202,100,1115014,H,2202,LEGACY,0.25,0.7820519199594855,0.7555278474795171
n100_i1115014_H_a2202_LEGACY,n100_i1115014_H_a2202,100,1115014,H,2202,LEGACY,0.5,0.3615263346582651,0.8312383851538803
n100_i1115014_H_a2202_LEGACY,n100_i1115014_H_a2202,100,1115014,H,2202,LEGACY,0.75,0.6595418797805905,0.8594399302417416
n100_i1115014_H_a2202_LEGACY,n100_i1115014_H_a2202,100,1115014,H,2202,LEGACY,0.9,0.030355132184922695,0.8663238542922924
n100_i1115014_H_a2202_LEGACY,n100_i1115014_H_a2202,100,1115014,H,2202,LEGACY,1.0,0.7150340983644128,0.8688947050115094
n100_i1115014_H_a2202_REFERENCE,n100_i1115014_H_a2202,100,1115014,H,2202,REFERENCE,0.1,0.17145138699561357,0.5761181716137523
n100_i1115014_H_a2202_REFERENCE,n100_i1115014_H_a2202,100,1115014,H,2202,REFERENCE,0.25,0.10424410086125135,0.727129003824771
n100_i1115014_H_a2202_REFERENCE,n100_i1115014_H_a2202,100,1115014,H,2202,REFERENCE,0.5,0.046567670069634914,0.8038995603709438
n100_i1115014_H_a2202_REFERENCE,n100_i1115014_H_a2202,100,1115014,H,2202,REFERENCE,0.75,0.13715114258229733,0.8640701729285708
n100_i1115014_H_a2202_REFERENCE,n100_i1115014_H_a2202,100,1115014,H,2202,REFERENCE,0.9,0.29735962487757206,0.8897540081354783
n100_i1115014_H_a2202_REFERENCE,n100_i1115014_H_a2202,100,1115014,H,2202,REFERENCE,1.0,0.7238274766132236,0.8961673081344566
n100_i1115014_T_a1101_REFERENCE,n100_i1115014_T_a1101,100,1115014,T,1101,REFERENCE,0.1,0.008144150488078594,0.49269093894178206
n100_i1115014_T_a1101_REFERENCE,n100_i1115014_T_a1101,100,1115014,T,1101,REFERENCE,0.25,0.3266001744195819,0.644429993052743
n100_i1115014_T_a1101_REFERENCE,n100_i1115014_T_a1101,100,1115014,T,1101,REFERENCE,0.5,0.27286080457270145,0.7460320454219246
n100_i1115014_T_a1101_REFERENCE,n100_i1115014_T_a1101,100,1115014,T,1101,REFERENCE,0.75,0.0024750912562012672,0.8128991620862982
n100_i1115014_T_a1101_REFERENCE,n100_i1115014_T_a1101,100,1115014,T,1101,REFERENCE,0.9,0.0049231695011258125,0.8243823227056254
n100_i1115014_T_a1101_REFERENCE,n100_i1115014_T_a1101,100,1115014,T,1101,REFERENCE,1.0,1.0975047666579485,0.8273046995986301
n100_i1115014_T_a1101_W,n100_i1115014_T_a1101,100,1115014,T,1101,W,0.1,0.19362265896052122,0.45346364416236595
n100_i1115014_T_a1101_W,n100_i1115014_T_a1101,100,1115014,T,1101,W,0.25,0.20116349775344133,0.723528415286509
n100_i1115014_T_a1101_W,n100_i1115014_T_a1101,100,1115014,T,1101,W,0.5,1.3684724597260356,0.8372318619704661
n100_i1115014_T_a1101_W,n100_i1115014_T_a1101,100,1115014,T,1101,W,0.75,0.06610724795609713,0.8832769375747747
n100_i1115014_T_a1101_W,n100_i1115014_T_a1101,100,1115014,T,1101,W,0.9,0.04585308022797108,0.8925636967489695
n100_i1115014_T_a1101_W,n100_i1115014_T_a1101,100,1115014,T,1101,W,1.0,0.5800662431865931,0.8959175700165153
n100_i1115014_T_a1101_GW,n100_i1115014_T_a1101,100,1115014,T,1101,GW,0.1,0.0036983098834753036,0.45900067132880373
n100_i1115014_T_a1101_GW,n100_i1115014_T_a1101,100,1115014,T,1101,GW,0.25,0.010742663405835629,0.7213744518414665
n100_i1115014_T_a1101_GW,n100_i1115014_T_a1101,100,1115014,T,1101,GW,0.5,0.8036378528922796,0.8331578402958694
n100_i1115014_T_a1101_GW,n100_i1115014_T_a1101,100,1115014,T,1101,GW,0.75,0.04537040647119284,0.87105790984115
n100_i1115014_T_a1101_GW,n100_i1115014_T_a1101,100,1115014,T,1101,GW,0.9,0.059833492152392864,0.8937376470400699
n100_i1115014_T_a1101_GW,n100_i1115014_T_a1101,100,1115014,T,1101,GW,1.0,0.6799730956554413,0.9009447025567936
n100_i1115014_T_a1101_LEGACY,n100_i1115014_T_a1101,100,1115014,T,1101,LEGACY,0.1,0.00948125496506691,0.48544247227847714
n100_i1115014_T_a1101_LEGACY,n100_i1115014_T_a1101,100,1115014,T,1101,LEGACY,0.25,0.009492546319961548,0.6887331732978532
n100_i1115014_T_a1101_LEGACY,n100_i1115014_T_a1101,100,1115014,T,1101,LEGACY,0.5,0.24484394118189812,0.8409563728570761
n100_i1115014_T_a1101_LEGACY,n100_i1115014_T_a1101,100,1115014,T,1101,LEGACY,0.75,0.22340052016079426,0.8918772797051517
n100_i1115014_T_a1101_LEGACY,n100_i1115014_T_a1101,100,1115014,T,1101,LEGACY,0.9,0.4801487410441041,0.9060160229133732
n100_i1115014_T_a1101_LEGACY,n100_i1115014_T_a1101,100,1115014,T,1101,LEGACY,1.0,0.6045839274302125,0.9189023380605517
n100_i1115014_T_a2202_GW,n100_i1115014_T_a2202,100,1115014,T,2202,GW,0.1,0.0025077788159251213,0.44826063464536947
n100_i1115014_T_a2202_GW,n100_i1115014_T_a2202,100,1115014,T,2202,GW,0.25,0.6637365343049169,0.6361364346818087
n100_i1115014_T_a2202_GW,n100_i1115014_T_a2202,100,1115014,T,2202,GW,0.5,0.007749461568892002,0.8032591947027735
n100_i1115014_T_a2202_GW,n100_i1115014_T_a2202,100,1115014,T,2202,GW,0.75,0.3375970236957073,0.8366486962689892
n100_i1115014_T_a2202_GW,n100_i1115014_T_a2202,100,1115014,T,2202,GW,0.9,0.012654036283493042,0.8477422098717259
n100_i1115014_T_a2202_GW,n100_i1115014_T_a2202,100,1115014,T,2202,GW,1.0,0.9385444689542055,0.8534661908141459
n100_i1115014_T_a2202_LEGACY,n100_i1115014_T_a2202,100,1115014,T,2202,LEGACY,0.1,0.0067441994324326515,0.5691656614414545
n100_i1115014_T_a2202_LEGACY,n100_i1115014_T_a2202,100,1115014,T,2202,LEGACY,0.25,0.0841860044747591,0.7017143849932822
n100_i1115014_T_a2202_LEGACY,n100_i1115014_T_a2202,100,1115014,T,2202,LEGACY,0.5,0.05833628308027983,0.7709499925287893
n100_i1115014_T_a2202_LEGACY,n100_i1115014_T_a2202,100,1115014,T,2202,LEGACY,0.75,0.011337337084114552,0.8415667808909186
n100_i1115014_T_a2202_LEGACY,n100_i1115014_T_a2202,100,1115014,T,2202,LEGACY,0.9,0.3245191052556038,0.8661821903103004
n100_i1115014_T_a2202_LEGACY,n100_i1115014_T_a2202,100,1115014,T,2202,LEGACY,1.0,0.001607443206012249,0.8735780842905556
n100_i1115014_T_a2202_REFERENCE,n100_i1115014_T_a2202,100,1115014,T,2202,REFERENCE,0.1,0.3816556455567479,0.47068866578071333
n100_i1115014_T_a2202_REFERENCE,n100_i1115014_T_a2202,100,1115014,T,2202,REFERENCE,0.25,0.0036912886425852776,0.7248130282342887
n100_i1115014_T_a2202_REFERENCE,n100_i1115014_T_a2202,100,1115014,T,2202,REFERENCE,0.5,0.8268611039966345,0.8259536785232457
n100_i1115014_T_a2202_REFERENCE,n100_i1115014_T_a2202,100,1115014,T,2202,REFERENCE,0.75,0.011128592304885387,0.8460218346494985
n100_i1115014_T_a2202_REFERENCE,n100_i1115014_T_a2202,100,1115014,T,2202,REFERENCE,0.9,1.4263683799654245,0.8562638185342776
n100_i1115014_T_a2202_REFERENCE,n100_i1115014_T_a2202,100,1115014,T,2202,REFERENCE,1.0,1.1470880126580596,0.8901848850190027
n100_i1115014_T_a2202_W,n100_i1115014_T_a2202,100,1115014,T,2202,W,0.1,0.6117165628820658,0.4759562148479704
n100_i1115014_T_a2202_W,n100_i1115014_T_a2202,100,1115014,T,2202,W,0.25,0.04153390880674124,0.6782927852049758
n100_i1115014_T_a2202_W,n100_i1115014_T_a2202,100,1115014,T,2202,W,0.5,0.0006028646603226662,0.8850187009542089
n100_i1115014_T_a2202_W,n100_i1115014_T_a2202,100,1115014,T,2202,W,0.75,0.6640545381233096,0.9242774727351604
n100_i1115014_T_a2202_W,n100_i1115014_T_a2202,100,1115014,T,2202,W,0.9,0.0021845586597919464,0.942862086058432
n100_i1115014_T_a2202_W,n100_i1115014_T_a2202,100,1115014,T,2202,W,1.0,0.19046585448086262,0.9510737694713893
n100_i1115015_H_a2202_W,n100_i1115015_H_a2202,100,1115015,H,2202,W,0.1,1.1856012968346477,0.4440104560392118
n100_i1115015_H_a2202_W,n100_i1115015_H_a2202,100,1115015,H,2202,W,0.25,0.6569033311679959,0.5370250446816434
n100_i1115015_H_a2202_W,n100_i1115015_H_a2202,100,1115015,H,2202,W,0.5,1.5338421082124114,0.640116387473345
n100_i1115015_H_a2202_W,n100_i1115015_H_a2202,100,1115015,H,2202,W,0.75,0.5068327728658915,0.7128401632184403
n100_i1115015_H_a2202_W,n100_i1115015_H_a2202,100,1115015,H,2202,W,0.9,0.9165609907358885,0.7236025907262769
n100_i1115015_H_a2202_W,n100_i1115015_H_a2202,100,1115015,H,2202,W,1.0,7.626548136584461,0.7253634650068224
n100_i1115015_H_a2202_GW,n100_i1115015_H_a2202,100,1115015,H,2202,GW,0.1,0.01282615028321743,0.4385583514407247
n100_i1115015_H_a2202_GW,n100_i1115015_H_a2202,100,1115015,H,2202,GW,0.25,0.006505616940557957,0.579413527416157
n100_i1115015_H_a2202_GW,n100_i1115015_H_a2202,100,1115015,H,2202,GW,0.5,0.15093682799488306,0.7971282640951571
n100_i1115015_H_a2202_GW,n100_i1115015_H_a2202,100,1115015,H,2202,GW,0.75,0.19897584337741137,0.8730967845991099
n100_i1115015_H_a2202_GW,n100_i1115015_H_a2202,100,1115015,H,2202,GW,0.9,0.44010465033352375,0.9027882317049456
n100_i1115015_H_a2202_GW,n100_i1115015_H_a2202,100,1115015,H,2202,GW,1.0,1.2891130903735757,0.9079668103421643
n100_i1115015_H_a2202_LEGACY,n100_i1115015_H_a2202,100,1115015,H,2202,LEGACY,0.1,0.4869120121002197,0.4591815202273747
n100_i1115015_H_a2202_LEGACY,n100_i1115015_H_a2202,100,1115015,H,2202,LEGACY,0.25,0.009827380999922752,0.68588126978298
n100_i1115015_H_a2202_LEGACY,n100_i1115015_H_a2202,100,1115015,H,2202,LEGACY,0.5,0.11754610203206539,0.8030453270845171
n100_i1115015_H_a2202_LEGACY,n100_i1115015_H_a2202,100,1115015,H,2202,LEGACY,0.75,1.093500510789454,0.8341494170950257
n100_i1115015_H_a2202_LEGACY,n100_i1115015_H_a2202,100,1115015,H,2202,LEGACY,0.9,0.07399129495024681,0.8477320911952642
n100_i1115015_H_a2202_LEGACY,n100_i1115015_H_a2202,100,1115015,H,2202,LEGACY,1.0,0.8591356007382274,0.8520863769910703
n100_i1115015_H_a2202_REFERENCE,n100_i1115015_H_a2202,100,1115015,H,2202,REFERENCE,0.1,0.809409256093204,0.4508990441167982
n100_i1115015_H_a2202_REFERENCE,n100_i1115015_H_a2202,100,1115015,H,2202,REFERENCE,0.25,0.03102060593664646,0.6140660578214446
n100_i1115015_H_a2202_REFERENCE,n100_i1115015_H_a2202,100,1115015,H,2202,REFERENCE,0.5,0.36237500235438347,0.7243406735036116
n100_i1115015_H_a2202_REFERENCE,n100_i1115015_H_a2202,100,1115015,H,2202,REFERENCE,0.75,1.1181089663878083,0.764087563558687
n100_i1115015_H_a2202_REFERENCE,n100_i1115015_H_a2202,100,1115015,H,2202,REFERENCE,0.9,0.649383656680584,0.7729242652491617
n100_i1115015_H_a2202_REFERENCE,n100_i1115015_H_a2202,100,1115015,H,2202,REFERENCE,1.0,0.702380521222949,0.7743487698455017
n100_i1115015_H_a1101_LEGACY,n100_i1115015_H_a1101,100,1115015,H,1101,LEGACY,0.1,0.16644714400172234,0.5138771774231808
n100_i1115015_H_a1101_LEGACY,n100_i1115015_H_a1101,100,1115015,H,1101,LEGACY,0.25,0.021874237805604935,0.6580628175815113
n100_i1115015_H_a1101_LEGACY,n100_i1115015_H_a1101,100,1115015,H,1101,LEGACY,0.5,0.6797662600874901,0.7290725825917316
n100_i1115015_H_a1101_LEGACY,n100_i1115015_H_a1101,100,1115015,H,1101,LEGACY,0.75,0.00036224164068698883,0.7638749265729458
n100_i1115015_H_a1101_LEGACY,n100_i1115015_H_a1101,100,1115015,H,1101,LEGACY,0.9,0.3387772720307112,0.772187630563084
n100_i1115015_H_a1101_LEGACY,n100_i1115015_H_a1101,100,1115015,H,1101,LEGACY,1.0,0.18239066656678915,0.7765593895506664
n100_i1115015_H_a1101_REFERENCE,n100_i1115015_H_a1101,100,1115015,H,1101,REFERENCE,0.1,0.03333235997706652,0.551137431891761
n100_i1115015_H_a1101_REFERENCE,n100_i1115015_H_a1101,100,1115015,H,1101,REFERENCE,0.25,0.0029492247849702835,0.7131944537643924
n100_i1115015_H_a1101_REFERENCE,n100_i1115015_H_a1101,100,1115015,H,1101,REFERENCE,0.5,0.05540800932794809,0.7981542920256854
n100_i1115015_H_a1101_REFERENCE,n100_i1115015_H_a1101,100,1115015,H,1101,REFERENCE,0.75,0.003850390203297138,0.8389010185835624
n100_i1115015_H_a1101_REFERENCE,n100_i1115015_H_a1101,100,1115015,H,1101,REFERENCE,0.9,0.0017775027081370354,0.8534853476017086
n100_i1115015_H_a1101_REFERENCE,n100_i1115015_H_a1101,100,1115015,H,1101,REFERENCE,1.0,0.14453546423465014,0.8585737535534006
n100_i1115015_H_a1101_W,n100_i1115015_H_a1101,100,1115015,H,1101,W,0.1,0.0009004324674606323,0.5951202775535075
n100_i1115015_H_a1101_W,n100_i1115015_H_a1101,100,1115015,H,1101,W,0.25,0.38445740193128586,0.7377192640052566
n100_i1115015_H_a1101_W,n100_i1115015_H_a1101,100,1115015,H,1101,W,0.5,0.012680877931416035,0.8270671301121219
n100_i1115015_H_a1101_W,n100_i1115015_H_a1101,100,1115015,H,1101,W,0.75,0.0667404979467392,0.857562397166283
n100_i1115015_H_a1101_W,n100_i1115015_H_a1101,100,1115015,H,1101,W,0.9,0.38901666831225157,0.8726086004964051
n100_i1115015_H_a1101_W,n100_i1115015_H_a1101,100,1115015,H,1101,W,1.0,1.2406119592487812,0.8760187245426287
n100_i1115015_H_a1101_GW,n100_i1115015_H_a1101,100,1115015,H,1101,GW,0.1,0.24948746152222157,0.5951202775535075
n100_i1115015_H_a1101_GW,n100_i1115015_H_a1101,100,1115015,H,1101,GW,0.25,0.009679606184363365,0.7360555723907083
n100_i1115015_H_a1101_GW,n100_i1115015_H_a1101,100,1115015,H,1101,GW,0.5,0.0024577192962169647,0.8531017104532048
n100_i1115015_H_a1101_GW,n100_i1115015_H_a1101,100,1115015,H,1101,GW,0.75,0.1626715324819088,0.8843632349763348
n100_i1115015_H_a1101_GW,n100_i1115015_H_a1101,100,1115015,H,1101,GW,0.9,0.13005658518522978,0.9093812365046164
n100_i1115015_H_a1101_GW,n100_i1115015_H_a1101,100,1115015,H,1101,GW,1.0,0.9784752568230033,0.9194180128661297
n100_i1115015_T_a2202_GW,n100_i1115015_T_a2202,100,1115015,T,2202,GW,0.1,0.2506620064377785,0.4327445504359927
n100_i1115015_T_a2202_GW,n100_i1115015_T_a2202,100,1115015,T,2202,GW,0.25,0.3631874928250909,0.5622069730299074
n100_i1115015_T_a2202_GW,n100_i1115015_T_a2202,100,1115015,T,2202,GW,0.5,0.05392741784453392,0.7023794709811005
n100_i1115015_T_a2202_GW,n100_i1115015_T_a2202,100,1115015,T,2202,GW,0.75,0.05674040038138628,0.7525123222494768
n100_i1115015_T_a2202_GW,n100_i1115015_T_a2202,100,1115015,T,2202,GW,0.9,0.235436225309968,0.77273466383351
n100_i1115015_T_a2202_GW,n100_i1115015_T_a2202,100,1115015,T,2202,GW,1.0,0.17401632107794285,0.7809583127225528
n100_i1115015_T_a2202_LEGACY,n100_i1115015_T_a2202,100,1115015,T,2202,LEGACY,0.1,0.009810356423258781,0.35447445245965103
n100_i1115015_T_a2202_LEGACY,n100_i1115015_T_a2202,100,1115015,T,2202,LEGACY,0.25,0.0432535270228982,0.5348667420224311
n100_i1115015_T_a2202_LEGACY,n100_i1115015_T_a2202,100,1115015,T,2202,LEGACY,0.5,0.44435344357043505,0.646811599159308
n100_i1115015_T_a2202_LEGACY,n100_i1115015_T_a2202,100,1115015,T,2202,LEGACY,0.75,0.005948871374130249,0.720331692959584
n100_i1115015_T_a2202_LEGACY,n100_i1115015_T_a2202,100,1115015,T,2202,LEGACY,0.9,0.13854221440851688,0.7349882597514201
n100_i1115015_T_a2202_LEGACY,n100_i1115015_T_a2202,100,1115015,T,2202,LEGACY,1.0,1.3584525873884559,0.7386579770695836
n100_i1115015_T_a2202_REFERENCE,n100_i1115015_T_a2202,100,1115015,T,2202,REFERENCE,0.1,0.07292540837079287,0.47727380274608755
n100_i1115015_T_a2202_REFERENCE,n100_i1115015_T_a2202,100,1115015,T,2202,REFERENCE,0.25,0.2822698000818491,0.5504947261809097
n100_i1115015_T_a2202_REFERENCE,n100_i1115015_T_a2202,100,1115015,T,2202,REFERENCE,0.5,0.14036356564611197,0.6119127358032447
n100_i1115015_T_a2202_REFERENCE,n100_i1115015_T_a2202,100,1115015,T,2202,REFERENCE,0.75,1.0433815848082304,0.6944632234507339
n100_i1115015_T_a2202_REFERENCE,n100_i1115015_T_a2202,100,1115015,T,2202,REFERENCE,0.9,0.4949659863486886,0.6985019466802449
n100_i1115015_T_a2202_REFERENCE,n100_i1115015_T_a2202,100,1115015,T,2202,REFERENCE,1.0,0.0040970370173454285,0.7070798317153015
n100_i1115015_T_a2202_W,n100_i1115015_T_a2202,100,1115015,T,2202,W,0.1,0.7484009582549334,0.45846577128087146
n100_i1115015_T_a2202_W,n100_i1115015_T_a2202,100,1115015,T,2202,W,0.25,0.01652512699365616,0.668244847861255
n100_i1115015_T_a2202_W,n100_i1115015_T_a2202,100,1115015,T,2202,W,0.5,0.18920774292200804,0.86786028402448
n100_i1115015_T_a2202_W,n100_i1115015_T_a2202,100,1115015,T,2202,W,0.75,0.038595729507505894,0.9016936162649769
n100_i1115015_T_a2202_W,n100_i1115015_T_a2202,100,1115015,T,2202,W,0.9,0.8289945079013705,0.9108761187588277
n100_i1115015_T_a2202_W,n100_i1115015_T_a2202,100,1115015,T,2202,W,1.0,0.1318756900727749,0.9224062156437068
n100_i1115015_T_a1101_REFERENCE,n100_i1115015_T_a1101,100,1115015,T,1101,REFERENCE,0.1,0.3250405350700021,0.5064967542579023
n100_i1115015_T_a1101_REFERENCE,n100_i1115015_T_a1101,100,1115015,T,1101,REFERENCE,0.25,0.18944845721125603,0.5638574022273426
n100_i1115015_T_a1101_REFERENCE,n100_i1115015_T_a1101,100,1115015,T,1101,REFERENCE,0.5,0.008929640054702759,0.6132529203523578
n100_i1115015_T_a1101_REFERENCE,n100_i1115015_T_a1101,100,1115015,T,1101,REFERENCE,0.75,0.8681528558954597,0.6617849574812642
n100_i1115015_T_a1101_REFERENCE,n100_i1115015_T_a1101,100,1115015,T,1101,REFERENCE,0.9,0.07349722553044558,0.6776745788585666
n100_i1115015_T_a1101_REFERENCE,n100_i1115015_T_a1101,100,1115015,T,1101,REFERENCE,1.0,0.42511825263500214,0.6825671320511822
n100_i1115015_T_a1101_W,n100_i1115015_T_a1101,100,1115015,T,1101,W,0.1,0.05802051816135645,0.5116641161507592
n100_i1115015_T_a1101_W,n100_i1115015_T_a1101,100,1115015,T,1101,W,0.25,0.005848332308232784,0.6131152695860542
n100_i1115015_T_a1101_W,n100_i1115015_T_a1101,100,1115015,T,1101,W,0.5,0.12117752432823181,0.6641497739728341
n100_i1115015_T_a1101_W,n100_i1115015_T_a1101,100,1115015,T,1101,W,0.75,0.04932500422000885,0.7198047804830786
n100_i1115015_T_a1101_W,n100_i1115015_T_a1101,100,1115015,T,1101,W,0.9,0.9329946814104915,0.7281883135179609
n100_i1115015_T_a1101_W,n100_i1115015_T_a1101,100,1115015,T,1101,W,1.0,1.3039489649236202,0.7326013899829198
n100_i1115015_T_a1101_GW,n100_i1115015_T_a1101,100,1115015,T,1101,GW,0.1,0.0005318485200405121,0.5116641161507592
n100_i1115015_T_a1101_GW,n100_i1115015_T_a1101,100,1115015,T,1101,GW,0.25,0.13621813990175724,0.6130582247042464
n100_i1115015_T_a1101_GW,n100_i1115015_T_a1101,100,1115015,T,1101,GW,0.5,0.09338162653148174,0.6634467148961061
n100_i1115015_T_a1101_GW,n100_i1115015_T_a1101,100,1115015,T,1101,GW,0.75,0.9258264042437077,0.698466048986926
n100_i1115015_T_a1101_GW,n100_i1115015_T_a1101,100,1115015,T,1101,GW,0.9,0.024818550795316696,0.7307971227483419
n100_i1115015_T_a1101_GW,n100_i1115015_T_a1101,100,1115015,T,1101,GW,1.0,0.5946088759228587,0.7341051480780736
n100_i1115015_T_a1101_LEGACY,n100_i1115015_T_a1101,100,1115015,T,1101,LEGACY,0.1,0.3450621282681823,0.4963518043857541
n100_i1115015_T_a1101_LEGACY,n100_i1115015_T_a1101,100,1115015,T,1101,LEGACY,0.25,1.020002841949463,0.6990088670916378
n100_i1115015_T_a1101_LEGACY,n100_i1115015_T_a1101,100,1115015,T,1101,LEGACY,0.5,0.06328927632421255,0.7730279447930507
n100_i1115015_T_a1101_LEGACY,n100_i1115015_T_a1101,100,1115015,T,1101,LEGACY,0.75,0.8950519422069192,0.8130609139098613
n100_i1115015_T_a1101_LEGACY,n100_i1115015_T_a1101,100,1115015,T,1101,LEGACY,0.9,0.8924999926239252,0.8336370453537578
n100_i1115015_T_a1101_LEGACY,n100_i1115015_T_a1101,100,1115015,T,1101,LEGACY,1.0,0.7228606399148703,0.8372182184186998
n100_i1115016_H_a2202_W,n100_i1115016_H_a2202,100,1115016,H,2202,W,0.1,0.37589174695312977,0.4174865893147333
n100_i1115016_H_a2202_W,n100_i1115016_H_a2202,100,1115016,H,2202,W,0.25,0.010424774140119553,0.5394547337359618
n100_i1115016_H_a2202_W,n100_i1115016_H_a2202,100,1115016,H,2202,W,0.5,0.32019244600087404,0.744096899614443
n100_i1115016_H_a2202_W,n100_i1115016_H_a2202,100,1115016,H,2202,W,0.75,0.0006457297131419182,0.8105801329901703
n100_i1115016_H_a2202_W,n100_i1115016_H_a2202,100,1115016,H,2202,W,0.9,0.008563411422073841,0.8459965840371719
n100_i1115016_H_a2202_W,n100_i1115016_H_a2202,100,1115016,H,2202,W,1.0,0.7967698201537132,0.851579336521208
n100_i1115016_H_a2202_GW,n100_i1115016_H_a2202,100,1115016,H,2202,GW,0.1,0.019837592728435993,0.4174865893147333
n100_i1115016_H_a2202_GW,n100_i1115016_H_a2202,100,1115016,H,2202,GW,0.25,0.027245813980698586,0.5521610187150535
n100_i1115016_H_a2202_GW,n100_i1115016_H_a2202,100,1115016,H,2202,GW,0.5,0.006319175474345684,0.7532856050543458
n100_i1115016_H_a2202_GW,n100_i1115016_H_a2202,100,1115016,H,2202,GW,0.75,0.8189045218750834,0.8155183760863424
n100_i1115016_H_a2202_GW,n100_i1115016_H_a2202,100,1115016,H,2202,GW,0.9,0.06951221078634262,0.8438170963330762
n100_i1115016_H_a2202_GW,n100_i1115016_H_a2202,100,1115016,H,2202,GW,1.0,0.22667921800166368,0.8526480994015372
n100_i1115016_H_a2202_LEGACY,n100_i1115016_H_a2202,100,1115016,H,2202,LEGACY,0.1,0.40932843927294016,0.37904963052769497
n100_i1115016_H_a2202_LEGACY,n100_i1115016_H_a2202,100,1115016,H,2202,LEGACY,0.25,0.4530776347965002,0.6327942645790195
n100_i1115016_H_a2202_LEGACY,n100_i1115016_H_a2202,100,1115016,H,2202,LEGACY,0.5,0.0026500727981328964,0.7517441583436285
n100_i1115016_H_a2202_LEGACY,n100_i1115016_H_a2202,100,1115016,H,2202,LEGACY,0.75,0.9435839895159006,0.8098823110834867
n100_i1115016_H_a2202_LEGACY,n100_i1115016_H_a2202,100,1115016,H,2202,LEGACY,0.9,0.5547743765637279,0.8333534692453752
n100_i1115016_H_a2202_LEGACY,n100_i1115016_H_a2202,100,1115016,H,2202,LEGACY,1.0,0.7363742161542177,0.8447341764313115
n100_i1115016_H_a2202_REFERENCE,n100_i1115016_H_a2202,100,1115016,H,2202,REFERENCE,0.1,0.4226936539635062,0.4700723298800916
n100_i1115016_H_a2202_REFERENCE,n100_i1115016_H_a2202,100,1115016,H,2202,REFERENCE,0.25,0.2889841450378299,0.6581348919580304
n100_i1115016_H_a2202_REFERENCE,n100_i1115016_H_a2202,100,1115016,H,2202,REFERENCE,0.5,0.5429109437391162,0.7737467292815319
n100_i1115016_H_a2202_REFERENCE,n100_i1115016_H_a2202,100,1115016,H,2202,REFERENCE,0.75,0.4409376932308078,0.7969676816670023
n100_i1115016_H_a2202_REFERENCE,n100_i1115016_H_a2202,100,1115016,H,2202,REFERENCE,0.9,0.007098403759300709,0.8019000136024462
n100_i1115016_H_a2202_REFERENCE,n100_i1115016_H_a2202,100,1115016,H,2202,REFERENCE,1.0,0.39254354406148195,0.8051122968067824
n100_i1115016_H_a1101_LEGACY,n100_i1115016_H_a1101,100,1115016,H,1101,LEGACY,0.1,0.36499723698943853,0.4459973862661272
n100_i1115016_H_a1101_LEGACY,n100_i1115016_H_a1101,100,1115016,H,1101,LEGACY,0.25,0.14380800165235996,0.6665266801464418
n100_i1115016_H_a1101_LEGACY,n100_i1115016_H_a1101,100,1115016,H,1101,LEGACY,0.5,0.1618681326508522,0.7218728603155451
n100_i1115016_H_a1101_LEGACY,n100_i1115016_H_a1101,100,1115016,H,1101,LEGACY,0.75,0.8254112610593438,0.7410762031759777
n100_i1115016_H_a1101_LEGACY,n100_i1115016_H_a1101,100,1115016,H,1101,LEGACY,0.9,0.007261693477630615,0.7595375702611697
n100_i1115016_H_a1101_LEGACY,n100_i1115016_H_a1101,100,1115016,H,1101,LEGACY,1.0,1.1098946407437325,0.7631024953829485
n100_i1115016_H_a1101_REFERENCE,n100_i1115016_H_a1101,100,1115016,H,1101,REFERENCE,0.1,0.19031732715666294,0.4526006407041438
n100_i1115016_H_a1101_REFERENCE,n100_i1115016_H_a1101,100,1115016,H,1101,REFERENCE,0.25,0.33844465762376785,0.6263011219294451
n100_i1115016_H_a1101_REFERENCE,n100_i1115016_H_a1101,100,1115016,H,1101,REFERENCE,0.5,0.011304032057523727,0.6946158966593577
n100_i1115016_H_a1101_REFERENCE,n100_i1115016_H_a1101,100,1115016,H,1101,REFERENCE,0.75,0.01562131941318512,0.7370172832904757
n100_i1115016_H_a1101_REFERENCE,n100_i1115016_H_a1101,100,1115016,H,1101,REFERENCE,0.9,1.1467512613162398,0.7500443816619637
n100_i1115016_H_a1101_REFERENCE,n100_i1115016_H_a1101,100,1115016,H,1101,REFERENCE,1.0,0.57303861156106,0.7570780843220822
n100_i1115016_H_a1101_W,n100_i1115016_H_a1101,100,1115016,H,1101,W,0.1,0.5951630519703031,0.46864669239932905
n100_i1115016_H_a1101_W,n100_i1115016_H_a1101,100,1115016,H,1101,W,0.25,0.3212754586711526,0.5710058335181005
n100_i1115016_H_a1101_W,n100_i1115016_H_a1101,100,1115016,H,1101,W,0.5,0.08745316695421934,0.7462716291990388
n100_i1115016_H_a1101_W,n100_i1115016_H_a1101,100,1115016,H,1101,W,0.75,0.18067354895174503,0.779490737604696
n100_i1115016_H_a1101_W,n100_i1115016_H_a1101,100,1115016,H,1101,W,0.9,0.033610397949814796,0.8054053235736284
n100_i1115016_H_a1101_W,n100_i1115016_H_a1101,100,1115016,H,1101,W,1.0,1.0631287544965744,0.8103239722666483
n100_i1115016_H_a1101_GW,n100_i1115016_H_a1101,100,1115016,H,1101,GW,0.1,0.4250639919191599,0.46856105875873616
n100_i1115016_H_a1101_GW,n100_i1115016_H_a1101,100,1115016,H,1101,GW,0.25,0.3553525283932686,0.6183714415978758
n100_i1115016_H_a1101_GW,n100_i1115016_H_a1101,100,1115016,H,1101,GW,0.5,0.13415439426898956,0.7009795864527977
n100_i1115016_H_a1101_GW,n100_i1115016_H_a1101,100,1115016,H,1101,GW,0.75,1.3483723429962993,0.7571040371325148
n100_i1115016_H_a1101_GW,n100_i1115016_H_a1101,100,1115016,H,1101,GW,0.9,0.5531476335600019,0.7663921491132517
n100_i1115016_H_a1101_GW,n100_i1115016_H_a1101,100,1115016,H,1101,GW,1.0,0.8862700741738081,0.7693035417261618
n100_i1115016_T_a2202_GW,n100_i1115016_T_a2202,100,1115016,T,2202,GW,0.1,0.14353736210614443,0.19100916824843228
n100_i1115016_T_a2202_GW,n100_i1115016_T_a2202,100,1115016,T,2202,GW,0.25,0.0072801318019628525,0.31303878387314743
n100_i1115016_T_a2202_GW,n100_i1115016_T_a2202,100,1115016,T,2202,GW,0.5,0.7259588623419404,0.4407558947108064
n100_i1115016_T_a2202_GW,n100_i1115016_T_a2202,100,1115016,T,2202,GW,0.75,1.784764009527862,0.5153759370807267
n100_i1115016_T_a2202_GW,n100_i1115016_T_a2202,100,1115016,T,2202,GW,0.9,0.07113033160567284,0.5263879030944278
n100_i1115016_T_a2202_GW,n100_i1115016_T_a2202,100,1115016,T,2202,GW,1.0,1.2916705515235662,0.5387096021229162
n100_i1115016_T_a2202_LEGACY,n100_i1115016_T_a2202,100,1115016,T,2202,LEGACY,0.1,0.008357350714504719,0.24164109630087266
n100_i1115016_T_a2202_LEGACY,n100_i1115016_T_a2202,100,1115016,T,2202,LEGACY,0.25,0.20699025690555573,0.3275034589486418
n100_i1115016_T_a2202_LEGACY,n100_i1115016_T_a2202,100,1115016,T,2202,LEGACY,0.5,0.08189573790878057,0.5629008432295806
n100_i1115016_T_a2202_LEGACY,n100_i1115016_T_a2202,100,1115016,T,2202,LEGACY,0.75,0.013181922025978565,0.6435922083052837
n100_i1115016_T_a2202_LEGACY,n100_i1115016_T_a2202,100,1115016,T,2202,LEGACY,0.9,0.00794174987822771,0.6543665413147883
n100_i1115016_T_a2202_LEGACY,n100_i1115016_T_a2202,100,1115016,T,2202,LEGACY,1.0,0.62043322250247,0.6590192421075454
n100_i1115016_T_a2202_REFERENCE,n100_i1115016_T_a2202,100,1115016,T,2202,REFERENCE,0.1,0.025173156522214413,0.2878656393758902
n100_i1115016_T_a2202_REFERENCE,n100_i1115016_T_a2202,100,1115016,T,2202,REFERENCE,0.25,0.8950027264654636,0.4247603765676543
n100_i1115016_T_a2202_REFERENCE,n100_i1115016_T_a2202,100,1115016,T,2202,REFERENCE,0.5,0.21853826474398375,0.5253426952329994
n100_i1115016_T_a2202_REFERENCE,n100_i1115016_T_a2202,100,1115016,T,2202,REFERENCE,0.75,0.9534252360463142,0.6141236399852313
n100_i1115016_T_a2202_REFERENCE,n100_i1115016_T_a2202,100,1115016,T,2202,REFERENCE,0.9,0.18144581746309996,0.6398976435143849
n100_i1115016_T_a2202_REFERENCE,n100_i1115016_T_a2202,100,1115016,T,2202,REFERENCE,1.0,1.3077140487730503,0.6459397703337489
n100_i1115016_T_a2202_W,n100_i1115016_T_a2202,100,1115016,T,2202,W,0.1,0.09976876806467772,0.2640694095425782
n100_i1115016_T_a2202_W,n100_i1115016_T_a2202,100,1115016,T,2202,W,0.25,0.0002474505454301834,0.5101232807455904
n100_i1115016_T_a2202_W,n100_i1115016_T_a2202,100,1115016,T,2202,W,0.5,0.9191294554620981,0.581930360097697
n100_i1115016_T_a2202_W,n100_i1115016_T_a2202,100,1115016,T,2202,W,0.75,0.12973761837929487,0.6371102572445231
n100_i1115016_T_a2202_W,n100_i1115016_T_a2202,100,1115016,T,2202,W,0.9,1.1650568582117558,0.6495393756181784
n100_i1115016_T_a2202_W,n100_i1115016_T_a2202,100,1115016,T,2202,W,1.0,0.5198671761900187,0.6572519160841793
n100_i1115016_T_a1101_REFERENCE,n100_i1115016_T_a1101,100,1115016,T,1101,REFERENCE,0.1,0.2520298585295677,0.29713448512868895
n100_i1115016_T_a1101_REFERENCE,n100_i1115016_T_a1101,100,1115016,T,1101,REFERENCE,0.25,0.5873528039082885,0.44429435393047445
n100_i1115016_T_a1101_REFERENCE,n100_i1115016_T_a1101,100,1115016,T,1101,REFERENCE,0.5,0.22798709478229284,0.6030742712136496
n100_i1115016_T_a1101_REFERENCE,n100_i1115016_T_a1101,100,1115016,T,1101,REFERENCE,0.75,0.5643055867403746,0.6768329533079266
n100_i1115016_T_a1101_REFERENCE,n100_i1115016_T_a1101,100,1115016,T,1101,REFERENCE,0.9,0.08606000524014235,0.7255475799974476
n100_i1115016_T_a1101_REFERENCE,n100_i1115016_T_a1101,100,1115016,T,1101,REFERENCE,1.0,0.5332665890455246,0.7486104373228785
n100_i1115016_T_a1101_W,n100_i1115016_T_a1101,100,1115016,T,1101,W,0.1,0.4535350752994418,0.2887322380145893
n100_i1115016_T_a1101_W,n100_i1115016_T_a1101,100,1115016,T,1101,W,0.25,0.007446957752108574,0.4145601564721194
n100_i1115016_T_a1101_W,n100_i1115016_T_a1101,100,1115016,T,1101,W,0.5,1.154443603940308,0.5825351073687662
n100_i1115016_T_a1101_W,n100_i1115016_T_a1101,100,1115016,T,1101,W,0.75,0.019844258204102516,0.611134168046292
n100_i1115016_T_a1101_W,n100_i1115016_T_a1101,100,1115016,T,1101,W,0.9,0.6993713919073343,0.6349784212946694
n100_i1115016_T_a1101_W,n100_i1115016_T_a1101,100,1115016,T,1101,W,1.0,1.3044472774490714,0.6526241036064033
n100_i1115016_T_a1101_GW,n100_i1115016_T_a1101,100,1115016,T,1101,GW,0.1,0.08046565018594265,0.28475193615822353
n100_i1115016_T_a1101_GW,n100_i1115016_T_a1101,100,1115016,T,1101,GW,0.25,0.10837268177419901,0.42123682170477206
n100_i1115016_T_a1101_GW,n100_i1115016_T_a1101,100,1115016,T,1101,GW,0.5,0.1377102928236127,0.521367949564143
n100_i1115016_T_a1101_GW,n100_i1115016_T_a1101,100,1115016,T,1101,GW,0.75,0.5878585614264011,0.5954486428549273
n100_i1115016_T_a1101_GW,n100_i1115016_T_a1101,100,1115016,T,1101,GW,0.9,0.7374533992260695,0.622636279433248
n100_i1115016_T_a1101_GW,n100_i1115016_T_a1101,100,1115016,T,1101,GW,1.0,1.8987674098461866,0.6328530034386431
n100_i1115016_T_a1101_LEGACY,n100_i1115016_T_a1101,100,1115016,T,1101,LEGACY,0.1,0.0056109800934791565,0.31411291319988033
n100_i1115016_T_a1101_LEGACY,n100_i1115016_T_a1101,100,1115016,T,1101,LEGACY,0.25,0.0071634044870734215,0.5316947533994111
n100_i1115016_T_a1101_LEGACY,n100_i1115016_T_a1101,100,1115016,T,1101,LEGACY,0.5,0.12950735352933407,0.6212919900795929
n100_i1115016_T_a1101_LEGACY,n100_i1115016_T_a1101,100,1115016,T,1101,LEGACY,0.75,0.007632131688296795,0.681601526596261
n100_i1115016_T_a1101_LEGACY,n100_i1115016_T_a1101,100,1115016,T,1101,LEGACY,0.9,0.18532528821378946,0.7111067236946416
n100_i1115016_T_a1101_LEGACY,n100_i1115016_T_a1101,100,1115016,T,1101,LEGACY,1.0,0.28216340858489275,0.7447043029531828
n100_i1115017_H_a2202_W,n100_i1115017_H_a2202,100,1115017,H,2202,W,0.1,0.27554405108094215,0.5185083808689289
n100_i1115017_H_a2202_W,n100_i1115017_H_a2202,100,1115017,H,2202,W,0.25,0.014938541688024998,0.6806337849860074
n100_i1115017_H_a2202_W,n100_i1115017_H_a2202,100,1115017,H,2202,W,0.5,0.10064244270324707,0.8012609387494213
n100_i1115017_H_a2202_W,n100_i1115017_H_a2202,100,1115017,H,2202,W,0.75,2.1069919476285577,0.8182952771783648
n100_i1115017_H_a2202_W,n100_i1115017_H_a2202,100,1115017,H,2202,W,0.9,0.018398364074528217,0.8247890997638976
n100_i1115017_H_a2202_W,n100_i1115017_H_a2202,100,1115017,H,2202,W,1.0,0.6095190644264221,0.8573361338692651
n100_i1115017_H_a2202_GW,n100_i1115017_H_a2202,100,1115017,H,2202,GW,0.1,0.11173382215201855,0.5180905067415759
n100_i1115017_H_a2202_GW,n100_i1115017_H_a2202,100,1115017,H,2202,GW,0.25,2.2033556643873453,0.6953996656429345
n100_i1115017_H_a2202_GW,n100_i1115017_H_a2202,100,1115017,H,2202,GW,0.5,0.22569106705486774,0.8145877289769463
n100_i1115017_H_a2202_GW,n100_i1115017_H_a2202,100,1115017,H,2202,GW,0.75,1.4730058321729302,0.8677464543557601
n100_i1115017_H_a2202_GW,n100_i1115017_H_a2202,100,1115017,H,2202,GW,0.9,0.8072785744443536,0.8964564848029838
n100_i1115017_H_a2202_GW,n100_i1115017_H_a2202,100,1115017,H,2202,GW,1.0,0.45907390024513006,0.899918226888659
n100_i1115017_H_a2202_LEGACY,n100_i1115017_H_a2202,100,1115017,H,2202,LEGACY,0.1,0.13511817809194326,0.5811008074198448
n100_i1115017_H_a2202_LEGACY,n100_i1115017_H_a2202,100,1115017,H,2202,LEGACY,0.25,0.0004344796761870384,0.7663247619101867
n100_i1115017_H_a2202_LEGACY,n100_i1115017_H_a2202,100,1115017,H,2202,LEGACY,0.5,0.0042099012061953545,0.8774741243524923
n100_i1115017_H_a2202_LEGACY,n100_i1115017_H_a2202,100,1115017,H,2202,LEGACY,0.75,0.8000464765354991,1.0156341704802245
n100_i1115017_H_a2202_LEGACY,n100_i1115017_H_a2202,100,1115017,H,2202,LEGACY,0.9,0.003565649501979351,1.0263514592901657
n100_i1115017_H_a2202_LEGACY,n100_i1115017_H_a2202,100,1115017,H,2202,LEGACY,1.0,0.2466480601578951,1.0319267566602446
n100_i1115017_H_a2202_REFERENCE,n100_i1115017_H_a2202,100,1115017,H,2202,REFERENCE,0.1,0.007543638348579407,0.515586472691004
n100_i1115017_H_a2202_REFERENCE,n100_i1115017_H_a2202,100,1115017,H,2202,REFERENCE,0.25,0.06928698811680079,0.6648340072328502
n100_i1115017_H_a2202_REFERENCE,n100_i1115017_H_a2202,100,1115017,H,2202,REFERENCE,0.5,0.06746175978332758,0.7862896005052421
n100_i1115017_H_a2202_REFERENCE,n100_i1115017_H_a2202,100,1115017,H,2202,REFERENCE,0.75,0.03235151246190071,0.8137478401693637
n100_i1115017_H_a2202_REFERENCE,n100_i1115017_H_a2202,100,1115017,H,2202,REFERENCE,0.9,0.20322599541395903,0.84508316125155
n100_i1115017_H_a2202_REFERENCE,n100_i1115017_H_a2202,100,1115017,H,2202,REFERENCE,1.0,0.8377890028059483,0.8506556727138849
n100_i1115017_H_a1101_LEGACY,n100_i1115017_H_a1101,100,1115017,H,1101,LEGACY,0.1,0.019642931409180164,0.4479788879137655
n100_i1115017_H_a1101_LEGACY,n100_i1115017_H_a1101,100,1115017,H,1101,LEGACY,0.25,0.004836688749492168,0.6021812498340289
n100_i1115017_H_a1101_LEGACY,n100_i1115017_H_a1101,100,1115017,H,1101,LEGACY,0.5,0.0171256922185421,0.7817530024624296
n100_i1115017_H_a1101_LEGACY,n100_i1115017_H_a1101,100,1115017,H,1101,LEGACY,0.75,0.25684171076864004,0.8097122341824822
n100_i1115017_H_a1101_LEGACY,n100_i1115017_H_a1101,100,1115017,H,1101,LEGACY,0.9,0.18110450636595488,0.8304617432489767
n100_i1115017_H_a1101_LEGACY,n100_i1115017_H_a1101,100,1115017,H,1101,LEGACY,1.0,0.01648426055908203,0.8419078768703386
n100_i1115017_H_a1101_REFERENCE,n100_i1115017_H_a1101,100,1115017,H,1101,REFERENCE,0.1,0.4450209978967905,0.4491350560739653
n100_i1115017_H_a1101_REFERENCE,n100_i1115017_H_a1101,100,1115017,H,1101,REFERENCE,0.25,0.35190197825431824,0.622396999836095
n100_i1115017_H_a1101_REFERENCE,n100_i1115017_H_a1101,100,1115017,H,1101,REFERENCE,0.5,0.041970144957304,0.7857069221844822
n100_i1115017_H_a1101_REFERENCE,n100_i1115017_H_a1101,100,1115017,H,1101,REFERENCE,0.75,0.08777851704508066,0.851130206869595
n100_i1115017_H_a1101_REFERENCE,n100_i1115017_H_a1101,100,1115017,H,1101,REFERENCE,0.9,0.3157338723540306,0.8557353424548511
n100_i1115017_H_a1101_REFERENCE,n100_i1115017_H_a1101,100,1115017,H,1101,REFERENCE,1.0,0.6770595982670784,0.8719913127012762
n100_i1115017_H_a1101_W,n100_i1115017_H_a1101,100,1115017,H,1101,W,0.1,0.2703790348023176,0.5238084510120288
n100_i1115017_H_a1101_W,n100_i1115017_H_a1101,100,1115017,H,1101,W,0.25,0.34224001970142126,0.7822135459057831
n100_i1115017_H_a1101_W,n100_i1115017_H_a1101,100,1115017,H,1101,W,0.5,0.06881510466337204,0.8592441076145823
n100_i1115017_H_a1101_W,n100_i1115017_H_a1101,100,1115017,H,1101,W,0.75,0.3516126684844494,0.8792320401613576
n100_i1115017_H_a1101_W,n100_i1115017_H_a1101,100,1115017,H,1101,W,0.9,0.4766977420076728,0.8890336197489852
n100_i1115017_H_a1101_W,n100_i1115017_H_a1101,100,1115017,H,1101,W,1.0,0.6454768497496843,0.9163636755658204
n100_i1115017_H_a1101_GW,n100_i1115017_H_a1101,100,1115017,H,1101,GW,0.1,0.07092567998915911,0.5238084510120288
n100_i1115017_H_a1101_GW,n100_i1115017_H_a1101,100,1115017,H,1101,GW,0.25,0.513603032566607,0.7711583006131244
n100_i1115017_H_a1101_GW,n100_i1115017_H_a1101,100,1115017,H,1101,GW,0.5,0.1812109313905239,0.8385137938335208
n100_i1115017_H_a1101_GW,n100_i1115017_H_a1101,100,1115017,H,1101,GW,0.75,0.10252268426120281,0.8868228176313907
n100_i1115017_H_a1101_GW,n100_i1115017_H_a1101,100,1115017,H,1101,GW,0.9,0.011801639571785927,0.9152397818158892
n100_i1115017_H_a1101_GW,n100_i1115017_H_a1101,100,1115017,H,1101,GW,1.0,0.9402846647426486,0.9222303122968486
n100_i1115017_T_a2202_GW,n100_i1115017_T_a2202,100,1115017,T,2202,GW,0.1,1.0587401986122131,0.4656457509334488
n100_i1115017_T_a2202_GW,n100_i1115017_T_a2202,100,1115017,T,2202,GW,0.25,0.5433050198480487,0.5749335720776589
n100_i1115017_T_a2202_GW,n100_i1115017_T_a2202,100,1115017,T,2202,GW,0.5,0.519820268265903,0.6804347942974328
n100_i1115017_T_a2202_GW,n100_i1115017_T_a2202,100,1115017,T,2202,GW,0.75,0.0002641212195158005,0.7109351736093894
n100_i1115017_T_a2202_GW,n100_i1115017_T_a2202,100,1115017,T,2202,GW,0.9,0.15031737741082907,0.7245984445165086
n100_i1115017_T_a2202_GW,n100_i1115017_T_a2202,100,1115017,T,2202,GW,1.0,0.655951663851738,0.7309471853839525
n100_i1115017_T_a2202_LEGACY,n100_i1115017_T_a2202,100,1115017,T,2202,LEGACY,0.1,1.3360680025070906,0.5142394223471688
n100_i1115017_T_a2202_LEGACY,n100_i1115017_T_a2202,100,1115017,T,2202,LEGACY,0.25,0.19338064920157194,0.6710354426814301
n100_i1115017_T_a2202_LEGACY,n100_i1115017_T_a2202,100,1115017,T,2202,LEGACY,0.5,0.6588209616020322,0.8215642568861874
n100_i1115017_T_a2202_LEGACY,n100_i1115017_T_a2202,100,1115017,T,2202,LEGACY,0.75,0.5489276340231299,0.8445307649912669
n100_i1115017_T_a2202_LEGACY,n100_i1115017_T_a2202,100,1115017,T,2202,LEGACY,0.9,1.0904692355543375,0.8792506205832862
n100_i1115017_T_a2202_LEGACY,n100_i1115017_T_a2202,100,1115017,T,2202,LEGACY,1.0,0.24911283142864704,0.8858828985368808
n100_i1115017_T_a2202_REFERENCE,n100_i1115017_T_a2202,100,1115017,T,2202,REFERENCE,0.1,0.08124612551182508,0.5177841808966887
n100_i1115017_T_a2202_REFERENCE,n100_i1115017_T_a2202,100,1115017,T,2202,REFERENCE,0.25,0.2633868893608451,0.7502942192375425
n100_i1115017_T_a2202_REFERENCE,n100_i1115017_T_a2202,100,1115017,T,2202,REFERENCE,0.5,0.0112513592466712,0.8870498989643212
n100_i1115017_T_a2202_REFERENCE,n100_i1115017_T_a2202,100,1115017,T,2202,REFERENCE,0.75,0.08327568043023348,0.9573131663929703
n100_i1115017_T_a2202_REFERENCE,n100_i1115017_T_a2202,100,1115017,T,2202,REFERENCE,0.9,0.39468791149556637,0.9711125474819735
n100_i1115017_T_a2202_REFERENCE,n100_i1115017_T_a2202,100,1115017,T,2202,REFERENCE,1.0,0.5995026556774974,0.9796803300132334
n100_i1115017_T_a2202_W,n100_i1115017_T_a2202,100,1115017,T,2202,W,0.1,0.049973602406680584,0.5284411225462283
n100_i1115017_T_a2202_W,n100_i1115017_T_a2202,100,1115017,T,2202,W,0.25,0.1233866335824132,0.6450897331255496
n100_i1115017_T_a2202_W,n100_i1115017_T_a2202,100,1115017,T,2202,W,0.5,0.7888376954942942,0.7168963667158399
n100_i1115017_T_a2202_W,n100_i1115017_T_a2202,100,1115017,T,2202,W,0.75,0.5200294991955161,0.7525149326169434
n100_i1115017_T_a2202_W,n100_i1115017_T_a2202,100,1115017,T,2202,W,0.9,0.9214910818263888,0.7811701940541854
n100_i1115017_T_a2202_W,n100_i1115017_T_a2202,100,1115017,T,2202,W,1.0,0.07200532499700785,0.8050528259144294
n100_i1115017_T_a1101_REFERENCE,n100_i1115017_T_a1101,100,1115017,T,1101,REFERENCE,0.1,0.012072991579771042,0.5019589817785457
n100_i1115017_T_a1101_REFERENCE,n100_i1115017_T_a1101,100,1115017,T,1101,REFERENCE,0.25,0.046685872599482536,0.7668689019981285
n100_i1115017_T_a1101_REFERENCE,n100_i1115017_T_a1101,100,1115017,T,1101,REFERENCE,0.5,0.10323127079755068,0.8254021529358188
n100_i1115017_T_a1101_REFERENCE,n100_i1115017_T_a1101,100,1115017,T,1101,REFERENCE,0.75,0.8668695678934455,0.8434848102761121
n100_i1115017_T_a1101_REFERENCE,n100_i1115017_T_a1101,100,1115017,T,1101,REFERENCE,0.9,0.09141053818166256,0.8490774652390687
n100_i1115017_T_a1101_REFERENCE,n100_i1115017_T_a1101,100,1115017,T,1101,REFERENCE,1.0,0.803369078785181,0.8648045520883006
n100_i1115017_T_a1101_W,n100_i1115017_T_a1101,100,1115017,T,1101,W,0.1,0.42742603830993176,0.5095075373268656
n100_i1115017_T_a1101_W,n100_i1115017_T_a1101,100,1115017,T,1101,W,0.25,0.11032073572278023,0.7030114635554813
n100_i1115017_T_a1101_W,n100_i1115017_T_a1101,100,1115017,T,1101,W,0.5,0.011768411844968796,0.839762427102402
n100_i1115017_T_a1101_W,n100_i1115017_T_a1101,100,1115017,T,1101,W,0.75,0.22281947080045938,0.8810635070065963
n100_i1115017_T_a1101_W,n100_i1115017_T_a1101,100,1115017,T,1101,W,0.9,1.4458232019096613,0.8907904545794404
n100_i1115017_T_a1101_W,n100_i1115017_T_a1101,100,1115017,T,1101,W,1.0,1.298263756558299,0.8964608076913507
n100_i1115017_T_a1101_GW,n100_i1115017_T_a1101,100,1115017,T,1101,GW,0.1,0.27670303266495466,0.5095075373268656
n100_i1115017_T_a1101_GW,n100_i1115017_T_a1101,100,1115017,T,1101,GW,0.25,0.7990866955369711,0.7030327168003153
n100_i1115017_T_a1101_GW,n100_i1115017_T_a1101,100,1115017,T,1101,GW,0.5,0.03739131893962622,0.8391263245918622
n100_i1115017_T_a1101_GW,n100_i1115017_T_a1101,100,1115017,T,1101,GW,0.75,0.6443253187462687,0.8810635070065963
n100_i1115017_T_a1101_GW,n100_i1115017_T_a1101,100,1115017,T,1101,GW,0.9,0.8236398315057158,0.8921854939556279
n100_i1115017_T_a1101_GW,n100_i1115017_T_a1101,100,1115017,T,1101,GW,1.0,1.461874800734222,0.9063919480493116
n100_i1115017_T_a1101_LEGACY,n100_i1115017_T_a1101,100,1115017,T,1101,LEGACY,0.1,0.07825899962335825,0.4782162522109684
n100_i1115017_T_a1101_LEGACY,n100_i1115017_T_a1101,100,1115017,T,1101,LEGACY,0.25,0.2361035980284214,0.6929670967076201
n100_i1115017_T_a1101_LEGACY,n100_i1115017_T_a1101,100,1115017,T,1101,LEGACY,0.5,0.33187201991677284,0.8211906694348432
n100_i1115017_T_a1101_LEGACY,n100_i1115017_T_a1101,100,1115017,T,1101,LEGACY,0.75,0.3056152490898967,0.8741942158241838
n100_i1115017_T_a1101_LEGACY,n100_i1115017_T_a1101,100,1115017,T,1101,LEGACY,0.9,0.3872853834182024,0.9115724912461167
n100_i1115017_T_a1101_LEGACY,n100_i1115017_T_a1101,100,1115017,T,1101,LEGACY,1.0,0.643219280987978,0.9217916509009778
n100_i1115018_H_a2202_W,n100_i1115018_H_a2202,100,1115018,H,2202,W,0.1,0.5787803959101439,0.39816517120634404
n100_i1115018_H_a2202_W,n100_i1115018_H_a2202,100,1115018,H,2202,W,0.25,0.7570687588304281,0.5990777707324962
n100_i1115018_H_a2202_W,n100_i1115018_H_a2202,100,1115018,H,2202,W,0.5,0.4421327766031027,0.6840141785105132
n100_i1115018_H_a2202_W,n100_i1115018_H_a2202,100,1115018,H,2202,W,0.75,0.6254735570400953,0.7422621504538865
n100_i1115018_H_a2202_W,n100_i1115018_H_a2202,100,1115018,H,2202,W,0.9,0.047648786567151546,0.7644183226279233
n100_i1115018_H_a2202_W,n100_i1115018_H_a2202,100,1115018,H,2202,W,1.0,0.9169634710997343,0.7697950189307106
n100_i1115018_H_a2202_GW,n100_i1115018_H_a2202,100,1115018,H,2202,GW,0.1,0.5859792623668909,0.39174027308975007
n100_i1115018_H_a2202_GW,n100_i1115018_H_a2202,100,1115018,H,2202,GW,0.25,0.003964884206652641,0.6061848851192129
n100_i1115018_H_a2202_GW,n100_i1115018_H_a2202,100,1115018,H,2202,GW,0.5,0.07416992355138063,0.7161856737808084
n100_i1115018_H_a2202_GW,n100_i1115018_H_a2202,100,1115018,H,2202,GW,0.75,0.31923382356762886,0.7798762605922285
n100_i1115018_H_a2202_GW,n100_i1115018_H_a2202,100,1115018,H,2202,GW,0.9,0.06643906328827143,0.8012741858058096
n100_i1115018_H_a2202_GW,n100_i1115018_H_a2202,100,1115018,H,2202,GW,1.0,0.13541695848107338,0.8073185961921122
n100_i1115018_H_a2202_LEGACY,n100_i1115018_H_a2202,100,1115018,H,2202,LEGACY,0.1,0.4495449224486947,0.4562188218718714
n100_i1115018_H_a2202_LEGACY,n100_i1115018_H_a2202,100,1115018,H,2202,LEGACY,0.25,0.20090143661946058,0.7324257525484935
n100_i1115018_H_a2202_LEGACY,n100_i1115018_H_a2202,100,1115018,H,2202,LEGACY,0.5,0.2605926925316453,0.8627651260527737
n100_i1115018_H_a2202_LEGACY,n100_i1115018_H_a2202,100,1115018,H,2202,LEGACY,0.75,1.351241840980947,0.9553980703141021
n100_i1115018_H_a2202_LEGACY,n100_i1115018_H_a2202,100,1115018,H,2202,LEGACY,0.9,0.0960409538820386,0.9574196851947956
n100_i1115018_H_a2202_LEGACY,n100_i1115018_H_a2202,100,1115018,H,2202,LEGACY,1.0,0.2082940749824047,0.960527611225747
n100_i1115018_H_a2202_REFERENCE,n100_i1115018_H_a2202,100,1115018,H,2202,REFERENCE,0.1,0.05719267390668392,0.4246258350909316
n100_i1115018_H_a2202_REFERENCE,n100_i1115018_H_a2202,100,1115018,H,2202,REFERENCE,0.25,1.066097179427743,0.6162332660119779
n100_i1115018_H_a2202_REFERENCE,n100_i1115018_H_a2202,100,1115018,H,2202,REFERENCE,0.5,1.2086642049252987,0.7058131138024133
n100_i1115018_H_a2202_REFERENCE,n100_i1115018_H_a2202,100,1115018,H,2202,REFERENCE,0.75,0.09455477725714445,0.7479358277534762
n100_i1115018_H_a2202_REFERENCE,n100_i1115018_H_a2202,100,1115018,H,2202,REFERENCE,0.9,0.0020165760070085526,0.76363957219635
n100_i1115018_H_a2202_REFERENCE,n100_i1115018_H_a2202,100,1115018,H,2202,REFERENCE,1.0,1.0321185635402799,0.7834962663463297
n100_i1115018_H_a1101_LEGACY,n100_i1115018_H_a1101,100,1115018,H,1101,LEGACY,0.1,0.161251082085073,0.3263412554693493
n100_i1115018_H_a1101_LEGACY,n100_i1115018_H_a1101,100,1115018,H,1101,LEGACY,0.25,0.0013244235888123512,0.5159465965276177
n100_i1115018_H_a1101_LEGACY,n100_i1115018_H_a1101,100,1115018,H,1101,LEGACY,0.5,1.597038784995675,0.7483780225316071
n100_i1115018_H_a1101_LEGACY,n100_i1115018_H_a1101,100,1115018,H,1101,LEGACY,0.75,0.39555616956204176,0.8288160986824488
n100_i1115018_H_a1101_LEGACY,n100_i1115018_H_a1101,100,1115018,H,1101,LEGACY,0.9,0.05098045524209738,0.8507908377893862
n100_i1115018_H_a1101_LEGACY,n100_i1115018_H_a1101,100,1115018,H,1101,LEGACY,1.0,1.2977289715781808,0.8570639970058711
n100_i1115018_H_a1101_REFERENCE,n100_i1115018_H_a1101,100,1115018,H,1101,REFERENCE,0.1,1.2286163792014122,0.329399464436876
n100_i1115018_H_a1101_REFERENCE,n100_i1115018_H_a1101,100,1115018,H,1101,REFERENCE,0.25,0.0018442021682858467,0.5624861772248696
n100_i1115018_H_a1101_REFERENCE,n100_i1115018_H_a1101,100,1115018,H,1101,REFERENCE,0.5,0.501375075429678,0.8528987956593935
n100_i1115018_H_a1101_REFERENCE,n100_i1115018_H_a1101,100,1115018,H,1101,REFERENCE,0.75,0.3263429580256343,0.9154237485756591
n100_i1115018_H_a1101_REFERENCE,n100_i1115018_H_a1101,100,1115018,H,1101,REFERENCE,0.9,0.46561999525874853,0.9321996024396779
n100_i1115018_H_a1101_REFERENCE,n100_i1115018_H_a1101,100,1115018,H,1101,REFERENCE,1.0,1.3686339342966676,0.9424680991221552
n100_i1115018_H_a1101_W,n100_i1115018_H_a1101,100,1115018,H,1101,W,0.1,0.14215009566396475,0.36880058721035247
n100_i1115018_H_a1101_W,n100_i1115018_H_a1101,100,1115018,H,1101,W,0.25,0.4011336322873831,0.6465120760945892
n100_i1115018_H_a1101_W,n100_i1115018_H_a1101,100,1115018,H,1101,W,0.5,0.25342232547700405,0.7598859598635359
n100_i1115018_H_a1101_W,n100_i1115018_H_a1101,100,1115018,H,1101,W,0.75,1.0901603642851114,0.8173599045356881
n100_i1115018_H_a1101_W,n100_i1115018_H_a1101,100,1115018,H,1101,W,0.9,1.3242581710219383,0.8306165343741313
n100_i1115018_H_a1101_W,n100_i1115018_H_a1101,100,1115018,H,1101,W,1.0,0.4441764345392585,0.8446610172477709
n100_i1115018_H_a1101_GW,n100_i1115018_H_a1101,100,1115018,H,1101,GW,0.1,0.12465597037225962,0.36880058721035247
n100_i1115018_H_a1101_GW,n100_i1115018_H_a1101,100,1115018,H,1101,GW,0.25,0.014264741912484169,0.6465120760945892
n100_i1115018_H_a1101_GW,n100_i1115018_H_a1101,100,1115018,H,1101,GW,0.5,0.5195226250216365,0.7578024601774278
n100_i1115018_H_a1101_GW,n100_i1115018_H_a1101,100,1115018,H,1101,GW,0.75,0.04683259129524231,0.8084041900197658
n100_i1115018_H_a1101_GW,n100_i1115018_H_a1101,100,1115018,H,1101,GW,0.9,0.027467140927910805,0.837662449816521
n100_i1115018_H_a1101_GW,n100_i1115018_H_a1101,100,1115018,H,1101,GW,1.0,0.49785527028143406,0.8767607248066717
n100_i1115018_T_a2202_GW,n100_i1115018_T_a2202,100,1115018,T,2202,GW,0.1,1.0501106111332774,0.3267746531972259
n100_i1115018_T_a2202_GW,n100_i1115018_T_a2202,100,1115018,T,2202,GW,0.25,0.690485892817378,0.4449478865910918
n100_i1115018_T_a2202_GW,n100_i1115018_T_a2202,100,1115018,T,2202,GW,0.5,0.0004388941451907158,0.6070507188525155
n100_i1115018_T_a2202_GW,n100_i1115018_T_a2202,100,1115018,T,2202,GW,0.75,0.372972515411675,0.6943704871364833
n100_i1115018_T_a2202_GW,n100_i1115018_T_a2202,100,1115018,T,2202,GW,0.9,0.0002238703891634941,0.7392472466573693
n100_i1115018_T_a2202_GW,n100_i1115018_T_a2202,100,1115018,T,2202,GW,1.0,2.108937512151897,0.770278645438605
n100_i1115018_T_a2202_LEGACY,n100_i1115018_T_a2202,100,1115018,T,2202,LEGACY,0.1,0.10145433433353901,0.3111888742284654
n100_i1115018_T_a2202_LEGACY,n100_i1115018_T_a2202,100,1115018,T,2202,LEGACY,0.25,0.31067653466016054,0.5032543770729845
n100_i1115018_T_a2202_LEGACY,n100_i1115018_T_a2202,100,1115018,T,2202,LEGACY,0.5,0.8947263630107045,0.6381505114260382
n100_i1115018_T_a2202_LEGACY,n100_i1115018_T_a2202,100,1115018,T,2202,LEGACY,0.75,0.24252377543598413,0.7597589884333976
n100_i1115018_T_a2202_LEGACY,n100_i1115018_T_a2202,100,1115018,T,2202,LEGACY,0.9,0.8205576576292515,0.7789583591948211
n100_i1115018_T_a2202_LEGACY,n100_i1115018_T_a2202,100,1115018,T,2202,LEGACY,1.0,0.5942946234717965,0.7851770476382212
n100_i1115018_T_a2202_REFERENCE,n100_i1115018_T_a2202,100,1115018,T,2202,REFERENCE,0.1,0.17601721826940775,0.33449668763593665
n100_i1115018_T_a2202_REFERENCE,n100_i1115018_T_a2202,100,1115018,T,2202,REFERENCE,0.25,0.5472305277362466,0.5524005171851026
n100_i1115018_T_a2202_REFERENCE,n100_i1115018_T_a2202,100,1115018,T,2202,REFERENCE,0.5,0.23145049531012774,0.7075157833661643
n100_i1115018_T_a2202_REFERENCE,n100_i1115018_T_a2202,100,1115018,T,2202,REFERENCE,0.75,1.126585085876286,0.7549276761063068
n100_i1115018_T_a2202_REFERENCE,n100_i1115018_T_a2202,100,1115018,T,2202,REFERENCE,0.9,0.27258709538728,0.7776842134046572
n100_i1115018_T_a2202_REFERENCE,n100_i1115018_T_a2202,100,1115018,T,2202,REFERENCE,1.0,0.3609564621001482,0.7845526127068216
n100_i1115018_T_a2202_W,n100_i1115018_T_a2202,100,1115018,T,2202,W,0.1,0.39105094596743584,0.39239400036175065
n100_i1115018_T_a2202_W,n100_i1115018_T_a2202,100,1115018,T,2202,W,0.25,0.05276420619338751,0.6753010229486139
n100_i1115018_T_a2202_W,n100_i1115018_T_a2202,100,1115018,T,2202,W,0.5,0.10903002973645926,0.8516253579745751
n100_i1115018_T_a2202_W,n100_i1115018_T_a2202,100,1115018,T,2202,W,0.75,0.09998529404401779,0.9135252581825687
n100_i1115018_T_a2202_W,n100_i1115018_T_a2202,100,1115018,T,2202,W,0.9,0.005970323458313942,0.91974313812452
n100_i1115018_T_a2202_W,n100_i1115018_T_a2202,100,1115018,T,2202,W,1.0,0.8074787091463804,0.9256630581316283
n100_i1115018_T_a1101_REFERENCE,n100_i1115018_T_a1101,100,1115018,T,1101,REFERENCE,0.1,0.0019136574119329453,0.4061573126850275
n100_i1115018_T_a1101_REFERENCE,n100_i1115018_T_a1101,100,1115018,T,1101,REFERENCE,0.25,0.005908079445362091,0.6156498606125408
n100_i1115018_T_a1101_REFERENCE,n100_i1115018_T_a1101,100,1115018,T,1101,REFERENCE,0.5,0.0012104371562600136,0.729259570632877
n100_i1115018_T_a1101_REFERENCE,n100_i1115018_T_a1101,100,1115018,T,1101,REFERENCE,0.75,0.03168513532727957,0.7854529653498123
n100_i1115018_T_a1101_REFERENCE,n100_i1115018_T_a1101,100,1115018,T,1101,REFERENCE,0.9,0.5049714520573616,0.813882320779997
n100_i1115018_T_a1101_REFERENCE,n100_i1115018_T_a1101,100,1115018,T,1101,REFERENCE,1.0,0.4800689220428467,0.853645010882973
n100_i1115018_T_a1101_W,n100_i1115018_T_a1101,100,1115018,T,1101,W,0.1,0.024613363668322563,0.24311233730612877
n100_i1115018_T_a1101_W,n100_i1115018_T_a1101,100,1115018,T,1101,W,0.25,0.05047945212572813,0.63260192406692
n100_i1115018_T_a1101_W,n100_i1115018_T_a1101,100,1115018,T,1101,W,0.5,0.9063303004950285,0.7586949827284186
n100_i1115018_T_a1101_W,n100_i1115018_T_a1101,100,1115018,T,1101,W,0.75,0.25928013771772385,0.7969326773997294
n100_i1115018_T_a1101_W,n100_i1115018_T_a1101,100,1115018,T,1101,W,0.9,0.40450439881533384,0.8132679902312034
n100_i1115018_T_a1101_W,n100_i1115018_T_a1101,100,1115018,T,1101,W,1.0,0.5676632290706038,0.8147678629887627
n100_i1115018_T_a1101_GW,n100_i1115018_T_a1101,100,1115018,T,1101,GW,0.1,0.006864373572170734,0.2430463056654608
n100_i1115018_T_a1101_GW,n100_i1115018_T_a1101,100,1115018,T,1101,GW,0.25,0.06233805324882269,0.6992942491907419
n100_i1115018_T_a1101_GW,n100_i1115018_T_a1101,100,1115018,T,1101,GW,0.5,0.04741970356553793,0.8225676753422131
n100_i1115018_T_a1101_GW,n100_i1115018_T_a1101,100,1115018,T,1101,GW,0.75,0.002589748241007328,0.8551658377053051
n100_i1115018_T_a1101_GW,n100_i1115018_T_a1101,100,1115018,T,1101,GW,0.9,0.09768008813261986,0.8646501826615955
n100_i1115018_T_a1101_GW,n100_i1115018_T_a1101,100,1115018,T,1101,GW,1.0,0.010622143745422363,0.8679330786577912
n100_i1115018_T_a1101_LEGACY,n100_i1115018_T_a1101,100,1115018,T,1101,LEGACY,0.1,0.47477309312671423,0.33908564290520776
n100_i1115018_T_a1101_LEGACY,n100_i1115018_T_a1101,100,1115018,T,1101,LEGACY,0.25,0.11267106607556343,0.6677797002011471
n100_i1115018_T_a1101_LEGACY,n100_i1115018_T_a1101,100,1115018,T,1101,LEGACY,0.5,0.19690883439034224,0.8066558298511365
n100_i1115018_T_a1101_LEGACY,n100_i1115018_T_a1101,100,1115018,T,1101,LEGACY,0.75,0.15306519716978073,0.8325877505538448
n100_i1115018_T_a1101_LEGACY,n100_i1115018_T_a1101,100,1115018,T,1101,LEGACY,0.9,0.17749792337417603,0.8397493809624198
n100_i1115018_T_a1101_LEGACY,n100_i1115018_T_a1101,100,1115018,T,1101,LEGACY,1.0,0.6685270201414824,0.8405868074550067
n100_i1115019_H_a2202_W,n100_i1115019_H_a2202,100,1115019,H,2202,W,0.1,0.011870590038597584,0.5637326872007573
n100_i1115019_H_a2202_W,n100_i1115019_H_a2202,100,1115019,H,2202,W,0.25,0.0385933592915535,0.7102202338390153
n100_i1115019_H_a2202_W,n100_i1115019_H_a2202,100,1115019,H,2202,W,0.5,0.06660746969282627,0.8168142285410106
n100_i1115019_H_a2202_W,n100_i1115019_H_a2202,100,1115019,H,2202,W,0.75,0.6257652994245291,0.8567516379934363
n100_i1115019_H_a2202_W,n100_i1115019_H_a2202,100,1115019,H,2202,W,0.9,0.5554098226130009,0.8617647936970427
n100_i1115019_H_a2202_W,n100_i1115019_H_a2202,100,1115019,H,2202,W,1.0,0.6089225336909294,0.8802628699729654
n100_i1115019_H_a2202_GW,n100_i1115019_H_a2202,100,1115019,H,2202,GW,0.1,0.10508100781589746,0.5516216077682431
n100_i1115019_H_a2202_GW,n100_i1115019_H_a2202,100,1115019,H,2202,GW,0.25,0.17596468143165112,0.6723833258934612
n100_i1115019_H_a2202_GW,n100_i1115019_H_a2202,100,1115019,H,2202,GW,0.5,0.47669739462435246,0.754125749891615
n100_i1115019_H_a2202_GW,n100_i1115019_H_a2202,100,1115019,H,2202,GW,0.75,0.09184421878308058,0.7886658865244291
n100_i1115019_H_a2202_GW,n100_i1115019_H_a2202,100,1115019,H,2202,GW,0.9,0.0023831194266676903,0.8082812992710077
n100_i1115019_H_a2202_GW,n100_i1115019_H_a2202,100,1115019,H,2202,GW,1.0,0.6801439598202705,0.824940922740689
n100_i1115019_H_a2202_LEGACY,n100_i1115019_H_a2202,100,1115019,H,2202,LEGACY,0.1,0.09912032540887594,0.4940385693732853
n100_i1115019_H_a2202_LEGACY,n100_i1115019_H_a2202,100,1115019,H,2202,LEGACY,0.25,0.2283673295751214,0.8028015457559773
n100_i1115019_H_a2202_LEGACY,n100_i1115019_H_a2202,100,1115019,H,2202,LEGACY,0.5,0.047911208122968674,0.9236114820520807
n100_i1115019_H_a2202_LEGACY,n100_i1115019_H_a2202,100,1115019,H,2202,LEGACY,0.75,0.0872323615476489,0.9657299219107627
n100_i1115019_H_a2202_LEGACY,n100_i1115019_H_a2202,100,1115019,H,2202,LEGACY,0.9,0.11220555007457733,0.9796414077002307
n100_i1115019_H_a2202_LEGACY,n100_i1115019_H_a2202,100,1115019,H,2202,LEGACY,1.0,0.9800198283046484,0.9844727289218805
n100_i1115019_H_a2202_REFERENCE,n100_i1115019_H_a2202,100,1115019,H,2202,REFERENCE,0.1,1.0181702747941017,0.5380411943422758
n100_i1115019_H_a2202_REFERENCE,n100_i1115019_H_a2202,100,1115019,H,2202,REFERENCE,0.25,0.8149333950132132,0.7049985373441073
n100_i1115019_H_a2202_REFERENCE,n100_i1115019_H_a2202,100,1115019,H,2202,REFERENCE,0.5,0.3355072746053338,0.7908888459194596
n100_i1115019_H_a2202_REFERENCE,n100_i1115019_H_a2202,100,1115019,H,2202,REFERENCE,0.75,0.42270228639245033,0.8164074782364219
n100_i1115019_H_a2202_REFERENCE,n100_i1115019_H_a2202,100,1115019,H,2202,REFERENCE,0.9,0.039979925379157066,0.8330097090412275
n100_i1115019_H_a2202_REFERENCE,n100_i1115019_H_a2202,100,1115019,H,2202,REFERENCE,1.0,0.2190588042140007,0.8485101828406845
n100_i1115019_H_a1101_LEGACY,n100_i1115019_H_a1101,100,1115019,H,1101,LEGACY,0.1,0.03457585070282221,0.5702057675013251
n100_i1115019_H_a1101_LEGACY,n100_i1115019_H_a1101,100,1115019,H,1101,LEGACY,0.25,0.06465848907828331,0.7731104555115215
n100_i1115019_H_a1101_LEGACY,n100_i1115019_H_a1101,100,1115019,H,1101,LEGACY,0.5,0.08180487900972366,0.8375061335315029
n100_i1115019_H_a1101_LEGACY,n100_i1115019_H_a1101,100,1115019,H,1101,LEGACY,0.75,0.006678381003439426,0.846309840567793
n100_i1115019_H_a1101_LEGACY,n100_i1115019_H_a1101,100,1115019,H,1101,LEGACY,0.9,0.27240354660898447,0.8667504580515707
n100_i1115019_H_a1101_LEGACY,n100_i1115019_H_a1101,100,1115019,H,1101,LEGACY,1.0,1.2518250765278935,0.8796448425953227
n100_i1115019_H_a1101_REFERENCE,n100_i1115019_H_a1101,100,1115019,H,1101,REFERENCE,0.1,0.018967035226523876,0.5534052058538723
n100_i1115019_H_a1101_REFERENCE,n100_i1115019_H_a1101,100,1115019,H,1101,REFERENCE,0.25,0.2618415243923664,0.7322583135513849
n100_i1115019_H_a1101_REFERENCE,n100_i1115019_H_a1101,100,1115019,H,1101,REFERENCE,0.5,0.4902458544820547,0.8740541602513078
n100_i1115019_H_a1101_REFERENCE,n100_i1115019_H_a1101,100,1115019,H,1101,REFERENCE,0.75,0.03265854995697737,0.9035354094304647
n100_i1115019_H_a1101_REFERENCE,n100_i1115019_H_a1101,100,1115019,H,1101,REFERENCE,0.9,1.0052461437880993,0.9141340242214847
n100_i1115019_H_a1101_REFERENCE,n100_i1115019_H_a1101,100,1115019,H,1101,REFERENCE,1.0,0.3356592236086726,0.9193327988858179
n100_i1115019_H_a1101_W,n100_i1115019_H_a1101,100,1115019,H,1101,W,0.1,0.015039784833788872,0.5794109074029956
n100_i1115019_H_a1101_W,n100_i1115019_H_a1101,100,1115019,H,1101,W,0.25,0.39095460809767246,0.7084153859411007
n100_i1115019_H_a1101_W,n100_i1115019_H_a1101,100,1115019,H,1101,W,0.5,0.017344132997095585,0.8223405254385622
n100_i1115019_H_a1101_W,n100_i1115019_H_a1101,100,1115019,H,1101,W,0.75,0.088380241766572,0.8375298426178716
n100_i1115019_H_a1101_W,n100_i1115019_H_a1101,100,1115019,H,1101,W,0.9,0.8778252797201276,0.8867580654577766
n100_i1115019_H_a1101_W,n100_i1115019_H_a1101,100,1115019,H,1101,W,1.0,0.6251863418146968,0.890186184942796
n100_i1115019_H_a1101_GW,n100_i1115019_H_a1101,100,1115019,H,1101,GW,0.1,0.004328510724008083,0.5794109074029956
n100_i1115019_H_a1101_GW,n100_i1115019_H_a1101,100,1115019,H,1101,GW,0.25,0.00935545563697815,0.7084153859411007
n100_i1115019_H_a1101_GW,n100_i1115019_H_a1101,100,1115019,H,1101,GW,0.5,1.2038149517029524,0.8801781096429373
n100_i1115019_H_a1101_GW,n100_i1115019_H_a1101,100,1115019,H,1101,GW,0.75,0.43981734476983547,0.9083406974714042
n100_i1115019_H_a1101_GW,n100_i1115019_H_a1101,100,1115019,H,1101,GW,0.9,0.23273898009210825,0.9292537587364476
n100_i1115019_H_a1101_GW,n100_i1115019_H_a1101,100,1115019,H,1101,GW,1.0,0.2849905677139759,0.9339048305140215
n100_i1115019_T_a1101_REFERENCE,n100_i1115019_T_a1101,100,1115019,T,1101,REFERENCE,0.1,0.018859402276575565,0.6586161434482037
n100_i1115019_T_a1101_REFERENCE,n100_i1115019_T_a1101,100,1115019,T,1101,REFERENCE,0.25,0.004216635599732399,0.7710648108275296
n100_i1115019_T_a1101_REFERENCE,n100_i1115019_T_a1101,100,1115019,T,1101,REFERENCE,0.5,0.4493500953540206,0.8381374927458587
n100_i1115019_T_a1101_REFERENCE,n100_i1115019_T_a1101,100,1115019,T,1101,REFERENCE,0.75,0.39179062750190496,0.8492498900526918
n100_i1115019_T_a1101_REFERENCE,n100_i1115019_T_a1101,100,1115019,T,1101,REFERENCE,0.9,0.6299336301162839,0.8761798248995771
n100_i1115019_T_a1101_REFERENCE,n100_i1115019_T_a1101,100,1115019,T,1101,REFERENCE,1.0,0.43427788745611906,0.8864309922567744
n100_i1115019_T_a1101_W,n100_i1115019_T_a1101,100,1115019,T,1101,W,0.1,1.8326143343001604,0.6482412084995284
n100_i1115019_T_a1101_W,n100_i1115019_T_a1101,100,1115019,T,1101,W,0.25,0.05298037547618151,0.755468945924774
n100_i1115019_T_a1101_W,n100_i1115019_T_a1101,100,1115019,T,1101,W,0.5,0.05502235423773527,0.8456928899086918
n100_i1115019_T_a1101_W,n100_i1115019_T_a1101,100,1115019,T,1101,W,0.75,0.07638231385499239,0.8948349780564724
n100_i1115019_T_a1101_W,n100_i1115019_T_a1101,100,1115019,T,1101,W,0.9,1.3217244362458587,0.89693990752405
n100_i1115019_T_a1101_W,n100_i1115019_T_a1101,100,1115019,T,1101,W,1.0,0.5328722577542067,0.9005883014734056
n100_i1115019_T_a1101_GW,n100_i1115019_T_a1101,100,1115019,T,1101,GW,0.1,0.17148952838033438,0.7243606578398858
n100_i1115019_T_a1101_GW,n100_i1115019_T_a1101,100,1115019,T,1101,GW,0.25,0.42346781492233276,0.797145810403807
n100_i1115019_T_a1101_GW,n100_i1115019_T_a1101,100,1115019,T,1101,GW,0.5,0.1659730775281787,0.8861864547607142
n100_i1115019_T_a1101_GW,n100_i1115019_T_a1101,100,1115019,T,1101,GW,0.75,0.22612980008125305,0.91407274472653
n100_i1115019_T_a1101_GW,n100_i1115019_T_a1101,100,1115019,T,1101,GW,0.9,0.6317374799400568,0.91982654818606
n100_i1115019_T_a1101_GW,n100_i1115019_T_a1101,100,1115019,T,1101,GW,1.0,1.2085546934977174,0.9235852000385585
n100_i1115019_T_a1101_LEGACY,n100_i1115019_T_a1101,100,1115019,T,1101,LEGACY,0.1,0.2816278990358114,0.7439631866681743
n100_i1115019_T_a1101_LEGACY,n100_i1115019_T_a1101,100,1115019,T,1101,LEGACY,0.25,0.4149886127561331,0.8717921018711956
n100_i1115019_T_a1101_LEGACY,n100_i1115019_T_a1101,100,1115019,T,1101,LEGACY,0.5,0.07869367115199566,0.9495815319943877
n100_i1115019_T_a1101_LEGACY,n100_i1115019_T_a1101,100,1115019,T,1101,LEGACY,0.75,0.8847097931429744,0.9897941632371559
n100_i1115019_T_a1101_LEGACY,n100_i1115019_T_a1101,100,1115019,T,1101,LEGACY,0.9,0.35485132224857807,1.0029074971658467
n100_i1115019_T_a1101_LEGACY,n100_i1115019_T_a1101,100,1115019,T,1101,LEGACY,1.0,0.2634819056838751,1.0058667262009295
n100_i1115019_T_a2202_GW,n100_i1115019_T_a2202,100,1115019,T,2202,GW,0.1,0.00041652005165815353,0.6585111968223275
n100_i1115019_T_a2202_GW,n100_i1115019_T_a2202,100,1115019,T,2202,GW,0.25,8.809845894575119e-05,0.8237225651590016
n100_i1115019_T_a2202_GW,n100_i1115019_T_a2202,100,1115019,T,2202,GW,0.5,0.08849381562322378,0.997175652287648
n100_i1115019_T_a2202_GW,n100_i1115019_T_a2202,100,1115019,T,2202,GW,0.75,0.4933188809081912,1.0252506555243175
n100_i1115019_T_a2202_GW,n100_i1115019_T_a2202,100,1115019,T,2202,GW,0.9,0.008543777279555798,1.03164427981808
n100_i1115019_T_a2202_GW,n100_i1115019_T_a2202,100,1115019,T,2202,GW,1.0,0.2558319102972746,1.0379006420214365
n100_i1115019_T_a2202_LEGACY,n100_i1115019_T_a2202,100,1115019,T,2202,LEGACY,0.1,0.009645582176744938,0.6587902463718616
n100_i1115019_T_a2202_LEGACY,n100_i1115019_T_a2202,100,1115019,T,2202,LEGACY,0.25,0.0018552709370851517,0.8645423701838407
n100_i1115019_T_a2202_LEGACY,n100_i1115019_T_a2202,100,1115019,T,2202,LEGACY,0.5,0.06349197588860989,0.9418861018206441
n100_i1115019_T_a2202_LEGACY,n100_i1115019_T_a2202,100,1115019,T,2202,LEGACY,0.75,0.05419131275266409,0.9744690496669944
n100_i1115019_T_a2202_LEGACY,n100_i1115019_T_a2202,100,1115019,T,2202,LEGACY,0.9,0.18264923989772797,0.9820695721235757
n100_i1115019_T_a2202_LEGACY,n100_i1115019_T_a2202,100,1115019,T,2202,LEGACY,1.0,0.6001249039545655,0.9970830920504313
n100_i1115019_T_a2202_REFERENCE,n100_i1115019_T_a2202,100,1115019,T,2202,REFERENCE,0.1,0.6447268696501851,0.6492074128028742
n100_i1115019_T_a2202_REFERENCE,n100_i1115019_T_a2202,100,1115019,T,2202,REFERENCE,0.25,0.013365027494728565,0.8490452936769284
n100_i1115019_T_a2202_REFERENCE,n100_i1115019_T_a2202,100,1115019,T,2202,REFERENCE,0.5,1.0096308626234531,0.9122769633359966
n100_i1115019_T_a2202_REFERENCE,n100_i1115019_T_a2202,100,1115019,T,2202,REFERENCE,0.75,0.09561265259981155,0.9457957502121251
n100_i1115019_T_a2202_REFERENCE,n100_i1115019_T_a2202,100,1115019,T,2202,REFERENCE,0.9,0.7527761021628976,0.9541503637024115
n100_i1115019_T_a2202_REFERENCE,n100_i1115019_T_a2202,100,1115019,T,2202,REFERENCE,1.0,1.0006606755778193,0.9561753710930254
n100_i1115019_T_a2202_W,n100_i1115019_T_a2202,100,1115019,T,2202,W,0.1,0.456634153611958,0.6585111968223275
n100_i1115019_T_a2202_W,n100_i1115019_T_a2202,100,1115019,T,2202,W,0.25,1.2381510138511658,0.823314838471893
n100_i1115019_T_a2202_W,n100_i1115019_T_a2202,100,1115019,T,2202,W,0.5,0.07972815074026585,0.9875904935929388
n100_i1115019_T_a2202_W,n100_i1115019_T_a2202,100,1115019,T,2202,W,0.75,0.393714371137321,1.0058264370139263
n100_i1115019_T_a2202_W,n100_i1115019_T_a2202,100,1115019,T,2202,W,0.9,0.24275174550712109,1.0107919295674281
n100_i1115019_T_a2202_W,n100_i1115019_T_a2202,100,1115019,T,2202,W,1.0,0.13239257968962193,1.0162942164996727
n100_i1115020_H_a2202_W,n100_i1115020_H_a2202,100,1115020,H,2202,W,0.1,0.17231054045259953,0.4655911310944702
n100_i1115020_H_a2202_W,n100_i1115020_H_a2202,100,1115020,H,2202,W,0.25,0.037596785463392735,0.6428071911292299
n100_i1115020_H_a2202_W,n100_i1115020_H_a2202,100,1115020,H,2202,W,0.5,1.3665291052311659,0.7381304582985493
n100_i1115020_H_a2202_W,n100_i1115020_H_a2202,100,1115020,H,2202,W,0.75,0.060757714323699474,0.7800816176653557
n100_i1115020_H_a2202_W,n100_i1115020_H_a2202,100,1115020,H,2202,W,0.9,0.1033493997529149,0.7940924280045271
n100_i1115020_H_a2202_W,n100_i1115020_H_a2202,100,1115020,H,2202,W,1.0,1.188366406597197,0.8058749562719404
n100_i1115020_H_a2202_GW,n100_i1115020_H_a2202,100,1115020,H,2202,GW,0.1,0.41670317854732275,0.4662419754802554
n100_i1115020_H_a2202_GW,n100_i1115020_H_a2202,100,1115020,H,2202,GW,0.25,0.18713208101689816,0.6688865623571537
n100_i1115020_H_a2202_GW,n100_i1115020_H_a2202,100,1115020,H,2202,GW,0.5,0.004733622074127197,0.7713584981600503
n100_i1115020_H_a2202_GW,n100_i1115020_H_a2202,100,1115020,H,2202,GW,0.75,1.0546507462859154,0.7994761361039502
n100_i1115020_H_a2202_GW,n100_i1115020_H_a2202,100,1115020,H,2202,GW,0.9,0.9973582914099097,0.8222623441196248
n100_i1115020_H_a2202_GW,n100_i1115020_H_a2202,100,1115020,H,2202,GW,1.0,1.223849038593471,0.8297502022783241
n100_i1115020_H_a2202_LEGACY,n100_i1115020_H_a2202,100,1115020,H,2202,LEGACY,0.1,0.012917587533593178,0.48780650728619723
n100_i1115020_H_a2202_LEGACY,n100_i1115020_H_a2202,100,1115020,H,2202,LEGACY,0.25,0.7126425299793482,0.6729789780901039
n100_i1115020_H_a2202_LEGACY,n100_i1115020_H_a2202,100,1115020,H,2202,LEGACY,0.5,0.3177649360150099,0.7507917742465808
n100_i1115020_H_a2202_LEGACY,n100_i1115020_H_a2202,100,1115020,H,2202,LEGACY,0.75,0.32591616827994585,0.7950042916554326
n100_i1115020_H_a2202_LEGACY,n100_i1115020_H_a2202,100,1115020,H,2202,LEGACY,0.9,0.8939997954294086,0.8165904906214454
n100_i1115020_H_a2202_LEGACY,n100_i1115020_H_a2202,100,1115020,H,2202,LEGACY,1.0,0.7357460781931877,0.8234284388499213
n100_i1115020_H_a2202_REFERENCE,n100_i1115020_H_a2202,100,1115020,H,2202,REFERENCE,0.1,0.0012741116806864738,0.5020712782291784
n100_i1115020_H_a2202_REFERENCE,n100_i1115020_H_a2202,100,1115020,H,2202,REFERENCE,0.25,0.03192679304629564,0.6433818806737435
n100_i1115020_H_a2202_REFERENCE,n100_i1115020_H_a2202,100,1115020,H,2202,REFERENCE,0.5,0.04007730167359114,0.7331465581852556
n100_i1115020_H_a2202_REFERENCE,n100_i1115020_H_a2202,100,1115020,H,2202,REFERENCE,0.75,0.12601135671138763,0.7668232347012933
n100_i1115020_H_a2202_REFERENCE,n100_i1115020_H_a2202,100,1115020,H,2202,REFERENCE,0.9,0.15680088475346565,0.7940807233616431
n100_i1115020_H_a2202_REFERENCE,n100_i1115020_H_a2202,100,1115020,H,2202,REFERENCE,1.0,0.5219296533614397,0.7964236523306144
n100_i1115020_H_a1101_LEGACY,n100_i1115020_H_a1101,100,1115020,H,1101,LEGACY,0.1,0.025820613838732243,0.5150468680178504
n100_i1115020_H_a1101_LEGACY,n100_i1115020_H_a1101,100,1115020,H,1101,LEGACY,0.25,0.0031735068187117577,0.6625258958375815
n100_i1115020_H_a1101_LEGACY,n100_i1115020_H_a1101,100,1115020,H,1101,LEGACY,0.5,0.6933714356273413,0.7412594181029079
n100_i1115020_H_a1101_LEGACY,n100_i1115020_H_a1101,100,1115020,H,1101,LEGACY,0.75,0.007333151064813137,0.7850367985313278
n100_i1115020_H_a1101_LEGACY,n100_i1115020_H_a1101,100,1115020,H,1101,LEGACY,0.9,1.3619947014376521,0.8105198074197589
n100_i1115020_H_a1101_LEGACY,n100_i1115020_H_a1101,100,1115020,H,1101,LEGACY,1.0,0.6270522074773908,0.8177787270962784
n100_i1115020_H_a1101_REFERENCE,n100_i1115020_H_a1101,100,1115020,H,1101,REFERENCE,0.1,0.31972304731607437,0.49999476113219965
n100_i1115020_H_a1101_REFERENCE,n100_i1115020_H_a1101,100,1115020,H,1101,REFERENCE,0.25,0.005392822436988354,0.6848429423597037
n100_i1115020_H_a1101_REFERENCE,n100_i1115020_H_a1101,100,1115020,H,1101,REFERENCE,0.5,0.12526797410100698,0.7983025312936097
n100_i1115020_H_a1101_REFERENCE,n100_i1115020_H_a1101,100,1115020,H,1101,REFERENCE,0.75,0.5254799528047442,0.8420478897925715
n100_i1115020_H_a1101_REFERENCE,n100_i1115020_H_a1101,100,1115020,H,1101,REFERENCE,0.9,0.36977283377200365,0.8518115886457999
n100_i1115020_H_a1101_REFERENCE,n100_i1115020_H_a1101,100,1115020,H,1101,REFERENCE,1.0,0.9506097761914134,0.8551575218314885
n100_i1115020_H_a1101_W,n100_i1115020_H_a1101,100,1115020,H,1101,W,0.1,0.3771319864317775,0.5307567239297802
n100_i1115020_H_a1101_W,n100_i1115020_H_a1101,100,1115020,H,1101,W,0.25,0.1087525300681591,0.6693857003085941
n100_i1115020_H_a1101_W,n100_i1115020_H_a1101,100,1115020,H,1101,W,0.5,0.008088437840342522,0.742845834701586
n100_i1115020_H_a1101_W,n100_i1115020_H_a1101,100,1115020,H,1101,W,0.75,0.12567889038473368,0.7822864866947417
n100_i1115020_H_a1101_W,n100_i1115020_H_a1101,100,1115020,H,1101,W,0.9,1.9741201428696513,0.7980393288147238
n100_i1115020_H_a1101_W,n100_i1115020_H_a1101,100,1115020,H,1101,W,1.0,1.4060735767707229,0.8016724043855603
n100_i1115020_H_a1101_GW,n100_i1115020_H_a1101,100,1115020,H,1101,GW,0.1,0.24574290961027145,0.5187298895341107
n100_i1115020_H_a1101_GW,n100_i1115020_H_a1101,100,1115020,H,1101,GW,0.25,0.3745734468102455,0.6625334394140231
n100_i1115020_H_a1101_GW,n100_i1115020_H_a1101,100,1115020,H,1101,GW,0.5,0.05107672978192568,0.7955489887764873
n100_i1115020_H_a1101_GW,n100_i1115020_H_a1101,100,1115020,H,1101,GW,0.75,0.26368203200399876,0.8488536786624455
n100_i1115020_H_a1101_GW,n100_i1115020_H_a1101,100,1115020,H,1101,GW,0.9,0.06646230258047581,0.8561882156726318
n100_i1115020_H_a1101_GW,n100_i1115020_H_a1101,100,1115020,H,1101,GW,1.0,1.286789151839912,0.8573448869585979
n100_i1115020_T_a1101_REFERENCE,n100_i1115020_T_a1101,100,1115020,T,1101,REFERENCE,0.1,0.7908979244530201,0.42681993698957976
n100_i1115020_T_a1101_REFERENCE,n100_i1115020_T_a1101,100,1115020,T,1101,REFERENCE,0.25,1.2064955309033394,0.5641978890999334
n100_i1115020_T_a1101_REFERENCE,n100_i1115020_T_a1101,100,1115020,T,1101,REFERENCE,0.5,0.009767820127308369,0.643038086898747
n100_i1115020_T_a1101_REFERENCE,n100_i1115020_T_a1101,100,1115020,T,1101,REFERENCE,0.75,0.02109005767852068,0.7021321740946214
n100_i1115020_T_a1101_REFERENCE,n100_i1115020_T_a1101,100,1115020,T,1101,REFERENCE,0.9,0.7364982580766082,0.7146877818121904
n100_i1115020_T_a1101_REFERENCE,n100_i1115020_T_a1101,100,1115020,T,1101,REFERENCE,1.0,0.1959151281043887,0.7166741006871802
n100_i1115020_T_a1101_W,n100_i1115020_T_a1101,100,1115020,T,1101,W,0.1,0.010955546982586384,0.5395496543706999
n100_i1115020_T_a1101_W,n100_i1115020_T_a1101,100,1115020,T,1101,W,0.25,0.8708832198753953,0.6702769780648781
n100_i1115020_T_a1101_W,n100_i1115020_T_a1101,100,1115020,T,1101,W,0.5,0.4675785852596164,0.8135140660123515
n100_i1115020_T_a1101_W,n100_i1115020_T_a1101,100,1115020,T,1101,W,0.75,0.27035936806350946,0.8742714039102809
n100_i1115020_T_a1101_W,n100_i1115020_T_a1101,100,1115020,T,1101,W,0.9,0.06868427619338036,0.8828341720693995
n100_i1115020_T_a1101_W,n100_i1115020_T_a1101,100,1115020,T,1101,W,1.0,0.09985117521136999,0.8875144832262285
n100_i1115020_T_a1101_GW,n100_i1115020_T_a1101,100,1115020,T,1101,GW,0.1,0.17754282522946596,0.6170227777875834
n100_i1115020_T_a1101_GW,n100_i1115020_T_a1101,100,1115020,T,1101,GW,0.25,0.1671009249985218,0.7525803093461437
n100_i1115020_T_a1101_GW,n100_i1115020_T_a1101,100,1115020,T,1101,GW,0.5,0.01087641529738903,0.8119086282000196
n100_i1115020_T_a1101_GW,n100_i1115020_T_a1101,100,1115020,T,1101,GW,0.75,0.0538271926343441,0.8233483017186747
n100_i1115020_T_a1101_GW,n100_i1115020_T_a1101,100,1115020,T,1101,GW,0.9,0.009251590818166733,0.8325813030004222
n100_i1115020_T_a1101_GW,n100_i1115020_T_a1101,100,1115020,T,1101,GW,1.0,1.1343788420781493,0.834227051367754
n100_i1115020_T_a1101_LEGACY,n100_i1115020_T_a1101,100,1115020,T,1101,LEGACY,0.1,0.5645288499072194,0.6115706656707252
n100_i1115020_T_a1101_LEGACY,n100_i1115020_T_a1101,100,1115020,T,1101,LEGACY,0.25,1.0301062036305666,0.7963622011243228
n100_i1115020_T_a1101_LEGACY,n100_i1115020_T_a1101,100,1115020,T,1101,LEGACY,0.5,0.22681948635727167,0.8367427020386853
n100_i1115020_T_a1101_LEGACY,n100_i1115020_T_a1101,100,1115020,T,1101,LEGACY,0.75,0.0036606192588806152,0.867310773802114
n100_i1115020_T_a1101_LEGACY,n100_i1115020_T_a1101,100,1115020,T,1101,LEGACY,0.9,0.029370488598942757,0.8814546613857539
n100_i1115020_T_a1101_LEGACY,n100_i1115020_T_a1101,100,1115020,T,1101,LEGACY,1.0,0.24883276224136353,0.8909642547835901
n100_i1115020_T_a2202_GW,n100_i1115020_T_a2202,100,1115020,T,2202,GW,0.1,0.012970861978828907,0.4924375401502689
n100_i1115020_T_a2202_GW,n100_i1115020_T_a2202,100,1115020,T,2202,GW,0.25,0.04375271778553724,0.6010255053170945
n100_i1115020_T_a2202_GW,n100_i1115020_T_a2202,100,1115020,T,2202,GW,0.5,0.23396807443350554,0.64384881573687
n100_i1115020_T_a2202_GW,n100_i1115020_T_a2202,100,1115020,T,2202,GW,0.75,0.002081170678138733,0.6814802624804371
n100_i1115020_T_a2202_GW,n100_i1115020_T_a2202,100,1115020,T,2202,GW,0.9,0.31513148453086615,0.7316045710068155
n100_i1115020_T_a2202_GW,n100_i1115020_T_a2202,100,1115020,T,2202,GW,1.0,2.145356128923595,0.7384966021852892
n100_i1115020_T_a2202_LEGACY,n100_i1115020_T_a2202,100,1115020,T,2202,LEGACY,0.1,0.010344523005187511,0.5577398615604285
n100_i1115020_T_a2202_LEGACY,n100_i1115020_T_a2202,100,1115020,T,2202,LEGACY,0.25,0.014005315490067005,0.7716516697657582
n100_i1115020_T_a2202_LEGACY,n100_i1115020_T_a2202,100,1115020,T,2202,LEGACY,0.5,0.22822183277457952,0.8372579997296503
n100_i1115020_T_a2202_LEGACY,n100_i1115020_T_a2202,100,1115020,T,2202,LEGACY,0.75,0.07710054609924555,0.868508141518918
n100_i1115020_T_a2202_LEGACY,n100_i1115020_T_a2202,100,1115020,T,2202,LEGACY,0.9,1.1589632229879498,0.8798915270427119
n100_i1115020_T_a2202_LEGACY,n100_i1115020_T_a2202,100,1115020,T,2202,LEGACY,1.0,0.6924789790064096,0.9007087079016876
n100_i1115020_T_a2202_REFERENCE,n100_i1115020_T_a2202,100,1115020,T,2202,REFERENCE,0.1,0.04188829939812422,0.5592946289235807
n100_i1115020_T_a2202_REFERENCE,n100_i1115020_T_a2202,100,1115020,T,2202,REFERENCE,0.25,0.07990927156060934,0.6731121454397913
n100_i1115020_T_a2202_REFERENCE,n100_i1115020_T_a2202,100,1115020,T,2202,REFERENCE,0.5,0.11442963033914566,0.8049758822948905
n100_i1115020_T_a2202_REFERENCE,n100_i1115020_T_a2202,100,1115020,T,2202,REFERENCE,0.75,1.5573024656623602,0.8483889508828112
n100_i1115020_T_a2202_REFERENCE,n100_i1115020_T_a2202,100,1115020,T,2202,REFERENCE,0.9,0.5863754767924547,0.8635420304485019
n100_i1115020_T_a2202_REFERENCE,n100_i1115020_T_a2202,100,1115020,T,2202,REFERENCE,1.0,1.6133540561422706,0.8705606497052006
n100_i1115020_T_a2202_W,n100_i1115020_T_a2202,100,1115020,T,2202,W,0.1,0.0010769972577691078,0.4925319196935869
n100_i1115020_T_a2202_W,n100_i1115020_T_a2202,100,1115020,T,2202,W,0.25,0.011334811337292194,0.6010255053170945
n100_i1115020_T_a2202_W,n100_i1115020_T_a2202,100,1115020,T,2202,W,0.5,0.026461374014616013,0.6424074056518919
n100_i1115020_T_a2202_W,n100_i1115020_T_a2202,100,1115020,T,2202,W,0.75,0.1891108751296997,0.7099047649473103
n100_i1115020_T_a2202_W,n100_i1115020_T_a2202,100,1115020,T,2202,W,0.9,1.2268317127600312,0.8148814420623152
n100_i1115020_T_a2202_W,n100_i1115020_T_a2202,100,1115020,T,2202,W,1.0,0.5148859145119786,0.8439977348282984
n100_i1115021_H_a1101_LEGACY,n100_i1115021_H_a1101,100,1115021,H,1101,LEGACY,0.1,0.016049109399318695,0.25156067048802316
n100_i1115021_H_a1101_LEGACY,n100_i1115021_H_a1101,100,1115021,H,1101,LEGACY,0.25,0.4547176593914628,0.43550670687611126
n100_i1115021_H_a1101_LEGACY,n100_i1115021_H_a1101,100,1115021,H,1101,LEGACY,0.5,0.0763117978349328,0.5951013198103006
n100_i1115021_H_a1101_LEGACY,n100_i1115021_H_a1101,100,1115021,H,1101,LEGACY,0.75,0.0625542551279068,0.6324707117750781
n100_i1115021_H_a1101_LEGACY,n100_i1115021_H_a1101,100,1115021,H,1101,LEGACY,0.9,0.0865690540522337,0.6451220249434945
n100_i1115021_H_a1101_LEGACY,n100_i1115021_H_a1101,100,1115021,H,1101,LEGACY,1.0,1.0500154457986355,0.6518233188848733
n100_i1115021_H_a1101_REFERENCE,n100_i1115021_H_a1101,100,1115021,H,1101,REFERENCE,0.1,0.7957242913544178,0.2915542635721169
n100_i1115021_H_a1101_REFERENCE,n100_i1115021_H_a1101,100,1115021,H,1101,REFERENCE,0.25,0.8682766435667872,0.45007975842614756
n100_i1115021_H_a1101_REFERENCE,n100_i1115021_H_a1101,100,1115021,H,1101,REFERENCE,0.5,1.1149492049589753,0.6089056335517479
n100_i1115021_H_a1101_REFERENCE,n100_i1115021_H_a1101,100,1115021,H,1101,REFERENCE,0.75,0.36904523242264986,0.6768078822755625
n100_i1115021_H_a1101_REFERENCE,n100_i1115021_H_a1101,100,1115021,H,1101,REFERENCE,0.9,0.7101168427616358,0.7026291882321968
n100_i1115021_H_a1101_REFERENCE,n100_i1115021_H_a1101,100,1115021,H,1101,REFERENCE,1.0,0.4621265269815922,0.74009545106275
n100_i1115021_H_a1101_W,n100_i1115021_H_a1101,100,1115021,H,1101,W,0.1,0.02720892522484064,0.3832783944852564
n100_i1115021_H_a1101_W,n100_i1115021_H_a1101,100,1115021,H,1101,W,0.25,0.12533987406641245,0.578150017885969
n100_i1115021_H_a1101_W,n100_i1115021_H_a1101,100,1115021,H,1101,W,0.5,0.00794199388474226,0.7132354285119069
n100_i1115021_H_a1101_W,n100_i1115021_H_a1101,100,1115021,H,1101,W,0.75,0.03587305545806885,0.7622565747937715
n100_i1115021_H_a1101_W,n100_i1115021_H_a1101,100,1115021,H,1101,W,0.9,0.001417865976691246,0.7854482288723831
n100_i1115021_H_a1101_W,n100_i1115021_H_a1101,100,1115021,H,1101,W,1.0,1.4421928813681006,0.8039401945405328
n100_i1115021_H_a1101_GW,n100_i1115021_H_a1101,100,1115021,H,1101,GW,0.1,0.5025941487401724,0.3820875839769799
n100_i1115021_H_a1101_GW,n100_i1115021_H_a1101,100,1115021,H,1101,GW,0.25,0.31181722320616245,0.6446226234655533
n100_i1115021_H_a1101_GW,n100_i1115021_H_a1101,100,1115021,H,1101,GW,0.5,0.2612211098894477,0.80017707210289
n100_i1115021_H_a1101_GW,n100_i1115021_H_a1101,100,1115021,H,1101,GW,0.75,1.4355868510901928,0.8437083752216034
n100_i1115021_H_a1101_GW,n100_i1115021_H_a1101,100,1115021,H,1101,GW,0.9,1.0248448187485337,0.8655203561240233
n100_i1115021_H_a1101_GW,n100_i1115021_H_a1101,100,1115021,H,1101,GW,1.0,0.9009072501212358,0.8699151816793591
n100_i1115021_H_a2202_W,n100_i1115021_H_a2202,100,1115021,H,2202,W,0.1,0.0002525169402360916,0.4155724983086983
n100_i1115021_H_a2202_W,n100_i1115021_H_a2202,100,1115021,H,2202,W,0.25,0.05786087829619646,0.6321755879532821
n100_i1115021_H_a2202_W,n100_i1115021_H_a2202,100,1115021,H,2202,W,0.5,0.5264260545372963,0.7387051038116822
n100_i1115021_H_a2202_W,n100_i1115021_H_a2202,100,1115021,H,2202,W,0.75,0.009153428487479687,0.7927557930821909
n100_i1115021_H_a2202_W,n100_i1115021_H_a2202,100,1115021,H,2202,W,0.9,0.22277543880045414,0.811861735670505
n100_i1115021_H_a2202_W,n100_i1115021_H_a2202,100,1115021,H,2202,W,1.0,0.08209406398236752,0.8421041016964891
n100_i1115021_H_a2202_GW,n100_i1115021_H_a2202,100,1115021,H,2202,GW,0.1,0.03802561201155186,0.39620713083012543
n100_i1115021_H_a2202_GW,n100_i1115021_H_a2202,100,1115021,H,2202,GW,0.25,0.002146073617041111,0.5926569521709232
n100_i1115021_H_a2202_GW,n100_i1115021_H_a2202,100,1115021,H,2202,GW,0.5,0.057470680214464664,0.6410085828727096
n100_i1115021_H_a2202_GW,n100_i1115021_H_a2202,100,1115021,H,2202,GW,0.75,0.05074294097721577,0.7669979559486373
n100_i1115021_H_a2202_GW,n100_i1115021_H_a2202,100,1115021,H,2202,GW,0.9,0.5905857188627124,0.7788863864094627
n100_i1115021_H_a2202_GW,n100_i1115021_H_a2202,100,1115021,H,2202,GW,1.0,0.42552977334707975,0.791223648044207
n100_i1115021_H_a2202_LEGACY,n100_i1115021_H_a2202,100,1115021,H,2202,LEGACY,0.1,0.001089559867978096,0.43466916685731605
n100_i1115021_H_a2202_LEGACY,n100_i1115021_H_a2202,100,1115021,H,2202,LEGACY,0.25,0.0977789293974638,0.7419610762814526
n100_i1115021_H_a2202_LEGACY,n100_i1115021_H_a2202,100,1115021,H,2202,LEGACY,0.5,0.07190451864153147,0.8692406387768054
n100_i1115021_H_a2202_LEGACY,n100_i1115021_H_a2202,100,1115021,H,2202,LEGACY,0.75,0.27722140215337276,0.902682335095146
n100_i1115021_H_a2202_LEGACY,n100_i1115021_H_a2202,100,1115021,H,2202,LEGACY,0.9,0.46576728112995625,0.9173681358080622
n100_i1115021_H_a2202_LEGACY,n100_i1115021_H_a2202,100,1115021,H,2202,LEGACY,1.0,0.03827878646552563,0.935836301439738
n100_i1115021_H_a2202_REFERENCE,n100_i1115021_H_a2202,100,1115021,H,2202,REFERENCE,0.1,0.014741206541657448,0.4061464382661367
n100_i1115021_H_a2202_REFERENCE,n100_i1115021_H_a2202,100,1115021,H,2202,REFERENCE,0.25,0.9726051231846213,0.6688445849419091
n100_i1115021_H_a2202_REFERENCE,n100_i1115021_H_a2202,100,1115021,H,2202,REFERENCE,0.5,0.08622968196868896,0.7712417282097159
n100_i1115021_H_a2202_REFERENCE,n100_i1115021_H_a2202,100,1115021,H,2202,REFERENCE,0.75,0.07810463197529316,0.8447815170691353
n100_i1115021_H_a2202_REFERENCE,n100_i1115021_H_a2202,100,1115021,H,2202,REFERENCE,0.9,0.3377470578998327,0.8725808323761186
n100_i1115021_H_a2202_REFERENCE,n100_i1115021_H_a2202,100,1115021,H,2202,REFERENCE,1.0,1.1077862121164799,0.8774482599393486
n100_i1115021_T_a1101_REFERENCE,n100_i1115021_T_a1101,100,1115021,T,1101,REFERENCE,0.1,0.002489885315299034,0.32532381259988674
n100_i1115021_T_a1101_REFERENCE,n100_i1115021_T_a1101,100,1115021,T,1101,REFERENCE,0.25,0.014685593545436859,0.5109651186805245
n100_i1115021_T_a1101_REFERENCE,n100_i1115021_T_a1101,100,1115021,T,1101,REFERENCE,0.5,0.6425219858065248,0.6446638878431706
n100_i1115021_T_a1101_REFERENCE,n100_i1115021_T_a1101,100,1115021,T,1101,REFERENCE,0.75,0.012269092723727226,0.7755021272586791
n100_i1115021_T_a1101_REFERENCE,n100_i1115021_T_a1101,100,1115021,T,1101,REFERENCE,0.9,0.5511747021228075,0.8321103970143884
n100_i1115021_T_a1101_REFERENCE,n100_i1115021_T_a1101,100,1115021,T,1101,REFERENCE,1.0,0.31950280349701643,0.8690349546731817
n100_i1115021_T_a1101_W,n100_i1115021_T_a1101,100,1115021,T,1101,W,0.1,0.24952599685639143,0.37907816761926383
n100_i1115021_T_a1101_W,n100_i1115021_T_a1101,100,1115021,T,1101,W,0.25,0.057413491420447826,0.5251336671548382
n100_i1115021_T_a1101_W,n100_i1115021_T_a1101,100,1115021,T,1101,W,0.5,0.11556924600154161,0.695102074963295
n100_i1115021_T_a1101_W,n100_i1115021_T_a1101,100,1115021,T,1101,W,0.75,0.4559143567457795,0.7793706749147795
n100_i1115021_T_a1101_W,n100_i1115021_T_a1101,100,1115021,T,1101,W,0.9,0.060485851019620895,0.8005047657104492
n100_i1115021_T_a1101_W,n100_i1115021_T_a1101,100,1115021,T,1101,W,1.0,1.0563483014702797,0.8082237558835151
n100_i1115021_T_a1101_GW,n100_i1115021_T_a1101,100,1115021,T,1101,GW,0.1,0.24893309269100428,0.44527174176682577
n100_i1115021_T_a1101_GW,n100_i1115021_T_a1101,100,1115021,T,1101,GW,0.25,0.2937472155317664,0.5823621778738581
n100_i1115021_T_a1101_GW,n100_i1115021_T_a1101,100,1115021,T,1101,GW,0.5,1.115975576452911,0.6955127893393414
n100_i1115021_T_a1101_GW,n100_i1115021_T_a1101,100,1115021,T,1101,GW,0.75,0.08472645934671164,0.7653265916462593
n100_i1115021_T_a1101_GW,n100_i1115021_T_a1101,100,1115021,T,1101,GW,0.9,0.5464601768180728,0.8045496461819641
n100_i1115021_T_a1101_GW,n100_i1115021_T_a1101,100,1115021,T,1101,GW,1.0,1.1772927287966013,0.8408056385007041
n100_i1115021_T_a1101_LEGACY,n100_i1115021_T_a1101,100,1115021,T,1101,LEGACY,0.1,0.5694896765053272,0.4165127646221198
n100_i1115021_T_a1101_LEGACY,n100_i1115021_T_a1101,100,1115021,T,1101,LEGACY,0.25,0.04636417981237173,0.5838889051883565
n100_i1115021_T_a1101_LEGACY,n100_i1115021_T_a1101,100,1115021,T,1101,LEGACY,0.5,0.05897482205182314,0.7387088223416665
n100_i1115021_T_a1101_LEGACY,n100_i1115021_T_a1101,100,1115021,T,1101,LEGACY,0.75,0.6690654940903187,0.7722708693238172
n100_i1115021_T_a1101_LEGACY,n100_i1115021_T_a1101,100,1115021,T,1101,LEGACY,0.9,0.491801674477756,0.7940066789061287
n100_i1115021_T_a1101_LEGACY,n100_i1115021_T_a1101,100,1115021,T,1101,LEGACY,1.0,0.010482879355549812,0.8138466619704516
n100_i1115021_T_a2202_GW,n100_i1115021_T_a2202,100,1115021,T,2202,GW,0.1,0.17607835121452808,0.4239469263344242
n100_i1115021_T_a2202_GW,n100_i1115021_T_a2202,100,1115021,T,2202,GW,0.25,0.04553807992488146,0.6123330504741894
n100_i1115021_T_a2202_GW,n100_i1115021_T_a2202,100,1115021,T,2202,GW,0.5,0.17018378246575594,0.78781593210955
n100_i1115021_T_a2202_GW,n100_i1115021_T_a2202,100,1115021,T,2202,GW,0.75,0.10932035744190216,0.8310298193635233
n100_i1115021_T_a2202_GW,n100_i1115021_T_a2202,100,1115021,T,2202,GW,0.9,0.005421021953225136,0.8547068703388021
n100_i1115021_T_a2202_GW,n100_i1115021_T_a2202,100,1115021,T,2202,GW,1.0,0.34267690498381853,0.8635401938310419
n100_i1115021_T_a2202_LEGACY,n100_i1115021_T_a2202,100,1115021,T,2202,LEGACY,0.1,0.07274352759122849,0.4670598869973714
n100_i1115021_T_a2202_LEGACY,n100_i1115021_T_a2202,100,1115021,T,2202,LEGACY,0.25,0.1543469512835145,0.641708606753515
n100_i1115021_T_a2202_LEGACY,n100_i1115021_T_a2202,100,1115021,T,2202,LEGACY,0.5,0.14108750503510237,0.7311376079179477
n100_i1115021_T_a2202_LEGACY,n100_i1115021_T_a2202,100,1115021,T,2202,LEGACY,0.75,0.21963359601795673,0.7749748086757339
n100_i1115021_T_a2202_LEGACY,n100_i1115021_T_a2202,100,1115021,T,2202,LEGACY,0.9,0.5488941138610244,0.7998604497974543
n100_i1115021_T_a2202_LEGACY,n100_i1115021_T_a2202,100,1115021,T,2202,LEGACY,1.0,0.710159057751298,0.8088982632153446
n100_i1115021_T_a2202_REFERENCE,n100_i1115021_T_a2202,100,1115021,T,2202,REFERENCE,0.1,0.02916339971125126,0.4164730604038795
n100_i1115021_T_a2202_REFERENCE,n100_i1115021_T_a2202,100,1115021,T,2202,REFERENCE,0.25,0.9683208595961332,0.7356615588532605
n100_i1115021_T_a2202_REFERENCE,n100_i1115021_T_a2202,100,1115021,T,2202,REFERENCE,0.5,0.34767922572791576,0.9409600787977898
n100_i1115021_T_a2202_REFERENCE,n100_i1115021_T_a2202,100,1115021,T,2202,REFERENCE,0.75,0.10135490354150534,0.9765037100027483
n100_i1115021_T_a2202_REFERENCE,n100_i1115021_T_a2202,100,1115021,T,2202,REFERENCE,0.9,0.015448950231075287,0.9871961643703686
n100_i1115021_T_a2202_REFERENCE,n100_i1115021_T_a2202,100,1115021,T,2202,REFERENCE,1.0,0.9307223567739129,0.9903678726885393
n100_i1115021_T_a2202_W,n100_i1115021_T_a2202,100,1115021,T,2202,W,0.1,0.08690369967371225,0.42485220769360377
n100_i1115021_T_a2202_W,n100_i1115021_T_a2202,100,1115021,T,2202,W,0.25,0.031846762634813786,0.6153758749165
n100_i1115021_T_a2202_W,n100_i1115021_T_a2202,100,1115021,T,2202,W,0.5,0.011342125944793224,0.7954351114622122
n100_i1115021_T_a2202_W,n100_i1115021_T_a2202,100,1115021,T,2202,W,0.75,0.12001604121178389,0.8421390822176177
n100_i1115021_T_a2202_W,n100_i1115021_T_a2202,100,1115021,T,2202,W,0.9,0.025420069694519043,0.8635890600332463
n100_i1115021_T_a2202_W,n100_i1115021_T_a2202,100,1115021,T,2202,W,1.0,1.7635309658944607,0.8653592887066393
n100_i1115022_H_a1101_LEGACY,n100_i1115022_H_a1101,100,1115022,H,1101,LEGACY,0.1,0.4608049001544714,0.5508318646375215
n100_i1115022_H_a1101_LEGACY,n100_i1115022_H_a1101,100,1115022,H,1101,LEGACY,0.25,0.04451217968016863,0.6792884759870428
n100_i1115022_H_a1101_LEGACY,n100_i1115022_H_a1101,100,1115022,H,1101,LEGACY,0.5,0.04949444252997637,0.8181881473349937
n100_i1115022_H_a1101_LEGACY,n100_i1115022_H_a1101,100,1115022,H,1101,LEGACY,0.75,0.4437975352630019,0.8651847679516215
n100_i1115022_H_a1101_LEGACY,n100_i1115022_H_a1101,100,1115022,H,1101,LEGACY,0.9,0.22701890766620636,0.8750592627412502
n100_i1115022_H_a1101_LEGACY,n100_i1115022_H_a1101,100,1115022,H,1101,LEGACY,1.0,0.20474395994096994,0.8850806670732567
n100_i1115022_H_a1101_REFERENCE,n100_i1115022_H_a1101,100,1115022,H,1101,REFERENCE,0.1,0.09932836145162582,0.5424478170633699
n100_i1115022_H_a1101_REFERENCE,n100_i1115022_H_a1101,100,1115022,H,1101,REFERENCE,0.25,0.5282881399616599,0.7001298397846282
n100_i1115022_H_a1101_REFERENCE,n100_i1115022_H_a1101,100,1115022,H,1101,REFERENCE,0.5,0.5942941466346383,0.8366852236761247
n100_i1115022_H_a1101_REFERENCE,n100_i1115022_H_a1101,100,1115022,H,1101,REFERENCE,0.75,0.041529673151671886,0.8866847889677387
n100_i1115022_H_a1101_REFERENCE,n100_i1115022_H_a1101,100,1115022,H,1101,REFERENCE,0.9,0.8933214824646711,0.9004659621458023
n100_i1115022_H_a1101_REFERENCE,n100_i1115022_H_a1101,100,1115022,H,1101,REFERENCE,1.0,0.44726506620645523,0.9071242507900019
n100_i1115022_H_a1101_W,n100_i1115022_H_a1101,100,1115022,H,1101,W,0.1,0.4462056187912822,0.5990478026606574
n100_i1115022_H_a1101_W,n100_i1115022_H_a1101,100,1115022,H,1101,W,0.25,0.17942642606794834,0.7209941847485204
n100_i1115022_H_a1101_W,n100_i1115022_H_a1101,100,1115022,H,1101,W,0.5,0.10777831915766001,0.8344769738825536
n100_i1115022_H_a1101_W,n100_i1115022_H_a1101,100,1115022,H,1101,W,0.75,0.5937140872702003,0.8982648178015186
n100_i1115022_H_a1101_W,n100_i1115022_H_a1101,100,1115022,H,1101,W,0.9,0.27751754503697157,0.9264463186850711
n100_i1115022_H_a1101_W,n100_i1115022_H_a1101,100,1115022,H,1101,W,1.0,0.003127497620880604,0.937391337602496
n100_i1115022_H_a1101_GW,n100_i1115022_H_a1101,100,1115022,H,1101,GW,0.1,0.05588874872773886,0.5987216983991975
n100_i1115022_H_a1101_GW,n100_i1115022_H_a1101,100,1115022,H,1101,GW,0.25,0.08593449834734201,0.720993892857998
n100_i1115022_H_a1101_GW,n100_i1115022_H_a1101,100,1115022,H,1101,GW,0.5,0.016905460506677628,0.8344769738825536
n100_i1115022_H_a1101_GW,n100_i1115022_H_a1101,100,1115022,H,1101,GW,0.75,0.01232085283845663,0.8936075575293287
n100_i1115022_H_a1101_GW,n100_i1115022_H_a1101,100,1115022,H,1101,GW,0.9,0.3277077144011855,0.9134659018078617
n100_i1115022_H_a1101_GW,n100_i1115022_H_a1101,100,1115022,H,1101,GW,1.0,0.8664022395387292,0.9223035389140527
n100_i1115022_H_a2202_W,n100_i1115022_H_a2202,100,1115022,H,2202,W,0.1,0.28206674195826054,0.6169705927387478
n100_i1115022_H_a2202_W,n100_i1115022_H_a2202,100,1115022,H,2202,W,0.25,0.03240594547241926,0.7629570167437574
n100_i1115022_H_a2202_W,n100_i1115022_H_a2202,100,1115022,H,2202,W,0.5,0.9695735909044743,0.8489828914208124
n100_i1115022_H_a2202_W,n100_i1115022_H_a2202,100,1115022,H,2202,W,0.75,0.06987923290580511,0.8986036808062051
n100_i1115022_H_a2202_W,n100_i1115022_H_a2202,100,1115022,H,2202,W,0.9,0.07193281687796116,0.9251111087528208
n100_i1115022_H_a2202_W,n100_i1115022_H_a2202,100,1115022,H,2202,W,1.0,0.2802526066079736,0.9325698758806438
n100_i1115022_H_a2202_GW,n100_i1115022_H_a2202,100,1115022,H,2202,GW,0.1,0.0876298239454627,0.6169705927387478
n100_i1115022_H_a2202_GW,n100_i1115022_H_a2202,100,1115022,H,2202,GW,0.25,0.0608131205663085,0.7629994451161167
n100_i1115022_H_a2202_GW,n100_i1115022_H_a2202,100,1115022,H,2202,GW,0.5,0.007072090171277523,0.8517210225892413
n100_i1115022_H_a2202_GW,n100_i1115022_H_a2202,100,1115022,H,2202,GW,0.75,0.006058795377612114,0.9085170387339556
n100_i1115022_H_a2202_GW,n100_i1115022_H_a2202,100,1115022,H,2202,GW,0.9,0.1733223395422101,0.9317447639218643
n100_i1115022_H_a2202_GW,n100_i1115022_H_a2202,100,1115022,H,2202,GW,1.0,1.1853821072727442,0.9368975125256476
n100_i1115022_H_a2202_LEGACY,n100_i1115022_H_a2202,100,1115022,H,2202,LEGACY,0.1,1.144704658538103,0.6264427185282178
n100_i1115022_H_a2202_LEGACY,n100_i1115022_H_a2202,100,1115022,H,2202,LEGACY,0.25,0.179406370036304,0.7746382234329376
n100_i1115022_H_a2202_LEGACY,n100_i1115022_H_a2202,100,1115022,H,2202,LEGACY,0.5,0.4458706872537732,0.8277035021108275
n100_i1115022_H_a2202_LEGACY,n100_i1115022_H_a2202,100,1115022,H,2202,LEGACY,0.75,0.5695232525467873,0.8687113506716863
n100_i1115022_H_a2202_LEGACY,n100_i1115022_H_a2202,100,1115022,H,2202,LEGACY,0.9,0.018359597772359848,0.8744382281261209
n100_i1115022_H_a2202_LEGACY,n100_i1115022_H_a2202,100,1115022,H,2202,LEGACY,1.0,0.17813603952527046,0.8788134220769479
n100_i1115022_H_a2202_REFERENCE,n100_i1115022_H_a2202,100,1115022,H,2202,REFERENCE,0.1,0.06371194589883089,0.6305233490734603
n100_i1115022_H_a2202_REFERENCE,n100_i1115022_H_a2202,100,1115022,H,2202,REFERENCE,0.25,0.5356082888320088,0.7755008347234968
n100_i1115022_H_a2202_REFERENCE,n100_i1115022_H_a2202,100,1115022,H,2202,REFERENCE,0.5,0.6985551510006189,0.8848363828526162
n100_i1115022_H_a2202_REFERENCE,n100_i1115022_H_a2202,100,1115022,H,2202,REFERENCE,0.75,0.08755487762391567,0.9308295985246018
n100_i1115022_H_a2202_REFERENCE,n100_i1115022_H_a2202,100,1115022,H,2202,REFERENCE,0.9,0.0009742537513375282,0.9462164354045853
n100_i1115022_H_a2202_REFERENCE,n100_i1115022_H_a2202,100,1115022,H,2202,REFERENCE,1.0,1.0914853997528553,0.9514999561747228
n100_i1115022_T_a1101_REFERENCE,n100_i1115022_T_a1101,100,1115022,T,1101,REFERENCE,0.1,0.0982859767973423,0.4468626145111483
n100_i1115022_T_a1101_REFERENCE,n100_i1115022_T_a1101,100,1115022,T,1101,REFERENCE,0.25,0.007868130691349506,0.6557101053585553
n100_i1115022_T_a1101_REFERENCE,n100_i1115022_T_a1101,100,1115022,T,1101,REFERENCE,0.5,0.11703671235591173,0.7806130649020213
n100_i1115022_T_a1101_REFERENCE,n100_i1115022_T_a1101,100,1115022,T,1101,REFERENCE,0.75,2.100387793034315,0.838661872730063
n100_i1115022_T_a1101_REFERENCE,n100_i1115022_T_a1101,100,1115022,T,1101,REFERENCE,0.9,1.1344345835968852,0.8599554676398358
n100_i1115022_T_a1101_REFERENCE,n100_i1115022_T_a1101,100,1115022,T,1101,REFERENCE,1.0,0.16816044691950083,0.8802608567158935
n100_i1115022_T_a1101_W,n100_i1115022_T_a1101,100,1115022,T,1101,W,0.1,0.35069422889500856,0.523358656508676
n100_i1115022_T_a1101_W,n100_i1115022_T_a1101,100,1115022,T,1101,W,0.25,0.18848887458443642,0.7069411007628386
n100_i1115022_T_a1101_W,n100_i1115022_T_a1101,100,1115022,T,1101,W,0.5,0.21118653193116188,0.7859890800017506
n100_i1115022_T_a1101_W,n100_i1115022_T_a1101,100,1115022,T,1101,W,0.75,0.005019690841436386,0.8092440946569821
n100_i1115022_T_a1101_W,n100_i1115022_T_a1101,100,1115022,T,1101,W,0.9,1.116178018040955,0.8310722156660639
n100_i1115022_T_a1101_W,n100_i1115022_T_a1101,100,1115022,T,1101,W,1.0,0.4971058741211891,0.8505322409103259
n100_i1115022_T_a1101_GW,n100_i1115022_T_a1101,100,1115022,T,1101,GW,0.1,0.005933407694101334,0.5133037235208543
n100_i1115022_T_a1101_GW,n100_i1115022_T_a1101,100,1115022,T,1101,GW,0.25,0.10167535953223705,0.6742707159119349
n100_i1115022_T_a1101_GW,n100_i1115022_T_a1101,100,1115022,T,1101,GW,0.5,0.5940950084477663,0.7606555212366749
n100_i1115022_T_a1101_GW,n100_i1115022_T_a1101,100,1115022,T,1101,GW,0.75,0.020465180277824402,0.7851886452122876
n100_i1115022_T_a1101_GW,n100_i1115022_T_a1101,100,1115022,T,1101,GW,0.9,0.20648406352847815,0.8021414419594517
n100_i1115022_T_a1101_GW,n100_i1115022_T_a1101,100,1115022,T,1101,GW,1.0,0.48783028312027454,0.8097201942181703
n100_i1115022_T_a1101_LEGACY,n100_i1115022_T_a1101,100,1115022,T,1101,LEGACY,0.1,0.12086219433695078,0.54069103188718
n100_i1115022_T_a1101_LEGACY,n100_i1115022_T_a1101,100,1115022,T,1101,LEGACY,0.25,0.7460242537781596,0.737028020673052
n100_i1115022_T_a1101_LEGACY,n100_i1115022_T_a1101,100,1115022,T,1101,LEGACY,0.5,0.0918365977704525,0.8469189315159774
n100_i1115022_T_a1101_LEGACY,n100_i1115022_T_a1101,100,1115022,T,1101,LEGACY,0.75,0.08788893092423677,0.8830721426149405
n100_i1115022_T_a1101_LEGACY,n100_i1115022_T_a1101,100,1115022,T,1101,LEGACY,0.9,0.2585376547649503,0.8911554720936651
n100_i1115022_T_a1101_LEGACY,n100_i1115022_T_a1101,100,1115022,T,1101,LEGACY,1.0,0.4395225942134857,0.8986084400999267
n100_i1115022_T_a2202_GW,n100_i1115022_T_a2202,100,1115022,T,2202,GW,0.1,0.003996884450316429,0.5188051800946932
n100_i1115022_T_a2202_GW,n100_i1115022_T_a2202,100,1115022,T,2202,GW,0.25,0.009646734222769737,0.7528583507328381
n100_i1115022_T_a2202_GW,n100_i1115022_T_a2202,100,1115022,T,2202,GW,0.5,0.21696149744093418,0.8194834327180681
n100_i1115022_T_a2202_GW,n100_i1115022_T_a2202,100,1115022,T,2202,GW,0.75,0.006040794774889946,0.8520862249879906
n100_i1115022_T_a2202_GW,n100_i1115022_T_a2202,100,1115022,T,2202,GW,0.9,0.6551015758886933,0.8566055337682725
n100_i1115022_T_a2202_GW,n100_i1115022_T_a2202,100,1115022,T,2202,GW,1.0,0.39469791390001774,0.8584447622942987
n100_i1115022_T_a2202_LEGACY,n100_i1115022_T_a2202,100,1115022,T,2202,LEGACY,0.1,0.15282022021710873,0.47933966404912337
n100_i1115022_T_a2202_LEGACY,n100_i1115022_T_a2202,100,1115022,T,2202,LEGACY,0.25,0.02205070201307535,0.5911954742435747
n100_i1115022_T_a2202_LEGACY,n100_i1115022_T_a2202,100,1115022,T,2202,LEGACY,0.5,0.14441629964858294,0.685514183286622
n100_i1115022_T_a2202_LEGACY,n100_i1115022_T_a2202,100,1115022,T,2202,LEGACY,0.75,0.2598513038828969,0.7342715717131281
n100_i1115022_T_a2202_LEGACY,n100_i1115022_T_a2202,100,1115022,T,2202,LEGACY,0.9,0.7909387592226267,0.7502655324040266
n100_i1115022_T_a2202_LEGACY,n100_i1115022_T_a2202,100,1115022,T,2202,LEGACY,1.0,0.11068871151655912,0.7635078851767465
n100_i1115022_T_a2202_REFERENCE,n100_i1115022_T_a2202,100,1115022,T,2202,REFERENCE,0.1,0.06303498987108469,0.5617232532079415
n100_i1115022_T_a2202_REFERENCE,n100_i1115022_T_a2202,100,1115022,T,2202,REFERENCE,0.25,0.03728338796645403,0.7391196416623879
n100_i1115022_T_a2202_REFERENCE,n100_i1115022_T_a2202,100,1115022,T,2202,REFERENCE,0.5,0.20183612126857042,0.836569823423885
n100_i1115022_T_a2202_REFERENCE,n100_i1115022_T_a2202,100,1115022,T,2202,REFERENCE,0.75,0.006919453851878643,0.875878004728239
n100_i1115022_T_a2202_REFERENCE,n100_i1115022_T_a2202,100,1115022,T,2202,REFERENCE,0.9,0.8500478444620967,0.8913381240440332
n100_i1115022_T_a2202_REFERENCE,n100_i1115022_T_a2202,100,1115022,T,2202,REFERENCE,1.0,0.9632938290014863,0.8974448087577266
n100_i1115022_T_a2202_W,n100_i1115022_T_a2202,100,1115022,T,2202,W,0.1,0.36242819484323263,0.5145976351936177
n100_i1115022_T_a2202_W,n100_i1115022_T_a2202,100,1115022,T,2202,W,0.25,0.4399642953649163,0.7253042481985801
n100_i1115022_T_a2202_W,n100_i1115022_T_a2202,100,1115022,T,2202,W,0.5,0.11308075301349163,0.8157868242309333
n100_i1115022_T_a2202_W,n100_i1115022_T_a2202,100,1115022,T,2202,W,0.75,0.6060409666970372,0.8350466494379098
n100_i1115022_T_a2202_W,n100_i1115022_T_a2202,100,1115022,T,2202,W,0.9,0.00033713504672050476,0.8436616537327852
n100_i1115022_T_a2202_W,n100_i1115022_T_a2202,100,1115022,T,2202,W,1.0,1.1220351979136467,0.8465561923132223
n100_i1115023_H_a1101_LEGACY,n100_i1115023_H_a1101,100,1115023,H,1101,LEGACY,0.1,0.16033149976283312,0.6106657123428528
n100_i1115023_H_a1101_LEGACY,n100_i1115023_H_a1101,100,1115023,H,1101,LEGACY,0.25,0.06004289537668228,0.7793600222213166
n100_i1115023_H_a1101_LEGACY,n100_i1115023_H_a1101,100,1115023,H,1101,LEGACY,0.5,0.4237206671386957,0.8726350882374423
n100_i1115023_H_a1101_LEGACY,n100_i1115023_H_a1101,100,1115023,H,1101,LEGACY,0.75,0.04519019927829504,0.8995251236383924
n100_i1115023_H_a1101_LEGACY,n100_i1115023_H_a1101,100,1115023,H,1101,LEGACY,0.9,0.00891838688403368,0.9116407424267475
n100_i1115023_H_a1101_LEGACY,n100_i1115023_H_a1101,100,1115023,H,1101,LEGACY,1.0,0.8888781554996967,0.9189383341014729
n100_i1115023_H_a1101_REFERENCE,n100_i1115023_H_a1101,100,1115023,H,1101,REFERENCE,0.1,0.01089937798678875,0.6804281738981257
n100_i1115023_H_a1101_REFERENCE,n100_i1115023_H_a1101,100,1115023,H,1101,REFERENCE,0.25,1.016595458611846,0.8035376079830653
n100_i1115023_H_a1101_REFERENCE,n100_i1115023_H_a1101,100,1115023,H,1101,REFERENCE,0.5,0.0946315722540021,0.9390237150836203
n100_i1115023_H_a1101_REFERENCE,n100_i1115023_H_a1101,100,1115023,H,1101,REFERENCE,0.75,0.333149672485888,1.0004535982339202
n100_i1115023_H_a1101_REFERENCE,n100_i1115023_H_a1101,100,1115023,H,1101,REFERENCE,0.9,0.09664846025407314,1.0045079468949418
n100_i1115023_H_a1101_REFERENCE,n100_i1115023_H_a1101,100,1115023,H,1101,REFERENCE,1.0,0.22933231759816408,1.0091374978862009
n100_i1115023_H_a1101_W,n100_i1115023_H_a1101,100,1115023,H,1101,W,0.1,0.00672362744808197,0.6423888613340044
n100_i1115023_H_a1101_W,n100_i1115023_H_a1101,100,1115023,H,1101,W,0.25,0.18011991307139397,0.8564784951107073
n100_i1115023_H_a1101_W,n100_i1115023_H_a1101,100,1115023,H,1101,W,0.5,0.236966697499156,0.9705059039172477
n100_i1115023_H_a1101_W,n100_i1115023_H_a1101,100,1115023,H,1101,W,0.75,0.847900521941483,1.0027660440678112
n100_i1115023_H_a1101_W,n100_i1115023_H_a1101,100,1115023,H,1101,W,0.9,0.023820217698812485,1.0089817880138519
n100_i1115023_H_a1101_W,n100_i1115023_H_a1101,100,1115023,H,1101,W,1.0,0.00946988444775343,1.0170272895750438
n100_i1115023_H_a1101_GW,n100_i1115023_H_a1101,100,1115023,H,1101,GW,0.1,0.004427311941981316,0.642169558183839
n100_i1115023_H_a1101_GW,n100_i1115023_H_a1101,100,1115023,H,1101,GW,0.25,0.0471532242372632,0.7968477607692425
n100_i1115023_H_a1101_GW,n100_i1115023_H_a1101,100,1115023,H,1101,GW,0.5,0.8098218385130167,0.9400704397703055
n100_i1115023_H_a1101_GW,n100_i1115023_H_a1101,100,1115023,H,1101,GW,0.75,0.26868586894124746,0.9684148903674161
n100_i1115023_H_a1101_GW,n100_i1115023_H_a1101,100,1115023,H,1101,GW,0.9,0.006294574588537216,0.9833880687064076
n100_i1115023_H_a1101_GW,n100_i1115023_H_a1101,100,1115023,H,1101,GW,1.0,0.3207511315122247,0.9854975626666032
n100_i1115023_H_a2202_W,n100_i1115023_H_a2202,100,1115023,H,2202,W,0.1,0.3067772835493088,0.6378526383613833
n100_i1115023_H_a2202_W,n100_i1115023_H_a2202,100,1115023,H,2202,W,0.25,0.09197746869176626,0.7549750552796295
n100_i1115023_H_a2202_W,n100_i1115023_H_a2202,100,1115023,H,2202,W,0.5,0.017273087985813618,0.8294934098056886
n100_i1115023_H_a2202_W,n100_i1115023_H_a2202,100,1115023,H,2202,W,0.75,0.1927965646609664,0.8733896925101288
n100_i1115023_H_a2202_W,n100_i1115023_H_a2202,100,1115023,H,2202,W,0.9,0.30112525075674057,0.9065278296791022
n100_i1115023_H_a2202_W,n100_i1115023_H_a2202,100,1115023,H,2202,W,1.0,0.9279228951781988,0.9151699605606547
n100_i1115023_H_a2202_GW,n100_i1115023_H_a2202,100,1115023,H,2202,GW,0.1,0.7067719586193562,0.6412764154151847
n100_i1115023_H_a2202_GW,n100_i1115023_H_a2202,100,1115023,H,2202,GW,0.25,0.02872435376048088,0.7551000313106541
n100_i1115023_H_a2202_GW,n100_i1115023_H_a2202,100,1115023,H,2202,GW,0.5,0.011751645244657993,0.8295411118415039
n100_i1115023_H_a2202_GW,n100_i1115023_H_a2202,100,1115023,H,2202,GW,0.75,0.5678385719656944,0.9037111955026654
n100_i1115023_H_a2202_GW,n100_i1115023_H_a2202,100,1115023,H,2202,GW,0.9,0.008720193058252335,0.9427826449424702
n100_i1115023_H_a2202_GW,n100_i1115023_H_a2202,100,1115023,H,2202,GW,1.0,0.4189890334382653,0.9572445055842049
n100_i1115023_H_a2202_LEGACY,n100_i1115023_H_a2202,100,1115023,H,2202,LEGACY,0.1,0.0037824809551239014,0.7017331316211939
n100_i1115023_H_a2202_LEGACY,n100_i1115023_H_a2202,100,1115023,H,2202,LEGACY,0.25,0.06770269107073545,0.8708735316171541
n100_i1115023_H_a2202_LEGACY,n100_i1115023_H_a2202,100,1115023,H,2202,LEGACY,0.5,0.005480179563164711,0.9222140036474372
n100_i1115023_H_a2202_LEGACY,n100_i1115023_H_a2202,100,1115023,H,2202,LEGACY,0.75,0.006533441133797169,0.9619411649884614
n100_i1115023_H_a2202_LEGACY,n100_i1115023_H_a2202,100,1115023,H,2202,LEGACY,0.9,0.15327750146389008,1.0013212031916106
n100_i1115023_H_a2202_LEGACY,n100_i1115023_H_a2202,100,1115023,H,2202,LEGACY,1.0,1.097108538262546,1.0208862981634856
n100_i1115023_H_a2202_REFERENCE,n100_i1115023_H_a2202,100,1115023,H,2202,REFERENCE,0.1,0.00935855507850647,0.5965011206675606
n100_i1115023_H_a2202_REFERENCE,n100_i1115023_H_a2202,100,1115023,H,2202,REFERENCE,0.25,0.24698592443019152,0.8615263672413184
n100_i1115023_H_a2202_REFERENCE,n100_i1115023_H_a2202,100,1115023,H,2202,REFERENCE,0.5,0.010273735038936138,0.9785992809118624
n100_i1115023_H_a2202_REFERENCE,n100_i1115023_H_a2202,100,1115023,H,2202,REFERENCE,0.75,0.01119981799274683,1.0364536593831177
n100_i1115023_H_a2202_REFERENCE,n100_i1115023_H_a2202,100,1115023,H,2202,REFERENCE,0.9,0.4722030917182565,1.0471991209425426
n100_i1115023_H_a2202_REFERENCE,n100_i1115023_H_a2202,100,1115023,H,2202,REFERENCE,1.0,0.8250268185511231,1.055452351658464
n100_i1115023_T_a1101_REFERENCE,n100_i1115023_T_a1101,100,1115023,T,1101,REFERENCE,0.1,0.0040188925340771675,0.43094315461735677
n100_i1115023_T_a1101_REFERENCE,n100_i1115023_T_a1101,100,1115023,T,1101,REFERENCE,0.25,0.9432292189449072,0.5793835847322256
n100_i1115023_T_a1101_REFERENCE,n100_i1115023_T_a1101,100,1115023,T,1101,REFERENCE,0.5,0.003958686254918575,0.7173590326322843
n100_i1115023_T_a1101_REFERENCE,n100_i1115023_T_a1101,100,1115023,T,1101,REFERENCE,0.75,0.09086851961910725,0.7569310629998924
n100_i1115023_T_a1101_REFERENCE,n100_i1115023_T_a1101,100,1115023,T,1101,REFERENCE,0.9,0.1154909348115325,0.7730115199934914
n100_i1115023_T_a1101_REFERENCE,n100_i1115023_T_a1101,100,1115023,T,1101,REFERENCE,1.0,0.01048485841602087,0.7785091473415707
n100_i1115023_T_a1101_W,n100_i1115023_T_a1101,100,1115023,T,1101,W,0.1,0.19440109189599752,0.44867534646643337
n100_i1115023_T_a1101_W,n100_i1115023_T_a1101,100,1115023,T,1101,W,0.25,0.35999710112810135,0.6601546118423942
n100_i1115023_T_a1101_W,n100_i1115023_T_a1101,100,1115023,T,1101,W,0.5,0.03393176011741161,0.7919828099213269
n100_i1115023_T_a1101_W,n100_i1115023_T_a1101,100,1115023,T,1101,W,0.75,0.05104228388518095,0.8357934751162361
n100_i1115023_T_a1101_W,n100_i1115023_T_a1101,100,1115023,T,1101,W,0.9,0.1327177518978715,0.8501284883323077
n100_i1115023_T_a1101_W,n100_i1115023_T_a1101,100,1115023,T,1101,W,1.0,1.1662271618843079,0.8538998695578178
n100_i1115023_T_a1101_GW,n100_i1115023_T_a1101,100,1115023,T,1101,GW,0.1,0.00830104760825634,0.4485108457144752
n100_i1115023_T_a1101_GW,n100_i1115023_T_a1101,100,1115023,T,1101,GW,0.25,0.07249759696424007,0.6599359439229663
n100_i1115023_T_a1101_GW,n100_i1115023_T_a1101,100,1115023,T,1101,GW,0.5,0.003298184834420681,0.7919828099213269
n100_i1115023_T_a1101_GW,n100_i1115023_T_a1101,100,1115023,T,1101,GW,0.75,0.4032566836103797,0.8320665081218971
n100_i1115023_T_a1101_GW,n100_i1115023_T_a1101,100,1115023,T,1101,GW,0.9,0.08418966270983219,0.8508277159699696
n100_i1115023_T_a1101_GW,n100_i1115023_T_a1101,100,1115023,T,1101,GW,1.0,1.0886009074747562,0.8559415903173887
n100_i1115023_T_a1101_LEGACY,n100_i1115023_T_a1101,100,1115023,T,1101,LEGACY,0.1,0.011339590884745121,0.4612879784286391
n100_i1115023_T_a1101_LEGACY,n100_i1115023_T_a1101,100,1115023,T,1101,LEGACY,0.25,0.12082935031503439,0.6727163963979491
n100_i1115023_T_a1101_LEGACY,n100_i1115023_T_a1101,100,1115023,T,1101,LEGACY,0.5,1.2297127107158303,0.7985291547273041
n100_i1115023_T_a1101_LEGACY,n100_i1115023_T_a1101,100,1115023,T,1101,LEGACY,0.75,0.09573542233556509,0.872601663596723
n100_i1115023_T_a1101_LEGACY,n100_i1115023_T_a1101,100,1115023,T,1101,LEGACY,0.9,1.0386045910418034,0.9105977921020354
n100_i1115023_T_a1101_LEGACY,n100_i1115023_T_a1101,100,1115023,T,1101,LEGACY,1.0,1.1571373753249645,0.9303910075344973
n100_i1115023_T_a2202_GW,n100_i1115023_T_a2202,100,1115023,T,2202,GW,0.1,0.43064638786017895,0.34925186443600437
n100_i1115023_T_a2202_GW,n100_i1115023_T_a2202,100,1115023,T,2202,GW,0.25,0.20646139606833458,0.6007457442220416
n100_i1115023_T_a2202_GW,n100_i1115023_T_a2202,100,1115023,T,2202,GW,0.5,0.05063504446297884,0.6850991578749598
n100_i1115023_T_a2202_GW,n100_i1115023_T_a2202,100,1115023,T,2202,GW,0.75,0.06408003997057676,0.7774028811730181
n100_i1115023_T_a2202_GW,n100_i1115023_T_a2202,100,1115023,T,2202,GW,0.9,0.04530885070562363,0.7993876970427685
n100_i1115023_T_a2202_GW,n100_i1115023_T_a2202,100,1115023,T,2202,GW,1.0,1.0529480809345841,0.8088590879821667
n100_i1115023_T_a2202_LEGACY,n100_i1115023_T_a2202,100,1115023,T,2202,LEGACY,0.1,0.12670119851827621,0.4318380581104482
n100_i1115023_T_a2202_LEGACY,n100_i1115023_T_a2202,100,1115023,T,2202,LEGACY,0.25,0.7420630566775799,0.6311176875410751
n100_i1115023_T_a2202_LEGACY,n100_i1115023_T_a2202,100,1115023,T,2202,LEGACY,0.5,0.05907424818724394,0.7011034049335353
n100_i1115023_T_a2202_LEGACY,n100_i1115023_T_a2202,100,1115023,T,2202,LEGACY,0.75,0.004194177687168121,0.7468802524023405
n100_i1115023_T_a2202_LEGACY,n100_i1115023_T_a2202,100,1115023,T,2202,LEGACY,0.9,0.6352386549115181,0.7733783871450304
n100_i1115023_T_a2202_LEGACY,n100_i1115023_T_a2202,100,1115023,T,2202,LEGACY,1.0,0.62773431930691,0.7768968247753798
n100_i1115023_T_a2202_REFERENCE,n100_i1115023_T_a2202,100,1115023,T,2202,REFERENCE,0.1,0.0016788691282272339,0.4517819282769194
n100_i1115023_T_a2202_REFERENCE,n100_i1115023_T_a2202,100,1115023,T,2202,REFERENCE,0.25,0.1297535439953208,0.6756493505004847
n100_i1115023_T_a2202_REFERENCE,n100_i1115023_T_a2202,100,1115023,T,2202,REFERENCE,0.5,0.43861847184598446,0.8100000787898696
n100_i1115023_T_a2202_REFERENCE,n100_i1115023_T_a2202,100,1115023,T,2202,REFERENCE,0.75,0.07761999405920506,0.8722502843815344
n100_i1115023_T_a2202_REFERENCE,n100_i1115023_T_a2202,100,1115023,T,2202,REFERENCE,0.9,0.03605709504336119,0.8927661285635022
n100_i1115023_T_a2202_REFERENCE,n100_i1115023_T_a2202,100,1115023,T,2202,REFERENCE,1.0,0.42029514722526073,0.9111208082793776
n100_i1115023_T_a2202_W,n100_i1115023_T_a2202,100,1115023,T,2202,W,0.1,0.2469542110338807,0.34925186443600437
n100_i1115023_T_a2202_W,n100_i1115023_T_a2202,100,1115023,T,2202,W,0.25,0.169980363920331,0.6007457442220416
n100_i1115023_T_a2202_W,n100_i1115023_T_a2202,100,1115023,T,2202,W,0.5,0.029958495870232582,0.6890416339050207
n100_i1115023_T_a2202_W,n100_i1115023_T_a2202,100,1115023,T,2202,W,0.75,0.21446743234992027,0.8209120097282375
n100_i1115023_T_a2202_W,n100_i1115023_T_a2202,100,1115023,T,2202,W,0.9,0.39081478491425514,0.84101571798715
n100_i1115023_T_a2202_W,n100_i1115023_T_a2202,100,1115023,T,2202,W,1.0,1.0564988534897566,0.8591280714766283
n100_i1115024_H_a1101_LEGACY,n100_i1115024_H_a1101,100,1115024,H,1101,LEGACY,0.1,0.038622159510850906,0.6962027663364134
n100_i1115024_H_a1101_LEGACY,n100_i1115024_H_a1101,100,1115024,H,1101,LEGACY,0.25,0.2368229292333126,0.8326708972209609
n100_i1115024_H_a1101_LEGACY,n100_i1115024_H_a1101,100,1115024,H,1101,LEGACY,0.5,0.597847355529666,0.9335422294977629
n100_i1115024_H_a1101_LEGACY,n100_i1115024_H_a1101,100,1115024,H,1101,LEGACY,0.75,1.0185321578755975,0.9540810495934686
n100_i1115024_H_a1101_LEGACY,n100_i1115024_H_a1101,100,1115024,H,1101,LEGACY,0.9,1.9423131067305803,0.9645822946711344
n100_i1115024_H_a1101_LEGACY,n100_i1115024_H_a1101,100,1115024,H,1101,LEGACY,1.0,0.10457154642790556,0.9917216292121716
n100_i1115024_H_a1101_REFERENCE,n100_i1115024_H_a1101,100,1115024,H,1101,REFERENCE,0.1,0.010776069946587086,0.6710125015399597
n100_i1115024_H_a1101_REFERENCE,n100_i1115024_H_a1101,100,1115024,H,1101,REFERENCE,0.25,0.057720924727618694,0.8007186894903571
n100_i1115024_H_a1101_REFERENCE,n100_i1115024_H_a1101,100,1115024,H,1101,REFERENCE,0.5,0.12841472122818232,0.8585280528886535
n100_i1115024_H_a1101_REFERENCE,n100_i1115024_H_a1101,100,1115024,H,1101,REFERENCE,0.75,0.009550020098686218,0.8942370677202766
n100_i1115024_H_a1101_REFERENCE,n100_i1115024_H_a1101,100,1115024,H,1101,REFERENCE,0.9,0.2931339284405112,0.9102607395805634
n100_i1115024_H_a1101_REFERENCE,n100_i1115024_H_a1101,100,1115024,H,1101,REFERENCE,1.0,0.6054837852716446,0.9194725633346986
n100_i1115024_H_a1101_W,n100_i1115024_H_a1101,100,1115024,H,1101,W,0.1,0.07231011148542166,0.6957456715607356
n100_i1115024_H_a1101_W,n100_i1115024_H_a1101,100,1115024,H,1101,W,0.25,0.00494521576911211,0.8655532102638602
n100_i1115024_H_a1101_W,n100_i1115024_H_a1101,100,1115024,H,1101,W,0.5,0.2374785952270031,0.9548016465986021
n100_i1115024_H_a1101_W,n100_i1115024_H_a1101,100,1115024,H,1101,W,0.75,0.4486509086564183,1.0021337733258262
n100_i1115024_H_a1101_W,n100_i1115024_H_a1101,100,1115024,H,1101,W,0.9,0.14128529280424118,1.0188733528716163
n100_i1115024_H_a1101_W,n100_i1115024_H_a1101,100,1115024,H,1101,W,1.0,1.2201502295210958,1.027188818281876
n100_i1115024_H_a1101_GW,n100_i1115024_H_a1101,100,1115024,H,1101,GW,0.1,0.5694332495331764,0.6955891254477259
n100_i1115024_H_a1101_GW,n100_i1115024_H_a1101,100,1115024,H,1101,GW,0.25,0.00035104434937238693,0.8632323966287424
n100_i1115024_H_a1101_GW,n100_i1115024_H_a1101,100,1115024,H,1101,GW,0.5,0.1291515240445733,0.9548016465986021
n100_i1115024_H_a1101_GW,n100_i1115024_H_a1101,100,1115024,H,1101,GW,0.75,0.0066667115315794945,1.002100537731798
n100_i1115024_H_a1101_GW,n100_i1115024_H_a1101,100,1115024,H,1101,GW,0.9,0.9021964268758893,1.0185677554157198
n100_i1115024_H_a1101_GW,n100_i1115024_H_a1101,100,1115024,H,1101,GW,1.0,0.6869304720312357,1.0271636760817826
n100_i1115024_H_a2202_W,n100_i1115024_H_a2202,100,1115024,H,2202,W,0.1,0.03842064831405878,0.6637742530940771
n100_i1115024_H_a2202_W,n100_i1115024_H_a2202,100,1115024,H,2202,W,0.25,0.04068145155906677,0.8024752400212107
n100_i1115024_H_a2202_W,n100_i1115024_H_a2202,100,1115024,H,2202,W,0.5,0.042006355710327625,0.8422430350418817
n100_i1115024_H_a2202_W,n100_i1115024_H_a2202,100,1115024,H,2202,W,0.75,0.3086695075035095,0.9125089856427262
n100_i1115024_H_a2202_W,n100_i1115024_H_a2202,100,1115024,H,2202,W,0.9,0.783412235789001,0.9424380223815868
n100_i1115024_H_a2202_W,n100_i1115024_H_a2202,100,1115024,H,2202,W,1.0,0.1788906240835786,0.9446811466184156
n100_i1115024_H_a2202_GW,n100_i1115024_H_a2202,100,1115024,H,2202,GW,0.1,0.00465772021561861,0.6637742530940771
n100_i1115024_H_a2202_GW,n100_i1115024_H_a2202,100,1115024,H,2202,GW,0.25,0.10440901946276426,0.8037725955047426
n100_i1115024_H_a2202_GW,n100_i1115024_H_a2202,100,1115024,H,2202,GW,0.5,0.12272980809211731,0.8609368791896931
n100_i1115024_H_a2202_GW,n100_i1115024_H_a2202,100,1115024,H,2202,GW,0.75,0.052423058077692986,0.911927249607332
n100_i1115024_H_a2202_GW,n100_i1115024_H_a2202,100,1115024,H,2202,GW,0.9,0.47270284220576286,0.9202085874740839
n100_i1115024_H_a2202_GW,n100_i1115024_H_a2202,100,1115024,H,2202,GW,1.0,0.41938069742172956,0.9224075901428687
n100_i1115024_H_a2202_LEGACY,n100_i1115024_H_a2202,100,1115024,H,2202,LEGACY,0.1,0.005610332824289799,0.6458092944966962
n100_i1115024_H_a2202_LEGACY,n100_i1115024_H_a2202,100,1115024,H,2202,LEGACY,0.25,0.17394821159541607,0.7944599275832804
n100_i1115024_H_a2202_LEGACY,n100_i1115024_H_a2202,100,1115024,H,2202,LEGACY,0.5,0.084474116563797,0.8270769606336603
n100_i1115024_H_a2202_LEGACY,n100_i1115024_H_a2202,100,1115024,H,2202,LEGACY,0.75,0.012157384306192398,0.9135033093720184
n100_i1115024_H_a2202_LEGACY,n100_i1115024_H_a2202,100,1115024,H,2202,LEGACY,0.9,0.3673655539751053,0.9290628370626202
n100_i1115024_H_a2202_LEGACY,n100_i1115024_H_a2202,100,1115024,H,2202,LEGACY,1.0,0.22583850286900997,0.9336134340042982
n100_i1115024_H_a2202_REFERENCE,n100_i1115024_H_a2202,100,1115024,H,2202,REFERENCE,0.1,0.16667221952229738,0.6296750849536984
n100_i1115024_H_a2202_REFERENCE,n100_i1115024_H_a2202,100,1115024,H,2202,REFERENCE,0.25,0.6025526011362672,0.7857365688870541
n100_i1115024_H_a2202_REFERENCE,n100_i1115024_H_a2202,100,1115024,H,2202,REFERENCE,0.5,0.8766892412677407,0.8386179997081108
n100_i1115024_H_a2202_REFERENCE,n100_i1115024_H_a2202,100,1115024,H,2202,REFERENCE,0.75,0.0026621930301189423,0.8552313453555351
n100_i1115024_H_a2202_REFERENCE,n100_i1115024_H_a2202,100,1115024,H,2202,REFERENCE,0.9,0.01043219119310379,0.8683300281317274
n100_i1115024_H_a2202_REFERENCE,n100_i1115024_H_a2202,100,1115024,H,2202,REFERENCE,1.0,0.7517025107517838,0.8710049906069935
n100_i1115024_T_a1101_REFERENCE,n100_i1115024_T_a1101,100,1115024,T,1101,REFERENCE,0.1,1.2195235388353467,0.4238593831777424
n100_i1115024_T_a1101_REFERENCE,n100_i1115024_T_a1101,100,1115024,T,1101,REFERENCE,0.25,0.0452628368511796,0.6078516257653478
n100_i1115024_T_a1101_REFERENCE,n100_i1115024_T_a1101,100,1115024,T,1101,REFERENCE,0.5,0.0006700139492750168,0.6866883495485077
n100_i1115024_T_a1101_REFERENCE,n100_i1115024_T_a1101,100,1115024,T,1101,REFERENCE,0.75,0.3974906513467431,0.7922596478313777
n100_i1115024_T_a1101_REFERENCE,n100_i1115024_T_a1101,100,1115024,T,1101,REFERENCE,0.9,0.0061526065692305565,0.8330101908636651
n100_i1115024_T_a1101_REFERENCE,n100_i1115024_T_a1101,100,1115024,T,1101,REFERENCE,1.0,0.34717048425227404,0.8687588478060886
n100_i1115024_T_a1101_W,n100_i1115024_T_a1101,100,1115024,T,1101,W,0.1,0.055321430787444115,0.4339140907120359
n100_i1115024_T_a1101_W,n100_i1115024_T_a1101,100,1115024,T,1101,W,0.25,0.5616072416305542,0.7706311975864677
n100_i1115024_T_a1101_W,n100_i1115024_T_a1101,100,1115024,T,1101,W,0.5,0.09481685981154442,0.8332465196029248
n100_i1115024_T_a1101_W,n100_i1115024_T_a1101,100,1115024,T,1101,W,0.75,0.058874960988759995,0.8951723744067418
n100_i1115024_T_a1101_W,n100_i1115024_T_a1101,100,1115024,T,1101,W,0.9,0.009971562772989273,0.9217995102064411
n100_i1115024_T_a1101_W,n100_i1115024_T_a1101,100,1115024,T,1101,W,1.0,0.8767817718908191,0.9363355825629937
n100_i1115024_T_a1101_GW,n100_i1115024_T_a1101,100,1115024,T,1101,GW,0.1,0.5198678616434336,0.4339140907120359
n100_i1115024_T_a1101_GW,n100_i1115024_T_a1101,100,1115024,T,1101,GW,0.25,1.2145628239959478,0.7706311975864677
n100_i1115024_T_a1101_GW,n100_i1115024_T_a1101,100,1115024,T,1101,GW,0.5,0.72105454467237,0.8332521986844292
n100_i1115024_T_a1101_GW,n100_i1115024_T_a1101,100,1115024,T,1101,GW,0.75,0.7872625673189759,0.8853692646469752
n100_i1115024_T_a1101_GW,n100_i1115024_T_a1101,100,1115024,T,1101,GW,0.9,0.12422947492450476,0.9022989601732354
n100_i1115024_T_a1101_GW,n100_i1115024_T_a1101,100,1115024,T,1101,GW,1.0,1.0056505026295781,0.9096358402988776
n100_i1115024_T_a1101_LEGACY,n100_i1115024_T_a1101,100,1115024,T,1101,LEGACY,0.1,0.5324019519612193,0.4246300108332054
n100_i1115024_T_a1101_LEGACY,n100_i1115024_T_a1101,100,1115024,T,1101,LEGACY,0.25,0.8143209349364042,0.5555553374723983
n100_i1115024_T_a1101_LEGACY,n100_i1115024_T_a1101,100,1115024,T,1101,LEGACY,0.5,0.1857413947582245,0.6370757942873492
n100_i1115024_T_a1101_LEGACY,n100_i1115024_T_a1101,100,1115024,T,1101,LEGACY,0.75,0.07541768345981836,0.751238210602457
n100_i1115024_T_a1101_LEGACY,n100_i1115024_T_a1101,100,1115024,T,1101,LEGACY,0.9,0.0012896275147795677,0.7627625969319982
n100_i1115024_T_a1101_LEGACY,n100_i1115024_T_a1101,100,1115024,T,1101,LEGACY,1.0,0.47542379796504974,0.7698920575953933
n100_i1115024_T_a2202_GW,n100_i1115024_T_a2202,100,1115024,T,2202,GW,0.1,0.46156195551157,0.5462281176672906
n100_i1115024_T_a2202_GW,n100_i1115024_T_a2202,100,1115024,T,2202,GW,0.25,0.8377946261316538,0.7168848039438442
n100_i1115024_T_a2202_GW,n100_i1115024_T_a2202,100,1115024,T,2202,GW,0.5,0.07397572416812181,0.7942407862738372
n100_i1115024_T_a2202_GW,n100_i1115024_T_a2202,100,1115024,T,2202,GW,0.75,0.2198929926380515,0.830165686590187
n100_i1115024_T_a2202_GW,n100_i1115024_T_a2202,100,1115024,T,2202,GW,0.9,0.0023687751963734627,0.8625229340676684
n100_i1115024_T_a2202_GW,n100_i1115024_T_a2202,100,1115024,T,2202,GW,1.0,0.009801343083381653,0.9072246479353165
n100_i1115024_T_a2202_LEGACY,n100_i1115024_T_a2202,100,1115024,T,2202,LEGACY,0.1,0.023837103508412838,0.45660053395339045
n100_i1115024_T_a2202_LEGACY,n100_i1115024_T_a2202,100,1115024,T,2202,LEGACY,0.25,0.241731827147305,0.6481012575370777
n100_i1115024_T_a2202_LEGACY,n100_i1115024_T_a2202,100,1115024,T,2202,LEGACY,0.5,0.005912122316658497,0.8035726855456774
n100_i1115024_T_a2202_LEGACY,n100_i1115024_T_a2202,100,1115024,T,2202,LEGACY,0.75,0.2647351995110512,0.8651974214663787
n100_i1115024_T_a2202_LEGACY,n100_i1115024_T_a2202,100,1115024,T,2202,LEGACY,0.9,0.009280500002205372,0.8829513130313668
n100_i1115024_T_a2202_LEGACY,n100_i1115024_T_a2202,100,1115024,T,2202,LEGACY,1.0,0.9099256312474608,0.891002958899899
n100_i1115024_T_a2202_REFERENCE,n100_i1115024_T_a2202,100,1115024,T,2202,REFERENCE,0.1,0.05036938190460205,0.5561432547927817
n100_i1115024_T_a2202_REFERENCE,n100_i1115024_T_a2202,100,1115024,T,2202,REFERENCE,0.25,0.18402556329965591,0.7518828464184886
n100_i1115024_T_a2202_REFERENCE,n100_i1115024_T_a2202,100,1115024,T,2202,REFERENCE,0.5,0.013034033589065075,0.8686215552573917
n100_i1115024_T_a2202_REFERENCE,n100_i1115024_T_a2202,100,1115024,T,2202,REFERENCE,0.75,0.05990792624652386,0.9376268865709885
n100_i1115024_T_a2202_REFERENCE,n100_i1115024_T_a2202,100,1115024,T,2202,REFERENCE,0.9,0.00319089088588953,0.9451568203125198
n100_i1115024_T_a2202_REFERENCE,n100_i1115024_T_a2202,100,1115024,T,2202,REFERENCE,1.0,0.1911314446479082,0.9503993377439652
n100_i1115024_T_a2202_W,n100_i1115024_T_a2202,100,1115024,T,2202,W,0.1,0.0034912163391709328,0.5650774982287581
n100_i1115024_T_a2202_W,n100_i1115024_T_a2202,100,1115024,T,2202,W,0.25,0.0007947525009512901,0.8968094482977433
n100_i1115024_T_a2202_W,n100_i1115024_T_a2202,100,1115024,T,2202,W,0.5,1.3414892004802823,0.9600553632351786
n100_i1115024_T_a2202_W,n100_i1115024_T_a2202,100,1115024,T,2202,W,0.75,0.9638878526166081,1.001459184050503
n100_i1115024_T_a2202_W,n100_i1115024_T_a2202,100,1115024,T,2202,W,0.9,0.09626077674329281,1.025717510269014
n100_i1115024_T_a2202_W,n100_i1115024_T_a2202,100,1115024,T,2202,W,1.0,0.07302443962544203,1.0387485876574298
n100_i1115025_H_a1101_LEGACY,n100_i1115025_H_a1101,100,1115025,H,1101,LEGACY,0.1,0.009481546469032764,0.5646892596731882
n100_i1115025_H_a1101_LEGACY,n100_i1115025_H_a1101,100,1115025,H,1101,LEGACY,0.25,0.03815770149230957,0.6682263478466918
n100_i1115025_H_a1101_LEGACY,n100_i1115025_H_a1101,100,1115025,H,1101,LEGACY,0.5,0.025733397342264652,0.7230830187922377
n100_i1115025_H_a1101_LEGACY,n100_i1115025_H_a1101,100,1115025,H,1101,LEGACY,0.75,0.11695025116205215,0.7548202861748697
n100_i1115025_H_a1101_LEGACY,n100_i1115025_H_a1101,100,1115025,H,1101,LEGACY,0.9,2.8878832133486867,0.7851527540926106
n100_i1115025_H_a1101_LEGACY,n100_i1115025_H_a1101,100,1115025,H,1101,LEGACY,1.0,0.8362004142254591,0.8051280095192612
n100_i1115025_H_a1101_REFERENCE,n100_i1115025_H_a1101,100,1115025,H,1101,REFERENCE,0.1,1.3376251123845577,0.5703221473003881
n100_i1115025_H_a1101_REFERENCE,n100_i1115025_H_a1101,100,1115025,H,1101,REFERENCE,0.25,0.6418857909739017,0.711485203818899
n100_i1115025_H_a1101_REFERENCE,n100_i1115025_H_a1101,100,1115025,H,1101,REFERENCE,0.5,0.0001215767115354538,0.7652121451034207
n100_i1115025_H_a1101_REFERENCE,n100_i1115025_H_a1101,100,1115025,H,1101,REFERENCE,0.75,0.1378101957961917,0.7838834454984084
n100_i1115025_H_a1101_REFERENCE,n100_i1115025_H_a1101,100,1115025,H,1101,REFERENCE,0.9,0.17169569805264473,0.7888831516364841
n100_i1115025_H_a1101_REFERENCE,n100_i1115025_H_a1101,100,1115025,H,1101,REFERENCE,1.0,0.0038045523688197136,0.7931889844691642
n100_i1115025_H_a1101_W,n100_i1115025_H_a1101,100,1115025,H,1101,W,0.1,0.7000646386295557,0.6500864219931861
n100_i1115025_H_a1101_W,n100_i1115025_H_a1101,100,1115025,H,1101,W,0.25,0.2797941053286195,0.7251751986133449
n100_i1115025_H_a1101_W,n100_i1115025_H_a1101,100,1115025,H,1101,W,0.5,0.32794456370174885,0.7672421067754297
n100_i1115025_H_a1101_W,n100_i1115025_H_a1101,100,1115025,H,1101,W,0.75,0.008864155039191246,0.7995726370702622
n100_i1115025_H_a1101_W,n100_i1115025_H_a1101,100,1115025,H,1101,W,0.9,0.12365446519106627,0.8134962698193545
n100_i1115025_H_a1101_W,n100_i1115025_H_a1101,100,1115025,H,1101,W,1.0,1.1149138929322362,0.8168830658101451
n100_i1115025_H_a1101_GW,n100_i1115025_H_a1101,100,1115025,H,1101,GW,0.1,0.06489036791026592,0.647903552650728
n100_i1115025_H_a1101_GW,n100_i1115025_H_a1101,100,1115025,H,1101,GW,0.25,0.4851399948820472,0.7228455755588975
n100_i1115025_H_a1101_GW,n100_i1115025_H_a1101,100,1115025,H,1101,GW,0.5,0.8459320925176144,0.7753500842404181
n100_i1115025_H_a1101_GW,n100_i1115025_H_a1101,100,1115025,H,1101,GW,0.75,0.1016766233369708,0.7904324308818103
n100_i1115025_H_a1101_GW,n100_i1115025_H_a1101,100,1115025,H,1101,GW,0.9,1.1859449921175838,0.7977359142184394
n100_i1115025_H_a1101_GW,n100_i1115025_H_a1101,100,1115025,H,1101,GW,1.0,1.3719970360398293,0.8005936094826912
n100_i1115025_H_a2202_W,n100_i1115025_H_a2202,100,1115025,H,2202,W,0.1,0.0025630956515669823,0.6230232789953098
n100_i1115025_H_a2202_W,n100_i1115025_H_a2202,100,1115025,H,2202,W,0.25,0.07588656339794397,0.73931233137923
n100_i1115025_H_a2202_W,n100_i1115025_H_a2202,100,1115025,H,2202,W,0.5,0.26338414289057255,0.8255653492945455
n100_i1115025_H_a2202_W,n100_i1115025_H_a2202,100,1115025,H,2202,W,0.75,0.16726535093039274,0.8357577448942667
n100_i1115025_H_a2202_W,n100_i1115025_H_a2202,100,1115025,H,2202,W,0.9,0.004436857998371124,0.8421046703522244
n100_i1115025_H_a2202_W,n100_i1115025_H_a2202,100,1115025,H,2202,W,1.0,0.11959412135183811,0.8474661461734518
n100_i1115025_H_a2202_GW,n100_i1115025_H_a2202,100,1115025,H,2202,GW,0.1,0.01167562510818243,0.6229007992111444
n100_i1115025_H_a2202_GW,n100_i1115025_H_a2202,100,1115025,H,2202,GW,0.25,0.0014592204242944717,0.7356255870241774
n100_i1115025_H_a2202_GW,n100_i1115025_H_a2202,100,1115025,H,2202,GW,0.5,0.13622623775154352,0.7730164168529357
n100_i1115025_H_a2202_GW,n100_i1115025_H_a2202,100,1115025,H,2202,GW,0.75,0.07944439630955458,0.7835779426773345
n100_i1115025_H_a2202_GW,n100_i1115025_H_a2202,100,1115025,H,2202,GW,0.9,0.0012232828885316849,0.8011505016176401
n100_i1115025_H_a2202_GW,n100_i1115025_H_a2202,100,1115025,H,2202,GW,1.0,1.3461443996056914,0.8048749426269585
n100_i1115025_H_a2202_LEGACY,n100_i1115025_H_a2202,100,1115025,H,2202,LEGACY,0.1,0.009548272006213665,0.6495849941973931
n100_i1115025_H_a2202_LEGACY,n100_i1115025_H_a2202,100,1115025,H,2202,LEGACY,0.25,0.012100109830498695,0.821156460484434
n100_i1115025_H_a2202_LEGACY,n100_i1115025_H_a2202,100,1115025,H,2202,LEGACY,0.5,0.1650845156982541,0.8994241794255605
n100_i1115025_H_a2202_LEGACY,n100_i1115025_H_a2202,100,1115025,H,2202,LEGACY,0.75,0.6785143269225955,0.9624696908246047
n100_i1115025_H_a2202_LEGACY,n100_i1115025_H_a2202,100,1115025,H,2202,LEGACY,0.9,1.3340356396511197,0.9785556966300102
n100_i1115025_H_a2202_LEGACY,n100_i1115025_H_a2202,100,1115025,H,2202,LEGACY,1.0,0.592883326113224,0.9839259789800102
n100_i1115025_H_a2202_REFERENCE,n100_i1115025_H_a2202,100,1115025,H,2202,REFERENCE,0.1,0.024607358500361443,0.6091205370303342
n100_i1115025_H_a2202_REFERENCE,n100_i1115025_H_a2202,100,1115025,H,2202,REFERENCE,0.25,0.49294480588287115,0.6969525385005768
n100_i1115025_H_a2202_REFERENCE,n100_i1115025_H_a2202,100,1115025,H,2202,REFERENCE,0.5,0.009073793888092041,0.7747626732619232
n100_i1115025_H_a2202_REFERENCE,n100_i1115025_H_a2202,100,1115025,H,2202,REFERENCE,0.75,0.07106209453195333,0.7874516772052704
n100_i1115025_H_a2202_REFERENCE,n100_i1115025_H_a2202,100,1115025,H,2202,REFERENCE,0.9,0.023962851613759995,0.7902965265054127
n100_i1115025_H_a2202_REFERENCE,n100_i1115025_H_a2202,100,1115025,H,2202,REFERENCE,1.0,0.5275518540292978,0.7922041953220912
n100_i1115025_T_a2202_GW,n100_i1115025_T_a2202,100,1115025,T,2202,GW,0.1,0.00377836637198925,0.4324005456156079
n100_i1115025_T_a2202_GW,n100_i1115025_T_a2202,100,1115025,T,2202,GW,0.25,0.5175909185782075,0.684860006583385
n100_i1115025_T_a2202_GW,n100_i1115025_T_a2202,100,1115025,T,2202,GW,0.5,0.1669663256034255,0.7511635949045778
n100_i1115025_T_a2202_GW,n100_i1115025_T_a2202,100,1115025,T,2202,GW,0.75,0.31552689988166094,0.8162516912361922
n100_i1115025_T_a2202_GW,n100_i1115025_T_a2202,100,1115025,T,2202,GW,0.9,0.034817542880773544,0.8857159568886496
n100_i1115025_T_a2202_GW,n100_i1115025_T_a2202,100,1115025,T,2202,GW,1.0,0.9033442735671997,0.9099048956596508
n100_i1115025_T_a2202_LEGACY,n100_i1115025_T_a2202,100,1115025,T,2202,LEGACY,0.1,0.6586839901283383,0.5582664494114791
n100_i1115025_T_a2202_LEGACY,n100_i1115025_T_a2202,100,1115025,T,2202,LEGACY,0.25,0.13315642811357975,0.7119104760036611
n100_i1115025_T_a2202_LEGACY,n100_i1115025_T_a2202,100,1115025,T,2202,LEGACY,0.5,1.0427605602890253,0.8129604755783345
n100_i1115025_T_a2202_LEGACY,n100_i1115025_T_a2202,100,1115025,T,2202,LEGACY,0.75,0.09975868090987206,0.8499633842328993
n100_i1115025_T_a2202_LEGACY,n100_i1115025_T_a2202,100,1115025,T,2202,LEGACY,0.9,0.007335650734603405,0.8664505399533278
n100_i1115025_T_a2202_LEGACY,n100_i1115025_T_a2202,100,1115025,T,2202,LEGACY,1.0,1.008560225367546,0.8807518265304035
n100_i1115025_T_a2202_REFERENCE,n100_i1115025_T_a2202,100,1115025,T,2202,REFERENCE,0.1,0.7980743050575256,0.6000766586471644
n100_i1115025_T_a2202_REFERENCE,n100_i1115025_T_a2202,100,1115025,T,2202,REFERENCE,0.25,0.08046690933406353,0.7694555659391096
n100_i1115025_T_a2202_REFERENCE,n100_i1115025_T_a2202,100,1115025,T,2202,REFERENCE,0.5,0.009234865196049213,0.8381717611231965
n100_i1115025_T_a2202_REFERENCE,n100_i1115025_T_a2202,100,1115025,T,2202,REFERENCE,0.75,0.061816707253456116,0.893402667771568
n100_i1115025_T_a2202_REFERENCE,n100_i1115025_T_a2202,100,1115025,T,2202,REFERENCE,0.9,1.1822265032678843,0.9218904228280664
n100_i1115025_T_a2202_REFERENCE,n100_i1115025_T_a2202,100,1115025,T,2202,REFERENCE,1.0,0.075931616127491,0.9540735263868638
n100_i1115025_T_a2202_W,n100_i1115025_T_a2202,100,1115025,T,2202,W,0.1,0.25726032815873623,0.5241657884854629
n100_i1115025_T_a2202_W,n100_i1115025_T_a2202,100,1115025,T,2202,W,0.25,0.1722639361396432,0.6819326041464235
n100_i1115025_T_a2202_W,n100_i1115025_T_a2202,100,1115025,T,2202,W,0.5,0.0319215664640069,0.7940153936735058
n100_i1115025_T_a2202_W,n100_i1115025_T_a2202,100,1115025,T,2202,W,0.75,0.7533993059769273,0.8597000050064906
n100_i1115025_T_a2202_W,n100_i1115025_T_a2202,100,1115025,T,2202,W,0.9,0.031356372870504856,0.8760781941519105
n100_i1115025_T_a2202_W,n100_i1115025_T_a2202,100,1115025,T,2202,W,1.0,0.3236953690648079,0.8815468132866252
n100_i1115025_T_a1101_REFERENCE,n100_i1115025_T_a1101,100,1115025,T,1101,REFERENCE,0.1,0.009542450308799744,0.558115365645031
n100_i1115025_T_a1101_REFERENCE,n100_i1115025_T_a1101,100,1115025,T,1101,REFERENCE,0.25,0.536456330679357,0.7406664209295726
n100_i1115025_T_a1101_REFERENCE,n100_i1115025_T_a1101,100,1115025,T,1101,REFERENCE,0.5,0.15510662645101547,0.872661975271313
n100_i1115025_T_a1101_REFERENCE,n100_i1115025_T_a1101,100,1115025,T,1101,REFERENCE,0.75,0.2488389452919364,0.9278633605851031
n100_i1115025_T_a1101_REFERENCE,n100_i1115025_T_a1101,100,1115025,T,1101,REFERENCE,0.9,0.06709935143589973,0.9398511347719399
n100_i1115025_T_a1101_REFERENCE,n100_i1115025_T_a1101,100,1115025,T,1101,REFERENCE,1.0,0.5301776397973299,0.9489287664525596
n100_i1115025_T_a1101_W,n100_i1115025_T_a1101,100,1115025,T,1101,W,0.1,0.18991024885326624,0.4882430813567382
n100_i1115025_T_a1101_W,n100_i1115025_T_a1101,100,1115025,T,1101,W,0.25,0.14363618567585945,0.7544817307518634
n100_i1115025_T_a1101_W,n100_i1115025_T_a1101,100,1115025,T,1101,W,0.5,0.11175705678761005,0.8556560267010807
n100_i1115025_T_a1101_W,n100_i1115025_T_a1101,100,1115025,T,1101,W,0.75,1.1913449056446552,0.9617985014593394
n100_i1115025_T_a1101_W,n100_i1115025_T_a1101,100,1115025,T,1101,W,0.9,0.3920154878869653,0.9900503793053288
n100_i1115025_T_a1101_W,n100_i1115025_T_a1101,100,1115025,T,1101,W,1.0,0.35184342227876186,0.9927447099087514
n100_i1115025_T_a1101_GW,n100_i1115025_T_a1101,100,1115025,T,1101,GW,0.1,0.2313539246097207,0.4882430813567382
n100_i1115025_T_a1101_GW,n100_i1115025_T_a1101,100,1115025,T,1101,GW,0.25,0.13426801655441523,0.7544817307518634
n100_i1115025_T_a1101_GW,n100_i1115025_T_a1101,100,1115025,T,1101,GW,0.5,0.23614508844912052,0.8556560267010807
n100_i1115025_T_a1101_GW,n100_i1115025_T_a1101,100,1115025,T,1101,GW,0.75,0.034844325855374336,0.95901673996403
n100_i1115025_T_a1101_GW,n100_i1115025_T_a1101,100,1115025,T,1101,GW,0.9,1.1555959526449442,0.9875532413144712
n100_i1115025_T_a1101_GW,n100_i1115025_T_a1101,100,1115025,T,1101,GW,1.0,0.7007628371939063,0.9911272126456451
n100_i1115025_T_a1101_LEGACY,n100_i1115025_T_a1101,100,1115025,T,1101,LEGACY,0.1,0.027798298746347427,0.5247004001669534
n100_i1115025_T_a1101_LEGACY,n100_i1115025_T_a1101,100,1115025,T,1101,LEGACY,0.25,0.2981921751052141,0.6569465122863991
n100_i1115025_T_a1101_LEGACY,n100_i1115025_T_a1101,100,1115025,T,1101,LEGACY,0.5,0.008222868666052818,0.7645362517004647
n100_i1115025_T_a1101_LEGACY,n100_i1115025_T_a1101,100,1115025,T,1101,LEGACY,0.75,0.050157640129327774,0.7812058728583116
n100_i1115025_T_a1101_LEGACY,n100_i1115025_T_a1101,100,1115025,T,1101,LEGACY,0.9,0.9613969987258315,0.7881858090870196
n100_i1115025_T_a1101_LEGACY,n100_i1115025_T_a1101,100,1115025,T,1101,LEGACY,1.0,0.946393714286387,0.7938610049584489
n100_i1115026_H_a1101_LEGACY,n100_i1115026_H_a1101,100,1115026,H,1101,LEGACY,0.1,0.09135781228542328,0.5142016818955872
n100_i1115026_H_a1101_LEGACY,n100_i1115026_H_a1101,100,1115026,H,1101,LEGACY,0.25,0.031228767707943916,0.6395343779948384
n100_i1115026_H_a1101_LEGACY,n100_i1115026_H_a1101,100,1115026,H,1101,LEGACY,0.5,0.6444760793820024,0.6883981910996939
n100_i1115026_H_a1101_LEGACY,n100_i1115026_H_a1101,100,1115026,H,1101,LEGACY,0.75,0.08903465047478676,0.7222401685909264
n100_i1115026_H_a1101_LEGACY,n100_i1115026_H_a1101,100,1115026,H,1101,LEGACY,0.9,0.14718512073159218,0.7386494279640073
n100_i1115026_H_a1101_LEGACY,n100_i1115026_H_a1101,100,1115026,H,1101,LEGACY,1.0,0.6510586589574814,0.7472837870632805
n100_i1115026_H_a1101_REFERENCE,n100_i1115026_H_a1101,100,1115026,H,1101,REFERENCE,0.1,0.2554512768983841,0.4715655847093455
n100_i1115026_H_a1101_REFERENCE,n100_i1115026_H_a1101,100,1115026,H,1101,REFERENCE,0.25,0.004962191917002201,0.6709541708468912
n100_i1115026_H_a1101_REFERENCE,n100_i1115026_H_a1101,100,1115026,H,1101,REFERENCE,0.5,0.5093955537304282,0.7489559749312027
n100_i1115026_H_a1101_REFERENCE,n100_i1115026_H_a1101,100,1115026,H,1101,REFERENCE,0.75,0.039435723796486855,0.7816421546248687
n100_i1115026_H_a1101_REFERENCE,n100_i1115026_H_a1101,100,1115026,H,1101,REFERENCE,0.9,0.8118239818140864,0.808413759626438
n100_i1115026_H_a1101_REFERENCE,n100_i1115026_H_a1101,100,1115026,H,1101,REFERENCE,1.0,0.25323652382940054,0.8382679706857589
n100_i1115026_H_a1101_W,n100_i1115026_H_a1101,100,1115026,H,1101,W,0.1,0.20134563650935888,0.594514917835303
n100_i1115026_H_a1101_W,n100_i1115026_H_a1101,100,1115026,H,1101,W,0.25,0.729685578495264,0.8268070670864379
n100_i1115026_H_a1101_W,n100_i1115026_H_a1101,100,1115026,H,1101,W,0.5,0.6097229896113276,0.9043881501293536
n100_i1115026_H_a1101_W,n100_i1115026_H_a1101,100,1115026,H,1101,W,0.75,0.07204597163945436,0.9320657994437633
n100_i1115026_H_a1101_W,n100_i1115026_H_a1101,100,1115026,H,1101,W,0.9,0.5042447466403246,0.9483434169374055
n100_i1115026_H_a1101_W,n100_i1115026_H_a1101,100,1115026,H,1101,W,1.0,2.244758171029389,0.9624600839898838
n100_i1115026_H_a1101_GW,n100_i1115026_H_a1101,100,1115026,H,1101,GW,0.1,0.02966444008052349,0.5799213854358061
n100_i1115026_H_a1101_GW,n100_i1115026_H_a1101,100,1115026,H,1101,GW,0.25,0.3896542191505432,0.8256232902630308
n100_i1115026_H_a1101_GW,n100_i1115026_H_a1101,100,1115026,H,1101,GW,0.5,0.17425216175615788,0.8902504056805246
n100_i1115026_H_a1101_GW,n100_i1115026_H_a1101,100,1115026,H,1101,GW,0.75,0.30032295174896717,0.9134524964035082
n100_i1115026_H_a1101_GW,n100_i1115026_H_a1101,100,1115026,H,1101,GW,0.9,0.5425765495747328,0.9270324553322631
n100_i1115026_H_a1101_GW,n100_i1115026_H_a1101,100,1115026,H,1101,GW,1.0,0.7372502963989973,0.9345142504935782
n100_i1115026_H_a2202_W,n100_i1115026_H_a2202,100,1115026,H,2202,W,0.1,0.01999240182340145,0.46928957026856627
n100_i1115026_H_a2202_W,n100_i1115026_H_a2202,100,1115026,H,2202,W,0.25,0.08993555046617985,0.7349574624656867
n100_i1115026_H_a2202_W,n100_i1115026_H_a2202,100,1115026,H,2202,W,0.5,0.6122241774573922,0.7985496627299338
n100_i1115026_H_a2202_W,n100_i1115026_H_a2202,100,1115026,H,2202,W,0.75,0.11598757654428482,0.8158355915088424
n100_i1115026_H_a2202_W,n100_i1115026_H_a2202,100,1115026,H,2202,W,0.9,0.5469222562387586,0.8207546655025592
n100_i1115026_H_a2202_W,n100_i1115026_H_a2202,100,1115026,H,2202,W,1.0,0.21357246581465006,0.8240276205279433
n100_i1115026_H_a2202_GW,n100_i1115026_H_a2202,100,1115026,H,2202,GW,0.1,0.15666711516678333,0.4692582550457882
n100_i1115026_H_a2202_GW,n100_i1115026_H_a2202,100,1115026,H,2202,GW,0.25,0.00948447734117508,0.7334723508176046
n100_i1115026_H_a2202_GW,n100_i1115026_H_a2202,100,1115026,H,2202,GW,0.5,0.21646664664149284,0.8044675951098069
n100_i1115026_H_a2202_GW,n100_i1115026_H_a2202,100,1115026,H,2202,GW,0.75,0.003330330364406109,0.8293917953850246
n100_i1115026_H_a2202_GW,n100_i1115026_H_a2202,100,1115026,H,2202,GW,0.9,0.9675463205203414,0.8418957847499662
n100_i1115026_H_a2202_GW,n100_i1115026_H_a2202,100,1115026,H,2202,GW,1.0,0.767911521717906,0.8461172200527056
n100_i1115026_H_a2202_LEGACY,n100_i1115026_H_a2202,100,1115026,H,2202,LEGACY,0.1,0.047852891497313976,0.5547061221895025
n100_i1115026_H_a2202_LEGACY,n100_i1115026_H_a2202,100,1115026,H,2202,LEGACY,0.25,0.4698770260438323,0.7028995068200363
n100_i1115026_H_a2202_LEGACY,n100_i1115026_H_a2202,100,1115026,H,2202,LEGACY,0.5,0.2956987703219056,0.8140761487871795
n100_i1115026_H_a2202_LEGACY,n100_i1115026_H_a2202,100,1115026,H,2202,LEGACY,0.75,0.0002864738926291466,0.8471299011419356
n100_i1115026_H_a2202_LEGACY,n100_i1115026_H_a2202,100,1115026,H,2202,LEGACY,0.9,0.8195068016648293,0.8678998070777613
n100_i1115026_H_a2202_LEGACY,n100_i1115026_H_a2202,100,1115026,H,2202,LEGACY,1.0,0.044298610650002956,0.8888654254806485
n100_i1115026_H_a2202_REFERENCE,n100_i1115026_H_a2202,100,1115026,H,2202,REFERENCE,0.1,0.010420994833111763,0.5378478828565884
n100_i1115026_H_a2202_REFERENCE,n100_i1115026_H_a2202,100,1115026,H,2202,REFERENCE,0.25,1.2135896077379584,0.6222281915415864
n100_i1115026_H_a2202_REFERENCE,n100_i1115026_H_a2202,100,1115026,H,2202,REFERENCE,0.5,0.17859559785574675,0.7495798662725371
n100_i1115026_H_a2202_REFERENCE,n100_i1115026_H_a2202,100,1115026,H,2202,REFERENCE,0.75,0.7551604257896543,0.7701603069235687
n100_i1115026_H_a2202_REFERENCE,n100_i1115026_H_a2202,100,1115026,H,2202,REFERENCE,0.9,0.0030190376564860344,0.7945705599204821
n100_i1115026_H_a2202_REFERENCE,n100_i1115026_H_a2202,100,1115026,H,2202,REFERENCE,1.0,1.5238945931196213,0.8016927647323954
n100_i1115026_T_a2202_GW,n100_i1115026_T_a2202,100,1115026,T,2202,GW,0.1,0.48391335271298885,0.4101479885106387
n100_i1115026_T_a2202_GW,n100_i1115026_T_a2202,100,1115026,T,2202,GW,0.25,0.12106509692966938,0.4840257557720242
n100_i1115026_T_a2202_GW,n100_i1115026_T_a2202,100,1115026,T,2202,GW,0.5,1.1662944983690977,0.5865414982743874
n100_i1115026_T_a2202_GW,n100_i1115026_T_a2202,100,1115026,T,2202,GW,0.75,1.5025139078497887,0.6387434125936124
n100_i1115026_T_a2202_GW,n100_i1115026_T_a2202,100,1115026,T,2202,GW,0.9,0.0033984025940299034,0.6469642426594463
n100_i1115026_T_a2202_GW,n100_i1115026_T_a2202,100,1115026,T,2202,GW,1.0,0.17986158188432455,0.6539986626609322
n100_i1115026_T_a2202_LEGACY,n100_i1115026_T_a2202,100,1115026,T,2202,LEGACY,0.1,0.33387478720396757,0.43646977857937813
n100_i1115026_T_a2202_LEGACY,n100_i1115026_T_a2202,100,1115026,T,2202,LEGACY,0.25,0.10502827446907759,0.5200026795811853
n100_i1115026_T_a2202_LEGACY,n100_i1115026_T_a2202,100,1115026,T,2202,LEGACY,0.5,0.4162915572524071,0.6510887569241424
n100_i1115026_T_a2202_LEGACY,n100_i1115026_T_a2202,100,1115026,T,2202,LEGACY,0.75,0.09974542260169983,0.7175129535078151
n100_i1115026_T_a2202_LEGACY,n100_i1115026_T_a2202,100,1115026,T,2202,LEGACY,0.9,0.000314224511384964,0.7471786883984333
n100_i1115026_T_a2202_LEGACY,n100_i1115026_T_a2202,100,1115026,T,2202,LEGACY,1.0,1.5024482188746333,0.7578438349499673
n100_i1115026_T_a2202_REFERENCE,n100_i1115026_T_a2202,100,1115026,T,2202,REFERENCE,0.1,0.6697761807590723,0.42049309748891517
n100_i1115026_T_a2202_REFERENCE,n100_i1115026_T_a2202,100,1115026,T,2202,REFERENCE,0.25,0.05139847844839096,0.6052306681064259
n100_i1115026_T_a2202_REFERENCE,n100_i1115026_T_a2202,100,1115026,T,2202,REFERENCE,0.5,0.08774872589856386,0.696278804818822
n100_i1115026_T_a2202_REFERENCE,n100_i1115026_T_a2202,100,1115026,T,2202,REFERENCE,0.75,0.006778107024729252,0.7534546013388271
n100_i1115026_T_a2202_REFERENCE,n100_i1115026_T_a2202,100,1115026,T,2202,REFERENCE,0.9,0.17383857816457748,0.77616116258588
n100_i1115026_T_a2202_REFERENCE,n100_i1115026_T_a2202,100,1115026,T,2202,REFERENCE,1.0,1.0811264282092452,0.7832501509623937
n100_i1115026_T_a2202_W,n100_i1115026_T_a2202,100,1115026,T,2202,W,0.1,0.025819499976933002,0.47918038240755323
n100_i1115026_T_a2202_W,n100_i1115026_T_a2202,100,1115026,T,2202,W,0.25,0.006109775044023991,0.5738253445932532
n100_i1115026_T_a2202_W,n100_i1115026_T_a2202,100,1115026,T,2202,W,0.5,0.8986020321026444,0.6524015675437154
n100_i1115026_T_a2202_W,n100_i1115026_T_a2202,100,1115026,T,2202,W,0.75,0.5572097348049283,0.6658594304484362
n100_i1115026_T_a2202_W,n100_i1115026_T_a2202,100,1115026,T,2202,W,0.9,0.4424664918333292,0.6705365437797056
n100_i1115026_T_a2202_W,n100_i1115026_T_a2202,100,1115026,T,2202,W,1.0,0.538763334043324,0.6772392793906828
n100_i1115026_T_a1101_REFERENCE,n100_i1115026_T_a1101,100,1115026,T,1101,REFERENCE,0.1,0.7222925079986453,0.45617570677225944
n100_i1115026_T_a1101_REFERENCE,n100_i1115026_T_a1101,100,1115026,T,1101,REFERENCE,0.25,0.8116622818633914,0.5661063760964337
n100_i1115026_T_a1101_REFERENCE,n100_i1115026_T_a1101,100,1115026,T,1101,REFERENCE,0.5,0.1436262084171176,0.6962212080991677
n100_i1115026_T_a1101_REFERENCE,n100_i1115026_T_a1101,100,1115026,T,1101,REFERENCE,0.75,0.27188275940716267,0.7492180114630482
n100_i1115026_T_a1101_REFERENCE,n100_i1115026_T_a1101,100,1115026,T,1101,REFERENCE,0.9,0.061124734580516815,0.7789983735087047
n100_i1115026_T_a1101_REFERENCE,n100_i1115026_T_a1101,100,1115026,T,1101,REFERENCE,1.0,0.9271556353196502,0.7850741704029685
n100_i1115026_T_a1101_W,n100_i1115026_T_a1101,100,1115026,T,1101,W,0.1,0.21717824041843414,0.41571887011531594
n100_i1115026_T_a1101_W,n100_i1115026_T_a1101,100,1115026,T,1101,W,0.25,1.2217663368210196,0.5833302784057964
n100_i1115026_T_a1101_W,n100_i1115026_T_a1101,100,1115026,T,1101,W,0.5,0.010630386881530285,0.7318815165262516
n100_i1115026_T_a1101_W,n100_i1115026_T_a1101,100,1115026,T,1101,W,0.75,0.6684791669249535,0.8002329509176291
n100_i1115026_T_a1101_W,n100_i1115026_T_a1101,100,1115026,T,1101,W,0.9,0.5754702081903815,0.8149137600551039
n100_i1115026_T_a1101_W,n100_i1115026_T_a1101,100,1115026,T,1101,W,1.0,0.3699772357940674,0.8194904989059696
n100_i1115026_T_a1101_GW,n100_i1115026_T_a1101,100,1115026,T,1101,GW,0.1,0.008327842690050602,0.41654772271199836
n100_i1115026_T_a1101_GW,n100_i1115026_T_a1101,100,1115026,T,1101,GW,0.25,0.760296187363565,0.5833302784057964
n100_i1115026_T_a1101_GW,n100_i1115026_T_a1101,100,1115026,T,1101,GW,0.5,0.3876742199063301,0.7260392362106172
n100_i1115026_T_a1101_GW,n100_i1115026_T_a1101,100,1115026,T,1101,GW,0.75,0.04181157052516937,0.7606480273150605
n100_i1115026_T_a1101_GW,n100_i1115026_T_a1101,100,1115026,T,1101,GW,0.9,0.9452562956139445,0.7797251923942645
n100_i1115026_T_a1101_GW,n100_i1115026_T_a1101,100,1115026,T,1101,GW,1.0,0.03356731403619051,0.7882641700447665
n100_i1115026_T_a1101_LEGACY,n100_i1115026_T_a1101,100,1115026,T,1101,LEGACY,0.1,0.05922727379947901,0.38091237605397443
n100_i1115026_T_a1101_LEGACY,n100_i1115026_T_a1101,100,1115026,T,1101,LEGACY,0.25,0.063405716791749,0.5874596777627034
n100_i1115026_T_a1101_LEGACY,n100_i1115026_T_a1101,100,1115026,T,1101,LEGACY,0.5,0.002426302060484886,0.7380731712347387
n100_i1115026_T_a1101_LEGACY,n100_i1115026_T_a1101,100,1115026,T,1101,LEGACY,0.75,0.4228065460920334,0.8348594784727853
n100_i1115026_T_a1101_LEGACY,n100_i1115026_T_a1101,100,1115026,T,1101,LEGACY,0.9,0.07055059727281332,0.8468161011511448
n100_i1115026_T_a1101_LEGACY,n100_i1115026_T_a1101,100,1115026,T,1101,LEGACY,1.0,1.5016056317836046,0.850873465617082
n100_i1115027_H_a1101_LEGACY,n100_i1115027_H_a1101,100,1115027,H,1101,LEGACY,0.1,0.00170225091278553,0.4148374130828454
n100_i1115027_H_a1101_LEGACY,n100_i1115027_H_a1101,100,1115027,H,1101,LEGACY,0.25,0.09278367925435305,0.627136667600576
n100_i1115027_H_a1101_LEGACY,n100_i1115027_H_a1101,100,1115027,H,1101,LEGACY,0.5,0.284412931650877,0.7268922067261853
n100_i1115027_H_a1101_LEGACY,n100_i1115027_H_a1101,100,1115027,H,1101,LEGACY,0.75,0.6577518908306956,0.7582468798866888
n100_i1115027_H_a1101_LEGACY,n100_i1115027_H_a1101,100,1115027,H,1101,LEGACY,0.9,0.06720624212175608,0.7630567836801126
n100_i1115027_H_a1101_LEGACY,n100_i1115027_H_a1101,100,1115027,H,1101,LEGACY,1.0,0.3140903599560261,0.7682307175223066
n100_i1115027_H_a1101_REFERENCE,n100_i1115027_H_a1101,100,1115027,H,1101,REFERENCE,0.1,0.0016868170350790024,0.4630758505469639
n100_i1115027_H_a1101_REFERENCE,n100_i1115027_H_a1101,100,1115027,H,1101,REFERENCE,0.25,0.36502647399902344,0.6373707721275089
n100_i1115027_H_a1101_REFERENCE,n100_i1115027_H_a1101,100,1115027,H,1101,REFERENCE,0.5,0.4314226461574435,0.7897175123936574
n100_i1115027_H_a1101_REFERENCE,n100_i1115027_H_a1101,100,1115027,H,1101,REFERENCE,0.75,0.5675649894401431,0.8354523059768252
n100_i1115027_H_a1101_REFERENCE,n100_i1115027_H_a1101,100,1115027,H,1101,REFERENCE,0.9,0.1616071816533804,0.8435550698593156
n100_i1115027_H_a1101_REFERENCE,n100_i1115027_H_a1101,100,1115027,H,1101,REFERENCE,1.0,0.2680128514766693,0.8482283303065811
n100_i1115027_H_a1101_W,n100_i1115027_H_a1101,100,1115027,H,1101,W,0.1,0.007041122764348984,0.5573047217558871
n100_i1115027_H_a1101_W,n100_i1115027_H_a1101,100,1115027,H,1101,W,0.25,0.0721582630649209,0.7959350198210315
n100_i1115027_H_a1101_W,n100_i1115027_H_a1101,100,1115027,H,1101,W,0.5,0.007123756222426891,0.8693194245174943
n100_i1115027_H_a1101_W,n100_i1115027_H_a1101,100,1115027,H,1101,W,0.75,0.5227504642680287,0.884107216195917
n100_i1115027_H_a1101_W,n100_i1115027_H_a1101,100,1115027,H,1101,W,0.9,0.012240387499332428,0.8865019740766655
n100_i1115027_H_a1101_W,n100_i1115027_H_a1101,100,1115027,H,1101,W,1.0,0.7796838227659464,0.8871562714853544
n100_i1115027_H_a1101_GW,n100_i1115027_H_a1101,100,1115027,H,1101,GW,0.1,0.22062539029866457,0.545248987661447
n100_i1115027_H_a1101_GW,n100_i1115027_H_a1101,100,1115027,H,1101,GW,0.25,0.0002825045958161354,0.7917010502389144
n100_i1115027_H_a1101_GW,n100_i1115027_H_a1101,100,1115027,H,1101,GW,0.5,0.0033328812569379807,0.8485576290918156
n100_i1115027_H_a1101_GW,n100_i1115027_H_a1101,100,1115027,H,1101,GW,0.75,0.13720659911632538,0.861816057697405
n100_i1115027_H_a1101_GW,n100_i1115027_H_a1101,100,1115027,H,1101,GW,0.9,0.05037012696266174,0.8689810184769621
n100_i1115027_H_a1101_GW,n100_i1115027_H_a1101,100,1115027,H,1101,GW,1.0,0.04540979489684105,0.8753949361929564
n100_i1115027_H_a2202_W,n100_i1115027_H_a2202,100,1115027,H,2202,W,0.1,0.18127555958926678,0.5401580546177328
n100_i1115027_H_a2202_W,n100_i1115027_H_a2202,100,1115027,H,2202,W,0.25,0.04973573889583349,0.6630888059842571
n100_i1115027_H_a2202_W,n100_i1115027_H_a2202,100,1115027,H,2202,W,0.5,0.011025027371942997,0.7296949132841759
n100_i1115027_H_a2202_W,n100_i1115027_H_a2202,100,1115027,H,2202,W,0.75,0.5232184799388051,0.8147311871863165
n100_i1115027_H_a2202_W,n100_i1115027_H_a2202,100,1115027,H,2202,W,0.9,0.18664892204105854,0.8435911895182027
n100_i1115027_H_a2202_W,n100_i1115027_H_a2202,100,1115027,H,2202,W,1.0,0.6348581248894334,0.8566270820469433
n100_i1115027_H_a2202_GW,n100_i1115027_H_a2202,100,1115027,H,2202,GW,0.1,0.22564957290887833,0.5401099064063899
n100_i1115027_H_a2202_GW,n100_i1115027_H_a2202,100,1115027,H,2202,GW,0.25,0.052548700012266636,0.6582207389866753
n100_i1115027_H_a2202_GW,n100_i1115027_H_a2202,100,1115027,H,2202,GW,0.5,0.3182661300525069,0.7307465351834123
n100_i1115027_H_a2202_GW,n100_i1115027_H_a2202,100,1115027,H,2202,GW,0.75,0.002270262688398361,0.7473471533846031
n100_i1115027_H_a2202_GW,n100_i1115027_H_a2202,100,1115027,H,2202,GW,0.9,1.3134527783840895,0.8008375428501573
n100_i1115027_H_a2202_GW,n100_i1115027_H_a2202,100,1115027,H,2202,GW,1.0,0.17950875591486692,0.8052833650773585
n100_i1115027_H_a2202_LEGACY,n100_i1115027_H_a2202,100,1115027,H,2202,LEGACY,0.1,0.08462636359035969,0.5335651075713274
n100_i1115027_H_a2202_LEGACY,n100_i1115027_H_a2202,100,1115027,H,2202,LEGACY,0.25,0.1596505604684353,0.7613086414406731
n100_i1115027_H_a2202_LEGACY,n100_i1115027_H_a2202,100,1115027,H,2202,LEGACY,0.5,0.0995811028406024,0.8198779808616382
n100_i1115027_H_a2202_LEGACY,n100_i1115027_H_a2202,100,1115027,H,2202,LEGACY,0.75,0.11521958839148283,0.8558885713765249
n100_i1115027_H_a2202_LEGACY,n100_i1115027_H_a2202,100,1115027,H,2202,LEGACY,0.9,0.35423062834888697,0.8760646244406556
n100_i1115027_H_a2202_LEGACY,n100_i1115027_H_a2202,100,1115027,H,2202,LEGACY,1.0,1.0466814646497369,0.8910264776215202
n100_i1115027_H_a2202_REFERENCE,n100_i1115027_H_a2202,100,1115027,H,2202,REFERENCE,0.1,0.011740808375179768,0.5146052388633493
n100_i1115027_H_a2202_REFERENCE,n100_i1115027_H_a2202,100,1115027,H,2202,REFERENCE,0.25,0.039118146523833275,0.6438720533974697
n100_i1115027_H_a2202_REFERENCE,n100_i1115027_H_a2202,100,1115027,H,2202,REFERENCE,0.5,1.2236522668972611,0.7417456921724223
n100_i1115027_H_a2202_REFERENCE,n100_i1115027_H_a2202,100,1115027,H,2202,REFERENCE,0.75,0.4435353586450219,0.7751486812232735
n100_i1115027_H_a2202_REFERENCE,n100_i1115027_H_a2202,100,1115027,H,2202,REFERENCE,0.9,0.8608346255496144,0.7786610587240443
n100_i1115027_H_a2202_REFERENCE,n100_i1115027_H_a2202,100,1115027,H,2202,REFERENCE,1.0,0.8669183580204844,0.78665900931856
n100_i1115027_T_a1101_REFERENCE,n100_i1115027_T_a1101,100,1115027,T,1101,REFERENCE,0.1,0.7286132276058197,0.4539719165669419
n100_i1115027_T_a1101_REFERENCE,n100_i1115027_T_a1101,100,1115027,T,1101,REFERENCE,0.25,0.3249285453930497,0.6655692279227257
n100_i1115027_T_a1101_REFERENCE,n100_i1115027_T_a1101,100,1115027,T,1101,REFERENCE,0.5,0.03256189450621605,0.8150164562937899
n100_i1115027_T_a1101_REFERENCE,n100_i1115027_T_a1101,100,1115027,T,1101,REFERENCE,0.75,0.3039291463792324,0.9232704453761771
n100_i1115027_T_a1101_REFERENCE,n100_i1115027_T_a1101,100,1115027,T,1101,REFERENCE,0.9,0.01212021242827177,0.9306571324957584
n100_i1115027_T_a1101_REFERENCE,n100_i1115027_T_a1101,100,1115027,T,1101,REFERENCE,1.0,0.005436616949737072,0.9446837941543742
n100_i1115027_T_a1101_W,n100_i1115027_T_a1101,100,1115027,T,1101,W,0.1,0.44369672797620296,0.3838657373959677
n100_i1115027_T_a1101_W,n100_i1115027_T_a1101,100,1115027,T,1101,W,0.25,0.003268367610871792,0.5759498219295304
n100_i1115027_T_a1101_W,n100_i1115027_T_a1101,100,1115027,T,1101,W,0.5,0.002016708254814148,0.6996064532163561
n100_i1115027_T_a1101_W,n100_i1115027_T_a1101,100,1115027,T,1101,W,0.75,0.008894186466932297,0.7483712310922266
n100_i1115027_T_a1101_W,n100_i1115027_T_a1101,100,1115027,T,1101,W,0.9,0.31946593802422285,0.7956335636484898
n100_i1115027_T_a1101_W,n100_i1115027_T_a1101,100,1115027,T,1101,W,1.0,0.059804671443998814,0.823926916088883
n100_i1115027_T_a1101_GW,n100_i1115027_T_a1101,100,1115027,T,1101,GW,0.1,0.05449783895164728,0.3838657373959677
n100_i1115027_T_a1101_GW,n100_i1115027_T_a1101,100,1115027,T,1101,GW,0.25,0.007011231034994125,0.5760054935385982
n100_i1115027_T_a1101_GW,n100_i1115027_T_a1101,100,1115027,T,1101,GW,0.5,0.08504241518676281,0.6996064532163561
n100_i1115027_T_a1101_GW,n100_i1115027_T_a1101,100,1115027,T,1101,GW,0.75,0.15561346244066954,0.7697514151311899
n100_i1115027_T_a1101_GW,n100_i1115027_T_a1101,100,1115027,T,1101,GW,0.9,0.9206985551863909,0.8179807559933847
n100_i1115027_T_a1101_GW,n100_i1115027_T_a1101,100,1115027,T,1101,GW,1.0,1.019951461814344,0.8256932114928534
n100_i1115027_T_a1101_LEGACY,n100_i1115027_T_a1101,100,1115027,T,1101,LEGACY,0.1,0.45120031852275133,0.33268536221690687
n100_i1115027_T_a1101_LEGACY,n100_i1115027_T_a1101,100,1115027,T,1101,LEGACY,0.25,0.15154533367604017,0.548031357578454
n100_i1115027_T_a1101_LEGACY,n100_i1115027_T_a1101,100,1115027,T,1101,LEGACY,0.5,0.010268142446875572,0.7338306358429639
n100_i1115027_T_a1101_LEGACY,n100_i1115027_T_a1101,100,1115027,T,1101,LEGACY,0.75,0.00020258501172065735,0.8164811864367612
n100_i1115027_T_a1101_LEGACY,n100_i1115027_T_a1101,100,1115027,T,1101,LEGACY,0.9,0.9096883703023195,0.8414742447227047
n100_i1115027_T_a1101_LEGACY,n100_i1115027_T_a1101,100,1115027,T,1101,LEGACY,1.0,0.47686801198869944,0.8516400374449357
n100_i1115027_T_a2202_GW,n100_i1115027_T_a2202,100,1115027,T,2202,GW,0.1,0.5049395831301808,0.40854760451304734
n100_i1115027_T_a2202_GW,n100_i1115027_T_a2202,100,1115027,T,2202,GW,0.25,0.0650962796062231,0.6021340791472228
n100_i1115027_T_a2202_GW,n100_i1115027_T_a2202,100,1115027,T,2202,GW,0.5,0.21314846631139517,0.7695238899419485
n100_i1115027_T_a2202_GW,n100_i1115027_T_a2202,100,1115027,T,2202,GW,0.75,0.05566771887242794,0.8512217276127486
n100_i1115027_T_a2202_GW,n100_i1115027_T_a2202,100,1115027,T,2202,GW,0.9,0.2852147128432989,0.8638509664054989
n100_i1115027_T_a2202_GW,n100_i1115027_T_a2202,100,1115027,T,2202,GW,1.0,0.685653236694634,0.8802377461194882
n100_i1115027_T_a2202_LEGACY,n100_i1115027_T_a2202,100,1115027,T,2202,LEGACY,0.1,0.006000325083732605,0.4160548446548398
n100_i1115027_T_a2202_LEGACY,n100_i1115027_T_a2202,100,1115027,T,2202,LEGACY,0.25,0.007012654095888138,0.6430752675643544
n100_i1115027_T_a2202_LEGACY,n100_i1115027_T_a2202,100,1115027,T,2202,LEGACY,0.5,0.00781740341335535,0.8297430095027536
n100_i1115027_T_a2202_LEGACY,n100_i1115027_T_a2202,100,1115027,T,2202,LEGACY,0.75,0.05531828384846449,0.8895275902784058
n100_i1115027_T_a2202_LEGACY,n100_i1115027_T_a2202,100,1115027,T,2202,LEGACY,0.9,0.025381027720868587,0.9131075914812445
n100_i1115027_T_a2202_LEGACY,n100_i1115027_T_a2202,100,1115027,T,2202,LEGACY,1.0,0.6313784625381231,0.9165574011713192
n100_i1115027_T_a2202_REFERENCE,n100_i1115027_T_a2202,100,1115027,T,2202,REFERENCE,0.1,0.6684733480215073,0.44525402516935786
n100_i1115027_T_a2202_REFERENCE,n100_i1115027_T_a2202,100,1115027,T,2202,REFERENCE,0.25,0.3035043375566602,0.6234120415122585
n100_i1115027_T_a2202_REFERENCE,n100_i1115027_T_a2202,100,1115027,T,2202,REFERENCE,0.5,0.10784708708524704,0.717547343162754
n100_i1115027_T_a2202_REFERENCE,n100_i1115027_T_a2202,100,1115027,T,2202,REFERENCE,0.75,0.44668286480009556,0.7716124354008115
n100_i1115027_T_a2202_REFERENCE,n100_i1115027_T_a2202,100,1115027,T,2202,REFERENCE,0.9,0.02201525866985321,0.7968931083063567
n100_i1115027_T_a2202_REFERENCE,n100_i1115027_T_a2202,100,1115027,T,2202,REFERENCE,1.0,1.4789229612797499,0.8093385825102802
n100_i1115027_T_a2202_W,n100_i1115027_T_a2202,100,1115027,T,2202,W,0.1,0.6115651736035943,0.39925026414933823
n100_i1115027_T_a2202_W,n100_i1115027_T_a2202,100,1115027,T,2202,W,0.25,0.1645181542262435,0.6021340791472228
n100_i1115027_T_a2202_W,n100_i1115027_T_a2202,100,1115027,T,2202,W,0.5,0.46190846618264914,0.7568717072044268
n100_i1115027_T_a2202_W,n100_i1115027_T_a2202,100,1115027,T,2202,W,0.75,0.35334513150155544,0.821828366185389
n100_i1115027_T_a2202_W,n100_i1115027_T_a2202,100,1115027,T,2202,W,0.9,1.282107263803482,0.8269912384338485
n100_i1115027_T_a2202_W,n100_i1115027_T_a2202,100,1115027,T,2202,W,1.0,0.2701466418802738,0.8353477837478682
n100_i1115028_H_a1101_LEGACY,n100_i1115028_H_a1101,100,1115028,H,1101,LEGACY,0.1,0.2066072952002287,0.3989122903999612
n100_i1115028_H_a1101_LEGACY,n100_i1115028_H_a1101,100,1115028,H,1101,LEGACY,0.25,0.11293476726859808,0.6133047793222172
n100_i1115028_H_a1101_LEGACY,n100_i1115028_H_a1101,100,1115028,H,1101,LEGACY,0.5,0.01067660003900528,0.8118353928589618
n100_i1115028_H_a1101_LEGACY,n100_i1115028_H_a1101,100,1115028,H,1101,LEGACY,0.75,0.07203276176005602,0.8467715527740057
n100_i1115028_H_a1101_LEGACY,n100_i1115028_H_a1101,100,1115028,H,1101,LEGACY,0.9,0.039159951731562614,0.8583431544060045
n100_i1115028_H_a1101_LEGACY,n100_i1115028_H_a1101,100,1115028,H,1101,LEGACY,1.0,0.7976750703528523,0.8610314449286348
n100_i1115028_H_a1101_REFERENCE,n100_i1115028_H_a1101,100,1115028,H,1101,REFERENCE,0.1,0.45718397945165634,0.4686870816542494
n100_i1115028_H_a1101_REFERENCE,n100_i1115028_H_a1101,100,1115028,H,1101,REFERENCE,0.25,0.010208715684711933,0.6868865335351874
n100_i1115028_H_a1101_REFERENCE,n100_i1115028_H_a1101,100,1115028,H,1101,REFERENCE,0.5,0.08264703024178743,0.853868131122116
n100_i1115028_H_a1101_REFERENCE,n100_i1115028_H_a1101,100,1115028,H,1101,REFERENCE,0.75,0.5087583009153605,0.9236047717274735
n100_i1115028_H_a1101_REFERENCE,n100_i1115028_H_a1101,100,1115028,H,1101,REFERENCE,0.9,0.16221777349710464,0.945538478848047
n100_i1115028_H_a1101_REFERENCE,n100_i1115028_H_a1101,100,1115028,H,1101,REFERENCE,1.0,0.7472011214122176,0.9503121394093652
n100_i1115028_H_a1101_W,n100_i1115028_H_a1101,100,1115028,H,1101,W,0.1,0.02807060442864895,0.5076307988314711
n100_i1115028_H_a1101_W,n100_i1115028_H_a1101,100,1115028,H,1101,W,0.25,0.042287396267056465,0.7035331091868039
n100_i1115028_H_a1101_W,n100_i1115028_H_a1101,100,1115028,H,1101,W,0.5,0.05706617794930935,0.8136874292825437
n100_i1115028_H_a1101_W,n100_i1115028_H_a1101,100,1115028,H,1101,W,0.75,0.000855705700814724,0.8650452431179927
n100_i1115028_H_a1101_W,n100_i1115028_H_a1101,100,1115028,H,1101,W,0.9,0.0014100801199674606,0.9023349992624781
n100_i1115028_H_a1101_W,n100_i1115028_H_a1101,100,1115028,H,1101,W,1.0,0.08256519585847855,0.9167715665349749
n100_i1115028_H_a1101_GW,n100_i1115028_H_a1101,100,1115028,H,1101,GW,0.1,0.004282080568373203,0.5015927869717439
n100_i1115028_H_a1101_GW,n100_i1115028_H_a1101,100,1115028,H,1101,GW,0.25,0.245545350946486,0.7131543594783236
n100_i1115028_H_a1101_GW,n100_i1115028_H_a1101,100,1115028,H,1101,GW,0.5,0.08071812242269516,0.8686813859235644
n100_i1115028_H_a1101_GW,n100_i1115028_H_a1101,100,1115028,H,1101,GW,0.75,0.07878286018967628,0.9051323880595941
n100_i1115028_H_a1101_GW,n100_i1115028_H_a1101,100,1115028,H,1101,GW,0.9,0.005778064019978046,0.9245982226201114
n100_i1115028_H_a1101_GW,n100_i1115028_H_a1101,100,1115028,H,1101,GW,1.0,1.001668726094067,0.9443456262692457
n100_i1115028_H_a2202_W,n100_i1115028_H_a2202,100,1115028,H,2202,W,0.1,0.12617136538028717,0.5050195310746605
n100_i1115028_H_a2202_W,n100_i1115028_H_a2202,100,1115028,H,2202,W,0.25,0.4272711966186762,0.6964079755170083
n100_i1115028_H_a2202_W,n100_i1115028_H_a2202,100,1115028,H,2202,W,0.5,0.10528823640197515,0.7894369712552359
n100_i1115028_H_a2202_W,n100_i1115028_H_a2202,100,1115028,H,2202,W,0.75,0.011595463380217552,0.8304072473651516
n100_i1115028_H_a2202_W,n100_i1115028_H_a2202,100,1115028,H,2202,W,0.9,0.0425007464364171,0.8504187567776867
n100_i1115028_H_a2202_W,n100_i1115028_H_a2202,100,1115028,H,2202,W,1.0,0.0866296049207449,0.8573586232425522
n100_i1115028_H_a2202_GW,n100_i1115028_H_a2202,100,1115028,H,2202,GW,0.1,0.09209532663226128,0.505129645039731
n100_i1115028_H_a2202_GW,n100_i1115028_H_a2202,100,1115028,H,2202,GW,0.25,0.0029066111892461777,0.7012346682325344
n100_i1115028_H_a2202_GW,n100_i1115028_H_a2202,100,1115028,H,2202,GW,0.5,0.3113649534061551,0.8006493323013921
n100_i1115028_H_a2202_GW,n100_i1115028_H_a2202,100,1115028,H,2202,GW,0.75,0.9597831992432475,0.8319005231986025
n100_i1115028_H_a2202_GW,n100_i1115028_H_a2202,100,1115028,H,2202,GW,0.9,0.5890040965750813,0.837303715337184
n100_i1115028_H_a2202_GW,n100_i1115028_H_a2202,100,1115028,H,2202,GW,1.0,0.6419368255883455,0.8418823567533896
n100_i1115028_H_a2202_LEGACY,n100_i1115028_H_a2202,100,1115028,H,2202,LEGACY,0.1,1.3908186117187142,0.5310408482575962
n100_i1115028_H_a2202_LEGACY,n100_i1115028_H_a2202,100,1115028,H,2202,LEGACY,0.25,0.026927301660180092,0.6797424398709538
n100_i1115028_H_a2202_LEGACY,n100_i1115028_H_a2202,100,1115028,H,2202,LEGACY,0.5,0.10347037296742201,0.8103079750779679
n100_i1115028_H_a2202_LEGACY,n100_i1115028_H_a2202,100,1115028,H,2202,LEGACY,0.75,0.07209192868322134,0.8672945593780257
n100_i1115028_H_a2202_LEGACY,n100_i1115028_H_a2202,100,1115028,H,2202,LEGACY,0.9,0.01696151029318571,0.8818368698696568
n100_i1115028_H_a2202_LEGACY,n100_i1115028_H_a2202,100,1115028,H,2202,LEGACY,1.0,0.7223251601681113,0.8974018562761131
n100_i1115028_H_a2202_REFERENCE,n100_i1115028_H_a2202,100,1115028,H,2202,REFERENCE,0.1,0.5019123386591673,0.5083373846281983
n100_i1115028_H_a2202_REFERENCE,n100_i1115028_H_a2202,100,1115028,H,2202,REFERENCE,0.25,0.3037288086488843,0.6319257100316095
n100_i1115028_H_a2202_REFERENCE,n100_i1115028_H_a2202,100,1115028,H,2202,REFERENCE,0.5,0.13272845465689898,0.7104852615760392
n100_i1115028_H_a2202_REFERENCE,n100_i1115028_H_a2202,100,1115028,H,2202,REFERENCE,0.75,0.1902746595442295,0.7631298361206181
n100_i1115028_H_a2202_REFERENCE,n100_i1115028_H_a2202,100,1115028,H,2202,REFERENCE,0.9,0.17739021126180887,0.7837714026483842
n100_i1115028_H_a2202_REFERENCE,n100_i1115028_H_a2202,100,1115028,H,2202,REFERENCE,1.0,0.4152803551405668,0.8001949542719721
n100_i1115028_T_a1101_REFERENCE,n100_i1115028_T_a1101,100,1115028,T,1101,REFERENCE,0.1,0.1270292131230235,0.6153149749815524
n100_i1115028_T_a1101_REFERENCE,n100_i1115028_T_a1101,100,1115028,T,1101,REFERENCE,0.25,0.06238419935107231,0.82713152970705
n100_i1115028_T_a1101_REFERENCE,n100_i1115028_T_a1101,100,1115028,T,1101,REFERENCE,0.5,0.09893492422997952,0.9384500871650966
n100_i1115028_T_a1101_REFERENCE,n100_i1115028_T_a1101,100,1115028,T,1101,REFERENCE,0.75,0.7595052504912019,0.9563604875500232
n100_i1115028_T_a1101_REFERENCE,n100_i1115028_T_a1101,100,1115028,T,1101,REFERENCE,0.9,0.5897957487031817,0.9807397284326975
n100_i1115028_T_a1101_REFERENCE,n100_i1115028_T_a1101,100,1115028,T,1101,REFERENCE,1.0,0.7604696098715067,0.9883686385188937
n100_i1115028_T_a1101_W,n100_i1115028_T_a1101,100,1115028,T,1101,W,0.1,0.5916728768497705,0.6279510072909873
n100_i1115028_T_a1101_W,n100_i1115028_T_a1101,100,1115028,T,1101,W,0.25,0.005096819251775742,0.8799569697067623
n100_i1115028_T_a1101_W,n100_i1115028_T_a1101,100,1115028,T,1101,W,0.5,0.019287454895675182,0.991886237609719
n100_i1115028_T_a1101_W,n100_i1115028_T_a1101,100,1115028,T,1101,W,0.75,0.06736678443849087,1.0346986522175479
n100_i1115028_T_a1101_W,n100_i1115028_T_a1101,100,1115028,T,1101,W,0.9,0.04788163769990206,1.0561356285312635
n100_i1115028_T_a1101_W,n100_i1115028_T_a1101,100,1115028,T,1101,W,1.0,0.11143593210726976,1.0613198458138309
n100_i1115028_T_a1101_GW,n100_i1115028_T_a1101,100,1115028,T,1101,GW,0.1,0.8798212874680758,0.6279510072909873
n100_i1115028_T_a1101_GW,n100_i1115028_T_a1101,100,1115028,T,1101,GW,0.25,0.06762517802417278,0.8799569697067623
n100_i1115028_T_a1101_GW,n100_i1115028_T_a1101,100,1115028,T,1101,GW,0.5,0.6441061468794942,0.9596991046501814
n100_i1115028_T_a1101_GW,n100_i1115028_T_a1101,100,1115028,T,1101,GW,0.75,0.06026579160243273,1.0005559079263677
n100_i1115028_T_a1101_GW,n100_i1115028_T_a1101,100,1115028,T,1101,GW,0.9,0.03633027244359255,1.036896160606403
n100_i1115028_T_a1101_GW,n100_i1115028_T_a1101,100,1115028,T,1101,GW,1.0,0.3592211436480284,1.039850721648004
n100_i1115028_T_a1101_LEGACY,n100_i1115028_T_a1101,100,1115028,T,1101,LEGACY,0.1,0.009716429747641087,0.6199128952277334
n100_i1115028_T_a1101_LEGACY,n100_i1115028_T_a1101,100,1115028,T,1101,LEGACY,0.25,0.0849077170714736,0.8577853182019747
n100_i1115028_T_a1101_LEGACY,n100_i1115028_T_a1101,100,1115028,T,1101,LEGACY,0.5,0.02255578711628914,0.9210847065202357
n100_i1115028_T_a1101_LEGACY,n100_i1115028_T_a1101,100,1115028,T,1101,LEGACY,0.75,0.01666878443211317,0.9340455872557627
n100_i1115028_T_a1101_LEGACY,n100_i1115028_T_a1101,100,1115028,T,1101,LEGACY,0.9,1.0455230623483658,0.9409068394528436
n100_i1115028_T_a1101_LEGACY,n100_i1115028_T_a1101,100,1115028,T,1101,LEGACY,1.0,0.12325872201472521,0.9518971326184175
n100_i1115028_T_a2202_GW,n100_i1115028_T_a2202,100,1115028,T,2202,GW,0.1,0.1376144541427493,0.5520636120282444
n100_i1115028_T_a2202_GW,n100_i1115028_T_a2202,100,1115028,T,2202,GW,0.25,0.9095976939424872,0.7233025973582962
n100_i1115028_T_a2202_GW,n100_i1115028_T_a2202,100,1115028,T,2202,GW,0.5,0.1737019857391715,0.8144371371786515
n100_i1115028_T_a2202_GW,n100_i1115028_T_a2202,100,1115028,T,2202,GW,0.75,0.05136808380484581,0.8577268231509053
n100_i1115028_T_a2202_GW,n100_i1115028_T_a2202,100,1115028,T,2202,GW,0.9,0.21953192353248596,0.8719287709452067
n100_i1115028_T_a2202_GW,n100_i1115028_T_a2202,100,1115028,T,2202,GW,1.0,0.1766224568709731,0.8952866774747795
n100_i1115028_T_a2202_LEGACY,n100_i1115028_T_a2202,100,1115028,T,2202,LEGACY,0.1,0.30604182463139296,0.5490656357665947
n100_i1115028_T_a2202_LEGACY,n100_i1115028_T_a2202,100,1115028,T,2202,LEGACY,0.25,0.03802426625043154,0.662304044424576
n100_i1115028_T_a2202_LEGACY,n100_i1115028_T_a2202,100,1115028,T,2202,LEGACY,0.5,0.07004583161324263,0.6978477589324023
n100_i1115028_T_a2202_LEGACY,n100_i1115028_T_a2202,100,1115028,T,2202,LEGACY,0.75,0.006050003692507744,0.7132563962663535
n100_i1115028_T_a2202_LEGACY,n100_i1115028_T_a2202,100,1115028,T,2202,LEGACY,0.9,0.320588412694633,0.744046236819757
n100_i1115028_T_a2202_LEGACY,n100_i1115028_T_a2202,100,1115028,T,2202,LEGACY,1.0,0.9190793009474874,0.750565678855417
n100_i1115028_T_a2202_REFERENCE,n100_i1115028_T_a2202,100,1115028,T,2202,REFERENCE,0.1,0.08556765224784613,0.5160990457621245
n100_i1115028_T_a2202_REFERENCE,n100_i1115028_T_a2202,100,1115028,T,2202,REFERENCE,0.25,0.21739198360592127,0.6863998272856373
n100_i1115028_T_a2202_REFERENCE,n100_i1115028_T_a2202,100,1115028,T,2202,REFERENCE,0.5,0.07560877408832312,0.7513403314966725
n100_i1115028_T_a2202_REFERENCE,n100_i1115028_T_a2202,100,1115028,T,2202,REFERENCE,0.75,0.1207578694447875,0.797013466872775
n100_i1115028_T_a2202_REFERENCE,n100_i1115028_T_a2202,100,1115028,T,2202,REFERENCE,0.9,0.2237347848713398,0.8227404139040444
n100_i1115028_T_a2202_REFERENCE,n100_i1115028_T_a2202,100,1115028,T,2202,REFERENCE,1.0,0.9613204328343272,0.8442701371122229
n100_i1115028_T_a2202_W,n100_i1115028_T_a2202,100,1115028,T,2202,W,0.1,0.0019038915634155273,0.5520636120282444
n100_i1115028_T_a2202_W,n100_i1115028_T_a2202,100,1115028,T,2202,W,0.25,1.2292176308110356,0.7195819583510628
n100_i1115028_T_a2202_W,n100_i1115028_T_a2202,100,1115028,T,2202,W,0.5,0.5280398540198803,0.8565007506431902
n100_i1115028_T_a2202_W,n100_i1115028_T_a2202,100,1115028,T,2202,W,0.75,0.05970964953303337,0.894888226877012
n100_i1115028_T_a2202_W,n100_i1115028_T_a2202,100,1115028,T,2202,W,0.9,0.21840958297252655,0.9012051236200356
n100_i1115028_T_a2202_W,n100_i1115028_T_a2202,100,1115028,T,2202,W,1.0,0.28221427369862795,0.9156275125720613
n100_i1115029_H_a2202_W,n100_i1115029_H_a2202,100,1115029,H,2202,W,0.1,0.08547057397663593,0.5706988403949993
n100_i1115029_H_a2202_W,n100_i1115029_H_a2202,100,1115029,H,2202,W,0.25,0.0173886651173234,0.7244982699898597
n100_i1115029_H_a2202_W,n100_i1115029_H_a2202,100,1115029,H,2202,W,0.5,0.7483739256858826,0.8274835002544029
n100_i1115029_H_a2202_W,n100_i1115029_H_a2202,100,1115029,H,2202,W,0.75,0.13347686547785997,0.8821255257286946
n100_i1115029_H_a2202_W,n100_i1115029_H_a2202,100,1115029,H,2202,W,0.9,0.01344034168869257,0.9183048292471072
n100_i1115029_H_a2202_W,n100_i1115029_H_a2202,100,1115029,H,2202,W,1.0,0.3193101417273283,0.9603430562507969
n100_i1115029_H_a2202_GW,n100_i1115029_H_a2202,100,1115029,H,2202,GW,0.1,0.9579605283215642,0.5899796474841495
n100_i1115029_H_a2202_GW,n100_i1115029_H_a2202,100,1115029,H,2202,GW,0.25,0.021045979112386703,0.7245130840711146
n100_i1115029_H_a2202_GW,n100_i1115029_H_a2202,100,1115029,H,2202,GW,0.5,0.6199283273890615,0.8297798615952031
n100_i1115029_H_a2202_GW,n100_i1115029_H_a2202,100,1115029,H,2202,GW,0.75,0.19358239881694317,0.8897348586153161
n100_i1115029_H_a2202_GW,n100_i1115029_H_a2202,100,1115029,H,2202,GW,0.9,0.7317354585975409,0.9874361873966114
n100_i1115029_H_a2202_GW,n100_i1115029_H_a2202,100,1115029,H,2202,GW,1.0,0.21747812815010548,1.0376715355035062
n100_i1115029_H_a2202_LEGACY,n100_i1115029_H_a2202,100,1115029,H,2202,LEGACY,0.1,0.2637558151036501,0.49792639068200584
n100_i1115029_H_a2202_LEGACY,n100_i1115029_H_a2202,100,1115029,H,2202,LEGACY,0.25,0.007388114929199219,0.7328745527460743
n100_i1115029_H_a2202_LEGACY,n100_i1115029_H_a2202,100,1115029,H,2202,LEGACY,0.5,0.06235169339925051,0.8074420473173469
n100_i1115029_H_a2202_LEGACY,n100_i1115029_H_a2202,100,1115029,H,2202,LEGACY,0.75,0.3322044936940074,0.8412792478042234
n100_i1115029_H_a2202_LEGACY,n100_i1115029_H_a2202,100,1115029,H,2202,LEGACY,0.9,0.18792172987014055,0.8524813268473644
n100_i1115029_H_a2202_LEGACY,n100_i1115029_H_a2202,100,1115029,H,2202,LEGACY,1.0,1.2485520858317614,0.8667861611996704
n100_i1115029_H_a2202_REFERENCE,n100_i1115029_H_a2202,100,1115029,H,2202,REFERENCE,0.1,0.18029313255101442,0.48276937823442895
n100_i1115029_H_a2202_REFERENCE,n100_i1115029_H_a2202,100,1115029,H,2202,REFERENCE,0.25,0.002590182237327099,0.7212408785622066
n100_i1115029_H_a2202_REFERENCE,n100_i1115029_H_a2202,100,1115029,H,2202,REFERENCE,0.5,0.026545803993940353,0.8990590853651216
n100_i1115029_H_a2202_REFERENCE,n100_i1115029_H_a2202,100,1115029,H,2202,REFERENCE,0.75,0.06934094801545143,0.9180012106653602
n100_i1115029_H_a2202_REFERENCE,n100_i1115029_H_a2202,100,1115029,H,2202,REFERENCE,0.9,0.0009156102314591408,0.9454089841526051
n100_i1115029_H_a2202_REFERENCE,n100_i1115029_H_a2202,100,1115029,H,2202,REFERENCE,1.0,0.8789986949414015,0.959954816087715
n100_i1115029_H_a1101_LEGACY,n100_i1115029_H_a1101,100,1115029,H,1101,LEGACY,0.1,0.19919033348560333,0.6130880486042815
n100_i1115029_H_a1101_LEGACY,n100_i1115029_H_a1101,100,1115029,H,1101,LEGACY,0.25,0.07394963130354881,0.7999813969474167
n100_i1115029_H_a1101_LEGACY,n100_i1115029_H_a1101,100,1115029,H,1101,LEGACY,0.5,0.8517120806500316,0.9080155085041741
n100_i1115029_H_a1101_LEGACY,n100_i1115029_H_a1101,100,1115029,H,1101,LEGACY,0.75,0.0008613709360361099,0.9638657033193087
n100_i1115029_H_a1101_LEGACY,n100_i1115029_H_a1101,100,1115029,H,1101,LEGACY,0.9,0.009347707964479923,0.9887210646160077
n100_i1115029_H_a1101_LEGACY,n100_i1115029_H_a1101,100,1115029,H,1101,LEGACY,1.0,0.9455615999177098,0.99955372458055
n100_i1115029_H_a1101_REFERENCE,n100_i1115029_H_a1101,100,1115029,H,1101,REFERENCE,0.1,0.18090933933854103,0.6247549040154595
n100_i1115029_H_a1101_REFERENCE,n100_i1115029_H_a1101,100,1115029,H,1101,REFERENCE,0.25,0.005087518133223057,0.8767767184445178
n100_i1115029_H_a1101_REFERENCE,n100_i1115029_H_a1101,100,1115029,H,1101,REFERENCE,0.5,0.03834101092070341,0.9626334778137052
n100_i1115029_H_a1101_REFERENCE,n100_i1115029_H_a1101,100,1115029,H,1101,REFERENCE,0.75,0.2680167565122247,0.9829145498010038
n100_i1115029_H_a1101_REFERENCE,n100_i1115029_H_a1101,100,1115029,H,1101,REFERENCE,0.9,0.5483265053480864,0.9943471588382834
n100_i1115029_H_a1101_REFERENCE,n100_i1115029_H_a1101,100,1115029,H,1101,REFERENCE,1.0,0.15604809764772654,1.002717905603196
n100_i1115029_H_a1101_W,n100_i1115029_H_a1101,100,1115029,H,1101,W,0.1,0.8408558564260602,0.6416151328244746
n100_i1115029_H_a1101_W,n100_i1115029_H_a1101,100,1115029,H,1101,W,0.25,0.5091765429824591,0.8030655555694229
n100_i1115029_H_a1101_W,n100_i1115029_H_a1101,100,1115029,H,1101,W,0.5,0.06311834137886763,0.9023039696960491
n100_i1115029_H_a1101_W,n100_i1115029_H_a1101,100,1115029,H,1101,W,0.75,0.20377676002681255,0.9431266556817441
n100_i1115029_H_a1101_W,n100_i1115029_H_a1101,100,1115029,H,1101,W,0.9,1.5416092006489635,0.9596936658248434
n100_i1115029_H_a1101_W,n100_i1115029_H_a1101,100,1115029,H,1101,W,1.0,0.05108322948217392,0.9853062864344674
n100_i1115029_H_a1101_GW,n100_i1115029_H_a1101,100,1115029,H,1101,GW,0.1,0.0036370009183883667,0.6388570132275032
n100_i1115029_H_a1101_GW,n100_i1115029_H_a1101,100,1115029,H,1101,GW,0.25,0.32044115010648966,0.8030655555694229
n100_i1115029_H_a1101_GW,n100_i1115029_H_a1101,100,1115029,H,1101,GW,0.5,0.32688396237790585,0.9016612417488264
n100_i1115029_H_a1101_GW,n100_i1115029_H_a1101,100,1115029,H,1101,GW,0.75,0.005505643784999847,0.9287581767186296
n100_i1115029_H_a1101_GW,n100_i1115029_H_a1101,100,1115029,H,1101,GW,0.9,0.38784196600317955,0.9546783566870845
n100_i1115029_H_a1101_GW,n100_i1115029_H_a1101,100,1115029,H,1101,GW,1.0,0.6565326256677508,0.9674580672288097
n100_i1115029_T_a1101_REFERENCE,n100_i1115029_T_a1101,100,1115029,T,1101,REFERENCE,0.1,0.02156377863138914,0.5343632133297894
n100_i1115029_T_a1101_REFERENCE,n100_i1115029_T_a1101,100,1115029,T,1101,REFERENCE,0.25,0.09334946796298027,0.7077148625147136
n100_i1115029_T_a1101_REFERENCE,n100_i1115029_T_a1101,100,1115029,T,1101,REFERENCE,0.5,0.009071635082364082,0.8202020588236706
n100_i1115029_T_a1101_REFERENCE,n100_i1115029_T_a1101,100,1115029,T,1101,REFERENCE,0.75,0.08202828466892242,0.8834271171934596
n100_i1115029_T_a1101_REFERENCE,n100_i1115029_T_a1101,100,1115029,T,1101,REFERENCE,0.9,0.5925241550430655,0.8995313600058065
n100_i1115029_T_a1101_REFERENCE,n100_i1115029_T_a1101,100,1115029,T,1101,REFERENCE,1.0,0.4967956002801657,0.9080650240201281
n100_i1115029_T_a1101_W,n100_i1115029_T_a1101,100,1115029,T,1101,W,0.1,1.4042706033214927,0.5612299013259132
n100_i1115029_T_a1101_W,n100_i1115029_T_a1101,100,1115029,T,1101,W,0.25,0.000150277279317379,0.7113876441007582
n100_i1115029_T_a1101_W,n100_i1115029_T_a1101,100,1115029,T,1101,W,0.5,0.2296334933489561,0.8064813008076306
n100_i1115029_T_a1101_W,n100_i1115029_T_a1101,100,1115029,T,1101,W,0.75,0.19822362903505564,0.8377121521609655
n100_i1115029_T_a1101_W,n100_i1115029_T_a1101,100,1115029,T,1101,W,0.9,0.00964280590415001,0.8451648117156101
n100_i1115029_T_a1101_W,n100_i1115029_T_a1101,100,1115029,T,1101,W,1.0,0.16119519341737032,0.8506565545508107
n100_i1115029_T_a1101_GW,n100_i1115029_T_a1101,100,1115029,T,1101,GW,0.1,0.1109938696026802,0.5667300302818722
n100_i1115029_T_a1101_GW,n100_i1115029_T_a1101,100,1115029,T,1101,GW,0.25,0.02846530731767416,0.7514113438225994
n100_i1115029_T_a1101_GW,n100_i1115029_T_a1101,100,1115029,T,1101,GW,0.5,0.9718165723606944,0.8359810192768042
n100_i1115029_T_a1101_GW,n100_i1115029_T_a1101,100,1115029,T,1101,GW,0.75,0.05798480100929737,0.8729676657273833
n100_i1115029_T_a1101_GW,n100_i1115029_T_a1101,100,1115029,T,1101,GW,0.9,0.09892234392464161,0.8921443629152582
n100_i1115029_T_a1101_GW,n100_i1115029_T_a1101,100,1115029,T,1101,GW,1.0,1.1898818518966436,0.9083986649399366
n100_i1115029_T_a1101_LEGACY,n100_i1115029_T_a1101,100,1115029,T,1101,LEGACY,0.1,0.3045590156689286,0.4731621142714654
n100_i1115029_T_a1101_LEGACY,n100_i1115029_T_a1101,100,1115029,T,1101,LEGACY,0.25,0.07383403461426497,0.679851605662458
n100_i1115029_T_a1101_LEGACY,n100_i1115029_T_a1101,100,1115029,T,1101,LEGACY,0.5,0.0015501584857702255,0.8112516872580089
n100_i1115029_T_a1101_LEGACY,n100_i1115029_T_a1101,100,1115029,T,1101,LEGACY,0.75,0.10537136718630791,0.862371819317393
n100_i1115029_T_a1101_LEGACY,n100_i1115029_T_a1101,100,1115029,T,1101,LEGACY,0.9,0.15612831059843302,0.8772982633666803
n100_i1115029_T_a1101_LEGACY,n100_i1115029_T_a1101,100,1115029,T,1101,LEGACY,1.0,0.20287030469626188,0.8871743527848964
n100_i1115029_T_a2202_GW,n100_i1115029_T_a2202,100,1115029,T,2202,GW,0.1,0.10225887503474951,0.5448378636984784
n100_i1115029_T_a2202_GW,n100_i1115029_T_a2202,100,1115029,T,2202,GW,0.25,0.08886015694588423,0.6971439717567317
n100_i1115029_T_a2202_GW,n100_i1115029_T_a2202,100,1115029,T,2202,GW,0.5,0.267635490745306,0.7427991222000841
n100_i1115029_T_a2202_GW,n100_i1115029_T_a2202,100,1115029,T,2202,GW,0.75,0.29553842172026634,0.7588049270390179
n100_i1115029_T_a2202_GW,n100_i1115029_T_a2202,100,1115029,T,2202,GW,0.9,0.142295615747571,0.772798614701526
n100_i1115029_T_a2202_GW,n100_i1115029_T_a2202,100,1115029,T,2202,GW,1.0,0.5376984495669603,0.8291593632009662
n100_i1115029_T_a2202_LEGACY,n100_i1115029_T_a2202,100,1115029,T,2202,LEGACY,0.1,0.009431404061615467,0.47469230826853476
n100_i1115029_T_a2202_LEGACY,n100_i1115029_T_a2202,100,1115029,T,2202,LEGACY,0.25,0.03576135542243719,0.6417609874228586
n100_i1115029_T_a2202_LEGACY,n100_i1115029_T_a2202,100,1115029,T,2202,LEGACY,0.5,0.00398237444460392,0.7438208634244757
n100_i1115029_T_a2202_LEGACY,n100_i1115029_T_a2202,100,1115029,T,2202,LEGACY,0.75,0.1960341688245535,0.7812709946278684
n100_i1115029_T_a2202_LEGACY,n100_i1115029_T_a2202,100,1115029,T,2202,LEGACY,0.9,1.0632721092551947,0.787711146516232
n100_i1115029_T_a2202_LEGACY,n100_i1115029_T_a2202,100,1115029,T,2202,LEGACY,1.0,0.010000682435929775,0.7898203197422853
n100_i1115029_T_a2202_REFERENCE,n100_i1115029_T_a2202,100,1115029,T,2202,REFERENCE,0.1,0.6609730869531631,0.5201315576684975
n100_i1115029_T_a2202_REFERENCE,n100_i1115029_T_a2202,100,1115029,T,2202,REFERENCE,0.25,0.04182014428079128,0.7533485649768177
n100_i1115029_T_a2202_REFERENCE,n100_i1115029_T_a2202,100,1115029,T,2202,REFERENCE,0.5,0.41049361787736416,0.8007475560995625
n100_i1115029_T_a2202_REFERENCE,n100_i1115029_T_a2202,100,1115029,T,2202,REFERENCE,0.75,0.411012246273458,0.8523004492791464
n100_i1115029_T_a2202_REFERENCE,n100_i1115029_T_a2202,100,1115029,T,2202,REFERENCE,0.9,0.5948226740583777,0.8664647126619764
n100_i1115029_T_a2202_REFERENCE,n100_i1115029_T_a2202,100,1115029,T,2202,REFERENCE,1.0,0.43459159322082996,0.8707880452616673
n100_i1115029_T_a2202_W,n100_i1115029_T_a2202,100,1115029,T,2202,W,0.1,0.19294855277985334,0.5330135900547736
n100_i1115029_T_a2202_W,n100_i1115029_T_a2202,100,1115029,T,2202,W,0.25,0.011220804415643215,0.6616340206599961
n100_i1115029_T_a2202_W,n100_i1115029_T_a2202,100,1115029,T,2202,W,0.5,0.5891035897657275,0.7331079527385566
n100_i1115029_T_a2202_W,n100_i1115029_T_a2202,100,1115029,T,2202,W,0.75,0.8906089393422008,0.8046734310932371
n100_i1115029_T_a2202_W,n100_i1115029_T_a2202,100,1115029,T,2202,W,0.9,0.05909304320812225,0.8170367867900918
n100_i1115029_T_a2202_W,n100_i1115029_T_a2202,100,1115029,T,2202,W,1.0,0.8946649944409728,0.8215563974467398
n100_i1115030_H_a2202_W,n100_i1115030_H_a2202,100,1115030,H,2202,W,0.1,0.055004941299557686,0.6633826897051253
n100_i1115030_H_a2202_W,n100_i1115030_H_a2202,100,1115030,H,2202,W,0.25,0.014111544005572796,0.7977439165342934
n100_i1115030_H_a2202_W,n100_i1115030_H_a2202,100,1115030,H,2202,W,0.5,0.18414147943258286,0.8922513525366428
n100_i1115030_H_a2202_W,n100_i1115030_H_a2202,100,1115030,H,2202,W,0.75,0.0017801858484745026,0.9900794786197201
n100_i1115030_H_a2202_W,n100_i1115030_H_a2202,100,1115030,H,2202,W,0.9,0.0016208244487643242,1.007437110066689
n100_i1115030_H_a2202_W,n100_i1115030_H_a2202,100,1115030,H,2202,W,1.0,0.011222521774470806,1.0143162579203242
n100_i1115030_H_a2202_GW,n100_i1115030_H_a2202,100,1115030,H,2202,GW,0.1,0.003957645036280155,0.6633826897051253
n100_i1115030_H_a2202_GW,n100_i1115030_H_a2202,100,1115030,H,2202,GW,0.25,0.6839844258502126,0.8036209936512168
n100_i1115030_H_a2202_GW,n100_i1115030_H_a2202,100,1115030,H,2202,GW,0.5,0.07684953324496746,0.9109630315289917
n100_i1115030_H_a2202_GW,n100_i1115030_H_a2202,100,1115030,H,2202,GW,0.75,0.17873088270425797,0.9541666565592155
n100_i1115030_H_a2202_GW,n100_i1115030_H_a2202,100,1115030,H,2202,GW,0.9,1.0336027638986707,0.9593206703162334
n100_i1115030_H_a2202_GW,n100_i1115030_H_a2202,100,1115030,H,2202,GW,1.0,0.500407381914556,0.9610321059947641
n100_i1115030_H_a2202_LEGACY,n100_i1115030_H_a2202,100,1115030,H,2202,LEGACY,0.1,1.355770773254335,0.5812461121310589
n100_i1115030_H_a2202_LEGACY,n100_i1115030_H_a2202,100,1115030,H,2202,LEGACY,0.25,1.2454282185062766,0.7548189313858271
n100_i1115030_H_a2202_LEGACY,n100_i1115030_H_a2202,100,1115030,H,2202,LEGACY,0.5,0.09845786541700363,0.8586590081575652
n100_i1115030_H_a2202_LEGACY,n100_i1115030_H_a2202,100,1115030,H,2202,LEGACY,0.75,0.4625262161716819,0.9055333643892859
n100_i1115030_H_a2202_LEGACY,n100_i1115030_H_a2202,100,1115030,H,2202,LEGACY,0.9,0.27324307058006525,0.9196356730146903
n100_i1115030_H_a2202_LEGACY,n100_i1115030_H_a2202,100,1115030,H,2202,LEGACY,1.0,1.2617436107248068,0.9239139926076616
n100_i1115030_H_a2202_REFERENCE,n100_i1115030_H_a2202,100,1115030,H,2202,REFERENCE,0.1,0.14486031141132116,0.6857374533587398
n100_i1115030_H_a2202_REFERENCE,n100_i1115030_H_a2202,100,1115030,H,2202,REFERENCE,0.25,0.03333089500665665,0.8602604007333554
n100_i1115030_H_a2202_REFERENCE,n100_i1115030_H_a2202,100,1115030,H,2202,REFERENCE,0.5,0.005791175179183483,0.9167327830808022
n100_i1115030_H_a2202_REFERENCE,n100_i1115030_H_a2202,100,1115030,H,2202,REFERENCE,0.75,0.3883826769888401,0.9378738880751233
n100_i1115030_H_a2202_REFERENCE,n100_i1115030_H_a2202,100,1115030,H,2202,REFERENCE,0.9,0.0433336840942502,0.9446502823872074
n100_i1115030_H_a2202_REFERENCE,n100_i1115030_H_a2202,100,1115030,H,2202,REFERENCE,1.0,0.507865535095334,0.9466422788714006
n100_i1115030_H_a1101_LEGACY,n100_i1115030_H_a1101,100,1115030,H,1101,LEGACY,0.1,0.08889655023813248,0.67335192257025
n100_i1115030_H_a1101_LEGACY,n100_i1115030_H_a1101,100,1115030,H,1101,LEGACY,0.25,0.44857108779251575,0.850165749029389
n100_i1115030_H_a1101_LEGACY,n100_i1115030_H_a1101,100,1115030,H,1101,LEGACY,0.5,1.1100804740563035,0.959544497268265
n100_i1115030_H_a1101_LEGACY,n100_i1115030_H_a1101,100,1115030,H,1101,LEGACY,0.75,0.05806229542940855,1.0074469218635524
n100_i1115030_H_a1101_LEGACY,n100_i1115030_H_a1101,100,1115030,H,1101,LEGACY,0.9,6.307009607553482e-05,1.01444880664456
n100_i1115030_H_a1101_LEGACY,n100_i1115030_H_a1101,100,1115030,H,1101,LEGACY,1.0,0.38542427215725183,1.0243352123841993
n100_i1115030_H_a1101_REFERENCE,n100_i1115030_H_a1101,100,1115030,H,1101,REFERENCE,0.1,0.006233314983546734,0.725904591968754
n100_i1115030_H_a1101_REFERENCE,n100_i1115030_H_a1101,100,1115030,H,1101,REFERENCE,0.25,1.4014255469664931,0.9078607634949403
n100_i1115030_H_a1101_REFERENCE,n100_i1115030_H_a1101,100,1115030,H,1101,REFERENCE,0.5,0.08746243547648191,0.9907702020943215
n100_i1115030_H_a1101_REFERENCE,n100_i1115030_H_a1101,100,1115030,H,1101,REFERENCE,0.75,0.17267298512160778,1.0369328696600684
n100_i1115030_H_a1101_REFERENCE,n100_i1115030_H_a1101,100,1115030,H,1101,REFERENCE,0.9,0.005511758849024773,1.0481978045345046
n100_i1115030_H_a1101_REFERENCE,n100_i1115030_H_a1101,100,1115030,H,1101,REFERENCE,1.0,1.0722355861216784,1.0515445482489751
n100_i1115030_H_a1101_W,n100_i1115030_H_a1101,100,1115030,H,1101,W,0.1,0.13828338216990232,0.695253309667636
n100_i1115030_H_a1101_W,n100_i1115030_H_a1101,100,1115030,H,1101,W,0.25,0.2724189171567559,0.8666204928020029
n100_i1115030_H_a1101_W,n100_i1115030_H_a1101,100,1115030,H,1101,W,0.5,0.021441642194986343,0.9658009711388872
n100_i1115030_H_a1101_W,n100_i1115030_H_a1101,100,1115030,H,1101,W,0.75,1.6812698943540454,0.9836747540366061
n100_i1115030_H_a1101_W,n100_i1115030_H_a1101,100,1115030,H,1101,W,0.9,0.00430123507976532,0.9928357781484443
n100_i1115030_H_a1101_W,n100_i1115030_H_a1101,100,1115030,H,1101,W,1.0,1.1511180782690644,0.9989171375789418
n100_i1115030_H_a1101_GW,n100_i1115030_H_a1101,100,1115030,H,1101,GW,0.1,0.028527249582111835,0.700696960876602
n100_i1115030_H_a1101_GW,n100_i1115030_H_a1101,100,1115030,H,1101,GW,0.25,0.0058015575632452965,0.8671923582675024
n100_i1115030_H_a1101_GW,n100_i1115030_H_a1101,100,1115030,H,1101,GW,0.5,0.24256041646003723,0.9075645095273224
n100_i1115030_H_a1101_GW,n100_i1115030_H_a1101,100,1115030,H,1101,GW,0.75,0.015350178815424442,0.9402627705468466
n100_i1115030_H_a1101_GW,n100_i1115030_H_a1101,100,1115030,H,1101,GW,0.9,0.28587807063013315,0.9663305906412846
n100_i1115030_H_a1101_GW,n100_i1115030_H_a1101,100,1115030,H,1101,GW,1.0,1.2386469254270196,0.9673557606083072
n100_i1115030_T_a1101_REFERENCE,n100_i1115030_T_a1101,100,1115030,T,1101,REFERENCE,0.1,0.04490519221872091,0.46972236122913075
n100_i1115030_T_a1101_REFERENCE,n100_i1115030_T_a1101,100,1115030,T,1101,REFERENCE,0.25,0.9461110793054104,0.6102125789322894
n100_i1115030_T_a1101_REFERENCE,n100_i1115030_T_a1101,100,1115030,T,1101,REFERENCE,0.5,0.00877965148538351,0.6977417812441996
n100_i1115030_T_a1101_REFERENCE,n100_i1115030_T_a1101,100,1115030,T,1101,REFERENCE,0.75,1.1015896992757916,0.770319591794137
n100_i1115030_T_a1101_REFERENCE,n100_i1115030_T_a1101,100,1115030,T,1101,REFERENCE,0.9,0.0017433296889066696,0.794693158478876
n100_i1115030_T_a1101_REFERENCE,n100_i1115030_T_a1101,100,1115030,T,1101,REFERENCE,1.0,0.667517171241343,0.8055308282374435
n100_i1115030_T_a1101_W,n100_i1115030_T_a1101,100,1115030,T,1101,W,0.1,0.6928491769358516,0.47612849085739073
n100_i1115030_T_a1101_W,n100_i1115030_T_a1101,100,1115030,T,1101,W,0.25,0.0894879661500454,0.5765987980073072
n100_i1115030_T_a1101_W,n100_i1115030_T_a1101,100,1115030,T,1101,W,0.5,0.3442539209499955,0.6838662000872309
n100_i1115030_T_a1101_W,n100_i1115030_T_a1101,100,1115030,T,1101,W,0.75,0.0017562657594680786,0.7217796382482379
n100_i1115030_T_a1101_W,n100_i1115030_T_a1101,100,1115030,T,1101,W,0.9,0.07960086967796087,0.7347387709357137
n100_i1115030_T_a1101_W,n100_i1115030_T_a1101,100,1115030,T,1101,W,1.0,0.3206656528636813,0.7444172387634612
n100_i1115030_T_a1101_GW,n100_i1115030_T_a1101,100,1115030,T,1101,GW,0.1,0.8907574629411101,0.477115554394671
n100_i1115030_T_a1101_GW,n100_i1115030_T_a1101,100,1115030,T,1101,GW,0.25,0.10697442293167114,0.5671561368866478
n100_i1115030_T_a1101_GW,n100_i1115030_T_a1101,100,1115030,T,1101,GW,0.5,0.21211154107004404,0.6653171901031005
n100_i1115030_T_a1101_GW,n100_i1115030_T_a1101,100,1115030,T,1101,GW,0.75,0.05317670479416847,0.7295806053850205
n100_i1115030_T_a1101_GW,n100_i1115030_T_a1101,100,1115030,T,1101,GW,0.9,0.045122080482542515,0.7445443013965137
n100_i1115030_T_a1101_GW,n100_i1115030_T_a1101,100,1115030,T,1101,GW,1.0,0.2031628666445613,0.7590231464813278
n100_i1115030_T_a1101_LEGACY,n100_i1115030_T_a1101,100,1115030,T,1101,LEGACY,0.1,0.047915998846292496,0.4791823183406001
n100_i1115030_T_a1101_LEGACY,n100_i1115030_T_a1101,100,1115030,T,1101,LEGACY,0.25,0.27140012197196484,0.6007835999799951
n100_i1115030_T_a1101_LEGACY,n100_i1115030_T_a1101,100,1115030,T,1101,LEGACY,0.5,0.005799746140837669,0.680548061983447
n100_i1115030_T_a1101_LEGACY,n100_i1115030_T_a1101,100,1115030,T,1101,LEGACY,0.75,0.05574471224099398,0.7942389823702181
n100_i1115030_T_a1101_LEGACY,n100_i1115030_T_a1101,100,1115030,T,1101,LEGACY,0.9,0.0334287341684103,0.824478602293538
n100_i1115030_T_a1101_LEGACY,n100_i1115030_T_a1101,100,1115030,T,1101,LEGACY,1.0,0.4909069761633873,0.8401748031419439
n100_i1115030_T_a2202_GW,n100_i1115030_T_a2202,100,1115030,T,2202,GW,0.1,0.08650775719434023,0.4651372571401383
n100_i1115030_T_a2202_GW,n100_i1115030_T_a2202,100,1115030,T,2202,GW,0.25,0.40424901340156794,0.6351221210090625
n100_i1115030_T_a2202_GW,n100_i1115030_T_a2202,100,1115030,T,2202,GW,0.5,0.29991859663277864,0.7268484780006177
n100_i1115030_T_a2202_GW,n100_i1115030_T_a2202,100,1115030,T,2202,GW,0.75,0.17397743556648493,0.7554242062145369
n100_i1115030_T_a2202_GW,n100_i1115030_T_a2202,100,1115030,T,2202,GW,0.9,0.16839363984763622,0.7676939084066485
n100_i1115030_T_a2202_GW,n100_i1115030_T_a2202,100,1115030,T,2202,GW,1.0,0.18354705162346363,0.7724278556678963
n100_i1115030_T_a2202_LEGACY,n100_i1115030_T_a2202,100,1115030,T,2202,LEGACY,0.1,0.0013883952051401138,0.509847212786371
n100_i1115030_T_a2202_LEGACY,n100_i1115030_T_a2202,100,1115030,T,2202,LEGACY,0.25,0.6928950911387801,0.6714170085359925
n100_i1115030_T_a2202_LEGACY,n100_i1115030_T_a2202,100,1115030,T,2202,LEGACY,0.5,0.007336994633078575,0.7450933273620717
n100_i1115030_T_a2202_LEGACY,n100_i1115030_T_a2202,100,1115030,T,2202,LEGACY,0.75,0.13760288711637259,0.7904562111617102
n100_i1115030_T_a2202_LEGACY,n100_i1115030_T_a2202,100,1115030,T,2202,LEGACY,0.9,0.11076121777296066,0.8291972782516599
n100_i1115030_T_a2202_LEGACY,n100_i1115030_T_a2202,100,1115030,T,2202,LEGACY,1.0,0.6235608914867043,0.8412245179257765
n100_i1115030_T_a2202_REFERENCE,n100_i1115030_T_a2202,100,1115030,T,2202,REFERENCE,0.1,0.6249898271635175,0.48885769625430564
n100_i1115030_T_a2202_REFERENCE,n100_i1115030_T_a2202,100,1115030,T,2202,REFERENCE,0.25,0.4075921457260847,0.6332522796146515
n100_i1115030_T_a2202_REFERENCE,n100_i1115030_T_a2202,100,1115030,T,2202,REFERENCE,0.5,0.009069345891475677,0.7981968207073252
n100_i1115030_T_a2202_REFERENCE,n100_i1115030_T_a2202,100,1115030,T,2202,REFERENCE,0.75,0.36350730527192354,0.8496658180231119
n100_i1115030_T_a2202_REFERENCE,n100_i1115030_T_a2202,100,1115030,T,2202,REFERENCE,0.9,0.30338414292782545,0.8860547650220901
n100_i1115030_T_a2202_REFERENCE,n100_i1115030_T_a2202,100,1115030,T,2202,REFERENCE,1.0,0.9602014198899269,0.926849337504966
n100_i1115030_T_a2202_W,n100_i1115030_T_a2202,100,1115030,T,2202,W,0.1,0.06528497394174337,0.46970126731151723
n100_i1115030_T_a2202_W,n100_i1115030_T_a2202,100,1115030,T,2202,W,0.25,0.5142528666183352,0.6382281823178899
n100_i1115030_T_a2202_W,n100_i1115030_T_a2202,100,1115030,T,2202,W,0.5,0.07431689742952585,0.7322186268037195
n100_i1115030_T_a2202_W,n100_i1115030_T_a2202,100,1115030,T,2202,W,0.75,0.007623272016644478,0.7641453542882883
n100_i1115030_T_a2202_W,n100_i1115030_T_a2202,100,1115030,T,2202,W,0.9,0.06596577633172274,0.7747170274979229
n100_i1115030_T_a2202_W,n100_i1115030_T_a2202,100,1115030,T,2202,W,1.0,0.4270738232880831,0.7768093378815442
n100_i1115031_H_a2202_W,n100_i1115031_H_a2202,100,1115031,H,2202,W,0.1,0.502783334814012,0.3514749744262534
n100_i1115031_H_a2202_W,n100_i1115031_H_a2202,100,1115031,H,2202,W,0.25,0.029062073677778244,0.566776207805488
n100_i1115031_H_a2202_W,n100_i1115031_H_a2202,100,1115031,H,2202,W,0.5,0.01371086947619915,0.6763560222561956
n100_i1115031_H_a2202_W,n100_i1115031_H_a2202,100,1115031,H,2202,W,0.75,0.7909253742545843,0.7013189060747054
n100_i1115031_H_a2202_W,n100_i1115031_H_a2202,100,1115031,H,2202,W,0.9,0.4530450077727437,0.7116653105441946
n100_i1115031_H_a2202_W,n100_i1115031_H_a2202,100,1115031,H,2202,W,1.0,1.1629362758249044,0.7139429268119114
n100_i1115031_H_a2202_GW,n100_i1115031_H_a2202,100,1115031,H,2202,GW,0.1,0.5521246558055282,0.3342660592031457
n100_i1115031_H_a2202_GW,n100_i1115031_H_a2202,100,1115031,H,2202,GW,0.25,1.5739945070818067,0.5076944481879188
n100_i1115031_H_a2202_GW,n100_i1115031_H_a2202,100,1115031,H,2202,GW,0.5,0.3528554867953062,0.6663570698778529
n100_i1115031_H_a2202_GW,n100_i1115031_H_a2202,100,1115031,H,2202,GW,0.75,0.008913390338420868,0.743720199658091
n100_i1115031_H_a2202_GW,n100_i1115031_H_a2202,100,1115031,H,2202,GW,0.9,0.9273068848997355,0.7501791172677933
n100_i1115031_H_a2202_GW,n100_i1115031_H_a2202,100,1115031,H,2202,GW,1.0,0.010413962416350842,0.7567212200663812
n100_i1115031_H_a2202_LEGACY,n100_i1115031_H_a2202,100,1115031,H,2202,LEGACY,0.1,0.5366558581590652,0.4628895736105471
n100_i1115031_H_a2202_LEGACY,n100_i1115031_H_a2202,100,1115031,H,2202,LEGACY,0.25,0.4517034087330103,0.5722445002652532
n100_i1115031_H_a2202_LEGACY,n100_i1115031_H_a2202,100,1115031,H,2202,LEGACY,0.5,0.0076265595853328705,0.7191712432442348
n100_i1115031_H_a2202_LEGACY,n100_i1115031_H_a2202,100,1115031,H,2202,LEGACY,0.75,0.008773821406066418,0.7616384691135721
n100_i1115031_H_a2202_LEGACY,n100_i1115031_H_a2202,100,1115031,H,2202,LEGACY,0.9,0.2645934158936143,0.7804257255461858
n100_i1115031_H_a2202_LEGACY,n100_i1115031_H_a2202,100,1115031,H,2202,LEGACY,1.0,0.13893200643360615,0.7954968100850389
n100_i1115031_H_a2202_REFERENCE,n100_i1115031_H_a2202,100,1115031,H,2202,REFERENCE,0.1,1.353791482746601,0.46751958680562056
n100_i1115031_H_a2202_REFERENCE,n100_i1115031_H_a2202,100,1115031,H,2202,REFERENCE,0.25,0.03598017245531082,0.5552387836604249
n100_i1115031_H_a2202_REFERENCE,n100_i1115031_H_a2202,100,1115031,H,2202,REFERENCE,0.5,0.2167238863185048,0.6667886751231021
n100_i1115031_H_a2202_REFERENCE,n100_i1115031_H_a2202,100,1115031,H,2202,REFERENCE,0.75,0.48481854144483805,0.7382370411990545
n100_i1115031_H_a2202_REFERENCE,n100_i1115031_H_a2202,100,1115031,H,2202,REFERENCE,0.9,0.09790363628417253,0.755567127194535
n100_i1115031_H_a2202_REFERENCE,n100_i1115031_H_a2202,100,1115031,H,2202,REFERENCE,1.0,0.4903193060308695,0.7711168576706181
n100_i1115031_H_a1101_LEGACY,n100_i1115031_H_a1101,100,1115031,H,1101,LEGACY,0.1,0.015669435262680054,0.5165625673747806
n100_i1115031_H_a1101_LEGACY,n100_i1115031_H_a1101,100,1115031,H,1101,LEGACY,0.25,0.025283637456595898,0.6790750579384368
n100_i1115031_H_a1101_LEGACY,n100_i1115031_H_a1101,100,1115031,H,1101,LEGACY,0.5,0.07810601219534874,0.7898766719948667
n100_i1115031_H_a1101_LEGACY,n100_i1115031_H_a1101,100,1115031,H,1101,LEGACY,0.75,0.3207197692245245,0.839366050041105
n100_i1115031_H_a1101_LEGACY,n100_i1115031_H_a1101,100,1115031,H,1101,LEGACY,0.9,0.2714780615642667,0.852858121404845
n100_i1115031_H_a1101_LEGACY,n100_i1115031_H_a1101,100,1115031,H,1101,LEGACY,1.0,1.5442837234586477,0.8618942983222305
n100_i1115031_H_a1101_REFERENCE,n100_i1115031_H_a1101,100,1115031,H,1101,REFERENCE,0.1,0.004612252116203308,0.4721578055438152
n100_i1115031_H_a1101_REFERENCE,n100_i1115031_H_a1101,100,1115031,H,1101,REFERENCE,0.25,0.07500662095844746,0.649964382103448
n100_i1115031_H_a1101_REFERENCE,n100_i1115031_H_a1101,100,1115031,H,1101,REFERENCE,0.5,0.004643524996936321,0.7492275674758236
n100_i1115031_H_a1101_REFERENCE,n100_i1115031_H_a1101,100,1115031,H,1101,REFERENCE,0.75,0.010258200578391552,0.798842009851611
n100_i1115031_H_a1101_REFERENCE,n100_i1115031_H_a1101,100,1115031,H,1101,REFERENCE,0.9,0.17964165657758713,0.8300677569453291
n100_i1115031_H_a1101_REFERENCE,n100_i1115031_H_a1101,100,1115031,H,1101,REFERENCE,1.0,0.5644220653921366,0.8378625269948543
n100_i1115031_H_a1101_W,n100_i1115031_H_a1101,100,1115031,H,1101,W,0.1,0.011069009080529213,0.47584194625043835
n100_i1115031_H_a1101_W,n100_i1115031_H_a1101,100,1115031,H,1101,W,0.25,0.1209521945565939,0.6591982160924854
n100_i1115031_H_a1101_W,n100_i1115031_H_a1101,100,1115031,H,1101,W,0.5,0.30225508008152246,0.7240854293928425
n100_i1115031_H_a1101_W,n100_i1115031_H_a1101,100,1115031,H,1101,W,0.75,0.15929709374904633,0.7737329233020691
n100_i1115031_H_a1101_W,n100_i1115031_H_a1101,100,1115031,H,1101,W,0.9,0.13771044462919235,0.7876907127038325
n100_i1115031_H_a1101_W,n100_i1115031_H_a1101,100,1115031,H,1101,W,1.0,0.013711659237742424,0.7935962737647396
n100_i1115031_H_a1101_GW,n100_i1115031_H_a1101,100,1115031,H,1101,GW,0.1,0.17047578282654285,0.47584194625043835
n100_i1115031_H_a1101_GW,n100_i1115031_H_a1101,100,1115031,H,1101,GW,0.25,0.31948132161051035,0.6526787524598963
n100_i1115031_H_a1101_GW,n100_i1115031_H_a1101,100,1115031,H,1101,GW,0.5,0.20691156387329102,0.7272982023432258
n100_i1115031_H_a1101_GW,n100_i1115031_H_a1101,100,1115031,H,1101,GW,0.75,0.09329536743462086,0.777972464039612
n100_i1115031_H_a1101_GW,n100_i1115031_H_a1101,100,1115031,H,1101,GW,0.9,0.551295455545187,0.7959486009539681
n100_i1115031_H_a1101_GW,n100_i1115031_H_a1101,100,1115031,H,1101,GW,1.0,1.0461291251704097,0.8031244931587829
n100_i1115031_T_a1101_REFERENCE,n100_i1115031_T_a1101,100,1115031,T,1101,REFERENCE,0.1,0.009699815884232521,0.5691991034107347
n100_i1115031_T_a1101_REFERENCE,n100_i1115031_T_a1101,100,1115031,T,1101,REFERENCE,0.25,0.1740506300702691,0.764297347305833
n100_i1115031_T_a1101_REFERENCE,n100_i1115031_T_a1101,100,1115031,T,1101,REFERENCE,0.5,0.06122805271297693,0.8283809221759743
n100_i1115031_T_a1101_REFERENCE,n100_i1115031_T_a1101,100,1115031,T,1101,REFERENCE,0.75,1.2849290911108255,0.8471760570603494
n100_i1115031_T_a1101_REFERENCE,n100_i1115031_T_a1101,100,1115031,T,1101,REFERENCE,0.9,0.3128524534404278,0.8591547210514583
n100_i1115031_T_a1101_REFERENCE,n100_i1115031_T_a1101,100,1115031,T,1101,REFERENCE,1.0,1.2644438752904534,0.8608646568057184
n100_i1115031_T_a1101_W,n100_i1115031_T_a1101,100,1115031,T,1101,W,0.1,0.17361665423959494,0.5584049894544809
n100_i1115031_T_a1101_W,n100_i1115031_T_a1101,100,1115031,T,1101,W,0.25,2.1015807250514627,0.7175272477358624
n100_i1115031_T_a1101_W,n100_i1115031_T_a1101,100,1115031,T,1101,W,0.5,0.9945779768750072,0.8310928930480811
n100_i1115031_T_a1101_W,n100_i1115031_T_a1101,100,1115031,T,1101,W,0.75,0.34935298189520836,0.8966548175493669
n100_i1115031_T_a1101_W,n100_i1115031_T_a1101,100,1115031,T,1101,W,0.9,0.14729588013142347,0.9160491413093683
n100_i1115031_T_a1101_W,n100_i1115031_T_a1101,100,1115031,T,1101,W,1.0,1.1582545656710863,0.9226011492870365
n100_i1115031_T_a1101_GW,n100_i1115031_T_a1101,100,1115031,T,1101,GW,0.1,0.10743495728820562,0.623725374634443
n100_i1115031_T_a1101_GW,n100_i1115031_T_a1101,100,1115031,T,1101,GW,0.25,0.010680465027689934,0.8004989030788036
n100_i1115031_T_a1101_GW,n100_i1115031_T_a1101,100,1115031,T,1101,GW,0.5,0.057717119343578815,0.869924831235302
n100_i1115031_T_a1101_GW,n100_i1115031_T_a1101,100,1115031,T,1101,GW,0.75,0.6610835241153836,0.9007365732678706
n100_i1115031_T_a1101_GW,n100_i1115031_T_a1101,100,1115031,T,1101,GW,0.9,0.5217756601050496,0.9093353645374044
n100_i1115031_T_a1101_GW,n100_i1115031_T_a1101,100,1115031,T,1101,GW,1.0,0.6042019389569759,0.9325482311147659
n100_i1115031_T_a1101_LEGACY,n100_i1115031_T_a1101,100,1115031,T,1101,LEGACY,0.1,1.617126845754683,0.6365463626136485
n100_i1115031_T_a1101_LEGACY,n100_i1115031_T_a1101,100,1115031,T,1101,LEGACY,0.25,0.003958997316658497,0.7765651467977408
n100_i1115031_T_a1101_LEGACY,n100_i1115031_T_a1101,100,1115031,T,1101,LEGACY,0.5,0.08750838600099087,0.8665996272567966
n100_i1115031_T_a1101_LEGACY,n100_i1115031_T_a1101,100,1115031,T,1101,LEGACY,0.75,0.05716080404818058,0.9188599285530327
n100_i1115031_T_a1101_LEGACY,n100_i1115031_T_a1101,100,1115031,T,1101,LEGACY,0.9,0.0024022143334150314,0.9332319021287802
n100_i1115031_T_a1101_LEGACY,n100_i1115031_T_a1101,100,1115031,T,1101,LEGACY,1.0,1.1523339403793216,0.9499392118592794
n100_i1115031_T_a2202_GW,n100_i1115031_T_a2202,100,1115031,T,2202,GW,0.1,0.5561842825263739,0.6202651617938449
n100_i1115031_T_a2202_GW,n100_i1115031_T_a2202,100,1115031,T,2202,GW,0.25,0.0023260749876499176,0.7668439144794877
n100_i1115031_T_a2202_GW,n100_i1115031_T_a2202,100,1115031,T,2202,GW,0.5,0.7665523644536734,0.7941134494735601
n100_i1115031_T_a2202_GW,n100_i1115031_T_a2202,100,1115031,T,2202,GW,0.75,0.07620184775441885,0.8166944262034975
n100_i1115031_T_a2202_GW,n100_i1115031_T_a2202,100,1115031,T,2202,GW,0.9,0.07098403293639421,0.821786874263667
n100_i1115031_T_a2202_GW,n100_i1115031_T_a2202,100,1115031,T,2202,GW,1.0,0.011849334463477135,0.8227254467316957
n100_i1115031_T_a2202_LEGACY,n100_i1115031_T_a2202,100,1115031,T,2202,LEGACY,0.1,0.399551541544497,0.6063596621589618
n100_i1115031_T_a2202_LEGACY,n100_i1115031_T_a2202,100,1115031,T,2202,LEGACY,0.25,0.06203749496489763,0.6768543896580731
n100_i1115031_T_a2202_LEGACY,n100_i1115031_T_a2202,100,1115031,T,2202,LEGACY,0.5,0.7103453828021884,0.7088203823996252
n100_i1115031_T_a2202_LEGACY,n100_i1115031_T_a2202,100,1115031,T,2202,LEGACY,0.75,0.07430721819400787,0.7312016398772555
n100_i1115031_T_a2202_LEGACY,n100_i1115031_T_a2202,100,1115031,T,2202,LEGACY,0.9,1.3578527076169848,0.7360089665102385
n100_i1115031_T_a2202_LEGACY,n100_i1115031_T_a2202,100,1115031,T,2202,LEGACY,1.0,0.7219359111040831,0.7377636689158479
n100_i1115031_T_a2202_REFERENCE,n100_i1115031_T_a2202,100,1115031,T,2202,REFERENCE,0.1,0.006827488541603088,0.6504431387179318
n100_i1115031_T_a2202_REFERENCE,n100_i1115031_T_a2202,100,1115031,T,2202,REFERENCE,0.25,0.3095012931153178,0.7674663402908132
n100_i1115031_T_a2202_REFERENCE,n100_i1115031_T_a2202,100,1115031,T,2202,REFERENCE,0.5,0.0038000578060746193,0.8144670045722403
n100_i1115031_T_a2202_REFERENCE,n100_i1115031_T_a2202,100,1115031,T,2202,REFERENCE,0.75,0.12445163819938898,0.8323971192801691
n100_i1115031_T_a2202_REFERENCE,n100_i1115031_T_a2202,100,1115031,T,2202,REFERENCE,0.9,0.12854021601378918,0.8417940416675015
n100_i1115031_T_a2202_REFERENCE,n100_i1115031_T_a2202,100,1115031,T,2202,REFERENCE,1.0,0.4752463111653924,0.8459139942802244
n100_i1115031_T_a2202_W,n100_i1115031_T_a2202,100,1115031,T,2202,W,0.1,0.07294991705566645,0.6202651617938449
n100_i1115031_T_a2202_W,n100_i1115031_T_a2202,100,1115031,T,2202,W,0.25,0.05734461359679699,0.7668439144794877
n100_i1115031_T_a2202_W,n100_i1115031_T_a2202,100,1115031,T,2202,W,0.5,0.2707408796995878,0.7941134494735601
n100_i1115031_T_a2202_W,n100_i1115031_T_a2202,100,1115031,T,2202,W,0.75,0.049433779902756214,0.8166944262034975
n100_i1115031_T_a2202_W,n100_i1115031_T_a2202,100,1115031,T,2202,W,0.9,1.1127112740650773,0.821786874263667
n100_i1115031_T_a2202_W,n100_i1115031_T_a2202,100,1115031,T,2202,W,1.0,0.8857868276536465,0.8227254467316957
n100_i1115032_H_a2202_W,n100_i1115032_H_a2202,100,1115032,H,2202,W,0.1,0.8217970002442598,0.5215638093416045
n100_i1115032_H_a2202_W,n100_i1115032_H_a2202,100,1115032,H,2202,W,0.25,0.8535686144605279,0.695974770321423
n100_i1115032_H_a2202_W,n100_i1115032_H_a2202,100,1115032,H,2202,W,0.5,0.7132044276222587,0.8193572500691952
n100_i1115032_H_a2202_W,n100_i1115032_H_a2202,100,1115032,H,2202,W,0.75,0.38421958684921265,0.864549644967762
n100_i1115032_H_a2202_W,n100_i1115032_H_a2202,100,1115032,H,2202,W,0.9,0.1018828209489584,0.9141170847878416
n100_i1115032_H_a2202_W,n100_i1115032_H_a2202,100,1115032,H,2202,W,1.0,2.1122707091271877,0.9255732956824965
n100_i1115032_H_a2202_GW,n100_i1115032_H_a2202,100,1115032,H,2202,GW,0.1,0.248332510702312,0.47036995906722245
n100_i1115032_H_a2202_GW,n100_i1115032_H_a2202,100,1115032,H,2202,GW,0.25,0.0850052060559392,0.7111159750771052
n100_i1115032_H_a2202_GW,n100_i1115032_H_a2202,100,1115032,H,2202,GW,0.5,0.013004669919610023,0.8332329791217673
n100_i1115032_H_a2202_GW,n100_i1115032_H_a2202,100,1115032,H,2202,GW,0.75,0.021474448963999748,0.8827844218660558
n100_i1115032_H_a2202_GW,n100_i1115032_H_a2202,100,1115032,H,2202,GW,0.9,0.0036006150767207146,0.9112893580631634
n100_i1115032_H_a2202_GW,n100_i1115032_H_a2202,100,1115032,H,2202,GW,1.0,1.0593412406742573,0.9177190583223486
n100_i1115032_H_a2202_LEGACY,n100_i1115032_H_a2202,100,1115032,H,2202,LEGACY,0.1,0.24381463788449764,0.586979038342909
n100_i1115032_H_a2202_LEGACY,n100_i1115032_H_a2202,100,1115032,H,2202,LEGACY,0.25,0.928675509057939,0.7492421093466003
n100_i1115032_H_a2202_LEGACY,n100_i1115032_H_a2202,100,1115032,H,2202,LEGACY,0.5,0.20658755488693714,0.8552655434221219
n100_i1115032_H_a2202_LEGACY,n100_i1115032_H_a2202,100,1115032,H,2202,LEGACY,0.75,1.4506351547315717,0.9095242585411583
n100_i1115032_H_a2202_LEGACY,n100_i1115032_H_a2202,100,1115032,H,2202,LEGACY,0.9,0.8836972257122397,0.9162819479861534
n100_i1115032_H_a2202_LEGACY,n100_i1115032_H_a2202,100,1115032,H,2202,LEGACY,1.0,1.4136323649436235,0.9418725975396299
n100_i1115032_H_a2202_REFERENCE,n100_i1115032_H_a2202,100,1115032,H,2202,REFERENCE,0.1,0.100826277397573,0.5029541887302026
n100_i1115032_H_a2202_REFERENCE,n100_i1115032_H_a2202,100,1115032,H,2202,REFERENCE,0.25,0.05803518649190664,0.6759578792081206
n100_i1115032_H_a2202_REFERENCE,n100_i1115032_H_a2202,100,1115032,H,2202,REFERENCE,0.5,0.4560526944696903,0.8361812884894242
n100_i1115032_H_a2202_REFERENCE,n100_i1115032_H_a2202,100,1115032,H,2202,REFERENCE,0.75,0.06474890187382698,0.8791733813788558
n100_i1115032_H_a2202_REFERENCE,n100_i1115032_H_a2202,100,1115032,H,2202,REFERENCE,0.9,0.3243369534611702,0.8965921300366235
n100_i1115032_H_a2202_REFERENCE,n100_i1115032_H_a2202,100,1115032,H,2202,REFERENCE,1.0,1.5308183711022139,0.9133864447908068
n100_i1115032_H_a1101_LEGACY,n100_i1115032_H_a1101,100,1115032,H,1101,LEGACY,0.1,0.15320571139454842,0.5525332295530332
n100_i1115032_H_a1101_LEGACY,n100_i1115032_H_a1101,100,1115032,H,1101,LEGACY,0.25,0.0011740513145923615,0.6898004078746353
n100_i1115032_H_a1101_LEGACY,n100_i1115032_H_a1101,100,1115032,H,1101,LEGACY,0.5,0.574335491284728,0.8330173762635555
n100_i1115032_H_a1101_LEGACY,n100_i1115032_H_a1101,100,1115032,H,1101,LEGACY,0.75,0.5986209399998188,0.8825851608410207
n100_i1115032_H_a1101_LEGACY,n100_i1115032_H_a1101,100,1115032,H,1101,LEGACY,0.9,0.37944435980170965,0.920320667088553
n100_i1115032_H_a1101_LEGACY,n100_i1115032_H_a1101,100,1115032,H,1101,LEGACY,1.0,0.7067049657925963,0.9305693997991265
n100_i1115032_H_a1101_REFERENCE,n100_i1115032_H_a1101,100,1115032,H,1101,REFERENCE,0.1,0.07595157995820045,0.4874842107571183
n100_i1115032_H_a1101_REFERENCE,n100_i1115032_H_a1101,100,1115032,H,1101,REFERENCE,0.25,0.02104761451482773,0.6206328136731981
n100_i1115032_H_a1101_REFERENCE,n100_i1115032_H_a1101,100,1115032,H,1101,REFERENCE,0.5,0.9651441723108292,0.732416610703966
n100_i1115032_H_a1101_REFERENCE,n100_i1115032_H_a1101,100,1115032,H,1101,REFERENCE,0.75,0.20747977029532194,0.7914324697685459
n100_i1115032_H_a1101_REFERENCE,n100_i1115032_H_a1101,100,1115032,H,1101,REFERENCE,0.9,0.1978180594742298,0.8000311370047787
n100_i1115032_H_a1101_REFERENCE,n100_i1115032_H_a1101,100,1115032,H,1101,REFERENCE,1.0,0.9003514042124152,0.8037167475151887
n100_i1115032_H_a1101_W,n100_i1115032_H_a1101,100,1115032,H,1101,W,0.1,0.4128124685958028,0.49204324828177004
n100_i1115032_H_a1101_W,n100_i1115032_H_a1101,100,1115032,H,1101,W,0.25,0.0063933320343494415,0.6808930412112403
n100_i1115032_H_a1101_W,n100_i1115032_H_a1101,100,1115032,H,1101,W,0.5,0.11875270679593086,0.7773882120221615
n100_i1115032_H_a1101_W,n100_i1115032_H_a1101,100,1115032,H,1101,W,0.75,0.2711996752768755,0.8211318225082053
n100_i1115032_H_a1101_W,n100_i1115032_H_a1101,100,1115032,H,1101,W,0.9,0.3382655456662178,0.8446653644913732
n100_i1115032_H_a1101_W,n100_i1115032_H_a1101,100,1115032,H,1101,W,1.0,0.9355322774499655,0.8464348786150464
n100_i1115032_H_a1101_GW,n100_i1115032_H_a1101,100,1115032,H,1101,GW,0.1,0.07750459760427475,0.49204324828177004
n100_i1115032_H_a1101_GW,n100_i1115032_H_a1101,100,1115032,H,1101,GW,0.25,0.1580346254631877,0.7055779802192035
n100_i1115032_H_a1101_GW,n100_i1115032_H_a1101,100,1115032,H,1101,GW,0.5,0.37587264366447926,0.7986570698035523
n100_i1115032_H_a1101_GW,n100_i1115032_H_a1101,100,1115032,H,1101,GW,0.75,0.0033450229093432426,0.8231753410997512
n100_i1115032_H_a1101_GW,n100_i1115032_H_a1101,100,1115032,H,1101,GW,0.9,0.6256903996691108,0.8293468543016234
n100_i1115032_H_a1101_GW,n100_i1115032_H_a1101,100,1115032,H,1101,GW,1.0,1.0316377747803926,0.8344442125798357
n100_i1115032_T_a1101_REFERENCE,n100_i1115032_T_a1101,100,1115032,T,1101,REFERENCE,0.1,0.5703268237411976,0.6446580597965786
n100_i1115032_T_a1101_REFERENCE,n100_i1115032_T_a1101,100,1115032,T,1101,REFERENCE,0.25,0.2154010459780693,0.8475711506180572
n100_i1115032_T_a1101_REFERENCE,n100_i1115032_T_a1101,100,1115032,T,1101,REFERENCE,0.5,0.004008680582046509,0.9870871079555636
n100_i1115032_T_a1101_REFERENCE,n100_i1115032_T_a1101,100,1115032,T,1101,REFERENCE,0.75,0.10507787205278873,1.0189058992333047
n100_i1115032_T_a1101_REFERENCE,n100_i1115032_T_a1101,100,1115032,T,1101,REFERENCE,0.9,0.07491681724786758,1.024863828537627
n100_i1115032_T_a1101_REFERENCE,n100_i1115032_T_a1101,100,1115032,T,1101,REFERENCE,1.0,0.05120040476322174,1.0282264853945684
n100_i1115032_T_a1101_W,n100_i1115032_T_a1101,100,1115032,T,1101,W,0.1,0.002648593857884407,0.6426313361133165
n100_i1115032_T_a1101_W,n100_i1115032_T_a1101,100,1115032,T,1101,W,0.25,0.0009322045370936394,0.8377943479795712
n100_i1115032_T_a1101_W,n100_i1115032_T_a1101,100,1115032,T,1101,W,0.5,0.09562361147254705,0.96373976628913
n100_i1115032_T_a1101_W,n100_i1115032_T_a1101,100,1115032,T,1101,W,0.75,0.2343405894935131,1.0153659105096624
n100_i1115032_T_a1101_W,n100_i1115032_T_a1101,100,1115032,T,1101,W,0.9,0.012550175189971924,1.0261545502815994
n100_i1115032_T_a1101_W,n100_i1115032_T_a1101,100,1115032,T,1101,W,1.0,1.2911052946001291,1.0287980312893985
n100_i1115032_T_a1101_GW,n100_i1115032_T_a1101,100,1115032,T,1101,GW,0.1,0.4764228919520974,0.7510070654405717
n100_i1115032_T_a1101_GW,n100_i1115032_T_a1101,100,1115032,T,1101,GW,0.25,0.01072480995208025,0.8478365615551752
n100_i1115032_T_a1101_GW,n100_i1115032_T_a1101,100,1115032,T,1101,GW,0.5,0.10532136913388968,0.9069565732297273
n100_i1115032_T_a1101_GW,n100_i1115032_T_a1101,100,1115032,T,1101,GW,0.75,1.1157733416184783,0.9264364907182824
n100_i1115032_T_a1101_GW,n100_i1115032_T_a1101,100,1115032,T,1101,GW,0.9,0.0015321848914027214,0.9541915717162682
n100_i1115032_T_a1101_GW,n100_i1115032_T_a1101,100,1115032,T,1101,GW,1.0,1.8597178626805544,0.9592685230587171
n100_i1115032_T_a1101_LEGACY,n100_i1115032_T_a1101,100,1115032,T,1101,LEGACY,0.1,0.352593133226037,0.7046444160437217
n100_i1115032_T_a1101_LEGACY,n100_i1115032_T_a1101,100,1115032,T,1101,LEGACY,0.25,0.40805610828101635,0.8900461024193178
n100_i1115032_T_a1101_LEGACY,n100_i1115032_T_a1101,100,1115032,T,1101,LEGACY,0.5,0.1691759880632162,0.9709309712943552
n100_i1115032_T_a1101_LEGACY,n100_i1115032_T_a1101,100,1115032,T,1101,LEGACY,0.75,0.8239390645176172,1.000566931058904
n100_i1115032_T_a1101_LEGACY,n100_i1115032_T_a1101,100,1115032,T,1101,LEGACY,0.9,0.0625048354268074,1.0105996062575504
n100_i1115032_T_a1101_LEGACY,n100_i1115032_T_a1101,100,1115032,T,1101,LEGACY,1.0,0.2666877405717969,1.02984435483856
n100_i1115032_T_a2202_GW,n100_i1115032_T_a2202,100,1115032,T,2202,GW,0.1,0.05547855980694294,0.6154492748977878
n100_i1115032_T_a2202_GW,n100_i1115032_T_a2202,100,1115032,T,2202,GW,0.25,0.7812937898561358,0.7016873727687409
n100_i1115032_T_a2202_GW,n100_i1115032_T_a2202,100,1115032,T,2202,GW,0.5,0.141405220143497,0.7191407378072505
n100_i1115032_T_a2202_GW,n100_i1115032_T_a2202,100,1115032,T,2202,GW,0.75,0.009897652082145214,0.7223491423796686
n100_i1115032_T_a2202_GW,n100_i1115032_T_a2202,100,1115032,T,2202,GW,0.9,0.4106879970058799,0.7262989336724284
n100_i1115032_T_a2202_GW,n100_i1115032_T_a2202,100,1115032,T,2202,GW,1.0,0.13299985229969025,0.7304030299016357
n100_i1115032_T_a2202_LEGACY,n100_i1115032_T_a2202,100,1115032,T,2202,LEGACY,0.1,0.17130553722381592,0.6110138792040254
n100_i1115032_T_a2202_LEGACY,n100_i1115032_T_a2202,100,1115032,T,2202,LEGACY,0.25,0.5979745453223586,0.6852824553496177
n100_i1115032_T_a2202_LEGACY,n100_i1115032_T_a2202,100,1115032,T,2202,LEGACY,0.5,0.6068779397755861,0.7614364407081101
n100_i1115032_T_a2202_LEGACY,n100_i1115032_T_a2202,100,1115032,T,2202,LEGACY,0.75,0.255011273548007,0.7795239413197539
n100_i1115032_T_a2202_LEGACY,n100_i1115032_T_a2202,100,1115032,T,2202,LEGACY,0.9,0.04597105644643307,0.8132625204956894
n100_i1115032_T_a2202_LEGACY,n100_i1115032_T_a2202,100,1115032,T,2202,LEGACY,1.0,1.0993488701060414,0.8163606440086428
n100_i1115032_T_a2202_REFERENCE,n100_i1115032_T_a2202,100,1115032,T,2202,REFERENCE,0.1,0.05182698089629412,0.6639378545519397
n100_i1115032_T_a2202_REFERENCE,n100_i1115032_T_a2202,100,1115032,T,2202,REFERENCE,0.25,0.015625120140612125,0.7411215449095984
n100_i1115032_T_a2202_REFERENCE,n100_i1115032_T_a2202,100,1115032,T,2202,REFERENCE,0.5,0.0031980574131011963,0.7777037632635622
n100_i1115032_T_a2202_REFERENCE,n100_i1115032_T_a2202,100,1115032,T,2202,REFERENCE,0.75,0.23427086602896452,0.7898575444754321
n100_i1115032_T_a2202_REFERENCE,n100_i1115032_T_a2202,100,1115032,T,2202,REFERENCE,0.9,0.28583930619060993,0.8186300674271819
n100_i1115032_T_a2202_REFERENCE,n100_i1115032_T_a2202,100,1115032,T,2202,REFERENCE,1.0,0.9668088816106319,0.8230435669709034
n100_i1115032_T_a2202_W,n100_i1115032_T_a2202,100,1115032,T,2202,W,0.1,0.5267864186316729,0.616267667118806
n100_i1115032_T_a2202_W,n100_i1115032_T_a2202,100,1115032,T,2202,W,0.25,0.09312474820762873,0.7016873727687409
n100_i1115032_T_a2202_W,n100_i1115032_T_a2202,100,1115032,T,2202,W,0.5,0.3787880651652813,0.7234283946716772
n100_i1115032_T_a2202_W,n100_i1115032_T_a2202,100,1115032,T,2202,W,0.75,0.004702035337686539,0.7312820268691678
n100_i1115032_T_a2202_W,n100_i1115032_T_a2202,100,1115032,T,2202,W,0.9,0.32226827181875706,0.7333284400831841
n100_i1115032_T_a2202_W,n100_i1115032_T_a2202,100,1115032,T,2202,W,1.0,0.7066998109221458,0.7343604347543262
