contrast,metric,jobs,base_seed,value
W-REFERENCE,hv_diff,50,1105001,-0.0007931915541275203
W-REFERENCE,hv_diff,50,1105002,0.09625032445347184
W-REFERENCE,hv_diff,50,1105003,0.06776301362918516
W-REFERENCE,hv_diff,50,1105004,0.02487102602135796
W-REFERENCE,hv_diff,50,1105005,0.02212697781508377
W-REFERENCE,hv_diff,50,1105006,-0.12042842298809175
W-REFERENCE,hv_diff,50,1105007,-0.08377892361704989
W-REFERENCE,hv_diff,50,1105008,0.010987713528919002
W-REFERENCE,hv_diff,50,1105009,0.008261373202111844
W-REFERENCE,hv_diff,50,1105010,-0.16913690142154697
W-REFERENCE,hv_diff,50,1105011,0.08411933822392845
W-REFERENCE,hv_diff,50,1105012,-0.044262107701689396
W-REFERENCE,hv_diff,50,1105013,0.017716061734369848
W-REFERENCE,hv_diff,50,1105014,-0.008222824892803127
W-REFERENCE,hv_diff,50,1105015,0.07602418718644946
W-REFERENCE,hv_diff,50,1105016,0.015349117164725479
W-REFERENCE,hv_diff,50,1105017,0.09523253077801255
W-REFERENCE,hv_diff,50,1105018,0.04397294369057711
W-REFERENCE,hv_diff,50,1105019,0.13262478884996842
W-REFERENCE,hv_diff,50,1105020,-0.013347203630491078
W-REFERENCE,hv_diff,50,1105021,0.09647662393971085
W-REFERENCE,hv_diff,50,1105022,0.05865743420632105
W-REFERENCE,hv_diff,50,1105023,-0.10489314776241573
W-REFERENCE,hv_diff,50,1105024,0.03818494436353903
W-REFERENCE,hv_diff,50,1105025,-0.09936820305046354
W-REFERENCE,hv_diff,50,1105026,0.06941826602110046
W-REFERENCE,hv_diff,50,1105027,0.02243999412314815
W-REFERENCE,hv_diff,50,1105028,0.002995959033460699
W-REFERENCE,hv_diff,50,1105029,0.05311383684655396
W-REFERENCE,hv_diff,50,1105030,0.08301255129621268
W-REFERENCE,hv_diff,50,1105031,0.023067777015767704
W-REFERENCE,hv_diff,50,1105032,0.0714150646275401
W-REFERENCE,hv_diff,100,1115001,0.05552770339255306
W-REFERENCE,hv_diff,100,1115002,-0.07482716521847152
W-REFERENCE,hv_diff,100,1115003,0.08888960040605046
W-REFERENCE,hv_diff,100,1115004,-0.028157440283382518
W-REFERENCE,hv_diff,100,1115005,-0.016402724550910325
W-REFERENCE,hv_diff,100,1115006,-0.009949456890424757
W-REFERENCE,hv_diff,100,1115007,-0.007698472740681556
W-REFERENCE,hv_diff,100,1115008,0.028735154151145498
W-REFERENCE,hv_diff,100,1115009,-0.010524759319573584
W-REFERENCE,hv_diff,100,1115010,-0.056510349393153636
W-REFERENCE,hv_diff,100,1115011,-0.004165365312992275
W-REFERENCE,hv_diff,100,1115012,-0.0006607927422020987
W-REFERENCE,hv_diff,100,1115013,0.013829885681769238
W-REFERENCE,hv_diff,100,1115014,0.01988688768994304
W-REFERENCE,hv_diff,100,1115015,0.05845507700267291
W-REFERENCE,hv_diff,100,1115016,0.0037596849232367224
W-REFERENCE,hv_diff,100,1115017,-0.022979606118957357
W-REFERENCE,hv_diff,100,1115018,-0.0023187579398517844
W-REFERENCE,hv_diff,100,1115019,0.019220556953134404
W-REFERENCE,hv_diff,100,1115020,0.02506091353938597
W-REFERENCE,hv_diff,100,1115021,-0.03932979938416084
W-REFERENCE,hv_diff,100,1115022,-0.017320056432914205
W-REFERENCE,hv_diff,100,1115023,-0.027248653498867126
W-REFERENCE,hv_diff,100,1115024,0.08432959890724229
W-REFERENCE,hv_diff,100,1115025,0.012561315637073689
W-REFERENCE,hv_diff,100,1115026,0.018733106507740793
W-REFERENCE,hv_diff,100,1115027,0.0035370842698133342
W-REFERENCE,hv_diff,100,1115028,0.04198291971274137
W-REFERENCE,hv_diff,100,1115029,-0.030915874072472954
W-REFERENCE,hv_diff,100,1115030,-0.049026755179628456
W-REFERENCE,hv_diff,100,1115031,-0.01572305978900801
W-REFERENCE,hv_diff,100,1115032,-0.008301651082549932
W-REFERENCE,igd_plus_gain,50,1105001,0.0033496432453523316
W-REFERENCE,igd_plus_gain,50,1105002,0.04586240485384714
W-REFERENCE,igd_plus_gain,50,1105003,0.029739193410094157
W-REFERENCE,igd_plus_gain,50,1105004,-0.009712209196550983
W-REFERENCE,igd_plus_gain,50,1105005,0.011873027074349216
W-REFERENCE,igd_plus_gain,50,1105006,-0.06806210685922062
W-REFERENCE,igd_plus_gain,50,1105007,-0.043829503470724125
W-REFERENCE,igd_plus_gain,50,1105008,0.005377707936710753
W-REFERENCE,igd_plus_gain,50,1105009,-0.005575113093358484
W-REFERENCE,igd_plus_gain,50,1105010,-0.1286421117344227
W-REFERENCE,igd_plus_gain,50,1105011,0.04572416836235828
W-REFERENCE,igd_plus_gain,50,1105012,-0.03131497695141064
W-REFERENCE,igd_plus_gain,50,1105013,0.008535307448087656
W-REFERENCE,igd_plus_gain,50,1105014,0.012110090456555108
W-REFERENCE,igd_plus_gain,50,1105015,0.017024553148969578
W-REFERENCE,igd_plus_gain,50,1105016,0.006190645913985583
W-REFERENCE,igd_plus_gain,50,1105017,0.057746319827199334
W-REFERENCE,igd_plus_gain,50,1105018,0.018754487748997548
W-REFERENCE,igd_plus_gain,50,1105019,0.08477939396319963
W-REFERENCE,igd_plus_gain,50,1105020,-0.005687607823153508
W-REFERENCE,igd_plus_gain,50,1105021,0.05283529064683767
W-REFERENCE,igd_plus_gain,50,1105022,0.008613764568015457
W-REFERENCE,igd_plus_gain,50,1105023,-0.05790482417768392
W-REFERENCE,igd_plus_gain,50,1105024,0.018471433961704316
W-REFERENCE,igd_plus_gain,50,1105025,-0.06599894367672585
W-REFERENCE,igd_plus_gain,50,1105026,0.03921404371820456
W-REFERENCE,igd_plus_gain,50,1105027,0.002904060136553352
W-REFERENCE,igd_plus_gain,50,1105028,0.007977919013168251
W-REFERENCE,igd_plus_gain,50,1105029,0.03136751615593759
W-REFERENCE,igd_plus_gain,50,1105030,0.03364434768267664
W-REFERENCE,igd_plus_gain,50,1105031,0.005291030590970136
W-REFERENCE,igd_plus_gain,50,1105032,0.038166279989796145
W-REFERENCE,igd_plus_gain,100,1115001,0.00913922885201709
W-REFERENCE,igd_plus_gain,100,1115002,-0.03650696376155305
W-REFERENCE,igd_plus_gain,100,1115003,0.07264948832594154
W-REFERENCE,igd_plus_gain,100,1115004,-0.01603472025663716
W-REFERENCE,igd_plus_gain,100,1115005,-0.01966977309166464
W-REFERENCE,igd_plus_gain,100,1115006,-0.03768155346804656
W-REFERENCE,igd_plus_gain,100,1115007,0.011982347733973237
W-REFERENCE,igd_plus_gain,100,1115008,0.02482162436063339
W-REFERENCE,igd_plus_gain,100,1115009,0.011808685295185056
W-REFERENCE,igd_plus_gain,100,1115010,-0.026121621466156354
W-REFERENCE,igd_plus_gain,100,1115011,0.016145428676132938
W-REFERENCE,igd_plus_gain,100,1115012,0.019271371885637843
W-REFERENCE,igd_plus_gain,100,1115013,0.004178316967279737
W-REFERENCE,igd_plus_gain,100,1115014,0.005528374861557312
W-REFERENCE,igd_plus_gain,100,1115015,0.00524072158069885
W-REFERENCE,igd_plus_gain,100,1115016,0.00482507859873851
W-REFERENCE,igd_plus_gain,100,1115017,-0.025543784407088637
W-REFERENCE,igd_plus_gain,100,1115018,0.019552318279492775
W-REFERENCE,igd_plus_gain,100,1115019,0.00731920762958548
W-REFERENCE,igd_plus_gain,100,1115020,0.012216207789933103
W-REFERENCE,igd_plus_gain,100,1115021,-0.026301069643836113
W-REFERENCE,igd_plus_gain,100,1115022,-0.0036639979452932
W-REFERENCE,igd_plus_gain,100,1115023,-0.0012925460871701829
W-REFERENCE,igd_plus_gain,100,1115024,0.03757897585853173
W-REFERENCE,igd_plus_gain,100,1115025,-0.004519122303506146
W-REFERENCE,igd_plus_gain,100,1115026,-0.011235947407959933
W-REFERENCE,igd_plus_gain,100,1115027,0.011507239559863986
W-REFERENCE,igd_plus_gain,100,1115028,0.021483045006171566
W-REFERENCE,igd_plus_gain,100,1115029,-0.013693559001919183
W-REFERENCE,igd_plus_gain,100,1115030,-0.04187564348171935
W-REFERENCE,igd_plus_gain,100,1115031,-0.012649450125045994
W-REFERENCE,igd_plus_gain,100,1115032,0.00630968366331789
W-REFERENCE,hv_pct,50,1105001,2.326050313365236
W-REFERENCE,hv_pct,50,1105002,10.699683542697025
W-REFERENCE,hv_pct,50,1105003,8.683390324677923
W-REFERENCE,hv_pct,50,1105004,2.7090903970630773
W-REFERENCE,hv_pct,50,1105005,2.9818909703819565
W-REFERENCE,hv_pct,50,1105006,-13.173022376384738
W-REFERENCE,hv_pct,50,1105007,-7.780067219359312
W-REFERENCE,hv_pct,50,1105008,1.6113467030797963
W-REFERENCE,hv_pct,50,1105009,1.5112389562343287
W-REFERENCE,hv_pct,50,1105010,-14.578364892263036
W-REFERENCE,hv_pct,50,1105011,11.690953267093066
W-REFERENCE,hv_pct,50,1105012,-4.3944373471818015
W-REFERENCE,hv_pct,50,1105013,3.068487276161505
W-REFERENCE,hv_pct,50,1105014,-0.7744883545157538
W-REFERENCE,hv_pct,50,1105015,9.05488815783259
W-REFERENCE,hv_pct,50,1105016,1.587232063121255
W-REFERENCE,hv_pct,50,1105017,11.900951702200791
W-REFERENCE,hv_pct,50,1105018,9.32699873710743
W-REFERENCE,hv_pct,50,1105019,51.65496350442293
W-REFERENCE,hv_pct,50,1105020,-1.398734005802821
W-REFERENCE,hv_pct,50,1105021,12.304431923409105
W-REFERENCE,hv_pct,50,1105022,7.587665693144077
W-REFERENCE,hv_pct,50,1105023,-9.834531137171062
W-REFERENCE,hv_pct,50,1105024,4.063056096820821
W-REFERENCE,hv_pct,50,1105025,-11.023500323023777
W-REFERENCE,hv_pct,50,1105026,7.780903475520939
W-REFERENCE,hv_pct,50,1105027,5.576386887025755
W-REFERENCE,hv_pct,50,1105028,1.564584069720118
W-REFERENCE,hv_pct,50,1105029,5.738587996055839
W-REFERENCE,hv_pct,50,1105030,8.962961993185475
W-REFERENCE,hv_pct,50,1105031,3.9200298685335175
W-REFERENCE,hv_pct,50,1105032,9.10737527247121
W-REFERENCE,hv_pct,100,1115001,7.703937420515234
W-REFERENCE,hv_pct,100,1115002,-7.721990592301587
W-REFERENCE,hv_pct,100,1115003,12.823574548832749
W-REFERENCE,hv_pct,100,1115004,-3.5429468038466725
W-REFERENCE,hv_pct,100,1115005,-1.9571337575560457
W-REFERENCE,hv_pct,100,1115006,-0.42353865981410954
W-REFERENCE,hv_pct,100,1115007,-0.7500696561635354
W-REFERENCE,hv_pct,100,1115008,3.1914500222086475
W-REFERENCE,hv_pct,100,1115009,-0.805550425010507
W-REFERENCE,hv_pct,100,1115010,-6.13754590065464
W-REFERENCE,hv_pct,100,1115011,0.14465229731118212
W-REFERENCE,hv_pct,100,1115012,0.271463372426231
W-REFERENCE,hv_pct,100,1115013,1.712342169099421
W-REFERENCE,hv_pct,100,1115014,2.2887954666177963
W-REFERENCE,hv_pct,100,1115015,8.372267531183137
W-REFERENCE,hv_pct,100,1115016,0.4334777883055281
W-REFERENCE,hv_pct,100,1115017,-2.072620599325692
W-REFERENCE,hv_pct,100,1115018,0.32633976692541555
W-REFERENCE,hv_pct,100,1115019,2.114075522522568
W-REFERENCE,hv_pct,100,1115020,3.9297511165023256
W-REFERENCE,hv_pct,100,1115021,-3.755375204362371
W-REFERENCE,hv_pct,100,1115022,-1.9251353320171778
W-REFERENCE,hv_pct,100,1115023,-2.132961890082705
W-REFERENCE,hv_pct,100,1115024,9.312077099485915
W-REFERENCE,hv_pct,100,1115025,1.7446323183404278
W-REFERENCE,hv_pct,100,1115026,2.112594287941307
W-REFERENCE,hv_pct,100,1115027,0.9786275721576172
W-REFERENCE,hv_pct,100,1115028,4.861805600659769
W-REFERENCE,hv_pct,100,1115029,-3.4179384390074645
W-REFERENCE,hv_pct,100,1115030,-5.407712898210951
W-REFERENCE,hv_pct,100,1115031,-2.0668643499850505
W-REFERENCE,hv_pct,100,1115032,-1.0175287911152382
W-REFERENCE,igd_gain,50,1105001,0.01361026525011981
W-REFERENCE,igd_gain,50,1105002,0.05073246179487963
W-REFERENCE,igd_gain,50,1105003,0.02393388418875363
W-REFERENCE,igd_gain,50,1105004,0.004783840680349774
W-REFERENCE,igd_gain,50,1105005,0.015919755738066463
W-REFERENCE,igd_gain,50,1105006,-0.07613482708682567
W-REFERENCE,igd_gain,50,1105007,-0.04446439612955365
W-REFERENCE,igd_gain,50,1105008,0.01943535926928475
W-REFERENCE,igd_gain,50,1105009,0.03567467063822055
W-REFERENCE,igd_gain,50,1105010,-0.11768947758958927
W-REFERENCE,igd_gain,50,1105011,0.050439381057341
W-REFERENCE,igd_gain,50,1105012,-0.033435013719038134
W-REFERENCE,igd_gain,50,1105013,0.0032417297782650137
W-REFERENCE,igd_gain,50,1105014,0.00891000822007963
W-REFERENCE,igd_gain,50,1105015,0.026385968140707303
W-REFERENCE,igd_gain,50,1105016,0.008183813206484161
W-REFERENCE,igd_gain,50,1105017,0.04641553893192872
W-REFERENCE,igd_gain,50,1105018,0.017967348252493485
W-REFERENCE,igd_gain,50,1105019,0.10294157078900355
W-REFERENCE,igd_gain,50,1105020,-0.024402485757828822
W-REFERENCE,igd_gain,50,1105021,0.04760782532305018
W-REFERENCE,igd_gain,50,1105022,0.029308259525161154
W-REFERENCE,igd_gain,50,1105023,-0.05842925806276951
W-REFERENCE,igd_gain,50,1105024,0.016567009744003637
W-REFERENCE,igd_gain,50,1105025,-0.045604616415863726
W-REFERENCE,igd_gain,50,1105026,0.04148063411655126
W-REFERENCE,igd_gain,50,1105027,0.003239457894187489
W-REFERENCE,igd_gain,50,1105028,0.011623531345832674
W-REFERENCE,igd_gain,50,1105029,0.02617004679880691
W-REFERENCE,igd_gain,50,1105030,0.04143228257228876
W-REFERENCE,igd_gain,50,1105031,0.02343326302082698
W-REFERENCE,igd_gain,50,1105032,0.04451515124611907
W-REFERENCE,igd_gain,100,1115001,0.008426075286251857
W-REFERENCE,igd_gain,100,1115002,-0.030175232937714257
W-REFERENCE,igd_gain,100,1115003,0.05372798208013469
W-REFERENCE,igd_gain,100,1115004,-0.0028374976844468876
W-REFERENCE,igd_gain,100,1115005,-0.018822181913481662
W-REFERENCE,igd_gain,100,1115006,-0.03829411305839994
W-REFERENCE,igd_gain,100,1115007,0.014896449474660348
W-REFERENCE,igd_gain,100,1115008,0.012616839878531684
W-REFERENCE,igd_gain,100,1115009,0.012252379758136206
W-REFERENCE,igd_gain,100,1115010,-0.009396314592391736
W-REFERENCE,igd_gain,100,1115011,0.012196350572539837
W-REFERENCE,igd_gain,100,1115012,0.015156636723079008
W-REFERENCE,igd_gain,100,1115013,0.003588020001043999
W-REFERENCE,igd_gain,100,1115014,-0.004212468708659725
W-REFERENCE,igd_gain,100,1115015,0.01044453267606435
W-REFERENCE,igd_gain,100,1115016,0.004636232092065349
W-REFERENCE,igd_gain,100,1115017,-0.01491660061313417
W-REFERENCE,igd_gain,100,1115018,0.0072075763351281165
W-REFERENCE,igd_gain,100,1115019,0.006561473257696992
W-REFERENCE,igd_gain,100,1115020,0.014021970438639512
W-REFERENCE,igd_gain,100,1115021,-0.01893116113758722
W-REFERENCE,igd_gain,100,1115022,-0.009183965447665563
W-REFERENCE,igd_gain,100,1115023,0.0028139917697859278
W-REFERENCE,igd_gain,100,1115024,0.026881780585542497
W-REFERENCE,igd_gain,100,1115025,-0.005097794590601895
W-REFERENCE,igd_gain,100,1115026,-0.00672297346880657
W-REFERENCE,igd_gain,100,1115027,0.01395116051289117
W-REFERENCE,igd_gain,100,1115028,0.01490955552852258
W-REFERENCE,igd_gain,100,1115029,-0.008239565040070947
W-REFERENCE,igd_gain,100,1115030,-0.03655456297428455
W-REFERENCE,igd_gain,100,1115031,-0.0220894860988453
W-REFERENCE,igd_gain,100,1115032,0.013534702929063953
W-REFERENCE,coverage_net,50,1105001,0.2578028289783414
W-REFERENCE,coverage_net,50,1105002,0.3486387915949659
W-REFERENCE,coverage_net,50,1105003,0.1395154134574358
W-REFERENCE,coverage_net,50,1105004,0.24085605950108727
W-REFERENCE,coverage_net,50,1105005,-0.2840279741148275
W-REFERENCE,coverage_net,50,1105006,-0.022632036980095735
W-REFERENCE,coverage_net,50,1105007,-0.25206244683243884
W-REFERENCE,coverage_net,50,1105008,-0.5274050927567193
W-REFERENCE,coverage_net,50,1105009,-0.21827541146608243
W-REFERENCE,coverage_net,50,1105010,-0.8843758706597592
W-REFERENCE,coverage_net,50,1105011,0.45174938791595654
W-REFERENCE,coverage_net,50,1105012,-0.25447329895125653
W-REFERENCE,coverage_net,50,1105013,-0.5657437182485624
W-REFERENCE,coverage_net,50,1105014,0.35009189381267963
W-REFERENCE,coverage_net,50,1105015,-0.11182814561744894
W-REFERENCE,coverage_net,50,1105016,0.22476291481256414
W-REFERENCE,coverage_net,50,1105017,-0.05401457862916066
W-REFERENCE,coverage_net,50,1105018,0.23199355354748166
W-REFERENCE,coverage_net,50,1105019,-0.2130306847070711
W-REFERENCE,coverage_net,50,1105020,0.05222679058028812
W-REFERENCE,coverage_net,50,1105021,0.4577673605846965
W-REFERENCE,coverage_net,50,1105022,-0.19081310067085466
W-REFERENCE,coverage_net,50,1105023,-0.3148510678650292
W-REFERENCE,coverage_net,50,1105024,-0.05248464715107154
W-REFERENCE,coverage_net,50,1105025,-0.899330169806476
W-REFERENCE,coverage_net,50,1105026,0.27612933865863337
W-REFERENCE,coverage_net,50,1105027,0.3070707349720232
W-REFERENCE,coverage_net,50,1105028,-0.3633622655474303
W-REFERENCE,coverage_net,50,1105029,0.4538439075736648
W-REFERENCE,coverage_net,50,1105030,-0.04786711084419483
W-REFERENCE,coverage_net,50,1105031,-0.32344804880526024
W-REFERENCE,coverage_net,50,1105032,0.1871194246236448
W-REFERENCE,coverage_net,100,1115001,-0.0769324312014907
W-REFERENCE,coverage_net,100,1115002,-0.3843538541954339
W-REFERENCE,coverage_net,100,1115003,0.6727867815915238
W-REFERENCE,coverage_net,100,1115004,0.08258317160902652
W-REFERENCE,coverage_net,100,1115005,-0.7501740773632861
W-REFERENCE,coverage_net,100,1115006,-0.7131514873057407
W-REFERENCE,coverage_net,100,1115007,0.35187942168410813
W-REFERENCE,coverage_net,100,1115008,0.3332161025653402
W-REFERENCE,coverage_net,100,1115009,-0.15087170374285705
W-REFERENCE,coverage_net,100,1115010,-0.1581700515317725
W-REFERENCE,coverage_net,100,1115011,0.13457613917671774
W-REFERENCE,coverage_net,100,1115012,0.5631722369020647
W-REFERENCE,coverage_net,100,1115013,-0.12103629187017742
W-REFERENCE,coverage_net,100,1115014,0.17989192217387867
W-REFERENCE,coverage_net,100,1115015,-0.06666470849477654
W-REFERENCE,coverage_net,100,1115016,0.11758787013123143
W-REFERENCE,coverage_net,100,1115017,-0.35394152946262825
W-REFERENCE,coverage_net,100,1115018,0.14187786218476026
W-REFERENCE,coverage_net,100,1115019,0.101167862573064
W-REFERENCE,coverage_net,100,1115020,0.13707099864037217
W-REFERENCE,coverage_net,100,1115021,-0.3846902627685528
W-REFERENCE,coverage_net,100,1115022,-0.00856714203453035
W-REFERENCE,coverage_net,100,1115023,-0.1436190887441014
W-REFERENCE,coverage_net,100,1115024,0.5149861720681275
W-REFERENCE,coverage_net,100,1115025,-0.1102414005287491
W-REFERENCE,coverage_net,100,1115026,-0.07323676304446074
W-REFERENCE,coverage_net,100,1115027,0.6058886419468318
W-REFERENCE,coverage_net,100,1115028,0.37980275561610854
W-REFERENCE,coverage_net,100,1115029,0.06322851263579594
W-REFERENCE,coverage_net,100,1115030,-0.7147826583176278
W-REFERENCE,coverage_net,100,1115031,-0.11835895659731793
W-REFERENCE,coverage_net,100,1115032,0.061865706604043086
W-REFERENCE,flow_gain_pct,50,1105001,0.0
W-REFERENCE,flow_gain_pct,50,1105002,0.04424778761061843
W-REFERENCE,flow_gain_pct,50,1105003,-0.0856896147992059
W-REFERENCE,flow_gain_pct,50,1105004,0.0
W-REFERENCE,flow_gain_pct,50,1105005,0.04664179104477695
W-REFERENCE,flow_gain_pct,50,1105006,0.0
W-REFERENCE,flow_gain_pct,50,1105007,0.0
W-REFERENCE,flow_gain_pct,50,1105008,-0.1388888888888884
W-REFERENCE,flow_gain_pct,50,1105009,-0.21453803881684164
W-REFERENCE,flow_gain_pct,50,1105010,0.0
W-REFERENCE,flow_gain_pct,50,1105011,-0.021739130434783593
W-REFERENCE,flow_gain_pct,50,1105012,0.0
W-REFERENCE,flow_gain_pct,50,1105013,0.0
W-REFERENCE,flow_gain_pct,50,1105014,0.11801373828722594
W-REFERENCE,flow_gain_pct,50,1105015,-9.466605735974909e-05
W-REFERENCE,flow_gain_pct,50,1105016,0.13069479846944954
W-REFERENCE,flow_gain_pct,50,1105017,0.0
W-REFERENCE,flow_gain_pct,50,1105018,-0.044325138107798034
W-REFERENCE,flow_gain_pct,50,1105019,0.0
W-REFERENCE,flow_gain_pct,50,1105020,-0.02136752136752129
W-REFERENCE,flow_gain_pct,50,1105021,-0.02138573707052005
W-REFERENCE,flow_gain_pct,50,1105022,0.08795026846504239
W-REFERENCE,flow_gain_pct,50,1105023,0.14532511240545054
W-REFERENCE,flow_gain_pct,50,1105024,0.09188342852420595
W-REFERENCE,flow_gain_pct,50,1105025,0.0
W-REFERENCE,flow_gain_pct,50,1105026,-0.11457405591201175
W-REFERENCE,flow_gain_pct,50,1105027,0.10235840197472534
W-REFERENCE,flow_gain_pct,50,1105028,-0.09174311926605228
W-REFERENCE,flow_gain_pct,50,1105029,0.06434001500092434
W-REFERENCE,flow_gain_pct,50,1105030,-0.06548316430515233
W-REFERENCE,flow_gain_pct,50,1105031,-0.04576659997519994
W-REFERENCE,flow_gain_pct,50,1105032,0.020955574182732195
W-REFERENCE,flow_gain_pct,100,1115001,0.020145018094716582
W-REFERENCE,flow_gain_pct,100,1115002,-0.009501824314528395
W-REFERENCE,flow_gain_pct,100,1115003,-0.3475552730310555
W-REFERENCE,flow_gain_pct,100,1115004,0.049734017167823996
W-REFERENCE,flow_gain_pct,100,1115005,0.7158006362672331
W-REFERENCE,flow_gain_pct,100,1115006,-0.9719284246203802
W-REFERENCE,flow_gain_pct,100,1115007,-0.08051529790660261
W-REFERENCE,flow_gain_pct,100,1115008,0.1294366696209137
W-REFERENCE,flow_gain_pct,100,1115009,-0.4632873241705693
W-REFERENCE,flow_gain_pct,100,1115010,0.03909071094173877
W-REFERENCE,flow_gain_pct,100,1115011,0.5459428105874825
W-REFERENCE,flow_gain_pct,100,1115012,-0.23900573613766518
W-REFERENCE,flow_gain_pct,100,1115013,0.29348624009397917
W-REFERENCE,flow_gain_pct,100,1115014,0.23064206657364694
W-REFERENCE,flow_gain_pct,100,1115015,-0.08152743874818846
W-REFERENCE,flow_gain_pct,100,1115016,0.05292876289478554
W-REFERENCE,flow_gain_pct,100,1115017,0.07955449482895671
W-REFERENCE,flow_gain_pct,100,1115018,0.10101741537733855
W-REFERENCE,flow_gain_pct,100,1115019,-0.3890521719644491
W-REFERENCE,flow_gain_pct,100,1115020,0.8225058120429812
W-REFERENCE,flow_gain_pct,100,1115021,0.06928357660470619
W-REFERENCE,flow_gain_pct,100,1115022,-0.27398867799709736
W-REFERENCE,flow_gain_pct,100,1115023,0.25722546838160554
W-REFERENCE,flow_gain_pct,100,1115024,0.3958755900055816
W-REFERENCE,flow_gain_pct,100,1115025,0.23878956599231171
W-REFERENCE,flow_gain_pct,100,1115026,0.5211849019123027
W-REFERENCE,flow_gain_pct,100,1115027,1.0698311087383172
W-REFERENCE,flow_gain_pct,100,1115028,0.09194645405665725
W-REFERENCE,flow_gain_pct,100,1115029,0.36109772274567353
W-REFERENCE,flow_gain_pct,100,1115030,-0.310351332772707
W-REFERENCE,flow_gain_pct,100,1115031,0.1394082843253458
W-REFERENCE,flow_gain_pct,100,1115032,-0.35250242973735857
W-REFERENCE,bill_gain_pct,50,1105001,-0.7908829744769307
W-REFERENCE,bill_gain_pct,50,1105002,4.366371778768962
W-REFERENCE,bill_gain_pct,50,1105003,3.266485454964205
W-REFERENCE,bill_gain_pct,50,1105004,2.207796179100416
W-REFERENCE,bill_gain_pct,50,1105005,1.7852420518566392
W-REFERENCE,bill_gain_pct,50,1105006,-2.890737988274167
W-REFERENCE,bill_gain_pct,50,1105007,-2.2005633851360953
W-REFERENCE,bill_gain_pct,50,1105008,2.3739912137388908
W-REFERENCE,bill_gain_pct,50,1105009,2.7293012911010717
W-REFERENCE,bill_gain_pct,50,1105010,-3.216380688359613
W-REFERENCE,bill_gain_pct,50,1105011,2.847717198976221
W-REFERENCE,bill_gain_pct,50,1105012,-1.5153708404432087
W-REFERENCE,bill_gain_pct,50,1105013,0.8126523644181649
W-REFERENCE,bill_gain_pct,50,1105014,-2.7858243758283328
W-REFERENCE,bill_gain_pct,50,1105015,4.027952737809615
W-REFERENCE,bill_gain_pct,50,1105016,0.46181445568355406
W-REFERENCE,bill_gain_pct,50,1105017,1.0822673486118706
W-REFERENCE,bill_gain_pct,50,1105018,2.1205785295241446
W-REFERENCE,bill_gain_pct,50,1105019,3.1385829713078626
W-REFERENCE,bill_gain_pct,50,1105020,-0.9891785720332336
W-REFERENCE,bill_gain_pct,50,1105021,3.4485046260580656
W-REFERENCE,bill_gain_pct,50,1105022,3.2987956142366186
W-REFERENCE,bill_gain_pct,50,1105023,-3.3052963218578286
W-REFERENCE,bill_gain_pct,50,1105024,1.9736991261615766
W-REFERENCE,bill_gain_pct,50,1105025,-0.6044639684833042
W-REFERENCE,bill_gain_pct,50,1105026,2.6391764164867104
W-REFERENCE,bill_gain_pct,50,1105027,1.3372290222089132
W-REFERENCE,bill_gain_pct,50,1105028,1.212694779569018
W-REFERENCE,bill_gain_pct,50,1105029,1.2873963894861644
W-REFERENCE,bill_gain_pct,50,1105030,5.179776790394433
W-REFERENCE,bill_gain_pct,50,1105031,0.8823175490205004
W-REFERENCE,bill_gain_pct,50,1105032,1.5065017291642557
W-REFERENCE,bill_gain_pct,100,1115001,3.0323587665935987
W-REFERENCE,bill_gain_pct,100,1115002,1.2131250904986874
W-REFERENCE,bill_gain_pct,100,1115003,1.1502614899124435
W-REFERENCE,bill_gain_pct,100,1115004,-0.7286779485010941
W-REFERENCE,bill_gain_pct,100,1115005,0.8794500160826864
W-REFERENCE,bill_gain_pct,100,1115006,1.5885051676519155
W-REFERENCE,bill_gain_pct,100,1115007,-0.677135110589272
W-REFERENCE,bill_gain_pct,100,1115008,-0.26837327549495416
W-REFERENCE,bill_gain_pct,100,1115009,-2.2250095369843432
W-REFERENCE,bill_gain_pct,100,1115010,-1.477374858090863
W-REFERENCE,bill_gain_pct,100,1115011,-2.5384869239793133
W-REFERENCE,bill_gain_pct,100,1115012,-2.3826564883797614
W-REFERENCE,bill_gain_pct,100,1115013,-0.15657098620079357
W-REFERENCE,bill_gain_pct,100,1115014,0.5691440394439501
W-REFERENCE,bill_gain_pct,100,1115015,3.786358577535601
W-REFERENCE,bill_gain_pct,100,1115016,-0.219432424566407
W-REFERENCE,bill_gain_pct,100,1115017,0.8935119266602454
W-REFERENCE,bill_gain_pct,100,1115018,-3.274855812179528
W-REFERENCE,bill_gain_pct,100,1115019,1.0277922841520875
W-REFERENCE,bill_gain_pct,100,1115020,0.32649390816258683
W-REFERENCE,bill_gain_pct,100,1115021,0.30503710816356944
W-REFERENCE,bill_gain_pct,100,1115022,-0.9105418276350224
W-REFERENCE,bill_gain_pct,100,1115023,-1.7200482040330645
W-REFERENCE,bill_gain_pct,100,1115024,1.8729136601219025
W-REFERENCE,bill_gain_pct,100,1115025,0.7413717542696707
W-REFERENCE,bill_gain_pct,100,1115026,1.4025015939054946
W-REFERENCE,bill_gain_pct,100,1115027,-0.2891399502685271
W-REFERENCE,bill_gain_pct,100,1115028,1.0995353897560345
W-REFERENCE,bill_gain_pct,100,1115029,-1.580900050636405
W-REFERENCE,bill_gain_pct,100,1115030,-0.1407501873971957
W-REFERENCE,bill_gain_pct,100,1115031,-1.0100692182282767
W-REFERENCE,bill_gain_pct,100,1115032,-0.045015621040633835
W-REFERENCE,exact_pct,50,1105001,1.184835545603108
W-REFERENCE,exact_pct,50,1105002,0.15321366027172978
W-REFERENCE,exact_pct,50,1105003,7.571456440390646
W-REFERENCE,exact_pct,50,1105004,0.9443422599418962
W-REFERENCE,exact_pct,50,1105005,7.711630704868716
W-REFERENCE,exact_pct,50,1105006,-1.6815993755895535
W-REFERENCE,exact_pct,50,1105007,9.686511396108466
W-REFERENCE,exact_pct,50,1105008,0.4787532658061675
W-REFERENCE,exact_pct,50,1105009,1.9312899073340413
W-REFERENCE,exact_pct,50,1105010,0.9367093109596327
W-REFERENCE,exact_pct,50,1105011,-6.749022698192719
W-REFERENCE,exact_pct,50,1105012,0.0895473249651696
W-REFERENCE,exact_pct,50,1105013,-3.3572481228412165
W-REFERENCE,exact_pct,50,1105014,-0.4930164851023262
W-REFERENCE,exact_pct,50,1105015,12.105281054222086
W-REFERENCE,exact_pct,50,1105016,5.593210471813925
W-REFERENCE,exact_pct,50,1105017,8.374038313788102
W-REFERENCE,exact_pct,50,1105018,15.283877532835671
W-REFERENCE,exact_pct,50,1105019,2.3923346932249565
W-REFERENCE,exact_pct,50,1105020,-4.93875274020536
W-REFERENCE,exact_pct,50,1105021,6.198809566883536
W-REFERENCE,exact_pct,50,1105022,4.409826440721024
W-REFERENCE,exact_pct,50,1105023,6.214263661909405
W-REFERENCE,exact_pct,50,1105024,11.385664904693899
W-REFERENCE,exact_pct,50,1105025,4.522982986005042
W-REFERENCE,exact_pct,50,1105026,-1.3269573463674242
W-REFERENCE,exact_pct,50,1105027,2.796420700943372
W-REFERENCE,exact_pct,50,1105028,17.385744512423912
W-REFERENCE,exact_pct,50,1105029,3.698449255809508
W-REFERENCE,exact_pct,50,1105030,-10.11588945625473
W-REFERENCE,exact_pct,50,1105031,0.14960743478010774
W-REFERENCE,exact_pct,50,1105032,4.941183562147955
W-REFERENCE,exact_pct,100,1115001,-0.37029988164046546
W-REFERENCE,exact_pct,100,1115002,-2.974718696589842
W-REFERENCE,exact_pct,100,1115003,15.454178367334583
W-REFERENCE,exact_pct,100,1115004,6.9416733259695995
W-REFERENCE,exact_pct,100,1115005,-7.9173208670714175
W-REFERENCE,exact_pct,100,1115006,2.3611221306554047
W-REFERENCE,exact_pct,100,1115007,-2.9817327006754075
W-REFERENCE,exact_pct,100,1115008,-1.8874694924165296
W-REFERENCE,exact_pct,100,1115009,-9.139755021063152
W-REFERENCE,exact_pct,100,1115010,-0.7079085088704922
W-REFERENCE,exact_pct,100,1115011,7.42052942007257
W-REFERENCE,exact_pct,100,1115012,2.700472516503549
W-REFERENCE,exact_pct,100,1115013,-4.4891681575866285
W-REFERENCE,exact_pct,100,1115014,-2.6311583247622754
W-REFERENCE,exact_pct,100,1115015,-5.352046778246345
W-REFERENCE,exact_pct,100,1115016,-10.84487715394514
W-REFERENCE,exact_pct,100,1115017,7.221628189819288
W-REFERENCE,exact_pct,100,1115018,-6.15449081909976
W-REFERENCE,exact_pct,100,1115019,-4.566564202635489
W-REFERENCE,exact_pct,100,1115020,9.259508266535143
W-REFERENCE,exact_pct,100,1115021,11.962852303184608
W-REFERENCE,exact_pct,100,1115022,11.101380857114519
W-REFERENCE,exact_pct,100,1115023,4.609479906724777
W-REFERENCE,exact_pct,100,1115024,-1.9093102873028733
W-REFERENCE,exact_pct,100,1115025,11.109305425849794
W-REFERENCE,exact_pct,100,1115026,4.153198932134517
W-REFERENCE,exact_pct,100,1115027,0.9248694711007284
W-REFERENCE,exact_pct,100,1115028,3.870385452874384
W-REFERENCE,exact_pct,100,1115029,-4.233683419350387
W-REFERENCE,exact_pct,100,1115030,-2.2982250392037162
W-REFERENCE,exact_pct,100,1115031,-3.492357250233405
W-REFERENCE,exact_pct,100,1115032,2.258427728991408
W-REFERENCE,offspring_pct,50,1105001,21.086991410216967
W-REFERENCE,offspring_pct,50,1105002,20.106951082679217
W-REFERENCE,offspring_pct,50,1105003,3.1277767618691694
W-REFERENCE,offspring_pct,50,1105004,8.26996310871761
W-REFERENCE,offspring_pct,50,1105005,23.15168076563716
W-REFERENCE,offspring_pct,50,1105006,23.316688598734782
W-REFERENCE,offspring_pct,50,1105007,2.4294940528721773
W-REFERENCE,offspring_pct,50,1105008,-2.350593754626331
W-REFERENCE,offspring_pct,50,1105009,-7.6438330444122675
W-REFERENCE,offspring_pct,50,1105010,-1.407081386531278
W-REFERENCE,offspring_pct,50,1105011,-12.779088025275476
W-REFERENCE,offspring_pct,50,1105012,-13.195581937422004
W-REFERENCE,offspring_pct,50,1105013,-16.66741458213876
W-REFERENCE,offspring_pct,50,1105014,1.7067748020102473
W-REFERENCE,offspring_pct,50,1105015,4.138462041046062
W-REFERENCE,offspring_pct,50,1105016,18.820952300623027
W-REFERENCE,offspring_pct,50,1105017,15.187073556317095
W-REFERENCE,offspring_pct,50,1105018,37.39703287766016
W-REFERENCE,offspring_pct,50,1105019,8.306632462528611
W-REFERENCE,offspring_pct,50,1105020,-4.624026877519084
W-REFERENCE,offspring_pct,50,1105021,8.24910849369137
W-REFERENCE,offspring_pct,50,1105022,0.6520359619157592
W-REFERENCE,offspring_pct,50,1105023,19.750563742225538
W-REFERENCE,offspring_pct,50,1105024,23.82690882375062
W-REFERENCE,offspring_pct,50,1105025,-0.44196836824429675
W-REFERENCE,offspring_pct,50,1105026,10.752344958467159
W-REFERENCE,offspring_pct,50,1105027,-7.465123145676117
W-REFERENCE,offspring_pct,50,1105028,28.59197087156064
W-REFERENCE,offspring_pct,50,1105029,2.6422400272898776
W-REFERENCE,offspring_pct,50,1105030,-13.003001952665311
W-REFERENCE,offspring_pct,50,1105031,-0.637355064372258
W-REFERENCE,offspring_pct,50,1105032,10.226241809270597
W-REFERENCE,offspring_pct,100,1115001,-10.875101042178764
W-REFERENCE,offspring_pct,100,1115002,-6.587541074374043
W-REFERENCE,offspring_pct,100,1115003,15.106211849418473
W-REFERENCE,offspring_pct,100,1115004,4.505774314978766
W-REFERENCE,offspring_pct,100,1115005,-6.782186155781774
W-REFERENCE,offspring_pct,100,1115006,5.637031367880663
W-REFERENCE,offspring_pct,100,1115007,33.666862818270566
W-REFERENCE,offspring_pct,100,1115008,15.754681590725056
W-REFERENCE,offspring_pct,100,1115009,5.618376488909238
W-REFERENCE,offspring_pct,100,1115010,4.987690882710291
W-REFERENCE,offspring_pct,100,1115011,11.475818998383794
W-REFERENCE,offspring_pct,100,1115012,19.412821969825995
W-REFERENCE,offspring_pct,100,1115013,6.035740562399733
W-REFERENCE,offspring_pct,100,1115014,5.333684082539886
W-REFERENCE,offspring_pct,100,1115015,-26.223154578542562
W-REFERENCE,offspring_pct,100,1115016,-21.056226232795314
W-REFERENCE,offspring_pct,100,1115017,13.480398167076814
W-REFERENCE,offspring_pct,100,1115018,19.135783054796157
W-REFERENCE,offspring_pct,100,1115019,2.3369979036193587
W-REFERENCE,offspring_pct,100,1115020,14.283054998291114
W-REFERENCE,offspring_pct,100,1115021,4.133339662769345
W-REFERENCE,offspring_pct,100,1115022,18.465071085493623
W-REFERENCE,offspring_pct,100,1115023,17.158170194609063
W-REFERENCE,offspring_pct,100,1115024,8.220533980884765
W-REFERENCE,offspring_pct,100,1115025,16.459246764067736
W-REFERENCE,offspring_pct,100,1115026,0.30274565264864206
W-REFERENCE,offspring_pct,100,1115027,3.3783585575012385
W-REFERENCE,offspring_pct,100,1115028,7.422312647881102
W-REFERENCE,offspring_pct,100,1115029,-11.277807390749734
W-REFERENCE,offspring_pct,100,1115030,2.95879705301918
W-REFERENCE,offspring_pct,100,1115031,-8.456122341812062
W-REFERENCE,offspring_pct,100,1115032,15.727010291536043
W-REFERENCE,a8_cost_per_call_pct,50,1105001,20.128855990279533
W-REFERENCE,a8_cost_per_call_pct,50,1105002,19.45813225109108
W-REFERENCE,a8_cost_per_call_pct,50,1105003,11.522544552812224
W-REFERENCE,a8_cost_per_call_pct,50,1105004,23.3349697806084
W-REFERENCE,a8_cost_per_call_pct,50,1105005,12.22119160713999
W-REFERENCE,a8_cost_per_call_pct,50,1105006,25.003430412926914
W-REFERENCE,a8_cost_per_call_pct,50,1105007,22.728839727594032
W-REFERENCE,a8_cost_per_call_pct,50,1105008,17.920169191912308
W-REFERENCE,a8_cost_per_call_pct,50,1105009,14.861552296421324
W-REFERENCE,a8_cost_per_call_pct,50,1105010,26.40503655975322
W-REFERENCE,a8_cost_per_call_pct,50,1105011,20.19910656049172
W-REFERENCE,a8_cost_per_call_pct,50,1105012,18.75135809240868
W-REFERENCE,a8_cost_per_call_pct,50,1105013,17.140382794789943
W-REFERENCE,a8_cost_per_call_pct,50,1105014,20.73428192838164
W-REFERENCE,a8_cost_per_call_pct,50,1105015,13.222665282085899
W-REFERENCE,a8_cost_per_call_pct,50,1105016,23.047806722953208
W-REFERENCE,a8_cost_per_call_pct,50,1105017,27.89650242806064
W-REFERENCE,a8_cost_per_call_pct,50,1105018,33.233777544084234
W-REFERENCE,a8_cost_per_call_pct,50,1105019,23.743027312975546
W-REFERENCE,a8_cost_per_call_pct,50,1105020,22.52192901295872
W-REFERENCE,a8_cost_per_call_pct,50,1105021,22.757974168550746
W-REFERENCE,a8_cost_per_call_pct,50,1105022,15.507759789837404
W-REFERENCE,a8_cost_per_call_pct,50,1105023,27.152453319340275
W-REFERENCE,a8_cost_per_call_pct,50,1105024,20.287019696619225
W-REFERENCE,a8_cost_per_call_pct,50,1105025,16.834749337565086
W-REFERENCE,a8_cost_per_call_pct,50,1105026,16.646659762163978
W-REFERENCE,a8_cost_per_call_pct,50,1105027,15.91934352094616
W-REFERENCE,a8_cost_per_call_pct,50,1105028,27.127438694549614
W-REFERENCE,a8_cost_per_call_pct,50,1105029,20.632328609396673
W-REFERENCE,a8_cost_per_call_pct,50,1105030,19.131596314034898
W-REFERENCE,a8_cost_per_call_pct,50,1105031,18.88384930350926
W-REFERENCE,a8_cost_per_call_pct,50,1105032,24.38599461460331
W-REFERENCE,a8_cost_per_call_pct,100,1115001,16.069068395222924
W-REFERENCE,a8_cost_per_call_pct,100,1115002,29.966936826150114
W-REFERENCE,a8_cost_per_call_pct,100,1115003,12.867313881325593
W-REFERENCE,a8_cost_per_call_pct,100,1115004,21.80976165776584
W-REFERENCE,a8_cost_per_call_pct,100,1115005,12.891802411785969
W-REFERENCE,a8_cost_per_call_pct,100,1115006,15.225346050159727
W-REFERENCE,a8_cost_per_call_pct,100,1115007,22.24346407372507
W-REFERENCE,a8_cost_per_call_pct,100,1115008,6.912647456581233
W-REFERENCE,a8_cost_per_call_pct,100,1115009,21.78592187043139
W-REFERENCE,a8_cost_per_call_pct,100,1115010,29.41027344405402
W-REFERENCE,a8_cost_per_call_pct,100,1115011,3.967659074802607
W-REFERENCE,a8_cost_per_call_pct,100,1115012,6.176997686260622
W-REFERENCE,a8_cost_per_call_pct,100,1115013,16.59892876014611
W-REFERENCE,a8_cost_per_call_pct,100,1115014,20.594361789087277
W-REFERENCE,a8_cost_per_call_pct,100,1115015,29.226246415446518
W-REFERENCE,a8_cost_per_call_pct,100,1115016,27.471287372340402
W-REFERENCE,a8_cost_per_call_pct,100,1115017,30.090024267347278
W-REFERENCE,a8_cost_per_call_pct,100,1115018,17.07332861406022
W-REFERENCE,a8_cost_per_call_pct,100,1115019,9.627765991495927
W-REFERENCE,a8_cost_per_call_pct,100,1115020,19.681830607086752
W-REFERENCE,a8_cost_per_call_pct,100,1115021,6.337173623347069
W-REFERENCE,a8_cost_per_call_pct,100,1115022,8.327353330061941
W-REFERENCE,a8_cost_per_call_pct,100,1115023,12.373608118153573
W-REFERENCE,a8_cost_per_call_pct,100,1115024,13.214008534148537
W-REFERENCE,a8_cost_per_call_pct,100,1115025,7.972884654828957
W-REFERENCE,a8_cost_per_call_pct,100,1115026,11.204857599821716
W-REFERENCE,a8_cost_per_call_pct,100,1115027,10.884293488106167
W-REFERENCE,a8_cost_per_call_pct,100,1115028,14.362620795276793
W-REFERENCE,a8_cost_per_call_pct,100,1115029,18.398652529845815
W-REFERENCE,a8_cost_per_call_pct,100,1115030,16.31946355042228
W-REFERENCE,a8_cost_per_call_pct,100,1115031,28.4979805623484
W-REFERENCE,a8_cost_per_call_pct,100,1115032,29.47610017476959
W-REFERENCE,a8_cost_share_pp,50,1105001,0.9242983305388491
W-REFERENCE,a8_cost_share_pp,50,1105002,0.9461986784711423
W-REFERENCE,a8_cost_share_pp,50,1105003,0.7332156222549799
W-REFERENCE,a8_cost_share_pp,50,1105004,1.1779694042178663
W-REFERENCE,a8_cost_share_pp,50,1105005,0.6541766896376359
W-REFERENCE,a8_cost_share_pp,50,1105006,0.3955920248290407
W-REFERENCE,a8_cost_share_pp,50,1105007,0.9245929057447786
W-REFERENCE,a8_cost_share_pp,50,1105008,0.7448967535104901
W-REFERENCE,a8_cost_share_pp,50,1105009,0.38301531767843955
W-REFERENCE,a8_cost_share_pp,50,1105010,0.823924384759263
W-REFERENCE,a8_cost_share_pp,50,1105011,0.4924234071250982
W-REFERENCE,a8_cost_share_pp,50,1105012,0.5724439673714496
W-REFERENCE,a8_cost_share_pp,50,1105013,0.8276733176740046
W-REFERENCE,a8_cost_share_pp,50,1105014,0.4165716519165135
W-REFERENCE,a8_cost_share_pp,50,1105015,0.7826414695121888
W-REFERENCE,a8_cost_share_pp,50,1105016,0.8676092570761741
W-REFERENCE,a8_cost_share_pp,50,1105017,0.9212439534317649
W-REFERENCE,a8_cost_share_pp,50,1105018,0.6583642410131761
W-REFERENCE,a8_cost_share_pp,50,1105019,0.7346612176896863
W-REFERENCE,a8_cost_share_pp,50,1105020,0.6724635155410401
W-REFERENCE,a8_cost_share_pp,50,1105021,0.7217627043657373
W-REFERENCE,a8_cost_share_pp,50,1105022,0.3361952198537145
W-REFERENCE,a8_cost_share_pp,50,1105023,0.6820012330573015
W-REFERENCE,a8_cost_share_pp,50,1105024,0.6413351314679165
W-REFERENCE,a8_cost_share_pp,50,1105025,1.1235871621106455
W-REFERENCE,a8_cost_share_pp,50,1105026,0.4613107538768829
W-REFERENCE,a8_cost_share_pp,50,1105027,0.5764471378910375
W-REFERENCE,a8_cost_share_pp,50,1105028,0.6447558205271835
W-REFERENCE,a8_cost_share_pp,50,1105029,0.6691265789046976
W-REFERENCE,a8_cost_share_pp,50,1105030,0.8554658729133046
W-REFERENCE,a8_cost_share_pp,50,1105031,0.6190290428291078
W-REFERENCE,a8_cost_share_pp,50,1105032,0.5863077162094321
W-REFERENCE,a8_cost_share_pp,100,1115001,0.1357936920222536
W-REFERENCE,a8_cost_share_pp,100,1115002,0.21440233779881318
W-REFERENCE,a8_cost_share_pp,100,1115003,0.37390594671273064
W-REFERENCE,a8_cost_share_pp,100,1115004,0.2368580508877894
W-REFERENCE,a8_cost_share_pp,100,1115005,0.10959976006777225
W-REFERENCE,a8_cost_share_pp,100,1115006,0.15899300350413992
W-REFERENCE,a8_cost_share_pp,100,1115007,0.21547425344379148
W-REFERENCE,a8_cost_share_pp,100,1115008,0.06399580591851277
W-REFERENCE,a8_cost_share_pp,100,1115009,0.16861760018267982
W-REFERENCE,a8_cost_share_pp,100,1115010,0.3215783626287111
W-REFERENCE,a8_cost_share_pp,100,1115011,0.35102579904344045
W-REFERENCE,a8_cost_share_pp,100,1115012,0.2254051265001161
W-REFERENCE,a8_cost_share_pp,100,1115013,0.2665215890028908
W-REFERENCE,a8_cost_share_pp,100,1115014,0.2081812307988247
W-REFERENCE,a8_cost_share_pp,100,1115015,0.2642251760467618
W-REFERENCE,a8_cost_share_pp,100,1115016,0.20984460730288645
W-REFERENCE,a8_cost_share_pp,100,1115017,0.39837213875015903
W-REFERENCE,a8_cost_share_pp,100,1115018,0.49599455632731526
W-REFERENCE,a8_cost_share_pp,100,1115019,0.16427028752430212
W-REFERENCE,a8_cost_share_pp,100,1115020,0.2648992372056428
W-REFERENCE,a8_cost_share_pp,100,1115021,0.15920342138564186
W-REFERENCE,a8_cost_share_pp,100,1115022,0.24441497116647565
W-REFERENCE,a8_cost_share_pp,100,1115023,0.23429723855844004
W-REFERENCE,a8_cost_share_pp,100,1115024,0.13349043190633397
W-REFERENCE,a8_cost_share_pp,100,1115025,0.18600450505360439
W-REFERENCE,a8_cost_share_pp,100,1115026,0.042189603845317884
W-REFERENCE,a8_cost_share_pp,100,1115027,0.3474553711883845
W-REFERENCE,a8_cost_share_pp,100,1115028,0.12887663176695757
W-REFERENCE,a8_cost_share_pp,100,1115029,0.24690866123988905
W-REFERENCE,a8_cost_share_pp,100,1115030,0.10652834405846828
W-REFERENCE,a8_cost_share_pp,100,1115031,0.2899702802593376
W-REFERENCE,a8_cost_share_pp,100,1115032,0.32484200497084564
W-REFERENCE,a8_proposals_per_call_diff,50,1105001,1.4395772475965902
W-REFERENCE,a8_proposals_per_call_diff,50,1105002,1.2990256163134069
W-REFERENCE,a8_proposals_per_call_diff,50,1105003,1.1190703698929854
W-REFERENCE,a8_proposals_per_call_diff,50,1105004,1.7129956843467877
W-REFERENCE,a8_proposals_per_call_diff,50,1105005,1.2713888116721026
W-REFERENCE,a8_proposals_per_call_diff,50,1105006,0.7380723499509007
W-REFERENCE,a8_proposals_per_call_diff,50,1105007,1.138697922471891
W-REFERENCE,a8_proposals_per_call_diff,50,1105008,1.1572124728983777
W-REFERENCE,a8_proposals_per_call_diff,50,1105009,0.8161682510778892
W-REFERENCE,a8_proposals_per_call_diff,50,1105010,1.130095955061399
W-REFERENCE,a8_proposals_per_call_diff,50,1105011,0.8578287919730122
W-REFERENCE,a8_proposals_per_call_diff,50,1105012,1.0261719382220724
W-REFERENCE,a8_proposals_per_call_diff,50,1105013,1.7171613998423232
W-REFERENCE,a8_proposals_per_call_diff,50,1105014,1.1859259299748932
W-REFERENCE,a8_proposals_per_call_diff,50,1105015,1.4368232474575047
W-REFERENCE,a8_proposals_per_call_diff,50,1105016,1.0013708648011996
W-REFERENCE,a8_proposals_per_call_diff,50,1105017,1.0850473037324022
W-REFERENCE,a8_proposals_per_call_diff,50,1105018,0.7075440101090988
W-REFERENCE,a8_proposals_per_call_diff,50,1105019,1.210017367132844
W-REFERENCE,a8_proposals_per_call_diff,50,1105020,1.0675401535319333
W-REFERENCE,a8_proposals_per_call_diff,50,1105021,1.4631677679348776
W-REFERENCE,a8_proposals_per_call_diff,50,1105022,0.7187321269481222
W-REFERENCE,a8_proposals_per_call_diff,50,1105023,0.8266280926708524
W-REFERENCE,a8_proposals_per_call_diff,50,1105024,1.0304743220871673
W-REFERENCE,a8_proposals_per_call_diff,50,1105025,1.4868925571746985
W-REFERENCE,a8_proposals_per_call_diff,50,1105026,1.0849988606310692
W-REFERENCE,a8_proposals_per_call_diff,50,1105027,1.4644424471012805
W-REFERENCE,a8_proposals_per_call_diff,50,1105028,1.0658042263490664
W-REFERENCE,a8_proposals_per_call_diff,50,1105029,1.030813686093845
W-REFERENCE,a8_proposals_per_call_diff,50,1105030,1.4358085159677176
W-REFERENCE,a8_proposals_per_call_diff,50,1105031,1.236439756206145
W-REFERENCE,a8_proposals_per_call_diff,50,1105032,0.9805668907883077
W-REFERENCE,a8_proposals_per_call_diff,100,1115001,0.35099318389421785
W-REFERENCE,a8_proposals_per_call_diff,100,1115002,0.474615794146293
W-REFERENCE,a8_proposals_per_call_diff,100,1115003,0.7573901254438872
W-REFERENCE,a8_proposals_per_call_diff,100,1115004,0.377057878191372
W-REFERENCE,a8_proposals_per_call_diff,100,1115005,0.7758403517454489
W-REFERENCE,a8_proposals_per_call_diff,100,1115006,0.8324177821109549
W-REFERENCE,a8_proposals_per_call_diff,100,1115007,0.6208690461528703
W-REFERENCE,a8_proposals_per_call_diff,100,1115008,0.21722844057845409
W-REFERENCE,a8_proposals_per_call_diff,100,1115009,0.38778707870049917
W-REFERENCE,a8_proposals_per_call_diff,100,1115010,0.6252882812356384
W-REFERENCE,a8_proposals_per_call_diff,100,1115011,0.7700231803873234
W-REFERENCE,a8_proposals_per_call_diff,100,1115012,0.2445579711951656
W-REFERENCE,a8_proposals_per_call_diff,100,1115013,0.6069272203058533
W-REFERENCE,a8_proposals_per_call_diff,100,1115014,0.5289420568237713
W-REFERENCE,a8_proposals_per_call_diff,100,1115015,0.8800531694966952
W-REFERENCE,a8_proposals_per_call_diff,100,1115016,0.7481345593210311
W-REFERENCE,a8_proposals_per_call_diff,100,1115017,0.9929477550723667
W-REFERENCE,a8_proposals_per_call_diff,100,1115018,0.8008558691231131
W-REFERENCE,a8_proposals_per_call_diff,100,1115019,0.3196616042095748
W-REFERENCE,a8_proposals_per_call_diff,100,1115020,0.3859385318350047
W-REFERENCE,a8_proposals_per_call_diff,100,1115021,0.6896218852421266
W-REFERENCE,a8_proposals_per_call_diff,100,1115022,0.6427198960728545
W-REFERENCE,a8_proposals_per_call_diff,100,1115023,0.8462043146092482
W-REFERENCE,a8_proposals_per_call_diff,100,1115024,0.4070535637677004
W-REFERENCE,a8_proposals_per_call_diff,100,1115025,0.5349762306791873
W-REFERENCE,a8_proposals_per_call_diff,100,1115026,0.5136384907179344
W-REFERENCE,a8_proposals_per_call_diff,100,1115027,0.8834090776642292
W-REFERENCE,a8_proposals_per_call_diff,100,1115028,0.5806764071505918
W-REFERENCE,a8_proposals_per_call_diff,100,1115029,0.4376875641672981
W-REFERENCE,a8_proposals_per_call_diff,100,1115030,0.31573410390647083
W-REFERENCE,a8_proposals_per_call_diff,100,1115031,0.6301500857330211
W-REFERENCE,a8_proposals_per_call_diff,100,1115032,0.6704073703878506
W-LEGACY,hv_diff,50,1105001,0.026201085370688437
W-LEGACY,hv_diff,50,1105002,0.07314838615425909
W-LEGACY,hv_diff,50,1105003,0.010112319200089565
W-LEGACY,hv_diff,50,1105004,0.06141074013787534
W-LEGACY,hv_diff,50,1105005,0.06688472204189397
W-LEGACY,hv_diff,50,1105006,-0.0968904510821594
W-LEGACY,hv_diff,50,1105007,-0.07944164481520505
W-LEGACY,hv_diff,50,1105008,0.0343684816414811
W-LEGACY,hv_diff,50,1105009,0.009523516926122993
W-LEGACY,hv_diff,50,1105010,-0.21081622340032852
W-LEGACY,hv_diff,50,1105011,-0.0005741537471589953
W-LEGACY,hv_diff,50,1105012,-0.004968153955139332
W-LEGACY,hv_diff,50,1105013,0.0625958995972421
W-LEGACY,hv_diff,50,1105014,-0.020344092757075605
W-LEGACY,hv_diff,50,1105015,0.03858632380385099
W-LEGACY,hv_diff,50,1105016,-0.018325064176951456
W-LEGACY,hv_diff,50,1105017,-0.02563326394513224
W-LEGACY,hv_diff,50,1105018,-0.05993749374409768
W-LEGACY,hv_diff,50,1105019,-0.07657561244799135
W-LEGACY,hv_diff,50,1105020,0.0674559010154212
W-LEGACY,hv_diff,50,1105021,0.05709237802872055
W-LEGACY,hv_diff,50,1105022,0.0851507516213528
W-LEGACY,hv_diff,50,1105023,0.000860877325434356
W-LEGACY,hv_diff,50,1105024,0.035640312625335735
W-LEGACY,hv_diff,50,1105025,-0.04394906951447747
W-LEGACY,hv_diff,50,1105026,0.046910430474001175
W-LEGACY,hv_diff,50,1105027,0.016711428419900365
W-LEGACY,hv_diff,50,1105028,0.02653053633405822
W-LEGACY,hv_diff,50,1105029,0.025797643441101498
W-LEGACY,hv_diff,50,1105030,0.03865271993816377
W-LEGACY,hv_diff,50,1105031,-0.08844378075291376
W-LEGACY,hv_diff,50,1105032,-0.029877077164078586
W-LEGACY,hv_diff,100,1115001,0.012296366125186725
W-LEGACY,hv_diff,100,1115002,-0.02201551435330723
W-LEGACY,hv_diff,100,1115003,0.04805456381217835
W-LEGACY,hv_diff,100,1115004,-0.0020801054992242163
W-LEGACY,hv_diff,100,1115005,0.07969172964337942
W-LEGACY,hv_diff,100,1115006,0.008823415796694434
W-LEGACY,hv_diff,100,1115007,-0.047360497455121636
W-LEGACY,hv_diff,100,1115008,0.01123402834445214
W-LEGACY,hv_diff,100,1115009,-0.00421340890923802
W-LEGACY,hv_diff,100,1115010,-0.055475878207534995
W-LEGACY,hv_diff,100,1115011,-0.07298147067064617
W-LEGACY,hv_diff,100,1115012,-0.04400681195664119
W-LEGACY,hv_diff,100,1115013,0.03598880955999306
W-LEGACY,hv_diff,100,1115014,-0.0244002259390943
W-LEGACY,hv_diff,100,1115015,0.012966958286514424
W-LEGACY,hv_diff,100,1115016,-0.009945222099137313
W-LEGACY,hv_diff,100,1115017,-0.051573934981894054
W-LEGACY,hv_diff,100,1115018,-0.02211712650649339
W-LEGACY,hv_diff,100,1115019,-0.0449339542199311
W-LEGACY,hv_diff,100,1115020,-0.023455137479862442
W-LEGACY,hv_diff,100,1115021,0.027305698829192177
W-LEGACY,hv_diff,100,1115022,0.03525980806995255
W-LEGACY,hv_diff,100,1115023,-0.0004718183511727425
W-LEGACY,hv_diff,100,1115024,0.09018101385223828
W-LEGACY,hv_diff,100,1115025,0.018743478797712432
W-LEGACY,hv_diff,100,1115026,0.009587742425875317
W-LEGACY,hv_diff,100,1115027,-0.0060991450977582184
W-LEGACY,hv_diff,100,1115028,0.07254535887120922
W-LEGACY,hv_diff,100,1115029,0.018631934093853136
W-LEGACY,hv_diff,100,1115030,-0.023797138478827473
W-LEGACY,hv_diff,100,1115031,-0.023057048146753384
W-LEGACY,hv_diff,100,1115032,-0.04587008896117292
W-LEGACY,igd_plus_gain,50,1105001,0.01975443958721091
W-LEGACY,igd_plus_gain,50,1105002,0.030511775287610024
W-LEGACY,igd_plus_gain,50,1105003,0.009689052909771782
W-LEGACY,igd_plus_gain,50,1105004,0.015210412708440374
W-LEGACY,igd_plus_gain,50,1105005,0.04148018571279682
W-LEGACY,igd_plus_gain,50,1105006,-0.07015790522566831
W-LEGACY,igd_plus_gain,50,1105007,-0.04548692740080097
W-LEGACY,igd_plus_gain,50,1105008,0.03426069597744006
W-LEGACY,igd_plus_gain,50,1105009,-0.010181287003057744
W-LEGACY,igd_plus_gain,50,1105010,-0.15754811927338405
W-LEGACY,igd_plus_gain,50,1105011,-0.008577617047183503
W-LEGACY,igd_plus_gain,50,1105012,-0.02171080796542405
W-LEGACY,igd_plus_gain,50,1105013,0.02525443483457991
W-LEGACY,igd_plus_gain,50,1105014,-0.011701529242175171
W-LEGACY,igd_plus_gain,50,1105015,0.01067276361701705
W-LEGACY,igd_plus_gain,50,1105016,-0.023922429859830494
W-LEGACY,igd_plus_gain,50,1105017,-0.01273606520894217
W-LEGACY,igd_plus_gain,50,1105018,-0.05350435091858182
W-LEGACY,igd_plus_gain,50,1105019,-0.06664539864558738
W-LEGACY,igd_plus_gain,50,1105020,0.025697725499222595
W-LEGACY,igd_plus_gain,50,1105021,0.02780335717391838
W-LEGACY,igd_plus_gain,50,1105022,0.039567373856961775
W-LEGACY,igd_plus_gain,50,1105023,0.003893614721315601
W-LEGACY,igd_plus_gain,50,1105024,0.026498237865247354
W-LEGACY,igd_plus_gain,50,1105025,-0.036879569591273684
W-LEGACY,igd_plus_gain,50,1105026,0.011858814241808594
W-LEGACY,igd_plus_gain,50,1105027,0.002645164896539976
W-LEGACY,igd_plus_gain,50,1105028,0.02132036767423315
W-LEGACY,igd_plus_gain,50,1105029,0.010418932948157935
W-LEGACY,igd_plus_gain,50,1105030,0.011266463660174832
W-LEGACY,igd_plus_gain,50,1105031,-0.07027415112751345
W-LEGACY,igd_plus_gain,50,1105032,0.0011837217701428891
W-LEGACY,igd_plus_gain,100,1115001,-0.009641515297145221
W-LEGACY,igd_plus_gain,100,1115002,-0.005515655297248408
W-LEGACY,igd_plus_gain,100,1115003,0.03706494636657877
W-LEGACY,igd_plus_gain,100,1115004,0.009466060512465605
W-LEGACY,igd_plus_gain,100,1115005,0.010455957261665868
W-LEGACY,igd_plus_gain,100,1115006,-0.01024181325572128
W-LEGACY,igd_plus_gain,100,1115007,0.002104071501725353
W-LEGACY,igd_plus_gain,100,1115008,0.005719033250677493
W-LEGACY,igd_plus_gain,100,1115009,0.010162481972925975
W-LEGACY,igd_plus_gain,100,1115010,-0.02691564240943469
W-LEGACY,igd_plus_gain,100,1115011,-0.026589648001061256
W-LEGACY,igd_plus_gain,100,1115012,-0.005991589478940804
W-LEGACY,igd_plus_gain,100,1115013,0.013567074499269848
W-LEGACY,igd_plus_gain,100,1115014,-0.024324832901064408
W-LEGACY,igd_plus_gain,100,1115015,-0.002324598557535612
W-LEGACY,igd_plus_gain,100,1115016,0.0031789229523998125
W-LEGACY,igd_plus_gain,100,1115017,-0.03974990573819158
W-LEGACY,igd_plus_gain,100,1115018,0.002979003012281888
W-LEGACY,igd_plus_gain,100,1115019,-0.02412181782613307
W-LEGACY,igd_plus_gain,100,1115020,0.0033081273044140297
W-LEGACY,igd_plus_gain,100,1115021,-0.0055010561222586275
W-LEGACY,igd_plus_gain,100,1115022,0.030970589356309596
W-LEGACY,igd_plus_gain,100,1115023,0.006361678882013323
W-LEGACY,igd_plus_gain,100,1115024,0.045126856663652445
W-LEGACY,igd_plus_gain,100,1115025,0.02178438004514953
W-LEGACY,igd_plus_gain,100,1115026,-0.010521742932225964
W-LEGACY,igd_plus_gain,100,1115027,0.020328041143848712
W-LEGACY,igd_plus_gain,100,1115028,0.03227102784223981
W-LEGACY,igd_plus_gain,100,1115029,0.02540313554355474
W-LEGACY,igd_plus_gain,100,1115030,-0.017034058868271085
W-LEGACY,igd_plus_gain,100,1115031,-0.02287660285105617
W-LEGACY,igd_plus_gain,100,1115032,-0.015485541956298456
W-LEGACY,hv_pct,50,1105001,3.8073057864688646
W-LEGACY,hv_pct,50,1105002,7.814696756651507
W-LEGACY,hv_pct,50,1105003,2.468895258673961
W-LEGACY,hv_pct,50,1105004,7.697355859824692
W-LEGACY,hv_pct,50,1105005,8.521460440726493
W-LEGACY,hv_pct,50,1105006,-9.143525924850916
W-LEGACY,hv_pct,50,1105007,-8.351625083567122
W-LEGACY,hv_pct,50,1105008,4.856979674368461
W-LEGACY,hv_pct,50,1105009,0.9506738245167845
W-LEGACY,hv_pct,50,1105010,-24.675202733543042
W-LEGACY,hv_pct,50,1105011,-0.10933042871250942
W-LEGACY,hv_pct,50,1105012,-0.5415378307651184
W-LEGACY,hv_pct,50,1105013,8.259848022620655
W-LEGACY,hv_pct,50,1105014,-1.9184343694591433
W-LEGACY,hv_pct,50,1105015,4.120499914767301
W-LEGACY,hv_pct,50,1105016,-1.6778952309459831
W-LEGACY,hv_pct,50,1105017,-2.499707926279976
W-LEGACY,hv_pct,50,1105018,-6.418442534810406
W-LEGACY,hv_pct,50,1105019,-8.654910318999745
W-LEGACY,hv_pct,50,1105020,9.73452573523983
W-LEGACY,hv_pct,50,1105021,6.6645400895333164
W-LEGACY,hv_pct,50,1105022,11.064424176768254
W-LEGACY,hv_pct,50,1105023,0.29732225593331885
W-LEGACY,hv_pct,50,1105024,4.173374581725708
W-LEGACY,hv_pct,50,1105025,-5.227115384553777
W-LEGACY,hv_pct,50,1105026,5.059575760452429
W-LEGACY,hv_pct,50,1105027,2.3363618874059497
W-LEGACY,hv_pct,50,1105028,5.588827514342842
W-LEGACY,hv_pct,50,1105029,2.9803340569956758
W-LEGACY,hv_pct,50,1105030,3.8497891596285028
W-LEGACY,hv_pct,50,1105031,-9.898320736364834
W-LEGACY,hv_pct,50,1105032,-2.3054650495136024
W-LEGACY,hv_pct,100,1115001,1.400536251261994
W-LEGACY,hv_pct,100,1115002,-1.4470982295660964
W-LEGACY,hv_pct,100,1115003,6.286499781754129
W-LEGACY,hv_pct,100,1115004,0.888002464054324
W-LEGACY,hv_pct,100,1115005,10.29984086152074
W-LEGACY,hv_pct,100,1115006,0.9169617642880767
W-LEGACY,hv_pct,100,1115007,-4.951641039936936
W-LEGACY,hv_pct,100,1115008,1.4533418584364246
W-LEGACY,hv_pct,100,1115009,-0.5801235882573225
W-LEGACY,hv_pct,100,1115010,-6.085116225224555
W-LEGACY,hv_pct,100,1115011,-6.814841354175314
W-LEGACY,hv_pct,100,1115012,-5.1112800896092665
W-LEGACY,hv_pct,100,1115013,4.24593132357246
W-LEGACY,hv_pct,100,1115014,-2.4018325391103215
W-LEGACY,hv_pct,100,1115015,2.578952346735489
W-LEGACY,hv_pct,100,1115016,-1.4086042706827646
W-LEGACY,hv_pct,100,1115017,-4.986859414434219
W-LEGACY,hv_pct,100,1115018,-1.6208697353907509
W-LEGACY,hv_pct,100,1115019,-4.481672548235264
W-LEGACY,hv_pct,100,1115020,-2.6961832649479294
W-LEGACY,hv_pct,100,1115021,4.902585903343687
W-LEGACY,hv_pct,100,1115022,4.388584736669307
W-LEGACY,hv_pct,100,1115023,0.6704981288625014
W-LEGACY,hv_pct,100,1115024,10.740703605657925
W-LEGACY,hv_pct,100,1115025,3.183521073348267
W-LEGACY,hv_pct,100,1115026,1.793912147072199
W-LEGACY,hv_pct,100,1115027,-0.1236440129624512
W-LEGACY,hv_pct,100,1115028,8.874599477411955
W-LEGACY,hv_pct,100,1115029,2.317526331196687
W-LEGACY,hv_pct,100,1115030,-2.9378413510489945
W-LEGACY,hv_pct,100,1115031,-2.3844677411097024
W-LEGACY,hv_pct,100,1115032,-5.229478520743805
W-LEGACY,igd_gain,50,1105001,0.016084354105093773
W-LEGACY,igd_gain,50,1105002,0.04872812684601259
W-LEGACY,igd_gain,50,1105003,0.007144313842459423
W-LEGACY,igd_gain,50,1105004,0.021367620292800295
W-LEGACY,igd_gain,50,1105005,0.05036896790114316
W-LEGACY,igd_gain,50,1105006,-0.0775715036919663
W-LEGACY,igd_gain,50,1105007,-0.041841735821384965
W-LEGACY,igd_gain,50,1105008,0.033220569939897596
W-LEGACY,igd_gain,50,1105009,0.016914609369340174
W-LEGACY,igd_gain,50,1105010,-0.13496130331730705
W-LEGACY,igd_gain,50,1105011,-0.004346499816870492
W-LEGACY,igd_gain,50,1105012,-0.022662642525946543
W-LEGACY,igd_gain,50,1105013,0.01321996554939546
W-LEGACY,igd_gain,50,1105014,0.0004676574703388562
W-LEGACY,igd_gain,50,1105015,0.010711393137033027
W-LEGACY,igd_gain,50,1105016,-0.018093952513549012
W-LEGACY,igd_gain,50,1105017,-0.022308103538713292
W-LEGACY,igd_gain,50,1105018,-0.04185251639296689
W-LEGACY,igd_gain,50,1105019,-0.054072410247285096
W-LEGACY,igd_gain,50,1105020,0.016139309674756293
W-LEGACY,igd_gain,50,1105021,0.018508019871721654
W-LEGACY,igd_gain,50,1105022,0.039465230349947054
W-LEGACY,igd_gain,50,1105023,0.004981292607014473
W-LEGACY,igd_gain,50,1105024,0.019811884723409636
W-LEGACY,igd_gain,50,1105025,-0.03767980151638871
W-LEGACY,igd_gain,50,1105026,0.02051543111904583
W-LEGACY,igd_gain,50,1105027,0.025361954069874917
W-LEGACY,igd_gain,50,1105028,0.027354355210648315
W-LEGACY,igd_gain,50,1105029,0.009775192905015152
W-LEGACY,igd_gain,50,1105030,0.024305426080540864
W-LEGACY,igd_gain,50,1105031,-0.034041219368766695
W-LEGACY,igd_gain,50,1105032,8.7614659640977e-05
W-LEGACY,igd_gain,100,1115001,-0.0067623597986481345
W-LEGACY,igd_gain,100,1115002,-0.0028453965878159244
W-LEGACY,igd_gain,100,1115003,-0.007898221078949238
W-LEGACY,igd_gain,100,1115004,0.00604830477542815
W-LEGACY,igd_gain,100,1115005,0.011693208732150726
W-LEGACY,igd_gain,100,1115006,-0.012296050989273423
W-LEGACY,igd_gain,100,1115007,0.0026874173504455763
W-LEGACY,igd_gain,100,1115008,0.000345763455988397
W-LEGACY,igd_gain,100,1115009,0.011564930470889828
W-LEGACY,igd_gain,100,1115010,-0.015583984501395892
W-LEGACY,igd_gain,100,1115011,-0.024343325053375255
W-LEGACY,igd_gain,100,1115012,-0.008184093268688797
W-LEGACY,igd_gain,100,1115013,0.0060784366747804516
W-LEGACY,igd_gain,100,1115014,-0.03884336872596851
W-LEGACY,igd_gain,100,1115015,-0.003298745371356552
W-LEGACY,igd_gain,100,1115016,0.008897807413607857
W-LEGACY,igd_gain,100,1115017,-0.03187276277695916
W-LEGACY,igd_gain,100,1115018,0.0037915621880786413
W-LEGACY,igd_gain,100,1115019,-0.027935177112704858
W-LEGACY,igd_gain,100,1115020,0.012220980295097213
W-LEGACY,igd_gain,100,1115021,-0.001972113239786088
W-LEGACY,igd_gain,100,1115022,0.014954364017656225
W-LEGACY,igd_gain,100,1115023,0.0029565313765582916
W-LEGACY,igd_gain,100,1115024,0.049327525068216395
W-LEGACY,igd_gain,100,1115025,0.009806981721052172
W-LEGACY,igd_gain,100,1115026,-0.009003935928243952
W-LEGACY,igd_gain,100,1115027,0.01998808945592311
W-LEGACY,igd_gain,100,1115028,0.02586440895351621
W-LEGACY,igd_gain,100,1115029,0.016194734223676673
W-LEGACY,igd_gain,100,1115030,-0.01676128968141919
W-LEGACY,igd_gain,100,1115031,-0.032126415342718345
W-LEGACY,igd_gain,100,1115032,-0.01959256131871856
W-LEGACY,coverage_net,50,1105001,-0.04981007971098919
W-LEGACY,coverage_net,50,1105002,0.20060142712974388
W-LEGACY,coverage_net,50,1105003,0.024683896718009052
W-LEGACY,coverage_net,50,1105004,-0.07582214866162804
W-LEGACY,coverage_net,50,1105005,0.25124241756477184
W-LEGACY,coverage_net,50,1105006,-0.20471586260772703
W-LEGACY,coverage_net,50,1105007,-0.29080535402378593
W-LEGACY,coverage_net,50,1105008,0.4101549574136082
W-LEGACY,coverage_net,50,1105009,0.17596333528260327
W-LEGACY,coverage_net,50,1105010,-0.9640313994556535
W-LEGACY,coverage_net,50,1105011,-0.2802652409822008
W-LEGACY,coverage_net,50,1105012,-0.35811839739901097
W-LEGACY,coverage_net,50,1105013,0.1036667077606557
W-LEGACY,coverage_net,50,1105014,-0.1148254186191848
W-LEGACY,coverage_net,50,1105015,0.181779868158137
W-LEGACY,coverage_net,50,1105016,-0.32198689287027177
W-LEGACY,coverage_net,50,1105017,-0.22180991927392266
W-LEGACY,coverage_net,50,1105018,-0.3338092047407754
W-LEGACY,coverage_net,50,1105019,-0.39104844055864896
W-LEGACY,coverage_net,50,1105020,-0.01562972632129335
W-LEGACY,coverage_net,50,1105021,0.18869737055015148
W-LEGACY,coverage_net,50,1105022,0.6085513502929942
W-LEGACY,coverage_net,50,1105023,-0.20111589273198452
W-LEGACY,coverage_net,50,1105024,0.031879217494579615
W-LEGACY,coverage_net,50,1105025,-0.7978315040645342
W-LEGACY,coverage_net,50,1105026,-0.15303425377968827
W-LEGACY,coverage_net,50,1105027,-0.26398212554205797
W-LEGACY,coverage_net,50,1105028,0.21203866250563197
W-LEGACY,coverage_net,50,1105029,0.0666542888661473
W-LEGACY,coverage_net,50,1105030,0.08899209918585181
W-LEGACY,coverage_net,50,1105031,-0.3324415247970324
W-LEGACY,coverage_net,50,1105032,0.027855433875968005
W-LEGACY,coverage_net,100,1115001,-0.08726654976071369
W-LEGACY,coverage_net,100,1115002,-0.07629297573441224
W-LEGACY,coverage_net,100,1115003,0.6571262700085471
W-LEGACY,coverage_net,100,1115004,0.04458213622797762
W-LEGACY,coverage_net,100,1115005,-0.2587160376696398
W-LEGACY,coverage_net,100,1115006,-0.20333719189662153
W-LEGACY,coverage_net,100,1115007,0.11779365347629714
W-LEGACY,coverage_net,100,1115008,0.02586891442268653
W-LEGACY,coverage_net,100,1115009,0.022666655174062245
W-LEGACY,coverage_net,100,1115010,0.09008104145941336
W-LEGACY,coverage_net,100,1115011,0.0596540769609177
W-LEGACY,coverage_net,100,1115012,-0.023252297248106846
W-LEGACY,coverage_net,100,1115013,0.21553097950268274
W-LEGACY,coverage_net,100,1115014,-0.21894297581514194
W-LEGACY,coverage_net,100,1115015,-0.2344845848608859
W-LEGACY,coverage_net,100,1115016,-0.1677525097333204
W-LEGACY,coverage_net,100,1115017,-0.29034050760202346
W-LEGACY,coverage_net,100,1115018,0.03774392848934688
W-LEGACY,coverage_net,100,1115019,-0.20974890775177338
W-LEGACY,coverage_net,100,1115020,0.11844998573434679
W-LEGACY,coverage_net,100,1115021,-0.3754540910134221
W-LEGACY,coverage_net,100,1115022,0.484080681949409
W-LEGACY,coverage_net,100,1115023,0.18076189181076463
W-LEGACY,coverage_net,100,1115024,0.45503509990936897
W-LEGACY,coverage_net,100,1115025,0.15424419765410113
W-LEGACY,coverage_net,100,1115026,-0.2151041590253873
W-LEGACY,coverage_net,100,1115027,0.28529910650513224
W-LEGACY,coverage_net,100,1115028,0.3383724938818872
W-LEGACY,coverage_net,100,1115029,0.3873890875996233
W-LEGACY,coverage_net,100,1115030,-0.28794798736993676
W-LEGACY,coverage_net,100,1115031,-0.05637671117200252
W-LEGACY,coverage_net,100,1115032,0.2543208915225286
W-LEGACY,flow_gain_pct,50,1105001,0.0
W-LEGACY,flow_gain_pct,50,1105002,0.0
W-LEGACY,flow_gain_pct,50,1105003,0.06412074906812781
W-LEGACY,flow_gain_pct,50,1105004,0.0
W-LEGACY,flow_gain_pct,50,1105005,0.023342670401493848
W-LEGACY,flow_gain_pct,50,1105006,0.0
W-LEGACY,flow_gain_pct,50,1105007,0.0
W-LEGACY,flow_gain_pct,50,1105008,-0.046467447114395544
W-LEGACY,flow_gain_pct,50,1105009,-0.15015881421929222
W-LEGACY,flow_gain_pct,50,1105010,0.0
W-LEGACY,flow_gain_pct,50,1105011,-0.04347826086956719
W-LEGACY,flow_gain_pct,50,1105012,0.0
W-LEGACY,flow_gain_pct,50,1105013,0.0
W-LEGACY,flow_gain_pct,50,1105014,0.0938028397070273
W-LEGACY,flow_gain_pct,50,1105015,-0.0003590549041615487
W-LEGACY,flow_gain_pct,50,1105016,0.01858669420798653
W-LEGACY,flow_gain_pct,50,1105017,0.0
W-LEGACY,flow_gain_pct,50,1105018,-0.11038507799402963
W-LEGACY,flow_gain_pct,50,1105019,0.02299908003679796
W-LEGACY,flow_gain_pct,50,1105020,-1.824724284171797e-05
W-LEGACY,flow_gain_pct,50,1105021,-0.10722248923732969
W-LEGACY,flow_gain_pct,50,1105022,0.0661181424764401
W-LEGACY,flow_gain_pct,50,1105023,0.02420117251238918
W-LEGACY,flow_gain_pct,50,1105024,-0.1162139109453647
W-LEGACY,flow_gain_pct,50,1105025,0.0
W-LEGACY,flow_gain_pct,50,1105026,-0.271944731373297
W-LEGACY,flow_gain_pct,50,1105027,0.04100041689640843
W-LEGACY,flow_gain_pct,50,1105028,-0.022956802529450204
W-LEGACY,flow_gain_pct,50,1105029,0.06269590421617566
W-LEGACY,flow_gain_pct,50,1105030,-0.1530101660991684
W-LEGACY,flow_gain_pct,50,1105031,0.022872827081427127
W-LEGACY,flow_gain_pct,50,1105032,0.08359445995409776
W-LEGACY,flow_gain_pct,100,1115001,-0.05121525499357238
W-LEGACY,flow_gain_pct,100,1115002,-0.12452625673838869
W-LEGACY,flow_gain_pct,100,1115003,0.5189522007532921
W-LEGACY,flow_gain_pct,100,1115004,-0.17316624767715338
W-LEGACY,flow_gain_pct,100,1115005,-0.42731791364730154
W-LEGACY,flow_gain_pct,100,1115006,-0.5024430635037436
W-LEGACY,flow_gain_pct,100,1115007,-0.03995205753096198
W-LEGACY,flow_gain_pct,100,1115008,0.16939924173038912
W-LEGACY,flow_gain_pct,100,1115009,-0.6342930197409447
W-LEGACY,flow_gain_pct,100,1115010,0.11801730920535103
W-LEGACY,flow_gain_pct,100,1115011,0.7359166395310951
W-LEGACY,flow_gain_pct,100,1115012,-0.5087999660339626
W-LEGACY,flow_gain_pct,100,1115013,0.0932801724801563
W-LEGACY,flow_gain_pct,100,1115014,0.47064895506148396
W-LEGACY,flow_gain_pct,100,1115015,0.3860272741911863
W-LEGACY,flow_gain_pct,100,1115016,-0.11132480932624922
W-LEGACY,flow_gain_pct,100,1115017,0.07955449482895671
W-LEGACY,flow_gain_pct,100,1115018,0.5109724772707963
W-LEGACY,flow_gain_pct,100,1115019,-0.2988149373411325
W-LEGACY,flow_gain_pct,100,1115020,0.01096586898066687
W-LEGACY,flow_gain_pct,100,1115021,-0.2769304778866277
W-LEGACY,flow_gain_pct,100,1115022,0.42071250912611435
W-LEGACY,flow_gain_pct,100,1115023,-0.5192066352927682
W-LEGACY,flow_gain_pct,100,1115024,0.09121959312914374
W-LEGACY,flow_gain_pct,100,1115025,0.17762868306295532
W-LEGACY,flow_gain_pct,100,1115026,0.4574353924190533
W-LEGACY,flow_gain_pct,100,1115027,0.7979707200290453
W-LEGACY,flow_gain_pct,100,1115028,0.26545785605973093
W-LEGACY,flow_gain_pct,100,1115029,0.2071983638187086
W-LEGACY,flow_gain_pct,100,1115030,-0.5393549855466195
W-LEGACY,flow_gain_pct,100,1115031,-0.30152911387150705
W-LEGACY,flow_gain_pct,100,1115032,-0.6481284417296951
W-LEGACY,bill_gain_pct,50,1105001,0.4117775184742406
W-LEGACY,bill_gain_pct,50,1105002,3.7776700653594677
W-LEGACY,bill_gain_pct,50,1105003,-0.050378072666080076
W-LEGACY,bill_gain_pct,50,1105004,2.854394310996139
W-LEGACY,bill_gain_pct,50,1105005,3.153088149249178
W-LEGACY,bill_gain_pct,50,1105006,-1.7613052881282287
W-LEGACY,bill_gain_pct,50,1105007,-1.426816125117475
W-LEGACY,bill_gain_pct,50,1105008,0.9460556359455419
W-LEGACY,bill_gain_pct,50,1105009,2.5087224369800323
W-LEGACY,bill_gain_pct,50,1105010,-2.963945613618196
W-LEGACY,bill_gain_pct,50,1105011,1.3200910052740822
W-LEGACY,bill_gain_pct,50,1105012,0.6211466987259939
W-LEGACY,bill_gain_pct,50,1105013,1.4978179851022897
W-LEGACY,bill_gain_pct,50,1105014,-0.6423602857869332
W-LEGACY,bill_gain_pct,50,1105015,2.3468352193838666
W-LEGACY,bill_gain_pct,50,1105016,1.3222183824888654
W-LEGACY,bill_gain_pct,50,1105017,-2.267558259666652
W-LEGACY,bill_gain_pct,50,1105018,0.18501078239223367
W-LEGACY,bill_gain_pct,50,1105019,-0.39832292490037113
W-LEGACY,bill_gain_pct,50,1105020,3.0268065425747395
W-LEGACY,bill_gain_pct,50,1105021,2.1849240334269076
W-LEGACY,bill_gain_pct,50,1105022,2.8450556850701916
W-LEGACY,bill_gain_pct,50,1105023,0.16323753355654558
W-LEGACY,bill_gain_pct,50,1105024,-0.5631919883256229
W-LEGACY,bill_gain_pct,50,1105025,0.6773618057735992
W-LEGACY,bill_gain_pct,50,1105026,3.2779125613271427
W-LEGACY,bill_gain_pct,50,1105027,1.9893232915465577
W-LEGACY,bill_gain_pct,50,1105028,1.9866391948832192
W-LEGACY,bill_gain_pct,50,1105029,0.5737674860602726
W-LEGACY,bill_gain_pct,50,1105030,3.370982268723699
W-LEGACY,bill_gain_pct,50,1105031,-2.2640884603782885
W-LEGACY,bill_gain_pct,50,1105032,-1.6786216581685107
W-LEGACY,bill_gain_pct,100,1115001,1.9235639975076353
W-LEGACY,bill_gain_pct,100,1115002,0.29598521981548664
W-LEGACY,bill_gain_pct,100,1115003,0.0402586022171636
W-LEGACY,bill_gain_pct,100,1115004,-0.7363332415919744
W-LEGACY,bill_gain_pct,100,1115005,4.586538500255882
W-LEGACY,bill_gain_pct,100,1115006,1.4946359743575222
W-LEGACY,bill_gain_pct,100,1115007,-2.3127110981494474
W-LEGACY,bill_gain_pct,100,1115008,0.709549181317673
W-LEGACY,bill_gain_pct,100,1115009,-1.3900909710408582
W-LEGACY,bill_gain_pct,100,1115010,-0.8492151621413369
W-LEGACY,bill_gain_pct,100,1115011,-3.3629630017495638
W-LEGACY,bill_gain_pct,100,1115012,-2.184699235074067
W-LEGACY,bill_gain_pct,100,1115013,0.984812986154765
W-LEGACY,bill_gain_pct,100,1115014,-0.7819090561802439
W-LEGACY,bill_gain_pct,100,1115015,0.40312896284761
W-LEGACY,bill_gain_pct,100,1115016,-0.26788203064398175
W-LEGACY,bill_gain_pct,100,1115017,0.3973658535093544
W-LEGACY,bill_gain_pct,100,1115018,-1.6488371084771472
W-LEGACY,bill_gain_pct,100,1115019,-0.8548674004044826
W-LEGACY,bill_gain_pct,100,1115020,-1.3642830239778996
W-LEGACY,bill_gain_pct,100,1115021,2.179078901410719
W-LEGACY,bill_gain_pct,100,1115022,-0.0932907496140164
W-LEGACY,bill_gain_pct,100,1115023,0.2258306704329721
W-LEGACY,bill_gain_pct,100,1115024,1.9920980311378318
W-LEGACY,bill_gain_pct,100,1115025,-1.778837734145744
W-LEGACY,bill_gain_pct,100,1115026,0.93294105047278
W-LEGACY,bill_gain_pct,100,1115027,-1.2701550123811995
W-LEGACY,bill_gain_pct,100,1115028,2.010451092399157
W-LEGACY,bill_gain_pct,100,1115029,-2.7501183367055093
W-LEGACY,bill_gain_pct,100,1115030,-0.24963197726602937
W-LEGACY,bill_gain_pct,100,1115031,-1.429579320052393
W-LEGACY,bill_gain_pct,100,1115032,-1.4794680518160908
W-LEGACY,exact_pct,50,1105001,15.576598812340197
W-LEGACY,exact_pct,50,1105002,10.532582642558543
W-LEGACY,exact_pct,50,1105003,-3.1466029809599725
W-LEGACY,exact_pct,50,1105004,8.135131227621667
W-LEGACY,exact_pct,50,1105005,6.147814403822178
W-LEGACY,exact_pct,50,1105006,-2.8030209849594643
W-LEGACY,exact_pct,50,1105007,25.47949840490928
W-LEGACY,exact_pct,50,1105008,7.932710214799648
W-LEGACY,exact_pct,50,1105009,-2.427397716938623
W-LEGACY,exact_pct,50,1105010,2.1700314570846255
W-LEGACY,exact_pct,50,1105011,-9.696843412659783
W-LEGACY,exact_pct,50,1105012,-0.8893620249271539
W-LEGACY,exact_pct,50,1105013,1.8967358622409556
W-LEGACY,exact_pct,50,1105014,-3.5581415138017265
W-LEGACY,exact_pct,50,1105015,-0.10861493857149673
W-LEGACY,exact_pct,50,1105016,0.43097725618744764
W-LEGACY,exact_pct,50,1105017,0.4628236014660725
W-LEGACY,exact_pct,50,1105018,7.418256603646925
W-LEGACY,exact_pct,50,1105019,-3.360732623636939
W-LEGACY,exact_pct,50,1105020,2.9451676833427474
W-LEGACY,exact_pct,50,1105021,3.0390837656594227
W-LEGACY,exact_pct,50,1105022,-0.8380119022353253
W-LEGACY,exact_pct,50,1105023,8.101416242057367
W-LEGACY,exact_pct,50,1105024,12.43146815322575
W-LEGACY,exact_pct,50,1105025,4.2567312819347585
W-LEGACY,exact_pct,50,1105026,-4.773641325670266
W-LEGACY,exact_pct,50,1105027,2.7486897085076896
W-LEGACY,exact_pct,50,1105028,17.513705027515122
W-LEGACY,exact_pct,50,1105029,11.06406028136351
W-LEGACY,exact_pct,50,1105030,2.8734941567062
W-LEGACY,exact_pct,50,1105031,-3.1788439029904993
W-LEGACY,exact_pct,50,1105032,-5.190504701241505
W-LEGACY,exact_pct,100,1115001,-1.4139437322722044
W-LEGACY,exact_pct,100,1115002,-9.891961027563848
W-LEGACY,exact_pct,100,1115003,12.790822948849497
W-LEGACY,exact_pct,100,1115004,2.278683626118003
W-LEGACY,exact_pct,100,1115005,2.41219481004038
W-LEGACY,exact_pct,100,1115006,1.2556731624861845
W-LEGACY,exact_pct,100,1115007,-0.25940729191263334
W-LEGACY,exact_pct,100,1115008,1.905659861746453
W-LEGACY,exact_pct,100,1115009,-10.830634017998255
W-LEGACY,exact_pct,100,1115010,-9.471850709537822
W-LEGACY,exact_pct,100,1115011,6.131945203329181
W-LEGACY,exact_pct,100,1115012,13.190493880236449
W-LEGACY,exact_pct,100,1115013,-0.5358771832820377
W-LEGACY,exact_pct,100,1115014,-2.9490933889695894
W-LEGACY,exact_pct,100,1115015,-6.856758565103529
W-LEGACY,exact_pct,100,1115016,-1.259137398910503
W-LEGACY,exact_pct,100,1115017,25.850192468512425
W-LEGACY,exact_pct,100,1115018,-3.3280923870712824
W-LEGACY,exact_pct,100,1115019,-5.547790491766424
W-LEGACY,exact_pct,100,1115020,5.939855613647403
W-LEGACY,exact_pct,100,1115021,2.295631633511646
W-LEGACY,exact_pct,100,1115022,9.067293073623668
W-LEGACY,exact_pct,100,1115023,5.910975997911407
W-LEGACY,exact_pct,100,1115024,-0.07756649226380041
W-LEGACY,exact_pct,100,1115025,26.7259965302093
W-LEGACY,exact_pct,100,1115026,13.624126407892426
W-LEGACY,exact_pct,100,1115027,9.114679115021724
W-LEGACY,exact_pct,100,1115028,14.203935421794574
W-LEGACY,exact_pct,100,1115029,-5.399690555247389
W-LEGACY,exact_pct,100,1115030,0.8759326720650997
W-LEGACY,exact_pct,100,1115031,-9.907191304176758
W-LEGACY,exact_pct,100,1115032,-8.444579294620604
W-LEGACY,offspring_pct,50,1105001,26.571685932665144
W-LEGACY,offspring_pct,50,1105002,21.33880002346342
W-LEGACY,offspring_pct,50,1105003,-10.513843426574816
W-LEGACY,offspring_pct,50,1105004,11.268801382505883
W-LEGACY,offspring_pct,50,1105005,14.667699894871047
W-LEGACY,offspring_pct,50,1105006,0.26629616381425336
W-LEGACY,offspring_pct,50,1105007,33.31118643568912
W-LEGACY,offspring_pct,50,1105008,17.684799513829418
W-LEGACY,offspring_pct,50,1105009,0.3683803481200232
W-LEGACY,offspring_pct,50,1105010,5.6228854048634265
W-LEGACY,offspring_pct,50,1105011,-14.859797418276143
W-LEGACY,offspring_pct,50,1105012,-8.359997149817602
W-LEGACY,offspring_pct,50,1105013,-12.226639304595423
W-LEGACY,offspring_pct,50,1105014,-7.27980029554109
W-LEGACY,offspring_pct,50,1105015,-7.6962470753291425
W-LEGACY,offspring_pct,50,1105016,18.69281676079288
W-LEGACY,offspring_pct,50,1105017,10.212608477615241
W-LEGACY,offspring_pct,50,1105018,12.185549511578007
W-LEGACY,offspring_pct,50,1105019,-10.883349122622928
W-LEGACY,offspring_pct,50,1105020,-6.1264790678595835
W-LEGACY,offspring_pct,50,1105021,13.6536351194517
W-LEGACY,offspring_pct,50,1105022,2.60613673353654
W-LEGACY,offspring_pct,50,1105023,13.855850057943279
W-LEGACY,offspring_pct,50,1105024,38.67306859774023
W-LEGACY,offspring_pct,50,1105025,-9.278792100805829
W-LEGACY,offspring_pct,50,1105026,1.7666781487712444
W-LEGACY,offspring_pct,50,1105027,-0.9394862370158181
W-LEGACY,offspring_pct,50,1105028,55.58296120072859
W-LEGACY,offspring_pct,50,1105029,15.57985050771496
W-LEGACY,offspring_pct,50,1105030,4.936484285045918
W-LEGACY,offspring_pct,50,1105031,-16.501685127633273
W-LEGACY,offspring_pct,50,1105032,-1.0330123455087659
W-LEGACY,offspring_pct,100,1115001,-12.279658282567311
W-LEGACY,offspring_pct,100,1115002,-11.604785284717874
W-LEGACY,offspring_pct,100,1115003,21.706607858115508
W-LEGACY,offspring_pct,100,1115004,19.34717801281853
W-LEGACY,offspring_pct,100,1115005,-10.395681700359402
W-LEGACY,offspring_pct,100,1115006,-7.75302413981635
W-LEGACY,offspring_pct,100,1115007,30.00548479764066
W-LEGACY,offspring_pct,100,1115008,3.36946719617315
W-LEGACY,offspring_pct,100,1115009,1.9856231842649645
W-LEGACY,offspring_pct,100,1115010,-4.021157091498003
W-LEGACY,offspring_pct,100,1115011,23.858084807037756
W-LEGACY,offspring_pct,100,1115012,6.626331689912268
W-LEGACY,offspring_pct,100,1115013,7.235002540167823
W-LEGACY,offspring_pct,100,1115014,-5.392919420628217
W-LEGACY,offspring_pct,100,1115015,0.9356888410796511
W-LEGACY,offspring_pct,100,1115016,-4.3683178606188005
W-LEGACY,offspring_pct,100,1115017,14.540287449131458
W-LEGACY,offspring_pct,100,1115018,9.80896284484095
W-LEGACY,offspring_pct,100,1115019,1.7286664129245954
W-LEGACY,offspring_pct,100,1115020,5.170753965936432
W-LEGACY,offspring_pct,100,1115021,-25.953774023414496
W-LEGACY,offspring_pct,100,1115022,26.469288394272635
W-LEGACY,offspring_pct,100,1115023,2.150664363995741
W-LEGACY,offspring_pct,100,1115024,17.037322428229864
W-LEGACY,offspring_pct,100,1115025,27.311724637829613
W-LEGACY,offspring_pct,100,1115026,7.191851047544626
W-LEGACY,offspring_pct,100,1115027,28.14568459747179
W-LEGACY,offspring_pct,100,1115028,20.92046587531849
W-LEGACY,offspring_pct,100,1115029,-4.435066049103742
W-LEGACY,offspring_pct,100,1115030,12.708719816188832
W-LEGACY,offspring_pct,100,1115031,-2.2876949904260258
W-LEGACY,offspring_pct,100,1115032,3.5387251042335546
W-LEGACY,a8_cost_per_call_pct,50,1105001,24.695753483102955
W-LEGACY,a8_cost_per_call_pct,50,1105002,20.069228615228297
W-LEGACY,a8_cost_per_call_pct,50,1105003,16.44547469091561
W-LEGACY,a8_cost_per_call_pct,50,1105004,23.175111171639415
W-LEGACY,a8_cost_per_call_pct,50,1105005,13.938839410513632
W-LEGACY,a8_cost_per_call_pct,50,1105006,24.680242327510797
W-LEGACY,a8_cost_per_call_pct,50,1105007,17.867225943106586
W-LEGACY,a8_cost_per_call_pct,50,1105008,26.39126470923441
W-LEGACY,a8_cost_per_call_pct,50,1105009,25.687928188725618
W-LEGACY,a8_cost_per_call_pct,50,1105010,24.172225925969585
W-LEGACY,a8_cost_per_call_pct,50,1105011,22.76729825000813
W-LEGACY,a8_cost_per_call_pct,50,1105012,16.473397118209853
W-LEGACY,a8_cost_per_call_pct,50,1105013,15.90607537057107
W-LEGACY,a8_cost_per_call_pct,50,1105014,20.810175409047645
W-LEGACY,a8_cost_per_call_pct,50,1105015,11.086059549268313
W-LEGACY,a8_cost_per_call_pct,50,1105016,22.9772673175466
W-LEGACY,a8_cost_per_call_pct,50,1105017,24.04751932123902
W-LEGACY,a8_cost_per_call_pct,50,1105018,30.354098856617018
W-LEGACY,a8_cost_per_call_pct,50,1105019,23.00629503137111
W-LEGACY,a8_cost_per_call_pct,50,1105020,23.96565926631886
W-LEGACY,a8_cost_per_call_pct,50,1105021,27.2940947658335
W-LEGACY,a8_cost_per_call_pct,50,1105022,16.17562657924052
W-LEGACY,a8_cost_per_call_pct,50,1105023,33.589078710177496
W-LEGACY,a8_cost_per_call_pct,50,1105024,19.078589121604892
W-LEGACY,a8_cost_per_call_pct,50,1105025,17.129302795423424
W-LEGACY,a8_cost_per_call_pct,50,1105026,17.641933531206355
W-LEGACY,a8_cost_per_call_pct,50,1105027,22.49908665178021
W-LEGACY,a8_cost_per_call_pct,50,1105028,23.113019717770072
W-LEGACY,a8_cost_per_call_pct,50,1105029,21.630881131884664
W-LEGACY,a8_cost_per_call_pct,50,1105030,27.134623209768115
W-LEGACY,a8_cost_per_call_pct,50,1105031,20.507225732921746
W-LEGACY,a8_cost_per_call_pct,50,1105032,26.557057299550692
W-LEGACY,a8_cost_per_call_pct,100,1115001,17.922213647127784
W-LEGACY,a8_cost_per_call_pct,100,1115002,30.014721966152546
W-LEGACY,a8_cost_per_call_pct,100,1115003,4.545685252417896
W-LEGACY,a8_cost_per_call_pct,100,1115004,21.72532129967949
W-LEGACY,a8_cost_per_call_pct,100,1115005,21.972384721836583
W-LEGACY,a8_cost_per_call_pct,100,1115006,9.059134373745298
W-LEGACY,a8_cost_per_call_pct,100,1115007,21.075980159837755
W-LEGACY,a8_cost_per_call_pct,100,1115008,13.356764965540265
W-LEGACY,a8_cost_per_call_pct,100,1115009,35.80064518995462
W-LEGACY,a8_cost_per_call_pct,100,1115010,35.22895438703509
W-LEGACY,a8_cost_per_call_pct,100,1115011,8.45183190742371
W-LEGACY,a8_cost_per_call_pct,100,1115012,11.857606153130138
W-LEGACY,a8_cost_per_call_pct,100,1115013,20.003779707097262
W-LEGACY,a8_cost_per_call_pct,100,1115014,18.033348096176198
W-LEGACY,a8_cost_per_call_pct,100,1115015,29.02242042858817
W-LEGACY,a8_cost_per_call_pct,100,1115016,23.36855454273994
W-LEGACY,a8_cost_per_call_pct,100,1115017,13.120821512239843
W-LEGACY,a8_cost_per_call_pct,100,1115018,11.739273492349337
W-LEGACY,a8_cost_per_call_pct,100,1115019,19.109010498817305
W-LEGACY,a8_cost_per_call_pct,100,1115020,26.25357759187813
W-LEGACY,a8_cost_per_call_pct,100,1115021,19.39394412150653
W-LEGACY,a8_cost_per_call_pct,100,1115022,11.53277965264442
W-LEGACY,a8_cost_per_call_pct,100,1115023,16.958196889043016
W-LEGACY,a8_cost_per_call_pct,100,1115024,18.96041419402399
W-LEGACY,a8_cost_per_call_pct,100,1115025,-2.703821526472244
W-LEGACY,a8_cost_per_call_pct,100,1115026,3.5784406892172362
W-LEGACY,a8_cost_per_call_pct,100,1115027,11.11185772778015
W-LEGACY,a8_cost_per_call_pct,100,1115028,10.920838497912056
W-LEGACY,a8_cost_per_call_pct,100,1115029,17.40766348679417
W-LEGACY,a8_cost_per_call_pct,100,1115030,14.96585012728876
W-LEGACY,a8_cost_per_call_pct,100,1115031,35.055207156257374
W-LEGACY,a8_cost_per_call_pct,100,1115032,36.2580004053448
W-LEGACY,a8_cost_share_pp,50,1105001,0.9777002984893955
W-LEGACY,a8_cost_share_pp,50,1105002,0.9265695905607572
W-LEGACY,a8_cost_share_pp,50,1105003,0.6797169326155579
W-LEGACY,a8_cost_share_pp,50,1105004,1.097421971493083
W-LEGACY,a8_cost_share_pp,50,1105005,0.6941827731335353
W-LEGACY,a8_cost_share_pp,50,1105006,0.18668504455675827
W-LEGACY,a8_cost_share_pp,50,1105007,0.8801395419634426
W-LEGACY,a8_cost_share_pp,50,1105008,0.8205732030910977
W-LEGACY,a8_cost_share_pp,50,1105009,0.676066284677432
W-LEGACY,a8_cost_share_pp,50,1105010,0.8152371315590299
W-LEGACY,a8_cost_share_pp,50,1105011,0.6027698633989688
W-LEGACY,a8_cost_share_pp,50,1105012,0.16044613255806411
W-LEGACY,a8_cost_share_pp,50,1105013,0.6658461092632485
W-LEGACY,a8_cost_share_pp,50,1105014,0.3065835942092383
W-LEGACY,a8_cost_share_pp,50,1105015,0.7143292756389864
W-LEGACY,a8_cost_share_pp,50,1105016,1.0523714597108749
W-LEGACY,a8_cost_share_pp,50,1105017,0.8962716453118093
W-LEGACY,a8_cost_share_pp,50,1105018,0.6224943703811406
W-LEGACY,a8_cost_share_pp,50,1105019,0.7499050611090666
W-LEGACY,a8_cost_share_pp,50,1105020,0.62004353162678
W-LEGACY,a8_cost_share_pp,50,1105021,0.7112037202621787
W-LEGACY,a8_cost_share_pp,50,1105022,0.2455698852103183
W-LEGACY,a8_cost_share_pp,50,1105023,0.6494079025127873
W-LEGACY,a8_cost_share_pp,50,1105024,0.7364084168791211
W-LEGACY,a8_cost_share_pp,50,1105025,1.1710035861129933
W-LEGACY,a8_cost_share_pp,50,1105026,0.5334483306759193
W-LEGACY,a8_cost_share_pp,50,1105027,0.5324862969292765
W-LEGACY,a8_cost_share_pp,50,1105028,0.7725484052453181
W-LEGACY,a8_cost_share_pp,50,1105029,0.9663396586883848
W-LEGACY,a8_cost_share_pp,50,1105030,0.9626712915935356
W-LEGACY,a8_cost_share_pp,50,1105031,0.3439854148139396
W-LEGACY,a8_cost_share_pp,50,1105032,0.5594696155663688
W-LEGACY,a8_cost_share_pp,100,1115001,0.1882623979371733
W-LEGACY,a8_cost_share_pp,100,1115002,0.12590969327426163
W-LEGACY,a8_cost_share_pp,100,1115003,0.4152454451060439
W-LEGACY,a8_cost_share_pp,100,1115004,0.152297083341853
W-LEGACY,a8_cost_share_pp,100,1115005,0.1594265718263119
W-LEGACY,a8_cost_share_pp,100,1115006,0.1918142750252389
W-LEGACY,a8_cost_share_pp,100,1115007,0.2321629229187296
W-LEGACY,a8_cost_share_pp,100,1115008,0.11403107462115569
W-LEGACY,a8_cost_share_pp,100,1115009,0.3230922785651239
W-LEGACY,a8_cost_share_pp,100,1115010,0.36564224528431166
W-LEGACY,a8_cost_share_pp,100,1115011,0.24366422763996726
W-LEGACY,a8_cost_share_pp,100,1115012,0.24030827594231824
W-LEGACY,a8_cost_share_pp,100,1115013,0.20813128375769072
W-LEGACY,a8_cost_share_pp,100,1115014,0.14617525380239077
W-LEGACY,a8_cost_share_pp,100,1115015,0.3212287055830518
W-LEGACY,a8_cost_share_pp,100,1115016,0.15269851068202028
W-LEGACY,a8_cost_share_pp,100,1115017,0.3129120459422057
W-LEGACY,a8_cost_share_pp,100,1115018,0.5202762967581915
W-LEGACY,a8_cost_share_pp,100,1115019,0.28486939515500675
W-LEGACY,a8_cost_share_pp,100,1115020,0.2408824785513895
W-LEGACY,a8_cost_share_pp,100,1115021,0.2125015384621645
W-LEGACY,a8_cost_share_pp,100,1115022,0.22359564142605215
W-LEGACY,a8_cost_share_pp,100,1115023,0.3463484431828079
W-LEGACY,a8_cost_share_pp,100,1115024,0.14173177265139836
W-LEGACY,a8_cost_share_pp,100,1115025,0.2662642408846747
W-LEGACY,a8_cost_share_pp,100,1115026,0.02598562043250435
W-LEGACY,a8_cost_share_pp,100,1115027,0.46598302810015485
W-LEGACY,a8_cost_share_pp,100,1115028,0.05239056216810757
W-LEGACY,a8_cost_share_pp,100,1115029,0.27335835119339114
W-LEGACY,a8_cost_share_pp,100,1115030,0.08713310707165153
W-LEGACY,a8_cost_share_pp,100,1115031,0.19123225008352124
W-LEGACY,a8_cost_share_pp,100,1115032,0.3050426052097168
W-LEGACY,a8_proposals_per_call_diff,50,1105001,1.1540816539478134
W-LEGACY,a8_proposals_per_call_diff,50,1105002,1.0923940979617792
W-LEGACY,a8_proposals_per_call_diff,50,1105003,1.4416843805404866
W-LEGACY,a8_proposals_per_call_diff,50,1105004,1.6555479971852227
W-LEGACY,a8_proposals_per_call_diff,50,1105005,1.6424887173350975
W-LEGACY,a8_proposals_per_call_diff,50,1105006,0.6215718132028998
W-LEGACY,a8_proposals_per_call_diff,50,1105007,1.2535713441634568
W-LEGACY,a8_proposals_per_call_diff,50,1105008,1.1971028046937393
W-LEGACY,a8_proposals_per_call_diff,50,1105009,0.9969425168376466
W-LEGACY,a8_proposals_per_call_diff,50,1105010,1.2986080642561912
W-LEGACY,a8_proposals_per_call_diff,50,1105011,1.2179377507646247
W-LEGACY,a8_proposals_per_call_diff,50,1105012,0.9129781508657927
W-LEGACY,a8_proposals_per_call_diff,50,1105013,1.427330386850035
W-LEGACY,a8_proposals_per_call_diff,50,1105014,1.2034827717606236
W-LEGACY,a8_proposals_per_call_diff,50,1105015,1.2307232646653627
W-LEGACY,a8_proposals_per_call_diff,50,1105016,1.3417369756152144
W-LEGACY,a8_proposals_per_call_diff,50,1105017,1.2913052940206615
W-LEGACY,a8_proposals_per_call_diff,50,1105018,1.0612519297962715
W-LEGACY,a8_proposals_per_call_diff,50,1105019,1.1794216170395477
W-LEGACY,a8_proposals_per_call_diff,50,1105020,0.7381687948308548
W-LEGACY,a8_proposals_per_call_diff,50,1105021,1.3557259176938092
W-LEGACY,a8_proposals_per_call_diff,50,1105022,0.6292972674543019
W-LEGACY,a8_proposals_per_call_diff,50,1105023,0.5109103979993673
W-LEGACY,a8_proposals_per_call_diff,50,1105024,1.027807655438933
W-LEGACY,a8_proposals_per_call_diff,50,1105025,1.55682510852359
W-LEGACY,a8_proposals_per_call_diff,50,1105026,1.1484786014704484
W-LEGACY,a8_proposals_per_call_diff,50,1105027,1.4619528056709186
W-LEGACY,a8_proposals_per_call_diff,50,1105028,1.3518723792171181
W-LEGACY,a8_proposals_per_call_diff,50,1105029,1.0587850027108585
W-LEGACY,a8_proposals_per_call_diff,50,1105030,1.3242065550440079
W-LEGACY,a8_proposals_per_call_diff,50,1105031,0.8556763682247046
W-LEGACY,a8_proposals_per_call_diff,50,1105032,0.9762186561745971
W-LEGACY,a8_proposals_per_call_diff,100,1115001,0.39173412029704513
W-LEGACY,a8_proposals_per_call_diff,100,1115002,0.4355866243716255
W-LEGACY,a8_proposals_per_call_diff,100,1115003,0.835705110922784
W-LEGACY,a8_proposals_per_call_diff,100,1115004,0.16028423936690828
W-LEGACY,a8_proposals_per_call_diff,100,1115005,0.6603994608862467
W-LEGACY,a8_proposals_per_call_diff,100,1115006,0.6475501908021393
W-LEGACY,a8_proposals_per_call_diff,100,1115007,0.6427872698980341
W-LEGACY,a8_proposals_per_call_diff,100,1115008,0.44888058487299554
W-LEGACY,a8_proposals_per_call_diff,100,1115009,0.7529428132790837
W-LEGACY,a8_proposals_per_call_diff,100,1115010,0.6569908336859043
W-LEGACY,a8_proposals_per_call_diff,100,1115011,0.8175678625613734
W-LEGACY,a8_proposals_per_call_diff,100,1115012,0.5516113321724754
W-LEGACY,a8_proposals_per_call_diff,100,1115013,0.4362084774395114
W-LEGACY,a8_proposals_per_call_diff,100,1115014,0.6345208313023882
W-LEGACY,a8_proposals_per_call_diff,100,1115015,0.9708871576416711
W-LEGACY,a8_proposals_per_call_diff,100,1115016,0.6720753031308763
W-LEGACY,a8_proposals_per_call_diff,100,1115017,0.92332972480936
W-LEGACY,a8_proposals_per_call_diff,100,1115018,1.0041698754031991
W-LEGACY,a8_proposals_per_call_diff,100,1115019,0.5262100431856087
W-LEGACY,a8_proposals_per_call_diff,100,1115020,0.31033068879779774
W-LEGACY,a8_proposals_per_call_diff,100,1115021,0.782671504790223
W-LEGACY,a8_proposals_per_call_diff,100,1115022,0.5752974572428168
W-LEGACY,a8_proposals_per_call_diff,100,1115023,1.287937866149119
W-LEGACY,a8_proposals_per_call_diff,100,1115024,0.5927251070990864
W-LEGACY,a8_proposals_per_call_diff,100,1115025,0.8721026186159513
W-LEGACY,a8_proposals_per_call_diff,100,1115026,0.36436142404272437
W-LEGACY,a8_proposals_per_call_diff,100,1115027,0.9130446549325179
W-LEGACY,a8_proposals_per_call_diff,100,1115028,0.49111861739861173
W-LEGACY,a8_proposals_per_call_diff,100,1115029,0.4639559211484151
W-LEGACY,a8_proposals_per_call_diff,100,1115030,0.30886911787973265
W-LEGACY,a8_proposals_per_call_diff,100,1115031,0.6495068723148291
W-LEGACY,a8_proposals_per_call_diff,100,1115032,0.6535390689899301
GW-REFERENCE,hv_diff,50,1105001,-0.06100692614085498
GW-REFERENCE,hv_diff,50,1105002,0.09453901238320078
GW-REFERENCE,hv_diff,50,1105003,0.04903079278954903
GW-REFERENCE,hv_diff,50,1105004,-0.06527277597065206
GW-REFERENCE,hv_diff,50,1105005,0.021181962829531775
GW-REFERENCE,hv_diff,50,1105006,-0.1521833335569303
GW-REFERENCE,hv_diff,50,1105007,0.05592243013156839
GW-REFERENCE,hv_diff,50,1105008,0.05150900985968199
GW-REFERENCE,hv_diff,50,1105009,0.02907334987592003
GW-REFERENCE,hv_diff,50,1105010,-0.12236228117806311
GW-REFERENCE,hv_diff,50,1105011,0.06707536903121394
GW-REFERENCE,hv_diff,50,1105012,-0.01994905737564423
GW-REFERENCE,hv_diff,50,1105013,-0.023986992078071145
GW-REFERENCE,hv_diff,50,1105014,-0.035201606360264565
GW-REFERENCE,hv_diff,50,1105015,0.09943957412575449
GW-REFERENCE,hv_diff,50,1105016,0.027478463275095066
GW-REFERENCE,hv_diff,50,1105017,-0.04698577145978258
GW-REFERENCE,hv_diff,50,1105018,0.04636741104211908
GW-REFERENCE,hv_diff,50,1105019,0.1814955780686847
GW-REFERENCE,hv_diff,50,1105020,0.006719059755155299
GW-REFERENCE,hv_diff,50,1105021,0.15128408978264193
GW-REFERENCE,hv_diff,50,1105022,0.056617479504075446
GW-REFERENCE,hv_diff,50,1105023,-0.06782272669966499
GW-REFERENCE,hv_diff,50,1105024,0.022213868187463903
GW-REFERENCE,hv_diff,50,1105025,-0.09163402748346838
GW-REFERENCE,hv_diff,50,1105026,0.10467893157486935
GW-REFERENCE,hv_diff,50,1105027,0.05693461836140426
GW-REFERENCE,hv_diff,50,1105028,0.05711105237375266
GW-REFERENCE,hv_diff,50,1105029,-0.027942180948837825
GW-REFERENCE,hv_diff,50,1105030,0.07572780613775443
GW-REFERENCE,hv_diff,50,1105031,0.015544244648580063
GW-REFERENCE,hv_diff,50,1105032,0.04055240759666878
GW-REFERENCE,hv_diff,100,1115001,0.018104761091386173
GW-REFERENCE,hv_diff,100,1115002,-0.020147466388574647
GW-REFERENCE,hv_diff,100,1115003,0.07870264400599689
GW-REFERENCE,hv_diff,100,1115004,-0.0005595771962582652
GW-REFERENCE,hv_diff,100,1115005,-0.03890508198624623
GW-REFERENCE,hv_diff,100,1115006,0.0004635122928524915
GW-REFERENCE,hv_diff,100,1115007,-0.015880401670290673
GW-REFERENCE,hv_diff,100,1115008,0.015078654682409126
GW-REFERENCE,hv_diff,100,1115009,0.015935519387026476
GW-REFERENCE,hv_diff,100,1115010,-0.011431174546045947
GW-REFERENCE,hv_diff,100,1115011,0.024939998566562205
GW-REFERENCE,hv_diff,100,1115012,0.0171307084231046
GW-REFERENCE,hv_diff,100,1115013,0.013149766857575046
GW-REFERENCE,hv_diff,100,1115014,-0.0006651641231044669
GW-REFERENCE,hv_diff,100,1115015,0.07996969921088357
GW-REFERENCE,hv_diff,100,1115016,-0.04080658552405844
GW-REFERENCE,hv_diff,100,1115017,-0.026911048724480857
GW-REFERENCE,hv_diff,100,1115018,-0.010467735990774857
GW-REFERENCE,hv_diff,100,1115019,0.027470562559600842
GW-REFERENCE,hv_diff,100,1115020,0.005250704558870362
GW-REFERENCE,hv_diff,100,1115021,-0.027865469077126892
GW-REFERENCE,hv_diff,100,1115022,-0.02724096612154389
GW-REFERENCE,hv_diff,100,1115023,-0.03666926465381243
GW-REFERENCE,hv_diff,100,1115024,0.039199003741774846
GW-REFERENCE,hv_diff,100,1115025,0.004526296946066682
GW-REFERENCE,hv_diff,100,1115026,0.003652311617116516
GW-REFERENCE,hv_diff,100,1115027,-0.0005751143517847557
GW-REFERENCE,hv_diff,100,1115028,0.03455487820824124
GW-REFERENCE,hv_diff,100,1115029,0.0002904599751280268
GW-REFERENCE,hv_diff,100,1115030,-0.06768203102762246
GW-REFERENCE,hv_diff,100,1115031,-0.00015966116994739488
GW-REFERENCE,hv_diff,100,1115032,-0.031634605202232546
GW-REFERENCE,igd_plus_gain,50,1105001,-0.05801132246897449
GW-REFERENCE,igd_plus_gain,50,1105002,0.04655507986768362
GW-REFERENCE,igd_plus_gain,50,1105003,0.013424074018593734
GW-REFERENCE,igd_plus_gain,50,1105004,-0.02969188300635314
GW-REFERENCE,igd_plus_gain,50,1105005,0.01094982437842308
GW-REFERENCE,igd_plus_gain,50,1105006,-0.07016339804328352
GW-REFERENCE,igd_plus_gain,50,1105007,0.03808038277509352
GW-REFERENCE,igd_plus_gain,50,1105008,0.025021701464050743
GW-REFERENCE,igd_plus_gain,50,1105009,0.0069649636310565866
GW-REFERENCE,igd_plus_gain,50,1105010,-0.08635803822107152
GW-REFERENCE,igd_plus_gain,50,1105011,0.02440443771582695
GW-REFERENCE,igd_plus_gain,50,1105012,-0.018071126034267058
GW-REFERENCE,igd_plus_gain,50,1105013,0.005962809008870244
GW-REFERENCE,igd_plus_gain,50,1105014,0.0002867673664402699
GW-REFERENCE,igd_plus_gain,50,1105015,0.033703926894819755
GW-REFERENCE,igd_plus_gain,50,1105016,0.009489817464872562
GW-REFERENCE,igd_plus_gain,50,1105017,-0.007734884651163732
GW-REFERENCE,igd_plus_gain,50,1105018,0.031381644759326144
GW-REFERENCE,igd_plus_gain,50,1105019,0.1363709852073109
GW-REFERENCE,igd_plus_gain,50,1105020,0.01192908675571326
GW-REFERENCE,igd_plus_gain,50,1105021,0.08575542093387695
GW-REFERENCE,igd_plus_gain,50,1105022,0.024491612426021936
GW-REFERENCE,igd_plus_gain,50,1105023,-0.035636028135577084
GW-REFERENCE,igd_plus_gain,50,1105024,0.013853037122542934
GW-REFERENCE,igd_plus_gain,50,1105025,-0.07031341311373153
GW-REFERENCE,igd_plus_gain,50,1105026,0.0620238377894392
GW-REFERENCE,igd_plus_gain,50,1105027,0.02232936294317478
GW-REFERENCE,igd_plus_gain,50,1105028,0.030391693906914645
GW-REFERENCE,igd_plus_gain,50,1105029,-0.007427899446514882
GW-REFERENCE,igd_plus_gain,50,1105030,0.03228933908931436
GW-REFERENCE,igd_plus_gain,50,1105031,0.006525149066800051
GW-REFERENCE,igd_plus_gain,50,1105032,0.018367851615529864
GW-REFERENCE,igd_plus_gain,100,1115001,-0.00402247834197828
GW-REFERENCE,igd_plus_gain,100,1115002,-0.006057012970579891
GW-REFERENCE,igd_plus_gain,100,1115003,0.04019552066111702
GW-REFERENCE,igd_plus_gain,100,1115004,0.008148629409922746
GW-REFERENCE,igd_plus_gain,100,1115005,-0.02468330505810616
GW-REFERENCE,igd_plus_gain,100,1115006,-0.02935091708740226
GW-REFERENCE,igd_plus_gain,100,1115007,0.005314512157299521
GW-REFERENCE,igd_plus_gain,100,1115008,0.017514035088853123
GW-REFERENCE,igd_plus_gain,100,1115009,0.013285405714369994
GW-REFERENCE,igd_plus_gain,100,1115010,-0.004653560488769293
GW-REFERENCE,igd_plus_gain,100,1115011,0.02056370144435806
GW-REFERENCE,igd_plus_gain,100,1115012,0.024712468019006575
GW-REFERENCE,igd_plus_gain,100,1115013,-0.003858884090540013
GW-REFERENCE,igd_plus_gain,100,1115014,-0.0021052885642583053
GW-REFERENCE,igd_plus_gain,100,1115015,0.010558894277997834
GW-REFERENCE,igd_plus_gain,100,1115016,-0.030743005930143806
GW-REFERENCE,igd_plus_gain,100,1115017,-0.03334067411746897
GW-REFERENCE,igd_plus_gain,100,1115018,0.010813259546097732
GW-REFERENCE,igd_plus_gain,100,1115019,0.007970904508136416
GW-REFERENCE,igd_plus_gain,100,1115020,0.0037885119679401946
GW-REFERENCE,igd_plus_gain,100,1115021,-0.011012470588690475
GW-REFERENCE,igd_plus_gain,100,1115022,-0.006636518033530997
GW-REFERENCE,igd_plus_gain,100,1115023,-0.006322264423090848
GW-REFERENCE,igd_plus_gain,100,1115024,0.02351009985627471
GW-REFERENCE,igd_plus_gain,100,1115025,-0.009144931368337612
GW-REFERENCE,igd_plus_gain,100,1115026,-0.019604871843772485
GW-REFERENCE,igd_plus_gain,100,1115027,0.011055674533270658
GW-REFERENCE,igd_plus_gain,100,1115028,0.01288063734884565
GW-REFERENCE,igd_plus_gain,100,1115029,0.001467481268982532
GW-REFERENCE,igd_plus_gain,100,1115030,-0.04101413907368798
GW-REFERENCE,igd_plus_gain,100,1115031,-0.010192898751570475
GW-REFERENCE,igd_plus_gain,100,1115032,0.00576377010763722
GW-REFERENCE,hv_pct,50,1105001,-3.5908654071304893
GW-REFERENCE,hv_pct,50,1105002,10.589685961649003
GW-REFERENCE,hv_pct,50,1105003,7.010263086350477
GW-REFERENCE,hv_pct,50,1105004,-6.413346719242356
GW-REFERENCE,hv_pct,50,1105005,2.5928174011822205
GW-REFERENCE,hv_pct,50,1105006,-16.934511719720525
GW-REFERENCE,hv_pct,50,1105007,9.12219080559608
GW-REFERENCE,hv_pct,50,1105008,5.794488666290581
GW-REFERENCE,hv_pct,50,1105009,3.5134391785183245
GW-REFERENCE,hv_pct,50,1105010,-8.717426627152774
GW-REFERENCE,hv_pct,50,1105011,8.659498887435042
GW-REFERENCE,hv_pct,50,1105012,-1.6082333820205905
GW-REFERENCE,hv_pct,50,1105013,-0.375543589871137
GW-REFERENCE,hv_pct,50,1105014,-3.3770365856343934
GW-REFERENCE,hv_pct,50,1105015,11.343248786507022
GW-REFERENCE,hv_pct,50,1105016,2.813842446100889
GW-REFERENCE,hv_pct,50,1105017,-4.731349451171809
GW-REFERENCE,hv_pct,50,1105018,10.093849396010956
GW-REFERENCE,hv_pct,50,1105019,61.13431010811985
GW-REFERENCE,hv_pct,50,1105020,0.7322753779080005
GW-REFERENCE,hv_pct,50,1105021,19.495831528369205
GW-REFERENCE,hv_pct,50,1105022,7.289874518632877
GW-REFERENCE,hv_pct,50,1105023,-6.277177264201425
GW-REFERENCE,hv_pct,50,1105024,2.3235469111270834
GW-REFERENCE,hv_pct,50,1105025,-9.722203889897054
GW-REFERENCE,hv_pct,50,1105026,11.288395048396643
GW-REFERENCE,hv_pct,50,1105027,8.80124959076651
GW-REFERENCE,hv_pct,50,1105028,11.059912165396902
GW-REFERENCE,hv_pct,50,1105029,-2.5040093785512725
GW-REFERENCE,hv_pct,50,1105030,8.117522836323303
GW-REFERENCE,hv_pct,50,1105031,2.8194855143802102
GW-REFERENCE,hv_pct,50,1105032,5.700179935352377
GW-REFERENCE,hv_pct,100,1115001,2.6601746735345158
GW-REFERENCE,hv_pct,100,1115002,-1.655689614599865
GW-REFERENCE,hv_pct,100,1115003,10.991268271881665
GW-REFERENCE,hv_pct,100,1115004,0.4122129213530723
GW-REFERENCE,hv_pct,100,1115005,-4.600872760566835
GW-REFERENCE,hv_pct,100,1115006,0.6908636764509031
GW-REFERENCE,hv_pct,100,1115007,-1.768591846160386
GW-REFERENCE,hv_pct,100,1115008,1.6880004199281873
GW-REFERENCE,hv_pct,100,1115009,2.3104746754087415
GW-REFERENCE,hv_pct,100,1115010,-0.2051896530933517
GW-REFERENCE,hv_pct,100,1115011,3.217396445841297
GW-REFERENCE,hv_pct,100,1115012,2.4385072041876397
GW-REFERENCE,hv_pct,100,1115013,1.5190965279543278
GW-REFERENCE,hv_pct,100,1115014,0.026078271470703296
GW-REFERENCE,hv_pct,100,1115015,10.585303001234736
GW-REFERENCE,hv_pct,100,1115016,-6.136138085387522
GW-REFERENCE,hv_pct,100,1115017,-2.2569497262521
GW-REFERENCE,hv_pct,100,1115018,-1.0192324225535594
GW-REFERENCE,hv_pct,100,1115019,2.8864705380059865
GW-REFERENCE,hv_pct,100,1115020,1.418219488276415
GW-REFERENCE,hv_pct,100,1115021,-2.085067999850676
GW-REFERENCE,hv_pct,100,1115022,-3.0551549456885763
GW-REFERENCE,hv_pct,100,1115023,-3.231219986257672
GW-REFERENCE,hv_pct,100,1115024,4.4440551858732915
GW-REFERENCE,hv_pct,100,1115025,0.5876082163841416
GW-REFERENCE,hv_pct,100,1115026,0.23182127401948627
GW-REFERENCE,hv_pct,100,1115027,0.4336495932401765
GW-REFERENCE,hv_pct,100,1115028,3.958320356453904
GW-REFERENCE,hv_pct,100,1115029,-0.041096912575974365
GW-REFERENCE,hv_pct,100,1115030,-7.2301400837620236
GW-REFERENCE,hv_pct,100,1115031,-0.10680004846627089
GW-REFERENCE,hv_pct,100,1115032,-3.4162067139372834
GW-REFERENCE,igd_gain,50,1105001,-0.03743831707403225
GW-REFERENCE,igd_gain,50,1105002,0.06466782812615066
GW-REFERENCE,igd_gain,50,1105003,0.016747946993634397
GW-REFERENCE,igd_gain,50,1105004,-0.020228683690879996
GW-REFERENCE,igd_gain,50,1105005,0.013626454519136334
GW-REFERENCE,igd_gain,50,1105006,-0.0717344937752663
GW-REFERENCE,igd_gain,50,1105007,0.0371313902482481
GW-REFERENCE,igd_gain,50,1105008,0.040195637069074606
GW-REFERENCE,igd_gain,50,1105009,0.051622672213626486
GW-REFERENCE,igd_gain,50,1105010,-0.07624951989478602
GW-REFERENCE,igd_gain,50,1105011,0.030781816725466073
GW-REFERENCE,igd_gain,50,1105012,-0.01988299022014207
GW-REFERENCE,igd_gain,50,1105013,-0.010561478712241376
GW-REFERENCE,igd_gain,50,1105014,-0.00044293464847627514
GW-REFERENCE,igd_gain,50,1105015,0.035584923385555564
GW-REFERENCE,igd_gain,50,1105016,0.013734194582180611
GW-REFERENCE,igd_gain,50,1105017,-0.010652951585024205
GW-REFERENCE,igd_gain,50,1105018,0.029241740044134587
GW-REFERENCE,igd_gain,50,1105019,0.1333678473721698
GW-REFERENCE,igd_gain,50,1105020,0.008851899648017875
GW-REFERENCE,igd_gain,50,1105021,0.09148005744460706
GW-REFERENCE,igd_gain,50,1105022,0.03066016033578624
GW-REFERENCE,igd_gain,50,1105023,-0.030653671295685837
GW-REFERENCE,igd_gain,50,1105024,0.00956615172179433
GW-REFERENCE,igd_gain,50,1105025,-0.04591963912795056
GW-REFERENCE,igd_gain,50,1105026,0.05485622758887636
GW-REFERENCE,igd_gain,50,1105027,0.002740692946803616
GW-REFERENCE,igd_gain,50,1105028,0.03555544761238731
GW-REFERENCE,igd_gain,50,1105029,-0.01413084790163926
GW-REFERENCE,igd_gain,50,1105030,0.03310723147410767
GW-REFERENCE,igd_gain,50,1105031,-0.0009140421193097395
GW-REFERENCE,igd_gain,50,1105032,0.021239724851726184
GW-REFERENCE,igd_gain,100,1115001,-0.008055471096631676
GW-REFERENCE,igd_gain,100,1115002,-0.0018658200375664246
GW-REFERENCE,igd_gain,100,1115003,0.053233650764800446
GW-REFERENCE,igd_gain,100,1115004,0.022939873832512697
GW-REFERENCE,igd_gain,100,1115005,-0.020975233476790967
GW-REFERENCE,igd_gain,100,1115006,-0.02773237949538637
GW-REFERENCE,igd_gain,100,1115007,0.007445038663547475
GW-REFERENCE,igd_gain,100,1115008,0.0163284226388179
GW-REFERENCE,igd_gain,100,1115009,0.014327142501179899
GW-REFERENCE,igd_gain,100,1115010,0.0034632661073310846
GW-REFERENCE,igd_gain,100,1115011,0.026298214593263564
GW-REFERENCE,igd_gain,100,1115012,0.02176508019532296
GW-REFERENCE,igd_gain,100,1115013,-0.0029864848537386416
GW-REFERENCE,igd_gain,100,1115014,-0.003967807043235971
GW-REFERENCE,igd_gain,100,1115015,0.017061818292125643
GW-REFERENCE,igd_gain,100,1115016,-0.02835231752986516
GW-REFERENCE,igd_gain,100,1115017,-0.021054044670015235
GW-REFERENCE,igd_gain,100,1115018,0.005680387553673524
GW-REFERENCE,igd_gain,100,1115019,0.010386984882551738
GW-REFERENCE,igd_gain,100,1115020,0.003061137470751034
GW-REFERENCE,igd_gain,100,1115021,-0.005022560685510427
GW-REFERENCE,igd_gain,100,1115022,-0.014049076612434588
GW-REFERENCE,igd_gain,100,1115023,0.0017312339314069069
GW-REFERENCE,igd_gain,100,1115024,0.01782557415857338
GW-REFERENCE,igd_gain,100,1115025,-0.023263453427842702
GW-REFERENCE,igd_gain,100,1115026,-0.015430351481837615
GW-REFERENCE,igd_gain,100,1115027,0.012247584527456263
GW-REFERENCE,igd_gain,100,1115028,0.011279094418471866
GW-REFERENCE,igd_gain,100,1115029,-0.009323687603308869
GW-REFERENCE,igd_gain,100,1115030,-0.039104324881894206
GW-REFERENCE,igd_gain,100,1115031,-0.00990529540441383
GW-REFERENCE,igd_gain,100,1115032,0.011850749304028952
GW-REFERENCE,coverage_net,50,1105001,-0.0809736132606283
GW-REFERENCE,coverage_net,50,1105002,0.5336304683730541
GW-REFERENCE,coverage_net,50,1105003,0.011405206484505728
GW-REFERENCE,coverage_net,50,1105004,0.08001342692822067
GW-REFERENCE,coverage_net,50,1105005,0.007788182732294507
GW-REFERENCE,coverage_net,50,1105006,0.09435260396084202
GW-REFERENCE,coverage_net,50,1105007,0.4203265355709628
GW-REFERENCE,coverage_net,50,1105008,0.23104014021842578
GW-REFERENCE,coverage_net,50,1105009,-0.3774667313995933
GW-REFERENCE,coverage_net,50,1105010,-0.5503403529624677
GW-REFERENCE,coverage_net,50,1105011,0.3679354476284629
GW-REFERENCE,coverage_net,50,1105012,0.0020491837156194903
GW-REFERENCE,coverage_net,50,1105013,-0.37485822901973426
GW-REFERENCE,coverage_net,50,1105014,0.1594266794982033
GW-REFERENCE,coverage_net,50,1105015,-0.23119305745260482
GW-REFERENCE,coverage_net,50,1105016,0.2422130712848781
GW-REFERENCE,coverage_net,50,1105017,-0.06972323470056377
GW-REFERENCE,coverage_net,50,1105018,0.1656077562068663
GW-REFERENCE,coverage_net,50,1105019,0.13739229860623936
GW-REFERENCE,coverage_net,50,1105020,-0.019298645297610134
GW-REFERENCE,coverage_net,50,1105021,0.8059186862853642
GW-REFERENCE,coverage_net,50,1105022,0.48355949821468547
GW-REFERENCE,coverage_net,50,1105023,-0.38308219865094745
GW-REFERENCE,coverage_net,50,1105024,0.08289300788501476
GW-REFERENCE,coverage_net,50,1105025,-0.6595556539717159
GW-REFERENCE,coverage_net,50,1105026,0.794078231129297
GW-REFERENCE,coverage_net,50,1105027,0.15408784755842944
GW-REFERENCE,coverage_net,50,1105028,-0.4839996611604954
GW-REFERENCE,coverage_net,50,1105029,0.10387650905899298
GW-REFERENCE,coverage_net,50,1105030,-0.04040369360633045
GW-REFERENCE,coverage_net,50,1105031,0.2021679628443045
GW-REFERENCE,coverage_net,50,1105032,0.01576109760967248
GW-REFERENCE,coverage_net,100,1115001,-0.2357416838916353
GW-REFERENCE,coverage_net,100,1115002,-0.05710801152812756
GW-REFERENCE,coverage_net,100,1115003,0.5411513231083651
GW-REFERENCE,coverage_net,100,1115004,-0.05059965639337258
GW-REFERENCE,coverage_net,100,1115005,-0.7258058301421649
GW-REFERENCE,coverage_net,100,1115006,-0.5954817647163883
GW-REFERENCE,coverage_net,100,1115007,0.1863975963739991
GW-REFERENCE,coverage_net,100,1115008,0.05670383895800819
GW-REFERENCE,coverage_net,100,1115009,-0.118920996611781
GW-REFERENCE,coverage_net,100,1115010,-0.07362086119661651
GW-REFERENCE,coverage_net,100,1115011,0.09427169757053935
GW-REFERENCE,coverage_net,100,1115012,0.45165864812099
GW-REFERENCE,coverage_net,100,1115013,-0.20581115352787854
GW-REFERENCE,coverage_net,100,1115014,-0.019052509660753184
GW-REFERENCE,coverage_net,100,1115015,-0.26827779169832056
GW-REFERENCE,coverage_net,100,1115016,-0.4273063414879922
GW-REFERENCE,coverage_net,100,1115017,-0.3341100728576053
GW-REFERENCE,coverage_net,100,1115018,-0.23006189147667602
GW-REFERENCE,coverage_net,100,1115019,0.21526649963079963
GW-REFERENCE,coverage_net,100,1115020,0.19810175951924203
GW-REFERENCE,coverage_net,100,1115021,-0.012435794834982888
GW-REFERENCE,coverage_net,100,1115022,0.12751500578089991
GW-REFERENCE,coverage_net,100,1115023,-0.33692541479064303
GW-REFERENCE,coverage_net,100,1115024,0.5025637082074541
GW-REFERENCE,coverage_net,100,1115025,-0.06507078372988756
GW-REFERENCE,coverage_net,100,1115026,-0.11019944815286967
GW-REFERENCE,coverage_net,100,1115027,0.4308358119149976
GW-REFERENCE,coverage_net,100,1115028,0.20509677267112403
GW-REFERENCE,coverage_net,100,1115029,-0.06325735396028645
GW-REFERENCE,coverage_net,100,1115030,-0.4903185149021063
GW-REFERENCE,coverage_net,100,1115031,0.05153833042723374
GW-REFERENCE,coverage_net,100,1115032,0.2478403386781297
GW-REFERENCE,flow_gain_pct,50,1105001,0.0
GW-REFERENCE,flow_gain_pct,50,1105002,-7.845352413271556e-05
GW-REFERENCE,flow_gain_pct,50,1105003,-0.0856896147992059
GW-REFERENCE,flow_gain_pct,50,1105004,0.0
GW-REFERENCE,flow_gain_pct,50,1105005,0.04664179104477695
GW-REFERENCE,flow_gain_pct,50,1105006,0.0
GW-REFERENCE,flow_gain_pct,50,1105007,0.0
GW-REFERENCE,flow_gain_pct,50,1105008,-0.1388888888888884
GW-REFERENCE,flow_gain_pct,50,1105009,-0.34303624999228455
GW-REFERENCE,flow_gain_pct,50,1105010,0.0
GW-REFERENCE,flow_gain_pct,50,1105011,-0.04347826086956719
GW-REFERENCE,flow_gain_pct,50,1105012,0.0
GW-REFERENCE,flow_gain_pct,50,1105013,0.0
GW-REFERENCE,flow_gain_pct,50,1105014,-0.1654955109063827
GW-REFERENCE,flow_gain_pct,50,1105015,0.021606722831529757
GW-REFERENCE,flow_gain_pct,50,1105016,0.09326964876885113
GW-REFERENCE,flow_gain_pct,50,1105017,0.0
GW-REFERENCE,flow_gain_pct,50,1105018,-0.06640994376150844
GW-REFERENCE,flow_gain_pct,50,1105019,0.0
GW-REFERENCE,flow_gain_pct,50,1105020,-0.02136752136752129
GW-REFERENCE,flow_gain_pct,50,1105021,-0.0642123601463207
GW-REFERENCE,flow_gain_pct,50,1105022,0.043936183958001584
GW-REFERENCE,flow_gain_pct,50,1105023,0.19389238952434162
GW-REFERENCE,flow_gain_pct,50,1105024,-0.06996052518664364
GW-REFERENCE,flow_gain_pct,50,1105025,-0.02039151712887599
GW-REFERENCE,flow_gain_pct,50,1105026,0.08927198433045513
GW-REFERENCE,flow_gain_pct,50,1105027,0.12281666711384254
GW-REFERENCE,flow_gain_pct,50,1105028,-0.09174311926605228
GW-REFERENCE,flow_gain_pct,50,1105029,0.1720432341160455
GW-REFERENCE,flow_gain_pct,50,1105030,-0.08741258741258862
GW-REFERENCE,flow_gain_pct,50,1105031,0.022872827081427127
GW-REFERENCE,flow_gain_pct,50,1105032,-2.7755575615628914e-15
GW-REFERENCE,flow_gain_pct,100,1115001,0.29248179908769323
GW-REFERENCE,flow_gain_pct,100,1115002,-0.03532884595736918
GW-REFERENCE,flow_gain_pct,100,1115003,-0.6096168633052956
GW-REFERENCE,flow_gain_pct,100,1115004,0.03917496232297424
GW-REFERENCE,flow_gain_pct,100,1115005,1.5344229988857483
GW-REFERENCE,flow_gain_pct,100,1115006,-0.7991503420876983
GW-REFERENCE,flow_gain_pct,100,1115007,-0.08051529790660261
GW-REFERENCE,flow_gain_pct,100,1115008,-0.011991235386119015
GW-REFERENCE,flow_gain_pct,100,1115009,-0.29936431200288105
GW-REFERENCE,flow_gain_pct,100,1115010,-0.07892659826361226
GW-REFERENCE,flow_gain_pct,100,1115011,0.6777562833512163
GW-REFERENCE,flow_gain_pct,100,1115012,0.2007648183556393
GW-REFERENCE,flow_gain_pct,100,1115013,-0.39751212527407986
GW-REFERENCE,flow_gain_pct,100,1115014,0.08103727714748876
GW-REFERENCE,flow_gain_pct,100,1115015,0.45799050896147
GW-REFERENCE,flow_gain_pct,100,1115016,0.054445762450075486
GW-REFERENCE,flow_gain_pct,100,1115017,0.19888623707239317
GW-REFERENCE,flow_gain_pct,100,1115018,-0.4554331661864336
GW-REFERENCE,flow_gain_pct,100,1115019,-0.5840071188450868
GW-REFERENCE,flow_gain_pct,100,1115020,1.1986192043833248
GW-REFERENCE,flow_gain_pct,100,1115021,0.28313378401774447
GW-REFERENCE,flow_gain_pct,100,1115022,-1.051531259043731
GW-REFERENCE,flow_gain_pct,100,1115023,0.44689148409660095
GW-REFERENCE,flow_gain_pct,100,1115024,0.5759311036743986
GW-REFERENCE,flow_gain_pct,100,1115025,0.6675559167069661
GW-REFERENCE,flow_gain_pct,100,1115026,0.26819015135705615
GW-REFERENCE,flow_gain_pct,100,1115027,1.5149039585878183
GW-REFERENCE,flow_gain_pct,100,1115028,0.2899247925114923
GW-REFERENCE,flow_gain_pct,100,1115029,0.17525773195876393
GW-REFERENCE,flow_gain_pct,100,1115030,-0.20733171598593947
GW-REFERENCE,flow_gain_pct,100,1115031,0.3519143067632319
GW-REFERENCE,flow_gain_pct,100,1115032,-0.39045256931329875
GW-REFERENCE,bill_gain_pct,50,1105001,-0.9164925539796089
GW-REFERENCE,bill_gain_pct,50,1105002,4.346113230402764
GW-REFERENCE,bill_gain_pct,50,1105003,3.006634488506832
GW-REFERENCE,bill_gain_pct,50,1105004,-0.22107230620306284
GW-REFERENCE,bill_gain_pct,50,1105005,1.9855001354557922
GW-REFERENCE,bill_gain_pct,50,1105006,-4.614599868255037
GW-REFERENCE,bill_gain_pct,50,1105007,0.7725740048875744
GW-REFERENCE,bill_gain_pct,50,1105008,2.946599474250164
GW-REFERENCE,bill_gain_pct,50,1105009,2.8512315376880784
GW-REFERENCE,bill_gain_pct,50,1105010,-1.3414343606854646
GW-REFERENCE,bill_gain_pct,50,1105011,3.15212604759299
GW-REFERENCE,bill_gain_pct,50,1105012,-0.0065547903939116026
GW-REFERENCE,bill_gain_pct,50,1105013,-0.8986180962603396
GW-REFERENCE,bill_gain_pct,50,1105014,-3.4691021141421863
GW-REFERENCE,bill_gain_pct,50,1105015,4.8888842304901985
GW-REFERENCE,bill_gain_pct,50,1105016,1.790699189906711
GW-REFERENCE,bill_gain_pct,50,1105017,-0.4555546301031359
GW-REFERENCE,bill_gain_pct,50,1105018,1.1097810308189988
GW-REFERENCE,bill_gain_pct,50,1105019,3.4298992054841273
GW-REFERENCE,bill_gain_pct,50,1105020,-0.514984317882794
GW-REFERENCE,bill_gain_pct,50,1105021,5.587155115884879
GW-REFERENCE,bill_gain_pct,50,1105022,1.7583043799250742
GW-REFERENCE,bill_gain_pct,50,1105023,-0.7742599063526895
GW-REFERENCE,bill_gain_pct,50,1105024,0.6927958307091752
GW-REFERENCE,bill_gain_pct,50,1105025,0.40262836192720974
GW-REFERENCE,bill_gain_pct,50,1105026,2.817585660563479
GW-REFERENCE,bill_gain_pct,50,1105027,2.0256272730987734
GW-REFERENCE,bill_gain_pct,50,1105028,2.9558940597733954
GW-REFERENCE,bill_gain_pct,50,1105029,-2.45342830839769
GW-REFERENCE,bill_gain_pct,50,1105030,4.386467618103329
GW-REFERENCE,bill_gain_pct,50,1105031,1.3312383889479333
GW-REFERENCE,bill_gain_pct,50,1105032,1.1187312907305373
GW-REFERENCE,bill_gain_pct,100,1115001,1.7313097254423315
GW-REFERENCE,bill_gain_pct,100,1115002,2.222501547180469
GW-REFERENCE,bill_gain_pct,100,1115003,1.2689202740078593
GW-REFERENCE,bill_gain_pct,100,1115004,0.04538291057306354
GW-REFERENCE,bill_gain_pct,100,1115005,-0.15671364435482782
GW-REFERENCE,bill_gain_pct,100,1115006,1.484723429388643
GW-REFERENCE,bill_gain_pct,100,1115007,-0.8176404950708593
GW-REFERENCE,bill_gain_pct,100,1115008,-0.3471623235847404
GW-REFERENCE,bill_gain_pct,100,1115009,1.4505046499322607
GW-REFERENCE,bill_gain_pct,100,1115010,-0.7837149713210395
GW-REFERENCE,bill_gain_pct,100,1115011,-0.7373430661166996
GW-REFERENCE,bill_gain_pct,100,1115012,-1.4943613883833027
GW-REFERENCE,bill_gain_pct,100,1115013,0.5635136026874182
GW-REFERENCE,bill_gain_pct,100,1115014,-0.42365721271953316
GW-REFERENCE,bill_gain_pct,100,1115015,4.948124590852402
GW-REFERENCE,bill_gain_pct,100,1115016,0.1604683395754397
GW-REFERENCE,bill_gain_pct,100,1115017,0.5325665502952077
GW-REFERENCE,bill_gain_pct,100,1115018,-2.459567622015235
GW-REFERENCE,bill_gain_pct,100,1115019,1.1441411627227338
GW-REFERENCE,bill_gain_pct,100,1115020,-1.0495570567031711
GW-REFERENCE,bill_gain_pct,100,1115021,-0.4108361991071535
GW-REFERENCE,bill_gain_pct,100,1115022,-1.0538313630988396
GW-REFERENCE,bill_gain_pct,100,1115023,-2.115798483019682
GW-REFERENCE,bill_gain_pct,100,1115024,0.9988205337534279
GW-REFERENCE,bill_gain_pct,100,1115025,0.4303812368397386
GW-REFERENCE,bill_gain_pct,100,1115026,1.3585251945714334
GW-REFERENCE,bill_gain_pct,100,1115027,0.060521247844572246
GW-REFERENCE,bill_gain_pct,100,1115028,1.2209839410685486
GW-REFERENCE,bill_gain_pct,100,1115029,-0.934597156433814
GW-REFERENCE,bill_gain_pct,100,1115030,-1.6094108202516277
GW-REFERENCE,bill_gain_pct,100,1115031,0.22664467136220834
GW-REFERENCE,bill_gain_pct,100,1115032,-2.3478707379579578
GW-REFERENCE,exact_pct,50,1105001,-7.930099512979355
GW-REFERENCE,exact_pct,50,1105002,-0.6850982113567325
GW-REFERENCE,exact_pct,50,1105003,11.367314891640556
GW-REFERENCE,exact_pct,50,1105004,-5.4809613623367035
GW-REFERENCE,exact_pct,50,1105005,4.803976138489147
GW-REFERENCE,exact_pct,50,1105006,0.7106152636161047
GW-REFERENCE,exact_pct,50,1105007,9.449342441735656
GW-REFERENCE,exact_pct,50,1105008,6.249344061001466
GW-REFERENCE,exact_pct,50,1105009,3.5838424262410964
GW-REFERENCE,exact_pct,50,1105010,-2.6353047945900316
GW-REFERENCE,exact_pct,50,1105011,-5.506457398575734
GW-REFERENCE,exact_pct,50,1105012,0.22440279267037766
GW-REFERENCE,exact_pct,50,1105013,0.930673472917634
GW-REFERENCE,exact_pct,50,1105014,-1.5014945660822545
GW-REFERENCE,exact_pct,50,1105015,5.711678975528509
GW-REFERENCE,exact_pct,50,1105016,7.427745892827275
GW-REFERENCE,exact_pct,50,1105017,10.597851651031247
GW-REFERENCE,exact_pct,50,1105018,14.29292145128576
GW-REFERENCE,exact_pct,50,1105019,-1.2466991929530136
GW-REFERENCE,exact_pct,50,1105020,-6.38186506790791
GW-REFERENCE,exact_pct,50,1105021,1.7856176841751088
GW-REFERENCE,exact_pct,50,1105022,-3.2922488488118766
GW-REFERENCE,exact_pct,50,1105023,3.747432544542023
GW-REFERENCE,exact_pct,50,1105024,9.336568974937848
GW-REFERENCE,exact_pct,50,1105025,0.6913062011179605
GW-REFERENCE,exact_pct,50,1105026,-6.017556404532784
GW-REFERENCE,exact_pct,50,1105027,6.19038634593331
GW-REFERENCE,exact_pct,50,1105028,17.84221061514382
GW-REFERENCE,exact_pct,50,1105029,-1.885082683256678
GW-REFERENCE,exact_pct,50,1105030,-2.8539851981081164
GW-REFERENCE,exact_pct,50,1105031,-4.462002258921794
GW-REFERENCE,exact_pct,50,1105032,5.052662917660554
GW-REFERENCE,exact_pct,100,1115001,2.019055198102301
GW-REFERENCE,exact_pct,100,1115002,3.6283007290600024
GW-REFERENCE,exact_pct,100,1115003,3.5971793314202825
GW-REFERENCE,exact_pct,100,1115004,6.580075781811719
GW-REFERENCE,exact_pct,100,1115005,-9.596669527653626
GW-REFERENCE,exact_pct,100,1115006,-0.6185655355304132
GW-REFERENCE,exact_pct,100,1115007,-2.1211661163479363
GW-REFERENCE,exact_pct,100,1115008,-4.921622227330404
GW-REFERENCE,exact_pct,100,1115009,-1.173068944569442
GW-REFERENCE,exact_pct,100,1115010,0.7812356114021792
GW-REFERENCE,exact_pct,100,1115011,-1.1167234911651889
GW-REFERENCE,exact_pct,100,1115012,-0.1683264540054168
GW-REFERENCE,exact_pct,100,1115013,-3.0152914910510837
GW-REFERENCE,exact_pct,100,1115014,-1.001553841879871
GW-REFERENCE,exact_pct,100,1115015,-2.281877829351483
GW-REFERENCE,exact_pct,100,1115016,-17.486123468195995
GW-REFERENCE,exact_pct,100,1115017,4.143830195675757
GW-REFERENCE,exact_pct,100,1115018,-6.667305967453105
GW-REFERENCE,exact_pct,100,1115019,5.9664493383404515
GW-REFERENCE,exact_pct,100,1115020,15.828291733425953
GW-REFERENCE,exact_pct,100,1115021,18.7277988808863
GW-REFERENCE,exact_pct,100,1115022,14.086417196140257
GW-REFERENCE,exact_pct,100,1115023,1.7781966607255062
GW-REFERENCE,exact_pct,100,1115024,1.7197410795910804
GW-REFERENCE,exact_pct,100,1115025,-0.31956351393073446
GW-REFERENCE,exact_pct,100,1115026,-0.3767696571400778
GW-REFERENCE,exact_pct,100,1115027,0.35621340996888085
GW-REFERENCE,exact_pct,100,1115028,0.4401036419481167
GW-REFERENCE,exact_pct,100,1115029,-6.232700974358432
GW-REFERENCE,exact_pct,100,1115030,-1.4922079989398624
GW-REFERENCE,exact_pct,100,1115031,7.08019408751581
GW-REFERENCE,exact_pct,100,1115032,5.084108546255809
GW-REFERENCE,offspring_pct,50,1105001,21.97306416628023
GW-REFERENCE,offspring_pct,50,1105002,29.70832654433135
GW-REFERENCE,offspring_pct,50,1105003,10.886439063448556
GW-REFERENCE,offspring_pct,50,1105004,1.16265926986852
GW-REFERENCE,offspring_pct,50,1105005,20.91544831633292
GW-REFERENCE,offspring_pct,50,1105006,27.363172109097967
GW-REFERENCE,offspring_pct,50,1105007,6.25501769558223
GW-REFERENCE,offspring_pct,50,1105008,-6.013991295547078
GW-REFERENCE,offspring_pct,50,1105009,-11.457953660420785
GW-REFERENCE,offspring_pct,50,1105010,-8.013228902739266
GW-REFERENCE,offspring_pct,50,1105011,-11.737261193407694
GW-REFERENCE,offspring_pct,50,1105012,-7.659168260183227
GW-REFERENCE,offspring_pct,50,1105013,-13.717606474091747
GW-REFERENCE,offspring_pct,50,1105014,4.015285781207301
GW-REFERENCE,offspring_pct,50,1105015,-7.4489681176825675
GW-REFERENCE,offspring_pct,50,1105016,25.675007110835303
GW-REFERENCE,offspring_pct,50,1105017,47.70688884958503
GW-REFERENCE,offspring_pct,50,1105018,34.318087883921045
GW-REFERENCE,offspring_pct,50,1105019,10.164586138554522
GW-REFERENCE,offspring_pct,50,1105020,-2.482251299402152
GW-REFERENCE,offspring_pct,50,1105021,6.618888493234177
GW-REFERENCE,offspring_pct,50,1105022,-17.870073728738433
GW-REFERENCE,offspring_pct,50,1105023,17.69831536053505
GW-REFERENCE,offspring_pct,50,1105024,5.290203948613486
GW-REFERENCE,offspring_pct,50,1105025,-9.589061212866337
GW-REFERENCE,offspring_pct,50,1105026,3.8461043897408422
GW-REFERENCE,offspring_pct,50,1105027,3.434782769960215
GW-REFERENCE,offspring_pct,50,1105028,15.683409669376166
GW-REFERENCE,offspring_pct,50,1105029,5.354183597002592
GW-REFERENCE,offspring_pct,50,1105030,-13.56643523259186
GW-REFERENCE,offspring_pct,50,1105031,-6.4463402177922955
GW-REFERENCE,offspring_pct,50,1105032,11.397107007564196
GW-REFERENCE,offspring_pct,100,1115001,-11.491748404610334
GW-REFERENCE,offspring_pct,100,1115002,1.0042705708451174
GW-REFERENCE,offspring_pct,100,1115003,1.2036663186527221
GW-REFERENCE,offspring_pct,100,1115004,5.466057311673042
GW-REFERENCE,offspring_pct,100,1115005,-9.543227901878298
GW-REFERENCE,offspring_pct,100,1115006,1.2899061485358239
GW-REFERENCE,offspring_pct,100,1115007,32.04543136732934
GW-REFERENCE,offspring_pct,100,1115008,6.603887567072449
GW-REFERENCE,offspring_pct,100,1115009,0.6573075206200238
GW-REFERENCE,offspring_pct,100,1115010,17.63855524316745
GW-REFERENCE,offspring_pct,100,1115011,15.774345784651809
GW-REFERENCE,offspring_pct,100,1115012,35.13968363572127
GW-REFERENCE,offspring_pct,100,1115013,15.048640618783434
GW-REFERENCE,offspring_pct,100,1115014,2.1367242272569813
GW-REFERENCE,offspring_pct,100,1115015,-24.97531098906149
GW-REFERENCE,offspring_pct,100,1115016,-25.163453807204192
GW-REFERENCE,offspring_pct,100,1115017,9.300583677338844
GW-REFERENCE,offspring_pct,100,1115018,-2.0973871496549448
GW-REFERENCE,offspring_pct,100,1115019,13.654855941194164
GW-REFERENCE,offspring_pct,100,1115020,2.170847213950966
GW-REFERENCE,offspring_pct,100,1115021,17.844264229271246
GW-REFERENCE,offspring_pct,100,1115022,34.33205744395816
GW-REFERENCE,offspring_pct,100,1115023,15.896039538503013
GW-REFERENCE,offspring_pct,100,1115024,13.473186672881926
GW-REFERENCE,offspring_pct,100,1115025,-4.577894773453837
GW-REFERENCE,offspring_pct,100,1115026,-8.969278622485028
GW-REFERENCE,offspring_pct,100,1115027,7.220400878283833
GW-REFERENCE,offspring_pct,100,1115028,9.696960453619587
GW-REFERENCE,offspring_pct,100,1115029,-10.204852780634866
GW-REFERENCE,offspring_pct,100,1115030,0.5551640660082509
GW-REFERENCE,offspring_pct,100,1115031,5.55830973886342
GW-REFERENCE,offspring_pct,100,1115032,25.808601149457992
GW-REFERENCE,a8_cost_per_call_pct,50,1105001,17.720906265938446
GW-REFERENCE,a8_cost_per_call_pct,50,1105002,11.691175127238516
GW-REFERENCE,a8_cost_per_call_pct,50,1105003,6.081297974653308
GW-REFERENCE,a8_cost_per_call_pct,50,1105004,13.231991681859089
GW-REFERENCE,a8_cost_per_call_pct,50,1105005,5.284640824371567
GW-REFERENCE,a8_cost_per_call_pct,50,1105006,14.714133122936916
GW-REFERENCE,a8_cost_per_call_pct,50,1105007,15.0582752024571
GW-REFERENCE,a8_cost_per_call_pct,50,1105008,14.7322647809542
GW-REFERENCE,a8_cost_per_call_pct,50,1105009,8.209026040178546
GW-REFERENCE,a8_cost_per_call_pct,50,1105010,17.338136105270344
GW-REFERENCE,a8_cost_per_call_pct,50,1105011,9.523555024581498
GW-REFERENCE,a8_cost_per_call_pct,50,1105012,14.953029433155008
GW-REFERENCE,a8_cost_per_call_pct,50,1105013,9.68811090524731
GW-REFERENCE,a8_cost_per_call_pct,50,1105014,16.72387648372831
GW-REFERENCE,a8_cost_per_call_pct,50,1105015,9.911346791326526
GW-REFERENCE,a8_cost_per_call_pct,50,1105016,14.25847912447349
GW-REFERENCE,a8_cost_per_call_pct,50,1105017,24.870192530324687
GW-REFERENCE,a8_cost_per_call_pct,50,1105018,17.68218684703885
GW-REFERENCE,a8_cost_per_call_pct,50,1105019,13.129546024986022
GW-REFERENCE,a8_cost_per_call_pct,50,1105020,14.296480674730045
GW-REFERENCE,a8_cost_per_call_pct,50,1105021,13.025404272840944
GW-REFERENCE,a8_cost_per_call_pct,50,1105022,8.987514454107417
GW-REFERENCE,a8_cost_per_call_pct,50,1105023,16.27839832205898
GW-REFERENCE,a8_cost_per_call_pct,50,1105024,12.467285810602728
GW-REFERENCE,a8_cost_per_call_pct,50,1105025,12.50102315839981
GW-REFERENCE,a8_cost_per_call_pct,50,1105026,11.267649311031292
GW-REFERENCE,a8_cost_per_call_pct,50,1105027,9.66865364312472
GW-REFERENCE,a8_cost_per_call_pct,50,1105028,18.994767738163848
GW-REFERENCE,a8_cost_per_call_pct,50,1105029,13.116367943428287
GW-REFERENCE,a8_cost_per_call_pct,50,1105030,13.873617326961897
GW-REFERENCE,a8_cost_per_call_pct,50,1105031,14.801023293585652
GW-REFERENCE,a8_cost_per_call_pct,50,1105032,18.19683786049053
GW-REFERENCE,a8_cost_per_call_pct,100,1115001,3.245273350178152
GW-REFERENCE,a8_cost_per_call_pct,100,1115002,15.878461226452824
GW-REFERENCE,a8_cost_per_call_pct,100,1115003,8.718190047994216
GW-REFERENCE,a8_cost_per_call_pct,100,1115004,18.841424794350925
GW-REFERENCE,a8_cost_per_call_pct,100,1115005,-2.9232012332293857
GW-REFERENCE,a8_cost_per_call_pct,100,1115006,6.894077782982527
GW-REFERENCE,a8_cost_per_call_pct,100,1115007,12.14270506942774
GW-REFERENCE,a8_cost_per_call_pct,100,1115008,4.857872534675098
GW-REFERENCE,a8_cost_per_call_pct,100,1115009,21.031730532035155
GW-REFERENCE,a8_cost_per_call_pct,100,1115010,21.70588215406149
GW-REFERENCE,a8_cost_per_call_pct,100,1115011,1.276670020029334
GW-REFERENCE,a8_cost_per_call_pct,100,1115012,3.1915223468487017
GW-REFERENCE,a8_cost_per_call_pct,100,1115013,-1.917424770708012
GW-REFERENCE,a8_cost_per_call_pct,100,1115014,3.9626584784269223
GW-REFERENCE,a8_cost_per_call_pct,100,1115015,20.114039385714054
GW-REFERENCE,a8_cost_per_call_pct,100,1115016,29.516180976426995
GW-REFERENCE,a8_cost_per_call_pct,100,1115017,21.685309758940434
GW-REFERENCE,a8_cost_per_call_pct,100,1115018,14.665340330943279
GW-REFERENCE,a8_cost_per_call_pct,100,1115019,-3.774502179544723
GW-REFERENCE,a8_cost_per_call_pct,100,1115020,-1.7038803955402133
GW-REFERENCE,a8_cost_per_call_pct,100,1115021,-4.6905659596525116
GW-REFERENCE,a8_cost_per_call_pct,100,1115022,-4.80208636011381
GW-REFERENCE,a8_cost_per_call_pct,100,1115023,5.816162395015187
GW-REFERENCE,a8_cost_per_call_pct,100,1115024,3.2073854797676464
GW-REFERENCE,a8_cost_per_call_pct,100,1115025,12.330902030788963
GW-REFERENCE,a8_cost_per_call_pct,100,1115026,11.323376329965882
GW-REFERENCE,a8_cost_per_call_pct,100,1115027,1.8858895630948753
GW-REFERENCE,a8_cost_per_call_pct,100,1115028,2.686463456600188
GW-REFERENCE,a8_cost_per_call_pct,100,1115029,7.06733221008699
GW-REFERENCE,a8_cost_per_call_pct,100,1115030,4.998567412799529
GW-REFERENCE,a8_cost_per_call_pct,100,1115031,13.214218581916562
GW-REFERENCE,a8_cost_per_call_pct,100,1115032,2.878537315202612
GW-REFERENCE,a8_cost_share_pp,50,1105001,0.775561272968635
GW-REFERENCE,a8_cost_share_pp,50,1105002,0.7293572621963806
GW-REFERENCE,a8_cost_share_pp,50,1105003,0.5855727835310559
GW-REFERENCE,a8_cost_share_pp,50,1105004,0.5539859076796413
GW-REFERENCE,a8_cost_share_pp,50,1105005,0.5626866847851585
GW-REFERENCE,a8_cost_share_pp,50,1105006,0.34362119990170414
GW-REFERENCE,a8_cost_share_pp,50,1105007,0.7118686321491335
GW-REFERENCE,a8_cost_share_pp,50,1105008,0.6400410683821336
GW-REFERENCE,a8_cost_share_pp,50,1105009,0.21855737847658752
GW-REFERENCE,a8_cost_share_pp,50,1105010,0.37186163073752315
GW-REFERENCE,a8_cost_share_pp,50,1105011,0.19615629037620197
GW-REFERENCE,a8_cost_share_pp,50,1105012,0.3038021941478451
GW-REFERENCE,a8_cost_share_pp,50,1105013,0.7854582871419619
GW-REFERENCE,a8_cost_share_pp,50,1105014,0.2384157301725546
GW-REFERENCE,a8_cost_share_pp,50,1105015,0.6425034814809986
GW-REFERENCE,a8_cost_share_pp,50,1105016,0.61728312771166
GW-REFERENCE,a8_cost_share_pp,50,1105017,0.9590902231171416
GW-REFERENCE,a8_cost_share_pp,50,1105018,0.31821409538797396
GW-REFERENCE,a8_cost_share_pp,50,1105019,0.5404666456550801
GW-REFERENCE,a8_cost_share_pp,50,1105020,0.7083938333450367
GW-REFERENCE,a8_cost_share_pp,50,1105021,0.8967995575274649
GW-REFERENCE,a8_cost_share_pp,50,1105022,0.3245969594987717
GW-REFERENCE,a8_cost_share_pp,50,1105023,0.6236307974801277
GW-REFERENCE,a8_cost_share_pp,50,1105024,0.8288524057037869
GW-REFERENCE,a8_cost_share_pp,50,1105025,0.7991295574165794
GW-REFERENCE,a8_cost_share_pp,50,1105026,0.44882499497333145
GW-REFERENCE,a8_cost_share_pp,50,1105027,0.905179841524002
GW-REFERENCE,a8_cost_share_pp,50,1105028,0.6044908113761766
GW-REFERENCE,a8_cost_share_pp,50,1105029,0.545739067234679
GW-REFERENCE,a8_cost_share_pp,50,1105030,0.9510862645685378
GW-REFERENCE,a8_cost_share_pp,50,1105031,0.6778485070647613
GW-REFERENCE,a8_cost_share_pp,50,1105032,0.3418899568029409
GW-REFERENCE,a8_cost_share_pp,100,1115001,0.02299771085840429
GW-REFERENCE,a8_cost_share_pp,100,1115002,0.20895448084954782
GW-REFERENCE,a8_cost_share_pp,100,1115003,0.15391243076504948
GW-REFERENCE,a8_cost_share_pp,100,1115004,0.20557717369494458
GW-REFERENCE,a8_cost_share_pp,100,1115005,0.051902308400961536
GW-REFERENCE,a8_cost_share_pp,100,1115006,0.11188738310005197
GW-REFERENCE,a8_cost_share_pp,100,1115007,0.12574344630579007
GW-REFERENCE,a8_cost_share_pp,100,1115008,0.03445555095850754
GW-REFERENCE,a8_cost_share_pp,100,1115009,0.12696157390767485
GW-REFERENCE,a8_cost_share_pp,100,1115010,0.24102688404987854
GW-REFERENCE,a8_cost_share_pp,100,1115011,0.19534542164631125
GW-REFERENCE,a8_cost_share_pp,100,1115012,0.11095249912770205
GW-REFERENCE,a8_cost_share_pp,100,1115013,0.16061475891425808
GW-REFERENCE,a8_cost_share_pp,100,1115014,0.04786358748997329
GW-REFERENCE,a8_cost_share_pp,100,1115015,0.32499947585841477
GW-REFERENCE,a8_cost_share_pp,100,1115016,0.1781866283832213
GW-REFERENCE,a8_cost_share_pp,100,1115017,0.26781263955414675
GW-REFERENCE,a8_cost_share_pp,100,1115018,0.4322051946713439
GW-REFERENCE,a8_cost_share_pp,100,1115019,0.1237648651244447
GW-REFERENCE,a8_cost_share_pp,100,1115020,0.07840665218453383
GW-REFERENCE,a8_cost_share_pp,100,1115021,0.10612996644327226
GW-REFERENCE,a8_cost_share_pp,100,1115022,0.1255158920367938
GW-REFERENCE,a8_cost_share_pp,100,1115023,0.1417208168815774
GW-REFERENCE,a8_cost_share_pp,100,1115024,0.04328399332815589
GW-REFERENCE,a8_cost_share_pp,100,1115025,0.018036367574596656
GW-REFERENCE,a8_cost_share_pp,100,1115026,0.11258284028935128
GW-REFERENCE,a8_cost_share_pp,100,1115027,0.17671619107836012
GW-REFERENCE,a8_cost_share_pp,100,1115028,0.06295625773593758
GW-REFERENCE,a8_cost_share_pp,100,1115029,0.20456128005240476
GW-REFERENCE,a8_cost_share_pp,100,1115030,0.018217330869566513
GW-REFERENCE,a8_cost_share_pp,100,1115031,0.3867722409137541
GW-REFERENCE,a8_cost_share_pp,100,1115032,0.12755648967178904
GW-REFERENCE,a8_proposals_per_call_diff,50,1105001,1.504936880681334
GW-REFERENCE,a8_proposals_per_call_diff,50,1105002,1.2885055086096329
GW-REFERENCE,a8_proposals_per_call_diff,50,1105003,1.1700236044408152
GW-REFERENCE,a8_proposals_per_call_diff,50,1105004,1.439268877724598
GW-REFERENCE,a8_proposals_per_call_diff,50,1105005,1.328974774348386
GW-REFERENCE,a8_proposals_per_call_diff,50,1105006,0.7565747961370561
GW-REFERENCE,a8_proposals_per_call_diff,50,1105007,0.9936317961678572
GW-REFERENCE,a8_proposals_per_call_diff,50,1105008,0.9924021711344955
GW-REFERENCE,a8_proposals_per_call_diff,50,1105009,0.8691371404685351
GW-REFERENCE,a8_proposals_per_call_diff,50,1105010,0.9420898814208037
GW-REFERENCE,a8_proposals_per_call_diff,50,1105011,0.8275950088540331
GW-REFERENCE,a8_proposals_per_call_diff,50,1105012,0.7879226010141163
GW-REFERENCE,a8_proposals_per_call_diff,50,1105013,1.8450150075818157
GW-REFERENCE,a8_proposals_per_call_diff,50,1105014,1.0842096169344713
GW-REFERENCE,a8_proposals_per_call_diff,50,1105015,1.4674223150550953
GW-REFERENCE,a8_proposals_per_call_diff,50,1105016,0.8870892366945853
GW-REFERENCE,a8_proposals_per_call_diff,50,1105017,1.331858437090276
GW-REFERENCE,a8_proposals_per_call_diff,50,1105018,0.4489870653635658
GW-REFERENCE,a8_proposals_per_call_diff,50,1105019,1.1933024504611165
GW-REFERENCE,a8_proposals_per_call_diff,50,1105020,0.949272583768292
GW-REFERENCE,a8_proposals_per_call_diff,50,1105021,1.6458590341330177
GW-REFERENCE,a8_proposals_per_call_diff,50,1105022,0.9208410047921208
GW-REFERENCE,a8_proposals_per_call_diff,50,1105023,0.9901106329731704
GW-REFERENCE,a8_proposals_per_call_diff,50,1105024,1.2037141370747406
GW-REFERENCE,a8_proposals_per_call_diff,50,1105025,1.571119725176339
GW-REFERENCE,a8_proposals_per_call_diff,50,1105026,1.2895627510003151
GW-REFERENCE,a8_proposals_per_call_diff,50,1105027,1.7061351871507684
GW-REFERENCE,a8_proposals_per_call_diff,50,1105028,1.210632697021937
GW-REFERENCE,a8_proposals_per_call_diff,50,1105029,1.1922528809747872
GW-REFERENCE,a8_proposals_per_call_diff,50,1105030,1.5447319795746477
GW-REFERENCE,a8_proposals_per_call_diff,50,1105031,1.5275592059160163
GW-REFERENCE,a8_proposals_per_call_diff,50,1105032,0.6753031071271032
GW-REFERENCE,a8_proposals_per_call_diff,100,1115001,0.3419558599438307
GW-REFERENCE,a8_proposals_per_call_diff,100,1115002,0.6136834078116697
GW-REFERENCE,a8_proposals_per_call_diff,100,1115003,0.7197237187051062
GW-REFERENCE,a8_proposals_per_call_diff,100,1115004,0.40121625277426093
GW-REFERENCE,a8_proposals_per_call_diff,100,1115005,0.6856810733671794
GW-REFERENCE,a8_proposals_per_call_diff,100,1115006,0.8086651989135054
GW-REFERENCE,a8_proposals_per_call_diff,100,1115007,0.5912483557341542
GW-REFERENCE,a8_proposals_per_call_diff,100,1115008,0.19822748993848233
GW-REFERENCE,a8_proposals_per_call_diff,100,1115009,0.532027052109532
GW-REFERENCE,a8_proposals_per_call_diff,100,1115010,0.9180946051426724
GW-REFERENCE,a8_proposals_per_call_diff,100,1115011,0.5601567610097261
GW-REFERENCE,a8_proposals_per_call_diff,100,1115012,0.3384981008158615
GW-REFERENCE,a8_proposals_per_call_diff,100,1115013,0.7794712807836268
GW-REFERENCE,a8_proposals_per_call_diff,100,1115014,0.29570891657672105
GW-REFERENCE,a8_proposals_per_call_diff,100,1115015,0.7547639556622406
GW-REFERENCE,a8_proposals_per_call_diff,100,1115016,0.7235599620097334
GW-REFERENCE,a8_proposals_per_call_diff,100,1115017,0.940096010597216
GW-REFERENCE,a8_proposals_per_call_diff,100,1115018,0.6755383146917573
GW-REFERENCE,a8_proposals_per_call_diff,100,1115019,0.649956653071445
GW-REFERENCE,a8_proposals_per_call_diff,100,1115020,0.2331663141810888
GW-REFERENCE,a8_proposals_per_call_diff,100,1115021,0.4919535070933253
GW-REFERENCE,a8_proposals_per_call_diff,100,1115022,0.8049279472619247
GW-REFERENCE,a8_proposals_per_call_diff,100,1115023,0.8187046802675995
GW-REFERENCE,a8_proposals_per_call_diff,100,1115024,0.31091721732605637
GW-REFERENCE,a8_proposals_per_call_diff,100,1115025,0.5085714316093567
GW-REFERENCE,a8_proposals_per_call_diff,100,1115026,0.6906928538851224
GW-REFERENCE,a8_proposals_per_call_diff,100,1115027,0.8079563151832921
GW-REFERENCE,a8_proposals_per_call_diff,100,1115028,0.5204791720174808
GW-REFERENCE,a8_proposals_per_call_diff,100,1115029,0.4732302638901215
GW-REFERENCE,a8_proposals_per_call_diff,100,1115030,0.3738529754451132
GW-REFERENCE,a8_proposals_per_call_diff,100,1115031,0.760280721803813
GW-REFERENCE,a8_proposals_per_call_diff,100,1115032,0.5099531959883647
GW-LEGACY,hv_diff,50,1105001,-0.034012649216039026
GW-LEGACY,hv_diff,50,1105002,0.07143707408398803
GW-LEGACY,hv_diff,50,1105003,-0.008619901639546568
GW-LEGACY,hv_diff,50,1105004,-0.028733061854134684
GW-LEGACY,hv_diff,50,1105005,0.06593970705634197
GW-LEGACY,hv_diff,50,1105006,-0.12864536165099796
GW-LEGACY,hv_diff,50,1105007,0.06025970893341323
GW-LEGACY,hv_diff,50,1105008,0.07488977797224408
GW-LEGACY,hv_diff,50,1105009,0.03033549359993118
GW-LEGACY,hv_diff,50,1105010,-0.16404160315684466
GW-LEGACY,hv_diff,50,1105011,-0.0176181229398735
GW-LEGACY,hv_diff,50,1105012,0.019344896370905834
GW-LEGACY,hv_diff,50,1105013,0.020892845784801106
GW-LEGACY,hv_diff,50,1105014,-0.04732287422453704
GW-LEGACY,hv_diff,50,1105015,0.062001710743156024
GW-LEGACY,hv_diff,50,1105016,-0.006195718066581868
GW-LEGACY,hv_diff,50,1105017,-0.16785156618292738
GW-LEGACY,hv_diff,50,1105018,-0.05754302639255571
GW-LEGACY,hv_diff,50,1105019,-0.02770482322927509
GW-LEGACY,hv_diff,50,1105020,0.08752216440106758
GW-LEGACY,hv_diff,50,1105021,0.11189984387165164
GW-LEGACY,hv_diff,50,1105022,0.0831107969191072
GW-LEGACY,hv_diff,50,1105023,0.0379312983881851
GW-LEGACY,hv_diff,50,1105024,0.019669236449260608
GW-LEGACY,hv_diff,50,1105025,-0.03621489394748231
GW-LEGACY,hv_diff,50,1105026,0.08217109602777006
GW-LEGACY,hv_diff,50,1105027,0.051206052658156476
GW-LEGACY,hv_diff,50,1105028,0.08064562967435018
GW-LEGACY,hv_diff,50,1105029,-0.05525837435429029
GW-LEGACY,hv_diff,50,1105030,0.031367974779705515
GW-LEGACY,hv_diff,50,1105031,-0.0959673131201014
GW-LEGACY,hv_diff,50,1105032,-0.06073973419494991
GW-LEGACY,hv_diff,100,1115001,-0.02512657617598016
GW-LEGACY,hv_diff,100,1115002,0.03266418447658964
GW-LEGACY,hv_diff,100,1115003,0.037867607412124776
GW-LEGACY,hv_diff,100,1115004,0.025517757587900036
GW-LEGACY,hv_diff,100,1115005,0.057189372208043515
GW-LEGACY,hv_diff,100,1115006,0.019236384979971682
GW-LEGACY,hv_diff,100,1115007,-0.05554242638473075
GW-LEGACY,hv_diff,100,1115008,-0.002422471124284231
GW-LEGACY,hv_diff,100,1115009,0.02224686979736204
GW-LEGACY,hv_diff,100,1115010,-0.010396703360427306
GW-LEGACY,hv_diff,100,1115011,-0.04387610679109169
GW-LEGACY,hv_diff,100,1115012,-0.02621531079133449
GW-LEGACY,hv_diff,100,1115013,0.03530869073579887
GW-LEGACY,hv_diff,100,1115014,-0.044952277752141806
GW-LEGACY,hv_diff,100,1115015,0.03448158049472508
GW-LEGACY,hv_diff,100,1115016,-0.05451149254643248
GW-LEGACY,hv_diff,100,1115017,-0.055505377587417554
GW-LEGACY,hv_diff,100,1115018,-0.030266104557416462
GW-LEGACY,hv_diff,100,1115019,-0.03668394861346466
GW-LEGACY,hv_diff,100,1115020,-0.04326534646037805
GW-LEGACY,hv_diff,100,1115021,0.038770029136226125
GW-LEGACY,hv_diff,100,1115022,0.02533889838132286
GW-LEGACY,hv_diff,100,1115023,-0.009892429506118045
GW-LEGACY,hv_diff,100,1115024,0.04505041868677084
GW-LEGACY,hv_diff,100,1115025,0.010708460106705425
GW-LEGACY,hv_diff,100,1115026,-0.00549305246474896
GW-LEGACY,hv_diff,100,1115027,-0.010211343719356308
GW-LEGACY,hv_diff,100,1115028,0.06511731736670909
GW-LEGACY,hv_diff,100,1115029,0.04983826814145412
GW-LEGACY,hv_diff,100,1115030,-0.04245241432682148
GW-LEGACY,hv_diff,100,1115031,-0.0074936495276927695
GW-LEGACY,hv_diff,100,1115032,-0.06920304308085554
GW-LEGACY,igd_plus_gain,50,1105001,-0.04160652612711591
GW-LEGACY,igd_plus_gain,50,1105002,0.031204450301446505
GW-LEGACY,igd_plus_gain,50,1105003,-0.00662606648172864
GW-LEGACY,igd_plus_gain,50,1105004,-0.00476926110136178
GW-LEGACY,igd_plus_gain,50,1105005,0.040556983016870676
GW-LEGACY,igd_plus_gain,50,1105006,-0.07225919640973119
GW-LEGACY,igd_plus_gain,50,1105007,0.03642295884501667
GW-LEGACY,igd_plus_gain,50,1105008,0.05390468950478004
GW-LEGACY,igd_plus_gain,50,1105009,0.002358789721357323
GW-LEGACY,igd_plus_gain,50,1105010,-0.11526404576003291
GW-LEGACY,igd_plus_gain,50,1105011,-0.02989734769371484
GW-LEGACY,igd_plus_gain,50,1105012,-0.008466957048280464
GW-LEGACY,igd_plus_gain,50,1105013,0.0226819363953625
GW-LEGACY,igd_plus_gain,50,1105014,-0.023524852332290014
GW-LEGACY,igd_plus_gain,50,1105015,0.027352137362867224
GW-LEGACY,igd_plus_gain,50,1105016,-0.020623258308943522
GW-LEGACY,igd_plus_gain,50,1105017,-0.07821726968730523
GW-LEGACY,igd_plus_gain,50,1105018,-0.04087719390825322
GW-LEGACY,igd_plus_gain,50,1105019,-0.015053807401476146
GW-LEGACY,igd_plus_gain,50,1105020,0.04331442007808936
GW-LEGACY,igd_plus_gain,50,1105021,0.06072348746095767
GW-LEGACY,igd_plus_gain,50,1105022,0.055445221714968254
GW-LEGACY,igd_plus_gain,50,1105023,0.02616241076342243
GW-LEGACY,igd_plus_gain,50,1105024,0.02187984102608597
GW-LEGACY,igd_plus_gain,50,1105025,-0.04119403902827937
GW-LEGACY,igd_plus_gain,50,1105026,0.03466860831304323
GW-LEGACY,igd_plus_gain,50,1105027,0.022070467703161407
GW-LEGACY,igd_plus_gain,50,1105028,0.04373414256797954
GW-LEGACY,igd_plus_gain,50,1105029,-0.028376482654294537
GW-LEGACY,igd_plus_gain,50,1105030,0.009911455066812555
GW-LEGACY,igd_plus_gain,50,1105031,-0.06904003265168354
GW-LEGACY,igd_plus_gain,50,1105032,-0.018614706604123385
GW-LEGACY,igd_plus_gain,100,1115001,-0.02280322249114059
GW-LEGACY,igd_plus_gain,100,1115002,0.024934295493724744
GW-LEGACY,igd_plus_gain,100,1115003,0.004610978701754262
GW-LEGACY,igd_plus_gain,100,1115004,0.03364941017902551
GW-LEGACY,igd_plus_gain,100,1115005,0.0054424252952243474
GW-LEGACY,igd_plus_gain,100,1115006,-0.0019111768750769802
GW-LEGACY,igd_plus_gain,100,1115007,-0.004563764074948364
GW-LEGACY,igd_plus_gain,100,1115008,-0.0015885560211027737
GW-LEGACY,igd_plus_gain,100,1115009,0.011639202392110914
GW-LEGACY,igd_plus_gain,100,1115010,-0.00544758143204763
GW-LEGACY,igd_plus_gain,100,1115011,-0.02217137523283613
GW-LEGACY,igd_plus_gain,100,1115012,-0.0005504933455720701
GW-LEGACY,igd_plus_gain,100,1115013,0.005529873441450098
GW-LEGACY,igd_plus_gain,100,1115014,-0.031958496326880026
GW-LEGACY,igd_plus_gain,100,1115015,0.00299357413976337
GW-LEGACY,igd_plus_gain,100,1115016,-0.0323891615764825
GW-LEGACY,igd_plus_gain,100,1115017,-0.04754679544857192
GW-LEGACY,igd_plus_gain,100,1115018,-0.005760055721113155
GW-LEGACY,igd_plus_gain,100,1115019,-0.023470120947582135
GW-LEGACY,igd_plus_gain,100,1115020,-0.0051195685175788805
GW-LEGACY,igd_plus_gain,100,1115021,0.00978754293288701
GW-LEGACY,igd_plus_gain,100,1115022,0.0279980692680718
GW-LEGACY,igd_plus_gain,100,1115023,0.001331960546092659
GW-LEGACY,igd_plus_gain,100,1115024,0.03105798066139542
GW-LEGACY,igd_plus_gain,100,1115025,0.017158570980318064
GW-LEGACY,igd_plus_gain,100,1115026,-0.018890667368038516
GW-LEGACY,igd_plus_gain,100,1115027,0.019876476117255383
GW-LEGACY,igd_plus_gain,100,1115028,0.023668620184913898
GW-LEGACY,igd_plus_gain,100,1115029,0.040564175814456455
GW-LEGACY,igd_plus_gain,100,1115030,-0.016172554460239713
GW-LEGACY,igd_plus_gain,100,1115031,-0.020420051477580647
GW-LEGACY,igd_plus_gain,100,1115032,-0.016031455511979126
GW-LEGACY,hv_pct,50,1105001,-2.7784956448246216
GW-LEGACY,hv_pct,50,1105002,7.625553607416727
GW-LEGACY,hv_pct,50,1105003,-0.1284757653128774
GW-LEGACY,hv_pct,50,1105004,-2.3829153381861556
GW-LEGACY,hv_pct,50,1105005,8.636190006872475
GW-LEGACY,hv_pct,50,1105006,-12.688404863878445
GW-LEGACY,hv_pct,50,1105007,6.612384504641718
GW-LEGACY,hv_pct,50,1105008,9.035333782702276
GW-LEGACY,hv_pct,50,1105009,3.2520246863503046
GW-LEGACY,hv_pct,50,1105010,-16.758618104032315
GW-LEGACY,hv_pct,50,1105011,-2.004675354059113
GW-LEGACY,hv_pct,50,1105012,2.1489536358826857
GW-LEGACY,hv_pct,50,1105013,2.6327544713939663
GW-LEGACY,hv_pct,50,1105014,-4.533294635579804
GW-LEGACY,hv_pct,50,1105015,6.861517716986582
GW-LEGACY,hv_pct,50,1105016,-0.5009791688172283
GW-LEGACY,hv_pct,50,1105017,-16.710203482338216
GW-LEGACY,hv_pct,50,1105018,-6.208363510654813
GW-LEGACY,hv_pct,50,1105019,-2.606480916114407
GW-LEGACY,hv_pct,50,1105020,11.579144858340076
GW-LEGACY,hv_pct,50,1105021,13.558133590141068
GW-LEGACY,hv_pct,50,1105022,10.803332641404634
GW-LEGACY,hv_pct,50,1105023,4.899592836656988
GW-LEGACY,hv_pct,50,1105024,2.4898073952152266
GW-LEGACY,hv_pct,50,1105025,-3.701481700470466
GW-LEGACY,hv_pct,50,1105026,8.58606881144972
GW-LEGACY,hv_pct,50,1105027,5.879425658392629
GW-LEGACY,hv_pct,50,1105028,15.22098691561869
GW-LEGACY,hv_pct,50,1105029,-5.365966553634224
GW-LEGACY,hv_pct,50,1105030,3.1472241213675503
GW-LEGACY,hv_pct,50,1105031,-11.064579858297366
GW-LEGACY,hv_pct,50,1105032,-5.468608664815716
GW-LEGACY,hv_pct,100,1115001,-3.0439504134540494
GW-LEGACY,hv_pct,100,1115002,4.955192418199214
GW-LEGACY,hv_pct,100,1115003,5.264227806353231
GW-LEGACY,hv_pct,100,1115004,3.350920302043095
GW-LEGACY,hv_pct,100,1115005,7.325689784462191
GW-LEGACY,hv_pct,100,1115006,2.042507674751848
GW-LEGACY,hv_pct,100,1115007,-6.0079423084978405
GW-LEGACY,hv_pct,100,1115008,-0.10364917512241101
GW-LEGACY,hv_pct,100,1115009,2.8977048146334674
GW-LEGACY,hv_pct,100,1115010,-1.3203754869150988
GW-LEGACY,hv_pct,100,1115011,-3.858613602155744
GW-LEGACY,hv_pct,100,1115012,-3.0926119478582454
GW-LEGACY,hv_pct,100,1115013,3.9691691148046715
GW-LEGACY,hv_pct,100,1115014,-4.790907729966593
GW-LEGACY,hv_pct,100,1115015,4.591230366687766
GW-LEGACY,hv_pct,100,1115016,-7.881489146993406
GW-LEGACY,hv_pct,100,1115017,-5.60298657187559
GW-LEGACY,hv_pct,100,1115018,-3.0741412289137986
GW-LEGACY,hv_pct,100,1115019,-3.5307163996127207
GW-LEGACY,hv_pct,100,1115020,-4.692867149264507
GW-LEGACY,hv_pct,100,1115021,7.0184024062364365
GW-LEGACY,hv_pct,100,1115022,3.3393759018332996
GW-LEGACY,hv_pct,100,1115023,-0.7196932851541464
GW-LEGACY,hv_pct,100,1115024,5.5863054125960705
GW-LEGACY,hv_pct,100,1115025,2.3495447452710345
GW-LEGACY,hv_pct,100,1115026,-0.20386283626485913
GW-LEGACY,hv_pct,100,1115027,-0.6706952826725316
GW-LEGACY,hv_pct,100,1115028,8.002702065154992
GW-LEGACY,hv_pct,100,1115029,5.969233605107726
GW-LEGACY,hv_pct,100,1115030,-4.845537851686501
GW-LEGACY,hv_pct,100,1115031,-0.5019221052019187
GW-LEGACY,hv_pct,100,1115032,-7.56913994848894
GW-LEGACY,igd_gain,50,1105001,-0.0349642282190583
GW-LEGACY,igd_gain,50,1105002,0.06266349317728362
GW-LEGACY,igd_gain,50,1105003,-4.162335265981386e-05
GW-LEGACY,igd_gain,50,1105004,-0.003644904078429472
GW-LEGACY,igd_gain,50,1105005,0.048075666682213046
GW-LEGACY,igd_gain,50,1105006,-0.07317117038040694
GW-LEGACY,igd_gain,50,1105007,0.03975405055641679
GW-LEGACY,igd_gain,50,1105008,0.05398084773968745
GW-LEGACY,igd_gain,50,1105009,0.0328626109447461
GW-LEGACY,igd_gain,50,1105010,-0.0935213456225038
GW-LEGACY,igd_gain,50,1105011,-0.024004064148745417
GW-LEGACY,igd_gain,50,1105012,-0.009110619027050484
GW-LEGACY,igd_gain,50,1105013,-0.0005832429411109317
GW-LEGACY,igd_gain,50,1105014,-0.00888528539821705
GW-LEGACY,igd_gain,50,1105015,0.019910348381881292
GW-LEGACY,igd_gain,50,1105016,-0.01254357113785256
GW-LEGACY,igd_gain,50,1105017,-0.07937659405566622
GW-LEGACY,igd_gain,50,1105018,-0.030578124601325783
GW-LEGACY,igd_gain,50,1105019,-0.02364613366411883
GW-LEGACY,igd_gain,50,1105020,0.04939369508060299
GW-LEGACY,igd_gain,50,1105021,0.06238025199327853
GW-LEGACY,igd_gain,50,1105022,0.040817131160572145
GW-LEGACY,igd_gain,50,1105023,0.032756879374098144
GW-LEGACY,igd_gain,50,1105024,0.01281102670120033
GW-LEGACY,igd_gain,50,1105025,-0.03799482422847555
GW-LEGACY,igd_gain,50,1105026,0.03389102459137094
GW-LEGACY,igd_gain,50,1105027,0.024863189122491046
GW-LEGACY,igd_gain,50,1105028,0.05128627147720295
GW-LEGACY,igd_gain,50,1105029,-0.03052570179543102
GW-LEGACY,igd_gain,50,1105030,0.015980374982359775
GW-LEGACY,igd_gain,50,1105031,-0.05838852450890341
GW-LEGACY,igd_gain,50,1105032,-0.02318781173475191
GW-LEGACY,igd_gain,100,1115001,-0.023243906181531666
GW-LEGACY,igd_gain,100,1115002,0.025464016312331906
GW-LEGACY,igd_gain,100,1115003,-0.008392552394283484
GW-LEGACY,igd_gain,100,1115004,0.03182567629238773
GW-LEGACY,igd_gain,100,1115005,0.009540157168841419
GW-LEGACY,igd_gain,100,1115006,-0.001734317426259846
GW-LEGACY,igd_gain,100,1115007,-0.004763993460667297
GW-LEGACY,igd_gain,100,1115008,0.004057346216274613
GW-LEGACY,igd_gain,100,1115009,0.013639693213933522
GW-LEGACY,igd_gain,100,1115010,-0.002724403801673072
GW-LEGACY,igd_gain,100,1115011,-0.010241461032651526
GW-LEGACY,igd_gain,100,1115012,-0.0015756497964448477
GW-LEGACY,igd_gain,100,1115013,-0.000496068180002189
GW-LEGACY,igd_gain,100,1115014,-0.03859870706054475
GW-LEGACY,igd_gain,100,1115015,0.003318540244704741
GW-LEGACY,igd_gain,100,1115016,-0.024090742208322656
GW-LEGACY,igd_gain,100,1115017,-0.03801020683384023
GW-LEGACY,igd_gain,100,1115018,0.0022643734066240505
GW-LEGACY,igd_gain,100,1115019,-0.024109665487850117
GW-LEGACY,igd_gain,100,1115020,0.0012601473272087337
GW-LEGACY,igd_gain,100,1115021,0.011936487212290708
GW-LEGACY,igd_gain,100,1115022,0.010089252852887198
GW-LEGACY,igd_gain,100,1115023,0.0018737735381792707
GW-LEGACY,igd_gain,100,1115024,0.04027131864124728
GW-LEGACY,igd_gain,100,1115025,-0.008358677116188633
GW-LEGACY,igd_gain,100,1115026,-0.017711313941274995
GW-LEGACY,igd_gain,100,1115027,0.018284513470488206
GW-LEGACY,igd_gain,100,1115028,0.022233947843465496
GW-LEGACY,igd_gain,100,1115029,0.015110611660438752
GW-LEGACY,igd_gain,100,1115030,-0.019311051589028842
GW-LEGACY,igd_gain,100,1115031,-0.019942224648286877
GW-LEGACY,igd_gain,100,1115032,-0.02127651494375356
GW-LEGACY,coverage_net,50,1105001,-0.18702344183012096
GW-LEGACY,coverage_net,50,1105002,0.04983921896975657
GW-LEGACY,coverage_net,50,1105003,0.05362031034110277
GW-LEGACY,coverage_net,50,1105004,-0.1778459124715711
GW-LEGACY,coverage_net,50,1105005,0.2832313467164026
GW-LEGACY,coverage_net,50,1105006,-0.028218048662755235
GW-LEGACY,coverage_net,50,1105007,0.6432344265424724
GW-LEGACY,coverage_net,50,1105008,0.10390176758016861
GW-LEGACY,coverage_net,50,1105009,-0.09608196357617674
GW-LEGACY,coverage_net,50,1105010,-0.5845073499896705
GW-LEGACY,coverage_net,50,1105011,-0.25679421106165784
GW-LEGACY,coverage_net,50,1105012,0.09712714029657044
GW-LEGACY,coverage_net,50,1105013,0.24592096922376175
GW-LEGACY,coverage_net,50,1105014,-0.25997782164425287
GW-LEGACY,coverage_net,50,1105015,0.28225668841142654
GW-LEGACY,coverage_net,50,1105016,-0.3493175601698139
GW-LEGACY,coverage_net,50,1105017,-0.3727254091139332
GW-LEGACY,coverage_net,50,1105018,-0.16719067637103796
GW-LEGACY,coverage_net,50,1105019,0.06482592802624826
GW-LEGACY,coverage_net,50,1105020,-0.04342328717592592
GW-LEGACY,coverage_net,50,1105021,0.37754333631285547
GW-LEGACY,coverage_net,50,1105022,0.7323318176650626
GW-LEGACY,coverage_net,50,1105023,-0.21959941466036384
GW-LEGACY,coverage_net,50,1105024,0.1897054989662814
GW-LEGACY,coverage_net,50,1105025,-0.8387714368202324
GW-LEGACY,coverage_net,50,1105026,0.028371127513477715
GW-LEGACY,coverage_net,50,1105027,-0.028689243552825892
GW-LEGACY,coverage_net,50,1105028,0.12198014550713081
GW-LEGACY,coverage_net,50,1105029,-0.13121829696389137
GW-LEGACY,coverage_net,50,1105030,0.22784624744905727
GW-LEGACY,coverage_net,50,1105031,-0.09720576993635863
GW-LEGACY,coverage_net,50,1105032,0.04037358108299144
GW-LEGACY,coverage_net,100,1115001,-0.5624099081685423
GW-LEGACY,coverage_net,100,1115002,0.15958675204921915
GW-LEGACY,coverage_net,100,1115003,0.17074514412481628
GW-LEGACY,coverage_net,100,1115004,0.28609671131270986
GW-LEGACY,coverage_net,100,1115005,-0.2407710808184027
GW-LEGACY,coverage_net,100,1115006,-0.06746515952244508
GW-LEGACY,coverage_net,100,1115007,0.1273578579947653
GW-LEGACY,coverage_net,100,1115008,-0.2224716424350454
GW-LEGACY,coverage_net,100,1115009,-0.10026530472082108
GW-LEGACY,coverage_net,100,1115010,0.00720840769048825
GW-LEGACY,coverage_net,100,1115011,0.054509498479406865
GW-LEGACY,coverage_net,100,1115012,-0.25907974967814396
GW-LEGACY,coverage_net,100,1115013,0.08084434244945572
GW-LEGACY,coverage_net,100,1115014,-0.32893527592023925
GW-LEGACY,coverage_net,100,1115015,-0.19822005401967832
GW-LEGACY,coverage_net,100,1115016,-0.5999445057417925
GW-LEGACY,coverage_net,100,1115017,-0.3453821580834636
GW-LEGACY,coverage_net,100,1115018,-0.18804064113022334
GW-LEGACY,coverage_net,100,1115019,-0.23206959740516797
GW-LEGACY,coverage_net,100,1115020,0.20796610961702955
GW-LEGACY,coverage_net,100,1115021,-0.1512753244202067
GW-LEGACY,coverage_net,100,1115022,0.37711906876164925
GW-LEGACY,coverage_net,100,1115023,0.21233564375439024
GW-LEGACY,coverage_net,100,1115024,0.27105875588843986
GW-LEGACY,coverage_net,100,1115025,0.2135689810236026
GW-LEGACY,coverage_net,100,1115026,-0.11692653617695081
GW-LEGACY,coverage_net,100,1115027,0.20540762475517244
GW-LEGACY,coverage_net,100,1115028,0.2426881076155336
GW-LEGACY,coverage_net,100,1115029,0.45169301475772045
GW-LEGACY,coverage_net,100,1115030,-0.2794064366132233
GW-LEGACY,coverage_net,100,1115031,-0.1475858644051061
GW-LEGACY,coverage_net,100,1115032,0.5005602278228003
GW-LEGACY,flow_gain_pct,50,1105001,0.0
GW-LEGACY,flow_gain_pct,50,1105002,-0.04432624113475114
GW-LEGACY,flow_gain_pct,50,1105003,0.06412074906812781
GW-LEGACY,flow_gain_pct,50,1105004,0.0
GW-LEGACY,flow_gain_pct,50,1105005,0.023342670401493848
GW-LEGACY,flow_gain_pct,50,1105006,0.0
GW-LEGACY,flow_gain_pct,50,1105007,0.0
GW-LEGACY,flow_gain_pct,50,1105008,-0.04638187170534769
GW-LEGACY,flow_gain_pct,50,1105009,-0.2784005306459447
GW-LEGACY,flow_gain_pct,50,1105010,0.0
GW-LEGACY,flow_gain_pct,50,1105011,-0.06521739130435078
GW-LEGACY,flow_gain_pct,50,1105012,0.0
GW-LEGACY,flow_gain_pct,50,1105013,0.0
GW-LEGACY,flow_gain_pct,50,1105014,-0.18988542125213115
GW-LEGACY,flow_gain_pct,50,1105015,0.021417948580157442
GW-LEGACY,flow_gain_pct,50,1105016,-0.018838455492611872
GW-LEGACY,flow_gain_pct,50,1105017,0.0
GW-LEGACY,flow_gain_pct,50,1105018,-0.13246988364774004
GW-LEGACY,flow_gain_pct,50,1105019,0.02299908003679796
GW-LEGACY,flow_gain_pct,50,1105020,-1.824724284171797e-05
GW-LEGACY,flow_gain_pct,50,1105021,-0.14997559061765697
GW-LEGACY,flow_gain_pct,50,1105022,0.021948531169019292
GW-LEGACY,flow_gain_pct,50,1105023,0.07274504486179945
GW-LEGACY,flow_gain_pct,50,1105024,-0.2781646549055994
GW-LEGACY,flow_gain_pct,50,1105025,-0.02039151712887599
GW-LEGACY,flow_gain_pct,50,1105026,-0.06807845779420174
GW-LEGACY,flow_gain_pct,50,1105027,0.0614922201750967
GW-LEGACY,flow_gain_pct,50,1105028,-0.023040816374930717
GW-LEGACY,flow_gain_pct,50,1105029,0.17123287671232945
GW-LEGACY,flow_gain_pct,50,1105030,-0.1747488985708867
GW-LEGACY,flow_gain_pct,50,1105031,0.09144949328533936
GW-LEGACY,flow_gain_pct,50,1105032,0.06262130559167856
GW-LEGACY,flow_gain_pct,100,1115001,0.22112152599940427
GW-LEGACY,flow_gain_pct,100,1115002,-0.15117158301273248
GW-LEGACY,flow_gain_pct,100,1115003,0.2605338740231722
GW-LEGACY,flow_gain_pct,100,1115004,-0.18308033031459447
GW-LEGACY,flow_gain_pct,100,1115005,0.4163430157576087
GW-LEGACY,flow_gain_pct,100,1115006,-0.33035780622380495
GW-LEGACY,flow_gain_pct,100,1115007,-0.03995205753096198
GW-LEGACY,flow_gain_pct,100,1115008,0.027828099828433595
GW-LEGACY,flow_gain_pct,100,1115009,-0.46912430338927336
GW-LEGACY,flow_gain_pct,100,1115010,0.0
GW-LEGACY,flow_gain_pct,100,1115011,0.8671069919046898
GW-LEGACY,flow_gain_pct,100,1115012,-0.06700204056335202
GW-LEGACY,flow_gain_pct,100,1115013,-0.6028089599585229
GW-LEGACY,flow_gain_pct,100,1115014,0.3205448974564262
GW-LEGACY,flow_gain_pct,100,1115015,0.921568168159101
GW-LEGACY,flow_gain_pct,100,1115016,-0.11205511148729141
GW-LEGACY,flow_gain_pct,100,1115017,0.19888623707239317
GW-LEGACY,flow_gain_pct,100,1115018,-0.04107446142844473
GW-LEGACY,flow_gain_pct,100,1115019,-0.49227393269786757
GW-LEGACY,flow_gain_pct,100,1115020,0.3906071452244586
GW-LEGACY,flow_gain_pct,100,1115021,-0.06339842345323699
GW-LEGACY,flow_gain_pct,100,1115022,-0.34985420433186754
GW-LEGACY,flow_gain_pct,100,1115023,-0.32968232664094543
GW-LEGACY,flow_gain_pct,100,1115024,0.2743073653316719
GW-LEGACY,flow_gain_pct,100,1115025,0.6085473838874672
GW-LEGACY,flow_gain_pct,100,1115026,0.20420216077680908
GW-LEGACY,flow_gain_pct,100,1115027,1.2460594185811331
GW-LEGACY,flow_gain_pct,100,1115028,0.4641107285513868
GW-LEGACY,flow_gain_pct,100,1115029,0.020759742186063357
GW-LEGACY,flow_gain_pct,100,1115030,-0.4356201174189278
GW-LEGACY,flow_gain_pct,100,1115031,-0.08613264427217993
GW-LEGACY,flow_gain_pct,100,1115032,-0.6862166383183432
GW-LEGACY,bill_gain_pct,50,1105001,0.33255281781183754
GW-LEGACY,bill_gain_pct,50,1105002,3.805577169424659
GW-LEGACY,bill_gain_pct,50,1105003,-0.21317116267324532
GW-LEGACY,bill_gain_pct,50,1105004,0.4667065490902429
GW-LEGACY,bill_gain_pct,50,1105005,3.329993056931616
GW-LEGACY,bill_gain_pct,50,1105006,-3.5079871277325734
GW-LEGACY,bill_gain_pct,50,1105007,1.5081786670750053
GW-LEGACY,bill_gain_pct,50,1105008,1.553403329378958
GW-LEGACY,bill_gain_pct,50,1105009,2.5937907901798454
GW-LEGACY,bill_gain_pct,50,1105010,-1.16624441964292
GW-LEGACY,bill_gain_pct,50,1105011,1.493698981161695
GW-LEGACY,bill_gain_pct,50,1105012,2.1417185596044526
GW-LEGACY,bill_gain_pct,50,1105013,-0.12360010160396284
GW-LEGACY,bill_gain_pct,50,1105014,-1.2973704186330814
GW-LEGACY,bill_gain_pct,50,1105015,3.173967470643191
GW-LEGACY,bill_gain_pct,50,1105016,2.639688720715575
GW-LEGACY,bill_gain_pct,50,1105017,-3.804522834456442
GW-LEGACY,bill_gain_pct,50,1105018,-0.7883630194406439
GW-LEGACY,bill_gain_pct,50,1105019,-0.1213332469113565
GW-LEGACY,bill_gain_pct,50,1105020,3.5050819446048984
GW-LEGACY,bill_gain_pct,50,1105021,4.339273024040363
GW-LEGACY,bill_gain_pct,50,1105022,1.2919410933072029
GW-LEGACY,bill_gain_pct,50,1105023,2.4461208181849354
GW-LEGACY,bill_gain_pct,50,1105024,-1.9183894266118715
GW-LEGACY,bill_gain_pct,50,1105025,1.667972538911877
GW-LEGACY,bill_gain_pct,50,1105026,3.416876805292041
GW-LEGACY,bill_gain_pct,50,1105027,2.6046853214786894
GW-LEGACY,bill_gain_pct,50,1105028,3.7581454071669906
GW-LEGACY,bill_gain_pct,50,1105029,-3.1799173346416962
GW-LEGACY,bill_gain_pct,50,1105030,2.520131772454945
GW-LEGACY,bill_gain_pct,50,1105031,-1.7334181123289216
GW-LEGACY,bill_gain_pct,50,1105032,-2.0689332183313316
GW-LEGACY,bill_gain_pct,100,1115001,0.5354444019693844
GW-LEGACY,bill_gain_pct,100,1115002,1.3086804749073644
GW-LEGACY,bill_gain_pct,100,1115003,0.20234532397021832
GW-LEGACY,bill_gain_pct,100,1115004,0.016382232341194403
GW-LEGACY,bill_gain_pct,100,1115005,3.5721970284715994
GW-LEGACY,bill_gain_pct,100,1115006,1.39036202480704
GW-LEGACY,bill_gain_pct,100,1115007,-2.4507819685746863
GW-LEGACY,bill_gain_pct,100,1115008,0.6325784988802124
GW-LEGACY,bill_gain_pct,100,1115009,2.22379581444671
GW-LEGACY,bill_gain_pct,100,1115010,-0.17657805309250207
GW-LEGACY,bill_gain_pct,100,1115011,-1.631368049374868
GW-LEGACY,bill_gain_pct,100,1115012,-1.2707197778412977
GW-LEGACY,bill_gain_pct,100,1115013,1.7573408372129369
GW-LEGACY,bill_gain_pct,100,1115014,-1.7969064612562702
GW-LEGACY,bill_gain_pct,100,1115015,1.6860051660442217
GW-LEGACY,bill_gain_pct,100,1115016,0.12837898206047038
GW-LEGACY,bill_gain_pct,100,1115017,0.09117847552147784
GW-LEGACY,bill_gain_pct,100,1115018,-0.8503389149366103
GW-LEGACY,bill_gain_pct,100,1115019,-0.7725528069315646
GW-LEGACY,bill_gain_pct,100,1115020,-2.7181807977649908
GW-LEGACY,bill_gain_pct,100,1115021,1.4524160418654342
GW-LEGACY,bill_gain_pct,100,1115022,-0.24605333487276448
GW-LEGACY,bill_gain_pct,100,1115023,-0.16645850663170314
GW-LEGACY,bill_gain_pct,100,1115024,1.1347866635156856
GW-LEGACY,bill_gain_pct,100,1115025,-2.164971072189823
GW-LEGACY,bill_gain_pct,100,1115026,0.9143225598030267
GW-LEGACY,bill_gain_pct,100,1115027,-0.9128455279728248
GW-LEGACY,bill_gain_pct,100,1115028,2.123983908007679
GW-LEGACY,bill_gain_pct,100,1115029,-2.1010612519635568
GW-LEGACY,bill_gain_pct,100,1115030,-1.7181139894480695
GW-LEGACY,bill_gain_pct,100,1115031,-0.18463016917205632
GW-LEGACY,bill_gain_pct,100,1115032,-3.8022826730307044
GW-LEGACY,exact_pct,50,1105001,3.440332682843852
GW-LEGACY,exact_pct,50,1105002,10.1419970501703
GW-LEGACY,exact_pct,50,1105003,0.10032403160420711
GW-LEGACY,exact_pct,50,1105004,0.9797323559229594
GW-LEGACY,exact_pct,50,1105005,3.3857808558141773
GW-LEGACY,exact_pct,50,1105006,-0.6877865152054321
GW-LEGACY,exact_pct,50,1105007,25.377316596611855
GW-LEGACY,exact_pct,50,1105008,14.091343796501203
GW-LEGACY,exact_pct,50,1105009,-0.7734428792656813
GW-LEGACY,exact_pct,50,1105010,-2.0324711689928643
GW-LEGACY,exact_pct,50,1105011,-8.42218720926668
GW-LEGACY,exact_pct,50,1105012,-0.8450223021708891
GW-LEGACY,exact_pct,50,1105013,6.673401984740002
GW-LEGACY,exact_pct,50,1105014,-4.796133684907878
GW-LEGACY,exact_pct,50,1105015,-6.024622538919095
GW-LEGACY,exact_pct,50,1105016,1.9036642422890488
GW-LEGACY,exact_pct,50,1105017,2.662064466278913
GW-LEGACY,exact_pct,50,1105018,7.82525536551667
GW-LEGACY,exact_pct,50,1105019,-6.533371945379496
GW-LEGACY,exact_pct,50,1105020,1.43931904121253
GW-LEGACY,exact_pct,50,1105021,-1.0470311828711107
GW-LEGACY,exact_pct,50,1105022,-8.140280757741658
GW-LEGACY,exact_pct,50,1105023,5.905809475284832
GW-LEGACY,exact_pct,50,1105024,10.852653128982084
GW-LEGACY,exact_pct,50,1105025,-0.0010427435929156736
GW-LEGACY,exact_pct,50,1105026,-9.166588279388678
GW-LEGACY,exact_pct,50,1105027,5.8741924027438195
GW-LEGACY,exact_pct,50,1105028,18.049994888139878
GW-LEGACY,exact_pct,50,1105029,5.010550230219354
GW-LEGACY,exact_pct,50,1105030,10.300004011961194
GW-LEGACY,exact_pct,50,1105031,-7.1337796552515185
GW-LEGACY,exact_pct,50,1105032,-4.812259798445757
GW-LEGACY,exact_pct,100,1115001,0.8001884390725547
GW-LEGACY,exact_pct,100,1115002,-4.057257407588777
GW-LEGACY,exact_pct,100,1115003,1.6229314115106503
GW-LEGACY,exact_pct,100,1115004,1.600966347011334
GW-LEGACY,exact_pct,100,1115005,0.43337770687271737
GW-LEGACY,exact_pct,100,1115006,-1.4569289250251054
GW-LEGACY,exact_pct,100,1115007,0.6373585520530969
GW-LEGACY,exact_pct,100,1115008,-1.1370477463948174
GW-LEGACY,exact_pct,100,1115009,-4.621158953991386
GW-LEGACY,exact_pct,100,1115010,-9.502689860808761
GW-LEGACY,exact_pct,100,1115011,-3.5779241132003645
GW-LEGACY,exact_pct,100,1115012,8.181552008878558
GW-LEGACY,exact_pct,100,1115013,0.7421585394171151
GW-LEGACY,exact_pct,100,1115014,-1.0225992422346621
GW-LEGACY,exact_pct,100,1115015,-5.909198846341093
GW-LEGACY,exact_pct,100,1115016,-10.11056351326286
GW-LEGACY,exact_pct,100,1115017,19.483670116628986
GW-LEGACY,exact_pct,100,1115018,-4.151246361212326
GW-LEGACY,exact_pct,100,1115019,2.359342631626654
GW-LEGACY,exact_pct,100,1115020,10.780828720222704
GW-LEGACY,exact_pct,100,1115021,7.066807702823212
GW-LEGACY,exact_pct,100,1115022,11.345466435965951
GW-LEGACY,exact_pct,100,1115023,2.713890120236659
GW-LEGACY,exact_pct,100,1115024,3.6096906728510487
GW-LEGACY,exact_pct,100,1115025,13.990787588235094
GW-LEGACY,exact_pct,100,1115026,9.001823541846951
GW-LEGACY,exact_pct,100,1115027,8.464693409601725
GW-LEGACY,exact_pct,100,1115028,10.343559919296458
GW-LEGACY,exact_pct,100,1115029,-7.354825479083511
GW-LEGACY,exact_pct,100,1115030,1.8557862014761786
GW-LEGACY,exact_pct,100,1115031,-0.42689466614063676
GW-LEGACY,exact_pct,100,1115032,-5.5354115767131455
GW-LEGACY,offspring_pct,50,1105001,25.532514210971392
GW-LEGACY,offspring_pct,50,1105002,31.994236468081688
GW-LEGACY,offspring_pct,50,1105003,-4.019462987790304
GW-LEGACY,offspring_pct,50,1105004,4.709073967532381
GW-LEGACY,offspring_pct,50,1105005,12.66309868295916
GW-LEGACY,offspring_pct,50,1105006,2.6526101997707165
GW-LEGACY,offspring_pct,50,1105007,36.66523622742896
GW-LEGACY,offspring_pct,50,1105008,13.61525871924787
GW-LEGACY,offspring_pct,50,1105009,-3.848682216612115
GW-LEGACY,offspring_pct,50,1105010,-1.9607223653166388
GW-LEGACY,offspring_pct,50,1105011,-12.482169156421275
GW-LEGACY,offspring_pct,50,1105012,-3.5541553901293823
GW-LEGACY,offspring_pct,50,1105013,-9.239203609750735
GW-LEGACY,offspring_pct,50,1105014,-6.269451317971351
GW-LEGACY,offspring_pct,50,1105015,-18.984971735274478
GW-LEGACY,offspring_pct,50,1105016,24.865214294101396
GW-LEGACY,offspring_pct,50,1105017,30.55597750753479
GW-LEGACY,offspring_pct,50,1105018,9.862399231380946
GW-LEGACY,offspring_pct,50,1105019,-9.033553898431686
GW-LEGACY,offspring_pct,50,1105020,-3.45619617878076
GW-LEGACY,offspring_pct,50,1105021,10.567956397254925
GW-LEGACY,offspring_pct,50,1105022,-15.134592628892483
GW-LEGACY,offspring_pct,50,1105023,13.22132185992306
GW-LEGACY,offspring_pct,50,1105024,21.099113396413323
GW-LEGACY,offspring_pct,50,1105025,-19.749845384600565
GW-LEGACY,offspring_pct,50,1105026,-4.164962636899514
GW-LEGACY,offspring_pct,50,1105027,11.690569348652108
GW-LEGACY,offspring_pct,50,1105028,41.84705548061511
GW-LEGACY,offspring_pct,50,1105029,18.19105024182712
GW-LEGACY,offspring_pct,50,1105030,3.7124714254147064
GW-LEGACY,offspring_pct,50,1105031,-21.09065920705375
GW-LEGACY,offspring_pct,50,1105032,-0.6348310510589243
GW-LEGACY,offspring_pct,100,1115001,-12.893058889497976
GW-LEGACY,offspring_pct,100,1115002,-4.406750687032968
GW-LEGACY,offspring_pct,100,1115003,6.128232995200377
GW-LEGACY,offspring_pct,100,1115004,19.134438895478326
GW-LEGACY,offspring_pct,100,1115005,-12.173501809184524
GW-LEGACY,offspring_pct,100,1115006,-12.162896881780828
GW-LEGACY,offspring_pct,100,1115007,28.249404752303523
GW-LEGACY,offspring_pct,100,1115008,-3.140658613993798
GW-LEGACY,offspring_pct,100,1115009,-6.224327490941009
GW-LEGACY,offspring_pct,100,1115010,3.984262956657442
GW-LEGACY,offspring_pct,100,1115011,20.617752641526717
GW-LEGACY,offspring_pct,100,1115012,19.765203188926453
GW-LEGACY,offspring_pct,100,1115013,16.05516371544359
GW-LEGACY,offspring_pct,100,1115014,-9.125196170957006
GW-LEGACY,offspring_pct,100,1115015,1.6734154924089304
GW-LEGACY,offspring_pct,100,1115016,-10.471144653944888
GW-LEGACY,offspring_pct,100,1115017,9.785550730052506
GW-LEGACY,offspring_pct,100,1115018,-7.656834587624921
GW-LEGACY,offspring_pct,100,1115019,9.744791118860308
GW-LEGACY,offspring_pct,100,1115020,-6.296530056380659
GW-LEGACY,offspring_pct,100,1115021,-17.92639543476364
GW-LEGACY,offspring_pct,100,1115022,43.39650240858402
GW-LEGACY,offspring_pct,100,1115023,0.4899364996810235
GW-LEGACY,offspring_pct,100,1115024,22.33340239655081
GW-LEGACY,offspring_pct,100,1115025,6.657027577336054
GW-LEGACY,offspring_pct,100,1115026,-4.850430715058162
GW-LEGACY,offspring_pct,100,1115027,32.41667373833346
GW-LEGACY,offspring_pct,100,1115028,22.436086410457573
GW-LEGACY,offspring_pct,100,1115029,-3.048648398403958
GW-LEGACY,offspring_pct,100,1115030,9.09117963947384
GW-LEGACY,offspring_pct,100,1115031,9.85699498295068
GW-LEGACY,offspring_pct,100,1115032,9.533516546467116
GW-LEGACY,a8_cost_per_call_pct,50,1105001,22.070697769904836
GW-LEGACY,a8_cost_per_call_pct,50,1105002,12.173305154938214
GW-LEGACY,a8_cost_per_call_pct,50,1105003,10.769689581307274
GW-LEGACY,a8_cost_per_call_pct,50,1105004,13.054719867622099
GW-LEGACY,a8_cost_per_call_pct,50,1105005,6.8122143617397155
GW-LEGACY,a8_cost_per_call_pct,50,1105006,14.513324412775624
GW-LEGACY,a8_cost_per_call_pct,50,1105007,10.534659472969427
GW-LEGACY,a8_cost_per_call_pct,50,1105008,22.885762070093723
GW-LEGACY,a8_cost_per_call_pct,50,1105009,18.43889459307456
GW-LEGACY,a8_cost_per_call_pct,50,1105010,15.34904170482025
GW-LEGACY,a8_cost_per_call_pct,50,1105011,11.94511690860252
GW-LEGACY,a8_cost_per_call_pct,50,1105012,12.632290272197073
GW-LEGACY,a8_cost_per_call_pct,50,1105013,8.443120544889057
GW-LEGACY,a8_cost_per_call_pct,50,1105014,16.746209162299348
GW-LEGACY,a8_cost_per_call_pct,50,1105015,7.853082559892528
GW-LEGACY,a8_cost_per_call_pct,50,1105016,14.166728148621075
GW-LEGACY,a8_cost_per_call_pct,50,1105017,21.28472764929066
GW-LEGACY,a8_cost_per_call_pct,50,1105018,15.170489423970828
GW-LEGACY,a8_cost_per_call_pct,50,1105019,12.367635524977661
GW-LEGACY,a8_cost_per_call_pct,50,1105020,15.613593765634805
GW-LEGACY,a8_cost_per_call_pct,50,1105021,17.029985391617977
GW-LEGACY,a8_cost_per_call_pct,50,1105022,9.466185829287898
GW-LEGACY,a8_cost_per_call_pct,50,1105023,22.236634376779122
GW-LEGACY,a8_cost_per_call_pct,50,1105024,11.405682920725887
GW-LEGACY,a8_cost_per_call_pct,50,1105025,12.75758329981314
GW-LEGACY,a8_cost_per_call_pct,50,1105026,12.253296127601587
GW-LEGACY,a8_cost_per_call_pct,50,1105027,15.934883276311224
GW-LEGACY,a8_cost_per_call_pct,50,1105028,15.10477715724327
GW-LEGACY,a8_cost_per_call_pct,50,1105029,13.9624641392166
GW-LEGACY,a8_cost_per_call_pct,50,1105030,21.559640400967552
GW-LEGACY,a8_cost_per_call_pct,50,1105031,16.383933651931077
GW-LEGACY,a8_cost_per_call_pct,50,1105032,20.24086524779137
GW-LEGACY,a8_cost_per_call_pct,100,1115001,4.835754398448193
GW-LEGACY,a8_cost_per_call_pct,100,1115002,16.008193422245185
GW-LEGACY,a8_cost_per_call_pct,100,1115003,-1.3661892031785365
GW-LEGACY,a8_cost_per_call_pct,100,1115004,12.67531261652983
GW-LEGACY,a8_cost_per_call_pct,100,1115005,5.1226721567913
GW-LEGACY,a8_cost_per_call_pct,100,1115006,1.4437010103072163
GW-LEGACY,a8_cost_per_call_pct,100,1115007,11.092805795632625
GW-LEGACY,a8_cost_per_call_pct,100,1115008,10.730598979292276
GW-LEGACY,a8_cost_per_call_pct,100,1115009,28.82211973165763
GW-LEGACY,a8_cost_per_call_pct,100,1115010,24.309738207950215
GW-LEGACY,a8_cost_per_call_pct,100,1115011,2.120767906236884
GW-LEGACY,a8_cost_per_call_pct,100,1115012,6.345022235106726
GW-LEGACY,a8_cost_per_call_pct,100,1115013,1.097655333350736
GW-LEGACY,a8_cost_per_call_pct,100,1115014,1.4013527082899104
GW-LEGACY,a8_cost_per_call_pct,100,1115015,18.586403656343208
GW-LEGACY,a8_cost_per_call_pct,100,1115016,24.247010972595483
GW-LEGACY,a8_cost_per_call_pct,100,1115017,3.0376708418985268
GW-LEGACY,a8_cost_per_call_pct,100,1115018,8.734881519135893
GW-LEGACY,a8_cost_per_call_pct,100,1115019,2.616224566208511
GW-LEGACY,a8_cost_per_call_pct,100,1115020,3.548966649248586
GW-LEGACY,a8_cost_per_call_pct,100,1115021,6.365837335062587
GW-LEGACY,a8_cost_per_call_pct,100,1115022,-3.0835123650793164
GW-LEGACY,a8_cost_per_call_pct,100,1115023,10.05995870865673
GW-LEGACY,a8_cost_per_call_pct,100,1115024,8.44467239695636
GW-LEGACY,a8_cost_per_call_pct,100,1115025,-0.11393505120959357
GW-LEGACY,a8_cost_per_call_pct,100,1115026,2.6750744992322275
GW-LEGACY,a8_cost_per_call_pct,100,1115027,2.2298397161346957
GW-LEGACY,a8_cost_per_call_pct,100,1115028,-0.2417402041636425
GW-LEGACY,a8_cost_per_call_pct,100,1115029,6.389281063081759
GW-LEGACY,a8_cost_per_call_pct,100,1115030,3.760567989737926
GW-LEGACY,a8_cost_per_call_pct,100,1115031,18.785742019535085
GW-LEGACY,a8_cost_per_call_pct,100,1115032,7.354386739749602
GW-LEGACY,a8_cost_share_pp,50,1105001,0.8289632409191814
GW-LEGACY,a8_cost_share_pp,50,1105002,0.7097281742859957
GW-LEGACY,a8_cost_share_pp,50,1105003,0.532074093891634
GW-LEGACY,a8_cost_share_pp,50,1105004,0.4734384749548581
GW-LEGACY,a8_cost_share_pp,50,1105005,0.6026927682810578
GW-LEGACY,a8_cost_share_pp,50,1105006,0.13471421962942173
GW-LEGACY,a8_cost_share_pp,50,1105007,0.6674152683677977
GW-LEGACY,a8_cost_share_pp,50,1105008,0.7157175179627413
GW-LEGACY,a8_cost_share_pp,50,1105009,0.5116083454755801
GW-LEGACY,a8_cost_share_pp,50,1105010,0.36317437753729004
GW-LEGACY,a8_cost_share_pp,50,1105011,0.3065027466500725
GW-LEGACY,a8_cost_share_pp,50,1105012,-0.10819564066554056
GW-LEGACY,a8_cost_share_pp,50,1105013,0.6236310787312057
GW-LEGACY,a8_cost_share_pp,50,1105014,0.12842767246527936
GW-LEGACY,a8_cost_share_pp,50,1105015,0.5741912876077961
GW-LEGACY,a8_cost_share_pp,50,1105016,0.8020453303463608
GW-LEGACY,a8_cost_share_pp,50,1105017,0.9341179149971859
GW-LEGACY,a8_cost_share_pp,50,1105018,0.28234422475593857
GW-LEGACY,a8_cost_share_pp,50,1105019,0.5557104890744603
GW-LEGACY,a8_cost_share_pp,50,1105020,0.6559738494307767
GW-LEGACY,a8_cost_share_pp,50,1105021,0.8862405734239063
GW-LEGACY,a8_cost_share_pp,50,1105022,0.23397162485537557
GW-LEGACY,a8_cost_share_pp,50,1105023,0.5910374669356138
GW-LEGACY,a8_cost_share_pp,50,1105024,0.9239256911149915
GW-LEGACY,a8_cost_share_pp,50,1105025,0.8465459814189272
GW-LEGACY,a8_cost_share_pp,50,1105026,0.5209625717723678
GW-LEGACY,a8_cost_share_pp,50,1105027,0.8612190005622411
GW-LEGACY,a8_cost_share_pp,50,1105028,0.732283396094311
GW-LEGACY,a8_cost_share_pp,50,1105029,0.8429521470183661
GW-LEGACY,a8_cost_share_pp,50,1105030,1.0582916832487688
GW-LEGACY,a8_cost_share_pp,50,1105031,0.4028048790495931
GW-LEGACY,a8_cost_share_pp,50,1105032,0.31505185615987746
GW-LEGACY,a8_cost_share_pp,100,1115001,0.07546641677332397
GW-LEGACY,a8_cost_share_pp,100,1115002,0.1204618363249963
GW-LEGACY,a8_cost_share_pp,100,1115003,0.1952519291583627
GW-LEGACY,a8_cost_share_pp,100,1115004,0.12101620614900821
GW-LEGACY,a8_cost_share_pp,100,1115005,0.10172912015950117
GW-LEGACY,a8_cost_share_pp,100,1115006,0.14470865462115098
GW-LEGACY,a8_cost_share_pp,100,1115007,0.14243211578072815
GW-LEGACY,a8_cost_share_pp,100,1115008,0.08449081966115046
GW-LEGACY,a8_cost_share_pp,100,1115009,0.2814362522901189
GW-LEGACY,a8_cost_share_pp,100,1115010,0.2850907667054791
GW-LEGACY,a8_cost_share_pp,100,1115011,0.08798385024283806
GW-LEGACY,a8_cost_share_pp,100,1115012,0.1258556485699042
GW-LEGACY,a8_cost_share_pp,100,1115013,0.10222445366905797
GW-LEGACY,a8_cost_share_pp,100,1115014,-0.01414238950646064
GW-LEGACY,a8_cost_share_pp,100,1115015,0.38200300539470466
GW-LEGACY,a8_cost_share_pp,100,1115016,0.12104053176235514
GW-LEGACY,a8_cost_share_pp,100,1115017,0.18235254674619342
GW-LEGACY,a8_cost_share_pp,100,1115018,0.45648693510222016
GW-LEGACY,a8_cost_share_pp,100,1115019,0.24436397275514937
GW-LEGACY,a8_cost_share_pp,100,1115020,0.0543898935302805
GW-LEGACY,a8_cost_share_pp,100,1115021,0.15942808351979484
GW-LEGACY,a8_cost_share_pp,100,1115022,0.10469656229637034
GW-LEGACY,a8_cost_share_pp,100,1115023,0.25377202150594524
GW-LEGACY,a8_cost_share_pp,100,1115024,0.0515253340732203
GW-LEGACY,a8_cost_share_pp,100,1115025,0.09829610340566697
GW-LEGACY,a8_cost_share_pp,100,1115026,0.09637885687653774
GW-LEGACY,a8_cost_share_pp,100,1115027,0.2952438479901305
GW-LEGACY,a8_cost_share_pp,100,1115028,-0.013529811862912411
GW-LEGACY,a8_cost_share_pp,100,1115029,0.23101097000590684
GW-LEGACY,a8_cost_share_pp,100,1115030,-0.0011779061172502575
GW-LEGACY,a8_cost_share_pp,100,1115031,0.2880342107379377
GW-LEGACY,a8_cost_share_pp,100,1115032,0.10775708991066017
GW-LEGACY,a8_proposals_per_call_diff,50,1105001,1.219441287032557
GW-LEGACY,a8_proposals_per_call_diff,50,1105002,1.0818739902580052
GW-LEGACY,a8_proposals_per_call_diff,50,1105003,1.4926376150883163
GW-LEGACY,a8_proposals_per_call_diff,50,1105004,1.3818211905630333
GW-LEGACY,a8_proposals_per_call_diff,50,1105005,1.700074680011381
GW-LEGACY,a8_proposals_per_call_diff,50,1105006,0.6400742593890553
GW-LEGACY,a8_proposals_per_call_diff,50,1105007,1.1085052178594232
GW-LEGACY,a8_proposals_per_call_diff,50,1105008,1.0322925029298569
GW-LEGACY,a8_proposals_per_call_diff,50,1105009,1.0499114062282924
GW-LEGACY,a8_proposals_per_call_diff,50,1105010,1.1106019906155957
GW-LEGACY,a8_proposals_per_call_diff,50,1105011,1.1877039676456456
GW-LEGACY,a8_proposals_per_call_diff,50,1105012,0.6747288136578365
GW-LEGACY,a8_proposals_per_call_diff,50,1105013,1.5551839945895276
GW-LEGACY,a8_proposals_per_call_diff,50,1105014,1.1017664587202014
GW-LEGACY,a8_proposals_per_call_diff,50,1105015,1.261322332262953
GW-LEGACY,a8_proposals_per_call_diff,50,1105016,1.2274553475086
GW-LEGACY,a8_proposals_per_call_diff,50,1105017,1.5381164273785353
GW-LEGACY,a8_proposals_per_call_diff,50,1105018,0.8026949850507384
GW-LEGACY,a8_proposals_per_call_diff,50,1105019,1.1627067003678202
GW-LEGACY,a8_proposals_per_call_diff,50,1105020,0.6199012250672136
GW-LEGACY,a8_proposals_per_call_diff,50,1105021,1.5384171838919494
GW-LEGACY,a8_proposals_per_call_diff,50,1105022,0.8314061452983006
GW-LEGACY,a8_proposals_per_call_diff,50,1105023,0.6743929383016852
GW-LEGACY,a8_proposals_per_call_diff,50,1105024,1.2010474704265062
GW-LEGACY,a8_proposals_per_call_diff,50,1105025,1.641052276525231
GW-LEGACY,a8_proposals_per_call_diff,50,1105026,1.3530424918396944
GW-LEGACY,a8_proposals_per_call_diff,50,1105027,1.7036455457204065
GW-LEGACY,a8_proposals_per_call_diff,50,1105028,1.4967008498899887
GW-LEGACY,a8_proposals_per_call_diff,50,1105029,1.2202241975918007
GW-LEGACY,a8_proposals_per_call_diff,50,1105030,1.433130018650938
GW-LEGACY,a8_proposals_per_call_diff,50,1105031,1.1467958179345759
GW-LEGACY,a8_proposals_per_call_diff,50,1105032,0.6709548725133927
GW-LEGACY,a8_proposals_per_call_diff,100,1115001,0.382696796346658
GW-LEGACY,a8_proposals_per_call_diff,100,1115002,0.5746542380370021
GW-LEGACY,a8_proposals_per_call_diff,100,1115003,0.7980387041840029
GW-LEGACY,a8_proposals_per_call_diff,100,1115004,0.18444261394979722
GW-LEGACY,a8_proposals_per_call_diff,100,1115005,0.5702401825079773
GW-LEGACY,a8_proposals_per_call_diff,100,1115006,0.6237976076046898
GW-LEGACY,a8_proposals_per_call_diff,100,1115007,0.6131665794793181
GW-LEGACY,a8_proposals_per_call_diff,100,1115008,0.4298796342330238
GW-LEGACY,a8_proposals_per_call_diff,100,1115009,0.8971827866881168
GW-LEGACY,a8_proposals_per_call_diff,100,1115010,0.9497971575929383
GW-LEGACY,a8_proposals_per_call_diff,100,1115011,0.6077014431837762
GW-LEGACY,a8_proposals_per_call_diff,100,1115012,0.6455514617931712
GW-LEGACY,a8_proposals_per_call_diff,100,1115013,0.6087525379172849
GW-LEGACY,a8_proposals_per_call_diff,100,1115014,0.40128769105533807
GW-LEGACY,a8_proposals_per_call_diff,100,1115015,0.8455979438072165
GW-LEGACY,a8_proposals_per_call_diff,100,1115016,0.6475007058195785
GW-LEGACY,a8_proposals_per_call_diff,100,1115017,0.8704779803342094
GW-LEGACY,a8_proposals_per_call_diff,100,1115018,0.8788523209718433
GW-LEGACY,a8_proposals_per_call_diff,100,1115019,0.8565050920474789
GW-LEGACY,a8_proposals_per_call_diff,100,1115020,0.15755847114388183
GW-LEGACY,a8_proposals_per_call_diff,100,1115021,0.5850031266414216
GW-LEGACY,a8_proposals_per_call_diff,100,1115022,0.737505508431887
GW-LEGACY,a8_proposals_per_call_diff,100,1115023,1.2604382318074703
GW-LEGACY,a8_proposals_per_call_diff,100,1115024,0.49658876065744245
GW-LEGACY,a8_proposals_per_call_diff,100,1115025,0.8456978195461207
GW-LEGACY,a8_proposals_per_call_diff,100,1115026,0.5414157872099123
GW-LEGACY,a8_proposals_per_call_diff,100,1115027,0.837591892451581
GW-LEGACY,a8_proposals_per_call_diff,100,1115028,0.4309213822655006
GW-LEGACY,a8_proposals_per_call_diff,100,1115029,0.49949862087123853
GW-LEGACY,a8_proposals_per_call_diff,100,1115030,0.366987989418375
GW-LEGACY,a8_proposals_per_call_diff,100,1115031,0.7796375083856211
GW-LEGACY,a8_proposals_per_call_diff,100,1115032,0.49308489459044436
GW-W,hv_diff,50,1105001,-0.06021373458672746
GW-W,hv_diff,50,1105002,-0.0017113120702710594
GW-W,hv_diff,50,1105003,-0.018732220839636132
GW-W,hv_diff,50,1105004,-0.09014380199201003
GW-W,hv_diff,50,1105005,-0.0009450149855519951
GW-W,hv_diff,50,1105006,-0.03175491056883856
GW-W,hv_diff,50,1105007,0.13970135374861828
GW-W,hv_diff,50,1105008,0.040521296330762985
GW-W,hv_diff,50,1105009,0.020811976673808186
GW-W,hv_diff,50,1105010,0.04677462024348386
GW-W,hv_diff,50,1105011,-0.017043969192714503
GW-W,hv_diff,50,1105012,0.024313050326045166
GW-W,hv_diff,50,1105013,-0.04170305381244099
GW-W,hv_diff,50,1105014,-0.026978781467461438
GW-W,hv_diff,50,1105015,0.023415386939305033
GW-W,hv_diff,50,1105016,0.012129346110369588
GW-W,hv_diff,50,1105017,-0.14221830223779514
GW-W,hv_diff,50,1105018,0.0023944673515419734
GW-W,hv_diff,50,1105019,0.048870789218716265
GW-W,hv_diff,50,1105020,0.020066263385646377
GW-W,hv_diff,50,1105021,0.054807465842931086
GW-W,hv_diff,50,1105022,-0.0020399547022456055
GW-W,hv_diff,50,1105023,0.03707042106275074
GW-W,hv_diff,50,1105024,-0.015971076176075127
GW-W,hv_diff,50,1105025,0.007734175566995155
GW-W,hv_diff,50,1105026,0.03526066555376889
GW-W,hv_diff,50,1105027,0.03449462423825611
GW-W,hv_diff,50,1105028,0.054115093340291964
GW-W,hv_diff,50,1105029,-0.08105601779539179
GW-W,hv_diff,50,1105030,-0.007284745158458256
GW-W,hv_diff,50,1105031,-0.007523532367187641
GW-W,hv_diff,50,1105032,-0.03086265703087132
GW-W,hv_diff,100,1115001,-0.037422942301166884
GW-W,hv_diff,100,1115002,0.05467969882989687
GW-W,hv_diff,100,1115003,-0.01018695640005357
GW-W,hv_diff,100,1115004,0.027597863087124253
GW-W,hv_diff,100,1115005,-0.022502357435335907
GW-W,hv_diff,100,1115006,0.010412969183277249
GW-W,hv_diff,100,1115007,-0.008181928929609117
GW-W,hv_diff,100,1115008,-0.013656499468736372
GW-W,hv_diff,100,1115009,0.02646027870660006
GW-W,hv_diff,100,1115010,0.04507917484710769
GW-W,hv_diff,100,1115011,0.02910536387955448
GW-W,hv_diff,100,1115012,0.0177915011653067
GW-W,hv_diff,100,1115013,-0.0006801188241941925
GW-W,hv_diff,100,1115014,-0.020552051813047506
GW-W,hv_diff,100,1115015,0.021514622208210654
GW-W,hv_diff,100,1115016,-0.044566270447295164
GW-W,hv_diff,100,1115017,-0.0039314426055235
GW-W,hv_diff,100,1115018,-0.008148978050923072
GW-W,hv_diff,100,1115019,0.008250005606466437
GW-W,hv_diff,100,1115020,-0.01981020898051561
GW-W,hv_diff,100,1115021,0.011464330307033949
GW-W,hv_diff,100,1115022,-0.009920909688629687
GW-W,hv_diff,100,1115023,-0.009420611154945302
GW-W,hv_diff,100,1115024,-0.04513059516546744
GW-W,hv_diff,100,1115025,-0.008035018691007006
GW-W,hv_diff,100,1115026,-0.015080794890624277
GW-W,hv_diff,100,1115027,-0.00411219862159809
GW-W,hv_diff,100,1115028,-0.0074280415045001325
GW-W,hv_diff,100,1115029,0.03120633404760098
GW-W,hv_diff,100,1115030,-0.018655275847994007
GW-W,hv_diff,100,1115031,0.015563398619060614
GW-W,hv_diff,100,1115032,-0.023332954119682614
GW-W,igd_plus_gain,50,1105001,-0.06136096571432682
GW-W,igd_plus_gain,50,1105002,0.0006926750138364782
GW-W,igd_plus_gain,50,1105003,-0.016315119391500425
GW-W,igd_plus_gain,50,1105004,-0.019979673809802156
GW-W,igd_plus_gain,50,1105005,-0.0009232026959261367
GW-W,igd_plus_gain,50,1105006,-0.002101291184062888
GW-W,igd_plus_gain,50,1105007,0.08190988624581765
GW-W,igd_plus_gain,50,1105008,0.01964399352733999
GW-W,igd_plus_gain,50,1105009,0.012540076724415067
GW-W,igd_plus_gain,50,1105010,0.04228407351335115
GW-W,igd_plus_gain,50,1105011,-0.02131973064653133
GW-W,igd_plus_gain,50,1105012,0.013243850917143581
GW-W,igd_plus_gain,50,1105013,-0.0025724984392174154
GW-W,igd_plus_gain,50,1105014,-0.011823323090114843
GW-W,igd_plus_gain,50,1105015,0.016679373745850174
GW-W,igd_plus_gain,50,1105016,0.003299171550886975
GW-W,igd_plus_gain,50,1105017,-0.06548120447836306
GW-W,igd_plus_gain,50,1105018,0.012627157010328603
GW-W,igd_plus_gain,50,1105019,0.05159159124411125
GW-W,igd_plus_gain,50,1105020,0.01761669457886677
GW-W,igd_plus_gain,50,1105021,0.03292013028703928
GW-W,igd_plus_gain,50,1105022,0.01587784785800648
GW-W,igd_plus_gain,50,1105023,0.02226879604210683
GW-W,igd_plus_gain,50,1105024,-0.004618396839161381
GW-W,igd_plus_gain,50,1105025,-0.004314469437005676
GW-W,igd_plus_gain,50,1105026,0.022809794071234638
GW-W,igd_plus_gain,50,1105027,0.01942530280662143
GW-W,igd_plus_gain,50,1105028,0.022413774893746394
GW-W,igd_plus_gain,50,1105029,-0.03879541560245247
GW-W,igd_plus_gain,50,1105030,-0.0013550085933622755
GW-W,igd_plus_gain,50,1105031,0.0012341184758299147
GW-W,igd_plus_gain,50,1105032,-0.019798428374266278
GW-W,igd_plus_gain,100,1115001,-0.01316170719399537
GW-W,igd_plus_gain,100,1115002,0.03044995079097316
GW-W,igd_plus_gain,100,1115003,-0.0324539676648245
GW-W,igd_plus_gain,100,1115004,0.024183349666559897
GW-W,igd_plus_gain,100,1115005,-0.0050135319664415205
GW-W,igd_plus_gain,100,1115006,0.0083306363806443
GW-W,igd_plus_gain,100,1115007,-0.006667835576673716
GW-W,igd_plus_gain,100,1115008,-0.007307589271780266
GW-W,igd_plus_gain,100,1115009,0.0014767204191849376
GW-W,igd_plus_gain,100,1115010,0.021468060977387064
GW-W,igd_plus_gain,100,1115011,0.004418272768225125
GW-W,igd_plus_gain,100,1115012,0.005441096133368734
GW-W,igd_plus_gain,100,1115013,-0.00803720105781975
GW-W,igd_plus_gain,100,1115014,-0.007633663425815614
GW-W,igd_plus_gain,100,1115015,0.005318172697298982
GW-W,igd_plus_gain,100,1115016,-0.03556808452888231
GW-W,igd_plus_gain,100,1115017,-0.007796889710380336
GW-W,igd_plus_gain,100,1115018,-0.008739058733395044
GW-W,igd_plus_gain,100,1115019,0.0006516968785509353
GW-W,igd_plus_gain,100,1115020,-0.008427695821992908
GW-W,igd_plus_gain,100,1115021,0.015288599055145638
GW-W,igd_plus_gain,100,1115022,-0.0029725200882377966
GW-W,igd_plus_gain,100,1115023,-0.0050297183359206635
GW-W,igd_plus_gain,100,1115024,-0.014068876002257022
GW-W,igd_plus_gain,100,1115025,-0.0046258090648314655
GW-W,igd_plus_gain,100,1115026,-0.008368924435812553
GW-W,igd_plus_gain,100,1115027,-0.0004515650265933275
GW-W,igd_plus_gain,100,1115028,-0.008602407657325914
GW-W,igd_plus_gain,100,1115029,0.015161040270901715
GW-W,igd_plus_gain,100,1115030,0.0008615044080313716
GW-W,igd_plus_gain,100,1115031,0.002456551373475519
GW-W,igd_plus_gain,100,1115032,-0.0005459135556806693
GW-W,hv_pct,50,1105001,-6.516885047585765
GW-W,hv_pct,50,1105002,-0.11784422179903187
GW-W,hv_pct,50,1105003,-1.8015401032390574
GW-W,hv_pct,50,1105004,-9.03580270951158
GW-W,hv_pct,50,1105005,0.2499093593396674
GW-W,hv_pct,50,1105006,-3.4083738052238606
GW-W,hv_pct,50,1105007,17.186055993822045
GW-W,hv_pct,50,1105008,4.472645262461952
GW-W,hv_pct,50,1105009,2.333412396402254
GW-W,hv_pct,50,1105010,11.819625672041193
GW-W,hv_pct,50,1105011,-1.1121230844117562
GW-W,hv_pct,50,1105012,3.0265329680513595
GW-W,hv_pct,50,1105013,-3.402620256448138
GW-W,hv_pct,50,1105014,-2.57070620851047
GW-W,hv_pct,50,1105015,2.5863344543238074
GW-W,hv_pct,50,1105016,1.2382572522043056
GW-W,hv_pct,50,1105017,-13.706702931118903
GW-W,hv_pct,50,1105018,0.5614269297543886
GW-W,hv_pct,50,1105019,14.731564982505784
GW-W,hv_pct,50,1105020,2.2073312220034973
GW-W,hv_pct,50,1105021,6.54778330919607
GW-W,hv_pct,50,1105022,-0.3287462965819776
GW-W,hv_pct,50,1105023,4.474514486517359
GW-W,hv_pct,50,1105024,-1.609401111962086
GW-W,hv_pct,50,1105025,2.257983397321414
GW-W,hv_pct,50,1105026,3.5039833933076747
GW-W,hv_pct,50,1105027,4.313121787613869
GW-W,hv_pct,50,1105028,7.886635716742003
GW-W,hv_pct,50,1105029,-7.700696410523575
GW-W,hv_pct,50,1105030,-0.5330282302079158
GW-W,hv_pct,50,1105031,-0.8105636974171855
GW-W,hv_pct,50,1105032,-3.2972201749083996
GW-W,hv_pct,100,1115001,-4.388097223034618
GW-W,hv_pct,100,1115002,6.66727033093788
GW-W,hv_pct,100,1115003,-1.2985996518430132
GW-W,hv_pct,100,1115004,3.9424706456869547
GW-W,hv_pct,100,1115005,-2.303479832211722
GW-W,hv_pct,100,1115006,1.1212022523543808
GW-W,hv_pct,100,1115007,-1.0339113990612547
GW-W,hv_pct,100,1115008,-1.2678736846746141
GW-W,hv_pct,100,1115009,3.6243174794863577
GW-W,hv_pct,100,1115010,5.810790097578509
GW-W,hv_pct,100,1115011,3.7518126617154257
GW-W,hv_pct,100,1115012,2.1578838563110327
GW-W,hv_pct,100,1115013,0.48501864401745687
GW-W,hv_pct,100,1115014,-2.080890960568679
GW-W,hv_pct,100,1115015,3.749699092312711
GW-W,hv_pct,100,1115016,-6.500563585706273
GW-W,hv_pct,100,1115017,-0.6225624694879612
GW-W,hv_pct,100,1115018,-0.39657205977111065
GW-W,hv_pct,100,1115019,0.8265038020534436
GW-W,hv_pct,100,1115020,-2.149273940940702
GW-W,hv_pct,100,1115021,1.4963686445758793
GW-W,hv_pct,100,1115022,-1.1348911025240076
GW-W,hv_pct,100,1115023,-1.0286963848122388
GW-W,hv_pct,100,1115024,-4.468378966687803
GW-W,hv_pct,100,1115025,-0.9914718238430764
GW-W,hv_pct,100,1115026,-1.8662558174288608
GW-W,hv_pct,100,1115027,-0.43281521667572753
GW-W,hv_pct,100,1115028,-0.7604409638243825
GW-W,hv_pct,100,1115029,3.488528638737634
GW-W,hv_pct,100,1115030,-1.7536860964696754
GW-W,hv_pct,100,1115031,2.0676577276640296
GW-W,hv_pct,100,1115032,-2.390601190003855
GW-W,igd_gain,50,1105001,-0.05104858232415207
GW-W,igd_gain,50,1105002,0.01393536633127103
GW-W,igd_gain,50,1105003,-0.007185937195119237
GW-W,igd_gain,50,1105004,-0.025012524371229767
GW-W,igd_gain,50,1105005,-0.002293301218930125
GW-W,igd_gain,50,1105006,0.004400333311559371
GW-W,igd_gain,50,1105007,0.08159578637780175
GW-W,igd_gain,50,1105008,0.02076027779978986
GW-W,igd_gain,50,1105009,0.015948001575405935
GW-W,igd_gain,50,1105010,0.04143995769480325
GW-W,igd_gain,50,1105011,-0.019657564331874926
GW-W,igd_gain,50,1105012,0.01355202349889606
GW-W,igd_gain,50,1105013,-0.01380320849050639
GW-W,igd_gain,50,1105014,-0.009352942868555906
GW-W,igd_gain,50,1105015,0.009198955244848265
GW-W,igd_gain,50,1105016,0.00555038137569645
GW-W,igd_gain,50,1105017,-0.057068490516952924
GW-W,igd_gain,50,1105018,0.011274391791641102
GW-W,igd_gain,50,1105019,0.030426276583166267
GW-W,igd_gain,50,1105020,0.033254385405846694
GW-W,igd_gain,50,1105021,0.04387223212155687
GW-W,igd_gain,50,1105022,0.0013519008106250893
GW-W,igd_gain,50,1105023,0.027775586767083676
GW-W,igd_gain,50,1105024,-0.007000858022209306
GW-W,igd_gain,50,1105025,-0.0003150227120868373
GW-W,igd_gain,50,1105026,0.013375593472325108
GW-W,igd_gain,50,1105027,-0.000498764947383875
GW-W,igd_gain,50,1105028,0.02393191626655464
GW-W,igd_gain,50,1105029,-0.04030089470044616
GW-W,igd_gain,50,1105030,-0.008325051098181087
GW-W,igd_gain,50,1105031,-0.024347305140136714
GW-W,igd_gain,50,1105032,-0.023275426394392888
GW-W,igd_gain,100,1115001,-0.01648154638288353
GW-W,igd_gain,100,1115002,0.02830941290014783
GW-W,igd_gain,100,1115003,-0.0004943313153342455
GW-W,igd_gain,100,1115004,0.02577737151695958
GW-W,igd_gain,100,1115005,-0.002153051563309305
GW-W,igd_gain,100,1115006,0.010561733563013573
GW-W,igd_gain,100,1115007,-0.007451410811112873
GW-W,igd_gain,100,1115008,0.0037115827602862157
GW-W,igd_gain,100,1115009,0.00207476274304369
GW-W,igd_gain,100,1115010,0.01285958069972282
GW-W,igd_gain,100,1115011,0.014101864020723727
GW-W,igd_gain,100,1115012,0.006608443472243949
GW-W,igd_gain,100,1115013,-0.006574504854782641
GW-W,igd_gain,100,1115014,0.0002446616654237562
GW-W,igd_gain,100,1115015,0.006617285616061296
GW-W,igd_gain,100,1115016,-0.03298854962193051
GW-W,igd_gain,100,1115017,-0.006137444056881065
GW-W,igd_gain,100,1115018,-0.0015271887814545908
GW-W,igd_gain,100,1115019,0.0038255116248547463
GW-W,igd_gain,100,1115020,-0.01096083296788848
GW-W,igd_gain,100,1115021,0.013908600452076796
GW-W,igd_gain,100,1115022,-0.004865111164769025
GW-W,igd_gain,100,1115023,-0.0010827578383790209
GW-W,igd_gain,100,1115024,-0.009056206426969119
GW-W,igd_gain,100,1115025,-0.018165658837240806
GW-W,igd_gain,100,1115026,-0.008707378013031045
GW-W,igd_gain,100,1115027,-0.0017035759854349044
GW-W,igd_gain,100,1115028,-0.003630461110050713
GW-W,igd_gain,100,1115029,-0.0010841225632379214
GW-W,igd_gain,100,1115030,-0.002549761907609655
GW-W,igd_gain,100,1115031,0.012184190694431468
GW-W,igd_gain,100,1115032,-0.001683953625035003
GW-W,coverage_net,50,1105001,-0.4907605604836375
GW-W,coverage_net,50,1105002,0.1044039345040931
GW-W,coverage_net,50,1105003,-0.2787743565217579
GW-W,coverage_net,50,1105004,0.14241814338082887
GW-W,coverage_net,50,1105005,0.10715229000796482
GW-W,coverage_net,50,1105006,0.270326647276937
GW-W,coverage_net,50,1105007,0.3685932833211164
GW-W,coverage_net,50,1105008,0.26804833111743187
GW-W,coverage_net,50,1105009,-0.12515720954876486
GW-W,coverage_net,50,1105010,-0.1663443356190766
GW-W,coverage_net,50,1105011,-0.325122004231801
GW-W,coverage_net,50,1105012,0.14582796230460843
GW-W,coverage_net,50,1105013,0.16290091032000978
GW-W,coverage_net,50,1105014,-0.18271102405576845
GW-W,coverage_net,50,1105015,0.16593595165106573
GW-W,coverage_net,50,1105016,-0.024312157249917817
GW-W,coverage_net,50,1105017,-0.31766853075548523
GW-W,coverage_net,50,1105018,0.4906739588371569
GW-W,coverage_net,50,1105019,0.569584595715397
GW-W,coverage_net,50,1105020,0.2766087319659358
GW-W,coverage_net,50,1105021,0.549972221551647
GW-W,coverage_net,50,1105022,0.21512381865407518
GW-W,coverage_net,50,1105023,-0.34135909035312056
GW-W,coverage_net,50,1105024,0.187120019935342
GW-W,coverage_net,50,1105025,-0.10696108154997601
GW-W,coverage_net,50,1105026,0.5918333707312632
GW-W,coverage_net,50,1105027,0.2892439558447111
GW-W,coverage_net,50,1105028,0.16838737318850522
GW-W,coverage_net,50,1105029,-0.17355786541379065
GW-W,coverage_net,50,1105030,-0.2930312365172331
GW-W,coverage_net,50,1105031,0.7551466290831392
GW-W,coverage_net,50,1105032,-0.5626584252661407
GW-W,coverage_net,100,1115001,-0.22595900380447442
GW-W,coverage_net,100,1115002,0.5341854060392011
GW-W,coverage_net,100,1115003,-0.5763773217531951
GW-W,coverage_net,100,1115004,0.2553940735985864
GW-W,coverage_net,100,1115005,-0.19199271088830397
GW-W,coverage_net,100,1115006,0.12312110158503972
GW-W,coverage_net,100,1115007,0.040137072093584455
GW-W,coverage_net,100,1115008,-0.3156097882050046
GW-W,coverage_net,100,1115009,-0.06314363169028443
GW-W,coverage_net,100,1115010,0.0725805087514917
GW-W,coverage_net,100,1115011,-0.0999835085060729
GW-W,coverage_net,100,1115012,0.17170108709978868
GW-W,coverage_net,100,1115013,-0.16704428061732657
GW-W,coverage_net,100,1115014,0.02804588612598341
GW-W,coverage_net,100,1115015,0.13739559428231712
GW-W,coverage_net,100,1115016,-0.1812583240811973
GW-W,coverage_net,100,1115017,0.07814250556746387
GW-W,coverage_net,100,1115018,0.08041527702874457
GW-W,coverage_net,100,1115019,0.1061432688753324
GW-W,coverage_net,100,1115020,0.07208923933177092
GW-W,coverage_net,100,1115021,0.3361198139116192
GW-W,coverage_net,100,1115022,-0.1896105933554611
GW-W,coverage_net,100,1115023,0.11053466914570168
GW-W,coverage_net,100,1115024,-0.6533914177376399
GW-W,coverage_net,100,1115025,-0.011658622857734877
GW-W,coverage_net,100,1115026,-0.12222488122199812
GW-W,coverage_net,100,1115027,0.05718379154670515
GW-W,coverage_net,100,1115028,-0.4552240008943561
GW-W,coverage_net,100,1115029,0.3596846184065526
GW-W,coverage_net,100,1115030,0.184275891053781
GW-W,coverage_net,100,1115031,0.1410410811679117
GW-W,coverage_net,100,1115032,0.3298149653082697
GW-W,flow_gain_pct,50,1105001,0.0
GW-W,flow_gain_pct,50,1105002,-0.04432624113475114
GW-W,flow_gain_pct,50,1105003,0.0
GW-W,flow_gain_pct,50,1105004,0.0
GW-W,flow_gain_pct,50,1105005,0.0
GW-W,flow_gain_pct,50,1105006,0.0
GW-W,flow_gain_pct,50,1105007,0.0
GW-W,flow_gain_pct,50,1105008,-0.00012824458807680905
GW-W,flow_gain_pct,50,1105009,-0.12844331166229628
GW-W,flow_gain_pct,50,1105010,0.0
GW-W,flow_gain_pct,50,1105011,-0.021739130434783593
GW-W,flow_gain_pct,50,1105012,0.0
GW-W,flow_gain_pct,50,1105013,0.0
GW-W,flow_gain_pct,50,1105014,-0.2843170042940435
GW-W,flow_gain_pct,50,1105015,0.02168256721595818
GW-W,flow_gain_pct,50,1105016,-0.037481259370314435
GW-W,flow_gain_pct,50,1105017,0.0
GW-W,flow_gain_pct,50,1105018,-0.022065313327451763
GW-W,flow_gain_pct,50,1105019,0.0
GW-W,flow_gain_pct,50,1105020,0.0
GW-W,flow_gain_pct,50,1105021,-0.04313751509949504
GW-W,flow_gain_pct,50,1105022,-0.04416961130742081
GW-W,flow_gain_pct,50,1105023,0.048543735077516414
GW-W,flow_gain_pct,50,1105024,-0.16223015529931162
GW-W,flow_gain_pct,50,1105025,-0.02039151712887599
GW-W,flow_gain_pct,50,1105026,0.20317050342585352
GW-W,flow_gain_pct,50,1105027,0.02050861361772016
GW-W,flow_gain_pct,50,1105028,-4.2006922740256414e-05
GW-W,flow_gain_pct,50,1105029,0.10725830977001694
GW-W,flow_gain_pct,50,1105030,-0.02187216595410657
GW-W,flow_gain_pct,50,1105031,0.06857666620391223
GW-W,flow_gain_pct,50,1105032,-0.02095557418273497
GW-W,flow_gain_pct,100,1115001,0.2727276299168413
GW-W,flow_gain_pct,100,1115002,-0.02650147753411325
GW-W,flow_gain_pct,100,1115003,-0.26392139317786834
GW-W,flow_gain_pct,100,1115004,-0.011077635724307533
GW-W,flow_gain_pct,100,1115005,0.8128917898390875
GW-W,flow_gain_pct,100,1115006,0.17095104892882462
GW-W,flow_gain_pct,100,1115007,0.0
GW-W,flow_gain_pct,100,1115008,-0.14349352071930943
GW-W,flow_gain_pct,100,1115009,0.1604596884686088
GW-W,flow_gain_pct,100,1115010,-0.11857707509881354
GW-W,flow_gain_pct,100,1115011,0.13314529909958794
GW-W,flow_gain_pct,100,1115012,0.43560606060606133
GW-W,flow_gain_pct,100,1115013,-0.6955943545146059
GW-W,flow_gain_pct,100,1115014,-0.15071746482142323
GW-W,flow_gain_pct,100,1115015,0.5402937819134312
GW-W,flow_gain_pct,100,1115016,-0.008998216071692822
GW-W,flow_gain_pct,100,1115017,0.11933174224343646
GW-W,flow_gain_pct,100,1115018,-0.5543569300259288
GW-W,flow_gain_pct,100,1115019,-0.1945518043080824
GW-W,flow_gain_pct,100,1115020,0.3826649075032884
GW-W,flow_gain_pct,100,1115021,0.2063917271970056
GW-W,flow_gain_pct,100,1115022,-0.7793595866531944
GW-W,flow_gain_pct,100,1115023,0.18841148586170586
GW-W,flow_gain_pct,100,1115024,0.17066517140311155
GW-W,flow_gain_pct,100,1115025,0.4286679439017449
GW-W,flow_gain_pct,100,1115026,-0.2560637927848608
GW-W,flow_gain_pct,100,1115027,0.4502412242034487
GW-W,flow_gain_pct,100,1115028,0.19961067054978798
GW-W,flow_gain_pct,100,1115029,-0.187275545450738
GW-W,flow_gain_pct,100,1115030,0.10259383088869756
GW-W,flow_gain_pct,100,1115031,0.21085229188109456
GW-W,flow_gain_pct,100,1115032,-0.0379841357445454
GW-W,bill_gain_pct,50,1105001,-0.05476162875535373
GW-W,bill_gain_pct,50,1105002,0.0294439947622821
GW-W,bill_gain_pct,50,1105003,-0.33111228312944774
GW-W,bill_gain_pct,50,1105004,-2.501601176748097
GW-W,bill_gain_pct,50,1105005,0.15697144121479267
GW-W,bill_gain_pct,50,1105006,-1.722338060182621
GW-W,bill_gain_pct,50,1105007,2.899712073072117
GW-W,bill_gain_pct,50,1105008,0.5603829401089888
GW-W,bill_gain_pct,50,1105009,0.028711801355371658
GW-W,bill_gain_pct,50,1105010,1.7426183724504134
GW-W,bill_gain_pct,50,1105011,0.04904015150233598
GW-W,bill_gain_pct,50,1105012,1.4569822090475724
GW-W,bill_gain_pct,50,1105013,-1.787818013961315
GW-W,bill_gain_pct,50,1105014,-0.6670861727870903
GW-W,bill_gain_pct,50,1105015,0.8510305711860289
GW-W,bill_gain_pct,50,1105016,1.2628581638400471
GW-W,bill_gain_pct,50,1105017,-1.6408439510708945
GW-W,bill_gain_pct,50,1105018,-1.027000541079401
GW-W,bill_gain_pct,50,1105019,0.22297963820301092
GW-W,bill_gain_pct,50,1105020,0.48890625120482367
GW-W,bill_gain_pct,50,1105021,2.1822583272918417
GW-W,bill_gain_pct,50,1105022,-1.6117282497937424
GW-W,bill_gain_pct,50,1105023,2.295746717678218
GW-W,bill_gain_pct,50,1105024,-1.2979983886540731
GW-W,bill_gain_pct,50,1105025,0.9407094125019
GW-W,bill_gain_pct,50,1105026,0.13468381487120873
GW-W,bill_gain_pct,50,1105027,0.6071897102512824
GW-W,bill_gain_pct,50,1105028,1.932335109981545
GW-W,bill_gain_pct,50,1105029,-3.7727251641606507
GW-W,bill_gain_pct,50,1105030,-0.9319639059348683
GW-W,bill_gain_pct,50,1105031,0.4568906762000058
GW-W,bill_gain_pct,50,1105032,-0.36807867314796183
GW-W,bill_gain_pct,100,1115001,-1.4917861106409607
GW-W,bill_gain_pct,100,1115002,1.0068192798916549
GW-W,bill_gain_pct,100,1115003,0.12344481310377908
GW-W,bill_gain_pct,100,1115004,0.7607264152647258
GW-W,bill_gain_pct,100,1115005,-1.0509102560884358
GW-W,bill_gain_pct,100,1115006,-0.10711552615289832
GW-W,bill_gain_pct,100,1115007,-0.14430858503697297
GW-W,bill_gain_pct,100,1115008,-0.07926237032263028
GW-W,bill_gain_pct,100,1115009,3.500324406476005
GW-W,bill_gain_pct,100,1115010,0.657964544971773
GW-W,bill_gain_pct,100,1115011,1.5815452053514703
GW-W,bill_gain_pct,100,1115012,0.8398681743104179
GW-W,bill_gain_pct,100,1115013,0.7016969232493286
GW-W,bill_gain_pct,100,1115014,-1.0134324648991389
GW-W,bill_gain_pct,100,1115015,1.1379595789240748
GW-W,bill_gain_pct,100,1115016,0.3644964657101235
GW-W,bill_gain_pct,100,1115017,-0.33484501369969444
GW-W,bill_gain_pct,100,1115018,0.7821303585820949
GW-W,bill_gain_pct,100,1115019,0.08453273400468864
GW-W,bill_gain_pct,100,1115020,-1.4026513517126666
GW-W,bill_gain_pct,100,1115021,-0.727818661293228
GW-W,bill_gain_pct,100,1115022,-0.125862767602275
GW-W,bill_gain_pct,100,1115023,-0.4366616833059167
GW-W,bill_gain_pct,100,1115024,-0.8823464211382942
GW-W,bill_gain_pct,100,1115025,-0.33334661354779416
GW-W,bill_gain_pct,100,1115026,-0.0858442132797177
GW-W,bill_gain_pct,100,1115027,0.3504142629428747
GW-W,bill_gain_pct,100,1115028,0.12023407506182582
GW-W,bill_gain_pct,100,1115029,0.6283123119533635
GW-W,bill_gain_pct,100,1115030,-1.4895672822862582
GW-W,bill_gain_pct,100,1115031,1.2628507031483633
GW-W,bill_gain_pct,100,1115032,-2.3164082786908127
GW-W,exact_pct,50,1105001,-9.704930632919737
GW-W,exact_pct,50,1105002,-0.7250946699282336
GW-W,exact_pct,50,1105003,3.5108607904292297
GW-W,exact_pct,50,1105004,-5.650374984837941
GW-W,exact_pct,50,1105005,-2.60478850265182
GW-W,exact_pct,50,1105006,2.27557567100648
GW-W,exact_pct,50,1105007,0.8887018169477736
GW-W,exact_pct,50,1105008,6.757216964089605
GW-W,exact_pct,50,1105009,1.7216461785924897
GW-W,exact_pct,50,1105010,-4.0746114147799295
GW-W,exact_pct,50,1105011,1.3675645481151744
GW-W,exact_pct,50,1105012,0.2840329907558532
GW-W,exact_pct,50,1105013,4.540970096266583
GW-W,exact_pct,50,1105014,-0.782305510072631
GW-W,exact_pct,50,1105015,-5.93950522187667
GW-W,exact_pct,50,1105016,1.6388824052231077
GW-W,exact_pct,50,1105017,2.237211206801959
GW-W,exact_pct,50,1105018,2.4923622058440547
GW-W,exact_pct,50,1105019,-3.263743928738694
GW-W,exact_pct,50,1105020,-1.4812961571370074
GW-W,exact_pct,50,1105021,-3.8487493018783048
GW-W,exact_pct,50,1105022,-7.04584218351233
GW-W,exact_pct,50,1105023,-1.5169323849757337
GW-W,exact_pct,50,1105024,-1.632381347931189
GW-W,exact_pct,50,1105025,-2.6794073904152333
GW-W,exact_pct,50,1105026,-4.120067876204711
GW-W,exact_pct,50,1105027,3.2990871647374242
GW-W,exact_pct,50,1105028,0.465428624568645
GW-W,exact_pct,50,1105029,-5.4069355981999
GW-W,exact_pct,50,1105030,8.206511634306853
GW-W,exact_pct,50,1105031,-4.918682065405845
GW-W,exact_pct,50,1105032,0.9233274560482898
GW-W,exact_pct,100,1115001,2.705284813116465
GW-W,exact_pct,100,1115002,7.959020028577408
GW-W,exact_pct,100,1115003,-8.03336709451104
GW-W,exact_pct,100,1115004,2.7169252504773755
GW-W,exact_pct,100,1115005,-1.9833458945520968
GW-W,exact_pct,100,1115006,-2.832900624557255
GW-W,exact_pct,100,1115007,0.9218208312716275
GW-W,exact_pct,100,1115008,-2.5210658079239026
GW-W,exact_pct,100,1115009,7.944747128897938
GW-W,exact_pct,100,1115010,5.6220236689496375
GW-W,exact_pct,100,1115011,-8.270958422283206
GW-W,exact_pct,100,1115012,-3.3753399425894584
GW-W,exact_pct,100,1115013,1.590323347647177
GW-W,exact_pct,100,1115014,1.7708177826091243
GW-W,exact_pct,100,1115015,8.622237452196913
GW-W,exact_pct,100,1115016,-5.412437363966081
GW-W,exact_pct,100,1115017,-0.8523100313866738
GW-W,exact_pct,100,1115018,0.029492839400163895
GW-W,exact_pct,100,1115019,9.748343474739906
GW-W,exact_pct,100,1115020,6.302920921514521
GW-W,exact_pct,100,1115021,5.801673985213573
GW-W,exact_pct,100,1115022,2.5604688419612494
GW-W,exact_pct,100,1115023,-2.4271184698285286
GW-W,exact_pct,100,1115024,4.191377852617712
GW-W,exact_pct,100,1115025,-10.017324260883562
GW-W,exact_pct,100,1115026,-4.631783307511636
GW-W,exact_pct,100,1115027,-0.5093532074128855
GW-W,exact_pct,100,1115028,-3.2218563248530643
GW-W,exact_pct,100,1115029,-2.1048735449560123
GW-W,exact_pct,100,1115030,0.92525402769906
GW-W,exact_pct,100,1115031,14.074625294711986
GW-W,exact_pct,100,1115032,4.031116744126511
GW-W,offspring_pct,50,1105001,0.016042379478738766
GW-W,offspring_pct,50,1105002,10.33284601295448
GW-W,offspring_pct,50,1105003,7.8292223566464
GW-W,offspring_pct,50,1105004,-3.1436810528854386
GW-W,offspring_pct,50,1105005,-1.6182212621686123
GW-W,offspring_pct,50,1105006,3.7727917702278484
GW-W,offspring_pct,50,1105007,6.5246404298048954
GW-W,offspring_pct,50,1105008,-0.6940976681108157
GW-W,offspring_pct,50,1105009,-5.061676416100036
GW-W,offspring_pct,50,1105010,-6.910982177674149
GW-W,offspring_pct,50,1105011,2.3131864029397344
GW-W,offspring_pct,50,1105012,6.165600775391726
GW-W,offspring_pct,50,1105013,3.922960844075085
GW-W,offspring_pct,50,1105014,2.308462277502468
GW-W,offspring_pct,50,1105015,-11.701106004490947
GW-W,offspring_pct,50,1105016,5.6812189154470385
GW-W,offspring_pct,50,1105017,28.108723402775155
GW-W,offspring_pct,50,1105018,0.9848280337362065
GW-W,offspring_pct,50,1105019,0.11950972132440407
GW-W,offspring_pct,50,1105020,2.2812388395397782
GW-W,offspring_pct,50,1105021,1.5018132444640968
GW-W,offspring_pct,50,1105022,-8.55375942447445
GW-W,offspring_pct,50,1105023,-1.2038236343536486
GW-W,offspring_pct,50,1105024,-11.379912381949598
GW-W,offspring_pct,50,1105025,-7.057139476869268
GW-W,offspring_pct,50,1105026,-5.623330885782796
GW-W,offspring_pct,50,1105027,20.28612266678587
GW-W,offspring_pct,50,1105028,-5.373383775638072
GW-W,offspring_pct,50,1105029,5.42282904043663
GW-W,offspring_pct,50,1105030,2.4859508121838125
GW-W,offspring_pct,50,1105031,-6.591805167648338
GW-W,offspring_pct,50,1105032,1.4661123653990251
GW-W,offspring_pct,100,1115001,1.4633174088112488
GW-W,offspring_pct,100,1115002,8.764820384960915
GW-W,offspring_pct,100,1115003,-13.32988406773277
GW-W,offspring_pct,100,1115004,4.41225231738791
GW-W,offspring_pct,100,1115005,-2.185955175985896
GW-W,offspring_pct,100,1115006,-5.145305250476257
GW-W,offspring_pct,100,1115007,-1.6695812164599784
GW-W,offspring_pct,100,1115008,-6.450978440904212
GW-W,offspring_pct,100,1115009,-3.970411116826156
GW-W,offspring_pct,100,1115010,13.863483790343203
GW-W,offspring_pct,100,1115011,2.561587105701122
GW-W,offspring_pct,100,1115012,11.989619395573664
GW-W,offspring_pct,100,1115013,7.921941139359812
GW-W,offspring_pct,100,1115014,-3.943213062545625
GW-W,offspring_pct,100,1115015,7.040090295921742
GW-W,offspring_pct,100,1115016,-3.27843745467443
GW-W,offspring_pct,100,1115017,-0.822099058965339
GW-W,offspring_pct,100,1115018,-16.947040335450314
GW-W,offspring_pct,100,1115019,10.077479627254238
GW-W,offspring_pct,100,1115020,-10.123677436655964
GW-W,offspring_pct,100,1115021,11.73583269235669
GW-W,offspring_pct,100,1115022,10.589631245048816
GW-W,offspring_pct,100,1115023,-1.274306384107199
GW-W,offspring_pct,100,1115024,4.9792437898316555
GW-W,offspring_pct,100,1115025,-17.842583444512307
GW-W,offspring_pct,100,1115026,-9.66659541212663
GW-W,offspring_pct,100,1115027,3.7710126869911598
GW-W,offspring_pct,100,1115028,5.718423285175618
GW-W,offspring_pct,100,1115029,1.3468740888302577
GW-W,offspring_pct,100,1115030,-0.8997418047421484
GW-W,offspring_pct,100,1115031,17.91611366666523
GW-W,offspring_pct,100,1115032,9.356796271037188
GW-W,a8_cost_per_call_pct,50,1105001,-2.0365771013010843
GW-W,a8_cost_per_call_pct,50,1105002,-6.479163591437363
GW-W,a8_cost_per_call_pct,50,1105003,-4.911938555206444
GW-W,a8_cost_per_call_pct,50,1105004,-8.10338497792446
GW-W,a8_cost_per_call_pct,50,1105005,-6.216004201087904
GW-W,a8_cost_per_call_pct,50,1105006,-8.130407404331624
GW-W,a8_cost_per_call_pct,50,1105007,-6.223811006950482
GW-W,a8_cost_per_call_pct,50,1105008,-2.448778847974958
GW-W,a8_cost_per_call_pct,50,1105009,-5.780385611044522
GW-W,a8_cost_per_call_pct,50,1105010,-7.085638430045379
GW-W,a8_cost_per_call_pct,50,1105011,-8.741483373645096
GW-W,a8_cost_per_call_pct,50,1105012,-3.155262784877946
GW-W,a8_cost_per_call_pct,50,1105013,-6.359236790325926
GW-W,a8_cost_per_call_pct,50,1105014,-3.4218079967299224
GW-W,a8_cost_per_call_pct,50,1105015,-2.892592279404757
GW-W,a8_cost_per_call_pct,50,1105016,-7.190144312623165
GW-W,a8_cost_per_call_pct,50,1105017,-2.328786419525866
GW-W,a8_cost_per_call_pct,50,1105018,-11.510609178422548
GW-W,a8_cost_per_call_pct,50,1105019,-8.581504327411793
GW-W,a8_cost_per_call_pct,50,1105020,-6.635959834813212
GW-W,a8_cost_per_call_pct,50,1105021,-7.533075969092532
GW-W,a8_cost_per_call_pct,50,1105022,-5.58335420569927
GW-W,a8_cost_per_call_pct,50,1105023,-8.468650054801934
GW-W,a8_cost_per_call_pct,50,1105024,-6.5131953396225075
GW-W,a8_cost_per_call_pct,50,1105025,-3.727370096542737
GW-W,a8_cost_per_call_pct,50,1105026,-4.56337635263252
GW-W,a8_cost_per_call_pct,50,1105027,-5.413712176378344
GW-W,a8_cost_per_call_pct,50,1105028,-6.486680713664425
GW-W,a8_cost_per_call_pct,50,1105029,-6.179232129353099
GW-W,a8_cost_per_call_pct,50,1105030,-4.3576622674154155
GW-W,a8_cost_per_call_pct,50,1105031,-3.423094573766086
GW-W,a8_cost_per_call_pct,50,1105032,-5.116045158718976
GW-W,a8_cost_per_call_pct,100,1115001,-10.411505695010772
GW-W,a8_cost_per_call_pct,100,1115002,-10.123683410894873
GW-W,a8_cost_per_call_pct,100,1115003,-4.804678400276982
GW-W,a8_cost_per_call_pct,100,1115004,-1.8463504345397137
GW-W,a8_cost_per_call_pct,100,1115005,-14.003928534745405
GW-W,a8_cost_per_call_pct,100,1115006,-6.884941896526839
GW-W,a8_cost_per_call_pct,100,1115007,-8.228661696924588
GW-W,a8_cost_per_call_pct,100,1115008,-2.007199070549662
GW-W,a8_cost_per_call_pct,100,1115009,1.855101160914927
GW-W,a8_cost_per_call_pct,100,1115010,-6.27073810729471
GW-W,a8_cost_per_call_pct,100,1115011,-4.34303242237753
GW-W,a8_cost_per_call_pct,100,1115012,-4.585988308146688
GW-W,a8_cost_per_call_pct,100,1115013,-15.833439235812369
GW-W,a8_cost_per_call_pct,100,1115014,-13.628808017900347
GW-W,a8_cost_per_call_pct,100,1115015,-4.508213958800322
GW-W,a8_cost_per_call_pct,100,1115016,5.016208087327029
GW-W,a8_cost_per_call_pct,100,1115017,-3.0286373205325514
GW-W,a8_cost_per_call_pct,100,1115018,-0.12662644308630355
GW-W,a8_cost_per_call_pct,100,1115019,-12.91294071680667
GW-W,a8_cost_per_call_pct,100,1115020,-17.556850204930825
GW-W,a8_cost_per_call_pct,100,1115021,-10.57094898941764
GW-W,a8_cost_per_call_pct,100,1115022,-12.170303584978798
GW-W,a8_cost_per_call_pct,100,1115023,-5.917374234490458
GW-W,a8_cost_per_call_pct,100,1115024,-8.613626177597684
GW-W,a8_cost_per_call_pct,100,1115025,4.377617400671505
GW-W,a8_cost_per_call_pct,100,1115026,0.46875046579025614
GW-W,a8_cost_per_call_pct,100,1115027,-8.09228358460884
GW-W,a8_cost_per_call_pct,100,1115028,-10.118831584522692
GW-W,a8_cost_per_call_pct,100,1115029,-9.224727709231056
GW-W,a8_cost_per_call_pct,100,1115030,-9.902423544339413
GW-W,a8_cost_per_call_pct,100,1115031,-11.637239301159468
GW-W,a8_cost_per_call_pct,100,1115032,-18.297212230640667
GW-W,a8_cost_share_pp,50,1105001,-0.14873705757021422
GW-W,a8_cost_share_pp,50,1105002,-0.2168414162747615
GW-W,a8_cost_share_pp,50,1105003,-0.14764283872392403
GW-W,a8_cost_share_pp,50,1105004,-0.6239834965382249
GW-W,a8_cost_share_pp,50,1105005,-0.09149000485247737
GW-W,a8_cost_share_pp,50,1105006,-0.05197082492733652
GW-W,a8_cost_share_pp,50,1105007,-0.21272427359564497
GW-W,a8_cost_share_pp,50,1105008,-0.10485568512835644
GW-W,a8_cost_share_pp,50,1105009,-0.164457939201852
GW-W,a8_cost_share_pp,50,1105010,-0.4520627540217399
GW-W,a8_cost_share_pp,50,1105011,-0.29626711674889616
GW-W,a8_cost_share_pp,50,1105012,-0.26864177322360466
GW-W,a8_cost_share_pp,50,1105013,-0.04221503053204278
GW-W,a8_cost_share_pp,50,1105014,-0.17815592174395897
GW-W,a8_cost_share_pp,50,1105015,-0.14013798803119026
GW-W,a8_cost_share_pp,50,1105016,-0.25032612936451404
GW-W,a8_cost_share_pp,50,1105017,0.0378462696853767
GW-W,a8_cost_share_pp,50,1105018,-0.3401501456252022
GW-W,a8_cost_share_pp,50,1105019,-0.1941945720346062
GW-W,a8_cost_share_pp,50,1105020,0.03593031780399662
GW-W,a8_cost_share_pp,50,1105021,0.17503685316172754
GW-W,a8_cost_share_pp,50,1105022,-0.01159826035494276
GW-W,a8_cost_share_pp,50,1105023,-0.058370435577173585
GW-W,a8_cost_share_pp,50,1105024,0.1875172742358703
GW-W,a8_cost_share_pp,50,1105025,-0.3244576046940659
GW-W,a8_cost_share_pp,50,1105026,-0.012485758903551428
GW-W,a8_cost_share_pp,50,1105027,0.3287327036329646
GW-W,a8_cost_share_pp,50,1105028,-0.040265009151007045
GW-W,a8_cost_share_pp,50,1105029,-0.12338751167001857
GW-W,a8_cost_share_pp,50,1105030,0.09562039165523316
GW-W,a8_cost_share_pp,50,1105031,0.058819464235653526
GW-W,a8_cost_share_pp,50,1105032,-0.2444177594064913
GW-W,a8_cost_share_pp,100,1115001,-0.11279598116384931
GW-W,a8_cost_share_pp,100,1115002,-0.00544785694926537
GW-W,a8_cost_share_pp,100,1115003,-0.21999351594768118
GW-W,a8_cost_share_pp,100,1115004,-0.031280877192844794
GW-W,a8_cost_share_pp,100,1115005,-0.05769745166681072
GW-W,a8_cost_share_pp,100,1115006,-0.04710562040408793
GW-W,a8_cost_share_pp,100,1115007,-0.08973080713800141
GW-W,a8_cost_share_pp,100,1115008,-0.02954025496000523
GW-W,a8_cost_share_pp,100,1115009,-0.04165602627500496
GW-W,a8_cost_share_pp,100,1115010,-0.08055147857883257
GW-W,a8_cost_share_pp,100,1115011,-0.15568037739712923
GW-W,a8_cost_share_pp,100,1115012,-0.11445262737241406
GW-W,a8_cost_share_pp,100,1115013,-0.10590683008863275
GW-W,a8_cost_share_pp,100,1115014,-0.16031764330885143
GW-W,a8_cost_share_pp,100,1115015,0.060774299811652915
GW-W,a8_cost_share_pp,100,1115016,-0.03165797891966513
GW-W,a8_cost_share_pp,100,1115017,-0.13055949919601229
GW-W,a8_cost_share_pp,100,1115018,-0.0637893616559714
GW-W,a8_cost_share_pp,100,1115019,-0.040505422399857424
GW-W,a8_cost_share_pp,100,1115020,-0.186492585021109
GW-W,a8_cost_share_pp,100,1115021,-0.05307345494236961
GW-W,a8_cost_share_pp,100,1115022,-0.11889907912968183
GW-W,a8_cost_share_pp,100,1115023,-0.09257642167686264
GW-W,a8_cost_share_pp,100,1115024,-0.09020643857817806
GW-W,a8_cost_share_pp,100,1115025,-0.1679681374790077
GW-W,a8_cost_share_pp,100,1115026,0.07039323644403339
GW-W,a8_cost_share_pp,100,1115027,-0.17073918011002437
GW-W,a8_cost_share_pp,100,1115028,-0.06592037403102
GW-W,a8_cost_share_pp,100,1115029,-0.042347381187484275
GW-W,a8_cost_share_pp,100,1115030,-0.08831101318890178
GW-W,a8_cost_share_pp,100,1115031,0.09680196065441654
GW-W,a8_cost_share_pp,100,1115032,-0.19728551529905666
GW-W,a8_proposals_per_call_diff,50,1105001,0.06535963308474357
GW-W,a8_proposals_per_call_diff,50,1105002,-0.010520107703773984
GW-W,a8_proposals_per_call_diff,50,1105003,0.05095323454782985
GW-W,a8_proposals_per_call_diff,50,1105004,-0.2737268066221896
GW-W,a8_proposals_per_call_diff,50,1105005,0.057585962676283464
GW-W,a8_proposals_per_call_diff,50,1105006,0.018502446186155486
GW-W,a8_proposals_per_call_diff,50,1105007,-0.1450661263040336
GW-W,a8_proposals_per_call_diff,50,1105008,-0.16481030176388234
GW-W,a8_proposals_per_call_diff,50,1105009,0.05296888939064581
GW-W,a8_proposals_per_call_diff,50,1105010,-0.1880060736405954
GW-W,a8_proposals_per_call_diff,50,1105011,-0.030233783118979063
GW-W,a8_proposals_per_call_diff,50,1105012,-0.23824933720795616
GW-W,a8_proposals_per_call_diff,50,1105013,0.1278536077394925
GW-W,a8_proposals_per_call_diff,50,1105014,-0.10171631304042195
GW-W,a8_proposals_per_call_diff,50,1105015,0.030599067597590346
GW-W,a8_proposals_per_call_diff,50,1105016,-0.11428162810661424
GW-W,a8_proposals_per_call_diff,50,1105017,0.24681113335787352
GW-W,a8_proposals_per_call_diff,50,1105018,-0.25855694474553303
GW-W,a8_proposals_per_call_diff,50,1105019,-0.016714916671727642
GW-W,a8_proposals_per_call_diff,50,1105020,-0.11826756976364128
GW-W,a8_proposals_per_call_diff,50,1105021,0.18269126619814013
GW-W,a8_proposals_per_call_diff,50,1105022,0.20210887784399867
GW-W,a8_proposals_per_call_diff,50,1105023,0.1634825403023179
GW-W,a8_proposals_per_call_diff,50,1105024,0.17323981498757313
GW-W,a8_proposals_per_call_diff,50,1105025,0.08422716800164054
GW-W,a8_proposals_per_call_diff,50,1105026,0.20456389036924583
GW-W,a8_proposals_per_call_diff,50,1105027,0.24169274004948782
GW-W,a8_proposals_per_call_diff,50,1105028,0.14482847067287075
GW-W,a8_proposals_per_call_diff,50,1105029,0.16143919488094205
GW-W,a8_proposals_per_call_diff,50,1105030,0.10892346360693028
GW-W,a8_proposals_per_call_diff,50,1105031,0.29111944970987125
GW-W,a8_proposals_per_call_diff,50,1105032,-0.30526378366120455
GW-W,a8_proposals_per_call_diff,100,1115001,-0.009037323950387144
GW-W,a8_proposals_per_call_diff,100,1115002,0.13906761366537668
GW-W,a8_proposals_per_call_diff,100,1115003,-0.03766640673878108
GW-W,a8_proposals_per_call_diff,100,1115004,0.024158374582888942
GW-W,a8_proposals_per_call_diff,100,1115005,-0.09015927837826943
GW-W,a8_proposals_per_call_diff,100,1115006,-0.02375258319744933
GW-W,a8_proposals_per_call_diff,100,1115007,-0.029620690418716067
GW-W,a8_proposals_per_call_diff,100,1115008,-0.01900095063997176
GW-W,a8_proposals_per_call_diff,100,1115009,0.14423997340903294
GW-W,a8_proposals_per_call_diff,100,1115010,0.2928063239070339
GW-W,a8_proposals_per_call_diff,100,1115011,-0.2098664193775973
GW-W,a8_proposals_per_call_diff,100,1115012,0.09394012962069592
GW-W,a8_proposals_per_call_diff,100,1115013,0.1725440604777735
GW-W,a8_proposals_per_call_diff,100,1115014,-0.23323314024705016
GW-W,a8_proposals_per_call_diff,100,1115015,-0.12528921383445457
GW-W,a8_proposals_per_call_diff,100,1115016,-0.02457459731129774
GW-W,a8_proposals_per_call_diff,100,1115017,-0.05285174447515062
GW-W,a8_proposals_per_call_diff,100,1115018,-0.12531755443135584
GW-W,a8_proposals_per_call_diff,100,1115019,0.3302950488618702
GW-W,a8_proposals_per_call_diff,100,1115020,-0.1527722176539159
GW-W,a8_proposals_per_call_diff,100,1115021,-0.19766837814880134
GW-W,a8_proposals_per_call_diff,100,1115022,0.16220805118907022
GW-W,a8_proposals_per_call_diff,100,1115023,-0.027499634341648704
GW-W,a8_proposals_per_call_diff,100,1115024,-0.09613634644164404
GW-W,a8_proposals_per_call_diff,100,1115025,-0.02640479906983062
GW-W,a8_proposals_per_call_diff,100,1115026,0.17705436316718798
GW-W,a8_proposals_per_call_diff,100,1115027,-0.07545276248093691
GW-W,a8_proposals_per_call_diff,100,1115028,-0.06019723513311104
GW-W,a8_proposals_per_call_diff,100,1115029,0.03554269972282342
GW-W,a8_proposals_per_call_diff,100,1115030,0.05811887153864237
GW-W,a8_proposals_per_call_diff,100,1115031,0.130130636070792
GW-W,a8_proposals_per_call_diff,100,1115032,-0.16045417439948573
REFERENCE-LEGACY,hv_diff,50,1105001,0.026994276924815958
REFERENCE-LEGACY,hv_diff,50,1105002,-0.023101938299212754
REFERENCE-LEGACY,hv_diff,50,1105003,-0.057650694429095595
REFERENCE-LEGACY,hv_diff,50,1105004,0.03653971411651738
REFERENCE-LEGACY,hv_diff,50,1105005,0.0447577442268102
REFERENCE-LEGACY,hv_diff,50,1105006,0.023537971905932348
REFERENCE-LEGACY,hv_diff,50,1105007,0.0043372788018448405
REFERENCE-LEGACY,hv_diff,50,1105008,0.023380768112562095
REFERENCE-LEGACY,hv_diff,50,1105009,0.00126214372401115
REFERENCE-LEGACY,hv_diff,50,1105010,-0.04167932197878155
REFERENCE-LEGACY,hv_diff,50,1105011,-0.08469349197108744
REFERENCE-LEGACY,hv_diff,50,1105012,0.039293953746550064
REFERENCE-LEGACY,hv_diff,50,1105013,0.04487983786287225
REFERENCE-LEGACY,hv_diff,50,1105014,-0.012121267864272478
REFERENCE-LEGACY,hv_diff,50,1105015,-0.03743786338259847
REFERENCE-LEGACY,hv_diff,50,1105016,-0.033674181341676934
REFERENCE-LEGACY,hv_diff,50,1105017,-0.12086579472314479
REFERENCE-LEGACY,hv_diff,50,1105018,-0.10391043743467479
REFERENCE-LEGACY,hv_diff,50,1105019,-0.20920040129795978
REFERENCE-LEGACY,hv_diff,50,1105020,0.08080310464591228
REFERENCE-LEGACY,hv_diff,50,1105021,-0.039384245910990295
REFERENCE-LEGACY,hv_diff,50,1105022,0.026493317415031747
REFERENCE-LEGACY,hv_diff,50,1105023,0.10575402508785009
REFERENCE-LEGACY,hv_diff,50,1105024,-0.0025446317382032957
REFERENCE-LEGACY,hv_diff,50,1105025,0.05541913353598607
REFERENCE-LEGACY,hv_diff,50,1105026,-0.022507835547099286
REFERENCE-LEGACY,hv_diff,50,1105027,-0.005728565703247784
REFERENCE-LEGACY,hv_diff,50,1105028,0.02353457730059752
REFERENCE-LEGACY,hv_diff,50,1105029,-0.027316193405452466
REFERENCE-LEGACY,hv_diff,50,1105030,-0.04435983135804891
REFERENCE-LEGACY,hv_diff,50,1105031,-0.11151155776868146
REFERENCE-LEGACY,hv_diff,50,1105032,-0.10129214179161869
REFERENCE-LEGACY,hv_diff,100,1115001,-0.04323133726736633
REFERENCE-LEGACY,hv_diff,100,1115002,0.05281165086516429
REFERENCE-LEGACY,hv_diff,100,1115003,-0.04083503659387211
REFERENCE-LEGACY,hv_diff,100,1115004,0.0260773347841583
REFERENCE-LEGACY,hv_diff,100,1115005,0.09609445419428975
REFERENCE-LEGACY,hv_diff,100,1115006,0.01877287268711919
REFERENCE-LEGACY,hv_diff,100,1115007,-0.03966202471444008
REFERENCE-LEGACY,hv_diff,100,1115008,-0.017501125806693357
REFERENCE-LEGACY,hv_diff,100,1115009,0.006311350410335564
REFERENCE-LEGACY,hv_diff,100,1115010,0.0010344711856186406
REFERENCE-LEGACY,hv_diff,100,1115011,-0.0688161053576539
REFERENCE-LEGACY,hv_diff,100,1115012,-0.04334601921443909
REFERENCE-LEGACY,hv_diff,100,1115013,0.022158923878223824
REFERENCE-LEGACY,hv_diff,100,1115014,-0.04428711362903734
REFERENCE-LEGACY,hv_diff,100,1115015,-0.04548811871615849
REFERENCE-LEGACY,hv_diff,100,1115016,-0.013704907022374035
REFERENCE-LEGACY,hv_diff,100,1115017,-0.028594328862936697
REFERENCE-LEGACY,hv_diff,100,1115018,-0.019798368566641605
REFERENCE-LEGACY,hv_diff,100,1115019,-0.0641545111730655
REFERENCE-LEGACY,hv_diff,100,1115020,-0.04851605101924841
REFERENCE-LEGACY,hv_diff,100,1115021,0.06663549821335302
REFERENCE-LEGACY,hv_diff,100,1115022,0.05257986450286675
REFERENCE-LEGACY,hv_diff,100,1115023,0.026776835147694383
REFERENCE-LEGACY,hv_diff,100,1115024,0.005851414944995997
REFERENCE-LEGACY,hv_diff,100,1115025,0.006182163160638743
REFERENCE-LEGACY,hv_diff,100,1115026,-0.009145364081865476
REFERENCE-LEGACY,hv_diff,100,1115027,-0.009636229367571553
REFERENCE-LEGACY,hv_diff,100,1115028,0.030562439158467847
REFERENCE-LEGACY,hv_diff,100,1115029,0.04954780816632609
REFERENCE-LEGACY,hv_diff,100,1115030,0.025229616700800983
REFERENCE-LEGACY,hv_diff,100,1115031,-0.007333988357745375
REFERENCE-LEGACY,hv_diff,100,1115032,-0.03756843787862299
REFERENCE-LEGACY,igd_plus_gain,50,1105001,0.01640479634185858
REFERENCE-LEGACY,igd_plus_gain,50,1105002,-0.015350629566237117
REFERENCE-LEGACY,igd_plus_gain,50,1105003,-0.020050140500322382
REFERENCE-LEGACY,igd_plus_gain,50,1105004,0.02492262190499136
REFERENCE-LEGACY,igd_plus_gain,50,1105005,0.029607158638447602
REFERENCE-LEGACY,igd_plus_gain,50,1105006,-0.0020957983664476737
REFERENCE-LEGACY,igd_plus_gain,50,1105007,-0.00165742393007684
REFERENCE-LEGACY,igd_plus_gain,50,1105008,0.0288829880407293
REFERENCE-LEGACY,igd_plus_gain,50,1105009,-0.0046061739096992654
REFERENCE-LEGACY,igd_plus_gain,50,1105010,-0.028906007538961373
REFERENCE-LEGACY,igd_plus_gain,50,1105011,-0.05430178540954179
REFERENCE-LEGACY,igd_plus_gain,50,1105012,0.009604168985986594
REFERENCE-LEGACY,igd_plus_gain,50,1105013,0.016719127386492255
REFERENCE-LEGACY,igd_plus_gain,50,1105014,-0.023811619698730288
REFERENCE-LEGACY,igd_plus_gain,50,1105015,-0.006351789531952531
REFERENCE-LEGACY,igd_plus_gain,50,1105016,-0.03011307577381608
REFERENCE-LEGACY,igd_plus_gain,50,1105017,-0.07048238503614151
REFERENCE-LEGACY,igd_plus_gain,50,1105018,-0.07225883866757937
REFERENCE-LEGACY,igd_plus_gain,50,1105019,-0.15142479260878702
REFERENCE-LEGACY,igd_plus_gain,50,1105020,0.031385333322376106
REFERENCE-LEGACY,igd_plus_gain,50,1105021,-0.025031933472919286
REFERENCE-LEGACY,igd_plus_gain,50,1105022,0.030953609288946315
REFERENCE-LEGACY,igd_plus_gain,50,1105023,0.06179843889899952
REFERENCE-LEGACY,igd_plus_gain,50,1105024,0.008026803903543036
REFERENCE-LEGACY,igd_plus_gain,50,1105025,0.029119374085452163
REFERENCE-LEGACY,igd_plus_gain,50,1105026,-0.02735522947639597
REFERENCE-LEGACY,igd_plus_gain,50,1105027,-0.0002588952400133758
REFERENCE-LEGACY,igd_plus_gain,50,1105028,0.013342448661064897
REFERENCE-LEGACY,igd_plus_gain,50,1105029,-0.020948583207779654
REFERENCE-LEGACY,igd_plus_gain,50,1105030,-0.02237788402250181
REFERENCE-LEGACY,igd_plus_gain,50,1105031,-0.07556518171848359
REFERENCE-LEGACY,igd_plus_gain,50,1105032,-0.03698255821965325
REFERENCE-LEGACY,igd_plus_gain,100,1115001,-0.018780744149162313
REFERENCE-LEGACY,igd_plus_gain,100,1115002,0.03099130846430464
REFERENCE-LEGACY,igd_plus_gain,100,1115003,-0.03558454195936275
REFERENCE-LEGACY,igd_plus_gain,100,1115004,0.025500780769102765
REFERENCE-LEGACY,igd_plus_gain,100,1115005,0.030125730353330507
REFERENCE-LEGACY,igd_plus_gain,100,1115006,0.027439740212325276
REFERENCE-LEGACY,igd_plus_gain,100,1115007,-0.009878276232247884
REFERENCE-LEGACY,igd_plus_gain,100,1115008,-0.0191025911099559
REFERENCE-LEGACY,igd_plus_gain,100,1115009,-0.0016462033222590811
REFERENCE-LEGACY,igd_plus_gain,100,1115010,-0.0007940209432783334
REFERENCE-LEGACY,igd_plus_gain,100,1115011,-0.04273507667719419
REFERENCE-LEGACY,igd_plus_gain,100,1115012,-0.025262961364578645
REFERENCE-LEGACY,igd_plus_gain,100,1115013,0.009388757531990111
REFERENCE-LEGACY,igd_plus_gain,100,1115014,-0.02985320776262172
REFERENCE-LEGACY,igd_plus_gain,100,1115015,-0.0075653201382344624
REFERENCE-LEGACY,igd_plus_gain,100,1115016,-0.0016461556463386977
REFERENCE-LEGACY,igd_plus_gain,100,1115017,-0.014206121331102942
REFERENCE-LEGACY,igd_plus_gain,100,1115018,-0.01657331526721089
REFERENCE-LEGACY,igd_plus_gain,100,1115019,-0.03144102545571855
REFERENCE-LEGACY,igd_plus_gain,100,1115020,-0.008908080485519073
REFERENCE-LEGACY,igd_plus_gain,100,1115021,0.020800013521577485
REFERENCE-LEGACY,igd_plus_gain,100,1115022,0.03463458730160279
REFERENCE-LEGACY,igd_plus_gain,100,1115023,0.007654224969183509
REFERENCE-LEGACY,igd_plus_gain,100,1115024,0.007547880805120706
REFERENCE-LEGACY,igd_plus_gain,100,1115025,0.026303502348655673
REFERENCE-LEGACY,igd_plus_gain,100,1115026,0.0007142044757339691
REFERENCE-LEGACY,igd_plus_gain,100,1115027,0.008820801583984728
REFERENCE-LEGACY,igd_plus_gain,100,1115028,0.010787982836068246
REFERENCE-LEGACY,igd_plus_gain,100,1115029,0.03909669454547392
REFERENCE-LEGACY,igd_plus_gain,100,1115030,0.024841584613448264
REFERENCE-LEGACY,igd_plus_gain,100,1115031,-0.010227152726010172
REFERENCE-LEGACY,igd_plus_gain,100,1115032,-0.021795225619616342
REFERENCE-LEGACY,hv_pct,50,1105001,2.521496556380531
REFERENCE-LEGACY,hv_pct,50,1105002,-2.3607250814596084
REFERENCE-LEGACY,hv_pct,50,1105003,-4.2970571186414475
REFERENCE-LEGACY,hv_pct,50,1105004,4.700838908627633
REFERENCE-LEGACY,hv_pct,50,1105005,6.245726376932279
REFERENCE-LEGACY,hv_pct,50,1105006,4.432962828562993
REFERENCE-LEGACY,hv_pct,50,1105007,1.4752833455213215
REFERENCE-LEGACY,hv_pct,50,1105008,3.046811160002832
REFERENCE-LEGACY,hv_pct,50,1105009,0.492096204775919
REFERENCE-LEGACY,hv_pct,50,1105010,-1.0364541971370755
REFERENCE-LEGACY,hv_pct,50,1105011,-8.952832788954618
REFERENCE-LEGACY,hv_pct,50,1105012,4.210655369417502
REFERENCE-LEGACY,hv_pct,50,1105013,5.676368690495931
REFERENCE-LEGACY,hv_pct,50,1105014,-1.0705411505930098
REFERENCE-LEGACY,hv_pct,50,1105015,-2.8888851075337314
REFERENCE-LEGACY,hv_pct,50,1105016,-3.3030802588934622
REFERENCE-LEGACY,hv_pct,50,1105017,-12.373787068902445
REFERENCE-LEGACY,hv_pct,50,1105018,-11.794318750099562
REFERENCE-LEGACY,hv_pct,50,1105019,-26.29804304368179
REFERENCE-LEGACY,hv_pct,50,1105020,11.329168341257377
REFERENCE-LEGACY,hv_pct,50,1105021,-4.735232739592194
REFERENCE-LEGACY,hv_pct,50,1105022,3.1027054975822175
REFERENCE-LEGACY,hv_pct,50,1105023,12.928896136138984
REFERENCE-LEGACY,hv_pct,50,1105024,0.04684475618247674
REFERENCE-LEGACY,hv_pct,50,1105025,7.387627231837962
REFERENCE-LEGACY,hv_pct,50,1105026,-2.232724063494204
REFERENCE-LEGACY,hv_pct,50,1105027,-0.6171599165569148
REFERENCE-LEGACY,hv_pct,50,1105028,3.969777414783412
REFERENCE-LEGACY,hv_pct,50,1105029,-2.480395782450956
REFERENCE-LEGACY,hv_pct,50,1105030,-4.445771425253911
REFERENCE-LEGACY,hv_pct,50,1105031,-12.756407805835817
REFERENCE-LEGACY,hv_pct,50,1105032,-10.00183015760526
REFERENCE-LEGACY,hv_pct,100,1115001,-5.103830833944422
REFERENCE-LEGACY,hv_pct,100,1115002,6.4511593774907166
REFERENCE-LEGACY,hv_pct,100,1115003,-4.491282563359078
REFERENCE-LEGACY,hv_pct,100,1115004,4.705862519564805
REFERENCE-LEGACY,hv_pct,100,1115005,12.647827305051274
REFERENCE-LEGACY,hv_pct,100,1115006,2.570944502188605
REFERENCE-LEGACY,hv_pct,100,1115007,-3.9216045886713093
REFERENCE-LEGACY,hv_pct,100,1115008,-1.674288812666788
REFERENCE-LEGACY,hv_pct,100,1115009,0.6117413026337895
REFERENCE-LEGACY,hv_pct,100,1115010,0.7163916989371408
REFERENCE-LEGACY,hv_pct,100,1115011,-6.631746389607478
REFERENCE-LEGACY,hv_pct,100,1115012,-5.132411263968003
REFERENCE-LEGACY,hv_pct,100,1115013,2.526193044900635
REFERENCE-LEGACY,hv_pct,100,1115014,-4.657749110800882
REFERENCE-LEGACY,hv_pct,100,1115015,-5.327261395286195
REFERENCE-LEGACY,hv_pct,100,1115016,-1.735021034339021
REFERENCE-LEGACY,hv_pct,100,1115017,-2.3968055163447097
REFERENCE-LEGACY,hv_pct,100,1115018,-1.7479930270956734
REFERENCE-LEGACY,hv_pct,100,1115019,-6.318883226917368
REFERENCE-LEGACY,hv_pct,100,1115020,-5.40447534082818
REFERENCE-LEGACY,hv_pct,100,1115021,9.129636557769295
REFERENCE-LEGACY,hv_pct,100,1115022,6.565523105453316
REFERENCE-LEGACY,hv_pct,100,1115023,3.5384723525555097
REFERENCE-LEGACY,hv_pct,100,1115024,1.379157480233412
REFERENCE-LEGACY,hv_pct,100,1115025,1.7225008551661811
REFERENCE-LEGACY,hv_pct,100,1115026,-0.5031409731163312
REFERENCE-LEGACY,hv_pct,100,1115027,-0.518173295158153
REFERENCE-LEGACY,hv_pct,100,1115028,3.963242213936696
REFERENCE-LEGACY,hv_pct,100,1115029,5.917865006833106
REFERENCE-LEGACY,hv_pct,100,1115030,2.792865172568635
REFERENCE-LEGACY,hv_pct,100,1115031,-0.14266371395272026
REFERENCE-LEGACY,hv_pct,100,1115032,-3.9986538406775596
REFERENCE-LEGACY,igd_gain,50,1105001,0.002474088854973966
REFERENCE-LEGACY,igd_gain,50,1105002,-0.002004334948867037
REFERENCE-LEGACY,igd_gain,50,1105003,-0.01678957034629421
REFERENCE-LEGACY,igd_gain,50,1105004,0.016583779612450524
REFERENCE-LEGACY,igd_gain,50,1105005,0.034449212163076705
REFERENCE-LEGACY,igd_gain,50,1105006,-0.0014366766051406438
REFERENCE-LEGACY,igd_gain,50,1105007,0.002622660308168684
REFERENCE-LEGACY,igd_gain,50,1105008,0.013785210670612844
REFERENCE-LEGACY,igd_gain,50,1105009,-0.018760061268880374
REFERENCE-LEGACY,igd_gain,50,1105010,-0.01727182572771778
REFERENCE-LEGACY,igd_gain,50,1105011,-0.05478588087421149
REFERENCE-LEGACY,igd_gain,50,1105012,0.010772371193091589
REFERENCE-LEGACY,igd_gain,50,1105013,0.009978235771130446
REFERENCE-LEGACY,igd_gain,50,1105014,-0.00844235074974077
REFERENCE-LEGACY,igd_gain,50,1105015,-0.015674575003674276
REFERENCE-LEGACY,igd_gain,50,1105016,-0.026277765720033174
REFERENCE-LEGACY,igd_gain,50,1105017,-0.06872364247064201
REFERENCE-LEGACY,igd_gain,50,1105018,-0.05981986464546037
REFERENCE-LEGACY,igd_gain,50,1105019,-0.15701398103628864
REFERENCE-LEGACY,igd_gain,50,1105020,0.04054179543258511
REFERENCE-LEGACY,igd_gain,50,1105021,-0.029099805451328536
REFERENCE-LEGACY,igd_gain,50,1105022,0.010156970824785904
REFERENCE-LEGACY,igd_gain,50,1105023,0.06341055066978399
REFERENCE-LEGACY,igd_gain,50,1105024,0.0032448749794060008
REFERENCE-LEGACY,igd_gain,50,1105025,0.00792481489947501
REFERENCE-LEGACY,igd_gain,50,1105026,-0.02096520299750543
REFERENCE-LEGACY,igd_gain,50,1105027,0.022122496175687432
REFERENCE-LEGACY,igd_gain,50,1105028,0.01573082386481564
REFERENCE-LEGACY,igd_gain,50,1105029,-0.016394853893791757
REFERENCE-LEGACY,igd_gain,50,1105030,-0.017126856491747895
REFERENCE-LEGACY,igd_gain,50,1105031,-0.05747448238959367
REFERENCE-LEGACY,igd_gain,50,1105032,-0.04442753658647809
REFERENCE-LEGACY,igd_gain,100,1115001,-0.01518843508489999
REFERENCE-LEGACY,igd_gain,100,1115002,0.02732983634989833
REFERENCE-LEGACY,igd_gain,100,1115003,-0.06162620315908393
REFERENCE-LEGACY,igd_gain,100,1115004,0.008885802459875036
REFERENCE-LEGACY,igd_gain,100,1115005,0.030515390645632384
REFERENCE-LEGACY,igd_gain,100,1115006,0.025998062069126523
REFERENCE-LEGACY,igd_gain,100,1115007,-0.012209032124214772
REFERENCE-LEGACY,igd_gain,100,1115008,-0.012271076422543287
REFERENCE-LEGACY,igd_gain,100,1115009,-0.0006874492872463792
REFERENCE-LEGACY,igd_gain,100,1115010,-0.0061876699090041565
REFERENCE-LEGACY,igd_gain,100,1115011,-0.03653967562591509
REFERENCE-LEGACY,igd_gain,100,1115012,-0.023340729991767804
REFERENCE-LEGACY,igd_gain,100,1115013,0.0024904166737364525
REFERENCE-LEGACY,igd_gain,100,1115014,-0.03463090001730878
REFERENCE-LEGACY,igd_gain,100,1115015,-0.013743278047420902
REFERENCE-LEGACY,igd_gain,100,1115016,0.004261575321542508
REFERENCE-LEGACY,igd_gain,100,1115017,-0.016956162163824996
REFERENCE-LEGACY,igd_gain,100,1115018,-0.0034160141470494718
REFERENCE-LEGACY,igd_gain,100,1115019,-0.03449665037040185
REFERENCE-LEGACY,igd_gain,100,1115020,-0.0018009901435422984
REFERENCE-LEGACY,igd_gain,100,1115021,0.016959047897801137
REFERENCE-LEGACY,igd_gain,100,1115022,0.024138329465321788
REFERENCE-LEGACY,igd_gain,100,1115023,0.0001425396067723638
REFERENCE-LEGACY,igd_gain,100,1115024,0.022445744482673897
REFERENCE-LEGACY,igd_gain,100,1115025,0.014904776311654069
REFERENCE-LEGACY,igd_gain,100,1115026,-0.0022809624594373797
REFERENCE-LEGACY,igd_gain,100,1115027,0.006036928943031938
REFERENCE-LEGACY,igd_gain,100,1115028,0.010954853424993631
REFERENCE-LEGACY,igd_gain,100,1115029,0.02443429926374762
REFERENCE-LEGACY,igd_gain,100,1115030,0.019793273292865357
REFERENCE-LEGACY,igd_gain,100,1115031,-0.010036929243873048
REFERENCE-LEGACY,igd_gain,100,1115032,-0.03312726424778251
REFERENCE-LEGACY,coverage_net,50,1105001,-0.32073437248574577
REFERENCE-LEGACY,coverage_net,50,1105002,-0.15448367090222834
REFERENCE-LEGACY,coverage_net,50,1105003,-0.09417679185923007
REFERENCE-LEGACY,coverage_net,50,1105004,-0.007192293878241732
REFERENCE-LEGACY,coverage_net,50,1105005,0.2346968157051585
REFERENCE-LEGACY,coverage_net,50,1105006,-0.422100455544248
REFERENCE-LEGACY,coverage_net,50,1105007,-0.3305440633965273
REFERENCE-LEGACY,coverage_net,50,1105008,0.5872595451319037
REFERENCE-LEGACY,coverage_net,50,1105009,0.255556202449301
REFERENCE-LEGACY,coverage_net,50,1105010,-0.027221371919767395
REFERENCE-LEGACY,coverage_net,50,1105011,-0.5470338733104279
REFERENCE-LEGACY,coverage_net,50,1105012,-0.0967570547345501
REFERENCE-LEGACY,coverage_net,50,1105013,0.3933817428112994
REFERENCE-LEGACY,coverage_net,50,1105014,-0.5225250804639998
REFERENCE-LEGACY,coverage_net,50,1105015,0.2665134362920841
REFERENCE-LEGACY,coverage_net,50,1105016,-0.4128412537668204
REFERENCE-LEGACY,coverage_net,50,1105017,-0.0036253385888510847
REFERENCE-LEGACY,coverage_net,50,1105018,-0.4281173824670944
REFERENCE-LEGACY,coverage_net,50,1105019,-0.1613102271647036
REFERENCE-LEGACY,coverage_net,50,1105020,-0.07771594244434869
REFERENCE-LEGACY,coverage_net,50,1105021,-0.07484041859238352
REFERENCE-LEGACY,coverage_net,50,1105022,0.535071942534756
REFERENCE-LEGACY,coverage_net,50,1105023,0.09817495624512051
REFERENCE-LEGACY,coverage_net,50,1105024,-0.13883316897277617
REFERENCE-LEGACY,coverage_net,50,1105025,0.15863435138367812
REFERENCE-LEGACY,coverage_net,50,1105026,-0.7194585344322781
REFERENCE-LEGACY,coverage_net,50,1105027,0.16404957918186533
REFERENCE-LEGACY,coverage_net,50,1105028,0.7008309577364702
REFERENCE-LEGACY,coverage_net,50,1105029,-0.291403056111003
REFERENCE-LEGACY,coverage_net,50,1105030,0.04852811759035247
REFERENCE-LEGACY,coverage_net,50,1105031,0.0013630458860717232
REFERENCE-LEGACY,coverage_net,50,1105032,-0.5659126285490379
REFERENCE-LEGACY,coverage_net,100,1115001,-0.5061847121804807
REFERENCE-LEGACY,coverage_net,100,1115002,0.1609835101656992
REFERENCE-LEGACY,coverage_net,100,1115003,-0.16676601712937494
REFERENCE-LEGACY,coverage_net,100,1115004,0.15579447745444092
REFERENCE-LEGACY,coverage_net,100,1115005,0.25708422835458966
REFERENCE-LEGACY,coverage_net,100,1115006,0.0124016638379576
REFERENCE-LEGACY,coverage_net,100,1115007,-0.17023058724568968
REFERENCE-LEGACY,coverage_net,100,1115008,-0.4946075942025941
REFERENCE-LEGACY,coverage_net,100,1115009,0.18475884024740274
REFERENCE-LEGACY,coverage_net,100,1115010,0.04864068000310004
REFERENCE-LEGACY,coverage_net,100,1115011,0.09767958471482198
REFERENCE-LEGACY,coverage_net,100,1115012,-0.3943627037484583
REFERENCE-LEGACY,coverage_net,100,1115013,0.13809273643694037
REFERENCE-LEGACY,coverage_net,100,1115014,-0.45079334838181195
REFERENCE-LEGACY,coverage_net,100,1115015,-0.005478147416696319
REFERENCE-LEGACY,coverage_net,100,1115016,-0.10673043242891372
REFERENCE-LEGACY,coverage_net,100,1115017,0.2244032645878946
REFERENCE-LEGACY,coverage_net,100,1115018,-0.2690546313058173
REFERENCE-LEGACY,coverage_net,100,1115019,-0.314283402828041
REFERENCE-LEGACY,coverage_net,100,1115020,0.19822354770381925
REFERENCE-LEGACY,coverage_net,100,1115021,-0.06389461396537505
REFERENCE-LEGACY,coverage_net,100,1115022,0.11672967677606441
REFERENCE-LEGACY,coverage_net,100,1115023,0.09937741865583818
REFERENCE-LEGACY,coverage_net,100,1115024,0.1754153918365017
REFERENCE-LEGACY,coverage_net,100,1115025,0.5156974516982189
REFERENCE-LEGACY,coverage_net,100,1115026,0.21276255061529342
REFERENCE-LEGACY,coverage_net,100,1115027,-0.2963628997996003
REFERENCE-LEGACY,coverage_net,100,1115028,0.012140195162859121
REFERENCE-LEGACY,coverage_net,100,1115029,0.26612900513469784
REFERENCE-LEGACY,coverage_net,100,1115030,0.4164180451935474
REFERENCE-LEGACY,coverage_net,100,1115031,-0.20796014056545503
REFERENCE-LEGACY,coverage_net,100,1115032,0.26515653225325797
REFERENCE-LEGACY,flow_gain_pct,50,1105001,0.0
REFERENCE-LEGACY,flow_gain_pct,50,1105002,-0.04432624113475114
REFERENCE-LEGACY,flow_gain_pct,50,1105003,0.14937205445595125
REFERENCE-LEGACY,flow_gain_pct,50,1105004,0.0
REFERENCE-LEGACY,flow_gain_pct,50,1105005,-0.023342670401493848
REFERENCE-LEGACY,flow_gain_pct,50,1105006,0.0
REFERENCE-LEGACY,flow_gain_pct,50,1105007,0.0
REFERENCE-LEGACY,flow_gain_pct,50,1105008,0.09242144177449285
REFERENCE-LEGACY,flow_gain_pct,50,1105009,0.06395570914826398
REFERENCE-LEGACY,flow_gain_pct,50,1105010,0.0
REFERENCE-LEGACY,flow_gain_pct,50,1105011,-0.021758017602843682
REFERENCE-LEGACY,flow_gain_pct,50,1105012,0.0
REFERENCE-LEGACY,flow_gain_pct,50,1105013,0.0
REFERENCE-LEGACY,flow_gain_pct,50,1105014,-0.024098699697594483
REFERENCE-LEGACY,flow_gain_pct,50,1105015,-0.0004343082922741992
REFERENCE-LEGACY,flow_gain_pct,50,1105016,-0.11263942972585261
REFERENCE-LEGACY,flow_gain_pct,50,1105017,0.0
REFERENCE-LEGACY,flow_gain_pct,50,1105018,-0.06633231751017321
REFERENCE-LEGACY,flow_gain_pct,50,1105019,0.02299908003679796
REFERENCE-LEGACY,flow_gain_pct,50,1105020,0.021349274124679574
REFERENCE-LEGACY,flow_gain_pct,50,1105021,-0.08572657957188756
REFERENCE-LEGACY,flow_gain_pct,50,1105022,-0.022337828009699745
REFERENCE-LEGACY,flow_gain_pct,50,1105023,-0.12183084319990489
REFERENCE-LEGACY,flow_gain_pct,50,1105024,-0.20947479222402365
REFERENCE-LEGACY,flow_gain_pct,50,1105025,0.0
REFERENCE-LEGACY,flow_gain_pct,50,1105026,-0.15906914666029837
REFERENCE-LEGACY,flow_gain_pct,50,1105027,-0.0614922201750967
REFERENCE-LEGACY,flow_gain_pct,50,1105028,0.06870230289112156
REFERENCE-LEGACY,flow_gain_pct,50,1105029,-0.0010354675810314573
REFERENCE-LEGACY,flow_gain_pct,50,1105030,-0.08748886366686803
REFERENCE-LEGACY,flow_gain_pct,50,1105031,0.0685975737240968
REFERENCE-LEGACY,flow_gain_pct,50,1105032,0.0626213055916841
REFERENCE-LEGACY,flow_gain_pct,100,1115001,-0.07137654531615134
REFERENCE-LEGACY,flow_gain_pct,100,1115002,-0.11612397459737911
REFERENCE-LEGACY,flow_gain_pct,100,1115003,0.8624718752163058
REFERENCE-LEGACY,flow_gain_pct,100,1115004,-0.22270091231342548
REFERENCE-LEGACY,flow_gain_pct,100,1115005,-1.154949965390023
REFERENCE-LEGACY,flow_gain_pct,100,1115006,0.4521151350403624
REFERENCE-LEGACY,flow_gain_pct,100,1115007,0.04030476429889296
REFERENCE-LEGACY,flow_gain_pct,100,1115008,0.037272799405643764
REFERENCE-LEGACY,flow_gain_pct,100,1115009,-0.1770532143993475
REFERENCE-LEGACY,flow_gain_pct,100,1115010,0.07867820613690069
REFERENCE-LEGACY,flow_gain_pct,100,1115011,0.19160951996772813
REFERENCE-LEGACY,flow_gain_pct,100,1115012,-0.2686923978434119
REFERENCE-LEGACY,flow_gain_pct,100,1115013,-0.2084999446525515
REFERENCE-LEGACY,flow_gain_pct,100,1115014,0.24041669232822138
REFERENCE-LEGACY,flow_gain_pct,100,1115015,0.4671167399168369
REFERENCE-LEGACY,flow_gain_pct,100,1115016,-0.1658130564297311
REFERENCE-LEGACY,flow_gain_pct,100,1115017,0.0
REFERENCE-LEGACY,flow_gain_pct,100,1115018,0.4040850987753669
REFERENCE-LEGACY,flow_gain_pct,100,1115019,0.08769508625498801
REFERENCE-LEGACY,flow_gain_pct,100,1115020,-0.8231970101977959
REFERENCE-LEGACY,flow_gain_pct,100,1115021,-0.34866152384983584
REFERENCE-LEGACY,flow_gain_pct,100,1115022,0.6911954763620054
REFERENCE-LEGACY,flow_gain_pct,100,1115023,-0.7807482256934201
REFERENCE-LEGACY,flow_gain_pct,100,1115024,-0.3058810175614185
REFERENCE-LEGACY,flow_gain_pct,100,1115025,-0.06091275537596641
REFERENCE-LEGACY,flow_gain_pct,100,1115026,-0.07289821538824792
REFERENCE-LEGACY,flow_gain_pct,100,1115027,-0.27421698388702676
REFERENCE-LEGACY,flow_gain_pct,100,1115028,0.16929556427292825
REFERENCE-LEGACY,flow_gain_pct,100,1115029,-0.15551566221045365
REFERENCE-LEGACY,flow_gain_pct,100,1115030,-0.2293987581873158
REFERENCE-LEGACY,flow_gain_pct,100,1115031,-0.44130008405716126
REFERENCE-LEGACY,flow_gain_pct,100,1115032,-0.29693994153792147
REFERENCE-LEGACY,bill_gain_pct,50,1105001,1.1294371234725846
REFERENCE-LEGACY,bill_gain_pct,50,1105002,-0.6954631887258977
REFERENCE-LEGACY,bill_gain_pct,50,1105003,-3.4834687509284983
REFERENCE-LEGACY,bill_gain_pct,50,1105004,0.676974972898256
REFERENCE-LEGACY,bill_gain_pct,50,1105005,1.3174231983117846
REFERENCE-LEGACY,bill_gain_pct,50,1105006,1.0712201289125949
REFERENCE-LEGACY,bill_gain_pct,50,1105007,0.7443754544791958
REFERENCE-LEGACY,bill_gain_pct,50,1105008,-1.4560146263164209
REFERENCE-LEGACY,bill_gain_pct,50,1105009,-0.3080356526599187
REFERENCE-LEGACY,bill_gain_pct,50,1105010,-0.2031090639556261
REFERENCE-LEGACY,bill_gain_pct,50,1105011,-1.770300858089019
REFERENCE-LEGACY,bill_gain_pct,50,1105012,1.960510784402175
REFERENCE-LEGACY,bill_gain_pct,50,1105013,0.6576190413322357
REFERENCE-LEGACY,bill_gain_pct,50,1105014,2.041904586246859
REFERENCE-LEGACY,bill_gain_pct,50,1105015,-2.0443555900434256
REFERENCE-LEGACY,bill_gain_pct,50,1105016,0.8504889511156216
REFERENCE-LEGACY,bill_gain_pct,50,1105017,-3.4144519933878765
REFERENCE-LEGACY,bill_gain_pct,50,1105018,-2.1306855689553488
REFERENCE-LEGACY,bill_gain_pct,50,1105019,-3.831058112933347
REFERENCE-LEGACY,bill_gain_pct,50,1105020,3.870242779058813
REFERENCE-LEGACY,bill_gain_pct,50,1105021,-1.3412339351676932
REFERENCE-LEGACY,bill_gain_pct,50,1105022,-0.4796692024042648
REFERENCE-LEGACY,bill_gain_pct,50,1105023,3.128723093531024
REFERENCE-LEGACY,bill_gain_pct,50,1105024,-2.540029138329558
REFERENCE-LEGACY,bill_gain_pct,50,1105025,1.265060953212513
REFERENCE-LEGACY,bill_gain_pct,50,1105026,0.5850311086742638
REFERENCE-LEGACY,bill_gain_pct,50,1105027,0.48779006620307264
REFERENCE-LEGACY,bill_gain_pct,50,1105028,0.7883256355827928
REFERENCE-LEGACY,bill_gain_pct,50,1105029,-0.7388154475760966
REFERENCE-LEGACY,bill_gain_pct,50,1105030,-2.04082794872428
REFERENCE-LEGACY,bill_gain_pct,50,1105031,-3.204285457868175
REFERENCE-LEGACY,bill_gain_pct,50,1105032,-3.3011743225994703
REFERENCE-LEGACY,bill_gain_pct,100,1115001,-1.2998289037316035
REFERENCE-LEGACY,bill_gain_pct,100,1115002,-0.9891477356064104
REFERENCE-LEGACY,bill_gain_pct,100,1115003,-1.1310798935697528
REFERENCE-LEGACY,bill_gain_pct,100,1115004,-0.05355193823552429
REFERENCE-LEGACY,bill_gain_pct,100,1115005,3.710974472887946
REFERENCE-LEGACY,bill_gain_pct,100,1115006,-0.1695172905364417
REFERENCE-LEGACY,bill_gain_pct,100,1115007,-1.6100662980284008
REFERENCE-LEGACY,bill_gain_pct,100,1115008,0.964041747175115
REFERENCE-LEGACY,bill_gain_pct,100,1115009,0.7930560451701264
REFERENCE-LEGACY,bill_gain_pct,100,1115010,0.5637233617706017
REFERENCE-LEGACY,bill_gain_pct,100,1115011,-0.9692361330571166
REFERENCE-LEGACY,bill_gain_pct,100,1115012,0.20394963315295
REFERENCE-LEGACY,bill_gain_pct,100,1115013,1.1381607487343097
REFERENCE-LEGACY,bill_gain_pct,100,1115014,-1.4025660975702596
REFERENCE-LEGACY,bill_gain_pct,100,1115015,-3.5133722382224786
REFERENCE-LEGACY,bill_gain_pct,100,1115016,-0.001027115007609769
REFERENCE-LEGACY,bill_gain_pct,100,1115017,-0.591771839429267
REFERENCE-LEGACY,bill_gain_pct,100,1115018,1.5299740495763186
REFERENCE-LEGACY,bill_gain_pct,100,1115019,-1.9666542186726255
REFERENCE-LEGACY,bill_gain_pct,100,1115020,-1.8740969445497884
REFERENCE-LEGACY,bill_gain_pct,100,1115021,1.8641400583829402
REFERENCE-LEGACY,bill_gain_pct,100,1115022,0.8568656643016924
REFERENCE-LEGACY,bill_gain_pct,100,1115023,1.8912853115191446
REFERENCE-LEGACY,bill_gain_pct,100,1115024,0.08304137790531296
REFERENCE-LEGACY,bill_gain_pct,100,1115025,-2.640325488194245
REFERENCE-LEGACY,bill_gain_pct,100,1115026,-0.432045548806137
REFERENCE-LEGACY,bill_gain_pct,100,1115027,-1.010874441761378
REFERENCE-LEGACY,bill_gain_pct,100,1115028,0.9105731862413646
REFERENCE-LEGACY,bill_gain_pct,100,1115029,-1.1430523315604069
REFERENCE-LEGACY,bill_gain_pct,100,1115030,-0.19811266316451803
REFERENCE-LEGACY,bill_gain_pct,100,1115031,-0.41714105367534615
REFERENCE-LEGACY,bill_gain_pct,100,1115032,-1.4849263260102634
REFERENCE-LEGACY,exact_pct,50,1105001,16.579993901827002
REFERENCE-LEGACY,exact_pct,50,1105002,11.51874713863489
REFERENCE-LEGACY,exact_pct,50,1105003,-9.611935793808254
REFERENCE-LEGACY,exact_pct,50,1105004,7.978653246534689
REFERENCE-LEGACY,exact_pct,50,1105005,-0.28864128824164226
REFERENCE-LEGACY,exact_pct,50,1105006,1.2403990595396177
REFERENCE-LEGACY,exact_pct,50,1105007,15.092640204331108
REFERENCE-LEGACY,exact_pct,50,1105008,7.234803520247619
REFERENCE-LEGACY,exact_pct,50,1105009,-4.1575033420352625
REFERENCE-LEGACY,exact_pct,50,1105010,2.1748047034646807
REFERENCE-LEGACY,exact_pct,50,1105011,-2.525882384476227
REFERENCE-LEGACY,exact_pct,50,1105012,-1.017874929005902
REFERENCE-LEGACY,exact_pct,50,1105013,6.197171583784361
REFERENCE-LEGACY,exact_pct,50,1105014,-2.0591915091632025
REFERENCE-LEGACY,exact_pct,50,1105015,-10.932548528398826
REFERENCE-LEGACY,exact_pct,50,1105016,-3.5790464971892506
REFERENCE-LEGACY,exact_pct,50,1105017,-6.447708398262538
REFERENCE-LEGACY,exact_pct,50,1105018,-3.5303978859505207
REFERENCE-LEGACY,exact_pct,50,1105019,-5.721275385818075
REFERENCE-LEGACY,exact_pct,50,1105020,8.164116091022171
REFERENCE-LEGACY,exact_pct,50,1105021,-1.918524357322482
REFERENCE-LEGACY,exact_pct,50,1105022,-5.2134862117588945
REFERENCE-LEGACY,exact_pct,50,1105023,2.678443377611983
REFERENCE-LEGACY,exact_pct,50,1105024,1.6506583050609258
REFERENCE-LEGACY,exact_pct,50,1105025,-0.049960702508419885
REFERENCE-LEGACY,exact_pct,50,1105026,-2.940856041107307
REFERENCE-LEGACY,exact_pct,50,1105027,0.07018645683482783
REFERENCE-LEGACY,exact_pct,50,1105028,1.2206835001592173
REFERENCE-LEGACY,exact_pct,50,1105029,6.933162893187269
REFERENCE-LEGACY,exact_pct,50,1105030,14.565122273070802
REFERENCE-LEGACY,exact_pct,50,1105031,-3.272668350301175
REFERENCE-LEGACY,exact_pct,50,1105032,-8.626426633877069
REFERENCE-LEGACY,exact_pct,100,1115001,-0.8190065725082771
REFERENCE-LEGACY,exact_pct,100,1115002,-7.481447378247613
REFERENCE-LEGACY,exact_pct,100,1115003,-0.6659721182336655
REFERENCE-LEGACY,exact_pct,100,1115004,-4.498208736944495
REFERENCE-LEGACY,exact_pct,100,1115005,11.515042513097951
REFERENCE-LEGACY,exact_pct,100,1115006,-1.0034616865330026
REFERENCE-LEGACY,exact_pct,100,1115007,3.0236660920849006
REFERENCE-LEGACY,exact_pct,100,1115008,4.036237826529785
REFERENCE-LEGACY,exact_pct,100,1115009,1.5244352385473423
REFERENCE-LEGACY,exact_pct,100,1115010,-5.765578485709815
REFERENCE-LEGACY,exact_pct,100,1115011,-1.8966358737049498
REFERENCE-LEGACY,exact_pct,100,1115012,11.485378475454834
REFERENCE-LEGACY,exact_pct,100,1115013,4.5425471698495095
REFERENCE-LEGACY,exact_pct,100,1115014,0.15671852044373002
REFERENCE-LEGACY,exact_pct,100,1115015,-3.3343118471469926
REFERENCE-LEGACY,exact_pct,100,1115016,9.846729330910891
REFERENCE-LEGACY,exact_pct,100,1115017,14.804196741543764
REFERENCE-LEGACY,exact_pct,100,1115018,4.239841046744569
REFERENCE-LEGACY,exact_pct,100,1115019,2.777973989439304
REFERENCE-LEGACY,exact_pct,100,1115020,-3.4313856236305336
REFERENCE-LEGACY,exact_pct,100,1115021,-7.055312739415406
REFERENCE-LEGACY,exact_pct,100,1115022,-3.4226272548201218
REFERENCE-LEGACY,exact_pct,100,1115023,1.0916165367288844
REFERENCE-LEGACY,exact_pct,100,1115024,1.9596960703289394
REFERENCE-LEGACY,exact_pct,100,1115025,12.976367589680114
REFERENCE-LEGACY,exact_pct,100,1115026,8.388467274065315
REFERENCE-LEGACY,exact_pct,100,1115027,8.356049510839581
REFERENCE-LEGACY,exact_pct,100,1115028,8.785593422330832
REFERENCE-LEGACY,exact_pct,100,1115029,-0.24932315226169077
REFERENCE-LEGACY,exact_pct,100,1115030,3.282622855135381
REFERENCE-LEGACY,exact_pct,100,1115031,-5.40454313491496
REFERENCE-LEGACY,exact_pct,100,1115032,-7.282397663784004
REFERENCE-LEGACY,offspring_pct,50,1105001,30.146977069800677
REFERENCE-LEGACY,offspring_pct,50,1105002,8.163244488146582
REFERENCE-LEGACY,offspring_pct,50,1105003,-13.665393861545782
REFERENCE-LEGACY,offspring_pct,50,1105004,11.890651887170486
REFERENCE-LEGACY,offspring_pct,50,1105005,-4.575503152500706
REFERENCE-LEGACY,offspring_pct,50,1105006,-10.874661652481866
REFERENCE-LEGACY,offspring_pct,50,1105007,27.373687628722294
REFERENCE-LEGACY,offspring_pct,50,1105008,22.18094519395624
REFERENCE-LEGACY,offspring_pct,50,1105009,9.461388832863754
REFERENCE-LEGACY,offspring_pct,50,1105010,8.450230272601566
REFERENCE-LEGACY,offspring_pct,50,1105011,1.2583437659317995
REFERENCE-LEGACY,offspring_pct,50,1105012,5.77870744041643
REFERENCE-LEGACY,offspring_pct,50,1105013,3.8552532223928075
REFERENCE-LEGACY,offspring_pct,50,1105014,-3.1757736913934576
REFERENCE-LEGACY,offspring_pct,50,1105015,-10.227638353169297
REFERENCE-LEGACY,offspring_pct,50,1105016,-0.30313182062309263
REFERENCE-LEGACY,offspring_pct,50,1105017,0.1379022594308985
REFERENCE-LEGACY,offspring_pct,50,1105018,-17.25274549499148
REFERENCE-LEGACY,offspring_pct,50,1105019,-17.287261345147055
REFERENCE-LEGACY,offspring_pct,50,1105020,0.35913862629157745
REFERENCE-LEGACY,offspring_pct,50,1105021,12.236980002912299
REFERENCE-LEGACY,offspring_pct,50,1105022,4.482599117219008
REFERENCE-LEGACY,offspring_pct,50,1105023,-2.379817977734991
REFERENCE-LEGACY,offspring_pct,50,1105024,19.105595369435893
REFERENCE-LEGACY,offspring_pct,50,1105025,-10.283217954084234
REFERENCE-LEGACY,offspring_pct,50,1105026,-6.376637949376021
REFERENCE-LEGACY,offspring_pct,50,1105027,8.510979321435112
REFERENCE-LEGACY,offspring_pct,50,1105028,26.17031125050481
REFERENCE-LEGACY,offspring_pct,50,1105029,14.71074366952066
REFERENCE-LEGACY,offspring_pct,50,1105030,24.160549751108398
REFERENCE-LEGACY,offspring_pct,50,1105031,-15.754013831964553
REFERENCE-LEGACY,offspring_pct,50,1105032,-9.689526018811335
REFERENCE-LEGACY,offspring_pct,100,1115001,-1.5753024401579472
REFERENCE-LEGACY,offspring_pct,100,1115002,-5.095945831079494
REFERENCE-LEGACY,offspring_pct,100,1115003,7.635952425763612
REFERENCE-LEGACY,offspring_pct,100,1115004,10.444266232589106
REFERENCE-LEGACY,offspring_pct,100,1115005,-0.5732640680799657
REFERENCE-LEGACY,offspring_pct,100,1115006,-9.349317040235864
REFERENCE-LEGACY,offspring_pct,100,1115007,1.0887318564738537
REFERENCE-LEGACY,offspring_pct,100,1115008,-7.175855872673243
REFERENCE-LEGACY,offspring_pct,100,1115009,-3.8955732963943532
REFERENCE-LEGACY,offspring_pct,100,1115010,-6.059591271721523
REFERENCE-LEGACY,offspring_pct,100,1115011,15.199197926024262
REFERENCE-LEGACY,offspring_pct,100,1115012,-7.776219872542962
REFERENCE-LEGACY,offspring_pct,100,1115013,1.5241485342324808
REFERENCE-LEGACY,offspring_pct,100,1115014,-5.821300136517978
REFERENCE-LEGACY,offspring_pct,100,1115015,33.37606289943975
REFERENCE-LEGACY,offspring_pct,100,1115016,19.88580468799031
REFERENCE-LEGACY,offspring_pct,100,1115017,-1.5298008899795912
REFERENCE-LEGACY,offspring_pct,100,1115018,-4.626884975001119
REFERENCE-LEGACY,offspring_pct,100,1115019,0.7481654543718521
REFERENCE-LEGACY,offspring_pct,100,1115020,-6.334954168437846
REFERENCE-LEGACY,offspring_pct,100,1115021,-29.520517268892647
REFERENCE-LEGACY,offspring_pct,100,1115022,4.284823747529615
REFERENCE-LEGACY,offspring_pct,100,1115023,-12.281533888674131
REFERENCE-LEGACY,offspring_pct,100,1115024,12.430514072521044
REFERENCE-LEGACY,offspring_pct,100,1115025,9.570496214094058
REFERENCE-LEGACY,offspring_pct,100,1115026,8.249901215104115
REFERENCE-LEGACY,offspring_pct,100,1115027,23.932400593706987
REFERENCE-LEGACY,offspring_pct,100,1115028,10.381006532543912
REFERENCE-LEGACY,offspring_pct,100,1115029,9.091879495349385
REFERENCE-LEGACY,offspring_pct,100,1115030,11.393529684472187
REFERENCE-LEGACY,offspring_pct,100,1115031,8.667069525729767
REFERENCE-LEGACY,offspring_pct,100,1115032,-8.215627050809168
REFERENCE-LEGACY,a8_cost_per_call_pct,50,1105001,3.9390405895225657
REFERENCE-LEGACY,a8_cost_per_call_pct,50,1105002,0.8712404319907855
REFERENCE-LEGACY,a8_cost_per_call_pct,50,1105003,4.6203598836962785
REFERENCE-LEGACY,a8_cost_per_call_pct,50,1105004,-0.10017524477147743
REFERENCE-LEGACY,a8_cost_per_call_pct,50,1105005,1.6293181063425561
REFERENCE-LEGACY,a8_cost_per_call_pct,50,1105006,-0.13864610363189245
REFERENCE-LEGACY,a8_cost_per_call_pct,50,1105007,-3.9097209073517325
REFERENCE-LEGACY,a8_cost_per_call_pct,50,1105008,7.116289889903454
REFERENCE-LEGACY,a8_cost_per_call_pct,50,1105009,9.478754839587817
REFERENCE-LEGACY,a8_cost_per_call_pct,50,1105010,-1.7064329941818834
REFERENCE-LEGACY,a8_cost_per_call_pct,50,1105011,2.3231237345823326
REFERENCE-LEGACY,a8_cost_per_call_pct,50,1105012,-1.7531596777317109
REFERENCE-LEGACY,a8_cost_per_call_pct,50,1105013,-0.91758631634275
REFERENCE-LEGACY,a8_cost_per_call_pct,50,1105014,0.01131756518221727
REFERENCE-LEGACY,a8_cost_per_call_pct,50,1105015,-1.8020150650543383
REFERENCE-LEGACY,a8_cost_per_call_pct,50,1105016,-0.06448999921312981
REFERENCE-LEGACY,a8_cost_per_call_pct,50,1105017,-2.6070249228825233
REFERENCE-LEGACY,a8_cost_per_call_pct,50,1105018,-2.03144590206657
REFERENCE-LEGACY,a8_cost_per_call_pct,50,1105019,-0.5437168402881218
REFERENCE-LEGACY,a8_cost_per_call_pct,50,1105020,1.134235364258926
REFERENCE-LEGACY,a8_cost_per_call_pct,50,1105021,3.866898341142655
REFERENCE-LEGACY,a8_cost_per_call_pct,50,1105022,0.8484865554958001
REFERENCE-LEGACY,a8_cost_per_call_pct,50,1105023,5.392482188207048
REFERENCE-LEGACY,a8_cost_per_call_pct,50,1105024,-1.05175702660322
REFERENCE-LEGACY,a8_cost_per_call_pct,50,1105025,0.06735454113495365
REFERENCE-LEGACY,a8_cost_per_call_pct,50,1105026,0.9629935002395867
REFERENCE-LEGACY,a8_cost_per_call_pct,50,1105027,5.5542628231470745
REFERENCE-LEGACY,a8_cost_per_call_pct,50,1105028,-3.1209239251279217
REFERENCE-LEGACY,a8_cost_per_call_pct,50,1105029,0.8384801794596635
REFERENCE-LEGACY,a8_cost_per_call_pct,50,1105030,6.798274404189186
REFERENCE-LEGACY,a8_cost_per_call_pct,50,1105031,1.3703323298497687
REFERENCE-LEGACY,a8_cost_per_call_pct,50,1105032,2.0525660136544692
REFERENCE-LEGACY,a8_cost_per_call_pct,100,1115001,1.429038348769851
REFERENCE-LEGACY,a8_cost_per_call_pct,100,1115002,0.2791651670998013
REFERENCE-LEGACY,a8_cost_per_call_pct,100,1115003,-4.089374914364369
REFERENCE-LEGACY,a8_cost_per_call_pct,100,1115004,0.36500677607695575
REFERENCE-LEGACY,a8_cost_per_call_pct,100,1115005,8.206688667001636
REFERENCE-LEGACY,a8_cost_per_call_pct,100,1115006,-4.812735864041709
REFERENCE-LEGACY,a8_cost_per_call_pct,100,1115007,-0.8830011599321645
REFERENCE-LEGACY,a8_cost_per_call_pct,100,1115008,6.23628700995121
REFERENCE-LEGACY,a8_cost_per_call_pct,100,1115009,11.917381314406098
REFERENCE-LEGACY,a8_cost_per_call_pct,100,1115010,10.413654519151173
REFERENCE-LEGACY,a8_cost_per_call_pct,100,1115011,7.669134931416753
REFERENCE-LEGACY,a8_cost_per_call_pct,100,1115012,9.37844048360675
REFERENCE-LEGACY,a8_cost_per_call_pct,100,1115013,2.963479720957765
REFERENCE-LEGACY,a8_cost_per_call_pct,100,1115014,-2.3620751622562217
REFERENCE-LEGACY,a8_cost_per_call_pct,100,1115015,0.0654670008761844
REFERENCE-LEGACY,a8_cost_per_call_pct,100,1115016,-2.8945005893082936
REFERENCE-LEGACY,a8_cost_per_call_pct,100,1115017,-14.489105851350796
REFERENCE-LEGACY,a8_cost_per_call_pct,100,1115018,-3.8654232832870674
REFERENCE-LEGACY,a8_cost_per_call_pct,100,1115019,10.766873979186448
REFERENCE-LEGACY,a8_cost_per_call_pct,100,1115020,6.153470893733889
REFERENCE-LEGACY,a8_cost_per_call_pct,100,1115021,12.58398387101989
REFERENCE-LEGACY,a8_cost_per_call_pct,100,1115022,3.1717267885905644
REFERENCE-LEGACY,a8_cost_per_call_pct,100,1115023,4.496314846759711
REFERENCE-LEGACY,a8_cost_per_call_pct,100,1115024,5.2559144533396776
REFERENCE-LEGACY,a8_cost_per_call_pct,100,1115025,-10.112888252754033
REFERENCE-LEGACY,a8_cost_per_call_pct,100,1115026,-7.320592979990456
REFERENCE-LEGACY,a8_cost_per_call_pct,100,1115027,0.4849435088781249
REFERENCE-LEGACY,a8_cost_per_call_pct,100,1115028,-3.474167853429064
REFERENCE-LEGACY,a8_cost_per_call_pct,100,1115029,-0.36702085015866426
REFERENCE-LEGACY,a8_cost_per_call_pct,100,1115030,-0.8109288915795876
REFERENCE-LEGACY,a8_cost_per_call_pct,100,1115031,6.662155159854704
REFERENCE-LEGACY,a8_cost_per_call_pct,100,1115032,10.461164942083407
REFERENCE-LEGACY,a8_cost_share_pp,50,1105001,0.05340196795054638
REFERENCE-LEGACY,a8_cost_share_pp,50,1105002,-0.019629087910384955
REFERENCE-LEGACY,a8_cost_share_pp,50,1105003,-0.05349868963942197
REFERENCE-LEGACY,a8_cost_share_pp,50,1105004,-0.08054743272478312
REFERENCE-LEGACY,a8_cost_share_pp,50,1105005,0.040006083495899375
REFERENCE-LEGACY,a8_cost_share_pp,50,1105006,-0.20890698027228244
REFERENCE-LEGACY,a8_cost_share_pp,50,1105007,-0.04445336378133581
REFERENCE-LEGACY,a8_cost_share_pp,50,1105008,0.07567644958060767
REFERENCE-LEGACY,a8_cost_share_pp,50,1105009,0.2930509669989926
REFERENCE-LEGACY,a8_cost_share_pp,50,1105010,-0.008687253200233148
REFERENCE-LEGACY,a8_cost_share_pp,50,1105011,0.11034645627387057
REFERENCE-LEGACY,a8_cost_share_pp,50,1105012,-0.4119978348133856
REFERENCE-LEGACY,a8_cost_share_pp,50,1105013,-0.16182720841075615
REFERENCE-LEGACY,a8_cost_share_pp,50,1105014,-0.10998805770727522
REFERENCE-LEGACY,a8_cost_share_pp,50,1105015,-0.06831219387320231
REFERENCE-LEGACY,a8_cost_share_pp,50,1105016,0.18476220263470078
REFERENCE-LEGACY,a8_cost_share_pp,50,1105017,-0.02497230811995574
REFERENCE-LEGACY,a8_cost_share_pp,50,1105018,-0.03586987063203544
REFERENCE-LEGACY,a8_cost_share_pp,50,1105019,0.015243843419380246
REFERENCE-LEGACY,a8_cost_share_pp,50,1105020,-0.05241998391426
REFERENCE-LEGACY,a8_cost_share_pp,50,1105021,-0.010558984103558655
REFERENCE-LEGACY,a8_cost_share_pp,50,1105022,-0.09062533464339613
REFERENCE-LEGACY,a8_cost_share_pp,50,1105023,-0.03259333054451416
REFERENCE-LEGACY,a8_cost_share_pp,50,1105024,0.09507328541120455
REFERENCE-LEGACY,a8_cost_share_pp,50,1105025,0.04741642400234783
REFERENCE-LEGACY,a8_cost_share_pp,50,1105026,0.07213757679903642
REFERENCE-LEGACY,a8_cost_share_pp,50,1105027,-0.043960840961760894
REFERENCE-LEGACY,a8_cost_share_pp,50,1105028,0.1277925847181345
REFERENCE-LEGACY,a8_cost_share_pp,50,1105029,0.29721307978368716
REFERENCE-LEGACY,a8_cost_share_pp,50,1105030,0.10720541868023098
REFERENCE-LEGACY,a8_cost_share_pp,50,1105031,-0.27504362801516813
REFERENCE-LEGACY,a8_cost_share_pp,50,1105032,-0.026838100643063405
REFERENCE-LEGACY,a8_cost_share_pp,100,1115001,0.052468705914919686
REFERENCE-LEGACY,a8_cost_share_pp,100,1115002,-0.08849264452455155
REFERENCE-LEGACY,a8_cost_share_pp,100,1115003,0.04133949839331321
REFERENCE-LEGACY,a8_cost_share_pp,100,1115004,-0.08456096754593638
REFERENCE-LEGACY,a8_cost_share_pp,100,1115005,0.04982681175853962
REFERENCE-LEGACY,a8_cost_share_pp,100,1115006,0.03282127152109901
REFERENCE-LEGACY,a8_cost_share_pp,100,1115007,0.016688669474938085
REFERENCE-LEGACY,a8_cost_share_pp,100,1115008,0.05003526870264293
REFERENCE-LEGACY,a8_cost_share_pp,100,1115009,0.15447467838244403
REFERENCE-LEGACY,a8_cost_share_pp,100,1115010,0.04406388265560055
REFERENCE-LEGACY,a8_cost_share_pp,100,1115011,-0.10736157140347317
REFERENCE-LEGACY,a8_cost_share_pp,100,1115012,0.014903149442202154
REFERENCE-LEGACY,a8_cost_share_pp,100,1115013,-0.05839030524520012
REFERENCE-LEGACY,a8_cost_share_pp,100,1115014,-0.06200597699643393
REFERENCE-LEGACY,a8_cost_share_pp,100,1115015,0.05700352953628993
REFERENCE-LEGACY,a8_cost_share_pp,100,1115016,-0.05714609662086615
REFERENCE-LEGACY,a8_cost_share_pp,100,1115017,-0.08546009280795336
REFERENCE-LEGACY,a8_cost_share_pp,100,1115018,0.02428174043087627
REFERENCE-LEGACY,a8_cost_share_pp,100,1115019,0.12059910763070465
REFERENCE-LEGACY,a8_cost_share_pp,100,1115020,-0.02401675865425333
REFERENCE-LEGACY,a8_cost_share_pp,100,1115021,0.05329811707652261
REFERENCE-LEGACY,a8_cost_share_pp,100,1115022,-0.020819329740423425
REFERENCE-LEGACY,a8_cost_share_pp,100,1115023,0.11205120462436788
REFERENCE-LEGACY,a8_cost_share_pp,100,1115024,0.008241340745064388
REFERENCE-LEGACY,a8_cost_share_pp,100,1115025,0.08025973583107032
REFERENCE-LEGACY,a8_cost_share_pp,100,1115026,-0.016203983412813545
REFERENCE-LEGACY,a8_cost_share_pp,100,1115027,0.11852765691177039
REFERENCE-LEGACY,a8_cost_share_pp,100,1115028,-0.07648606959885
REFERENCE-LEGACY,a8_cost_share_pp,100,1115029,0.026449689953502067
REFERENCE-LEGACY,a8_cost_share_pp,100,1115030,-0.01939523698681675
REFERENCE-LEGACY,a8_cost_share_pp,100,1115031,-0.09873803017581632
REFERENCE-LEGACY,a8_cost_share_pp,100,1115032,-0.019799399761128864
REFERENCE-LEGACY,a8_proposals_per_call_diff,50,1105001,-0.28549559364877697
REFERENCE-LEGACY,a8_proposals_per_call_diff,50,1105002,-0.20663151835162774
REFERENCE-LEGACY,a8_proposals_per_call_diff,50,1105003,0.32261401064750106
REFERENCE-LEGACY,a8_proposals_per_call_diff,50,1105004,-0.0574476871615649
REFERENCE-LEGACY,a8_proposals_per_call_diff,50,1105005,0.3710999056629949
REFERENCE-LEGACY,a8_proposals_per_call_diff,50,1105006,-0.11650053674800087
REFERENCE-LEGACY,a8_proposals_per_call_diff,50,1105007,0.11487342169156611
REFERENCE-LEGACY,a8_proposals_per_call_diff,50,1105008,0.03989033179536139
REFERENCE-LEGACY,a8_proposals_per_call_diff,50,1105009,0.18077426575975736
REFERENCE-LEGACY,a8_proposals_per_call_diff,50,1105010,0.1685121091947922
REFERENCE-LEGACY,a8_proposals_per_call_diff,50,1105011,0.3601089587916124
REFERENCE-LEGACY,a8_proposals_per_call_diff,50,1105012,-0.11319378735627972
REFERENCE-LEGACY,a8_proposals_per_call_diff,50,1105013,-0.2898310129922882
REFERENCE-LEGACY,a8_proposals_per_call_diff,50,1105014,0.01755684178573025
REFERENCE-LEGACY,a8_proposals_per_call_diff,50,1105015,-0.2060999827921422
REFERENCE-LEGACY,a8_proposals_per_call_diff,50,1105016,0.3403661108140148
REFERENCE-LEGACY,a8_proposals_per_call_diff,50,1105017,0.20625799028825925
REFERENCE-LEGACY,a8_proposals_per_call_diff,50,1105018,0.35370791968717263
REFERENCE-LEGACY,a8_proposals_per_call_diff,50,1105019,-0.03059575009329618
REFERENCE-LEGACY,a8_proposals_per_call_diff,50,1105020,-0.3293713587010785
REFERENCE-LEGACY,a8_proposals_per_call_diff,50,1105021,-0.10744185024106839
REFERENCE-LEGACY,a8_proposals_per_call_diff,50,1105022,-0.08943485949382024
REFERENCE-LEGACY,a8_proposals_per_call_diff,50,1105023,-0.3157176946714851
REFERENCE-LEGACY,a8_proposals_per_call_diff,50,1105024,-0.0026666666482343393
REFERENCE-LEGACY,a8_proposals_per_call_diff,50,1105025,0.06993255134889165
REFERENCE-LEGACY,a8_proposals_per_call_diff,50,1105026,0.06347974083937924
REFERENCE-LEGACY,a8_proposals_per_call_diff,50,1105027,-0.0024896414303617886
REFERENCE-LEGACY,a8_proposals_per_call_diff,50,1105028,0.286068152868052
REFERENCE-LEGACY,a8_proposals_per_call_diff,50,1105029,0.027971316617013464
REFERENCE-LEGACY,a8_proposals_per_call_diff,50,1105030,-0.11160196092370978
REFERENCE-LEGACY,a8_proposals_per_call_diff,50,1105031,-0.38076338798144066
REFERENCE-LEGACY,a8_proposals_per_call_diff,50,1105032,-0.004348234613710533
REFERENCE-LEGACY,a8_proposals_per_call_diff,100,1115001,0.04074093640282728
REFERENCE-LEGACY,a8_proposals_per_call_diff,100,1115002,-0.03902916977466753
REFERENCE-LEGACY,a8_proposals_per_call_diff,100,1115003,0.07831498547889676
REFERENCE-LEGACY,a8_proposals_per_call_diff,100,1115004,-0.2167736388244637
REFERENCE-LEGACY,a8_proposals_per_call_diff,100,1115005,-0.11544089085920217
REFERENCE-LEGACY,a8_proposals_per_call_diff,100,1115006,-0.18486759130881564
REFERENCE-LEGACY,a8_proposals_per_call_diff,100,1115007,0.021918223745163834
REFERENCE-LEGACY,a8_proposals_per_call_diff,100,1115008,0.23165214429454145
REFERENCE-LEGACY,a8_proposals_per_call_diff,100,1115009,0.36515573457858463
REFERENCE-LEGACY,a8_proposals_per_call_diff,100,1115010,0.03170255245026582
REFERENCE-LEGACY,a8_proposals_per_call_diff,100,1115011,0.04754468217405
REFERENCE-LEGACY,a8_proposals_per_call_diff,100,1115012,0.3070533609773098
REFERENCE-LEGACY,a8_proposals_per_call_diff,100,1115013,-0.17071874286634187
REFERENCE-LEGACY,a8_proposals_per_call_diff,100,1115014,0.10557877447861702
REFERENCE-LEGACY,a8_proposals_per_call_diff,100,1115015,0.0908339881449759
REFERENCE-LEGACY,a8_proposals_per_call_diff,100,1115016,-0.0760592561901548
REFERENCE-LEGACY,a8_proposals_per_call_diff,100,1115017,-0.06961803026300661
REFERENCE-LEGACY,a8_proposals_per_call_diff,100,1115018,0.20331400628008595
REFERENCE-LEGACY,a8_proposals_per_call_diff,100,1115019,0.20654843897603392
REFERENCE-LEGACY,a8_proposals_per_call_diff,100,1115020,-0.07560784303720697
REFERENCE-LEGACY,a8_proposals_per_call_diff,100,1115021,0.09304961954809632
REFERENCE-LEGACY,a8_proposals_per_call_diff,100,1115022,-0.06742243883003773
REFERENCE-LEGACY,a8_proposals_per_call_diff,100,1115023,0.44173355153987093
REFERENCE-LEGACY,a8_proposals_per_call_diff,100,1115024,0.18567154333138608
REFERENCE-LEGACY,a8_proposals_per_call_diff,100,1115025,0.337126387936764
REFERENCE-LEGACY,a8_proposals_per_call_diff,100,1115026,-0.14927706667521
REFERENCE-LEGACY,a8_proposals_per_call_diff,100,1115027,0.029635577268288804
REFERENCE-LEGACY,a8_proposals_per_call_diff,100,1115028,-0.08955778975198014
REFERENCE-LEGACY,a8_proposals_per_call_diff,100,1115029,0.026268356981117014
REFERENCE-LEGACY,a8_proposals_per_call_diff,100,1115030,-0.006864986026738185
REFERENCE-LEGACY,a8_proposals_per_call_diff,100,1115031,0.019356786581808005
REFERENCE-LEGACY,a8_proposals_per_call_diff,100,1115032,-0.016868301397920393
