jobs,base_seed,tariff,algorithm_seed,node,block,contrast,hv_diff,igd_plus_gain,hv_pct,igd_gain,coverage_ab,coverage_ba,coverage_net,flow_gain_pct,bill_gain_pct,exact_pct,offspring_pct,a8_cost_per_call_pct,a8_cost_share_pp,a8_proposals_per_call_diff
100,1115001,H,1101,0,n100_i1115001_H_a1101,W-REFERENCE,0.07029201779918037,0.01619628464593406,8.245286513337803,0.016310129267256113,0.26214833759590794,0.4785714285714286,-0.21642309097552065,-0.0,0.5943014148334314,-0.9106017137975542,6.074155298458206,7.5261927211516255,0.11699604764047944,0.472080200501253
100,1115001,H,1101,0,n100_i1115001_H_a1101,W-LEGACY,0.0073898863032429984,-0.010766629160708537,0.8072728924721995,-0.005251217753483618,0.6070038910505836,0.6428571428571429,-0.035853251806559294,-0.0,0.33985679507885225,0.12054950254289931,15.999955040941561,7.550653295698617,0.13363883985885866,0.6839276485788113
100,1115001,H,1101,0,n100_i1115001_H_a1101,GW-REFERENCE,0.030216293645094816,-0.007028835657024501,3.544385355201163,-0.005715539030393846,0.08184143222506395,0.7284263959390863,-0.6465849637140224,0.1216051884880387,2.039643883030917,-14.114985368228472,-18.90537994271907,0.08379436353287417,0.012822862969202268,0.45462922010909645
100,1115001,H,1101,0,n100_i1115001_H_a1101,GW-LEGACY,-0.03268583785084256,-0.0339917494636671,-3.570608502210304,-0.027276886051133577,0.011673151750972763,0.9289340101522843,-0.9172608584013116,0.1216051884880387,1.7888988460967425,-13.221242557850521,-11.317019171742048,0.10656190557096767,0.029465655187581492,0.6664766681866547
100,1115001,H,1101,0,n100_i1115001_H_a1101,GW-W,-0.04007572415408556,-0.023225120302958563,-4.34282296214108,-0.02202566829764996,0.25,0.8705583756345178,-0.6205583756345178,0.1216051884880387,1.4539835127854173,-13.325727961625478,-23.54912482771414,-6.92147482327321,-0.10417318467127717,-0.017450980392156534
100,1115001,H,1101,0,n100_i1115001_H_a1101,REFERENCE-LEGACY,-0.06290213149593737,-0.026962913806642598,-6.871443423034506,-0.02156134702073973,0.054474708171206226,0.9411764705882353,-0.886701762417029,-0.0,-0.2559658282936139,1.0406271853242721,9.357415776307976,0.02274848009398145,0.016642792218379224,0.2118474480775583
100,1115001,H,2202,0,n100_i1115001_H_a2202,W-REFERENCE,-0.05445391738864758,-0.022692704311132697,-5.651045357278206,-0.021131715486730835,0.05639097744360902,0.45698924731182794,-0.4005982698682189,0.1612903225806428,-2.161230514943724,-14.282475314973054,-24.150140879945326,42.073071381635096,0.18105898212612523,0.4235678279655337
100,1115001,H,2202,0,n100_i1115001_H_a2202,W-LEGACY,0.01396288306278537,-0.005686849344950465,1.5597656915150138,0.008644202018759164,0.24907063197026022,0.3387096774193548,-0.0896390454490946,0.1612903225806428,1.0846238210133974,-15.620211161685503,-38.17355174651731,47.845758592273334,0.28559085585066746,0.22682489923869253
100,1115001,H,2202,0,n100_i1115001_H_a2202,GW-REFERENCE,-0.031297709562761455,-0.006107168329064265,-3.2479715840417533,-0.006017461484810398,0.3308270676691729,0.30141843971631205,0.029408627952860866,1.1290322580645107,-1.5433995023279579,-1.7572424198135206,-15.850440148613032,17.691138954697962,0.03294888635684487,0.5087933551265444
100,1115001,H,2202,0,n100_i1115001_H_a2202,GW-LEGACY,0.03711909088867149,0.010898686637117967,4.146499272968063,0.0237584560206796,0.32342007434944237,0.2198581560283688,0.10356191832107356,1.1290322580645107,1.6828251809607453,-3.2904511653741975,-31.40833129999133,22.47314391906061,0.13748076008138713,0.31205042639970326
100,1115001,H,2202,0,n100_i1115001_H_a2202,GW-W,0.02315620782588612,0.016585535982068432,2.547006251777084,0.015114254001920437,0.3118279569892473,0.2375886524822695,0.0742393045069778,0.9693053311793265,0.6047607389824794,14.612219544584493,10.942275737382179,-17.161543837848537,-0.14811009576928036,0.08522552716101073
100,1115001,H,2202,0,n100_i1115001_H_a2202,REFERENCE-LEGACY,0.06841680045143295,0.017005854966182232,7.642703701486608,0.02977591750549,0.2527881040892193,0.2781954887218045,-0.025407384632585184,-0.0,3.1771879798201397,-1.560632847982979,-18.48838090045206,4.063181822212947,0.10453187372454226,-0.19674292872684118
100,1115001,T,1101,0,n100_i1115001_T_a1101,W-REFERENCE,0.04348154796068571,0.019182285825005724,5.704269963107533,0.013705153865650174,0.6581920903954802,0.14133333333333334,0.5168587570621469,-0.0,1.251099691110602,10.46175796970783,-3.674905044819199,0.24000088234414907,0.047246311867210886,0.31829884353646865
100,1115001,T,1101,0,n100_i1115001_T_a1101,W-LEGACY,-0.003230318897433526,0.0073215482806055845,-0.39931009317214494,-0.006306219646029183,0.7052631578947368,0.192,0.5132631578947369,-0.3661513425549323,-1.5424229494694908,-5.198439137127964,-23.579405821523068,2.0061876338395734,-0.07487849406741606,0.17292218637622359
100,1115001,T,1101,0,n100_i1115001_T_a1101,GW-REFERENCE,-0.02492006629175303,-0.018011991143903686,-3.269220906192727,-0.03752991406726244,0.4096045197740113,0.8489932885906041,-0.4393887688165928,-0.0,-0.8689095907522537,16.46663217121882,-4.910704938477972,-4.192156238307265,0.10196298332020032,0.49133956836264314
100,1115001,T,1101,0,n100_i1115001_T_a1101,GW-LEGACY,-0.07163193314987226,-0.029872728688303825,-8.854653304632432,-0.0575412875789418,0.07368421052631578,0.9161073825503355,-0.8424231720240197,-0.3661513425549323,-3.7224054959317243,-0.04487778203393633,-24.559841524213468,-2.504062235396598,-0.020161822614426627,0.3459629112023981
100,1115001,T,1101,0,n100_i1115001_T_a1101,GW-W,-0.06840161425243874,-0.03719427696890941,-8.489241610042953,-0.05123506793291262,0.02666666666666667,0.9328859060402684,-0.9062192393736018,-0.0,-2.146868750164699,5.436156649940105,-1.282946976832755,-4.421545372743596,0.054716671452989446,0.1730407248261745
100,1115001,T,1101,0,n100_i1115001_T_a1101,REFERENCE-LEGACY,-0.04671186685811923,-0.01186073754440014,-5.774203878812023,-0.020011373511679358,0.4605263157894737,0.6892655367231638,-0.22873922093369015,-0.3661513425549323,-2.8289151897812337,-14.177030489710585,-20.663878697410322,1.7619580366609044,-0.12212480593462695,-0.14537665716024506
100,1115001,T,2202,0,n100_i1115001_T_a2202,W-REFERENCE,0.16279116519899373,0.02387104924826127,22.517238562893805,0.024820733498831973,0.43555555555555553,0.6431226765799256,-0.20756712102437008,-0.08071025020177647,12.445264475374085,3.250119532500917,-21.74951354240874,14.437008595760826,0.1978734264551989,0.19002586357361606
100,1115001,T,2202,0,n100_i1115001_T_a2202,W-LEGACY,0.03106301403215206,-0.029434130963527472,3.6344165142329077,-0.0241362038138389,0.04011461318051576,0.7769516728624535,-0.7368370596819377,-0.0,7.812198323407782,15.042325867181749,-3.365630603170433,14.286255066699605,0.4086983901065831,0.4832617469944531
100,1115001,T,2202,0,n100_i1115001_T_a2202,GW-REFERENCE,0.09842052657496436,0.015058081762079331,13.61350582917138,0.017041030195939985,0.4622222222222222,0.3486238532110092,0.11359836901121301,-0.08071025020177647,7.297904111818621,7.481816409232378,-6.3004685886312695,-0.6016836792109626,-0.05574388921263029,-0.0869387038229612
100,1115001,T,2202,0,n100_i1115001_T_a2202,GW-LEGACY,-0.033307624591877305,-0.038247098449709416,-3.8970391199415255,-0.03191590711673089,0.09455587392550144,0.6880733944954128,-0.5935175205699114,-0.0,2.392459076751774,19.757325261548875,15.71295643795494,-0.7326259954422043,0.1550810744387539,0.20629717959787586
100,1115001,T,2202,0,n100_i1115001_T_a2202,GW-W,-0.06437063862402936,-0.00881296748618194,-7.267330571731523,-0.007779703302891988,0.79182156133829,0.24311926605504589,0.5487022952832441,-0.0,-5.879019944167041,4.098491019566741,19.743065702409712,-13.141458746177747,-0.2536173156678292,-0.27696456739657727
100,1115001,T,2202,0,n100_i1115001_T_a2202,REFERENCE-LEGACY,-0.13172815116684167,-0.05330518021178875,-15.412379735417769,-0.048956937312670874,0.027220630372492838,0.9111111111111111,-0.8838904807386183,0.08064516129032695,-5.291622576671706,11.421009862336184,23.49363406092262,-0.13173494388842855,0.2108249636513842,0.29323588342083706
100,1115002,H,1101,1,n100_i1115002_H_a1101,W-REFERENCE,-0.1033488837974541,-0.040071983509274746,-10.264359261656498,-0.03551313289037131,0.0,0.9305555555555556,-0.9305555555555556,-0.2823861630780078,-0.5945689331114501,1.6344659052630384,6.285909748629237,22.68916804243226,0.33397339950905014,0.7202628300166358
100,1115002,H,1101,1,n100_i1115002_H_a1101,W-LEGACY,-0.04218669547741438,-0.03193648051942649,-4.460853404128173,-0.0273841603012826,0.21374045801526717,0.9375,-0.7237595419847328,-0.2823861630780078,1.2718653274235048,1.9408448102854248,4.895278510765233,26.119340725637507,0.34268444882723437,0.7584189231248053
100,1115002,H,1101,1,n100_i1115002_H_a1101,GW-REFERENCE,-0.10210012944411917,-0.03346979957400619,-10.140336022689468,-0.029748684220920668,0.26136363636363635,0.7183673469387755,-0.4570037105751391,-0.0,0.10588939147129217,4.990718106211234,9.247285377306191,11.944055637980844,0.23831473062057296,0.621394834324307
100,1115002,H,1101,1,n100_i1115002_H_a1101,GW-LEGACY,-0.04093794112407945,-0.025334296584157937,-4.328809164944369,-0.02161971163183196,0.2748091603053435,0.6081632653061224,-0.3333541050007789,-0.0,1.959327329948879,5.307214493183721,7.817907879791908,15.073813935500691,0.24702577993875718,0.6595509274324765
100,1115002,H,1101,1,n100_i1115002_H_a1101,GW-W,0.0012487543533349355,0.006602183935268555,0.13820956528149964,0.005764448669450639,0.625,0.363265306122449,0.261734693877551,0.2815909890883539,0.6963182326955475,3.3022775994874243,2.7862353868737033,-8.757995979510758,-0.09565866888847718,-0.09886799569232885
100,1115002,H,1101,1,n100_i1115002_H_a1101,REFERENCE-LEGACY,0.06116218832003972,0.008135502989848255,6.467336511755151,0.008128972589088707,0.6183206106870229,0.39204545454545453,0.2262751561415684,-0.0,1.8554026130138457,0.30145177848226457,-1.3083871993502139,2.7958235742693294,0.00871104931818422,0.038156093108169475
100,1115002,H,2202,1,n100_i1115002_H_a2202,W-REFERENCE,-0.12635760365947546,-0.04053572645120791,-12.269535895175721,-0.03245280510742956,0.3853658536585366,0.3983739837398374,-0.013008130081300806,0.4908835904628317,-1.9200664012019475,-19.94863604313891,-24.994779127385936,66.64274087838254,0.4386535375638244,0.7009685230024214
100,1115002,H,2202,1,n100_i1115002_H_a2202,W-LEGACY,-0.07720171658602759,-0.004825400538501827,-7.872164361163591,-0.0014025133450886879,0.2576419213973799,0.35772357723577236,-0.10008165583839246,-0.35360678925036026,-2.2410725107635754,-31.342488014579384,-25.676317731500585,62.41223472529897,0.3954611040445039,0.43016422502103424
100,1115002,H,2202,1,n100_i1115002_H_a2202,GW-REFERENCE,-0.024536216059324545,0.005561684320468621,-2.3825078582763615,0.008085168198064839,0.6178861788617886,0.11452513966480447,0.5033610391969842,0.10518934081346076,-0.4022245803521063,0.7150740639257025,-11.581142883995865,37.38236173323833,0.4620674127133374,0.9561762184264326
100,1115002,H,2202,1,n100_i1115002_H_a2202,GW-LEGACY,0.024619671014123323,0.04127201023317471,2.5104376600873612,0.03913545996040571,0.7161572052401747,0.0335195530726257,0.682637652167549,-0.7425742574257432,-0.7184501151452194,-13.619880251099193,-12.384565149208559,33.89467950013236,0.4188749791940169,0.6853719204450455
100,1115002,H,2202,1,n100_i1115002_H_a2202,GW-W,0.10182138760015091,0.046097410771676534,11.269777423137661,0.0405379733054944,0.6747967479674797,0.06983240223463687,0.6049643457328429,-0.3875968992248069,1.4892472841167015,25.81306436977149,17.8836034176491,-17.558748128428046,0.023413875149513007,0.2552076954240112
100,1115002,H,2202,1,n100_i1115002_H_a2202,REFERENCE-LEGACY,0.04915588707344787,0.035710325912706085,5.012365520781881,0.03105029176234087,0.7729257641921398,0.013008130081300813,0.7599176341108389,-0.8486562942008558,-0.31495869350985917,-14.233176560964678,-0.9086548858674104,-2.5386681296672986,-0.0431924335193205,-0.27080429798138717
100,1115002,T,1101,1,n100_i1115002_T_a1101,W-REFERENCE,-0.10620974704510056,-0.06547657702649194,-12.942990303889035,-0.05959668341243163,0.03225806451612903,0.7766830870279147,-0.7444250225117857,-0.17630465444287147,1.1668425601311427,-2.4415938226190814,2.2081994938749405,15.193595902195135,-0.04500400553801506,-0.005105401844532231
100,1115002,T,1101,1,n100_i1115002_T_a1101,W-LEGACY,-0.10231517449153904,-0.05232840581518293,-12.527845243212532,-0.05130892792216177,0.15432098765432098,0.22660098522167488,-0.0722799975673539,-0.2116402116402183,0.03221760197945622,-9.600968282904198,-11.518782408174477,15.114992373710168,-0.25209344990111,-0.01423649668289606
100,1115002,T,1101,1,n100_i1115002_T_a1101,GW-REFERENCE,-0.03664259165871353,-0.02235757771565168,-4.465359552609649,-0.018606785224850084,0.14746543778801843,0.35767790262172283,-0.2102124648337044,-0.17630465444287147,2.9671139386191925,2.4766620529492522,10.854999839249114,11.47366768430742,0.030887306952515504,0.40507823037496626
100,1115002,T,1101,1,n100_i1115002_T_a1101,GW-LEGACY,-0.032748019105152015,-0.009209406504342668,-4.009787574618651,-0.010319029734580223,0.17901234567901234,0.6928838951310862,-0.5138715494520738,-0.2116402116402183,1.8531564658579303,-5.043641176925117,-4.033282941197047,11.397602486893232,-0.17620213741057938,0.39594713553660243
100,1115002,T,1101,1,n100_i1115002_T_a1101,GW-W,0.06956715538638703,0.04311899931084026,9.738021993716718,0.040989898187581544,0.9064039408866995,0.19662921348314608,0.7097747274035534,-0.0,1.8215257157835452,5.041345044758061,8.459986956224919,-3.229283875334643,0.07589131249053056,0.4101836322194985
100,1115002,T,1101,1,n100_i1115002_T_a1101,REFERENCE-LEGACY,0.003894572553561515,0.013148171211309012,0.47686574823284644,0.00828775549026986,0.2962962962962963,0.43317972350230416,-0.13688342720600788,-0.035273368606691946,-1.1480205505343788,-7.338552094903972,-13.430411620617633,-0.06823602290505493,-0.2070894443630949,-0.009131094838363829
100,1115002,T,2202,1,n100_i1115002_T_a2202,W-REFERENCE,0.03660757362814404,5.6431940762408095e-05,4.588923091514907,0.006861689659375475,0.6115107913669064,0.4609375,0.15057329136690645,-0.07020007020006602,6.200293136177004,8.856889174135585,-9.849494412614412,15.342242481590528,0.12998641966039332,0.48233722541064705
100,1115002,T,2202,1,n100_i1115002_T_a2202,W-LEGACY,0.1336415291417521,0.06702766568411761,19.07247009023991,0.06871401521726936,0.8018867924528302,0.2109375,0.5909492924528302,0.3495281370150316,2.120930460622561,-0.5652326230572324,-14.11931950996167,16.412320039963536,0.017586670126418322,0.5679998460235585
100,1115002,T,2202,1,n100_i1115002_T_a2202,GW-REFERENCE,0.08268907160785866,0.026037641086869685,10.365444975176018,0.032807021097440214,0.6258992805755396,0.6904761904761905,-0.0645769099006509,-0.07020007020006602,6.2192274389834985,6.33074869315382,-4.504060049178971,2.7137598502847027,0.10454847311176545,0.4720843481209729
100,1115002,T,2202,1,n100_i1115002_T_a2202,GW-LEGACY,0.1797230271214667,0.09300887483022488,25.648928752272514,0.0946593466553341,0.8584905660377359,0.05555555555555555,0.8029350104821803,0.3495281370150316,2.1406882189678678,-2.872722695514518,-9.027062537518171,3.6666777664544625,-0.007851276422209553,0.5577469687338843
100,1115002,T,2202,1,n100_i1115002_T_a2202,GW-W,0.046081497979714614,0.025981209146107277,5.523072341615642,0.02594533143806474,0.703125,0.14285714285714285,0.5602678571428572,-0.0,0.020185886970824907,-2.320606899707345,5.929455779095938,-10.948705660306047,-0.025437946548627875,-0.010252877289674167
100,1115002,T,2202,1,n100_i1115002_T_a2202,REFERENCE-LEGACY,0.09703395551360805,0.0669712337433552,13.848069729192991,0.061852325557893884,0.37735849056603776,0.5827338129496403,-0.20537532238360257,0.41943376441803126,-4.3490143113952495,-8.655512635604069,-4.736329618482715,0.9277412467022295,-0.112399749533975,0.08566262061291141
100,1115003,H,1101,0,n100_i1115003_H_a1101,W-REFERENCE,0.028989991836044005,0.038359262488582846,4.473718273418337,0.07025225714986472,0.5081967213114754,0.2636363636363636,0.2445603576751118,-1.0951979780960297,2.6379265557988085,19.651697793206104,37.26900283308059,6.946895614773019,0.7609080989294621,0.9721308471159573
100,1115003,H,1101,0,n100_i1115003_H_a1101,W-LEGACY,0.08679917087293987,0.07413232707263712,14.706801604490337,0.0773453418803477,0.5728813559322034,0.21818181818181817,0.3546995377503852,-0.12515644555695093,3.6989586355643977,43.14397259753739,77.93396949287008,-16.270329290751263,0.8013185669707346,1.7236077326846755
100,1115003,H,1101,0,n100_i1115003_H_a1101,GW-REFERENCE,0.052977290077843575,0.038473959603856384,8.17542385102563,0.0651192668676637,0.8087431693989071,0.2783018867924528,0.5304412826064543,-0.2527379949452291,1.504862175052435,13.84266780500758,33.34065200317755,-5.848725747429395,0.332211839187645,0.6867562237649838
100,1115003,H,1101,0,n100_i1115003_H_a1101,GW-LEGACY,0.11078646911473944,0.07424702418791065,18.77108508464356,0.07221235159814668,0.6169491525423729,0.25,0.3669491525423729,0.7092198581560294,2.5782421600534233,36.19440443607185,72.84187264435414,-26.28813445488212,0.37262230722891754,1.438233109333702
100,1115003,H,1101,0,n100_i1115003_H_a1101,GW-W,0.02398729824179957,0.00011469711527353765,3.54319310041169,-0.0051329902822010165,0.5666666666666667,0.39622641509433965,0.170440251572327,0.8333333333333304,-1.16376361006294,-4.854949904879968,-2.861790170268741,-11.96446263227008,-0.4286962597418171,-0.2853746233509735
100,1115003,H,1101,0,n100_i1115003_H_a1101,REFERENCE-LEGACY,0.057809179036895864,0.03577306458405427,9.794887652309825,0.007093084730482979,0.3050847457627119,0.32786885245901637,-0.022784106696304485,0.9595327492699202,1.0897796670011006,19.633883377846395,29.624289402931115,-21.709115325005456,0.040410468041272504,0.7514768855687182
100,1115003,H,2202,0,n100_i1115003_H_a2202,W-REFERENCE,0.1628173220831527,0.12086275774941434,28.625078597292266,0.03790170789554642,1.0,0.0,1.0,0.5035669324381042,1.039011891104702,-24.14334068978412,-27.212779513273443,30.723839186522106,0.21528873792064268,0.6737132352941175
100,1115003,H,2202,0,n100_i1115003_H_a2202,W-LEGACY,-0.06987051882704742,-0.049272296170715275,-8.717682591854015,-0.2109417368258002,0.4115384615384615,0.0,0.4115384615384615,1.4546965918536992,-7.807641505550933,-26.45235835319758,-18.894988201731742,15.693305246506384,0.18569987526205903,0.4619755723518457
100,1115003,H,2202,0,n100_i1115003_H_a2202,GW-REFERENCE,0.0938154379146744,0.0684388801320997,16.49378732918507,0.10023690755680292,0.936,0.11971830985915492,0.8162816901408452,-0.46160302140159093,1.209375493745335,-15.340297546782688,-32.62139221863642,11.396465895424623,0.13241357334908554,0.760989949258392
100,1115003,H,2202,0,n100_i1115003_H_a2202,GW-LEGACY,-0.13887240299552572,-0.10169617378802992,-17.32698640867084,-0.1486065371645437,0.21153846153846154,0.2992957746478873,-0.08775731310942578,0.4987531172069848,-7.622048186910413,-17.917272991277123,-24.92167247882573,-1.4118204267813406,0.1028247106905019,0.5492522863161202
100,1115003,H,2202,0,n100_i1115003_H_a2202,GW-W,-0.0690018841684783,-0.05242387761731464,-9.431513201316388,0.0623351996612565,0.0,0.9929577464788732,-0.9929577464788732,-0.9700548291859956,0.17215228535628624,11.604838946309748,-7.43071746550521,-14.784888059721379,-0.08287516457155712,0.0872767139642745
100,1115003,H,2202,0,n100_i1115003_H_a2202,REFERENCE-LEGACY,-0.23268784091020012,-0.17013505392012962,-29.032255292967733,-0.24884344472134662,0.16153846153846155,0.56,-0.39846153846153853,0.9559434746467144,-8.939536241211442,-3.043922161099577,11.427543538440975,-11.497928789078426,-0.02958886265858364,-0.2117376629422718
100,1115003,T,1101,0,n100_i1115003_T_a1101,W-REFERENCE,0.0545692063946398,0.03735634302115584,5.5917835380519865,0.02315139103287315,0.9065934065934066,0.391304347826087,0.5152890587673196,-0.08340283569641116,-0.19201882560928585,50.32200325604792,47.033758523098854,-13.232569415448436,0.1434254112871361,0.4772286876607703
100,1115003,T,1101,0,n100_i1115003_T_a1101,W-LEGACY,0.11601975641939333,0.07210689498587515,12.687639122088212,0.06268759561172646,0.8785714285714286,0.016304347826086956,0.8622670807453416,-0.0,4.19578547521291,8.70966469363752,7.5902899230751775,22.20160523167842,0.24831016462249128,0.35529355420329045
100,1115003,T,1101,0,n100_i1115003_T_a1101,GW-REFERENCE,0.007693058285744403,0.00027592901918300355,0.7883185320379793,-0.0013556924716247726,0.5384615384615384,0.4297872340425532,0.10867430441898523,-0.08340283569641116,-2.602780838731067,27.019486570139616,40.93928567192717,-26.076793982433454,-0.14740622240603146,0.37274262699753136
100,1115003,T,1101,0,n100_i1115003_T_a1101,GW-LEGACY,0.06914360831049793,0.03502648098390231,7.561377276740933,0.03818051210722854,0.5464285714285714,0.2680851063829787,0.27834346504559265,-0.0,1.8906002540693967,-8.14221806851605,3.1307283395843877,4.112042714182551,-0.04252146907067628,0.2508074935400515
100,1115003,T,1101,0,n100_i1115003_T_a1101,GW-W,-0.0468761481088954,-0.03708041400197284,-4.549089754017643,-0.02450708350449792,0.03804347826086957,0.9191489361702128,-0.8811054579093431,-0.0,-2.40614176795646,-15.501733732364142,-4.144948012203775,-14.803048194989255,-0.29083163369316756,-0.10448606066323896
100,1115003,T,1101,0,n100_i1115003_T_a1101,REFERENCE-LEGACY,0.061450550024753525,0.03475055196471931,6.720083084380413,0.03953620457885331,0.49642857142857144,0.38461538461538464,0.1118131868131868,0.08333333333333526,4.379395037901612,-27.682134126120495,-26.82613094857883,40.83810527568592,0.10488475333535517,-0.12193513345747986
100,1115003,T,2202,0,n100_i1115003_T_a2202,W-REFERENCE,0.10918188131036533,0.09401959004461308,12.603717786568414,0.08360657224225448,0.9312977099236641,0.0,0.9312977099236641,-0.7151872107698853,1.1161263383555498,15.986353109868423,3.3348655547678963,27.03109013945568,0.37600153871368175,0.9064877317047038
100,1115003,T,2202,0,n100_i1115003_T_a2202,W-LEGACY,0.059269846783427615,0.051292859578518084,6.46924099229198,0.03931591501792909,1.0,0.0,1.0,0.7462686567164201,0.0739318036422798,25.762012857420657,20.197160218248513,-3.4418401777619567,0.42565317356889054,0.8019435844513243
100,1115003,T,2202,0,n100_i1115003_T_a2202,GW-REFERENCE,0.16032478974572517,0.05359331388932899,18.50754337527798,0.048934121106359946,0.7404580152671756,0.03125,0.7092080152671756,-1.6407236011779514,4.964224265964734,-11.133139502683376,-36.843880181857415,55.40181402641509,0.29843053292949884,1.0584060747995174
100,1115003,T,2202,0,n100_i1115003_T_a2202,GW-LEGACY,0.11041275521878746,0.010866583423234003,12.051435272699273,0.004643463882034543,0.41450777202072536,0.2890625,0.12544527202072536,-0.16583747927032544,3.962587068668466,-3.643187730236075,-26.537996524311293,18.123155354766762,0.34808216778470763,0.953861927546138
100,1115003,T,2202,0,n100_i1115003_T_a2202,GW-W,0.051142908435359846,-0.04042627615528408,5.243011247550289,-0.034672451135894546,0.06217616580310881,0.6640625,-0.6018863341968912,-0.9189640768588081,3.89153234507823,-23.381623687109798,-38.88208062295335,22.333685285872782,-0.07757100578418291,0.15191834309481367
100,1115003,T,2202,0,n100_i1115003_T_a2202,REFERENCE-LEGACY,-0.04991203452693771,-0.042726730466094986,-5.447845697158815,-0.0442906572243254,0.20725388601036268,0.5648854961832062,-0.3576316101728435,1.4510779436152532,-1.0539580379702818,8.428284436439014,16.318107710261188,-23.98856081905951,0.04965163485520881,-0.10454414725337946
100,1115004,H,1101,1,n100_i1115004_H_a1101,W-REFERENCE,-0.05880919527475559,-0.0475479983179726,-6.164185984457116,-0.025527117387798087,0.21634615384615385,0.5812274368231047,-0.3648812829769509,-0.040469445568591667,0.44980016783056076,16.582950072623003,23.804026611266373,-7.4696584106540005,0.17779736124452303,0.11150715071507156
100,1115004,H,1101,1,n100_i1115004_H_a1101,W-LEGACY,-0.05582212285237809,-0.015574619290825514,-5.869467915540582,-0.022097064410060277,0.6707317073170732,0.2815884476534296,0.3891432596636436,-0.3654080389768666,-3.3370243236260366,26.650102607493544,92.10047368924083,-24.63445787206451,0.22197988761427975,0.14218253968253958
100,1115004,H,1101,1,n100_i1115004_H_a1101,GW-REFERENCE,-0.07168307253702688,-0.045195155218968205,-7.513583360410991,-0.021048029050348707,0.125,0.7643979057591623,-0.6393979057591623,-0.44516390125455274,-0.8323969904279638,20.746543290891385,20.485495188028935,-12.92830320941386,0.10234660919316427,0.1944385927954495
100,1115004,H,1101,1,n100_i1115004_H_a1101,GW-LEGACY,-0.06869600011464938,-0.013221776191821119,-7.223103457838665,-0.017617976072610897,0.6666666666666666,0.25654450261780104,0.4101221640488656,-0.7714169711733554,-4.667995423172044,31.173229771294686,86.95127559119989,-29.08049921889274,0.14652913556292096,0.22511398176291753
100,1115004,H,1101,1,n100_i1115004_H_a1101,GW-W,-0.012873877262271294,0.0023528430990043953,-1.4380408910081521,0.00447908833744938,0.49458483754512633,0.5392670157068062,-0.04468217816167991,-0.4045307443365731,-1.2879905418775373,3.5713568885285207,-2.6804713175099915,-5.899302547682761,-0.07545075205135877,0.08293144208037795
100,1115004,H,1101,1,n100_i1115004_H_a1101,REFERENCE-LEGACY,0.0029870724223775014,0.031973379027147086,0.31407844862700873,0.0034300529777378103,0.8414634146341463,0.08653846153846154,0.7549249530956847,-0.32480714575719993,-3.8039345956520254,8.635184243149974,55.16496429669387,-18.550455090275896,0.04418252636975671,0.03067538896746802
100,1115004,H,2202,1,n100_i1115004_H_a2202,W-REFERENCE,0.01569665376048668,0.023087066684387057,1.6938408763695234,0.058324896709107406,0.6832298136645962,0.25170068027210885,0.4315291333924874,0.5202080832332978,1.188925983284328,-16.206325461810557,-16.235545942896646,75.66300770020959,0.6151983718600043,0.9970913884817143
100,1115004,H,2202,1,n100_i1115004_H_a2202,W-LEGACY,0.04703178905995575,0.006256268411081407,5.252865842403565,0.0015031425727144512,0.3333333333333333,0.5578231292517006,-0.22448979591836732,0.5202080832332978,2.4762747631883797,-16.088097552059434,-36.824921162058054,73.37885172435381,0.660004320910535,0.7478623960585296
100,1115004,H,2202,1,n100_i1115004_H_a2202,GW-REFERENCE,0.059436528637980324,0.050377992654206886,6.413852486824356,0.086022556589085,0.9130434782608695,0.6459537572254336,0.26708972103543593,0.24009603841537164,2.5248600922060827,-1.0853648482777478,-4.715442806236236,51.660955680421864,0.32798065489674094,0.8625813876663722
100,1115004,H,2202,1,n100_i1115004_H_a2202,GW-LEGACY,0.0907716639374494,0.03354719438090124,10.138065816448716,0.029200802452692055,0.5196078431372549,0.5491329479768786,-0.029525104839623673,0.24009603841537164,3.7948038073209345,-0.9458021590624366,-28.13646933518166,49.688899737871694,0.37278660394727176,0.6133523952431874
100,1115004,H,2202,1,n100_i1115004_H_a2202,GW-W,0.043739874877493645,0.02729092596981983,4.641393785286385,0.027697659879977604,0.8843537414965986,0.01300578034682081,0.8713479611497779,-0.28157683024938596,1.3520084891454176,18.045467867197228,13.752973461519847,-13.663691823352009,-0.28721771696326326,-0.13451000081534215
100,1115004,H,2202,1,n100_i1115004_H_a2202,REFERENCE-LEGACY,0.031335135299469075,-0.01683079827330565,3.499744857076248,-0.056821754136392955,0.29901960784313725,0.84472049689441,-0.5457008890512727,-0.0,1.30283856613711,0.14109407470517255,-24.58008644708094,-1.300305628236753,0.0448059490505308,-0.24922899242318475
100,1115004,T,1101,1,n100_i1115004_T_a1101,W-REFERENCE,-0.025343085304061153,-0.027381412547707124,-3.679645498102413,-0.032396169245956674,0.7415254237288136,0.06513872135102533,0.6763867023777883,-0.12048192771083599,-1.0145252904984803,0.34073306879978116,-12.743108043518948,3.51485468437851,0.08434558838454993,-0.020132937485726643
100,1115004,T,1101,1,n100_i1115004_T_a1101,W-LEGACY,-0.1024174455985476,-0.04428997290558789,-13.37371468782338,-0.04657798217884246,0.005128205128205128,0.503015681544029,-0.49788747641582387,-0.727272727272732,-5.057498803936378,-19.092205068526468,-7.571965659778391,50.97648669915023,0.0988395298070272,0.29565350162866455
100,1115004,T,1101,1,n100_i1115004_T_a1101,GW-REFERENCE,0.15599534926267478,0.11048712657901792,22.64947530075716,0.10945863195452929,0.9533898305084746,0.08205128205128205,0.8713385484571925,0.5220883534136522,0.6581795184453121,26.917780672631352,17.51337251981573,-26.795954851759575,-0.015187602682593254,-0.3193989042954497
100,1115004,T,1101,1,n100_i1115004_T_a1101,GW-LEGACY,0.07892098896818833,0.09357856622113715,10.305537139430232,0.0952768190216435,0.923931623931624,0.27692307692307694,0.647008547008547,-0.08080808080808133,-3.317846185072071,2.337679402622883,24.47761760886369,6.768150159178954,-0.0006936612601159825,-0.0036124651810585107
100,1115004,T,1101,1,n100_i1115004_T_a1101,GW-W,0.18133843456673593,0.13786853912672503,27.334950058080267,0.14185480120048596,0.9891435464414958,0.08205128205128205,0.9070922643902137,0.6417970316887289,1.6559052315826994,26.486798323078542,34.67517566225593,-29.28160371625611,-0.09953319106714319,-0.29926596680972306
100,1115004,T,1101,1,n100_i1115004_T_a1101,REFERENCE-LEGACY,-0.07707436029448644,-0.01690856035788077,-10.064403562312451,-0.014181812932885784,0.4495726495726496,0.788135593220339,-0.3385629436476894,-0.60606060606061,-4.00236847305977,-19.36694853923564,5.9263426278346465,45.85006872635275,0.014493941422477272,0.3157864391143912
100,1115004,T,2202,1,n100_i1115004_T_a2202,W-REFERENCE,-0.04417413431520001,-0.012296536845255973,-6.0217966091966835,-0.011751600813140195,0.3002610966057441,0.7129629629629629,-0.4127018663572188,-0.16032064128257417,-3.538912654620785,27.04933562426617,23.197724635064287,15.530842657129273,0.07009088206208032,0.41976591105442873
100,1115004,T,2202,1,n100_i1115004_T_a2202,W-LEGACY,0.10288735739407306,0.09147256583519442,17.542326617177693,0.09136512311790088,0.8109452736318408,0.2993827160493827,0.511562557582458,-0.12019230769231282,2.9729153980061374,17.64493451756437,29.685125183869744,-12.81959535272158,-0.37163540496443,-0.5445614799021006
100,1115004,T,2202,1,n100_i1115004_T_a2202,GW-REFERENCE,-0.14598711414866128,-0.08307544637456563,-19.900892741758234,-0.08267366416321481,0.04960835509138381,0.7510373443983402,-0.7014289893069564,-0.16032064128257417,-2.169110977931177,-20.258655987998107,-11.419195654916258,63.42900155815527,0.40716903337246635,0.8672439349306718
100,1115004,T,2202,1,n100_i1115004_T_a2202,GW-LEGACY,0.0010743775606117945,0.020693656305884767,0.1831817101320965,0.02044305976782626,0.27860696517412936,0.16182572614107885,0.11678123903305052,-0.12019230769231282,4.256566730287958,-26.161241626809794,-6.754668282968623,23.32469978796141,-0.03455725365404394,-0.09708345602585755
100,1115004,T,2202,1,n100_i1115004_T_a2202,GW-W,-0.10181297983346127,-0.07077890952930965,-14.76842036961068,-0.07092206335007462,0.06790123456790123,0.7800829875518672,-0.712181752983966,-0.0,1.3229824822083236,-37.23592207689479,-28.098668536714143,41.45919634913202,0.33707815131038604,0.447478023876243
100,1115004,T,2202,1,n100_i1115004_T_a2202,REFERENCE-LEGACY,0.14706149170927307,0.10376910268045039,25.074030334868414,0.10311672393104107,0.8308457711442786,0.0783289817232376,0.7525167894210409,0.04006410256410797,6.289256749632588,-7.402164726397487,5.265844452908852,-24.53928090353228,-0.4417262870265103,-0.9643273909565293
100,1115005,H,1101,0,n100_i1115005_H_a1101,W-REFERENCE,0.039579561141582786,-0.005291727844038398,4.760551091455256,0.0029655876602248527,0.16560509554140126,0.8535031847133758,-0.6878980891719746,2.8632025450689325,2.239988735664167,-14.31504500003723,-21.187868638366425,18.022065113136797,0.18456233965855276,0.6538697161527467
100,1115005,H,1101,0,n100_i1115005_H_a1101,W-LEGACY,0.0733954791632605,0.02673771552135422,9.202142422974546,0.0298620516178233,0.3333333333333333,0.2070063694267516,0.1263269639065817,1.2576356449874204,2.3022274084497307,3.581480302762463,-13.254904737442363,15.213882625367226,0.17423071644294724,0.054355497303019806
100,1115005,H,1101,0,n100_i1115005_H_a1101,GW-REFERENCE,-0.025747011896777305,-0.01802483269947193,-3.0967995109511537,-0.012687396334581234,0.04777070063694268,0.8297872340425532,-0.7820165334056105,2.0855425945563777,-0.22374130491151778,-19.47007254493016,-24.28380980557503,-5.4387928616275065,0.056303442365373886,0.45463276836158206
100,1115005,H,1101,0,n100_i1115005_H_a1101,GW-LEGACY,0.00806890612490041,0.014004610665920687,1.0116593583888278,0.014209067623017213,0.3333333333333333,0.1675531914893617,0.1657801418439716,0.4671218109953301,-0.15993410440338085,-2.6502482906849645,-16.662472923163584,-7.688754558652344,0.04597181914976836,-0.14488145048814483
100,1115005,H,1101,0,n100_i1115005_H_a1101,GW-W,-0.06532657303836009,-0.012733104855433532,-7.500295216609731,-0.015652983994806087,0.5318471337579618,0.43882978723404253,0.09301734652391924,-0.8005822416302655,-2.520181829678747,-6.016257515564039,-3.9282545893889353,-19.878365924435027,-0.12825889729317888,-0.19923694779116463
100,1115005,H,1101,0,n100_i1115005_H_a1101,REFERENCE-LEGACY,0.033815918021677716,0.03202944336539262,4.239755600027162,0.026896463957598447,0.7142857142857143,0.0,0.7142857142857143,-1.6528925619834656,0.06366475615195988,20.88642668109877,10.0656634503681,-2.379370743155207,-0.010331623215605523,-0.5995142188497269
100,1115005,H,2202,0,n100_i1115005_H_a2202,W-REFERENCE,0.06214471193212212,0.007101966460391788,6.777221477817719,0.01245585917734103,0.1695906432748538,0.7011173184357542,-0.5315266751609005,-0.0,3.8807724152666756,-0.30817146168491405,17.226114465433074,14.411644856387685,0.16921788485241476,1.0953313253012047
100,1115005,H,2202,0,n100_i1115005_H_a2202,W-LEGACY,0.17461459511002675,0.015861866611579983,21.704881723960547,0.02272834065358588,0.2695417789757412,0.29329608938547486,-0.023754310409733637,-0.0,7.7082471371468175,2.8446099718923756,-13.69614351685281,28.710053820756755,0.10024793487262355,0.8799870139239592
100,1115005,H,2202,0,n100_i1115005_H_a2202,GW-REFERENCE,0.03577848950508844,-0.010684144456308352,3.9018403976610383,-0.007320642441428514,0.08187134502923976,0.8310991957104558,-0.749227850681216,-0.0,3.4981259403684017,0.5143104767874052,4.069023971817787,2.032616894017969,0.09732456596634499,1.032404458598726
100,1115005,H,2202,0,n100_i1115005_H_a2202,GW-LEGACY,0.14824837268299307,-0.0019242443051201569,18.427516856918324,0.002951839034816335,0.23180592991913745,0.6219839142091153,-0.3901779842899778,-0.0,7.340837673061995,3.6931031273630177,-23.382617003369212,14.783977001520254,0.02835461598655379,0.8170601472214805
100,1115005,H,2202,0,n100_i1115005_H_a2202,GW-W,-0.02636622242703368,-0.01778611091670014,-2.692878724844927,-0.019776501618769544,0.0670391061452514,0.8552278820375335,-0.7881887758922821,-0.0,-0.3980956615168063,0.8250244283123154,-11.22368557007405,-10.819727290791226,-0.07189331888606976,-0.06292686670247871
100,1115005,H,2202,0,n100_i1115005_H_a2202,REFERENCE-LEGACY,0.11246988317790463,0.008759900151188195,13.980191692142817,0.010272481476244849,0.5363881401617251,0.19298245614035087,0.3434056840213742,-0.0,3.9820073652860444,3.1625274406172244,-26.378301561299345,12.497337121860962,-0.06896994997979121,-0.21534431137724552
100,1115005,T,1101,0,n100_i1115005_T_a1101,W-REFERENCE,-0.042473098062146386,-0.034157261320444554,-4.935456344443978,-0.045129170047866415,0.0273224043715847,0.8907103825136612,-0.8633879781420765,-0.0,-1.0551372128034142,-5.9840155574612535,-23.68575507368005,14.049550275328082,0.16222239573207395,0.5817673173995015
100,1115005,T,1101,0,n100_i1115005_T_a1101,W-LEGACY,0.10469124806964092,0.030638150440235087,14.674838138579037,0.023101173403207914,0.17391304347826086,0.5191256830601093,-0.34521263958184845,-2.7888446215139417,4.425974467811522,6.835839267982835,-6.165136818706074,26.373596321329828,0.30763002227030223,0.6557296658716538
100,1115005,T,1101,0,n100_i1115005_T_a1101,GW-REFERENCE,-0.10107421706719144,-0.057702784329866266,-11.745019992515427,-0.049922469007712064,0.02185792349726776,0.7126436781609196,-0.6907857546636518,4.0521494009866155,-2.4869245269390827,-4.984924918171041,-19.799822078816966,3.6773634075639716,0.126113020338659,0.6651567634781066
100,1115005,T,1101,0,n100_i1115005_T_a1101,GW-LEGACY,0.046090129064595864,0.007092627430813375,6.460570451497927,0.018307874443362265,0.11857707509881422,0.6609195402298851,-0.5423424651310709,1.3763129300977894,3.0718456120988002,7.971164155407617,-1.3870512691903425,14.8806044328754,0.2715206468768873,0.7391191119502589
100,1115005,T,1101,0,n100_i1115005_T_a1101,GW-W,-0.058601119005045055,-0.023545523009421712,-7.163095078586079,-0.004793298959845649,0.43169398907103823,0.5114942528735632,-0.07980026380252497,4.0521494009866155,-1.4168377319804915,1.0626816761152513,5.092015256935167,-9.094456613572365,-0.03610937539341493,0.0833894460786051
100,1115005,T,1101,0,n100_i1115005_T_a1101,REFERENCE-LEGACY,0.1471643461317873,0.06479541176067964,20.628400167865202,0.06823034345107433,0.1857707509881423,0.5245901639344263,-0.3388194129462839,-2.7888446215139417,5.423882280296866,13.635824696681652,22.95851616154996,10.805869919039711,0.14540762653822828,0.07396234847215233
100,1115005,T,2202,0,n100_i1115005_T_a2202,W-REFERENCE,-0.12486207321519982,-0.04633206966256739,-14.43085125505318,-0.045581004443626116,0.026041666666666668,0.9439252336448598,-0.9178835669781932,-0.0,-1.5478238737966832,-11.062051449102272,0.5187646234863008,5.08394940229131,-0.07760357997195241,0.7723930481283425
100,1115005,T,2202,0,n100_i1115005_T_a2202,W-LEGACY,-0.03393440376941048,-0.03141390352650582,-4.38249883943117,-0.0289187307460142,0.01618705035971223,0.8084112149532711,-0.7922241645935588,-0.17806267806268483,3.909704987615459,-3.6131503024761535,-8.466541728436361,17.59200611989251,0.05559761371937452,1.051525666446354
100,1115005,T,2202,0,n100_i1115005_T_a2202,GW-REFERENCE,-0.06457758848610462,-0.012321458746778091,-7.4635119364617974,-0.013970426123442056,0.140625,0.8218181818181818,-0.6811931818181818,-0.0,-1.4143146859371125,-14.445991124300706,1.8416963050610136,-11.963992372871978,-0.07213179506653172,0.5905303030303031
100,1115005,T,2202,0,n100_i1115005_T_a2202,GW-LEGACY,0.02635008095968472,0.002596707389283484,3.403012471043687,0.0026918475741698616,0.4982014388489209,0.6945454545454546,-0.1963440156965337,-0.17806267806268483,4.0360389331289825,-7.280508164594801,-7.261866041014953,-1.4851382485781106,0.061069398624795206,0.8696629213483145
100,1115005,T,2202,0,n100_i1115005_T_a2202,GW-W,0.0602844847290952,0.0340106109157893,8.14234969119385,0.03161057832018406,0.5233644859813084,0.5163636363636364,0.007000849617672,-0.0,0.13147419882230116,-3.8048321670719143,1.3161041985842337,-16.223164310183012,0.005471784905420685,-0.18186274509803946
100,1115005,T,2202,0,n100_i1115005_T_a2202,REFERENCE-LEGACY,0.09092766944578934,0.014918166136061575,11.742961760169912,0.016662273697611918,0.512589928057554,0.203125,0.309464928057554,-0.17806267806268483,5.374343489816913,8.375391233994156,-8.938934322938575,11.902918370261073,0.13320119369132694,0.2791326183180114
100,1115006,H,1101,1,n100_i1115006_H_a1101,W-REFERENCE,0.1748984443486835,0.08711709350686526,20.377435394510336,0.07318210346649712,0.2826086956521739,0.5612244897959183,-0.27861579414374443,-0.7268553940321443,5.761695517709475,4.592498964855762,31.008050519717422,15.720511272051873,0.3036707384189532,1.287306106420577
100,1115006,H,1101,1,n100_i1115006_H_a1101,W-LEGACY,0.023230833939305695,0.008973540365842473,2.3001684429765135,-0.006343336838373299,0.7763578274760383,0.5918367346938775,0.18452109278216078,-0.8039816232771724,0.8042688113834906,3.8485627320887117,3.3392755342040115,12.78593257154128,0.268425634021373,1.0375849686626295
100,1115006,H,1101,1,n100_i1115006_H_a1101,GW-REFERENCE,0.1867166999230644,0.09582858717859745,21.75438154368614,0.09726157439207024,0.2898550724637681,0.10309278350515463,0.1867622889586135,-0.15302218821728886,5.715165339565353,4.096652153427427,34.20389162104185,9.004101598745674,0.26381839903319465,1.42358934169279
100,1115006,H,1101,1,n100_i1115006_H_a1101,GW-LEGACY,0.03504908951368657,0.017685034037574654,3.4703364444458096,0.017736134087199824,0.7763578274760383,0.28865979381443296,0.48769803366160536,-0.22970903522205877,0.7552909029979515,3.3562427358007962,5.860158051142128,6.239845622828399,0.2285732946356144,1.1738682039348425
100,1115006,H,1101,1,n100_i1115006_H_a1101,GW-W,0.011818255574380876,0.008711493671732181,1.1438573555443865,0.024079470925573124,0.7448979591836735,0.41237113402061853,0.332526825163055,0.5696923661222986,-0.049375016241781644,-0.47407492538728,2.439423446609834,-5.803992394672653,-0.03985233938575859,0.13628323527221298
100,1115006,H,1101,1,n100_i1115006_H_a1101,REFERENCE-LEGACY,-0.15166761040937782,-0.0781435531410228,-15.017155742095344,-0.07952544030487041,0.0,1.0,-1.0,-0.07656967840734552,-5.260521964566545,-0.7112711142096662,-21.119904369044175,-2.5359192318219037,-0.03524510439758023,-0.24972113775794758
100,1115006,H,2202,1,n100_i1115006_H_a2202,W-REFERENCE,-0.0764818685880273,-0.06789943146682931,-8.265244288784334,-0.058507557790616366,0.0,0.9560975609756097,-0.9560975609756097,0.500384911470364,0.4572836220260612,-2.943233887226404,24.91202921555864,20.58606151002764,0.04066776661194324,0.7861904761904761
100,1115006,H,2202,1,n100_i1115006_H_a2202,W-LEGACY,-0.04527131905257653,-0.06129398080123795,-5.06315517760958,-0.05462939389766318,0.0019047619047619048,0.9536585365853658,-0.951753774680604,0.3853564547206201,1.7405704543231204,-0.16554755294660994,-9.611283350960376,14.151865019836695,0.07090368018418851,0.5493333333333332
100,1115006,H,2202,1,n100_i1115006_H_a2202,GW-REFERENCE,-0.06037844015617999,-0.05593415449768202,-6.524978624079991,-0.04599292018096979,0.0,0.9403973509933775,-0.9403973509933775,0.500384911470364,0.4572836220260612,-1.3325392922847068,18.490638704219677,3.942939047554783,0.002543927287058066,0.7168308702791462
100,1115006,H,2202,1,n100_i1115006_H_a2202,GW-LEGACY,-0.02916789062072922,-0.04932870383209066,-3.2621438806495373,-0.0421147562880166,0.0019047619047619048,0.9370860927152318,-0.93518133081047,0.3853564547206201,1.7405704543231204,1.491243821686572,-14.257923478954982,-1.6032184869484434,0.032779840859303334,0.4799737274220033
100,1115006,H,2202,1,n100_i1115006_H_a2202,GW-W,0.01610342843184731,0.011965276969147287,1.8970625159593357,0.012514637609646578,0.7146341463414634,0.45695364238410596,0.2576805039573574,-0.0,-0.0,1.6595387003418116,-5.14073028167501,-13.801862548673471,-0.03812383932488518,-0.06935960591132995
100,1115006,H,2202,1,n100_i1115006_H_a2202,REFERENCE-LEGACY,0.03121054953545077,0.006605450665591359,3.49059534344327,0.0038781638929531875,0.13904761904761906,0.4103896103896104,-0.27134199134199133,-0.11560693641619046,1.2891820506728768,2.8619193133349485,-27.638100816489576,-5.335771323500682,0.030235913572245268,-0.23685714285714288
100,1115006,T,1101,1,n100_i1115006_T_a1101,W-REFERENCE,-0.060242659666589815,-0.0853011611672846,-6.386240565804579,-0.08786559607384531,0.11618257261410789,0.7862318840579711,-0.6700493114438631,-0.8856372737774398,-0.7660530392717302,3.5466103386499803,-10.28172541396427,23.749476342934805,0.10613438125806193,0.49671427144711866
100,1115006,T,1101,1,n100_i1115006_T_a1101,W-LEGACY,-0.020736152392094143,-0.036553065923854766,-2.29429649838937,-0.03743391571536983,0.2706422018348624,0.8333333333333334,-0.562691131498471,-1.629169899146632,1.3535235974177162,7.8456198375385755,-11.021769296936313,3.1069018719484642,0.007123162933282516,0.40902741070754356
100,1115006,T,1101,1,n100_i1115006_T_a1101,GW-REFERENCE,-0.05712800841336774,-0.08639489625963355,-6.056060718305378,-0.09062411117472191,0.11203319502074689,0.7973273942093542,-0.6852941991886072,-0.8856372737774398,-0.33846199955898104,1.294326578210514,-13.164465927696067,13.135095031126065,0.06832083193705095,0.5352853598014888
100,1115006,T,1101,1,n100_i1115006_T_a1101,GW-LEGACY,-0.017621501138872064,-0.03764680101620371,-1.9496841841639023,-0.04019243081624643,0.24770642201834864,0.9420935412026726,-0.694387119184324,-1.629169899146632,1.7721204178423489,5.499826601041358,-13.880731438945904,-5.73690098435825,-0.030690386387728467,0.44759849906191373
100,1115006,T,1101,1,n100_i1115006_T_a1101,GW-W,0.0031146512532220783,-0.0010937350923489464,0.352704398899073,-0.002758515100876602,0.35507246376811596,0.6748329621380846,-0.31976049836996867,-0.0,0.4243403674311863,-2.1751400196233894,-3.213102934750922,-8.577314123248591,-0.037813549321010984,0.038571088354370175
100,1115006,T,1101,1,n100_i1115006_T_a1101,REFERENCE-LEGACY,0.03950650727449567,0.04874809524342984,4.371092553217659,0.05043168035847548,0.6238532110091743,0.3029045643153527,0.32094864669382167,-0.7370054305663398,2.1034629944902017,4.151762655318825,-0.824853003902104,-16.68093884598072,-0.09901121832477941,-0.0876868607395751
100,1115006,T,2202,1,n100_i1115006_T_a2202,W-REFERENCE,-0.07797174365576542,-0.08464271474493759,-7.4201051791778605,-0.07998540183563521,0.021505376344086023,0.9693486590038314,-0.9478432826597454,-2.7756059421423007,0.9010945701438566,4.2486131063422805,-23.090228849789142,0.845335075624587,0.18549912772760124,0.7594602743856476
100,1115006,T,2202,1,n100_i1115006_T_a2202,W-LEGACY,0.07807030069214271,0.047906253336365126,8.725130290174743,0.049222442494312624,0.5893719806763285,0.07279693486590039,0.5165750458104281,0.03802281368820992,2.0801810343057614,-6.5059423667359395,-13.718319445572725,6.1918380316547506,0.42080462296211163,0.5942550505050506
100,1115006,T,2202,1,n100_i1115006_T_a2202,GW-REFERENCE,-0.0673562021821067,-0.07090320477089092,-6.409887495497157,-0.07157406101792402,0.026881720430107527,0.9698795180722891,-0.9429977976421816,-2.6583268178264285,0.10490675552213835,-6.532701581474887,-34.37043980342216,1.494175454503588,0.11286637414290425,0.558955223880597
100,1115006,T,2202,1,n100_i1115006_T_a2202,GW-LEGACY,0.08868584216580144,0.0616457633104118,9.91152231937502,0.05763378331202382,0.8840579710144928,0.012048192771084338,0.8720097782434084,0.1520912547528508,1.2934663240647404,-16.175028858629148,-26.37309066036455,6.87507788970716,0.3481718693774147,0.39375000000000004
100,1115006,T,2202,1,n100_i1115006_T_a2202,GW-W,0.01061554147365873,0.013739509974046674,1.0911847390147278,0.008411340817711194,0.5593869731800766,0.3373493975903614,0.22203757558971515,0.11411182959299992,-0.803427455800998,-10.341926253560164,-14.666811232088929,0.64340148048736,-0.07263275358469698,-0.20050505050505052
100,1115006,T,2202,1,n100_i1115006_T_a2202,REFERENCE-LEGACY,0.15604204434790814,0.1325489680813027,17.439245854188833,0.12920784432994784,1.0,0.0,1.0,2.7376425855513253,1.1898077572576993,-10.316257600576117,12.185590028492399,5.3016859451364695,0.23530549523451041,-0.165205223880597
100,1115007,H,1101,0,n100_i1115007_H_a1101,W-REFERENCE,-0.024819500020136775,-0.01794855010164989,-3.076233105699977,-0.0006734122208944121,0.6244131455399061,0.1280353200883002,0.4963778254516059,-0.0,1.0377403995231682,-0.0009605871849061032,24.306381107282693,29.197311193485298,0.1828086402587254,0.9091530054644807
100,1115007,H,1101,0,n100_i1115007_H_a1101,W-LEGACY,0.010578152082931447,0.024195471018034015,1.3712624714918409,0.022956307867233017,0.6472602739726028,0.11258278145695365,0.5346774925156491,-0.0,1.459070215824354,-0.7068928946588837,31.58334061170558,21.37402744194201,0.2274042746177488,0.6282825601203512
100,1115007,H,1101,0,n100_i1115007_H_a1101,GW-REFERENCE,-0.0581526348444007,-0.03869686064404529,-7.20768187702765,-0.020507510701236728,0.6244131455399061,0.7338709677419355,-0.10945782220202938,-0.0,0.2647753974215017,-1.0149658757432567,29.535000277161338,19.70773907535046,0.16615101017542888,0.9155759162303663
100,1115007,H,1101,0,n100_i1115007_H_a1101,GW-LEGACY,-0.022754982741332475,0.0034471604756386165,-2.94976415805005,0.003122209386890701,0.547945205479452,0.10080645161290322,0.4471387538665488,-0.0,0.6893960965668966,-1.713739923524471,37.11804583786176,12.459077308391088,0.21074664453445227,0.6347054708862367
100,1115007,H,1101,0,n100_i1115007_H_a1101,GW-W,-0.03333313482426392,-0.0207483105423954,-4.262575530966739,-0.019834098480342316,0.18984547461368653,0.5806451612903226,-0.3907996866766361,-0.0,-0.7810704860845119,-1.0140150290567695,4.206235531357061,-7.345022919186983,-0.01665763008329652,0.0064229107658855256
100,1115007,H,1101,0,n100_i1115007_H_a1101,REFERENCE-LEGACY,0.03539765210306822,0.042144021119683905,4.588653247497088,0.02362972008812743,0.2328767123287671,0.5352112676056338,-0.30233455527686665,-0.0,0.4257479750383153,-0.7059390886343886,5.8540514490101,-6.055299200327124,0.04459563435902339,-0.2808704453441295
100,1115007,H,2202,0,n100_i1115007_H_a2202,W-REFERENCE,-0.02210702253118879,0.018422194721176247,-2.5632643852050996,0.00672862463258754,0.7178423236514523,0.26285714285714284,0.45498518079430944,-0.0,-0.3678534574482528,8.752778522974847,99.1923207447511,21.084927157272105,0.12645132354854133,0.37382862235803405
100,1115007,H,2202,0,n100_i1115007_H_a2202,W-LEGACY,-0.08513242690022893,-0.03162073026789056,-9.198720177387331,-0.026265228814557146,0.5,0.7657142857142857,-0.2657142857142857,-0.0,0.6479896970873034,15.14814420549917,59.446263998694235,18.850247480775305,0.14044486229850872,0.3044439087110251
100,1115007,H,2202,0,n100_i1115007_H_a2202,GW-REFERENCE,-0.01546197655417958,0.020347166296869085,-1.792784793623392,0.00449592180840927,0.7136929460580913,0.29571984435797666,0.41797310170011465,-0.0,-0.3678534574482528,9.862083325361205,98.72579301724006,6.300048979357031,0.013273896344660231,0.3357891438320393
100,1115007,H,2202,0,n100_i1115007_H_a2202,GW-LEGACY,-0.07848738092321972,-0.029695758692197722,-8.480710357462694,-0.028497931638735416,0.4827586206896552,0.6303501945525292,-0.14759157386287397,-0.0,0.6479896970873034,16.322683293951524,59.072825389588644,4.338231231750478,0.027267435094627604,0.26640443018503035
100,1115007,H,2202,0,n100_i1115007_H_a2202,GW-W,0.006645045977009212,0.0019249715756928382,0.7907485680018311,-0.0022327028241782704,0.7428571428571429,0.6575875486381323,0.08526959421901059,-0.0,-0.0,1.020024331747993,-0.2342096953169448,-12.210337425988305,-0.1131774272038811,-0.03803947852599476
100,1115007,H,2202,0,n100_i1115007_H_a2202,REFERENCE-LEGACY,-0.06302540436904014,-0.0500429249890668,-6.8100144676590535,-0.032993853447144686,0.02586206896551724,0.8506224066390041,-0.8247603376734869,-0.0,1.0121200359896276,5.880645781545013,-19.95360895312236,-1.845547359989952,0.013993538749967373,-0.06938471364700893
100,1115007,T,1101,0,n100_i1115007_T_a1101,W-REFERENCE,-0.05468194205307175,-0.01633597786405619,-5.786194808492162,-0.007131606173271743,0.2471590909090909,0.7377049180327869,-0.490545827123696,-0.0,-3.486780132176359,-19.490261708605427,10.108539540790652,31.400563973635755,0.36941559809118896,0.7930297018558381
100,1115007,T,1101,0,n100_i1115007_T_a1101,W-LEGACY,-0.053434666199877356,0.003328307760042337,-5.66168609506027,-0.0017165242895413185,0.2994791666666667,0.16393442622950818,0.1355447404371585,-0.15980823012384793,-6.6496997172004635,-12.285353729517734,0.05023240458135181,35.21922170266012,0.32007062371162437,1.0649180484086143
100,1115007,T,1101,0,n100_i1115007_T_a1101,GW-REFERENCE,-0.05509721982999416,-0.018497950279776645,-5.8301376171542625,-0.010510753844215272,0.23295454545454544,0.7204081632653061,-0.4874536178107607,-0.0,-3.275836668001042,-18.212103357069253,4.212076104027451,21.61608350239255,0.28822767339178795,0.7618038384551982
100,1115007,T,1101,0,n100_i1115007_T_a1101,GW-LEGACY,-0.05384994397679976,0.001166335344321881,-5.705686976555324,-0.0050956719604848474,0.3151041666666667,0.38571428571428573,-0.07061011904761905,-0.15980823012384793,-6.432309079643961,-10.892811534474466,-5.307594878149313,25.15039251291753,0.23888269901222334,1.0336921850079743
100,1115007,T,1101,0,n100_i1115007_T_a1101,GW-W,-0.00041527777692240697,-0.002161972415720456,-0.04664158142512198,-0.003379147670943529,0.7486338797814208,0.5081632653061224,0.24047061447529838,-0.0,0.20383614593662003,1.5875822958336228,-5.355137268512056,-7.446300210101353,-0.081187924699401,-0.03122586340063993
100,1115007,T,1101,0,n100_i1115007_T_a1101,REFERENCE-LEGACY,0.0012472758531943962,0.019664285624098526,0.13215548738192417,0.005415081883730424,0.8072916666666666,0.11647727272727272,0.6908143939393939,-0.15980823012384793,-3.056351333942686,8.949113650090945,-9.13490195960971,2.9061197406965,-0.049344974379564616,0.27188834655277616
100,1115007,T,2202,0,n100_i1115007_T_a2202,W-REFERENCE,0.0708145736416711,0.06379172418042278,8.425413674743098,0.06066219166022001,0.9467005076142132,0.0,0.9467005076142132,-0.32206119162641045,0.10835274774435577,-1.1884870298861427,1.060209880257812,7.291053970507133,0.18322145187671027,0.40746485493312834
100,1115007,T,2202,0,n100_i1115007_T_a2202,W-LEGACY,-0.061453048803311705,0.012513237496715617,-6.317420358791981,0.015775114638647753,0.5203703703703704,0.4537037037037037,0.06666666666666665,-0.0,-4.708204588308984,-3.1935267489730856,28.942102175581464,8.860424013973578,0.24073193104703644,0.573504562352146
100,1115007,T,2202,0,n100_i1115007_T_a2202,GW-REFERENCE,0.06519022454741175,0.058105693256150934,7.75623690316376,0.05630249739123263,0.9289340101522843,0.004405286343612335,0.9245287238086719,-0.32206119162641045,0.10835274774435577,0.8803214420595618,-4.291143929111474,0.9469487206109184,0.035321205311283216,0.35182452441901324
100,1115007,T,2202,0,n100_i1115007_T_a2202,GW-LEGACY,-0.06707739789757106,0.006827206572443768,-6.895607741923293,0.011415420369660374,0.46111111111111114,0.18061674008810572,0.28049437102300545,-0.0,-4.708204588308984,-1.1666976277401986,22.11434265991301,2.4235221294714115,0.0928316844816094,0.5178642318380309
100,1115007,T,2202,0,n100_i1115007_T_a2202,GW-W,-0.005624349094259351,-0.005686030924271848,-0.6171770518549891,-0.004359694268987378,0.5648148148148148,0.3392070484581498,0.22560776635666496,-0.0,-0.0,2.093691726561664,-5.295213433367973,-5.912986232421713,-0.14790024656542705,-0.0556403305141151
100,1115007,T,2202,0,n100_i1115007_T_a2202,REFERENCE-LEGACY,-0.1322676224449828,-0.051278486683707165,-13.597212621905197,-0.044887077021572255,0.19444444444444445,0.43908629441624364,-0.2446418499717992,0.32102728731941976,-4.82178186919886,-2.029155974661967,27.589386889617384,1.4627221798919177,0.05751047917032619,0.16603970741901763
100,1115008,H,1101,1,n100_i1115008_H_a1101,W-REFERENCE,-0.041422628331629685,-0.056020270428542795,-4.54371684230126,-0.035745900242814196,0.06756756756756757,0.930635838150289,-0.8630682705827215,-0.0,1.326404381522317,16.169892220924243,-25.544567762285286,10.08760339079422,0.12527366676073157,0.7096449422137496
100,1115008,H,1101,1,n100_i1115008_H_a1101,W-LEGACY,-0.08051764604484157,-0.08788031871065091,-8.468932724893751,-0.06964703560289003,0.0,0.953757225433526,-0.953757225433526,-0.6578947368421018,1.8119169530756873,17.95434715265678,-4.9152832488735925,6.937337193151394,0.06686723554684727,0.6739104129540405
100,1115008,H,1101,1,n100_i1115008_H_a1101,GW-REFERENCE,0.01813712522884614,-0.00041367823269740367,1.9894913648033308,0.01850066359707553,0.16216216216216217,0.8260869565217391,-0.663924794359577,-0.16339869281045694,1.2245494947786262,5.870424789876383,-25.42015180305213,25.86451805351817,0.4100350863115226,0.7124445175078087
100,1115008,H,1101,1,n100_i1115008_H_a1101,GW-LEGACY,-0.020957892484365748,-0.03227372651480552,-2.204373702216811,-0.0154004717630003,0.017094017094017096,0.8826086956521739,-0.8655146785581568,-0.8223684210526327,1.7105632320965403,7.496672331551268,-4.756395497000298,22.262779760614613,0.3516286550976383,0.6767099882480996
100,1115008,H,1101,1,n100_i1115008_H_a1101,GW-W,0.059559753560475825,0.05560659219584539,6.844188764726344,0.054246563839889725,0.8439306358381503,0.09130434782608696,0.7526262880120633,-0.16339869281045694,-0.10322405513376598,-8.865866391148069,0.16710125170711354,14.331236376105249,0.28476141955079104,0.0027995752940590535
100,1115008,H,1101,1,n100_i1115008_H_a1101,REFERENCE-LEGACY,-0.03909501771321189,-0.03186004828210812,-4.112056066658109,-0.03390113536007583,0.39316239316239315,0.8040540540540541,-0.4108916608916609,-0.6578947368421018,0.492038998386779,1.5360735020214955,27.706889737136088,-2.8615993995798505,-0.0584064312138843,-0.0357345292597091
100,1115008,H,2202,1,n100_i1115008_H_a2202,W-REFERENCE,0.041750564682944136,0.060878305245553335,4.415058331687072,-0.0001167982928412109,0.44648318042813456,0.0027100271002710027,0.44377315332786355,-1.0220768601798769,-3.5822911898891308,-21.600556759598778,76.75141707738291,10.898508346118717,0.48867223580931796,0.5681617061443616
100,1115008,H,2202,1,n100_i1115008_H_a2202,W-LEGACY,0.045318702299149805,0.06544322713053302,4.8105347797505305,0.009638362151945579,0.6912751677852349,0.0027100271002710027,0.6885651406849639,-0.0,-2.309260008677061,-19.34913210343633,40.88194401032925,16.184419980819943,0.26757967821468953,0.7362398490689857
100,1115008,H,2202,1,n100_i1115008_H_a2202,GW-REFERENCE,-0.02048506740531253,0.01579693348138822,-2.1662645334218356,0.010467226981028338,0.3669724770642202,0.2647058823529412,0.10226659471127902,-1.0220768601798769,-3.5505470330286837,-19.675055750577506,50.68348282465844,-1.4323088163098574,0.23353515508379943,0.5389883455484799
100,1115008,H,2202,1,n100_i1115008_H_a2202,GW-LEGACY,-0.01691692978910686,0.020361855366367906,-1.795715123966013,0.020222387425815128,0.3959731543624161,0.25882352941176473,0.13714962495065136,-0.0,-2.2779059889823428,-17.368335798071133,20.10416856398345,3.265861730830233,0.012442597489170995,0.7070664884731039
100,1115008,H,2202,1,n100_i1115008_H_a2202,GW-W,-0.062235632088256665,-0.045081371764165115,-6.303039973604707,0.010584025273869549,0.0027100271002710027,0.8647058823529412,-0.8619958552526702,-0.0,0.03064631656222172,2.4560136264194954,-14.74835940993433,-11.11901083821939,-0.25513708072551855,-0.029173360595881714
100,1115008,H,2202,1,n100_i1115008_H_a2202,REFERENCE-LEGACY,0.003568137616205669,0.004564921884979686,0.3787542279650724,0.00975516044478679,0.3691275167785235,0.6819571865443425,-0.31282966976581894,1.0117361392148916,1.229004655707333,2.871735516359175,-20.29374002209543,4.7664406974741835,-0.22109255759462845,0.16807814292462409
100,1115008,T,1101,1,n100_i1115008_T_a1101,W-REFERENCE,0.030712714427353904,0.027649657411851748,3.688130551681623,0.028444265275889516,0.9586776859504132,0.006993006993006993,0.9516846789574063,0.2043318348998735,-0.23467732939774777,2.2067291367167563,-2.6097496893545014,1.1266662894416024,-0.4124452360511012,-0.5613706907254892
100,1115008,T,1101,1,n100_i1115008_T_a1101,W-LEGACY,0.05786335148848454,0.011311783746749689,7.182692727692475,0.03761835553044093,0.30701754385964913,0.3986013986013986,-0.09158385474174946,-0.0,2.6950821310765316,0.7554172651987878,-42.77784579744779,16.61063966334668,0.02632149877855733,0.031649260816492664
100,1115008,T,1101,1,n100_i1115008_T_a1101,GW-REFERENCE,0.00510124835638448,0.004780467232384233,0.6125824521111323,-0.011649480940163326,0.6115702479338843,0.44967880085653106,0.1618914470773532,0.4495300367797328,-0.4797227918736491,-1.6606270501581144,-15.084114028962958,-3.420129910761305,-0.4548867376398554,-0.6014752842547402
100,1115008,T,1101,1,n100_i1115008_T_a1101,GW-LEGACY,0.032251885417515114,-0.011557406432717826,4.003490583998737,-0.0024753906856119084,0.043859649122807015,0.7194860813704497,-0.6756264322476426,0.24570024570024218,2.4571991026111184,-3.0570233599238494,-50.107224226428656,11.367662387629895,-0.016120002810196803,-0.008455332712758334
100,1115008,T,1101,1,n100_i1115008_T_a1101,GW-W,-0.025611466070969424,-0.022869190179467515,-2.9661525221901353,-0.04009374621605284,0.13986013986013987,0.728051391862955,-0.5881912520028151,0.24570024570024218,-0.24447174271897687,-3.7838567181831095,-12.808637722789495,-4.496139709766778,-0.042441501588754135,-0.040104593529251
100,1115008,T,1101,1,n100_i1115008_T_a1101,REFERENCE-LEGACY,0.027150637061130634,-0.01633787366510206,3.370262495251608,0.009174090254551417,0.0,0.743801652892562,-0.743801652892562,-0.20475020475021477,2.9229000766334723,-1.4199768290956816,-41.24447363054227,15.31146426758232,0.43876673482965856,0.5930199515419818
100,1115008,T,2202,1,n100_i1115008_T_a2202,W-REFERENCE,0.08389996582591364,0.06677880521367127,9.206328047767155,0.05788579277389263,0.8502673796791443,0.04979253112033195,0.8004748485588123,1.3354917037636582,1.417071035784745,-4.32594256770834,14.421626737157101,5.5378117999703935,0.05448255715510275,0.15247780468119432
100,1115008,T,2202,1,n100_i1115008_T_a2202,W-LEGACY,0.022271705635015793,0.03400144083607817,2.2890726511964443,0.0237733717444571,0.8253968253968254,0.3651452282157676,0.46025159718105774,1.3354917037636582,0.6404576497955339,8.262007132566573,20.28905382068473,13.694663024843035,0.09535588594452868,0.3537228166524633
100,1115008,T,2202,1,n100_i1115008_T_a2202,GW-REFERENCE,0.05756131254971841,0.04989241787433745,6.316192396220122,0.04799528091733106,0.8074866310160428,0.18090452261306533,0.6265821084029775,0.6879805746661249,1.417071035784745,-4.22123089846238,16.23633327564644,-1.5805891877466172,-0.05086129992143652,0.14295238095238094
100,1115008,T,2202,1,n100_i1115008_T_a2202,GW-LEGACY,-0.00406694764117943,0.017115053496744345,-0.4179984583055574,0.013882859887895532,0.8306878306878307,0.3165829145728643,0.5141049161149664,0.6879805746661249,0.6404576497955339,8.380495840864445,22.19681670347031,6.026092038094366,-0.009987971132010588,0.3441973929236499
100,1115008,T,2202,1,n100_i1115008_T_a2202,GW-W,-0.026338653276195223,-0.016886387339333824,-2.6464910076299586,-0.00989051185656157,0.22406639004149378,0.7889447236180904,-0.5648783335765967,-0.656275635767023,-0.0,0.1094462512160721,1.5859821173998645,-6.744882110317729,-0.10534385707653927,-0.009525423728813376
100,1115008,T,2202,1,n100_i1115008_T_a2202,REFERENCE-LEGACY,-0.06162826019089784,-0.032777364377593106,-6.334115907225724,-0.03411242102943553,0.2698412698412698,0.7807486631016043,-0.5109073932603345,-0.0,-0.7877767420271242,13.15711911683415,5.12790042480864,7.72884247432819,0.04087332878942593,0.20124501197126898
100,1115009,H,1101,0,n100_i1115009_H_a1101,W-REFERENCE,0.003902055363197876,0.0036848544653262094,0.47135307909220714,0.011266996067628647,0.21818181818181817,0.3484848484848485,-0.13030303030303034,-2.335108562064736,0.8107761029296667,-8.589468348648222,-2.8035075032732504,24.771354683691428,-0.18384147819811536,0.07772387305437611
100,1115009,H,1101,0,n100_i1115009_H_a1101,W-LEGACY,0.01955227451783248,0.032101390395816894,2.407349139977266,0.024253600736522475,0.4484848484848485,0.20833333333333334,0.24015151515151514,-1.256586947709759,-2.758056541867049,-11.988103047357379,-12.797098722806233,16.142158092412085,-0.06464532978452979,0.1959297046097963
100,1115009,H,1101,0,n100_i1115009_H_a1101,GW-REFERENCE,0.03878650742672651,0.01580124986845418,4.685258921553936,0.020067549140683823,0.23636363636363636,0.4152046783625731,-0.17884104199893672,-1.8025399426464528,2.356144509733793,-0.2633491332125426,5.8849545207873,25.640487525411103,-0.004423257441848755,0.3611394930180509
100,1115009,H,1101,0,n100_i1115009_H_a1101,GW-LEGACY,0.05443672658136112,0.044217785798944864,6.702453302775391,0.03305415380957765,0.5393939393939394,0.1111111111111111,0.4282828282828283,-0.7296311309282544,-1.1570857117173983,-3.971548136602676,-5.001970764250386,16.951181639220692,0.1147728909717368,0.4793453245734711
100,1115009,H,1101,0,n100_i1115009_H_a1101,GW-W,0.03488445206352864,0.01211639540312797,4.194136650219593,0.008800553073055176,0.32954545454545453,0.5087719298245614,-0.1792264752791069,0.5204163330664535,1.5580003009276089,9.108490088639098,8.939069508452825,0.6965804322017766,0.1794182207562666,0.2834156199636748
100,1115009,H,1101,0,n100_i1115009_H_a1101,REFERENCE-LEGACY,0.015650219154634604,0.028416535930490684,1.926913494795901,0.012986604668893828,0.5818181818181818,0.031818181818181815,0.5499999999999999,1.0539116335630316,-3.598004404692312,-3.7179902986144597,-10.281843472766816,-6.916007775306488,0.11919614841358556,0.1182058315554202
100,1115009,H,2202,0,n100_i1115009_H_a2202,W-REFERENCE,-0.07263518856605922,-0.04172086441774203,-8.069625351379727,-0.04003318259321044,0.08189655172413793,0.8620689655172413,-0.7801724137931034,0.3214142225793526,0.2722481704423352,-26.062619439455215,8.167740542610535,61.22764968571026,0.372779419091784,0.8768939393939394
100,1115009,H,2202,0,n100_i1115009_H_a2202,W-LEGACY,-0.008404697016978657,-0.00774585859582036,-1.0054961665382112,0.005783285921791344,0.2831858407079646,0.3879310344827586,-0.10474519377479402,0.24125452352231624,2.1280022971359114,-23.07238458872256,11.42741853484166,89.7068358305591,0.753999112183377,1.8309673140904594
100,1115009,H,2202,0,n100_i1115009_H_a2202,GW-REFERENCE,-0.07619747477637451,-0.0411128869107185,-8.46538828225567,-0.03918727119535985,0.07327586206896551,0.8186813186813187,-0.7454054566123531,-0.0,-0.8865014147627637,-15.800453030984162,0.5549688908347727,29.743310810758118,0.30127182132861274,0.7356614929785663
100,1115009,H,2202,0,n100_i1115009_H_a2202,GW-LEGACY,-0.011966983227293948,-0.00713788108879683,-1.4316703785708484,0.006629197319641927,0.18584070796460178,0.7802197802197802,-0.5943790722551785,-0.08041817450743505,0.9908149579967107,-12.395187414947328,3.5852329738107924,52.66111620475469,0.6824915144202057,1.6897348676750863
100,1115009,H,2202,0,n100_i1115009_H_a2202,GW-W,-0.003562286210315291,0.0006079775070235299,-0.430502902211205,0.0008459113978505836,0.4051724137931034,0.7197802197802198,-0.31460780598711635,-0.32245062474809405,-1.1619128717405447,13.879537428388765,-7.0379316546570925,-19.527878088110974,-0.07150759776317125,-0.14123244641537314
100,1115009,H,2202,0,n100_i1115009_H_a2202,REFERENCE-LEGACY,0.06423049154908056,0.03397500582192167,7.684216682290579,0.045816468515001776,0.6371681415929203,0.11206896551724138,0.5250991760756789,-0.08041817450743505,1.860820175576805,4.0442802112580445,3.0135398741615083,17.663959128824903,0.3812196930915929,0.95407337469652
100,1115009,T,1101,0,n100_i1115009_T_a1101,W-REFERENCE,-0.038829998145416655,-0.0021152613926750663,-5.07741864366229,-0.0024133684222913537,0.28169014084507044,0.6518218623481782,-0.37013172150310775,-0.04033884630898488,-2.1657365689372376,18.823729042699956,5.634627474275455,-0.9417799915556135,0.5883789253349324,0.9475631264249149
100,1115009,T,1101,0,n100_i1115009_T_a1101,W-LEGACY,-0.02553974871425202,-0.022921739275483424,-3.3986457422652494,-0.018791181607388047,0.15258855585831063,0.7530364372469636,-0.6004478813886529,-1.722723543888427,2.1807820326768534,-14.010959728502359,-20.97093482628486,47.570123300086344,0.5714416211758346,1.0748630836350133
100,1115009,T,1101,0,n100_i1115009_T_a1101,GW-REFERENCE,0.1161574165655258,0.06084888035426441,15.188767979353157,0.06100941757206062,0.9483568075117371,0.10262008733624454,0.8457367201754926,0.6050826946349286,4.221638574364828,37.77910818313907,25.471315154122088,-27.078433855645713,0.15448751288624712,0.48928307464892806
100,1115009,T,1101,0,n100_i1115009_T_a1101,GW-LEGACY,0.12944766599669044,0.04004240247145605,17.225962706528986,0.044631604386963925,0.33242506811989103,0.3318777292576419,0.0005473388622491138,-1.066447908121404,8.296413969222737,-0.2935408812703044,-6.130395119141962,8.633533958518736,0.13755020872714946,0.6165830318590264
100,1115009,T,1101,0,n100_i1115009_T_a1101,GW-W,0.15498741471094246,0.06296414174693948,21.350227030738388,0.06342278599435197,0.8623481781376519,0.21397379912663755,0.6483743790110144,0.6451612903225823,6.251973859153958,15.952520000131809,18.778584403752795,-26.385143869799034,-0.43389141244868523,-0.45828005177598685
100,1115009,T,1101,0,n100_i1115009_T_a1101,REFERENCE-LEGACY,0.013290249431164636,-0.020806477882808358,1.7685706366274978,-0.016377813185096693,0.19618528610354224,0.41784037558685444,-0.2216550894833122,-1.6817063166529866,4.254379939483178,-27.63310749101552,-25.186402353754122,48.973122359261524,-0.016937304159097676,0.12729995721009835
100,1115009,T,2202,0,n100_i1115009_T_a2202,W-REFERENCE,0.06546409406998366,0.08738601252583111,9.453489215907783,0.08018907398041797,0.6791044776119403,0.001984126984126984,0.6771203506278133,0.2008838891120912,-7.817325852372137,-20.73066133884913,11.474645442024212,2.086463103879499,-0.10284646549788175,-0.3510326240712338
100,1115009,T,2202,0,n100_i1115009_T_a2202,W-LEGACY,-0.002461464423553883,0.03921613536719079,-0.32370158420309547,0.03501401683263354,0.5576923076923077,0.001984126984126984,0.5557081807081807,0.2008838891120912,-7.111091672109149,5.748911292589276,30.28310775130929,-10.216536463239034,0.031573710685813515,-0.0899888492189338
100,1115009,T,2202,0,n100_i1115009_T_a2202,GW-REFERENCE,-0.01500437166777191,0.017604379545479887,-2.166739917016458,0.015418874487335005,0.3656716417910448,0.7628458498023716,-0.3971742080113268,-0.0,0.11073693039318488,-26.407581797220136,-29.282008483264065,55.82155764761711,0.05651021885768829,0.5420241477925831
100,1115009,T,2202,0,n100_i1115009_T_a2202,GW-LEGACY,-0.08292993016130945,-0.030565497613160436,-10.905926372199659,-0.029756182660449423,0.36923076923076925,0.6047430830039525,-0.23551231377318327,-0.0,0.7650400422847925,-1.8243593831452354,-17.35017705418248,37.04264712413639,0.19093039504138354,0.8030679226448831
100,1115009,T,2202,0,n100_i1115009_T_a2202,GW-W,-0.08046846573775557,-0.06978163298035123,-10.616590860801345,-0.06477019949308296,0.0,0.40711462450592883,-0.40711462450592883,-0.20128824476650653,7.353236337562996,-7.161559001567919,-36.56136672485315,52.63684616936794,0.15935668435557004,0.8930567718638169
100,1115009,T,2202,0,n100_i1115009_T_a2202,REFERENCE-LEGACY,-0.06792555849353754,-0.04816987715864032,-8.93273560317882,-0.04517505714778443,0.2923076923076923,0.40671641791044777,-0.11440872560275545,-0.0,0.6550284703128351,33.4045585325613,16.87241276678202,-12.051548455155547,0.13442017618369526,0.2610437748523
100,1115010,H,1101,1,n100_i1115010_H_a1101,W-REFERENCE,-0.04172504490050122,-0.025940717179559265,-4.693045825012499,0.01013379651410877,0.23711340206185566,0.9562043795620438,-0.7190909775001881,-0.0,-0.8048464605841854,-0.6749366011318592,16.446499395966164,39.98372408442261,0.34349174448995895,1.0486607142857145
100,1115010,H,1101,1,n100_i1115010_H_a1101,W-LEGACY,0.010850201192915687,0.01195897748104642,1.297084073802779,0.04784164427163472,0.7961165048543689,0.06934306569343066,0.7267734391609383,-0.0,-0.14016911708691904,-2.17988124458115,15.95964030033057,27.793989406828867,0.29110353501588265,0.5263473780750973
100,1115010,H,1101,1,n100_i1115010_H_a1101,GW-REFERENCE,-0.024373255413966732,-0.022103083276214595,-2.741394403175479,-0.0006486906155730998,0.10309278350515463,0.8709677419354839,-0.7678749584303293,-0.0,-0.21147881803620372,-0.28108252382397225,20.598399687802637,17.39315852795853,0.15331677283618278,0.5929863418235513
100,1115010,H,1101,1,n100_i1115010_H_a1101,GW-LEGACY,0.028201990679450173,0.01579661138439109,3.371398586021912,0.03705915714195285,0.7427184466019418,0.13978494623655913,0.6029335003653826,-0.0,0.44928603472065287,-1.7919947303803196,20.094181629624263,7.170602550254279,0.10092856336210648,0.0706730056129341
100,1115010,H,1101,1,n100_i1115010_H_a1101,GW-W,0.017351789486534486,0.00383763390334467,2.047753428625687,-0.01078248712968187,0.16423357664233576,0.41935483870967744,-0.25512126206734165,-0.0,0.5886300742296124,0.396530406153639,3.56550030561098,-16.137994402006306,-0.19017497165377617,-0.45567437246216325
100,1115010,H,1101,1,n100_i1115010_H_a1101,REFERENCE-LEGACY,0.052575246093416905,0.037899694660605686,6.285092153734295,0.03770784775752595,0.9660194174757282,0.030927835051546393,0.9350915824241818,-0.0,0.6593704239777343,-1.5151710876898705,-0.4180968068263402,-8.707965699099606,-0.05238820947407628,-0.5223133362106172
100,1115010,H,2202,1,n100_i1115010_H_a2202,W-REFERENCE,-0.059302185174569755,-0.0007727675149501734,-6.328739862912213,-0.016424617643071696,0.802439024390244,0.019444444444444445,0.7829945799457995,0.4720692368214041,-5.464182414017094,-41.590988765692394,-22.274218758343512,49.51063627229553,0.23934887175533007,0.2183835977177253
100,1115010,H,2202,1,n100_i1115010_H_a2202,W-LEGACY,-0.049860510521098966,-0.009233977113258018,-5.375284943028236,0.0027574445243844226,0.7129629629629629,0.3888888888888889,0.324074074074074,0.4720692368214041,-2.7193968442484007,-38.59701335809083,-21.02319779403359,62.846130224154976,0.20428168197346147,0.09550616641176646
100,1115010,H,2202,1,n100_i1115010_H_a2202,GW-REFERENCE,0.004948637390479016,0.029895800962010742,0.5281194719558568,-0.00887488140419676,0.8902439024390244,0.20833333333333334,0.681910569105691,-0.0,-3.3237282661159995,-17.288746808568845,19.4422850192171,18.727785857565205,0.28070909246018794,0.918920198910727
100,1115010,H,2202,1,n100_i1115010_H_a2202,GW-LEGACY,0.014390312043949804,0.021434591363702897,1.5513685449046744,0.010307180763259358,0.6018518518518519,0.3333333333333333,0.26851851851851855,-0.0,-0.6346496437054538,-13.049067814626248,21.364746269488077,29.317625548553195,0.24564190267831934,0.7960427676047681
100,1115010,H,2202,1,n100_i1115010_H_a2202,GW-W,0.06425082256504877,0.030668568476960915,7.320131409391828,0.007549736238874935,0.4444444444444444,0.38333333333333336,0.06111111111111106,-0.4743083003952542,2.0295555314679192,41.60700796600572,53.67138562153559,-20.5890705719874,0.04136022070485787,0.7005366011930017
100,1115010,H,2202,1,n100_i1115010_H_a2202,REFERENCE-LEGACY,0.009441674653470788,-0.008461209598307845,1.017873484875298,0.019182062167456118,0.28703703703703703,0.7585365853658537,-0.47149954832881663,-0.0,2.6025760660558728,5.125879285289114,1.6095315406613908,8.919428265673513,-0.0350671897818686,-0.12287743130595885
100,1115010,T,1101,1,n100_i1115010_T_a1101,W-REFERENCE,0.004853679261993538,0.0036977759075128014,0.6649934904582544,0.003601143415054575,0.545045045045045,0.2872727272727273,0.25777231777231774,-0.0,2.6209815656899282,30.86712275981929,25.725314875169648,-15.419296669359772,0.22846756032394913,0.23726045883940605
100,1115010,T,1101,1,n100_i1115010_T_a1101,W-LEGACY,-0.1741464554340192,-0.11373534911441724,-19.16047396977032,-0.11220183459942289,0.008064516129032258,1.0,-0.9919354838709677,-0.0,-0.031731440193483174,-13.655106204604973,-29.890058120445417,38.165624711555715,0.4434160689193979,0.9923090025287267
100,1115010,T,1101,1,n100_i1115010_T_a1101,GW-REFERENCE,0.15394399168872674,0.08998266938183828,21.09157751106039,0.08372393591346995,0.8243243243243243,0.125,0.6993243243243243,-0.0,2.085744034596748,45.232284353935384,57.65086086523934,-23.791801681761736,0.11757171541791145,0.8574982381959124
100,1115010,T,1101,1,n100_i1115010_T_a1101,GW-LEGACY,-0.02505614300728598,-0.027450455640091763,-2.756803603480995,-0.03207904210100751,0.43548387096774194,0.5560344827586207,-0.12055061179087873,-0.0,-0.5815494382373165,-4.177108018046882,-12.086975455198578,24.488836272979462,0.3325202240133602,1.612546781885233
100,1115010,T,1101,1,n100_i1115010_T_a1101,GW-W,0.1490903124267332,0.08628489347432548,20.291645896284983,0.08012279249841538,0.9418181818181818,0.11637931034482758,0.8254388714733542,-0.0,-0.5496435882173412,10.97690641558653,25.393092888069525,-9.898835884199764,-0.11089584490603767,0.6202377793565064
100,1115010,T,1101,1,n100_i1115010_T_a1101,REFERENCE-LEGACY,-0.17900013469601272,-0.11743312502193004,-19.694500315154517,-0.11580297801447746,0.008064516129032258,1.0,-0.9919354838709677,-0.0,-2.724111465215562,-34.02094278953164,-44.23562036876546,63.35360108255779,0.21494850859544876,0.7550485436893206
100,1115010,T,2202,1,n100_i1115010_T_a2202,W-REFERENCE,-0.1298678467595371,-0.08147077707762879,-14.1933914051521,-0.03489558065565859,0.022388059701492536,0.9767441860465116,-0.9543561263450191,-0.31570639305444903,-2.2614521234521012,8.567168571522998,0.05316801804886584,43.56603008885771,0.4750052739456063,0.9968483540997077
100,1115010,T,2202,1,n100_i1115010_T_a2202,W-LEGACY,-0.008746748067937515,0.0033477791088900727,-1.1017900619024412,-0.0007331922021798221,0.7006369426751592,0.3992248062015504,0.3014121364736088,-0.0,-0.5055632470365445,16.54459796912566,18.868987248156422,12.110073205600802,0.5237676952285047,1.0138007877280264
100,1115010,T,2202,1,n100_i1115010_T_a2202,GW-REFERENCE,-0.18024407184942282,-0.1163896290227116,-19.699061192214174,-0.06034729946437575,0.053482587064676616,0.9613259668508287,-0.9078433797861521,-0.31570639305444903,-1.685396835728703,-24.53751257593385,-27.137324599589274,74.49438591248396,0.41250995548523206,1.3029736416404987
100,1115010,T,2202,1,n100_i1115010_T_a2202,GW-LEGACY,-0.05912297315782322,-0.031571072836192746,-7.447465475105986,-0.026184911010896983,0.012738853503184714,0.7348066298342542,-0.7220677763310694,-0.0,0.06060083485210921,-18.992588880181593,-13.434900617283995,36.26188846001392,0.4612723767681304,1.3199260752688173
100,1115010,T,2202,1,n100_i1115010_T_a2202,GW-W,-0.05037622508988571,-0.03491885194508282,-6.416370343988465,-0.02545171880871716,0.3992248062015504,0.7403314917127072,-0.3411066855111568,-0.0,0.5633161624069016,-30.49235011194733,-27.176043653843294,21.54294842901463,-0.0624953184603743,0.30612528754079094
100,1115010,T,2202,1,n100_i1115010_T_a2202,REFERENCE-LEGACY,0.1211210986915996,0.08481855618651886,15.257101472293488,0.03416238845347877,0.8535031847133758,0.13059701492537312,0.7229061697880027,0.31471282454760274,1.7170584222643615,7.3479206490931315,18.805820548044316,-21.910445572527003,0.048762421282898344,0.016952433628318664
100,1115011,H,1101,0,n100_i1115011_H_a1101,W-REFERENCE,0.041434154379653254,0.0023792519006508722,5.135249668910125,0.016963898025402407,0.08516483516483517,0.7242990654205608,-0.6391342302557256,-0.0,2.083942219978574,20.86795340506187,14.725373259715923,-3.9479587669109084,0.36299683496026647,0.9443402997225583
100,1115011,H,1101,0,n100_i1115011_H_a1101,W-LEGACY,0.13749037857629998,0.041768078074769704,19.34300849284165,0.04876574011175985,0.1908713692946058,0.3411214953271028,-0.150250126032497,-0.0,4.861152942593816,53.017061369040164,67.79984464754982,-7.3579840277759985,0.47098474208934515,1.2723207025532608
100,1115011,H,1101,0,n100_i1115011_H_a1101,GW-REFERENCE,0.018129614650242543,-0.0021070448987612067,2.246940936143349,0.011046578465663315,0.07692307692307693,0.4449152542372881,-0.3679921773142112,0.16064257028112205,-0.3556783661467833,10.289352746007708,18.223056161426477,-9.188458116204323,0.2279210316085468,1.1312178792022252
100,1115011,H,1101,0,n100_i1115011_H_a1101,GW-LEGACY,0.11418583884688926,0.037281781275357626,16.064379729319846,0.04284842055202076,0.15767634854771784,0.13135593220338984,0.026320416344327996,0.16064257028112205,2.4907277530613503,39.624707642156686,72.91563229641432,-12.412435949745394,0.3359089387376255,1.4591982820329277
100,1115011,H,1101,0,n100_i1115011_H_a1101,GW-W,-0.02330453972941071,-0.004486296799412079,-2.747231534487793,-0.005917319559739093,0.21495327102803738,0.2584745762711864,-0.04352130524314904,0.16064257028112205,-2.491542900558974,-8.752196393697808,3.048743972087564,-5.455895868549343,-0.13507580335171965,0.18687757947966688
100,1115011,H,1101,0,n100_i1115011_H_a1101,REFERENCE-LEGACY,0.09605622419664672,0.03938882617411883,13.513791871588566,0.031801842086357446,0.995850622406639,0.0027472527472527475,0.9931033696593863,-0.0,2.836317949865319,26.59853754306385,46.26219107405616,-3.550185104957848,0.10798790712907873,0.3279804028307025
100,1115011,H,2202,0,n100_i1115011_H_a2202,W-REFERENCE,0.0028319444997358945,0.03027544924438,0.3667897207171089,0.029305804457941106,0.54421768707483,0.31851851851851853,0.22569916855631145,1.0891488503428803,-3.3613248179530375,-4.37125249666277,-32.02131579333242,8.66496902211269,0.23772906066205565,0.5345349174152418
100,1115011,H,2202,0,n100_i1115011_H_a2202,W-LEGACY,-0.10142678780114855,-0.01040324398202086,-11.573801069835888,-0.011156766062266316,0.5597014925373134,0.362962962962963,0.1967385295743504,1.0891488503428803,-5.571165709776493,-11.776397997613032,-15.381288907894518,3.947598107966699,0.21882931631240604,0.5778259530271943
100,1115011,H,2202,0,n100_i1115011_H_a2202,GW-REFERENCE,-0.025557327652267814,0.011979694162444779,-3.310151407531259,0.009081961339107422,0.46258503401360546,0.8789237668161435,-0.416338732802538,1.3715207745058522,-3.291285935542576,-7.166222814765866,-26.3809117632137,-4.106313643678227,0.057595884369820216,0.5236199722607489
100,1115011,H,2202,0,n100_i1115011_H_a2202,GW-LEGACY,-0.12981605995315226,-0.02869899906395608,-14.81329820395494,-0.0313806091811,0.5223880597014925,0.8834080717488789,-0.36102001204738643,1.3715207745058522,-5.499629412480522,-14.354935889100185,-8.360209805858165,-8.269256779248401,0.03869614002017059,0.5669110078727013
100,1115011,H,2202,0,n100_i1115011_H_a2202,GW-W,-0.02838927215200371,-0.01829575508193522,-3.6635037729909614,-0.020223843118833684,0.6888888888888889,0.8923766816143498,-0.20348779272546091,0.28548123980424167,0.06776120810547681,-2.9227302365385066,8.297312747288332,-11.752897719219924,-0.18013317629223544,-0.010914945154492983
100,1115011,H,2202,0,n100_i1115011_H_a2202,REFERENCE-LEGACY,-0.10425873230088445,-0.04067869322640086,-11.896953986252978,-0.04046257052020742,0.39552238805970147,0.7687074829931972,-0.3731850949334958,-0.0,-2.137976555269172,-7.743639537568803,24.47830092569778,-4.341206698532285,-0.018899744349649625,0.043291035611952466
100,1115011,T,1101,0,n100_i1115011_T_a1101,W-REFERENCE,-0.11631577913620772,0.0008845191622011972,-12.883824253722786,-0.034542794574868044,0.569023569023569,0.0,0.569023569023569,0.24096385542168308,-10.712115245497289,12.690225680267408,43.23484265830222,-12.957399149763237,0.3556551798026617,0.586850546841454
100,1115011,T,1101,0,n100_i1115011_T_a1101,W-LEGACY,-0.1285655483997179,-0.052730422733976816,-14.05004223672326,-0.07457251879413333,0.37142857142857144,0.16956521739130434,0.2018633540372671,0.24096385542168308,-5.188448784013211,-18.04350589354584,-7.585959288972843,38.2394631248173,0.10036014560524056,0.41735203999354953
100,1115011,T,1101,0,n100_i1115011_T_a1101,GW-REFERENCE,0.04467489726944407,0.0542774691946847,4.948456084351371,0.050755114495572816,0.696969696969697,0.10661764705882353,0.5903520499108735,-0.0,-2.022865591555467,19.523525275130638,100.94174384514858,-30.452470247186948,0.1518675021910475,0.1398812641871836
100,1115011,T,1101,0,n100_i1115011_T_a1101,GW-LEGACY,0.03242512800593389,0.0006625272985066877,3.5435186462093426,0.010725390276307527,0.6476190476190476,0.43014705882352944,0.2174719887955182,-0.0,3.0672754442558237,-13.073835502051468,29.646098334817417,10.454111903527563,-0.10342753200637363,-0.029617242660720855
100,1115011,T,1101,0,n100_i1115011_T_a1101,GW-W,0.1609906764056518,0.053392950032483504,20.469539882019205,0.08529790907044085,0.5434782608695652,0.4338235294117647,0.10965473145780047,-0.24154589371980784,7.848508390137743,6.063790851081574,40.288312617140654,-20.099435134670752,-0.2037876776116142,-0.4469692826542704
100,1115011,T,1101,0,n100_i1115011_T_a1101,REFERENCE-LEGACY,-0.01224976926351018,-0.05361494189617801,-1.3386928122247288,-0.04002972421926529,0.02857142857142857,0.6060606060606061,-0.5774891774891775,-0.0,4.989215904000832,-27.272757143120074,-35.48075384738056,58.81816693720876,-0.2552950341974211,-0.16949850684790446
100,1115011,T,2202,0,n100_i1115011_T_a2202,W-REFERENCE,0.05538821900484947,0.031042494397299683,7.960394053340281,0.037058494381683876,0.7283950617283951,0.345679012345679,0.3827160493827161,0.8536585365853666,1.8355501475544989,0.49519109162377006,19.964375868849448,24.111025193771884,0.44772212074877804,1.0143669575700396
100,1115011,T,2202,0,n100_i1115011_T_a2202,W-LEGACY,-0.1994239250580182,-0.08499300336301704,-20.97853060298376,-0.06040975546886122,0.5828571428571429,0.5925925925925926,-0.009735449735449708,1.613553852359817,-7.553390455802367,1.3306233354354324,50.59974277746857,-1.0217495753131578,0.18448270655287735,1.002772754671489
100,1115011,T,2202,0,n100_i1115011_T_a2202,GW-REFERENCE,0.06251280999883002,0.018104687319063978,8.984340170401728,0.03430920407271071,0.7407407407407407,0.16967509025270758,0.5710656504880331,1.178861788617891,2.720457628778028,-27.113549171033235,-29.686505104754126,48.85392208718684,0.3439972684158304,0.4459079283887468
100,1115011,T,2202,0,n100_i1115011_T_a2202,GW-LEGACY,-0.19229933406403765,-0.09793081044125275,-20.229054580197225,-0.06315904577783439,0.5771428571428572,0.24187725631768953,0.33526560082516765,1.9362646228317848,-6.583845982336123,-26.507632703806493,-11.73051025926669,18.710652450413768,0.08075785421992973,0.4343137254901963
100,1115011,T,2202,0,n100_i1115011_T_a2202,GW-W,0.007124590993980551,-0.012937807078235705,0.9484460723212518,-0.002749290308973168,0.22839506172839505,0.49097472924187724,-0.26257966751348216,0.3280032800327959,0.9014541237216345,-27.472697909978084,-41.38802091371206,19.9360990329299,-0.10372485233294762,-0.5684590291812928
100,1115011,T,2202,0,n100_i1115011_T_a2202,REFERENCE-LEGACY,-0.2548121440628677,-0.11603549776031673,-26.805130631540774,-0.0974682498505451,0.5828571428571429,0.2345679012345679,0.34828924162257496,0.7664380798709125,-9.564501830825446,0.8313156428052304,25.537053551723666,-20.25023540805161,-0.2632394141959007,-0.01159420289855051
100,1115012,H,1101,1,n100_i1115012_H_a1101,W-REFERENCE,-0.043301630039475736,0.007205635406444914,-4.75696088759009,-0.005996266157488467,0.7476190476190476,0.009433962264150943,0.7381850853548967,-0.9560229445506607,-4.853306848319328,4.586419395481389,22.067664776689423,4.4323233795797945,0.04050296271749555,0.19732844421162898
100,1115012,H,1101,1,n100_i1115012_H_a1101,W-LEGACY,0.005171066560095361,0.038029070322567436,0.6000263363754366,0.030585292089353677,0.8307692307692308,0.009433962264150943,0.8213352685050799,-1.4214368036880476,-3.367844859544533,40.33344151036935,11.804891265281615,-13.381547815272576,0.13119066099376975,0.6845778904269837
100,1115012,H,1101,1,n100_i1115012_H_a1101,GW-REFERENCE,-0.03861367044312036,0.004053160816337241,-4.241958555757885,-0.0033772897401542976,0.3142857142857143,0.35251798561151076,-0.038232271325796485,0.8030592734225572,-4.879935802629065,8.327900976509905,44.68283868277923,-7.714491547555213,0.025490186649329127,0.21710589058079277
100,1115012,H,1101,1,n100_i1115012_H_a1101,GW-LEGACY,0.009859026156450734,0.03487659573245976,1.143995204110393,0.033204268506687847,0.676923076923077,0.3669064748201439,0.3100166021029331,0.34575489819439476,-3.394096560140336,45.35373945773431,32.518706542582265,-23.456381678142534,0.11617788492560331,0.7043553367961475
100,1115012,H,1101,1,n100_i1115012_H_a1101,GW-W,0.004687959596355373,-0.0031524745901076734,0.5407243790534366,0.0026189764173341692,0.49764150943396224,0.579136690647482,-0.08149518121351973,1.7424242424242453,-0.025396389594334323,3.5774067060088566,18.526752311893556,-11.631279027456875,-0.015012776068166426,0.019777446369163787
100,1115012,H,1101,1,n100_i1115012_H_a1101,REFERENCE-LEGACY,0.0484726965995711,0.030823434916122522,5.624544611226634,0.036581558246842144,0.676923076923077,0.20952380952380953,0.4673992673992674,-0.46100653092584487,1.4167049503967077,34.179410980420634,-8.407446419313857,-17.057813728901117,0.09068769827627418,0.4872494462153547
100,1115012,H,2202,1,n100_i1115012_H_a2202,W-REFERENCE,0.00558415428314496,0.007754514158070415,0.6248193652903522,0.012592834809961248,0.6467391304347826,0.21428571428571427,0.4324534161490683,-0.0,0.9672938949193743,-10.146267110329777,-10.9327523371063,12.986265856025426,0.22312278141063663,-0.3414359619686802
100,1115012,H,2202,1,n100_i1115012_H_a2202,W-LEGACY,-0.007963324095589752,-0.016841357400537195,-0.8777232827342774,-0.010149453078204543,0.07,0.7397959183673469,-0.669795918367347,-0.11472275334607485,2.1122917963749543,-5.812566894600534,-11.0329794526554,13.33829240675064,0.10276287271515465,-0.2084416032988463
100,1115012,H,2202,1,n100_i1115012_H_a2202,GW-REFERENCE,0.03576424077089191,0.02826345397977935,4.001714330495698,0.026002894244303618,0.6847826086956522,0.1689497716894977,0.5158328370061545,-0.0,0.15764749595267302,-8.231170418079504,-3.97047673387233,0.21827375880476563,0.023967543377190204,-0.23122234513274353
100,1115012,H,2202,1,n100_i1115012_H_a2202,GW-LEGACY,0.022216762392157197,0.003667582421171739,2.4487474557730593,0.003260606356137827,0.18,0.54337899543379,-0.36337899543379,-0.11472275334607485,1.3120063798977566,-3.8051039234941797,-4.078538477970994,0.5305196142072699,-0.09639236531829176,-0.09822798646290964
100,1115012,H,2202,1,n100_i1115012_H_a2202,GW-W,0.03018008648774695,0.020508939821708934,3.355926486631944,0.01341005943434237,0.5306122448979592,0.3333333333333333,0.1972789115646259,-0.0,-0.8175545542576712,2.131349061036558,7.8168752104984085,-11.300481523560101,-0.19915523803344642,0.11021361683593667
100,1115012,H,2202,1,n100_i1115012_H_a2202,REFERENCE-LEGACY,-0.013547478378734712,-0.02459587155860761,-1.4932127655007954,-0.02274228788816579,0.29,0.7065217391304348,-0.41652173913043483,-0.11472275334607485,1.1561815752471283,4.8230608527422225,-0.11252971005509815,0.31156578904361076,-0.12035990869548197,0.1329943586698339
100,1115012,T,1101,1,n100_i1115012_T_a1101,W-REFERENCE,-0.013006490764487566,0.03893334187259306,-1.65169759873518,0.03605917721106393,0.6508620689655172,0.3333333333333333,0.3175287356321839,-0.0,-4.2682334038475656,18.786116024356268,63.50033865947502,-17.499446263154027,0.33659277652204206,0.5204317039744173
100,1115012,T,1101,1,n100_i1115012_T_a1101,W-LEGACY,-0.11412221060560623,0.006896103304357047,-12.843244823791522,0.0022811013485248277,0.7730061349693251,0.30303030303030304,0.4699758319390221,-0.0,-6.336349215132886,-8.607700342130276,16.148925910626776,36.201553257070685,0.416434837437562,0.7143939393939391
100,1115012,T,1101,1,n100_i1115012_T_a1101,GW-REFERENCE,0.012793442586087167,0.017469610690114157,1.6246425559069078,0.019316325677500024,0.8448275862068966,0.35786802030456855,0.48695956590232803,-0.0,0.3898504731637664,27.81732161041277,93.40632511464855,-31.639300176584474,0.08844670088245755,0.44689549442125864
100,1115012,T,1101,1,n100_i1115012_T_a1101,GW-LEGACY,-0.0883222772550315,-0.014567627878121853,-9.93973586878134,-0.014461750185039077,0.5644171779141104,0.7385786802030457,-0.17416150228893534,-0.0,-1.5858742368066725,-1.659222903710933,37.393825056068785,12.85783035333976,0.1682887617979775,0.6408577298407805
100,1115012,T,1101,1,n100_i1115012_T_a1101,GW-W,0.025799933350574733,-0.0214637311824789,3.3313642174264357,-0.016742851533563904,0.3878787878787879,0.1649746192893401,0.22290416858944778,-0.0,4.46740462070535,7.602913445039916,18.291085327633017,-17.139101827767945,-0.2481460756395845,-0.07353620955315865
100,1115012,T,1101,1,n100_i1115012_T_a1101,REFERENCE-LEGACY,-0.10111571984111867,-0.03203723856823601,-11.379502189467793,-0.0337780758625391,0.08282208588957055,0.7155172413793104,-0.6326951554897399,-0.0,-1.983457227356289,-23.06146314344484,-28.96104872753068,65.09168373768266,0.07984206091551996,0.19396223541952184
100,1115012,T,2202,1,n100_i1115012_T_a2202,W-REFERENCE,0.04808079555200995,0.02319199610544298,6.8696926107398415,0.01797080102877932,0.8777292576419214,0.11320754716981132,0.7645217104721101,-0.0,-1.3763795962715264,-2.4243782434936856,3.0160367802458454,24.788847772591293,0.30140198535029017,0.6019076985632963
100,1115012,T,2202,1,n100_i1115012_T_a2202,W-LEGACY,-0.059112779685464134,-0.052050174142150504,-7.324178588286701,-0.05545331343442915,0.109375,0.8238993710691824,-0.7145243710691824,-0.499040307101728,-1.1468946619938025,26.848801247307264,9.584489036396082,11.272126763971801,0.3108447326227866,1.015915102167825
100,1115012,T,2202,1,n100_i1115012_T_a2202,GW-REFERENCE,0.05857882077855969,0.049063646589795555,8.369630486105839,0.04511839059964248,0.9039301310043668,0.061855670103092786,0.842074460901274,-0.0,-1.645007720020586,-28.587357984864838,6.440047479329625,51.90160735272973,0.3059055656018313,0.9212133633941382
100,1115012,T,2202,1,n100_i1115012_T_a2202,GW-LEGACY,-0.04861475445891439,-0.02617852365779793,-6.023454582535093,-0.028305723863565987,0.046875,0.8556701030927835,-0.8087951030927835,-0.499040307101728,-1.4149146943159385,-7.16320459501496,13.226819635025766,35.44812065102241,0.31534831287432774,1.3352207669986669
100,1115012,T,2202,1,n100_i1115012_T_a2202,GW-W,0.010498025226549745,0.025871650484352575,1.403520342132314,0.027147589570863162,0.7295597484276729,0.38144329896907214,0.34811644945860076,-0.0,-0.2649809796116731,-26.813028982443164,3.323764732269674,21.72690914619817,0.004503580251541146,0.3193056648308419
100,1115012,T,2202,1,n100_i1115012_T_a2202,REFERENCE-LEGACY,-0.10719357523747408,-0.07524217024759348,-13.28147471213006,-0.07342411446320847,0.0,0.9956331877729258,-0.9956331877729258,-0.499040307101728,0.22636923432425293,30.000505212101313,6.376145366727792,-10.83167386339815,0.009442747272496443,0.4140074036045287
100,1115013,H,1101,0,n100_i1115013_H_a1101,W-REFERENCE,-0.0083549458235741,-0.008969327329814723,-0.8530150681123283,0.0173297886100044,0.11969111969111969,0.6851851851851852,-0.5654940654940656,-0.47660311958406254,0.8034403819971447,5.790375834458938,10.574907707824298,18.280806366771273,0.06966099317573222,0.6211397294378238
100,1115013,H,1101,0,n100_i1115013_H_a1101,W-LEGACY,-0.019762747786208235,0.006001818637028165,-1.9944877986352694,0.008846808940845503,0.49710982658959535,0.23703703703703705,0.2600727895525583,1.1930123561994077,-1.417682292185174,-1.4648972387616088,25.257378859682046,15.258802556029805,-0.03743193386385804,0.34687044193895256
100,1115013,H,1101,0,n100_i1115013_H_a1101,GW-REFERENCE,0.0230213605692271,-0.006043934650164624,2.350412302924698,-0.005845349178612916,0.11196911196911197,0.5660377358490566,-0.4540686238799446,-0.8665511265164572,1.9404377670093842,6.4544013783149,36.43404280656271,-4.3422656179838315,-0.0860397226291533,0.5549955757319278
100,1115013,H,1101,0,n100_i1115013_H_a1101,GW-LEGACY,0.011613558606592966,0.008927211316678264,1.1720587233193358,-0.014328328847771812,0.4797687861271676,0.5377358490566038,-0.05796706292943615,0.8095440988495906,-0.25522625536020804,-0.8464116281015288,54.55016823830867,-6.786263479589206,-0.19313264966874358,0.28072628823305656
100,1115013,H,1101,0,n100_i1115013_H_a1101,GW-W,0.0313763063928012,0.002925392679650099,3.230988187122108,-0.023175137788617316,0.8592592592592593,0.36792452830188677,0.4913347309573725,-0.38809831824062613,1.1462064706585728,0.6276804847494155,23.386078844457934,-19.126579095685493,-0.15570071580488554,-0.06614415370589599
100,1115013,H,1101,0,n100_i1115013_H_a1101,REFERENCE-LEGACY,-0.011407801962634134,0.014971145966842889,-1.1512934370188965,-0.008482979669158897,0.5086705202312138,0.07335907335907337,0.43531144687214046,1.6616957818491707,-2.2391126090820945,-6.858159842983835,13.278302877406611,-2.55494014926706,-0.10709292703959027,-0.27426928749887125
100,1115013,H,2202,0,n100_i1115013_H_a2202,W-REFERENCE,-0.01376916927764782,-0.023544732068106554,-1.3865571158205525,-0.01937886325382704,0.13658536585365855,0.8198757763975155,-0.683290410543857,0.2131287297527762,0.5219591362338183,5.12229265049533,5.826207470431699,15.174922732938633,0.210446916266188,0.7901954751987885
100,1115013,H,2202,0,n100_i1115013_H_a2202,W-LEGACY,0.08962450501913344,0.03128827301820012,10.074088741808062,0.0333829587327729,0.9019189765458422,0.30434782608695654,0.5975711504588856,0.46768707482993666,2.5432289912830197,16.317106206972333,13.506332269656252,24.256728424377982,0.3932328960106766,0.9703416808149408
100,1115013,H,2202,0,n100_i1115013_H_a2202,GW-REFERENCE,-0.019036900404601487,-0.022619549187556952,-1.9170183172936062,-0.018044031856004263,0.05365853658536585,0.916058394160584,-0.8623998575752181,-0.4262574595055524,0.30403322395696764,3.835842014243296,1.2564749006119813,4.522215450587197,0.32230472684833306,0.7829502212496489
100,1115013,H,2202,0,n100_i1115013_H_a2202,GW-LEGACY,0.08435677389217977,0.03221345589874972,9.481978460924644,0.03471779013059568,0.8784648187633263,0.14963503649635038,0.7288297822669759,-0.1700680272108901,2.329731062039353,14.89365727417118,8.604960522035476,12.764030844395302,0.5050907065928217,0.9630964268658011
100,1115013,H,2202,0,n100_i1115013_H_a2202,GW-W,-0.0052677311269536675,0.0009251828805496021,-0.5379197662696789,0.0013348313978227763,0.16770186335403728,0.6094890510948905,-0.44178718774085324,-0.6407518154634806,-0.21906936484132888,-1.2237657720509998,-4.318148291477342,-9.249155136880226,0.11185781058214508,-0.007245253949139663
100,1115013,H,2202,0,n100_i1115013_H_a2202,REFERENCE-LEGACY,0.10339367429678126,0.054833005086306674,11.621788594369441,0.05276182198659994,0.9872068230277186,0.03414634146341464,0.9530604815643039,0.25510204081632404,2.0318754144116102,10.649324015122907,7.257299475057155,7.885228377793441,0.18278597974448865,0.18014620561615224
100,1115013,T,1101,0,n100_i1115013_T_a1101,W-REFERENCE,0.130248767992445,0.06521204952661354,15.215166475126175,0.03199175457052885,0.6445993031358885,0.054502369668246446,0.5900969334676421,1.3524936601859716,-0.21541718509163754,-17.573185624214215,13.001901094345003,13.975806948917334,0.5243190240781586,0.45514566692829783
100,1115013,T,1101,0,n100_i1115013_T_a1101,W-LEGACY,0.13655970515539628,0.0390299728555627,16.070863765551668,0.008788680560834504,0.4954128440366973,0.08056872037914692,0.41484412365755036,-0.47352561343090294,4.867390801550197,-6.002705109383999,-11.044256261029272,18.57246719009766,0.418427706095197,0.24731685426872607
100,1115013,T,1101,0,n100_i1115013_T_a1101,GW-REFERENCE,0.0036617029991717898,0.010962185237667663,0.4277462395505971,0.004992907860306858,0.4843205574912892,0.0995850622406639,0.38473549525062534,-0.0,-3.4429608720681903,-22.122848097937542,30.36603158986173,-4.254617546079242,0.16072852408793745,1.0914920856610801
100,1115013,T,1101,0,n100_i1115013_T_a1101,GW-LEGACY,0.00997264016212307,-0.015219891433383176,1.1736180980031596,-0.01821016614938749,0.26605504587155965,0.3091286307053942,-0.043073584833834555,-1.8510546706844488,1.803544330932083,-11.191016321384106,2.624886714889496,-0.39319287549285376,0.05483720610497591,0.8836632730015084
100,1115013,T,1101,0,n100_i1115013_T_a1101,GW-W,-0.1265870649932732,-0.054249864288945876,-12.834612567059933,-0.026998846710221992,0.04739336492890995,0.6473029045643154,-0.5999095396354054,-1.371036846615259,-3.2206059482998484,-5.5196388556050575,15.366228645144165,-15.994994887965353,-0.3635904999902211,0.6363464187327823
100,1115013,T,1101,0,n100_i1115013_T_a1101,REFERENCE-LEGACY,0.00631093716295128,-0.02618207667105084,0.7426950084824524,-0.023203074009694347,0.06422018348623854,0.5156794425087108,-0.45145925902247225,-1.8510546706844488,5.071882280601791,14.037277313763607,-21.27942726848303,4.033013991504797,-0.10589131798296154,-0.20782881265957176
100,1115013,T,2202,0,n100_i1115013_T_a2202,W-REFERENCE,-0.05280511016414613,-0.015984722259573314,-6.126225614795611,-0.015590599922530216,0.5162790697674419,0.34173669467787116,0.1745423750895707,0.0849256900212314,-1.7362662779424998,-11.296155491086568,-5.26005402300207,18.96417899195719,0.26165942249148455,0.561228009658503
100,1115013,T,2202,0,n100_i1115013_T_a2202,W-LEGACY,-0.062466224148349236,-0.022051766513711595,-7.16673941443462,-0.026704701535331103,0.20588235294117646,0.6162464985994398,-0.41036414565826335,-0.8140531276778162,-2.0536855560289835,-10.993012591954876,1.2205552923622687,21.927120657883602,0.0582964667887472,0.18030493273542625
100,1115013,T,2202,0,n100_i1115013_T_a2202,GW-REFERENCE,0.04495290426650278,0.002265762237893862,5.215245886635622,0.006950533759355754,0.35348837209302325,0.245,0.10848837209302326,-0.2972399150743099,3.4525442918515115,-0.22856125882498857,-7.861986821902689,-3.595031369356172,0.24546550734991512,0.6884472404918502
100,1115013,T,2202,0,n100_i1115013_T_a2202,GW-LEGACY,0.03529179028229967,-0.0038012820162444186,4.049021176971546,-0.004163567853445134,0.27058823529411763,0.575,-0.3044117647058823,-1.1996572407883432,3.151314211240519,0.11240483298291526,-1.559360613459282,-1.193953155910299,0.042102551647177786,0.30752416356877355
100,1115013,T,2202,0,n100_i1115013_T_a2202,GW-W,0.09775801443064891,0.018250484497467176,12.081618722277332,0.02254113368188597,0.46218487394957986,0.58,-0.1178151260504201,-0.3824904377390581,5.100256535479919,12.47701753349535,-2.746394640685512,-18.963027822718402,-0.016193915141569405,0.1272192308333473
100,1115013,T,2202,0,n100_i1115013_T_a2202,REFERENCE-LEGACY,-0.009661113984203107,-0.0060670442541382805,-1.1084179862304588,-0.011114101612800888,0.22941176470588234,0.6139534883720931,-0.38454172366621076,-0.8997429305912519,-0.31200209099406795,0.3417471934953564,6.840419052949187,2.490616663799883,-0.20336295570273732,-0.3809230769230767
100,1115014,H,1101,1,n100_i1115014_H_a1101,W-REFERENCE,-0.03643685435785704,-0.03779940306092888,-4.4700367007742825,-0.015537110649506525,0.35379061371841153,0.4383561643835616,-0.08456555066515009,-0.0,1.1391523167789575,8.011293503756512,12.165528871824494,16.97419682207395,0.1331442455170146,0.26267829451413327
100,1115014,H,1101,1,n100_i1115014_H_a1101,W-LEGACY,-0.16586707426347902,-0.10226333834851833,-17.560141900389315,-0.09662879937590875,0.09142857142857143,0.8698630136986302,-0.7784344422700588,-0.0,-4.9676228610754825,-4.751986558290932,-2.5728361570961478,10.613565544497883,-0.12295886726967692,0.23887053321811624
100,1115014,H,1101,1,n100_i1115014_H_a1101,GW-REFERENCE,-0.023009507211350755,-0.022451311878432828,-2.8227832373046158,-0.0014949542410051392,0.4404332129963899,0.29533678756476683,0.14509642543162304,-0.0,1.1391523167789575,7.182908502166918,18.535812261110074,7.589667430860314,0.13809345918684746,0.2948228920975091
100,1115014,H,1101,1,n100_i1115014_H_a1101,GW-LEGACY,-0.15243972711697273,-0.08691524716602228,-16.138605273633043,-0.08258664296740736,0.07714285714285714,0.9309153713298791,-0.8537725141870219,-0.0,-4.9676228610754825,-5.482484483154437,2.9604025280517865,1.739332721183584,-0.11800965359984403,0.2710151308014921
100,1115014,H,1101,1,n100_i1115014_H_a1101,GW-W,0.013427347146506285,0.015348091182496054,1.7243317243931466,0.014042156408501386,0.8561643835616438,0.39723661485319517,0.45892776870844865,-0.0,-0.0,-0.7669429507950465,5.679359294570019,-8.022734625387661,0.004949213669832881,0.032144597583375845
100,1115014,H,1101,1,n100_i1115014_H_a1101,REFERENCE-LEGACY,-0.12943021990562198,-0.06446393528758945,-13.702617218236835,-0.08109168872640223,0.09142857142857143,0.9819494584837545,-0.8905208870551831,-0.0,-6.177142236755184,-11.816616251895518,-13.139834650771087,-5.437636205573648,-0.2561031127866915,-0.023807761296017027
100,1115014,H,2202,1,n100_i1115014_H_a2202,W-REFERENCE,-0.013517349752642627,0.0025984256002615017,-1.508351133761121,-0.026248733208449476,0.5621301775147929,0.7333333333333333,-0.1712031558185404,0.2431118314424663,-1.9505283389967598,-16.433861773307246,-11.461096950918826,33.950022548783984,0.18370503179193398,0.6989024483843735
100,1115014,H,2202,1,n100_i1115014_H_a2202,W-LEGACY,0.013755253370304477,0.004650909326735016,1.583074829547071,-0.03009228038185449,0.5409836065573771,0.16825396825396827,0.37272963830340883,1.3621794871794823,-0.33247423589097824,-12.22950234043012,-12.276014966134918,36.01258051144738,0.29156830343664825,0.6568204993256803
100,1115014,H,2202,1,n100_i1115014_H_a2202,GW-REFERENCE,-0.016572458034373794,-0.002687117614579043,-1.8492593831471615,-0.027041884265436134,0.5680473372781065,0.6625766871165644,-0.09452934983845784,0.32414910858995505,-1.9505283389967598,-14.358003702290635,-15.72623506666032,13.79374841207337,0.06218289684261913,0.7110093585572561
100,1115014,H,2202,1,n100_i1115014_H_a2202,GW-LEGACY,0.01070014508857331,-0.0006346338881055291,1.2314662555610312,-0.03088543143884115,0.430327868852459,0.3987730061349693,0.031554862717489696,1.4423076923076872,-0.33247423589097824,-10.049204197784057,-16.501896463958122,15.545940740396125,0.17004616848733337,0.6689274094985629
100,1115014,H,2202,1,n100_i1115014_H_a2202,GW-W,-0.003055108281731167,-0.005285543214840545,-0.34612909146137794,-0.0007931510569866573,0.5206349206349207,0.5736196319018405,-0.05298471126691984,0.08123476848090894,-0.0,2.484089985569704,-4.817247524940682,-15.047607871338576,-0.12152213494931487,0.012106910172882568
100,1115014,H,2202,1,n100_i1115014_H_a2202,REFERENCE-LEGACY,0.027272603122947103,0.002052483726473514,3.138769630617766,-0.0038435471734050153,0.6598360655737705,0.2781065088757396,0.3817295566980309,1.1217948717948678,1.5870973201095762,5.031175930939646,-0.9204067219630518,1.5397966520776185,0.10786327164471424,-0.042081949058693224
100,1115014,T,1101,1,n100_i1115014_T_a1101,W-REFERENCE,0.06861287041788522,0.03857878711878217,8.29354292936726,0.04661795506961419,0.6517241379310345,0.1506849315068493,0.5010392064241851,-0.0,2.6582518777467645,-0.7126067910661615,41.09010880819548,11.947388859771602,0.2919625518263148,0.5825405214940098
100,1115014,T,1101,1,n100_i1115014_T_a1101,W-LEGACY,-0.022984768044036374,-0.002831780263516201,-2.5013287149261543,-0.00397100767596692,0.20238095238095238,0.6940639269406392,-0.49168297455968685,-0.0,-1.7247239124185576,-3.960767772813978,-4.791359890249225,1.770178510065601,0.09223341200840342,0.5125567027237834
100,1115014,T,1101,1,n100_i1115014_T_a1101,GW-REFERENCE,0.07364000295816353,0.06386638328975994,8.901194806930302,0.06610420880083637,0.7413793103448276,0.36666666666666664,0.374712643678161,-0.0,-0.18553606670701495,-3.737235995697419,37.28146873014615,3.1723888948925305,0.18815891212766608,0.596705426356589
100,1115014,T,1101,1,n100_i1115014_T_a1101,GW-LEGACY,-0.017957635503758063,0.022455815907461575,-1.9542485376258467,0.015515246055255262,0.6696428571428571,0.2722222222222222,0.3974206349206349,-0.0,-4.696558188003053,-6.886447027716336,-7.361458145623933,-6.207080467990611,-0.011570227690245287,0.5267216075863626
100,1115014,T,1101,1,n100_i1115014_T_a1101,GW-W,0.005027132540278312,0.025287596170977776,0.5611155209497287,0.019486253731222182,0.817351598173516,0.1111111111111111,0.7062404870624048,-0.0,-2.9214473741340896,-3.0463376133427422,-2.6994380472319057,-7.838503474047876,-0.10380363969864871,0.014164904862579153
100,1115014,T,1101,1,n100_i1115014_T_a1101,REFERENCE-LEGACY,-0.0915976384619216,-0.04141056738229837,-9.968158167411879,-0.05058896274558111,0.3005952380952381,0.6896551724137931,-0.38905993431855507,-0.0,-4.502668048102709,-3.2714737256850035,-32.51926664881811,-9.091065413284682,-0.19972913981791138,-0.06998381877022641
100,1115014,T,2202,1,n100_i1115014_T_a2202,W-REFERENCE,0.060888884452386605,0.018735689788114462,6.840026771639329,-0.02168198604629709,0.7333333333333333,0.25903614457831325,0.47429718875502,0.6794564348521215,0.4297003022468382,-1.3894582384322063,-20.459804398941607,19.505838925719576,0.22391309406003543,0.5716469629025682
100,1115014,T,2202,1,n100_i1115014_T_a2202,W-LEGACY,0.07749568518083372,0.003144877681041894,8.871065629327113,-0.024681387470143867,0.35294117647058826,0.3313253012048193,0.02161587526576897,0.5204163330664535,3.897184784664043,9.145883115656673,-1.9314666690325777,23.737067818693937,0.32385816703418835,1.129835589941973
100,1115014,T,2202,1,n100_i1115014_T_a2202,GW-REFERENCE,-0.03671869420485685,-0.04714910805378129,-4.124839100595712,-0.05343859846733898,0.26666666666666666,0.7681564245810056,-0.5014897579143389,-0.0,-0.6977167619533153,6.906115828301651,-31.544149015567978,-8.705170824118525,-0.19698091819723954,-0.41970201070447
100,1115014,T,2202,1,n100_i1115014_T_a2202,GW-LEGACY,-0.020111893476409737,-0.06273992016085386,-2.3022433641685103,-0.05643799989118575,0.04201680672268908,0.9329608938547486,-0.8909440871320595,-0.16012810248198228,2.8090294399444327,18.32773873971618,-15.597832602297757,-5.472782160429457,-0.09703584522308661,0.13848661633493475
100,1115014,T,2202,1,n100_i1115014_T_a2202,GW-W,-0.09760757865724345,-0.06588479784189574,-10.262881996156214,-0.031756612421041885,0.0,1.0,-1.0,-0.6841046277666019,-1.1322824854624658,8.412461709004582,-13.935525972579931,-23.60638610082728,-0.420894012257275,-0.9913489736070382
100,1115014,T,2202,1,n100_i1115014_T_a2202,REFERENCE-LEGACY,0.016606800728447113,-0.015590812107072569,1.9010093118274174,-0.002999401423846776,0.004201680672268907,0.9095238095238095,-0.9053221288515406,-0.16012810248198228,3.4824485744672784,10.683788128415795,23.294307475480338,3.5406043177558244,0.09994507297415292,0.5581886270394048
100,1115015,H,1101,0,n100_i1115015_H_a1101,W-REFERENCE,0.017444970989228148,-0.007580951319060433,2.031854679580891,-0.009190755270639311,0.37058823529411766,0.4732142857142857,-0.10262605042016804,-0.5267423014586603,1.7277717428570427,8.043994641445806,-30.13003699664757,12.970713112781906,0.1304998900655222,0.8674042806644999
100,1115015,H,1101,0,n100_i1115015_H_a1101,W-LEGACY,0.09945933499196236,0.020123181678410873,12.807692023337914,0.021456696345329637,0.36363636363636365,0.4255952380952381,-0.061958874458874436,0.7202881152461038,4.8432187249923935,1.5266305934630742,14.84351963301167,32.39079429365401,0.34186099907530104,1.412828326535873
100,1115015,H,1101,0,n100_i1115015_H_a1101,GW-REFERENCE,0.060844259312729077,0.028897896267819786,7.0866665864069756,0.025660049084966954,0.6588235294117647,0.6621621621621622,-0.0033386327503974744,-0.7293354943273878,1.628887260863765,4.258996500145673,-28.129847376173956,1.9329270730263026,0.022986126064718313,0.8091411736781111
100,1115015,H,1101,0,n100_i1115015_H_a1101,GW-LEGACY,0.14285862331546328,0.05660202926529109,18.39635515811924,0.0563075007009359,0.5515151515151515,0.6171171171171171,-0.06560196560196563,0.5202080832332978,4.747469099778801,-2.030051194950866,18.131181542000906,19.455572227844865,0.23434723507449715,1.3545652195494842
100,1115015,H,1101,0,n100_i1115015_H_a1101,GW-W,0.04339928832350093,0.03647884758688022,4.954150762720255,0.034850804355606266,0.6815476190476191,0.4144144144144144,0.26713320463320467,-0.2015316404675449,-0.10062301806623708,-3.5032008524499725,2.8627317583918677,-9.770484522600354,-0.10751376400080391,-0.05826310698638881
100,1115015,H,1101,0,n100_i1115015_H_a1101,REFERENCE-LEGACY,0.08201436400273421,0.027704132997471306,10.5612481294173,0.03064745161596895,0.5272727272727272,0.3764705882352941,0.1508021390374331,1.2404961984793905,3.1702211676561953,-6.032139101864232,64.3675117267507,17.19036788011108,0.21136110900977884,0.545424045871373
100,1115015,H,2202,0,n100_i1115015_H_a2202,W-REFERENCE,-0.048985304838679355,-0.06479146801266299,-6.326000214148064,-0.0638627010430442,0.045317220543806644,0.9574944071588367,-0.9121771866150301,-0.03949447077409296,1.18977627873873,-35.93684126702335,-58.13332168677857,68.92553599317888,-0.032229384142983764,0.2657268170426068
100,1115015,H,2202,0,n100_i1115015_H_a2202,W-LEGACY,-0.1267229119842479,-0.051377842590506456,-14.87207346651147,-0.06180343281200276,0.13793103448275862,0.9630872483221476,-0.8251562138393891,0.4715127701375277,-7.096342642710329,-49.37232839172049,-58.33107671223567,65.48732349149174,0.06774381594609928,0.20528399383256257
100,1115015,H,2202,0,n100_i1115015_H_a2202,GW-REFERENCE,0.1336180404966626,0.016570635805383087,17.255537259176123,0.023141762030188473,0.06948640483383686,0.26037735849056604,-0.19089095365672917,3.159557661927326,7.605216380783409,0.06041310325022309,-41.02973050226474,24.63818999354701,0.07971204085353047,0.22961441213653622
100,1115015,H,2202,0,n100_i1115015_H_a2202,GW-LEGACY,0.05588043335109405,0.029984261227539617,6.55807144205518,0.025201030261229912,0.7777777777777778,0.1018867924528302,0.6758909853249476,3.6542239685658173,-0.14291064451394941,-20.92450894132236,-41.30827342985243,22.101376476845957,0.1796852409426135,0.16917158892649198
100,1115015,H,2202,0,n100_i1115015_H_a2202,GW-W,0.18260334533534195,0.08136210381804607,25.17404779045833,0.08700446307323267,1.0,0.0,1.0,3.197789182787214,6.492688570508975,56.19025830479993,40.85251535016701,-26.217081827948242,0.11194142499651423,-0.036112404906070594
100,1115015,H,2202,0,n100_i1115015_H_a2202,REFERENCE-LEGACY,-0.07773760714556854,0.01341362542215653,-9.123207370135344,0.002059268231041439,0.6245210727969349,0.03927492447129909,0.5852461483256358,0.5108055009823143,-8.38589227853972,-20.972252056283935,-0.4723446746302873,-2.035342070381807,0.09997320008908306,-0.06044282321004424
100,1115015,T,1101,0,n100_i1115015_T_a1101,W-REFERENCE,0.05003425793173755,0.01135948685718366,7.330305779796276,0.027978070710782843,0.3867403314917127,0.44329896907216493,-0.05655863758045221,0.7590890930882943,2.949919603078288,-4.431587051228858,-7.918738514061586,23.07455224387467,0.46267153831956964,0.7248075278015398
100,1115015,T,1101,0,n100_i1115015_T_a1101,W-LEGACY,-0.10461682843578002,-0.05594736947830674,-12.49576587492035,-0.048042856991286575,0.003418803418803419,0.9037800687285223,-0.9003612653097189,1.1933174224343701,-2.3319468263244714,3.196775685968123,28.57516940849598,21.67550464136361,0.3915190570192755,0.6188841828538045
100,1115015,T,1101,0,n100_i1115015_T_a1101,GW-REFERENCE,0.05153801602689134,0.013388394504288692,7.550614966181346,0.029965232353979326,0.43646408839779005,0.5725490196078431,-0.13608493121005305,0.6791849780263703,2.949919603078288,-6.007458710845759,2.265065089115126,9.583697531580103,0.3759916039762569,0.8007072135785009
100,1115015,T,1101,0,n100_i1115015_T_a1101,GW-LEGACY,-0.10311307034062622,-0.053918461831201706,-12.316152237511213,-0.04605569534809009,0.015384615384615385,0.9058823529411765,-0.890497737556561,1.1137629276054106,-2.3319468263244714,1.4951164331924671,42.795047072761605,8.338006960209476,0.30483912267596275,0.6947838686307657
100,1115015,T,1101,0,n100_i1115015_T_a1101,GW-W,0.0015037580951537954,0.0020289076471050327,0.20526279580070916,0.0019871616431964834,0.8213058419243986,0.5529411764705883,0.2683646654538103,-0.08051529790660261,-0.0,-1.648946143389074,11.05958306699768,-10.9615306059064,-0.08667993434331271,0.07589968577696116
100,1115015,T,1101,0,n100_i1115015_T_a1101,REFERENCE-LEGACY,-0.15465108636751757,-0.0673068563354904,-18.472016371026367,-0.07602092770206942,0.24615384615384617,0.5911602209944752,-0.345006374840629,0.43754972155927163,-5.442413244585298,7.982096282467421,39.63228493359694,-1.1367480742394465,-0.07115248130029417,-0.10592334494773525
100,1115015,T,2202,0,n100_i1115015_T_a2202,W-REFERENCE,0.2153263839284053,0.08197581879733516,30.452909879503444,0.08685351630715807,0.8578431372549019,0.05314009661835749,0.8047030406365444,-0.5189620758482949,9.277966685468343,10.91624656382102,-8.710521116682523,11.934184311950613,0.4959586599449392,1.6622740524781343
100,1115015,T,2202,0,n100_i1115015_T_a2202,W-LEGACY,0.18374823857412326,0.07790363616025987,24.87595670503586,0.07519461197253349,0.8543689320388349,0.004830917874396135,0.8495380141644387,-0.8410092110532563,6.197586595432847,17.221887851875174,18.655143035046628,-3.4639407121566768,0.48379095029153124,1.6465521273444443
100,1115015,T,2202,0,n100_i1115015_T_a2202,GW-REFERENCE,0.07387848100725125,-0.01662134946550023,10.4483931931745,-0.010519770300632184,0.013071895424836602,0.755868544600939,-0.7427966491761024,-1.2774451097804285,7.608475118684144,-7.439462209956071,-33.006731166922386,44.3013429447028,0.8213081325391534,1.1795930232558143
100,1115015,T,2202,0,n100_i1115015_T_a2202,GW-LEGACY,0.0423003356529692,-0.020693532102575518,5.726647104087856,-0.02217867463525676,0.25728155339805825,0.7699530516431925,-0.5126714982451342,-1.601922306768122,4.471409035236507,-2.1773516822836125,-12.924293215274362,24.450658960472538,0.8091404228857454,1.1638710981221243
100,1115015,T,2202,0,n100_i1115015_T_a2202,GW-W,-0.14144790292115406,-0.09859716826283539,-15.334664979728451,-0.09737328660779024,0.0,0.9859154929577465,-0.9859154929577465,-0.7545671167593415,-1.840227236746439,-16.549161500173238,-26.61446899186959,28.916241121253705,0.32534947259421404,-0.48268102922232003
100,1115015,T,2202,0,n100_i1115015_T_a2202,REFERENCE-LEGACY,-0.03157814535428205,-0.004072182637075289,-4.275069969400369,-0.011658904334624576,0.12135922330097088,0.5343137254901961,-0.4129545021892252,-0.32038446135362886,-3.3954045974210922,5.685047487092776,29.97679961204165,-13.756409731985087,-0.012167709653407993,-0.015721925133689973
100,1115016,H,1101,1,n100_i1115016_H_a1101,W-REFERENCE,0.053245887944566084,0.013415236167594408,7.03307743906556,0.013561783007424916,0.6113744075829384,0.675392670157068,-0.06401826257412968,-0.7209805335256059,0.8326352618682531,12.368301705147644,7.991449368744696,14.721634422482065,0.04616125231817567,0.537449433656958
100,1115016,H,1101,1,n100_i1115016_H_a1101,W-LEGACY,0.04722147688369982,0.0060764021821058944,6.188091006045338,0.010642804471250364,0.15498154981549817,0.7486910994764397,-0.5937095496609416,-1.710957408081537,3.2345773841285785,20.976147023501767,30.200807371732587,20.52705140992337,0.046504056197018036,0.8727172907998151
100,1115016,H,1101,1,n100_i1115016_H_a1101,GW-REFERENCE,0.012225457404079543,0.004994536824475565,1.61482119972165,0.0094506567753182,0.3933649289099526,0.6795131845841785,-0.2861482556742259,0.07209805335256503,0.49216215227769755,13.776060773777887,25.444056389032156,8.452737535679544,0.16856735968691924,0.7656402068126522
100,1115016,H,1101,1,n100_i1115016_H_a1101,GW-LEGACY,0.006201046343213279,-0.002344297161012948,0.8126098893309841,0.006531678239143648,0.09225092250922509,0.7565922920892495,-0.6643413695800244,-0.9100837277029594,2.902350905933171,22.491745866555913,51.24269113258399,13.940920893541154,0.1689101635657616,1.1009080639555093
100,1115016,H,1101,1,n100_i1115016_H_a1101,GW-W,-0.04102043054048654,-0.008420699343118843,-5.062225966947976,-0.0041111262321067155,0.6910994764397905,0.21906693711967545,0.4720325393201151,0.7874015748031482,-0.3433318113167827,1.2528079959098992,16.16110083002429,-5.464441749248639,0.12240610736874358,0.22819077315569425
100,1115016,H,1101,1,n100_i1115016_H_a1101,REFERENCE-LEGACY,-0.006024411060866264,-0.007338833985488513,-0.7894628961792383,-0.002918978536174552,0.11070110701107011,0.7819905213270142,-0.671289414315944,-0.9828904259191917,2.422109459702859,7.660385702847905,20.565848623026085,5.060437829940501,0.00034280387884236263,0.3352678571428571
100,1115016,H,2202,1,n100_i1115016_H_a2202,W-REFERENCE,0.04646703971442556,-0.0009396450220995056,5.771497951120863,0.0030123958557878444,0.430939226519337,0.7478632478632479,-0.31692402134391084,-0.0,2.1300418208514804,-36.35383581724596,-51.359542407890316,72.13395259726838,0.32071394151102833,0.8147728965003722
100,1115016,H,2202,1,n100_i1115016_H_a2202,W-LEGACY,0.00684516008989644,-0.030265535319258657,0.8103330350400562,-0.007522056267425373,0.0,0.8034188034188035,-0.8034188034188035,-0.6861682918021028,5.085185927546199,-39.41958652955992,-47.56807432445426,59.092846478882464,0.10266535013452151,0.19963833634719697
100,1115016,H,2202,1,n100_i1115016_H_a2202,GW-REFERENCE,0.04753580259475476,0.003908972254467853,5.904245008216891,0.007652160085149122,0.430939226519337,0.5331412103746398,-0.10220198385530277,0.2510760401721712,1.5101874300215146,-19.131285973911773,-34.63726815322266,39.91158628200311,0.21002146987737755,0.8277124183006537
100,1115016,H,2202,1,n100_i1115016_H_a2202,GW-LEGACY,0.00791392297022564,-0.0254169180426913,0.936853650654812,-0.002882292038064095,0.02027027027027027,0.7406340057636888,-0.7203637354934185,-0.43336944745395733,4.484047791266144,-23.026623906886112,-29.54231790169691,29.311691163320617,-0.008027121499129281,0.21257785814747843
100,1115016,H,2202,1,n100_i1115016_H_a2202,GW-W,0.0010687628803291993,0.004848617276567359,0.12550361833523205,0.004639764229361278,0.37393162393162394,0.29394812680115273,0.0799834971304712,0.2510760401721712,-0.6333449021152626,27.059839449053435,34.37935225630013,-18.719355379385284,-0.11069247163365079,0.012939521800281462
100,1115016,H,2202,1,n100_i1115016_H_a2202,REFERENCE-LEGACY,-0.03962187962452912,-0.029325890297159152,-4.690455379929914,-0.010534452123213217,0.02702702702702703,0.8287292817679558,-0.8017022547409287,-0.6861682918021028,3.01945986457397,-4.816866423420185,7.794885720917044,-7.576138188668335,-0.2180485913765068,-0.6151345601531752
100,1115016,T,1101,1,n100_i1115016_T_a1101,W-REFERENCE,-0.09598633371647514,-0.010015162466583544,-12.821933669497565,-0.010384661157909328,0.5446009389671361,0.24299065420560748,0.3016102847615286,-0.6202116016052583,-1.9609585482771363,-6.900373658188408,-19.691167392309637,16.845289492661554,0.35431441675275127,1.1781623550401426
100,1115016,T,1101,1,n100_i1115016_T_a1101,W-LEGACY,-0.09208019934677947,0.008381037138884634,-12.36466594615182,0.008020647434747119,0.34989200863930886,0.2398753894080997,0.11001661923120917,0.7199424046076319,-5.536238156246154,6.79939076253413,2.1728740336083963,21.7498829739456,0.37833171190505793,1.5056856674558368
100,1115016,T,1101,1,n100_i1115016_T_a1101,GW-REFERENCE,-0.11575743388423532,-0.03712156393290626,-15.462973545786763,-0.03686331604937938,0.25821596244131456,0.664179104477612,-0.4059631420362974,0.2918642831083562,-2.574200549159844,-31.451838713215906,-42.698192184454655,13.401116396226897,-0.00507917337811848,0.012411791861768773
100,1115016,T,1101,1,n100_i1115016_T_a1101,GW-LEGACY,-0.11185129951453965,-0.018725364327438085,-15.019558645086995,-0.018458007456722936,0.2526997840172786,0.34577114427860695,-0.09307136026132834,1.6198704103671746,-6.170983599737889,-21.364863093627594,-27.097802299829375,18.16114034466514,0.018938121774188202,0.339935104277463
100,1115016,T,1101,1,n100_i1115016_T_a1101,GW-W,-0.01977110016776018,-0.02710640146632272,-3.029477467734487,-0.026478654891470055,0.08722741433021806,0.44527363184079605,-0.35804621751057797,0.9064539521392301,-0.6014478577036408,-26.371174643481133,-28.648187310273343,-2.947635382983038,-0.35939359013086974,-1.1657505631783738
100,1115016,T,1101,1,n100_i1115016_T_a1101,REFERENCE-LEGACY,0.0039061343696956685,0.018396199605468178,0.5245215254169544,0.018405308592656447,0.8628509719222462,0.11737089201877934,0.7454800799034669,1.331893448524113,-3.506518238818024,14.715165848705357,27.22495236946618,4.197510659248338,0.024017295152306682,0.3275233124156942
100,1115016,T,2202,1,n100_i1115016_T_a2202,W-REFERENCE,0.01131214575043038,0.016839885716042682,1.7512694325332534,0.012355410662957964,0.5903614457831325,0.04067796610169491,0.5496834796814376,1.5529071867100064,-1.8794482327082251,-12.493600845493836,-21.165644499726,6.184272976949612,0.11818881862959048,0.46215355208665176
100,1115016,T,2202,1,n100_i1115016_T_a2202,W-LEGACY,-0.0017673260233660448,0.02852378780786738,-0.2681751776646313,0.024449834015859317,0.65,0.03389830508474576,0.6161016949152542,1.231884057971011,-3.85505327800455,6.607499147882012,-2.278878523361927,-7.89556269179168,0.08329292449148362,0.11025991792065648
100,1115016,T,2202,1,n100_i1115016_T_a2202,GW-REFERENCE,-0.10723016821083275,-0.09475396886661237,-16.600645003701864,-0.09364877093054859,0.0321285140562249,0.9470404984423676,-0.9149119843861427,-0.3972553268327905,1.2137243251623908,-33.137429959434186,-48.76241128017161,56.29928369179842,0.3392368573467069,1.2884754310638589
100,1115016,T,2202,1,n100_i1115016_T_a2202,GW-LEGACY,-0.12030963998462918,-0.08307006677478768,-18.255861482872426,-0.08155434757764723,0.0375,0.9595015576323987,-0.9220015576323988,-0.7246376811594235,-0.7018991692195442,-18.542512919093646,-36.48714954683726,35.574291488855025,0.30434096320860005,0.9365817968978636
100,1115016,T,2202,1,n100_i1115016_T_a2202,GW-W,-0.11854231396126313,-0.11159385458265506,-18.036054526477862,-0.10600418159350655,0.0,0.9190031152647975,-0.9190031152647975,-1.9809244314013208,3.03611043397618,-23.591222257346523,-35.006015594748796,47.196264860925076,0.2210480387171164,0.8263218789772071
100,1115016,T,2202,1,n100_i1115016_T_a2202,REFERENCE-LEGACY,-0.013079471773796425,0.011683902091824697,-1.9846873866638859,0.012094423352901354,0.621875,0.321285140562249,0.30058985943775096,-0.3260869565217428,-1.939159545489244,21.828232195510488,23.957532038551932,-13.259812657753677,-0.03489589413810685,-0.3518936341659953
100,1115017,H,1101,0,n100_i1115017_H_a1101,W-REFERENCE,0.04437236286454427,0.01663439357617126,5.088624418411514,0.0030998625035031924,0.7734375,0.4909090909090909,0.2825284090909091,-0.0,0.7502438162483194,22.893932266215835,38.61656418824555,3.7726331279141156,0.30704958284745687,0.5627772328537564
100,1115017,H,1101,0,n100_i1115017_H_a1101,W-LEGACY,0.0744557986954818,0.039444223422818364,8.843699024679474,0.02403736135886954,0.927007299270073,0.00909090909090909,0.9179163901791639,-0.0,1.2726303065392686,95.05672682551433,77.4262955847394,-8.014985647343186,0.525938686352069,0.9669765267254302
100,1115017,H,1101,0,n100_i1115017_H_a1101,GW-REFERENCE,0.05023899959557243,-0.0013847117142817833,5.761410562674163,0.0033071791823340857,0.546875,0.3916349809885932,0.15524001901140683,0.4773269689737458,3.065935189050706,17.836562506385967,31.14127226234451,-7.016671591938928,0.27243361613230105,0.8172524882330774
100,1115017,H,1101,0,n100_i1115017_H_a1101,GW-LEGACY,0.08032243542650996,0.02142511813236532,9.540525469971373,0.02424467803770043,0.7883211678832117,0.25475285171102663,0.5335683161721851,0.4773269689737458,3.5761333784797844,87.02969104345617,67.85807866496378,-17.578724367237996,0.4913227196369131,1.2214517821047512
100,1115017,H,1101,0,n100_i1115017_H_a1101,GW-W,0.005866636731028163,-0.018019105290453044,0.6402083460374852,0.00020731667883089333,0.5454545454545454,0.45627376425855515,0.08918078119599027,0.4773269689737458,2.333196031751561,-4.115231457379409,-5.392784022369335,-10.397061724890166,-0.034615966715155835,0.25447525537932103
100,1115017,H,1101,0,n100_i1115017_H_a1101,REFERENCE-LEGACY,0.030083435830937533,0.022809829846647103,3.5732455601636737,0.020937498855366346,0.5182481751824818,0.34375,0.17449817518248179,-0.0,0.5263352882437289,58.719574863124826,27.997903153759495,-11.35908227434822,0.21888910350461205,0.40419929387167386
100,1115017,H,2202,0,n100_i1115017_H_a2202,W-REFERENCE,0.006680461155380235,-0.012904978311694362,0.7853308182930618,-0.016670030788410617,0.3663663663663664,0.5161290322580645,-0.14976266589169812,-0.0,0.40683489641890613,-14.441177659585335,-19.70273320060577,71.08223433808303,0.43507896723661565,1.2323385181212165
100,1115017,H,2202,0,n100_i1115017_H_a2202,W-LEGACY,-0.17459062279097948,-0.1064999099009654,-16.918896778685077,-0.09393319407432538,0.007692307692307693,1.0,-0.9923076923076923,-0.0,-3.1045947457491563,-20.670815794907003,-30.82980348951314,71.86164444343525,0.26295385394371257,1.3248914415083135
100,1115017,H,2202,0,n100_i1115017_H_a2202,GW-REFERENCE,0.0492625541747741,0.016988026623280167,5.7911274508532395,0.004087629146712984,0.4954954954954955,0.25333333333333335,0.24216216216216213,-0.0,0.5521518663189062,13.40512734181749,-0.11239927821514728,21.08996885072898,0.2765852567112854,0.8329493087557602
100,1115017,H,2202,0,n100_i1115017_H_a2202,GW-LEGACY,-0.13200852977158561,-0.07660690496599087,-12.792432110087116,-0.07317553413920178,0.007692307692307693,1.0,-0.9923076923076923,-0.0,-2.954154228313688,5.147967101594242,-13.954169970091302,21.641626044967754,0.10446014341838235,0.9255022321428572
100,1115017,H,2202,0,n100_i1115017_H_a2202,GW-W,0.04258209301939386,0.02989300493497453,4.966790892997297,0.0207576599351236,0.4258064516129032,0.08666666666666667,0.33913978494623653,-0.0,0.14591058507766874,32.54638649724531,24.397261206079325,-29.221190429721744,-0.15849371052533023,-0.3993892093654563
100,1115017,H,2202,0,n100_i1115017_H_a2202,REFERENCE-LEGACY,-0.1812710839463597,-0.09359493158927104,-17.566274231809853,-0.07726316328591476,0.007692307692307693,0.984984984984985,-0.9772926772926773,-0.0,-3.525773720029912,-7.281117206751264,-13.857346249039848,0.45557629543930833,-0.17212511329290306,0.09255292338709697
100,1115017,T,1101,0,n100_i1115017_T_a1101,W-REFERENCE,0.031656255603050076,-0.0008743015811309013,3.660509825787539,0.06397336619450464,0.009900990099009901,0.6142131979695431,-0.6043122078705332,0.31821797931582685,4.677109828713,10.196032395898392,5.212771939129235,38.555434213014685,0.45383670143016785,1.5291821440593387
100,1115017,T,1101,0,n100_i1115017_T_a1101,W-LEGACY,-0.025330843209627085,-0.028968012438825637,-2.748000937616235,-0.019800623563537054,0.4270833333333333,0.6954314720812182,-0.26834813874788493,0.31821797931582685,-0.2395400202090725,-6.844408444351558,-6.9983843253488605,9.860272201444097,0.3583013627804437,1.0515314319277214
100,1115017,T,1101,0,n100_i1115017_T_a1101,GW-REFERENCE,0.04158739596101091,0.006472018067391616,4.8088780130246755,0.06235502846220094,0.009900990099009901,0.7828571428571428,-0.7729561527581329,0.31821797931582685,4.677109828713,10.195281343514084,4.781631896253069,28.68099219674045,0.3982475125908314,1.5328790017303184
100,1115017,T,1101,0,n100_i1115017_T_a1101,GW-LEGACY,-0.015399702851666253,-0.02162169279030312,-1.67062728726326,-0.021418961295840755,0.5625,0.52,0.04249999999999998,0.31821797931582685,-0.2395400202090725,-6.845043355859959,-7.37948559119822,2.030850757912095,0.3027121739411073,1.055228289598701
100,1115017,T,1101,0,n100_i1115017_T_a1101,GW-W,0.009931140357960833,0.007346319648522517,1.1078164569777949,-0.0016183377323037013,0.8071065989847716,0.5828571428571429,0.2242494561276287,-0.0,-0.0,-0.0006815602776044649,-0.4097791883342916,-7.126708578671337,-0.05558918883933643,0.003696857670979714
100,1115017,T,1101,0,n100_i1115017_T_a1101,REFERENCE-LEGACY,-0.05698709881267716,-0.028093710857694736,-6.1822103462291995,-0.08377398975804169,0.7777777777777778,0.009900990099009901,0.7678767876787679,-0.0,-5.157890030492451,-15.463751706621531,-11.606153929242403,-20.710239316528533,-0.09553533864972413,-0.47765071213161736
100,1115017,T,2202,0,n100_i1115017_T_a2202,W-REFERENCE,-0.174627504098804,-0.10503025131170055,-17.82494745979488,-0.1100696003621339,0.005780346820809248,0.95,-0.9442196531791907,-0.0,-2.2601408347392438,10.237725756748262,29.794989741538245,6.949795390377278,0.3975233034863958,0.647493125255155
100,1115017,T,2202,0,n100_i1115017_T_a2202,W-LEGACY,-0.08083007262245145,-0.06297592403579365,-9.124238966115039,-0.03779459482884377,0.0013774104683195593,0.82,-0.8186225895316804,-0.0,3.6609678734563778,35.85926728779392,18.563042026648425,-21.22364494857679,0.10445428069259746,0.3499194990759751
100,1115017,T,2202,0,n100_i1115017_T_a2202,GW-REFERENCE,-0.24873314462928087,-0.1554380294462659,-25.389214931560478,-0.15396601547130895,0.005780346820809248,0.9666666666666667,-0.9608863198458574,-0.0,-6.164930682901781,-24.861650409014512,1.3918298289729458,43.98694958023124,0.1239841727821692,0.5773032436697081
100,1115017,T,2202,0,n100_i1115017_T_a2202,GW-LEGACY,-0.1549357131529283,-0.113383702170359,-17.489412360123357,-0.08169100993801882,0.0013774104683195593,0.9666666666666667,-0.9652892561983472,-0.0,-0.017725227871112637,-7.397934322674516,-7.382220183464239,6.0569309319522535,-0.16908485001162912,0.27972961749052816
100,1115017,T,2202,0,n100_i1115017_T_a2202,GW-W,-0.07410564053047686,-0.050407778134565345,-9.205065573964422,-0.04389641510917505,0.3,0.64,-0.34,-0.0,-3.8184866716280075,-31.83971360513499,-21.883094231237056,34.630411451153044,-0.2735391307042266,-0.07018988158544692
100,1115017,T,2202,0,n100_i1115017_T_a2202,REFERENCE-LEGACY,0.09379743147635256,0.0420543272759069,10.588016952496538,0.07227500553329012,0.9614325068870524,0.028901734104046242,0.9325307727830061,-0.0,5.7902411045615665,23.242081016423022,-8.653606535395609,-26.342678109965746,-0.2930690227937983,-0.29757362617917993
100,1115018,H,1101,1,n100_i1115018_H_a1101,W-REFERENCE,-0.09780708187438436,-0.04664055881486717,-10.377760474384756,-0.04475094305612646,0.031746031746031744,0.9707602339181286,-0.9390142021720969,-1.396877567789656,-1.6598234075796858,22.348425968447216,26.087989641866404,-10.396439550903757,0.6116616373578719,1.2428105397301965
100,1115018,H,1101,1,n100_i1115018_H_a1101,W-LEGACY,-0.01240297975810023,0.03821694394405091,-1.447147447731989,0.04415253381121405,0.5348837209302325,0.22807017543859648,0.30681354549163603,0.28282828282828465,-1.1767513850515776,14.775549280204281,47.032240131863,-5.796306099651794,0.7044337769238366,1.5234624272370694
100,1115018,H,1101,1,n100_i1115018_H_a1101,GW-REFERENCE,-0.06570737431548357,-0.018312376422705362,-6.971840678393837,-0.028838926097274835,0.0992063492063492,0.5824175824175825,-0.48321123321123327,-2.465078060805248,-1.774826496130233,18.810686661115316,18.277599351365346,-15.316658298353792,0.4228565679981109,1.089202116128794
100,1115018,H,1101,1,n100_i1115018_H_a1101,GW-LEGACY,0.019696727800800562,0.06654512633621272,2.298163015785337,0.06006455077006567,0.6162790697674418,0.04395604395604396,0.5723230258113979,-0.7676767676767726,-1.2912079964126022,11.45678184208534,37.92447987667678,-10.969122653865105,0.5156287075640755,1.3698540036356668
100,1115018,H,1101,1,n100_i1115018_H_a1101,GW-W,0.03209970755890079,0.02832818239216181,3.800306502067996,0.015912016958851624,0.8421052631578947,0.08791208791208792,0.7541931752458068,-1.0534846029173428,-0.11312540657233416,-2.891528255740916,-6.194396716677996,-5.491097365762842,-0.18880506935976105,-0.1536084236014026
100,1115018,H,1101,1,n100_i1115018_H_a1101,REFERENCE-LEGACY,0.08540410211628413,0.08485750275891808,9.964728703415492,0.08890347686734051,0.6337209302325582,0.15873015873015872,0.47499077150239943,1.6565656565656561,0.47518479408659164,-6.189598785844542,16.610821180895606,5.133873507030229,0.09277213956596468,0.28065188750687287
100,1115018,H,2202,1,n100_i1115018_H_a2202,W-REFERENCE,-0.013701247415619178,-0.02246588790257588,-1.748731679285731,-0.02154737344595639,0.7559055118110236,0.5857142857142857,0.17019122609673787,0.5181347150259086,-1.2774865746119524,-19.179573842497167,-22.178614870462244,54.486571359821134,1.121250477678476,0.9780972123724836
100,1115018,H,2202,1,n100_i1115018_H_a2202,W-LEGACY,-0.19073259229503647,-0.12398274882024701,-19.857065019884136,-0.08666487321281771,0.0015337423312883436,0.7857142857142857,-0.7841805433829974,0.5181347150259086,-4.34746632244396,-20.793019629418797,-8.471620654491375,43.32983741120311,1.1002997204327107,1.3198956313448158
100,1115018,H,2202,1,n100_i1115018_H_a2202,GW-REFERENCE,0.023822329845782475,-0.004160106539333061,3.0405160648528495,-0.00319714011514248,0.1968503937007874,0.5412371134020618,-0.34438671970127444,-0.0,-0.2703816932854375,-6.052323121518066,-30.769489148984206,21.474294467289013,0.5872950820441625,0.859016694184553
100,1115018,H,2202,1,n100_i1115018_H_a2202,GW-LEGACY,-0.15320901503363482,-0.1056769674570042,-15.950506080519844,-0.0683146398820038,0.0015337423312883436,0.9845360824742269,-0.9830023401429385,-0.0,-3.309833515374172,-7.92783270068389,-18.57564024454724,12.701645990218191,0.5663443247983971,1.2008151131568852
100,1115018,H,2202,1,n100_i1115018_H_a2202,GW-W,0.03752357726140165,0.018305781363242818,4.874489485983435,0.01835023333081391,0.4857142857142857,0.4845360824742268,0.001178203240058906,-0.5208333333333259,0.9944015352163937,16.242491341726794,-11.039220471624878,-21.369026836411464,-0.5339553956343135,-0.11908051818793064
100,1115018,H,2202,1,n100_i1115018_H_a2202,REFERENCE-LEGACY,-0.1770313448794173,-0.10151686091767115,-18.430635705880892,-0.06511749976686132,0.0015337423312883436,1.0,-0.9984662576687117,-0.0,-3.0312558611635065,-1.9963341739591134,17.613403042306253,-7.2218147185313715,-0.020950757245765273,0.3417984189723322
100,1115018,T,1101,1,n100_i1115018_T_a1101,W-REFERENCE,-0.03887714789421026,0.0318351427230394,-4.554252341262732,0.02734902648483703,0.5379310344827586,0.12087912087912088,0.4170519136036377,0.8443908323281013,-6.641688770488852,-5.817019161759907,39.408505695523054,14.463742151317938,0.19080504849792743,0.3137753683625246
100,1115018,T,1101,1,n100_i1115018_T_a1101,W-LEGACY,-0.025818944466243998,0.014310262100435858,-3.0715381489764826,0.014913630842828846,0.5253456221198156,0.26373626373626374,0.26160935838355187,0.8045052292839916,-2.897608096017712,-0.7384870456685566,0.9335178294797908,11.959960246217083,0.10042291512653792,0.05396055005911293
100,1115018,T,1101,1,n100_i1115018_T_a1101,GW-REFERENCE,0.01428806777481828,0.06405060698521359,1.6737716020901239,0.05370001463927468,0.5655172413793104,0.18218623481781376,0.3833310065614966,0.6433453960595137,-5.183028881558127,-13.484712278269884,12.80411686999383,-0.552508410758723,-0.039733177179361936,0.10470657827183638
100,1115018,T,1101,1,n100_i1115018_T_a1101,GW-LEGACY,0.027346271202784544,0.04652572636261004,3.2532358300481956,0.041264618997266495,0.7188940092165899,0.27125506072874495,0.4476389484878449,0.6033789219629937,-1.4901602646203882,-8.81963730063341,-18.3283954983108,-2.7278245874712503,-0.13011531055075143,-0.1551082400315753
100,1115018,T,1101,1,n100_i1115018_T_a1101,GW-W,0.05316521566902854,0.032215464262174184,6.525197922510828,0.02635098815443765,0.6923076923076923,0.20647773279352227,0.48582995951417,-0.20275750202758402,1.36781394382266,-8.141272497713036,-19.08376299767166,-13.118783537782297,-0.23053822567728938,-0.20906879009068824
100,1115018,T,1101,1,n100_i1115018_T_a1101,REFERENCE-LEGACY,0.013058203427966264,-0.017524880622603545,1.5534628086183888,-0.012435395642008185,0.28110599078341014,0.5655172413793104,-0.2844112505959002,-0.04022526146418848,3.5108977714419343,5.392197264189114,-27.59873773417746,-2.1874017553881298,-0.0903821333713895,-0.2598148183034117
100,1115018,T,2202,1,n100_i1115018_T_a2202,W-REFERENCE,0.14111044542480666,0.11548057711237475,17.98610356263488,0.06777959535775828,0.9192825112107623,0.0,0.9192825112107623,0.4384216819450004,-3.520424496037622,-21.96979624058918,33.225251752257414,9.73944049600557,0.060261061774985816,0.6687403560272478
100,1115018,T,2202,1,n100_i1115018_T_a2202,W-LEGACY,0.14048601049340714,0.0833715548248878,17.892271675029605,0.04276495731108938,0.6201117318435754,0.2533783783783784,0.366733353465197,0.4384216819450004,1.8264773696046621,-6.556412153402058,-0.2582859274876115,-2.536397588371042,0.17594877454968097,1.1193608929717982
100,1115018,T,2202,1,n100_i1115018_T_a2202,GW-REFERENCE,-0.014273967268216614,0.0016749141612157625,-1.8193766787633736,0.0010576017878367316,0.32286995515695066,0.7988505747126436,-0.475980619555693,-0.0,-2.610033417087143,-25.942875131139786,-8.70177567099475,53.056233565596614,0.758402305822464,0.6492278701818459
100,1115018,T,2202,1,n100_i1115018_T_a2202,GW-LEGACY,-0.014898402199616134,-0.03043410812627119,-1.8974576809688837,-0.023957036258832165,0.061452513966480445,0.8505747126436781,-0.7891221986771977,-0.0,2.6898461166607213,-11.314297285617346,-31.64778248431842,35.934827327661736,0.8740900185971592,1.0998484071263963
100,1115018,T,2202,1,n100_i1115018_T_a2202,GW-W,-0.15538441269302328,-0.11380566295115899,-16.786282149646702,-0.06672199356992155,0.0,0.9195402298850575,-0.9195402298850575,-0.4403522818254624,0.87943136186166,-5.091719230672187,-31.47078115582673,39.47240196761139,0.6981412440474782,-0.019512485845401883
100,1115018,T,2202,1,n100_i1115018_T_a2202,REFERENCE-LEGACY,-0.0006244349313995201,-0.03210902228748695,-0.07952791453568198,-0.025014638046668897,0.11731843575418995,0.38565022421524664,-0.2683317884610567,-0.0,5.165069493940255,19.753099882592817,-25.133026389028878,-11.186350166258997,0.11568771277469517,0.4506205369445504
100,1115019,H,1101,0,n100_i1115019_H_a1101,W-REFERENCE,-0.02914661394302187,-0.0069040010211663255,-3.170409451109113,-0.014386162082437301,0.7834645669291339,0.2514395393474088,0.5320250275817251,-0.1831501831501825,-3.3629109866711193,-11.81155176723655,-8.771074357866127,13.52930487888029,0.2672029366842011,0.39110271384403994
100,1115019,H,1101,0,n100_i1115019_H_a1101,W-LEGACY,0.010541342347473281,0.018364707742865735,1.198363457275775,0.004944215089742049,0.7283018867924528,0.11132437619961612,0.6169775105928367,0.27347310847766204,-0.3403968906371402,0.23982099583537142,14.62633104360227,0.5530389503439315,0.1909481184113637,0.4291616686658668
100,1115019,H,1101,0,n100_i1115019_H_a1101,GW-REFERENCE,0.014572031628203641,0.017915420768991518,1.5850660006761608,0.020854268816439453,0.9645669291338582,0.09049773755656108,0.8740691915772971,-1.098901098901095,-1.4196515848418967,-4.579413836962088,-11.452895190284696,2.5922781051099575,0.26669998286220736,0.7794635459817729
100,1115019,H,1101,0,n100_i1115019_H_a1101,GW-LEGACY,0.05425998791869879,0.04318412953302358,6.168397208879095,0.0401846459886188,0.8226415094339623,0.3891402714932127,0.43350123794074963,-0.6381039197812299,1.5460381737366635,8.460265125144527,11.256705890475782,-9.133898535595575,0.19044516458936994,0.8175225008035998
100,1115019,H,1101,0,n100_i1115019_H_a1101,GW-W,0.04371864557122551,0.024819421790157843,4.911179965574841,0.035240430898876754,0.8195777351247601,0.5429864253393665,0.2765913097853936,-0.9140767824497242,1.8800354820500353,8.20077694437491,-2.939660654273868,-9.63365959602992,-0.0005029538219937513,0.388360832137733
100,1115019,H,1101,0,n100_i1115019_H_a1101,REFERENCE-LEGACY,0.03968795629049515,0.02526870876403206,4.5118159476043695,0.01933037717217935,0.43018867924528303,0.46062992125984253,-0.0304412420145595,0.45578851412944044,2.9241766385853074,13.665477740648857,25.646915423787853,-11.42988230429155,-0.07625481827283742,0.03805895482182686
100,1115019,H,2202,0,n100_i1115019_H_a2202,W-REFERENCE,0.031752687132280966,0.020868973434394325,3.7421692484558955,0.020579275125814672,0.437125748502994,0.12162162162162163,0.3155041268813724,-0.8719596145020603,2.674373866363744,-11.872741591175572,6.5447976631180405,11.851581106722309,0.2168514150483884,0.2638294937232719
100,1115019,H,2202,0,n100_i1115019_H_a2202,W-LEGACY,-0.1042098589489151,-0.0514172870720843,-10.585347454270044,-0.05185399755688027,0.09195402298850575,0.9144144144144144,-0.8224603914259087,0.18165304268846771,-2.537509627133172,1.5798508311198,10.437719433358783,17.540293276505082,0.4890122586299242,0.7392149601925566
100,1115019,H,2202,0,n100_i1115019_H_a2202,GW-REFERENCE,-0.023569260099995493,-0.004518804478681526,-2.7777227164309526,-0.005976252190032477,0.40119760479041916,0.2880658436213992,0.11313176116901996,-0.8719596145020603,0.7837892306846617,-4.811351374774741,11.86871861764529,6.747120040275512,0.049242726816537546,0.3766966265904048
100,1115019,H,2202,0,n100_i1115019_H_a2202,GW-LEGACY,-0.15953180618119156,-0.07680506498516015,-16.20479689223069,-0.07840952487272743,0.06513409961685823,0.7942386831275721,-0.7291045835107138,0.18165304268846771,-4.529336939044559,9.71915957387881,15.956165209759089,12.176222023938754,0.3214035703980734,0.8520820930596895
100,1115019,H,2202,0,n100_i1115019_H_a2202,GW-W,-0.05532194723227646,-0.02538777791307585,-6.284707570816373,-0.02655552731584715,0.4774774774774775,0.5390946502057613,-0.06161717272828382,-0.0,-1.9425352918697403,8.012719723610239,4.996884945392499,-4.563602066184846,-0.16760868823185085,0.1128671328671329
100,1115019,H,2202,0,n100_i1115019_H_a2202,REFERENCE-LEGACY,-0.13596254608119607,-0.07228626050647863,-13.810697044913766,-0.07243327268269495,0.05363984674329502,0.9281437125748503,-0.8745038658315553,1.0445049954586727,-5.355098857869733,15.264961903034013,3.653788693230897,5.085947032214899,0.2721608435815358,0.4753854664692847
100,1115019,T,1101,0,n100_i1115019_T_a1101,W-REFERENCE,0.014157309216631275,-0.005061794192638594,1.597113519303739,-0.011315987716352283,0.3368421052631579,0.9626038781163435,-0.6257617728531857,-0.0453103760761131,0.5062240176965549,19.670778631796292,11.454068801671813,-6.481981012792193,-0.14015419646133537,0.16583573865127255
100,1115019,T,1101,0,n100_i1115019_T_a1101,W-LEGACY,-0.10527842472752391,-0.07141988699634191,-10.466438742352214,-0.07585964960343304,0.06343283582089553,0.9903047091412742,-0.9268718733203787,-1.377410468319562,-3.144222741629643,-30.245516124925054,-21.823120068810265,43.29635998333108,0.07919305080853235,0.6344208902348436
100,1115019,T,1101,0,n100_i1115019_T_a1101,GW-REFERENCE,0.03715420778178413,-0.007083098405514562,4.191438262688996,-0.009837161437455902,0.3894736842105263,0.8137254901960784,-0.4242518059855521,0.09062075215224841,1.2757182630839359,48.969459138042026,54.040538714569394,-32.40251333922101,-0.028251532609946915,0.9077505348033568
100,1115019,T,1101,0,n100_i1115019_T_a1101,GW-LEGACY,-0.08228152616237105,-0.07344119120921788,-8.180161846404953,-0.07438082332453666,0.011194029850746268,0.9313725490196079,-0.9201785191688616,-1.2396694214876103,-2.3464955967803514,-13.16771016176672,8.048174724367163,3.5786887641023224,0.1910957146599208,1.3763356863869278
100,1115019,T,1101,0,n100_i1115019_T_a1101,GW-W,0.022996898565152857,-0.0020213042128759684,2.5535417823581374,0.0014788262788963807,0.10318559556786704,0.3888888888888889,-0.28570329332102185,0.13586956521739468,0.7734094296755312,24.482735753221817,38.20988356080437,-27.71715291571183,0.11190266385138845,0.7419147961520842
100,1115019,T,1101,0,n100_i1115019_T_a1101,REFERENCE-LEGACY,-0.11943573394415519,-0.06635809280370332,-11.873912401422547,-0.06454366188708076,0.0708955223880597,0.7157894736842105,-0.6448939512961508,-1.33149678604223,-3.6690202208985223,-41.711347855690036,-29.8573118310266,53.22860934739475,0.2193472472698677,0.46858515158357106
100,1115019,T,2202,0,n100_i1115019_T_a2202,W-REFERENCE,0.06011884540664725,0.020373652297752516,6.287428773439752,0.03136876770376288,0.47368421052631576,0.2907801418439716,0.18290406868234416,-0.45578851412944044,4.293482239219171,-14.25274208392613,0.12019950755370878,19.612158993173303,0.3131809948259543,0.45787847061971476
100,1115019,T,2202,0,n100_i1115019_T_a2202,W-LEGACY,0.019211124449241335,0.0079851950210282,1.9267325464054297,0.011028723619751817,0.6515151515151515,0.35815602836879434,0.29335912314635715,-0.27297543221109777,2.602659657782025,6.234682330904184,3.6737352435475934,15.04634978508912,0.3803241527702068,0.3020426536491678
100,1115019,T,2202,0,n100_i1115019_T_a2202,GW-REFERENCE,0.08172527092841109,0.025570100147750234,8.547100605089742,0.03650708434125588,0.42105263157894735,0.12293577981651377,0.2981168517624336,-0.45578851412944044,3.9367087419642344,-15.712896572943391,0.16306162284667192,7.965106475656647,0.20736828342898078,0.5359159049102455
100,1115019,T,2202,0,n100_i1115019_T_a2202,GW-LEGACY,0.040817549971005174,0.013181642871025918,4.093695931305663,0.016167040257244816,0.6287878787878788,0.3412844036697248,0.287503475118154,-0.27297543221109777,2.2395831343619887,4.425655989249999,3.7181186508391972,3.843886012388542,0.2745114413732333,0.3800800879396986
100,1115019,T,2202,0,n100_i1115019_T_a2202,GW-W,0.02160642552176384,0.005196447849997718,2.126001031097169,0.005138316637493,0.6347517730496454,0.13944954128440368,0.4953022317652417,-0.0,-0.3727786838370717,-1.7028585222473414,0.042810657093950155,-9.737348289300085,-0.10581271139697354,0.07803743429053078
100,1115019,T,2202,0,n100_i1115019_T_a2202,REFERENCE-LEGACY,-0.04090772095740591,-0.012388457276724316,-4.102739408937528,-0.020340044084011064,0.6666666666666666,0.3739612188365651,0.29270544783010155,0.18198362147406888,-1.7666744345075536,23.892804169764382,3.5492695314952583,-3.8171781585723097,0.06714315794425253,-0.15583581697054694
100,1115020,H,1101,1,n100_i1115020_H_a1101,W-REFERENCE,-0.05348511744592821,0.009305504303715212,-6.2544170027738595,0.01530029417001956,0.3792134831460674,0.28125,0.0979634831460674,-0.0,-2.873289145371949,8.819624876750943,53.775822558917284,30.067226646179158,0.2692187981070385,0.24564142596929472
100,1115020,H,1101,1,n100_i1115020_H_a1101,W-LEGACY,-0.0161063227107181,0.038109934296136565,-1.9695208712395273,0.03784725827979313,0.8184143222506394,0.1534090909090909,0.6650052313415484,-0.0,-4.183677345483949,7.642619215514368,34.9066651828938,25.479630961093626,0.06262527791496986,-0.08967603434816551
100,1115020,H,1101,1,n100_i1115020_H_a1101,GW-REFERENCE,0.0021873651271093753,0.022561556003057467,0.2557850537787232,0.025268641968583423,0.6853932584269663,0.47549019607843135,0.20990306234853495,0.14619883040936088,-0.22022536931953773,15.924435745373234,25.547224772977863,8.429126441614066,0.220232628566608,0.49283076775523904
100,1115020,H,1101,1,n100_i1115020_H_a1101,GW-LEGACY,0.03956615986231948,0.05136598599547882,4.8382476275469655,0.04781560607835699,0.887468030690537,0.0392156862745098,0.8482523444160273,0.14619883040936088,-1.4968191462613856,14.670583627223643,10.14187494006331,4.604727279523102,0.013639108374539303,0.1575133074377788
100,1115020,H,1101,1,n100_i1115020_H_a1101,GW-W,0.055672482573037585,0.013256051699342256,6.944542717010149,0.009968347798563863,0.29261363636363635,0.22549019607843138,0.06712344028520498,0.14619883040936088,2.5789627201511123,6.528979379104838,-18.356980516312305,-16.636089476580484,-0.04898616954043056,0.24718934178594432
100,1115020,H,1101,1,n100_i1115020_H_a1101,REFERENCE-LEGACY,0.03737879473521011,0.028804429992421353,4.5707712241344955,0.022546964109773568,0.8516624040920716,0.03089887640449438,0.8207635276875772,-0.0,-1.273788571356227,-1.08161157747938,-12.270561823068126,-3.527095797594837,-0.2065935201920687,-0.33531746031746024
100,1115020,H,2202,1,n100_i1115020_H_a2202,W-REFERENCE,0.009451303941325984,-0.005039158657489114,1.1867181384767056,-0.009816143289019474,0.5652173913043478,0.11737089201877934,0.4478464992855684,2.0364415862808127,-0.06502687370664173,9.336591134717631,-9.8647004127559,31.682810890615777,0.24145895780759383,0.4850008450228156
100,1115020,H,2202,1,n100_i1115020_H_a2202,W-LEGACY,-0.01755348257798095,0.0013735552342043975,-2.1317556875370736,-0.002497681711570013,0.3386243386243386,0.431924882629108,-0.09330054400476939,1.3669064748201398,-1.5149907324872203,8.89966960185653,-3.465120160073709,33.76613441031018,0.20202031267187145,0.18610644929273557
100,1115020,H,2202,1,n100_i1115020_H_a2202,GW-REFERENCE,0.03332654994770967,-0.006819055922084365,4.18452539049845,-0.021572578494731195,0.6561264822134387,0.31343283582089554,0.3426936463925432,3.1439799928545953,0.5172512983582789,10.966163575823561,-26.17505620942503,11.05442225741864,0.11239350214596812,0.33645156895690476
100,1115020,H,2202,1,n100_i1115020_H_a2202,GW-LEGACY,0.006321763428402738,-0.00040634203039085354,0.7677368342089652,-0.014254116917281734,0.46825396825396826,0.31343283582089554,0.15482113243307272,2.4820143884892065,-0.924275223905946,10.522730084966646,-20.933506510239276,12.811388776360433,0.07295485701024575,0.037557173226824725
100,1115020,H,2202,1,n100_i1115020_H_a2202,GW-W,0.023875246006383688,-0.001779897264595251,2.9626489594406724,-0.011756435205711721,0.39436619718309857,0.41044776119402987,-0.016081564010931304,1.1305616338439073,0.5818997808293425,1.490418188635556,-18.09541419550278,-15.665209827828175,-0.1290654556616257,-0.14854927606591084
100,1115020,H,2202,1,n100_i1115020_H_a2202,REFERENCE-LEGACY,-0.027004786519306934,0.006412713891693511,-3.2795547548763793,0.007318461577449462,0.335978835978836,0.3794466403162055,-0.04346780433736952,-0.683453237410081,-1.449021605331291,-0.3996114460187772,7.099971134491967,1.5820770422534158,-0.03943864513572238,-0.29889439573008003
100,1115020,T,1101,1,n100_i1115020_T_a1101,W-REFERENCE,0.17084038253904832,0.05553520119572814,23.837945640178514,0.0707048119954721,0.4387755102040816,0.49230769230769234,-0.053532182103610715,-0.0,6.854745134013108,4.91243883485204,24.206378847226805,17.688397798619615,0.5455863760886184,1.1039760538787728
100,1115020,T,1101,1,n100_i1115020_T_a1101,W-LEGACY,-0.0034497715573615917,0.015953961033945786,-0.3871952818353508,0.0037053950361941174,0.5960264900662252,0.1,0.49602649006622523,-0.0,-1.957053465808789,-21.615183639744583,2.9378879289237547,33.17520558848406,0.5508103378826814,1.0345800671892498
100,1115020,T,1101,1,n100_i1115020_T_a1101,GW-REFERENCE,0.11755295068057381,0.039595137414498896,16.402567159586013,0.06452440380253888,0.3010204081632653,0.3782608695652174,-0.07724046140195207,-0.0,4.287304532564839,28.695890341850294,23.106531230244197,-18.258375275462235,0.06887064774543515,0.33655365171952867
100,1115020,T,1101,1,n100_i1115020_T_a1101,GW-LEGACY,-0.0567372034158361,1.3897252716540964e-05,-6.368067305867086,-0.002475013156739106,0.6357615894039735,0.10434782608695652,0.5314137633170171,-0.0,-4.76738104555261,-3.845493987178916,2.0263728216754817,-7.501861853414482,0.07409460953949812,0.2671576650300056
100,1115020,T,1101,1,n100_i1115020_T_a1101,GW-W,-0.05328743185847451,-0.015940063781229245,-6.004119692195653,-0.006180408192933223,0.5384615384615384,0.26956521739130435,0.2688963210702341,-0.0,-2.7563836774532335,22.669810911971066,-0.8855001065085522,-30.544024514286892,-0.47671572834318326,-0.7674224021592442
100,1115020,T,1101,1,n100_i1115020_T_a1101,REFERENCE-LEGACY,-0.1742901540964099,-0.039581240161782355,-19.561969311411254,-0.06699941695927798,0.543046357615894,0.025510204081632654,0.5175361535342614,-0.0,-9.460276438665517,-25.285488326465355,-17.12350936859948,13.159162737829444,0.005223961794062959,-0.06939598668952307
100,1115020,T,2202,1,n100_i1115020_T_a2202,W-REFERENCE,-0.02656291487690221,-0.010936715682221827,-3.05124230987206,-0.02010108112191414,0.337696335078534,0.28169014084507044,0.05600619423346359,1.2535816618911122,-2.6104534822841696,13.969378219819962,-10.985281000223734,-0.7111129070675459,0.0033328168193205027,-0.29086419753086434
100,1115020,T,2202,1,n100_i1115020_T_a2202,W-LEGACY,-0.056710973073389126,-0.04220494134663063,-6.296261219179766,0.009828949575971621,0.11029411764705882,0.704225352112676,-0.5939312344656171,-1.3230429988974723,2.19858944786836,28.832317276963295,-13.696417087998125,12.59333940762466,0.14807398573603528,0.11031227305737112
100,1115020,T,2202,1,n100_i1115020_T_a2202,GW-REFERENCE,-0.1320640475199114,-0.04018358962371122,-15.169999650757527,-0.055975917393386976,0.5026178010471204,0.18556701030927836,0.31705079073784204,1.5042979942693435,-8.782558688416264,7.726677270656723,-13.795310937993166,-8.040695005731324,-0.08787016971987596,-0.23317073170731728
100,1115020,T,2202,1,n100_i1115020_T_a2202,GW-LEGACY,-0.16221210571639832,-0.07145181528812003,-18.009385752946873,-0.026045886695501216,0.08088235294117647,0.7835051546391752,-0.7026228016979987,-1.065784638000733,-3.6842477753400216,21.775495155879444,-16.420861477022154,4.2816123945252915,0.05687099919683882,0.1680057388809182
100,1115020,T,2202,1,n100_i1115020_T_a2202,GW-W,-0.1055011326430092,-0.029246873941489393,-12.500167748017976,-0.03587483627147284,0.4014084507042254,0.4329896907216495,-0.03158124001742413,0.25389916575988547,-6.015084230377887,-5.477524793653377,-3.156814928300211,-7.382077001027754,-0.09120298653919647,0.05769346582354706
100,1115020,T,2202,1,n100_i1115020_T_a2202,REFERENCE-LEGACY,-0.030148058196486915,-0.0312682256644088,-3.347148521159582,0.02993003069788576,0.1053921568627451,0.6073298429319371,-0.5019376860691921,-2.6093348033811026,4.68669883715388,13.041168855441377,-3.0457166165757443,13.399739592447535,0.1447411689167148,0.40117647058823547
100,1115021,H,1101,0,n100_i1115021_H_a1101,W-REFERENCE,0.0638447434777828,0.021476435718372988,8.626555316088492,0.028808834963477997,0.8504273504273504,0.09826589595375723,0.7521614544735932,-0.0,1.5543083265106783,10.862652323396716,4.422384346720087,-3.404420502035199,0.22313794075240018,1.426345240419025
100,1115021,H,1101,0,n100_i1115021_H_a1101,W-LEGACY,0.15211687565565946,0.06002348165554486,23.337133123113496,0.06536427720236437,0.3435897435897436,0.5404624277456648,-0.19687268415592118,-0.12706480304955914,4.934532189496032,53.5392351011865,-13.411597567142241,-15.588996195110116,0.10831852457234126,1.212271013330958
100,1115021,H,1101,0,n100_i1115021_H_a1101,GW-REFERENCE,0.12981973061660912,0.04727084089204783,17.54094427011985,0.05233139091627695,0.9102564102564102,0.7119113573407202,0.19834505291569005,-0.0,3.7580255957254116,9.852164112879635,2.0322108832744323,-11.828180404170329,0.1247064142797817,1.125886524822695
100,1115021,H,1101,0,n100_i1115021_H_a1101,GW-LEGACY,0.21809186279448578,0.0858178868292197,33.458738967423415,0.08888683315516333,0.558974358974359,0.39058171745152354,0.16839264152283545,-0.12706480304955914,7.062582788346172,52.13975941059079,-15.393560563217711,-22.950182212588167,0.009886998099722759,0.9118122977346279
100,1115021,H,1101,0,n100_i1115021_H_a1101,GW-W,0.06597498713882632,0.025794405173674845,8.206454607799806,0.02352255595279895,0.3988439306358382,0.6869806094182825,-0.28813667878244437,-0.0,2.2385106262686527,-0.9114775709761824,-2.2889474114184294,-8.720647410487981,-0.09843152647261849,-0.3004587155963301
100,1115021,H,1101,0,n100_i1115021_H_a1101,REFERENCE-LEGACY,0.08827213217787666,0.03854704593717187,13.542340327573864,0.036555442238886376,0.3384615384615385,0.39316239316239315,-0.05470085470085467,-0.12706480304955914,3.433592476749925,38.495004298921344,-17.078696321132693,-12.61400962280229,-0.11481941618005893,-0.21407422708806711
100,1115021,H,2202,0,n100_i1115021_H_a2202,W-REFERENCE,-0.035344158242859525,-0.04928075346849706,-4.028061807918181,-0.04411885186011483,0.009230769230769232,0.9014084507042254,-0.8921776814734561,-1.227253491324598,1.7754329203279573,4.003064519848842,5.42523583895187,20.824312593475902,0.23454791865856725,0.6251563376029674
100,1115021,H,2202,0,n100_i1115021_H_a2202,W-LEGACY,-0.09373219974324887,-0.09361125154248835,-10.015875596944301,-0.0808481984217419,0.01639344262295082,0.8732394366197183,-0.8568459939967674,-1.571125265392781,2.4470309005431568,-13.987129135522869,-9.583103263261672,28.54605840773381,0.2270068956774924,1.1269987208186762
100,1115021,H,2202,0,n100_i1115021_H_a2202,GW-REFERENCE,-0.08622461189514163,-0.03202646135357706,-9.826746012477328,-0.03208181799778706,0.6584615384615384,0.09326424870466321,0.5651972897568752,0.3385526872619504,-2.8192212949005535,7.572183037475777,1.3319969215054295,9.256731023913002,0.2056020077286681,0.31794450695943954
100,1115021,H,2202,0,n100_i1115021_H_a2202,GW-LEGACY,-0.14461265339553098,-0.07635695942756836,-15.452772367672807,-0.06881116455941413,0.07377049180327869,0.9481865284974094,-0.8744160366941307,-0.0,-2.1162079510703258,-11.035387938530828,-13.093628590261353,16.239205720888485,0.19806098474759326,0.8197868901751484
100,1115021,H,2202,0,n100_i1115021_H_a2202,GW-W,-0.05088045365228211,0.017254292114919995,-6.042062204634702,0.012037033862327767,0.7253521126760564,0.08808290155440414,0.6372692111216522,1.5468227424749181,-4.6777037067536,3.4317436068874496,-3.8825987771080817,-9.573885686801331,-0.028945910929899146,-0.30721183064352786
100,1115021,H,2202,0,n100_i1115021_H_a2202,REFERENCE-LEGACY,-0.05838804150038934,-0.044330498073991295,-6.2391297933796945,-0.036729346561627074,0.10655737704918032,0.8215384615384616,-0.7149810844892812,-0.3397027600849256,0.6837372769181616,-17.297753425273655,-14.236002398078929,6.39088743690055,-0.007541022981074827,0.5018423832157088
100,1115021,T,1101,0,n100_i1115021_T_a1101,W-REFERENCE,-0.060811198789666565,-0.013444837593572137,-6.997554984717025,-0.005960320155275006,0.2125984251968504,0.7277227722772277,-0.5151243470803772,-0.0,0.45687441163296816,37.217563843633506,20.9975352024373,-3.195327417020244,-0.04349988874011203,0.3938346992340245
100,1115021,T,1101,0,n100_i1115021_T_a1101,W-LEGACY,-0.005622906086936497,0.00033788717166734206,-0.6909048534182727,-9.806844214051147e-05,0.26424870466321243,0.41089108910891087,-0.14664238444569844,-0.0,-0.18234854327210392,-15.843146598277514,-24.087777465321338,38.45422262572622,0.23548485157154717,0.4956696695333833
100,1115021,T,1101,0,n100_i1115021_T_a1101,GW-REFERENCE,-0.028229316172477592,0.004205505051353503,-3.2483522119192365,0.011457368851821706,0.5,0.5147058823529411,-0.014705882352941124,-0.0,0.07359271750155827,52.7442132605088,75.18848342040951,-20.354759764925213,-0.10761219070615059,0.23129251700680298
100,1115021,T,1101,0,n100_i1115021_T_a1101,GW-LEGACY,0.026958976530252476,0.017988229816592982,3.312537581094266,0.0173196205649562,0.6735751295336787,0.3480392156862745,0.3255359138474042,-0.0,-0.5680915068847936,-6.320502978945108,9.910892950611982,13.912061560190669,0.1713725496055086,0.3331274873061618
100,1115021,T,1101,0,n100_i1115021_T_a1101,GW-W,0.03258188261718897,0.01765034264492564,4.031294846260969,0.017417689007096712,0.6584158415841584,0.1568627450980392,0.5015530964861192,-0.0,-0.3850408472367617,11.315351316518573,44.78681993588298,-17.725830675369636,-0.06411230196603857,-0.1625421822272215
100,1115021,T,1101,0,n100_i1115021_T_a1101,REFERENCE-LEGACY,0.05518829270273007,0.013782724765239479,6.781165947048362,0.005862251713134495,0.3160621761658031,0.484251968503937,-0.16818979233813386,-0.0,-0.6421568050297921,-38.669036933476264,-37.261348003765335,43.02431786755439,0.2789847403116592,0.10183497029935884
100,1115021,T,2202,0,n100_i1115021_T_a2202,W-REFERENCE,-0.12500858398190007,-0.06395512323164824,-12.622439340902769,-0.054454307498437056,0.02710843373493976,0.9107289107289107,-0.883620476993971,1.5043877977434228,-2.566467225817326,-4.231871474140636,-14.311796737031878,11.12412981896782,0.22262771487171207,0.3131512637124896
100,1115021,T,2202,0,n100_i1115021_T_a2202,W-LEGACY,0.056461025491294614,0.011245658226241642,6.979990940623826,0.007693536702373688,0.41025641025641024,0.7117117117117117,-0.3014553014553014,0.5904681568958292,1.5171010588757916,-14.52643283333953,-56.732617797932726,26.1644916476762,0.2791958820272771,0.2957466154778743
100,1115021,T,2202,0,n100_i1115021_T_a2202,GW-REFERENCE,-0.12682767885749746,-0.06349976694458617,-12.806118045125992,-0.0517971845123533,0.02710843373493976,0.8256880733944955,-0.7985796396595557,0.7939824488090275,-2.6557418147550305,4.742635112680982,-7.175634308104395,4.163945306572492,0.20182363447078983,0.29269047958436367
100,1115021,T,2202,0,n100_i1115021_T_a2202,GW-LEGACY,0.05464193061569722,0.011701014513303715,6.755105444100873,0.010350659688457442,0.24786324786324787,0.4724770642201835,-0.2246138163569356,-0.1265288907633888,1.4313808370706838,-6.516637681822013,-53.129285536187474,18.262264271759364,0.2583918016263548,0.2752858313497484
100,1115021,T,2202,0,n100_i1115021_T_a2202,GW-W,-0.0018190948755973935,0.00045535628706207254,-0.21021267112255604,0.002657122986083754,0.8837018837018837,0.38990825688073394,0.4937936268211498,-0.7212558336868957,-0.08704071745120334,9.371078588424453,8.32805702207029,-6.263432185011619,-0.020804080400922253,-0.02046078412812591
100,1115021,T,2202,0,n100_i1115021_T_a2202,REFERENCE-LEGACY,0.18146960947319468,0.07520078145788989,22.434169749834652,0.062147844200810744,0.7094017094017094,0.02710843373493976,0.6822932756667697,-0.9278785322648586,3.9813872848934673,-10.74946489783305,-49.506022352593625,13.53473980242692,0.05656816715556498,-0.017404648234615294
100,1115022,H,1101,1,n100_i1115022_H_a1101,W-REFERENCE,0.030267086812494126,0.015305658866611158,3.3365976916761797,0.03701516661834709,0.4936708860759494,0.3953488372093023,0.09832204886664708,0.21805494984735718,2.1028144927433656,27.219505454208637,41.10320626162163,-7.233819929279239,0.3257248944048416,0.6791847339024324
100,1115022,H,1101,1,n100_i1115022_H_a1101,W-LEGACY,0.05231067052923932,0.029924727501202612,5.910271512563692,0.037710932595398435,0.2807017543859649,0.24031007751937986,0.04039167686658504,-0.08748906386701893,2.8236435334556442,53.85698192664603,98.88868510242341,-18.882533440209603,0.4694128079690966,0.5059450952963807
100,1115022,H,1101,1,n100_i1115022_H_a1101,GW-REFERENCE,0.015179288124050783,0.008819309622149073,1.6733416740684959,0.0370082309260394,0.569620253164557,0.21505376344086022,0.35456648972369675,-0.915830789358929,2.162829151190926,31.370766566465157,59.415832961590695,-14.700991019819432,0.050283318806940064,0.6606193782778118
100,1115022,H,1101,1,n100_i1115022_H_a1101,GW-LEGACY,0.03722287184079598,0.023438378256740527,4.205590882905952,0.037703996903090745,0.23684210526315788,0.2903225806451613,-0.05348047538200343,-1.2248468941382429,2.8832162965774843,58.87744245776432,124.70081468915564,-25.412046682765833,0.1939712323711951,0.48737973967176007
100,1115022,H,1101,1,n100_i1115022_H_a1101,GW-W,-0.015087798688443343,-0.006486349244462085,-1.6095517510362756,-6.935692307689922e-06,0.29457364341085274,0.6344086021505376,-0.3398349587396849,-1.1363636363636465,0.061303762857523036,3.263069682149289,12.978179011762037,-8.049454105847143,-0.2754415755979015,-0.018565355624620583
100,1115022,H,1101,1,n100_i1115022_H_a1101,REFERENCE-LEGACY,0.022043583716745196,0.014619068634591455,2.4905734061097418,0.0006957659770513436,0.43859649122807015,0.379746835443038,0.05884965578503215,-0.30621172353455517,0.7363123229511603,20.938201557484646,40.95263344594795,-12.557069291901325,0.14368791356425503,-0.17323963860605174
100,1115022,H,2202,1,n100_i1115022_H_a2202,W-REFERENCE,-0.018930080294079055,-0.0022140006698406836,-1.9894988088263177,-0.009729766102374478,0.5570032573289903,0.41818181818181815,0.1388214391471721,-0.3478260869565153,0.5583548958191353,14.877758529032281,10.166852728002528,27.52170858370755,0.7325674696114232,1.1246129092511823
100,1115022,H,2202,1,n100_i1115022_H_a2202,W-LEGACY,0.05375645380369587,0.027256525347277002,6.1169359107704935,0.025970883398701586,0.5846153846153846,0.2545454545454545,0.33006993006993013,-0.3042155584528361,4.5795285379520045,22.59910508118832,17.254080632997315,18.72607820360659,0.6775829564064709,0.507354602234221
100,1115022,H,2202,1,n100_i1115022_H_a2202,GW-REFERENCE,-0.014602443649075258,0.00288333451501583,-1.534676229285481,-0.004213675481880848,0.7198697068403909,0.2948717948717949,0.424997911968596,-0.3478260869565153,0.5583548958191353,13.346266021482943,23.156822026881517,11.897410957000588,0.5590876421118279,1.1375476970225038
100,1115022,H,2202,1,n100_i1115022_H_a2202,GW-LEGACY,0.058084090448699666,0.032353860532133516,6.609376801668132,0.031486974019195216,0.6076923076923076,0.43162393162393164,0.176068376068376,-0.3042155584528361,4.5795285379520045,20.964675464278248,31.07971756347636,4.179444516627928,0.5041031289068757,0.5202893900055425
100,1115022,H,2202,1,n100_i1115022_H_a2202,GW-W,0.004327636645003796,0.0050973351848565135,0.46405494718742,0.00551609062049363,0.503030303030303,0.2948717948717949,0.20815850815850817,-0.0,-0.0,-1.3331497124939973,11.79117763393922,-12.252264967459169,-0.17347982749959523,0.01293478777132151
100,1115022,H,2202,1,n100_i1115022_H_a2202,REFERENCE-LEGACY,0.07268653409777492,0.029470526017117686,8.270985885262295,0.035700649501076064,0.36923076923076925,0.7231270358306189,-0.35389626659984963,0.04345936549325913,4.043752130126221,6.721358991527215,6.43317634070284,-6.897359263601254,-0.054984513204952165,-0.6172583070169613
100,1115022,T,1101,1,n100_i1115022_T_a1101,W-REFERENCE,-0.029728615805567626,0.004157890607589601,-3.377250684130173,-0.024359942024935133,0.7514450867052023,0.022857142857142857,0.7285879438480594,0.3513394817742599,-5.633992849815206,5.490759164051662,39.73147310440292,3.0111789734830197,0.09208996724859742,0.6649385560675887
100,1115022,T,1101,1,n100_i1115022_T_a1101,W-LEGACY,-0.04807619918960082,0.006190563682664796,-5.350072071908729,-0.024362481111152162,0.625,0.022857142857142857,0.6021428571428571,1.944684528954188,-8.003064170323459,-24.442647917166717,20.582389274538258,33.81144045505864,0.11992295858990284,1.063577198127283
100,1115022,T,1101,1,n100_i1115022_T_a1101,GW-REFERENCE,-0.07054066249772317,-0.015344645634729676,-8.013608915986403,-0.08088143918579525,0.4682080924855491,0.008583690987124463,0.45962440149842465,-1.4931927975406323,-7.009306697400053,20.973335084232758,82.95152693802652,-23.393594114582417,0.0603446608025829,1.0602569837956062
100,1115022,T,1101,1,n100_i1115022_T_a1101,GW-LEGACY,-0.08888824588175637,-0.01331197255965448,-9.891766192611307,-0.08088397827201228,0.6,0.0,0.6,0.12964563526360884,-9.409222412833751,-13.353312232975679,57.87947947223895,-0.48833901559987014,0.08817765214388833,1.4588956258553005
100,1115022,T,1101,1,n100_i1115022_T_a1101,GW-W,-0.040812046692155546,-0.019502536242319277,-4.798412656112172,-0.05652149716086012,0.26857142857142857,0.4978540772532189,-0.22928264868179032,-1.8510356985456111,-1.3019614335133545,14.676712958434312,30.930793810018,-25.63291999100652,-0.03174530644601452,0.3953184277280175
100,1115022,T,1101,1,n100_i1115022_T_a1101,REFERENCE-LEGACY,-0.018347583384033195,0.002032673075075195,-2.0417773265064,-2.5390862170293627e-06,0.34,0.5780346820809249,-0.23803468208092488,1.5989628349178941,-2.2427168154823818,-28.37538313158605,-13.704202356441964,29.899921337182423,0.02783299134130543,0.39863864205969435
100,1115022,T,2202,1,n100_i1115022_T_a2202,W-REFERENCE,-0.050888616444504264,-0.031905540585532875,-5.6703895267884,-0.03966132028169973,0.0,1.0,-1.0,-1.3175230566534912,-0.6693438492873849,-3.1824997188345083,-17.141247752052593,10.010345692336431,-0.1727224465989597,0.1021433850702147
100,1115022,T,2202,1,n100_i1115022_T_a2202,W-LEGACY,0.08304830713647582,0.06051054089409398,10.877203595251771,0.020498121187677035,0.9727272727272728,0.009009009009009009,0.9637182637182637,0.12987012987012436,0.22672910045974382,-15.744266796172967,-30.848001432868454,12.476133392122058,-0.3725361572612617,0.22431293331338242
100,1115022,T,2202,1,n100_i1115022_T_a2202,GW-REFERENCE,-0.03900004646342792,-0.022904070636559214,-4.345676311550917,-0.008109422708101652,0.1958041958041958,0.9249329758713136,-0.7291287800671178,-1.449275362318847,0.07279719799463402,-9.34469888761983,-28.19595215066606,6.988828736946018,-0.16765205357417573,0.36128772995177716
100,1115022,T,2202,1,n100_i1115022_T_a2202,GW-LEGACY,0.09493687711755217,0.06951201084306764,12.434302115370421,0.052050018761275116,0.8636363636363636,0.0777479892761394,0.7858883743602243,-0.0,0.9622642388132041,-21.106939945203074,-40.07400209053487,9.38689172142051,-0.3674657642364777,0.4834572781949449
100,1115022,T,2202,1,n100_i1115022_T_a2202,GW-W,0.011888569981076347,0.009001469948973662,1.4043450498649968,0.03155189757359808,0.46846846846846846,0.8659517426273459,-0.3974832741588774,-0.13003901170351995,0.7372066002467315,-6.364757560244605,-13.341625475523989,-2.7465752756023587,0.005070393024783973,0.25914434488156246
100,1115022,T,2202,1,n100_i1115022_T_a2202,REFERENCE-LEGACY,0.13393692358098008,0.09241608147962685,17.54231045694763,0.06015944146937677,1.0,0.0,1.0,1.4285714285714235,0.8901150196117702,-12.974686436706296,-16.542312440090367,2.2414143726824154,-0.199813710662302,0.12216954824316772
100,1115023,H,1101,0,n100_i1115023_H_a1101,W-REFERENCE,0.007889791688842962,-0.02829166758655366,0.7818351518370292,-0.010678708506210909,0.046875,0.5459940652818991,-0.4991190652818991,-0.0,2.919125625455532,15.043818186118552,25.855308556056688,18.18140621583806,0.16700610427136153,1.210953514461779
100,1115023,H,1101,0,n100_i1115023_H_a1101,W-LEGACY,0.098088955473571,0.026683292929051437,10.674160804215571,0.016276799819580592,0.8936170212765957,0.19287833827893175,0.700738682997664,-0.9446693657219951,4.316126628355232,26.042204819866544,-4.185087973533708,19.528657739378573,0.40935707952095324,1.4537108230814295
100,1115023,H,1101,0,n100_i1115023_H_a1101,GW-REFERENCE,-0.02363993521959773,-0.01564652641758848,-2.3425881278929084,0.008781755437362392,0.24479166666666666,0.8461538461538461,-0.6013621794871795,0.8467023172905486,-0.4960023555113713,1.8622085297108848,26.11621872372045,15.371869330980491,0.08489772938353847,0.8732749595507756
100,1115023,H,1101,0,n100_i1115023_H_a1101,GW-LEGACY,0.0665592285651303,0.03932843409801662,7.243057133992692,0.03573726376315389,0.7914893617021277,0.05384615384615385,0.7376432078559738,-0.08996851102114345,0.9501425930437457,11.600410637752567,-3.9864544391335577,16.68709252646361,0.32724870463313016,1.1160322681704262
100,1115023,H,1101,0,n100_i1115023_H_a1101,GW-W,-0.03152972690844069,0.01264514116896518,-3.1001849440652762,0.0194604639435733,0.47181008902077154,0.12692307692307692,0.3448870120976946,0.8467023172905486,-3.5178174928576667,-11.457903487767052,0.20730962456583235,-2.3773087280129612,-0.08210837488782305,-0.3376785549110033
100,1115023,H,1101,0,n100_i1115023_H_a1101,REFERENCE-LEGACY,0.09019916378472803,0.0549749605156051,9.815583966569829,0.0269555083257915,0.9319148936170213,0.06770833333333333,0.8642065602836879,-0.9446693657219951,1.439007437767803,9.560171773814673,-23.868994382712305,1.1399860322189648,0.2423509752495917,0.2427573086196506
100,1115023,H,2202,0,n100_i1115023_H_a2202,W-REFERENCE,-0.14028239109780927,-0.05445892502426198,-13.291210245292396,-0.05074209860388701,0.00964630225080386,0.9577464788732394,-0.9481001766224355,-0.04492362982928544,-2.9587167515114476,6.288714841153009,20.170051832289992,5.2712392604728375,0.08277965292065627,0.8719685061148472
100,1115023,H,2202,0,n100_i1115023_H_a2202,W-LEGACY,-0.10571633760283095,-0.03768855012434823,-10.35534885647975,-0.03513193728949865,0.4090909090909091,0.6816901408450704,-0.2725992317541613,0.35794183445190253,-2.6256142888752443,-4.015470207743466,-4.121832574826289,18.228842713708616,0.11550481463127299,1.226399875777469
100,1115023,H,2202,0,n100_i1115023_H_a2202,GW-REFERENCE,-0.09820784607425903,-0.040697289953417086,-9.304810958063815,-0.03274623655422383,0.03054662379421222,0.861271676300578,-0.8307250525063657,0.3144654088050314,-1.7107617002781295,8.219859933596553,26.23428728734303,-4.104713482500355,0.048462324837724065,0.8146886988350404
100,1115023,H,2202,0,n100_i1115023_H_a2202,GW-LEGACY,-0.06364179257928071,-0.023926915053503334,-6.23397460557249,-0.01713607523983547,0.45454545454545453,0.49710982658959535,-0.04256437204414082,0.7158836689038051,-1.3816967481504072,-2.2715404412030127,0.7165424895091421,7.6988247341789995,0.08118748654834078,1.1691200684976621
100,1115023,H,2202,0,n100_i1115023_H_a2202,GW-W,0.042074545023550236,0.013761635070844894,4.59745695736935,0.017995862049663178,0.8901408450704226,0.3468208092485549,0.5433200358218677,0.35922766052985944,1.2120926625816875,1.816886294400688,5.046378330198542,-8.906471329528342,-0.034317328082932204,-0.05727980727980686
100,1115023,H,2202,0,n100_i1115023_H_a2202,REFERENCE-LEGACY,0.03456605349497832,0.016770374899913752,3.385886710122432,0.01561016131438836,0.7207792207792207,0.10610932475884244,0.6146698960203782,0.4026845637583931,0.32353012269971115,-9.694524074635712,-20.214590937364473,12.308778299051593,0.032725161710616714,0.3544313696626218
100,1115023,T,1101,0,n100_i1115023_T_a1101,W-REFERENCE,0.0753907222162471,0.0617350707016415,9.683986690932155,0.05933155247214328,0.5823293172690763,0.13584905660377358,0.4464802606653028,-0.0,-2.3521917761282873,-2.92279039729475,12.384808057415842,6.8226287645698935,0.13581727564457882,0.4970171890798787
100,1115023,T,1101,0,n100_i1115023_T_a1101,W-LEGACY,-0.0764911379766795,-0.027857913014903486,-8.221396956466531,-0.023925257260896032,0.15611814345991562,0.8377358490566038,-0.6816177055966882,-0.990099009900991,-1.8904900297135763,-3.241761692927947,5.123058837756056,18.6700854884718,0.27262605754084773,0.9681615029164459
100,1115023,T,1101,0,n100_i1115023_T_a1101,GW-REFERENCE,0.07743244297581797,0.07075087013376322,9.94624703386362,0.07032111143031572,0.42168674698795183,0.5049019607843137,-0.08321521379636188,-0.0,-2.3521917761282873,-2.6861731272478373,14.223085378626866,0.6023106393205246,0.1349592020260126,0.6002097635392827
100,1115023,T,1101,0,n100_i1115023_T_a1101,GW-LEGACY,-0.07444941721710863,-0.018842113582781768,-8.00194935400299,-0.012935698302723592,0.3924050632911392,0.7254901960784313,-0.3330851327872921,-0.990099009900991,-1.8904900297135763,-3.005921887720675,6.842555790574223,11.759885915348555,0.2717679839222815,1.0713540773758499
100,1115023,T,1101,0,n100_i1115023_T_a1101,GW-W,0.0020417207595708753,0.009015799432121718,0.23910540712790418,0.01098955895817244,0.6075471698113207,0.5637254901960784,0.043821679615242304,-0.0,-0.0,0.24374131788016395,1.6356991242729935,-5.823034124126036,-0.000858073618566213,0.103192574459404
100,1115023,T,1101,0,n100_i1115023_T_a1101,REFERENCE-LEGACY,-0.1518818601929266,-0.08959298371654498,-16.324519364756984,-0.08325680973303931,0.0,0.8995983935742972,-0.8995983935742972,-0.990099009900991,0.4510912159307323,-0.3285748497908081,-6.461504312887079,11.090774362062295,0.13680878189626888,0.4711443138365672
100,1115023,T,2202,0,n100_i1115023_T_a2202,W-REFERENCE,-0.051992736802749295,0.015845337560493403,-5.7064591578076085,0.01334522171709835,0.7111111111111111,0.28484848484848485,0.4262626262626263,1.0738255033557076,-4.488409913948055,0.028176996922302244,10.222512332673727,19.219158231733502,0.5515859213971636,0.8048780487804876
100,1115023,T,2202,0,n100_i1115023_T_a2202,W-LEGACY,0.08223124670124848,0.06430988573825357,10.584577524180716,0.054606520237047255,0.9765258215962441,0.0,0.9765258215962441,-0.49999999999998934,1.1033003719654766,4.858931072450501,11.786519166586906,11.40520161461307,0.5879058210381577,1.5034792628211318
100,1115023,T,2202,0,n100_i1115023_T_a2202,GW-REFERENCE,-0.10226172029721092,-0.039696111455121044,-11.223727892937585,-0.03943169458782665,0.6277777777777778,0.46017699115044247,0.1676007866273353,0.6263982102908239,-3.9042381001609394,-0.28310869315757436,-2.989433235678296,11.395183092260087,0.2985640112790344,0.986645299145299
100,1115023,T,2202,0,n100_i1115023_T_a2202,GW-LEGACY,0.031962263206786856,0.00876843672263912,4.114093684966202,0.0018296039321222535,0.5492957746478874,0.061946902654867256,0.4873488719930201,-0.9545454545454524,1.6562101582934252,4.532612172117756,-1.6128978422257134,4.094031658635755,0.3348839109200286,1.685246513185943
100,1115023,T,2202,0,n100_i1115023_T_a2202,GW-W,-0.05026898349446163,-0.05554144901561445,-5.851162959680933,-0.052776916304925,0.10303030303030303,0.5929203539823009,-0.4898900509519979,-0.45228403437358455,0.5590780970523124,-0.3111980038279172,-11.986612615466164,-6.562682756294491,-0.2530219101181291,0.18176725036481134
100,1115023,T,2202,0,n100_i1115023_T_a2202,REFERENCE-LEGACY,0.13422398350399778,0.048464548177760164,17.276938098286763,0.041261298519948905,0.4460093896713615,0.6277777777777778,-0.18176838810641627,-1.5909090909090873,5.351512469678332,4.8293932975273846,1.4189540782673316,-6.554279306294008,0.03631989964099419,0.6986012140406441
100,1115024,H,1101,1,n100_i1115024_H_a1101,W-REFERENCE,0.1077162549471774,0.04041217205066944,11.715004801939632,0.05548839892953596,0.7452830188679245,0.3136094674556213,0.4316735514123032,-0.08741258741258306,4.765601531651853,16.979071144742086,33.44304452253763,-0.3380266497218787,-0.14505967308097853,-0.36507739938080475
100,1115024,H,1101,1,n100_i1115024_H_a1101,W-LEGACY,0.035467189069704474,0.03473148043889977,3.5763250518071166,0.061193390360791265,0.875,0.5502958579881657,0.3247041420118343,-0.0436871996505106,1.4350115089346471,15.979371579091906,36.55295373013314,8.94304640105128,-0.08269031529971353,-0.15369730888306732
100,1115024,H,1101,1,n100_i1115024_H_a1101,GW-REFERENCE,0.10769111274708398,0.04041217205066944,11.712270386461032,0.05548839892953596,0.7452830188679245,0.3192771084337349,0.42600591043418956,-0.08741258741258306,4.765601531651853,16.771078316686715,33.345736155891004,-8.055918356328851,-0.18000706739043404,-0.36507739938080475
100,1115024,H,1101,1,n100_i1115024_H_a1101,GW-LEGACY,0.035442046869611055,0.03473148043889977,3.573789844410924,0.061193390360791265,0.875,0.5481927710843374,0.3268072289156626,-0.0436871996505106,1.4350115089346471,15.773156251386222,36.45337757810667,0.5064220191919322,-0.11763770960916903,-0.15369730888306732
100,1115024,H,1101,1,n100_i1115024_H_a1101,GW-W,-2.514220009341983e-05,0.0,-0.002447670734528895,0.0,0.9881656804733728,1.0,-0.011834319526627168,-0.0,-0.0,-0.1778034532331163,-0.0729212728882267,-7.744068722662356,-0.0349473943094555,0.0
100,1115024,H,1101,1,n100_i1115024_H_a1101,REFERENCE-LEGACY,-0.07224906587747293,-0.005680691611769664,-7.285216309627929,0.005704991431255302,0.7254901960784313,0.3113207547169811,0.41416944136145023,0.0436871996504995,-3.4972552736017404,-0.8545969427413369,2.3305142794986855,9.312551958160942,0.062369357781265,0.21138009049773743
100,1115024,H,2202,1,n100_i1115024_H_a2202,W-REFERENCE,0.07367615601142208,0.06045091658948375,8.458752453310048,0.011158516030643148,0.9859649122807017,0.0,0.9859649122807017,1.9759450171821347,-1.1042806752696421,-10.534351270738718,22.31270833586727,10.793452271384885,0.24449587463574105,0.7386391549987721
100,1115024,H,2202,1,n100_i1115024_H_a2202,W-LEGACY,0.011067712614117431,0.002498250076122477,1.1854705824709155,0.006113916523038929,0.34185303514376997,0.14593698175787728,0.19591605338589269,1.6379310344827536,0.15517488532109658,-8.039362560043084,6.17639481706187,12.920066537865882,0.09566113210002199,0.7706361435174998
100,1115024,H,2202,1,n100_i1115024_H_a2202,GW-REFERENCE,0.051402599535875115,0.04382292492283597,5.901527556122632,0.008872040567703438,0.9719298245614035,0.040632054176072234,0.9312977703853313,0.3436426116838476,-1.046943722692384,-1.9102850784757597,32.754008533614076,8.097801177288666,0.10968224523231224,0.45093483792454947
100,1115024,H,2202,1,n100_i1115024_H_a2202,GW-LEGACY,-0.011205843861429532,-0.014129741590525303,-1.2002659187718923,0.003827441060099218,0.08945686900958466,0.9616252821670429,-0.8721684131574583,-0.0,0.21179759174311252,0.8252087657052654,15.240208604548243,10.172674028039431,-0.03915249730340681,0.48293182644327715
100,1115024,H,2202,1,n100_i1115024_H_a2202,GW-W,-0.022273556475546963,-0.01662799166664778,-2.357785646011612,-0.0022864754629397105,0.0,0.9977426636568849,-0.9977426636568849,-1.6652059596844904,0.05671070719687199,9.63952792469085,8.536562013715931,-2.4330418800321496,-0.1348136294034288,-0.2877043170742226
100,1115024,H,2202,1,n100_i1115024_H_a2202,REFERENCE-LEGACY,-0.06260844339730465,-0.05795266651336127,-6.7060349730375,-0.005044599507604219,0.0,0.9730994152046784,-0.9730994152046784,-0.34482758620688614,1.2456995412844063,2.7887672488084325,-13.192671259061262,1.9194403846825914,-0.14883474253571904,0.031996988518727676
100,1115024,T,1101,1,n100_i1115024_T_a1101,W-REFERENCE,0.06757673475690507,0.0057647927190384585,7.7785377297231895,0.016796184764904007,0.45161290322580644,0.5433962264150943,-0.09178332318928789,-0.08726003490402423,2.9729288595611636,0.33195861253150216,-20.956670787823096,16.48066217205799,0.27013778852687764,0.7111960321977397
100,1115024,T,1101,1,n100_i1115024_T_a1101,W-LEGACY,0.1664435249676004,0.09005000085386783,21.619072872040547,0.0948754481731045,0.965625,0.007547169811320755,0.9580778301886792,-0.13094718463553257,3.601102418181923,5.626601112955099,25.246518892442026,25.75693522047977,0.4133436103856261,0.7832440207222233
100,1115024,T,1101,1,n100_i1115024_T_a1101,GW-REFERENCE,0.04087699249278898,-0.007706429675489304,4.705217402506734,0.002251392321088383,0.3978494623655914,0.4803921568627451,-0.08254269449715373,0.2617801047120394,2.8977312472310945,-0.6947266426373444,-18.602103557065764,4.669661209552367,0.06807785024668953,0.5549469193853311
100,1115024,T,1101,1,n100_i1115024_T_a1101,GW-LEGACY,0.1397437827034843,0.07657877845934007,18.151087717406323,0.08033065572928888,0.921875,0.007352941176470588,0.9145220588235294,0.2182453077258839,3.5263916509269633,4.545736397305777,28.977401081867082,13.005331175365153,0.21128367210543803,0.6269949079098147
100,1115024,T,1101,1,n100_i1115024_T_a1101,GW-W,-0.02669974226411609,-0.013471222394527763,-2.851514217908069,-0.014544792443815624,0.04150943396226415,0.9215686274509803,-0.8800591934887162,0.34873583260680574,-0.07750168220703735,-1.0232883613224053,2.97883104649721,-10.139881369371984,-0.2020599382801881,-0.1562491128124086
100,1115024,T,1101,1,n100_i1115024_T_a1101,REFERENCE-LEGACY,0.09886679021069533,0.08428520813482937,12.841643089485345,0.0780792634082005,0.94375,0.06451612903225806,0.8792338709677419,-0.04364906154517012,0.647420922055375,5.2771246307179,58.45299045570484,7.963788044679432,0.14320582185874847,0.07204798852448357
100,1115024,T,2202,1,n100_i1115024_T_a2202,W-REFERENCE,0.0883492499134646,0.043688022074935294,9.296013412970794,0.02408402261708687,0.8194070080862533,0.08531746031746032,0.734089547768793,-0.217770034843201,0.8574049245442361,-14.413919635746364,-1.9169461470427418,25.919946342873157,0.16438773754369568,0.5434564672550946
100,1115024,T,2202,1,n100_i1115024_T_a2202,W-LEGACY,0.14774562875753083,0.05322769528571968,16.581945916313124,0.03512734521593088,0.45652173913043476,0.11507936507936507,0.3414423740510697,-1.0984182776801354,2.77710331211366,-13.876876101059121,0.17342227328243087,28.221608616699022,0.14061266341965883,0.9707175730396902
100,1115024,T,2202,1,n100_i1115024_T_a2202,GW-REFERENCE,-0.04317468980864869,0.01751173212708275,-4.542794601597233,0.004690464815965731,0.7897574123989218,0.05426356589147287,0.735493846507449,1.7857142857142905,-2.6211069211768523,-7.287102277209289,6.3951055590883765,8.117997888558403,0.17538294522405584,0.6028645113751496
100,1115024,T,2202,1,n100_i1115024_T_a2202,GW-LEGACY,0.01622168903541754,0.027051405337867138,1.8206100073389297,0.01573378741480974,0.7228260869565217,0.007751937984496124,0.7150741489720256,0.9226713532513142,-0.6340540975419806,-6.705338722993071,8.662622321681246,10.094262365228923,0.151607871100019,1.0301256171597453
100,1115024,T,2202,1,n100_i1115024_T_a2202,GW-W,-0.1315239397221133,-0.026176289947852545,-12.661768332097001,-0.01939355780112114,0.12103174603174603,0.8449612403100775,-0.7239294942783314,1.9991308126901308,-3.5085947095430114,8.327075300335519,8.474503372001706,-14.137512738324244,0.010995207680360164,0.05940804412005507
100,1115024,T,2202,1,n100_i1115024_T_a2202,REFERENCE-LEGACY,0.05939637884406623,0.009539673210784388,6.666238114113732,0.01104332259884401,0.4945652173913043,0.11320754716981132,0.38135767022149303,-0.8787346221441172,1.9363003218832109,0.6274893445307628,2.131222813941913,1.8278774258357444,-0.023775074124036868,0.42726110578459564
100,1115025,H,1101,0,n100_i1115025_H_a1101,W-REFERENCE,0.023694081340980944,0.007561333886354188,2.9871924352098844,0.012192131199825956,0.30319148936170215,0.3952380952380952,-0.09204660587639307,-0.6234413965087171,1.6371072889317717,26.06352960975775,15.960027019968415,-8.170537400217393,0.13831326342420622,-0.06577838694094007
100,1115025,H,1101,0,n100_i1115025_H_a1101,W-LEGACY,0.011755056290883914,0.0045634235074361595,1.4600232698279703,0.006805895970465423,0.656140350877193,0.21904761904761905,0.437092731829574,-0.08267879288963442,0.5038725377723874,70.18528266258662,104.83613060483341,-19.481139321809493,0.5072870029610311,0.9142001710863985
100,1115025,H,1101,0,n100_i1115025_H_a1101,GW-REFERENCE,0.007404625013527011,0.007193784984888221,0.9335259513824967,0.014988071560055813,0.26595744680851063,0.3898916967509025,-0.12393424994239188,-0.41562759767248547,1.0962867706156731,20.41886041415413,7.470564793594003,-17.12389880449753,-0.21371769330626594,-0.1866298015206871
100,1115025,H,1101,0,n100_i1115025_H_a1101,GW-LEGACY,-0.004534400036570019,0.004195874605970193,-0.5631899502884674,0.00960183633069528,0.7052631578947368,0.3176895306859206,0.3875736272088162,0.12401818933444053,-0.043178750995909176,62.56500084464645,89.84002687792602,-27.331718418135676,0.15525604623055894,0.7933487565066515
100,1115025,H,1101,0,n100_i1115025_H_a1101,GW-W,-0.016289456327453933,-0.00036754890146596664,-1.9940989119781594,0.0027959403602298566,0.3952380952380952,0.6064981949458483,-0.2112600997077531,0.20652622883106098,-0.549821689267227,-4.477638547070084,-7.3210247052741035,-9.74998780435129,-0.35203095673047213,-0.12085141457974702
100,1115025,H,1101,0,n100_i1115025_H_a1101,REFERENCE-LEGACY,-0.01193902505009703,-0.0029979103789180284,-1.4828728983389605,-0.005386235229360534,0.3894736842105263,0.30319148936170215,0.08628219484882416,0.5374121537825571,-1.1520957954013866,34.99961740672512,76.64374170037098,-12.316964078170356,0.3689737395368249,0.9799785580273386
100,1115025,H,2202,0,n100_i1115025_H_a2202,W-REFERENCE,0.05526195085136065,-0.00994954779192457,6.97572055003981,-0.005482717029870507,0.5151515151515151,0.6794871794871795,-0.16433566433566438,2.150101419878292,3.4811554953735224,4.813443833065056,30.084637300436267,24.114742906628585,0.22674282225861606,0.7528072210969303
100,1115025,H,2202,0,n100_i1115025_H_a2202,W-LEGACY,-0.13645983280655838,-0.04713445167202274,-13.868912471243,-0.05935645483587469,0.1991869918699187,0.8162393162393162,-0.6170523243693975,2.150101419878292,-8.099398113773848,3.866152262932765,7.152662939787735,12.03644812220408,0.1682593797238216,0.9210536665945606
100,1115025,H,2202,0,n100_i1115025_H_a2202,GW-REFERENCE,0.01267074730486728,-0.019441289684290847,1.5994294627177164,-0.023413549352703816,0.5151515151515151,0.4674922600619195,0.04765925508959562,2.4746450304259593,1.0980873392011037,-3.535129019099048,6.974103277628019,11.499692932476414,0.030663702418669975,0.5642180094786728
100,1115025,H,2202,0,n100_i1115025_H_a2202,GW-LEGACY,-0.17905103635305175,-0.05662619356438901,-18.197612440182297,-0.077287287158708,0.21138211382113822,0.4674922600619195,-0.2561101462407813,2.4746450304259593,-10.768392284482054,-4.406967170316046,-11.883829869007323,0.6490387066170111,-0.027819740116124484,0.7324644549763031
100,1115025,H,2202,0,n100_i1115025_H_a2202,GW-W,-0.04259120354649337,-0.009491741892366276,-5.025711497598417,-0.01793083232283331,0.7136752136752137,0.7368421052631579,-0.02316689158794416,0.3316749585406287,-2.469018530426137,-7.965173690371974,-17.76576735147706,-10.164022161043707,-0.19607911983994608,-0.18858921161825748
100,1115025,H,2202,0,n100_i1115025_H_a2202,REFERENCE-LEGACY,-0.19172178365791903,-0.037184903880098166,-19.48538688415037,-0.053873737806004185,0.6463414634146342,0.09090909090909091,0.5554323725055432,-0.0,-11.998230675660725,-0.903788231251168,-17.628503131915664,-9.731555254085311,-0.058483442534794455,0.16824644549763024
100,1115025,T,1101,0,n100_i1115025_T_a1101,W-REFERENCE,0.043815943456191775,0.037486771766274185,4.617411233088831,-0.0010837922943751008,0.6996587030716723,0.15841584158415842,0.5412428614875139,-0.04132231404958553,-2.270650876806446,-1.623058613445949,5.862419468885904,10.6377734265517,0.16322506620174868,0.7704643458627136
100,1115025,T,1101,0,n100_i1115025_T_a1101,W-LEGACY,0.1988837049503025,0.12132880587019235,25.052711206127597,0.07932007352233889,0.9439775910364145,0.0024752475247524753,0.9415023435116621,-0.0,-0.2591842331065797,5.526650149382406,-8.403390913467856,11.92986024914562,0.2378656677543391,1.084582485787305
100,1115025,T,1101,0,n100_i1115025_T_a1101,GW-REFERENCE,0.04219844619308544,0.04111644658873402,4.446956155712156,-0.0028897084462578965,0.6348122866894198,0.016494845360824743,0.618317441328595,-0.04132231404958553,-2.4222431597366034,-2.2017704326700027,3.471250489042599,2.102026105238286,0.09812745176290454,0.7753502863859403
100,1115025,T,1101,0,n100_i1115025_T_a1101,GW-LEGACY,0.19726620768719616,0.12495848069265218,24.848960517656504,0.0775141573704561,0.9187675070028011,0.008247422680412371,0.9105200843223887,-0.0,-0.4077949879253806,4.90587948072938,-10.472330688369958,3.294427926107346,0.17276805331549494,1.0894684263105316
100,1115025,T,1101,0,n100_i1115025_T_a1101,GW-W,-0.0016174972631063378,0.0036296748224598323,-0.16293184410471895,-0.0018059161518827957,0.7995049504950495,0.20412371134020618,0.5953812391548434,-0.0,-0.1482265749073619,-0.588259617617215,-2.2587514925880625,-7.715038957268949,-0.06509761443884415,0.004885940523226662
100,1115025,T,1101,0,n100_i1115025_T_a1101,REFERENCE-LEGACY,0.15506776149411072,0.08384203410391816,19.53336421937326,0.08040386581671399,0.84593837535014,0.21843003412969283,0.6275083412204472,0.041305245766209975,1.9668073161310362,7.267667262326127,-13.475802323360508,1.167853240874983,0.07464060155259042,0.31411813992459137
100,1115025,T,2202,0,n100_i1115025_T_a2202,W-REFERENCE,-0.07252671310023862,-0.053175047074728386,-7.601794944976814,-0.026016800237987928,0.11627906976744186,0.8421052631578947,-0.7258261933904528,-0.5301794453507425,0.11787510957983471,15.183306874022318,13.929903266980359,5.309559686352938,0.21573686832984662,0.6824117426980454
100,1115025,T,2202,0,n100_i1115025_T_a2202,W-LEGACY,0.0007949867562216939,0.008379742474992347,0.09026228868049824,0.012458412227279073,0.487012987012987,0.631578947368421,-0.144565960355434,-1.3569078947368363,0.7393588725250644,27.325901045935417,5.6614959201651605,-15.300455155429182,0.15164491309950703,0.5685741509955413
100,1115025,T,2202,0,n100_i1115025_T_a2202,GW-REFERENCE,-0.044168630727213,-0.06544866736268184,-4.629478704275803,-0.08173862747246491,0.09302325581395349,0.8953488372093024,-0.8023255813953489,0.6525285481239762,1.949393997278781,-15.960215018108014,-36.22749765407997,52.84578788993868,0.15707200942307806,0.8813472320935007
100,1115025,T,2202,0,n100_i1115025_T_a2202,GW-LEGACY,0.02915306912924731,-0.003893877812961105,3.310020853898399,-0.04326341500719791,0.42857142857142855,0.6162790697674418,-0.1877076411960133,-0.164473684210531,2.5594817346440535,-7.100762802119409,-40.85575601120453,22.932511580572946,0.09298005419273847,0.7675096403909967
100,1115025,T,2202,0,n100_i1115025_T_a2202,GW-W,0.028358082373025617,-0.012273620287953452,3.21685495830899,-0.05572182723447698,0.39473684210526316,0.8023255813953488,-0.40758873929008566,1.17647058823529,1.8336803404095492,-27.038225188474975,-44.024790228709996,45.13951852534996,-0.05866485890676856,0.19893548939545536
100,1115025,T,2202,0,n100_i1115025_T_a2202,REFERENCE-LEGACY,0.07332169985646031,0.06155478954972073,8.324898983780793,0.038475212465267,0.8051948051948052,0.011627906976744186,0.793566898218061,-0.8223684210526327,0.6222172021540961,10.541973920920377,-7.257451388718572,-19.570886919635445,-0.06409195523033959,-0.11383759170250407
100,1115026,H,1101,1,n100_i1115026_H_a1101,W-REFERENCE,0.12419211330412494,0.03393209984060107,14.815323696851678,0.037245258831413365,0.855072463768116,0.2905405405405405,0.5645319232275754,1.0152284263959421,5.652497843306403,13.61779174379707,4.339265660944758,-6.688174400156299,0.05422437531955393,0.792534129692833
100,1115026,H,1101,1,n100_i1115026_H_a1101,W-LEGACY,0.21517629692660334,0.05753030976973375,28.794455419970475,0.05653748893847372,1.0,0.0,1.0,1.0152284263959421,9.10681598857076,50.17181424609183,27.523600731754726,-17.514816998248193,-0.0008850249599690226,0.4259018982878744
100,1115026,H,1101,1,n100_i1115026_H_a1101,GW-REFERENCE,0.0962462798078193,0.02450144549628924,11.481564747020379,0.028290925723758936,0.5579710144927537,0.3296296296296296,0.22834138486312405,-0.10877447425670095,3.9196569253035385,17.667665637001463,1.160820902052051,-14.54371693503581,0.06995753711030814,0.9546450151057402
100,1115026,H,1101,1,n100_i1115026_H_a1101,GW-LEGACY,0.1872304634302977,0.04809965542542191,25.05480068905106,0.04758315583081929,0.7983870967741935,0.14074074074074075,0.6576463560334528,-0.10877447425670095,7.437419080097396,55.52464588166699,23.638900970706956,-24.458908590093188,0.014848136830785189,0.5880127837007816
100,1115026,H,1101,1,n100_i1115026_H_a1101,GW-W,-0.02794583349630564,-0.009430654344311833,-2.9035836354330713,-0.008954333107654429,0.4527027027027027,0.5555555555555556,-0.1028528528528529,-1.1355311355311315,-1.8366579701547758,3.564471577071915,-3.046259467860546,-8.418592696457406,0.01573316179075421,0.1621108854129072
100,1115026,H,1101,1,n100_i1115026_H_a1101,REFERENCE-LEGACY,0.0909841836224784,0.023598209929132676,12.175318827674996,0.019292230107060354,0.782258064516129,0.2028985507246377,0.5793595137914913,-0.0,3.6612714341153096,32.172797887783645,22.22014399272132,-11.602647926448906,-0.055109400279522956,-0.3666322314049586
100,1115026,H,2202,1,n100_i1115026_H_a2202,W-REFERENCE,0.022334855795547948,-0.015900388680564564,2.7859620016657205,-0.005155343550074784,0.3191489361702128,0.6892857142857143,-0.3701367781155015,-0.0,2.8050194164062847,1.539665978888194,14.135517345960057,15.618809725782047,0.10499431648199894,0.5724214659685867
100,1115026,H,2202,1,n100_i1115026_H_a2202,W-LEGACY,-0.06483780495270519,-0.03349957667596848,-7.294445603803812,-0.02928958402449565,0.04433497536945813,0.8642857142857143,-0.8199507389162561,0.6293965198074791,-1.1543948525344572,-1.6436907396163214,-17.046666981240165,14.438898779429831,0.015414021081777956,0.4770067264573994
100,1115026,H,2202,1,n100_i1115026_H_a2202,GW-REFERENCE,0.04442445532031025,0.0024230579671992644,5.5413317014453956,0.01098082200552565,0.44680851063829785,0.28735632183908044,0.1594521887992174,-0.0,2.8050194164062847,1.8085248864697423,12.200326198779866,1.4990741832395793,0.11852952765624329,0.7529042985866123
100,1115026,H,2202,1,n100_i1115026_H_a2202,GW-LEGACY,-0.04274820542794289,-0.01517613002820465,-4.809300058535526,-0.013153418468895214,0.3842364532019704,0.4099616858237548,-0.02572523262178439,0.6293965198074791,-1.1543948525344572,-1.3832607922990237,-18.453157786380213,0.46325770184301174,0.028949232256022302,0.6574895590754251
100,1115026,H,2202,1,n100_i1115026_H_a2202,GW-W,0.022089599524762304,0.01832344664776383,2.6806867845776683,0.016136165555600435,0.6928571428571428,0.19157088122605365,0.5012862616310891,-0.0,-0.0,0.2647821469468292,-1.695520546259377,-12.212316988931837,0.013535211174244346,0.18048283261802567
100,1115026,H,2202,1,n100_i1115026_H_a2202,REFERENCE-LEGACY,-0.08717266074825314,-0.017599187995403914,-9.80718320786469,-0.024134240474420865,0.3054187192118227,0.35638297872340424,-0.05096425951158157,0.6293965198074791,-4.073681835385923,-3.1350868528230103,-27.320316280411518,-1.020518157167194,-0.089580295400221,-0.09541473951118729
100,1115026,T,1101,1,n100_i1115026_T_a1101,W-REFERENCE,0.03441632850300114,0.004508564564046039,4.383831464654575,0.004455423528710929,0.36597938144329895,0.21122112211221122,0.15475825933108772,1.7416545718432541,0.3156767114694703,1.0819972562426283,-11.294104009135763,26.976929312072695,0.12577291437972168,0.7686891961085509
100,1115026,T,1101,1,n100_i1115026_T_a1101,W-LEGACY,-0.0313829667111124,-0.029152148740673886,-3.6883235850294627,-0.027143462692654226,0.3436293436293436,0.8151815181518152,-0.47155217452247156,-0.0,0.767093986391687,-1.7671581326362484,-6.778091839540257,24.479838549012236,0.0732295344569501,0.38202614379084965
100,1115026,T,1101,1,n100_i1115026_T_a1101,GW-REFERENCE,0.0031899996417980025,-0.005879918072000681,0.4063309891039424,-0.006287749455368884,0.3170103092783505,0.24752475247524752,0.06948555680310298,1.7416545718432541,-0.1547955006315771,1.2596253325154017,-10.043665242071976,12.48161192791235,0.05651202552910571,0.6041592815786363
100,1115026,T,1101,1,n100_i1115026_T_a1101,GW-LEGACY,-0.06260929557231554,-0.039540631376720606,-7.358238104993575,-0.03788663567673404,0.5637065637065637,0.8250825082508251,-0.2613759445442614,-0.0,0.29875229268016,-1.594536783619227,-5.463993305261283,10.269581792351069,0.003968645606334132,0.21749622926093504
100,1115026,T,1101,1,n100_i1115026_T_a1101,GW-W,-0.031226328861203134,-0.01038848263604672,-3.810456485205216,-0.010743172984079813,0.4158415841584158,0.7953795379537953,-0.3795379537953795,-0.0,-0.4719620864950702,0.17572671800547557,1.4096456082159037,-11.415709501475678,-0.06926088885061596,-0.1645299145299146
100,1115026,T,1101,1,n100_i1115026_T_a1101,REFERENCE-LEGACY,-0.06579929521411354,-0.033660713304719925,-7.733146921721634,-0.031598886221365155,0.3166023166023166,0.75,-0.4333976833976834,-1.7725258493352936,0.45284680683000955,-2.81865759108052,5.090994368695179,-1.966570444402016,-0.052543379922771576,-0.38666305231770126
100,1115026,T,2202,1,n100_i1115026_T_a2202,W-REFERENCE,-0.10601087157171085,-0.06748406535592227,-13.534740011406743,-0.06343723268527579,0.02,0.6621004566210046,-0.6421004566210046,-0.6721433905899854,-3.1631875955601796,0.3733407496101737,-5.9696963871744835,8.911865761588423,-0.11623319080000302,-0.07909082889823305
100,1115026,T,2202,1,n100_i1115026_T_a2202,W-LEGACY,-0.08060455555928447,-0.03696555608199524,-10.636037642848406,-0.03612018593429965,0.06578947368421052,0.634703196347032,-0.5689137226628215,0.1851166234727919,-4.987750920536871,7.735540257730444,25.068562279204198,-7.0901575733249285,0.01618395115125836,0.17251092763477405
100,1115026,T,2202,1,n100_i1115026_T_a2202,GW-REFERENCE,-0.1292514883014615,-0.09946407276657776,-16.50194234149177,-0.09470540420126616,0.025,0.9230769230769231,-0.8980769230769231,-0.5601194921583286,-1.135780062792513,-22.242894484546916,-39.19459634870005,45.856536143747405,0.20533227086174796,0.4510628202695006
100,1115026,T,2202,1,n100_i1115026_T_a2202,GW-LEGACY,-0.10384517228903511,-0.06894556349265073,-13.702713870581395,-0.06738835745029002,0.019736842105263157,0.8579881656804734,-0.8382513235752103,0.29618659755645815,-2.9244862810309913,-16.539554138360934,-19.12347273929811,24.426367092828016,0.33774941281300935,0.7026645768025077
100,1115026,T,2202,1,n100_i1115026_T_a2202,GW-W,-0.02324061672975064,-0.03198000741065549,-3.431669933654824,-0.03126817151599037,0.1963470319634703,0.7041420118343196,-0.5077949798708492,0.1112759643916883,1.9652432035309753,-22.532113672070764,-35.3342472426025,33.92162105002594,0.321565461661751,0.5301536491677337
100,1115026,T,2202,1,n100_i1115026_T_a2202,REFERENCE-LEGACY,0.025406316012426378,0.03051850927392704,3.352447409446002,0.027317046750976147,0.7960526315789473,0.04,0.7560526315789473,0.8515364679748227,-1.7686186007839444,7.334815652381144,33.00878277941148,-14.692635391943709,0.13241714195126136,0.2516017565330071
100,1115027,H,1101,0,n100_i1115027_H_a1101,W-REFERENCE,0.038927941178773295,0.023975645773026893,4.589323391816369,0.027418970538342045,0.8982035928143712,0.0859106529209622,0.812292939893409,1.744421906693716,0.20958918765334733,-4.436576733111519,15.190283771114954,5.0941884592556885,0.6281901686598116,1.0742415109503718
100,1115027,H,1101,0,n100_i1115027_H_a1101,W-LEGACY,0.11892555396304771,0.0784792283711886,15.48044763773646,0.07323655080821939,0.9680851063829787,0.020618556701030927,0.9474665496819478,1.8638573743922193,1.0794937906070445,24.129500027596883,32.07829760457641,-14.722195825386365,0.5934090833572099,1.11056082193336
100,1115027,H,1101,0,n100_i1115027_H_a1101,GW-REFERENCE,0.027166605886375317,0.01747071674276287,3.2027468213135846,0.014949155196124324,0.8562874251497006,0.1222707423580786,0.734016682791622,1.9878296146044638,0.25764562063830265,-4.954731390545952,22.234862822716895,-4.634707922077452,0.22650221276789023,0.5174603174603172
100,1115027,H,1101,0,n100_i1115027_H_a1101,GW-LEGACY,0.10716421867064974,0.07197429934092459,13.949483693684517,0.06076673546600166,0.8723404255319149,0.28820960698689957,0.5841308185450154,2.1069692058346856,1.1271313004518446,23.45645717955367,40.155680331797036,-22.61662778785485,0.1917211274652885,0.5537796284433054
100,1115027,H,1101,0,n100_i1115027_H_a1101,GW-W,-0.011761335292397979,-0.0065049290302640235,-1.3257343345728811,-0.012469815342217722,0.20962199312714777,0.7903930131004366,-0.5807710199732888,0.24772914946324942,0.04815736561635253,-0.5422102303590859,6.1156017859975265,-9.257311487880205,-0.4016879558919214,-0.5567811934900546
100,1115027,H,1101,0,n100_i1115027_H_a1101,REFERENCE-LEGACY,0.07999761278427442,0.054503582598161716,10.413227557768368,0.04581758026987734,0.851063829787234,0.47305389221556887,0.3780099375716652,0.12155591572122759,0.8717316582547485,29.892270268436683,14.660970769911664,-18.855832634670122,-0.03478108530260175,0.03631931098298824
100,1115027,H,2202,0,n100_i1115027_H_a2202,W-REFERENCE,0.06996807272838323,0.03473500380299549,8.894333109970077,0.03416300204482252,0.92,0.03015075376884422,0.8898492462311558,0.4412354592860046,3.4227360635878834,4.991491430400141,3.9495306840027666,7.199704845904886,0.28647373744646054,0.38436721129880924
100,1115027,H,2202,0,n100_i1115027_H_a2202,W-LEGACY,-0.03439939557457694,-0.008191475606201926,-3.860647964850794,-0.006557918998989373,0.2217741935483871,0.4271356783919598,-0.20536148484357272,0.4412354592860046,-0.11713471593912672,5.439150752890898,39.14286619922962,20.280678711361855,0.40637906068230384,0.4712610240078394
100,1115027,H,2202,0,n100_i1115027_H_a2202,GW-REFERENCE,0.018624355758798505,0.007107355187683684,2.3675258959954926,0.007502249199815986,0.56,0.1638888888888889,0.3961111111111112,-0.0,3.8254734023335346,0.9424143471745694,3.7039234821238054,2.388268381572156,0.241921225287551,0.4432869565217388
100,1115027,H,2202,0,n100_i1115027_H_a2202,GW-LEGACY,-0.08574311254416167,-0.03581912422151373,-9.622958991414244,-0.033218671843995906,0.1975806451612903,0.5694444444444444,-0.3718637992831541,-0.0,0.30036425591914995,1.372809345870185,38.81410579209994,14.882129859586325,0.3618265485233943,0.530180769230769
100,1115027,H,2202,0,n100_i1115027_H_a2202,GW-W,-0.05134371696958473,-0.027627648615311806,-5.993706952025956,-0.026660752845006533,0.39195979899497485,0.6833333333333333,-0.2913735343383585,-0.4431909750201468,0.4170105077845432,-3.8565764025837668,-0.23627543122402006,-4.488292641522618,-0.04455251215890951,0.05891974522292953
100,1115027,H,2202,0,n100_i1115027_H_a2202,REFERENCE-LEGACY,-0.10436746830296018,-0.042926479409197416,-11.71317249533994,-0.04072092104381189,0.10483870967741936,0.752,-0.6471612903225806,-0.0,-3.665325186534285,0.426376762908931,33.85617547635826,12.202434590897738,0.11990532323584331,0.08689381270903018
100,1115027,T,1101,0,n100_i1115027_T_a1101,W-REFERENCE,-0.12075687806549118,-0.05594084921599384,-12.78278285419151,-0.04948391722574916,0.5048076923076923,0.5980392156862745,-0.0932315233785822,1.7699115044247815,-3.575647076522004,5.60225494941462,1.1170002311656324,3.6339259056665796,-0.04632598283745154,1.1449576583378054
100,1115027,T,1101,0,n100_i1115027_T_a1101,W-LEGACY,-0.02771312135605264,0.03278096455821239,-3.2540885981824808,0.03433216558575167,0.8263888888888888,0.1568627450980392,0.6695261437908496,1.253538212697125,-3.094490428587515,14.986981750933094,39.18473220017589,17.984748585097464,0.25926745476959623,1.0911129229514878
100,1115027,T,1101,0,n100_i1115027_T_a1101,GW-REFERENCE,-0.11899058266152085,-0.05096958801377382,-12.595810725009237,-0.044065602257654046,0.5048076923076923,0.75,-0.2451923076923077,2.574416733708773,-3.575647076522004,5.461656046039165,0.9263875280843603,-6.360069641951139,-0.07841865966192385,1.1185040675615734
100,1115027,T,1101,0,n100_i1115027_T_a1101,GW-LEGACY,-0.02594682595208231,0.03775222576043241,-3.046689306661432,0.03975048055384678,0.9027777777777778,0.17592592592592593,0.7268518518518519,2.0622725434694678,-3.094490428587515,14.833888016861053,38.92235912767901,6.606823434219966,0.2271747779451239,1.0646593321752558
100,1115027,T,1101,0,n100_i1115027_T_a1101,GW-W,0.0017662954039703305,0.004971261202220023,0.21437525215886044,0.0054183149680951115,0.7647058823529411,0.3425925925925926,0.4221132897603485,0.8190008190008147,-0.0,-0.13314005789251127,-0.18850707857780424,-9.643555872538123,-0.03209267682447231,-0.026453590776231994
100,1115027,T,1101,0,n100_i1115027_T_a1101,REFERENCE-LEGACY,0.09304375670943854,0.08872181377420624,10.925244542117296,0.08381608281150082,0.5694444444444444,0.6057692307692307,-0.03632478632478631,-0.5256773150020155,0.4645461182385957,8.88686212809937,37.64721251815504,13.847610764542306,0.30559343760704777,-0.05384473538631762
100,1115027,T,2202,0,n100_i1115027_T_a2202,W-REFERENCE,0.026009201237587987,0.0432591578794274,3.2136366410355333,0.04370658669414927,0.8711656441717791,0.05652173913043478,0.8146439050413443,0.32375556454876664,-1.2132379757933354,-2.457691762300329,-6.743380456278403,27.609354741597514,0.5214835614847173,0.93006993006993
100,1115027,T,2202,0,n100_i1115027_T_a2202,W-LEGACY,-0.08120961742345101,-0.02175655274780422,-8.86028712655299,-0.02105843957128925,0.16,0.43043478260869567,-0.2704347826086957,-0.3667481662591676,-2.9484886956052003,-8.09691607133397,2.176842385905231,20.904199440047645,0.6048765135915095,0.9792438508373844
100,1115027,T,2202,0,n100_i1115027_T_a2202,GW-REFERENCE,0.070899163609208,0.0706142142164099,8.760136380660866,0.07060453597153879,0.8895705521472392,0.05116279069767442,0.8384077614495649,1.497369486038036,-0.26538695507154486,-0.024485362792259213,2.0164296802102744,16.150067434835936,0.3168599859199231,1.1525739191895394
100,1115027,T,2202,0,n100_i1115027_T_a2202,GW-LEGACY,-0.03631965505183099,0.005598503589178273,-3.9626165262989677,0.005839509706100275,0.236,0.35348837209302325,-0.11748837209302326,0.8149959250203787,-1.9843872396747786,-5.804380903878004,11.774549701757842,10.047033358587342,0.4002529380267153,1.2017478399569939
100,1115027,T,2202,0,n100_i1115027_T_a2202,GW-W,0.04488996237162002,0.027355056336982493,5.373805167737067,0.026897949277389525,0.8043478260869565,0.12558139534883722,0.6787664307381194,1.1774259033698775,0.9364891783706031,2.4945138611838225,9.393231471768937,-8.979974336494411,-0.2046235755647942,0.22250398911960945
100,1115027,T,2202,0,n100_i1115027_T_a2202,REFERENCE-LEGACY,-0.107218818661039,-0.06501571062723162,-11.697992785178336,-0.06476502626543852,0.028,0.9079754601226994,-0.8799754601226993,-0.6927465362673191,-1.714450357004571,-5.781311116086663,9.565243610402984,-5.254438685257423,0.0833929521067922,0.049173920767454415
100,1115028,H,1101,1,n100_i1115028_H_a1101,W-REFERENCE,-0.03354057287439027,-0.029424347412136075,-3.5294269623069585,-0.031631631998328,0.1388888888888889,0.6666666666666666,-0.5277777777777777,-1.0224948875255713,0.09365676074936102,23.23917362820125,12.136722774277619,-1.8877171853078134,0.0764495609837209,1.0757084144494917
100,1115028,H,1101,1,n100_i1115028_H_a1101,W-LEGACY,0.05574012160634012,0.013359382018851382,6.47364529305432,0.01610993096233354,0.3916083916083916,0.5072463768115942,-0.11563798520320262,0.6436041834271933,2.980765044452005,56.06574488158318,21.497311795678197,-7.484645593996064,0.2570700820589896,0.8786069651741295
100,1115028,H,1101,1,n100_i1115028_H_a1101,GW-REFERENCE,-0.005966513140119534,-0.0158124557850586,-0.6278477242043667,-0.015452711956881075,0.2569444444444444,0.5854922279792746,-0.32854778353483016,-1.186094069529653,0.9257627825338455,16.049577461360375,31.058663619882253,-11.942225119919192,0.019261405925301463,0.6517812522310273
100,1115028,H,1101,1,n100_i1115028_H_a1101,GW-LEGACY,0.08331418134061086,0.026971273645928856,9.676090441449126,0.03228885100378046,0.46153846153846156,0.32124352331606215,0.1402949382223994,0.48270313757039496,3.788824743345265,46.961093753680515,41.99875761843015,-16.965582519145816,0.1998819270005702,0.4546798029556651
100,1115028,H,1101,1,n100_i1115028_H_a1101,GW-W,0.02757405973427074,0.013611891627077474,3.007735049908833,0.01617892004144692,0.43478260869565216,0.2538860103626943,0.18089659833295785,-0.16194331983805377,0.8328860759039047,-5.833856196188936,16.873991300506464,-10.247960445076643,-0.05718815505841943,-0.4239271622184644
100,1115028,H,1101,1,n100_i1115028_H_a1101,REFERENCE-LEGACY,0.0892806944807304,0.04278372943098746,10.369039946982461,0.04774156296066154,0.5524475524475524,0.3194444444444444,0.23300310800310797,1.6492357200321828,2.8898147906271987,26.636474658955468,8.34747867586849,-5.7046154142181615,0.18062052107526874,-0.19710144927536222
100,1115028,H,2202,1,n100_i1115028_H_a2202,W-REFERENCE,0.05716366897058012,0.03893090418509616,7.1437177484564796,0.03462404658382996,0.9611307420494699,0.026785714285714284,0.9343450277637556,0.31885213232363263,1.695895028624761,-7.930949032157186,-25.278829800410072,37.61333240168807,0.27297615065381825,0.7428451178451179
100,1115028,H,2202,1,n100_i1115028_H_a2202,W-LEGACY,-0.04004323303356094,-0.016110875615051742,-4.46212950792475,-0.02211297654582764,0.29699248120300753,0.24107142857142858,0.055921052631578955,0.31885213232363263,-1.6345399166168617,-7.669946042516573,-11.024798579571815,41.060984382991414,0.18920076808544944,0.6615376612567623
100,1115028,H,2202,1,n100_i1115028_H_a2202,GW-REFERENCE,0.04168740248141756,0.02685797782875589,5.209655754371179,0.030375950001048535,0.6643109540636042,0.23482849604221637,0.42948245802138785,1.0362694300518172,1.457007145742506,-13.968832959021826,-8.428450867400173,20.361760497320635,0.1736205230686046,0.8627787307032591
100,1115028,H,2202,1,n100_i1115028_H_a2202,GW-LEGACY,-0.0555194995227235,-0.028183801971392017,-6.186693189281889,-0.026361073128609067,0.03007518796992481,0.5778364116094987,-0.5477612236395739,1.0362694300518172,-1.8815210582025843,-13.724946532867522,9.040008429878954,23.37720569299744,0.08984514050023579,0.7814712741149035
100,1115028,H,2202,1,n100_i1115028_H_a2202,GW-W,-0.01547626648916256,-0.012072926356340274,-1.805110028593515,-0.004248096582781427,0.375,0.662269129287599,-0.28726912928759896,0.7197121151539365,-0.24300906147491919,-6.557995182304543,22.551010494081346,-12.536264912189433,-0.09935562758521367,0.11993361285814119
100,1115028,H,2202,1,n100_i1115028_H_a2202,REFERENCE-LEGACY,-0.09720690200414106,-0.055041779800147905,-10.832037099579207,-0.0567370231296576,0.18421052631578946,0.558303886925795,-0.37409336061000553,-0.0,-3.3878900033843085,0.2834861301348468,19.07629548997145,2.5053182864867907,-0.08377538256836882,-0.08130745658835559
100,1115028,T,1101,1,n100_i1115028_T_a1101,W-REFERENCE,0.0729512072949372,0.030414552323799936,7.380971476822373,0.0235227070197302,0.6336633663366337,0.2774566473988439,0.35620671893778977,-0.0,1.345400176866396,0.17982284393158743,54.44729465210867,12.650822755699508,0.15379450137689477,0.423025572558283
100,1115028,T,1101,1,n100_i1115028_T_a1101,W-LEGACY,0.10942271319541341,0.04111629269836263,11.495224583187946,0.030915852235352682,0.8871595330739299,0.08092485549132948,0.8062346775826005,-0.9720534629404698,2.638771231387582,13.485440429661,96.33169118258841,14.232066966158573,0.20254957824111347,0.9269348053194795
100,1115028,T,1101,1,n100_i1115028_T_a1101,GW-REFERENCE,0.05148208312911029,0.018968281739644002,5.208793675025758,0.018124302687483884,0.6237623762376238,0.11042183622828784,0.5133405400093359,-0.0,1.1766136092231427,1.1984205362648659,26.287619704035436,9.433601327646501,0.1087810647322069,0.47186248958865074
100,1115028,T,1101,1,n100_i1115028_T_a1101,GW-LEGACY,0.0879535890295865,0.029670022114206697,9.239820776395181,0.025517447903106366,0.8715953307392996,0.07692307692307693,0.7946722538162228,-0.9720534629404698,2.4721974714732475,14.639325557958372,60.53542412488182,10.969686411590306,0.1575361415964256,0.9757717223498472
100,1115028,T,1101,1,n100_i1115028_T_a1101,GW-W,-0.021469124165826914,-0.011446270584155935,-2.0228703204324017,-0.005398404332246316,0.06936416184971098,0.9230769230769231,-0.8537127612272122,-0.0,-0.1710883911605121,1.0167693088458885,-18.232546585877518,-2.855923595897769,-0.04501343664468785,0.048836917030367744
100,1115028,T,1101,1,n100_i1115028_T_a1101,REFERENCE-LEGACY,0.03647150590047621,0.010701740374562695,3.831454539646817,0.007393145215622482,0.3346303501945525,0.4801980198019802,-0.14556766960742767,-0.9720534629404698,1.3110093769980513,13.281733993938083,27.118892969167273,1.4036685856154252,0.048755076864218705,0.5039092327611965
100,1115028,T,2202,1,n100_i1115028_T_a2202,W-REFERENCE,0.07135737545983845,0.04601107092792624,8.45196013966718,0.03312310050885815,0.832579185520362,0.07614213197969544,0.7564370535406666,1.0714285714285676,1.26318959278362,-0.006505628478115089,-11.615937034451807,9.074045209027414,0.012286314053396377,0.08112652374947471
100,1115028,T,2202,1,n100_i1115028_T_a2202,W-LEGACY,0.1650618337166443,0.09071931226679697,21.9916575413303,0.07854482916220626,0.6323529411764706,0.025380710659898477,0.6069722305165721,1.0714285714285676,4.056808010373903,-5.065497581549316,-23.122340897420823,-4.125051763505705,-0.43925817971312225,-0.5026049621559245
100,1115028,T,2202,1,n100_i1115028_T_a2202,GW-REFERENCE,0.05101654036255665,0.021508745612041316,6.042679720623045,0.012068836942236122,0.45248868778280543,0.2463768115942029,0.20611187618860252,1.3095238095238049,1.3245522267747,-1.5187504708109478,-10.129990642039166,-7.107282878647192,-0.04983796278236266,0.095494215546986
100,1115028,T,2202,1,n100_i1115028_T_a2202,GW-LEGACY,0.1447209986193625,0.06621698695091205,19.281590232057553,0.05749056559558423,0.5980392156862745,0.014492753623188406,0.5835464620630861,1.3095238095238049,4.1164344754147875,-6.501233101585536,-21.82984453136062,-18.3482704020965,-0.5013824565488813,-0.48823727035841324
100,1115028,T,2202,1,n100_i1115028_T_a2202,GW-W,-0.020340835097281795,-0.02450232531588492,-2.2215185561804462,-0.02105426356662203,0.08121827411167512,0.9420289855072463,-0.8608107113955712,0.24067388688326918,0.062147676978829836,-1.5123432297646677,1.6812379319921744,-14.835177384926922,-0.06212427683575904,0.014367691797511295
100,1115028,T,2202,1,n100_i1115028_T_a2202,REFERENCE-LEGACY,0.09370445825680584,0.04470824133887073,12.484511468696713,0.045421728653348106,0.5343137254901961,0.19909502262443438,0.3352187028657617,-0.0,2.829358580724517,-5.059321093705071,-13.018641004831565,-12.10104287160031,-0.4515444937665186,-0.5837314859053992
100,1115029,H,1101,0,n100_i1115029_H_a1101,W-REFERENCE,-0.017411619168728687,-0.013558896765856754,-1.7364424302620307,-0.009023798558893,0.5678391959798995,0.6051282051282051,-0.037289009148305574,-0.0,0.24146556329583957,21.482399765012026,3.109398022159149,16.606965880047152,0.19260797962365886,-0.055109963559120345
100,1115029,H,1101,0,n100_i1115029_H_a1101,W-LEGACY,-0.014247438146082647,0.01829913798151704,-1.425379926632897,0.010032299670141784,0.40096618357487923,0.3641025641025641,0.036863619472315146,-0.041390728476820016,-0.851257124360405,9.136962922415325,-4.130512983955792,25.049816795124237,0.38002089495262403,0.20160956043185174
100,1115029,H,1101,0,n100_i1115029_H_a1101,GW-REFERENCE,-0.0352598383743864,-0.021543290358009365,-3.5164265220910207,-0.013903419746562423,0.5577889447236181,0.7233009708737864,-0.16551202615016836,-0.0,-0.14151827885466872,20.185951059138098,0.8822042499562643,5.752161824193025,0.06268898133166009,-0.17236889547694378
100,1115029,H,1101,0,n100_i1115029_H_a1101,GW-LEGACY,-0.03209565735174036,0.01031474438936443,-3.2109987249768768,0.0051526784824723615,0.40096618357487923,0.47572815533980584,-0.0747619717649266,-0.041390728476820016,-1.238436047520164,7.97226355347409,-6.20132251754002,13.409077768196198,0.25010189666062527,0.0843506285140283
100,1115029,H,1101,0,n100_i1115029_H_a1101,GW-W,-0.01784821920565771,-0.007984393592152611,-1.8114386816961425,-0.004879621187669422,0.46153846153846156,0.4320388349514563,0.02949962658700528,-0.0,-0.3839108546582759,-1.0671905628977574,-2.1600298468663626,-9.308881312476991,-0.12991899829199877,-0.11725893191782344
100,1115029,H,1101,0,n100_i1115029_H_a1101,REFERENCE-LEGACY,0.00316418102264604,0.031858034747373795,0.3165593749324236,0.019056098229034785,0.357487922705314,0.45226130653266333,-0.09477338382734934,-0.041390728476820016,-1.0953676232579257,-10.162325461529365,-7.021582072042564,7.240434438335508,0.18741291532896517,0.2567195239909721
100,1115029,H,2202,0,n100_i1115029_H_a2202,W-REFERENCE,0.00038824016308181,0.03387393934034239,0.04044358719550445,0.02087636665805709,0.8333333333333334,0.0,0.8333333333333334,1.1134020618556728,-1.5725721638642387,-16.817319955706566,-15.60434672626343,9.25340085060089,0.16192629209485168,0.8033946251768036
100,1115029,H,2202,0,n100_i1115029_H_a2202,W-LEGACY,0.09355689505112641,0.07376604845465867,10.793538157282011,0.05940468795616795,1.0,0.0,1.0,0.5391953546246331,0.3476900720177811,-10.563895804286638,-14.366098277452021,15.569900404532255,0.23889972373451845,0.7359659310878823
100,1115029,H,2202,0,n100_i1115029_H_a2202,GW-REFERENCE,0.07771671941579117,0.061117322582700535,8.095872650811287,0.04161622711865197,0.9375,0.0,0.9375,0.7010309278350557,-0.14511427970467228,-15.770931318389913,-17.02152314287291,2.1234721955361913,0.3453081534837523,1.1706136130854468
100,1115029,H,2202,0,n100_i1115029_H_a2202,GW-LEGACY,0.17088537430383577,0.1010094316970168,19.71482494221215,0.08014454841676283,1.0,0.0,1.0,0.12442969722107344,1.748161404494486,-9.4388428107256,-15.804067429605206,8.027753998636511,0.4222815851234191,1.1031849189965255
100,1115029,H,2202,0,n100_i1115029_H_a2202,GW-W,0.07732847925270936,0.027243383242358143,8.052172476219255,0.02073986046059488,0.8637992831541219,0.0453257790368272,0.8184735041172947,-0.417014178482078,1.4053576214026586,1.2579405192997717,-1.6792054586186822,-6.526047335418461,0.18338186138890067,0.36721898790864316
100,1115029,H,2202,0,n100_i1115029_H_a2202,REFERENCE-LEGACY,0.0931686548880446,0.039892109114316274,10.748747391062995,0.03852832129811086,0.6666666666666666,0.4444444444444444,0.2222222222222222,-0.5806719203649946,1.8905322519391587,7.517699776071263,1.4671945778951034,5.781512982436943,0.07697343163966677,-0.06742869408892127
100,1115029,T,1101,0,n100_i1115029_T_a1101,W-REFERENCE,-0.057408469469317436,-0.03591908055222559,-6.322065925979869,-0.04225633252686058,0.2511415525114155,0.5348837209302325,-0.283742168418817,0.3309888291270213,-3.984449592410444,-12.914741181608214,-22.045703506900725,36.306345900996085,0.5973363462204114,1.2351783883873952
100,1115029,T,1101,0,n100_i1115029_T_a1101,W-LEGACY,-0.03651779823408574,-0.00390107370448603,-4.116191830777572,-0.014792667207994492,0.5570469798657718,0.3178294573643411,0.2392175225014307,0.3309888291270213,-6.881826207789632,-11.344265976209423,5.928474895208535,22.185212850357992,0.4836080993810027,0.7739038785834738
100,1115029,T,1101,0,n100_i1115029_T_a1101,GW-REFERENCE,0.00033364091980847554,-0.0013060457656041413,0.0367419635139532,-0.04785752910907205,0.3287671232876712,0.4816053511705686,-0.15283822788289736,-0.0,-2.800214540848356,-15.311895113882523,-19.904281939184642,15.1063404667517,0.2682704363112579,0.9157117392411511
100,1115029,T,1101,0,n100_i1115029_T_a1101,GW-LEGACY,0.02122431215504017,0.03071196108213542,2.392349608441191,-0.02039386379020597,0.6644295302013423,0.020066889632107024,0.6443626405692353,-0.0,-5.664594155628344,-13.784649622275047,8.838353259590326,3.181496190729116,0.1545421894718492,0.45443722943722964
100,1115029,T,1101,0,n100_i1115029_T_a1101,GW-W,0.05774211038912591,0.03461303478662145,6.787946331597561,-0.005601196582211476,0.9844961240310077,0.0033444816053511705,0.9811516424256566,-0.33208800332087396,1.1388578351897327,-2.752651786077087,2.7470218628753207,-15.553205020727844,-0.3290659099091535,-0.3194666491462441
100,1115029,T,1101,0,n100_i1115029_T_a1101,REFERENCE-LEGACY,0.020890671235231695,0.03201800684773956,2.354742466309423,0.027463665318866085,0.5302013422818792,0.2191780821917808,0.3110232600900984,-0.0,-2.7863556779269327,1.8033766296473575,35.88535803743112,-10.359850054886477,-0.11372824683940873,-0.4612745098039215
100,1115029,T,2202,0,n100_i1115029_T_a2202,W-REFERENCE,-0.049231647814927504,-0.03917019802993678,-5.653688986983463,-0.0025544957325873002,0.23770491803278687,0.49709302325581395,-0.2593881052230271,-0.0,-1.0080440095667775,-8.685072305098796,-10.570577351993926,11.427897487739136,0.03576402702063419,-0.23271279333588613
100,1115029,T,2202,0,n100_i1115029_T_a2202,W-LEGACY,0.031736077704454524,0.013448429442529275,4.018138924915204,0.010134616476391453,0.5990566037735849,0.32558139534883723,0.2734752084247477,-0.0,-3.6150800866897814,-8.827563362908819,-5.17212783021569,6.825723897162206,-0.009095313294580753,0.1443443144904526
100,1115029,T,2202,0,n100_i1115029_T_a2202,GW-REFERENCE,-0.04162868206070114,-0.0323980613831569,-4.780575742538118,-0.017150028676252968,0.09016393442622951,0.9623430962343096,-0.8721791618080801,-0.0,-0.6515415263275592,-14.033928524299387,-4.7758102904381765,5.287354353867046,0.1419775490829487,-0.021035401289168032
100,1115029,T,2202,0,n100_i1115029_T_a2202,GW-LEGACY,0.03933904345868089,0.020220566089309153,4.980758594754442,-0.004460916467274215,0.6179245283018868,0.3807531380753138,0.23717139022657302,-0.0,-3.2493762092002054,-14.168073036807483,0.9724430939390682,0.9387962947652095,0.09711820876773378,0.3560217065371707
100,1115029,T,2202,0,n100_i1115029_T_a2202,GW-W,0.007602965754226365,0.006772136646779878,0.9254344288298633,-0.014595532943665668,0.27906976744186046,0.6694560669456067,-0.3903862995037462,-0.0,0.3529446458793384,-5.857592350148977,6.479709797930755,-5.510777168300929,0.10621352206231452,0.2116773920467181
100,1115029,T,2202,0,n100_i1115029_T_a2202,REFERENCE-LEGACY,0.08096772551938203,0.052618627472466054,10.251410795027581,0.012689112208978753,0.7735849056603774,0.14754098360655737,0.6260439220538201,-0.0,-2.581018276995928,-0.15604355323601826,6.036547438113882,-4.13018076652063,-0.04485934031521494,0.3770571078263387
100,1115030,H,1101,1,n100_i1115030_H_a1101,W-REFERENCE,-0.05262741067003329,-0.042653931630340876,-5.004772337764296,-0.03629606424193435,0.0,0.9608938547486033,-0.9608938547486033,-0.24650780608053147,1.7290317793072885,-5.909020907111984,22.029276062906213,18.502849192165005,-0.10338548026577978,-0.6256704980842913
100,1115030,H,1101,1,n100_i1115030_H_a1101,W-LEGACY,-0.025418074805257485,-0.023606820195781964,-2.481421559852015,-0.019897748171914927,0.6184738955823293,0.6871508379888268,-0.06867694240649747,-0.08203445447088065,1.9140926623053334,1.3323080714656488,57.45619411895824,10.327027214307183,-0.21018564898098716,-0.30983125458547334
100,1115030,H,1101,1,n100_i1115030_H_a1101,GW-REFERENCE,-0.08418878764066795,-0.037037390711140164,-8.006202664533667,-0.03524517975807347,0.24817518248175183,0.7873303167420814,-0.5391551342603296,-0.24650780608053147,-2.235682615067791,-0.9944001500150956,-1.7976888953955772,10.719848661288767,-0.1212667595620419,-0.5913497390007458
100,1115030,H,1101,1,n100_i1115030_H_a1101,GW-LEGACY,-0.05697945177589214,-0.017990279276581252,-5.56257864486267,-0.018846863688054043,0.07630522088353414,0.6515837104072398,-0.5752784895237057,-0.08203445447088065,-2.0431555031321214,6.625162598156442,26.711906020371345,3.080996277223824,-0.22806692827724928,-0.27551049550192785
100,1115030,H,1101,1,n100_i1115030_H_a1101,GW-W,-0.03156137697063466,0.005616540919200712,-3.159559064841899,0.0010508844838608838,0.6201117318435754,0.21266968325791855,0.4074420485856568,-0.0,-4.034471692057928,5.223264551477458,-19.525613628994208,-6.56777502307585,-0.017881279296262133,0.03432075908354548
100,1115030,H,1101,1,n100_i1115030_H_a1101,REFERENCE-LEGACY,0.027209335864775808,0.01904711143455891,2.656292152785067,0.016398316070019424,0.9076305220883534,0.10948905109489052,0.7981414709934629,0.1640689089417502,0.18831694278460542,7.696092705581137,29.03149080208378,-6.899261944832958,-0.10680016871520738,0.315839243498818
100,1115030,H,2202,1,n100_i1115030_H_a2202,W-REFERENCE,0.06767397904892358,0.015626115335362588,7.14884392545887,0.016031701795985974,0.33203125,0.5254237288135594,-0.19339247881355937,-0.9128630705394158,2.722785663552818,-0.6690809265829656,6.850517851228433,29.290697895634523,0.40908645057790294,1.1801719583073154
100,1115030,H,2202,1,n100_i1115030_H_a2202,W-LEGACY,0.0904022653126626,0.061658304415468025,9.784705723257915,0.05592858152956817,0.5106382978723404,0.5480225988700564,-0.03738430099771606,-0.6622516556291425,0.8751143490097091,-11.236762601275752,18.89205419777964,20.673159557446397,0.32852193119222334,0.9566646083274521
100,1115030,H,2202,1,n100_i1115030_H_a2202,GW-REFERENCE,0.014389827123363452,0.00556315893349342,1.5200913211397271,-0.0041720153265618,0.33203125,0.4,-0.06796875000000002,-0.7468879668049766,0.6067860529342384,-4.1607531036038985,12.427619035316706,18.435100998243147,0.33091986554247504,1.3427921282770723
100,1115030,H,2202,1,n100_i1115030_H_a2202,GW-LEGACY,0.03711811338710247,0.05159534801359886,4.017485792410191,0.0357248644070204,0.4425531914893617,0.4,0.04255319148936165,-0.4966887417218624,-1.2810762951288357,-14.356960514056105,25.09766769951616,10.541114500750481,0.25035534615679544,1.119284778297209
100,1115030,H,2202,1,n100_i1115030_H_a2202,GW-W,-0.05328415192556013,-0.010062956401869168,-5.253208899047901,-0.020203717122547774,0.4745762711864407,0.65,-0.17542372881355933,0.164473684210531,-2.175226362157212,-3.515191653910088,5.219535942589859,-8.39627063205598,-0.07816658503542792,0.16262016996975692
100,1115030,H,2202,1,n100_i1115030_H_a2202,REFERENCE-LEGACY,0.022728286263739017,0.04603218908010544,2.4600002214048677,0.0398968797335822,0.6553191489361702,0.171875,0.48344414893617016,0.2483443708609312,-1.8993875669102378,-10.638864286438388,11.269516132169821,-6.665242340283695,-0.08056451938567959,-0.2235073499798632
100,1115030,T,1101,1,n100_i1115030_T_a1101,W-REFERENCE,-0.061113589473982266,-0.04874076634776042,-7.5867474380469035,-0.03560724089943344,0.0,0.9333333333333333,-0.9333333333333333,-0.08203445447088065,2.156533914551928,-3.85993609134464,-27.696428744704416,7.256708975549864,0.18303047760396055,0.8323824677046636
100,1115030,T,1101,1,n100_i1115030_T_a1101,W-LEGACY,-0.0957575643784827,-0.0631133888197749,-11.397338270605683,-0.06149814803691164,0.08045977011494253,0.8047619047619048,-0.7243021346469622,-1.413133832086455,-0.38803386558072805,0.8559196468137298,-0.7278381423834634,7.164679580271982,-0.023089959783503637,0.18361211550083523
100,1115030,T,1101,1,n100_i1115030_T_a1101,GW-REFERENCE,-0.04650768175611564,-0.039912028985846365,-5.773544615030768,-0.028411619878022584,0.15454545454545454,0.7967479674796748,-0.6422025129342203,0.1640689089417502,2.8214360646329317,0.2198562519208025,-21.63984507608452,-11.564252779434703,0.005872973883658782,0.7451347667414148
100,1115030,T,1101,1,n100_i1115030_T_a1101,GW-LEGACY,-0.08115165666061608,-0.054284651457860836,-9.658901499680638,-0.054302527015500784,0.3946360153256705,0.4986449864498645,-0.104008971124194,-1.1637572734829682,0.29416007367871755,5.135833680769575,7.587797500736926,-11.640133238712192,-0.2002474635038054,0.09636441453758637
100,1115030,T,1101,1,n100_i1115030_T_a1101,GW-W,0.014605907717866629,0.008828737361914057,1.9620593072412262,0.0071956210214108585,0.5523809523809524,0.10298102981029811,0.4493999225706543,0.24590163934425924,0.6795570278554264,4.243592293782683,8.376603760324365,-17.547584607760967,-0.17715750372030176,-0.08724770096324885
100,1115030,T,1101,1,n100_i1115030_T_a1101,REFERENCE-LEGACY,-0.03464397490450044,-0.01437262247201447,-4.123424646269413,-0.0258909071374782,0.5325670498084292,0.5121212121212121,0.020445837687217083,-1.3300083125519446,-2.6006517163961185,4.905193055248014,37.29911280190845,-0.0858029266018856,-0.2061204373874642,-0.6487703522038284
100,1115030,T,2202,1,n100_i1115030_T_a2202,W-REFERENCE,-0.15003999962342185,-0.09173399128413869,-16.188175742491474,-0.09034664855175636,0.027190332326283987,0.7987012987012987,-0.7715109663750147,-0.0,-7.171352107000817,1.2451377682247244,10.651823042646491,10.227598138339733,-0.06261807168221056,-0.12394751230180434
100,1115030,T,2202,1,n100_i1115030_T_a2202,W-LEGACY,-0.0644151800442323,-0.0430743308729955,-7.657311296996195,-0.04157784404641836,0.2857142857142857,0.6071428571428571,-0.3214285714285714,-0.0,-3.399701054798432,12.552265571256772,-24.785530909599085,21.69853415712948,0.25328610585887357,0.40503100227611655
100,1115030,T,2202,1,n100_i1115030_T_a2202,GW-REFERENCE,-0.15442148183706972,-0.0926702955312588,-16.660904376623385,-0.08858848456491895,0.03625377643504532,0.7482014388489209,-0.7119476624138755,-0.0,-7.63018278350589,-1.0335349940612581,13.230571200196394,2.4035727711009036,-0.14265675638582587,-0.0011652542372884156
100,1115030,T,2202,1,n100_i1115030_T_a2202,GW-LEGACY,-0.06879666225788017,-0.04401063512011562,-8.178157054612889,-0.03981968005958095,0.30687830687830686,0.7877697841726619,-0.480891477294355,-0.0,-3.842384233210039,10.019109041034802,-23.03265266272907,13.060294419689589,0.1732474211552582,0.5278132603406325
100,1115030,T,2202,1,n100_i1115030_T_a2202,GW-W,-0.004381482213647869,-0.000936304247120115,-0.5640357292301279,0.0017581639868374105,0.35064935064935066,0.2949640287769784,0.05568532187237224,-0.0,-0.428128102785319,-2.2506490805538126,2.3305067071113905,-7.098063914464858,-0.08003868470361532,0.12278225806451593
100,1115030,T,2202,1,n100_i1115030_T_a2202,REFERENCE-LEGACY,0.08562481957918955,0.04865966041114318,10.178592962354017,0.048768804505338006,0.4603174603174603,0.09667673716012085,0.3636407231573394,-0.0,3.5192716878636787,11.16806994615076,-32.0260009982733,10.406591645400187,0.31590417754108413,0.5289785145779209
100,1115031,H,1101,0,n100_i1115031_H_a1101,W-REFERENCE,-0.04426625323011468,-0.015129363104640206,-5.2832358297349336,-0.015081922021240354,0.28076923076923077,0.5138888888888888,-0.23311965811965807,0.8982035928143728,-2.6223405334705685,-8.155685153667436,-0.20629699522665135,19.316744012273524,0.3328125582315848,0.7463258337386491
100,1115031,H,1101,0,n100_i1115031_H_a1101,W-LEGACY,-0.0682980245574909,-0.037876432195194217,-7.924176397319293,-0.031197162416936854,0.3727598566308244,0.06944444444444445,0.3033154121863799,0.3012048192771122,-6.3371666258869475,-5.88684077238617,-6.824427949627632,20.192919937342356,0.2677874219946178,0.6712533520903854
100,1115031,H,1101,0,n100_i1115031_H_a1101,GW-REFERENCE,-0.034738033836071436,-0.014540534481782358,-4.146030251605315,-0.038421702483796324,0.5038461538461538,0.21777777777777776,0.2860683760683761,0.5988023952095856,-3.43920468276413,-10.693713279380779,-12.935483014458594,11.255905943496035,0.5488623815892651,1.0653609057095863
100,1115031,H,1101,0,n100_i1115031_H_a1101,GW-LEGACY,-0.05876980516344765,-0.03728760357233637,-6.818678958411651,-0.054536942879492824,0.14695340501792115,0.6355555555555555,-0.4886021505376344,-0.0,-7.183600440420834,-8.487566201271656,-18.70943825955478,12.072888900216583,0.48383724535229816,0.9902884240613226
100,1115031,H,1101,0,n100_i1115031_H_a1101,GW-W,0.009528219394043247,0.0005888286228578482,1.200638121552955,-0.02333978046255597,0.8703703703703703,0.5955555555555555,0.27481481481481485,-0.30211480362538623,-0.7959905660377409,-2.7634025360848913,-12.755500232938621,-6.75583140950301,0.21604982335768042,0.31903507197093717
100,1115031,H,1101,0,n100_i1115031_H_a1101,REFERENCE-LEGACY,-0.024031771327376217,-0.02274706909055401,-2.7882504123947216,-0.0161152403956965,0.12544802867383512,0.7615384615384615,-0.6360904328646264,-0.6024096385542244,-3.6198999877660842,2.470315538939283,-6.631812183664964,0.7343277193171627,-0.065025136236967,-0.07507248164826374
100,1115031,H,2202,0,n100_i1115031_H_a2202,W-REFERENCE,-0.0571739308587067,-0.038624716306864065,-7.4144314561371605,-0.07040003108346478,0.06666666666666667,0.8608534322820037,-0.7941867656153371,-0.0,-2.847081432863363,-34.628804013974836,-35.07233525373166,65.22955198569831,0.09543679545322599,0.4049908256880732
100,1115031,H,2202,0,n100_i1115031_H_a2202,W-LEGACY,-0.08155388327312751,-0.048639625625273006,-10.251943469692781,-0.042205424029629596,0.11956521739130435,0.8719851576994434,-0.7524199403081391,-0.0,-2.5037228587988736,-36.68928655370014,-31.529876360791608,53.959432861698645,0.10472843552557258,0.7980359281437126
100,1115031,H,2202,0,n100_i1115031_H_a2202,GW-REFERENCE,-0.0143956376042369,-0.010199333510372846,-1.8668555175571089,-0.01632755304815789,0.26,0.48148148148148145,-0.22148148148148145,-0.0,-1.546560544543918,-3.294777189640119,-0.5971004551698744,38.79936469594079,0.18764849929789468,0.25766552448325397
100,1115031,H,2202,0,n100_i1115031_H_a2202,GW-LEGACY,-0.03877559001865771,-0.020214242828781787,-4.874386613129545,0.011867054005677294,0.34782608695652173,0.5679012345679012,-0.22007514761137947,-0.0,-1.20754380489545,-6.342899839003746,4.826330171092552,29.332018475731168,0.19694013937024127,0.6507106269388934
100,1115031,H,2202,0,n100_i1115031_H_a2202,GW-W,0.0427782932544698,0.02842538279649122,5.991836552747265,0.05407247803530689,0.9591836734693877,0.07407407407407407,0.8851095993953136,-0.0,1.2645190025819097,47.932466817699336,53.09791278230629,-15.996041248145032,0.09221170384466869,-0.14732530120481924
100,1115031,H,2202,0,n100_i1115031_H_a2202,REFERENCE-LEGACY,-0.024379952414420814,-0.01001490931840894,-3.0647454653921935,0.028194607053835183,0.41304347826086957,0.5666666666666667,-0.15362318840579708,-0.0,0.33385349324535074,-3.1519731414517693,5.456008477716967,-6.82088584551459,0.009291640072346587,0.3930451024556394
100,1115031,T,1101,0,n100_i1115031_T_a1101,W-REFERENCE,0.06173649248131807,0.00814036683487987,7.171451632175785,0.0028616464201322855,0.1178082191780822,0.3333333333333333,-0.2155251141552511,-0.3405704555129896,2.611364547513184,21.214680655299656,9.51625368433242,9.77927842755939,0.23629876859063,0.3436251291347485
100,1115031,T,1101,0,n100_i1115031_T_a1101,W-LEGACY,-0.027338062572242916,-0.04737847730883526,-2.8778749451488728,-0.06371754848187758,0.09615384615384616,0.8688524590163934,-0.7726986128625473,-1.5073212747631404,1.1526174964238023,-8.5223117701131,-22.911241294028684,38.094331250824084,-0.13066817040220097,-0.18229937778809946
100,1115031,T,1101,0,n100_i1115031_T_a1101,GW-REFERENCE,0.07168357430904748,-0.011047639090567121,8.326927321541234,0.02086571162510724,0.0273972602739726,0.6546184738955824,-0.6272212136216098,0.808854831843342,7.07456336684924,34.73809271675883,43.87475603383866,-10.573985625512371,0.3719811737179159,0.6924379026517986
100,1115031,T,1101,0,n100_i1115031_T_a1101,GW-LEGACY,-0.017390980744513507,-0.06656648323428224,-1.8307466969886166,-0.045713483276902625,0.009615384615384616,0.8875502008032129,-0.8779348161878283,-0.3445305770887197,5.682668860575612,1.6834691276676805,1.2737925070184675,12.491408473051656,0.005014234725084915,0.16651339572895063
100,1115031,T,1101,0,n100_i1115031_T_a1101,GW-W,0.00994708182772941,-0.01918800592544699,1.0781562363558983,0.018004065204974953,0.13114754098360656,0.7269076305220884,-0.5957600895384818,1.1455239711497645,4.5828743760492845,11.156579374998277,31.37297085466466,-18.540169278396533,0.13568240512728588,0.3488127735170501
100,1115031,T,1101,0,n100_i1115031_T_a1101,REFERENCE-LEGACY,-0.08907455505356099,-0.05551884414371513,-9.376868955563877,-0.06657919490200986,0.028846153846153848,0.9260273972602739,-0.8971812434141201,-1.1627906976744207,-1.4978616799709243,-24.53250073724681,-29.609755527092354,25.792711729244132,-0.36696693899283095,-0.525924506922848
100,1115031,T,2202,0,n100_i1115031_T_a2202,W-REFERENCE,-0.023188547548528726,-0.004984087923559574,-2.7412417462438943,-0.0057376377108083465,0.8508771929824561,0.08148148148148149,0.7693957115009746,-0.0,-1.1822194540923592,7.6003795114089945,-8.062110802622357,19.666347823862363,0.49533299876190945,1.0256585543706134
100,1115031,T,2202,0,n100_i1115031_T_a2202,W-LEGACY,0.0849617778158478,0.04238812372507782,11.516123847722138,0.00861447355757064,1.0,0.003703703703703704,0.9962962962962963,-0.0,1.969954708052446,11.469673879492381,52.11476564274382,27.974144575164406,0.5230813132160955,1.3110375868133177
100,1115031,T,2202,0,n100_i1115031_T_a2202,GW-REFERENCE,-0.023188547548528726,-0.004984087923559574,-2.7412417462438943,-0.0057376377108083465,0.8508771929824561,0.08208955223880597,0.7687876407436501,-0.0,-1.1822194540923592,7.5711741023253065,-8.108933608756509,13.375589313741788,0.4385969090499406,1.0256585543706134
100,1115031,T,2202,0,n100_i1115031_T_a2202,GW-LEGACY,0.0849617778158478,0.04238812372507782,11.516123847722138,0.00861447355757064,1.0,0.0037313432835820895,0.996268656716418,-0.0,1.969954708052446,11.439418248045175,52.03729551324648,21.246652229140928,0.4663452235041266,1.3110375868133177
100,1115031,T,2202,0,n100_i1115031_T_a2202,GW-W,0.0,0.0,0.0,0.0,1.0,1.0,0.0,-0.0,-0.0,-0.02714247776478551,-0.05092873737141401,-5.256915268593298,-0.05673608971196887,0.0
100,1115031,T,2202,0,n100_i1115031_T_a2202,REFERENCE-LEGACY,0.10815032536437652,0.04737221164863739,14.659209977539911,0.014352111268378986,0.9603174603174603,0.10526315789473684,0.8550543024227235,-0.0,3.1153439597902732,3.595985800099455,65.45383733595942,6.942467036372113,0.02774831445418605,0.28537903244270435
100,1115032,H,1101,1,n100_i1115032_H_a1101,W-REFERENCE,0.04271813109985767,0.010582300638048284,5.315072907454921,0.039026387871707285,0.0043859649122807015,0.8320610687022901,-0.8276751037900094,-0.6505931879066118,2.954702923072272,12.75843531019416,-5.976328913929829,19.533001420208752,0.3611166499124349,1.174070227818524
100,1115032,H,1101,1,n100_i1115032_H_a1101,W-LEGACY,-0.08413452118408005,-0.037229459290306244,-9.041187170160702,-0.04312355289030215,0.1388888888888889,0.5916030534351145,-0.45271416454622565,-0.11419870574800317,-3.4287355255741447,0.3462101342398105,25.977214753220366,10.10906920570096,0.36737790168312373,0.9359000980974816
100,1115032,H,1101,1,n100_i1115032_H_a1101,GW-REFERENCE,0.030727465064646964,0.01339021776083174,3.823170931754949,0.040759388912775765,0.3508771929824561,0.6503067484662577,-0.29942955548380157,-0.6123230003826974,1.263049728712895,8.28560201458297,-10.415102072129079,13.757469733097526,0.49089239548963154,1.2834914611005694
100,1115032,H,1101,1,n100_i1115032_H_a1101,GW-LEGACY,-0.09612518721929075,-0.03442154216752279,-10.32971718606268,-0.04139055184923367,0.5444444444444444,0.22085889570552147,0.3235855487389229,-0.07613247049866878,-5.231662159944639,-3.634262533211663,20.02994346576539,4.788878039411593,0.49715364726032035,1.045321331379527
100,1115032,H,1101,1,n100_i1115032_H_a1101,GW-W,-0.011990666035210706,0.002807917122783457,-1.416608216196158,0.0017330010410684799,0.8549618320610687,0.012269938650306749,0.8426918934107619,0.03802281368820992,-1.7431583449308397,-3.9667394136027045,-4.720910284534574,-4.83174656244747,0.12977574557719662,0.10942123328204545
100,1115032,H,1101,1,n100_i1115032_H_a1101,REFERENCE-LEGACY,-0.12685265228393772,-0.04781175992835453,-13.631724008044998,-0.08214994076200943,0.7888888888888889,0.03508771929824561,0.7538011695906432,0.5329272934906704,-6.577792681273653,-11.007801892433832,33.98457356328879,-7.883958490575083,0.006261251770688786,-0.23817012972104235
100,1115032,H,2202,1,n100_i1115032_H_a2202,W-REFERENCE,0.012186850891689693,0.00630455823445681,1.3342491517356336,0.018312668195926626,0.7654320987654321,0.1569767441860465,0.6084553545793856,-0.0,1.512424378781052,-37.020808043601704,-12.309844613515896,87.40516025643508,0.8317137971167347,0.9773755336791219
100,1115032,H,2202,1,n100_i1115032_H_a2202,W-LEGACY,-0.016299301857133464,-0.012152718434905854,-1.730520868715224,-0.0064000643120318765,0.5531914893617021,0.20348837209302326,0.34970311726867886,-1.6055045871559592,1.5563702304927318,-28.106734824071555,-31.04842873357585,74.4664066821907,0.6875364896074065,1.0599240318017753
100,1115032,H,2202,1,n100_i1115032_H_a2202,GW-REFERENCE,0.004332613531541796,0.01654677961578336,0.4743461605163368,0.012078349318499111,0.720164609053498,0.13836477987421383,0.5817998291792842,-0.0,-2.637368131593454,-27.80854443088788,7.1377191172851795,17.323043033476672,-0.04959159828492729,0.6139022552032001
100,1115032,H,2202,1,n100_i1115032_H_a2202,GW-LEGACY,-0.02415353921728136,-0.0019104970535793048,-2.5644168097018083,-0.012634383189459392,0.6666666666666666,0.2138364779874214,0.45283018867924524,-1.6055045871559592,-2.5915706131599103,-17.590567655113365,-15.756631488689921,9.222871510379571,-0.19376890579425537,0.6964507533258535
100,1115032,H,2202,1,n100_i1115032_H_a2202,GW-W,-0.007854237360147898,0.01024222138132655,-0.8485808089737867,-0.006234318877427515,0.6744186046511628,0.2578616352201258,0.416556969431037,-0.0,-4.213518795847437,14.627471910232925,22.177590682885917,-37.39604455238149,-0.8813053954016621,-0.3634732784759218
100,1115032,H,2202,1,n100_i1115032_H_a2202,REFERENCE-LEGACY,-0.028486152748823157,-0.018457276669362664,-3.0244167654133958,-0.024712732507958503,0.06382978723404255,0.7777777777777778,-0.7139479905437353,-1.6055045871559592,0.04462070614946745,14.153997443634303,-21.36908531804036,-6.904160780065871,-0.14417730750932808,0.08254849812265341
100,1115032,T,1101,1,n100_i1115032_T_a1101,W-REFERENCE,0.0005715458948301055,0.05048161457627118,0.05558560326432982,0.049417780994593034,0.6301369863013698,0.5845070422535211,0.0456299440478487,0.1520912547528508,-1.844049586340124,23.829198372981676,31.952954370127816,-6.92901613780279,-0.060198977277534704,0.2079883805374001
100,1115032,T,1101,1,n100_i1115032_T_a1101,W-LEGACY,-0.0010463235491615652,0.02633420843392276,-0.1016001635825381,0.0233356404793173,0.6876574307304786,0.25,0.4376574307304786,-0.11437285550894849,-0.9499985221164353,-10.507852524673067,-13.10805059762158,57.846063447694874,0.14881431096489423,0.9693714070304402
100,1115032,T,1101,1,n100_i1115032_T_a1101,GW-REFERENCE,-0.06895796233585127,0.03802963571457293,-6.70649543805415,0.03709445341194142,0.7705479452054794,0.03205128205128205,0.7384966631541974,-0.0,-5.214024349275537,28.84979297661512,66.1973764325896,-29.308007470164043,-0.1336351138466036,-0.20435729847494555
100,1115032,T,1101,1,n100_i1115032_T_a1101,GW-LEGACY,-0.07057583177984295,0.013882229572224507,-6.853058080888985,0.011012312896665682,0.6574307304785895,0.009615384615384616,0.6478153458632049,-0.2668699961875687,-4.290389528951755,-6.879436944295481,9.442142411461528,19.89185323999465,0.07537817439582534,0.5570257280180946
100,1115032,T,1101,1,n100_i1115032_T_a1101,GW-W,-0.06952950823068138,-0.012451978861698253,-6.758324385937986,-0.012323327582651616,0.6232394366197183,0.04807692307692308,0.5751625135427951,-0.15232292460014563,-3.3089559739849728,4.054451348793409,25.951993440333474,-24.04507871701028,-0.07343613656906889,-0.41234567901234565
100,1115032,T,1101,1,n100_i1115032_T_a1101,REFERENCE-LEGACY,-0.0016178694439916708,-0.02414740614234842,-0.15709844272975282,-0.026082140515275735,0.3526448362720403,0.2602739726027397,0.09237086366930058,-0.2668699961875687,0.8778628381874487,-27.72936540720331,-34.149295999355466,69.5975017105277,0.20901328824242893,0.7613830264930401
100,1115032,T,2202,1,n100_i1115032_T_a2202,W-REFERENCE,-0.0886831322165772,-0.04212973879550472,-10.775022826915837,-0.052618025345971126,0.5877192982456141,0.16666666666666666,0.42105263157894746,-0.9115077857956733,-2.8031401996757355,9.466885276391501,49.24126032346208,17.895255160237333,0.16673655013174776,0.3221953395163559
100,1115032,T,2202,1,n100_i1115032_T_a2202,W-LEGACY,-0.08200020925431661,-0.03889419853390448,-10.044605880516755,-0.05218226855185751,0.7432432432432432,0.06060606060606061,0.6826371826371826,-0.7584376185058694,-3.095508390066515,4.490060036022392,32.33416499491128,2.6104622857926696,0.016441718583442688,-0.35103926096997684
100,1115032,T,2202,1,n100_i1115032_T_a2202,GW-REFERENCE,-0.09264053706926767,-0.04491155266063915,-11.25584850996627,-0.042529194427100486,0.39473684210526316,0.42424242424242425,-0.02950558213716109,-0.9494872768704976,-2.8031401996757355,11.009583624713027,40.31441112008627,9.741643964400293,0.20256027532905546,0.346776366124635
100,1115032,T,2202,1,n100_i1115032_T_a2202,GW-LEGACY,-0.08595761410700709,-0.04167601239903891,-10.529367717302286,-0.04209343763298687,0.668918918918919,0.09090909090909091,0.578009828009828,-0.7963594994311762,-3.095508390066515,5.962620825767928,24.41861179733147,-4.486055830787405,0.052265443780750376,-0.32645823436169774
100,1115032,T,2202,1,n100_i1115032_T_a2202,GW-W,-0.0039574048526904715,-0.0027818138651344304,-0.5388913489074887,0.01008883091887064,0.30303030303030304,0.8181818181818182,-0.5151515151515151,-0.037636432066245895,-0.0,1.4092831310824172,-5.981488754536068,-6.9159790907234235,0.03582372519730769,0.0245810266082791
100,1115032,T,2202,1,n100_i1115032_T_a2202,REFERENCE-LEGACY,0.006682922962260585,0.0032355402616002366,0.8186238534779067,0.00043575679411361756,0.9459459459459459,0.017543859649122806,0.9284020862968232,0.15168752370117167,-0.28439616710431714,-4.546420799133177,-11.328700449129636,-12.964722671553108,-0.15029483154830509,-0.6732346004863328
50,1105001,H,1101,0,n50_i1105001_H_a1101,W-REFERENCE,0.2054436084057626,0.112852820635785,27.01792479853651,0.10305117702178393,1.0,0.0,1.0,-0.0,3.2221702384958584,21.697208901092814,44.34113558256498,16.450370880829546,0.27789500802894823,0.5953064685623914
50,1105001,H,1101,0,n50_i1105001_H_a1101,W-LEGACY,0.1362578236836539,0.08210833553889652,16.42485282801822,0.06966401401170905,1.0,0.0,1.0,-0.0,1.9166246111015472,31.96580867720895,32.24799122041897,25.19472847009623,0.7926214394832382,0.8748296875233947
50,1105001,H,1101,0,n50_i1105001_H_a1101,GW-REFERENCE,0.2580215398197382,0.0776085507279193,33.932457735476305,0.08990487826036936,0.9353099730458221,0.01602136181575434,0.9192886112300678,-0.0,5.629837564535056,12.334965026298029,94.66542577707038,11.92186752289306,0.5523425993039784,1.0094600757611727
50,1105001,H,1101,0,n50_i1105001_H_a1101,GW-LEGACY,0.1888357550976295,0.04686406563103082,22.76272585526653,0.056517715250294476,0.9803921568627451,0.014686248331108143,0.965705908531637,-0.0,4.356771685420668,21.81359487438732,78.35602730421338,20.32617593578987,1.0670690307582684,1.288983294722176
50,1105001,H,1101,0,n50_i1105001_H_a1101,GW-W,0.0525779314139756,-0.035244269907865694,5.443745792498933,-0.013146298761414571,0.0,0.9906542056074766,-0.9906542056074766,-0.0,2.487829425367949,-7.693063759912344,34.86482906719219,-3.888783971818155,0.2744475912750302,0.41415360719878125
50,1105001,H,1101,0,n50_i1105001_H_a1101,REFERENCE-LEGACY,-0.06918578472210868,-0.030744485096888485,-8.339824467546597,-0.03338716301007488,0.36554621848739494,0.9137466307277629,-0.5482004122403679,-0.0,-1.3490131268821148,8.437826856375775,-8.378169059941044,7.509085220703393,0.5147264314542899,0.2795232189610033
50,1105001,H,2202,0,n50_i1105001_H_a2202,W-REFERENCE,-0.18159114306776214,-0.11291206207415215,-15.762688323875496,-0.06641465531326209,0.0515695067264574,0.8629441624365483,-0.8113746557100908,-0.0,-2.685061563566249,12.098144263763766,104.7083031631376,15.464249700358778,0.8949671678073869,1.0788611753334116
50,1105001,H,2202,0,n50_i1105001_H_a2202,W-LEGACY,-0.12665679595307244,-0.028846885870891154,-11.544719582863728,-0.031332577737520864,0.25874125874125875,0.3629441624365482,-0.10420290369528945,-0.0,-3.1124585969401153,5.519547247116807,29.60625261106955,24.67382168549348,0.9972696909000012,1.4300981905496957
50,1105001,H,2202,0,n50_i1105001_H_a2202,GW-REFERENCE,-0.15430057765655847,-0.0934048760369716,-13.393780515422426,-0.04805343523046536,0.020179372197309416,0.9838056680161943,-0.9636262958188849,-0.0,-2.4142574994691524,7.8476594976536695,68.37484824918856,13.180273006660315,1.1432074289302574,0.9009948109285859
50,1105001,H,2202,0,n50_i1105001_H_a2202,GW-LEGACY,-0.09936623054186877,-0.009339699833710607,-9.057194752006016,-0.012971357654724139,0.5209790209790209,0.3360323886639676,0.18494663231505332,-0.0,-2.840527388817815,1.5185066318022855,6.602579271755027,22.207672173562763,1.2455099520228716,1.25223182614487
50,1105001,H,2202,0,n50_i1105001_H_a2202,GW-W,0.02729056541120367,0.019507186037180546,2.8121835340152446,0.018361220082796725,0.7690355329949239,0.0728744939271255,0.6961610390677984,-0.0,0.263722940779898,-3.7917530160970547,-17.748891643634956,-1.9780812672542614,0.24824026112287045,-0.17786636440482573
50,1105001,H,2202,0,n50_i1105001_H_a2202,REFERENCE-LEGACY,0.0549343471146897,0.084065176203261,5.007245194657939,0.03508207757574122,0.9871794871794872,0.033632286995515695,0.9535472001839715,-0.0,-0.4162212369218876,-5.868604747967732,-36.68734945852058,7.97612421943108,0.10230252309261431,0.35123701521628403
50,1105001,T,1101,0,n50_i1105001_T_a1101,W-REFERENCE,-0.17887264860526442,-0.060224936051473235,-17.94374884500417,-0.06730259832571907,0.2910958904109589,0.3463687150837989,-0.055272824672840004,-0.0,-6.635952564792613,-12.764647270635232,-28.7694110629504,24.05769045615982,1.7474060382327252,2.3695259462343614
50,1105001,T,1101,0,n50_i1105001_T_a1101,W-LEGACY,-0.09139740975472632,-0.058187360424236736,-10.050552995138595,-0.06102993251297015,0.04428044280442804,0.7374301675977654,-0.6931497247933374,-0.0,-1.6777916349948407,-0.09597888089936113,1.0969656876148148,30.138332008210746,1.3713544077031887,0.6465687930388917
50,1105001,T,1101,0,n50_i1105001_T_a1101,GW-REFERENCE,-0.34426008893533455,-0.1869925852335642,-34.534718535121186,-0.17767807291620108,0.0410958904109589,0.9252336448598131,-0.8841377544488542,-0.0,-9.950557496154278,-11.907182557393414,-24.014124103311453,19.056094099702747,0.9774469637988664,2.3636515576948787
50,1105001,T,1101,0,n50_i1105001_T_a1101,GW-LEGACY,-0.25678485008479646,-0.1849550096063277,-28.237449519104196,-0.17140540710345217,0.04428044280442804,0.9532710280373832,-0.9089905852329552,-0.0,-4.83828020810102,0.8860103028476951,7.846103800430937,24.89158426678244,0.6013953332693297,0.640694404499409
50,1105001,T,1101,0,n50_i1105001_T_a1101,GW-W,-0.16538744033007013,-0.12676764918209096,-20.21901982675076,-0.11037547459048203,0.26256983240223464,0.9532710280373832,-0.6907011956351485,-0.0,-3.1083371523761727,0.9829325914483045,6.675905717754849,-4.0316697320949775,-0.769959074433859,-0.005874388539482744
50,1105001,T,1101,0,n50_i1105001_T_a1101,REFERENCE-LEGACY,0.0874752388505381,0.0020375756272364987,9.619249891097436,0.00627266581274892,0.013837638376383764,0.7226027397260274,-0.7087651013496437,-0.0,4.649614703619919,14.522401748106194,41.92914476245559,4.901462803065582,-0.3760516305295367,-1.72295715319547
50,1105001,T,2202,0,n50_i1105001_T_a2202,W-REFERENCE,0.15184741705075389,0.07368275047124971,15.9927136238041,0.08510713761767646,0.9421296296296297,0.044270833333333336,0.8978587962962963,-0.0,2.9353119919552806,-16.291363711808916,-35.93206204188433,24.543112923769982,0.7769251080863361,1.7146154002561966
50,1105001,T,2202,0,n50_i1105001_T_a2202,W-LEGACY,0.1866007235068986,0.08394366910507502,20.39964289585956,0.08703591265915706,0.1658206429780034,0.5677083333333334,-0.40188769035533,-0.0,4.520735694730371,24.917018205934394,43.335534211557245,18.77613176861137,0.7495556558711541,1.6648299446792714
50,1105001,T,2202,0,n50_i1105001_T_a2202,GW-REFERENCE,-0.0034885777912651017,-0.029256379333281457,-0.3674203134546472,-0.013926638409831951,0.7175925925925926,0.11301160659743432,0.6045809859951582,-0.0,3.069007215169939,-39.995840018475704,-51.13389325782658,26.725390434497665,0.4292480998414377,1.7456410783406981
50,1105001,T,2202,0,n50_i1105001_T_a2202,GW-LEGACY,0.031264728664879615,-0.01899546069945615,3.417935836545194,-0.011997863368351347,0.001692047377326565,0.9914477703115455,-0.989755722934219,-0.0,4.652247182745517,-10.456781077661892,9.325346467486217,20.857358703484262,0.4018786476262557,1.6958556227637729
50,1105001,T,2202,0,n50_i1105001_T_a2202,GW-W,-0.155335994842019,-0.10293912980453117,-14.10444969010648,-0.0990337760275084,0.0026041666666666665,0.9804520464263897,-0.9778478797597231,-0.0,0.13773827120691085,-28.317838347117853,-23.727673623397127,1.7522265659630554,-0.3476770082448984,0.031025678084501518
50,1105001,T,2202,0,n50_i1105001_T_a2202,REFERENCE-LEGACY,0.03475330645614472,0.010260918633825306,3.799315607313347,0.0019287750414806043,0.01353637901861252,0.9930555555555556,-0.9795191765369431,-0.0,1.6333681540744216,49.22835175079376,123.72428203520873,-4.63050988510979,-0.027369452215181972,-0.049785455576925264
50,1105002,H,1101,1,n50_i1105002_H_a1101,W-REFERENCE,0.032604492954553255,0.023368797882778798,3.448694611908465,-0.03312308565527286,0.41620111731843573,0.14516129032258066,0.27103982699585505,-0.0,-0.26412970360911725,-8.327269319882348,-13.836107511807738,8.733472929763696,1.3445538422050325,1.9479494826451602
50,1105002,H,1101,1,n50_i1105002_H_a1101,W-LEGACY,0.07176457029105276,0.027538935687215334,7.918801867448666,0.033142846402766116,0.15980629539951574,0.28225806451612906,-0.12245176911661332,-0.0,3.0774579852006045,-11.040623388134241,-30.08605178795527,20.346224599807595,0.8328947460269822,0.9005000225604927
50,1105002,H,1101,1,n50_i1105002_H_a1101,GW-REFERENCE,-0.06319550097299764,-0.017559597683189265,-6.684415672595123,-0.02740932704606522,0.10614525139664804,0.26370757180156656,-0.15756232040491852,-0.0,-4.2227805005285335,-15.492142583895529,-13.853456854100866,-2.7430741724730145,0.6523720626214081,2.0799421148280275
50,1105002,H,1101,1,n50_i1105002_H_a1101,GW-LEGACY,-0.024035423636498132,-0.01338945987875273,-2.6521688460712567,0.03885660501197376,0.044794188861985475,0.8668407310704961,-0.8220465422085106,-0.0,-0.7492594991135304,-17.993428811741797,-30.100129158226817,7.643980497954916,0.14071296644335776,1.03249265474336
50,1105002,H,1101,1,n50_i1105002_H_a1101,GW-W,-0.0957999939275509,-0.04092839556596806,-9.795300291142695,0.005713758609207642,0.23790322580645162,0.8459530026109661,-0.6080497768045144,-0.0,-3.948222368878662,-7.815708347353867,-0.02013528148754329,-10.554750798450051,-0.6921817795836245,0.13199263218286728
50,1105002,H,1101,1,n50_i1105002_H_a1101,REFERENCE-LEGACY,0.03916007733649951,0.004170137804436536,4.321086188965428,0.06626593205803898,0.7953995157384988,0.39106145251396646,0.4043380632245323,-0.0,3.3327848141581518,-2.9598268188605115,-18.85934328973635,10.68001541488992,-0.5116590961780503,-1.0474494600846675
50,1105002,H,2202,1,n50_i1105002_H_a2202,W-REFERENCE,0.1496894685858714,0.052077874603679575,16.207874624580242,0.10522322569935884,0.7296726504751848,0.3,0.4296726504751848,0.1769911504424737,8.337204893652238,34.487718909126116,102.1613442607904,28.26464247429401,1.540104516422354,0.6357350800582244
50,1105002,H,2202,1,n50_i1105002_H_a2202,W-LEGACY,0.0783558396059324,0.016803638168940475,7.875799661136451,0.028898196722822598,0.022641509433962263,0.7857142857142857,-0.7630727762803234,-0.0,5.822629935861901,38.421370648827,61.874323329704396,27.46693976315322,1.8636880033232373,1.2254901960784315
50,1105002,H,2202,1,n50_i1105002_H_a2202,GW-REFERENCE,0.09911239049870457,0.02882652304950089,10.731557898636712,0.08095559401308397,0.7286166842661035,0.336734693877551,0.3918819903885525,0.1769911504424737,8.337204893652238,32.98493752254414,124.21038930294124,21.538799998935197,1.0505455301546551,0.5684341639200987
50,1105002,H,2202,1,n50_i1105002_H_a2202,GW-LEGACY,0.02777876151876557,-0.006447713385238207,2.792133447316414,0.004630565036547726,0.018867924528301886,0.7193877551020408,-0.7005198305737389,-0.0,5.822629935861901,36.87463418096573,79.52940105643368,20.782926607814357,1.3741290170555385,1.1581892799403057
50,1105002,H,2202,1,n50_i1105002_H_a2202,GW-W,-0.05057707808716683,-0.023251351554178682,-4.712517756335566,-0.02426763168627487,0.66,0.5612244897959183,0.0987755102040817,-0.0,-0.0,-1.1174116110909793,10.906657315113266,-5.243722935341866,-0.4895589862676988,-0.06730091613812572
50,1105002,H,2202,1,n50_i1105002_H_a2202,REFERENCE-LEGACY,-0.071333628979939,-0.03527423643473909,-7.169974487840247,-0.07632502897653624,0.0,1.0,-1.0,-0.17730496453900457,-2.743288544575706,2.9249152053496097,-19.928152475636153,-0.6219194126710792,0.32358348690088334,0.589755116020207
50,1105002,T,1101,1,n50_i1105002_T_a1101,W-REFERENCE,0.053050722272392936,0.0087111278323114,5.655183817059295,0.012513155325801217,0.4376443418013857,0.743801652892562,-0.3061573110911763,-0.0,5.672809534319134,-12.106187522216572,-37.851406181133676,29.58923746191573,0.3377071574848548,0.93644540160185
50,1105002,T,1101,1,n50_i1105002_T_a1101,W-LEGACY,0.04753780486045833,0.03893302940176627,5.037902755229773,0.034820557964467286,0.9937888198757764,0.03305785123966942,0.960730968636107,-0.0,2.5758126631965417,13.243718673581363,-9.093579807361918,22.112529304648376,0.44140816153589635,1.1137268216691534
50,1105002,T,1101,1,n50_i1105002_T_a1101,GW-REFERENCE,0.16375634339768053,0.06725686806787175,17.456354663153874,0.07462000723557326,0.9757505773672055,0.06925207756232687,0.9064984998048786,-0.0,7.466563672478477,-6.013798159707006,-16.59561377531389,18.219479650069403,0.7087086908444666,0.9431966329712735
50,1105002,T,1101,1,n50_i1105002_T_a1101,GW-LEGACY,0.15824342598574592,0.09747876963732661,16.77012630496335,0.09692740987423933,0.9937888198757764,0.055401662049861494,0.9383871578259149,-0.0,4.428460222500064,21.093245364579573,21.99783959952992,11.398754679700328,0.8124096948955082,1.120478053038577
50,1105002,T,1101,1,n50_i1105002_T_a1101,GW-W,0.11070562112528759,0.05854574023556034,11.169514281976124,0.06210685190977205,1.0,0.055401662049861494,0.9445983379501385,-0.0,1.9016299852712804,6.931533848357652,34.201566117119775,-8.773689879290881,0.37100153335961183,0.0067512313694235715
50,1105002,T,1101,1,n50_i1105002_T_a1101,REFERENCE-LEGACY,-0.005512917411934604,0.030221901569454868,-0.5842411508159784,0.02230740263866607,0.9788819875776398,0.0011547344110854503,0.9777272531665543,-0.0,-3.283249353482409,28.84151396004757,46.27269034853336,-5.769544063768917,0.10370100405104159,0.1772814200673034
50,1105002,T,2202,1,n50_i1105002_T_a2202,W-REFERENCE,0.14965661400106978,0.0992918190966188,17.4869811172401,0.11831655180963133,1.0,0.0,1.0,-0.0,3.7196023907135944,-13.441407425940277,29.953973762867882,11.245176138390889,0.5624291977723276,1.6759725009483932
50,1105002,T,2202,1,n50_i1105002_T_a2202,W-LEGACY,0.09493532985959285,0.03877149789251802,10.426282742791138,0.09805090629399438,0.8613138686131386,0.13411458333333334,0.7271992852798053,-0.0,3.634779677178823,1.5058646359600525,62.66050835946648,10.351220793303995,0.568287451356913,1.1298593515390394
50,1105002,T,2202,1,n50_i1105002_T_a2202,GW-REFERENCE,0.17848281660941567,0.10769652603655112,20.855246957400553,0.13050503830201063,0.9955555555555555,0.001851851851851852,0.9937037037037036,-0.17730496453900457,5.803464856008878,-14.219389624368539,25.07198750379893,9.749495032422484,0.505802765164993,1.5624491227191322
50,1105002,T,2202,1,n50_i1105002_T_a2202,GW-LEGACY,0.12376153246793875,0.047176204832450344,13.5921235234584,0.11023939278637368,0.8613138686131386,0.07777777777777778,0.7835360908353608,-0.17730496453900457,5.720478018450203,0.5935374668776916,56.549834374589956,8.867558834283251,0.5116610187495785,1.0163359733097783
50,1105002,T,2202,1,n50_i1105002_T_a2202,GW-W,0.028826202608345897,0.00840470693993232,2.8669268783060087,0.01218848649237931,0.765625,0.7833333333333333,-0.017708333333333326,-0.17730496453900457,2.1643683626565102,-0.8987925696257393,-3.756704098927577,-1.3444907526666494,-0.056626432607334576,-0.11352337822926106
50,1105002,T,2202,1,n50_i1105002_T_a2202,REFERENCE-LEGACY,-0.05472128414147692,-0.06052032120410078,-6.009770876147636,-0.02026564551563695,0.0,1.0,-1.0,-0.0,-0.08809967100362748,17.268386208002884,25.167783369425468,-0.803590210486782,0.005858253584585527,-0.5461131494093538
50,1105003,H,1101,0,n50_i1105003_H_a1101,W-REFERENCE,-0.10312712430892867,-0.03698372335046824,-10.789468158264349,-0.04248386228817054,0.5481335952848723,0.7419354838709677,-0.19380188858609548,-0.0,-3.199441184073759,16.576324022222067,-0.32189647283535905,6.877143509032724,1.1263158240838504,1.8985084151137523
50,1105003,H,1101,0,n50_i1105003_H_a1101,W-LEGACY,0.08437844942995765,0.04279162266277345,10.982383065983846,0.03384741651999448,0.9540229885057471,0.05806451612903226,0.8959584723767148,-0.0,0.9136037177862044,2.955409876146442,-32.11022785941265,16.240637147317784,0.8727709875792893,1.7017226531611853
50,1105003,H,1101,0,n50_i1105003_H_a1101,GW-REFERENCE,-0.18159755537721978,-0.11182270562219981,-18.999279331126683,-0.10846072330543567,0.0,1.0,-1.0,-0.0,-3.764307282757562,11.593272951347334,2.1536846891888173,-2.3751904124517442,0.5078634104322851,1.5461870948903065
50,1105003,H,1101,0,n50_i1105003_H_a1101,GW-LEGACY,0.005908018361666545,-0.03204735960895812,0.7689655504104609,-0.03212944449727065,0.20689655172413793,0.363013698630137,-0.15611714690599907,-0.0,0.37125052809462433,-1.445415675171191,-30.424133972608814,6.177707368115737,0.254318573927724,1.3494013329377395
50,1105003,H,1101,0,n50_i1105003_H_a1101,GW-W,-0.0784704310682911,-0.07483898227173157,-9.202737617826307,-0.06597686101726513,0.07096774193548387,0.7671232876712328,-0.696155545735749,-0.0,-0.5473538346746132,-4.274496655019632,2.4835757046175466,-8.656980920062217,-0.6184524136515653,-0.35232132022344587
50,1105003,H,1101,0,n50_i1105003_H_a1101,REFERENCE-LEGACY,0.18750557373888632,0.07977534601324168,24.405023459419173,0.07633127880816502,0.5862068965517241,0.17485265225933203,0.4113542442923921,-0.0,3.9855302070130993,-11.684117045481013,-31.890987350009347,8.760987925817565,-0.2535448365045611,-0.19678576195256703
50,1105003,H,2202,0,n50_i1105003_H_a2202,W-REFERENCE,0.05038187189658272,0.0020983316202801694,6.9953582511046,-0.006961909309950248,0.7634408602150538,0.5837004405286343,0.1797404196864194,0.17094017094017033,0.08944450800321135,11.640163429793994,12.840679111568342,7.404394149965565,1.0571510628431686,1.235720085349043
50,1105003,H,2202,0,n50_i1105003_H_a2202,W-LEGACY,-0.17352055916222608,-0.06274559078983762,-18.379058593577057,-0.07269798373153911,0.16141732283464566,0.7555066079295154,-0.5940892850948698,0.17094017094017033,-9.716693982673853,-4.547299384092751,4.58513349506553,19.13705705426949,1.0570835635425464,1.8619408384762712
50,1105003,H,2202,0,n50_i1105003_H_a2202,GW-REFERENCE,0.10406632071076238,0.03182942925701607,14.449268513492996,0.03108713730446444,0.8010752688172043,0.04103671706263499,0.7600385517545692,0.17094017094017033,2.4108415064119426,22.413813286744965,20.892853657991118,5.82472601245021,0.9126646489430371,1.2568838899774146
50,1105003,H,2202,0,n50_i1105003_H_a2202,GW-LEGACY,-0.11983611034804642,-0.03301449315310172,-12.692875728080132,-0.034648937117124426,0.2677165354330709,0.2505399568034557,0.01717657862961519,0.17094017094017033,-7.167453786455447,4.664206070060928,12.048202279245324,17.384828809648468,0.9125971496424148,1.8831046431046428
50,1105003,H,2202,0,n50_i1105003_H_a2202,GW-W,0.053684448814179664,0.029731097636735898,6.966573489005934,0.03804904661441469,0.7334801762114538,0.09935205183585313,0.6341281243756006,-0.0,2.323475219387283,9.650335081895589,7.13587919695291,-1.4707667689179527,-0.14448641390013145,0.02116380462837153
50,1105003,H,2202,0,n50_i1105003_H_a2202,REFERENCE-LEGACY,-0.2239024310588088,-0.06484392241011779,-23.715437061420097,-0.06573607442158887,0.18503937007874016,0.7365591397849462,-0.5515197697062061,-0.0,-9.814917395252177,-14.499676744083578,-7.3161077029147865,10.923820200430502,-6.749930062232429e-05,0.6262207531272281
50,1105003,T,1101,0,n50_i1105003_T_a1101,W-REFERENCE,0.16554219785168944,0.0692104685441715,19.546790139105163,0.07070331894985804,0.3871794871794872,0.00819672131147541,0.3789827658680118,-0.0,9.19519357807932,6.983126751972368,-5.027559609436871,14.270185482995835,0.6719308855589826,0.8049935344887262
50,1105003,T,1101,0,n50_i1105003_T_a1101,W-LEGACY,0.18849846817710092,0.08092304780727114,22.877528596282314,0.10410065141192923,0.8165467625899281,0.16065573770491803,0.65589102488501,0.2561912894961549,10.656072682018236,-5.629190811906959,-21.169171188918522,13.921079667052494,0.5008319042078715,0.9867893348280292
50,1105003,T,1101,0,n50_i1105003_T_a1101,GW-REFERENCE,0.1239239125594278,0.057813650100306875,14.632611765769399,0.05724814371320146,0.23675213675213674,0.09446254071661238,0.14228959603552438,-0.0,5.578793134756399,17.33474691856225,16.521329021602995,5.295599054870648,0.8938724490994374,1.2863746416394153
50,1105003,T,1101,0,n50_i1105003_T_a1101,GW-LEGACY,0.14688018288483928,0.06952622936340652,17.826434435626325,0.09064547617527265,0.8111510791366906,0.30293159609120524,0.5082194830454854,0.2561912894961549,7.097853342177629,3.5020694268564245,-3.2827533633178807,4.973911417208043,0.7227734677483262,1.4681704419787183
50,1105003,T,1101,0,n50_i1105003_T_a1101,GW-W,-0.041618285292261636,-0.011396818443864622,-4.1106736262994765,-0.013455175236656583,0.22459016393442624,0.6123778501628665,-0.3877876862284403,-0.0,-3.9826090554276217,9.675937206984875,22.68962295000798,-7.8538302796932635,0.22194156354045474,0.48138110715068905
50,1105003,T,1101,0,n50_i1105003_T_a1101,REFERENCE-LEGACY,0.022956270325411476,0.01171257926309964,2.7861379241562956,0.03339733246207119,0.07194244604316546,0.4376068376068376,-0.36566439156367214,0.2561912894961549,1.608812530419368,-11.78907174130317,-16.996100672048808,-0.3055091006177513,-0.17109898135111123,0.18179580033930298
50,1105003,T,2202,0,n50_i1105003_T_a2202,W-REFERENCE,0.15825510907739715,0.08463169682639321,18.980881066766276,0.07447798940327727,0.25115562403698,0.05801526717557252,0.1931403568614075,-0.5136986301369939,6.980744917848048,-4.913788442425848,5.019884018180565,17.538455069254777,0.07746471653391797,0.5370594446204202
50,1105003,T,2202,0,n50_i1105003_T_a2202,W-LEGACY,-0.058907081644474224,-0.022212868041119844,-5.605272033993258,-0.03667282883054691,0.11960132890365449,0.9786259541984733,-0.8590246252948188,-0.17064846416381396,-2.054494707794907,-5.365331603986623,6.638891846966377,16.483124895022662,0.2881812751325248,1.2162846956964604
50,1105003,T,2202,0,n50_i1105003_T_a2202,GW-REFERENCE,0.1497304932652257,0.0758759223392518,17.958451397266195,0.08711723026230736,0.24807395993836673,0.10478128179043744,0.1432926781479293,-0.5136986301369939,7.801210595616547,-5.872573590092323,3.9778888850112937,15.580057243744116,0.02789062564946404,0.5906487912561249
50,1105003,T,2202,0,n50_i1105003_T_a2202,GW-LEGACY,-0.06743169745664568,-0.03096864252826125,-6.416427319208163,-0.024033587971516827,0.12292358803986711,0.2777212614445575,-0.1547976734046904,-0.17064846416381396,-1.1543347345097876,-6.319563695329333,5.580833105520155,14.542310730256848,0.23860718424807084,1.269874042332165
50,1105003,T,2202,0,n50_i1105003_T_a2202,GW-W,-0.008524615812171454,-0.008755774487141404,-0.8593226578363811,0.01263924085903008,0.0549618320610687,0.7202441505595117,-0.665282318498443,-0.0,0.8820385381971607,-1.0083324721439135,-0.9921884249928348,-1.6661762521523404,-0.04957409088445393,0.05358934663570469
50,1105003,T,2202,0,n50_i1105003_T_a2202,REFERENCE-LEGACY,-0.21716219072187137,-0.10684456486751306,-20.663952796721162,-0.11115081823382418,0.3787375415282392,0.24961479198767333,0.12912274954056585,0.34129692832765013,-9.713300345894282,-0.4748776443652569,1.5416202787898126,-0.8978594908451987,0.2107165585986068,0.6792252510760401
50,1105004,H,1101,1,n50_i1105004_H_a1101,W-REFERENCE,0.14381567608527468,0.039490822277648205,14.666080418769333,0.04746659026630425,0.9987146529562982,0.0036496350364963502,0.9950650179198018,-0.0,4.628204494074717,23.020111488122595,65.66554260005857,17.872552710582678,1.5673470780458296,1.692078175519327
50,1105004,H,1101,1,n50_i1105004_H_a1101,W-LEGACY,0.08611632609105468,0.019268564563979105,8.293973635546049,0.027334446351021918,0.6149253731343284,0.4124087591240876,0.2025166140102408,-0.0,3.228568223283712,8.624009122671783,6.549036701093236,18.796231532797947,1.52775442306861,2.4462474847837226
50,1105004,H,1101,1,n50_i1105004_H_a1101,GW-REFERENCE,0.14493319288996243,0.050142625649040595,14.780042900280431,0.018882597934299396,1.0,0.0,1.0,-0.0,3.621212870638957,12.449857907918126,48.97577219061269,11.35237528100248,0.33757533098288073,1.0956917405641424
50,1105004,H,1101,1,n50_i1105004_H_a1101,GW-LEGACY,0.08723384289574243,0.029920367935371492,8.401603109956746,-0.0012495459809829385,0.608955223880597,0.18405797101449275,0.42489725286610425,-0.0,2.206798415238276,-0.7092885587885345,-4.185114360011233,12.224960361118375,0.2979826760056611,1.849861049828538
50,1105004,H,1101,1,n50_i1105004_H_a1101,GW-W,0.001117516804687746,0.010651803371392387,0.09938639316431352,-0.028583992332004857,0.5875912408759124,0.14202898550724638,0.445562255368666,-0.0,-1.0558589340736502,-8.592297188110587,-10.074376449988442,-5.531548506961981,-1.2297717470629488,-0.5963864349551846
50,1105004,H,1101,1,n50_i1105004_H_a1101,REFERENCE-LEGACY,-0.057699349994219995,-0.020222257713669103,-5.557098280460837,-0.020132143915282334,0.03283582089552239,0.7583547557840618,-0.7255189348885394,-0.0,-1.467557849116985,-11.702234855185223,-35.68424970645913,0.7836250263309585,-0.03959265497721961,0.7541693092643955
50,1105004,H,2202,1,n50_i1105004_H_a2202,W-REFERENCE,0.1429813810553675,0.03908824638735947,16.14446184152303,0.038888995263909376,0.9935379644588045,0.0084985835694051,0.9850393808893994,-0.0,4.509150332340983,7.6716060328876345,7.925923345387487,31.128164074800992,1.077152297520457,1.3716410650833697
50,1105004,H,2202,1,n50_i1105004_H_a2202,W-LEGACY,0.2634633997038558,0.0891877041058378,34.4326694518533,0.08899465600291619,0.2222222222222222,0.0906515580736544,0.13157066414856783,-0.0,8.003530007789994,37.33851872921752,42.421090182520295,29.840087283476247,0.8106822841348887,1.3549789729324635
50,1105004,H,2202,1,n50_i1105004_H_a2202,GW-REFERENCE,0.02417116724031443,-0.009926948888645523,2.7292398793183903,-0.004453054192855563,0.33117932148626816,0.5745664739884393,-0.24338715250217113,-0.0,1.0689759487479633,-7.493920537116605,-12.145620629467635,15.716741926184064,1.1276271097209896,1.2590275973289446
50,1105004,H,2202,1,n50_i1105004_H_a2202,GW-LEGACY,0.14465318588880272,0.04017250882983281,18.90507501408265,0.04565260654615125,0.14957264957264957,0.6289017341040463,-0.47932908453139667,-0.0,4.689244916080593,17.99441277953204,15.934301041073184,14.580052102952767,0.8611570963354213,1.2423655051780385
50,1105004,H,2202,1,n50_i1105004_H_a2202,GW-W,-0.11881021381505308,-0.049015195276004994,-11.550462027633701,-0.04334204945676494,0.0226628895184136,0.9514450867052023,-0.9287821971867888,-0.0,-3.6026220266821563,-14.08498222397836,-18.59751888396787,-11.752945873493347,0.05047481220053253,-0.11261346775442505
50,1105004,H,2202,1,n50_i1105004_H_a2202,REFERENCE-LEGACY,0.12048201864848829,0.05009945771847833,15.74608665825512,0.05010566073900681,0.14957264957264957,0.505654281098546,-0.35608163152589645,-0.0,3.659386933523623,27.553144036198663,31.961891793819007,-0.9823036877035562,-0.26647001338556825,-0.016662092150906194
50,1105004,T,1101,1,n50_i1105004_T_a1101,W-REFERENCE,-0.12685305279007864,-0.03653314415132303,-14.235520438516714,-0.034922702158207156,0.20161290322580644,0.23056300268096513,-0.028950099455158695,-0.0,-1.8035966291218841,-8.023581411641455,9.678820533529798,22.328066813321712,1.8502763690056607,2.0035310017154204
50,1105004,T,1101,1,n50_i1105004_T_a1101,W-LEGACY,-0.11822683270362289,0.012021103316315424,-13.397171074756475,0.00279015801013717,0.3303303303303303,0.0,0.3303303303303303,-0.0,-2.3184368180092285,-4.103215093552048,29.962186858432638,11.311050843032234,1.691689996672304,1.7911923641898582
50,1105004,T,1101,1,n50_i1105004_T_a1101,GW-REFERENCE,-0.13464664149267258,-0.05125495208001013,-15.110121315870185,-0.03359624063041086,0.5967741935483871,0.03333333333333333,0.5634408602150538,-0.0,-1.817950075269481,-8.251241697019129,10.254367560573074,14.146927022931033,0.5481501288688393,1.6159443789308179
50,1105004,T,1101,1,n50_i1105004_T_a1101,GW-LEGACY,-0.12602042140621683,-0.0027007046123716794,-14.280321191758139,0.004116619537933464,0.3303303303303303,0.005426356589147287,0.324903973741183,-0.0,-2.332862852269324,-4.3405790804703965,30.644172221792232,3.8667145522296886,0.3895637565354824,1.4036057414052554
50,1105004,T,1101,1,n50_i1105004_T_a1101,GW-W,-0.007793588702593945,-0.014721807928687103,-1.0197705178476402,0.0013264615277962938,0.8605898123324397,0.01937984496124031,0.8412099673711994,-0.0,-0.014099154276325798,-0.24752027625316586,0.5247567618283488,-6.687868126678942,-1.3021262401368214,-0.38758662278460276
50,1105004,T,1101,1,n50_i1105004_T_a1101,REFERENCE-LEGACY,0.00862622008645575,0.04855424746763845,0.9775018376450673,0.037712860168344325,0.7957957957957958,0.06451612903225806,0.7312796667635377,-0.0,-0.5057190570220582,4.262360263922704,18.49342126969904,-9.006122844319897,-0.15858637233335682,-0.21233863752556248
50,1105004,T,2202,1,n50_i1105004_T_a2202,W-REFERENCE,-0.060459900265131705,-0.08089476129988858,-5.7386602335233405,-0.032297520650607384,0.0,0.9877300613496932,-0.9877300613496932,-0.0,1.4974265191078473,-18.89076706960119,-50.19043404410542,22.01109552372822,0.21710187229951727,1.7847324950690338
50,1105004,T,2202,1,n50_i1105004_T_a2202,W-LEGACY,0.014290067460213773,-0.059635721152370834,1.4599514266558922,-0.033648779192874095,0.013888888888888888,0.9815950920245399,-0.967706203135651,-0.0,2.503915830920078,-9.318787847850585,-33.857108212022645,32.75307502725122,0.35956118209652943,1.0297731668348473
50,1105004,T,2202,1,n50_i1105004_T_a2202,GW-REFERENCE,-0.29554882252021253,-0.1077282567057975,-28.05254834069806,-0.06174803787455295,0.0,1.0,-1.0,-0.0,-3.7565279689296904,-18.628541123129207,-42.43388204224404,11.711922497318783,0.20259106114585546,1.7864117940744877
50,1105004,T,2202,1,n50_i1105004_T_a2202,GW-LEGACY,-0.22079885479486705,-0.08646921655827974,-22.55801828502588,-0.06309929641681966,0.013888888888888888,0.9957446808510638,-0.981855791962175,-0.0,-2.6963542826885734,-9.025615716581271,-23.557063032724656,21.547152454187568,0.3450503709428676,1.0314524658403013
50,1105004,T,2202,1,n50_i1105004_T_a2202,GW-W,-0.23508892225508082,-0.026833495405908916,-23.672364685729296,-0.029450517223945566,0.44785276073619634,0.23617021276595745,0.2116825479702389,-0.0,-5.333824591960257,0.32329974899034664,15.572414360586206,-8.441177404563572,-0.014510811153661818,0.001679299005453938
50,1105004,T,2202,1,n50_i1105004_T_a2202,REFERENCE-LEGACY,0.07474996772534548,0.021259040147517748,7.6368654190711815,-0.0013512585422667117,0.625,0.30344827586206896,0.32155172413793104,-0.0,1.0217898642084444,11.801343541202613,32.791544191623025,8.804100526606584,0.14245930979701216,-0.7549593282341864
50,1105005,H,1101,0,n50_i1105005_H_a1101,W-REFERENCE,-0.13157566175620472,-0.041108538263114024,-12.203115267573871,-0.06687983562109476,0.47782874617737003,0.05271828665568369,0.42511045952168636,-0.0,-3.990739186948389,8.756094663373194,24.62426139011957,20.58732994771688,0.62914530947788,0.9331111111111112
50,1105005,H,1101,0,n50_i1105005_H_a1101,W-LEGACY,-0.04093357227197569,-0.011291623667976682,-4.144871263773309,-0.03321114515515461,0.8569065343258891,0.3163097199341021,0.540596814391787,-0.0,-1.0614185416551347,5.100782167504092,17.810930245657232,16.12977169770502,0.6070279310852509,1.8672095808383233
50,1105005,H,1101,0,n50_i1105005_H_a1101,GW-REFERENCE,-0.021774070663211686,-0.0064230547905036045,-2.019457782700007,-0.02562854961731041,0.4625382262996942,0.03418803418803419,0.42835019211166003,-0.0,-0.4240747008581014,8.722561092582627,25.533417962687,16.568785236238902,0.5498049092958183,0.8994427385420223
50,1105005,H,1101,0,n50_i1105005_H_a1101,GW-LEGACY,0.06886801882101734,0.023393859804633738,6.973470829949058,0.008040140848629744,0.9139784946236559,0.28717948717948716,0.6267990074441687,-0.0,2.404776383437446,5.068375666242098,18.670382332741873,12.259774077695562,0.5276875309031891,1.8335412082692344
50,1105005,H,1101,0,n50_i1105005_H_a1101,GW-W,0.10980159109299303,0.03468548347261042,11.599110282682634,0.04125128600378435,0.3904448105436573,0.15555555555555556,0.23488925498810176,-0.0,3.4297904928614287,-0.030833739382019054,0.7295181230574599,-3.3324767313616666,-0.07934040018206176,-0.033668372569088945
50,1105005,H,1101,0,n50_i1105005_H_a1101,REFERENCE-LEGACY,0.09064208948422903,0.029816914595137342,9.17828010453816,0.033668690465940156,0.794044665012407,0.05733944954128441,0.7367052154711226,-0.0,2.8169053015644874,-3.361018531589599,-5.467098515540359,-3.6965394722186296,-0.02211737839262918,0.9340984697272121
50,1105005,H,2202,0,n50_i1105005_H_a2202,W-REFERENCE,0.06825074802426923,0.01019615433272432,6.847544072910972,0.020820787190463035,0.6222879684418146,0.946159936658749,-0.3238719682169344,0.1865671641791078,2.509279339686954,24.80684917825997,57.25281578269985,10.84146234646235,0.9174732034313013,1.5636536168354578
50,1105005,H,2202,0,n50_i1105005_H_a2202,W-LEGACY,-0.02858256531948311,-0.04373819071187571,-2.613736392013122,0.0034860937226309924,0.0030349013657056147,0.9904988123515439,-0.9874639109858383,0.09337068160597539,1.2742273664831272,6.086219257669279,33.89534977335722,14.209650083425407,0.9417439353041795,1.97259768572866
50,1105005,H,2202,0,n50_i1105005_H_a2202,GW-REFERENCE,-0.02243141539445026,-0.013584157563530083,-2.250526330885827,-0.00446586707797457,0.7021696252465484,0.044989775051124746,0.6571798501954236,0.1865671641791078,0.11081902271650179,17.357190176241467,48.930936135808764,-0.16708928350763763,0.6458546510488867,1.4955284490630913
50,1105005,H,2202,0,n50_i1105005_H_a2202,GW-LEGACY,-0.1192647287382026,-0.06751850260813011,-10.90617858482168,-0.021800560545806612,0.009104704097116844,0.9897750511247444,-0.9806703470276276,0.09337068160597539,-1.1546176181465917,-0.24601461800707325,26.809556234168674,2.866576805898191,0.6701253829217648,1.9044725179562936
50,1105005,H,2202,0,n50_i1105005_H_a2202,GW-W,-0.09068216341871949,-0.023780311896254402,-8.51500189614881,-0.025286654268437604,0.03246239113222486,0.16768916155419222,-0.13522677042196735,-0.0,-2.460193442745595,-5.968950463109824,-5.29203855935444,-9.931799343787118,-0.27161855238241467,-0.06812516777236644
50,1105005,H,2202,0,n50_i1105005_H_a2202,REFERENCE-LEGACY,-0.09683331334375234,-0.05393434504460003,-8.85493489533824,-0.017334693467832042,0.0015174506828528073,0.9990138067061144,-0.9974963560232616,-0.09337068160597539,-1.2668405411701888,-14.999681542999522,-14.853448501436816,3.038743504154562,0.02427073187287812,0.40894406889320223
50,1105005,T,1101,0,n50_i1105005_T_a1101,W-REFERENCE,0.1729315329206752,0.10496967310315124,19.445422216625175,0.12723626815189307,0.2046783625730994,0.4982456140350877,-0.2935672514619883,-0.0,8.033160714519628,5.345823020409313,27.640389125840613,5.816567217733937,0.7395275395313798,1.256340579710145
50,1105005,T,1101,0,n50_i1105005_T_a1101,W-LEGACY,0.14905168324310292,0.08271252322844021,16.3219583940029,0.09961947938808763,0.7567084078711985,0.10175438596491228,0.6549540219062863,-0.0,7.052122923826277,7.716586211588861,12.047996090224489,6.729600041764705,0.7682230670155529,1.517346869018321
50,1105005,T,1101,0,n50_i1105005_T_a1101,GW-REFERENCE,0.14331309545809867,0.07531663644340549,16.11495372352103,0.09821589500439085,0.11695906432748537,0.2810810810810811,-0.16412201675359572,-0.0,8.372594652892085,4.683044412482595,27.798255316377897,1.6227690389472471,0.8023646861991411,1.4540517961570596
50,1105005,T,1101,0,n50_i1105005_T_a1101,GW-LEGACY,0.11943324578052639,0.053059486568694456,13.078580704862187,0.07059910624058541,0.7423971377459749,0.23783783783783785,0.5045592999081371,-0.0,7.395177705576361,7.0388920514122155,12.186577540980359,2.499615890447693,0.8310602136833143,1.7150580854652355
50,1105005,T,1101,0,n50_i1105005_T_a1101,GW-W,-0.02961843746257653,-0.02965303665974575,-2.7882763786995723,-0.02902037314750222,0.3087719298245614,0.8162162162162162,-0.5074442863916548,-0.0,0.3690829662187367,-0.6291455977312954,0.12368043659101158,-3.9632718099400277,0.06283714666776123,0.19771121644691458
50,1105005,T,1101,0,n50_i1105005_T_a1101,REFERENCE-LEGACY,-0.023879849677572285,-0.02225714987471103,-2.6149715616204827,-0.02761678876380544,0.37209302325581395,0.17251461988304093,0.19957840337277302,-0.0,-1.0667299195181057,2.250457705114939,-12.215877076529114,0.8628448720624737,0.02869552748417303,0.26100628930817593
50,1105005,T,2202,0,n50_i1105005_T_a2202,W-REFERENCE,-0.021098707928404625,-0.026565180875364663,-2.162287140434449,-0.0174981967689955,0.016415868673050615,0.9601990049751243,-0.9437831363020737,-0.0,0.5892673401683646,-8.062244042567613,-16.910743236111394,11.639406916646799,0.33056070610998217,1.3324499390316964
50,1105005,T,2202,0,n50_i1105005_T_a2202,W-LEGACY,0.18800334251593176,0.13823803400259946,24.522491024689508,0.13158144364900864,0.8118081180811808,0.014925373134328358,0.7968827449468524,-0.0,5.347420848342443,5.687669978526477,-5.0834765297547495,18.686335819159396,0.45973615912915766,1.2128007337550857
50,1105005,T,2202,0,n50_i1105005_T_a2202,GW-REFERENCE,-0.014379758082309624,-0.011510126575679479,-1.4737000052063132,-0.013615660232560528,0.013679890560875513,0.9039351851851852,-0.8902552946243097,-0.0,-0.11733843292731638,-11.5468911273501,-18.600816149541966,3.1140983058077554,0.25272249259678786,1.466876113631371
50,1105005,T,2202,0,n50_i1105005_T_a2202,GW-LEGACY,0.19472229236202676,0.15329308830228464,25.398887077500333,0.13546398018544364,0.9833948339483395,0.0011574074074074073,0.982237426540932,-0.0,4.674635756859247,1.681870323609469,-7.0141213760542716,9.622890672917418,0.38189794561596335,1.3472269083547603
50,1105005,T,2202,0,n50_i1105005_T_a2202,GW-W,0.0067189498460950015,0.015055054299685185,0.7038054295244178,0.0038825365364349718,0.8606965174129353,0.024305555555555556,0.8363909618573797,-0.0,-0.7107942514753995,-3.790224210384141,-2.0340450489684803,-7.636468919262807,-0.07783821351319431,0.13442617459967465
50,1105005,T,2202,0,n50_i1105005_T_a2202,REFERENCE-LEGACY,0.20910205044433638,0.16480321487796412,27.274531860149676,0.14907964041800414,1.0,0.0,1.0,-0.0,4.786357952370945,14.955677216507613,14.234411483503461,6.312223521371818,0.12917545301917552,-0.11964920527661072
50,1105006,H,1101,1,n50_i1105006_H_a1101,W-REFERENCE,-0.2119303422571247,-0.1094222301182155,-19.525110515299605,-0.12325268139681769,0.05396290050590219,0.3026222537207654,-0.2486593532148632,-0.0,-6.436349936665864,-23.92407472319855,-37.64109861803704,31.71192909859979,0.4453886218469032,1.3657213269613533
50,1105006,H,1101,1,n50_i1105006_H_a1101,W-LEGACY,0.05686595403917227,0.02775551464699781,6.963505613178533,0.01559501787680817,0.9014705882352941,0.0063784549964564135,0.8950921332388377,-0.0,1.1063581138440859,-2.462681859331539,-5.153772832489389,28.816746170146466,0.654225199801548,1.4803819894563996
50,1105006,H,1101,1,n50_i1105006_H_a1101,GW-REFERENCE,-0.16767650801136358,-0.09581461102757596,-15.448011430894248,-0.09933105322064265,0.045531197301854974,0.8471839306813707,-0.8016527333795157,-0.0,-5.000281814648999,-23.450670634591052,-37.69086594176342,15.779894418789464,0.26714513961356484,1.281970019310132
50,1105006,H,1101,1,n50_i1105006_H_a1101,GW-LEGACY,0.1011197882849334,0.04136313373763735,12.382597376991233,0.03951664605298322,0.9794117647058823,0.0,0.9794117647058823,-0.0,2.4406579716216847,-1.8557281478702836,-5.229467605602212,13.234916328547763,0.4759817175682097,1.3966306818051784
50,1105006,H,1101,1,n50_i1105006_H_a1101,GW-W,0.044253834245761126,0.013607619090639539,5.066299699834298,0.023921628176175047,0.14528703047484054,0.9149271366679795,-0.769640106193139,-0.0,1.3492271417343549,0.6222784499630096,-0.07980789049113479,-12.096121276823425,-0.1782434822333383,-0.0837513076512213
50,1105006,H,1101,1,n50_i1105006_H_a1101,REFERENCE-LEGACY,0.268796296296297,0.13717774476521333,32.91538055919177,0.13884769927362586,0.5941176470588235,0.04300168634064081,0.5511159607181827,-0.0,7.086590300210571,28.210492065367543,52.097335048536394,-2.1981174736921405,0.20883657795464483,0.11466066249504636
50,1105006,H,2202,1,n50_i1105006_H_a2202,W-REFERENCE,0.06309186185324189,0.06342458920785168,6.844945817065651,0.03581004909146346,0.9833333333333333,0.004618937644341801,0.9787143956889914,-0.0,0.5402337469557317,1.9434093077398185,21.68691544940753,26.741959464935448,0.4967336551849447,0.4755575285159661
50,1105006,H,2202,1,n50_i1105006_H_a2202,W-LEGACY,0.13744874572548837,0.07335653058826536,16.220585562587274,0.05391319618517232,0.23880597014925373,0.3325635103926097,-0.09375754024335595,-0.0,3.3518435000908453,1.2231894821897793,-14.701869506328924,28.236389863226584,0.2939752929161335,0.07662488519098831
50,1105006,H,2202,1,n50_i1105006_H_a2202,GW-REFERENCE,-0.08498009689273478,-0.015044284825046148,-9.21963850286771,-0.00574496745029375,0.8433333333333334,0.03233256351039261,0.8110007698229408,-0.0,-3.2058108346668446,0.115519667243702,11.722443421727524,19.358994425005214,0.3875533988658829,0.1874153412399251
50,1105006,H,2202,1,n50_i1105006_H_a2202,GW-LEGACY,-0.010623213020488298,-0.005112343444632475,-1.2536653924261176,0.01235817964341511,0.5552238805970149,0.8799076212471132,-0.3246837406500983,-0.0,-0.28830483948172336,-0.5917863037772308,-21.686604325011704,20.766371353145097,0.18479503659707164,-0.2115173020850527
50,1105006,H,2202,1,n50_i1105006_H_a2202,GW-W,-0.14807195874597667,-0.07846887403289782,-15.035418097771625,-0.04155501654175721,0.5866050808314087,0.07852193995381063,0.5080831408775981,-0.0,-3.766391901718258,-1.7930434668691708,-8.188614191492782,-5.82519401711854,-0.10918025631906185,-0.288142187276041
50,1105006,H,2202,1,n50_i1105006_H_a2202,REFERENCE-LEGACY,0.07435688387224648,0.009931941380413672,8.774996022342595,0.01810314709370886,0.11940298507462686,0.7033333333333334,-0.5839303482587065,-0.0,2.8268815210985454,-0.7064898363129068,-29.90361356547445,1.179112587970188,-0.20275836226881122,-0.3989326433249778
50,1105006,T,1101,1,n50_i1105006_T_a1101,W-REFERENCE,-0.19472069562775896,-0.14011155213405757,-22.309093387242086,-0.131632128570417,0.0,1.0,-1.0,-0.0,-1.8511405131123482,-8.570139626191864,-8.68810665930556,25.70235243058896,0.3490409776156437,0.45508088978766437
50,1105006,T,1101,1,n50_i1105006_T_a1101,W-LEGACY,-0.1892445553727029,-0.14749601004284651,-21.81858334006178,-0.14940234966612675,0.0,1.0,-1.0,-0.0,-2.2023444484562393,-16.151462262555505,-48.24991147298695,20.211141620510233,0.02598381531301961,0.4926361709317686
50,1105006,T,1101,1,n50_i1105006_T_a1101,GW-REFERENCE,-0.1884208158943057,-0.07518356195910747,-21.587318000969447,-0.07794239018786124,0.5268644747393745,0.805668016194332,-0.27880354145495756,-0.0,-4.825010670081098,-3.497691039920614,9.129281618622231,13.870815887919608,0.436744657173684,0.9686563577768983
50,1105006,T,1101,1,n50_i1105006_T_a1101,GW-LEGACY,-0.18294467563924965,-0.08256801986789641,-21.09225094584305,-0.09571261128357102,0.3370165745856354,0.7408906882591093,-0.4038741136734739,-0.0,-5.186469128811444,-11.499618817008116,-38.15208755356985,8.896456672951825,0.11368749487105992,1.0062116389210025
50,1105006,T,1101,1,n50_i1105006_T_a1101,GW-W,0.006299879733453251,0.0649279901749501,0.9290345778435238,0.05368973838255575,0.5752314814814815,0.0,0.5752314814814815,-0.0,-2.919820182657551,5.547912427660617,19.512669846247977,-9.41234297838822,0.08770367955804032,0.5135754679892339
50,1105006,T,1101,1,n50_i1105006_T_a1101,REFERENCE-LEGACY,0.00547614025505605,-0.007384457908788944,0.631360951449822,-0.017770221095709776,0.1408839779005525,0.8396150761828388,-0.6987310982822863,-0.0,-0.3448208174936074,-8.291954734883799,-43.326015227909096,-4.368423266470611,-0.32305716230262405,0.037555281144104224
50,1105006,T,2202,1,n50_i1105006_T_a2202,W-REFERENCE,-0.13815451592072525,-0.08613923439246113,-17.702831420062914,-0.08546454747153145,0.6339622641509434,0.45454545454545453,0.17941680960548884,-0.0,-3.815695250274187,23.82440753929238,117.9090442228742,15.857480657583455,0.29120484466867125,0.6559296545386188
50,1105006,T,2202,1,n50_i1105006_T_a2202,W-LEGACY,-0.39263194872059537,-0.23424765609508988,-37.93961153510769,-0.23039187916371898,0.07677165354330709,0.696969696969697,-0.62019804342639,-0.0,-9.301078317991607,6.178870699859407,69.17073846706228,21.45669165615991,-0.22744412980366807,0.43664420723244257
50,1105006,T,2202,1,n50_i1105006_T_a2202,GW-REFERENCE,-0.16765591342931718,-0.0946111343614045,-21.48307894415069,-0.10391956424226756,0.6822641509433962,0.035398230088495575,0.6468659208549006,-0.0,-5.427296153623207,29.675303061732382,126.29182933780552,9.846827760033383,0.283041603953685,0.5882574662212692
50,1105006,T,2202,1,n50_i1105006_T_a2202,GW-LEGACY,-0.4221333462291873,-0.24271955606403325,-40.790300494235844,-0.24884689593445508,0.09055118110236221,0.45427728613569324,-0.363726105033331,-0.0,-10.99783251425881,11.195987207833902,75.67860028326663,15.155553296457814,-0.2356073705186543,0.3689720189150929
50,1105006,T,2202,1,n50_i1105006_T_a2202,GW-W,-0.02950139750859193,-0.008471899968943375,-4.593411400801639,-0.018455016770736105,0.803030303030303,0.035398230088495575,0.7676320729418074,-0.0,-1.5523672980890302,4.725155273271464,3.8469193166473348,-5.187971344996312,-0.008163240714986232,-0.06767218831734967
50,1105006,T,2202,1,n50_i1105006_T_a2202,REFERENCE-LEGACY,-0.2544774327998701,-0.14810842170262875,-24.589886218732214,-0.14492733169218752,0.03937007874015748,0.9962264150943396,-0.9568563363541821,-0.0,-5.283770488165129,-14.250451256012365,-22.36635286508031,4.8328437376649935,-0.5186489744723393,-0.21928544730617627
50,1105007,H,1101,0,n50_i1105007_H_a1101,W-REFERENCE,-0.2654174123837407,-0.16124744893902304,-24.47371797795893,-0.15946842018651083,0.21540178571428573,0.8354430379746836,-0.6200412522603979,-0.0,-3.2396171206931834,29.71140248584232,18.404305679116327,20.08748706100272,2.007866142693543,0.9522846187581471
50,1105007,H,1101,0,n50_i1105007_H_a1101,W-LEGACY,0.007674086717717965,-0.004194369391192665,0.9457737986001025,-0.008407948078451688,0.8417910447761194,0.09282700421940929,0.7489640405567102,-0.0,-1.2532847628713872,53.13959417421712,78.34683690815616,14.2171765603327,2.1373579363537254,1.3641864926079044
50,1105007,H,1101,0,n50_i1105007_H_a1101,GW-REFERENCE,-0.31772000468751116,-0.19501806912302536,-29.296456931151504,-0.18803234903846863,0.08705357142857142,0.4583333333333333,-0.37127976190476186,-0.0,-3.2725066346088516,21.67680898960016,-6.945039697289667,12.944956258679241,1.5959061351160966,1.106288637032676
50,1105007,H,1101,0,n50_i1105007_H_a1101,GW-LEGACY,-0.04462850558605247,-0.03796498957519498,-5.500129566755552,-0.036971876930409486,0.8417910447761194,0.11904761904761904,0.7227434257285004,-0.0,-1.285541481862551,43.653809857733286,40.164310186310836,7.423798484878574,1.7253979287762793,1.5181905108824334
50,1105007,H,1101,0,n50_i1105007_H_a1101,GW-W,-0.052302592303770434,-0.033770620184002315,-6.385510876578215,-0.0285639288519578,0.0379746835443038,0.9821428571428571,-0.9441681735985533,-0.0,-0.031857454369710325,-6.19420755790464,-21.409141526579646,-5.947772725642242,-0.41196000757744644,0.15400401827452903
50,1105007,H,1101,0,n50_i1105007_H_a1101,REFERENCE-LEGACY,0.2730914991014587,0.15705307954783038,33.65648499570095,0.15106047210805915,0.8776119402985074,0.002232142857142857,0.8753797974413645,-0.0,1.9240020577562245,18.06178272641217,50.625296846457715,-4.8883615140418275,0.12949179366018287,0.4119018738497573
50,1105007,H,2202,0,n50_i1105007_H_a2202,W-REFERENCE,-0.0936587430968121,-0.04762629544256676,-10.09639615858282,-0.05184296845866235,0.1433408577878104,0.8894523326572008,-0.7461114748693904,-0.0,-1.736783951405596,-13.828912288637763,-26.20500671960857,29.293998740747696,0.3199968638087804,1.2426687652498718
50,1105007,H,2202,0,n50_i1105007_H_a2202,W-LEGACY,-0.18085524979706902,-0.08843522799464218,-17.82102894895594,-0.08025905792042254,0.8018018018018018,0.8884381338742393,-0.08663633207243748,-0.0,-3.136345470817714,8.140763866805067,-25.51031602948336,24.399760912178238,0.1763296624339215,0.8199937871840408
50,1105007,H,2202,0,n50_i1105007_H_a2202,GW-REFERENCE,0.14875224482057714,0.06972132591868643,16.035466028351664,0.06242942889122592,0.5948081264108352,0.5422222222222223,0.052585904188612975,-0.0,1.6862573083180288,-0.28069794035222584,-3.046990784834991,21.042609593396456,0.29254151478754675,1.042024851797897
50,1105007,H,2202,0,n50_i1105007_H_a2202,GW-LEGACY,0.061555738120320225,0.028912393366611007,6.065550169251188,0.03401333942946573,0.9117117117117117,0.035555555555555556,0.8761561561561562,-0.0,0.33378551044416227,25.14315164636214,-2.134295358121041,16.460716199190028,0.14887431341268786,0.619349873732066
50,1105007,H,2202,0,n50_i1105007_H_a2202,GW-W,0.24241098791738924,0.11734762136125318,29.06653467755198,0.11427239734988827,0.8945233265720081,0.27111111111111114,0.623412215460897,-0.0,3.364605334250226,15.722459479293672,31.38155436478245,-6.381881005858913,-0.02745534902123363,-0.20064391345197485
50,1105007,H,2202,0,n50_i1105007_H_a2202,REFERENCE-LEGACY,-0.08719650670025691,-0.04080893255207542,-8.592128079758353,-0.02841608946176019,0.22342342342342342,0.5406320541760722,-0.31720863075264877,-0.0,-1.3756691189301007,25.495414690635233,0.9413791630628277,-3.7853557599243914,-0.1436672013748589,-0.422674978065831
50,1105007,T,1101,0,n50_i1105007_T_a1101,W-REFERENCE,-0.023385735856161327,-0.024887210767588847,-2.838467855270488,-0.024174179233225623,0.6157635467980296,0.43340857787810383,0.18235496891992575,-0.0,-3.0776047051056077,14.741851105349003,8.98045403097929,17.147246290015318,0.5478651771357899,0.9494750656167978
50,1105007,T,1101,0,n50_i1105007_T_a1101,W-LEGACY,-0.05988502244660965,-0.04800976495759632,-6.9602574289766235,-0.042434315682667756,0.011278195488721804,0.9977426636568849,-0.9864644681681631,-0.0,-0.38387607672558666,7.7255102143724885,12.786568491526307,17.441293673790902,0.4417887971666463,0.9580664503713896
50,1105007,T,1101,0,n50_i1105007_T_a1101,GW-REFERENCE,0.20991031745415145,0.13226479272957492,25.478081692531095,0.13314908104340284,1.0,0.0,1.0,-0.0,4.641919108555081,14.677609127052428,6.611869754673871,11.619886683128811,0.27916023415634533,0.8374766081346894
50,1105007,T,1101,0,n50_i1105007_T_a1101,GW-LEGACY,0.17341103086370313,0.10914223853956745,20.155046562964362,0.1148889445939607,0.2518796992481203,0.22916666666666666,0.022713032581453657,-0.0,7.133913302439754,7.665196564012899,10.33526201567392,11.900060026471838,0.1730838541872018,0.8460679928892811
50,1105007,T,1101,0,n50_i1105007_T_a1101,GW-W,0.23329605331031278,0.15715200349716377,29.14378656114842,0.15732326027662846,0.9435665914221218,0.1484375,0.7951290914221218,-0.0,7.489040743375286,-0.055988270781504035,-2.1734028338991074,-4.718300926342489,-0.2687049429794445,-0.11199845748210846
50,1105007,T,1101,0,n50_i1105007_T_a1101,REFERENCE-LEGACY,-0.03649928659044832,-0.02312255419000747,-4.24220314637116,-0.018260136449442133,0.08270676691729323,0.9630541871921182,-0.8803474202748249,-0.0,2.6133015373091872,-6.114892537801698,3.4924744023043575,0.25100665452062465,-0.10607637996914357,0.008591384754591758
50,1105007,T,2202,0,n50_i1105007_T_a2202,W-REFERENCE,0.0473461968685146,0.058442941266282133,6.288313114374988,0.05762798336018421,0.25274725274725274,0.07719928186714542,0.17554797088010732,-0.0,-0.7482477633399931,8.121704281880305,8.538223221001662,24.38662681861039,0.8226434393410009,1.4103632402627464
50,1105007,T,2202,0,n50_i1105007_T_a2202,W-LEGACY,-0.08470039373485949,-0.04130834725977271,-9.570987754936022,-0.03626562160399788,0.002926115581565472,0.8420107719928187,-0.8390846564112532,-0.0,-0.9337581900552117,32.91212536424244,67.6216563725574,15.4106726261245,0.7650817718994772,1.8720386464904928
50,1105007,T,2202,0,n50_i1105007_T_a2202,GW-REFERENCE,0.18274716293905613,0.14535348157513808,24.27167243265307,0.1409794000968323,1.0,0.0,1.0,-0.0,0.03462623728603953,1.7236495906422622,28.400231509779704,14.625648274623892,0.6798666445365457,0.9887370877061663
50,1105007,T,2202,0,n50_i1105007_T_a2202,GW-LEGACY,0.05070057233568204,0.04560219304908324,5.729070853106877,0.047085795132650196,0.9890270665691295,0.03770197486535009,0.9513250917037794,-0.0,-0.1494426627213441,25.047108318339095,98.29566806585213,6.354063181337266,0.622304977095022,1.4504124939339127
50,1105007,T,2202,0,n50_i1105007_T_a2202,GW-W,0.13540096607054153,0.08691054030885595,16.919413613166,0.08335141673664807,1.0,0.0,1.0,-0.0,0.7770596690326648,-5.917456382816432,18.299551714915886,-7.847289369958288,-0.14277679480445526,-0.4216261525565801
50,1105007,T,2202,0,n50_i1105007_T_a2202,REFERENCE-LEGACY,-0.1320465906033741,-0.09975128852605485,-14.92102038748615,-0.09389360496418209,0.0,1.0,-1.0,-0.0,-0.18413265821852765,22.928255938078724,54.435600103064274,-7.216173009961335,-0.05756166744152365,0.4616754062277464
50,1105008,H,1101,1,n50_i1105008_H_a1101,W-REFERENCE,-0.03052871731261586,-0.01933401875788454,-3.2899226349208943,0.004884511259144492,0.010101010101010102,0.9212454212454212,-0.9111444111444111,-0.0,3.4970254428907,-16.34934906917823,-31.783654971667332,8.431803656039548,0.2765383566490417,1.188614772999069
50,1105008,H,1101,1,n50_i1105008_H_a1101,W-LEGACY,0.017069981961463143,0.04841355350615317,1.9390046384733628,0.041655531822902075,0.7875536480686696,0.11721611721611722,0.6703375308525523,0.1848428835489857,-1.5717512231470776,-5.563753241061775,0.0938827159063571,12.2065008605869,0.4683898746536991,1.4699671081293024
50,1105008,H,1101,1,n50_i1105008_H_a1101,GW-REFERENCE,0.050264002763520166,0.0380950341211056,5.416692706741899,0.05450186216297149,0.037037037037037035,0.37272727272727274,-0.3356902356902357,-0.18518518518517713,3.303843874168544,-1.6009627542619809,-17.033577665547273,14.36243613306245,0.04243350614079183,0.533033201693192
50,1105008,H,1101,1,n50_i1105008_H_a1101,GW-LEGACY,0.09786270203759917,0.10584260638514331,11.11636987155762,0.09127288272672907,0.9570815450643777,0.07272727272727272,0.884354272337105,-0.0,-1.7750795695446575,11.08623374449551,21.736679721757902,18.343588833851765,0.23428502414544922,0.8143855368234254
50,1105008,H,1101,1,n50_i1105008_H_a1101,GW-W,0.08079272007613603,0.05742905287899014,9.002800513534325,0.049617350903827,0.9917582417582418,0.03636363636363636,0.9553946053946054,-0.18518518518517713,-0.20018198362148354,17.630928332061657,21.622497218216296,5.46945847717859,-0.23410485050824986,-0.655581571305877
50,1105008,H,1101,1,n50_i1105008_H_a1101,REFERENCE-LEGACY,0.047598699274079004,0.06774757226403771,5.406807042098749,0.036771020563757584,0.9613733905579399,0.0,0.9613733905579399,0.1848428835489857,-5.252456402821171,12.893618529084772,46.730058132451724,3.4811716463937215,0.19185151800465738,0.2813523351302334
50,1105008,H,2202,1,n50_i1105008_H_a2202,W-REFERENCE,0.11520424761775783,0.0767923151947092,13.804670169813082,0.08498273828718228,0.7,0.0014336917562724014,0.6985663082437276,-0.2777777777777768,4.522379532152565,-8.442369999736044,-8.694201962893533,19.10200719147841,0.9591179304015365,1.1853645742262633
50,1105008,H,2202,1,n50_i1105008_H_a2202,W-LEGACY,0.15518084331160442,0.09561147213890578,19.53055054398922,0.09915296367639828,0.0944700460829493,0.0931899641577061,0.0012800819252432039,-0.2777777777777768,6.65540594715659,-9.827867995874495,0.055194967633798164,30.054505319128012,0.9658785047635797,0.8912422138868616
50,1105008,H,2202,1,n50_i1105008_H_a2202,GW-REFERENCE,0.09038257230347746,0.06408653026540065,10.830343720386114,0.06403372221672043,0.9821428571428571,0.004597701149425287,0.9775451559934318,-0.09259259259259967,2.6577146715581867,0.13482657990839808,-7.129079323765142,16.39015039704703,1.2024675943157714,1.1030731125878743
50,1105008,H,2202,1,n50_i1105008_H_a2202,GW-LEGACY,0.13035916799732405,0.08290568720959723,16.40657612829024,0.07820394760593644,0.06221198156682028,0.6735632183908046,-0.6113512368239843,-0.09259259259259967,4.832398800519567,-1.380466045837092,1.77029580649406,27.093268962052374,1.2092281686778148,0.8089507522484727
50,1105008,H,2202,1,n50_i1105008_H_a2202,GW-W,-0.024821675314280367,-0.012705784929308545,-2.613536373321812,-0.020949016070461852,0.5347670250896057,0.9804597701149426,-0.44569274502533685,0.1846722068328699,-1.952986313920868,9.368084975135016,1.714154711721938,-2.2769194729620135,0.24334966391423504,-0.08229146163838896
50,1105008,H,2202,1,n50_i1105008_H_a2202,REFERENCE-LEGACY,0.039976595693846595,0.018819156944196586,5.031322849609143,0.014170225389216001,0.03917050691244239,0.45,-0.4108294930875576,-0.0,2.234059043943537,-1.5132523593440084,9.582520626972224,9.195897185881542,0.006760574362043269,-0.29412236033940165
50,1105008,T,1101,1,n50_i1105008_T_a1101,W-REFERENCE,0.008518580750162652,0.006158518222246431,0.9722146110420882,-0.0010201111280665476,0.060240963855421686,0.9585921325051759,-0.8983511686497543,-0.0,0.3733570128333086,6.985730256024136,10.225267295729523,16.42711151362326,0.7936353532417931,1.1814837285553845
50,1105008,T,1101,1,n50_i1105008_T_a1101,W-LEGACY,0.058887791016649094,0.04479014245440445,7.130701022499353,0.03001268765960538,0.9993917274939172,0.0010351966873706005,0.9983565308065466,0.1848428835489857,0.19821624823177508,12.075728644211981,6.639621492411796,26.81261832152193,0.8857309578258485,1.6065177996151383
50,1105008,T,1101,1,n50_i1105008_T_a1101,GW-REFERENCE,0.02011270343666638,0.011425070857174133,2.295436848246135,0.019518895286980142,0.9799196787148594,0.1264591439688716,0.8534605347459878,-0.0,0.6548099076743474,9.329217010281244,4.116133372769593,10.061647645020532,0.6229126898706946,1.2206342176952911
50,1105008,T,1101,1,n50_i1105008_T_a1101,GW-LEGACY,0.07048191370315282,0.05005669508933215,8.534629087524937,0.05055169407465207,0.9854014598540146,0.005836575875486381,0.9795648839785283,0.1848428835489857,0.48016392914332906,14.53071011625402,0.7292186857393412,19.879343678578465,0.71500829445475,1.645668288755045
50,1105008,T,1101,1,n50_i1105008_T_a1101,GW-W,0.011594122686503727,0.005266552634927701,1.3104815441567386,0.02053900641504669,0.994824016563147,0.013618677042801557,0.9812053395203455,-0.0,0.2825076569902052,2.190466661908075,-5.542407900512869,-5.467338136150435,-0.17072266337109857,0.0391504891399066
50,1105008,T,1101,1,n50_i1105008_T_a1101,REFERENCE-LEGACY,0.05036921026648644,0.03863162423215802,6.099189202871846,0.031032798787671928,0.9829683698296837,0.03614457831325301,0.9468237915164307,0.1848428835489857,-0.17579711546047427,4.757642328567679,-3.2530162015371733,8.920179048402698,0.09209560458405541,0.42503407105975377
50,1105008,T,2202,1,n50_i1105008_T_a2202,W-REFERENCE,-0.04924325693962861,-0.04210598291222807,-5.041575333615089,-0.011105701341121224,0.0,0.9986910994764397,-0.9986910994764397,-0.2777777777777768,1.1032028670789895,19.72100187611481,20.850214620326014,27.719754406508024,0.9502953737495891,1.0733868158127944
50,1105008,T,2202,1,n50_i1105008_T_a2202,W-LEGACY,-0.09366468972379227,-0.05177238418970318,-9.172337507488093,-0.03793890339931536,0.10284463894967177,0.13219895287958114,-0.029354313929909365,-0.2777777777777768,-1.4976484284591196,35.04673345192288,63.950498879365725,36.49143433570079,0.9622934751212637,0.8206840971436544
50,1105008,T,2202,1,n50_i1105008_T_a2202,GW-REFERENCE,0.04527676093506394,-0.013519829387477415,4.635481389788176,0.022728068609626374,0.0020325203252032522,0.573187414500684,-0.5711548941754807,-0.2777777777777768,5.170029443599578,17.134295408078202,-4.0094415656454885,18.114824948686792,0.6923504832012767,1.1128681525616244
50,1105008,T,2202,1,n50_i1105008_T_a2202,GW-LEGACY,0.0008553281509002808,-0.023186230664952526,0.0837600434363095,-0.004105133448567763,0.09190371991247265,0.9288645690834473,-0.8369608491709746,-0.2777777777777768,2.6761301573975937,32.12889737109237,30.224840663000172,26.22684680589229,0.7043485845729512,0.8601654338924845
50,1105008,T,2202,1,n50_i1105008_T_a2202,GW-W,0.09452001787469255,0.028586153524750656,10.190835365478556,0.0338337699507476,0.032722513089005235,0.45143638850889195,-0.4187138754198867,-0.0,4.112192400988102,-2.1606121127463296,-20.570634701868627,-7.520316259965975,-0.2579448905483124,0.03948133674883003
50,1105008,T,2202,1,n50_i1105008_T_a2202,REFERENCE-LEGACY,-0.04442143278416366,-0.00966640127747511,-4.350074454568409,-0.026833202058194137,0.8577680525164114,0.006097560975609756,0.8516704915408017,-0.0,-2.6298640309275756,12.80120558268203,35.66421821793819,6.867911678935856,0.01199810137167464,-0.25270271866913996
50,1105009,H,1101,0,n50_i1105009_H_a1101,W-REFERENCE,0.021589022614523667,0.00730640160177912,2.221265954474849,0.015380010829312667,0.2634920634920635,0.4588235294117647,-0.19533146591970119,0.08561643835616195,1.8886836309010335,10.3814597664446,16.774094640271976,14.584369747333836,1.2552381233873207,1.9730916984906348
50,1105009,H,1101,0,n50_i1105009_H_a1101,W-LEGACY,0.04743179132343467,0.02578758912859738,5.0134995697413975,0.051102283237041385,0.8623853211009175,0.041176470588235294,0.8212088505126822,0.2564102564102555,1.787002509678004,-1.946394328496459,17.495459521576272,31.12284664130447,1.1677040948308344,1.697046391020176
50,1105009,H,1101,0,n50_i1105009_H_a1101,GW-REFERENCE,0.005547433248727751,-0.00226988628498705,0.5707680625537614,0.007290016278214559,0.2396825396825397,0.8403547671840355,-0.6006722275014957,-0.3424657534246478,1.8886836309010335,10.860375721315974,19.708990998127774,9.55612257219105,1.1717897104353312,1.9540702732192092
50,1105009,H,1101,0,n50_i1105009_H_a1101,GW-LEGACY,0.03139020195763875,0.01621130124183121,3.317917363390044,0.04301228868594328,0.5412844036697247,0.31042128603104213,0.2308631176386826,-0.17094017094017033,1.787002509678004,-1.5209656714728181,20.448486023530798,25.368849960302864,1.084255681878845,1.6780249657487505
50,1105009,H,1101,0,n50_i1105009_H_a1101,GW-W,-0.016041589365795916,-0.00957628788676617,-1.6146326075204054,-0.008089994551098108,0.07058823529411765,0.9866962305986696,-0.916107995304552,-0.42844901456726703,-0.0,0.4338735471379751,2.5133111645154527,-4.3882487517541975,-0.08344841295198947,-0.019021425271425585
50,1105009,H,1101,0,n50_i1105009_H_a1101,REFERENCE-LEGACY,0.025842768708911,0.01848118752681826,2.7315584376641278,0.03572227240772872,0.26605504587155965,0.10317460317460317,0.16288044269695648,0.17094017094017033,-0.1036385250815508,-11.168410094435687,0.6177439298728826,14.433449283212951,-0.08753402855648613,-0.27604530747045875
50,1105009,H,2202,0,n50_i1105009_H_a2202,W-REFERENCE,0.03756011442480456,-0.016695769911592273,4.256004971163541,0.11264278252104278,0.0,0.6086206896551725,-0.6086206896551725,-0.17094017094017033,8.849283166808652,7.303309681098535,-22.69355643282581,17.50651035200914,-0.6184062129143781,-0.7919261600545937
50,1105009,H,2202,0,n50_i1105009_H_a2202,W-LEGACY,-0.025799369367422775,-0.04172690437825381,-2.727552231180108,-0.0004544919597982977,0.0,0.6275862068965518,-0.6275862068965518,-0.5145797598627766,6.235592496798336,3.2197196202081058,-9.978136630270962,25.852378854801717,0.2936096770695123,0.4657053709469574
50,1105009,H,2202,0,n50_i1105009_H_a2202,GW-REFERENCE,0.028301412178437402,-0.018420372484631672,3.206884557381229,0.11052563576376284,0.0,0.8666666666666667,-0.8666666666666667,-0.17094017094017033,5.723192293890611,6.7953489615838025,-24.060565803340705,6.586974139916979,-0.8752719597291866,-0.856216241925559
50,1105009,H,2202,0,n50_i1105009_H_a2202,GW-LEGACY,-0.03505807161378993,-0.04345150695129321,-3.706397628920677,-0.0025716387170782312,0.006535947712418301,0.8862745098039215,-0.8797385620915033,-0.5145797598627766,3.0198628933028715,2.7310901156549328,-11.569992691670272,14.1572855006874,0.03674393025470384,0.4014152890759921
50,1105009,H,2202,0,n50_i1105009_H_a2202,GW-W,-0.009258702246367156,-0.0017246025730393993,-1.0062925527143385,-0.0021171467572799335,0.5482758620689655,0.5490196078431373,-0.0007437457741718001,-0.0,-3.429584518395923,-0.4733877464025982,-1.7682993906284694,-9.292707424789459,-0.25686574681480845,-0.0642900818709653
50,1105009,H,2202,0,n50_i1105009_H_a2202,REFERENCE-LEGACY,-0.06335948379222733,-0.02503113446666154,-6.69846998671707,-0.11309727448084107,0.6078431372549019,0.13520871143375682,0.4726344258211451,-0.34305317324185847,-2.8674384149862897,-3.8056515432997484,16.448072393222944,7.102473282366417,0.9120158899838905,1.2576315310015511
50,1105009,T,1101,0,n50_i1105009_T_a1101,W-REFERENCE,0.13149752393871805,0.08211452513280093,14.673855278969317,0.07816869676107153,0.9589403973509933,0.028089887640449437,0.930850509710544,-0.6872852233676952,3.837277323104926,-0.5017277546156551,-3.902519362277279,19.801708479244052,0.6281830813958065,0.885590799208849
50,1105009,T,1101,0,n50_i1105009_T_a1101,W-LEGACY,0.027762370344049492,-0.026495258835431346,2.7765981156684383,0.027335671559431923,0.45609065155807366,0.550561797752809,-0.09447114619473534,-0.3424657534246478,3.445828162252196,4.786692357316813,8.32904286232219,27.674120291661588,0.8360402587543232,0.9002413386356829
50,1105009,T,1101,0,n50_i1105009_T_a1101,GW-REFERENCE,0.15081212527002086,0.0907934767585013,16.829178483675513,0.08709026101699512,0.9589403973509933,0.0014684287812041115,0.9574719685697892,-0.773195876288657,4.610607986509397,3.5889871659027683,-4.981135073722786,14.82667402475084,0.39470388323590755,0.953200889348897
50,1105009,T,1101,0,n50_i1105009_T_a1101,GW-LEGACY,0.0470769716753523,-0.017816307209730983,4.708309457199356,0.036257235815355504,0.09915014164305949,0.7606461086637298,-0.6614959670206704,-0.42808219178083196,4.222306819295207,9.094832350348048,7.1131378577190985,22.37216629233132,0.6025610605944244,0.9678514287757309
50,1105009,T,1101,0,n50_i1105009_T_a1101,GW-W,0.019314601331302805,0.008678951625700364,1.8795244996890448,0.00892156425592358,0.19101123595505617,0.6960352422907489,-0.5050240063356927,-0.08532423208191808,0.8041896504977886,4.111342667769979,-1.1224183030476897,-4.152724128600493,-0.23347919815989887,0.06761009014004804
50,1105009,T,1101,0,n50_i1105009_T_a1101,REFERENCE-LEGACY,-0.10373515359466856,-0.10860978396823229,-10.374864553352815,-0.05083302520163961,0.2237960339943343,0.8370860927152318,-0.6132900587208976,0.3424657534246589,-0.4070695483196607,5.315087380502526,12.72828605227554,6.571201623373724,0.20785717735851678,0.01465053942683392
50,1105009,T,2202,0,n50_i1105009_T_a2202,W-REFERENCE,-0.1576011681695989,-0.09502560919642171,-15.106170379670392,-0.06349280755854476,0.0,1.0,-1.0,-0.08554319931566301,-3.6580389564103255,-9.457882063591317,-20.753351022817956,7.553620607098277,0.2670462788450092,1.1979166666666667
50,1105009,T,2202,0,n50_i1105009_T_a2202,W-LEGACY,-0.011300724595569411,0.001709426072856804,-1.2598501561625897,-0.010325025359314316,0.6293103448275862,0.024608501118568233,0.6047018437090179,-0.0,-1.4335334208084083,-15.769608516782952,-14.372844361147408,18.1023669671347,0.40691110805505837,0.9247769667477699
50,1105009,T,2202,0,n50_i1105009_T_a2202,GW-REFERENCE,-0.0683675711935059,-0.042243363464656236,-6.553074389537206,0.0015847757955334274,0.0,1.0,-1.0,-0.08554319931566301,-0.8175577605487261,-6.90934214383816,-36.49910476274742,1.8663334238553153,0.1830078799642979,1.4254936412315928
50,1105009,T,2202,0,n50_i1105009_T_a2202,GW-LEGACY,0.0779328723805236,0.05449167180462228,8.688269553732496,0.054752557994763876,0.9655172413793104,0.039473684210526314,0.9260435571687841,-0.0,1.3459909384432978,-13.398728311592889,-31.386360056028085,11.857276618976664,0.32287270917434713,1.152353941312696
50,1105009,T,2202,0,n50_i1105009_T_a2202,GW-W,0.08923359697609301,0.05278224573176547,10.075050246154715,0.06507758335407819,0.9765100671140939,0.05526315789473684,0.9212469092193571,-0.0,2.740242073319621,2.8147562458646025,-19.869299135239437,-5.287862139033939,-0.08403839888071127,0.2275769745649261
50,1105009,T,2202,0,n50_i1105009_T_a2202,REFERENCE-LEGACY,0.1463004435740295,0.09673503526927851,16.310160921509432,0.05316778219923045,1.0,0.0,1.0,0.08547008547008517,2.1460038777478263,-6.971039110908139,8.051452956083649,9.807895169398172,0.1398648292100492,-0.27313969991889686
50,1105010,H,1101,1,n50_i1105010_H_a1101,W-REFERENCE,-0.2443483618817226,-0.17993233364317046,-25.856924916254776,-0.17821792999810576,0.007594936708860759,0.9985152190051967,-0.9909202822963359,-0.0,-7.353335119207083,-12.280182588412302,-4.361054721489632,19.69929334891516,0.7508860470370984,1.2443656269350698
50,1105010,H,1101,1,n50_i1105010_H_a1101,W-LEGACY,-0.21113637139568486,-0.17071418502042915,-23.156259106905296,-0.12394988729341508,0.04607046070460705,0.9933184855233853,-0.9472480248187782,-0.0,-2.792950874145239,6.491388988044955,36.34929107747307,19.229937217320337,0.9166619719709063,1.3666428884515227
50,1105010,H,1101,1,n50_i1105010_H_a1101,GW-REFERENCE,-0.28484706045885566,-0.19707681003369565,-30.142494094008665,-0.1944804173868759,0.0,1.0,-1.0,-0.0,-7.71603998733652,-18.464170342080934,-14.881873720720051,14.745903267442362,0.11301524357199312,1.2280292225516463
50,1105010,H,1101,1,n50_i1105010_H_a1101,GW-LEGACY,-0.2516350699728179,-0.18785866141095436,-27.597930390471348,-0.14021237468218523,0.0,1.0,-1.0,-0.0,-3.1402479902529423,-1.0159390571481741,21.350106300580695,14.295970007460834,0.27879116850580093,1.3503064840680992
50,1105010,H,1101,1,n50_i1105010_H_a1101,GW-W,-0.04049869857713306,-0.017144476390525215,-5.78013411625199,-0.016262487388770147,0.005939123979213066,0.7444794952681388,-0.7385403712889258,-0.0,-0.33786082912719007,-7.049704315562943,-11.00055941498802,-4.138194924036864,-0.6378708034651053,-0.01633640438342354
50,1105010,H,1101,1,n50_i1105010_H_a1101,REFERENCE-LEGACY,0.033211990486037735,0.009218148622741291,3.6425057988207943,0.05426804270469068,0.05962059620596206,0.6430379746835443,-0.5834173784775822,-0.0,4.248013571257847,21.399464944597057,42.56670301037933,-0.392112700470737,0.1657759249338078,0.1222772615164529
50,1105010,H,2202,1,n50_i1105010_H_a2202,W-REFERENCE,-0.3256212038446037,-0.23129505847075968,-33.22418944892542,-0.20811656465872758,0.0038022813688212928,0.9961240310077519,-0.9923217496389306,-0.0,-4.937864357172006,-7.527184360943906,-24.9628456875277,25.535596044489452,0.4003714604407642,1.0340786999731397
50,1105010,H,2202,1,n50_i1105010_H_a2202,W-LEGACY,-0.31810412520972364,-0.23301627087233653,-32.7080657247245,-0.2085588520635757,0.057432432432432436,0.9961240310077519,-0.9386915985753195,-0.0,-4.27742150809356,-13.350046732921905,-21.71281494839665,27.57280583872559,0.096858446762013,0.6507264776414161
50,1105010,H,2202,1,n50_i1105010_H_a2202,GW-REFERENCE,-0.34409779123909123,-0.24833499742778095,-35.109415695607574,-0.2193600391285388,0.0038022813688212928,0.9987546699875467,-0.9949523886187254,-0.0,-3.17455557421491,-6.204317794780545,-26.41645212638506,20.226832597935584,0.26372431533932866,1.0473744292237444
50,1105010,H,2202,1,n50_i1105010_H_a2202,GW-LEGACY,-0.3365807126042112,-0.2500562098293578,-34.60786326576262,-0.2198023265333869,0.057432432432432436,0.9987546699875467,-0.9413222375551142,-0.0,-2.525210384532861,-12.110478916753642,-23.229380406051714,22.17789101177148,-0.03978869833942255,0.6640222068920207
50,1105010,H,2202,1,n50_i1105010_H_a2202,GW-W,-0.018476587394487543,-0.017039938957021272,-2.8232173164565166,-0.011243474469811221,0.15503875968992248,0.6102117061021171,-0.4551729464121946,-0.0,1.6803360672134615,1.4305464335884643,-1.9371822561450092,-4.22889093916633,-0.13664714510143555,0.013295729250604627
50,1105010,H,2202,1,n50_i1105010_H_a2202,REFERENCE-LEGACY,0.007517078634880048,-0.0017212124015768444,0.7729201936173657,-0.00044228740484810597,0.5236486486486487,0.22433460076045628,0.2993140478881924,-0.0,0.6293656280544568,-6.296836893888957,4.331228667863862,1.622814451380128,-0.3035130136787512,-0.3833522223317236
50,1105010,T,1101,1,n50_i1105010_T_a1101,W-REFERENCE,-0.40822675051005675,-0.2812084030059887,-48.53819572078459,-0.2676443409972437,0.0021413276231263384,0.9972972972972973,-0.995155969674171,-0.0,-9.045127198080905,2.707216254251321,-6.344970774185987,29.86340111043575,0.9162949789390249,1.399844277618863
50,1105010,T,1101,1,n50_i1105010_T_a1101,W-LEGACY,-0.20675622186356535,-0.15637278014688213,-32.327290836135624,-0.12934608103843898,0.0,1.0,-1.0,-0.0,-2.8398427105815527,4.276116652866557,-9.41034288117577,26.646548864908915,0.8810135647242833,1.7669220055710306
50,1105010,T,1101,1,n50_i1105010_T_a1101,GW-REFERENCE,-0.17015120669414407,-0.09607886672550438,-20.230993099617024,-0.08204748278278026,0.0021413276231263384,0.999227202472952,-0.9970858748498257,-0.0,-3.1438685722239734,-16.988937328777297,-18.375272423902867,16.668479036496862,0.2717785784482242,1.089213444643353
50,1105010,T,1101,1,n50_i1105010_T_a1101,GW-LEGACY,0.03131932195234732,0.028756756133602207,4.896920733114429,0.056250777176024475,0.5404120443740095,0.2921174652241113,0.24829457914989816,-0.0,2.725600922449223,-15.72090481787799,-21.046887234348542,13.778478808860783,0.23649716423348247,1.4562911725955205
50,1105010,T,1101,1,n50_i1105010_T_a1101,GW-W,0.23807554381591267,0.18512953628048434,55.006238155937304,0.18559685821446345,0.32972972972972975,0.21020092735703247,0.11952880237269728,-0.0,5.411758211934837,-19.176990966507024,-12.845334360753125,-10.160616433199632,-0.6445164004908008,-0.3106308329755101
50,1105010,T,1101,1,n50_i1105010_T_a1101,REFERENCE-LEGACY,0.2014705286464914,0.12483562285910658,31.50084827320423,0.13829825995880474,0.7480190174326465,0.033190578158458245,0.7148284392741883,-0.0,5.690565591461438,1.5275464138093664,-3.2730459136356527,-2.477104571434441,-0.0352814142147417,0.36707772795216753
50,1105010,T,2202,1,n50_i1105010_T_a2202,W-REFERENCE,0.30164871055019515,0.1778673481822281,49.305850516912656,0.18322092529571993,0.008310249307479225,0.5674157303370787,-0.5591054810295994,-0.0,8.470803921021542,20.846987938943418,30.04054563707821,30.521855735172522,1.2281450526201645,0.8420952157185235
50,1105010,T,2202,1,n50_i1105010_T_a2202,W-LEGACY,-0.10726817513234022,-0.0700892410538884,-10.509195266406746,-0.07799039287379848,0.0017241379310344827,0.9719101123595506,-0.9701859744285162,-0.0,-1.9455673616524338,11.262666920348895,17.265408371553058,23.239611782923507,1.3664145427789172,1.4101408853607955
50,1105010,T,2202,1,n50_i1105010_T_a2202,GW-REFERENCE,0.30964693367983853,0.19605852130269485,50.61319638062216,0.19088985971905087,0.8411819021237303,0.050505050505050504,0.7906768516186798,-0.0,8.668726691033546,31.116206287278647,27.62068266005091,17.711329519206576,0.8389283855905467,0.4037424292644709
50,1105010,T,2202,1,n50_i1105010_T_a2202,GW-LEGACY,-0.09926995200269684,-0.05189806793342165,-9.725599493009717,-0.07032145845046757,0.06206896551724138,0.7070707070707071,-0.6450017415534657,-0.0,-1.7251202262350995,20.71743811580835,15.083271878553006,11.1438269911879,0.9771978757492993,0.9717880989067429
50,1105010,T,2202,1,n50_i1105010_T_a2202,GW-W,0.007998223129643378,0.01819117312046676,0.8756159649359718,0.007668934423330914,0.9138576779026217,0.5050505050505051,0.40880717285211665,-0.0,0.2162400397805464,8.497703189361783,-1.860852678810443,-9.814851423778691,-0.3892166670296179,-0.4383527864540526
50,1105010,T,2202,1,n50_i1105010_T_a2202,REFERENCE-LEGACY,-0.40891688568253537,-0.24795658923611652,-40.062091054190695,-0.2612113181695184,0.005172413793103448,0.5447830101569714,-0.539610596363868,-0.0,-11.380381046596245,-7.930955650658744,-9.82396467420127,-5.579329156202483,0.13826949015875253,0.568045669642272
50,1105011,H,1101,0,n50_i1105011_H_a1101,W-REFERENCE,0.04695404670960768,0.03429036881969316,4.942153721176501,0.05536754107261998,0.12453531598513011,0.4570048309178744,-0.3324695149327443,-0.0,4.991381051957699,-6.5894117107614285,-18.36086863052131,26.190719993826782,0.2502258384156467,0.24632525347261547
50,1105011,H,1101,0,n50_i1105011_H_a1101,W-LEGACY,0.016588942546388652,0.0024516230550821264,1.6919935901268612,0.004523173197881425,0.26436781609195403,0.7004830917874396,-0.4361152756954856,-0.0,4.368620512075639,-6.218981892239695,-15.659127704931564,32.507461696854634,0.08049632714126828,0.1526441668881211
50,1105011,H,1101,0,n50_i1105011_H_a1101,GW-REFERENCE,-0.006335587941295295,-0.025561995500213375,-0.6668530555750118,-0.001482256085821157,0.10594795539033457,0.748995983935743,-0.6430480285454084,-0.08695652173913437,4.078848288148351,-1.4479723608908701,-20.824972017081645,17.429147270764854,0.2621431787532399,0.39758127444694624
50,1105011,H,1101,0,n50_i1105011_H_a1101,GW-LEGACY,-0.03670069210451432,-0.05740074126482441,-3.743296814755437,-0.05232662396055971,0.13793103448275862,0.4578313253012048,-0.3199002908184462,-0.08695652173913437,3.4501062972890684,-1.0571536070225873,-18.204777389850022,23.30731003703268,0.09241366747886146,0.3039001878624519
50,1105011,H,1101,0,n50_i1105011_H_a1101,GW-W,-0.05328963465090297,-0.05985236431990654,-5.3448557875553355,-0.056849797158441136,0.000966183574879227,0.9578313253012049,-0.9568651417263256,-0.08695652173913437,-0.9604736642981893,5.504129075764408,-3.0182871194554983,-6.943119687002763,0.011917340337593181,0.15125602097433077
50,1105011,H,1101,0,n50_i1105011_H_a1101,REFERENCE-LEGACY,-0.030365104163219026,-0.031838745764611036,-3.0970968441195623,-0.050844367874738554,0.22988505747126436,0.31970260223048325,-0.08981754475921888,-0.0,-0.6554779416619416,0.3965608453023739,3.309370004639489,5.005710168970312,-0.16972951127437846,-0.09368108658449437
50,1105011,H,2202,0,n50_i1105011_H_a2202,W-REFERENCE,-0.07737932854939322,-0.021822466211262118,-7.84929279007639,-0.02373616775361371,0.42066957787481807,0.13440860215053763,0.28626097572428044,-0.0,-4.549052763088435,4.472787217572005,12.770077442159856,9.867233346132043,0.7025433267421156,0.892304405754409
50,1105011,H,2202,0,n50_i1105011_H_a2202,W-LEGACY,-0.09232230357272886,-0.05189431785563953,-9.225258664271486,-0.05178352112724528,0.02666666666666667,0.992831541218638,-0.9661648745519714,-0.0,-3.1459856341380377,-11.737329809156915,-22.7440247143743,13.199908153589712,1.124496736094109,2.112647685692814
50,1105011,H,2202,0,n50_i1105011_H_a2202,GW-REFERENCE,0.05505021977876523,0.015178754103033473,5.584247127781139,0.023198247893031508,0.43377001455604075,0.16901408450704225,0.2647559300489985,-0.0,3.258247261682956,2.0540903220049422,-0.7094624160971064,4.536203963306806,-0.07462972411536803,0.4080922012818071
50,1105011,H,2202,0,n50_i1105011_H_a2202,GW-LEGACY,0.040107244755429594,-0.01489309754134394,4.007695788142995,-0.004849105480600066,0.050666666666666665,0.8450704225352113,-0.7944037558685446,-0.0,4.556539017341043,-13.780738931002812,-31.978522213812766,7.7071691619861715,0.3473236852366253,1.6284354812202122
50,1105011,H,2202,0,n50_i1105011_H_a2202,GW-W,0.13242954832815845,0.03700122031429559,14.577793621545743,0.04693441564664522,0.9874551971326165,0.005030181086519115,0.9824250160460974,-0.0,7.46759517990373,-2.3151453694156277,-11.953117497122124,-4.852246862383492,-0.7771730508574836,-0.4842122044726018
50,1105011,H,2202,0,n50_i1105011_H_a2202,REFERENCE-LEGACY,-0.014942975023335636,-0.030071851644377413,-1.4931690877429515,-0.028047353373631574,0.05333333333333334,0.5938864628820961,-0.5405531295487628,-0.0,1.3420180210812593,-15.516114251810087,-31.492487157995853,3.0333655503622436,0.4219534093519934,1.220343279938405
50,1105011,T,1101,0,n50_i1105011_T_a1101,W-REFERENCE,0.014152454913074042,-0.023077225782162814,1.751274653832291,-0.022496984725375396,0.9285714285714286,0.05730659025787966,0.871264838313549,-0.0,0.010467152173376792,-15.869558402079987,-28.35212385479534,9.610565629868573,0.6548625750860984,1.5361641071147436
50,1105011,T,1101,0,n50_i1105011_T_a1101,W-LEGACY,-0.05433633735008836,-0.05802540784782277,-6.198448619669616,-0.0527962697054839,0.013157894736842105,0.7249283667621776,-0.7117704720253355,-0.17391304347826875,0.26018156813446547,-9.54497689431305,-8.979574760986587,14.208369882569748,0.6592697737751739,1.9929409331069374
50,1105011,T,1101,0,n50_i1105011_T_a1101,GW-REFERENCE,0.00903773608223668,-0.021955946629377165,1.1183613179523544,-0.023453222861086365,0.915282392026578,0.053604436229205174,0.8616779557973728,-0.0,-0.5062295414752782,-17.976421849787794,-28.652846576722535,-1.9886524568196062,0.3362125151655378,1.509454877924361
50,1105011,T,1101,0,n50_i1105011_T_a1101,GW-LEGACY,-0.05945105618092572,-0.05690412869503712,-6.78191308236864,-0.05375250784119487,0.013157894736842105,0.8428835489833642,-0.829725654246522,-0.17391304347826875,-0.25522472431509513,-11.810225693953836,-9.361608556006185,2.1226025846762253,0.3406197138546134,1.9662317039165549
50,1105011,T,1101,0,n50_i1105011_T_a1101,GW-W,-0.0051147188308373615,0.001121279152785648,-0.6220200562923384,-0.0009562381357109684,0.47564469914040114,0.8207024029574861,-0.34505770381708495,-0.0,-0.5167507827394502,-2.5042819313572884,-0.4197231489705744,-10.582208038097585,-0.31865005992056056,-0.026709229190382544
50,1105011,T,1101,0,n50_i1105011_T_a1101,REFERENCE-LEGACY,-0.0684887922631624,-0.03494818206565996,-7.812897971595579,-0.030299284980108504,0.006578947368421052,0.9800664451827242,-0.9734874978143032,-0.17391304347826875,0.24974055668519624,7.517589813677272,27.03855317992612,4.194672499206864,0.004407198689075631,0.4567768259921938
50,1105011,T,2202,0,n50_i1105011_T_a2202,W-REFERENCE,0.3527501798224253,0.1935059966231649,47.91967748343986,0.1926231356357331,0.9832535885167464,0.0013123359580052493,0.9819412525587411,-0.08695652173913437,10.938073354862244,-9.009907897501467,-17.173437057945108,35.12790727213948,0.362061888256532,0.7565214015502808
50,1105011,T,2202,0,n50_i1105011_T_a2202,W-LEGACY,0.12777308338779259,0.07315763445964615,13.294391978964203,0.08267061836736579,0.9943019943019943,0.0013123359580052493,0.992989658343989,-0.0,3.7975475750242627,-11.286085054929472,-12.056462492812114,31.153453267018417,0.5468166165853238,0.613518217370626
50,1105011,T,2202,0,n50_i1105011_T_a2202,GW-REFERENCE,0.21054910820514916,0.12995693888986487,28.602240159581683,0.12486449795574031,0.9904306220095693,0.002074688796680498,0.9883559332128888,-0.08695652173913437,5.777638182015932,-4.655525705629215,3.2382362362705086,18.117521321073937,0.2608991917013982,0.9952516817630181
50,1105011,T,2202,0,n50_i1105011_T_a2202,GW-LEGACY,-0.014427988229483546,0.00960857672634613,-1.5011873072553694,0.014911980687372983,0.9230769230769231,0.006224066390041493,0.9168528566868817,-0.0,-1.776624665668236,-7.040630605087483,9.616231533983877,14.643385850715006,0.4456539200301899,0.8522484975833633
50,1105011,T,2202,0,n50_i1105011_T_a2202,GW-W,-0.14220107161727613,-0.06354905773330002,-13.059410115345093,-0.06775863767999281,0.006561679790026247,0.9875518672199171,-0.9809901874298909,-0.0,-5.794210126856747,4.785556417469206,24.643873377307134,-12.588358907096541,-0.10116269655513384,0.23873028021273734
50,1105011,T,2202,0,n50_i1105011_T_a2202,REFERENCE-LEGACY,-0.2249770964346327,-0.12034836216351874,-23.40816725236038,-0.10995251726836733,0.07122507122507123,0.6555023923444976,-0.5842773211194263,0.08688097306689402,-8.01748406846059,-2.5015659450744687,6.177939037157443,-2.9412532802100877,0.18475472832879172,-0.14300318417965485
50,1105012,H,1101,1,n50_i1105012_H_a1101,W-REFERENCE,-0.08862002859005735,-0.05840819297774688,-8.857591550863908,-0.061372302271912225,0.17120622568093385,0.9407216494845361,-0.7695154238036022,-0.0,-6.224434939111312,7.152263911029189,-14.488447614359556,24.881580451802087,1.0233571937630963,0.47694641363216084
50,1105012,H,1101,1,n50_i1105012_H_a1101,W-LEGACY,-0.003950552685311748,-0.028733955875078696,-0.43136378378235696,-0.030406335579003047,0.47750865051903113,0.9149484536082474,-0.43743980308921626,-0.0,-0.04953383160699598,5.834540751120532,11.767961765670654,14.122289299572621,0.891459205318235,0.8936837320413056
50,1105012,H,1101,1,n50_i1105012_H_a1101,GW-REFERENCE,0.0203453317086586,0.0026355453333174357,2.0335204254533057,-0.0048926969172149865,0.48249027237354086,0.22794117647058823,0.2545490959029526,-0.0,-0.2349063880513258,13.190902993548836,-8.807283396679422,23.72782325881897,0.4631692928220504,0.15613591797859838
50,1105012,H,1101,1,n50_i1105012_H_a1101,GW-LEGACY,0.1050148076134042,0.03230978243598562,11.466644890908317,0.026073269775694193,0.9342560553633218,0.0661764705882353,0.8680795847750865,-0.0,5.591819212522142,11.798918644161539,19.19353325105979,13.067935153166687,0.3312713043771891,0.5728732363877431
50,1105012,H,1101,1,n50_i1105012_H_a1101,GW-W,0.10896536029871595,0.06104373831106431,11.94955472610233,0.05647960535469724,0.9381443298969072,0.1213235294117647,0.8168208004851425,-0.0,5.638560049289265,5.635568360490906,6.64373883900411,-0.9238809989503771,-0.5601879009410459,-0.32081049565356246
50,1105012,H,1101,1,n50_i1105012_H_a1101,REFERENCE-LEGACY,0.0846694759047456,0.029674237102668182,9.245123000873946,0.03096596669290918,0.7301038062283737,0.23735408560311283,0.49274972062526085,-0.0,5.813070327033342,-1.2297669800077848,30.70510199793699,-8.61559496068518,-0.13189798844486128,0.41673731840914474
50,1105012,H,2202,1,n50_i1105012_H_a2202,W-REFERENCE,-0.02585523055177652,0.00687376401327347,-3.004580441745963,0.00981410509947557,0.36992840095465396,0.6660447761194029,-0.296116375164749,-0.0,2.6704248427656063,-7.630429408690098,-9.662082596800325,8.241965407398943,0.32167270815014504,0.823847310068988
50,1105012,H,2202,1,n50_i1105012_H_a2202,W-LEGACY,-0.09448270193706476,-0.038867642897263015,-10.168673695471275,-0.038443214934641284,0.0036900369003690036,0.9981343283582089,-0.99444429145784,-0.0,-3.0158177845974743,-10.37702178898705,-23.287842988582252,12.623533751072236,-0.10122451853878753,0.7416034669555795
50,1105012,H,2202,1,n50_i1105012_H_a2202,GW-REFERENCE,0.019629502343554983,0.016831762141314016,2.2811020270944393,0.02016918546611339,0.2649164677804296,0.12848484848484848,0.13643161929558112,-0.0,5.532710683316189,0.38866831167758686,17.06477121924468,3.717995358974635,0.5004147110310749,0.6793134401830057
50,1105012,H,2202,1,n50_i1105012_H_a2202,GW-LEGACY,-0.04899796904173326,-0.02890964476922247,-5.27339236401253,-0.028088134568003464,0.05904059040590406,0.9224242424242424,-0.8633836520183383,-0.0,0.013690112886388661,-2.5963704807291377,-0.5922278438718731,7.9164361709434194,0.0775174843421423,0.5970695970695972
50,1105012,H,2202,1,n50_i1105012_H_a2202,GW-W,0.0454847328953315,0.009957998128040546,5.449414511440831,0.01035508036663782,0.7406716417910447,0.4727272727272727,0.267944369063772,-0.0,2.9408181798046495,8.681536212664964,29.58542169702305,-4.179497324717884,0.17874200288092984,-0.14453386988598238
50,1105012,H,2202,1,n50_i1105012_H_a2202,REFERENCE-LEGACY,-0.06862747138528824,-0.045741406910536485,-7.386011923400837,-0.048257320034116855,0.0996309963099631,0.9212410501193318,-0.8216100538093687,-0.0,-5.842255674266594,-2.973481810854439,-15.08310218284854,4.0479386411564455,-0.4228972266889326,-0.08224384311340849
50,1105012,T,1101,1,n50_i1105012_T_a1101,W-REFERENCE,-0.009608602239941422,-0.03132606642791538,-1.0104724883627902,-0.030423058616327672,0.4900398406374502,0.23769100169779286,0.2523488389396573,-0.0,-0.172304651241606,2.846081850661064,-9.985710686729032,26.347210634571926,0.8073280924337506,1.496489816731947
50,1105012,T,1101,1,n50_i1105012_T_a1101,W-LEGACY,-0.04402675336264472,-0.0702055921289428,-4.468269234251965,-0.06755040326858888,0.0,0.967741935483871,-0.967741935483871,-0.0,-0.28238229966452977,3.260719999097006,-3.5833348049681746,27.40684570656018,-0.4023168807939178,0.4235433329723919
50,1105012,T,1101,1,n50_i1105012_T_a1101,GW-REFERENCE,-0.006595850541710413,-0.03148133838917491,-0.6936415248875782,-0.029263665761444138,0.6175298804780877,0.375,0.24252988047808766,-0.0,-0.13294572075495115,-9.909449942110339,-18.84490982046626,16.64765001179496,0.16901058049393,1.104764429966604
50,1105012,T,1101,1,n50_i1105012_T_a1101,GW-LEGACY,-0.04101400166441371,-0.07036086409020233,-4.162505472550926,-0.06639101041370535,0.40279937791601866,0.9395161290322581,-0.5367167511162394,-0.0,-0.24298011831598298,-9.54623747747001,-13.072655259423238,17.625937861575824,-1.0406343927337385,0.03181794620704892
50,1105012,T,1101,1,n50_i1105012_T_a1101,GW-W,0.0030127516982310087,-0.0001552719612595288,0.32006513359503774,0.0011593928548835342,0.7792869269949066,0.28830645161290325,0.4909804753820034,-0.0,0.03929122987006428,-12.402545204680948,-9.841991978523678,-7.676909188625114,-0.6383175119398207,-0.39172538676534296
50,1105012,T,1101,1,n50_i1105012_T_a1101,REFERENCE-LEGACY,-0.0344181511227033,-0.038879525701027415,-3.4930934946453496,-0.03712734465226121,0.0,1.0,-1.0,-0.0,-0.10988830576090791,0.4031637773406205,7.112621707736944,0.8386691456552686,-1.2096449732276684,-1.072946483759555
50,1105012,T,2202,1,n50_i1105012_T_a2202,W-REFERENCE,-0.05296456942498229,-0.04239941241325377,-4.705104907754542,-0.0517587990873882,0.07783251231527094,0.2824427480916031,-0.20461023577633214,-0.0,-2.3351686141855232,-2.009727053139476,-18.646086851799105,15.534675875861769,0.137417875138807,1.307404212455194
50,1105012,T,2202,1,n50_i1105012_T_a2202,W-LEGACY,0.1225873921644639,0.05096395903958832,12.902155390445124,0.04574938367844704,0.9696969696969697,0.002544529262086514,0.9671524404348832,-0.0,5.832320710772976,-2.2756870609391022,-18.336772571390636,11.74091971563438,0.2538667242467268,1.5930820714938938
50,1105012,T,2202,1,n50_i1105012_T_a2202,GW-REFERENCE,-0.11317521301308009,-0.060270473222524774,-10.053914455742529,-0.06554478366802255,0.035467980295566505,0.6607818411097099,-0.6253138608141434,-0.0,-5.191077736085559,-2.772510192434574,-20.049251042831905,15.718649103031467,0.08261419224432509,1.211476615928257
50,1105012,T,2202,1,n50_i1105012_T_a2202,GW-LEGACY,0.0623767485763661,0.033092898230317316,6.565067489185883,0.03196339909781269,0.9797979797979798,0.05926860025220681,0.920529379545773,-0.0,3.204345031325262,-3.036399894645947,-19.745271708282207,11.918851903102357,0.1990630413522449,1.497154474966957
50,1105012,T,2202,1,n50_i1105012_T_a2202,GW-W,-0.0602106435880978,-0.017871060809271005,-5.612902498932759,-0.013785984580634347,0.0,0.9924337957124842,-0.9924337957124842,-0.0,-2.790740622773691,-0.7784274054515095,-1.7247654559365722,0.15923637278159042,-0.054803682894481905,-0.09592759652693683
50,1105012,T,2202,1,n50_i1105012_T_a2202,REFERENCE-LEGACY,0.1755519615894462,0.0933633714528421,18.47660389484225,0.09750818276583524,0.9812409812409812,0.03940886699507389,0.9418321142459074,-0.0,7.98111679060286,-0.27141470250200417,0.3802082388403294,-3.283651537053378,0.1164488491079198,0.2856778590386999
50,1105013,H,1101,0,n50_i1105013_H_a1101,W-REFERENCE,0.11241151221171009,0.06552356041635635,16.24468775841297,0.06688810469280546,0.2531986531986532,0.5716911764705882,-0.318492523271935,-0.0,4.015385277010242,4.133506560007105,-29.833987667150463,24.6179905144005,0.7255395832367851,1.2219949374016554
50,1105013,H,1101,0,n50_i1105013_H_a1101,W-LEGACY,0.019464115918109037,-0.0062859937518989495,2.47970496408918,-0.0046016004481720385,0.21615720524017468,0.5772058823529411,-0.36104867711276645,-0.0,0.30680841084967936,-11.98663059736188,-42.894197917069135,21.810174381746616,0.14184883961012013,0.7370703764320785
50,1105013,H,1101,0,n50_i1105013_H_a1101,GW-REFERENCE,0.1632468084507286,0.11443539523906543,23.590941698614422,0.09194310303990834,0.07946127946127945,0.9154411764705882,-0.8359798970093087,-0.0,4.0288245476341356,5.156627470676511,-28.142802418905244,17.03232537320809,0.8941237412062147,1.6297963558413717
50,1105013,H,1101,0,n50_i1105013_H_a1101,GW-LEGACY,0.07029941215712754,0.04262584107081013,8.956060579992497,0.020453397898930845,0.16703056768558952,0.7573529411764706,-0.590322373490881,-0.0,0.3207669372759403,-11.121891459796963,-41.517798049655696,14.39542479514171,0.3104329975795498,1.1448717948717948
50,1105013,H,1101,0,n50_i1105013_H_a1101,GW-W,0.0508352962390185,0.04891183482270908,6.319647015155572,0.025054998347102883,0.7242647058823529,0.5441176470588235,0.18014705882352944,-0.0,0.01400148415729996,0.9825088431837603,2.4102627355002904,-6.087134859004051,0.16858415796942966,0.4078014184397163
50,1105013,H,1101,0,n50_i1105013_H_a1101,REFERENCE-LEGACY,-0.09294739629360105,-0.0718095541682553,-11.841386526781362,-0.0714897051409775,0.21397379912663755,0.17037037037037037,0.04360342875626719,-0.0,-3.863720114794922,-15.480259610848425,-18.613299823801288,-2.253138668874166,-0.583690743626665,-0.4849245609695769
50,1105013,H,2202,0,n50_i1105013_H_a2202,W-REFERENCE,-0.08692961480480288,-0.05846756832487819,-8.634946114258513,-0.07140222832139789,0.022792022792022793,0.9640287769784173,-0.9412367541863945,-0.0,-3.5085073987020987,-1.8830068536147104,-13.222329118859655,12.046410996485847,0.6632503824089678,1.2973661402157166
50,1105013,H,2202,0,n50_i1105013_H_a2202,W-LEGACY,0.006376662919547416,-0.0035877473833542117,0.6981143416833202,-0.017309220368679587,0.8710166919575114,0.5503597122302158,0.32065697972729557,-0.0,-0.7403698684138371,-0.14642129535230586,-23.12682397809881,19.503968118816584,0.7475255622031104,1.7351894160777857
50,1105013,H,2202,0,n50_i1105013_H_a2202,GW-REFERENCE,-0.04404823170625949,-0.03194637759597886,-4.375426119924663,-0.029717011451525888,0.03418803418803419,0.8308080808080808,-0.7966200466200466,-0.0,-1.893062515706534,1.827680890934702,-9.320727279442288,7.69832186713435,0.7235822756635141,1.3373204022988503
50,1105013,H,2202,0,n50_i1105013_H_a2202,GW-LEGACY,0.049258046018090806,0.022933443345545118,5.392749907339733,0.02437599650119241,0.921092564491654,0.24242424242424243,0.6786683220674116,-0.0,0.8318730235462479,3.629942399323194,-19.670537102414887,14.866479955915146,0.8078574554576566,1.7751436781609193
50,1105013,H,2202,0,n50_i1105013_H_a2202,GW-W,0.04288138309854339,0.02652119072889933,4.662088854739466,0.041685216869872,0.841726618705036,0.3611111111111111,0.48061550759392485,-0.0,1.5606880280603974,3.7819012034064903,4.496089604388431,-3.880614372813662,0.0603318932545463,0.039954262083133685
50,1105013,H,2202,0,n50_i1105013_H_a2202,REFERENCE-LEGACY,0.0933062777243503,0.05487982094152398,10.215131561804247,0.0540930079527183,0.9848254931714719,0.006647673314339981,0.9781778198571319,-0.0,2.6743091943406294,1.7699131440682248,-11.413644499407427,6.655775098913819,0.08427517979414256,0.43782327586206904
50,1105013,T,1101,0,n50_i1105013_T_a1101,W-REFERENCE,0.03191420148258217,-0.00609694103691996,3.1305890342381515,0.03236054692451659,0.05737704918032787,0.6291913214990138,-0.571814272318686,-0.0,2.8915315298954303,-6.964841353932904,-2.689061845353191,17.04720382491334,1.3367419894963257,2.39621409921671
50,1105013,T,1101,0,n50_i1105013_T_a1101,W-LEGACY,0.2721923152170457,0.1216890561672114,34.934381783738154,0.11910621321611249,1.0,0.0,1.0,-0.0,7.506190697817738,6.620356825205054,22.869798659024543,0.2590373435968685,1.393000688212561,2.1237182434398947
50,1105013,T,1101,0,n50_i1105013_T_a1101,GW-REFERENCE,-0.23966953179414519,-0.10158536512145895,-23.51012318090544,-0.10347384929196891,0.014754098360655738,0.6346153846153846,-0.6198612862547288,-0.0,-5.571944369089943,2.93116006777705,-6.641994516778205,11.242410991740236,0.9711579115008343,2.3144907655567657
50,1105013,T,1101,0,n50_i1105013_T_a1101,GW-LEGACY,0.0006085819403183201,0.026200632082672412,0.07810813406989858,-0.016728183000373015,0.7914691943127962,0.0,0.7914691943127962,-0.0,-0.5550951834992546,17.961394107028994,17.878622428878632,-4.713169786643611,1.0274166102170694,2.0419949097799504
50,1105013,T,1101,0,n50_i1105013_T_a1101,GW-W,-0.27158373327672736,-0.095488424084539,-25.83201789558206,-0.1358343962164855,0.0009861932938856016,0.9855769230769231,-0.9845907297830375,-0.0,-8.715486952191931,10.63684048667799,-4.0621668502907715,-4.959360534452639,-0.36558407799549136,-0.08172333365994433
50,1105013,T,1101,0,n50_i1105013_T_a1101,REFERENCE-LEGACY,0.2402781137344635,0.12778599720413136,30.838370116301306,0.0867456662915959,1.0,0.0,1.0,-0.0,4.75206667412632,14.602219609062006,26.265146538572594,-14.343073505992743,0.05625869871623522,-0.27249585577681534
50,1105013,T,2202,0,n50_i1105013_T_a2202,W-REFERENCE,0.013468148047990014,0.03318217873779243,1.5336184262534136,-0.0148795041828641,0.15009041591320071,0.5815217391304348,-0.4314313232172341,-0.0,-0.14779995053091355,-8.714650843824357,-20.92427969719173,14.84992584336009,0.5851613155539401,1.9530704225352111
50,1105013,T,2202,0,n50_i1105013_T_a2202,W-LEGACY,-0.04764949566573373,-0.010797575693638602,-5.072808999028034,-0.044315530201679026,0.11538461538461539,0.6603260869565217,-0.5449414715719063,-0.0,-1.081357299844421,13.099638516472956,-5.7553339822382865,22.051121638124215,0.3810093470272027,1.1133435114503816
50,1105013,T,2202,0,n50_i1105013_T_a2202,GW-REFERENCE,0.024522986737391506,0.04294758351385336,2.7924332427311294,-0.0009981571453790417,0.7667269439421338,0.0136986301369863,0.7530283138051475,-0.0,-0.15829004787901724,-6.192774537717726,-10.764901681241257,2.7793853889065634,0.5529692201972845,2.0984525066302755
50,1105013,T,2202,0,n50_i1105013_T_a2202,GW-LEGACY,-0.03659465697633224,-0.0010321709175776725,-3.895900735826263,-0.030434183164193968,0.41208791208791207,0.3082191780821918,0.10386873400572028,-0.0,-1.091945183738785,16.22416289240478,6.3528982841890125,9.223747215142986,0.34881725167054695,1.258725595545446
50,1105013,T,2202,0,n50_i1105013_T_a2202,GW-W,0.011054838689401492,0.00976540477606093,1.2398009998944692,0.013881347037485059,0.9891304347826086,0.0136986301369863,0.9754318046456223,-0.0,-0.010474615871025605,2.762629851798093,12.84765788670239,-10.509837395033351,-0.032192095356655716,0.14538208409506437
50,1105013,T,2202,0,n50_i1105013_T_a2202,REFERENCE-LEGACY,-0.061117643713723746,-0.04397975443143103,-6.506640389340468,-0.029436026018814926,0.15934065934065933,0.6075949367088608,-0.44825427736820145,-0.0,-0.932179588343085,23.89681319285564,19.182810674207353,6.27009181058209,-0.20415196852673745,-0.8397269110848296
50,1105014,H,1101,1,n50_i1105014_H_a1101,W-REFERENCE,0.01290671386900466,0.04994990070893468,1.2482918832638967,0.042575808187125044,0.6397188049209139,0.020833333333333332,0.6188854715875806,0.37735849056603765,-2.6623161967261444,-5.826853363375239,16.884249868687373,17.83205171323232,0.6554370981218236,1.1209976033811602
50,1105014,H,1101,1,n50_i1105014_H_a1101,W-LEGACY,0.007188480644648054,0.015478837090932996,0.6914206327610195,0.016191169557150064,0.9500805152979066,0.017708333333333333,0.9323721819645733,0.37735849056603765,-1.090455351007269,-13.548931816838717,-41.282598202994066,18.14900368049188,0.2846704095833257,1.1852758066196856
50,1105014,H,1101,1,n50_i1105014_H_a1101,GW-REFERENCE,-0.06950674055905548,0.0055367541517067145,-6.722447011114296,-0.0033078288826795255,0.6045694200351494,0.050387596899224806,0.5541818231359246,0.37735849056603765,-5.502160951063351,5.385071828372667,28.522369072096044,7.76614152600108,0.13705393686710576,1.1487294484032935
50,1105014,H,1101,1,n50_i1105014_H_a1101,GW-LEGACY,-0.07522497378341209,-0.028934309466294973,-7.2354787532858955,-0.02969246751265451,0.5652173913043478,0.16666666666666666,0.39855072463768115,0.37735849056603765,-3.886819294248145,-3.2563702551404172,-35.43612939136451,8.056017583185993,-0.23371275167139213,1.213007651641819
50,1105014,H,1101,1,n50_i1105014_H_a1101,GW-W,-0.08241345442806014,-0.04441314655722797,-7.872467521297255,-0.04588363706980457,0.021875,0.9186046511627907,-0.8967296511627907,-0.0,-2.76619976983119,11.90564995668042,9.95696102467476,-8.542590951168883,-0.5183831612547177,0.027731845022133328
50,1105014,H,1101,1,n50_i1105014_H_a1101,REFERENCE-LEGACY,-0.005718233224356606,-0.03447106361800169,-0.5500055755458311,-0.026384638629974984,0.04669887278582931,0.6221441124780316,-0.5754452396922023,-0.0,1.5310981711213145,-8.199873030960504,-49.76448763373038,0.26898620761601766,-0.3707666885384979,0.0642782032385254
50,1105014,H,2202,1,n50_i1105014_H_a2202,W-REFERENCE,0.028927518014683073,0.03112371616379573,2.9675388693604754,0.026551783148179395,0.9772933696639419,0.148005148005148,0.8292882216587939,-0.0945179584120881,-0.17296952666565613,15.532626474906298,17.4616439792576,20.585571173136373,0.6168020641951119,1.5106047819971873
50,1105014,H,2202,1,n50_i1105014_H_a2202,W-LEGACY,-0.06034608098888805,-0.03671478549320292,-5.671241001479954,-0.04103929661186572,0.02867383512544803,0.9459459459459459,-0.9172721108204979,0.18850141376060003,-2.626645055157728,-5.2983237665871545,-23.675423265017514,24.70320997644453,0.3224706120070859,1.635704650433977
50,1105014,H,2202,1,n50_i1105014_H_a2202,GW-REFERENCE,0.02372449966064849,0.03337705125339605,2.4337855347067228,0.037887989334842734,0.9704813805631244,0.6165217391304347,0.35395964143268965,-0.0945179584120881,-0.17296952666565613,8.546447541748403,13.474995755883912,13.522121685910694,0.49872781243489545,1.5560680076628355
50,1105014,H,2202,1,n50_i1105014_H_a2202,GW-LEGACY,-0.06554909934292263,-0.0344614504036026,-6.160213450681528,-0.02970309042520238,0.010752688172043012,0.9478260869565217,-0.9370733987844787,0.18850141376060003,-2.626645055157728,-11.024869380784786,-26.265879416763514,17.39856468601575,0.2043963602468694,1.6811678760996251
50,1105014,H,2202,1,n50_i1105014_H_a2202,GW-W,-0.005203018354034583,0.0022533350896003224,-0.5183704889081153,0.011336206186663339,0.7657657657657657,0.7,0.06576576576576576,-0.0,-0.0,-6.046931629893559,-3.39400002274588,-5.857624107517811,-0.11807425176021645,0.0454632256656482
50,1105014,H,2202,1,n50_i1105014_H_a2202,REFERENCE-LEGACY,-0.08927359900357112,-0.06783850165699866,-8.389809026901995,-0.06759107976004511,0.24731182795698925,0.9818346957311535,-0.7345228677741642,0.2827521206409056,-2.4494387458873446,-18.030361532564942,-35.0217022771616,3.414702740343678,-0.29433145218802603,0.12509986843678966
50,1105014,T,1101,1,n50_i1105014_T_a1101,W-REFERENCE,-0.061464984506349296,-0.028639266740361907,-6.052459470111948,-0.022935115530257094,0.11475409836065574,0.702819956616052,-0.5880658582553963,-0.18885741265344258,-4.315242839534061,-2.456188052626429,-18.93585549421758,29.852774740880818,0.2734544682975373,0.7931622485307233
50,1105014,T,1101,1,n50_i1105014_T_a1101,W-LEGACY,-0.06592832550175087,-0.040625413491608524,-6.463557155037947,-0.025971633047656664,0.008421052631578947,0.9989154013015185,-0.9904943486699395,-0.5687203791469253,-2.0732451460727885,-3.056622870176817,0.9418317883941096,30.203689909859488,0.15233643402916483,0.061394641381426585
50,1105014,T,1101,1,n50_i1105014_T_a1101,GW-REFERENCE,-0.053981976406672794,-0.027668470995017895,-5.315607364778174,-0.03594543708032591,0.09180327868852459,0.7573770491803279,-0.6655737704918033,-0.37771482530688516,-2.7070098536179588,-3.905976428627189,-12.209235220064896,32.16305900109322,0.2384464461737023,0.6484852634101257
50,1105014,T,1101,1,n50_i1105014_T_a1101,GW-LEGACY,-0.05844531740207437,-0.03965461774626451,-5.7299293831239435,-0.03898195459772548,0.0,1.0,-1.0,-0.7582938388625671,-0.4995771436320018,-4.497487016114688,9.317882338949012,32.520217500591244,0.11732841190532986,-0.08328234373917098
50,1105014,T,1101,1,n50_i1105014_T_a1101,GW-W,0.0074830080996765025,0.0009707957453440122,0.7843229329663526,-0.013010321550068815,0.3676789587852495,0.45901639344262296,-0.09133743465737348,-0.18850141376061114,1.5417046848944294,-1.4862945655465531,8.297898306535355,1.779156637062651,-0.03500802212383497,-0.14467698512059757
50,1105014,T,1101,1,n50_i1105014_T_a1101,REFERENCE-LEGACY,-0.004463340995401577,-0.011986146751246617,-0.43758216831149,-0.00303651751739957,0.042105263157894736,0.9606557377049181,-0.9185504745470233,-0.37914691943128354,2.1492522400682,-0.6155539808863852,24.52093635700279,0.2702407936056028,-0.12111803426837243,-0.7317676071492967
50,1105014,T,2202,1,n50_i1105014_T_a2202,W-REFERENCE,-0.013260546948550944,-0.003993988306148062,-1.261324700575439,-0.010552442924728823,0.8,0.2597402597402597,0.5402597402597403,0.3780718336483968,-3.99276894038747,-9.221650999313935,-8.582939145686408,14.666730086277058,0.1205929770515814,1.3189390859905021
50,1105014,T,2202,1,n50_i1105014_T_a2202,W-LEGACY,0.03770955481768845,0.01505524492517776,3.7696400459203083,0.05269038998372775,0.7628458498023716,0.24675324675324675,0.5160926030491249,0.3780718336483968,3.220904409090053,7.67131239839578,34.89698849745311,10.184798069394674,0.4668569212173769,1.9315559886074047
50,1105014,T,2202,1,n50_i1105014_T_a2202,GW-REFERENCE,-0.041042208135978475,-0.010098264944323792,-3.9038775013518268,-0.00040646196574239957,0.6972972972972973,0.302158273381295,0.3951390239160023,-0.5671077504725952,-5.4942681252217795,-16.031521205822898,-13.726986483085856,13.444183721908253,0.07943472521451475,0.9835557482616304
50,1105014,T,2202,1,n50_i1105014_T_a2202,GW-LEGACY,0.00992789363026092,0.00895096828700203,0.9924430447721511,0.06283637094271417,0.7312252964426877,0.23261390887290168,0.49861138756978607,-0.5671077504725952,1.823559818505549,-0.40580808759161924,27.306321197293613,9.010036879404403,0.42569866938031026,1.596172650878533
50,1105014,T,2202,1,n50_i1105014_T_a2202,GW-W,-0.02778166118742753,-0.00610427663817573,-2.6763097568028638,0.010145980958986424,0.44805194805194803,0.2565947242206235,0.19145722383132452,-0.9487666034155628,-1.4438496062116002,-7.501645801530832,-5.627010198454363,-1.0661735652956472,-0.041158251837066645,-0.33538333772887174
50,1105014,T,2202,1,n50_i1105014_T_a2202,REFERENCE-LEGACY,0.050970101766239395,0.019049233231325822,5.095232168387276,0.06324283290845657,0.48616600790513836,0.34774774774774775,0.13841826015739062,-0.0,6.936706679685267,18.609022507759022,47.56215878831536,-3.9086594808364294,0.3462639441657955,0.6126169026169026
50,1105015,H,1101,0,n50_i1105015_H_a1101,W-REFERENCE,0.08317797383440417,0.02667131730268401,9.502473965252545,0.032649153245120875,0.5130434782608696,0.027565084226646247,0.4854783940342233,-0.0,3.257258906690319,-1.6238150938324147,-9.780081198508784,5.820958481530747,1.2567357956830938,2.1941081946936754
50,1105015,H,1101,0,n50_i1105015_H_a1101,W-LEGACY,-0.0012082929467162051,0.0042919018117322655,-0.1259011028813095,-9.074508894536121e-05,0.576271186440678,0.13016845329249618,0.44610273314818183,-0.0,-0.6354127999650627,-6.3673296966751725,-4.905774816781438,6.916600424718755,1.2458305258199176,1.8969587835134059
50,1105015,H,1101,0,n50_i1105015_H_a1101,GW-REFERENCE,0.10241978788715134,0.04050279311526504,11.700710212801436,0.043802705349498205,0.4260869565217391,0.19838809671419716,0.22769885980754195,-0.0,3.785704165114212,-14.595005103748104,-32.490522282404235,4.382911600490291,0.9263367898234911,2.170943515391164
50,1105015,H,1101,0,n50_i1105015_H_a1101,GW-LEGACY,0.01803352110603096,0.0181233776243133,1.8790477940412886,0.011062807015431969,0.6836158192090396,0.012399256044637322,0.6712165631644023,-0.0,-0.08570430377534688,-18.71307332150315,-28.843191599365337,5.463664390321998,0.9154315199603149,1.8737941042108943
50,1105015,H,1101,0,n50_i1105015_H_a1101,GW-W,0.019241814052747164,0.013831475812581033,2.0074763317643685,0.01115355210437733,0.15007656967840735,0.39429634221946686,-0.2442197725410595,-0.0,0.5462376323554952,-13.185294817325733,-25.172313814496672,-1.3589433526927097,-0.3303990058596027,-0.023164679302511537
50,1105015,H,1101,0,n50_i1105015_H_a1101,REFERENCE-LEGACY,-0.08438626678112038,-0.022379415490951744,-8.792837932765929,-0.032739898334066236,0.5028248587570622,0.3934782608695652,0.10934659788749695,-0.0,-4.023735179160215,-4.821811912473716,5.402694268049779,1.0353732936365434,-0.010905269863176192,-0.2971494111802695
50,1105015,H,2202,0,n50_i1105015_H_a2202,W-REFERENCE,0.10357955672017305,-0.0016659802943717987,10.84290570386619,0.013930487571375452,0.006951340615690168,0.9017681728880157,-0.8948168322723256,-0.17421602787457413,6.012048642793511,25.934203406280254,15.696856260013403,17.366691551992865,0.7153558661379119,1.574849213859783
50,1105015,H,2202,0,n50_i1105015_H_a2202,W-LEGACY,0.10053873889585885,0.0277334321134403,10.491191673961309,0.018929892094710132,0.8084112149532711,0.381139489194499,0.42727172575877204,0.2601908065914982,3.4666827427650815,18.346898810526557,10.099312895435443,13.056799928356888,0.7770836873252536,1.0873932029618376
50,1105015,H,2202,0,n50_i1105015_H_a2202,GW-REFERENCE,0.12423878139839684,0.005987556289489028,13.005552776262274,0.028555797239446803,0.014895729890764648,0.9104477611940298,-0.8955520313032652,-0.17421602787457413,7.928199053397167,21.08189808415364,2.4593616282641895,13.913288392977385,0.6540278204763161,1.4722998565807377
50,1105015,H,2202,0,n50_i1105015_H_a2202,GW-LEGACY,0.12119796357408263,0.035386968697301124,12.646976482035965,0.033555201762781484,0.3341121495327103,0.014925373134328358,0.31918677639838194,0.2601908065914982,5.434726016699043,13.786935977372528,-2.497736933967032,9.73021122709996,0.7157556416636578,0.9848438456827924
50,1105015,H,2202,0,n50_i1105015_H_a2202,GW-W,0.020659224678223786,0.007653536583860827,1.9510920059908177,0.014625309668071351,0.9017681728880157,0.2656716417910448,0.6360965310969708,-0.0,2.0387192006358523,-3.8530480130742895,-11.441533555587458,-2.9424047941963405,-0.06132804566159576,-0.10254935727904524
50,1105015,H,2202,0,n50_i1105015_H_a2202,REFERENCE-LEGACY,-0.0030408178243142014,0.0293994124078121,-0.31730856176267475,0.00499940452333468,0.9871495327102804,0.0,0.9871495327102804,0.43365134431916363,-2.708183190794977,-6.0248164442475165,-4.838111894759023,-3.6721590824827066,0.0617278211873417,-0.4874560108979453
50,1105015,T,1101,0,n50_i1105015_T_a1101,W-REFERENCE,-0.10988968280407263,-0.07084620484874918,-10.80962624259999,-0.06855320568891948,0.0,0.9990592662276576,-0.9990592662276576,0.26064291920069316,-3.845872883251822,8.211823286659591,15.183572613074126,16.66324793526137,0.831317453133522,1.608832660952983
50,1105015,T,1101,0,n50_i1105015_T_a1101,W-LEGACY,0.043441654951126174,0.025409520790887513,5.032281600149857,0.030558999013108046,0.7987804878048781,0.11194731890874883,0.6868331688961292,0.17391304347825765,3.331691739489151,-14.127533175259376,-25.834767939535862,11.356781145633988,0.8257630989998236,1.832142130799849
50,1105015,T,1101,0,n50_i1105015_T_a1101,GW-REFERENCE,-0.03012363158136766,-0.014655240259324277,-2.96320082245517,-0.037187925770074924,0.008379888268156424,0.9773242630385488,-0.9689443747703924,0.26064291920069316,-1.9344647006990012,7.68927032774509,11.245728689552447,12.254275149610173,0.7675767722358074,1.7119368987607766
50,1105015,T,1101,0,n50_i1105015_T_a1101,GW-LEGACY,0.12320770617383114,0.08160048538031241,14.272381507398514,0.06192427893195261,0.9634146341463414,0.012471655328798186,0.9509429788175432,0.17391304347825765,5.110988212931189,-14.5422097814347,-28.3702953743979,7.148351959423915,0.762022418102109,1.9352463686076424
50,1105015,T,1101,0,n50_i1105015_T_a1101,GW-W,0.07976605122270497,0.056190964589424894,8.79739044651533,0.031365279918844566,1.0,0.011337868480725623,0.9886621315192744,-0.0,1.8406202668272864,-0.4828982111596325,-3.4187548052097005,-3.779230274900125,-0.06374068089771458,0.10310423780779354
50,1105015,T,1101,0,n50_i1105015_T_a1101,REFERENCE-LEGACY,0.1533313377551988,0.09625572563963669,17.761903191302043,0.09911220470202753,0.975609756097561,0.006052141527001862,0.9695576145705591,-0.08695652173913437,6.911747596180662,-20.644099492474755,-35.61127652325842,-4.5485333929431215,-0.005554354133698383,0.22330946984686584
50,1105015,T,2202,0,n50_i1105015_T_a2202,W-REFERENCE,0.22722890099529325,0.11393908043631527,26.68379920481161,0.12751743743525237,0.9810126582278481,0.019927536231884056,0.9610851219959641,-0.08680555555555802,10.688376285006452,15.898912617780914,-4.546499510394497,13.039763159558614,0.32715676309422753,0.36950292032357845
50,1105015,T,2202,0,n50_i1105015_T_a2202,W-LEGACY,0.011573194315135149,-0.014743800247991878,1.0844274878393456,-0.006552573470740706,0.040100250626566414,0.8731884057971014,-0.833088155170535,-0.435540069686402,3.2243791952462963,1.7135043071220046,-10.143758440434713,13.014056698363618,0.008639790410951143,0.10639894138635864
50,1105015,T,2202,0,n50_i1105015_T_a2202,GW-REFERENCE,0.20122335879883746,0.10298059843384921,23.629932979419554,0.10716911672335218,0.7784810126582279,0.06645569620253164,0.7120253164556962,-0.0,9.776098404148414,8.67055259396341,-11.010440506142672,9.094912022228252,0.2220725433883795,0.5145089894877031
50,1105015,T,2202,0,n50_i1105015_T_a2202,GW-LEGACY,-0.01443234788132064,-0.025702282250457936,-1.3523349155294406,-0.026900894182640897,0.12280701754385964,0.935126582278481,-0.8123195647346213,-0.34843205574912606,2.2358599567178783,-4.630143030111055,-16.22866303336763,9.070102662724233,-0.0964444292948969,0.25140501055048325
50,1105015,T,2202,0,n50_i1105015_T_a2202,GW-W,-0.02600554219645579,-0.010958482002466057,-2.4106209669752854,-0.02034832071190019,0.11231884057971014,0.8291139240506329,-0.7167950834709227,0.08673026886383273,-1.0214548150745184,-6.2367798459470265,-6.771821842669956,-3.489790695829853,-0.10508421970584804,0.14500606916412462
50,1105015,T,2202,0,n50_i1105015_T_a2202,REFERENCE-LEGACY,-0.2156557066801581,-0.12868288068430717,-20.207297126908365,-0.13407001090599308,0.0,1.0,-1.0,-0.34843205574912606,-8.357251586399173,-12.239466264399312,-5.863859262709525,-0.02274107842806794,-0.3185169726832764,-0.2631039789372198
50,1105016,H,1101,1,n50_i1105016_H_a1101,W-REFERENCE,0.04184295347264899,0.034282719267490776,4.154415345819085,0.036366001857702814,0.5932835820895522,0.02379182156133829,0.5694917605282139,-0.07468259895444529,3.48058102843275,-20.317313811603512,-15.964960602513845,22.3561724331506,0.4731568968072126,0.5832168353735616
50,1105016,H,1101,1,n50_i1105016_H_a1101,W-LEGACY,0.027857609877090406,-0.0043573734754703,2.727988488468047,0.004207230373590859,0.030864197530864196,0.9397769516728625,-0.9089127541419982,0.07457121551081025,6.144008250545263,-10.707858452588571,-15.1330900644707,18.55017041844014,0.595884785630463,0.8744507156485377
50,1105016,H,1101,1,n50_i1105016_H_a1101,GW-REFERENCE,0.043025363091964586,0.0351509285963617,4.271811950500437,0.039366704286344305,0.6455223880597015,0.020177562550443905,0.6253448255092576,-0.07468259895444529,3.48058102843275,-20.012243461601642,-15.820521172043534,18.86446165467777,0.43622556682728614,0.6057259589231303
50,1105016,H,1101,1,n50_i1105016_H_a1101,GW-LEGACY,0.029040019496406,-0.0034891641465993745,2.8437773104229125,0.00720793280223235,0.030864197530864196,0.9556093623890234,-0.9247451648581592,0.07457121551081025,6.144008250545263,-10.36599767733961,-14.987220814872549,15.167072536181546,0.5589534556505364,0.8969598391981064
50,1105016,H,1101,1,n50_i1105016_H_a1101,GW-W,0.0011824096193155942,0.0008682093288709253,0.11271399708938645,0.0030007024286414913,0.9271375464684015,0.9354317998385795,-0.008294253370177973,-0.0,-0.0,0.3828565082263591,0.17188000565704353,-2.853726713607796,-0.036931329979926486,0.022509123549568688
50,1105016,H,1101,1,n50_i1105016_H_a1101,REFERENCE-LEGACY,-0.013985343595558586,-0.038640092742961075,-1.3695308572516662,-0.032158771484111955,0.015432098765432098,0.7947761194029851,-0.779344020637553,0.1491424310216205,2.759472912800176,12.05965287903945,0.9899091426712969,-3.110592574959692,0.12272788882325032,0.2912338802749761
50,1105016,H,2202,1,n50_i1105016_H_a2202,W-REFERENCE,0.008356286396234647,0.028679332042316708,0.8371255781626452,0.02231110743776709,0.8620689655172413,0.00922509225092251,0.8528438732663188,0.14970059880239361,-5.661923728067153,4.090498398693443,11.94792829542195,18.192306780640966,1.1709670331605009,1.682963466468621
50,1105016,H,2202,1,n50_i1105016_H_a2202,W-LEGACY,-0.026877267187129128,0.011434427336956134,-2.6007438904523172,0.0066734174205548905,0.8162650602409639,0.033210332103321034,0.7830547281376429,0.14970059880239361,-4.808070316784674,-1.5860676080841962,18.304593557261217,19.483770660376788,1.3310617480433198,2.059461946939261
50,1105016,H,2202,1,n50_i1105016_H_a2202,GW-REFERENCE,0.04224529451150094,0.037005780952778566,4.232097239813015,0.031187166415613442,0.9632183908045977,0.033576642335766425,0.9296417484688313,-0.0,-0.8139489367532171,5.748105751817301,23.927877441915022,3.850518236406786,0.5621509424754133,1.3127320718469826
50,1105016,H,2202,1,n50_i1105016_H_a2202,GW-LEGACY,0.007011740928137167,0.019760876247417992,0.6784820143105774,0.015549476398401242,0.8463855421686747,0.23941605839416058,0.6069694837745141,-0.0,0.0007280175112311937,-0.018857723490905975,30.964792242425098,4.985272238992455,0.722245657358232,1.6892305523176225
50,1105016,H,2202,1,n50_i1105016_H_a2202,GW-W,0.033889008115266295,0.008326448910461859,3.3667874229703187,0.008876058977846352,0.052583025830258305,0.17372262773722627,-0.12113960190696796,-0.14992503748125774,4.588194706534732,1.5924674957120466,10.701358505607095,-12.134282623700566,-0.6088160906850876,-0.37023139462163845
50,1105016,H,2202,1,n50_i1105016_H_a2202,REFERENCE-LEGACY,-0.035233553583363775,-0.017244904705360574,-3.409329102652914,-0.0156376900172122,0.3795180722891566,0.3333333333333333,0.04618473895582331,-0.0,0.8080994374851325,-5.453491042991187,5.678233942002486,1.092680153990666,0.16009471488281868,0.37649848047063994
50,1105016,T,1101,1,n50_i1105016_T_a1101,W-REFERENCE,0.07532226522491892,0.01953605604772242,7.989795300149294,0.02606290655154371,0.8080168776371308,0.39574468085106385,0.41227219678606697,0.4477611940298498,4.9625043107353495,20.843888436224024,49.488056560748376,26.04182975155822,1.231493129088617,0.7273784797063398
50,1105016,T,1101,1,n50_i1105016_T_a1101,W-LEGACY,0.0540883509396175,0.015042180592614293,5.6110298725024155,0.020956536671519213,0.2832618025751073,0.4765957446808511,-0.19333394210574378,-0.0,3.487746977690598,23.013724344938247,68.70310170595961,32.2920428912006,1.5174556055323487,0.987912051687764
50,1105016,T,1101,1,n50_i1105016_T_a1101,GW-REFERENCE,0.07659471214581759,0.02020843671075502,8.12476987105375,0.02673528721457631,0.8080168776371308,0.46710526315789475,0.34091161447923607,0.4477611940298498,4.9625043107353495,20.139813818447337,48.78063198637261,18.798163596542917,1.122242828627261,0.7292060113519092
50,1105016,T,1101,1,n50_i1105016_T_a1101,GW-LEGACY,0.055360797860516175,0.015714561255646894,5.74303126578406,0.021628917334551814,0.34334763948497854,0.45394736842105265,-0.11059972893607412,-0.0,3.487746977690598,22.29700757861903,67.90474548496137,24.68917489445943,1.4082053050709926,0.9897395833333333
50,1105016,T,1101,1,n50_i1105016_T_a1101,GW-W,0.0012724469208986733,0.0006723806630326012,0.12498826442750577,0.0006723806630326012,0.8978723404255319,0.8453947368421053,0.05247760358342657,-0.0,-0.0,-0.5826315479315891,-0.4732315013328714,-5.747033480308339,-0.10925030046135611,0.001827531645569369
50,1105016,T,1101,1,n50_i1105016_T_a1101,REFERENCE-LEGACY,-0.021233914285301414,-0.004493875455108126,-2.2027687162803455,-0.005106369880024497,0.5407725321888412,0.5991561181434599,-0.05838358595461868,-0.4497751124437732,-1.551763672168538,1.795569421666987,12.853899894940902,4.958840372249607,0.28596247644373174,0.26053357198142413
50,1105016,T,2202,1,n50_i1105016_T_a2202,W-REFERENCE,-0.06412503643490064,-0.05773552370158756,-6.632407971646003,-0.05200476302107697,0.01118939079983423,0.9467455621301775,-0.9355561713303432,-0.0,-0.93390378836673,17.755768863941746,29.812784948835635,25.60091792646304,0.5948199692483659,1.0119246776562756
50,1105016,T,2202,1,n50_i1105016_T_a2202,W-LEGACY,-0.1283689503373846,-0.11780895389342211,-12.449855394302078,-0.104212994519861,0.007575757575757576,0.9763313609467456,-0.968755603370988,-0.14992503748125774,0.4651886185042753,-8.995889259515689,2.8966618444213887,21.583085300168882,0.7650836996373682,1.4451231881852946
50,1105016,T,2202,1,n50_i1105016_T_a2202,GW-REFERENCE,-0.05195151664890285,-0.05440587640040505,-5.373309276963645,-0.042352379587811614,0.01118939079983423,0.9382352941176471,-0.9270459033178128,-0.0,-0.4663396427880384,23.835307462646107,45.812040187097104,15.520773010266486,0.3485131729166797,0.900692904656319
50,1105016,T,2202,1,n50_i1105016_T_a2202,GW-LEGACY,-0.11619543055138681,-0.1144793065922396,-11.269207265786463,-0.09456061108659565,0.007575757575757576,0.9764705882352941,-0.9688948306595365,-0.14992503748125774,0.9262716371152058,-4.297495208632318,15.578540263891671,11.825392924850874,0.5187769033056822,1.333891415185338
50,1105016,T,2202,1,n50_i1105016_T_a2202,GW-W,0.012173519785997788,0.0033296473011825145,1.3485393243300114,0.009652383433265355,0.5502958579881657,0.5705882352941176,-0.020292377305951903,-0.0,0.46323794882545677,5.162837164885614,12.32486865185689,-8.025534432875958,-0.24630679633168615,-0.11123177299995657
50,1105016,T,2202,1,n50_i1105016_T_a2202,REFERENCE-LEGACY,-0.06424391390248396,-0.060073430191834545,-6.230692359388923,-0.052208231498784036,0.006734006734006734,0.8665561541649399,-0.8598221474309332,-0.14992503748125774,1.386147126345716,-22.717917246472254,-20.734570262107056,-3.1988879481331,0.17026373038900242,0.43319851052901903
50,1105017,H,1101,0,n50_i1105017_H_a1101,W-REFERENCE,0.13943617023142718,0.08327531097006177,18.47158324528928,0.07759554417784106,0.02185163887291547,0.6666666666666666,-0.6448150277937512,-0.0,3.468446069860831,15.273442371979051,39.09734995986025,24.464431556639887,0.49816383485207955,1.3682837741526768
50,1105017,H,1101,0,n50_i1105017_H_a1101,W-LEGACY,-0.011640822267185436,0.007667524794385455,-1.2849362225730632,-0.0026115033100423957,0.11738148984198646,0.7354497354497355,-0.618068245607749,-0.0,-3.781242096065851,-5.1959980719144205,-2.682352781325803,26.242257682499215,0.4390954823382049,1.3076314894321202
50,1105017,H,1101,0,n50_i1105017_H_a1101,GW-REFERENCE,0.07614264516261138,0.029886093653419224,10.086874921358802,0.030897108002491527,0.007475560667050029,0.13131313131313133,-0.1238375706460813,-0.0,2.718562361986654,13.741157140961002,55.27399069334087,23.852923190218256,1.0977009649250766,2.1531105980078795
50,1105017,H,1101,0,n50_i1105017_H_a1101,GW-LEGACY,-0.07493434733600124,-0.04572169252225709,-8.27139655575031,-0.04930993948539193,0.002257336343115124,0.9873737373737373,-0.9851164010306223,-0.0,-4.587443379089917,-6.456190957688113,8.635422981752306,25.622014647575032,1.038632612411202,2.092458313287323
50,1105017,H,1101,0,n50_i1105017_H_a1101,GW-W,-0.0632935250688158,-0.05338921731664255,-7.077400414722557,-0.046698436175349536,0.0,1.0,-1.0,-0.0,-0.7768275525916302,-1.329261276047844,11.629726043054568,-0.4913117416547652,0.599537130072997,0.7848268238552025
50,1105017,H,1101,0,n50_i1105017_H_a1101,REFERENCE-LEGACY,-0.15107699249861262,-0.07560778617567632,-16.676167336227365,-0.08020704748788346,0.2076749435665914,0.339850488786659,-0.1321755452200676,-0.0,-7.510174518865975,-17.757290857889075,-30.03630389309542,1.4283808664247166,-0.059068352513874656,-0.060652284720556615
50,1105017,H,2202,0,n50_i1105017_H_a2202,W-REFERENCE,-0.019623632573195993,0.029432175098020208,-2.295681290900786,0.02070806695443611,0.9509803921568627,0.13612565445026178,0.8148547377066009,-0.0,-2.648012169873959,1.4741059692962244,5.201759349892421,29.637919775712152,0.3905189206944144,1.0711359210885076
50,1105017,H,2202,0,n50_i1105017_H_a2202,W-LEGACY,-0.20052591061657266,-0.07225484811867441,-19.361225623690494,-0.08596047046152662,0.11991869918699187,0.23036649214659685,-0.11044779295960498,-0.0,-7.565731531171838,-8.44678422773013,-22.54709288693444,28.46278692093098,0.5882124196554912,1.6020282872695593
50,1105017,H,2202,0,n50_i1105017_H_a2202,GW-REFERENCE,-0.03137268799295534,-0.007164998175694423,-3.6701509061614956,-0.0005451437605603904,0.6911764705882353,0.4744744744744745,0.2167019961137608,-0.0,1.8557376865472985,7.835378407847204,86.21381173492651,30.9584848755603,0.7150198549574971,1.1394636688863091
50,1105017,H,2202,0,n50_i1105017_H_a2202,GW-LEGACY,-0.212274966036332,-0.10885202139238906,-20.49562322920574,-0.10721368117652312,0.036585365853658534,0.9669669669669669,-0.9303816011133084,-0.0,-2.846213464541969,-2.70743878004448,37.09657664094843,29.77138145353775,0.9127133539185739,1.6703560350673607
50,1105017,H,2202,0,n50_i1105017_H_a2202,GW-W,-0.011749055419759347,-0.03659717327371463,-1.406764443394759,-0.0212532107149965,0.0,0.972972972972973,-0.972972972972973,-0.0,4.387566559952393,6.268862758422089,77.00636651483617,1.0186565027677563,0.3245009342630827,0.06832774779780149
50,1105017,H,2202,0,n50_i1105017_H_a2202,REFERENCE-LEGACY,-0.18090227804337666,-0.10168702321669462,-17.46651996376941,-0.10666853741596273,0.03048780487804878,0.8627450980392157,-0.8322572931611669,-0.0,-4.790856887865935,-9.776770243265986,-26.376794844786254,-0.9064730881321426,0.1976934989610768,0.5308923661810516
50,1105017,T,1101,0,n50_i1105017_T_a1101,W-REFERENCE,0.23739017524883166,0.09910456878328873,29.255870460473666,0.0836741013501779,0.11597151576805696,0.6480446927374302,-0.5320731769693732,-0.0,3.940806202474767,21.4167923704635,20.57581912217823,36.650447126302296,1.4359708270702554,0.26339972802175815
50,1105017,T,1101,0,n50_i1105017_T_a1101,W-LEGACY,0.04939130840592432,0.004492408144161707,4.941965767232048,-0.0019533539517214496,0.6125,0.6857541899441341,-0.07325418994413402,-0.0,1.0687847534142203,7.8420326461517975,-3.7482439169541526,12.742115551355848,1.2422685557402946,0.9415911662131964
50,1105017,T,1101,0,n50_i1105017_T_a1101,GW-REFERENCE,-0.12742901392008432,-0.06277685594348409,-15.704300821397332,-0.0686156632650648,0.002034587995930824,0.9982014388489209,-0.9961668508529901,-0.0,-2.9331911233594354,22.55337633870338,69.74759485570054,28.69103314217383,0.5927872184712863,0.41919463629387277
50,1105017,T,1101,0,n50_i1105017_T_a1101,GW-LEGACY,-0.31542788076299166,-0.15738901658261112,-31.560892777934157,-0.15424311856696415,0.275,0.6402877697841727,-0.36528776978417266,-0.0,-6.010734469701284,8.851543134898954,35.50398591262267,6.175278852385646,0.39908494714132553,1.097386074485311
50,1105017,T,1101,0,n50_i1105017_T_a1101,GW-W,-0.364819189168916,-0.1618814247267728,-34.7838524638769,-0.15228976461524268,0.611731843575419,0.3669064748201439,0.2448253687552751,-0.0,-7.156001475843432,0.9361011323474777,40.780793438937415,-5.824652719044387,-0.8431836085989691,0.15579490827211462
50,1105017,T,1101,0,n50_i1105017_T_a1101,REFERENCE-LEGACY,-0.18799886684290734,-0.09461216063912703,-18.810677307439438,-0.08562745530189936,0.5375,0.18209562563580875,0.35540437436419126,-0.0,-2.989845464572838,-11.18029842436684,-20.17325133365676,-17.495977567383015,-0.19370227132996087,0.6781914381914382
50,1105017,T,2202,0,n50_i1105017_T_a2202,W-REFERENCE,0.023727410204987365,0.019173224457426613,2.1720343939410025,0.0036844432452597872,0.5246636771300448,0.37868852459016394,0.14597515253988086,-0.0,-0.4321707080141568,-4.66818745658637,-4.126634206662516,20.833211253588214,1.3603222311103103,1.6373697916666665
50,1105017,T,2202,0,n50_i1105017_T_a2202,W-LEGACY,0.060242368697304816,0.00915065434435857,5.705364373911603,0.0012929135684373108,0.5227272727272727,0.6081967213114754,-0.08546944858420269,-0.0,1.2079558351568598,7.652044059357044,69.82812349567536,28.74291713017003,1.315510123513246,1.3139702331677703
50,1105017,T,2202,0,n50_i1105017_T_a2202,GW-REFERENCE,-0.10528402908870205,0.009116221861104359,-9.637820998487213,-0.004348107316963161,0.7982062780269058,0.17379679144385027,0.6244094865830555,-0.0,-3.463327445587061,-1.7385052833865933,-20.40784188562781,15.978328913346363,1.4308528541147065,1.615664845173042
50,1105017,T,2202,0,n50_i1105017_T_a2202,GW-LEGACY,-0.0687690705963846,-0.0009063482519636838,-6.512901366462664,-0.006739636993785637,0.9128787878787878,0.12299465240641712,0.7898841354723707,-0.0,-1.7737000244925971,10.960344467949291,40.987924494815765,23.570235643664205,1.3860407465176423,1.2922652866741458
50,1105017,T,2202,0,n50_i1105017_T_a2202,GW-W,-0.1290114392936894,-0.010057002596322254,-11.558794402481398,-0.008032550562222948,0.48688524590163934,0.029411764705882353,0.457473481195757,-0.0,-3.0181133358009093,3.073142212486113,-16.98199238572755,-4.017837720172068,0.07053062300439623,-0.021704946493624533
50,1105017,T,2202,0,n50_i1105017_T_a2202,REFERENCE-LEGACY,0.03651495849231745,-0.010022570113068043,3.458216331826436,-0.0023915296768224764,0.6931818181818182,0.09865470852017937,0.5945271096616389,-0.0,1.6330688977532426,12.923525932471748,77.13795910926203,6.54597009756035,-0.04481210759706422,-0.32339955849889623
50,1105018,H,1101,1,n50_i1105018_H_a1101,W-REFERENCE,0.012283467297635964,0.0006946556572741264,1.3898035918952223,-0.004864731116747623,0.446875,0.33070866141732286,0.11616633858267716,-0.0,-1.0148432556493558,-23.34900300464371,-24.298734715534042,40.191069642159924,1.2963250019583847,1.2275911500595047
50,1105018,H,1101,1,n50_i1105018_H_a1101,W-LEGACY,-0.06271951245255603,-0.05335848336282515,-6.541250958890643,-0.027310691960247116,0.5252707581227437,0.8713910761154856,-0.3461203179927419,-0.08833922261484162,0.02255635107234477,-17.141537572923372,-35.53702539951404,36.05437818117127,1.2865000656433168,1.849426337932428
50,1105018,H,1101,1,n50_i1105018_H_a1101,GW-REFERENCE,0.11087794246741367,0.04124051836312852,12.545200713223847,0.040060831753129245,0.95625,0.383448275862069,0.5728017241379311,-0.0,3.5445780289786732,0.7862980387866259,5.8365969176846555,17.89974799324896,0.605036243961579,0.31953566006559164
50,1105018,H,1101,1,n50_i1105018_H_a1101,GW-LEGACY,0.03587496271722168,-0.01281262065697076,3.741533138538111,0.01761487090962975,0.16425992779783394,0.8193103448275862,-0.6550504170297523,-0.08833922261484162,4.535153409724179,8.94832443884419,-9.875458048564823,14.420818258128975,0.5952113076465111,0.941370847938515
50,1105018,H,1101,1,n50_i1105018_H_a1101,GW-W,0.0985944751697777,0.04054586270585439,11.00248420070944,0.04492556286987687,0.889763779527559,0.2537931034482759,0.6359706760792831,-0.0,4.513615165534624,31.48726303572087,39.80822714122127,-15.90067163750869,-0.6912887579968058,-0.9080554899939131
50,1105018,H,1101,1,n50_i1105018_H_a1101,REFERENCE-LEGACY,-0.07500297975019199,-0.054053139020099276,-7.822339396877831,-0.022445960843499493,0.0,0.95,-0.95,-0.08833922261484162,1.0269773958825446,8.098349238818647,-14.845578395221516,-2.9507524777060534,-0.009824936315067957,0.6218351878729234
50,1105018,H,2202,1,n50_i1105018_H_a2202,W-REFERENCE,-0.09848947487611137,-0.09318819117647316,-10.407295476218847,-0.0957488041250936,0.02073578595317726,0.7202970297029703,-0.699561243749793,-0.26501766784452485,2.124390746574656,10.479255646908259,103.78060950755636,20.9562029419309,0.3043540295098169,0.6321428571428571
50,1105018,H,2202,1,n50_i1105018_H_a2202,W-LEGACY,-0.12220420091644202,-0.11011011027557535,-12.597526362409184,-0.10202257614528158,0.002472187886279357,0.7821782178217822,-0.7797060299355029,-0.08818342151675207,-0.11608423773177279,15.26809402379996,53.49909169282614,24.76536150533073,0.44526655171740137,0.9467247097844114
50,1105018,H,2202,1,n50_i1105018_H_a2202,GW-REFERENCE,-0.08186769353884493,-0.07424758776518489,-8.650886581404137,-0.07490249791485185,0.009364548494983277,0.5236641221374045,-0.5142995736424213,-0.26501766784452485,2.124390746574656,11.82642021792828,93.94005813711419,10.069519663382586,0.16757556201195348,0.48345864661654137
50,1105018,H,2202,1,n50_i1105018_H_a2202,GW-LEGACY,-0.10558241957917558,-0.0911695068642871,-10.884055573220941,-0.08117626993503983,0.002472187886279357,0.9954198473282443,-0.992947659441965,-0.08818342151675207,-0.11608423773177279,16.673652845939003,46.08663129843589,13.53583427311258,0.30848808421953794,0.7980404992580956
50,1105018,H,2202,1,n50_i1105018_H_a2202,GW-W,0.01662178133726644,0.018940603411288268,1.9604374085486986,0.02084630621024175,0.4306930693069307,0.23511450381679388,0.1955785654901368,-0.0,-0.0,1.2193823746655008,-4.828993000964232,-9.000516727343733,-0.1367784674978634,-0.14868421052631575
50,1105018,H,2202,1,n50_i1105018_H_a2202,REFERENCE-LEGACY,-0.023714726040330647,-0.0169219190991022,-2.444653164375643,-0.006273772020187994,0.042027194066749075,0.35785953177257523,-0.31583233770582614,0.17636684303351524,-2.289104508667994,4.334604128938757,-24.67433870977097,3.1492048119504457,0.14091252220758443,0.31458185264155425
50,1105018,T,1101,1,n50_i1105018_T_a1101,W-REFERENCE,0.24051989434279553,0.14732619991607776,43.99079975357878,0.15053794045492608,0.9785276073619632,0.001763668430335097,0.976763938931628,-0.08833922261484162,7.339635954865365,10.6500326107853,4.492819642544776,27.898972709924607,0.18418491746642446,-0.04456447157761412
50,1105018,T,1101,1,n50_i1105018_T_a1101,W-LEGACY,-0.06999380851083248,-0.054423118246199303,-8.164788940873747,-0.052988551041706564,0.3543859649122807,0.7142857142857143,-0.3598997493734336,-0.08833922261484162,-1.7788279500284832,8.719728198417332,-11.77425235683317,21.608230469913092,0.23663069796133318,0.8807048730532903
50,1105018,T,1101,1,n50_i1105018_T_a1101,GW-REFERENCE,0.26174423253366674,0.17250872887101842,47.87270571320037,0.169838518829433,0.1058282208588957,0.14484679665738162,-0.039018575798485916,-0.17667844522968323,7.134827712395042,-5.507287744893152,-27.640656999955215,16.768372287604173,-0.049781907433951375,0.08702320538678432
50,1105018,T,1101,1,n50_i1105018_T_a1101,GW-LEGACY,-0.04876947031996126,-0.02924058929125864,-5.688966501359394,-0.03368797266719965,0.6017543859649123,0.39275766016713093,0.20899672579778134,-0.17667844522968323,-2.003790835593877,-7.155725572690685,-38.905303187473365,11.025091350446026,0.0026638730609573544,1.0122925500176887
50,1105018,T,1101,1,n50_i1105018_T_a1101,GW-W,0.021224338190871217,0.025182528954940664,2.6959402727569692,0.01930057837450691,0.9523809523809523,0.3983286908077994,0.5540522615731529,-0.08826125330980705,-0.22103112218569976,-14.60218309425384,-30.75185142139344,-8.70265037043314,-0.23396682490037582,0.13158767696439844
50,1105018,T,1101,1,n50_i1105018_T_a1101,REFERENCE-LEGACY,-0.310513702853628,-0.20174931816227706,-36.22147302724197,-0.20352649149663266,0.03684210526315789,0.21625766871165644,-0.17941556344849854,-0.0,-9.840738269118244,-1.744513188855401,-15.567645753100855,-4.918524446853024,0.05244578049490873,0.9252693446309044
50,1105018,T,2202,1,n50_i1105018_T_a2202,W-REFERENCE,0.02157788799798832,0.020185286599111465,2.334687079174569,0.021944987796889075,0.676737160120846,0.14213197969543148,0.5346051804254145,0.17605633802817433,0.03313067230591438,63.35522487829284,65.61343707607354,43.888864882321485,0.8485930151180786,1.0150065048116477
50,1105018,T,2202,1,n50_i1105018_T_a2202,W-LEGACY,0.0151675469034398,0.0038743082102725215,1.629796122931948,0.014911753575367725,0.4144486692015209,0.2639593908629442,0.15048927833857673,-0.17667844522968323,2.612398966256846,22.82674176529378,42.5543841098331,38.98842527005297,0.5215801662025116,0.5681517984149562
50,1105018,T,2202,1,n50_i1105018_T_a2202,GW-REFERENCE,-0.10528483729375915,-0.013975080431657447,-11.391622260976252,-0.018029892491172046,0.6629741524001342,0.020026702269692925,0.6429474501304413,0.17605633802817433,-8.364672364672376,50.06625529332129,65.13635348084054,25.99110744391968,0.5500264830123148,0.9059307493853459
50,1105018,T,2202,1,n50_i1105018_T_a2202,GW-LEGACY,-0.11169517838830767,-0.03028605882049639,-12.001965106577028,-0.025063126712693395,0.8022813688212928,0.03204272363150868,0.770238645189784,-0.17667844522968323,-5.568730414161105,12.834769749974173,42.14372686312608,21.700213814195735,0.22301363409674788,0.45907604298865445
50,1105018,T,2202,1,n50_i1105018_T_a2202,GW-W,-0.12686272529174747,-0.03416036703076891,-13.413154162997554,-0.03997488028806112,0.6091370558375635,0.03204272363150868,0.5770943322060548,-0.0,-8.400586207666528,-8.135013492756315,-0.2880705839187758,-12.43859797840463,-0.2985665321057637,-0.10907575542630177
50,1105018,T,2202,1,n50_i1105018_T_a2202,REFERENCE-LEGACY,-0.006410341094548522,-0.016310978388838944,-0.6888094119028021,-0.007033234221521349,0.23193916349809887,0.4991607922121517,-0.26722162871405286,-0.35335689045936647,2.5801231060822993,-24.810031722704085,-13.923419121872582,-3.4057114956576484,-0.327012848915567,-0.44685470639669145
50,1105019,H,1101,0,n50_i1105019_H_a1101,W-REFERENCE,-0.08631693218702541,-0.06319348767204615,-9.017706706228068,-0.055688255853567556,0.6112804878048781,0.780373831775701,-0.16909334397082287,-0.0,-0.4861127926968134,-7.033997431476447,-23.92170847008138,24.485747599398987,0.7736621038233873,1.5036416864598705
50,1105019,H,1101,0,n50_i1105019_H_a1101,W-LEGACY,-0.03357289655148765,-0.08559271654390871,-3.7119690629393243,-0.07641552015539434,0.061855670103092786,0.9626168224299065,-0.9007611523268138,-0.0,1.2954192050282698,-3.2249954210731957,-17.107145706165117,8.72132530409193,0.6970182793390345,1.503485796059027
50,1105019,H,1101,0,n50_i1105019_H_a1101,GW-REFERENCE,-0.05969995429146702,-0.03370495811590221,-6.2369765066394915,-0.0295350818659358,0.8414634146341463,0.1796875,0.6617759146341463,-0.0,-0.44373683318401635,-2.7441116287384104,-27.311282824075057,14.548488930373527,0.595387572402673,1.4797603915947752
50,1105019,H,1101,0,n50_i1105019_H_a1101,GW-LEGACY,-0.006955918655929261,-0.05610418698776478,-0.7690773661883421,-0.05026234616776258,0.061855670103092786,0.9401041666666666,-0.8782484965635738,-0.0,1.3370438753757319,1.240655534468793,-20.800334490947726,0.04248492902523271,0.5187437479183201,1.4796045011939318
50,1105019,H,1101,0,n50_i1105019_H_a1101,GW-W,0.02661697789555839,0.029488529556143936,3.0563421726576,0.026153173987631756,0.8364485981308412,0.13020833333333334,0.7062402647975078,-0.0,0.042170961076193336,4.614467315162929,-4.455376541494349,-7.982647701168199,-0.17827453142071434,-0.02388129486509527
50,1105019,H,1101,0,n50_i1105019_H_a1101,REFERENCE-LEGACY,0.052744035635537756,-0.02239922887186257,5.831615637734133,-0.02072726430182678,0.06872852233676977,0.9466463414634146,-0.8779178191266449,-0.0,1.7729136377286125,4.097198873960095,8.957302571964787,-12.663636279100576,-0.07664382448435286,-0.00015589040084340589
50,1105019,H,2202,0,n50_i1105019_H_a2202,W-REFERENCE,-0.06021143620663694,-0.09022410575230576,-6.230648201113853,-0.05670651875000673,0.0343980343980344,0.8043010752688172,-0.7699030408707829,-0.0,0.9188625874646417,15.410085274336073,27.22952774013394,23.45290087222296,0.8922885007570139,0.40171798029556616
50,1105019,H,2202,0,n50_i1105019_H_a2202,W-LEGACY,-0.0936964337072187,-0.059570255142347116,-9.370953875847587,-0.05792601629521545,0.04642857142857143,0.843010752688172,-0.7965821812596006,-0.0,-1.5639116103039807,14.82917111501938,0.9662252433542351,32.755353925943396,0.9714277324116755,0.9157140366606893
50,1105019,H,2202,0,n50_i1105019_H_a2202,GW-REFERENCE,-0.08274978772066799,-0.07379832772761097,-8.562905130429376,-0.046112988928895766,0.085995085995086,0.41837732160312807,-0.3323822356080421,-0.0,-0.5853803781449951,10.199501563780998,74.49543497737135,10.210681700554481,0.7238054793152223,0.08440968657527614
50,1105019,H,2202,0,n50_i1105019_H_a2202,GW-LEGACY,-0.11623478522124975,-0.043144477117652326,-11.625104264704412,-0.04733248647410449,0.9035714285714286,0.10948191593352884,0.7940895126378997,-0.0,-3.1058478818214885,9.644814764478582,38.47528718213413,18.515303830082843,0.8029447109698838,0.5984057429403993
50,1105019,H,2202,0,n50_i1105019_H_a2202,GW-W,-0.022538351514031052,0.01642577802469479,-2.4872273131605893,0.010593529821110961,0.9182795698924732,0.015640273704789834,0.9026392961876833,-0.0,-1.5181930737699911,-4.514842613770897,37.150108215270535,-10.726535446400353,-0.16848302144179156,-0.31730829372029
50,1105019,H,2202,0,n50_i1105019_H_a2202,REFERENCE-LEGACY,-0.03348499750058176,0.030653850609958646,-3.3489680951074297,-0.0012194975452087253,0.9851190476190477,0.0,0.9851190476190477,-0.0,-2.505799047735313,-0.5033478295556448,-20.64245852615475,7.535224355196579,0.07913923165466155,0.5139960563651231
50,1105019,T,1101,0,n50_i1105019_T_a1101,W-REFERENCE,-0.020996959272094662,0.01056732312657177,-4.897234655034555,0.010715062813082266,0.08411214953271028,0.9775280898876404,-0.8934159403549301,-0.0,1.1860321928049977,-7.736001956768835,-2.590495392829839,22.328448091386655,0.5445458481230049,1.5613229907347554
50,1105019,T,1101,0,n50_i1105019_T_a1101,W-LEGACY,-0.39830681107468047,-0.27074471909973097,-49.413966887691394,-0.25778340520990795,0.02079002079002079,0.8876404494382022,-0.8668504286481814,-0.0,-3.3817136420691396,-22.14683735225468,-54.85837423880751,30.985041970603433,0.6840601244630793,1.602625618656153
50,1105019,T,1101,0,n50_i1105019_T_a1101,GW-REFERENCE,0.2486924498152412,0.20560976942597212,58.003888462995626,0.20606756489134634,0.6710280373831776,0.36393088552915764,0.30709715185402,-0.0,6.4375054974052155,-11.576928708839496,-19.92333384755488,12.00672409805781,0.25596718568247895,1.6360004871513822
50,1105019,T,1101,0,n50_i1105019_T_a1101,GW-LEGACY,-0.12861740198734462,-0.07570227280033065,-15.95628260997003,-0.062430903131643845,0.031185031185031187,0.661987041036717,-0.6308020098516858,-0.0,2.1125127453831327,-25.387844695193806,-62.89077836669802,19.932899385870016,0.39548146202255335,1.6773031150727797
50,1105019,T,1101,0,n50_i1105019_T_a1101,GW-W,0.26968940908733585,0.19504244629940035,66.14016205508797,0.19535250207826407,0.7303370786516854,0.1306695464362851,0.5996675322154004,-0.0,5.314505045326035,-4.1629745442756105,-17.793785652256766,-8.437713511756396,-0.288578662440526,0.0746774964166268
50,1105019,T,1101,0,n50_i1105019_T_a1101,REFERENCE-LEGACY,-0.3773098518025858,-0.2813120422263028,-46.809082860189896,-0.26849846802299016,0.029106029106029108,0.9850467289719627,-0.9559406998659336,-0.0,-4.622571015250276,-15.619131731895585,-53.657883855134926,7.07651737129027,0.1395142763400744,0.041302627921397495
50,1105019,T,2202,0,n50_i1105019_T_a2202,W-REFERENCE,0.6980244830656307,0.48196784615057864,226.7654435800682,0.5134459949465062,0.99880810488677,0.018518518518518517,0.9802895863682515,-0.0,10.935549897658625,8.929252886809035,32.50920597289173,24.70501268889358,0.7281484180553389,1.373386811041184
50,1105019,T,2202,0,n50_i1105019_T_a2202,W-LEGACY,0.2192736915414214,0.14932609620363724,27.87724855047933,0.17583530067137731,1.0,0.0,1.0,0.09199632014719183,2.056914347743366,-2.9002688362392615,27.46589821112668,19.563458924845676,0.6471141082224768,0.695861016782322
50,1105019,T,2202,0,n50_i1105019_T_a2202,GW-REFERENCE,0.6197396044716326,0.44737745724678457,201.33323360655265,0.40305189539216446,0.29201430274135876,0.3789359391965255,-0.08692163645516676,-0.0,8.311208535860304,-0.8652579980151454,13.397526248476677,15.752289370958273,0.586706345219946,1.573039236523032
50,1105019,T,2202,0,n50_i1105019_T_a2202,GW-LEGACY,0.14098881294742327,0.11473570729984317,17.924540576405157,0.06544120111703561,0.9742647058823529,0.0,0.9742647058823529,0.09199632014719183,-0.8290417265828021,-11.631113385271552,9.081610081784874,10.979853954932551,0.5056720353870839,0.89551344226417
50,1105019,T,2202,0,n50_i1105019_T_a2202,GW-W,-0.07828487859399813,-0.03459038890379405,-7.783016984561842,-0.11039409955434171,0.7592592592592593,0.6894679695982627,0.06979128966099657,-0.0,-2.9465643798201935,-8.991625872071197,-14.422907136221808,-7.179120650322224,-0.1414420728353929,0.19965242548184792
50,1105019,T,2202,0,n50_i1105019_T_a2202,REFERENCE-LEGACY,-0.4787507915242093,-0.3326417499469414,-60.86573685716397,-0.3376106942751289,0.20588235294117646,0.0023837902264600714,0.2034985627147164,0.09199632014719183,-9.968776026476412,-10.859820855781166,-3.8060055712633267,-4.12297280853876,-0.08103430983286211,-0.677525794258862
50,1105020,H,1101,1,n50_i1105020_H_a1101,W-REFERENCE,0.11417244218204026,0.05478709549833927,11.809834021914734,0.04958491247250452,0.9809523809523809,0.00196078431372549,0.9789915966386554,-0.08547008547008517,3.8917171069333456,-0.6341058100377106,26.294974515675552,29.22719049950171,0.30939057703653416,0.6835344598029485
50,1105020,H,1101,1,n50_i1105020_H_a1101,W-LEGACY,0.19374906053012242,0.09671963039233408,21.83873552240796,0.08558811056395696,0.9770354906054279,0.00196078431372549,0.9750747062917025,-0.08547008547008517,7.064447775078797,8.27757739412136,5.2484097340754765,32.800786826816775,0.10077747457437336,-0.10166810083197841
50,1105020,H,1101,1,n50_i1105020_H_a1101,GW-REFERENCE,0.12901441235766575,0.06201889797523445,13.345066175860175,0.06690870812029502,0.9809523809523809,0.0016155088852988692,0.9793368720670821,-0.08547008547008517,5.429376945791731,-4.885812285617286,29.0709976094756,18.899299185302,0.21780763543423845,0.7200111939851785
50,1105020,H,1101,1,n50_i1105020_H_a1101,GW-LEGACY,0.20859103070574792,0.10395143286922927,23.511671950641922,0.10291190621174746,0.9770354906054279,0.0016155088852988692,0.9754199817201291,-0.08547008547008517,8.551346322807362,3.644554356190932,7.561819409543302,22.18729219394493,0.009194532972077625,-0.06519136664974834
50,1105020,H,1101,1,n50_i1105020_H_a1101,GW-W,0.014841970175625496,0.007231802476895184,1.37307435197922,0.017323795647790494,0.6196078431372549,0.7447495961227787,-0.12514175298552377,-0.0,1.5999243692338516,-4.278838841274235,2.1980471546439118,-7.9920419799264675,-0.09158294160229574,0.036476734182230075
50,1105020,H,1101,1,n50_i1105020_H_a1101,REFERENCE-LEGACY,0.07957661834808216,0.041932534893994816,8.969605927979064,0.03600319809145244,0.4102296450939457,0.25396825396825395,0.15626139112569176,-0.0,3.3012041965993055,8.96855332184925,-16.664609864573666,2.7653594522190295,-0.20861310246216083,-0.7852025606349269
50,1105020,H,2202,1,n50_i1105020_H_a2202,W-REFERENCE,-0.033561268614065165,-0.05922272016445665,-3.7201760575753973,-0.05065090108242698,0.00909090909090909,0.9942975635044065,-0.9852066544134974,-0.0,1.6870756832186196,-7.536522215895913,-20.36473357862999,18.881649520604206,1.2950201123480352,1.6767730494760755
50,1105020,H,2202,1,n50_i1105020_H_a2202,W-LEGACY,-0.08465829727234497,-0.0894983330603353,-8.881120021465916,-0.08717124979039051,0.004158004158004158,0.9958527734577501,-0.991694769299746,-0.0,-0.010101547131702304,-0.8080802879475435,-12.619400932572411,20.383841588305863,1.1594400922878407,1.0544129405202245
50,1105020,H,2202,1,n50_i1105020_H_a2202,GW-REFERENCE,0.023771355275581052,-0.004990574261388228,2.6349905830220566,0.0011465992058677932,0.09090909090909091,0.9054945054945055,-0.8145854145854146,-0.0,1.8370728087092392,-5.588928095310363,-17.865755421690753,12.588141812932708,1.4575122960164175,1.2768591457381637
50,1105020,H,2202,1,n50_i1105020_H_a2202,GW-LEGACY,-0.027325673382698756,-0.035266187157266884,-2.866613111747529,-0.035373749502095736,0.02079002079002079,0.8802197802197802,-0.8594297594297594,-0.0,0.14248498059438175,1.2812376164888617,-9.877371951915048,14.010808929604446,1.321932275956223,0.6544990367823127
50,1105020,H,2202,1,n50_i1105020_H_a2202,GW-W,0.05733262388964622,0.05423214590306842,6.600725240625538,0.05179750028829477,0.9968895800933126,0.004395604395604396,0.9924939756977083,-0.0,0.15257111568292014,2.1063388131831395,3.1380295053155427,-5.293926971109797,0.16249218366838242,-0.3999139037379118
50,1105020,H,2202,1,n50_i1105020_H_a2202,REFERENCE-LEGACY,-0.05109702865827981,-0.030275612895878656,-5.360358746580973,-0.03652034870796353,0.02390852390852391,0.7636363636363637,-0.7397278397278397,-0.0,-1.7263012387686905,7.276864432526353,9.726008330373514,1.2636029814183436,-0.13558002006019437,-0.622360108955851
50,1105020,T,1101,1,n50_i1105020_T_a1101,W-REFERENCE,-0.0922823544727952,-0.014481296879152727,-9.235160926027087,-0.05788428083819416,0.9024745269286754,0.28640776699029125,0.6160667599383841,-0.0,-4.550332665597545,-3.5835280556771543,-12.416610103993065,17.38520729105979,0.1257171648744393,0.8215779810031489
50,1105020,T,1101,1,n50_i1105020_T_a1101,W-LEGACY,-0.05478265797358062,-0.02397694810994194,-5.696140908169712,-0.016062679732952,0.3337229690239626,0.4077669902912621,-0.07404402126729953,0.0853970964987183,-1.924108920317802,13.824152034973869,4.351819793827638,16.306809235781383,0.31991889479217295,1.5735333728384417
50,1105020,T,1101,1,n50_i1105020_T_a1101,GW-REFERENCE,-0.05744558657569554,-0.00014989588759593137,-5.748869754650299,-0.008388784749812916,0.9024745269286754,0.3014354066985646,0.6010391202301107,-0.0,-3.5559427559915813,-3.9305581143840973,-3.430946932619905,13.508343535647228,0.6832346308894698,0.595721315812443
50,1105020,T,1101,1,n50_i1105020_T_a1101,GW-LEGACY,-0.019945890076480954,-0.009645547118385143,-2.0739154436298257,0.033432816355429246,0.2396259497369959,0.06698564593301436,0.17264030380398154,0.0853970964987183,-0.9546973185382335,13.414466829049964,15.057848700684517,12.465561572301521,0.8774363608072034,1.3476767076477358
50,1105020,T,1101,1,n50_i1105020_T_a1101,GW-W,0.03483676789709966,0.014331400991556796,3.841015096755118,0.04949549608838125,0.941747572815534,0.028708133971291867,0.9130394388442421,-0.0,0.9511111865961319,-0.3599281862411874,10.259551705000657,-3.302685103924352,0.5575174660150305,-0.2258566651907059
50,1105020,T,1101,1,n50_i1105020_T_a1101,REFERENCE-LEGACY,0.037499696499214585,-0.009495651230789211,3.8991090095726433,0.04182160110524216,0.18118059614260668,0.3435225618631732,-0.16234196572056653,0.0853970964987183,2.511922897155827,18.054674413624426,19.14567353208283,-0.9186830948847757,0.19420172991773366,0.7519553918352928
50,1105020,T,2202,1,n50_i1105020_T_a2202,W-REFERENCE,-0.0417176336171442,-0.0038335097473439217,-4.449433061523534,-0.03865967358319866,0.08614668218859138,0.48709122203098104,-0.40094453984238965,-0.0,-4.985174412687354,-8.000854879210662,-12.009738343128829,24.593668740669173,0.9597262079051517,1.0882751238455604
50,1105020,T,2202,1,n50_i1105020_T_a2202,W-LEGACY,0.215515498777488,0.11954655277483354,31.676628348186988,0.08220305765841072,0.47651006711409394,0.4483648881239243,0.02814517899016966,-0.0,6.976988862669664,-9.512978407776696,-21.486744866769037,26.371199414371425,0.9000376648527333,0.42639696679673156
50,1105020,T,2202,1,n50_i1105020_T_a2202,GW-REFERENCE,-0.06846394203693007,-0.009162080803397255,-7.302085492599931,-0.024258923984278397,0.02677532013969732,0.8697604790419161,-0.8429851589022188,-0.0,-5.7704442700405645,-11.122161776319894,-17.70330045277355,12.190138165038245,0.47502077104002105,1.2044986795373829
50,1105020,T,2202,1,n50_i1105020_T_a2202,GW-LEGACY,0.18876919035770212,0.11421798171878021,27.74543603809574,0.09660380725733099,0.43288590604026844,0.8952095808383234,-0.4623236747980549,-0.0,6.281193793556083,-12.582982636879636,-26.56708087343581,13.790712366688318,0.4153322279876026,0.5426205224885541
50,1105020,T,2202,1,n50_i1105020_T_a2202,GW-W,-0.02674630841978587,-0.005328571056053333,-2.9854898013458864,0.014400749598920265,0.020654044750430294,0.6946107784431138,-0.6739567336926835,-0.0,-0.747981666693609,-3.3927564142157474,-6.470673006800998,-9.955185284292234,-0.48470543686513073,0.11622355569182252
50,1105020,T,2202,1,n50_i1105020_T_a2202,REFERENCE-LEGACY,0.2572331323946322,0.12338006252217747,37.80831717405877,0.12086273124160939,0.4966442953020134,0.06169965075669383,0.4349446445453196,-0.0,11.394145261248811,-1.6436278039113406,-10.770517492716369,1.4266621182831063,-0.059688543052418414,-0.6618781570488288
50,1105021,H,1101,0,n50_i1105021_H_a1101,W-REFERENCE,0.05824029129879593,0.017315295211910862,6.072001267511373,0.015303473716832487,0.731306990881459,0.5986238532110092,0.1326831376704498,0.08568980291345785,2.4302499348770823,22.670307690368176,35.84950979892787,10.72724034289747,0.7633179223194672,1.3789353456704534
50,1105021,H,1101,0,n50_i1105021_H_a1101,W-LEGACY,0.011046108955226508,-0.016190341785343988,1.097634806409764,-0.024135278930026413,0.03389830508474576,0.786697247706422,-0.7527989426216762,-0.0,1.861918512450933,-0.022822340277872666,5.675634252553685,12.855095434512132,0.6560968986906002,1.7930372733613609
50,1105021,H,1101,0,n50_i1105021_H_a1101,GW-REFERENCE,0.012132231160219664,0.00949124329300522,1.2648790268691146,0.00917709413274588,0.8249240121580547,0.25839793281653745,0.5665260793415172,0.08568980291345785,0.1946832284511646,10.480164865528563,17.711175067979767,8.625955400023976,0.8375301428270661,1.369892231701841
50,1105021,H,1101,0,n50_i1105021_H_a1101,GW-LEGACY,-0.03506195118334976,-0.024014393704249633,-3.484052000163884,-0.03026165851411302,0.0387409200968523,0.7803617571059431,-0.7416208370090909,-0.0,-0.38667008657329305,-9.957875882106304,-8.433949431738641,10.713429914548644,0.7303091191981991,1.7839941593927484
50,1105021,H,1101,0,n50_i1105021_H_a1101,GW-W,-0.04610806013857627,-0.007824051918905641,-4.531942626894336,-0.006126379584086607,0.286697247706422,0.43669250645994834,-0.14999525875352632,-0.0,-2.2912498032779505,-9.937321471149097,-13.351785190682552,-1.8977127366005764,0.07421222050759888,-0.00904311396861246
50,1105021,H,1101,0,n50_i1105021_H_a1101,REFERENCE-LEGACY,-0.047194182343569424,-0.03350563699725485,-4.68961309455862,-0.0394387526468589,0.002421307506053269,0.9951367781155015,-0.9927154706094482,-0.08576329331047017,-0.5824873201446312,-18.499285163550503,-22.211250957795002,1.9217087728594873,-0.10722102362886697,0.4141019276909075
50,1105021,H,2202,0,n50_i1105021_H_a2202,W-REFERENCE,0.015686876623691615,0.028614980231872422,1.8312845742770367,-0.005183726687889592,0.7216981132075472,0.16953316953316952,0.5521649436743776,-0.3424657534246478,-0.4280620850146244,15.577293100363043,43.556901159917196,24.203097658451945,1.265250638708,1.6365835863596465
50,1105021,H,2202,0,n50_i1105021_H_a2202,W-LEGACY,0.01829883297948265,0.02181522780743382,2.142737752023516,-0.014872602310069039,0.42088934850051707,0.1375921375921376,0.28329721090837945,-0.5145797598627766,-0.21784403645292993,18.02138102438844,75.88508946603628,21.773090806709128,1.0114010257166275,1.2157353001785127
50,1105021,H,2202,0,n50_i1105021_H_a2202,GW-REFERENCE,0.1894672687991984,0.0982639084802502,22.118392016824686,0.10049676749953133,0.9764150943396226,0.001697792869269949,0.9747173014703526,-0.08561643835616195,6.227182476141701,6.841031212303927,14.390311403639732,21.913185831276238,1.5276582909875585,1.8889761632029676
50,1105021,H,2202,0,n50_i1105021_H_a2202,GW-LEGACY,0.19207922515498943,0.0914641560558116,22.491893749754198,0.09080789187735189,0.49741468459152016,0.013582342954159592,0.48383234163736055,-0.2572898799313883,6.423469632328283,9.10037530292609,40.150351482332944,19.52798061117409,1.273808677996186,1.4681278770218338
50,1105021,H,2202,0,n50_i1105021_H_a2202,GW-W,0.17378039217550678,0.06964892824837778,19.92227391352406,0.10568049418742093,1.0,0.0,1.0,0.25597269624573205,6.626877411537135,-7.558804721679091,-20.317093445606595,-1.8436833463467805,0.2624076522795584,0.25239257684332106
50,1105021,H,2202,0,n50_i1105021_H_a2202,REFERENCE-LEGACY,0.002611956355791034,-0.0067997524244386015,0.30585215442244795,-0.009688875622179446,0.34126163391933817,0.2830188679245283,0.058242765994809875,-0.17152658662091813,0.20932202035696124,2.1146782888426197,22.519424733267712,-1.9564784595188955,-0.25384961299137265,-0.4208482861811338
50,1105021,T,1101,0,n50_i1105021_T_a1101,W-REFERENCE,0.15762294563675672,0.09796496111215372,23.866835572682188,0.1144624230999162,0.24516129032258063,0.0989399293286219,0.14622136099395872,0.08568980291345785,5.945007994547968,-0.8052259139830209,3.888305663154923,41.66936646552468,0.7509364213947087,1.4614107811698867
50,1105021,T,1101,0,n50_i1105021_T_a1101,W-LEGACY,0.06365199089267337,0.043776249559603575,8.437459163541373,0.05162927886161897,0.36784409257003653,0.10600706713780919,0.2618370254322273,0.08568980291345785,2.399238406092752,-0.7946757286502515,-5.143769445599212,45.346391792569854,0.7943460190488497,0.9169250922311931
50,1105021,T,1101,0,n50_i1105021_T_a1101,GW-REFERENCE,0.23412739676227623,0.15385068079304742,35.45093044043652,0.15725171564824614,0.9655913978494624,0.028846153846153848,0.9367452440033085,-0.1713796058269157,7.484364761080975,11.242321129287603,44.273522273467435,19.09880128226973,1.1278483288154069,1.993030876539328
50,1105021,T,1101,0,n50_i1105021_T_a1101,GW-LEGACY,0.14015644201819288,0.09966196924049729,18.57859022869741,0.09441857140994891,0.9951278928136419,0.16346153846153846,0.8316663543521035,-0.1713796058269157,3.9966272269821967,11.254152670974893,31.730346397603437,22.190008080615886,1.171257926469548,1.4485451876006346
50,1105021,T,1101,0,n50_i1105021_T_a1101,GW-W,0.07650445112551951,0.05588571968089372,9.352055224626344,0.042789292548329944,0.950530035335689,0.16346153846153846,0.7870684968741506,-0.2572898799313883,1.6366561026806226,12.145344504563882,38.873688768451586,-15.931860038879698,0.37691190742069824,0.5316200953694414
50,1105021,T,1101,0,n50_i1105021_T_a1101,REFERENCE-LEGACY,-0.09397095474408335,-0.054188711552550145,-12.45642252650202,-0.06283314423829722,0.09622411693057248,0.32688172043010755,-0.23065760349953507,-0.0,-3.7698898408812687,0.010635827774163609,-8.694024848224524,2.595497826229054,0.04340959765414109,-0.5444856889386935
50,1105021,T,2202,0,n50_i1105021_T_a2202,W-REFERENCE,0.15435638219959913,0.06744592603141367,17.447606279165818,0.06584913116334165,1.0,0.0,1.0,0.08554319931565191,5.846822659821838,-12.64713660921405,-50.298282647234515,14.432192207328875,0.10754583504077354,1.3757413585395237
50,1105021,T,2202,0,n50_i1105021_T_a2202,W-LEGACY,0.13537257928749968,0.061812293113980114,14.980328636158614,0.06141068186536309,0.9712041884816754,0.00875,0.9624541884816754,-0.0,4.696383251616876,-5.047547892822624,-21.802413795183952,29.201801029542885,0.3829709375926375,1.49720600500417
50,1105021,T,2202,0,n50_i1105021_T_a2202,GW-REFERENCE,0.16940946240887345,0.08141585116920493,19.149124629346503,0.09899465249790489,0.7638190954773869,0.018132975151108125,0.7456861203262788,-0.08554319931566301,8.442389997865673,-21.421046470419657,-49.89945477215022,2.4636745777938396,0.09416146747982818,1.3315368650879342
50,1105021,T,2202,0,n50_i1105021_T_a2202,GW-LEGACY,0.150425659496774,0.07578221825177138,16.646102382276553,0.09455620319992632,0.9450261780104712,0.008730691739422432,0.9362954862710487,-0.1712328767123239,7.323665323424267,-14.584776823279121,-21.174922859178036,15.688522960133277,0.3695865700316921,1.4530015115525805
50,1105021,T,2202,0,n50_i1105021_T_a2202,GW-W,0.015053080209274317,0.013969925137791264,1.448746725528216,0.03314552133456323,0.7925,0.22968435191403627,0.5628156480859637,-0.1712328767123239,2.756749598227559,-10.044215519248912,0.8024428456939514,-10.459047754543072,-0.01338436756094536,-0.0442044934515895
50,1105021,T,2202,0,n50_i1105021_T_a2202,REFERENCE-LEGACY,-0.018983802912099446,-0.005633632917433545,-2.1007474917305813,-0.0044384492979785695,0.9109947643979057,0.04522613065326633,0.8657686337446394,-0.08561643835616195,-1.2218806000018345,8.699873617643794,57.33377108440101,12.906865225000974,0.2754251025518639,0.12146464646464628
50,1105022,H,1101,1,n50_i1105022_H_a1101,W-REFERENCE,-0.0047957067850386,-0.03768519674469635,-0.48907270125874147,-0.009310434004404691,0.16744730679156908,0.7587131367292225,-0.5912658299376534,-0.0,1.0326204252782523,-6.246211601393192,-20.897897703065137,4.52370758457461,-0.1954352205051328,0.3931854789769371
50,1105022,H,1101,1,n50_i1105022_H_a1101,W-LEGACY,-0.04969044827954816,0.0026997598513506804,-4.845645188374991,0.0012808537448018298,0.35051546391752575,0.008936550491510277,0.3415789134260155,0.17636684303351524,-3.897942999563031,-18.4370804528175,-23.653274065572116,15.612629233574093,-0.4927025072711687,-0.4073062463914394
50,1105022,H,1101,1,n50_i1105022_H_a1101,GW-REFERENCE,-0.007317812378622612,-0.021311085887271014,-0.7462804603657225,-0.006896500721573343,0.39227166276346603,0.34651810584958215,0.045753556913883886,-0.0,-0.26721205331907694,-13.61697591687393,-26.129401060120905,-5.673282148095405,-0.2237653074351276,0.6114592624488666
50,1105022,H,1101,1,n50_i1105022_H_a1101,GW-LEGACY,-0.05221255387313217,0.019073870708776017,-5.091592432911196,0.0036947870276331785,0.3917525773195876,0.0005571030640668524,0.39119547425552076,0.17636684303351524,-5.26253324486019,-24.8494192727572,-28.7025476174541,4.333840712722581,-0.5210325942011635,-0.18903246291950992
50,1105022,H,1101,1,n50_i1105022_H_a1101,GW-W,-0.002522105593584012,0.016374110857425336,-0.2584718744855219,0.0024139332828313487,0.8516532618409294,0.05181058495821727,0.7998426768827122,-0.0,-1.3133948622090497,-7.861830909853951,-6.613608494775091,-9.755671673260535,-0.02833008692999482,0.2182737834719295
50,1105022,H,1101,1,n50_i1105022_H_a1101,REFERENCE-LEGACY,-0.04489474149450956,0.04038495659604703,-4.377984011783342,0.010591287749206521,0.36082474226804123,0.1288056206088993,0.23201912165914193,0.17636684303351524,-4.9820086638938,-13.003067992936124,-3.483316223586308,10.60900144594179,-0.2972672867660359,-0.8004917253683765
50,1105022,H,2202,1,n50_i1105022_H_a2202,W-REFERENCE,0.006122969128976807,-0.001689900123152295,0.5681100143741791,0.026585350081813494,0.09417040358744394,0.744945567651633,-0.650775164064189,0.35211267605633756,0.26492311931077817,3.303853124497058,-36.154996197167975,8.948093374264033,0.4517660828919039,1.0937398924711497
50,1105022,H,2202,1,n50_i1105022_H_a2202,W-LEGACY,0.1030310739025494,0.044450454314468965,10.504042733132056,0.027898703598901398,0.5482625482625483,0.18351477449455678,0.3647477737679915,-0.0,3.6821368264851717,-0.5493632159851547,-28.149353856296123,5.040376318057516,0.3561366735805191,1.303328706365662
50,1105022,H,2202,1,n50_i1105022_H_a2202,GW-REFERENCE,0.02630471901883058,0.026823444514572605,2.4406417842569805,0.017678785876282646,0.9940209267563528,0.002680965147453083,0.9913399616088997,0.17605633802817433,-0.3534074411605692,5.0990010871271085,-24.356771742800543,10.732900292968118,0.4631922912442396,1.193881425293584
50,1105022,H,2202,1,n50_i1105022_H_a2202,GW-LEGACY,0.12321282379240317,0.07296379895219386,12.561576982196708,0.01899213939337055,0.9942084942084942,0.002680965147453083,0.9915275290610411,-0.17667844522968323,3.0849920687714083,1.1788260296757391,-14.871728358572433,6.761166325384393,0.3675628819328548,1.4034702391880964
50,1105022,H,2202,1,n50_i1105022_H_a2202,GW-W,0.020181749889853773,0.0285133446377249,1.8619538237470756,-0.008906564205530848,0.9502332814930016,0.010723860589812333,0.9395094209031892,-0.17667844522968323,-0.6199730123144676,1.7377357265334847,18.479479601572347,1.6382176717611996,0.011426208352335702,0.10014153282243443
50,1105022,H,2202,1,n50_i1105022_H_a2202,REFERENCE-LEGACY,0.09690810477357259,0.04614035443762126,9.879804559653893,0.0013133535170879035,0.972972972972973,0.14050822122571002,0.832464751747263,-0.35335689045936647,3.4262907434887024,-3.7299831748177747,12.539183748183525,-3.5867695662947785,-0.0956294093113848,0.20958881389451234
50,1105022,T,1101,1,n50_i1105022_T_a1101,W-REFERENCE,0.0013367647350401857,-0.009741569405860441,0.14900477066370765,0.010177425916079126,0.8132678132678133,0.7529976019184652,0.06027021134934807,0.17636684303351524,1.4976747673113522,22.10916025893099,93.5816917688774,24.25534028486107,0.4917364096767782,0.33589841634005646
50,1105022,T,1101,1,n50_i1105022_T_a1101,W-LEGACY,0.02073700056099137,0.0020910854894938893,2.3625755189250253,0.017398830549993492,0.8813559322033898,0.15347721822541965,0.7278787139779701,-0.0,1.7588191115846752,17.514845491572984,88.57432872556454,23.326284628932004,0.5174712056886889,0.5439581257052493
50,1105022,T,1101,1,n50_i1105022_T_a1101,GW-REFERENCE,-0.02837158725910105,-0.020070963822554758,-3.1624875657577323,-0.0012061239015585673,0.7911547911547911,0.7231329690346083,0.06802182212018282,0.17636684303351524,-0.7115719190391223,3.974284812021467,17.357157602981154,18.632398804011018,0.4797483982608722,0.6742935427145951
50,1105022,T,1101,1,n50_i1105022_T_a1101,GW-LEGACY,-0.008971351433149866,-0.008238308927200427,-1.0221099818796375,0.006015280732355799,0.8544366899302094,0.30783242258652094,0.5466042673436884,-0.0,-0.4445705325499816,0.062288438248847555,14.321488844847652,17.74538581259655,0.5054831942727829,0.8823532520797879
50,1105022,T,1101,1,n50_i1105022_T_a1101,GW-W,-0.029708351994141236,-0.010329394416694317,-3.3065653962359387,-0.011383549817637693,0.09352517985611511,0.7996357012750456,-0.7061105214189305,-0.0,-2.2428370915424045,-14.8513636556461,-39.37590041154453,-4.5253117233908675,-0.011988011415905997,0.3383951263745386
50,1105022,T,1101,1,n50_i1105022_T_a1101,REFERENCE-LEGACY,0.019400235825951184,0.01183265489535433,2.2102773295953115,0.007221404633914366,0.8125623130608175,0.6240786240786241,0.18848368898219336,-0.17667844522968323,0.2651149032842026,-3.7624652873018083,-2.586692469498242,-0.7476987739916452,0.025734796011910727,0.2080597093651928
50,1105022,T,2202,1,n50_i1105022_T_a2202,W-REFERENCE,0.23196570974630581,0.08357172454577091,30.122620688797163,0.08978069610715668,0.4703476482617587,0.051829268292682924,0.41851837996907576,-0.17667844522968323,10.399964145046091,-1.5274960191507647,-33.92065402098125,24.30389791564991,0.5967136073513086,1.0521047200043454
50,1105022,T,2202,1,n50_i1105022_T_a2202,W-LEGACY,0.2665253803014186,0.10902819577253356,36.236723643390924,0.1112825335060915,1.0,0.0,1.0,0.08810572687224516,9.83720980177395,-1.8804494317116283,-26.347153869550144,20.72321613639847,0.601374168843234,1.0772084841377358
50,1105022,T,2202,1,n50_i1105022_T_a2202,GW-REFERENCE,0.23585459863519487,0.1125250548993409,30.627624316397984,0.11306448008999423,0.8752556237218814,0.04613297150610583,0.8291226522157755,-0.17667844522968323,8.365408933219065,-8.625305377522153,-38.35127971501344,12.258040867545938,0.5792124559251026,1.2037297887114375
50,1105022,T,2202,1,n50_i1105022_T_a2202,GW-LEGACY,0.27041426919030764,0.13798152612610357,36.76545599821266,0.13456631748892905,1.0,0.0,1.0,0.08810572687224516,7.789876081867575,-8.952818226134019,-31.285583384391046,9.024350466448073,0.5838730174170281,1.228833552844828
50,1105022,T,2202,1,n50_i1105022_T_a2202,GW-W,0.0038888888888890527,0.028953330353569992,0.38809826064647446,0.02328378398283755,0.5640243902439024,0.7367706919945726,-0.17274630175067018,-0.0,-2.270708033109048,-7.207909895082754,-6.705008393150525,-9.690651097906876,-0.017501151426205924,0.15162506870709214
50,1105022,T,2202,1,n50_i1105022_T_a2202,REFERENCE-LEGACY,0.034559670555112776,0.025456471226762645,4.698724112863006,0.021501837398934825,0.9302649930264993,0.04294478527607362,0.8873202077504257,0.2643171806167355,-0.6280737924961644,-0.3584283919798703,11.461221413777057,-2.880586883672165,0.0046605614919254315,0.025103764133390438
50,1105023,H,1101,0,n50_i1105023_H_a1101,W-REFERENCE,-0.11265446053098149,-0.0685253437827216,-10.998247754312073,-0.04431264040181908,0.1601423487544484,0.4351005484460695,-0.27495819969162105,0.0970873786407811,-0.573040999374208,-4.205036446706156,20.48774366898951,15.579670996503525,1.05380814921546,1.5916938187102974
50,1105023,H,1101,0,n50_i1105023_H_a1101,W-LEGACY,-0.019601662409155618,-0.06325119665463225,-2.104894975182603,-0.05628827696448067,0.0023455824863174357,0.9360146252285192,-0.9336690427422017,-0.09727626459143934,2.916254173867827,19.462194319403324,40.98052885918379,26.789315536921386,1.061112428834709,0.8829478056164581
50,1105023,H,1101,0,n50_i1105023_H_a1101,GW-REFERENCE,-0.1420210080225407,-0.08205861118820254,-13.86524976629292,-0.05895725332534457,0.11743772241992882,0.8405405405405405,-0.7231028181206117,0.1941747572815511,0.25783947899044035,-1.5965179564181753,16.179725887079364,9.585055672124042,0.698372435014169,1.2218787613524456
50,1105023,H,1101,0,n50_i1105023_H_a1101,GW-LEGACY,-0.04896820990071482,-0.0767844640601132,-5.258377417803006,-0.07093288988800617,0.0,0.5405405405405406,-0.5405405405405406,-0.0,3.7183079685219167,22.7151768480639,35.939795198364344,20.213304657739982,0.705676714633418,0.5131327482586063
50,1105023,H,1101,0,n50_i1105023_H_a1101,GW-W,-0.029366547491559203,-0.013533267405480956,-3.2212871540624577,-0.014644612923525493,0.13345521023765997,0.5594594594594594,-0.42600424922179947,0.09718172983479434,0.826146321229182,2.7230225823268617,-3.5754821616922117,-5.186565485690675,-0.35543571420129094,-0.3698150573578518
50,1105023,H,1101,0,n50_i1105023_H_a1101,REFERENCE-LEGACY,0.09305279812182587,0.0052741471280893445,9.992334481886944,-0.011975636562661589,0.03127443315089914,0.505338078291815,-0.47406364514091587,-0.1945525291828787,3.46941400853511,24.706132648552703,17.008190680782587,9.698629909369583,0.007304279619248927,-0.7087460130938392
50,1105023,H,2202,0,n50_i1105023_H_a2202,W-REFERENCE,0.013379217069700466,0.061714780243811454,1.4881102395142731,0.058213930159434865,0.9716814159292035,0.0,0.9716814159292035,0.29097963142580285,-1.8762473913328082,16.463268618497096,65.78150906641922,49.68568517310481,1.076150114294043,1.1156733293621903
50,1105023,H,2202,0,n50_i1105023_H_a2202,W-LEGACY,0.029409304457935548,0.08871477087712572,3.330445209123556,0.0743781585801132,0.8624595469255664,0.0,0.8624595469255664,0.09718172983479434,-4.4885122586523,2.640920473330688,19.712012233488263,50.19660983938867,0.8953511712337606,0.497591671139169
50,1105023,H,2202,0,n50_i1105023_H_a2202,GW-REFERENCE,0.023873848030179,0.054135135855861966,2.655380918422634,0.06120539726402115,0.9716814159292035,0.017857142857142856,0.9538242730720606,0.29097963142580285,-1.067382620653512,14.394004509907843,54.09132801915415,35.85259559378009,0.925537573474015,1.3793795382761875
50,1105023,H,2202,0,n50_i1105023_H_a2202,GW-LEGACY,0.03990393541841408,0.08113512648917623,4.51890559770014,0.07736962568469948,0.8656957928802589,0.026785714285714284,0.8389100785945446,0.09718172983479434,-3.6589069417027664,0.8172452894942728,11.270448970958146,36.31630354278856,0.7447386304137327,0.7612978800531662
50,1105023,H,2202,0,n50_i1105023_H_a2202,GW-W,0.010494630960478535,-0.0075796443879494885,1.1501551030495882,0.0029914671045862817,0.0047169811320754715,0.9330357142857143,-0.9283187331536388,-0.0,0.7939679674028755,-1.7767525616747215,-7.051559075012081,-9.241424497825147,-0.15061254082002795,0.2637062089139972
50,1105023,H,2202,0,n50_i1105023_H_a2202,REFERENCE-LEGACY,0.01603008738823508,0.026999990633314264,1.8153209920465763,0.016164228420678328,0.6779935275080906,0.049557522123893805,0.6284360053841969,-0.19436345966958868,-2.5641549764638505,-11.868418522963475,-27.789285483264326,0.34133168157861604,-0.18079894306028238,-0.6180816582230213
50,1105023,T,1101,0,n50_i1105023_T_a1101,W-REFERENCE,-0.04065351082792801,-0.031996420271430306,-4.339228169287757,-0.012549392780754245,0.0,0.9786729857819905,-0.9786729857819905,-0.19436345966958868,1.291111828461633,14.833687736302315,-8.804919630743557,21.799057268850586,0.5756891697519293,0.890324964146602
50,1105023,T,1101,0,n50_i1105023_T_a1101,W-LEGACY,-0.038186747927468234,-0.031385042885399825,-4.086693679298659,0.025487278938476854,0.0,0.976303317535545,-0.976303317535545,0.09689922480620172,1.3871980788430993,13.354926308053884,-15.123585834424935,27.459159180347537,0.32181709383838286,0.3356560176281258
50,1105023,T,1101,0,n50_i1105023_T_a1101,GW-REFERENCE,0.003835038946719771,-0.0015763718608376998,0.40934002227650534,-0.024982062018693255,0.09523809523809523,0.918622848200313,-0.8233847529622178,-0.09718172983479434,1.2229767637988331,-9.04548740437361,-25.452517759870542,6.407200003744662,0.2792122190297591,0.5089790828362404
50,1105023,T,1101,0,n50_i1105023_T_a1101,GW-LEGACY,0.0063018018471795445,-0.0009649944748072181,0.6744102384936612,0.013054609700537845,0.08235294117647059,0.8904538341158059,-0.8081008929393353,0.19379844961240345,1.3191293389358982,-10.216746706438407,-30.617715868068508,11.352029706398369,0.025340143116212716,-0.04568986368223582
50,1105023,T,1101,0,n50_i1105023_T_a1101,GW-W,0.04448854977464778,0.030420048410592607,4.963966002665798,-0.012432669237939009,0.580568720379147,0.07042253521126761,0.5101461851678794,0.09699321047527132,-0.0690262710125733,-20.794573100805337,-18.2549300485503,-12.63709063948748,-0.2964769507221701,-0.3813458813103616
50,1105023,T,1101,0,n50_i1105023_T_a1101,REFERENCE-LEGACY,0.0024667629004597735,0.0006113773860304816,0.26398960112510306,0.0380366717192311,0.08235294117647059,0.746031746031746,-0.6636788048552754,0.29069767441860517,0.097343058119026,-1.2877418268097185,-6.928735824450816,4.64708187273013,-0.25387207591354644,-0.5546689465184762
50,1105023,T,2202,0,n50_i1105023_T_a2202,W-REFERENCE,-0.2796438367604539,-0.19281231290039522,-25.488758864598694,-0.2350689292279396,0.0034482758620689655,0.9809027777777778,-0.9774545019157088,0.3875968992248069,-12.06300872518593,-2.234865260455632,1.5379218642369796,21.545399838902178,0.022357498967773455,-0.29117974153568005
50,1105023,T,2202,0,n50_i1105023_T_a2202,W-LEGACY,0.03182261518042573,0.02149592754816876,4.050432469090981,-0.023651990126051486,0.2690909090909091,0.026041666666666668,0.24304924242424245,-0.0,0.8380101401675555,-3.052376132558432,9.85444497352599,29.91123028405238,0.3193509161442967,0.32744609761371635
50,1105023,T,2202,0,n50_i1105023_T_a2202,GW-REFERENCE,-0.15697878575301805,-0.11304426534913006,-14.30818023121192,-0.09988076710272667,0.0034482758620689655,0.9431137724550899,-0.9396654965930209,0.3875968992248069,-3.5104732475465195,11.237731029052034,25.974725295777247,13.26874201858712,0.5914009624025681,0.8502051494278078
50,1105023,T,2202,0,n50_i1105023_T_a2202,GW-LEGACY,0.15448766618786158,0.10126397509943391,19.663432928237157,0.11153617199916144,0.11636363636363636,0.48502994011976047,-0.3686663037561241,-0.0,8.405952906984693,10.30756247001956,36.29275913843826,21.06489960018958,0.8883943795790914,1.4688309885772042
50,1105023,T,2202,0,n50_i1105023_T_a2202,GW-W,0.12266505100743585,0.07976804755126515,15.005223994416506,0.13518816212521292,0.008680555555555556,0.5299401197604791,-0.5212595642049235,-0.0,7.6318988530933884,13.780573540250263,24.06667674784,-6.809519596204428,0.5690434634347947,1.1413848909634878
50,1105023,T,2202,0,n50_i1105023_T_a2202,REFERENCE-LEGACY,0.31146645194087963,0.21430824044856397,39.64393946949731,0.2114169391018881,0.9054545454545454,0.0034482758620689655,0.9020062695924764,-0.3891050583657574,11.512290283933812,-0.8361987883315769,8.19055871599259,6.882885289149865,0.2969934171765233,0.6186258391493964
50,1105024,H,1101,1,n50_i1105024_H_a1101,W-REFERENCE,0.07466183547781646,0.06294034237929692,7.796665169011252,0.06593500534430677,0.9358288770053476,0.1253731343283582,0.8104557426769894,0.462962962962965,1.4767273304683193,13.101128923194484,26.193375509646422,23.921071664885353,0.5328309217424011,1.262204665791947
50,1105024,H,1101,1,n50_i1105024_H_a1101,W-LEGACY,0.030844489398810904,0.03576518927236162,3.080045137609422,0.031994698697669764,0.4133738601823708,0.582089552238806,-0.16871569205643516,-0.09310986964619072,-1.7071397411662081,0.3959376764347766,6.218537980760375,24.345867608820072,0.5199459577225575,0.9343436196065844
50,1105024,H,1101,1,n50_i1105024_H_a1101,GW-REFERENCE,0.04179310217225807,0.04590625232011371,4.36430234973515,0.0381181403491341,0.9162210338680927,0.059154929577464786,0.8570661042906279,0.5555555555555536,-2.5521310870823655,18.275719425742952,30.457180972887322,16.516555432212442,1.3547029219479998,1.518422748043093
50,1105024,H,1101,1,n50_i1105024_H_a1101,GW-LEGACY,-0.0020242439067474916,0.018731099213178407,-0.2021353805439663,0.004177833702497094,0.49240121580547114,0.15211267605633802,0.3402885397491331,-0.0,-5.866194297196192,4.989241656165322,9.807436215004127,16.91596902252335,1.3418179579281562,1.1905617018577304
50,1105024,H,1101,1,n50_i1105024_H_a1101,GW-W,-0.032868733305558395,-0.017034090059183216,-3.1841085379539447,-0.02781686499517267,0.4716417910447761,0.8676056338028169,-0.39596384275804075,0.09302325581395099,-4.089245422311882,4.575189082385256,3.3787870765965566,-5.975187377895386,0.8218720002055986,0.25621808225114595
50,1105024,H,1101,1,n50_i1105024_H_a1101,REFERENCE-LEGACY,-0.04381734607900556,-0.0271751531069353,-4.37547861430293,-0.033940306646637004,0.21580547112462006,0.8823529411764706,-0.6665474700518506,-0.5586592178770999,-3.2315888270519677,-11.233478717429646,-15.828752855064987,0.3427955699765617,-0.012884964019843625,-0.3278610461853626
50,1105024,H,2202,1,n50_i1105024_H_a2202,W-REFERENCE,-0.011605171422839677,-0.02529223122574166,-1.1793374424310388,-0.016209268314111958,0.15328467153284672,0.8403908794788274,-0.6871062079459807,0.18450184501844769,1.0481439842405127,1.9337106750404454,15.95573920691431,21.965556571717304,0.7032973017628008,1.6661880441504247
50,1105024,H,2202,1,n50_i1105024_H_a2202,W-LEGACY,-0.01200380040817206,0.01377645233162264,-1.219352852182909,0.009832833500846183,0.27461139896373055,0.30618892508143325,-0.0315775261177027,-0.46425255338904403,-2.7198834999587085,4.139169697943235,50.499817358731946,23.0330674810888,0.4813173480673082,0.9964445770476313
50,1105024,H,2202,1,n50_i1105024_H_a2202,GW-REFERENCE,0.02350722062985,-0.0033436838495023227,2.3888441149356066,0.004107872760173985,0.16058394160583941,0.5296296296296297,-0.36904568802379023,0.0922509225092294,3.1678124782361983,-1.2071239701727743,2.028696679594777,13.631927466770687,0.3701078507052851,1.6608727521246234
50,1105024,H,2202,1,n50_i1105024_H_a2202,GW-LEGACY,0.023108591644517618,0.03572499970786198,2.3473838429110883,0.030149974575132125,0.33678756476683935,0.15555555555555556,0.1812320092112838,-0.557103064066844,-0.5194992976948143,0.9303792993108795,32.42380515748422,14.62649778345153,0.14812789700979245,0.9911292850218301
50,1105024,H,2202,1,n50_i1105024_H_a2202,GW-W,0.03511239205268968,0.021948547376239337,3.610764656923804,0.020317141074285942,0.8175895765472313,0.1037037037037037,0.7138858728435276,-0.09242144177448175,2.1421210064600404,-3.081252143587754,-12.010653912065338,-6.8327725787454945,-0.3331894510575157,-0.005315292025801277
50,1105024,H,2202,1,n50_i1105024_H_a2202,REFERENCE-LEGACY,-0.0003986289853323832,0.0390686835573643,-0.04049295837149636,0.02604210181495814,0.29533678756476683,0.4343065693430657,-0.13896978177829888,-0.6499535747446661,-3.807940180120628,2.163620855453474,29.790744630739074,0.8752560471806392,-0.22197995369549264,-0.6697434671027933
50,1105024,T,1101,1,n50_i1105024_T_a1101,W-REFERENCE,0.018776760108649593,0.0038058330627952185,2.0129245861679745,-0.009186817902840802,0.26732673267326734,0.9430199430199431,-0.6756932103466757,-0.46511627906977715,1.1858887804067408,22.992866104519184,67.98089545776466,18.322118061641966,1.4895271010614775,1.2199188119829403
50,1105024,T,1101,1,n50_i1105024_T_a1101,W-LEGACY,-0.023591165642376954,-0.010414893434428519,-2.419165476457996,-0.022879874808379615,0.12268188302425106,0.7948717948717948,-0.6721899118475437,-0.0926784059314123,-5.591966525339087,5.770538189713426,50.96664843178873,19.86429733069819,1.7112622383914367,1.9270849870849873
50,1105024,T,1101,1,n50_i1105024_T_a1101,GW-REFERENCE,-0.031032605496874144,-0.008509678802139861,-3.3267877001173396,-0.025931168077553704,0.297029702970297,0.5594855305466238,-0.26245582757632674,-0.37209302325580396,-2.285309208749653,10.249167859031093,0.9059223853786769,13.83968669468516,1.4100042609295347,1.5145048366453011
50,1105024,T,1101,1,n50_i1105024_T_a1101,GW-LEGACY,-0.07340053124790069,-0.0227304052993636,-7.526886710067071,-0.03962422498309252,0.10984308131241084,0.28938906752411575,-0.17954598621170492,-0.0,-9.301260849297432,-5.188697615126914,-9.314515392204491,15.323443135935943,1.6317393982594939,2.221671011747348
50,1105024,T,1101,1,n50_i1105024_T_a1101,GW-W,-0.04980936560552374,-0.01231551186493508,-5.234348792514987,-0.016744350174712902,0.896011396011396,0.21221864951768488,0.6837927464937111,0.09259259259258856,-3.5128565609849005,-10.361331229291382,-39.93011996370183,-3.7883292155247106,-0.07952284013194276,0.29458602466236083
50,1105024,T,1101,1,n50_i1105024_T_a1101,REFERENCE-LEGACY,-0.04236792575102655,-0.014220726497223737,-4.344635820025222,-0.013693056905538813,0.12410841654778887,0.7623762376237624,-0.6382678210759736,0.3707136237256714,-6.859197762436464,-14.002704758640416,-10.12867979993226,1.3033736162944454,0.2217351373299592,0.707166175102047
50,1105024,T,2202,1,n50_i1105024_T_a2202,W-REFERENCE,0.07090635329052974,0.03243179163046678,7.621972074535099,0.025729119848660532,0.65311004784689,0.31070496083550914,0.34240508701138084,0.18518518518518823,4.184036409530734,7.514953916021483,-14.822374879322908,16.939332488232274,-0.16031479869501303,-0.02641423357664241
50,1105024,T,2202,1,n50_i1105024_T_a2202,W-LEGACY,0.14731172715308105,0.06686620329143367,17.251971517934315,0.06029988150350221,1.0,0.0,1.0,0.18518518518518823,7.766221813161511,39.42022704881156,47.007270619679886,9.07112406581252,0.23310812333518227,0.2533574380165291
50,1105024,T,2202,1,n50_i1105024_T_a2202,GW-REFERENCE,0.05458775544462169,0.021359258821700214,5.867828879954917,0.021969761855422938,0.42822966507177035,0.32222222222222224,0.1060074428495481,-0.5555555555555536,4.440811140432521,10.028512585150118,-12.230984243406828,5.880973648742627,0.1805945892323281,0.12105621148594459
50,1105024,T,2202,1,n50_i1105024_T_a2202,GW-LEGACY,0.130993129307173,0.0557936704826671,15.340867828560857,0.05654052351026462,0.5835140997830802,0.16666666666666666,0.4168474331164136,-0.5555555555555536,8.013396737740951,42.67968917557905,51.47972760536943,-1.2431782590072715,0.5740175112625234,0.4008278830791161
50,1105024,T,2202,1,n50_i1105024_T_a2202,GW-W,-0.016318597845908056,-0.011072532808766567,-1.6299117743032165,-0.0037593579932375942,0.2245430809399478,0.4777777777777778,-0.25323469683783,-0.7421150278293043,0.26798742222045036,2.3378688987691243,3.0423372713722197,-9.45649218632444,0.3409093879273411,0.147470445062587
50,1105024,T,2202,1,n50_i1105024_T_a2202,REFERENCE-LEGACY,0.0764053738625513,0.034434411660966883,8.947986417429554,0.03457076165484168,0.9913232104121475,0.10287081339712918,0.8884523970150183,-0.0,3.7386102162908275,29.67519584086029,72.58906950200175,-6.728453339864526,0.3934229220301953,0.2797716715931715
50,1105025,H,1101,0,n50_i1105025_H_a1101,W-REFERENCE,0.004032514687570932,0.009750524046890134,0.43770238809905937,-0.004929789627969847,0.07400881057268723,0.8380681818181818,-0.7640593712454945,-0.0,-0.07906543115128173,15.55076144456542,-10.035719712037006,15.424380321453324,2.8231885839888546,1.818070119099147
50,1105025,H,1101,0,n50_i1105025_H_a1101,W-LEGACY,0.030560214266422525,0.010165074177149645,3.415450634580841,-0.00037533580715418124,0.06493506493506493,0.4971590909090909,-0.432224025974026,-0.0,1.9155337698330444,11.704131458523825,-14.271000683789925,10.916236630245857,2.4873454977209657,1.7130483435371588
50,1105025,H,1101,0,n50_i1105025_H_a1101,GW-REFERENCE,-0.060720509079581264,-0.03502882685613287,-6.5908034786930525,-0.03556293125327871,0.48722466960352423,0.45694200351493847,0.030282666088585763,-0.0,-0.963465074712988,16.366935959291705,-1.4705914183590907,11.018886242023074,1.7184738665023929,1.6216341639556608
50,1105025,H,1101,0,n50_i1105025_H_a1101,GW-LEGACY,-0.03419280950072967,-0.03461427672587336,-3.82143436198622,-0.031008477432463044,0.26406926406926406,0.8892794376098418,-0.6252101735405777,-0.0,1.0487604181916188,12.493135911167098,-6.109096033615002,6.682808454791189,1.382630780234504,1.5166123883936726
50,1105025,H,1101,0,n50_i1105025_H_a1101,GW-W,-0.0647530237671522,-0.044779350903023006,-6.997875996439484,-0.030633141625308863,0.42329545454545453,0.3304042179261863,0.09289123661926824,-0.0,-0.8837009416021502,0.7063341725513705,9.520587800249336,-3.816779494211786,-1.1047147174864616,-0.19643595514348622
50,1105025,H,1101,0,n50_i1105025_H_a1101,REFERENCE-LEGACY,0.026527699578851593,0.00041455013025951115,2.964771371387531,0.004554453820815665,0.2803030303030303,0.8731277533039647,-0.5928247230009345,-0.0,1.993023408433492,-3.3289525209117765,-4.70773617951078,-3.9057118423789117,-0.3358430862678891,-0.10502177556198822
50,1105025,H,2202,0,n50_i1105025_H_a2202,W-REFERENCE,-0.029639316798668713,-0.02612424037732821,-2.934529728968893,-0.023042892229350825,0.0449438202247191,0.8782051282051282,-0.8332613079804091,-0.0,1.4373526462159614,3.9523151706828186,16.12058466899693,22.94960432264519,0.7894840315102283,0.9562988818808531
50,1105025,H,2202,0,n50_i1105025_H_a2202,W-LEGACY,-0.06015196193561201,-0.04126055436442474,-5.780885620880049,-0.03896486254290779,0.035175879396984924,0.9401709401709402,-0.9049950607739552,-0.0,1.0763853847420513,12.465142114333606,22.46617707889593,25.765041512356657,0.7767511807882571,0.9659822237150526
50,1105025,H,2202,0,n50_i1105025_H_a2202,GW-REFERENCE,-0.08619406463686197,-0.04529118398413892,-8.533902682564488,-0.047605563660044335,0.11423220973782772,0.8245243128964059,-0.7102921031585783,-0.0,-3.2271636364598733,-23.808805686522827,-33.2952667514645,23.868321933523728,0.22799048740381866,1.1514727230760395
50,1105025,H,2202,0,n50_i1105025_H_a2202,GW-LEGACY,-0.11670670977380526,-0.06042749797123545,-11.216062098087365,-0.0635275339736013,0.06532663316582915,0.919661733615222,-0.8543351004493929,-0.0,-3.6052138164009984,-17.569382824648727,-29.650081445062447,26.704796943915944,0.21525763668184747,1.161156064910239
50,1105025,H,2202,0,n50_i1105025_H_a2202,GW-W,-0.05655474783819325,-0.01916694360681071,-5.768655875215711,-0.02456267143069351,0.6025641025641025,0.642706131078224,-0.04014202851412152,-0.0,-4.732539565351623,-26.705630184016314,-42.55563435313549,0.7472310431090312,-0.5614935441064096,0.19517384119518644
50,1105025,H,2202,0,n50_i1105025_H_a2202,REFERENCE-LEGACY,-0.030512645136943295,-0.015136313987096528,-2.932408284803456,-0.015921970313556966,0.19597989949748743,0.8426966292134831,-0.6467167297159957,-0.0,-0.36623129670843024,8.189165320342573,5.464657647037496,2.28991154971363,-0.012732850721971188,0.0096833418341995
50,1105025,T,1101,0,n50_i1105025_T_a1101,W-REFERENCE,-0.16091030719172938,-0.11567492298696375,-18.697422277190988,-0.10733198464750907,0.0,1.0,-1.0,-0.0,-2.1132896815783786,-12.201656284022079,-9.827848493147961,6.1480347065722585,0.20823983396176596,1.473788622724793
50,1105025,T,1101,0,n50_i1105025_T_a1101,W-LEGACY,-0.10435524474410851,-0.07202512812389028,-12.978757507448824,-0.06676690407064023,0.0,1.0,-1.0,-0.0,-1.4045871691392708,-11.723785531037734,-50.00976709675192,2.610272808861902,1.2756462770340702,2.403791982665222
50,1105025,T,1101,0,n50_i1105025_T_a1101,GW-REFERENCE,0.00998505074242384,-0.04265676123758715,1.160240841301885,-0.0282976303536982,0.0027624309392265192,0.9609756097560975,-0.958213178816871,-0.08156606851550396,7.463995566301218,8.084368109419792,-4.945483866535261,1.732974965199463,0.4687663729730996,1.6526337520227723
50,1105025,T,1101,0,n50_i1105025_T_a1101,GW-LEGACY,0.06654011319004471,0.000993033625486306,8.275654910584107,0.012267450223170634,0.03218390804597701,0.9512195121951219,-0.9190356041491449,-0.08156606851550396,8.106228316198315,8.67265208139736,-47.30304954899105,-1.6576393176509607,1.5361728160454038,2.5826371119632014
50,1105025,T,1101,0,n50_i1105025_T_a1101,GW-W,0.17089535793415322,0.07301816174937659,24.424395480048755,0.07903435429381087,0.7221324717285945,0.33414634146341465,0.38798613026517986,-0.08156606851550396,9.379078156961373,23.105247245968407,5.414492773017288,-4.159341954448303,0.26052653901133366,0.17884512929797935
50,1105025,T,1101,0,n50_i1105025_T_a1101,REFERENCE-LEGACY,0.056555062447620874,0.04364979486307346,7.033804991078196,0.040565080576868834,0.9172413793103448,0.008287292817679558,0.9089540864926652,-0.0,0.6940355311723545,0.5442821957214017,-44.561339540124656,-3.3328567104326523,1.0674064430723043,0.9300033599404292
50,1105025,T,2202,0,n50_i1105025_T_a2202,W-REFERENCE,-0.210955702899027,-0.1319471353895016,-22.899751674034285,-0.04711379915862515,0.0,1.0,-1.0,-0.0,-1.6628534074195178,10.790511612794006,1.9751100632108498,22.81697799958957,0.6734361989817327,1.6994126049940008
50,1105025,T,2202,0,n50_i1105025_T_a2202,W-LEGACY,-0.04184928564461188,-0.044397670053929375,-5.564269044467074,-0.044612103644852644,0.037096774193548385,0.8912037037037037,-0.8541069295101553,-0.0,1.122115237658572,4.581437085919338,4.699422298422595,29.225660230229277,0.1442713889086799,1.144477884176927
50,1105025,T,2202,0,n50_i1105025_T_a2202,GW-REFERENCE,-0.22960658695985414,-0.15827688037706716,-24.924350239632563,-0.072212431244781,0.0,1.0,-1.0,-0.0,-1.6628534074195178,2.122726422283172,1.3550971848935056,13.383909492852975,0.7812875027870064,1.8587382616508834
50,1105025,T,2202,0,n50_i1105025_T_a2202,GW-LEGACY,-0.06050016970543903,-0.07072741504149495,-8.044085252392385,-0.06971073573100849,0.025806451612903226,0.9823113207547169,-0.9565048691418138,-0.0,1.122115237658572,-3.6005761422873928,4.062845489266231,19.300367118196384,0.25212269271395366,1.3038035408338096
50,1105025,T,2202,0,n50_i1105025_T_a2202,GW-W,-0.018650884060827155,-0.026329744987565573,-2.6259300191079027,-0.025098632086155842,0.09722222222222222,0.9658018867924528,-0.8685796645702306,-0.0,-0.0,-7.823580796164398,-0.6080041276082082,-7.68058998061989,0.10785130380527377,0.15932565665688259
50,1105025,T,2202,0,n50_i1105025_T_a2202,REFERENCE-LEGACY,0.1691064172544151,0.08754946533557222,22.484340849689577,0.002501695513772509,0.9887096774193549,0.02358490566037736,0.9651247717589775,-0.0,2.7394161699526354,-5.604337805185877,2.6715462562610037,5.218075167637748,-0.5291648100730527,-0.5549347208170738
50,1105026,H,1101,1,n50_i1105026_H_a1101,W-REFERENCE,0.20048707253524822,0.09749336879790554,22.512011295270607,0.09750182294022888,0.9937421777221527,0.013110846245530394,0.9806313314766223,0.7207207207207245,5.426278677337959,11.626896700231582,39.24751761456202,22.608373689636352,0.8696706999350006,1.0118378966574704
50,1105026,H,1101,1,n50_i1105026_H_a1101,W-LEGACY,0.13643819876367147,0.052446748556170354,14.29230300647404,0.05375185013015632,0.7861060329067642,0.07270560190703218,0.7134004309997319,-0.0,4.328585035906551,0.5317631403709111,14.790017955805812,20.810330078702634,0.9758591785108741,1.0403455598853633
50,1105026,H,1101,1,n50_i1105026_H_a1101,GW-REFERENCE,0.19398101802713363,0.08961971943274046,21.78146856888823,0.08445401548689718,0.9311639549436797,0.07614213197969544,0.8550218229639842,0.7207207207207245,6.035663843675765,-6.084360636264807,25.10441638054257,19.93591897617555,0.27708269645636985,0.7554640481469752
50,1105026,H,1101,1,n50_i1105026_H_a1101,GW-LEGACY,0.12993214425555688,0.04457309919100526,13.610774642356049,0.04070404267682463,0.09323583180987204,0.48984771573604063,-0.3966118839261686,-0.0,4.945043184177567,-15.419087238031814,3.1310176919900234,18.177066735116874,0.38327117503224334,0.7839717113748681
50,1105026,H,1101,1,n50_i1105026_H_a1101,GW-W,-0.006506054508114589,-0.00787364936516509,-0.5963029409595366,-0.013047807453331693,0.3504171632896305,0.5101522842639594,-0.1597351209743289,-0.0,0.6443493581676174,-15.866478295154153,-10.156806725393587,-2.179667369396565,-0.5925880034786307,-0.25637384851049516
50,1105026,H,1101,1,n50_i1105026_H_a1101,REFERENCE-LEGACY,-0.06404887377157675,-0.0450466202417352,-6.70930809305379,-0.04374997281007256,0.0018281535648994515,0.9924906132665833,-0.9906624597016839,-0.7259528130671544,-1.1606751072915422,-9.939480436920222,-17.56404715698755,-1.4664933208274888,0.10618847857587349,0.028507663227892888
50,1105026,H,2202,1,n50_i1105026_H_a2202,W-REFERENCE,-0.03240750164546902,0.0020464943672049984,-3.0836029619551786,0.0009364825526060397,0.2769556025369979,0.734375,-0.4574193974630021,-0.1808318264014508,-1.8305474724233717,-16.12640628433537,-9.983351778713923,8.406414247936954,0.49295237271550113,1.721882494004796
50,1105026,H,2202,1,n50_i1105026_H_a2202,W-LEGACY,-0.056907862494861794,-0.04061303012173722,-5.291477766434971,-0.03862471935091803,0.0,0.9888392857142857,-0.9888392857142857,-0.5444646098003547,-0.23508644353344987,-12.017608310972083,-3.3352471311331455,12.569817882245871,0.3140222798398047,1.3832158273381294
50,1105026,H,2202,1,n50_i1105026_H_a2202,GW-REFERENCE,0.026492899075665877,0.02141069602701829,2.5208232018071763,0.011719431006906318,0.758985200845666,0.20955315870570107,0.549432042139965,0.1808318264014508,-0.3623311001330842,-13.655743233819184,-10.061021855378026,6.174905580391288,0.5615085187133865,1.617721518987342
50,1105026,H,2202,1,n50_i1105026_H_a2202,GW-LEGACY,0.0019925382262730995,-0.021248828461923927,0.18527267166374983,-0.027841770896617758,0.008,0.9815100154083205,-0.9735100154083205,-0.1814882032667775,1.210126202840478,-9.425912467116449,-3.418653466676602,10.252606986092205,0.38257842583769003,1.2790548523206753
50,1105026,H,2202,1,n50_i1105026_H_a2202,GW-W,0.05890040072113489,0.019364201659813292,5.782742998135104,0.010782948454300278,0.8482142857142857,0.032357473035439135,0.8158568126788466,0.3610108303249149,1.4418231156892114,2.9456983313387752,-0.0862841243246093,-2.0584655281023934,0.06855614599788531,-0.10416097501745414
50,1105026,H,2202,1,n50_i1105026_H_a2202,REFERENCE-LEGACY,-0.024500360849392777,-0.04265952448894222,-2.27812307510058,-0.03956120190352408,0.005333333333333333,0.985200845665962,-0.9798675123326287,-0.3629764065335772,1.5667803704207395,4.898798049946818,7.385416785612686,3.8405510072372584,-0.17893009287569644,-0.33866666666666667
50,1105026,T,1101,1,n50_i1105026_T_a1101,W-REFERENCE,0.1056866827652524,0.04497253314103027,11.298159302993938,0.05708456686974102,0.5533333333333333,0.13013698630136986,0.4231963470319635,-0.45372050816696596,6.239534233012645,-0.01687859760145516,-3.2439472945894,15.281073843188864,0.7720696174232867,0.8184532659331945
50,1105026,T,1101,1,n50_i1105026_T_a1101,W-LEGACY,0.0593513147659851,0.02082398058538757,6.045349549599988,0.01778276912621489,0.5882352941176471,0.19863013698630136,0.3896051571313457,-0.18099547511312153,3.9098215378778556,-16.909381859781234,-2.28148243279247,19.01037202142477,0.8305080387608169,1.4552907483084345
50,1105026,T,1101,1,n50_i1105026_T_a1101,GW-REFERENCE,0.133529693036872,0.08744200499547296,14.274643731239056,0.07957356920988547,1.0,0.0,1.0,-0.0,3.311756096511065,1.2117767736978147,-7.678134462845277,9.594409438951757,1.0454432861040486,1.5191611570964998
50,1105026,T,1101,1,n50_i1105026_T_a1101,GW-LEGACY,0.08719432503760471,0.06329345243983026,8.881356304778244,0.04027177146635934,1.0,0.0,1.0,0.2714932126696823,0.909295449055969,-15.888312174712304,-6.7597779459089065,13.13974622182621,1.1038817074415788,2.15599863947174
50,1105026,T,1101,1,n50_i1105026_T_a1101,GW-W,0.027843010271619617,0.04246947185444269,2.6743339215000272,0.02248900234014445,0.8047945205479452,0.0035460992907801418,0.8012484212571651,0.4516711833784992,-3.1226147529787918,1.2288627861040125,-4.5828524875404675,-4.932869043163501,0.27337366868076185,0.7007078911633053
50,1105026,T,1101,1,n50_i1105026_T_a1101,REFERENCE-LEGACY,-0.046335367999267296,-0.024148552555642702,-4.719583671724436,-0.03930179774352613,0.17038539553752535,0.4533333333333333,-0.28294793779580796,0.2714932126696823,-2.4847494901791167,-16.895354961157018,0.9947334919990114,3.2349613461344795,0.05843842133753021,0.6368374823752401
50,1105026,T,2202,1,n50_i1105026_T_a2202,W-REFERENCE,0.003906810429370244,0.012343778566677427,0.3970462657743923,0.010399664103629094,0.44272445820433437,0.2846153846153846,0.15810907358894977,-0.5444646098003547,0.7214402280196097,-0.7914412037644536,16.989161292609943,20.290777267893745,-0.289449674566257,0.7878217859288164
50,1105026,T,2202,1,n50_i1105026_T_a2202,W-LEGACY,0.048760070861209925,0.014777557947413672,5.192128252170658,0.04915182457073014,0.023696682464454975,0.75,-0.726303317535545,-0.36231884057971175,5.108330115057614,9.300661727701343,-2.106575796795218,18.177214142452147,0.01340382559218145,0.715062270349867
50,1105026,T,2202,1,n50_i1105026_T_a2202,GW-REFERENCE,0.06471211615980588,0.049622930702525075,6.5766446916521115,0.04367789465181649,0.8080495356037152,0.03619047619047619,0.771859059413239,-0.5444646098003547,2.285253802200171,-5.541898521744959,8.019157496644102,9.365363248606574,-0.0887345213804791,1.2659042797704436
50,1105026,T,2202,1,n50_i1105026_T_a2202,GW-LEGACY,0.10956537659164556,0.05205671008326132,11.666871627000841,0.08243005511891754,0.542654028436019,0.05904761904761905,0.4836064093883999,-0.36231884057971175,6.603042385094149,4.06695876230585,-9.612436827002568,7.443764567371058,0.21411897877795932,1.1931447641914943
50,1105026,T,2202,1,n50_i1105026_T_a2202,GW-W,0.06080530573043563,0.03727915213584765,6.155159594555104,0.0332782305481874,0.9461538461538461,0.03619047619047619,0.9099633699633699,-0.0,1.5751775386067979,-4.788354327107481,-7.6673802058725204,-9.08250346986762,0.20071515318577787,0.47808249384162727
50,1105026,T,2202,1,n50_i1105026_T_a2202,REFERENCE-LEGACY,0.04485326043183968,0.002433779380736245,4.7761185859019895,0.038752160467101046,0.031990521327014215,0.6563467492260062,-0.624356227898992,0.18115942028985588,4.418768661746975,10.172613183701195,-16.322654918128233,-1.757045031585902,0.3028535001584384,-0.07275951557894933
50,1105027,H,1101,0,n50_i1105027_H_a1101,W-REFERENCE,0.0788747644497938,0.05274628062257519,11.085470266724462,0.05903090175621023,1.0,0.0,1.0,-0.0,0.9421524971232498,8.157796672973872,22.464911013320908,12.067016819741049,1.0391712404106475,2.4037895141529546
50,1105027,H,1101,0,n50_i1105027_H_a1101,W-LEGACY,0.0636381082939389,0.0556164992989803,8.756515793910546,0.0915532200718023,0.875,0.573469387755102,0.30153061224489797,-0.0,0.9071643110887484,6.367592301750946,11.736386706532365,9.665709201098927,0.16106761548039283,1.1921652650798413
50,1105027,H,1101,0,n50_i1105027_H_a1101,GW-REFERENCE,0.040912738829476325,0.02912465266852872,5.750089435932493,-0.02785146283035983,0.9636650868878357,0.002366863905325444,0.9612982229825102,-0.0,-0.4966050503844466,5.003483801750019,6.081574384949717,6.149332347251102,0.7351793930338388,2.26173279792759
50,1105027,H,1101,0,n50_i1105027_H_a1101,GW-LEGACY,0.025676082673621425,0.031994871344933826,3.532993507896798,0.004670855485232245,0.796875,0.03076923076923077,0.7661057692307692,-0.0,-0.53210141944533,3.26548893242129,-3.2116896191986655,3.8748254699133344,-0.1429242318964158,1.0501085488544768
50,1105027,H,1101,0,n50_i1105027_H_a1101,GW-W,-0.037962025620317474,-0.023621627954046473,-4.802951113211584,-0.08688236458657006,0.48775510204081635,0.06153846153846154,0.4262166405023548,-0.0,-1.452441763855128,-2.9163989728463457,-13.377984348993744,-5.280487194558326,-0.3039918473768086,-0.14205671622536453
50,1105027,H,1101,0,n50_i1105027_H_a1101,REFERENCE-LEGACY,-0.0152366561558549,0.0028702186764051063,-2.0965428396908403,0.032522318315592075,0.6145833333333334,0.23380726698262244,0.38077606635071093,-0.0,-0.035320963372931224,-1.6551782916175761,-8.760488386442045,-2.1427425185276516,-0.8781036249302546,-1.2116242490731133
50,1105027,H,2202,0,n50_i1105027_H_a2202,W-REFERENCE,0.1926569177316082,0.09388731781961754,27.917543392139255,0.10419989349761583,0.32242990654205606,0.09197651663405088,0.23045338990800518,0.24549918166939522,8.370872753905278,4.823098756388311,-34.20962568360588,16.57774214623542,0.8679890535352708,1.5203786083510025
50,1105027,H,2202,0,n50_i1105027_H_a2202,W-LEGACY,-0.02984922500624465,-0.043577864913122835,-3.270793795135374,-0.0031722352438251777,0.023715415019762844,0.8317025440313112,-0.8079871290115483,0.08196721311475308,3.6064656741937595,-11.606748914239695,-30.20975772087867,21.22956149833033,0.6389728909981334,1.5838453935317982
50,1105027,H,2202,0,n50_i1105027_H_a2202,GW-REFERENCE,0.23785126915622634,0.12884428199070214,34.46656993025752,0.12051098214544578,0.9672897196261683,0.0,0.9672897196261683,0.327332242225864,7.763135452931092,15.919197545423835,15.709062647214257,8.16449151040517,1.2351886948702129,1.8586200354161395
50,1105027,H,2202,0,n50_i1105027_H_a2202,GW-LEGACY,0.01534512641837349,-0.008620900742038255,1.681475625055051,0.01313885340400478,0.07905138339920949,0.5578747628083491,-0.47882337940913966,0.16393442622950616,2.9671280733325145,-2.2498394356230578,22.74384512852412,12.480595644472547,1.0061725323330755,1.9220868205969353
50,1105027,H,2202,0,n50_i1105027_H_a2202,GW-W,0.04519435142461814,0.034956964171084584,5.119725070111625,0.016311088647829958,0.7925636007827789,0.06451612903225806,0.7280474717505208,0.08203445447088065,-0.663257764468228,10.585547384764071,75.87536755871753,-7.2168584507981475,0.3671996413349421,0.33824142706513705
50,1105027,H,2202,0,n50_i1105027_H_a2202,REFERENCE-LEGACY,-0.22250614273785285,-0.1374651827327404,-24.381594861984514,-0.107372128741441,0.0,1.0,-1.0,-0.16393442622950616,-5.199664367549217,-15.673880915132465,6.0797160744083145,3.9903151892062283,-0.22901616253713733,0.06346678518079574
50,1105027,T,1101,0,n50_i1105027_T_a1101,W-REFERENCE,0.044986850549764035,0.023874736833486565,4.776090130303023,0.0010120423792958355,0.9,0.06451612903225806,0.8354838709677419,-0.0,0.8098807538643893,-7.552417871430251,-25.527586806017545,13.713200588563845,0.14758022346913394,1.1302736006683376
50,1105027,T,1101,0,n50_i1105027_T_a1101,W-LEGACY,0.10238493348522637,0.06281351087074138,11.575198767169837,0.05695088470497146,0.7403598971722365,0.41935483870967744,0.32100505846255906,-0.0,2.967086996658963,-3.4230016701847,-10.57077072413789,23.33611384229224,0.7094364765519573,2.2772967670391537
50,1105027,T,1101,0,n50_i1105027_T_a1101,GW-REFERENCE,-0.015664744265857067,-0.020984794965184905,-1.6630688649590941,-0.03983067134624525,0.42280701754385963,0.9454545454545454,-0.5226475279106858,-0.0,0.12282585818901293,-6.084495906842092,-2.997971976631719,7.165012995799325,1.0632703557519991,1.9502650127650125
50,1105027,T,1101,0,n50_i1105027_T_a1101,GW-LEGACY,0.04173333866960527,0.017953979072069914,4.71819118179142,0.016108170979430375,0.07197943444730077,0.6454545454545455,-0.5734751110072447,-0.0,2.2949743061281946,-1.8895110816999905,16.483624368793095,16.233789695036528,1.6251266088348224,3.0972881791358287
50,1105027,T,1101,0,n50_i1105027_T_a1101,GW-W,-0.0606515948156211,-0.04485953179867147,-6.145637795086801,-0.04084271372554109,0.0018975332068311196,0.990909090909091,-0.9890115577022598,-0.0,-0.6926646533920167,1.5878424624958365,30.252295935008398,-5.758511376754861,0.9156901322828653,0.8199914120966749
50,1105027,T,1101,0,n50_i1105027_T_a1101,REFERENCE-LEGACY,0.057398082935462336,0.03893877403725482,6.489179571800419,0.05593884232567563,0.4601542416452442,0.11403508771929824,0.34611915392594594,-0.0,2.1748196888861204,4.466764956061953,20.08370004463369,8.462441654901554,0.5618562530828234,1.1470231663708164
50,1105027,T,2202,0,n50_i1105027_T_a2202,W-REFERENCE,-0.22675855623857344,-0.1588920947294659,-21.47355624106372,-0.15128500605637193,0.06666666666666667,0.904320987654321,-0.8376543209876544,0.16393442622950616,-4.773989916057264,5.757205245841557,7.411808893598049,21.31941452924433,0.2510480341490979,0.8033280652328272
50,1105027,T,2202,0,n50_i1105027_T_a2202,W-LEGACY,-0.06932810309331916,-0.06427148567043894,-7.715473216321211,-0.04388405325344891,0.02304147465437788,0.8935185185185185,-0.8704770438641406,0.08203445447088065,0.4765761842447591,19.656917116704207,25.286196790420924,35.764962065399345,0.6204682046866228,0.7945037970328812
50,1105027,T,2202,0,n50_i1105027_T_a2202,GW-REFERENCE,-0.03536079027422856,-0.04766668792134682,-3.3485921381648853,-0.04186607618162624,0.07719298245614035,0.8667820069204152,-0.7895890244642748,0.16393442622950616,0.713152831659436,9.923359943401477,-5.053533975691393,17.19577771904328,0.5870809224399574,0.753922902494331
50,1105027,T,2202,0,n50_i1105027_T_a2202,GW-LEGACY,0.12206966287102572,0.04695392113768014,13.585042318827245,0.06553487662129678,0.3652073732718894,0.19377162629757785,0.17143574697431155,0.08203445447088065,5.688740325899378,24.370631195877035,10.746497516489883,31.150322295822484,0.9565010929774822,0.745098634294385
50,1105027,T,2202,0,n50_i1105027_T_a2202,GW-W,0.19139776596434488,0.11122540680811908,23.081350988642235,0.10941892987474569,0.9969135802469136,0.005190311418685121,0.9917232688282285,-0.0,5.237123022720502,3.939357784536135,-11.605188477588701,-3.3989916834020417,0.3360328882908594,-0.049405162738496156
50,1105027,T,2202,0,n50_i1105027_T_a2202,REFERENCE-LEGACY,0.15743045314525428,0.09462060905902696,17.52031846364728,0.10740095280292303,0.9573732718894009,0.028070175438596492,0.9293030964508044,-0.08203445447088065,5.0113259068483185,13.1430400780274,16.640989553140486,11.907036967008167,0.36942017053752496,-0.008824268199945973
50,1105028,H,1101,1,n50_i1105028_H_a1101,W-REFERENCE,0.09654128367707315,0.07428952545831716,11.714839001090827,0.06553746604601506,0.14524207011686144,0.06607929515418502,0.07916277496267642,-0.0,2.3613059778733514,12.81811627782361,73.62176842445625,30.614941326395083,1.6714780309208297,1.6196078684253798
50,1105028,H,1101,1,n50_i1105028_H_a1101,W-LEGACY,0.2148399945958286,0.12794450306884778,30.439420917403325,0.11907335210239926,1.0,0.0,1.0,0.09165902841430373,5.978715275278379,29.505475478199152,121.19993144797085,24.06202089152014,1.8349581074932855,2.3675650586063024
50,1105028,H,1101,1,n50_i1105028_H_a1101,GW-REFERENCE,0.19053175183671944,0.09207640917937146,23.12014831736726,0.07782136098844755,0.045075125208681135,0.27439024390243905,-0.22931511869375792,-0.0,5.468983600524413,5.113365597929298,27.52480628141718,28.248036452776514,1.1083182838967627,1.3488277604351042
50,1105028,H,1101,1,n50_i1105028_H_a1101,GW-LEGACY,0.3088304627554749,0.14573138678990208,43.7563800241916,0.13135724704483176,0.40638864241348716,0.11585365853658537,0.2905349838769018,0.09165902841430373,8.97125676221907,20.66108564825808,62.47086216979125,21.81386307054527,1.2717983604692185,2.0967849506160268
50,1105028,H,1101,1,n50_i1105028_H_a1101,GW-W,0.09399046815964629,0.017786883721054303,10.209305601886133,0.01228389494243249,0.019823788546255508,0.725609756097561,-0.7057859675513054,-0.0,3.1828340739039396,-6.829355899650691,-26.550220379247026,-1.8121241334127958,-0.5631597470240671,-0.27078010799027563
50,1105028,H,1101,1,n50_i1105028_H_a1101,REFERENCE-LEGACY,0.11829871091875543,0.05365497761053062,16.761051695316564,0.05353588605638421,0.9911268855368234,0.05008347245409015,0.9410434130827332,0.09165902841430373,3.7048931610917046,14.791382581926449,27.40333971671076,-5.016976134835738,0.1634800765724559,0.7479571901809225
50,1105028,H,2202,1,n50_i1105028_H_a2202,W-REFERENCE,-0.08397557757082519,-0.03197316675417511,-8.703038308255495,-0.036147272988587414,0.06566200215285253,0.6443965517241379,-0.5787345495712853,-0.18348623853210455,-3.985086190199505,27.035442892561278,-21.44998082343992,29.104374796204937,0.1226314033575841,1.7585188933873144
50,1105028,H,2202,1,n50_i1105028_H_a2202,W-LEGACY,-0.15781862482471432,-0.05706343426022056,-15.193237003143034,-0.06161250583620566,0.5416058394160584,0.3448275862068966,0.19677825320916187,-0.0,-5.086736316703755,2.187801114752408,11.950248425534093,24.081732215824836,0.28036434723156484,1.425787980135806
50,1105028,H,2202,1,n50_i1105028_H_a2202,GW-REFERENCE,-0.2194417805347334,-0.11965266718475775,-22.742448193522,-0.12235618105786299,0.002152852529601722,0.9051546391752577,-0.903001786645656,-0.0,-8.956154367615742,27.417166379312242,-21.494052401618845,21.917588534090736,0.29372764813345614,2.0470764142977766
50,1105028,H,2202,1,n50_i1105028_H_a2202,GW-LEGACY,-0.2932848277886225,-0.1447429346908032,-28.2346009729058,-0.14782141390548123,0.10510948905109489,0.24536082474226803,-0.14025133569117315,0.1831501831501825,-10.11046952606982,2.4948609624354523,11.887437185290505,17.174538792862393,0.4514605920074369,1.7143455010462683
50,1105028,H,2202,1,n50_i1105028_H_a2202,GW-W,-0.1354662029639082,-0.08767950043058265,-15.377740534968986,-0.08620890806927557,0.3599137931034483,0.24536082474226803,0.11455296836118026,0.1831501831501825,-4.780558789289868,0.30048581565840227,-0.05610638754890429,-5.56664812750054,0.17109624477587207,0.2885575209104623
50,1105028,H,2202,1,n50_i1105028_H_a2202,REFERENCE-LEGACY,-0.07384304725388913,-0.025090267506045448,-7.108887935176944,-0.025465232847618244,0.5854014598540146,0.08880516684607104,0.49659629300794356,0.1831501831501825,-1.0594308923197238,-19.559613610213855,42.52096893050905,-3.8903736517902687,0.15773294387398074,-0.3327309132515084
50,1105028,T,1101,1,n50_i1105028_T_a1101,W-REFERENCE,-0.08104323695095594,-0.0590662117243245,-9.796367589635679,-0.04856072561900755,0.0,0.963265306122449,-0.963265306122449,-0.18348623853210455,1.6144821115717245,22.364183227607736,68.23324461271751,23.503835552840435,0.646674415557291,0.766945298006604
50,1105028,T,1101,1,n50_i1105028_T_a1101,W-LEGACY,0.019967479918913567,0.0032459809492228764,2.749327732591378,0.018708233817049863,0.014705882352941176,0.8857142857142857,-0.8710084033613446,-0.18348623853210455,4.550642089143642,8.647725409807805,55.38298521502962,23.602941159335188,0.5239085456683864,1.0335255824332386
50,1105028,T,1101,1,n50_i1105028_T_a1101,GW-REFERENCE,-0.052020692233555654,-0.03633776280290657,-6.2881721234260946,-0.019344001477180878,0.0012787723785166241,0.9930555555555556,-0.991776783177039,-0.2752293577981568,0.4754530745885832,23.533208514908544,44.90828086990175,3.6795521572908774,0.5287075869508961,1.2581928937065205
50,1105028,T,1101,1,n50_i1105028_T_a1101,GW-LEGACY,0.048990024636313856,0.025974429870640803,6.745449796364755,0.04792495795887654,0.10588235294117647,0.6857638888888888,-0.5798815359477124,-0.2752293577981568,3.445605569997068,9.685708380490698,33.83966596957136,3.762749775013896,0.4059417170619915,1.524773178133155
50,1105028,T,1101,1,n50_i1105028_T_a1101,GW-W,0.02902254471740029,0.022728448921417926,3.889195337777207,0.029216724141826675,0.6693877551020408,0.3958333333333333,0.27355442176870753,-0.09157509157509125,-1.1577202228836514,0.9553655787709614,-13.864657842456262,-16.051552817619065,-0.11796682860639486,0.4912475956999165
50,1105028,T,1101,1,n50_i1105028_T_a1101,REFERENCE-LEGACY,0.10101071686986951,0.06231219267354737,13.908193037230255,0.06726895943605742,0.7558823529411764,0.1329923273657289,0.6228900255754475,-0.0,2.9843416394896627,-11.209536529399433,-7.638359128880823,0.08024496247516222,-0.12276586988890469,0.2665802844266345
50,1105028,T,2202,1,n50_i1105028_T_a2202,W-REFERENCE,0.08046136697855077,0.04866152907285545,13.04290317568082,0.06566465794491061,0.23745819397993312,0.22807017543859648,0.00938801854133664,-0.0,4.860077219030501,7.3252356517030215,-6.037148727491292,25.286603102758008,0.13823943227302943,0.1181448455769667
50,1105028,T,2202,1,n50_i1105028_T_a2202,W-LEGACY,0.029133295646205037,0.011154420939082504,4.3597984105197,0.03324834075934979,0.8381742738589212,0.3157894736842105,0.5223848001747107,-0.0,2.5039357318146105,29.713818107301115,33.79867971437977,20.705384604400123,0.45096262058803555,0.580610895693126
50,1105028,T,2202,1,n50_i1105028_T_a2202,GW-REFERENCE,0.30937493042658026,0.18548079643595144,50.150120661168444,0.20610061199614557,0.4180602006688963,0.22996515679442509,0.18809504387447123,-0.09174311926605228,14.835293931596327,15.305101968425205,11.79460392780458,22.133893808497263,0.4872097265235912,0.18843371964834654
50,1105028,T,2202,1,n50_i1105028_T_a2202,GW-LEGACY,0.2580468590942345,0.1479736883021785,38.6167188148242,0.17368429481058476,0.941908713692946,0.024390243902439025,0.917518469790507,-0.09174311926605228,12.726188822521644,39.35832456137529,59.19025659780735,17.667956990551524,0.7999329148385973,0.6508997697645058
50,1105028,T,2202,1,n50_i1105028_T_a2202,GW-W,0.2289135634480295,0.136819267363096,32.82578246227366,0.14043595405123496,0.9912280701754386,0.0,0.9912280701754386,-0.09174311926605228,10.48478537819576,7.435219003495908,18.977449506699905,-2.516397776125301,0.34897029425056175,0.07028887407137985
50,1105028,T,2202,1,n50_i1105028_T_a2202,REFERENCE-LEGACY,-0.05132807133234574,-0.03750710813377295,-7.681247138236225,-0.03241631718556082,0.8464730290456431,0.10367892976588629,0.7427940992797568,-0.0,-2.4765013659304724,20.86050155832371,42.39529548368024,-3.6565908763608435,0.3127231883150061,0.46246605011615927
50,1105029,H,1101,0,n50_i1105029_H_a1101,W-REFERENCE,0.02793469037704921,0.01645175257218391,3.0986297485750436,0.0140850881147421,0.9721362229102167,0.06387225548902195,0.9082639674211948,0.4299226139294898,0.05773157049693278,1.2286531227261976,-26.856218183021653,15.95218515185488,0.2596249975376285,1.2723989539961407
50,1105029,H,1101,0,n50_i1105029_H_a1101,W-LEGACY,0.09676341368586672,0.0656644710060757,11.620597382103837,0.06370968397925092,0.9947735191637631,0.0,0.9947735191637631,0.8561643835616417,-1.6583538947373855,-5.747972436760584,2.877735028661199,18.786354398170467,0.893493834273715,1.5758693666675754
50,1105029,H,1101,0,n50_i1105029_H_a1101,GW-REFERENCE,-0.06964722396643841,-0.04782205070415967,-7.725554039624594,-0.054879583335903405,0.3498452012383901,0.48045397225725095,-0.13060877101886087,0.2579535683576939,-4.295922614918024,-3.6009763829328523,-20.905023020613577,10.485713652546824,0.13386112066534825,1.2664565928490612
50,1105029,H,1101,0,n50_i1105029_H_a1101,GW-LEGACY,-0.000818500657620902,0.0013906677297321063,-0.09829610424946233,-0.005254987471394593,0.6515679442508711,0.06305170239596469,0.5885162418549064,0.6849315068493178,-6.086763664407657,-10.24474641572224,11.248172867848094,13.18626829393792,0.7677299574014347,1.569927005520496
50,1105029,H,1101,0,n50_i1105029_H_a1101,GW-W,-0.09758191434348762,-0.06427380327634358,-10.498862899144633,-0.0689646714506455,0.00998003992015968,0.6620428751576293,-0.6520628352374696,-0.17271157167531026,-4.356169070232707,-4.7710103381537365,8.136296776804963,-4.71441869952598,-0.12576387687228024,-0.005942361147079467
50,1105029,H,1101,0,n50_i1105029_H_a1101,REFERENCE-LEGACY,0.06882872330881751,0.04921271843389178,8.265839860637513,0.04962459586450881,0.9773519163763066,0.1130030959752322,0.8643488204010744,0.42808219178082085,-1.7170767606148551,-6.891947432145084,40.651375240732904,2.4442568655380414,0.6338688367360864,0.3034704126714347
50,1105029,H,2202,0,n50_i1105029_H_a2202,W-REFERENCE,0.08243355760638116,0.025011382771633457,9.757601982089925,0.027064924720617826,0.32515337423312884,0.4435483870967742,-0.11839501286364534,-0.08598452278589797,5.960513568923509,-0.5945567421527076,-25.456157107842024,19.899619764339338,0.6493179369224589,1.0555041161983585
50,1105029,H,2202,0,n50_i1105029_H_a2202,W-LEGACY,-0.024172234062685094,-0.03941923580665973,-2.540649467912315,-0.023349184015130094,0.007633587786259542,0.8129032258064516,-0.805269638020192,-0.5181347150259086,4.795357206214024,5.107290064011916,-19.646952073737324,22.121255365639048,0.7854973928178528,0.7989087507794639
50,1105029,H,2202,0,n50_i1105029_H_a2202,GW-REFERENCE,0.08514132643220296,0.04059371501788884,10.078118665211155,0.036707371741474204,0.49693251533742333,0.08282828282828283,0.4141042325091405,0.4299226139294898,2.0479174124296784,-7.149418956497455,-16.935646271500215,13.824934880264529,0.6087576138563233,1.1821749324067592
50,1105029,H,2202,0,n50_i1105029_H_a2202,GW-LEGACY,-0.021464465236863295,-0.023836903560404347,-2.25604642258711,-0.013706736994273716,0.11259541984732824,0.7555555555555555,-0.6429601357082273,-0.0,0.834283686864834,-1.8235557882183673,-10.462437444148243,15.934011857678176,0.7449370697517173,0.9255795669878646
50,1105029,H,2202,0,n50_i1105029_H_a2202,GW-W,0.002707768825821799,0.015582332246255381,0.2920223085536522,0.009642447020856378,0.785483870967742,0.4202020202020202,0.3652818507657218,0.5154639175257714,-4.160588604831927,-6.594067688368044,11.430200678905656,-5.066475520117986,-0.04056032306613555,0.1266708162084007
50,1105029,H,2202,0,n50_i1105029_H_a2202,REFERENCE-LEGACY,-0.10660579166906625,-0.06443061857829319,-11.20491995808094,-0.05041410873574792,0.0019083969465648854,0.9754601226993865,-0.9735517257528217,-0.43177892918826455,-1.2390075774854958,5.7359502853124855,7.793004504086065,1.8529129664183186,0.13617945589539399,-0.2565953654188946
50,1105029,T,1101,0,n50_i1105029_T_a1101,W-REFERENCE,0.013799012570061886,-0.0008136802472236832,1.4266975734180232,0.0035931222831808163,0.4102141680395387,0.3783783783783784,0.031835789661160296,-0.17256255392579245,0.8811606496317403,8.333830404855647,49.38738375381102,22.144323693602928,0.6204410719187816,0.5831040718552609
50,1105029,T,1101,0,n50_i1105029_T_a1101,W-LEGACY,-0.03254357754729065,-0.036331303086270764,-3.2108756137420813,-0.028987972824931443,0.03361344537815126,0.9527027027027027,-0.9190892573245515,-0.2590673575129543,-0.09418460792103289,15.48531360655705,67.72297278886381,16.363305989144106,0.5852659459685045,0.8010021103969502
50,1105029,T,1101,0,n50_i1105029_T_a1101,GW-REFERENCE,0.025283819341657354,0.0040123509712158695,2.614126446970877,0.004381769706797475,0.9110378912685337,0.17804154302670624,0.7329963482418275,0.08628127696289623,1.1776447005485968,4.485837978426166,24.267929196363824,18.17488639910385,0.8003670915742512,1.0837857456107187
50,1105029,T,1101,0,n50_i1105029_T_a1101,GW-LEGACY,-0.02105877077569518,-0.03150527186783121,-2.0777400223072062,-0.028199325401314784,0.35294117647058826,0.7062314540059347,-0.3532902775353464,-0.0,0.20521689355211814,11.383302162291265,39.520393110830355,12.581739785026613,0.7651919656239742,1.301683784152408
50,1105029,T,1101,0,n50_i1105029_T_a1101,GW-W,0.011484806771595468,0.004826031218439553,1.1707261519515955,0.0007886474236166591,0.7972972972972973,0.20474777448071216,0.5925495228165851,0.2583979328165342,0.2991197766842646,-3.551976711290572,-16.814977226486427,-3.2497926833311874,0.17992601965546967,0.5006816737554578
50,1105029,T,1101,0,n50_i1105029_T_a1101,REFERENCE-LEGACY,-0.04634259011735253,-0.03551762283904708,-4.572339727223385,-0.03258109510811226,0.21568627450980393,0.9505766062602965,-0.7348903317504926,-0.08635578583764403,-0.9840160195027092,6.601338819993252,12.273853771527099,-4.732940123325269,-0.03517512595027708,0.21789803854168932
50,1105029,T,2202,0,n50_i1105029_T_a2202,W-REFERENCE,0.0882880868327236,0.08482060952715667,8.671422680140362,0.05993705207668689,0.9936708860759493,0.0,0.9936708860759493,0.08598452278589797,-1.749820231107524,5.8258702378088945,13.493951646212166,24.533185827789538,1.1471223092399214,1.2122476023256201
50,1105029,T,2202,0,n50_i1105029_T_a2202,W-LEGACY,0.06314297168851501,0.051761799679486534,6.0522639275332635,0.027728244480871224,0.9962025316455696,0.0,0.9962025316455696,0.1718213058419238,-0.7477487593145149,29.41160989164566,11.36564628707215,29.25260877458502,1.6011014616934667,1.0593597829994446
50,1105029,T,2202,0,n50_i1105029_T_a2202,GW-REFERENCE,-0.1525466456027732,-0.026495613071004565,-14.982728586762528,-0.042732949718925314,0.2869198312236287,0.887905604719764,-0.6009857734961352,-0.08598452278589797,-8.743352731651012,-1.2757733720225706,34.98947448376033,9.979936841797944,0.6399704428427933,1.2365942530326093
50,1105029,T,2202,0,n50_i1105029_T_a2202,GW-LEGACY,-0.1776917607469818,-0.0595544229186747,-17.031783665393117,-0.07494175731474098,0.3430379746835443,0.46017699115044247,-0.11713901646689817,-0.0,-7.672406254576081,20.72720096252676,32.45807243277827,14.147836620223696,1.0939495952963385,1.0837064337064337
50,1105029,T,2202,0,n50_i1105029_T_a2202,GW-W,-0.2408347324354968,-0.11131622259816124,-21.766671203454912,-0.1026700017956122,0.0,1.0,-1.0,-0.1721170395869276,-6.873262758262233,-6.710687654987247,18.93979593252233,-11.686241614437243,-0.5071518663971282,0.02434665070698916
50,1105029,T,2202,0,n50_i1105029_T_a2202,REFERENCE-LEGACY,-0.025145115144208585,-0.03305880984767014,-2.410163305137014,-0.03220880759581567,0.36835443037974686,0.689873417721519,-0.32151898734177214,0.0859106529209619,0.9848385672986737,22.287309899588426,-1.8752588382634272,3.789691009207563,0.45397915245354514,-0.15288781932617557
50,1105030,H,1101,1,n50_i1105030_H_a1101,W-REFERENCE,0.13602731963888037,0.03286584975549672,14.583838287824612,0.04112111477595276,0.13658536585365855,0.5128205128205128,-0.37623514696685423,-0.0,9.385060322352533,-15.459324220985504,-29.62481354361033,23.522855646781405,0.41223235761771987,1.0910779204700214
50,1105030,H,1101,1,n50_i1105030_H_a1101,W-LEGACY,0.08108472070844508,-0.012959385001435089,8.209705405588164,0.019482367281363842,0.021806853582554516,0.7756410256410257,-0.7538341720584711,-0.17482517482516613,8.207878023223492,2.6823871036141256,-5.8005908719704795,31.445689632074924,0.633607612144246,0.8707015488741376
50,1105030,H,1101,1,n50_i1105030_H_a1101,GW-REFERENCE,0.12126622334748371,0.02141169940853059,13.001263244544802,0.027425021673550556,0.13658536585365855,0.6847389558232931,-0.5481535899696346,-0.0,8.313718453467878,-13.433210208586798,-30.83269993000671,15.528720958150988,0.4078099719470209,1.1749551261746385
50,1105030,H,1101,1,n50_i1105030_H_a1101,GW-LEGACY,0.06632362441704842,-0.02441353534840122,6.715166718680354,0.005786274178961638,0.021806853582554516,0.8453815261044176,-0.8235746725218631,-0.17482517482516613,7.1226183093471285,5.143287982630107,-7.4173849384819635,22.938806094962484,0.629185226473547,0.9545787545787547
50,1105030,H,1101,1,n50_i1105030_H_a1101,GW-W,-0.014761096291396658,-0.011454150346966133,-1.3811503148502546,-0.013696093102402204,0.10256410256410256,0.8614457831325302,-0.7588816805684276,-0.0,-1.1823015859149022,2.3966144033374714,-1.7163526623760972,-6.471785846248556,-0.004422385670698956,0.0838772057046171
50,1105030,H,1101,1,n50_i1105030_H_a1101,REFERENCE-LEGACY,-0.054942598930435294,-0.045825234756931815,-5.562855091505281,-0.02163874749458892,0.08099688473520249,0.7317073170731707,-0.6507104323379682,-0.17482517482516613,-1.2991039924726833,21.45915106240841,33.853157442649675,6.414063165726325,0.22137525452652612,-0.22037637159588375
50,1105030,H,2202,1,n50_i1105030_H_a2202,W-REFERENCE,0.03353375054719876,-0.0034673266951389357,3.404876985263061,0.007520201849134427,0.19111111111111112,0.30721649484536084,-0.11610538373424972,-0.08741258741258306,3.6932593468570807,-4.676732249746685,19.828174448917224,14.265550604588695,1.1874372666166346,0.7872654120013762
50,1105030,H,2202,1,n50_i1105030_H_a2202,W-LEGACY,0.020338933253792435,0.01888791678405967,2.0378286018500225,0.028553127142034847,0.8784313725490196,0.10103092783505155,0.7774004447139681,0.08726003490401313,1.0914186794163672,-4.860139757582383,6.295249719546625,25.945834308629045,1.0711077141315313,0.8628864203909412
50,1105030,H,2202,1,n50_i1105030_H_a2202,GW-REFERENCE,0.042873085747486495,0.002329898742475623,4.353154078108945,0.010080525498671826,0.11555555555555555,0.5217391304347826,-0.40618357487922707,-0.34965034965035446,5.171205205451579,8.519176100549819,20.07014178869717,12.460118619236905,0.9250198002021093,0.6544105970716023
50,1105030,H,2202,1,n50_i1105030_H_a2202,GW-LEGACY,0.02967826845408017,0.024685142221674228,2.9735691422179578,0.031113450791572246,0.9294117647058824,0.09420289855072464,0.8352088661551578,-0.17452006980802626,2.6092929959057987,8.3103788980333,6.509890215608349,23.955850131600243,0.808690247717006,0.7300316054611673
50,1105030,H,2202,1,n50_i1105030_H_a2202,GW-W,0.009339335200287735,0.005797225437614559,0.9170525805867413,0.0025603236495373993,0.23917525773195877,0.2536231884057971,-0.014447930673838344,-0.26200873362445254,1.5346234838508832,13.843323526077311,0.2019285872398191,-1.5800317556770915,-0.26241746641452524,-0.1328548149297739
50,1105030,H,2202,1,n50_i1105030_H_a2202,REFERENCE-LEGACY,-0.013194817293406325,0.022355243479198605,-1.3220347272478006,0.02103292529290042,0.9333333333333333,0.057777777777777775,0.8755555555555555,0.17452006980802626,-2.70161844310719,-0.19240581252022437,-11.293608361812845,10.222051740213022,-0.11632955248510324,0.07562100838956498
50,1105030,T,1101,1,n50_i1105030_T_a1101,W-REFERENCE,-0.021769238420240145,0.014549304299719082,-2.2693945048256614,0.0201629003680152,0.625,0.6057441253263708,0.019255874673629214,-0.0,-3.036938697042202,-6.216602754170153,4.3291072361827165,13.68319115458867,0.7418863649360752,1.768253070671471
50,1105030,T,1101,1,n50_i1105030_T_a1101,W-LEGACY,-0.038355697677723954,-0.02013513783426292,-3.930532954355237,-0.010053891408472432,0.2847457627118644,0.7389033942558747,-0.4541576315440103,-0.17482517482516613,-1.068826141409529,20.22372247586901,49.16957748879438,21.611129852435717,0.8701622271969541,1.277622673434856
50,1105030,T,1101,1,n50_i1105030_T_a1101,GW-REFERENCE,0.009350460229251678,0.031186646466898713,0.974764603713707,0.02883298744766008,0.6923076923076923,0.4825174825174825,0.2097902097902098,0.17452006980802626,-2.5511043996854887,-11.206930045240771,-10.872850484203811,8.721336493263632,1.0085559463029592,1.9861567130260886
50,1105030,T,1101,1,n50_i1105030_T_a1101,GW-LEGACY,-0.007235999028232132,-0.0034977956670832894,-0.741515194877207,-0.0013838043288275509,0.4576271186440678,0.44988344988344986,0.007743668760617939,-0.0,-0.5922717837780977,13.826473699171405,27.433844573731946,16.303249721706692,1.1368318085638383,1.4955263157894736
50,1105030,T,1101,1,n50_i1105030_T_a1101,GW-W,0.031119698649491823,0.01663734216717963,3.319491465444324,0.008670087079644881,0.2454308093994778,0.24475524475524477,0.0006755646442330454,0.17452006980802626,0.47151468541316577,-5.321120195709817,-14.57115672040784,-4.364633514358163,0.26666958136688407,0.21790364235461768
50,1105030,T,1101,1,n50_i1105030_T_a1101,REFERENCE-LEGACY,-0.01658645925748381,-0.034684442133982,-1.6997116114374156,-0.03021679177648763,0.5796610169491525,0.6826923076923077,-0.1030312907431552,-0.17482517482516613,1.9101038719904984,28.192970191442758,42.9798274331062,6.973712311670144,0.12827586226087895,-0.49063039723661506
50,1105030,T,2202,1,n50_i1105030_T_a2202,W-REFERENCE,0.18425837341901175,0.09062956337062969,20.13252720447989,0.09692491329605266,0.4509283819628647,0.1693121693121693,0.2816162126506954,-0.17452006980802626,10.677726189410318,-14.110898600116572,-46.544475952150854,25.054787850180826,1.0803075024827886,2.0966376607280015
50,1105030,T,2202,1,n50_i1105030_T_a2202,W-LEGACY,0.09154292346814152,0.059272460692337665,9.082155585431062,0.05924010130723719,0.9347079037800687,0.14814814814814814,0.7865597556319206,-0.34965034965035446,5.253458513664466,-6.551993195075956,-29.918299196186858,29.535839045932775,1.2758076129014109,2.2856155774760962
50,1105030,T,2202,1,n50_i1105030_T_a2202,GW-REFERENCE,0.12942145522679582,0.07422911173935254,14.140909418925762,0.06609039127654823,0.6816976127320955,0.09876543209876543,0.5829321806333301,-0.17452006980802626,6.612051213179349,4.705023360845284,-32.63033230485409,18.78429323719606,1.4629593398220615,2.3634054820262618
50,1105030,T,2202,1,n50_i1105030_T_a2202,GW-LEGACY,0.0367060052759256,0.042872009061060506,3.6416758194490972,0.02840557928773277,0.9599083619702177,0.06790123456790123,0.8920071274023165,-0.34965034965035446,0.9408875683449502,13.919875468009968,-11.676464149199505,23.040655655600784,1.6584594502406835,2.5523833987743565
50,1105030,T,2202,1,n50_i1105030_T_a2202,GW-W,-0.05483691819221592,-0.01640045163127716,-4.987506652012474,-0.030834522019504422,0.2857142857142857,0.6851851851851852,-0.39947089947089953,-0.0,-4.55169220708862,21.90722880352245,26.029384044279368,-5.0141979533778525,0.38265183733927277,0.26676782129826027
50,1105030,T,2202,1,n50_i1105030_T_a2202,REFERENCE-LEGACY,-0.09271544995087022,-0.03135710267829203,-9.198484270825148,-0.03768481198881546,0.2898052691867125,0.21750663129973474,0.07229863788697777,-0.17482517482516613,-6.072693231307746,8.800773650952266,31.102822490490546,3.5832703991472536,0.1955001104186221,0.18897791674809472
50,1105031,H,1101,0,n50_i1105031_H_a1101,W-REFERENCE,0.05025752513416393,0.010446099009647047,6.2911970116663385,0.007663291684152793,0.0625,0.38328530259365995,-0.32078530259365995,-0.0,1.83804028966994,10.049436022573243,18.487154558752938,27.808730927546076,0.6263563791930514,1.0207406478094851
50,1105031,H,1101,0,n50_i1105031_H_a1101,W-LEGACY,-0.021321794599615806,-0.022522329175901044,-2.4495588741587415,-0.018947263042368323,0.8584070796460177,0.5994236311239193,0.2589834485220984,0.09149130832570851,-0.5388205816157843,-2.8044273300542155,-7.967103059069602,29.132627894525932,0.35051803210513577,0.7400760346313044
50,1105031,H,1101,0,n50_i1105031_H_a1101,GW-REFERENCE,0.13598595557919002,0.04142646158993917,17.022613729676728,0.043024776392622865,0.5053191489361702,0.266025641025641,0.23929350791052922,-0.0,5.9303319946742095,5.964502348246414,7.48054980269679,18.760796977771133,1.1746007926390911,1.1778874601791745
50,1105031,H,1101,0,n50_i1105031_H_a1101,GW-LEGACY,0.06440663584541029,0.00845803340439108,7.3993699570053195,0.01641422166610175,0.8893805309734514,0.3974358974358974,0.49194463353755397,0.09149130832570851,3.652560506447,-6.412237439262791,-16.516297484034716,19.99097161274277,0.8987624455511755,0.8972228470009938
50,1105031,H,1101,0,n50_i1105031_H_a1101,GW-W,0.0857284304450261,0.030980362580292124,10.096242228632079,0.03536148470847007,0.6426512968299711,0.12179487179487179,0.5208564250350993,-0.0,4.16891809931299,-3.7119078679230477,-9.289281017039208,-7.079276888293462,0.5482444134460397,0.1571468123696893
50,1105031,H,1101,0,n50_i1105031_H_a1101,REFERENCE-LEGACY,-0.07157931973377973,-0.03296842818554809,-8.223405259859584,-0.026610554726521116,0.8584070796460177,0.7832446808510638,0.0751623987949539,0.09149130832570851,-2.421366564298122,-11.680081077372261,-22.326688252695746,1.0358423539393202,-0.27583834708791566,-0.2806646131781807
50,1105031,H,2202,0,n50_i1105031_H_a2202,W-REFERENCE,-0.016984684786350734,-0.05055476333238429,-1.8382820645418962,-0.05748837863539416,0.030303030303030304,0.9667844522968198,-0.9364814219937895,-0.09157509157509125,0.5439066687687122,-9.187012013344587,-17.5795572852237,14.421685035609745,0.7350393748536294,0.9801832173682736
50,1105031,H,2202,0,n50_i1105031_H_a2202,W-LEGACY,0.03723406113426475,-0.014976605038638256,4.281132349254402,0.002236747547409823,0.25775978407557354,0.057950530035335686,0.19980925404023786,-0.0,1.9703685101772006,-16.680185467916697,-31.01541229480025,12.650724274524627,0.44707839432731844,0.5367549582072559
50,1105031,H,2202,0,n50_i1105031_H_a2202,GW-REFERENCE,-0.1411065005472396,-0.06596957168087789,-15.272202717280713,-0.13128543025433334,0.10437710437710437,0.006628502561012353,0.09774860181609202,-0.0,-5.532814576248302,-33.487386500367734,-41.27304341765343,9.136388705637843,0.5115086110836775,1.2725876378050291
50,1105031,H,2202,0,n50_i1105031_H_a2202,GW-LEGACY,-0.08688775462662413,-0.030391413387131853,-9.9902606848278,-0.07156030407152934,0.7773279352226721,0.00391684242241639,0.7734110928002557,0.09149130832570851,-4.019196576915696,-38.97548419343004,-50.84647990748978,7.447231078357075,0.22354763055736654,0.8291593786440115
50,1105031,H,2202,0,n50_i1105031_H_a2202,GW-W,-0.12412181576088888,-0.015414808348493597,-13.68549872117326,-0.07379705161893917,0.9745583038869258,0.0,0.9745583038869258,0.09149130832570851,-6.109953690598857,-26.758699417085563,-28.747098841028162,-4.6191386958923335,-0.22353076376995187,0.2924044204367555
50,1105031,H,2202,0,n50_i1105031_H_a2202,REFERENCE-LEGACY,0.054218745920615485,0.03557815829374604,6.234013159610607,0.059725126182803984,0.9932523616734144,0.5269360269360269,0.46631633473738743,0.09149130832570851,1.4342628929308154,-8.25121342298879,-16.301604998741137,-1.5477492404817883,-0.287960980526311,-0.4434282591610177
50,1105031,T,1101,0,n50_i1105031_T_a1101,W-REFERENCE,0.08847676141921501,0.061772261776414816,15.120867179016573,0.05367631805922163,0.9090909090909091,0.0,0.9090909090909091,-0.09149130832570851,-1.0385490566404698,6.280967536254312,-0.7309273265499461,19.92423202187281,0.47162675888720046,0.9207088586233214
50,1105031,T,1101,0,n50_i1105031_T_a1101,W-LEGACY,-0.1511868620743183,-0.10776127536888601,-18.3302610290613,0.01938579444705385,0.018565400843881856,0.8262150220913107,-0.8076496212474289,-0.0,-3.0370075729612367,11.586977495057571,7.017003649888154,22.588897337800073,0.40859124924195556,0.6501859788778028
50,1105031,T,1101,0,n50_i1105031_T_a1101,GW-REFERENCE,0.016450078461896722,-0.0030296666207682565,2.8113534844271593,-0.0006179434016574392,0.8755980861244019,0.0136986301369863,0.8618994559874156,0.09149130832570851,1.9035744153029222,5.034496238487107,4.896492578695022,24.7387366464052,0.5681551731608194,1.6547704647042691
50,1105031,T,1101,0,n50_i1105031_T_a1101,GW-LEGACY,-0.2232135450316366,-0.1725632037660691,-27.062950374886107,-0.03490846701382522,0.018565400843881856,0.9912826899128269,-0.9727172890689451,0.1828153564899404,-0.03669134425845488,10.278276907581873,13.083642536705531,27.51037820283091,0.5051196635155745,1.3842475849587506
50,1105031,T,1101,0,n50_i1105031_T_a1101,GW-W,-0.07202668295731829,-0.06480192839718307,-10.692686735453194,-0.05429426146087907,0.6936671575846833,0.052303860523038606,0.6413632970616447,0.1828153564899404,2.911882147371392,-1.1728076311894764,5.668855116393212,4.014622018721181,0.09652841427361894,0.7340616060809477
50,1105031,T,1101,0,n50_i1105031_T_a1101,REFERENCE-LEGACY,-0.23966362349353332,-0.16953353714530084,-29.057397696683708,-0.03429052361216778,0.018565400843881856,0.937799043062201,-0.9192336422183192,0.0914076782449702,-1.977916879230368,4.992436634520958,7.804979705940496,2.2219573734199694,-0.06303550964524493,-0.2705228797455186
50,1105031,T,2202,0,n50_i1105031_T_a2202,W-REFERENCE,-0.029478493703957387,-0.0004994750897970301,-3.893662652006946,0.08988182097532765,0.011372867587327376,0.956989247311828,-0.9456163797245006,-0.0,2.1858722942838194,-6.5449618063625365,-2.7260902044683233,13.380749229008405,0.6430936583825498,2.0241263010235007
50,1105031,T,2202,0,n50_i1105031_T_a2202,W-LEGACY,-0.21850052747198567,-0.1358363949266285,-23.094595391493698,-0.13884015642716213,0.010130246020260492,0.9910394265232975,-0.980909180503037,-0.0,-7.450894197113334,-4.8177403090486575,-34.0412288065514,17.656653424836357,0.16975398358134874,1.495688501182455
50,1105031,T,2202,0,n50_i1105031_T_a2202,GW-REFERENCE,0.05084744510047312,0.053673372978907175,6.716177560697667,0.08522242878612896,0.4354183590576767,0.8256880733944955,-0.3902697143368188,-0.0,3.023861722062904,4.640378877947038,3.1106401650924376,6.5681708445284315,0.4571294513754572,2.004991260975593
50,1105031,T,2202,0,n50_i1105031_T_a2202,GW-LEGACY,-0.13817458866755516,-0.08166354685792428,-14.604478330480875,-0.14349954861636083,0.15340086830680175,0.8348623853211009,-0.6814615170142991,-0.0,-6.530345034588536,6.574326104104888,-30.083501973396032,10.587153713793551,-0.016210223425743887,1.4765534611345474
50,1105031,T,2202,0,n50_i1105031_T_a2202,GW-W,0.08032593880443051,0.054172848068704205,11.039688438325634,-0.004659392189198697,0.9480286738351255,0.06422018348623854,0.883808490348887,-0.0,0.8567161487144981,11.96868665457471,6.000304071080809,-6.008584729599731,-0.18596420700709265,-0.01913504004790756
50,1105031,T,2202,0,n50_i1105031_T_a2202,REFERENCE-LEGACY,-0.18902203376802829,-0.13533691983683147,-19.978841426410586,-0.22872197740248978,0.45875542691751087,0.07554833468724614,0.3832070922302647,-0.0,-9.852121280875025,1.848184464635394,-32.19274178236182,3.771278832521574,-0.4733396748012011,-0.5284377998410457
50,1105032,H,1101,1,n50_i1105032_H_a1101,W-REFERENCE,0.2037473203274296,0.10151475181804048,23.819791248809462,0.11744620848357586,0.37844036697247707,0.33874458874458874,0.039695778227888334,-0.0,5.796798998282304,1.3676737401052463,10.680577910406196,29.383358192793786,0.6353782459824996,1.2343743467536268
50,1105032,H,1101,1,n50_i1105032_H_a1101,W-LEGACY,0.008146331152816044,0.08124542446145323,0.775124351709211,0.07571038391826419,0.8771929824561403,0.14393939393939395,0.7332535885167464,0.08382229673092878,-2.3344765447887106,-25.34936241170159,-17.884739717815023,35.280043808430285,0.5448176844924383,1.2404252445792612
50,1105032,H,1101,1,n50_i1105032_H_a1101,GW-REFERENCE,0.20927239341769122,0.09978586475861759,24.465719192465095,0.09995326735476334,0.3119266055045872,0.14262384322264562,0.16930276228194155,-0.0,6.079869862317322,-1.6307550959685946,14.807016205630763,30.859007659785355,0.33325830239647314,0.9352438026148799
50,1105032,H,1101,1,n50_i1105032_H_a1101,GW-LEGACY,0.013671404243077667,0.07951653740203034,1.3008356954905986,0.05821744278945167,0.868421052631579,0.027762656505171474,0.8406583961264075,0.08382229673092878,-2.0269720397605218,-27.557508422331544,-14.823285205669023,36.822946445437466,0.2426977409064118,0.9412947004405143
50,1105032,H,1101,1,n50_i1105032_H_a1101,GW-W,0.005525073090261623,-0.0017288870594228973,0.5216677698621552,-0.017492941128812518,0.11688311688311688,0.6673924877517692,-0.5505093708686523,-0.0,0.3004896447519334,-2.9579734104991595,3.7282406481151886,1.1405249389127015,-0.3021199435860265,-0.29913054413874685
50,1105032,H,1101,1,n50_i1105032_H_a1101,REFERENCE-LEGACY,-0.19560098917461355,-0.02026932735658725,-18.611456750716993,-0.04173582456531166,0.43859649122807015,0.0045871559633027525,0.43400933526476737,0.08382229673092878,-8.631634017322565,-26.356564342500523,-25.80878973304992,4.557530193991299,-0.09056056149006134,0.006050897825634394
50,1105032,H,2202,1,n50_i1105032_H_a2202,W-REFERENCE,0.11932733929582118,0.005414285560422158,12.92730994972704,-0.0015327673288615673,0.5212765957446809,0.0860655737704918,0.4352110219741891,-0.0,5.280724758612476,24.40915648116462,9.25734783061285,22.731903656271648,0.5772262516503307,0.5470048855081999
50,1105032,H,2202,1,n50_i1105032_H_a2202,W-LEGACY,0.0694041674583662,-0.015080663178582102,7.133102289154469,-0.016794157967776793,0.17966101694915254,0.8032786885245902,-0.6236176715754376,-0.0838926174496546,4.374912540930853,23.885750757043446,-30.78436101541803,22.594841570595015,0.7856340442379616,1.042480927486058
50,1105032,H,2202,1,n50_i1105032_H_a2202,GW-REFERENCE,0.0849254745565109,-0.009473493108737435,9.200388936000703,-0.0033291827807372804,0.48936170212765956,0.44282238442822386,0.0465393176994357,-0.08382229673093988,5.45758981168587,16.882188971878453,17.95162462358777,18.097847875618122,0.24305762410924467,0.14412336892052213
50,1105032,H,2202,1,n50_i1105032_H_a2202,GW-LEGACY,0.03500230271905591,-0.029968441847741695,3.5974065361528806,-0.018590573419652506,0.1864406779661017,0.805352798053528,-0.6189121200874264,-0.1677852348993314,4.553468976519004,16.390450192466698,-25.276448406487116,17.96596091826197,0.45146541669687545,0.6395994108983802
50,1105032,H,2202,1,n50_i1105032_H_a2202,GW-W,-0.034401864739310284,-0.014887778669159593,-3.3002831780775566,-0.001796415451875713,0.75,0.7177615571776156,0.03223844282238442,-0.08382229673093988,0.1867255134951784,-6.050171645063552,7.957612888841226,-3.7757548303266386,-0.33416862754108606,-0.4028815165876778
50,1105032,H,2202,1,n50_i1105032_H_a2202,REFERENCE-LEGACY,-0.04992317183745498,-0.02049494873900426,-5.130917988883321,-0.015261390638915226,0.006779661016949152,0.9521276595744681,-0.9453479985575189,-0.0838926174496546,-0.9563124457753869,-0.4207131845640366,-36.64898484274901,-0.1116760040327236,0.2084077925876308,0.4954760419778581
50,1105032,T,1101,1,n50_i1105032_T_a1101,W-REFERENCE,-0.16525570179532934,-0.0521410226147698,-16.006361311629746,-0.030433319992486454,0.16666666666666666,0.8930957683741648,-0.7264291017074982,-0.0,-6.446555403193921,-22.115899513645964,-0.4810562659266937,32.18553175315051,0.20969704967574512,0.8812765745709144
50,1105032,T,1101,1,n50_i1105032_T_a1101,W-LEGACY,-0.23494845252149976,-0.10628379614185643,-21.31766356713899,-0.10359944716809748,0.009389671361502348,0.9933184855233853,-0.9839288141618829,0.33444816053511683,-8.307770160367255,-13.326235236155515,23.17563695734104,22.846389437948456,0.0062792141203414295,0.1305294726694992
50,1105032,T,1101,1,n50_i1105032_T_a1101,GW-REFERENCE,-0.20617872537735693,-0.0907282815383633,-19.97008960845752,-0.07729653606760195,0.0,1.0,-1.0,-0.0,-7.516560447706411,-14.422067525276173,4.362430231299808,22.35903387710698,0.21417407489095017,0.7339580838943707
50,1105032,T,1101,1,n50_i1105032_T_a1101,GW-LEGACY,-0.27587147610352736,-0.14487105506544992,-25.03074717977496,-0.15046266324321297,0.0,0.9788135593220338,-0.9788135593220338,0.33444816053511683,-9.39648421027266,-4.764110492744711,29.170470825195814,13.714151069032976,0.01075623933554648,-0.016789018007044465
50,1105032,T,1101,1,n50_i1105032_T_a1101,GW-W,-0.040923023582027596,-0.038587258923593507,-4.719081538464875,-0.046863216075115496,0.0779510022271715,0.8983050847457628,-0.8203540825185913,-0.0,-1.0052040110265281,9.878565638333093,4.866899019918147,-7.4338679473590075,0.004477025215205051,-0.14731849067654368
50,1105032,T,1101,1,n50_i1105032_T_a1101,REFERENCE-LEGACY,-0.06969275072617043,-0.05414277352708663,-6.323457750431571,-0.07316612717561102,0.19718309859154928,0.9494949494949495,-0.7523118509034002,0.33444816053511683,-1.7484969336241107,11.285569484147139,23.77104532628611,-7.065177399779577,-0.2034178355554037,-0.7507471019014151
50,1105032,T,2202,1,n50_i1105032_T_a2202,W-REFERENCE,0.12784130068223898,0.09787710519549173,15.688761202978085,0.09258048382224845,1.0,0.0,1.0,0.08382229673092878,1.3950385629561635,16.10380354096792,21.448097761990038,13.243184856197288,0.9229293175291533,1.2596117563204898
50,1105032,T,2202,1,n50_i1105032_T_a2202,W-LEGACY,0.03788964525400318,0.044853921939556854,4.187576728220899,0.045033679856173986,0.9929435483870968,0.007228915662650603,0.9857146327244461,-0.0,-0.4471524684489303,-5.972171914152358,21.361414393856947,25.506954381229008,0.9011475194147338,1.4914389799635703
50,1105032,T,2202,1,n50_i1105032_T_a2202,GW-REFERENCE,0.07419048778982995,0.07388731635060261,9.104701221401236,0.06563135090048063,0.8745247148288974,0.0273224043715847,0.8472023104573126,0.08382229673092878,0.4540259366253685,19.381285320008534,8.467356969738438,1.4714620294516534,0.5770698258150955,0.88788717307864
50,1105032,T,2202,1,n50_i1105032_T_a2202,GW-LEGACY,-0.01576116763840585,0.02086413309466774,-1.7419297111313847,0.018084546934406157,0.967741935483871,0.04918032786885246,0.9185616076150185,-0.0,-1.4057455998111479,-3.3178704711734675,8.389938582724632,12.46040255843306,0.5552880277006761,1.1197143967217205
50,1105032,T,2202,1,n50_i1105032_T_a2202,GW-W,-0.05365081289240903,-0.023989788844889115,-5.691183752953322,-0.02694913292176783,0.006024096385542169,0.9180327868852459,-0.9120086904997038,-0.0,-0.954325839812431,2.822889241422777,-10.688303095278462,-10.395082796102962,-0.3458594917140578,-0.37172458324184987
50,1105032,T,2202,1,n50_i1105032_T_a2202,REFERENCE-LEGACY,-0.0899516554282358,-0.05302318325593487,-9.941488140389154,-0.04754680396607447,0.0,1.0,-1.0,-0.0838926174496546,-1.8682538936758197,-19.013998492590854,-0.07137482573251752,10.829587264438878,-0.021781798114419403,0.2318272236430805
